./complex_md-fit_1000.pdb BC A 8.96173 30.056 -0.684073 -8.74761 -9.90704 -26.5846 -0.971987 47.9526 -26.1574 10.0186 9.02864 4.3357 0 0 0 0.348955 2.94172 0 0 0 0 0 0 2.384 303 54 1 1 0
./complex_md-fit_1001.pdb BC A 6.5575 34.4728 -6.7234 -8.68059 -16.4481 -25.8241 -0.971195 47.1697 -25.5665 7.37018 10.3477 5.24147 0 0 0 0.622833 5.67589 -0.0114367 0 0 0 0 0.0265765 2.384 303 52 2 2 0
./complex_md-fit_100.pdb BC A 12.3355 32.9338 -3.97739 -8.25299 -14.7331 -22.01 -1.06143 41.0602 -21.0046 7.84797 10.8414 2.75765 0 0 0 0.5776 1.99921 0 0 0 0 0 0 2.384 303 49 3 3 0
./complex_md-fit_101.pdb BC A 6.56737 34.8658 -9.83943 -8.53492 -16.2801 -22.5342 -1.05049 40.3422 -21.5698 4.88921 11.3988 2.88225 0 0 0 0.561826 1.7262 0 0 0 0 0 0.0557613 2.384 303 45 0 0 0
./complex_md-fit_102.pdb BC A 7.85997 38.803 -9.4381 -7.16322 -16.3327 -22.3049 -1.10129 42.2871 -21.3557 4.50999 9.15596 2.53805 0 0 0 0.279729 1.76321 0.020487 0 0 0 0 0.02831 2.384 303 48 0 0 0
./complex_md-fit_103.pdb BC A 7.59677 38.6464 -7.37907 -6.79798 -16.6186 -22.622 -0.901345 41.1388 -21.672 8.27046 9.30211 2.1619 0 0 0 0.27917 1.91176 0.0219648 0 0 0 0 0.0583583 2.384 303 48 3 3 0
./complex_md-fit_104.pdb BC A 8.04793 38.8766 -3.88556 -8.29791 -14.5876 -22.1361 -0.91589 40.5482 -21.2654 8.68819 10.4795 3.24959 0 0 0 0.276318 1.6451 0.0202619 0 0 0 0 0.0553366 2.384 303 48 2 2 0
./complex_md-fit_105.pdb BC A 7.58626 27.2552 -10.797 -6.69471 -16.1639 -23.4361 -0.92722 42.2298 -23.0062 4.99642 9.82677 1.86457 0 0 0 0.51367 1.86023 0 0 0 0 0 0 2.384 303 47 0 0 0
./complex_md-fit_106.pdb BC A 8.1625 30.9399 -10.568 -9.03532 -15.0054 -22.7359 -0.933934 41.0211 -21.9942 4.01674 10.1366 3.66223 0 0 0 0.228177 1.81122 0.0203751 0 0 0 0 0.0514506 2.384 303 47 0 0 0
./complex_md-fit_107.pdb BC A 8.20269 26.077 -10.3807 -7.72924 -15.9813 -23.7726 -0.882433 43.1048 -23.1811 5.44244 9.42861 2.58817 0 0 0 0.530337 3.15903 0.022345 0 0 0 0 0.0492622 2.384 303 47 0 0 0
./complex_md-fit_108.pdb BC A 7.70756 34.1502 -9.51689 -8.39043 -14.9194 -23.2185 -0.799041 41.6497 -22.4969 5.64595 9.43346 3.04196 0 0 0 0.468979 1.9325 0.0102337 0 0 0 0 0.0570449 2.384 303 49 0 0 0
./complex_md-fit_109.pdb BC A 6.04045 36.3256 -4.14493 -6.15475 -14.3813 -22.5813 -1.15287 42.9168 -21.5228 5.99431 10.0238 2.00693 0 0 0 0.631175 1.88842 0.0230858 0 0 0 0 0.0519708 2.384 303 51 1 1 0
./complex_md-fit_10.pdb BC A 7.49608 32.2645 -4.50959 -4.87152 -13.3127 -23.7986 -1.17474 43.1667 -23.4777 8.11123 7.77559 2.7447 0 0 0 0.321155 2.50413 0 0 0 0 0 0.006258 2.384 303 51 1 1 0
./complex_md-fit_110.pdb BC A 9.53174 39.7686 -2.80781 -4.724 -15.5764 -20.6887 -0.980449 39.8293 -19.6681 6.34393 9.36304 2.56708 0 0 0 0.703126 1.85363 -1.11022e-16 0 0 0 0 0.0233356 2.384 303 49 1 1 0
./complex_md-fit_111.pdb BC A 8.35746 29.1515 -8.12797 -7.52891 -15.9021 -20.8024 -0.974869 38.7497 -19.6602 6.14006 9.06223 2.53115 0 0 0 0.191295 1.76347 0.0236078 0 0 0 0 0.0424095 2.384 303 47 2 2 0
./complex_md-fit_112.pdb BC A 7.64072 37.3871 -11.9179 -9.20298 -14.032 -21.1884 -0.902853 37.6679 -20.7127 4.05911 9.11243 3.0967 0 0 0 0.139469 1.24216 -0.0106736 0 0 0 0 0.0561175 2.384 303 47 0 0 0
./complex_md-fit_113.pdb BC A 8.78093 33.3127 -9.26159 -7.74659 -18.0682 -22.7085 -0.92234 42.9138 -21.8615 6.74234 10.1676 1.89263 0 0 0 0.272501 2.67116 0 0 0 0 0 0.056657 2.384 303 50 0 0 0
./complex_md-fit_114.pdb BC A 7.61238 33.016 -8.25278 -7.05513 -15.6717 -21.8005 -0.908173 40.6723 -20.7876 4.9028 8.92185 3.00311 0 0 0 0.422076 2.66205 0 0 0 0 0 0.0482129 2.384 303 47 1 1 0
./complex_md-fit_115.pdb BC A 9.13927 35.0447 -8.94648 -5.55726 -16.1638 -22.0783 -1.02474 41.0417 -21.1325 4.92595 7.81253 2.90345 0 0 0 0.263715 2.97433 0.0161316 0 0 0 0 0.0467363 2.384 303 51 0 0 0
./complex_md-fit_116.pdb BC A 9.12424 33.2043 -6.18382 -7.87884 -15.5093 -22.2899 -1.07549 40.2562 -21.5922 8.6776 9.52165 3.28609 0 0 0 0.343558 2.04653 0.023801 0 0 0 0 0.0530114 2.384 303 46 3 3 0
./complex_md-fit_117.pdb BC A 7.31356 36.1907 -10.7912 -6.60851 -18.5281 -22.1304 -1.03942 41.6006 -20.7881 4.39264 9.60993 2.19462 0 0 0 0.45612 2.41691 0 0 0 0 0 0.0492815 2.384 303 49 0 0 0
./complex_md-fit_118.pdb BC A 9.6013 38.3461 -4.61253 -5.78714 -14.494 -21.6568 -1.01449 41.0569 -20.6172 6.10104 8.21562 3.01493 0 0 0 0.51257 3.3429 0 0 0 0 0 0.0559886 2.384 303 47 1 1 0
./complex_md-fit_119.pdb BC A 8.26303 43.7419 -10.8723 -7.78158 -16.0755 -22.4379 -0.777171 41.0367 -21.4062 4.77504 9.45102 2.18654 0 0 0 0.096354 1.91683 0.0220261 0 0 0 0 0.0383648 2.384 303 47 0 0 0
./complex_md-fit_11.pdb BC A 10.0082 33.4349 -3.57775 -3.62789 -14.4972 -22.3605 -1.29902 40.9504 -21.5745 6.74611 8.46644 3.30258 0 0 0 0.345544 2.1699 -0.0297261 0 0 0 0 0 2.384 303 49 2 2 0
./complex_md-fit_120.pdb BC A 8.9416 37.0449 -14.3491 -9.66875 -17.8276 -22.5235 -1.02806 40.0217 -21.5388 3.48279 10.9139 3.29918 0 0 0 0.431921 1.84748 0.0380653 0 0 0 0 0.0501373 2.384 303 48 0 0 0
./complex_md-fit_121.pdb BC A 8.96376 29.6006 -3.43585 -6.35756 -12.489 -22.0913 -1.04367 41.0217 -21.1814 5.65251 8.91349 3.75339 0 0 0 0.317126 2.01959 0.020575 0 0 0 0 0.0482183 2.384 303 49 1 1 0
./complex_md-fit_122.pdb BC A 8.06747 41.1098 -11.7062 -8.42724 -17.117 -22.9653 -0.949406 41.0594 -22.3313 5.76951 9.7694 2.92293 0 0 0 0.471773 1.73237 0.039571 0 0 0 0 0.0514906 2.384 303 46 0 0 0
./complex_md-fit_123.pdb BC A 9.38067 33.4707 -14.513 -8.3793 -18.0146 -24.3835 -1.13438 43.2781 -23.8757 5.22992 9.26137 2.89644 0 0 0 0.531897 2.24428 0.0204943 0 0 0 0 0.0562 2.384 303 48 0 0 0
./complex_md-fit_124.pdb BC A 5.92152 36.6806 -11.4824 -7.02627 -16.8934 -22.4816 -0.992422 40.4263 -21.781 4.70593 8.79168 3.13122 0 0 0 0.568091 2.05048 0.0223007 0 0 0 0 0.046755 2.384 303 48 0 0 0
./complex_md-fit_125.pdb BC A 9.8147 27.9255 -9.90681 -7.26511 -17.8505 -22.7979 -0.968317 41.0084 -22.2645 5.8334 10.327 3.89115 0 0 0 0.129801 1.6575 2.77556e-17 0 0 0 0 0.0497189 2.384 303 47 1 1 0
./complex_md-fit_126.pdb BC A 8.98652 36.0081 -11.0951 -7.08382 -19.0625 -22.3643 -1.03801 41.6007 -21.4108 5.16162 11.1239 1.68299 0 0 0 0.295015 1.76383 0 0 0 0 0 0 2.384 303 50 0 0 0
./complex_md-fit_127.pdb BC A 6.1496 36.2735 -9.90684 -4.83843 -14.1185 -22.7701 -0.93445 40.4886 -22.3253 4.81661 6.5511 2.72686 0 0 0 0.496778 3.12378 0 0 0 0 0 0 2.384 303 49 0 0 0
./complex_md-fit_128.pdb BC A 5.86148 32.7734 -10.6558 -7.70147 -14.6235 -21.4437 -0.857128 38.3444 -20.7373 3.32786 9.18722 3.53323 0 0 0 0.314567 1.79308 0 0 0 0 0 0 2.384 303 48 1 1 0
./complex_md-fit_129.pdb BC A 7.9686 33.5047 -9.13093 -7.40048 -14.8142 -22.5845 -0.985425 41.0014 -22.2195 5.02944 8.95564 3.1841 0 0 0 0.677263 1.79653 0.0253074 0 0 0 0 0 2.384 303 50 1 1 0
./complex_md-fit_12.pdb BC A 7.31935 34.906 -12.0293 -3.77217 -17.0869 -22.006 -1.10379 38.6692 -21.2368 2.20757 8.14086 3.69966 0 0 0 0.469052 2.03094 -0.00999963 0 0 0 0 0 2.384 303 49 0 0 0
./complex_md-fit_130.pdb BC A 7.9766 35.5116 -14.2047 -6.1627 -17.2435 -22.8891 -1.1742 40.4645 -22.3373 3.10376 8.5714 3.14771 0 0 0 0.314692 3.28268 0 0 0 0 0 0 2.384 303 47 0 0 0
./complex_md-fit_131.pdb BC A 7.91845 36.3032 -14.4546 -9.94168 -17.32 -21.6546 -1.18587 38.4304 -21.0416 4.73997 10.668 2.57983 0 0 0 0.258078 1.50439 1.11022e-16 0 0 0 0 0.0128129 2.384 303 46 2 2 0
./complex_md-fit_132.pdb BC A 7.24502 35.9424 -8.44979 -7.90763 -16.3557 -23.5326 -1.24193 43.3438 -22.6224 5.69636 10.974 2.79991 0 0 0 0.396306 3.31245 0 0 0 0 0 0 2.384 303 50 0 0 0
./complex_md-fit_133.pdb BC A 7.00945 34.1406 -13.3871 -5.58253 -17.0554 -22.5458 -1.20461 39.9149 -21.8124 4.6409 6.991 2.76473 0 0 0 0.468772 3.23201 0.0247107 0 0 0 0 0.00850416 2.384 303 47 0 0 0
./complex_md-fit_134.pdb BC A 9.52276 37.2487 -3.5436 -5.94399 -13.4058 -22.0515 -1.08052 40.4505 -21.1049 7.33189 9.52542 2.25418 0 0 0 0.48108 2.28528 0 0 0 0 0 0 2.384 303 47 2 2 0
./complex_md-fit_135.pdb BC A 8.86343 33.5943 -3.20014 -4.07338 -14.1839 -22.7301 -1.14963 41.8583 -21.831 6.42506 8.76037 3.35546 0 0 0 0.333888 2.06962 0.0206389 0 0 0 0 0.014138 2.384 303 48 0 0 0
./complex_md-fit_136.pdb BC A 6.22765 34.7248 -6.6318 -7.36892 -14.359 -23.8633 -0.957604 42.567 -23.6243 6.96709 10.0595 3.51941 0 0 0 0.391329 2.32506 0.0370729 0 0 0 0 0 2.384 303 48 2 2 0
./complex_md-fit_137.pdb BC A 7.70985 39.3859 -13.3044 -6.91322 -15.7208 -23.2684 -1.04764 39.9243 -22.6123 3.8122 8.75926 3.33414 0 0 0 0.42801 3.12762 0 0 0 0 0 0 2.384 303 48 1 1 0
./complex_md-fit_138.pdb BC A 9.5476 37.3415 -18.0511 -8.49545 -17.6615 -24.0863 -0.938787 40.2304 -23.9112 2.84944 9.29515 4.35816 0 0 0 0.308943 3.49825 0 0 0 0 0 0 2.384 303 48 0 0 0
./complex_md-fit_139.pdb BC A 6.46378 28.9352 -9.61663 -8.16306 -13.2867 -23.7378 -0.8574 42.2015 -23.1943 3.80896 9.29361 3.60708 0 0 0 0.663001 2.14558 0 0 0 0 0 0.0484139 2.384 303 50 0 0 0
./complex_md-fit_13.pdb BC A 9.26895 35.2364 -6.59709 -6.69318 -13.5337 -21.8839 -1.09129 39.4079 -20.7825 5.39523 7.9403 3.88777 0 0 0 0.756316 1.73056 0 0 0 0 0 0 2.384 303 49 0 0 0
./complex_md-fit_140.pdb BC A 7.29334 32.8548 -14.0391 -7.61761 -18.161 -23.4955 -0.834127 42.3025 -22.6982 4.30173 9.43679 2.12663 0 0 0 0.548449 4.30388 0 0 0 0 0 0.0512712 2.384 303 48 0 0 0
./complex_md-fit_141.pdb BC A 6.91875 31.0722 -11.4974 -7.65144 -17.8067 -22.8173 -1.06502 41.9736 -22.0383 5.1178 9.95499 2.70314 0 0 0 0.0859372 3.01876 0 0 0 0 0 0.0458724 2.384 303 50 0 0 0
./complex_md-fit_142.pdb BC A 7.51649 42.5639 -5.21988 -6.05795 -13.8178 -21.7508 -1.10556 40.3253 -20.7867 4.72609 9.6996 2.77307 0 0 0 0.727017 1.82181 0 0 0 0 0 0.0479567 2.384 303 49 0 0 0
./complex_md-fit_143.pdb BC A 7.14117 39.099 -6.74457 -6.05153 -15.5257 -22.8407 -1.28368 41.3573 -22.6668 8.01561 8.79718 2.97801 0 0 0 0.425806 1.73331 0 0 0 0 0 0.049867 2.384 303 46 4 4 0
./complex_md-fit_144.pdb BC A 8.12319 37.0759 -5.92571 -6.55535 -13.1436 -21.8928 -1.00042 39.8883 -21.1946 4.16296 10.0214 3.29009 0 0 0 0.435583 2.17937 0.0252115 0 0 0 0 0.0374992 2.384 303 45 1 1 0
./complex_md-fit_145.pdb BC A 8.24965 34.0968 -7.96912 -7.1545 -14.1016 -21.7847 -1.16693 40.3015 -20.9861 5.63704 8.3418 2.38891 0 0 0 0.508107 1.53518 0 0 0 0 0 0.0472683 2.384 303 50 1 1 0
./complex_md-fit_146.pdb BC A 7.66152 32.2583 -6.5243 -7.13918 -13.3844 -22.085 -1.08214 39.4002 -21.4805 8.34156 8.67707 1.95917 0 0 0 0.220607 2.78868 0 0 0 0 0 0.0482472 2.384 303 46 1 1 0
./complex_md-fit_147.pdb BC A 7.30183 36.9839 -9.6023 -7.3096 -13.158 -22.2292 -0.9697 39.1636 -21.7494 4.30637 8.91576 2.84869 0 0 0 0.501243 1.76354 0.0266172 0 0 0 0 0.0512838 2.384 303 46 0 0 0
./complex_md-fit_148.pdb BC A 7.5305 39.5547 -11.1457 -9.6484 -17.8963 -22.4438 -1.25274 39.5518 -21.7082 5.9898 11.483 4.50468 0 0 0 0.204314 1.63783 0.0244414 0 0 0 0 0.0456976 2.384 303 49 1 1 0
./complex_md-fit_149.pdb BC A 9.75205 37.0306 -4.50549 -6.63612 -13.5716 -22.7956 -1.1655 40.64 -22.4034 7.51566 9.30022 4.28605 0 0 0 0.276663 2.25868 0 0 0 0 0 0.0481321 2.384 303 51 2 2 0
./complex_md-fit_14.pdb BC A 7.17013 34.9801 -11.8357 -6.48179 -19.8124 -21.1503 -1.18906 38.8144 -19.9205 4.73558 9.22382 3.62824 0 0 0 0.316302 2.16007 0 0 0 0 0 0 2.384 303 49 1 1 0
./complex_md-fit_150.pdb BC A 9.96709 34.4565 -9.66643 -6.88086 -13.2185 -22.4129 -1.08407 39.8403 -21.9976 3.19143 9.6748 3.01825 0 0 0 0.186066 1.75972 0 0 0 0 0 0.0166294 2.384 303 47 0 0 0
./complex_md-fit_151.pdb BC A 9.53415 28.6411 -10.7299 -4.8089 -15.3505 -22.3999 -1.11809 40.1289 -21.8322 4.30474 8.68762 1.43143 0 0 0 0.172376 2.04057 0 0 0 0 0 0.0546083 2.384 303 49 0 0 0
./complex_md-fit_152.pdb BC A 8.19113 36.0338 -11.4314 -5.68345 -16.3944 -23.2268 -1.34753 42.2079 -22.3817 3.83819 8.44728 2.67822 0 0 0 0.379168 1.89909 0 0 0 0 0 0.0517214 2.384 303 48 0 0 0
./complex_md-fit_153.pdb BC A 7.49154 39.1903 -13.9724 -7.44793 -18.2389 -22.1171 -1.12901 38.1152 -21.43 4.11908 10.5738 3.13961 0 0 0 0.392316 2.74576 0 0 0 0 0 0.0505211 2.384 303 50 0 0 0
./complex_md-fit_154.pdb BC A 8.22794 32.0299 -4.39069 -6.90557 -16.1454 -22.8854 -1.40116 42.9486 -21.5394 9.33969 9.78101 2.10849 0 0 0 0.254083 3.14944 0 0 0 0 0 0.0544154 2.384 303 50 4 4 0
./complex_md-fit_155.pdb BC A 6.7438 31.6115 -7.47051 -6.01738 -13.7543 -21.0134 -1.34611 38.5286 -20.4814 7.47431 6.62021 2.31005 0 0 0 0.15511 3.05922 -1.11022e-16 0 0 0 0 0.0538374 2.384 303 46 2 2 0
./complex_md-fit_156.pdb BC A 10.531 25.6083 -6.60913 -6.15518 -13.0918 -22.7403 -1.04127 40.8348 -22.1165 5.96097 8.77902 2.85988 0 0 0 0.0529536 2.55005 0.0217213 0 0 0 0 0.0264388 2.384 303 48 1 1 0
./complex_md-fit_157.pdb BC A 7.8725 38.0523 -10.6124 -8.01217 -17.9195 -22.801 -1.10612 40.0498 -22.2136 9.02002 8.94929 3.02204 0 0 0 0.321284 1.93362 0.0268359 0 0 0 0 0.0506785 2.384 303 49 1 1 0
./complex_md-fit_158.pdb BC A 8.10501 30.3292 -9.26377 -8.35808 -16.7281 -21.7148 -1.05541 40.0237 -20.8467 5.80466 11.0785 2.12397 0 0 0 0.354748 2.79406 0 0 0 0 0 0.0537834 2.384 303 48 1 1 0
./complex_md-fit_159.pdb BC A 6.59752 30.1283 -8.68651 -8.59446 -15.5502 -23.3043 -1.01106 42.7386 -22.5101 4.81227 10.996 3.55555 0 0 0 0.132338 3.31072 0 0 0 0 0 0.0488573 2.384 303 47 1 1 0
./complex_md-fit_15.pdb BC A 6.86738 37.7981 -8.74054 -4.50978 -16.2759 -22.0354 -1.32103 38.4978 -21.6911 6.32293 7.63054 4.17733 0 0 0 0.46404 1.73234 0 0 0 0 0 0 2.384 303 48 2 2 0
./complex_md-fit_160.pdb BC A 7.71189 26.8708 -9.90136 -8.57281 -18.0783 -22.49 -1.11599 40.3019 -21.6354 6.12914 12.4578 2.6193 0 0 0 0.412088 1.75933 0.022106 0 0 0 0 0.0488076 2.384 303 48 2 2 0
./complex_md-fit_161.pdb BC A 8.56086 30.61 -7.19472 -7.62602 -14.7834 -22.3076 -1.04537 40.8402 -21.4128 5.81444 9.94657 2.7172 0 0 0 0.611644 1.63934 0 0 0 0 0 0.0504109 2.384 303 49 0 0 0
./complex_md-fit_162.pdb BC A 7.60349 32.6108 -12.0006 -7.99018 -16.66 -23.4298 -1.10689 41.328 -22.7224 4.69438 10.7145 2.50976 0 0 0 0.586126 3.37035 0.0187182 0 0 0 0 0.0571531 2.384 303 47 1 1 0
./complex_md-fit_163.pdb BC A 8.91784 34.3801 -11.6637 -9.46614 -16.3293 -23.987 -1.0113 43.1613 -23.2213 5.06261 10.8378 2.89124 0 0 0 0.342138 2.75084 0 0 0 0 0 0.0562405 2.384 303 49 0 0 0
./complex_md-fit_164.pdb BC A 8.56956 37.5195 -4.81418 -7.663 -14.0886 -23.641 -1.00077 42.1878 -23.0571 9.91956 9.36339 2.81596 0 0 0 0.292608 2.02276 0 0 0 0 0 0.0569249 2.384 303 47 3 3 0
./complex_md-fit_165.pdb BC A 9.8715 35.7579 -13.3862 -8.70136 -17.0143 -22.8439 -0.914214 40.4444 -22.4287 2.93577 11.2021 3.36905 0 0 0 0.512563 1.8946 0 0 0 0 0 0.0523703 2.384 303 47 0 0 0
./complex_md-fit_166.pdb BC A 7.8497 33.5462 -9.83996 -6.78923 -17.7274 -22.7872 -1.08207 41.1035 -22.2401 5.15651 10.5629 3.69756 0 0 0 0.211081 1.95806 0 0 0 0 0 0.0545017 2.384 303 48 0 0 0
./complex_md-fit_167.pdb BC A 9.62162 37.1333 -11.3788 -7.94001 -16.4535 -21.8565 -1.10246 39.2245 -20.947 5.17953 9.32859 2.92625 0 0 0 0.20804 1.88984 0 0 0 0 0 0.0537314 2.384 303 48 1 1 0
./complex_md-fit_168.pdb BC A 7.11118 30.5663 -0.821975 -7.39001 -10.1179 -22.1542 -0.959591 40.9164 -21.7881 7.43011 9.29408 3.34256 0 0 0 0.513722 2.00756 0.028188 0 0 0 0 0.0628193 2.384 303 49 1 1 0
./complex_md-fit_169.pdb BC A 9.66501 34.9934 -17.779 -8.8149 -19.1997 -22.0503 -1.20165 37.7253 -21.6845 4.38876 9.90451 2.99405 0 0 0 0.0975856 1.85156 0.0219178 0 0 0 0 0.0399747 2.384 303 48 1 1 0
./complex_md-fit_16.pdb BC A 6.62913 31.3258 -4.12234 -4.63842 -11.534 -21.7254 -0.891991 37.3995 -21.1345 8.81251 6.28535 2.99842 0 0 0 0.251762 2.99139 0.0544809 0 0 0 0 0 2.384 303 45 3 3 0
./complex_md-fit_170.pdb BC A 7.63594 31.7946 -8.0948 -6.91255 -13.3823 -21.6441 -1.08526 38.8893 -21.1247 5.44044 8.4699 2.98584 0 0 0 0.220401 1.82421 0 0 0 0 0 0.0481632 2.384 303 48 1 1 0
./complex_md-fit_171.pdb BC A 6.58343 40.0292 -1.7539 -7.01081 -11.0345 -22.177 -1.06084 41.1441 -21.3527 8.12444 8.02908 3.32332 0 0 0 0.209058 1.84269 -4.85723e-17 0 0 0 0 0.0519868 2.384 303 48 1 1 0
./complex_md-fit_172.pdb BC A 9.26385 36.3389 -9.01858 -7.43433 -13.7662 -22.3147 -1.23078 39.2247 -21.7205 4.59623 9.7873 3.59724 0 0 0 0.165346 1.73996 0.0223729 0 0 0 0 0.0547774 2.384 303 48 1 1 0
./complex_md-fit_173.pdb BC A 8.0229 33.5488 -8.56513 -6.53391 -14.3366 -22.0432 -1.11087 39.3401 -21.5706 5.2322 9.34184 2.83121 0 0 0 0.204083 1.61453 0.0221268 0 0 0 0 0.0584442 2.384 303 49 1 1 0
./complex_md-fit_174.pdb BC A 7.20073 34.8276 -8.43099 -5.60911 -15.7218 -20.7703 -1.12665 36.4992 -19.9852 5.03753 9.81819 2.92849 0 0 0 0.419027 1.84643 0.0252555 0 0 0 0 0.0544119 2.384 303 48 2 2 0
./complex_md-fit_175.pdb BC A 7.08262 32.0728 -11.9685 -5.33784 -16.2568 -21.9092 -1.02683 38.7495 -21.4869 4.99793 7.67241 2.08313 0 0 0 0.499818 3.17724 -0.010707 0 0 0 0 0.0569705 2.384 303 47 1 1 0
./complex_md-fit_176.pdb BC A 8.83831 36.3303 -3.34557 -8.02784 -11.7555 -21.4495 -1.09632 39.3839 -20.8795 7.98601 8.37983 3.53759 0 0 0 0.519233 1.94162 0 0 0 0 0 0.05655 2.384 303 46 2 2 0
./complex_md-fit_177.pdb BC A 7.8471 43.7457 -7.08654 -6.26218 -10.288 -21.5543 -0.992714 38.2275 -21.0489 4.3732 7.77121 2.28682 0 0 0 0.346479 1.86036 0 0 0 0 0 0.0544226 2.384 303 45 0 0 0
./complex_md-fit_178.pdb BC A 6.377 34.9907 -3.81641 -6.15324 -12.8345 -21.9778 -0.971204 38.6722 -21.6104 9.81862 8.02502 2.70375 0 0 0 0.428902 3.06455 0.0193899 0 0 0 0 0.0628374 2.384 303 47 3 3 0
./complex_md-fit_179.pdb BC A 7.39552 32.05 -7.30073 -6.82853 -12.1001 -21.8038 -1.03358 39.2608 -21.3383 5.34478 7.73432 2.89453 0 0 0 0.488323 1.78976 0.0250647 0 0 0 0 0.0557844 2.384 303 51 1 1 0
./complex_md-fit_17.pdb BC A 10.5402 35.9285 -6.67587 -4.98751 -11.4227 -21.6809 -1.01681 38.2884 -21.3576 3.84818 7.65656 3.54379 0 0 0 0.393501 2.2139 0.0593031 0 0 0 0 0 2.384 303 50 0 0 0
./complex_md-fit_180.pdb BC A 8.31541 30.6679 -7.71045 -7.32826 -16.7775 -21.2209 -1.19362 36.7896 -20.636 10.4551 9.50763 2.11223 0 0 0 0.534704 1.4048 0 0 0 0 0 0.0466155 2.384 303 46 2 2 0
./complex_md-fit_181.pdb BC A 7.30202 25.6553 -9.15196 -6.54291 -16.7098 -21.7165 -1.13547 39.5733 -21.19 4.86444 9.38483 3.87166 0 0 0 0.397096 1.86194 6.93889e-18 0 0 0 0 0.0514559 2.384 303 48 1 1 0
./complex_md-fit_182.pdb BC A 10.3242 27.3994 -7.80045 -8.11381 -16.3771 -21.6751 -0.948108 39.3303 -20.8461 6.7027 10.281 3.43503 0 0 0 0.370337 1.55452 -0.0101333 0 0 0 0 0.0506362 2.384 303 48 1 1 0
./complex_md-fit_183.pdb BC A 8.22123 30.7636 -8.49982 -6.57009 -14.6715 -22.1472 -1.09824 39.2515 -21.7279 5.83897 9.04994 3.29452 0 0 0 0.22982 2.47911 5.55112e-17 0 0 0 0 0.0503907 2.384 303 48 0 0 0
./complex_md-fit_184.pdb BC A 9.29739 35.4381 -4.86583 -5.97245 -12.1774 -22.0472 -1.12 40.1374 -21.5311 7.99462 6.63445 2.84004 0 0 0 0.324422 1.50763 -1.11022e-16 0 0 0 0 0.0514202 2.384 303 48 1 1 0
./complex_md-fit_185.pdb BC A 7.2811 36.9324 -2.63177 -7.32217 -13.825 -20.9108 -1.26138 39.344 -20.2318 7.46238 9.75248 4.057 0 0 0 0.250725 1.37063 0 0 0 0 0 0.0528484 2.384 303 47 3 3 0
./complex_md-fit_186.pdb BC A 6.53244 29.3406 -3.93024 -4.76165 -13.1947 -22.5592 -1.22028 41.4434 -21.9839 5.74075 8.84627 3.45509 0 0 0 0.237165 3.06528 0.0232207 0 0 0 0 0.0436499 2.384 303 48 2 2 0
./complex_md-fit_187.pdb BC A 8.21053 36.5065 -11.7519 -5.548 -16.4263 -21.6523 -1.00967 38.4559 -20.9144 3.2161 8.12578 3.29457 0 0 0 0.649438 2.57291 0 0 0 0 0 0.0569935 2.384 303 47 0 0 0
./complex_md-fit_188.pdb BC A 8.18345 35.79 -8.32382 -5.94442 -16.3527 -21.3382 -1.12929 38.2639 -20.8355 5.56831 9.53542 3.30904 0 0 0 0.547058 2.59357 0 0 0 0 0 0.0526016 2.384 303 48 1 1 0
./complex_md-fit_189.pdb BC A 8.12617 37.3119 -8.23594 -5.40648 -13.9328 -20.9504 -0.965268 38.0528 -20.478 2.95044 8.90489 3.27457 0 0 0 0.247661 1.66823 0.0226975 0 0 0 0 0.0439874 2.384 303 49 0 0 0
./complex_md-fit_18.pdb BC A 6.40723 29.9975 -11.2869 -6.18089 -13.4304 -24.7488 -1.10542 41.9733 -24.6007 5.74784 7.7676 2.48 0 0 0 0.803119 2.54732 0.00736825 0 0 0 0 0 2.384 303 51 2 2 0
./complex_md-fit_190.pdb BC A 5.78013 35.7452 -8.26421 -6.42999 -13.6177 -22.2578 -0.90791 39.4699 -21.5179 5.18573 8.04946 2.83781 0 0 0 0.863507 1.91081 0 0 0 0 0 0.0607339 2.384 303 48 0 0 0
./complex_md-fit_191.pdb BC A 6.72746 30.8432 -7.45486 -3.72845 -12.9133 -20.4203 -0.964979 36.2249 -20.0643 3.88509 6.43702 3.44166 0 0 0 0.579502 1.72272 0.0202195 0 0 0 0 0.0480606 2.384 303 49 0 0 0
./complex_md-fit_192.pdb BC A 7.14261 28.738 -6.99987 -4.75549 -11.9463 -21.2734 -0.897994 39.817 -20.7547 4.25481 6.51314 1.94992 0 0 0 0.036841 1.57431 0 0 0 0 0 0.0563415 2.384 303 50 0 0 0
./complex_md-fit_193.pdb BC A 10.7137 30.5479 -10.249 -6.29074 -16.5108 -21.3723 -0.973489 38.4847 -20.8104 4.98669 8.43345 3.45806 0 0 0 0.288382 2.86334 1.11022e-16 0 0 0 0 0.0573905 2.384 303 46 0 0 0
./complex_md-fit_194.pdb BC A 9.24684 30.3395 -9.76332 -5.48635 -15.408 -22.0195 -1.03705 40.0733 -21.5331 3.04622 9.09117 3.12358 0 0 0 0.326689 2.02223 0.0235287 0 0 0 0 0.0362092 2.384 303 46 0 0 0
./complex_md-fit_195.pdb BC A 6.87769 33.828 -9.42553 -8.04496 -15.203 -21.2731 -1.06522 37.6867 -20.4218 6.77373 8.89114 2.42376 0 0 0 0.730397 1.50783 0.0204728 0 0 0 0 0.0563351 2.384 303 46 3 3 0
./complex_md-fit_196.pdb BC A 7.63377 31.5687 -7.52354 -4.25523 -14.8848 -21.6556 -0.988117 40.0198 -21.3356 4.69151 8.53001 2.10102 0 0 0 0.196808 2.97429 0 0 0 0 0 0.0566412 2.384 303 46 0 0 0
./complex_md-fit_197.pdb BC A 9.81181 35.247 -11.5548 -6.00461 -16.0754 -20.9299 -1.15596 37.6082 -19.9578 3.86293 8.15542 2.47579 0 0 0 0.39532 1.50707 0.0227037 0 0 0 0 0.048636 2.384 303 46 0 0 0
./complex_md-fit_198.pdb BC A 9.69288 31.2381 -9.0169 -6.70092 -15.4792 -22.1122 -1.06684 40.3793 -21.7705 5.4966 9.48351 2.55569 0 0 0 0.147205 1.50635 0 0 0 0 0 0.0505473 2.384 303 50 0 0 0
./complex_md-fit_199.pdb BC A 8.17514 39.1627 -7.76228 -6.93052 -14.7154 -21.8851 -1.1341 38.987 -21.4606 5.63646 8.61561 4.68389 0 0 0 0.388824 3.16804 0 0 0 0 0 0.05161 2.384 303 46 0 0 0
./complex_md-fit_19.pdb BC A 10.0159 46.8327 -5.80438 -7.56915 -14.9394 -25.4374 -1.17463 44.8288 -24.821 8.61821 10.1383 3.98172 0 0 0 0.570128 2.52601 0 0 0 0 0 0 2.384 303 51 2 2 0
./complex_md-fit_1.pdb BC A 7.62932 30.1678 -12.7403 -7.87879 -13.2491 -25.9201 -1.05199 46.2369 -25.9391 4.15802 8.34908 2.23572 0 0 0 0.312809 3.20322 0 0 0 0 0 0.00616178 2.384 303 53 0 0 0
./complex_md-fit_200.pdb BC A 7.58451 32.8659 -9.02738 -6.33275 -16.745 -22.4452 -1.03755 41.2677 -21.946 3.71359 10.0256 4.03117 0 0 0 0.384726 1.62839 0 0 0 0 0 0.056278 2.384 303 49 0 0 0
./complex_md-fit_201.pdb BC A 9.19042 37.2409 -2.60547 -6.84412 -12.9774 -21.4322 -1.229 40.1499 -20.3346 6.23271 9.44617 3.73447 0 0 0 0.579013 1.47799 0.0187987 0 0 0 0 0.0507593 2.384 303 46 0 0 0
./complex_md-fit_202.pdb BC A 7.08227 30.2812 -10.6071 -7.93824 -17.5164 -21.5675 -1.14959 39.257 -20.6131 6.30999 10.006 2.4774 0 0 0 0.0819448 1.28351 0 0 0 0 0 0.0454633 2.384 303 48 0 0 0
./complex_md-fit_203.pdb BC A 8.88472 22.9378 -9.32979 -6.23789 -14.8109 -21.7845 -1.04909 39.7912 -21.2763 5.4622 8.36443 1.90344 0 0 0 0.260487 2.34083 0 0 0 0 0 0.0471023 2.384 303 50 2 2 0
./complex_md-fit_204.pdb BC A 10.7195 32.5144 -6.0087 -5.38185 -14.0277 -21.4324 -1.18799 38.7113 -20.9876 5.5771 8.7331 3.3286 0 0 0 0.624301 2.86543 -0.0129878 0 0 0 0 0.0474872 2.384 303 47 1 1 0
./complex_md-fit_205.pdb BC A 8.3502 39.9592 -13.4138 -6.64673 -16.1193 -21.1756 -1.13145 37.2346 -20.6039 4.04818 8.20342 2.26225 0 0 0 0.469787 2.53315 0 0 0 0 0 0.0448266 2.384 303 46 0 0 0
./complex_md-fit_206.pdb BC A 9.4344 38.132 -6.64802 -6.00183 -13.7003 -22.4081 -0.997638 40.6428 -21.514 5.14861 8.83823 2.91059 0 0 0 0.351798 2.70555 0.0250171 0 0 0 0 0.0568048 2.384 303 47 1 1 0
./complex_md-fit_207.pdb BC A 7.26027 44.0474 -11.235 -7.42208 -16.0988 -20.9374 -1.24553 38.2297 -19.7195 3.76267 8.38313 3.45668 0 0 0 0.306057 1.87907 -5.55112e-17 0 0 0 0 0.0500869 2.384 303 48 0 0 0
./complex_md-fit_208.pdb BC A 8.96753 37.6322 -13.8488 -8.24184 -15.9659 -20.6029 -0.97411 37.0877 -19.9205 2.5754 9.42162 2.49502 0 0 0 0.227886 1.57747 0 0 0 0 0 0.048912 2.384 303 46 0 0 0
./complex_md-fit_209.pdb BC A 7.3175 29.5655 -9.65589 -6.73969 -14.5926 -22.3555 -1.1983 40.3846 -21.6023 3.86106 8.62112 3.5127 0 0 0 0.406149 1.85898 -0.011062 0 0 0 0 0.0578528 2.384 303 49 0 0 0
./complex_md-fit_20.pdb BC A 6.92602 31.143 -9.2582 -5.75094 -18.1869 -23.9658 -1.01562 43.2582 -22.8092 5.47044 10.3701 3.06913 0 0 0 0.33571 3.87271 -0.0332452 0 0 0 0 0 2.384 303 50 2 2 0
./complex_md-fit_210.pdb BC A 6.9716 26.4209 -5.44458 -5.68908 -13.2544 -22.8342 -0.893512 41.2676 -22.0227 5.19127 9.61042 3.01408 0 0 0 0.112742 2.46026 0 0 0 0 0 0.0532715 2.384 303 49 3 3 0
./complex_md-fit_211.pdb BC A 8.86108 37.474 -7.28111 -6.83143 -17.1328 -21.8188 -1.15228 41.9465 -20.4054 5.40193 9.78771 2.59941 0 0 0 0.26837 1.87748 0 0 0 0 0 0.0556966 2.384 303 48 0 0 0
./complex_md-fit_212.pdb BC A 8.00147 35.5343 -11.4224 -8.24227 -16.2402 -23.5088 -1.17896 42.9955 -22.6003 4.47422 9.14469 3.48869 0 0 0 0.174827 2.2156 0.0200982 0 0 0 0 0.0500793 2.384 303 51 0 0 0
./complex_md-fit_213.pdb BC A 7.57737 34.8504 -6.12774 -6.77748 -16.0727 -23.4164 -1.17561 43.8509 -22.8334 7.71893 8.81776 3.2927 0 0 0 0.417847 3.00915 0 0 0 0 0 0.0497154 2.384 303 49 2 2 0
./complex_md-fit_214.pdb BC A 6.9976 35.0445 -10.9586 -6.5162 -15.8266 -21.966 -1.20854 39.4424 -21.1609 5.03005 8.0823 2.89047 0 0 0 0.200015 1.9121 0.0146186 0 0 0 0 0.0598186 2.384 303 47 0 0 0
./complex_md-fit_215.pdb BC A 7.58235 28.7153 -11.4436 -7.01337 -16.54 -22.5158 -1.21629 40.4099 -21.7827 4.9104 8.096 3.79788 0 0 0 0.394562 2.0216 -0.0100657 0 0 0 0 0.0258795 2.384 303 49 0 0 0
./complex_md-fit_216.pdb BC A 7.65035 35.9942 -16.0987 -7.7825 -16.5969 -22.6753 -1.21301 39.4654 -21.9994 2.11591 8.64425 3.19695 0 0 0 0.725933 1.93441 0.0200639 0 0 0 0 0 2.384 303 46 0 0 0
./complex_md-fit_217.pdb BC A 8.69598 24.9908 -9.6159 -7.33998 -14.4844 -21.0335 -0.939282 37.9174 -20.3664 4.52903 7.58226 4.35937 0 0 0 0.120316 1.97749 0.0210981 0 0 0 0 0.0181536 2.384 303 46 1 1 0
./complex_md-fit_218.pdb BC A 7.91102 36.1637 -14.2325 -6.70325 -15.4998 -21.42 -0.975805 37.6495 -20.9109 2.4915 7.57109 3.20588 0 0 0 0.338035 2.12465 0.0212158 0 0 0 0 0 2.384 303 47 0 0 0
./complex_md-fit_219.pdb BC A 11.5296 40.1685 -12.479 -7.18431 -15.6594 -22.112 -0.995709 39.5232 -21.3733 3.26024 8.57334 3.29235 0 0 0 0.196491 1.83867 0 0 0 0 0 0 2.384 303 46 0 0 0
./complex_md-fit_21.pdb BC A 6.79944 38.2002 -8.3638 -6.95 -16.7233 -25.9024 -1.06563 48.4184 -24.6178 4.39962 10.3422 3.38289 0 0 0 0.381754 3.62772 -0.0294976 0 0 0 0 0 2.384 303 49 0 0 0
./complex_md-fit_220.pdb BC A 10.5596 35.3066 -5.7515 -6.62219 -16.2102 -22.0692 -1.26201 40.2153 -21.4397 8.10765 9.36281 3.64604 0 0 0 0.520099 2.557 0 0 0 0 0 0 2.384 303 47 2 2 0
./complex_md-fit_221.pdb BC A 8.19832 28.3396 -12.1037 -5.05938 -17.456 -21.5398 -1.07298 38.2227 -20.9064 4.45905 8.7015 2.15487 0 0 0 0.369908 3.17346 0.0228516 0 0 0 0 0 2.384 303 46 2 2 0
./complex_md-fit_222.pdb BC A 8.77735 36.5217 -14.6341 -8.05652 -15.8331 -21.7581 -1.21044 37.7019 -20.8628 3.86376 8.17812 3.07569 0 0 0 0.213485 1.95006 0.0229637 0 0 0 0 0.0309004 2.384 303 48 2 2 0
./complex_md-fit_223.pdb BC A 7.98795 34.7005 -13.7899 -7.07866 -19.1337 -22.4145 -1.1716 40.3806 -21.8749 4.15775 10.7821 2.17483 0 0 0 0.309897 1.59829 0.0645694 0 0 0 0 0.0137773 2.384 303 45 0 0 0
./complex_md-fit_224.pdb BC A 6.67775 37.7629 -6.87711 -5.88522 -15.1309 -22.2992 -1.11489 41.0044 -21.1819 6.06448 7.61676 3.58831 0 0 0 0.42428 1.53052 0.0284724 0 0 0 0 0.0082248 2.384 303 47 1 1 0
./complex_md-fit_225.pdb BC A 7.46441 35.6788 -9.88975 -5.47936 -16.0167 -21.81 -1.14821 39.877 -20.6537 4.95444 7.77151 2.27198 0 0 0 0.333087 2.53666 0.0101514 0 0 0 0 0 2.384 303 49 0 0 0
./complex_md-fit_226.pdb BC A 8.53857 36.6761 -4.90109 -5.38046 -11.3054 -22.2012 -0.915215 39.6679 -21.6537 4.64436 8.1228 3.69699 0 0 0 0.402922 1.8098 0.019821 0 0 0 0 0 2.384 303 47 0 0 0
./complex_md-fit_227.pdb BC A 8.10885 29.3997 -7.39909 -6.59995 -14.6186 -21.978 -1.17547 39.9764 -20.9246 6.1613 7.87793 3.73881 0 0 0 0.105381 2.04295 0.0377188 0 0 0 0 0 2.384 303 48 1 1 0
./complex_md-fit_228.pdb BC A 7.80205 33.395 -10.4356 -6.65961 -12.9175 -21.4185 -1.22314 38.8297 -20.6482 2.22053 8.25799 2.78122 0 0 0 0.305438 1.72767 0.0364463 0 0 0 0 0 2.384 303 48 0 0 0
./complex_md-fit_229.pdb BC A 7.94638 35.7914 -3.60293 -6.0714 -11.7884 -22.1698 -0.899908 40.8735 -21.295 4.76751 8.85688 3.79343 0 0 0 0.284413 1.73035 0.0408972 0 0 0 0 0.00496896 2.384 303 48 0 0 0
./complex_md-fit_22.pdb BC A 8.69817 31.6256 -10.3881 -6.33397 -15.5123 -24.352 -0.97403 44.6281 -23.2398 2.92076 8.90319 3.43552 0 0 0 0.154781 3.82256 -0.0183027 0 0 0 0 0 2.384 303 51 0 0 0
./complex_md-fit_230.pdb BC A 8.68892 35.6976 -8.0964 -6.57164 -14.308 -21.6912 -1.18021 38.9322 -20.7825 5.88746 7.61171 3.28955 0 0 0 0.67923 2.55211 0.0369914 0 0 0 0 0 2.384 303 45 1 1 0
./complex_md-fit_231.pdb BC A 8.04446 34.4217 -6.90368 -6.65345 -14.5111 -21.8042 -1.10254 40.7482 -20.8833 5.06694 9.05642 2.74884 0 0 0 0.430601 1.90711 0 0 0 0 0 0 2.384 303 45 1 1 0
./complex_md-fit_232.pdb BC A 6.97351 28.4672 -5.88578 -5.04115 -11.8279 -21.5061 -0.949711 39.7037 -20.7298 4.68146 7.44246 2.02997 0 0 0 0.311233 2.28582 0 0 0 0 0 3.00285e-05 2.384 303 47 0 0 0
./complex_md-fit_233.pdb BC A 8.04967 47.4595 -4.65325 -5.5322 -12.0275 -22.5211 -1.12958 41.5982 -21.5956 6.5009 6.9045 2.80425 0 0 0 0.348478 1.96968 -0.00971052 0 0 0 0 0.00621165 2.384 303 49 1 1 0
./complex_md-fit_234.pdb BC A 7.91946 33.6347 -6.9807 -5.59873 -13.5014 -22.0177 -1.08178 38.8141 -21.7976 6.73977 8.47431 2.83365 0 0 0 0.130619 3.03519 0.0240059 0 0 0 0 0 2.384 303 47 2 2 0
./complex_md-fit_235.pdb BC A 8.14926 31.0934 -8.86789 -7.63242 -14.6553 -22.4754 -1.27389 40.3676 -22.0014 6.71708 8.24358 3.5103 0 0 0 0.309871 1.94185 0.022088 0 0 0 0 0 2.384 303 50 2 2 0
./complex_md-fit_236.pdb BC A 6.74864 34.2955 -5.51002 -6.74635 -11.2089 -23.2312 -1.05609 42.3788 -22.832 4.63968 8.93948 3.17869 0 0 0 0.399449 2.14284 0.0283357 0 0 0 0 0 2.384 303 49 1 1 0
./complex_md-fit_237.pdb BC A 6.12764 35.8764 -5.11762 -4.76707 -14.1452 -24.2333 -1.32848 44.0397 -23.6835 6.00063 9.00911 3.82306 0 0 0 0.167441 3.30905 5.55112e-17 0 0 0 0 0 2.384 303 48 1 1 0
./complex_md-fit_238.pdb BC A 9.57443 34.4043 -12.4986 -9.16516 -16.6699 -22.8604 -1.1497 41.2433 -22.0809 3.86107 9.92845 3.97594 0 0 0 0.39296 2.15565 0.0256227 0 0 0 0 0 2.384 303 48 1 1 0
./complex_md-fit_239.pdb BC A 7.9554 34.1541 -6.9446 -4.86382 -14.5297 -23.1033 -1.10292 42.1669 -22.6918 5.62946 8.06066 2.54555 0 0 0 0.94556 3.34563 -0.0013121 0 0 0 0 0 2.384 303 49 1 1 0
./complex_md-fit_23.pdb BC A 7.48728 36.5829 -12.6223 -7.39052 -17.5718 -24.8694 -1.16157 44.9994 -23.8438 5.38181 8.87334 2.72037 0 0 0 0.239872 2.31529 2.77556e-17 0 0 0 0 0 2.384 303 48 0 0 0
./complex_md-fit_240.pdb BC A 7.74728 32.0142 -8.9929 -5.90578 -15.6946 -23.2358 -1.1886 41.3056 -22.8339 5.56823 9.12509 3.49908 0 0 0 0.367817 3.14018 0 0 0 0 0 0 2.384 303 49 2 2 0
./complex_md-fit_241.pdb BC A 9.16121 25.8532 -12.3485 -8.01846 -16.2072 -22.7613 -1.31996 40.2421 -22.076 4.0705 9.60467 3.6094 0 0 0 0.507741 1.57792 5.55112e-17 0 0 0 0 0 2.384 303 52 0 0 0
./complex_md-fit_242.pdb BC A 7.75977 30.9288 -10.4518 -8.29973 -15.0117 -23.8347 -1.01737 42.7906 -23.3955 4.73928 9.9468 3.27728 0 0 0 0.353217 3.15977 0 0 0 0 0 0 2.384 303 51 2 2 0
./complex_md-fit_243.pdb BC A 5.8093 29.5889 -8.4458 -7.38988 -14.379 -22.2294 -1.08735 40.2446 -21.604 4.79798 8.72658 4.02929 0 0 0 0.44538 2.48495 0 0 0 0 0 0 2.384 303 46 1 1 0
./complex_md-fit_244.pdb BC A 5.71778 34.0763 -0.734838 -6.1162 -10.84 -21.4538 -0.877504 40.1321 -20.3579 8.42729 6.41889 3.49754 0 0 0 0.404446 1.89827 0.0302554 0 0 0 0 0 2.384 303 46 3 3 0
./complex_md-fit_245.pdb BC A 11.4812 33.1814 -3.68625 -5.21329 -12.3462 -21.7911 -0.850512 39.8086 -21.039 7.04971 6.76372 3.58289 0 0 0 0.35055 1.78451 -0.00924531 0 0 0 0 0.00772386 2.384 303 48 1 1 0
./complex_md-fit_246.pdb BC A 10.4002 31.0903 -4.57916 -7.90079 -13.4426 -23.5343 -0.993993 41.8434 -23.0143 9.28638 8.92237 3.7774 0 0 0 0.458651 1.84505 0.0186451 0 0 0 0 0 2.384 303 48 4 4 0
./complex_md-fit_247.pdb BC A 8.09267 34.7863 -6.50396 -5.87415 -13.4579 -22.8919 -1.08689 41.2244 -22.1567 5.3493 8.84899 3.19237 0 0 0 0.348455 1.96363 0 0 0 0 0 0 2.384 303 48 0 0 0
./complex_md-fit_248.pdb BC A 9.69529 36.1171 -9.46056 -5.43427 -11.7245 -21.5274 -1.01543 36.6718 -21.1284 4.79785 7.06263 2.06108 0 0 0 0.776068 1.8079 0 0 0 0 0 0 2.384 303 48 1 1 0
./complex_md-fit_249.pdb BC A 6.69285 35.453 -15.1034 -7.84398 -16.1917 -21.9753 -1.12452 37.8214 -21.4137 3.38152 8.81143 2.95404 0 0 0 0.454151 1.87306 0.0221859 0 0 0 0 0.00105909 2.384 303 47 2 2 0
./complex_md-fit_24.pdb BC A 8.2192 33.916 -14.8536 -6.79047 -16.8441 -24.1221 -1.22696 42.0648 -23.2893 3.66053 9.51586 1.73846 0 0 0 0.43973 2.18323 0 0 0 0 0 0 2.384 303 52 0 0 0
./complex_md-fit_250.pdb BC A 7.58333 30.8625 -4.70594 -6.78891 -14.198 -24.3332 -1.13983 44.2766 -23.3693 9.51422 8.73216 2.45095 0 0 0 0.148183 2.42118 0 0 0 0 0 0.00111193 2.384 303 47 1 1 0
./complex_md-fit_251.pdb BC A 7.47979 31.4421 -5.34559 -6.85823 -15.3738 -23.4708 -1.07 43.4101 -22.4761 6.26821 10.0788 3.74226 0 0 0 0.384341 1.97823 0.0195014 0 0 0 0 0 2.384 303 49 1 1 0
./complex_md-fit_252.pdb BC A 7.37248 34.2532 -11.4832 -7.96396 -17.5252 -23.211 -1.24143 42.0109 -22.4183 5.62136 10.2735 2.60993 0 0 0 0.341676 2.13742 0.0193002 0 0 0 0 0 2.384 303 51 0 0 0
./complex_md-fit_253.pdb BC A 8.43355 31.8674 -4.19876 -6.86313 -15.1501 -23.9727 -1.21296 43.8567 -23.4151 8.35105 9.72078 4.10162 0 0 0 0.380004 2.59348 0 0 0 0 0 0.00512191 2.384 303 51 3 3 0
./complex_md-fit_254.pdb BC A 8.81096 27.5143 -3.94025 -5.32718 -16.2743 -23.4982 -1.19022 43.578 -22.865 8.35787 8.87284 3.8556 0 0 0 0.5024 3.15271 0.0479898 0 0 0 0 0 2.384 303 49 1 1 0
./complex_md-fit_255.pdb BC A 8.54729 27.16 -7.69995 -8.75877 -14.6916 -22.7854 -1.35664 41.6361 -22.1073 5.21775 10.3682 4.28694 0 0 0 0.442044 2.14567 0.0432054 0 0 0 0 0.0056008 2.384 303 48 1 1 0
./complex_md-fit_256.pdb BC A 10.8225 32.1071 -9.56162 -7.83802 -16.5535 -23.1861 -1.30805 40.068 -22.7974 7.43607 10.1111 3.78472 0 0 0 0.702301 2.7741 0.0192196 0 0 0 0 0 2.384 303 49 1 1 0
./complex_md-fit_257.pdb BC A 7.31345 24.5223 -8.70672 -7.10443 -15.6426 -23.5967 -1.10172 41.7735 -22.7517 6.86217 8.38662 4.04041 0 0 0 0.382696 2.07294 0.0450789 0 0 0 0 0 2.384 303 48 0 0 0
./complex_md-fit_258.pdb BC A 7.24712 36.6984 -13.8013 -8.23646 -14.0606 -22.8205 -1.14707 38.6688 -22.8987 4.76224 8.43819 3.35282 0 0 0 0.139973 2.34842 0 0 0 0 0 0 2.384 303 49 0 0 0
./complex_md-fit_259.pdb BC A 9.81394 27.9128 -13.0949 -6.05647 -18.1198 -23.4471 -1.11434 40.9554 -23.2229 5.31562 9.16078 3.22597 0 0 0 0.205876 2.26156 0 0 0 0 0 0.00201819 2.384 303 49 0 0 0
./complex_md-fit_25.pdb BC A 7.6799 44.6345 -14.8546 -6.40472 -16.9471 -23.0916 -0.989784 40.186 -22.2555 2.95703 9.44385 1.84221 0 0 0 0.415414 2.70637 -0.0102954 0 0 0 0 0 2.384 303 50 0 0 0
./complex_md-fit_260.pdb BC A 9.9669 29.5031 -14.7218 -8.95705 -18.27 -24.6639 -1.27133 43.83 -24.3881 5.53394 9.90138 3.11089 0 0 0 0.426632 2.63212 -1.11022e-16 0 0 0 0 0.0257884 2.384 303 49 0 0 0
./complex_md-fit_261.pdb BC A 9.68364 37.0442 -11.4728 -5.4615 -15.5447 -23.0608 -0.944013 38.711 -22.934 5.26872 9.29324 2.82371 0 0 0 0.375593 2.42403 0 0 0 0 0 0 2.384 303 49 0 0 0
./complex_md-fit_262.pdb BC A 8.44547 36.1422 -7.27231 -4.93779 -11.1081 -20.8001 -1.01324 35.1656 -20.7983 7.22349 6.83701 2.03544 0 0 0 0.123761 2.55112 0 0 0 0 0 0 2.384 303 46 1 1 0
./complex_md-fit_263.pdb BC A 10.1806 38.3832 -16.0456 -8.7837 -16.7737 -23.2304 -1.18856 40.0844 -23.0433 5.08576 9.20967 2.31701 0 0 0 0.277228 2.12598 0 0 0 0 0 0 2.384 303 52 0 0 0
./complex_md-fit_264.pdb BC A 9.50134 32.4182 -7.65562 -4.81749 -11.3045 -23.8522 -1.04139 40.1638 -24.2641 5.52585 7.3951 3.47125 0 0 0 1.06807 3.37879 0 0 0 0 0 0 2.384 303 50 1 1 0
./complex_md-fit_265.pdb BC A 8.58108 33.9773 -2.17681 -4.45757 -10.3808 -21.4784 -1.06771 36.3618 -21.0351 9.63369 6.89797 3.24298 0 0 0 0.116965 2.04684 -0.0107216 0 0 0 0 0 2.384 303 48 3 3 0
./complex_md-fit_266.pdb BC A 10.9695 37.8154 -9.02323 -7.11765 -13.3398 -21.1663 -1.14108 35.773 -20.373 7.4613 8.46316 2.2977 0 0 0 0.0802284 2.32593 0.0391709 0 0 0 0 0 2.384 303 47 2 2 0
./complex_md-fit_267.pdb BC A 7.16374 29.4199 -11.6542 -6.65696 -16.8628 -20.9648 -1.2776 37.7344 -20.034 4.4044 9.73344 1.69783 0 0 0 0.572024 1.86864 0 0 0 0 0 0 2.384 303 45 2 2 0
./complex_md-fit_268.pdb BC A 9.74092 39.5043 -12.0491 -6.64021 -13.3836 -21.5822 -1.1186 36.96 -21.0827 3.3036 8.05895 2.8615 0 0 0 0.545458 2.04406 0.022767 0 0 0 0 0.00589183 2.384 303 47 0 0 0
./complex_md-fit_269.pdb BC A 8.52939 35.375 -9.86515 -7.00251 -11.6075 -20.7953 -1.1837 37.9206 -20.1562 3.60556 6.68086 2.09727 0 0 0 0.53499 2.00078 0.0408435 0 0 0 0 0 2.384 303 50 0 0 0
./complex_md-fit_26.pdb BC A 8.97003 37.7185 -10.7065 -7.98804 -16.5788 -24.1291 -1.22301 44.2607 -23.358 5.12162 9.40917 3.22408 0 0 0 0.558761 2.22231 -0.0125467 0 0 0 0 0.00857236 2.384 303 49 0 0 0
./complex_md-fit_270.pdb BC A 9.72902 37.2232 -0.708477 -5.56721 -10.7178 -21.107 -1.34908 38.2989 -20.15 9.85128 6.84171 2.65654 0 0 0 0.534135 2.28757 -2.77556e-17 0 0 0 0 0 2.384 303 48 4 4 0
./complex_md-fit_271.pdb BC A 8.29714 28.5057 -13.781 -7.05862 -16.5222 -21.2378 -1.13969 36.3102 -20.5581 2.5524 9.70404 3.49274 0 0 0 0.668043 2.07684 0 0 0 0 0 0.008046 2.384 303 47 0 0 0
./complex_md-fit_272.pdb BC A 7.22183 25.7677 -6.65565 -8.21982 -13.3139 -21.6623 -1.0348 38.5051 -20.9394 6.71407 9.41748 3.63123 0 0 0 0.238997 2.30565 0 0 0 0 0 0.00763252 2.384 303 46 1 1 0
./complex_md-fit_273.pdb BC A 7.23621 39.8014 -7.48959 -6.7518 -12.9607 -21.9134 -1.1844 37.9159 -21.5198 7.72452 7.90817 3.02211 0 0 0 0.249759 2.07225 0.0194119 0 0 0 0 0.000637266 2.384 303 47 3 3 0
./complex_md-fit_274.pdb BC A 7.88271 37.3131 -9.68962 -6.72341 -14.3386 -23.1806 -1.11487 39.9498 -22.728 6.49184 8.7768 2.98748 0 0 0 0.164231 3.27178 0 0 0 0 0 0.0257773 2.384 303 49 2 2 0
./complex_md-fit_275.pdb BC A 8.07711 41.0754 -3.33622 -5.67839 -12.3848 -24.5273 -1.23096 45.4683 -23.4843 6.84865 8.46108 2.94498 0 0 0 0.1804 2.29381 0.0364437 0 0 0 0 0.0297336 2.384 303 51 2 2 0
./complex_md-fit_276.pdb BC A 9.09101 35.9159 -6.56481 -6.45998 -13.829 -23.5536 -1.23341 43.2048 -22.8353 6.39969 7.78746 3.68376 0 0 0 0.228388 2.28809 0.0247838 0 0 0 0 0.0176402 2.384 303 52 1 1 0
./complex_md-fit_277.pdb BC A 8.76758 26.3953 -17.348 -8.73083 -18.6026 -23.9281 -1.17248 41.3454 -23.2388 3.97138 8.37839 4.36461 0 0 0 0.238564 1.82983 0 0 0 0 0 0.0264973 2.384 303 52 0 0 0
./complex_md-fit_278.pdb BC A 7.31315 40.8729 -14.9042 -8.94211 -18.5967 -24.2997 -1.1145 42.6869 -24.0677 4.05117 10.3878 4.25818 0 0 0 0.678202 1.99923 0.0227341 0 0 0 0 0.0314514 2.384 303 53 0 0 0
./complex_md-fit_279.pdb BC A 6.9567 38.8116 -0.46527 -7.01412 -10.3959 -22.2575 -1.27004 40.0441 -22.0151 10.2227 8.54898 3.32797 0 0 0 0.298017 2.90489 0.026961 0 0 0 0 0.018631 2.384 303 53 2 2 0
./complex_md-fit_27.pdb BC A 8.12065 39.1397 -12.7864 -7.40896 -15.9496 -23.3636 -1.06643 39.8631 -22.3103 4.5991 8.99635 3.38627 0 0 0 0.46769 1.92391 1.11022e-16 0 0 0 0 0 2.384 303 50 0 0 0
./complex_md-fit_280.pdb BC A 8.59086 34.3404 -6.96721 -6.98562 -14.8161 -22.3426 -1.35068 40.5523 -22.2749 8.04762 8.59093 3.43687 0 0 0 0.116595 2.57173 0.0233446 0 0 0 0 0.0349736 2.384 303 53 2 2 0
./complex_md-fit_281.pdb BC A 9.14105 32.6171 -13.2056 -9.10939 -15.1025 -21.5785 -1.27991 37.3518 -21.1509 4.92789 8.09368 4.33662 0 0 0 0.253492 2.01559 0.0253874 0 0 0 0 0.0268679 2.384 303 51 0 0 0
./complex_md-fit_282.pdb BC A 7.68115 35.386 -11.1012 -6.22762 -12.4803 -23.4553 -1.24613 40.9761 -23.3434 3.38612 7.38007 3.0867 0 0 0 0.770039 2.93582 0.0215137 0 0 0 0 0.031103 2.384 303 52 0 0 0
./complex_md-fit_283.pdb BC A 7.08803 39.7858 -8.43172 -8.22773 -12.0359 -22.9104 -1.19364 37.9693 -22.4598 9.07172 6.94968 4.0367 0 0 0 0.319743 2.63051 0.0200591 0 0 0 0 0.0286277 2.384 303 51 3 3 0
./complex_md-fit_284.pdb BC A 9.11594 31.3994 -9.51819 -7.3274 -13.3402 -23.5931 -1.19867 42.0227 -22.7759 4.17809 8.14263 4.02797 0 0 0 0.277908 2.41116 0.0370442 0 0 0 0 0.0307888 2.384 303 51 0 0 0
./complex_md-fit_285.pdb BC A 9.52839 30.5738 -8.65061 -8.62969 -9.49056 -22.7427 -1.07017 38.8066 -22.5084 5.85136 7.5907 3.3674 0 0 0 0.13645 2.24574 0.0209027 0 0 0 0 0.0175293 2.384 303 51 2 2 0
./complex_md-fit_286.pdb BC A 9.25407 32.6379 -9.34816 -8.06877 -10.4701 -23.7436 -1.19007 40.0002 -23.45 5.45675 7.58938 3.52793 0 0 0 0.948781 2.40272 0.0213157 0 0 0 0 0.0300665 2.384 303 54 1 1 0
./complex_md-fit_287.pdb BC A 9.0792 27.7512 -11.8638 -8.55607 -15.0402 -22.6415 -1.24884 40.3939 -22.0104 6.08467 7.78204 3.06278 0 0 0 0.260809 2.72034 0.0228144 0 0 0 0 0.0261761 2.384 303 52 1 1 0
./complex_md-fit_288.pdb BC A 8.62726 37.3186 -12.7578 -8.25674 -16.9771 -22.9081 -1.31882 40.3789 -22.5405 5.51958 9.3073 3.96198 0 0 0 0.0672336 3.02276 -1.38778e-17 0 0 0 0 0.00849455 2.384 303 51 2 2 0
./complex_md-fit_289.pdb BC A 7.42122 30.7432 -8.11093 -7.63748 -13.5175 -24.449 -1.15027 44.1138 -24.0117 7.16079 8.21009 2.08562 0 0 0 1.04528 2.40013 0 0 0 0 0 0.0394058 2.384 303 50 1 1 0
./complex_md-fit_28.pdb BC A 7.00137 33.7245 -7.94444 -6.48522 -15.7039 -25.1344 -0.962891 44.3731 -24.5538 5.08075 10.2593 4.49206 0 0 0 0.692562 2.14691 -0.00205247 0 0 0 0 0 2.384 303 51 1 1 0
./complex_md-fit_290.pdb BC A 7.56835 37.4674 -12.0877 -6.91749 -12.065 -20.8774 -1.11486 34.7658 -20.8973 4.92057 6.98552 2.65415 0 0 0 0.430562 1.94265 0 0 0 0 0 0.0277624 2.384 303 50 1 1 0
./complex_md-fit_291.pdb BC A 6.32174 30.6106 -10.2084 -8.28272 -11.8353 -21.9393 -0.965985 37.6036 -21.8623 5.92735 6.56401 4.02204 0 0 0 0.531735 2.09756 0 0 0 0 0 0.0285902 2.384 303 52 1 1 0
./complex_md-fit_292.pdb BC A 8.98557 34.6283 -11.2164 -5.95221 -13.5548 -21.4769 -1.11375 37.2439 -21.4886 4.42427 8.53926 1.84877 0 0 0 0.242469 3.11963 0.0712266 0 0 0 0 0 2.384 303 54 1 1 0
./complex_md-fit_293.pdb BC A 9.92125 35.7435 -10.0654 -8.71104 -14.2575 -22.3731 -1.04542 38.193 -22.2673 9.08803 6.68641 4.33882 0 0 0 0.262977 2.03963 0 0 0 0 0 0.0197375 2.384 303 52 4 4 0
./complex_md-fit_294.pdb BC A 8.45146 31.0265 -4.47591 -7.07836 -11.015 -22.6618 -1.09094 41.3348 -22.145 6.11701 9.3766 2.46155 0 0 0 0.202798 2.67524 0.0223519 0 0 0 0 0 2.384 303 51 0 0 0
./complex_md-fit_295.pdb BC A 6.72002 34.3089 -8.92154 -7.54979 -12.2395 -22.6312 -1.16281 37.5187 -22.484 7.73899 7.04339 4.75811 0 0 0 0.0643972 1.94841 0.0222338 0 0 0 0 0 2.384 303 49 3 3 0
./complex_md-fit_296.pdb BC A 7.80787 33.2302 -13.4478 -9.6809 -13.532 -22.6218 -1.14015 38.7892 -22.674 5.19421 7.69998 4.26992 0 0 0 0.247636 3.31658 0 0 0 0 0 0 2.384 303 49 0 0 0
./complex_md-fit_297.pdb BC A 7.11464 32.3054 -15.1606 -9.67684 -14.5535 -21.8325 -1.13387 37.2542 -21.4215 3.11858 8.10395 4.43773 0 0 0 0.543182 2.13546 0 0 0 0 0 0 2.384 303 51 0 0 0
./complex_md-fit_298.pdb BC A 7.99088 32.54 -11.1951 -9.02601 -10.4973 -23.5221 -1.12103 39.2792 -23.5497 4.2293 7.19745 5.69918 0 0 0 0.0986153 2.51947 0 0 0 0 0 0.0173716 2.384 303 53 0 0 0
./complex_md-fit_299.pdb BC A 6.52977 34.7359 -9.05176 -6.43372 -12.9899 -23.4545 -1.12218 39.6899 -23.1441 7.25142 6.49427 4.3342 0 0 0 0.285955 2.18334 0.0196887 0 0 0 0 0.0172043 2.384 303 49 1 1 0
./complex_md-fit_29.pdb BC A 6.75307 27.9626 -9.12271 -7.51344 -15.6182 -23.3141 -1.05412 41.9721 -22.2755 4.70747 9.46128 4.21614 0 0 0 0.295612 2.13861 0 0 0 0 0 0 2.384 303 47 0 0 0
./complex_md-fit_2.pdb BC A 7.8808 39.3953 -9.08954 -6.8441 -12.0592 -22.2503 -1.17011 38.2455 -22.364 4.65275 7.40129 4.85259 0 0 0 0.396502 2.18363 0.0496065 0 0 0 0 0 2.384 303 51 1 1 0
./complex_md-fit_300.pdb BC A 6.97532 30.034 -13.7084 -10.862 -10.8615 -24.0082 -0.912334 39.4966 -23.8077 4.78549 6.75808 5.1505 0 0 0 0.531313 2.54894 0.0213164 0 0 0 0 0 2.384 303 52 0 0 0
./complex_md-fit_301.pdb BC A 7.42812 35.3093 -12.0155 -8.98982 -14.4073 -23.6533 -1.16338 40.1104 -23.5393 4.52607 9.31878 5.38689 0 0 0 0.376355 2.489 0.0191283 0 0 0 0 0 2.384 303 52 2 2 0
./complex_md-fit_302.pdb BC A 6.81566 35.6308 -14.4444 -9.8648 -14.9647 -23.2647 -1.13694 40.7324 -22.7145 3.60572 8.84813 3.81765 0 0 0 0.454039 2.38639 0.0388371 0 0 0 0 0.00442056 2.384 303 50 1 1 0
./complex_md-fit_303.pdb BC A 10.0789 31.7957 -10.9963 -7.99931 -13.2969 -22.615 -1.23028 39.3629 -22.4427 5.99385 7.13188 3.60193 0 0 0 0.465812 3.9403 0 0 0 0 0 0.0315593 2.384 303 52 2 2 0
./complex_md-fit_304.pdb BC A 8.6646 38.1173 -12.9813 -10.3969 -11.3986 -23.7735 -0.990615 39.7706 -23.7119 4.91289 7.20391 5.23298 0 0 0 0.169719 2.64519 0 0 0 0 0 0 2.384 303 49 0 0 0
./complex_md-fit_305.pdb BC A 7.21095 30.711 -14.4074 -8.30146 -13.1673 -24.0828 -0.961372 39.9293 -23.9512 3.83298 8.36076 3.50875 0 0 0 0.368556 2.35488 0.0564473 0 0 0 0 0 2.384 303 52 0 0 0
./complex_md-fit_306.pdb BC A 6.11598 28.6715 -6.09375 -10.1281 -12.6773 -23.2767 -1.15886 41.7908 -22.7824 8.00643 9.89053 3.89024 0 0 0 0.321589 3.21989 0 0 0 0 0 0.0299452 2.384 303 51 1 1 0
./complex_md-fit_307.pdb BC A 11.3318 31.26 -6.1357 -5.76147 -11.1081 -22.892 -0.903247 38.997 -22.9786 7.84745 7.87857 2.39196 0 0 0 0.392833 2.15962 0 0 0 0 0 0 2.384 303 50 2 2 0
./complex_md-fit_308.pdb BC A 6.4763 28.9204 -13.1967 -8.47416 -14.2664 -24.2999 -0.985988 41.6762 -23.7849 4.6454 9.42379 2.74292 0 0 0 0.113675 2.54301 0 0 0 0 0 0.0126037 2.384 303 50 0 0 0
./complex_md-fit_309.pdb BC A 6.82699 36.8962 -16.7084 -6.08833 -14.6081 -22.4186 -1.01518 35.4785 -22.701 4.0575 7.92334 2.39012 0 0 0 0.255335 3.06784 5.55112e-17 0 0 0 0 0.0180395 2.384 303 47 0 0 0
./complex_md-fit_30.pdb BC A 6.45849 30.5811 -11.7538 -6.66651 -15.3806 -24.0755 -0.953367 41.8821 -23.1186 4.82633 8.70533 2.67507 0 0 0 0.367333 2.16473 -0.0154535 0 0 0 0 0 2.384 303 48 0 0 0
./complex_md-fit_310.pdb BC A 8.07807 27.4255 -5.04568 -4.98387 -14.923 -23.8767 -1.14459 41.1574 -23.7488 7.891 9.72656 4.44993 0 0 0 0.346198 2.83894 0.027634 0 0 0 0 0.0326339 2.384 303 49 0 0 0
./complex_md-fit_311.pdb BC A 10.6827 42.9259 -6.35986 -7.09225 -13.7204 -24.2786 -1.14339 43.0336 -23.3131 8.5318 9.18558 2.24547 0 0 0 0.131298 2.49625 0.0269738 0 0 0 0 0.0332088 2.384 303 51 3 3 0
./complex_md-fit_312.pdb BC A 8.52268 34.6074 -10.4081 -7.10002 -16.632 -23.6665 -1.17567 41.3212 -23.3881 8.02516 9.6169 2.01179 0 0 0 0.53481 1.90269 0.0230297 0 0 0 0 0.021275 2.384 303 50 1 1 0
./complex_md-fit_313.pdb BC A 9.71444 29.8103 -7.15901 -5.83156 -13.6795 -23.9865 -1.11662 41.8645 -23.6718 6.42678 8.91138 3.70525 0 0 0 0.193195 2.02601 0.0193939 0 0 0 0 0.00644056 2.384 303 48 1 1 0
./complex_md-fit_314.pdb BC A 8.39854 37.5574 -8.47478 -6.8735 -14.532 -24.335 -1.13644 40.904 -24.2755 8.2643 8.98548 4.11504 0 0 0 0.366009 3.51448 0.0241395 0 0 0 0 0.0186287 2.384 303 53 2 2 0
./complex_md-fit_315.pdb BC A 6.99756 28.0931 -14.1422 -8.24018 -14.8142 -24.6921 -0.877943 40.4733 -24.538 5.41939 8.70001 4.05243 0 0 0 0.340918 2.61763 0.0342681 0 0 0 0 0 2.384 303 52 1 1 0
./complex_md-fit_316.pdb BC A 7.04631 31.5906 -9.7842 -6.40145 -13.0477 -23.2011 -0.991069 38.7504 -23.412 7.95728 7.85442 1.9032 0 0 0 0.780091 2.28451 0.0236839 0 0 0 0 0 2.384 303 50 2 2 0
./complex_md-fit_317.pdb BC A 10.9832 32.3651 -2.74194 -6.12143 -12.5818 -22.7361 -1.17982 38.7029 -22.6939 11.7437 8.65575 2.95399 0 0 0 0.514735 2.0734 -5.55112e-17 0 0 0 0 0 2.384 303 49 4 4 0
./complex_md-fit_318.pdb BC A 7.23866 33.9134 -2.42247 -7.88026 -13.6631 -23.632 -1.17189 41.178 -23.3279 10.5138 10.7013 4.19886 0 0 0 0.616428 2.58111 0.0250958 0 0 0 0 0.0191336 2.384 303 48 2 2 0
./complex_md-fit_319.pdb BC A 7.64918 29.1208 -8.98046 -6.93592 -15.1873 -24.1843 -1.02425 41.1139 -23.8861 6.21242 10.2994 4.1637 0 0 0 0.447989 3.51743 5.55112e-17 0 0 0 0 0 2.384 303 48 1 1 0
./complex_md-fit_31.pdb BC A 7.86724 32.9814 -4.11348 -5.63296 -12.5407 -22.8228 -1.17931 39.8299 -22.1582 8.12766 8.85334 3.30145 0 0 0 0.102311 2.20154 1.11022e-16 0 0 0 0 0.00581185 2.384 303 47 2 2 0
./complex_md-fit_320.pdb BC A 7.2974 41.4635 -11.7346 -8.44534 -17.1369 -24.8587 -1.14633 42.2418 -24.8119 6.53778 11.9386 3.44222 0 0 0 0.504151 2.49752 0 0 0 0 0 0 2.384 303 51 1 1 0
./complex_md-fit_321.pdb BC A 6.79722 29.5919 -1.98117 -4.17747 -12.3945 -23.1012 -1.10994 40.6417 -23.116 11.0128 7.29263 2.29995 0 0 0 0.648467 2.08657 0.0198198 0 0 0 0 0.00249861 2.384 303 49 2 2 0
./complex_md-fit_322.pdb BC A 7.28142 23.1677 -0.383753 -5.19216 -12.7976 -23.4243 -0.990927 42.148 -22.7126 10.2205 9.06895 2.72289 0 0 0 0.538601 2.07971 0.0243787 0 0 0 0 0.0105332 2.384 303 51 2 2 0
./complex_md-fit_323.pdb BC A 5.84593 34.3938 -13.048 -8.33088 -15.1974 -22.9042 -0.952614 38.2738 -22.7878 6.87463 8.06197 3.3684 0 0 0 0.515719 2.17593 0.0224695 0 0 0 0 0.00791227 2.384 303 49 2 2 0
./complex_md-fit_324.pdb BC A 8.11996 32.7731 -14.022 -8.60721 -14.1897 -24.414 -1.04761 40.9505 -24.1949 5.70166 8.10595 3.29265 0 0 0 0.358528 2.41724 0.0221235 0 0 0 0 0 2.384 303 50 2 2 0
./complex_md-fit_325.pdb BC A 8.44071 27.5557 -13.4013 -6.70051 -16.3812 -23.9829 -1.13232 39.8575 -23.6082 6.43088 8.59064 3.23556 0 0 0 0.289209 2.48002 0 0 0 0 0 0 2.384 303 48 1 1 0
./complex_md-fit_326.pdb BC A 8.55469 30.6772 -10.8641 -6.78618 -13.1254 -23.901 -1.07195 40.4886 -23.8718 5.75086 8.21747 3.18923 0 0 0 0.221212 2.38884 0.0249547 0 0 0 0 0 2.384 303 48 0 0 0
./complex_md-fit_327.pdb BC A 9.40183 33.9568 -8.03647 -8.43289 -13.6843 -24.7808 -1.02107 41.4265 -24.641 8.32407 9.2214 4.79857 0 0 0 0.753116 2.85051 0 0 0 0 0 0 2.384 303 49 1 1 0
./complex_md-fit_328.pdb BC A 9.65688 30.3696 -7.96915 -6.36951 -12.7921 -25.8165 -0.996114 45.7155 -25.3668 5.05163 9.09998 3.28321 0 0 0 0.20015 2.63188 0.02134 0 0 0 0 0 2.384 303 51 0 0 0
./complex_md-fit_329.pdb BC A 11.1639 29.8809 -9.22896 -7.66661 -13.6697 -24.8105 -0.972611 43.6797 -24.429 5.87313 9.29999 3.03655 0 0 0 0.421843 2.88978 0 0 0 0 0 0.00828468 2.384 303 50 0 0 0
./complex_md-fit_32.pdb BC A 7.72308 32.2142 -5.03717 -6.08173 -11.4289 -23.2702 -1.25418 41.804 -22.5446 6.55211 7.27272 3.31975 0 0 0 0.570436 2.35372 -0.0178329 0 0 0 0 0.0413096 2.384 303 47 2 2 0
./complex_md-fit_330.pdb BC A 9.2242 35.6495 -9.24282 -5.90018 -14.1882 -24.7691 -0.988078 42.2067 -24.19 5.22293 9.41544 3.15502 0 0 0 0.771863 2.7111 0.0208293 0 0 0 0 0 2.384 303 52 0 0 0
./complex_md-fit_331.pdb BC A 7.66393 32.9522 -8.45735 -5.65553 -13.5254 -24.1306 -0.988239 41.8523 -23.8773 6.72954 8.31304 2.06151 0 0 0 0.763243 3.53301 0 0 0 0 0 0 2.384 303 50 0 0 0
./complex_md-fit_332.pdb BC A 10.3157 32.1924 -6.10452 -7.18291 -15.7492 -25.5533 -1.244 45.2054 -25.0011 8.92494 11.0823 3.07103 0 0 0 0.342333 3.28448 0 0 0 0 0 0 2.384 303 52 2 2 0
./complex_md-fit_333.pdb BC A 6.93339 37.7298 -10.0976 -7.67415 -13.7608 -24.9566 -0.893729 43.0978 -25.1627 5.82056 9.48016 3.34433 0 0 0 0.607524 2.55139 0 0 0 0 0 0 2.384 303 50 0 0 0
./complex_md-fit_334.pdb BC A 9.03719 35.9678 -6.14055 -8.44908 -11.1065 -24.5908 -0.926388 44.4345 -24.5215 6.12505 8.48969 3.98875 0 0 0 0.391802 3.04263 0.0239221 0 0 0 0 0 2.384 303 49 0 0 0
./complex_md-fit_335.pdb BC A 7.69345 41.0414 -6.24167 -8.30442 -11.0333 -23.9991 -0.995824 43.4681 -23.6144 5.73691 8.35172 3.49878 0 0 0 0.649798 4.11794 0 0 0 0 0 0 2.384 303 49 0 0 0
./complex_md-fit_336.pdb BC A 7.39018 30.2911 -14.6771 -9.86019 -14.9225 -25.0807 -1.06165 42.1606 -24.8125 6.82638 8.10245 3.39872 0 0 0 0.548701 3.15292 0.0235288 0 0 0 0 0 2.384 303 51 3 3 0
./complex_md-fit_337.pdb BC A 10.2745 27.2511 -14.9043 -10.0202 -13.4194 -24.0008 -1.10098 40.5445 -23.8257 4.60399 7.96093 3.78635 0 0 0 0.564503 2.61342 0 0 0 0 0 0.00247296 2.384 303 48 0 0 0
./complex_md-fit_338.pdb BC A 6.67277 35.3837 -10.8726 -9.84495 -12.6369 -24.9035 -1.02619 43.5786 -24.8473 5.05997 9.08372 4.40682 0 0 0 0.236152 4.05121 0.0210054 0 0 0 0 0 2.384 303 50 0 0 0
./complex_md-fit_339.pdb BC A 8.18385 33.0081 -5.71643 -7.11937 -12.4886 -25.0138 -1.13039 43.9527 -24.6596 6.98196 8.91268 4.13931 0 0 0 0.689319 4.9375 -1.11022e-16 0 0 0 0 0.0193655 2.384 303 50 2 2 0
./complex_md-fit_33.pdb BC A 8.43075 29.3992 -8.61058 -5.84619 -12.561 -23.2964 -1.28102 40.8636 -23.0173 5.54805 8.42033 2.2002 0 0 0 0.370247 2.15672 -0.0110742 0 0 0 0 0 2.384 303 50 3 3 0
./complex_md-fit_340.pdb BC A 6.68033 39.7712 -11.7539 -10.0061 -12.1111 -24.2942 -1.10156 41.8372 -23.8981 6.1639 7.54012 3.56304 0 0 0 0.552971 4.10114 0 0 0 0 0 0 2.384 303 51 1 1 0
./complex_md-fit_341.pdb BC A 9.92171 34.9137 -12.2611 -12.1137 -11.1652 -24.9076 -0.926312 43.831 -24.7491 5.90707 7.42371 3.89226 0 0 0 0.546898 3.12757 0 0 0 0 0 0 2.384 303 53 0 0 0
./complex_md-fit_342.pdb BC A 8.45275 27.5012 -5.584 -9.38479 -12.203 -24.8223 -1.03967 43.3681 -24.522 10.3026 8.55377 3.84411 0 0 0 0.319276 2.86765 0 0 0 0 0 0 2.384 303 54 2 2 0
./complex_md-fit_343.pdb BC A 9.37807 36.4728 -4.16348 -7.96122 -13.2133 -24.1564 -1.03974 44.0816 -23.5349 8.78493 8.17284 4.04658 0 0 0 0.643455 3.67707 0 0 0 0 0 0.01271 2.384 303 53 2 2 0
./complex_md-fit_344.pdb BC A 6.79564 44.2693 -12.227 -9.82615 -11.7279 -23.87 -0.94096 41.1323 -23.5971 2.77822 8.81101 4.44188 0 0 0 0.552639 2.74483 0.0191982 0 0 0 0 0 2.384 303 51 0 0 0
./complex_md-fit_345.pdb BC A 8.41166 31.0369 -10.5418 -10.8552 -17.5914 -25.6694 -1.12914 46.4556 -24.7065 6.60993 9.99192 5.28295 0 0 0 1.06944 5.70265 0 0 0 0 0 0 2.384 303 51 1 1 0
./complex_md-fit_346.pdb BC A 7.66506 29.5778 -6.60005 -9.78173 -12.3257 -26.0601 -1.06749 47.9453 -25.4322 5.58687 9.13318 5.15345 0 0 0 0.248458 4.40949 0 0 0 0 0 0 2.384 303 52 2 2 0
./complex_md-fit_347.pdb BC A 8.58675 27.7561 -8.93372 -9.86431 -12.7632 -25.0352 -0.94943 46.3747 -24.5366 5.99988 8.45911 2.7648 0 0 0 0.61661 4.06777 5.55112e-17 0 0 0 0 0 2.384 303 52 2 2 0
./complex_md-fit_348.pdb BC A 10.5496 42.0051 -13.5435 -11.0718 -13.027 -24.0278 -0.936393 42.5008 -23.9586 2.97489 8.57761 4.76054 0 0 0 0.664195 2.90616 0 0 0 0 0 0 2.384 303 52 0 0 0
./complex_md-fit_349.pdb BC A 7.95054 29.752 -11.47 -9.37455 -13.6738 -26.0124 -1.03112 45.6504 -26.4084 6.41126 9.60288 3.00102 0 0 0 0.363948 5.35958 0 0 0 0 0 0.000717722 2.384 303 50 1 1 0
./complex_md-fit_34.pdb BC A 8.76816 36.2727 -11.5937 -7.15899 -15.1486 -23.4594 -1.19368 41.3141 -23.0751 3.30761 9.34344 3.94818 0 0 0 0.528753 2.48448 0 0 0 0 0 0 2.384 303 50 0 0 0
./complex_md-fit_350.pdb BC A 7.55499 30.1082 -11.7087 -11.2596 -13.7157 -24.173 -0.927697 42.6892 -23.7737 5.26385 9.5187 3.74364 0 0 0 0.925631 3.07211 0 0 0 0 0 0 2.384 303 54 2 2 0
./complex_md-fit_351.pdb BC A 7.51488 31.8453 -14.687 -11.858 -14.8555 -25.9502 -0.89847 44.9474 -25.783 4.32588 9.48262 5.25464 0 0 0 0.644214 3.32367 0 0 0 0 0 0.00336175 2.384 303 54 0 0 0
./complex_md-fit_352.pdb BC A 7.21851 35.2564 -1.46106 -9.11821 -13.3023 -26.1445 -0.950198 49.4068 -25.0514 9.33892 9.86682 4.31029 0 0 0 0.161206 3.15401 0 0 0 0 0 0.0215674 2.384 303 53 2 2 0
./complex_md-fit_353.pdb BC A 9.20748 33.8115 -8.0215 -10.3104 -13.9103 -24.5764 -0.993241 44.0288 -24.2198 6.07662 10.052 5.69146 0 0 0 0.137969 3.42243 0.00178222 0 0 0 0 0 2.384 303 56 0 0 0
./complex_md-fit_354.pdb BC A 9.08112 29.381 -9.49018 -9.24907 -15.5518 -25.0373 -0.940153 45.094 -24.9711 6.98022 10.2186 3.51797 0 0 0 0.466644 3.18839 -0.0237012 0 0 0 0 0.00551104 2.384 303 51 1 1 0
./complex_md-fit_355.pdb BC A 7.28621 28.9388 -12.2857 -10.8265 -14.6692 -25.5142 -0.94975 45.2665 -25.4478 5.72317 9.4914 4.15972 0 0 0 0.480813 4.39678 0 0 0 0 0 0 2.384 303 54 2 2 0
./complex_md-fit_356.pdb BC A 8.59385 41.46 -10.2609 -10.9098 -10.2097 -25.3513 -1.20094 44.192 -25.2674 6.19399 7.88051 3.9655 0 0 0 0.446289 3.45034 0 0 0 0 0 0 2.384 303 51 0 0 0
./complex_md-fit_357.pdb BC A 10.0652 29.7817 -15.432 -13.1865 -13.37 -24.0156 -0.844089 41.5288 -23.8789 3.93394 9.91125 4.1517 0 0 0 0.323953 2.48937 0.0134422 0 0 0 0 0 2.384 303 51 0 0 0
./complex_md-fit_358.pdb BC A 10.1125 32.3946 -8.50813 -9.85278 -11.1173 -24.5565 -0.983187 43.089 -24.5169 5.9761 8.49214 4.74259 0 0 0 0.220362 3.54285 -0.00156807 0 0 0 0 0 2.384 303 54 1 1 0
./complex_md-fit_359.pdb BC A 7.31788 32.464 -13.9761 -10.5007 -14.8433 -26.2334 -1.12386 46.7001 -25.4487 4.61181 9.19796 3.47157 0 0 0 0.185079 3.05503 0 0 0 0 0 0.00724822 2.384 303 50 1 1 0
./complex_md-fit_35.pdb BC A 9.57931 34.3528 -14.7667 -7.52862 -17.1201 -23.6274 -0.98701 41.5388 -23.0147 3.09319 8.84404 3.54249 0 0 0 0.499713 2.62815 -0.006967 0 0 0 0 0 2.384 303 49 0 0 0
./complex_md-fit_360.pdb BC A 10.4923 33.2048 -12.9119 -7.58603 -17.3493 -25.6107 -1.08561 47.1174 -25.2935 3.4852 9.1104 3.79019 0 0 0 0.510073 4.22615 0 0 0 0 0 0 2.384 303 50 0 0 0
./complex_md-fit_361.pdb BC A 7.21001 29.7614 -6.45152 -9.10043 -13.5024 -25.5345 -1.1963 45.2669 -25.1911 7.12678 11.988 3.28916 0 0 0 0.402453 2.65383 0 0 0 0 0 0 2.384 303 53 2 2 0
./complex_md-fit_362.pdb BC A 6.88976 35.8305 -8.14758 -10.5227 -14.4204 -25.0025 -0.961688 45.0598 -24.6164 8.38302 10 3.41632 0 0 0 0.511426 2.41381 0 0 0 0 0 0.00551809 2.384 303 50 2 2 0
./complex_md-fit_363.pdb BC A 9.32266 30.9031 -13.802 -10.2758 -15.3332 -25.3275 -0.95876 45.0837 -24.8006 3.76354 9.59662 4.21729 0 0 0 0.202916 2.76304 0.0242829 0 0 0 0 0.00553219 2.384 303 51 0 0 0
./complex_md-fit_364.pdb BC A 7.93915 35.1868 -14.205 -11.4994 -13.9768 -23.8945 -0.91688 41.4374 -23.5661 3.62164 9.27966 5.06353 0 0 0 0.246259 2.49467 0 0 0 0 0 9.10922e-05 2.384 303 50 1 1 0
./complex_md-fit_365.pdb BC A 9.74077 33.5412 -9.89 -9.08905 -11.5571 -25.7014 -0.996403 43.5229 -25.5146 4.63806 8.19915 5.66114 0 0 0 0.947328 3.37964 0 0 0 0 0 0 2.384 303 51 0 0 0
./complex_md-fit_366.pdb BC A 7.55809 35.2701 -9.32488 -10.4336 -11.5868 -25.1918 -1.10927 44.3883 -24.7638 6.62964 8.2336 4.25755 0 0 0 0.251298 3.29729 0 0 0 0 0 0 2.384 303 49 1 1 0
./complex_md-fit_367.pdb BC A 6.95893 32.0768 -11.7017 -9.42618 -14.7694 -25.6393 -0.950851 45.246 -24.9203 5.42543 9.73579 3.34183 0 0 0 0.286388 3.95346 -0.0311742 0 0 0 0 0 2.384 303 50 1 1 0
./complex_md-fit_368.pdb BC A 7.65509 30.4993 -14.1085 -10.3374 -14.0286 -25.688 -1.18593 44.0514 -25.3871 4.79514 8.58347 4.72395 0 0 0 0.370825 2.90374 -0.00623752 0 0 0 0 0 2.384 303 51 1 1 0
./complex_md-fit_369.pdb BC A 7.94856 37.4904 -13.6805 -10.2651 -13.7613 -24.6771 -1.02211 43.225 -25.0249 4.17026 8.96121 4.45709 0 0 0 0.253299 2.94305 0.00318037 0 0 0 0 0 2.384 303 53 0 0 0
./complex_md-fit_36.pdb BC A 8.19172 32.636 -5.16896 -6.28369 -13.6908 -22.9985 -1.13156 41.2794 -22.083 6.84021 9.48169 3.21507 0 0 0 0.216709 2.16232 -0.0145521 0 0 0 0 0 2.384 303 50 2 2 0
./complex_md-fit_370.pdb BC A 6.40154 36.5901 -12.2005 -10.48 -13.9454 -25.3872 -0.969139 44.6683 -25.1564 4.96775 9.41837 4.44392 0 0 0 0.263069 2.95273 -0.0237641 0 0 0 0 0 2.384 303 50 2 2 0
./complex_md-fit_371.pdb BC A 12.665 40.9422 -11.2534 -9.58104 -13.7081 -26.3296 -1.16402 46.7585 -26.5078 5.6533 9.12553 4.02706 0 0 0 0.482048 3.80441 -0.00925874 0 0 0 0 0 2.384 303 53 1 1 0
./complex_md-fit_372.pdb BC A 10.0915 32.4738 -15.5114 -12.2278 -16.71 -26.731 -1.11529 46.6429 -26.2625 4.1626 9.56655 6.52959 0 0 0 0.63351 3.64397 -5.55112e-17 0 0 0 0 0 2.384 303 52 0 0 0
./complex_md-fit_373.pdb BC A 8.26 33.4447 -8.53517 -9.9124 -14.9436 -26.3676 -0.94345 46.4601 -26.3148 7.29579 10.8842 4.87935 0 0 0 0.427257 3.52968 -5.55112e-17 0 0 0 0 0 2.384 303 51 0 0 0
./complex_md-fit_374.pdb BC A 8.48443 31.9075 -13.5705 -10.7083 -16.5058 -24.9593 -1.04807 44.3603 -24.7498 2.75889 11.4939 5.53932 0 0 0 0.248421 2.69171 0 0 0 0 0 0 2.384 303 54 0 0 0
./complex_md-fit_375.pdb BC A 6.26675 34.105 -12.7188 -12.5562 -13.6355 -24.7103 -0.872609 43.5363 -24.3908 6.05212 8.89086 4.36705 0 0 0 0.600181 2.65304 0 0 0 0 0 0 2.384 303 55 1 1 0
./complex_md-fit_376.pdb BC A 6.08401 32.117 -13.6029 -13.5718 -13.5982 -25.8544 -1.06229 46.397 -25.2754 5.6004 9.35341 4.23245 0 0 0 0.175938 3.23499 -6.93889e-18 0 0 0 0 0 2.384 303 55 0 0 0
./complex_md-fit_377.pdb BC A 9.46329 33.6064 -16.4874 -10.2855 -17.5225 -25.9007 -1.0873 46.2743 -25.6064 4.14919 9.20991 3.91335 0 0 0 0.368436 2.38496 0 0 0 0 0 0 2.384 303 53 0 0 0
./complex_md-fit_378.pdb BC A 7.09016 35.2591 -6.82808 -9.66474 -17.6201 -26.0527 -1.14487 47.5508 -25.5557 7.9425 10.4036 6.28472 0 0 0 1.02837 2.34408 -5.55112e-17 0 0 0 0 0 2.384 303 50 2 2 0
./complex_md-fit_379.pdb BC A 6.95771 42.7988 -10.8995 -12.7809 -15.0934 -27.1703 -1.10455 47.5902 -26.772 8.40632 10.3685 5.19331 0 0 0 0.463308 2.68951 0 0 0 0 0 0 2.384 303 54 3 3 0
./complex_md-fit_37.pdb BC A 10.7582 36.9189 -7.60761 -6.32676 -14.5387 -22.9591 -0.885576 40.2967 -23.0501 6.64841 9.8271 3.16052 0 0 0 0.233261 3.32191 -0.0132894 0 0 0 0 0 2.384 303 48 0 0 0
./complex_md-fit_380.pdb BC A 8.19739 35.9742 -11.3623 -9.28776 -14.8317 -24.8935 -1.01155 44.1638 -24.6316 4.15434 10.4318 4.0641 0 0 0 0.473849 2.32627 -1.11022e-16 0 0 0 0 0.00598483 2.384 303 53 0 0 0
./complex_md-fit_381.pdb BC A 8.97632 33.0712 -11.4112 -7.42578 -15.0746 -24.802 -1.02219 44.2784 -24.6506 5.25433 8.67274 3.06091 0 0 0 0.328195 2.32149 -0.0305417 0 0 0 0 0 2.384 303 51 2 2 0
./complex_md-fit_382.pdb BC A 8.92411 25.4794 -7.21468 -8.79847 -12.6225 -24.0728 -0.931132 44.903 -23.3252 6.80319 7.79816 2.43932 0 0 0 0.607152 3.59691 -0.0154222 0 0 0 0 0 2.384 303 54 1 1 0
./complex_md-fit_383.pdb BC A 8.06267 31.145 -11.7723 -8.04088 -13.8806 -23.8404 -0.957167 43.0788 -23.3315 3.00653 8.45873 3.26991 0 0 0 0.439909 2.06323 0.0189183 0 0 0 0 0.00546819 2.384 303 53 0 0 0
./complex_md-fit_384.pdb BC A 6.75831 28.1564 -10.568 -8.94546 -14.111 -23.5498 -1.35161 41.5406 -23.6773 5.65655 9.1036 4.40516 0 0 0 0.361235 1.98512 0 0 0 0 0 0 2.384 303 53 1 1 0
./complex_md-fit_385.pdb BC A 6.52765 35.4522 -12.0581 -8.02573 -14.3268 -25.5513 -0.981766 46.5687 -25.5468 2.66465 8.52438 4.43297 0 0 0 0.183625 3.80755 0 0 0 0 0 0 2.384 303 54 0 0 0
./complex_md-fit_386.pdb BC A 7.11714 36.7257 -13.4084 -8.23287 -15.9259 -25.6429 -1.25549 46.7594 -25.0706 3.94241 8.55274 3.21053 0 0 0 0.249096 3.589 0 0 0 0 0 0.00531685 2.384 303 56 0 0 0
./complex_md-fit_387.pdb BC A 6.81963 28.8688 -2.98863 -7.62425 -9.40803 -23.1428 -1.18991 41.6946 -22.467 8.22635 7.77939 3.03352 0 0 0 0.109489 1.93925 -1.11022e-16 0 0 0 0 0 2.384 303 52 3 3 0
./complex_md-fit_388.pdb BC A 8.52328 33.6655 -1.50237 -6.10337 -10.8794 -23.7957 -1.02064 43.2067 -23.505 7.46143 8.2521 4.0126 0 0 0 0.850627 2.9503 0 0 0 0 0 0.0183095 2.384 303 51 1 1 0
./complex_md-fit_389.pdb BC A 7.71522 33.7529 -6.14281 -9.89703 -16.1959 -25.2764 -1.31808 47.4553 -24.6092 8.05918 11.8058 3.16288 0 0 0 0.665896 2.71307 0 0 0 0 0 0.00455183 2.384 303 56 2 2 0
./complex_md-fit_38.pdb BC A 10.8232 36.4335 -3.88167 -6.88379 -9.47562 -23.0511 -0.87523 39.6338 -22.9964 8.58964 7.66296 2.50332 0 0 0 1.02515 2.12602 -0.0143611 0 0 0 0 0 2.384 303 50 3 3 0
./complex_md-fit_390.pdb BC A 8.10837 35.1745 -11.1919 -6.66076 -16.7132 -24.0723 -1.16039 44.5915 -23.2438 3.99648 8.95765 2.99589 0 0 0 0.117094 4.39426 0 0 0 0 0 0 2.384 303 53 0 0 0
./complex_md-fit_391.pdb BC A 7.44976 32.2926 -4.30071 -8.61423 -13.039 -24.784 -1.25612 43.8312 -24.3775 8.57422 10.1538 4.32957 0 0 0 0.881471 2.46571 -5.55112e-17 0 0 0 0 0 2.384 303 54 2 2 0
./complex_md-fit_392.pdb BC A 7.94501 34.2194 -7.46246 -8.76129 -14.0399 -25.2957 -1.14149 46.8821 -24.1037 6.96251 8.47078 3.23587 0 0 0 0.317644 2.71464 0 0 0 0 0 0.0106746 2.384 303 55 1 1 0
./complex_md-fit_393.pdb BC A 8.21985 32.6378 -9.74095 -8.40786 -15.2056 -24.3571 -1.05704 44.5059 -23.664 5.27727 9.05069 3.81831 0 0 0 0.298479 2.35744 -1.11022e-16 0 0 0 0 0 2.384 303 51 0 0 0
./complex_md-fit_394.pdb BC A 7.20875 29.4687 -8.0865 -8.23862 -13.224 -23.618 -1.0795 40.5319 -23.2618 8.00753 7.71088 4.40806 0 0 0 0.659898 2.61584 0 0 0 0 0 0.017174 2.384 303 50 0 0 0
./complex_md-fit_395.pdb BC A 8.73815 34.6559 -6.11849 -6.31973 -12.2799 -22.9433 -0.974782 41.1811 -22.5246 6.38661 7.66409 3.24993 0 0 0 0.420545 2.37094 0 0 0 0 0 0.021475 2.384 303 52 0 0 0
./complex_md-fit_396.pdb BC A 7.22967 33.6452 1.04171 -7.17284 -9.14438 -25.0267 -1.03193 46.5725 -24.4994 9.76661 6.76936 4.65058 0 0 0 0.15784 2.60678 0 0 0 0 0 0 2.384 303 52 2 2 0
./complex_md-fit_397.pdb BC A 7.03659 33.7806 -0.547188 -8.26952 -7.62816 -25.4641 -1.03056 46.7339 -24.6903 7.49622 7.67888 4.11699 0 0 0 0.504445 4.74859 0 0 0 0 0 0.00501279 2.384 303 55 1 1 0
./complex_md-fit_398.pdb BC A 8.05441 32.1791 -6.25057 -8.2512 -12.9211 -26.2918 -1.0375 48.0719 -26.0089 5.64577 9.72276 4.04663 0 0 0 0.793212 4.92799 -0.02039 0 0 0 0 0 2.384 303 53 1 1 0
./complex_md-fit_399.pdb BC A 9.15549 28.578 -9.55706 -9.2593 -14.2694 -26.37 -1.15654 47.3007 -25.8694 8.04362 7.81781 4.00077 0 0 0 0.214179 4.14278 -0.0222366 0 0 0 0 0.0126727 2.384 303 56 2 2 0
./complex_md-fit_39.pdb BC A 8.03751 37.4616 -7.32338 -7.10839 -12.8936 -23.2171 -1.17069 41.178 -22.8372 5.44323 9.08793 3.93538 0 0 0 0.271294 2.22225 -0.0121672 0 0 0 0 0 2.384 303 48 0 0 0
./complex_md-fit_3.pdb BC A 7.4525 36.8701 -9.45796 -5.58371 -8.88477 -22.0978 -0.993839 38.3008 -22.134 3.4308 5.96971 2.35038 0 0 0 0.172966 2.4831 -5.55112e-17 0 0 0 0 0.0114569 2.384 303 48 0 0 0
./complex_md-fit_400.pdb BC A 6.47367 35.0019 -8.43807 -10.4174 -11.9015 -25.6387 -1.01513 45.1906 -25.0817 7.21471 8.25778 4.74699 0 0 0 0.206338 3.65705 0 0 0 0 0 0 2.384 303 52 2 2 0
./complex_md-fit_401.pdb BC A 6.95216 28.8041 -12.9803 -11.0223 -13.8839 -25.8196 -1.0748 45.4718 -24.9917 3.66985 9.84954 4.52068 0 0 0 0.300208 3.06247 0 0 0 0 0 0 2.384 303 54 0 0 0
./complex_md-fit_402.pdb BC A 7.73373 37.4211 -2.19494 -8.96348 -9.8119 -26.3761 -1.10621 48.1959 -25.8047 8.73937 7.20998 5.07622 0 0 0 0.639646 3.6504 0 0 0 0 0 0.00626918 2.384 303 54 2 2 0
./complex_md-fit_403.pdb BC A 7.94798 35.9831 -4.89911 -8.11341 -9.32635 -26.0073 -0.92101 47.3867 -25.1801 6.36115 6.57902 4.13231 0 0 0 0.194485 3.49044 -0.00461091 0 0 0 0 0 2.384 303 54 0 0 0
./complex_md-fit_404.pdb BC A 8.17739 33.3244 -2.39746 -9.93645 -14.5254 -26.8173 -1.0777 48.8111 -26.1146 11.3728 8.43599 7.09096 0 0 0 0.358512 2.84647 0 0 0 0 0 0.00472463 2.384 303 53 3 3 0
./complex_md-fit_405.pdb BC A 6.548 33.9914 -8.54313 -12.6447 -12.0056 -25.8831 -0.930532 46.649 -25.3092 6.05082 9.04487 6.02714 0 0 0 0.454723 2.87521 -2.77556e-17 0 0 0 0 0.00346437 2.384 303 56 0 0 0
./complex_md-fit_406.pdb BC A 7.16017 28.7648 -5.49626 -9.58398 -12.7482 -27.1929 -1.19659 50.1256 -26.4567 8.29812 8.74516 3.69131 0 0 0 0.809369 3.10958 0.0125674 0 0 0 0 0 2.384 303 54 3 3 0
./complex_md-fit_407.pdb BC A 7.71349 38.9652 -0.0431215 -7.70493 -11.6431 -26.404 -0.958988 46.6874 -25.8379 11.0309 10.1429 4.13314 0 0 0 0.496752 2.75334 0.0147734 0 0 0 0 0 2.384 303 51 3 3 0
./complex_md-fit_408.pdb BC A 7.70349 29.4162 -5.78297 -8.79919 -15.2363 -26.206 -1.08809 48.9031 -25.2745 7.67147 10.732 3.21189 0 0 0 0.297726 3.45064 -0.0138905 0 0 0 0 0.0189311 2.384 303 55 2 2 0
./complex_md-fit_409.pdb BC A 6.69148 32.179 -4.35362 -8.83501 -13.9582 -26.5439 -1.2495 49.0104 -25.4679 7.24235 11.0607 3.992 0 0 0 0.372148 2.91447 0.0198728 0 0 0 0 0.00333678 2.384 303 51 1 1 0
./complex_md-fit_40.pdb BC A 7.53864 37.9211 -6.23998 -6.45612 -14.4901 -23.6475 -1.31182 42.484 -22.9995 6.55829 10.7521 2.25453 0 0 0 0.628651 2.35155 -0.035793 0 0 0 0 0.0232941 2.384 303 49 2 2 0
./complex_md-fit_410.pdb BC A 8.77911 33.5875 -10.9103 -8.61914 -12.8982 -25.9759 -1.08345 44.9581 -25.3046 4.48604 7.87798 5.49664 0 0 0 0.161534 2.78867 -0.00934206 0 0 0 0 0 2.384 303 53 2 2 0
./complex_md-fit_411.pdb BC A 8.81638 29.1708 -4.83837 -8.1265 -9.6013 -26.2341 -0.884374 46.2881 -25.8818 8.50869 7.28586 3.48417 0 0 0 0.33412 4.20804 -0.0111924 0 0 0 0 1.11022e-16 2.384 303 51 2 2 0
./complex_md-fit_412.pdb BC A 7.04531 39.2126 -9.42661 -7.06136 -14.5907 -26.5258 -0.95411 47.1664 -25.6093 3.82693 9.87156 4.22774 0 0 0 0.230958 4.65103 -0.0146339 0 0 0 0 0.00567616 2.384 303 54 0 0 0
./complex_md-fit_413.pdb BC A 8.62024 34.9066 -7.21586 -9.51509 -13.1334 -27.0486 -0.931748 49.3883 -26.2853 7.63318 9.08929 3.38086 0 0 0 0.200688 3.02833 0.00583077 0 0 0 0 0 2.384 303 55 1 1 0
./complex_md-fit_414.pdb BC A 6.55243 28.1201 -6.38907 -9.78061 -12.4852 -24.8193 -1.15108 44.5213 -24.2742 6.90265 8.9383 5.14321 0 0 0 0.620815 2.96384 -0.0123509 0 0 0 0 0.00735653 2.384 303 56 2 2 0
./complex_md-fit_415.pdb BC A 7.02149 33.8117 -9.9734 -8.83263 -15.834 -26.5968 -1.21285 49.4725 -25.2678 5.68783 9.26988 2.67852 0 0 0 0.631593 3.06874 0 0 0 0 0 0.0304471 2.384 303 51 2 2 0
./complex_md-fit_416.pdb BC A 5.84932 44.0543 -0.49278 -6.67904 -12.0686 -25.6771 -1.12993 47.118 -25.0073 10.0796 9.16584 3.40604 0 0 0 0.310219 2.88941 -0.0105341 0 0 0 0 0 2.384 303 56 2 2 0
./complex_md-fit_417.pdb BC A 7.38339 32.6335 -2.40631 -6.27613 -12.7199 -25.2601 -1.26031 46.4661 -24.6093 8.19469 8.90773 3.61274 0 0 0 0.550522 3.23898 -0.0123762 0 0 0 0 0 2.384 303 52 1 1 0
./complex_md-fit_418.pdb BC A 6.94709 31.4719 -4.57929 -7.15196 -11.439 -25.0164 -1.2173 45.8299 -23.9433 6.94238 7.92761 3.18808 0 0 0 0.299774 2.71643 -0.0103125 0 0 0 0 0.0113147 2.384 303 54 1 1 0
./complex_md-fit_419.pdb BC A 8.4058 37.5716 -1.44295 -6.46344 -9.2695 -24.8614 -1.07624 44.6856 -23.8755 8.6932 7.16281 3.20487 0 0 0 0.367356 3.20752 -0.0106476 0 0 0 0 0 2.384 303 52 1 1 0
./complex_md-fit_41.pdb BC A 6.68181 33.2956 -7.07927 -5.94509 -13.1734 -21.8265 -0.994198 39.5497 -21.4302 6.33688 7.88889 2.31248 0 0 0 0.181204 2.29405 0 0 0 0 0 0.0210455 2.384 303 48 0 0 0
./complex_md-fit_420.pdb BC A 8.81248 35.8517 -7.61976 -6.97105 -12.2779 -25.3952 -1.05513 45.5758 -24.5839 5.46196 7.08231 3.93074 0 0 0 0.612569 2.60954 0 0 0 0 0 0 2.384 303 54 0 0 0
./complex_md-fit_421.pdb BC A 7.86714 33.5818 0.293569 -6.36317 -12.127 -25.2251 -0.956724 45.6701 -25.1457 9.87928 8.82818 5.0398 0 0 0 0.693911 2.53356 0 0 0 0 0 0 2.384 303 53 2 2 0
./complex_md-fit_422.pdb BC A 7.66529 30.6605 -5.84702 -6.04006 -10.8761 -24.0792 -1.02901 43.2482 -23.4827 5.42738 7.8457 2.87996 0 0 0 0.258846 3.81617 5.55112e-17 0 0 0 0 0 2.384 303 53 1 1 0
./complex_md-fit_423.pdb BC A 8.98131 31.2374 -9.25768 -6.75067 -13.222 -24.52 -1.01698 43.0344 -24.172 6.30427 7.76481 2.93063 0 0 0 0.391846 2.35166 -0.0115559 0 0 0 0 0.00944509 2.384 303 53 1 1 0
./complex_md-fit_424.pdb BC A 8.39467 34.5171 -11.9132 -7.44689 -14.2492 -26.0598 -1.02776 45.7162 -25.2805 4.8965 8.47531 2.64981 0 0 0 0.419571 4.2097 -0.0147135 0 0 0 0 0.00820218 2.384 303 53 0 0 0
./complex_md-fit_425.pdb BC A 11.9014 31.5357 -13.3678 -8.49873 -13.3158 -23.6043 -1.14736 40.9493 -23.122 2.67973 8.57152 3.98185 0 0 0 0.138004 2.49758 0 0 0 0 0 0 2.384 303 52 0 0 0
./complex_md-fit_426.pdb BC A 7.45163 34.6872 -7.48154 -6.7217 -11.6878 -23.9609 -1.13863 41.5471 -23.4514 6.13978 6.98697 4.64535 0 0 0 0.159576 2.67684 0 0 0 0 0 0 2.384 303 54 0 0 0
./complex_md-fit_427.pdb BC A 8.12354 26.4249 -14.4212 -8.28058 -13.4033 -23.4353 -1.07242 40.085 -23.5172 3.00931 8.23001 3.77747 0 0 0 0.200418 2.77575 -0.0145924 0 0 0 0 0 2.384 303 55 0 0 0
./complex_md-fit_428.pdb BC A 7.38097 32.7732 -4.10097 -7.04184 -8.1432 -24.0138 -0.982363 41.4776 -23.9393 6.43632 7.33895 4.34003 0 0 0 0.441919 3.12697 -0.0152249 0 0 0 0 0 2.384 303 52 0 0 0
./complex_md-fit_429.pdb BC A 7.43022 39.1958 -2.49927 -6.82133 -12.4251 -26.0994 -1.20132 45.5479 -25.474 10.1257 9.04252 4.16558 0 0 0 0.640285 5.52409 0 0 0 0 0 0 2.384 303 53 3 3 0
./complex_md-fit_42.pdb BC A 7.83692 33.0279 -9.18243 -7.28881 -10.737 -22.602 -0.880402 39.6626 -22.3087 2.1727 9.36776 2.56157 0 0 0 0.848009 1.99046 0 0 0 0 0 0.0217267 2.384 303 49 0 0 0
./complex_md-fit_430.pdb BC A 9.89099 37.6219 -12.3823 -8.3765 -12.5008 -24.2022 -0.974827 41.4464 -23.7144 2.8411 8.82689 3.78641 0 0 0 0.485596 2.70946 -1.11022e-16 0 0 0 0 0 2.384 303 53 0 0 0
./complex_md-fit_431.pdb BC A 8.27406 38.1765 -10.0334 -7.6115 -12.7105 -25.0304 -1.29218 43.4511 -24.3375 4.33756 7.81569 4.55798 0 0 0 0.786277 2.75322 0 0 0 0 0 0 2.384 303 48 0 0 0
./complex_md-fit_432.pdb BC A 5.84241 32.76 -13.0905 -7.66484 -13.1168 -24.0032 -1.13627 41.2938 -23.6638 2.75666 7.88897 4.03169 0 0 0 0.516872 2.46012 0 0 0 0 0 0.00650704 2.384 303 51 0 0 0
./complex_md-fit_433.pdb BC A 9.56189 32.5794 -6.76066 -7.05519 -12.9803 -24.4763 -1.18658 43.5437 -23.8445 7.45603 7.84551 3.88236 0 0 0 0.0382495 3.10936 -0.0103421 0 0 0 0 0.0266689 2.384 303 54 0 0 0
./complex_md-fit_434.pdb BC A 5.57761 32.2973 -11.45 -8.89234 -14.4664 -25.1508 -1.12895 44.5108 -24.3715 4.35418 9.74494 3.8197 0 0 0 0.122587 2.79817 -0.0122068 0 0 0 0 0.0200514 2.384 303 54 1 1 0
./complex_md-fit_435.pdb BC A 5.9026 35.4851 -8.07374 -5.84221 -13.9635 -25.2314 -0.903181 47.1242 -24.3154 4.72159 8.18463 2.01038 0 0 0 0.115506 3.65341 -0.00950739 0 0 0 0 0.0351641 2.384 303 56 0 0 0
./complex_md-fit_436.pdb BC A 9.32908 33.3077 -12.725 -7.98813 -16.1972 -26.01 -1.22059 45.3176 -25.4283 5.96875 8.68631 3.87554 0 0 0 0.290385 3.55384 -0.0193377 0 0 0 0 0 2.384 303 54 0 0 0
./complex_md-fit_437.pdb BC A 6.72309 34.8805 -5.89964 -8.03264 -12.5157 -25.0175 -1.00141 44.0637 -24.3058 7.35116 9.45194 3.91013 0 0 0 0.207966 2.43169 -0.0113549 0 0 0 0 0 2.384 303 58 1 1 0
./complex_md-fit_438.pdb BC A 8.42553 34.0501 -8.75241 -7.86227 -13.1868 -25.8219 -1.0799 45.138 -25.2361 5.14343 9.70789 4.1637 0 0 0 0.25916 2.84365 0.0223466 0 0 0 0 0 2.384 303 54 0 0 0
./complex_md-fit_439.pdb BC A 7.00503 36.5868 -5.67851 -6.35134 -11.2382 -25.4382 -1.10621 45.6147 -24.7575 4.6168 8.11843 4.46836 0 0 0 0.40407 2.39402 -0.00931427 0 0 0 0 1.11022e-16 2.384 303 52 1 1 0
./complex_md-fit_43.pdb BC A 7.48147 30.5724 -4.81328 -5.89734 -13.0851 -22.833 -0.994216 42.3266 -21.9117 3.92861 9.55802 3.18801 0 0 0 0.881063 2.81205 0.0257961 0 0 0 0 0 2.384 303 48 0 0 0
./complex_md-fit_440.pdb BC A 8.82179 31.0361 -3.73235 -7.5109 -11.7571 -25.1764 -0.9769 45.9125 -24.049 7.67368 8.89882 2.87944 0 0 0 0.373271 2.59907 0.000273612 0 0 0 0 0 2.384 303 53 3 3 0
./complex_md-fit_441.pdb BC A 9.9308 23.9401 -3.20026 -7.51019 -8.40944 -24.1374 -0.883053 43.2233 -23.5827 7.92044 6.76738 3.14857 0 0 0 0.262867 2.68139 5.55112e-17 0 0 0 0 0 2.384 303 52 1 1 0
./complex_md-fit_442.pdb BC A 7.22846 33.0009 -2.79835 -5.28363 -8.79618 -23.1948 -1.09662 41.5276 -22.3135 5.66991 6.90506 3.31856 0 0 0 0.432222 2.83971 0.00920306 0 0 0 0 0.0237826 2.384 303 51 2 2 0
./complex_md-fit_443.pdb BC A 7.07628 29.4545 -13.1705 -9.09684 -11.5917 -24.5273 -0.992662 42.8733 -23.9865 3.56581 7.08107 2.68708 0 0 0 0.817412 2.83237 5.55112e-17 0 0 0 0 0 2.384 303 55 0 0 0
./complex_md-fit_444.pdb BC A 6.97761 30.8193 -6.73384 -8.61534 -10.688 -22.7689 -1.10917 40.1547 -21.924 6.46997 7.47565 4.00407 0 0 0 0.27789 2.33291 -0.0107479 0 0 0 0 0 2.384 303 53 1 1 0
./complex_md-fit_445.pdb BC A 6.66199 31.3856 -1.38225 -7.24321 -8.32448 -24.7315 -1.11046 43.9227 -23.9012 9.61375 7.49203 2.60458 0 0 0 0.286614 2.6662 0 0 0 0 0 0.00894819 2.384 303 55 3 3 0
./complex_md-fit_446.pdb BC A 6.25911 28.0787 -9.81936 -8.12005 -12.2049 -25.3746 -0.969822 45.3181 -24.5757 3.58728 8.17799 4.15115 0 0 0 0.170911 2.73445 5.55112e-17 0 0 0 0 0.020277 2.384 303 53 0 0 0
./complex_md-fit_447.pdb BC A 6.63574 34.9218 -5.20491 -6.87171 -14.2139 -25.4303 -1.14794 47.2035 -24.733 7.43396 7.99355 3.47061 0 0 0 1.10379 3.45384 -0.0135346 0 0 0 0 0 2.384 303 54 1 1 0
./complex_md-fit_448.pdb BC A 7.29304 45.012 -11.7324 -8.51583 -13.9515 -25.6885 -1.19218 45.7953 -24.9165 5.53823 8.60986 2.31944 0 0 0 0.289956 2.47903 -0.0207043 0 0 0 0 0 2.384 303 56 0 0 0
./complex_md-fit_449.pdb BC A 6.4932 35.7365 -7.08081 -7.70795 -12.8177 -25.4584 -1.08039 45.6579 -24.4417 5.62463 9.09221 3.62584 0 0 0 0.43308 3.01817 -0.014449 0 0 0 0 0.00617574 2.384 303 54 0 0 0
./complex_md-fit_44.pdb BC A 8.25826 34.6343 -5.39009 -7.01217 -15.4757 -25.3699 -0.961141 47.6387 -24.4727 6.1809 9.11365 4.52647 0 0 0 0.43253 2.56761 -0.00802692 0 0 0 0 0.01725 2.384 303 50 1 1 0
./complex_md-fit_450.pdb BC A 7.49018 38.4719 -7.6906 -6.8532 -13.7736 -25.3934 -1.11236 46.5861 -24.3981 5.3537 8.66873 2.94752 0 0 0 0.277995 2.79554 -0.0122071 0 0 0 0 0.0182277 2.384 303 55 1 1 0
./complex_md-fit_451.pdb BC A 7.11322 28.742 -9.79024 -6.86672 -12.8638 -24.3666 -0.966242 42.8959 -23.6813 4.85094 8.37941 2.66801 0 0 0 0.160247 2.46103 0 0 0 0 0 0 2.384 303 53 0 0 0
./complex_md-fit_452.pdb BC A 7.66867 35.8965 -3.37419 -7.95661 -8.2519 -23.0043 -1.05371 41.1807 -22.5625 7.70688 6.32207 3.32762 0 0 0 0.88634 2.68605 0.00226777 0 0 0 0 0.0289168 2.384 303 49 1 1 0
./complex_md-fit_453.pdb BC A 8.82121 34.2423 -8.75654 -8.40444 -10.5885 -22.9772 -1.15277 40.2661 -22.4135 6.70222 6.47393 2.78326 0 0 0 0.554325 2.01038 0 0 0 0 0 0 2.384 303 51 1 1 0
./complex_md-fit_454.pdb BC A 7.87941 38.8484 -6.81321 -8.43359 -12.9887 -24.3171 -1.06285 41.9373 -23.9407 7.61198 9.7384 4.13951 0 0 0 0.502588 2.57882 0 0 0 0 0 0 2.384 303 53 3 3 0
./complex_md-fit_455.pdb BC A 9.51673 38.7399 -5.50414 -8.15019 -13.1005 -24.2222 -1.30414 44.2572 -23.3841 8.29897 8.71487 3.12731 0 0 0 0.217132 2.32563 0.0202594 0 0 0 0 0.0213247 2.384 303 54 2 2 0
./complex_md-fit_456.pdb BC A 10.1421 29.3719 -10.0439 -8.40033 -14.6464 -23.2282 -0.977043 40.3804 -23.1282 9.35975 7.688 2.48756 0 0 0 0.434743 2.61087 -0.0143818 0 0 0 0 0 2.384 303 51 2 2 0
./complex_md-fit_457.pdb BC A 8.50852 37.6822 -9.67451 -7.50444 -10.1202 -22.6404 -0.971127 39.2335 -22.4687 4.43791 6.22277 3.89247 0 0 0 0.218189 2.92767 0 0 0 0 0 0.0255285 2.384 303 53 1 1 0
./complex_md-fit_458.pdb BC A 8.29628 29.9401 -14.8674 -10.0124 -16.9614 -25.1227 -1.28528 46.4257 -24.3635 3.01789 8.50707 4.69167 0 0 0 0.193852 2.75435 -5.55112e-17 0 0 0 0 0.0416942 2.384 303 54 0 0 0
./complex_md-fit_459.pdb BC A 7.73713 34.3972 -2.08908 -6.51347 -13.488 -25.1137 -1.12525 47.7421 -24.1232 7.3025 8.58711 4.4697 0 0 0 0.165267 4.23754 0 0 0 0 0 0.0078572 2.384 303 56 1 1 0
./complex_md-fit_45.pdb BC A 6.85386 37.2842 -12.2457 -6.63803 -14.1846 -22.2185 -0.816851 39.1148 -22.0914 2.92345 7.82247 3.07569 0 0 0 0.72971 1.95515 1.11022e-16 0 0 0 0 0.0374543 2.384 303 54 0 0 0
./complex_md-fit_460.pdb BC A 9.32664 33.9704 -7.85693 -6.79974 -14.9756 -24.2968 -0.965165 45.77 -23.561 4.31598 9.04127 3.10887 0 0 0 0.51885 3.18875 -0.0135447 0 0 0 0 0 2.384 303 54 0 0 0
./complex_md-fit_461.pdb BC A 8.31655 28.3136 -3.63581 -10.0591 -14.9041 -25.4818 -1.08916 48.395 -24.4028 7.96373 10.5331 4.93405 0 0 0 0.47266 3.81555 -0.0157904 0 0 0 0 0.018429 2.384 303 54 2 2 0
./complex_md-fit_462.pdb BC A 9.80563 37.8934 -7.75163 -10.7239 -11.5703 -24.8378 -0.948883 46.0252 -24.254 5.87346 9.18832 3.18912 0 0 0 0.287329 3.36664 0 0 0 0 0 0.0197225 2.384 303 53 0 0 0
./complex_md-fit_463.pdb BC A 9.53767 36.4008 -2.39518 -7.98521 -11.7723 -25.1662 -1.0456 47.0442 -24.1171 8.40057 7.2874 4.08229 0 0 0 0.861362 3.83042 0.00316716 0 0 0 0 0.0121857 2.384 303 54 2 2 0
./complex_md-fit_464.pdb BC A 10.2599 35.9621 -14.8072 -10.791 -13.0059 -23.7236 -1.01775 41.6535 -23.3585 2.83726 8.40472 3.736 0 0 0 0.458108 2.90321 0 0 0 0 0 0 2.384 303 56 0 0 0
./complex_md-fit_465.pdb BC A 6.83467 31.735 -11.2493 -11.4897 -12.8724 -24.5441 -1.03443 43.0576 -23.9722 5.97215 8.77957 4.60749 0 0 0 0.246752 2.48157 0 0 0 0 0 0 2.384 303 52 1 1 0
./complex_md-fit_466.pdb BC A 7.39891 37.3905 -6.68374 -8.77288 -10.6922 -23.5205 -1.18868 41.0523 -23.2838 7.11134 7.4549 4.96258 0 0 0 0.173581 2.81433 0 0 0 0 0 0.0196628 2.384 303 53 0 0 0
./complex_md-fit_467.pdb BC A 8.52808 29.0495 -14.0963 -10.1599 -13.3261 -22.1383 -1.00779 39.0983 -21.8954 4.05589 8.19654 2.9101 0 0 0 0.149559 2.87597 0 0 0 0 0 0.0208364 2.384 303 53 1 1 0
./complex_md-fit_468.pdb BC A 8.93468 30.2143 -8.47637 -7.55 -13.1255 -24.4119 -1.17473 44.7293 -23.7802 4.34154 7.61108 4.76907 0 0 0 0.129291 3.04098 -0.0143943 0 0 0 0 0 2.384 303 51 0 0 0
./complex_md-fit_469.pdb BC A 9.58224 31.6693 -10.2814 -9.45284 -14.3439 -24.6897 -1.06316 44.0655 -24.1729 6.91515 7.2995 4.51887 0 0 0 0.633001 2.68138 -0.0116782 0 0 0 0 0.0207203 2.384 303 57 0 0 0
./complex_md-fit_46.pdb BC A 8.61437 30.1487 -7.96032 -6.71241 -14.5455 -22.8704 -0.916978 41.3442 -22.3907 7.173 7.68796 2.58127 0 0 0 0.689236 1.86924 0 0 0 0 0 0 2.384 303 50 1 1 0
./complex_md-fit_470.pdb BC A 5.55415 31.0902 -10.619 -8.22531 -12.6733 -25.4996 -1.03497 45.5995 -24.877 4.82112 7.28327 3.30268 0 0 0 0.700049 3.28584 -0.0154 0 0 0 0 0 2.384 303 53 0 0 0
./complex_md-fit_471.pdb BC A 7.37078 31.8833 -11.4795 -9.32996 -15.3739 -23.9654 -1.14068 42.5817 -23.3926 6.36404 7.56281 5.03139 0 0 0 0.163141 2.94184 0.0199371 0 0 0 0 0 2.384 303 54 0 0 0
./complex_md-fit_472.pdb BC A 6.8312 41.1214 -13.6968 -9.3212 -14.9744 -25.0817 -1.18933 43.233 -24.8619 6.56198 8.03284 3.66108 0 0 0 0.263259 3.98633 -0.0204393 0 0 0 0 0 2.384 303 53 2 2 0
./complex_md-fit_473.pdb BC A 7.26208 35.729 -8.10358 -6.64129 -12.032 -22.7561 -1.05636 39.2548 -22.6103 7.33491 6.54921 3.47099 0 0 0 0.363666 3.3787 0 0 0 0 0 0.0188589 2.384 303 52 2 2 0
./complex_md-fit_474.pdb BC A 7.58267 38.6231 -2.2999 -7.53946 -8.67229 -23.5901 -0.916628 41.6041 -23.1845 8.43393 6.18206 4.71427 0 0 0 0.642389 2.91851 -1.11022e-16 0 0 0 0 0.026295 2.384 303 57 2 2 0
./complex_md-fit_475.pdb BC A 8.93191 28.0913 -13.6854 -9.7644 -14.1799 -24.873 -1.20917 45.2423 -23.9676 4.06737 7.9271 2.8858 0 0 0 0.207177 2.86417 -0.0210812 0 0 0 0 0 2.384 303 56 2 2 0
./complex_md-fit_476.pdb BC A 9.75175 36.0038 -10.8818 -8.81819 -11.5011 -24.3564 -1.0173 42.4219 -23.7074 3.30736 7.6653 4.25035 0 0 0 0.873556 2.29063 3.68046e-05 0 0 0 0 0 2.384 303 53 0 0 0
./complex_md-fit_477.pdb BC A 7.35992 27.7994 -11.7953 -10.6356 -15.4084 -25.4866 -1.31596 44.8377 -24.6598 8.07712 8.69973 3.92485 0 0 0 0.186346 2.91577 -0.0147162 0 0 0 0 0 2.384 303 53 2 2 0
./complex_md-fit_478.pdb BC A 5.45447 36.2364 -9.72265 -7.34121 -11.3246 -23.7639 -1.06468 40.9241 -23.7439 4.72523 7.15233 4.52448 0 0 0 0.189501 2.58039 0 0 0 0 0 1.11022e-16 2.384 303 52 0 0 0
./complex_md-fit_479.pdb BC A 6.96811 29.2199 -12.3935 -9.06147 -12.5298 -23.7259 -1.06149 39.8972 -23.1167 5.68672 6.91151 4.28408 0 0 0 0.289175 2.29932 0 0 0 0 0 0.0331657 2.384 303 53 0 0 0
./complex_md-fit_47.pdb BC A 7.8195 29.3142 -7.70771 -6.18586 -10.6712 -20.7275 -0.737429 37.1342 -20.4088 3.52559 7.18809 2.74307 0 0 0 0.432072 1.85655 -2.77556e-17 0 0 0 0 0 2.384 303 46 1 1 0
./complex_md-fit_480.pdb BC A 7.35586 39.1127 -11.8099 -11.3735 -17.0307 -26.0022 -1.2166 46.4122 -25.4713 7.33337 10.4302 4.80604 0 0 0 0.317267 2.98774 -0.0147909 0 0 0 0 1.11022e-16 2.384 303 54 1 1 0
./complex_md-fit_481.pdb BC A 8.23726 36.4386 -11.9911 -8.79721 -14.1911 -24.7508 -1.10707 44.6195 -23.7547 5.95858 6.82105 2.84156 0 0 0 0.349525 3.46599 0 0 0 0 0 0.0195817 2.384 303 55 0 0 0
./complex_md-fit_482.pdb BC A 9.23787 28.9074 -8.61215 -8.52259 -12.6595 -25.3235 -1.03971 45.0351 -25.2324 6.56075 9.09443 2.89318 0 0 0 0.606358 3.43563 -0.0243449 0 0 0 0 0 2.384 303 54 1 1 0
./complex_md-fit_483.pdb BC A 7.66996 35.487 -12.5384 -10.6965 -14.5655 -26.1491 -0.920911 46.8446 -25.8028 5.23774 9.13416 4.05188 0 0 0 0.316314 2.89356 0.0116771 0 0 0 0 0 2.384 303 54 0 0 0
./complex_md-fit_484.pdb BC A 8.3327 31.9212 -17.5888 -11.5911 -15.7746 -26.5315 -1.03876 45.6783 -25.9205 4.73804 7.86526 4.78069 0 0 0 0.224406 2.96251 -0.0189799 0 0 0 0 0 2.384 303 53 0 0 0
./complex_md-fit_485.pdb BC A 9.43936 30.2781 -2.88784 -9.20193 -11.8154 -26.1006 -1.32825 48.4578 -25.1482 7.79559 8.74209 5.26416 0 0 0 0.477824 3.49638 -0.0309869 0 0 0 0 0 2.384 303 54 2 2 0
./complex_md-fit_486.pdb BC A 6.63839 36.9864 -9.90301 -10.7154 -15.0818 -25.1532 -1.24507 46.0567 -23.9064 5.65539 9.16086 5.1122 0 0 0 0.213756 4.08702 0 0 0 0 0 0 2.384 303 52 0 0 0
./complex_md-fit_487.pdb BC A 9.6738 32.1144 -9.1394 -9.4494 -14.9738 -24.1975 -1.13517 44.4792 -23.4603 5.41464 9.35332 4.16332 0 0 0 0.666291 2.32785 0 0 0 0 0 0 2.384 303 52 0 0 0
./complex_md-fit_488.pdb BC A 9.22564 33.7955 -5.25622 -7.56068 -15.0244 -25.7379 -1.29573 47.8369 -24.8378 6.43763 10.2086 4.31139 0 0 0 0.405766 2.54746 0 0 0 0 0 0 2.384 303 53 0 0 0
./complex_md-fit_489.pdb BC A 6.77193 30.9805 -1.17701 -8.03225 -13.0672 -24.8883 -0.948787 47.1703 -23.5643 8.14899 10.3252 3.55796 0 0 0 0.121325 3.16795 0 0 0 0 0 0 2.384 303 53 3 3 0
./complex_md-fit_48.pdb BC A 9.12182 34.5997 -6.79818 -4.66067 -12.3419 -21.3721 -0.755794 38.8057 -21.2441 4.78602 6.27061 3.18679 0 0 0 0.542777 1.88541 -0.0154019 0 0 0 0 0 2.384 303 46 0 0 0
./complex_md-fit_490.pdb BC A 8.97235 26.7642 -3.02962 -7.10373 -13.5055 -24.7944 -1.34701 45.9603 -23.5683 8.6919 8.85728 3.65621 0 0 0 0.123604 3.93094 0 0 0 0 0 0 2.384 303 54 2 2 0
./complex_md-fit_491.pdb BC A 9.03313 31.2616 -6.9159 -7.70547 -13.1193 -21.8654 -1.07539 40.0627 -20.9117 5.44206 8.00908 3.88536 0 0 0 0.362173 2.35349 0 0 0 0 0 0 2.384 303 50 0 0 0
./complex_md-fit_492.pdb BC A 7.36787 24.4481 -1.2554 -3.7907 -12.2579 -22.7351 -1.2866 41.4295 -21.657 7.81815 7.55984 3.54626 0 0 0 0.10189 3.1289 0 0 0 0 0 0.0162749 2.384 303 52 2 2 0
./complex_md-fit_493.pdb BC A 9.32175 30.8812 1.8848 -5.62343 -6.87725 -22.5897 -1.0428 40.6604 -21.4132 8.53517 6.17491 3.85684 0 0 0 0.184764 2.71263 0 0 0 0 0 0.0190404 2.384 303 53 2 2 0
./complex_md-fit_494.pdb BC A 11.8671 34.0461 -9.87355 -5.71635 -9.88188 -23.6991 -1.09668 41.0736 -23.2408 3.60034 5.60702 2.61574 0 0 0 0.864616 2.75319 0 0 0 0 0 0 2.384 303 52 0 0 0
./complex_md-fit_495.pdb BC A 8.76079 31.3844 -10.201 -7.89812 -11.322 -23.9831 -0.897216 42.6589 -23.9953 4.26422 6.97888 3.84054 0 0 0 0.140287 2.57768 -0.0147223 0 0 0 0 0.0266109 2.384 303 54 1 1 0
./complex_md-fit_496.pdb BC A 7.74743 24.0245 -6.18071 -5.72588 -12.9669 -22.0361 -1.05019 40.449 -21.2411 7.55815 6.25799 2.43554 0 0 0 0.138819 2.5318 0 0 0 0 0 0 2.384 303 51 2 2 0
./complex_md-fit_497.pdb BC A 7.24127 25.6965 -5.86191 -6.78042 -9.1223 -22.9533 -0.870971 40.1628 -22.627 6.95297 5.06547 4.15949 0 0 0 0.151406 2.57738 0 0 0 0 0 0 2.384 303 53 1 1 0
./complex_md-fit_498.pdb BC A 6.51584 28.048 -10.2315 -6.20217 -11.8264 -23.8379 -1.00099 40.543 -23.8649 5.76613 6.61616 3.38321 0 0 0 0.192283 2.82379 0 0 0 0 0 0 2.384 303 51 0 0 0
./complex_md-fit_499.pdb BC A 7.03336 35.6986 -8.52826 -6.25863 -11.673 -23.7597 -1.18954 42.0618 -23.273 4.88084 6.51167 3.75641 0 0 0 0.401562 2.31182 -0.0162729 0 0 0 0 0.0296244 2.384 303 54 1 1 0
./complex_md-fit_49.pdb BC A 5.40064 34.8456 -6.21002 -5.86899 -10.4038 -20.4274 -0.865959 36.1139 -20.1024 3.63918 7.17608 3.23667 0 0 0 1.29281 1.64337 -5.55112e-17 0 0 0 0 0 2.384 303 47 0 0 0
./complex_md-fit_4.pdb BC A 7.49088 38.3423 -8.705 -5.57846 -8.9786 -22.8357 -0.801055 37.8993 -23.202 4.61498 5.49662 3.38981 0 0 0 1.2901 2.57597 0 0 0 0 0 0 2.384 303 48 2 2 0
./complex_md-fit_500.pdb BC A 9.47651 31.7041 -4.59786 -6.49675 -12.0874 -23.9542 -1.04017 42.0153 -23.5582 7.63595 7.8028 4.54926 0 0 0 0.535555 3.21575 0 0 0 0 0 0 2.384 303 52 2 2 0
./complex_md-fit_501.pdb BC A 7.32916 37.5036 -2.77359 -6.2649 -12.3335 -24.5471 -0.960338 43.5353 -24.421 8.94815 8.62625 4.46503 0 0 0 0.178584 2.22241 0 0 0 0 0 0 2.384 303 51 3 3 0
./complex_md-fit_502.pdb BC A 9.81978 36.4893 -4.97736 -6.79837 -11.6205 -22.6241 -1.17301 41.3764 -22.263 8.48019 7.35157 1.77342 0 0 0 0.501624 2.61919 0 0 0 0 0 0.0184699 2.384 303 49 3 3 0
./complex_md-fit_503.pdb BC A 6.60526 27.8603 -4.54922 -7.25111 -11.0007 -23.4583 -0.995191 43.6368 -22.7397 5.38761 8.11933 3.61858 0 0 0 0.13346 2.78735 0 0 0 0 0 0 2.384 303 51 1 1 0
./complex_md-fit_504.pdb BC A 9.21043 32.7302 -9.94322 -7.26476 -11.4157 -22.5708 -1.09003 40.9924 -22.0848 3.97397 6.43246 2.77508 0 0 0 0.281358 2.61492 0 0 0 0 0 0.0275403 2.384 303 52 1 1 0
./complex_md-fit_505.pdb BC A 7.97084 29.2651 -10.8621 -7.17897 -12.5311 -24.1458 -1.17807 42.2538 -23.8322 4.17155 7.44917 3.63926 0 0 0 0.525162 3.01419 -0.0348903 0 0 0 0 0 2.384 303 51 0 0 0
./complex_md-fit_506.pdb BC A 9.94426 34.356 -7.87502 -7.18442 -11.8559 -23.1357 -1.1472 41.3318 -22.8574 6.62221 6.82872 3.11716 0 0 0 0.402169 2.76959 0 0 0 0 0 0.00362581 2.384 303 49 1 1 0
./complex_md-fit_507.pdb BC A 7.89953 37.5132 -9.48367 -7.36954 -13.3592 -23.1264 -1.18596 40.0313 -22.4502 3.85575 9.92983 3.85051 0 0 0 0.331785 3.56472 0 0 0 0 0 0.00843615 2.384 303 48 0 0 0
./complex_md-fit_508.pdb BC A 8.52665 30.54 -8.0434 -6.48797 -12.9831 -23.0777 -1.27183 41.6473 -22.7095 3.56167 9.05111 3.58714 0 0 0 0.636258 3.85265 0 0 0 0 0 0.00311788 2.384 303 49 0 0 0
./complex_md-fit_509.pdb BC A 8.30432 27.9573 -5.49159 -7.5697 -13.4277 -23.8002 -1.12942 42.4784 -23.5208 6.74903 8.3818 5.22635 0 0 0 1.12073 2.74791 0 0 0 0 0 0 2.384 303 52 0 0 0
./complex_md-fit_50.pdb BC A 8.68289 31.7684 -14.9295 -6.58149 -15.5807 -21.0859 -0.929088 36.3233 -20.725 1.7103 7.41934 3.72825 0 0 0 0.791428 1.30521 -1.11022e-16 0 0 0 0 0 2.384 303 47 0 0 0
./complex_md-fit_510.pdb BC A 7.40522 31.9656 -8.75491 -8.14025 -12.1371 -22.6722 -1.03305 39.2183 -22.4359 6.66502 7.56949 3.70479 0 0 0 0.505915 2.4132 0 0 0 0 0 0 2.384 303 51 2 2 0
./complex_md-fit_511.pdb BC A 7.9995 44.494 -7.78754 -6.2513 -16.9732 -23.5406 -1.33986 43.3515 -22.732 6.59055 9.15443 3.32247 0 0 0 0.619195 2.84342 -0.0092612 0 0 0 0 0.0205865 2.384 303 50 1 1 0
./complex_md-fit_512.pdb BC A 7.89811 36.7581 -7.53628 -9.22797 -11.6304 -23.7229 -1.19626 40.9092 -23.5301 7.56299 8.7377 3.67115 0 0 0 0.899693 2.88056 -0.00937055 0 0 0 0 0 2.384 303 54 1 1 0
./complex_md-fit_513.pdb BC A 7.44755 34.9655 -6.52841 -6.99639 -14.5583 -23.5011 -1.0908 41.7413 -23.0008 7.68441 8.09773 4.90939 0 0 0 0.186144 2.68288 0 0 0 0 0 0 2.384 303 51 3 3 0
./complex_md-fit_514.pdb BC A 8.33258 35.2472 -4.07448 -5.2118 -10.2061 -23.0147 -0.924444 41.1121 -22.874 4.73489 7.38512 3.96562 0 0 0 0.958854 2.91016 0 0 0 0 0 0 2.384 303 48 0 0 0
./complex_md-fit_515.pdb BC A 9.14495 31.7241 -9.81852 -7.04827 -13.552 -22.2282 -1.07329 40.1761 -22.0199 4.49596 7.57742 3.7563 0 0 0 0.097331 2.63631 0 0 0 0 0 0 2.384 303 50 2 2 0
./complex_md-fit_516.pdb BC A 6.77498 31.9071 -5.35003 -6.80394 -13.0382 -23.0177 -1.03054 41.5423 -22.6133 6.24391 8.93496 3.96287 0 0 0 0.469629 2.80107 0 0 0 0 0 0 2.384 303 48 2 2 0
./complex_md-fit_517.pdb BC A 8.21069 29.8641 -6.49561 -5.77934 -11.5737 -22.9281 -1.131 41.2695 -22.5391 5.41694 7.37785 3.21271 0 0 0 0.170927 2.64643 -5.55112e-17 0 0 0 0 0.00776028 2.384 303 50 0 0 0
./complex_md-fit_518.pdb BC A 8.02508 31.9746 -4.69613 -6.3867 -8.93707 -22.6739 -1.09158 41.093 -22.0397 7.47912 6.01803 1.73131 0 0 0 0.111393 2.09914 0 0 0 0 0 0 2.384 303 48 2 2 0
./complex_md-fit_519.pdb BC A 8.19271 30.7961 -5.28494 -5.24239 -9.62618 -22.2813 -0.955568 38.4711 -22.192 6.2087 5.71445 4.35117 0 0 0 0.26701 2.43873 0 0 0 0 0 0 2.384 303 52 1 1 0
./complex_md-fit_51.pdb BC A 9.46276 31.2362 -15.0966 -7.05794 -12.9117 -21.2412 -0.757616 36.4909 -21.3301 1.56186 5.68801 4.19251 0 0 0 0.268749 2.16523 -5.55112e-17 0 0 0 0 0 2.384 303 48 0 0 0
./complex_md-fit_520.pdb BC A 7.61217 35.1264 -6.50791 -5.81999 -10.3383 -22.586 -1.10149 39.3077 -22.3748 7.27847 6.11726 2.72474 0 0 0 0.259477 2.56001 0 0 0 0 0 0.0250012 2.384 303 52 1 1 0
./complex_md-fit_521.pdb BC A 10.4397 27.9953 -8.18458 -7.37343 -11.3511 -23.9423 -1.14903 42.0705 -23.4286 4.6443 7.56567 4.47457 0 0 0 0.309903 2.87236 -0.00508869 0 0 0 0 0 2.384 303 51 0 0 0
./complex_md-fit_522.pdb BC A 7.74477 37.1778 -2.07453 -5.11857 -11.4192 -22.9098 -1.26627 41.9247 -22.3178 8.24096 7.54494 2.80091 0 0 0 0.441801 2.37694 0.003814 0 0 0 0 0 2.384 303 51 2 2 0
./complex_md-fit_523.pdb BC A 6.9747 40.8841 -18.5982 -9.78017 -16.069 -23.7321 -1.302 40.7487 -23.4482 2.5358 8.29216 3.89191 0 0 0 0.264713 2.72858 0 0 0 0 0 0 2.384 303 52 0 0 0
./complex_md-fit_524.pdb BC A 9.05931 43.3816 -1.8111 -5.88842 -10.1962 -23.9105 -1.16842 42.6927 -23.5934 8.35499 7.61165 4.08817 0 0 0 0.178335 3.63542 0 0 0 0 0 0.0200064 2.384 303 53 2 2 0
./complex_md-fit_525.pdb BC A 8.4697 37.9632 -9.67055 -6.80433 -13.4665 -22.4623 -1.2386 40.0805 -22.0398 4.82501 7.61798 3.59703 0 0 0 0.250621 2.48926 -0.0302324 0 0 0 0 0 2.384 303 51 0 0 0
./complex_md-fit_526.pdb BC A 7.0023 33.4055 -8.27499 -8.9908 -12.2082 -23.6825 -1.07094 43.0253 -23.0507 5.6823 8.64478 3.16734 0 0 0 0.208416 2.77952 0 0 0 0 0 0 2.384 303 53 0 0 0
./complex_md-fit_527.pdb BC A 7.31398 31.0915 -4.46774 -8.81061 -12.5589 -23.6958 -1.09865 43.5786 -22.8753 8.32058 8.26942 4.2665 0 0 0 0.126018 2.6481 0 0 0 0 0 0.0103568 2.384 303 53 3 3 0
./complex_md-fit_528.pdb BC A 9.80441 32.2602 -10.0662 -7.49799 -14.7065 -24.1971 -1.04504 43.3414 -23.6529 5.48544 9.04187 2.91503 0 0 0 0.280797 2.72714 -0.0313066 0 0 0 0 0 2.384 303 54 1 1 0
./complex_md-fit_529.pdb BC A 6.91392 27.298 -4.4076 -6.75804 -11.4944 -23.2553 -1.10957 42.441 -22.9699 8.62227 7.6875 2.27029 0 0 0 0.168987 2.75122 -0.0104155 0 0 0 0 0 2.384 303 53 3 3 0
./complex_md-fit_52.pdb BC A 8.33978 31.5395 -17.7385 -7.97368 -15.2231 -22.0218 -0.981641 38.3823 -21.5297 1.41532 7.05759 3.03001 0 0 0 0.128089 1.99383 -0.0280686 0 0 0 0 0.00622374 2.384 303 49 0 0 0
./complex_md-fit_530.pdb BC A 8.83117 31.5575 -8.62923 -8.96738 -13.4106 -24.3402 -1.14295 42.8691 -23.7765 6.21961 9.96124 3.45109 0 0 0 0.50729 3.73604 0 0 0 0 0 0 2.384 303 53 1 1 0
./complex_md-fit_531.pdb BC A 6.96936 32.6453 -6.21693 -8.48001 -14.489 -24.1611 -1.16909 43.9903 -23.0498 8.53679 8.77405 3.49653 0 0 0 0.334482 2.69797 5.55112e-17 0 0 0 0 0 2.384 303 50 2 2 0
./complex_md-fit_532.pdb BC A 10.8235 35.2913 -11.6755 -10.0945 -16.1708 -24.2898 -1.19962 43.6447 -23.3214 3.95203 10.0134 5.06167 0 0 0 0.715836 2.9395 5.55112e-17 0 0 0 0 0.0129463 2.384 303 51 0 0 0
./complex_md-fit_533.pdb BC A 6.72582 32.6674 -12.1751 -8.15601 -14.7517 -24.0235 -1.26782 42.9206 -23.1128 4.5475 8.08694 2.68796 0 0 0 0.893732 2.48777 0 0 0 0 0 0 2.384 303 48 0 0 0
./complex_md-fit_534.pdb BC A 6.94015 34.5286 -5.27025 -8.17958 -15.9961 -25.8618 -1.29098 46.9646 -24.8782 8.14078 10.3702 4.70207 0 0 0 0.725609 3.18905 -6.93889e-18 0 0 0 0 0.0331575 2.384 303 51 1 1 0
./complex_md-fit_535.pdb BC A 7.81726 34.8494 -14.4209 -9.26365 -16.536 -24.0039 -1.18837 42.9152 -23.1297 4.56369 8.9362 3.00292 0 0 0 0.282603 2.74348 0 0 0 0 0 0 2.384 303 51 0 0 0
./complex_md-fit_536.pdb BC A 7.86931 29.1261 -6.61018 -7.12103 -11.6662 -23.4263 -1.18385 43.2957 -22.4346 5.76448 8.00105 1.86471 0 0 0 0.289758 2.70881 0 0 0 0 0 0.00596209 2.384 303 51 0 0 0
./complex_md-fit_537.pdb BC A 7.28198 35.2914 -9.90098 -7.88722 -10.8037 -22.7729 -1.30123 39.8594 -21.9252 5.76719 6.81472 1.94365 0 0 0 0.411973 3.87072 -0.00762168 0 0 0 0 0 2.384 303 54 1 1 0
./complex_md-fit_538.pdb BC A 8.43809 35.3304 -5.52143 -7.17549 -11.1619 -23.9374 -1.15544 43.7328 -23.3167 5.28648 7.87553 3.56569 0 0 0 0.765071 3.04896 0 0 0 0 0 0 2.384 303 51 1 1 0
./complex_md-fit_539.pdb BC A 8.15152 36.6417 -9.66041 -8.31802 -10.9437 -23.1876 -1.00127 40.027 -22.5844 6.13973 6.3644 3.65242 0 0 0 0.180334 2.91285 0 0 0 0 0 0.0106394 2.384 303 54 3 3 0
./complex_md-fit_53.pdb BC A 7.69858 32.0739 -8.38008 -5.6923 -12.2811 -22.5069 -0.956204 39.5584 -22.0223 3.82745 8.5057 2.79079 0 0 0 0.42329 2.39021 -0.0269095 0 0 0 0 0 2.384 303 48 0 0 0
./complex_md-fit_540.pdb BC A 10.1147 37.0356 -8.40261 -7.62152 -13.6213 -23.6064 -1.2133 42.2305 -23.1399 5.45211 8.82779 4.11373 0 0 0 0.175653 2.89879 0 0 0 0 0 0 2.384 303 49 0 0 0
./complex_md-fit_541.pdb BC A 6.22373 32.7076 -5.5163 -7.12986 -12.7806 -22.2049 -1.27718 40.3961 -21.9336 8.64151 7.92206 2.53245 0 0 0 0.328978 2.83264 -0.0112228 0 0 0 0 0 2.384 303 51 3 3 0
./complex_md-fit_542.pdb BC A 7.43096 27.9983 -6.11745 -7.67674 -13.9065 -24.46 -1.46474 44.3609 -23.5393 7.28214 8.37112 4.37053 0 0 0 0.498805 2.87054 0.0206112 0 0 0 0 0.0256788 2.384 303 53 3 3 0
./complex_md-fit_543.pdb BC A 6.40957 33.9052 -8.85742 -6.83962 -16.2384 -23.2939 -1.29091 41.7651 -22.8182 6.55305 8.86784 4.28069 0 0 0 0.156925 3.01764 -1.11022e-16 0 0 0 0 0 2.384 303 51 1 1 0
./complex_md-fit_544.pdb BC A 6.39186 37.7817 -5.7061 -6.5386 -9.35155 -22.5337 -1.05149 40.4762 -22.2729 5.54898 6.27715 3.28633 0 0 0 0.465464 2.58044 -0.0243405 0 0 0 0 0.0123167 2.384 303 52 0 0 0
./complex_md-fit_545.pdb BC A 11.5623 38.0026 -4.0018 -6.55937 -13.4186 -22.9483 -1.28927 41.7329 -22.4071 7.46305 9.63966 3.50748 0 0 0 0.288949 2.83381 -0.0112348 0 0 0 0 0 2.384 303 53 1 1 0
./complex_md-fit_546.pdb BC A 8.51673 27.7643 -8.74118 -7.15815 -15.7097 -22.7757 -1.22093 40.3351 -22.1155 6.63778 8.82769 4.02533 0 0 0 0.412908 3.36505 0 0 0 0 0 0 2.384 303 50 1 1 0
./complex_md-fit_547.pdb BC A 9.11168 34.2934 -3.64766 -7.63192 -13.1177 -24.5547 -1.3542 44.9911 -23.8042 8.15534 8.88595 3.94186 0 0 0 0.839661 3.03709 0 0 0 0 0 0.0012252 2.384 303 51 3 3 0
./complex_md-fit_548.pdb BC A 9.20653 31.1557 -7.11419 -6.94503 -11.2793 -23.3691 -1.18075 41.8593 -22.9776 5.15097 8.45393 2.8641 0 0 0 0.3092 2.93112 5.55112e-17 0 0 0 0 0 2.384 303 52 2 2 0
./complex_md-fit_549.pdb BC A 10.066 30.8041 -12.4502 -10.1838 -15.7187 -25.9063 -1.44389 45.9407 -25.4021 6.0452 10.6258 3.12214 0 0 0 0.470715 2.98379 0 0 0 0 0 0 2.384 303 53 1 1 0
./complex_md-fit_54.pdb BC A 7.89525 29.3013 -16.3984 -6.97527 -16.1944 -20.9348 -0.938637 36.8651 -20.218 0.882904 8.14114 2.597 0 0 0 0.365154 2.05484 0 0 0 0 0 0.01148 2.384 303 52 0 0 0
./complex_md-fit_550.pdb BC A 7.64723 34.7417 -5.52316 -7.36056 -12.435 -23.0628 -1.26018 42.0897 -22.1891 6.03148 8.84207 3.71457 0 0 0 0.106644 2.60892 5.55112e-17 0 0 0 0 0 2.384 303 52 1 1 0
./complex_md-fit_551.pdb BC A 7.56095 35.515 -7.20525 -8.65807 -12.3302 -24.2912 -1.41864 44.227 -24.1109 5.99733 9.94941 3.08692 0 0 0 0.369076 2.91545 -0.025924 0 0 0 0 0 2.384 303 54 1 1 0
./complex_md-fit_552.pdb BC A 8.1206 35.0303 -13.791 -9.6131 -13.521 -24.8078 -1.05347 43.4653 -24.7995 3.928 9.30618 3.1446 0 0 0 0.132387 2.9633 0 0 0 0 0 0.0274255 2.384 303 53 1 1 0
./complex_md-fit_553.pdb BC A 7.57666 28.6905 -4.85447 -6.60886 -14.4921 -24.9136 -1.20182 45.2937 -24.0526 6.80127 9.26788 4.48709 0 0 0 0.538801 2.99927 0 0 0 0 0 0.0256954 2.384 303 51 2 2 0
./complex_md-fit_554.pdb BC A 8.21065 36.6298 -7.02588 -8.52006 -13.8566 -24.229 -1.19436 43.3546 -23.521 7.73795 8.89178 3.74364 0 0 0 0.535152 2.83792 -1.11022e-16 0 0 0 0 0.0320094 2.384 303 51 0 0 0
./complex_md-fit_555.pdb BC A 7.60325 41.467 -5.74078 -7.34237 -12.3316 -23.7784 -0.978391 43.6034 -23.3477 4.18862 9.43997 4.24207 0 0 0 0.563557 2.95753 1.11022e-16 0 0 0 0 0 2.384 303 55 0 0 0
./complex_md-fit_556.pdb BC A 8.18908 31.6774 -7.98658 -7.15279 -12.518 -23.7985 -1.11439 43.426 -23.1398 4.56697 7.5105 3.66344 0 0 0 0.596415 2.83814 -0.0318215 0 0 0 0 0.00552199 2.384 303 54 1 1 0
./complex_md-fit_557.pdb BC A 10.9796 31.199 -8.87514 -7.90403 -14.7818 -24.1174 -1.17927 44.3921 -23.6632 5.24629 9.71702 3.13628 0 0 0 0.309583 3.15741 -0.0306615 0 0 0 0 0 2.384 303 53 1 1 0
./complex_md-fit_558.pdb BC A 9.17498 38.1345 -2.29475 -8.01456 -10.4889 -24.0042 -1.10328 44.2604 -23.071 7.1363 8.27253 4.36183 0 0 0 0.326639 2.81246 0 0 0 0 0 0.0294448 2.384 303 53 2 2 0
./complex_md-fit_559.pdb BC A 7.08568 32.7443 -9.18924 -10.1155 -11.1196 -23.5986 -1.09061 41.6152 -23.0418 5.97539 8.92418 2.94592 0 0 0 0.316181 2.64213 -1.11022e-16 0 0 0 0 0 2.384 303 50 1 1 0
./complex_md-fit_55.pdb BC A 8.02302 35.2578 -16.1951 -7.99525 -14.4911 -21.5526 -0.909118 36.9767 -21.057 1.86263 7.82191 2.94272 0 0 0 0.181379 2.07241 0 0 0 0 0 0.0246574 2.384 303 50 0 0 0
./complex_md-fit_560.pdb BC A 7.55572 37.7441 -11.414 -7.49916 -16.1647 -24.8286 -1.33795 44.7152 -24.0094 5.9796 9.00476 2.33937 0 0 0 0.386794 2.8565 0 0 0 0 0 0 2.384 303 54 0 0 0
./complex_md-fit_561.pdb BC A 7.10898 38.4121 -14.5466 -8.97386 -16.8416 -24.1164 -1.25098 42.9235 -23.3004 5.25791 8.87846 2.71945 0 0 0 0.157451 2.49958 0 0 0 0 0 0 2.384 303 51 1 1 0
./complex_md-fit_562.pdb BC A 8.66867 36.7131 -4.65472 -7.20835 -14.1634 -24.771 -1.17416 45.3681 -23.9498 7.88322 8.82496 4.31255 0 0 0 0.223241 2.98126 0 0 0 0 0 0 2.384 303 53 2 2 0
./complex_md-fit_563.pdb BC A 8.86528 26.3388 -4.69234 -7.81757 -13.3613 -24.2983 -1.22651 44.9747 -23.2545 6.42331 9.08118 3.9699 0 0 0 0.787207 2.7903 0 0 0 0 0 0.0295579 2.384 303 54 0 0 0
./complex_md-fit_564.pdb BC A 8.19533 34.6532 -8.35026 -7.28489 -11.2385 -23.0081 -1.07643 39.2668 -22.8601 6.23173 7.75309 3.43658 0 0 0 0.439081 4.31213 -0.00942206 0 0 0 0 0 2.384 303 50 1 1 0
./complex_md-fit_565.pdb BC A 8.75917 37.3613 -6.55738 -6.55156 -13.1958 -23.5111 -1.15013 42.525 -22.9846 7.88449 7.54117 2.72362 0 0 0 0.149409 2.82817 -0.0094892 0 0 0 0 0.0216438 2.384 303 54 0 0 0
./complex_md-fit_566.pdb BC A 7.91924 36.8975 -7.21669 -5.85339 -10.9248 -22.8622 -1.16111 40.2009 -22.566 5.21699 7.49329 2.83042 0 0 0 0.396281 2.92493 5.55112e-17 0 0 0 0 0.0130088 2.384 303 50 1 1 0
./complex_md-fit_567.pdb BC A 6.3468 31.6566 -3.74376 -7.09047 -10.2708 -23.3619 -1.08322 40.631 -23.0951 8.79574 7.25567 4.0238 0 0 0 0.433242 2.79343 0 0 0 0 0 0.0182915 2.384 303 53 4 4 0
./complex_md-fit_568.pdb BC A 8.98695 33.0464 -5.96325 -7.9982 -12.1177 -23.3516 -1.27267 42.3584 -23.0751 7.23818 8.26883 3.83537 0 0 0 0.145191 3.06966 0.00603269 0 0 0 0 0 2.384 303 52 1 1 0
./complex_md-fit_569.pdb BC A 6.26358 32.9929 -7.61084 -4.55414 -12.9796 -22.5046 -1.19124 40.3181 -21.8991 3.5885 7.5699 3.96151 0 0 0 0.0588139 2.613 0 0 0 0 0 0.0210009 2.384 303 50 0 0 0
./complex_md-fit_56.pdb BC A 6.59976 40.4225 -15.6798 -9.86136 -16.3796 -22.3384 -1.08469 39.7248 -21.5695 2.89047 10.1283 2.20916 0 0 0 0.585865 2.22978 0 0 0 0 0 0.0151521 2.384 303 49 0 0 0
./complex_md-fit_570.pdb BC A 8.14371 34.4419 -7.74076 -6.11227 -13.2065 -22.4703 -1.16369 40.994 -21.4975 4.26049 8.20931 2.52264 0 0 0 0.723066 2.92406 0 0 0 0 0 0 2.384 303 50 1 1 0
./complex_md-fit_571.pdb BC A 7.00783 36.3203 -4.74827 -7.50867 -11.0111 -23.8443 -1.13695 41.9409 -22.956 6.89967 8.10069 4.56186 0 0 0 0.205692 2.11561 0 0 0 0 0 0 2.384 303 53 3 3 0
./complex_md-fit_572.pdb BC A 8.62871 33.239 -9.3338 -8.56296 -12.7509 -24.0265 -1.3008 43.2842 -23.3275 4.13127 7.77455 4.94594 0 0 0 0.483864 2.67122 -0.0126248 0 0 0 0 0.0277187 2.384 303 53 1 1 0
./complex_md-fit_573.pdb BC A 8.97711 38.201 -10.4583 -5.98451 -13.6449 -24.4162 -1.25474 42.3541 -23.9476 5.42384 7.69716 2.61107 0 0 0 0.682521 2.82152 0 0 0 0 0 0.0209314 2.384 303 55 1 1 0
./complex_md-fit_574.pdb BC A 8.1018 37.4201 0.679745 -5.03036 -10.2382 -22.7844 -1.10499 42.3893 -22.6457 8.31254 7.91394 3.21954 0 0 0 0.648031 2.56328 0 0 0 0 0 0 2.384 303 52 1 1 0
./complex_md-fit_575.pdb BC A 8.81461 32.7557 -1.85394 -7.5399 -11.5164 -23.1362 -1.23401 42.2565 -22.8773 9.89313 7.77901 4.25485 0 0 0 0.240251 2.47275 0 0 0 0 0 0.0261651 2.384 303 54 4 4 0
./complex_md-fit_576.pdb BC A 9.67001 30.305 -10.9028 -8.92877 -13.1074 -24.6513 -1.12115 44.1591 -23.9731 5.19422 8.12363 2.873 0 0 0 0.528872 4.04189 0 0 0 0 0 0 2.384 303 55 0 0 0
./complex_md-fit_577.pdb BC A 7.9023 30.8963 -13.25 -10.8459 -11.3751 -24.6526 -1.14299 43.8535 -24.4863 3.51053 7.34075 4.41076 0 0 0 0.137255 3.20847 0 0 0 0 0 0 2.384 303 52 0 0 0
./complex_md-fit_578.pdb BC A 8.64669 29.95 -4.78456 -7.5695 -12.3728 -24.116 -1.23144 44.0167 -23.4695 7.32485 8.47267 3.76764 0 0 0 0.35948 4.02866 0 0 0 0 0 0.033367 2.384 303 53 2 2 0
./complex_md-fit_579.pdb BC A 7.32733 38.9422 -10.7048 -6.4864 -12.4592 -24.5103 -1.18247 43.1472 -24.2122 3.73576 7.72271 3.03571 0 0 0 0.504365 4.25749 0 0 0 0 0 0 2.384 303 51 0 0 0
./complex_md-fit_57.pdb BC A 9.31609 30.0388 -13.5616 -6.05669 -13.9745 -21.7341 -0.905976 37.2906 -21.8002 1.51113 8.58294 3.04942 0 0 0 0.475736 1.94385 0 0 0 0 0 0 2.384 303 51 0 0 0
./complex_md-fit_580.pdb BC A 10.2177 35.5493 -1.44184 -6.62883 -11.7889 -23.1979 -1.2144 42.2181 -22.2384 9.50688 7.75064 3.30315 0 0 0 0.861917 2.65337 -0.027683 0 0 0 0 0.0135678 2.384 303 50 2 2 0
./complex_md-fit_581.pdb BC A 8.46108 28.7736 -0.712568 -7.0289 -8.24929 -23.1158 -1.18271 40.7622 -22.8751 9.26513 7.19555 4.14001 0 0 0 0.376277 2.46423 0 0 0 0 0 0 2.384 303 50 1 1 0
./complex_md-fit_582.pdb BC A 6.28315 34.1457 -2.39537 -8.08217 -9.1276 -23.5393 -0.878138 42.2107 -23.1254 7.24452 7.91047 4.2067 0 0 0 0.757148 2.46106 0 0 0 0 0 0.0276282 2.384 303 55 2 2 0
./complex_md-fit_583.pdb BC A 10.9129 35.3877 -10.6023 -7.71731 -12.5335 -23.1645 -1.11281 40.5897 -22.9799 6.16582 7.17478 2.71072 0 0 0 0.292738 2.62316 -0.0280224 0 0 0 0 0 2.384 303 51 2 2 0
./complex_md-fit_584.pdb BC A 6.81486 35.0076 -5.05879 -6.00011 -12.5113 -23.7539 -1.15347 40.4811 -23.5933 9.55004 7.59688 3.03826 0 0 0 1.26512 2.32566 0 0 0 0 0 0.0219946 2.384 303 50 2 2 0
./complex_md-fit_585.pdb BC A 9.08623 38.3705 -7.74283 -7.90886 -12.847 -23.1647 -1.17002 40.7411 -22.6885 6.4932 8.79075 3.79857 0 0 0 0.192898 2.83714 0.0196984 0 0 0 0 0 2.384 303 52 2 2 0
./complex_md-fit_586.pdb BC A 8.75785 31.8713 -11.1749 -7.61616 -11.2938 -23.4044 -1.20414 40.4041 -22.9545 4.52728 7.43179 2.62781 0 0 0 0.307081 2.5219 0 0 0 0 0 0 2.384 303 47 0 0 0
./complex_md-fit_587.pdb BC A 11.0144 33.9925 -10.6265 -7.63104 -10.5834 -21.3921 -1.02631 36.4849 -21.3176 4.47618 6.40193 3.2965 0 0 0 0.636089 3.4509 0 0 0 0 0 0.0283397 2.384 303 48 0 0 0
./complex_md-fit_588.pdb BC A 7.47595 36.9331 -7.1956 -7.94833 -11.2052 -23.3401 -1.27083 40.6332 -23.0176 8.33531 5.95833 3.81166 0 0 0 0.847958 2.45802 0 0 0 0 0 0 2.384 303 49 3 3 0
./complex_md-fit_589.pdb BC A 7.1195 32.6126 -12.8979 -7.87768 -11.8019 -22.1088 -1.20909 38.2973 -21.6823 4.44807 5.259 2.85831 0 0 0 0.9529 3.65194 -0.0385396 0 0 0 0 0.00476751 2.384 303 49 1 1 0
./complex_md-fit_58.pdb BC A 5.89135 33.535 -10.55 -6.58286 -17.4433 -23.1186 -1.12164 40.2052 -22.7244 5.91679 10.792 3.29752 0 0 0 0.229164 2.94027 0 0 0 0 0 0 2.384 303 51 0 0 0
./complex_md-fit_590.pdb BC A 6.90536 33.8716 -5.17358 -8.97682 -11.7653 -24.419 -1.21259 42.7284 -24.3312 10.9068 7.00342 3.88358 0 0 0 1.00412 2.56678 -0.0128029 0 0 0 0 0.0177952 2.384 303 50 3 3 0
./complex_md-fit_591.pdb BC A 7.9599 38.8304 -8.17374 -5.87085 -10.8439 -23.3935 -1.15712 40.7553 -23.1277 6.59303 5.82336 2.50642 0 0 0 0.571692 2.32772 -0.0304413 0 0 0 0 0 2.384 303 50 0 0 0
./complex_md-fit_592.pdb BC A 8.74392 35.0615 -9.84023 -5.98124 -11.6951 -22.2025 -1.1583 39.3832 -21.8512 2.27343 7.51607 3.69565 0 0 0 0.179738 2.24345 -5.55112e-17 0 0 0 0 0 2.384 303 52 0 0 0
./complex_md-fit_593.pdb BC A 7.5306 31.2315 -14.1881 -7.81346 -16.331 -22.4972 -0.976965 38.5425 -22.4752 4.95841 8.6471 3.26095 0 0 0 0.496763 2.67645 0 0 0 0 0 0 2.384 303 51 2 2 0
./complex_md-fit_594.pdb BC A 8.37583 38.2769 4.13705 -5.30845 -9.97987 -23.7525 -1.18065 46.4042 -22.6619 8.69159 7.70479 3.64012 0 0 0 0.5616 2.9404 0 0 0 0 0 0.018109 2.384 303 53 2 2 0
./complex_md-fit_595.pdb BC A 11.166 25.283 -7.79411 -5.17278 -10.2903 -22.3471 -0.943195 39.9552 -22.0958 3.09438 6.59671 2.97693 0 0 0 0.4407 2.80864 -0.00926074 0 0 0 0 0.000348831 2.384 303 48 0 0 0
./complex_md-fit_596.pdb BC A 9.36504 28.4606 -3.02446 -6.69088 -11.562 -22.2006 -1.30282 40.3095 -21.1125 7.89738 7.61302 3.57168 0 0 0 0.452668 2.82542 0 0 0 0 0 0 2.384 303 50 2 2 0
./complex_md-fit_597.pdb BC A 7.13316 32.1516 -10.9559 -5.90651 -13.1559 -22.1923 -0.989698 38.0924 -22.0314 3.33247 8.17073 2.98907 0 0 0 0.73523 2.6095 -6.93889e-18 0 0 0 0 0 2.384 303 48 0 0 0
./complex_md-fit_598.pdb BC A 8.84094 31.1067 0.298304 -7.27352 -7.12166 -22.7576 -1.02209 41.9127 -22.2705 8.43415 6.63751 3.60289 0 0 0 0.156388 2.7926 1.38778e-17 0 0 0 0 0 2.384 303 50 2 2 0
./complex_md-fit_599.pdb BC A 8.8088 35.4665 -8.10014 -6.90752 -12.5372 -22.7641 -1.06554 40.6665 -22.5826 5.37596 8.82637 2.76756 0 0 0 0.129065 2.8121 -0.0285259 0 0 0 0 0.0199732 2.384 303 51 1 1 0
./complex_md-fit_59.pdb BC A 6.99346 27.0768 -13.5518 -7.18705 -16.8487 -21.7853 -1.22854 37.819 -21.6188 3.53174 9.62733 3.91982 0 0 0 0.21867 2.49211 0 0 0 0 0 0 2.384 303 50 1 1 0
./complex_md-fit_5.pdb BC A 7.09684 39.1127 -9.39029 -5.06291 -13.6956 -22.3646 -1.18435 39.7381 -22.4708 5.09224 7.92524 2.24175 0 0 0 0.364721 2.09975 0.0257629 0 0 0 0 0 2.384 303 50 2 2 0
./complex_md-fit_600.pdb BC A 9.01502 34.3444 -8.17029 -6.60911 -13.113 -23.8868 -1.08405 43.6343 -23.6252 3.50324 8.48558 3.88666 0 0 0 0.664436 2.60486 -0.0324232 0 0 0 0 0.00605983 2.384 303 52 0 0 0
./complex_md-fit_601.pdb BC A 6.59039 30.8697 -2.79617 -5.79533 -9.92103 -21.4348 -1.19348 39.3318 -21.6015 4.93839 9.74293 3.00068 0 0 0 0.144439 3.42513 -0.0122279 0 0 0 0 0.00410669 2.384 303 49 0 0 0
./complex_md-fit_602.pdb BC A 7.31517 39.5761 -6.01819 -8.05658 -13.1041 -24.999 -1.23375 45.7597 -24.4858 7.56208 8.47918 3.9263 0 0 0 0.133862 2.88827 0 0 0 0 0 0 2.384 303 53 1 1 0
./complex_md-fit_603.pdb BC A 7.97766 38.6985 -4.45883 -7.86948 -10.5986 -23.6416 -1.14866 41.938 -22.985 6.36376 8.66841 3.97174 0 0 0 0.853717 2.88158 -0.0109986 0 0 0 0 0 2.384 303 49 1 1 0
./complex_md-fit_604.pdb BC A 8.42764 30.958 -8.96447 -7.52883 -12.1389 -24.0892 -1.08783 43.335 -23.5023 5.05054 7.14494 3.48062 0 0 0 0.401133 3.4638 -0.0317107 0 0 0 0 0.00211687 2.384 303 53 0 0 0
./complex_md-fit_605.pdb BC A 8.67861 37.0438 -2.22322 -7.80742 -10.8871 -24.0614 -1.0929 43.7861 -23.5977 7.90628 8.25993 4.97794 0 0 0 0.270279 2.36525 0 0 0 0 0 0.0227728 2.384 303 52 3 3 0
./complex_md-fit_606.pdb BC A 8.71533 30.2442 -1.23422 -7.14 -10.1023 -23.7962 -1.03154 44.3006 -23.5786 8.06573 8.26236 3.48937 0 0 0 0.277542 2.85759 0 0 0 0 0 0.0188693 2.384 303 51 2 2 0
./complex_md-fit_607.pdb BC A 8.65675 33.1074 0.880863 -5.07643 -10.7538 -23.1653 -1.15132 42.7407 -22.7206 8.9956 8.06707 3.75014 0 0 0 0.194866 3.86907 0 0 0 0 0 0 2.384 303 51 2 2 0
./complex_md-fit_608.pdb BC A 7.57235 36.9198 -12.5777 -9.94789 -15.6099 -24.2131 -1.247 42.5287 -23.6628 5.70972 9.16501 3.93427 0 0 0 0.75981 2.54664 0.00557012 0 0 0 0 0 2.384 303 52 0 0 0
./complex_md-fit_609.pdb BC A 8.18867 34.3222 -8.59869 -7.39253 -11.7098 -24.5435 -1.11954 42.3466 -24.4271 6.74668 8.35422 2.89762 0 0 0 0.245445 2.92434 0 0 0 0 0 0.00322796 2.384 303 49 1 1 0
./complex_md-fit_60.pdb BC A 7.40778 32.145 -14.9256 -7.12547 -18.3441 -21.9437 -1.19443 38.5559 -21.2666 4.73613 8.3022 3.18022 0 0 0 0.172926 2.12736 0 0 0 0 0 0.00133907 2.384 303 50 2 2 0
./complex_md-fit_610.pdb BC A 7.90831 35.6452 -10.6539 -7.47142 -12.7932 -23.814 -1.10018 42.8955 -23.2642 4.70714 7.16528 2.70281 0 0 0 0.343937 3.88669 -0.0303431 0 0 0 0 0.00492988 2.384 303 51 0 0 0
./complex_md-fit_611.pdb BC A 7.74897 35.5889 -3.63879 -7.74982 -12.1059 -22.5887 -1.0981 41.3486 -22.0964 8.57621 7.67666 4.21985 0 0 0 0.178802 2.24142 0 0 0 0 0 0 2.384 303 51 3 3 0
./complex_md-fit_612.pdb BC A 8.37647 34.1753 -15.8524 -9.23907 -14.6212 -23.9895 -1.0521 40.7254 -23.5885 5.54514 7.66098 2.45491 0 0 0 0.251546 2.45783 0 0 0 0 0 0 2.384 303 47 1 1 0
./complex_md-fit_613.pdb BC A 6.57429 32.8302 -17.3298 -8.45525 -16.1009 -23.5861 -1.04553 41.2389 -22.8262 3.06123 6.68221 3.3506 0 0 0 0.351271 2.85267 0 0 0 0 0 0 2.384 303 50 0 0 0
./complex_md-fit_614.pdb BC A 7.62301 38.6939 -10.4979 -9.88065 -14.346 -24.3592 -1.14504 43.9695 -23.5887 6.10033 8.94168 3.35595 0 0 0 0.464677 2.65822 -0.0104296 0 0 0 0 0 2.384 303 51 1 1 0
./complex_md-fit_615.pdb BC A 6.66844 27.9126 -12.3916 -7.94159 -13.3245 -23.9868 -1.13759 42.022 -23.4823 3.80294 8.58799 2.42583 0 0 0 0.652663 3.73588 -0.0102024 0 0 0 0 0 2.384 303 50 0 0 0
./complex_md-fit_616.pdb BC A 7.30208 28.372 -9.21346 -6.36345 -13.1359 -23.6379 -0.970531 42.8324 -23.3677 4.98422 7.8574 2.44396 0 0 0 0.155233 3.7174 -0.0111535 0 0 0 0 0 2.384 303 50 1 1 0
./complex_md-fit_617.pdb BC A 6.6633 32.2506 -14.9839 -8.19292 -15.2324 -24.3943 -1.19054 42.4524 -23.6752 3.44747 7.8279 3.40724 0 0 0 0.580854 2.85949 -0.0144796 0 0 0 0 0 2.384 303 52 1 1 0
./complex_md-fit_618.pdb BC A 10.1338 29.5677 -16.1739 -8.04668 -14.8782 -22.7011 -1.00302 38.7979 -22.5605 2.64507 7.77487 3.73078 0 0 0 0.0802067 2.67687 -0.0133602 0 0 0 0 0 2.384 303 50 0 0 0
./complex_md-fit_619.pdb BC A 7.75698 36.5645 -8.56812 -7.90772 -13.236 -23.5597 -1.11028 42.0346 -22.9359 6.22902 8.07174 3.62044 0 0 0 0.22561 2.35175 0 0 0 0 0 0 2.384 303 51 1 1 0
./complex_md-fit_61.pdb BC A 8.29738 34.6987 -16.5206 -7.21479 -19.9545 -21.237 -1.08219 37.8277 -20.245 2.68764 9.86858 2.64311 0 0 0 0.163302 1.92631 0 0 0 0 0 0.0225487 2.384 303 46 0 0 0
./complex_md-fit_620.pdb BC A 7.13991 35.7583 -14.4145 -8.39589 -15.2062 -23.7658 -0.956408 40.5291 -23.1919 5.9677 7.24498 3.05801 0 0 0 0.301387 2.60623 0 0 0 0 0 0.000503205 2.384 303 51 2 2 0
./complex_md-fit_621.pdb BC A 5.86663 33.3632 -2.01841 -7.45027 -10.9976 -24.1846 -1.02679 43.4709 -23.2573 9.58763 7.1665 4.3714 0 0 0 0.312421 2.67473 -0.0107657 0 0 0 0 0.00014693 2.384 303 48 3 3 0
./complex_md-fit_622.pdb BC A 7.58988 33.3144 -5.70355 -6.91753 -12.6344 -23.6313 -1.04167 44.1711 -23.0691 6.9111 7.213 2.71537 0 0 0 0.579914 2.31485 0 0 0 0 0 0 2.384 303 49 1 1 0
./complex_md-fit_623.pdb BC A 6.92191 33.8624 -10.5533 -7.41635 -14.17 -23.9318 -1.16314 42.0845 -23.6826 7.11388 7.50479 2.9193 0 0 0 0.187991 3.61988 0 0 0 0 0 0 2.384 303 50 2 2 0
./complex_md-fit_624.pdb BC A 5.34755 41.4875 -9.61562 -7.78953 -15.5009 -24.2945 -1.15138 43.523 -23.4086 7.09647 8.41165 3.37905 0 0 0 0.11704 3.69013 0 0 0 0 0 0.00193493 2.384 303 52 2 2 0
./complex_md-fit_625.pdb BC A 6.361 32.3564 -5.8165 -6.18393 -11.5176 -23.716 -1.0032 41.6645 -23.1729 6.89734 6.91029 3.93003 0 0 0 0.377675 2.80121 -0.0100793 0 0 0 0 0.00738656 2.384 303 49 2 2 0
./complex_md-fit_626.pdb BC A 7.40125 32.261 -5.43705 -7.94308 -11.4783 -24.3688 -1.23029 43.7258 -23.6659 7.89607 7.88018 3.26713 0 0 0 0.480216 2.62157 0 0 0 0 0 0 2.384 303 51 2 2 0
./complex_md-fit_627.pdb BC A 7.49676 34.657 -9.46538 -10.6532 -12.9683 -25.1339 -1.10403 44.9491 -24.1115 6.98387 7.94685 4.2134 0 0 0 0.41235 3.00884 6.93889e-18 0 0 0 0 0 2.384 303 51 1 1 0
./complex_md-fit_628.pdb BC A 8.17875 42.6457 -11.9939 -8.33439 -14.3989 -24.983 -1.1416 44.7534 -24.1918 4.07855 8.18088 3.82864 0 0 0 0.188666 2.7731 0 0 0 0 0 0.025735 2.384 303 52 0 0 0
./complex_md-fit_629.pdb BC A 6.61974 32.0123 -6.90895 -8.6329 -12.717 -24.7667 -1.12816 44.2824 -24.0324 7.12719 8.61168 4.13865 0 0 0 0.216543 3.04703 -0.0112458 0 0 0 0 0.00297485 2.384 303 50 1 1 0
./complex_md-fit_62.pdb BC A 11.1183 41.4586 -5.04133 -7.2186 -14.6872 -21.5458 -1.18348 38.9287 -20.5907 8.91959 9.77234 2.40404 0 0 0 0.1595 2.55048 0 0 0 0 0 0.000281212 2.384 303 49 2 2 0
./complex_md-fit_630.pdb BC A 6.93335 33.042 -2.09921 -7.61443 -10.0092 -23.9078 -0.975949 43.5059 -23.4715 6.76679 8.74665 4.48643 0 0 0 0.373171 2.62505 0 0 0 0 0 0.000818289 2.384 303 53 2 2 0
./complex_md-fit_631.pdb BC A 6.80069 29.9417 -4.33611 -6.48221 -11.9511 -22.6913 -1.07724 41.9254 -21.9333 6.51854 7.01166 3.76446 0 0 0 0.579044 2.59514 0 0 0 0 0 0 2.384 303 51 1 1 0
./complex_md-fit_632.pdb BC A 9.39207 38.7348 -12.8558 -8.68885 -12.5808 -23.3807 -1.03004 41.6523 -22.6508 3.98473 6.83511 2.85317 0 0 0 0.160025 3.04403 -0.00992024 0 0 0 0 0 2.384 303 51 0 0 0
./complex_md-fit_633.pdb BC A 5.61737 36.8386 -15.5258 -8.3136 -15.1933 -23.3757 -1.03226 41.5308 -23.1451 4.14507 6.99954 2.75249 0 0 0 0.073888 2.57769 0.0272834 0 0 0 0 0.00498749 2.384 303 50 0 0 0
./complex_md-fit_634.pdb BC A 6.51505 33.3244 -16.7109 -7.66721 -15.1756 -23.1737 -1.1224 38.3886 -22.8644 4.58814 6.51126 3.53929 0 0 0 0.265154 3.83642 0 0 0 0 0 0 2.384 303 50 2 2 0
./complex_md-fit_635.pdb BC A 7.37284 33.5032 -6.40987 -7.33995 -13.0595 -24.5539 -1.02935 45.8421 -24.0804 4.44695 8.52936 4.53277 0 0 0 0.281838 2.74644 0 0 0 0 0 0.0202508 2.384 303 53 0 0 0
./complex_md-fit_636.pdb BC A 7.29159 32.1019 -11.7469 -8.49865 -13.3901 -24.1022 -1.13431 42.3015 -23.7074 3.45118 9.00188 4.16096 0 0 0 0.170244 2.39917 5.55112e-17 0 0 0 0 0 2.384 303 51 0 0 0
./complex_md-fit_637.pdb BC A 7.61969 32.9838 -6.49535 -7.74838 -11.8607 -24.1232 -1.24251 42.2451 -23.6074 8.40835 7.31016 3.12837 0 0 0 1.00299 2.87746 -0.0169483 0 0 0 0 0.00877926 2.384 303 48 3 3 0
./complex_md-fit_638.pdb BC A 6.99973 35.7841 -10.4532 -7.06469 -13.0277 -24.5207 -1.1368 43.9195 -24.0605 4.85176 6.81022 3.5433 0 0 0 0.241615 2.52485 -0.00918273 0 0 0 0 0 2.384 303 52 0 0 0
./complex_md-fit_639.pdb BC A 9.5781 39.1951 -8.23166 -9.5803 -14.1861 -25.6057 -1.24597 46.8374 -24.9974 6.59918 10.1757 3.36119 0 0 0 0.439799 2.83101 -0.0294469 0 0 0 0 0 2.384 303 52 1 1 0
./complex_md-fit_63.pdb BC A 8.77063 34.8047 -6.23583 -7.60059 -15.0432 -22.6219 -1.25222 39.5545 -21.9034 9.94948 8.86233 3.32044 0 0 0 0.458338 2.26911 0 0 0 0 0 0.0402652 2.384 303 47 2 2 0
./complex_md-fit_640.pdb BC A 12.0208 38.8436 -8.74315 -8.64407 -13.3 -24.4355 -0.983747 43.8999 -24.0706 6.34422 8.81494 3.14319 0 0 0 0.468427 3.00476 0 0 0 0 0 0.0201748 2.384 303 51 0 0 0
./complex_md-fit_641.pdb BC A 7.94719 33.2598 -4.51075 -6.85305 -13.8907 -24.7357 -1.03231 44.724 -24.026 7.24683 9.55646 4.27534 0 0 0 0.216781 3.02718 0 0 0 0 0 0.00763387 2.384 303 50 2 2 0
./complex_md-fit_642.pdb BC A 6.66369 33.739 -7.63344 -8.04449 -13.3975 -25.1403 -1.13339 44.9037 -25.1492 7.16408 9.30539 3.44545 0 0 0 0.430521 2.94364 -0.0285207 0 0 0 0 0.0108721 2.384 303 51 2 2 0
./complex_md-fit_643.pdb BC A 6.60995 37.6013 -7.90601 -8.06218 -13.0073 -25.2501 -1.05697 44.8704 -25.1022 7.02174 8.09061 4.28205 0 0 0 0.307867 2.60828 0 0 0 0 0 0 2.384 303 53 2 2 0
./complex_md-fit_644.pdb BC A 6.51308 26.7909 -4.93631 -7.10367 -11.8468 -25.5418 -1.02471 45.5233 -25.3106 7.60167 8.11182 4.46962 0 0 0 0.229835 2.84702 -0.0448857 0 0 0 0 0 2.384 303 52 2 2 0
./complex_md-fit_645.pdb BC A 8.01868 42.2283 -3.88718 -7.44518 -13.0782 -24.2114 -0.991468 44.1054 -23.8097 6.54917 10.8856 3.91269 0 0 0 0.205764 3.2598 -0.00996419 0 0 0 0 0 2.384 303 49 2 2 0
./complex_md-fit_646.pdb BC A 8.27765 38.2718 -6.82133 -10.6986 -16.1455 -25.8355 -1.19679 48.7838 -25.0093 8.51489 10.0968 4.35723 0 0 0 0.330916 2.95092 -0.0255881 0 0 0 0 0.00639987 2.384 303 53 3 3 0
./complex_md-fit_647.pdb BC A 8.21584 34.4494 -2.28488 -6.27939 -15.8936 -27.0563 -1.24787 50.9481 -26.4067 8.47556 10.7898 4.17682 0 0 0 0.208666 4.69214 0 0 0 0 0 0 2.384 303 51 2 2 0
./complex_md-fit_648.pdb BC A 7.98806 33.5309 -12.2228 -9.01724 -14.2714 -26.6167 -0.908785 48.8706 -26.335 4.52026 8.99897 2.42291 0 0 0 0.113561 3.28927 0 0 0 0 0 0 2.384 303 51 0 0 0
./complex_md-fit_649.pdb BC A 8.99716 34.2948 -7.00479 -7.3802 -15.0007 -25.6013 -1.20581 46.7497 -24.739 6.09811 10.0686 3.61438 0 0 0 0.39145 3.09697 0 0 0 0 0 0 2.384 303 51 1 1 0
./complex_md-fit_64.pdb BC A 8.02823 34.5535 -14.3741 -7.9237 -16.0973 -22.4983 -1.18336 39.3274 -21.2818 3.71665 8.30224 2.84081 0 0 0 0.436034 2.16442 -0.0157507 0 0 0 0 0.00309472 2.384 303 47 0 0 0
./complex_md-fit_650.pdb BC A 11.2215 30.2194 -9.47023 -6.84235 -14.4811 -24.6294 -1.0741 43.9716 -24.4844 5.48704 8.44177 3.73825 0 0 0 0.402476 3.9129 0 0 0 0 0 0 2.384 303 50 1 1 0
./complex_md-fit_651.pdb BC A 6.5219 33.0236 -9.18745 -8.8657 -15.7984 -25.4868 -1.20303 44.1632 -25.0684 8.02414 8.25589 5.89716 0 0 0 0.894332 2.96441 0 0 0 0 0 0 2.384 303 52 2 2 0
./complex_md-fit_652.pdb BC A 9.62675 35.5954 -7.07547 -9.73616 -16.2683 -25.1559 -1.12523 47.2571 -23.9703 7.26694 11.0042 2.92917 0 0 0 0.723185 2.40583 0 0 0 0 0 0 2.384 303 51 1 1 0
./complex_md-fit_653.pdb BC A 8.01552 31.0279 -5.49489 -6.90064 -12.85 -25.3218 -1.06708 45.3602 -24.8562 7.53624 9.4748 2.78081 0 0 0 0.342538 4.02208 0 0 0 0 0 0.00616391 2.384 303 52 2 2 0
./complex_md-fit_654.pdb BC A 8.28762 24.9937 -3.27344 -8.7286 -12.5755 -25.6164 -1.31808 47.1517 -24.521 9.09544 8.79989 4.01392 0 0 0 0.412717 2.58103 -0.0171232 0 0 0 0 0.0296659 2.384 303 55 3 3 0
./complex_md-fit_655.pdb BC A 12.6761 27.7953 -2.40753 -6.23498 -9.68254 -25.5177 -1.15233 46.3381 -24.8406 7.69389 7.39216 3.32709 0 0 0 0.288865 2.58555 -0.0195677 0 0 0 0 0 2.384 303 53 1 1 0
./complex_md-fit_656.pdb BC A 7.42477 39.0699 -5.5882 -6.74833 -12.0103 -24.4399 -1.0095 42.7608 -24.0162 7.35006 8.75496 3.64603 0 0 0 0.124036 2.58043 0 0 0 0 0 0.000171533 2.384 303 53 0 0 0
./complex_md-fit_657.pdb BC A 8.58526 26.2798 -8.57797 -8.49706 -12.1184 -24.7931 -1.25023 44.5955 -24.2071 5.81251 7.53304 4.00899 0 0 0 0.337863 2.17327 0 0 0 0 0 0 2.384 303 52 0 0 0
./complex_md-fit_658.pdb BC A 10.1531 39.4798 -6.4359 -9.75608 -13.2808 -24.8668 -1.13161 45.8059 -24.0871 6.68009 8.53269 5.35864 0 0 0 0.309147 2.57977 0 0 0 0 0 0 2.384 303 53 0 0 0
./complex_md-fit_659.pdb BC A 8.24505 34.1596 -7.18042 -7.59788 -14.1553 -25.2895 -1.1829 43.8762 -24.4521 9.49684 7.87268 3.88691 0 0 0 0.364618 3.85403 0 0 0 0 0 0 2.384 303 52 1 1 0
./complex_md-fit_65.pdb BC A 8.55794 31.6066 -14.2829 -9.4346 -17.5218 -22.2261 -1.08836 40.2344 -21.1897 4.04272 10.1658 2.37902 0 0 0 0.355653 2.283 0 0 0 0 0 0 2.384 303 51 0 0 0
./complex_md-fit_660.pdb BC A 6.96014 36.481 -3.8311 -7.59514 -11.9361 -25.549 -1.04489 46.7527 -25.1458 8.1053 8.82013 3.57285 0 0 0 0.194523 2.6548 -0.0155915 0 0 0 0 0.00986082 2.384 303 54 1 1 0
./complex_md-fit_661.pdb BC A 7.68014 41.0146 -8.60242 -9.20395 -14.3764 -24.991 -1.28697 45.4141 -24.3236 8.84756 7.79791 2.92658 0 0 0 0.593277 3.85954 0 0 0 0 0 0 2.384 303 56 2 2 0
./complex_md-fit_662.pdb BC A 7.91289 45.7969 -16.0255 -9.06353 -14.2496 -27.8306 -1.16013 47.4378 -27.1987 4.84009 8.45681 2.19343 0 0 0 0.527666 2.63266 0 0 0 0 0 0.0212064 2.384 303 53 0 0 0
./complex_md-fit_663.pdb BC A 7.37896 25.9998 -11.4552 -8.89247 -12.4277 -24.5524 -1.15726 41.9529 -24.4277 4.31048 8.43006 5.15122 0 0 0 0.157688 2.64564 0 0 0 0 0 0 2.384 303 53 0 0 0
./complex_md-fit_664.pdb BC A 8.26468 37.6118 -15.1105 -11.7684 -14.5584 -24.9758 -1.26394 43.4701 -24.6415 4.61543 8.27795 5.20194 0 0 0 0.515377 2.78986 0 0 0 0 0 0.0165992 2.384 303 54 0 0 0
./complex_md-fit_665.pdb BC A 8.98546 35.9049 -10.5589 -11.4251 -14.4679 -24.7155 -1.18599 44.1398 -24.1725 7.14816 8.76499 5.09576 0 0 0 0.259494 2.46904 0 0 0 0 0 0 2.384 303 54 1 1 0
./complex_md-fit_666.pdb BC A 9.21783 33.5292 -3.92273 -10.0299 -12.2229 -24.4515 -1.01913 45.649 -23.1882 7.44427 8.40684 5.33305 0 0 0 0.15134 2.99936 0 0 0 0 0 0.00445275 2.384 303 53 1 1 0
./complex_md-fit_667.pdb BC A 5.60677 32.2675 -8.06815 -9.46267 -10.8304 -24.3572 -0.960271 43.5397 -23.9949 4.59955 8.22272 4.82587 0 0 0 0.349397 4.05769 0 0 0 0 0 0 2.384 303 51 1 1 0
./complex_md-fit_668.pdb BC A 8.64629 33.8589 -14.2113 -10.3722 -15.0354 -24.4068 -0.982271 42.5638 -23.79 4.31331 8.65369 4.70667 0 0 0 0.137889 2.75618 0 0 0 0 0 0 2.384 303 53 0 0 0
./complex_md-fit_669.pdb BC A 6.74295 34.9086 -9.40342 -9.78473 -13.7455 -23.653 -1.09349 40.9552 -23.0137 7.16358 8.57689 4.83866 0 0 0 0.352645 2.81731 0 0 0 0 0 0 2.384 303 53 2 2 0
./complex_md-fit_66.pdb BC A 7.98434 36.0587 -9.87581 -6.0796 -14.25 -23.2297 -0.820716 41.3287 -22.6365 4.48447 8.21173 2.47198 0 0 0 0.643834 2.4092 0 0 0 0 0 0 2.384 303 51 1 1 0
./complex_md-fit_670.pdb BC A 8.49752 32.8474 -7.06497 -9.81097 -10.8806 -24.3229 -0.98715 43.8131 -23.9279 8.15021 6.77602 4.03477 0 0 0 0.0879632 3.03072 0 0 0 0 0 0.00251464 2.384 303 52 3 3 0
./complex_md-fit_671.pdb BC A 8.28276 38.6292 -12.9668 -8.55974 -15.6666 -25.0522 -1.16192 44.7675 -24.316 2.55347 9.59503 4.26684 0 0 0 0.606817 3.91322 0 0 0 0 0 0 2.384 303 53 0 0 0
./complex_md-fit_672.pdb BC A 10.0595 39.0785 -11.7128 -11.3812 -16.2619 -25.5981 -1.30994 44.5484 -24.9448 7.55935 9.38398 5.55736 0 0 0 0.729845 3.96325 -5.55112e-17 0 0 0 0 0.00420774 2.384 303 51 1 1 0
./complex_md-fit_673.pdb BC A 7.0232 38.5192 -9.83179 -8.98502 -18.139 -25.7285 -1.261 48.544 -24.819 5.4982 10.5921 4.25393 0 0 0 0.200368 3.94706 0 0 0 0 0 0.0120353 2.384 303 52 1 1 0
./complex_md-fit_674.pdb BC A 6.12152 40.7783 -14.2809 -11.4849 -13.7759 -26.2387 -1.16254 44.5814 -25.8326 4.6252 9.02502 4.91588 0 0 0 1.0427 2.96298 0.0236061 0 0 0 0 0 2.384 303 50 0 0 0
./complex_md-fit_675.pdb BC A 7.73563 30.5983 -7.68085 -10.7987 -12.8678 -25.6832 -1.05421 45.0668 -25.1801 7.46297 9.33375 5.64974 0 0 0 0.39095 2.46126 -0.00111871 0 0 0 0 0 2.384 303 55 2 2 0
./complex_md-fit_676.pdb BC A 7.5836 27.0803 -13.6411 -10.7598 -16.0964 -26.2443 -1.27736 46.5427 -25.9026 5.59535 9.97456 4.18329 0 0 0 0.343338 3.07325 0 0 0 0 0 0 2.384 303 50 1 1 0
./complex_md-fit_677.pdb BC A 7.1955 31.6231 -5.26339 -9.41427 -12.5951 -25.0806 -1.1697 44.9281 -24.5297 8.29961 9.24121 4.92405 0 0 0 0.132988 2.28761 0 0 0 0 0 0 2.384 303 51 2 2 0
./complex_md-fit_678.pdb BC A 8.64147 31.8777 -2.26075 -8.8918 -12.6271 -25.7784 -1.04487 48.6835 -25.0152 8.97603 8.35532 4.58019 0 0 0 0.501521 2.99392 0 0 0 0 0 0 2.384 303 51 2 2 0
./complex_md-fit_679.pdb BC A 7.86067 28.1341 -5.19202 -9.6128 -13.9377 -25.8887 -1.23662 47.2031 -25.1665 8.98573 9.13743 4.6477 0 0 0 0.676263 2.9307 -1.11022e-16 0 0 0 0 0 2.384 303 53 3 3 0
./complex_md-fit_67.pdb BC A 8.68464 32.4835 -9.80789 -7.69711 -18.1475 -21.6913 -1.29063 37.7197 -20.939 8.35129 9.9912 3.83654 0 0 0 0.0588808 2.04099 0 0 0 0 0 0 2.384 303 50 3 3 0
./complex_md-fit_680.pdb BC A 7.82156 31.8345 -9.61447 -10.8572 -12.9033 -23.8373 -1.07699 43.447 -22.9628 4.67932 8.90729 4.62968 0 0 0 0.359877 2.41582 0 0 0 0 0 0 2.384 303 53 2 2 0
./complex_md-fit_681.pdb BC A 9.88261 36.3279 -12.0161 -8.17558 -15.6771 -25.155 -1.02134 45.2033 -24.8288 4.31436 9.32746 3.60966 0 0 0 0.387005 4.48073 0 0 0 0 0 0 2.384 303 50 0 0 0
./complex_md-fit_682.pdb BC A 9.51587 29.4181 -10.4093 -9.53465 -13.7655 -25.2445 -1.22274 44.8849 -24.4266 5.99886 8.60269 4.16933 0 0 0 0.128885 2.72112 0 0 0 0 0 0 2.384 303 53 1 1 0
./complex_md-fit_683.pdb BC A 8.95847 32.8744 -2.92595 -8.33395 -16.2861 -27.2075 -1.47195 49.5522 -26.4508 11.2185 10.8086 5.13434 0 0 0 0.0975676 2.87158 0.000275934 0 0 0 0 0.0128189 2.384 303 56 2 2 0
./complex_md-fit_684.pdb BC A 10.3765 36.6167 -8.48098 -12.7982 -14.0901 -26.9913 -1.13286 48.3544 -26.0804 8.81758 10.2962 4.76566 0 0 0 0.377987 2.76958 0 0 0 0 0 0 2.384 303 54 3 3 0
./complex_md-fit_685.pdb BC A 7.10033 35.6738 -11.8599 -10.5047 -17.4366 -25.7175 -1.11201 47.3248 -24.7066 6.588 10.0932 3.11651 0 0 0 0.49504 3.20741 0 0 0 0 0 0 2.384 303 50 0 0 0
./complex_md-fit_686.pdb BC A 7.17826 33.0212 -1.86476 -8.28151 -14.1068 -26.3926 -1.26698 49.5766 -25.6652 8.75643 10.3912 4.42676 0 0 0 0.693696 3.34678 0 0 0 0 0 0.00363464 2.384 303 54 1 1 0
./complex_md-fit_687.pdb BC A 8.46897 33.9382 -5.77721 -7.61592 -15.534 -25.798 -1.06647 47.8327 -24.971 7.59519 9.20729 4.27762 0 0 0 0.295498 3.70907 0 0 0 0 0 0 2.384 303 54 1 1 0
./complex_md-fit_688.pdb BC A 7.15561 28.9544 -6.57037 -7.94362 -13.0182 -26.3501 -1.16983 48.6015 -25.7542 5.65403 8.98691 4.20858 0 0 0 0.214465 2.66668 0 0 0 0 0 0 2.384 303 53 0 0 0
./complex_md-fit_689.pdb BC A 9.9341 27.356 -6.70469 -9.30668 -13.3974 -26.0735 -1.08606 47.1858 -25.4248 5.53176 9.81915 5.81957 0 0 0 0.227449 3.8515 0 0 0 0 0 0 2.384 303 54 1 1 0
./complex_md-fit_68.pdb BC A 10.6602 33.397 -9.67505 -6.70212 -17.1856 -21.2011 -1.2526 37.8243 -20.7923 5.91741 9.90662 3.37008 0 0 0 0.431701 1.45349 1.38778e-17 0 0 0 0 0.0085877 2.384 303 48 4 4 0
./complex_md-fit_690.pdb BC A 8.53886 25.8986 -11.4197 -9.31274 -14.7115 -26.3446 -1.09707 46.419 -25.5814 4.19616 10.1198 4.10793 0 0 0 0.774334 3.70702 0.000817059 0 0 0 0 0.00966539 2.384 303 53 0 0 0
./complex_md-fit_691.pdb BC A 7.98407 30.6767 -6.14498 -9.02576 -13.765 -26.1588 -1.12808 46.5774 -25.2854 8.82579 10.1096 3.62179 0 0 0 0.0807218 2.90427 -0.000931265 0 0 0 0 0.00356555 2.384 303 52 2 2 0
./complex_md-fit_692.pdb BC A 8.96638 30.8192 -12.2972 -11.5237 -15.5116 -25.4378 -1.10405 45.8999 -24.434 4.00811 9.18141 5.93896 0 0 0 0.685496 3.77484 0 0 0 0 0 0 2.384 303 52 0 0 0
./complex_md-fit_693.pdb BC A 7.23747 34.2259 -5.48284 -7.07044 -15.6599 -26.9031 -1.13846 48.2107 -25.8389 8.14593 10.1948 3.94419 0 0 0 0.578624 4.23383 0.0402457 0 0 0 0 0.013419 2.384 303 52 2 2 0
./complex_md-fit_694.pdb BC A 9.56714 26.2029 -6.66687 -9.41596 -14.4015 -25.7955 -1.23254 47.7452 -25.0713 5.78125 10.4102 4.99239 0 0 0 0.303259 2.65413 0.0176809 0 0 0 0 0 2.384 303 52 1 1 0
./complex_md-fit_695.pdb BC A 10.2922 36.7809 -11.402 -9.07702 -12.2917 -24.4182 -0.862555 42.2928 -23.8918 3.56239 7.0602 5.94224 0 0 0 0.281641 3.70656 1.11022e-16 0 0 0 0 0 2.384 303 51 0 0 0
./complex_md-fit_696.pdb BC A 8.50609 34.3219 -5.57136 -7.08282 -11.1178 -24.8513 -0.983374 46.5839 -24.4629 4.14044 9.19265 2.85926 0 0 0 0.15058 2.56373 0 0 0 0 0 0 2.384 303 52 0 0 0
./complex_md-fit_697.pdb BC A 8.00821 33.1505 -8.86453 -9.05203 -13.3035 -23.9101 -0.997564 44.9287 -23.3847 3.17984 8.68876 4.76552 0 0 0 0.197688 3.39525 0.00203941 0 0 0 0 0.0208915 2.384 303 53 0 0 0
./complex_md-fit_698.pdb BC A 9.13121 31.652 -6.88125 -8.33777 -15.5315 -25.8426 -1.2733 46.7023 -25.3635 6.22255 11.1117 4.37412 0 0 0 1.0528 3.51875 -0.000843063 0 0 0 0 0.00479878 2.384 303 55 0 0 0
./complex_md-fit_699.pdb BC A 9.27896 37.8973 -6.80151 -8.36967 -12.395 -25.1335 -1.16602 44.4399 -24.7008 7.30422 7.68462 5.22894 0 0 0 0.277714 2.77506 0 0 0 0 0 0.0280514 2.384 303 52 2 2 0
./complex_md-fit_69.pdb BC A 7.84017 32.3525 -11.3387 -6.54299 -13.6789 -22.7101 -1.04276 40.2315 -22.8515 4.4694 8.08767 2.59613 0 0 0 0.0837982 1.87215 0.0190868 0 0 0 0 0 2.384 303 49 0 0 0
./complex_md-fit_6.pdb BC A 9.3199 38.2531 -7.47349 -5.00342 -12.8312 -21.741 -1.03747 37.1991 -21.5084 6.33354 6.97083 3.86454 0 0 0 0.271511 2.21243 0.00846514 0 0 0 0 0 2.384 303 49 1 1 0
./complex_md-fit_700.pdb BC A 8.91103 27.9386 -6.00065 -7.24496 -13.7267 -25.6952 -1.04415 46.9652 -24.9165 4.76288 10.4929 4.23877 0 0 0 0.157053 3.91958 -2.77556e-17 0 0 0 0 0.0100637 2.384 303 52 0 0 0
./complex_md-fit_701.pdb BC A 6.95281 30.8417 -12.3539 -11.5377 -12.6515 -24.7222 -0.916957 43.5968 -24.2427 3.51669 9.19257 4.88282 0 0 0 0.486186 2.32988 0.0201202 0 0 0 0 0.0219101 2.384 303 55 0 0 0
./complex_md-fit_702.pdb BC A 10.535 28.2496 -7.45694 -8.75097 -10.6892 -24.2578 -0.96372 43.4327 -23.9321 5.2732 7.99801 4.138 0 0 0 0.270387 3.72389 7.10956e-05 0 0 0 0 0.0244412 2.384 303 51 0 0 0
./complex_md-fit_703.pdb BC A 8.18069 34.811 -7.8334 -9.02828 -10.9332 -25.1506 -0.872313 46.3301 -24.9167 5.30533 7.05084 4.0617 0 0 0 0.299224 4.15214 0 0 0 0 0 0.0204432 2.384 303 52 0 0 0
./complex_md-fit_704.pdb BC A 7.49933 33.55 -7.23515 -9.84322 -9.76208 -24.8985 -0.998742 44.9511 -24.0906 6.98783 7.20387 3.00961 0 0 0 0.205627 4.63718 0 0 0 0 0 0 2.384 303 53 2 2 0
./complex_md-fit_705.pdb BC A 7.37484 31.8319 -4.44877 -9.43442 -13.6055 -24.5122 -1.04884 45.5592 -23.4612 7.66763 10.0932 3.78525 0 0 0 0.497769 3.98594 0.00138586 0 0 0 0 0.00893936 2.384 303 52 3 3 0
./complex_md-fit_706.pdb BC A 6.84688 37.2855 -9.97905 -8.45844 -13.4922 -24.852 -0.959149 43.5024 -24.7289 5.02842 10.1624 3.29998 0 0 0 0.498141 2.26575 0 0 0 0 0 0.0203729 2.384 303 55 1 1 0
./complex_md-fit_707.pdb BC A 7.18626 32.6713 -4.73371 -6.82856 -14.3556 -26.238 -1.02445 46.0574 -25.5267 8.48448 9.11083 4.72526 0 0 0 0.837196 3.25606 0.0204898 0 0 0 0 0.00385509 2.384 303 53 1 1 0
./complex_md-fit_708.pdb BC A 8.95368 33.5056 -12.937 -8.25314 -14.7893 -25.025 -1.04838 42.9674 -24.8491 5.45458 8.19976 4.03566 0 0 0 0.342224 3.4324 1.11022e-16 0 0 0 0 0.0283343 2.384 303 54 0 0 0
./complex_md-fit_709.pdb BC A 8.7182 26.1257 -11.0803 -8.73307 -15.8889 -25.3745 -0.933516 46.739 -24.7472 4.75803 10.6338 2.23212 0 0 0 0.226111 2.49551 0 0 0 0 0 0.00786594 2.384 303 54 0 0 0
./complex_md-fit_70.pdb BC A 6.96339 31.2604 -14.3263 -6.26826 -15.413 -21.4417 -0.968248 36.6194 -21.1541 3.75388 8.54559 1.63153 0 0 0 0.368721 1.81496 1.11022e-16 0 0 0 0 0 2.384 303 47 0 0 0
./complex_md-fit_710.pdb BC A 10.5007 35.9676 -5.73097 -7.55981 -12.8889 -26.3526 -0.982134 47.6517 -25.8279 7.1188 9.9588 2.79285 0 0 0 0.349276 2.74489 0 0 0 0 0 0.00892215 2.384 303 53 1 1 0
./complex_md-fit_711.pdb BC A 9.59937 39.7935 -7.06563 -7.66018 -14.4495 -26.2401 -1.11569 48.7951 -25.654 3.61537 10.0199 4.36056 0 0 0 1.27663 2.57136 -0.0245619 0 0 0 0 0.0108509 2.384 303 53 0 0 0
./complex_md-fit_712.pdb BC A 11.4807 29.4237 -8.93647 -7.17418 -14.1455 -26.3427 -1.13772 47.768 -26.1293 4.58461 8.87239 4.4907 0 0 0 0.253666 4.18638 -0.00916339 0 0 0 0 0.0326945 2.384 303 51 1 1 0
./complex_md-fit_713.pdb BC A 7.62654 27.7772 -2.49361 -8.44854 -12.6364 -26.5378 -1.03063 48.9684 -26.3857 11.3195 7.94779 3.5473 0 0 0 0.730152 2.90378 0 0 0 0 0 0.0323757 2.384 303 53 3 3 0
./complex_md-fit_714.pdb BC A 8.20396 33.7623 -13.2386 -7.50582 -17.022 -25.0783 -1.13762 45.7101 -25.1201 3.7497 9.23662 3.43945 0 0 0 0.465879 2.75957 -0.013517 0 0 0 0 0.036937 2.384 303 51 0 0 0
./complex_md-fit_715.pdb BC A 6.89243 28.8573 -9.00704 -7.05153 -12.908 -23.6777 -0.962623 41.8746 -23.7942 5.10272 8.12297 3.91952 0 0 0 0.350943 2.36174 0 0 0 0 0 0.0163645 2.384 303 49 1 1 0
./complex_md-fit_716.pdb BC A 6.95144 28.1676 -9.37375 -6.23137 -14.8563 -25.608 -1.23567 45.3878 -25.2076 5.47083 9.1693 3.38128 0 0 0 0.400494 3.79742 -0.0535135 0 0 0 0 0.00907809 2.384 303 50 2 2 0
./complex_md-fit_717.pdb BC A 9.93526 44.0096 -5.66222 -8.86535 -15.1832 -27.6522 -1.07521 50.8655 -27.3491 7.88626 11.913 3.13005 0 0 0 0.653494 4.61423 -0.0149661 0 0 0 0 0.0294529 2.384 303 53 2 2 0
./complex_md-fit_718.pdb BC A 9.87491 35.494 -7.53345 -7.71077 -12.1384 -25.3593 -1.11529 47.2883 -25.3391 5.57824 8.07027 3.04007 0 0 0 0.178588 3.00311 -0.0259464 0 0 0 0 0 2.384 303 49 2 2 0
./complex_md-fit_719.pdb BC A 9.28492 40.9308 -13.1989 -8.60681 -16.4271 -25.5792 -0.9939 44.7167 -25.1358 4.8663 9.96818 3.55338 0 0 0 0.402002 2.78444 -7.85382e-05 0 0 0 0 0.0373952 2.384 303 54 0 0 0
./complex_md-fit_71.pdb BC A 8.78356 38.1238 -11.6154 -6.69696 -14.4178 -21.1212 -0.979481 36.6381 -20.6783 3.70362 8.25219 3.37669 0 0 0 0.285732 2.12113 0.0219968 0 0 0 0 0 2.384 303 44 0 0 0
./complex_md-fit_720.pdb BC A 8.87765 32.6792 -5.3582 -6.9606 -11.4587 -23.8296 -0.871365 43.6576 -23.3788 6.06619 8.18724 3.1374 0 0 0 0.0685502 2.6102 0 0 0 0 0 0.0239364 2.384 303 51 1 1 0
./complex_md-fit_721.pdb BC A 10.7261 36.2043 -11.1969 -5.56444 -13.164 -24.5692 -0.951888 44.1899 -24.5492 2.12025 7.80279 3.13087 0 0 0 0.35894 2.8143 -0.0266805 0 0 0 0 0.0256874 2.384 303 52 0 0 0
./complex_md-fit_722.pdb BC A 9.83436 37.0091 -14.3103 -8.43564 -15.3671 -24.7614 -0.981094 43.2174 -24.5001 4.04307 9.15618 3.16481 0 0 0 0.14584 3.30712 0 0 0 0 0 0.00765619 2.384 303 51 0 0 0
./complex_md-fit_723.pdb BC A 8.10117 28.8309 -9.22763 -6.70042 -14.5906 -23.8125 -1.06416 42.2047 -23.5165 5.37723 9.36369 3.11848 0 0 0 0.392425 3.2182 0 0 0 0 0 0 2.384 303 51 1 1 0
./complex_md-fit_724.pdb BC A 7.52623 30.788 -5.03108 -6.63721 -10.3801 -23.7771 -0.847092 40.9565 -23.4913 7.79387 7.61348 3.22644 0 0 0 0.466836 2.55469 0 0 0 0 0 0.0446647 2.384 303 51 2 2 0
./complex_md-fit_725.pdb BC A 9.42583 26.9585 -13.6789 -7.98929 -14.0238 -24.2256 -0.847046 40.95 -23.9278 3.76714 8.05387 3.80941 0 0 0 0.736951 2.47509 0 0 0 0 0 0.0172408 2.384 303 50 0 0 0
./complex_md-fit_726.pdb BC A 6.44078 27.2904 -8.60575 -6.44299 -12.8724 -24.1689 -0.998666 42.5376 -23.7412 5.57993 8.27333 2.91952 0 0 0 0.308449 2.14829 -0.0128989 0 0 0 0 0.012469 2.384 303 50 1 1 0
./complex_md-fit_727.pdb BC A 8.47521 34.1688 -13.4583 -7.88709 -14.8379 -25.918 -1.27996 45.2806 -25.7793 4.49202 8.27822 3.86044 0 0 0 0.351411 4.46241 -0.0549892 0 0 0 0 0.0361573 2.384 303 53 0 0 0
./complex_md-fit_728.pdb BC A 10.6297 34.4077 -10.6277 -7.17917 -15.5104 -26.8439 -1.26612 48.0128 -26.9337 5.93107 9.29945 3.56505 0 0 0 0.283311 3.96988 -0.012606 0 0 0 0 0.0264149 2.384 303 54 0 0 0
./complex_md-fit_729.pdb BC A 8.26241 31.9705 -8.70466 -8.36336 -15.1933 -25.4086 -1.34505 44.9978 -25.3934 6.90294 9.15783 5.1899 0 0 0 0.774358 2.62036 -0.0251769 0 0 0 0 0.00150657 2.384 303 50 1 1 0
./complex_md-fit_72.pdb BC A 8.6819 33.1848 -10.5174 -6.36928 -15.2872 -22.0752 -0.955 39.8091 -21.9189 4.48135 8.90371 2.31439 0 0 0 0.579614 1.50405 -5.55112e-17 0 0 0 0 0 2.384 303 50 0 0 0
./complex_md-fit_730.pdb BC A 7.41756 29.7759 -12.9557 -9.59742 -15.2219 -25.076 -1.1884 44.7942 -24.656 4.73065 9.14647 3.55221 0 0 0 0.530413 2.87882 0 0 0 0 0 0.0299708 2.384 303 52 1 1 0
./complex_md-fit_731.pdb BC A 9.9889 39.9859 -5.96455 -8.64212 -13.635 -24.9347 -1.15868 43.3102 -24.5611 9.02371 10.6937 3.30881 0 0 0 0.596587 3.301 0 0 0 0 0 0.0340864 2.384 303 49 1 1 0
./complex_md-fit_732.pdb BC A 7.18071 37.0372 -11.3774 -7.16225 -13.678 -23.5292 -1.21256 39.841 -23.4948 6.1901 8.40865 2.93171 0 0 0 0.319747 2.51346 0 0 0 0 0 0.00816889 2.384 303 49 1 1 0
./complex_md-fit_733.pdb BC A 7.4303 26.4863 -4.72015 -6.32757 -11.6876 -22.5044 -1.07312 39.5895 -22.3819 7.86306 7.18668 4.41438 0 0 0 0.197145 3.52857 0 0 0 0 0 0.00366732 2.384 303 51 1 1 0
./complex_md-fit_734.pdb BC A 7.60984 37.7328 -8.88529 -6.29373 -12.2314 -22.6921 -1.10698 38.9256 -22.5932 7.06132 8.16793 1.5287 0 0 0 0.343796 3.30656 0 0 0 0 0 0.00476359 2.384 303 49 3 3 0
./complex_md-fit_735.pdb BC A 6.97268 27.7318 -3.16214 -5.80801 -14.0279 -23.4046 -1.01117 41.6274 -22.7375 9.56911 8.99081 2.86853 0 0 0 0.771086 2.73555 0 0 0 0 0 0 2.384 303 50 4 4 0
./complex_md-fit_736.pdb BC A 7.60028 38.8928 -5.46994 -6.60672 -12.0542 -23.8176 -0.926835 43.269 -23.3216 6.18767 8.3168 2.37092 0 0 0 1.09214 2.90668 0 0 0 0 0 0.0204975 2.384 303 51 2 2 0
./complex_md-fit_737.pdb BC A 8.68717 32.0656 -11.1833 -7.92384 -13.4859 -24.1561 -1.32706 42.4239 -24.0621 4.47982 7.91962 4.26125 0 0 0 0.623076 2.57665 0 0 0 0 0 0.0639498 2.384 303 49 1 1 0
./complex_md-fit_738.pdb BC A 6.23441 32.3036 -5.05432 -6.49653 -12.4641 -24.8864 -1.07437 44.3495 -24.4839 7.14755 9.78405 2.51702 0 0 0 0.53171 2.67877 0 0 0 0 0 0.0211796 2.384 303 52 1 1 0
./complex_md-fit_739.pdb BC A 8.72694 29.6539 -4.60613 -7.27844 -11.3662 -24.6953 -1.28745 42.9088 -24.4575 8.38063 8.46823 4.14902 0 0 0 0.552166 2.31229 0 0 0 0 0 0.0198718 2.384 303 50 1 1 0
./complex_md-fit_73.pdb BC A 9.50197 31.8114 -9.03258 -8.7065 -15.7523 -21.9347 -1.01398 40.9274 -21.1703 3.54883 9.99575 4.37013 0 0 0 0.70318 1.61251 0 0 0 0 0 0 2.384 303 52 0 0 0
./complex_md-fit_740.pdb BC A 9.91307 34.0507 -13.2909 -7.80454 -14.8159 -25.9497 -1.2824 44.1719 -26.1265 7.08501 8.29771 2.91423 0 0 0 0.177285 2.85393 0.0120248 0 0 0 0 0.0300314 2.384 303 52 0 0 0
./complex_md-fit_741.pdb BC A 6.81752 30.5777 -14.1877 -8.69028 -18.4005 -24.783 -1.23039 44.4978 -23.9905 6.20654 8.98741 2.62186 0 0 0 0.558208 2.42036 5.55112e-17 0 0 0 0 0.0352146 2.384 303 54 0 0 0
./complex_md-fit_742.pdb BC A 8.31206 34.0973 -5.75549 -8.22697 -12.8229 -25.4719 -0.94189 45.5732 -24.9071 8.39717 8.86674 3.37196 0 0 0 0.374773 2.93327 0 0 0 0 0 0.031407 2.384 303 56 1 1 0
./complex_md-fit_743.pdb BC A 8.91971 33.1231 -6.02266 -7.77899 -14.3227 -25.6671 -1.03317 47.5661 -24.5492 8.03581 9.63355 1.71378 0 0 0 0.34211 4.14155 -1.11022e-16 0 0 0 0 0.0371234 2.384 303 54 3 3 0
./complex_md-fit_744.pdb BC A 8.93962 28.1225 -8.44578 -6.76765 -12.9623 -23.8884 -1.24321 42.3786 -23.4837 6.15272 7.65488 3.58489 0 0 0 0.127437 2.33607 -2.22045e-16 0 0 0 0 0.000909394 2.384 303 55 2 2 0
./complex_md-fit_745.pdb BC A 8.78745 34.7456 -7.00218 -6.50324 -13.165 -23.311 -1.17284 41.7898 -22.2752 6.79983 7.92756 2.60509 0 0 0 0.297638 2.52619 -1.11022e-16 0 0 0 0 0.00527283 2.384 303 47 0 0 0
./complex_md-fit_746.pdb BC A 7.37452 32.2094 -8.07685 -7.61391 -14.8719 -24.0988 -1.10969 43.775 -23.5471 5.28185 10.0037 3.64531 0 0 0 0.437781 2.56343 -0.00969959 0 0 0 0 0.0305701 2.384 303 53 0 0 0
./complex_md-fit_747.pdb BC A 12.0065 37.3565 -11.4634 -8.0141 -13.59 -23.781 -1.02695 41.0215 -23.1982 5.22418 7.78761 3.89975 0 0 0 0.194265 3.57301 0 0 0 0 0 0.0194737 2.384 303 54 0 0 0
./complex_md-fit_748.pdb BC A 6.09116 32.7374 -12.4341 -6.90716 -12.0614 -22.7 -1.05633 38.0003 -22.5246 2.88229 7.38467 4.03747 0 0 0 0.479952 2.42608 0 0 0 0 0 0.0308305 2.384 303 52 0 0 0
./complex_md-fit_749.pdb BC A 11.0943 27.8807 -4.23442 -5.63306 -12.7566 -23.0624 -1.0605 42.5598 -22.386 6.69873 8.38838 2.73994 0 0 0 0.267531 2.53949 0 0 0 0 0 0.0097695 2.384 303 51 1 1 0
./complex_md-fit_74.pdb BC A 8.10702 27.3758 -13.6453 -6.94842 -15.3286 -20.6808 -1.04538 37.1761 -20.1169 1.51714 8.14842 3.14819 0 0 0 0.484905 1.44434 1.11022e-16 0 0 0 0 0 2.384 303 50 0 0 0
./complex_md-fit_750.pdb BC A 8.7569 33.5057 -9.57849 -5.36414 -13.7276 -23.1912 -1.10257 39.9803 -22.6427 3.73114 7.90694 4.65854 0 0 0 0.172861 2.49219 0 0 0 0 0 0 2.384 303 48 0 0 0
./complex_md-fit_751.pdb BC A 7.2519 38.419 -16.7897 -8.53674 -15.2846 -22.5635 -1.15426 37.7435 -22.0739 3.06313 7.84942 3.77427 0 0 0 0.388098 2.58367 0 0 0 0 0 0.00493203 2.384 303 46 0 0 0
./complex_md-fit_752.pdb BC A 8.09219 35.6909 -6.72756 -8.4859 -14.1825 -23.7414 -1.18786 42.5278 -22.7404 6.36795 10.5566 3.87235 0 0 0 0.266349 2.63436 0.019503 0 0 0 0 0 2.384 303 51 1 1 0
./complex_md-fit_753.pdb BC A 8.10985 30.8662 -4.04736 -8.2975 -12.8821 -24.19 -1.19145 42.5724 -23.2371 9.37496 8.47649 4.26026 0 0 0 1.04639 2.80137 0 0 0 0 0 0.020264 2.384 303 50 4 4 0
./complex_md-fit_754.pdb BC A 12.4879 31.6724 -11.1132 -8.7513 -14.9257 -24.9928 -1.21872 45.0853 -23.755 5.36482 9.06409 2.45796 0 0 0 0.558225 2.83631 0 0 0 0 0 0 2.384 303 49 0 0 0
./complex_md-fit_755.pdb BC A 10.912 36.4111 -6.05676 -9.02863 -15.1384 -23.9254 -1.16274 43.2269 -22.5707 7.5533 9.14084 5.43426 0 0 0 0.405953 2.65892 0 0 0 0 0 0.00787989 2.384 303 51 3 3 0
./complex_md-fit_756.pdb BC A 10.408 32.8353 -11.5079 -7.8245 -16.1461 -23.2278 -1.17965 40.6837 -22.4272 5.45494 9.15532 3.83531 0 0 0 0.149695 2.57439 0 0 0 0 0 0.0183631 2.384 303 48 0 0 0
./complex_md-fit_757.pdb BC A 6.64739 30.7086 -2.53427 -6.69381 -13.6628 -23.0758 -1.25485 40.7616 -22.4118 9.54078 9.82529 3.60537 0 0 0 0.831716 3.18959 0 0 0 0 0 0 2.384 303 47 4 4 0
./complex_md-fit_758.pdb BC A 8.01231 33.8936 -14.2204 -6.5194 -14.1905 -24.2379 -0.998213 40.842 -24.2105 2.14793 8.4361 4.28409 0 0 0 0.226065 3.67519 0 0 0 0 0 0 2.384 303 50 0 0 0
./complex_md-fit_759.pdb BC A 7.86559 35.6585 -13.8698 -7.98275 -14.7754 -23.7649 -1.13084 40.251 -23.0864 2.91489 8.62332 4.1582 0 0 0 0.923027 2.55601 0 0 0 0 0 0 2.384 303 52 0 0 0
./complex_md-fit_75.pdb BC A 8.92448 45.1859 -9.21544 -6.31466 -14.8557 -20.3496 -1.01467 38.1494 -19.563 1.88441 8.98202 3.49657 0 0 0 0.369751 2.32569 1.11022e-16 0 0 0 0 0 2.384 303 48 0 0 0
./complex_md-fit_760.pdb BC A 9.3368 32.0431 -7.25549 -6.75037 -12.5752 -24.4113 -1.01821 43.4054 -23.9574 4.60098 9.38433 3.6312 0 0 0 0.435218 2.65271 0 0 0 0 0 0 2.384 303 53 0 0 0
./complex_md-fit_761.pdb BC A 7.39883 38.9364 -2.18552 -7.15722 -12.1684 -22.9773 -1.19371 42.5029 -22.1807 8.07386 8.75535 3.53505 0 0 0 0.624593 1.86368 0 0 0 0 0 0 2.384 303 51 2 2 0
./complex_md-fit_762.pdb BC A 11.8288 28.4837 -5.91648 -9.37666 -16.9533 -24.9249 -1.30289 46.5443 -23.6581 9.07972 10.9873 3.56717 0 0 0 0.115049 3.43461 0 0 0 0 0 0.00578125 2.384 303 52 1 1 0
./complex_md-fit_763.pdb BC A 8.40439 42.4863 -12.6365 -10.465 -15.8928 -23.2819 -1.19994 41.1522 -21.8522 4.69832 9.57281 3.2532 0 0 0 1.32695 2.25401 0 0 0 0 0 0.0518564 2.384 303 50 0 0 0
./complex_md-fit_764.pdb BC A 8.75623 28.1528 -13.9061 -9.4268 -18.4183 -24.6269 -1.00848 44.172 -23.7377 4.99963 10.3846 3.32507 0 0 0 0.413394 3.11249 0 0 0 0 0 0.0174147 2.384 303 48 1 1 0
./complex_md-fit_765.pdb BC A 10.4587 35.7951 -10.5538 -10.1865 -15.0931 -24.2151 -1.22097 42.6966 -23.2604 5.77311 10.6167 3.45305 0 0 0 0.882761 2.53042 0 0 0 0 0 0 2.384 303 50 1 1 0
./complex_md-fit_766.pdb BC A 8.07102 25.878 -5.34999 -8.86643 -12.9371 -24.3966 -1.18101 42.4427 -23.4968 8.93747 8.96568 4.14169 0 0 0 1.04042 2.56576 0 0 0 0 0 0 2.384 303 48 2 2 0
./complex_md-fit_767.pdb BC A 7.92148 38.1308 -11.4185 -9.18803 -14.2992 -22.7797 -1.06669 38.2115 -21.8959 7.42104 8.2745 3.1377 0 0 0 0.758668 2.30812 0 0 0 0 0 0.00766892 2.384 303 54 2 2 0
./complex_md-fit_768.pdb BC A 8.49429 27.873 -2.93369 -6.108 -14.2263 -24.0671 -1.0663 44.2771 -23.2286 7.60332 10.178 3.38456 0 0 0 0.319607 3.58323 2.77556e-17 0 0 0 0 0 2.384 303 50 1 1 0
./complex_md-fit_769.pdb BC A 7.21698 26.6343 -3.23036 -6.60206 -8.39139 -23.0819 -0.846245 40.2748 -22.7353 7.66391 6.8787 3.25922 0 0 0 0.349979 2.52059 0 0 0 0 0 0 2.384 303 49 2 2 0
./complex_md-fit_76.pdb BC A 9.97486 32.9154 -5.81321 -5.77486 -13.3489 -22.9164 -1.04889 41.2643 -22.7175 7.35537 8.95224 2.30357 0 0 0 0.117946 1.58744 -5.55112e-17 0 0 0 0 0 2.384 303 48 0 0 0
./complex_md-fit_770.pdb BC A 9.92643 37.9523 -11.6709 -8.70398 -14.2262 -23.2127 -1.10604 40.8002 -22.6826 5.51405 8.338 3.06294 0 0 0 0.516084 2.7228 5.55112e-17 0 0 0 0 0.0294124 2.384 303 47 0 0 0
./complex_md-fit_771.pdb BC A 6.96625 37.877 -9.44027 -8.85152 -14.6115 -24.0583 -1.26573 41.6851 -23.6653 6.65989 10.152 4.31603 0 0 0 0.199077 2.70355 0 0 0 0 0 0 2.384 303 48 2 2 0
./complex_md-fit_772.pdb BC A 9.3276 44.8889 -11.2626 -7.5076 -15.4005 -22.5488 -0.944526 39.0066 -21.9924 5.19248 8.59146 3.31614 0 0 0 1.02225 2.59632 5.55112e-17 0 0 0 0 0.00225128 2.384 303 48 1 1 0
./complex_md-fit_773.pdb BC A 10.967 34.2664 -6.99344 -8.44516 -13.4414 -23.4558 -1.06308 42.0988 -22.4169 6.70022 8.68011 3.7302 0 0 0 0.619627 2.42051 0 0 0 0 0 0 2.384 303 52 1 1 0
./complex_md-fit_774.pdb BC A 9.46301 31.6329 -9.06832 -9.09652 -14.8137 -23.6262 -1.30188 41.3019 -22.7627 6.88582 9.23658 4.28234 0 0 0 0.826038 2.37992 0 0 0 0 0 0 2.384 303 49 1 1 0
./complex_md-fit_775.pdb BC A 8.46467 30.7218 -7.58632 -7.63657 -14.6334 -24.6024 -1.33339 43.9952 -23.7341 5.7642 9.36823 4.70943 0 0 0 0.516455 2.3107 0 0 0 0 0 0 2.384 303 49 1 1 0
./complex_md-fit_776.pdb BC A 7.57754 32.6587 -10.3215 -7.51885 -13.8941 -24.4213 -1.05908 42.6913 -23.9833 4.99702 7.70608 4.33554 0 0 0 0.812612 2.47609 0 0 0 0 0 0.0125758 2.384 303 49 1 1 0
./complex_md-fit_777.pdb BC A 7.59076 31.8315 -8.15407 -7.48574 -14.2087 -23.5806 -1.2676 41.9313 -22.4274 6.28413 7.88794 4.43831 0 0 0 0.274211 2.49344 -1.11022e-16 0 0 0 0 0 2.384 303 47 1 1 0
./complex_md-fit_778.pdb BC A 9.29312 30.3029 -12.1513 -9.14716 -15.4429 -24.3074 -1.28178 41.9149 -23.9936 6.904 8.80873 4.28834 0 0 0 0.0986874 2.94559 0 0 0 0 0 0.00692594 2.384 303 49 1 1 0
./complex_md-fit_779.pdb BC A 10.699 35.6282 -7.74447 -8.75158 -13.4354 -24.8015 -1.04898 43.6486 -24.4296 8.65431 8.27345 2.96625 0 0 0 1.17996 3.08004 0 0 0 0 0 0 2.384 303 51 1 1 0
./complex_md-fit_77.pdb BC A 6.74213 35.2539 -7.70241 -6.15233 -16.112 -22.3802 -1.04773 42.5752 -21.4113 5.02361 9.88557 1.8006 0 0 0 0.0973563 1.81349 0.018819 0 0 0 0 0 2.384 303 48 1 1 0
./complex_md-fit_780.pdb BC A 9.11894 24.5253 -14.1262 -9.42565 -14.5408 -24.5125 -1.12935 42.6936 -23.8039 3.28453 8.00615 4.34671 0 0 0 0.945842 3.65706 0 0 0 0 0 0.00907532 2.384 303 55 0 0 0
./complex_md-fit_781.pdb BC A 6.41766 33.6226 -6.09688 -8.71298 -15.5219 -25.2776 -1.19387 44.1694 -24.6245 8.82913 10.7518 4.36266 0 0 0 1.09819 2.98647 0 0 0 0 0 0.0227583 2.384 303 52 2 2 0
./complex_md-fit_782.pdb BC A 6.41237 27.0927 -17.1298 -8.81648 -15.2146 -23.0778 -1.13819 39.0916 -22.4301 3.56671 7.35892 2.9171 0 0 0 0.613065 2.85867 0 0 0 0 0 0 2.384 303 50 0 0 0
./complex_md-fit_783.pdb BC A 7.87351 35.1609 -4.46299 -7.0921 -11.6576 -23.7246 -1.17316 41.5421 -23.2568 9.14132 8.00918 3.32674 0 0 0 0.409172 2.38811 0 0 0 0 0 0.0127909 2.384 303 47 2 2 0
./complex_md-fit_784.pdb BC A 7.24187 26.7312 -8.41566 -6.61656 -14.1192 -23.6109 -1.14715 42.3192 -23.342 5.89647 8.75911 3.06985 0 0 0 0.375597 3.58955 0 0 0 0 0 0 2.384 303 50 0 0 0
./complex_md-fit_785.pdb BC A 10.2164 29.8006 -8.18172 -7.98721 -15.8866 -24.0513 -1.31655 44.652 -22.9529 6.22325 9.32779 3.22008 0 0 0 0.577628 2.56357 0 0 0 0 0 0.0121128 2.384 303 51 0 0 0
./complex_md-fit_786.pdb BC A 9.95356 33.373 -5.16206 -6.22396 -11.3616 -23.0595 -1.00113 39.7197 -22.5399 7.82347 7.39712 3.26555 0 0 0 0.818176 2.802 0 0 0 0 0 0 2.384 303 51 2 2 0
./complex_md-fit_787.pdb BC A 6.95749 35.9152 -12.0937 -8.82409 -14.8878 -23.5368 -1.29626 41.8424 -22.903 4.69206 8.99872 3.35974 0 0 0 0.461237 3.71315 1.11022e-16 0 0 0 0 0 2.384 303 48 0 0 0
./complex_md-fit_788.pdb BC A 7.80651 30.1605 -10.4167 -6.27937 -15.098 -24.1384 -1.24647 42.1927 -23.6432 5.62955 9.03118 2.83068 0 0 0 0.304694 3.94174 -2.77556e-17 0 0 0 0 0 2.384 303 49 0 0 0
./complex_md-fit_789.pdb BC A 8.23923 33.1856 -6.7037 -6.46999 -13.4459 -23.1355 -1.32801 41.0275 -22.4274 7.01467 7.60081 3.75036 0 0 0 0.690718 2.45786 0 0 0 0 0 0.0190103 2.384 303 52 0 0 0
./complex_md-fit_78.pdb BC A 6.8652 35.5044 -6.98486 -6.41381 -14.347 -21.7789 -1.012 40.5881 -21.2222 4.40624 9.24783 3.46268 0 0 0 0.0842603 1.66711 0 0 0 0 0 0 2.384 303 47 0 0 0
./complex_md-fit_790.pdb BC A 7.13956 37.0031 -6.95675 -7.14733 -12.2506 -23.3289 -1.23396 40.5711 -22.7746 6.90818 8.2382 3.40642 0 0 0 0.654744 2.52043 0 0 0 0 0 0 2.384 303 48 1 1 0
./complex_md-fit_791.pdb BC A 7.44475 33.5469 -13.6128 -8.48229 -14.0235 -24.0976 -1.05611 40.5327 -24.0302 5.51252 7.40478 4.01539 0 0 0 0.611571 2.51896 0 0 0 0 0 0 2.384 303 48 0 0 0
./complex_md-fit_792.pdb BC A 7.59479 34.7352 -8.00946 -7.55813 -14.8981 -23.2173 -1.07797 41.2514 -21.9174 5.35321 9.90034 3.44266 0 0 0 0.7119 2.57116 0 0 0 0 0 1.11022e-16 2.384 303 51 1 1 0
./complex_md-fit_793.pdb BC A 8.18512 25.644 -3.873 -6.3698 -11.6396 -23.2168 -0.980738 40.9883 -22.8488 8.03165 8.29613 3.59892 0 0 0 0.267708 3.53888 0 0 0 0 0 0 2.384 303 51 1 1 0
./complex_md-fit_794.pdb BC A 7.97628 39.13 -7.08633 -7.27793 -11.4767 -24.0759 -1.12147 43.5952 -23.3593 5.02996 8.34483 2.77108 0 0 0 0.48389 4.16736 0 0 0 0 0 0 2.384 303 50 1 1 0
./complex_md-fit_795.pdb BC A 6.8618 34.2494 -8.14921 -8.33073 -12.7134 -23.5863 -0.984603 42.5623 -22.7833 5.83052 9.05467 2.61876 0 0 0 0.182896 2.37761 0 0 0 0 0 0 2.384 303 52 0 0 0
./complex_md-fit_796.pdb BC A 6.54788 36.3707 -4.91992 -7.21662 -14.1501 -24.4424 -1.11994 44.6105 -23.3786 6.20606 9.09111 4.70632 0 0 0 0.766377 2.8752 0 0 0 0 0 0.00737601 2.384 303 50 1 1 0
./complex_md-fit_797.pdb BC A 7.86531 36.5139 -4.71184 -7.87864 -14.0478 -24.9508 -1.21281 45.9951 -24.0271 8.25029 9.43221 3.20488 0 0 0 0.513997 3.229 -0.0108775 0 0 0 0 0.0196785 2.384 303 52 1 1 0
./complex_md-fit_798.pdb BC A 6.46459 30.3021 -9.88326 -8.59527 -14.9569 -24.614 -1.15434 42.2704 -24.1968 7.20227 9.60632 4.43268 0 0 0 0.122377 2.62774 0 0 0 0 0 0 2.384 303 49 0 0 0
./complex_md-fit_799.pdb BC A 9.47914 30.6795 -5.52193 -5.69137 -13.1131 -23.6635 -1.15612 42.2673 -23.1169 5.54663 10.0555 2.99582 0 0 0 0.361543 2.7019 -0.0282861 0 0 0 0 0.0205318 2.384 303 52 1 1 0
./complex_md-fit_79.pdb BC A 10.6131 34.6005 -15.5238 -9.05074 -17.8724 -22.9266 -1.08883 40.1525 -22.9294 4.55646 9.96152 3.28773 0 0 0 0.386044 3.48352 0 0 0 0 0 0 2.384 303 49 0 0 0
./complex_md-fit_7.pdb BC A 7.19228 35.8386 -5.90897 -3.08267 -13.9524 -21.1302 -1.35289 38.757 -20.5492 4.07598 7.65454 3.47364 0 0 0 0.139204 2.06639 0.0579892 0 0 0 0 0 2.384 303 47 0 0 0
./complex_md-fit_800.pdb BC A 8.74563 30.3298 -7.05359 -6.84668 -17.2773 -24.0741 -1.18355 44.5715 -22.8629 6.91364 9.47601 3.94041 0 0 0 0.289463 2.86403 0 0 0 0 0 0 2.384 303 55 2 2 0
./complex_md-fit_801.pdb BC A 10.49 29.4605 -10.1117 -6.9545 -12.6315 -24.2634 -0.982908 41.7568 -23.6613 4.27498 8.74969 3.47524 0 0 0 0.125268 2.45561 1.11022e-16 0 0 0 0 0 2.384 303 53 0 0 0
./complex_md-fit_802.pdb BC A 10.6688 31.4092 -9.26195 -7.505 -13.8998 -24.1519 -1.02805 42.8506 -23.2325 5.01484 8.67634 3.62443 0 0 0 0.388971 3.59841 0 0 0 0 0 0 2.384 303 53 0 0 0
./complex_md-fit_803.pdb BC A 7.05277 36.8742 0.00759349 -7.19173 -11.9357 -25.3144 -1.16725 46.8322 -24.2199 10.3579 9.35232 3.15734 0 0 0 0.108719 3.94194 0 0 0 0 0 0.0281149 2.384 303 55 2 2 0
./complex_md-fit_804.pdb BC A 10.3882 40.5592 -7.72695 -9.13494 -12.971 -24.0311 -1.00219 41.8157 -23.1158 8.65317 9.14854 2.55403 0 0 0 0.336679 2.46458 0 0 0 0 0 0.0200303 2.384 303 53 2 2 0
./complex_md-fit_805.pdb BC A 8.62456 24.7651 -5.77294 -5.52121 -10.9541 -24.4507 -1.10249 43.6688 -23.9464 5.04521 8.04042 3.30838 0 0 0 0.149122 3.71118 -0.00990304 0 0 0 0 0 2.384 303 52 0 0 0
./complex_md-fit_806.pdb BC A 5.91787 29.9134 -5.31667 -6.44262 -8.90717 -24.8202 -0.870051 44.2036 -24.1595 4.86613 7.39431 2.87149 0 0 0 0.51141 2.88839 0.00707361 0 0 0 0 0.0289216 2.384 303 55 2 2 0
./complex_md-fit_807.pdb BC A 8.59982 24.8039 -3.49986 -9.13539 -10.972 -24.6098 -0.968517 43.5119 -23.5125 7.00318 9.32495 5.22834 0 0 0 0.624468 2.59663 -0.0119323 0 0 0 0 0.0174804 2.384 303 52 0 0 0
./complex_md-fit_808.pdb BC A 10.0687 33.4423 -2.29563 -7.00813 -12.946 -24.8148 -0.867349 45.5903 -23.8452 8.6154 8.06824 4.7359 0 0 0 0.176063 3.91416 0 0 0 0 0 0 2.384 303 53 2 2 0
./complex_md-fit_809.pdb BC A 8.78514 32.1487 -8.22901 -10.3473 -12.0358 -25.8303 -1.02039 46.7303 -25.4262 5.75564 9.99142 3.43266 0 0 0 0.538418 2.51063 -0.0174642 0 0 0 0 0 2.384 303 56 0 0 0
./complex_md-fit_80.pdb BC A 7.33135 34.4696 -8.65415 -9.15215 -17.5742 -22.5035 -1.04202 40.8264 -21.8822 6.73601 12.0388 3.63171 0 0 0 0.246786 1.79556 0.0202715 0 0 0 0 0 2.384 303 48 1 1 0
./complex_md-fit_810.pdb BC A 8.43848 29.0389 -8.08965 -7.48699 -13.4522 -24.4678 -1.02382 43.3497 -23.6964 5.3263 8.75923 3.71999 0 0 0 0.892819 2.79217 -0.0106183 0 0 0 0 0 2.384 303 51 0 0 0
./complex_md-fit_811.pdb BC A 8.45956 41.2819 -9.48732 -6.48714 -13.9799 -24.6311 -1.05855 44.016 -23.8534 4.30562 9.08298 2.90138 0 0 0 0.190915 2.56559 -1.38778e-17 0 0 0 0 0.0257933 2.384 303 51 0 0 0
./complex_md-fit_812.pdb BC A 8.12693 34.9072 -4.86328 -7.13817 -12.3639 -24.6212 -1.03803 42.7744 -24.1778 6.41725 9.36659 5.53977 0 0 0 0.389787 2.44586 -0.0119259 0 0 0 0 0 2.384 303 53 1 1 0
./complex_md-fit_813.pdb BC A 8.87486 28.8599 -3.86062 -7.34473 -10.7242 -25.5708 -1.04479 46.6133 -24.6244 6.48629 8.65927 3.28841 0 0 0 0.345963 3.0062 0 0 0 0 0 0.0551101 2.384 303 55 0 0 0
./complex_md-fit_814.pdb BC A 7.61868 39.977 -1.97927 -5.78562 -10.7559 -23.7624 -1.03831 44.621 -22.8754 5.97779 8.62736 2.86299 0 0 0 0.12186 3.57177 0 0 0 0 0 0.0273362 2.384 303 52 0 0 0
./complex_md-fit_815.pdb BC A 10.3128 37.3387 -4.3971 -5.71903 -13.8505 -25.8864 -1.04476 46.4002 -25.0074 8.06685 8.83097 2.72343 0 0 0 1.12052 2.73065 -0.0310953 0 0 0 0 0 2.384 303 52 1 1 0
./complex_md-fit_816.pdb BC A 8.42755 27.4618 -8.42792 -7.97529 -13.8564 -25.292 -0.987361 44.6188 -24.7301 6.33134 8.84922 3.99635 0 0 0 0.594756 3.85974 0 0 0 0 0 0.0226959 2.384 303 52 0 0 0
./complex_md-fit_817.pdb BC A 8.45926 37.06 -3.06434 -8.53871 -12.5656 -23.6922 -1.07617 43.687 -22.693 7.75732 9.16675 4.30556 0 0 0 0.55371 2.2681 0 0 0 0 0 0.0308989 2.384 303 52 1 1 0
./complex_md-fit_818.pdb BC A 5.5651 32.6573 0.118282 -7.0039 -11.9929 -25.2937 -1.10365 45.6655 -24.4095 10.4163 8.44621 4.88062 0 0 0 0.503724 2.67651 -0.00913623 0 0 0 0 0.0186879 2.384 303 54 4 4 0
./complex_md-fit_819.pdb BC A 7.87599 40.5186 -5.33683 -7.20259 -11.7157 -25.2664 -0.872991 45.6055 -24.4176 5.30343 7.72867 4.57061 0 0 0 0.930261 2.75507 0 0 0 0 0 0 2.384 303 55 0 0 0
./complex_md-fit_81.pdb BC A 8.01023 35.1365 -9.33432 -6.04318 -15.2324 -23.4906 -0.950742 43.0601 -22.9886 3.99421 10.4734 1.60637 0 0 0 0.237155 2.7642 0 0 0 0 0 0 2.384 303 48 0 0 0
./complex_md-fit_820.pdb BC A 13.2514 35.8689 -3.26833 -8.81034 -12.8185 -24.9511 -0.999299 44.2715 -24.3248 9.71823 10.8714 3.48789 0 0 0 0.2688 2.70504 0 0 0 0 0 0.0179405 2.384 303 52 3 3 0
./complex_md-fit_821.pdb BC A 10.1492 31.3616 -5.61659 -7.47334 -17.0323 -25.769 -0.962878 47.4024 -25.0127 9.67879 10.5204 2.76674 0 0 0 0.250722 2.83697 -0.0109309 0 0 0 0 0.0256618 2.384 303 55 2 2 0
./complex_md-fit_822.pdb BC A 10.2696 30.2033 -1.47992 -8.3966 -12.6078 -24.8482 -1.03605 46.0211 -23.8734 9.46572 10.2623 3.37457 0 0 0 0.169118 2.57047 -0.0107258 0 0 0 0 0 2.384 303 53 1 1 0
./complex_md-fit_823.pdb BC A 8.79666 34.906 3.05425 -5.30813 -9.0051 -24.5297 -1.06363 45.6329 -23.7373 8.8423 8.29923 3.40619 0 0 0 0.517422 2.54901 0 0 0 0 0 0 2.384 303 50 3 3 0
./complex_md-fit_824.pdb BC A 7.93595 32.5324 -5.21254 -7.35008 -11.8073 -25.3359 -1.08599 46.8905 -24.277 6.10561 7.91239 3.62689 0 0 0 0.108282 3.55453 0 0 0 0 0 0 2.384 303 56 0 0 0
./complex_md-fit_825.pdb BC A 9.20307 33.2176 -3.40412 -7.80516 -12.9192 -25.2213 -1.18142 45.6571 -24.268 8.93872 8.3963 4.36659 0 0 0 0.642781 2.58387 -0.0105361 0 0 0 0 1.11022e-16 2.384 303 53 1 1 0
./complex_md-fit_826.pdb BC A 7.83079 28.0872 -9.9718 -9.78253 -13.9384 -24.8507 -0.876967 44.3104 -23.8015 6.53297 8.87477 3.01214 0 0 0 0.558107 2.92146 -0.0100125 0 0 0 0 0 2.384 303 54 2 2 0
./complex_md-fit_827.pdb BC A 7.87471 31.7313 -7.14904 -7.54542 -14.3401 -25.5985 -0.989659 45.5461 -24.8459 7.97786 8.91797 3.00651 0 0 0 0.731992 2.91066 -0.013592 0 0 0 0 0.00368859 2.384 303 53 2 2 0
./complex_md-fit_828.pdb BC A 7.85508 35.5656 -2.68575 -10.4331 -12.3888 -25.8719 -0.972483 48.4738 -24.5572 8.84659 8.04018 5.97826 0 0 0 0.198899 2.814 3.46945e-18 0 0 0 0 0 2.384 303 52 3 3 0
./complex_md-fit_829.pdb BC A 8.77735 30.6428 -11.2262 -9.5323 -15.5522 -25.866 -1.1285 47.5192 -24.9154 4.25067 9.55484 4.17887 0 0 0 0.25786 3.53426 -0.012694 0 0 0 0 0.0194644 2.384 303 53 0 0 0
./complex_md-fit_82.pdb BC A 8.05089 34.0049 -16.646 -6.55225 -18.6068 -23.0504 -1.09731 40.508 -22.5146 3.53359 9.2154 1.71235 0 0 0 0.182847 1.74889 0.0232989 0 0 0 0 0 2.384 303 47 2 2 0
./complex_md-fit_830.pdb BC A 7.00178 28.8057 -20.9243 -11.9799 -16.2731 -25.2758 -1.08394 43.2985 -25.1914 2.98525 8.52405 3.45961 0 0 0 0.620157 2.94261 -0.00914425 0 0 0 0 0.00135041 2.384 303 56 0 0 0
./complex_md-fit_831.pdb BC A 8.56526 31.2947 -0.706611 -7.38414 -10.7785 -25.215 -1.06223 45.4037 -24.8036 9.91001 9.1161 3.84031 0 0 0 0.233088 2.65616 0.0240399 0 0 0 0 0.00964464 2.384 303 52 2 2 0
./complex_md-fit_832.pdb BC A 8.36748 36.1256 -13.2224 -11.6404 -11.353 -24.9393 -0.821413 42.6154 -24.5315 3.7746 8.63045 4.45732 0 0 0 0.56685 2.87739 -1.11022e-16 0 0 0 0 0.0185932 2.384 303 52 0 0 0
./complex_md-fit_833.pdb BC A 7.43211 38.7432 -6.32889 -8.64724 -11.6406 -24.9386 -1.00156 43.9705 -24.6503 7.86752 6.92066 5.50467 0 0 0 0.272392 3.66245 0 0 0 0 0 0.0135715 2.384 303 52 3 3 0
./complex_md-fit_834.pdb BC A 9.27586 31.3599 -8.82033 -10.9699 -13.1408 -25.9454 -1.25245 47.5723 -25.1722 6.69602 8.6321 4.57605 0 0 0 0.165299 2.93041 -0.00968853 0 0 0 0 0.0284067 2.384 303 56 1 1 0
./complex_md-fit_835.pdb BC A 8.94594 36.0996 -7.80998 -9.99355 -13.8229 -25.6668 -1.03393 46.191 -25.1137 5.16528 10.5685 5.31296 0 0 0 0.583119 3.55246 0 0 0 0 0 0 2.384 303 55 1 1 0
./complex_md-fit_836.pdb BC A 7.85605 29.5999 -5.47139 -9.34373 -13.7269 -25.1811 -0.856893 44.4451 -24.5301 10.3149 9.7747 3.4571 0 0 0 0.159321 2.70915 5.55112e-17 0 0 0 0 0.0162508 2.384 303 56 3 3 0
./complex_md-fit_837.pdb BC A 8.73416 32.7657 -9.77613 -8.03765 -12.6297 -23.3819 -1.05453 39.8917 -23.162 5.6915 9.27394 3.25034 0 0 0 0.382102 2.1443 0 0 0 0 0 0 2.384 303 51 1 1 0
./complex_md-fit_838.pdb BC A 7.06011 36.8668 -0.514308 -5.82047 -11.8546 -25.3338 -1.14167 47.1788 -24.835 6.62342 9.0259 4.46515 0 0 0 1.17791 2.92326 0 0 0 0 0 0 2.384 303 55 1 1 0
./complex_md-fit_839.pdb BC A 5.83894 38.1836 -4.39464 -5.9864 -12.5562 -23.6127 -1.12589 42.386 -22.7379 8.55645 7.67842 2.91861 0 0 0 0.101324 2.39237 -0.0163718 0 0 0 0 0 2.384 303 51 2 2 0
./complex_md-fit_83.pdb BC A 9.06707 33.3843 -6.69795 -7.01924 -14.2488 -21.5941 -1.10399 40.141 -20.0559 4.16059 9.25753 3.52231 0 0 0 0.23724 1.496 0 0 0 0 0 0.00547824 2.384 303 47 0 0 0
./complex_md-fit_840.pdb BC A 9.27284 33.3708 -6.19204 -7.31769 -12.7505 -24.5022 -1.04736 43.7844 -23.9977 6.32368 8.89963 4.23005 0 0 0 0.149937 2.63255 0 0 0 0 0 0.0357415 2.384 303 54 0 0 0
./complex_md-fit_841.pdb BC A 6.97096 32.9366 -8.34163 -8.34289 -15.2481 -24.8778 -0.969751 44.7115 -24.7741 6.80165 9.65943 4.2507 0 0 0 0.447737 2.79377 0 0 0 0 0 0 2.384 303 55 2 2 0
./complex_md-fit_842.pdb BC A 8.22988 37.9965 -7.11651 -8.12025 -11.6162 -24.2185 -1.0262 43.3312 -23.5294 7.55849 7.1548 2.97003 0 0 0 0.379571 2.67394 5.55112e-17 0 0 0 0 0 2.384 303 51 2 2 0
./complex_md-fit_843.pdb BC A 8.58478 31.8395 -4.37204 -10.4788 -15.1182 -26.3402 -1.09253 48.1956 -25.696 10.6684 9.95081 5.322 0 0 0 0.231408 3.19713 -0.0144893 0 0 0 0 1.11022e-16 2.384 303 53 2 2 0
./complex_md-fit_844.pdb BC A 8.84653 39.0426 -11.9248 -9.2948 -12.3612 -25.3503 -1.01581 44.1751 -25.0327 4.79433 8.11632 3.80618 0 0 0 0.238012 4.91605 -5.55112e-17 0 0 0 0 0 2.384 303 53 0 0 0
./complex_md-fit_845.pdb BC A 7.48553 39.0633 -11.3298 -11.938 -13.0755 -25.0237 -0.94173 43.9116 -24.3078 5.83185 8.88887 4.80599 0 0 0 0.492537 2.84695 0 0 0 0 0 0.0258991 2.384 303 57 1 1 0
./complex_md-fit_846.pdb BC A 6.19666 33.6424 -7.99614 -9.23346 -12.891 -24.9412 -1.07017 45.5286 -24.2932 6.308 9.40497 3.06626 0 0 0 0.125089 3.28272 0 0 0 0 0 0 2.384 303 54 2 2 0
./complex_md-fit_847.pdb BC A 6.95616 40.7346 -14.0655 -10.1148 -13.0682 -25.2641 -1.0174 45.241 -25.1955 3.32756 7.92831 3.80918 0 0 0 0.278464 2.88187 -5.55112e-17 0 0 0 0 0.00987323 2.384 303 55 0 0 0
./complex_md-fit_848.pdb BC A 8.97298 35.2552 -9.19677 -12.5437 -16.0623 -24.4231 -1.20373 45.9107 -23.482 5.92896 10.1536 5.73663 0 0 0 0.77586 2.51362 0 0 0 0 0 0.0123741 2.384 303 53 0 0 0
./complex_md-fit_849.pdb BC A 8.85094 29.0381 -6.64886 -11.1941 -11.8421 -25.2684 -1.13473 44.587 -25.0067 9.16909 8.67055 4.89327 0 0 0 0.477181 2.57064 0 0 0 0 0 0 2.384 303 58 2 2 0
./complex_md-fit_84.pdb BC A 12.0069 29.4187 -7.56302 -7.0708 -16.3901 -20.7857 -1.25341 38.1239 -19.933 6.36974 9.54701 3.48889 0 0 0 0.340582 1.71716 0 0 0 0 0 0 2.384 303 48 1 1 0
./complex_md-fit_850.pdb BC A 7.71141 27.5822 -7.25831 -8.84651 -13.9759 -24.9223 -1.08046 43.8286 -24.2726 7.60244 9.09142 5.06807 0 0 0 0.2349 3.00867 0 0 0 0 0 0.0139577 2.384 303 51 2 2 0
./complex_md-fit_851.pdb BC A 8.01539 30.2741 -8.01289 -7.93367 -10.8194 -24.575 -1.03402 42.0565 -24.6382 6.57544 6.88614 5.30104 0 0 0 0.144963 2.74162 0 0 0 0 0 0.0232654 2.384 303 57 1 1 0
./complex_md-fit_852.pdb BC A 8.00788 28.8815 -3.86173 -9.47263 -10.9027 -24.9716 -0.963402 45.2399 -24.1643 7.45313 9.37634 3.91954 0 0 0 0.618794 2.65564 0 0 0 0 0 0.00526561 2.384 303 54 1 1 0
./complex_md-fit_853.pdb BC A 9.16068 34.139 -9.8317 -8.59978 -15.0473 -26.5385 -1.16984 47.3184 -25.8737 8.40898 9.57377 1.86436 0 0 0 0.240735 2.87089 -0.0144535 0 0 0 0 0.00565115 2.384 303 56 1 1 0
./complex_md-fit_854.pdb BC A 6.69754 29.1936 -10.4925 -9.59698 -12.8688 -26.0308 -1.14679 44.8322 -25.8628 6.80727 9.50903 3.56475 0 0 0 0.260828 2.88646 0 0 0 0 0 0.0397125 2.384 303 54 1 1 0
./complex_md-fit_855.pdb BC A 7.08519 31.3083 -1.34241 -6.47032 -11.79 -24.4902 -1.04995 44.0603 -23.8672 10.3178 8.60355 3.23752 0 0 0 0.0856398 2.70867 0 0 0 0 0 0.0203967 2.384 303 53 3 3 0
./complex_md-fit_856.pdb BC A 10.2704 30.6057 -2.72227 -6.29113 -10.7642 -24.5443 -0.937386 42.7561 -24.1757 8.62808 8.43992 4.0562 0 0 0 0.104686 2.62968 0 0 0 0 0 0.00555365 2.384 303 53 1 1 0
./complex_md-fit_857.pdb BC A 7.2775 39.09 -5.19139 -8.46691 -13.6127 -25.3338 -0.86686 44.5396 -24.3923 9.49229 9.34106 2.87406 0 0 0 1.23426 3.21028 0 0 0 0 0 0 2.384 303 56 1 1 0
./complex_md-fit_858.pdb BC A 8.16041 35.1157 -8.1028 -5.91685 -11.9935 -25.3236 -0.851435 45.2714 -24.704 3.86388 8.35408 2.88917 0 0 0 0.312833 2.35161 -0.0130111 0 0 0 0 0.00828319 2.384 303 52 0 0 0
./complex_md-fit_859.pdb BC A 7.93754 38.8985 -10.2026 -6.84045 -15.5579 -23.6953 -0.999641 41.8895 -23.163 6.75878 8.45741 2.64687 0 0 0 0.290519 3.36222 0 0 0 0 0 0.0105239 2.384 303 52 1 1 0
./complex_md-fit_85.pdb BC A 6.29283 31.0073 -13.0704 -8.45276 -15.0602 -20.9353 -1.12749 37.13 -20.4045 3.09156 10.3057 2.28079 0 0 0 0.0930602 1.56346 0 0 0 0 0 0.00867765 2.384 303 48 0 0 0
./complex_md-fit_860.pdb BC A 7.50953 39.2303 -5.8672 -8.00392 -11.3387 -23.9412 -0.963439 41.9445 -23.4425 8.0302 8.67385 2.38254 0 0 0 0.778394 3.5532 0 0 0 0 0 0.0130807 2.384 303 56 2 2 0
./complex_md-fit_861.pdb BC A 6.15373 35.2666 -3.69142 -7.86314 -13.0154 -26.4412 -0.946609 47.476 -25.5777 8.22435 9.47384 4.74118 0 0 0 0.246479 2.99087 -0.00920506 0 0 0 0 0 2.384 303 54 3 3 0
./complex_md-fit_862.pdb BC A 6.4118 40.0303 -5.62946 -7.98978 -12.0004 -25.4937 -1.08607 46.3263 -25.1701 6.32452 9.34154 3.50253 0 0 0 0.586167 2.42185 0 0 0 0 0 0.0295736 2.384 303 53 2 2 0
./complex_md-fit_863.pdb BC A 5.84444 31.3861 -8.42439 -8.55866 -13.4672 -24.8864 -0.970579 44.3828 -24.8878 6.97471 9.06521 3.87575 0 0 0 0.0477793 3.60063 -5.55112e-17 0 0 0 0 0 2.384 303 53 0 0 0
./complex_md-fit_864.pdb BC A 10.2834 37.6624 -5.32786 -11.248 -13.4861 -26.0736 -0.849278 48.0884 -25.4129 7.66203 9.84151 5.12534 0 0 0 1.01358 3.59668 0 0 0 0 0 0.0112148 2.384 303 55 1 1 0
./complex_md-fit_865.pdb BC A 9.82744 33.3266 -6.76288 -11.9674 -12.7933 -25.9713 -0.938063 46.2154 -25.2575 9.93952 8.87228 4.99164 0 0 0 0.14585 3.26928 0 0 0 0 0 0 2.384 303 53 2 2 0
./complex_md-fit_866.pdb BC A 7.47289 29.5376 -5.35659 -9.15033 -11.3455 -25.8723 -0.921692 46.1607 -25.1377 5.548 9.27612 5.55674 0 0 0 0.523968 4.71204 0 0 0 0 0 0.0054217 2.384 303 54 0 0 0
./complex_md-fit_867.pdb BC A 7.46003 35.7092 -10.0992 -11.0583 -14.2344 -26.1547 -1.05742 48.8341 -24.791 5.88253 8.89683 3.09328 0 0 0 0.503776 3.63405 -0.0140608 0 0 0 0 0 2.384 303 55 0 0 0
./complex_md-fit_868.pdb BC A 7.32359 39.1717 -11.0062 -9.48456 -15.8655 -25.5371 -1.01714 44.0719 -25.5144 7.78433 8.9552 5.38714 0 0 0 0.213253 4.27779 -0.0107719 0 0 0 0 0.0114853 2.384 303 51 3 3 0
./complex_md-fit_869.pdb BC A 8.11213 33.2498 -11.8763 -11.815 -15.5137 -26.8334 -0.977936 47.9498 -26.2597 6.22439 9.59769 5.18907 0 0 0 0.57394 4.00453 -0.0113728 0 0 0 0 0 2.384 303 51 0 0 0
./complex_md-fit_86.pdb BC A 9.18099 33.2722 -5.97529 -4.14139 -14.7907 -22.6681 -1.18046 40.563 -22.1887 5.68252 9.06275 3.4566 0 0 0 0.202586 1.70221 0.0265283 0 0 0 0 0 2.384 303 48 1 1 0
./complex_md-fit_870.pdb BC A 6.52665 36.9688 -4.36194 -11.1133 -10.6194 -26.9407 -1.16089 48.1964 -25.9495 7.938 9.2206 5.14042 0 0 0 0.926508 3.06173 0 0 0 0 0 0 2.384 303 53 3 3 0
./complex_md-fit_871.pdb BC A 8.668 36.9582 -5.27766 -11.5487 -13.5424 -25.8984 -1.08846 47.7498 -25.0363 7.58408 11.4407 4.89534 0 0 0 0.145541 2.76464 0.00658669 0 0 0 0 0.014582 2.384 303 57 3 3 0
./complex_md-fit_872.pdb BC A 7.65468 35.87 -7.72235 -10.7185 -15.4221 -27.2601 -1.09084 48.6706 -26.361 9.29517 10.3315 4.61097 0 0 0 0.257608 3.55701 -0.0356848 0 0 0 0 0 2.384 303 54 2 2 0
./complex_md-fit_873.pdb BC A 8.00224 32.0933 -4.41166 -10.2944 -13.9056 -27.1789 -0.968473 50.0135 -26.262 8.27686 9.95389 5.7032 0 0 0 0.263757 2.94093 -0.0135551 0 0 0 0 0 2.384 303 54 2 2 0
./complex_md-fit_874.pdb BC A 9.4475 39.2528 -6.44802 -10.4498 -13.3332 -26.3947 -0.859196 48.3188 -25.6683 7.81493 9.50359 4.11649 0 0 0 0.468773 3.27423 0.018753 0 0 0 0 0.0158786 2.384 303 56 2 2 0
./complex_md-fit_875.pdb BC A 8.78455 37.1855 -10.7904 -10.3695 -14.37 -26.2614 -0.953143 47.6969 -25.6592 4.62188 9.58625 4.66468 0 0 0 0.244298 2.64625 -1.11022e-16 0 0 0 0 0.00877919 2.384 303 55 0 0 0
./complex_md-fit_876.pdb BC A 9.74219 32.7228 0.641187 -8.0214 -11.0997 -27.2157 -1.17557 49.7199 -26.1597 9.25401 10.0116 4.60508 0 0 0 0.73523 3.47487 -0.0124698 0 0 0 0 0 2.384 303 57 0 0 0
./complex_md-fit_877.pdb BC A 8.1132 36.5516 -7.18082 -12.5801 -12.0303 -26.2678 -1.03869 46.0065 -25.3986 9.31897 8.92693 5.61454 0 0 0 0.261402 2.89735 0 0 0 0 0 0.00631918 2.384 303 56 3 3 0
./complex_md-fit_878.pdb BC A 7.27992 30.9277 -12.6571 -12.2672 -13.5929 -25.4728 -1.05893 44.2922 -24.7741 7.29402 8.15294 4.50726 0 0 0 0.249324 3.89433 5.55112e-17 0 0 0 0 0.0132193 2.384 303 56 2 2 0
./complex_md-fit_879.pdb BC A 7.55884 30.4074 -12.0615 -11.2371 -13.2996 -26.4498 -0.975081 46.4106 -25.7939 4.9128 9.21093 4.82211 0 0 0 0.3376 3.39308 -2.77556e-17 0 0 0 0 0 2.384 303 52 0 0 0
./complex_md-fit_87.pdb BC A 6.99505 37.0773 -10.1465 -7.27566 -16.8694 -22.018 -1.25079 39.9221 -21.2575 4.0793 10.6143 3.79931 0 0 0 0.109847 1.75054 0 0 0 0 0 0 2.384 303 47 1 1 0
./complex_md-fit_880.pdb BC A 6.41294 38.2757 -11.4777 -11.1733 -12.3167 -26.2611 -1.00537 46.3685 -25.61 3.15707 9.64593 5.41759 0 0 0 0.299131 3.13597 -0.0155511 0 0 0 0 0.0160677 2.384 303 56 0 0 0
./complex_md-fit_881.pdb BC A 8.06329 41.169 -12.5627 -11.3425 -13.1343 -26.2248 -0.954727 46.849 -25.4993 4.00542 8.79522 4.73722 0 0 0 0.207695 3.11027 -0.00150924 0 0 0 0 0 2.384 303 54 1 1 0
./complex_md-fit_882.pdb BC A 10.3332 33.594 -0.684825 -7.71965 -9.08372 -26.7273 -0.956087 49.222 -26.2064 7.64459 8.23597 4.70247 0 0 0 0.201735 3.34306 0 0 0 0 0 0.00162653 2.384 303 56 1 1 0
./complex_md-fit_883.pdb BC A 9.24107 30.7682 -6.56348 -8.83875 -11.514 -27.2836 -1.03565 49.2839 -26.1699 5.74748 8.46599 4.44062 0 0 0 0.34216 3.79123 -0.0148799 0 0 0 0 0.0131232 2.384 303 54 1 1 0
./complex_md-fit_884.pdb BC A 8.99118 32.3125 -5.78479 -10.5887 -11.9615 -27.1086 -0.923078 48.262 -26.4635 7.85387 9.07644 5.91254 0 0 0 0.169423 3.36601 -0.0144184 0 0 0 0 0.000742109 2.384 303 56 1 1 0
./complex_md-fit_885.pdb BC A 6.9718 32.9892 1.4707 -9.72068 -9.20069 -24.2385 -1.00769 43.6121 -23.813 12.8636 7.79247 4.81441 0 0 0 0.36784 2.59691 2.22045e-16 0 0 0 0 0.000834857 2.384 303 53 4 4 0
./complex_md-fit_886.pdb BC A 7.89831 32.7339 -8.91804 -8.25702 -12.5057 -23.9243 -1.20555 42.4562 -23.52 7.4709 7.53578 2.72662 0 0 0 0.278531 2.11001 2.77556e-17 0 0 0 0 0.0265248 2.384 303 53 1 1 0
./complex_md-fit_887.pdb BC A 7.37168 37.5223 -3.27822 -8.35924 -12.7619 -25.1016 -1.12903 44.5263 -24.7194 10.4048 9.67793 3.76593 0 0 0 0.430316 2.83502 -0.0145305 0 0 0 0 0.0021292 2.384 303 52 4 4 0
./complex_md-fit_888.pdb BC A 7.09276 32.6354 -3.7811 -7.00367 -10.7113 -25.3685 -0.938918 45.359 -24.731 7.73068 8.10749 3.58066 0 0 0 0.194409 2.81482 0 0 0 0 0 0 2.384 303 55 0 0 0
./complex_md-fit_889.pdb BC A 6.99752 28.1528 -4.19169 -5.45131 -11.6672 -24.5189 -0.891824 43.6366 -23.9123 8.05034 7.25499 3.26079 0 0 0 0.0606084 3.27642 -0.0134897 0 0 0 0 0 2.384 303 52 4 4 0
./complex_md-fit_88.pdb BC A 10.3027 33.7638 -4.54926 -4.95739 -13.0482 -21.2741 -0.942847 39.9747 -20.1606 5.3658 7.89765 2.42979 0 0 0 0.153356 1.99117 5.55112e-17 0 0 0 0 0.0126138 2.384 303 48 0 0 0
./complex_md-fit_890.pdb BC A 5.75371 26.6975 -13.0395 -8.87703 -16.7888 -25.4056 -1.0955 45.4637 -24.6916 6.25452 8.93748 2.99012 0 0 0 0.166633 3.20454 -0.0163801 0 0 0 0 0.0230792 2.384 303 53 1 1 0
./complex_md-fit_891.pdb BC A 7.79806 33.457 -13.2054 -10.9839 -11.5546 -24.5371 -1.14389 41.6688 -24.1863 4.6083 8.31632 4.3782 0 0 0 0.238957 2.85684 -0.0129421 0 0 0 0 0.00278057 2.384 303 55 1 1 0
./complex_md-fit_892.pdb BC A 6.72144 28.6863 -0.843907 -7.84616 -10.0109 -26.8742 -1.12396 49.6425 -26.1152 8.93646 8.64857 3.80047 0 0 0 0.0965503 3.80002 -0.00550884 0 0 0 0 0.0074112 2.384 303 57 2 2 0
./complex_md-fit_893.pdb BC A 9.7492 29.7797 4.61817 -6.0113 -9.43079 -25.4008 -1.12352 47.2196 -24.0663 9.42171 9.67818 4.02493 0 0 0 0.32776 2.87921 -0.023307 0 0 0 0 0.00197947 2.384 303 54 3 3 0
./complex_md-fit_894.pdb BC A 7.62955 33.8014 -10.1556 -9.08258 -14.7331 -26.9054 -1.08364 47.5616 -26.1028 5.45838 10.0862 4.39365 0 0 0 0.257749 2.93751 -0.00565394 0 0 0 0 0 2.384 303 52 1 1 0
./complex_md-fit_895.pdb BC A 7.15832 32.9935 -7.62808 -7.82817 -13.5104 -25.6377 -1.14708 45.5761 -24.8375 6.85493 9.23903 3.37823 0 0 0 0.298326 2.7469 -0.0139623 0 0 0 0 0 2.384 303 54 0 0 0
./complex_md-fit_896.pdb BC A 8.74794 27.9397 -10.788 -8.76433 -13.9823 -25.7134 -1.0642 45.4979 -25.2413 6.54521 8.46184 3.07851 0 0 0 0.404944 3.25119 -0.0108489 0 0 0 0 0 2.384 303 56 0 0 0
./complex_md-fit_897.pdb BC A 7.69461 38.9983 -4.73413 -8.10363 -12.5751 -24.5124 -1.01315 43.8153 -23.6468 9.05587 8.38664 3.41326 0 0 0 0.456396 3.99864 -0.011703 0 0 0 0 0.00128568 2.384 303 52 3 3 0
./complex_md-fit_898.pdb BC A 6.8 34.6975 -8.96301 -8.67481 -13.7444 -26.0995 -1.14581 45.7121 -25.6694 6.74405 9.28857 4.27733 0 0 0 0.353698 2.78719 -0.00965622 0 0 0 0 0.00483199 2.384 303 54 1 1 0
./complex_md-fit_899.pdb BC A 8.56486 39.2914 -5.65936 -8.13195 -12.9033 -25.5425 -0.947912 46.804 -24.6535 7.34989 8.31239 3.2417 0 0 0 0.80707 3.10936 -0.00997432 0 0 0 0 0.0147658 2.384 303 53 2 2 0
./complex_md-fit_89.pdb BC A 7.50371 31.5201 -8.75218 -7.24423 -15.7942 -22.227 -1.16651 41.9234 -21.4563 5.1614 8.89579 2.82218 0 0 0 0.333268 1.50375 0 0 0 0 0 0 2.384 303 46 0 0 0
./complex_md-fit_8.pdb BC A 6.56879 33.9929 -14.3008 -4.96742 -15.3038 -21.8335 -1.35451 37.1425 -21.7315 5.43616 6.41445 1.72716 0 0 0 0.169616 3.26812 5.55112e-17 0 0 0 0 0 2.384 303 48 2 2 0
./complex_md-fit_900.pdb BC A 7.50559 31.8682 -0.747993 -7.66361 -11.6378 -25.4863 -0.951735 47.0556 -24.2425 9.94753 8.51778 3.51537 0 0 0 0.209885 2.90157 -0.0122669 0 0 0 0 0 2.384 303 52 2 2 0
./complex_md-fit_901.pdb BC A 6.89398 33.5409 -7.96712 -7.75911 -14.2938 -24.6586 -1.01716 44.7969 -23.6126 6.83185 8.12224 3.29577 0 0 0 0.32855 3.42728 -0.0156991 0 0 0 0 0.0145438 2.384 303 54 1 1 0
./complex_md-fit_902.pdb BC A 9.32485 31.7278 1.25343 -8.20372 -10.8757 -26.2238 -1.22991 47.9362 -25.0026 10.7583 8.00876 5.52117 0 0 0 0.581876 3.1258 -0.0170923 0 0 0 0 0 2.384 303 51 3 3 0
./complex_md-fit_903.pdb BC A 8.72217 35.6613 -3.60031 -6.90935 -9.91948 -25.586 -0.912962 44.9123 -25.0701 7.52725 8.48481 3.23014 0 0 0 0.645905 3.69076 -0.00278921 0 0 0 0 0 2.384 303 55 1 1 0
./complex_md-fit_904.pdb BC A 9.32567 32.0454 -0.696165 -8.47195 -12.414 -25.197 -0.998304 47.3272 -24.5446 9.76852 9.2766 4.1685 0 0 0 0.406971 2.58325 -0.0181245 0 0 0 0 0 2.384 303 51 1 1 0
./complex_md-fit_905.pdb BC A 9.19568 40.5384 -3.12644 -9.28406 -12.1383 -24.775 -0.906237 46.6361 -23.517 9.04454 8.54466 2.93301 0 0 0 0.34019 2.805 -0.0152011 0 0 0 0 0.0107931 2.384 303 54 0 0 0
./complex_md-fit_906.pdb BC A 8.49187 34.652 -3.65184 -10.4343 -11.9828 -25.5479 -1.05268 46.4309 -24.5486 8.38717 9.72214 5.17048 0 0 0 0.201847 2.68604 0.00186284 0 0 0 0 0 2.384 303 52 1 1 0
./complex_md-fit_907.pdb BC A 9.40921 24.9789 -5.73192 -10.2764 -10.1506 -25.5982 -1.01662 46.2764 -24.8633 7.47157 8.78074 3.43831 0 0 0 0.175525 3.58095 0.00645805 0 0 0 0 0.0242665 2.384 303 53 2 2 0
./complex_md-fit_908.pdb BC A 5.49447 38.023 -8.20096 -10.6539 -12.457 -24.0588 -0.810061 42.9749 -23.556 8.89152 7.79961 3.40634 0 0 0 0.260272 2.45821 -0.0235861 0 0 0 0 0.0258187 2.384 303 50 4 4 0
./complex_md-fit_909.pdb BC A 7.61041 31.7949 -11.5523 -9.92715 -13.7075 -24.4967 -1.10768 43.5378 -23.8194 3.53006 8.42968 5.65072 0 0 0 0.380989 2.71883 -0.0301813 0 0 0 0 0.00706949 2.384 303 50 0 0 0
./complex_md-fit_90.pdb BC A 7.43773 40.7135 -11.314 -8.40722 -16.6851 -22.4072 -1.15838 40.2399 -21.2597 3.6942 10.5536 3.69673 0 0 0 0.397657 1.94992 0.021557 0 0 0 0 0 2.384 303 46 0 0 0
./complex_md-fit_910.pdb BC A 10.4855 34.5167 -12.3418 -12.3171 -14.4566 -25.2701 -1.28005 43.5944 -24.585 6.38938 9.34546 5.53166 0 0 0 0.703211 2.6654 -0.0152524 0 0 0 0 0.0183884 2.384 303 53 1 1 0
./complex_md-fit_911.pdb BC A 10.9355 31.9748 -5.40656 -10.5203 -12.9162 -25.4073 -0.999524 45.5096 -24.6874 8.6807 9.89338 4.80141 0 0 0 0.257469 3.36795 -0.0184679 0 0 0 0 0 2.384 303 52 2 2 0
./complex_md-fit_912.pdb BC A 9.84587 27.7614 -4.24984 -12.0564 -11.5241 -25.3639 -1.11743 45.5176 -24.7332 11.047 9.15222 4.61478 0 0 0 0.214413 3.40792 -0.0250158 0 0 0 0 0.0241839 2.384 303 53 5 5 0
./complex_md-fit_913.pdb BC A 8.88798 30.729 1.48145 -10.6726 -9.06517 -25.5655 -1.0193 47.0218 -24.5849 11.3303 8.36638 5.15201 0 0 0 0.52896 2.86922 -0.0182575 0 0 0 0 0.00776191 2.384 303 53 3 3 0
./complex_md-fit_914.pdb BC A 8.67392 33.0498 -2.54732 -7.15626 -10.0186 -25.3387 -0.908907 46.2015 -25.2323 8.02925 8.15435 3.34676 0 0 0 0.389657 2.76686 -0.0141103 0 0 0 0 0 2.384 303 51 1 1 0
./complex_md-fit_915.pdb BC A 6.4961 34.7178 -1.82365 -9.05548 -9.99603 -25.6432 -0.96539 45.1249 -24.9917 10.0113 7.63828 5.73494 0 0 0 0.299349 3.01189 0 0 0 0 0 0.0193312 2.384 303 51 4 4 0
./complex_md-fit_916.pdb BC A 7.1491 39.5053 -5.04645 -7.88638 -9.79445 -24.5839 -0.948217 44.2717 -24.4872 5.06145 7.96129 5.07311 0 0 0 0.30018 3.72134 -0.0164046 0 0 0 0 0.00231811 2.384 303 51 0 0 0
./complex_md-fit_917.pdb BC A 9.41564 32.2497 -6.40255 -10.3138 -10.7849 -25.0157 -0.758813 43.3853 -24.5388 8.4348 8.74398 3.87714 0 0 0 0.5789 2.83798 -0.0161635 0 0 0 0 0.00551058 2.384 303 47 2 2 0
./complex_md-fit_918.pdb BC A 9.85092 35.3509 -4.13709 -11.1549 -12.0913 -26.8816 -1.14453 47.6173 -26.0969 9.53684 9.65829 5.46112 0 0 0 0.94631 2.98319 -0.0155739 0 0 0 0 0.0278439 2.384 303 50 2 2 0
./complex_md-fit_919.pdb BC A 8.17211 34.0428 -8.70053 -10.9334 -10.7835 -27.1199 -1.0773 48.4167 -26.612 5.54834 8.16537 5.33987 0 0 0 0.353833 3.35547 -0.0184048 0 0 0 0 0.0198879 2.384 303 52 0 0 0
./complex_md-fit_91.pdb BC A 6.75457 38.123 -11.1656 -6.03893 -14.7215 -23.2153 -1.12871 42.2824 -22.4291 2.54199 8.3823 3.03025 0 0 0 0.111666 2.89267 0.0192315 0 0 0 0 0 2.384 303 47 0 0 0
./complex_md-fit_920.pdb BC A 8.98928 36.626 -3.31162 -8.50211 -9.79772 -24.9175 -0.833654 43.5257 -25.1263 10.0822 7.55181 4.54708 0 0 0 0.177753 4.0505 -0.0188441 0 0 0 0 0 2.384 303 48 3 3 0
./complex_md-fit_921.pdb BC A 8.81411 43.7042 -5.84217 -10.4204 -10.2541 -25.6978 -1.12235 46.4516 -25.2862 6.80305 8.43034 4.76657 0 0 0 0.507288 3.24763 -0.0201996 0 0 0 0 0 2.384 303 52 1 1 0
./complex_md-fit_922.pdb BC A 9.33891 32.8758 -3.83826 -9.72666 -10.1941 -25.4888 -1.08791 45.6507 -25.0064 7.80473 7.64447 6.20027 0 0 0 0.384084 3.59532 -0.0187343 0 0 0 0 0 2.384 303 49 2 2 0
./complex_md-fit_923.pdb BC A 8.40412 30.7726 -1.10121 -8.33595 -8.89294 -24.7167 -0.847469 43.7037 -24.5933 9.28737 7.35027 5.72526 0 0 0 0.236848 2.82999 -0.0182009 0 0 0 0 0 2.384 303 52 3 3 0
./complex_md-fit_924.pdb BC A 7.70582 36.3645 -10.828 -8.80177 -12.3541 -24.8733 -0.986591 43.0212 -24.9745 5.23099 8.72526 4.07253 0 0 0 0.13556 3.53264 -0.0232432 0 0 0 0 0 2.384 303 51 1 1 0
./complex_md-fit_925.pdb BC A 7.39893 35.8017 -6.17805 -10.108 -13.5368 -27.0779 -1.03672 46.6725 -26.4077 9.45019 9.14324 6.25649 0 0 0 0.462938 4.13069 -0.0148049 0 0 0 0 0.0184603 2.384 303 53 3 3 0
./complex_md-fit_926.pdb BC A 6.93289 33.0616 -8.01136 -11.3607 -11.0791 -25.785 -0.997172 45.3602 -25.1909 6.41949 9.52474 4.30596 0 0 0 0.800272 2.80785 -0.0191492 0 0 0 0 0.0100815 2.384 303 52 2 2 0
./complex_md-fit_927.pdb BC A 7.19772 31.7924 -6.95373 -7.58071 -14.8542 -24.8679 -0.998495 43.8183 -24.3345 8.61075 9.70925 3.37065 0 0 0 0.173131 2.49862 0 0 0 0 0 0 2.384 303 53 2 2 0
./complex_md-fit_928.pdb BC A 7.05281 38.5077 -9.1572 -9.96738 -12.0131 -25.296 -1.04596 45.0349 -24.5132 5.54393 7.46434 5.52098 0 0 0 0.137454 2.97642 -0.0285543 0 0 0 0 0.00536552 2.384 303 56 1 1 0
./complex_md-fit_929.pdb BC A 9.21148 39.5447 -2.49395 -8.34169 -11.5085 -25.6904 -0.883132 48.9262 -25.3019 5.7896 9.51343 4.79168 0 0 0 0.193166 2.87691 0 0 0 0 0 0.017535 2.384 303 51 0 0 0
./complex_md-fit_92.pdb BC A 7.07312 41.3221 -11.4343 -9.02787 -17.6334 -22.1107 -1.20185 40.1294 -21.2061 4.31839 11.1088 3.66474 0 0 0 0.524203 1.85425 0 0 0 0 0 0 2.384 303 47 0 0 0
./complex_md-fit_930.pdb BC A 10.3639 39.8406 -2.22928 -5.48967 -9.42303 -24.8978 -0.897919 45.1697 -24.0296 7.29728 6.88006 3.05279 0 0 0 0.148805 3.68257 -0.0402606 0 0 0 0 0.000380116 2.384 303 52 2 2 0
./complex_md-fit_931.pdb BC A 6.49869 23.0743 -6.82437 -8.17896 -12.4257 -25.6331 -0.947965 45.8298 -24.9042 4.92895 9.73942 4.27158 0 0 0 0.49577 3.57908 1.11022e-16 0 0 0 0 0 2.384 303 52 0 0 0
./complex_md-fit_932.pdb BC A 8.77503 36.0619 -0.962705 -6.28794 -9.16143 -24.7507 -0.896177 43.8692 -24.2311 7.26552 8.17133 4.81146 0 0 0 0.262273 2.98502 -0.0152574 0 0 0 0 0.000201364 2.384 303 53 2 2 0
./complex_md-fit_933.pdb BC A 8.42862 36.9728 -1.01992 -8.0916 -11.9297 -24.755 -1.11264 45.3266 -23.7084 8.83441 9.21394 5.00732 0 0 0 0.228278 2.85151 -0.0331764 0 0 0 0 0 2.384 303 54 2 2 0
./complex_md-fit_934.pdb BC A 9.0017 34.9478 1.1083 -7.51032 -9.57189 -25.9126 -0.922961 46.8492 -25.3137 10.6925 9.29313 3.18973 0 0 0 0.333109 2.74711 -0.0178079 0 0 0 0 0 2.384 303 54 4 4 0
./complex_md-fit_935.pdb BC A 9.16472 35.3392 -4.06366 -6.36612 -10.2448 -25.2839 -0.98379 43.1379 -25.2284 7.99556 8.66587 3.66312 0 0 0 0.573027 2.81124 0 0 0 0 0 0.00786013 2.384 303 48 2 2 0
./complex_md-fit_936.pdb BC A 8.12344 38.4078 -4.61646 -10.4452 -16.0138 -27.0147 -1.23358 49.4284 -25.92 8.26119 11.3148 5.92006 0 0 0 1.10091 2.51429 -0.0145127 0 0 0 0 0 2.384 303 51 3 3 0
./complex_md-fit_937.pdb BC A 6.46836 40.5287 -1.65673 -8.3261 -13.0333 -26.6671 -0.930093 48.7177 -25.5331 8.64517 9.8681 4.68125 0 0 0 0.920732 3.32929 1.11022e-16 0 0 0 0 0 2.384 303 53 0 0 0
./complex_md-fit_938.pdb BC A 6.64891 34.8213 1.1228 -9.32725 -10.2427 -26.7491 -0.904074 49.2825 -25.9852 10.3769 9.1026 5.38698 0 0 0 0.194813 3.27318 -0.0127144 0 0 0 0 0 2.384 303 52 2 2 0
./complex_md-fit_939.pdb BC A 9.69373 39.165 -12.5433 -12.9518 -13.525 -24.7211 -0.877726 44.4096 -23.8371 3.19835 9.6855 5.36605 0 0 0 0.717554 2.80871 -0.010718 0 0 0 0 0.00316767 2.384 303 52 0 0 0
./complex_md-fit_93.pdb BC A 7.48518 31.1221 -14.6386 -9.13926 -19.6843 -22.032 -1.20738 38.6517 -21.1612 4.36014 11.7293 3.31843 0 0 0 0.526014 1.60208 0 0 0 0 0 0 2.384 303 49 1 1 0
./complex_md-fit_940.pdb BC A 7.22955 40.2653 -12.0203 -10.7144 -12.5471 -25.3231 -1.06348 44.3066 -24.5854 6.14582 6.26824 5.06874 0 0 0 0.411797 3.00115 0.0118994 0 0 0 0 0 2.384 303 51 1 1 0
./complex_md-fit_941.pdb BC A 5.99851 29.2503 -16.1816 -11.9894 -16.9155 -25.9981 -1.02663 46.0505 -25.092 5.76058 8.93965 3.96615 0 0 0 0.140619 2.49582 -0.0173998 0 0 0 0 0 2.384 303 57 3 3 0
./complex_md-fit_942.pdb BC A 7.31071 35.8741 -9.64 -12.2051 -11.8259 -25.3369 -1.03364 46.3897 -24.3297 5.4719 8.79513 4.17656 0 0 0 0.271741 2.96162 -0.0137448 0 0 0 0 0 2.384 303 53 0 0 0
./complex_md-fit_943.pdb BC A 8.07124 33.258 -5.36214 -12.6784 -11.3141 -25.4773 -1.01261 47.6728 -24.5777 7.90117 8.3558 5.55676 0 0 0 0.219838 3.56681 -0.00828338 0 0 0 0 0 2.384 303 54 0 0 0
./complex_md-fit_944.pdb BC A 8.0681 32.8469 -5.2064 -10.5307 -10.7056 -25.3262 -1.081 45.8766 -24.8182 7.42409 9.06215 4.33365 0 0 0 0.580087 3.00424 -0.0213386 0 0 0 0 0 2.384 303 54 2 2 0
./complex_md-fit_945.pdb BC A 6.92418 27.4906 -4.15859 -9.50588 -11.227 -25.7657 -1.13397 45.7171 -25.3007 9.6324 8.38561 4.65107 0 0 0 0.38847 4.55129 0 0 0 0 0 0 2.384 303 51 2 2 0
./complex_md-fit_946.pdb BC A 9.37373 40.762 0.0504058 -9.65496 -10.3938 -25.9928 -0.832333 49.1871 -25.2652 8.51313 8.88639 5.04685 0 0 0 0.570498 2.77751 -0.014448 0 0 0 0 0 2.384 303 56 1 1 0
./complex_md-fit_947.pdb BC A 7.24328 34.2272 -6.21893 -8.08254 -13.8107 -25.3804 -1.20735 46.6983 -24.3519 7.99032 9.67826 1.94176 0 0 0 0.313193 4.11181 -0.0148428 0 0 0 0 0.00696423 2.384 303 55 1 1 0
./complex_md-fit_948.pdb BC A 6.88785 34.8423 -2.88029 -8.28079 -13.7609 -25.2371 -0.992272 45.0626 -24.4572 10.847 10.0225 3.83247 0 0 0 0.0946256 2.70235 -0.015066 0 0 0 0 0.00387448 2.384 303 54 3 3 0
./complex_md-fit_949.pdb BC A 7.97271 37.0647 -10.6591 -11.9236 -14.2109 -25.7695 -1.25465 45.9029 -24.8433 6.79514 9.69259 4.53914 0 0 0 0.425124 3.26506 -0.0128371 0 0 0 0 0.000830897 2.384 303 54 2 2 0
./complex_md-fit_94.pdb BC A 9.56697 40.8153 -9.10638 -6.66923 -13.5812 -21.8488 -1.1475 40.6784 -21.0275 2.80161 8.73055 2.5513 0 0 0 0.393736 1.82263 -5.55112e-17 0 0 0 0 0.0122873 2.384 303 47 0 0 0
./complex_md-fit_950.pdb BC A 9.51281 33.1542 -8.0415 -8.31378 -12.4079 -24.4503 -0.892502 43.6581 -23.9875 6.80757 8.21167 2.98622 0 0 0 0.355659 2.79466 -0.00989993 0 0 0 0 0.00116256 2.384 303 54 1 1 0
./complex_md-fit_951.pdb BC A 7.90031 33.63 -9.40614 -9.07834 -13.6941 -25.383 -0.838562 44.0235 -25.2246 7.66688 8.19742 4.68968 0 0 0 0.23999 4.06658 -0.014643 0 0 0 0 0.00971111 2.384 303 56 2 2 0
./complex_md-fit_952.pdb BC A 8.23163 34.8594 -8.85581 -11.086 -9.29122 -24.8486 -1.01995 42.9918 -24.8584 5.22043 7.70508 6.00831 0 0 0 0.316695 2.80862 0 0 0 0 0 0.0060011 2.384 303 54 0 0 0
./complex_md-fit_953.pdb BC A 10.1401 31.3664 -10.7996 -11.4399 -14.6922 -26.4259 -0.934827 47.1742 -25.5772 7.56628 9.13053 3.91964 0 0 0 0.476189 4.07699 -0.0118744 0 0 0 0 0.0153696 2.384 303 53 2 2 0
./complex_md-fit_954.pdb BC A 8.12599 33.7091 1.31571 -11.3659 -12.6825 -27.3038 -1.07925 50.7649 -26.575 13.8703 10.5343 4.9466 0 0 0 0.208379 3.38203 -0.0123452 0 0 0 0 0.0101379 2.384 303 56 5 5 0
./complex_md-fit_955.pdb BC A 7.94923 41.3773 -11.759 -11.7873 -15.6959 -25.8458 -1.12379 46.52 -25.2185 5.04041 10.4332 5.65763 0 0 0 0.274488 3.19188 -0.013372 0 0 0 0 0 2.384 303 51 1 1 0
./complex_md-fit_956.pdb BC A 9.53794 34.0746 -4.73743 -10.4029 -12.2725 -27.064 -1.01158 49.0448 -26.6279 8.43014 9.41864 5.19695 0 0 0 0.535694 4.59096 0 0 0 0 0 0.015267 2.384 303 51 1 1 0
./complex_md-fit_957.pdb BC A 8.01371 31.3101 -2.61732 -9.24288 -11.5803 -24.6871 -0.789573 46.0069 -24.3336 8.0746 9.31225 4.33914 0 0 0 0.29357 4.4843 -0.0102543 0 0 0 0 0 2.384 303 51 2 2 0
./complex_md-fit_958.pdb BC A 7.30718 31.638 -6.6445 -9.11602 -10.5544 -25.5915 -0.9774 45.9152 -24.9541 4.15412 9.62511 4.29695 0 0 0 0.569871 2.94233 -0.0123816 0 0 0 0 0 2.384 303 52 0 0 0
./complex_md-fit_959.pdb BC A 5.86926 33.3891 -12.4465 -10.5407 -18.5007 -26.7621 -1.17307 47.2905 -25.7099 6.79232 10.5395 5.34755 0 0 0 0.27433 4.26176 -0.00970282 0 0 0 0 0.00537885 2.384 303 55 1 1 0
./complex_md-fit_95.pdb BC A 8.82698 43.1524 -6.4946 -7.95507 -16.0961 -22.6118 -0.889239 42.2382 -21.8247 5.84054 11.5443 2.78194 0 0 0 0.46912 1.56733 0 0 0 0 0 0.00830664 2.384 303 48 0 0 0
./complex_md-fit_960.pdb BC A 8.71995 31.3951 -1.80198 -9.93233 -10.6731 -27.0067 -1.09941 48.6518 -26.1122 9.98996 8.87727 5.13653 0 0 0 0.375443 3.46001 -0.00928328 0 0 0 0 0 2.384 303 55 4 4 0
./complex_md-fit_961.pdb BC A 6.75859 45.329 -7.46492 -10.6229 -10.8001 -26.746 -1.02227 47.3594 -25.9772 5.771 9.03982 4.91996 0 0 0 0.633631 3.09427 -0.0202371 0 0 0 0 0 2.384 303 56 1 1 0
./complex_md-fit_962.pdb BC A 6.85884 32.0878 -6.55456 -12.0556 -11.1819 -25.9879 -1.10564 46.9044 -25.3781 6.66441 9.36585 6.01382 0 0 0 0.238578 2.55639 -0.0324693 0 0 0 0 0 2.384 303 54 1 1 0
./complex_md-fit_963.pdb BC A 8.23264 29.3993 -8.88411 -11.0862 -15.0257 -26.7286 -1.03864 48.18 -25.923 8.03372 9.69685 4.86037 0 0 0 0.153855 3.17103 -0.011315 0 0 0 0 0.00459712 2.384 303 54 3 3 0
./complex_md-fit_964.pdb BC A 8.82963 33.6063 -9.45962 -11.8866 -13.6441 -26.2005 -0.978096 46.9709 -25.372 7.7655 9.55904 4.2147 0 0 0 0.115411 3.22269 -0.0107077 0 0 0 0 0.00684884 2.384 303 51 2 2 0
./complex_md-fit_965.pdb BC A 8.88966 33.7304 -7.33613 -11.8181 -13.3369 -27.3833 -1.04041 49.8164 -27.0272 7.85838 9.97247 4.96727 0 0 0 0.667202 3.2125 -0.0119014 0 0 0 0 0 2.384 303 50 1 1 0
./complex_md-fit_966.pdb BC A 6.91629 29.0989 -9.18075 -12.5242 -11.4364 -26.2282 -1.1636 47.2254 -25.7498 4.82713 8.99852 6.47934 0 0 0 0.402679 3.2404 -0.0115636 0 0 0 0 0 2.384 303 53 1 1 0
./complex_md-fit_967.pdb BC A 10.4798 32.9772 -4.95738 -9.9273 -11.9578 -26.4052 -1.06466 48.4316 -26.047 8.87592 8.13196 4.63802 0 0 0 0.362336 3.77062 -0.0127535 0 0 0 0 0.0175569 2.384 303 57 1 1 0
./complex_md-fit_968.pdb BC A 6.87017 28.2003 0.932418 -8.28138 -11.2277 -25.6705 -1.01303 48.8161 -25.2507 9.9812 9.4443 3.80689 0 0 0 0.327143 3.44561 0 0 0 0 0 0 2.384 303 51 3 3 0
./complex_md-fit_969.pdb BC A 7.69287 35.9821 -8.43615 -10.6271 -10.4059 -25.4355 -1.06005 44.8163 -25.3908 6.60452 8.39441 4.27332 0 0 0 0.401747 2.91958 -0.00984606 0 0 0 0 0.0027325 2.384 303 51 1 1 0
./complex_md-fit_96.pdb BC A 7.44088 32.097 -1.40564 -4.31635 -12.481 -22.7059 -1.08466 42.017 -22.0334 8.70096 8.64427 1.54854 0 0 0 0.320417 2.89434 -0.0154628 0 0 0 0 0 2.384 303 49 2 2 0
./complex_md-fit_970.pdb BC A 10.1488 44.4414 -3.40888 -10.3748 -8.61523 -25.6561 -0.790299 45.0844 -25.1993 9.00974 8.30295 4.04495 0 0 0 0.759153 3.52063 0 0 0 0 0 0.025739 2.384 303 50 1 1 0
./complex_md-fit_971.pdb BC A 8.4472 35.4145 1.12856 -9.18281 -7.08679 -25.1205 -0.762798 46.4024 -24.7711 8.03121 8.47385 4.75956 0 0 0 0.39657 4.35586 -0.0109629 0 0 0 0 0 2.384 303 55 2 2 0
./complex_md-fit_972.pdb BC A 7.36243 32.3289 -11.3561 -12.2577 -13.3945 -24.9425 -1.08062 42.4557 -24.5627 6.71438 9.85052 5.47329 0 0 0 0.387995 2.93736 0 0 0 0 0 0 2.384 303 49 1 1 0
./complex_md-fit_973.pdb BC A 7.34065 34.8618 -1.37905 -7.69012 -11.2045 -24.4853 -1.07138 45.3346 -24.1583 8.0347 9.88015 3.7366 0 0 0 0.224334 3.08855 0.02015 0 0 0 0 0 2.384 303 48 2 2 0
./complex_md-fit_974.pdb BC A 8.49062 36.6808 -10.9601 -11.2305 -17.6285 -25.9581 -1.16957 46.7454 -25.3721 6.65486 11.2798 5.13001 0 0 0 0.588787 2.91739 0 0 0 0 0 0 2.384 303 55 1 1 0
./complex_md-fit_975.pdb BC A 8.53547 30.3346 -9.14533 -12.1515 -11.7182 -25.7778 -1.01691 47.6475 -25.2008 4.47472 8.78228 5.72997 0 0 0 0.0854313 2.8282 0 0 0 0 0 0 2.384 303 54 0 0 0
./complex_md-fit_976.pdb BC A 7.22163 37.9895 -5.98415 -11.1237 -10.224 -25.8781 -0.939897 47.4426 -25.4894 5.34162 8.63984 5.74312 0 0 0 0.5161 3.09714 -0.012374 0 0 0 0 0 2.384 303 52 0 0 0
./complex_md-fit_977.pdb BC A 11.0173 33.0137 -3.8395 -11.6563 -10.7718 -26.8592 -0.90259 48.2078 -26.266 8.6132 9.65475 5.8455 0 0 0 0.305906 3.07431 -0.0107834 0 0 0 0 0 2.384 303 52 4 4 0
./complex_md-fit_978.pdb BC A 7.93306 36.4848 -6.05906 -11.4493 -13.9169 -25.6279 -1.17782 45.8695 -25.0624 8.48328 11.0377 5.61074 0 0 0 0.184748 2.50997 -0.0106739 0 0 0 0 0 2.384 303 53 1 1 0
./complex_md-fit_979.pdb BC A 7.95602 36.2529 -6.56751 -11.832 -9.84984 -26.9954 -0.997236 48.754 -26.3166 6.31099 8.951 4.95488 0 0 0 0.46256 3.95671 -0.0186873 0 0 0 0 0.00880986 2.384 303 54 1 1 0
./complex_md-fit_97.pdb BC A 6.88977 24.133 -9.76427 -7.75561 -16.9561 -21.8481 -1.18933 40.1489 -20.7727 3.77677 11.1258 3.59322 0 0 0 0.112904 1.65514 0 0 0 0 0 0 2.384 303 49 0 0 0
./complex_md-fit_980.pdb BC A 6.72497 38.8978 -12.5806 -11.1806 -13.4237 -25.259 -0.934667 45.1229 -24.5983 3.73912 9.16764 4.24455 0 0 0 0.541431 4.50374 0 0 0 0 0 0 2.384 303 52 0 0 0
./complex_md-fit_981.pdb BC A 9.95864 32.0021 -9.87291 -10.9351 -13.1195 -25.695 -1.17211 44.6389 -25.4389 8.63854 7.36199 5.17212 0 0 0 0.658828 2.53504 0 0 0 0 0 0.0172238 2.384 303 51 2 2 0
./complex_md-fit_982.pdb BC A 8.76565 36.2226 -4.28563 -9.07424 -8.32218 -23.9383 -0.935663 43.3966 -23.5246 7.52722 6.88577 3.35335 0 0 0 0.346447 2.57115 -2.77556e-17 0 0 0 0 0 2.384 303 52 2 2 0
./complex_md-fit_983.pdb BC A 7.09141 32.609 -9.14566 -10.6882 -10.3927 -23.9934 -1.00443 43.4528 -23.3128 7.25374 6.35997 2.79149 0 0 0 0.387892 2.47399 -2.77556e-17 0 0 0 0 0 2.384 303 53 1 1 0
./complex_md-fit_984.pdb BC A 9.13011 37.6906 -5.03531 -9.03697 -13.2324 -24.8955 -1.03749 44.942 -24.4784 9.48343 7.88455 5.18133 0 0 0 0.139096 2.58349 1.11022e-16 0 0 0 0 0.0150941 2.384 303 50 1 1 0
./complex_md-fit_985.pdb BC A 7.59159 33.0365 -4.02303 -8.60201 -8.06004 -24.8482 -1.06759 43.4073 -24.7138 8.20417 6.14165 5.19464 0 0 0 0.349285 2.31582 -0.0284062 0 0 0 0 0 2.384 303 53 2 2 0
./complex_md-fit_986.pdb BC A 8.70977 34.303 -4.35908 -8.25939 -12.1596 -27.0319 -0.969645 49.927 -26.0425 7.77155 9.18538 3.086 0 0 0 0.134082 3.98271 0 0 0 0 0 0 2.384 303 53 2 2 0
./complex_md-fit_987.pdb BC A 7.22795 33.2955 -14.7316 -10.7033 -13.89 -26.2803 -1.30875 46.124 -25.592 3.82622 8.05624 4.82062 0 0 0 0.223369 2.88456 -0.00773262 0 0 0 0 0 2.384 303 55 0 0 0
./complex_md-fit_988.pdb BC A 6.15485 37.5181 -10.8736 -10.824 -15.208 -27.8973 -1.21181 50.3867 -26.8774 7.41988 9.83622 3.19624 0 0 0 0.316648 3.52019 -0.0107594 0 0 0 0 0 2.384 303 56 1 1 0
./complex_md-fit_989.pdb BC A 8.83676 33.7017 -13.1856 -10.465 -14.0123 -26.2918 -1.01927 46.5474 -26.011 5.75103 8.94615 3.16615 0 0 0 0.203172 2.64601 0 0 0 0 0 0 2.384 303 55 0 0 0
./complex_md-fit_98.pdb BC A 7.47791 30.2691 -9.18951 -7.56321 -15.9992 -24.0938 -1.11733 43.5786 -23.2844 5.66951 10.4121 2.89706 0 0 0 0.308923 1.94646 0 0 0 0 0 0.00236432 2.384 303 49 0 0 0
./complex_md-fit_990.pdb BC A 7.33057 33.5202 -3.72969 -11.8748 -11.1474 -26.6245 -1.07438 49.0697 -25.5565 7.76789 10.2085 4.90577 0 0 0 0.595989 3.01481 -2.77556e-17 0 0 0 0 0 2.384 303 56 1 1 0
./complex_md-fit_991.pdb BC A 7.24327 37.2546 -3.39956 -10.2195 -9.67775 -25.3821 -0.988902 46.2921 -24.9532 7.29961 8.23821 5.35474 0 0 0 0.637174 2.32075 0 0 0 0 0 0 2.384 303 54 2 2 0
./complex_md-fit_992.pdb BC A 7.54763 35.7271 -14.4331 -11.4026 -15.1252 -26.5487 -0.988749 44.8437 -26.0724 5.02339 10.1993 5.51906 0 0 0 0.128337 2.58496 -0.00916545 0 0 0 0 1.11022e-16 2.384 303 54 1 1 0
./complex_md-fit_993.pdb BC A 9.7795 37.1752 -2.67467 -9.58284 -10.3366 -24.6109 -0.873543 43.2406 -24.2246 10.5459 8.29125 4.74246 0 0 0 0.13358 3.0956 0 0 0 0 0 0 2.384 303 52 5 5 0
./complex_md-fit_994.pdb BC A 8.95644 33.0567 -11.9489 -9.84078 -16.0253 -25.3533 -1.06481 45.8509 -24.2888 5.87394 9.20874 3.43442 0 0 0 0.256022 2.70617 -1.11022e-16 0 0 0 0 0 2.384 303 52 1 1 0
./complex_md-fit_995.pdb BC A 6.16964 28.7718 -11.8131 -11.7382 -12.4372 -26.7387 -1.34948 47.8471 -25.917 4.10221 9.60261 4.44669 0 0 0 0.361226 3.70217 -0.0104373 0 0 0 0 0.0179076 2.384 303 54 1 1 0
./complex_md-fit_996.pdb BC A 7.15682 29.5685 -5.05521 -10.6094 -11.0393 -25.8311 -0.851401 47.0148 -25.1536 7.08355 8.01453 6.10285 0 0 0 0.195857 3.41219 0 0 0 0 0 0.0180242 2.384 303 55 2 2 0
./complex_md-fit_997.pdb BC A 8.22762 28.4595 -3.76055 -10.8376 -9.75053 -26.098 -0.883996 47.5862 -25.1912 7.7211 8.11185 5.24004 0 0 0 0.32364 2.81848 0 0 0 0 0 0.0179465 2.384 303 55 2 2 0
./complex_md-fit_998.pdb BC A 8.86463 26.1807 -7.443 -7.9918 -11.8743 -26.777 -1.13403 47.8779 -26.4103 6.30915 8.1825 4.26121 0 0 0 0.11846 2.74833 -0.00947314 0 0 0 0 0.00485661 2.384 303 52 0 0 0
./complex_md-fit_999.pdb BC A 6.26252 34.938 -8.96949 -10.1253 -11.3386 -25.5912 -0.89955 45.0888 -24.9536 5.39042 8.51561 4.42241 0 0 0 0.521535 2.96763 0 0 0 0 0 0 2.384 303 52 0 0 0
./complex_md-fit_99.pdb BC A 9.05459 41.8072 -12.2264 -8.88579 -17.1348 -22.6874 -1.16954 40.9228 -21.774 6.21188 9.64632 2.36057 0 0 0 0.283656 2.24219 0 0 0 0 0 0 2.384 303 48 0 0 0
./complex_md-fit_9.pdb BC A 8.22147 38.0551 -6.33842 -4.96448 -11.143 -23.8328 -1.18154 40.9373 -24.0057 6.50378 7.13473 3.45407 0 0 0 0.69566 2.81527 0.0635937 0 0 0 0 0 2.384 303 51 1 1 0
