./complex_md-fit_1000.pdb BC A 6.60504 27.1468 -8.90942 -4.00186 -13.1109 -22.303 -1.05882 40.7272 -22.0201 4.1206 7.25743 1.35914 0 0 0 0.136364 3.61988 -0.0154556 0 0 0 0 0 2.384 303 48 0 0 0
./complex_md-fit_1001.pdb BC A 9.26059 29.0277 -9.74969 -7.89866 -15.7238 -25.3372 -1.22183 44.8791 -24.8433 5.54866 10.4665 3.2897 0 0 0 1.09101 5.24026 0 0 0 0 0 0 2.384 303 46 1 1 0
./complex_md-fit_100.pdb BC A 7.05341 30.0864 -11.7988 -6.04289 -10.6189 -22.0443 -1.02435 36.9393 -22.6427 3.38942 5.90412 3.38113 0 0 0 0.953226 2.37309 0 0 0 0 0 0.00715635 2.384 303 50 2 2 0
./complex_md-fit_101.pdb BC A 7.25896 32.5696 -12.3133 -8.40155 -12.3347 -22.501 -0.854316 37.2652 -23.1589 4.88459 8.94886 3.3768 0 0 0 0.43818 2.66974 0.0235601 0 0 0 0 0 2.384 303 50 0 0 0
./complex_md-fit_102.pdb BC A 9.14902 39.3117 -9.90218 -5.88308 -12.2156 -21.4006 -0.906638 35.406 -21.3529 5.26319 7.44718 3.43883 0 0 0 0.275782 1.89055 0.0256872 0 0 0 0 0 2.384 303 50 2 2 0
./complex_md-fit_103.pdb BC A 8.88502 43.0102 -12.3581 -5.39 -9.72067 -22.6446 -0.826461 36.681 -23.5338 4.28384 5.17427 3.00726 0 0 0 0.611018 3.26731 0 0 0 0 0 0 2.384 303 51 0 0 0
./complex_md-fit_104.pdb BC A 9.1206 31.1302 -14.3162 -7.39092 -10.18 -21.2505 -0.795714 34.2294 -22.1737 4.29649 5.757 2.59514 0 0 0 0.552382 1.80416 0.0400873 0 0 0 0 0.00407556 2.384 303 47 0 0 0
./complex_md-fit_105.pdb BC A 6.46118 39.4092 -11.3884 -7.57169 -9.74228 -21.6016 -0.86509 34.9693 -22.2927 5.05943 6.25133 3.78823 0 0 0 0.615583 2.03297 0 0 0 0 0 0.00104532 2.384 303 46 2 2 0
./complex_md-fit_106.pdb BC A 9.43324 35.374 -9.99952 -5.60153 -8.31465 -20.5718 -0.802299 34.1492 -21.0234 3.70335 5.36265 2.67698 0 0 0 0.399139 3.7527 0.0228328 0 0 0 0 0 2.384 303 48 1 1 0
./complex_md-fit_107.pdb BC A 7.26649 30.1832 -15.5365 -7.95074 -9.80315 -21.4904 -0.678341 32.9435 -22.66 4.3688 6.20548 3.49458 0 0 0 0.0483569 1.79025 -0.0146187 0 0 0 0 0 2.384 303 51 0 0 0
./complex_md-fit_108.pdb BC A 7.92904 38.9042 -15.4696 -6.55815 -13.6472 -21.5007 -0.84032 35.5581 -21.9124 2.8493 6.9537 3.29539 0 0 0 0.332741 2.06591 2.22045e-16 0 0 0 0 0 2.384 303 48 0 0 0
./complex_md-fit_109.pdb BC A 6.68974 27.4934 -1.68064 -4.61438 -8.83275 -21.2242 -0.890281 36.2268 -21.4291 8.77112 6.40501 3.7103 0 0 0 0.190455 3.03577 0 0 0 0 0 0.00634704 2.384 303 46 4 4 0
./complex_md-fit_10.pdb BC A 7.50467 28.7644 -5.5511 -7.65135 -2.99634 -21.9819 -0.722785 35.3261 -23.2716 5.86917 5.27227 4.27984 0 0 0 0.280513 2.1597 0.0449708 0 0 0 0 0 2.384 303 45 2 2 0
./complex_md-fit_110.pdb BC A 6.55784 39.1294 -3.77339 -5.16003 -9.0976 -22.3055 -0.868594 37.4413 -22.6495 9.19217 7.11618 2.35498 0 0 0 0.177892 1.88978 0.0253177 0 0 0 0 0 2.384 303 49 4 4 0
./complex_md-fit_111.pdb BC A 6.80396 35.5586 -8.12061 -7.83086 -9.3749 -22.6723 -0.711382 39.8861 -23.3128 4.60044 7.80676 2.84814 0 0 0 0.64022 1.86316 0 0 0 0 0 0 2.384 303 52 0 0 0
./complex_md-fit_112.pdb BC A 6.59306 35.5643 -12.092 -8.63191 -10.0344 -22.3442 -0.622739 37.543 -22.8987 3.79664 6.83215 4.08417 0 0 0 0.143012 2.40122 0.0410357 0 0 0 0 0 2.384 303 50 0 0 0
./complex_md-fit_113.pdb BC A 6.98131 31.2526 -3.80519 -4.76761 -10.0562 -22.0673 -0.906388 38.3408 -22.5814 6.31979 7.67248 3.47627 0 0 0 0.755863 2.39952 0 0 0 0 0 0.00843698 2.384 303 48 0 0 0
./complex_md-fit_114.pdb BC A 8.49948 23.6294 -11.0704 -6.09527 -11.8426 -22.418 -0.907025 37.5121 -22.24 3.95593 6.98382 3.8166 0 0 0 0.136389 2.58689 0.0277351 0 0 0 0 0 2.384 303 51 1 1 0
./complex_md-fit_115.pdb BC A 6.392 35.4733 -13.6022 -5.28162 -10.3774 -21.4423 -1.00072 34.2448 -21.8795 2.71648 5.98009 2.67209 0 0 0 0.745291 2.05848 0.0206267 0 0 0 0 0 2.384 303 47 0 0 0
./complex_md-fit_116.pdb BC A 9.38231 41.0361 -7.3536 -5.59647 -9.80795 -21.7968 -0.855284 36.5739 -22.314 6.37753 6.15747 3.00932 0 0 0 0.890313 2.28235 0 0 0 0 0 0.00832135 2.384 303 47 1 1 0
./complex_md-fit_117.pdb BC A 8.6101 31.5336 -7.58315 -5.73786 -9.90913 -21.9455 -0.818474 36.7936 -22.2776 6.26757 5.89237 3.8276 0 0 0 0.324309 2.39613 0 0 0 0 0 0 2.384 303 49 2 2 0
./complex_md-fit_118.pdb BC A 6.87523 30.6549 -12.7169 -7.82393 -14.4072 -22.1826 -0.900836 39.0615 -22.207 3.03811 8.28072 3.55831 0 0 0 0.821888 2.30358 0.0441718 0 0 0 0 0 2.384 303 47 1 1 0
./complex_md-fit_119.pdb BC A 9.22045 38.7285 -8.22841 -4.61177 -12.8061 -22.1963 -0.983592 37.9434 -22.675 5.65305 8.6044 2.36434 0 0 0 0.435102 2.10597 0.0441816 0 0 0 0 0 2.384 303 46 1 1 0
./complex_md-fit_11.pdb BC A 6.89555 32.8871 -12.2102 -9.8129 -5.6063 -23.619 -0.668246 37.8995 -25.3975 4.80567 7.08576 2.6513 0 0 0 0.430924 2.49867 0 0 0 0 0 0.0206567 2.384 303 48 1 1 0
./complex_md-fit_120.pdb BC A 9.56315 36.0033 -6.38087 -6.92122 -10.2482 -22.1442 -0.868037 39.2684 -22.3475 4.48563 7.02366 4.74799 0 0 0 0.617727 2.48319 -5.55112e-17 0 0 0 0 0.0049446 2.384 303 51 0 0 0
./complex_md-fit_121.pdb BC A 8.02954 36.3853 -9.28667 -5.44831 -13.4939 -23.1561 -0.905769 40.2457 -23.655 4.30788 8.59544 3.35767 0 0 0 0.846384 2.39311 -5.55112e-17 0 0 0 0 0.0192402 2.384 303 46 2 2 0
./complex_md-fit_122.pdb BC A 9.46965 42.8123 -8.86671 -5.76968 -12.3897 -23.309 -0.774164 39.9147 -23.366 4.15933 7.91694 4.39493 0 0 0 0.355874 2.21355 0 0 0 0 0 0 2.384 303 48 0 0 0
./complex_md-fit_123.pdb BC A 8.29942 37.3281 -5.1263 -3.15054 -7.87735 -21.1676 -0.951243 36.1846 -21.6044 4.84004 5.65478 2.4594 0 0 0 0.48597 1.78448 0 0 0 0 0 0 2.384 303 47 1 1 0
./complex_md-fit_124.pdb BC A 6.73592 31.4816 -10.2094 -7.33364 -12.16 -23.8416 -1.05736 41.2648 -23.657 4.37046 8.99481 3.06464 0 0 0 0.145473 2.28189 0 0 0 0 0 0 2.384 303 52 1 1 0
./complex_md-fit_125.pdb BC A 8.26349 38.3693 -7.87671 -6.08411 -11.9592 -23.2769 -0.985285 40.0138 -23.6274 5.15015 8.56932 3.89526 0 0 0 0.427697 2.27401 0 0 0 0 0 0 2.384 303 49 2 2 0
./complex_md-fit_126.pdb BC A 7.31244 38.0024 -10.0664 -5.4008 -15.7522 -23.8197 -1.22959 41.4802 -23.8139 5.13448 8.77484 3.78428 0 0 0 0.776025 2.02485 0 0 0 0 0 0 2.384 303 52 0 0 0
./complex_md-fit_127.pdb BC A 11.0167 37.8173 -10.0448 -5.82923 -13.4999 -22.5577 -0.768753 39.3133 -22.2558 3.88627 7.53457 3.75879 0 0 0 0.37365 2.23967 0 0 0 0 0 0 2.384 303 50 0 0 0
./complex_md-fit_128.pdb BC A 6.53107 29.5841 -11.2402 -7.90976 -16.1809 -23.3746 -1.10416 41.1006 -23.447 4.41 10.9146 3.88084 0 0 0 0.443447 3.54221 0.0267137 0 0 0 0 0 2.384 303 49 0 0 0
./complex_md-fit_129.pdb BC A 7.12409 35.3491 -3.25436 -5.40845 -10.1861 -22.7066 -0.986114 39.5068 -22.3977 6.62919 7.78266 4.12534 0 0 0 0.363765 1.9494 0.0227939 0 0 0 0 0 2.384 303 49 2 2 0
./complex_md-fit_12.pdb BC A 6.35743 33.2462 -12.9067 -9.03207 -7.82978 -22.9282 -0.880736 37.2775 -24.3471 3.86466 6.98616 3.65016 0 0 0 0.316828 2.12835 0.0159479 0 0 0 0 0 2.384 303 49 0 0 0
./complex_md-fit_130.pdb BC A 7.97244 40.6535 -10.0424 -6.69719 -12.553 -22.9827 -1.1578 40.11 -22.7732 4.31448 8.08784 3.30435 0 0 0 0.272695 2.25385 0.0321634 0 0 0 0 0 2.384 303 49 2 2 0
./complex_md-fit_131.pdb BC A 7.37508 31.5538 -6.71462 -5.51868 -12.8539 -23.9878 -1.16367 41.4395 -23.8602 6.37911 8.21083 4.5281 0 0 0 0.112085 2.44242 0 0 0 0 0 0 2.384 303 52 2 2 0
./complex_md-fit_132.pdb BC A 8.23514 37.7998 -6.08124 -6.0268 -8.49167 -21.9712 -1.00254 37.3969 -22.035 5.6977 6.95043 3.13464 0 0 0 0.266246 2.08022 0 0 0 0 0 0 2.384 303 48 2 2 0
./complex_md-fit_133.pdb BC A 7.55616 36.4026 -3.77716 -4.61078 -9.32741 -22.2158 -0.895947 37.6018 -22.2501 6.75693 6.92718 3.92822 0 0 0 0.308786 2.57821 0 0 0 0 0 0 2.384 303 49 0 0 0
./complex_md-fit_134.pdb BC A 8.23751 34.2575 -13.6725 -5.62802 -14.9084 -22.8058 -0.951139 38.4405 -22.7706 3.84237 8.63723 2.30726 0 0 0 0.164095 2.06735 0 0 0 0 0 0 2.384 303 46 0 0 0
./complex_md-fit_135.pdb BC A 6.13084 36.6204 -10.5139 -6.94436 -11.3453 -22.6371 -0.932981 38.664 -22.7021 3.26985 8.25198 3.61154 0 0 0 0.250576 2.19487 0 0 0 0 0 0 2.384 303 50 0 0 0
./complex_md-fit_136.pdb BC A 8.61961 34.3956 -6.33088 -4.73563 -11.401 -22.8604 -0.971875 39.1388 -22.5002 3.5787 8.89942 4.10089 0 0 0 0.413126 2.06882 0 0 0 0 0 0.0073265 2.384 303 49 2 2 0
./complex_md-fit_137.pdb BC A 7.76289 36.4421 -10.5159 -6.22706 -14.0615 -23.0153 -0.95874 39.7001 -22.6741 4.14905 8.49122 3.61954 0 0 0 0.434146 2.39004 0.0267689 0 0 0 0 0 2.384 303 48 0 0 0
./complex_md-fit_138.pdb BC A 8.36087 33.2416 -8.91452 -5.97897 -14.4032 -23.4159 -1.06475 42.3112 -22.5255 2.94233 8.35402 4.36659 0 0 0 0.47672 2.38974 0.0229807 0 0 0 0 0 2.384 303 51 0 0 0
./complex_md-fit_139.pdb BC A 8.63206 36.1675 -6.58085 -6.70452 -12.5421 -22.3766 -0.997908 41.4799 -21.7175 4.12415 8.74182 3.23388 0 0 0 0.177985 1.68659 -5.55112e-17 0 0 0 0 0 2.384 303 48 2 2 0
./complex_md-fit_13.pdb BC A 9.79925 35.7834 -15.914 -9.48665 -10.0238 -24.0948 -0.947623 39.6783 -25.2266 1.82115 7.45322 4.49735 0 0 0 0.434994 2.99468 -0.0219329 0 0 0 0 0.00238717 2.384 303 53 0 0 0
./complex_md-fit_140.pdb BC A 7.2929 31.6954 -11.4111 -7.58659 -14.6904 -23.6062 -1.00124 41.5823 -23.6628 4.4833 8.57507 4.20177 0 0 0 0.293666 1.84542 -5.55112e-17 0 0 0 0 0 2.384 303 49 2 2 0
./complex_md-fit_141.pdb BC A 7.1114 37.2309 -11.4379 -5.11584 -12.637 -22.7477 -0.909088 38.2153 -22.9503 2.72169 8.55421 3.12037 0 0 0 0.302157 3.10214 -0.0132648 0 0 0 0 0.0215147 2.384 303 51 0 0 0
./complex_md-fit_142.pdb BC A 6.35014 32.1661 -7.23918 -6.4624 -12.6473 -22.52 -1.01354 40.2605 -22.5493 4.65687 9.00566 3.41281 0 0 0 0.614185 2.20562 -0.00937338 0 0 0 0 0.0127683 2.384 303 51 0 0 0
./complex_md-fit_143.pdb BC A 9.85509 32.3317 -6.40644 -5.34052 -12.6854 -22.8078 -1.01832 39.4437 -22.6323 6.45832 9.03856 2.65907 0 0 0 0.478257 3.12955 0 0 0 0 0 0 2.384 303 50 1 1 0
./complex_md-fit_144.pdb BC A 6.8753 37.4868 -4.74248 -6.02596 -8.43957 -20.8163 -0.855657 36.2627 -21.0069 7.17577 5.85984 2.4802 0 0 0 0.585314 2.43804 0.0381251 0 0 0 0 0 2.384 303 49 3 3 0
./complex_md-fit_145.pdb BC A 7.6736 33.7734 -16.8152 -8.87764 -11.0292 -21.4194 -0.956122 34.9885 -22.0964 1.66142 7.72824 2.94416 0 0 0 0.24487 1.94939 -0.0108123 0 0 0 0 0.00713573 2.384 303 49 0 0 0
./complex_md-fit_146.pdb BC A 7.77897 43.0677 -12.5613 -5.30985 -11.1646 -22.451 -1.00999 36.703 -23.0243 3.50019 6.39398 3.4432 0 0 0 0.331933 2.47064 0.0262025 0 0 0 0 0 2.384 303 52 2 2 0
./complex_md-fit_147.pdb BC A 9.76464 39.9126 -9.14182 -5.28405 -10.3625 -21.4065 -0.925051 36.086 -21.1588 4.64253 5.75786 3.03495 0 0 0 0.473726 2.22078 0 0 0 0 0 0 2.384 303 50 0 0 0
./complex_md-fit_148.pdb BC A 9.1678 32.2818 -10.9643 -4.86765 -10.0003 -21.3832 -0.949192 35.5632 -21.9134 3.99094 5.85016 2.61327 0 0 0 0.110979 2.02902 0.00789753 0 0 0 0 0.0130024 2.384 303 50 0 0 0
./complex_md-fit_149.pdb BC A 8.97005 34.688 -12.3579 -7.34341 -12.7303 -21.5678 -0.894361 35.6454 -21.8535 4.11647 7.11374 3.94927 0 0 0 1.20664 2.08295 5.55112e-17 0 0 0 0 0 2.384 303 49 0 0 0
./complex_md-fit_14.pdb BC A 8.50859 29.4091 -9.59711 -8.38509 -6.66932 -23.4016 -1.02082 37.6201 -24.9829 7.23257 5.94223 3.70773 0 0 0 0.3164 3.09776 0.0436372 0 0 0 0 0 2.384 303 53 1 1 0
./complex_md-fit_150.pdb BC A 9.60716 31.1531 -9.46452 -8.26187 -10.7071 -21.7687 -0.900602 36.0249 -21.6724 6.2124 7.8002 2.91152 0 0 0 0.870974 2.35101 0 0 0 0 0 0.0262002 2.384 303 48 2 2 0
./complex_md-fit_151.pdb BC A 9.23608 37.6441 -8.14117 -5.50017 -10.0389 -21.6114 -0.87901 35.0533 -21.8775 6.07168 6.31597 3.6012 0 0 0 0.700077 2.57922 0.0236015 0 0 0 0 0 2.384 303 50 2 2 0
./complex_md-fit_152.pdb BC A 7.24672 37.7426 -6.19353 -6.32045 -7.67145 -21.5629 -0.984002 36.7227 -21.466 5.91446 5.5674 3.2142 0 0 0 0.392577 1.81664 0 0 0 0 0 0 2.384 303 44 1 1 0
./complex_md-fit_153.pdb BC A 8.10468 28.1821 -9.37764 -6.14274 -11.3834 -21.9068 -1.00907 36.4505 -22.3063 5.80333 6.2434 4.65251 0 0 0 0.187292 3.42874 0.0266173 0 0 0 0 0.00691551 2.384 303 47 2 2 0
./complex_md-fit_154.pdb BC A 6.95398 37.6139 -11.7819 -8.09645 -10.6114 -21.9885 -0.892934 36.2686 -22.5374 4.01344 8.29177 3.56399 0 0 0 0.184695 1.92027 0.022353 0 0 0 0 0 2.384 303 47 1 1 0
./complex_md-fit_155.pdb BC A 8.42773 34.628 -9.1837 -6.60562 -11.7892 -22.2873 -0.938187 37.2626 -22.6956 6.96208 6.56737 3.9178 0 0 0 0.442982 2.3859 -0.0207005 0 0 0 0 0 2.384 303 47 1 1 0
./complex_md-fit_156.pdb BC A 7.0904 37.7179 -15.0247 -7.22014 -12.3005 -23.0405 -1.09258 39.7064 -23.7558 2.29738 6.6336 3.5695 0 0 0 0.197565 2.48161 -0.0195875 0 0 0 0 0 2.384 303 49 0 0 0
./complex_md-fit_157.pdb BC A 6.46589 39.5076 -8.29192 -7.27434 -10.475 -22.722 -1.07698 38.3672 -23.3012 5.83327 8.98796 2.94088 0 0 0 0.428239 2.00437 0 0 0 0 0 0 2.384 303 49 1 1 0
./complex_md-fit_158.pdb BC A 6.44116 32.6192 -12.4786 -5.96382 -13.2699 -21.5165 -0.833235 36.7753 -21.8586 2.70332 7.57569 3.68932 0 0 0 0.25257 2.72294 -0.0327977 0 0 0 0 0 2.384 303 46 0 0 0
./complex_md-fit_159.pdb BC A 8.31166 35.5604 -16.593 -6.09422 -12.4679 -20.7652 -0.833897 33.7464 -21.5878 1.22928 7.10389 2.83141 0 0 0 0.245017 2.09653 0 0 0 0 0 0 2.384 303 50 0 0 0
./complex_md-fit_15.pdb BC A 6.25831 36.8444 -5.67263 -7.07611 -7.26749 -22.1206 -0.77986 37.3187 -23.6376 6.55505 6.47273 4.73823 0 0 0 0.124263 1.96693 0 0 0 0 0 0 2.384 303 50 1 1 0
./complex_md-fit_160.pdb BC A 7.20984 29.7864 -13.4814 -9.06835 -13.0047 -22.3615 -1.02908 37.9092 -22.3315 4.07544 7.39801 3.45284 0 0 0 1.43574 2.06838 0.0223314 0 0 0 0 0.0201434 2.384 303 48 0 0 0
./complex_md-fit_161.pdb BC A 7.0215 31.2772 -9.11911 -4.92509 -11.7857 -21.8852 -1.00276 38.0544 -21.7905 2.78912 8.02032 2.94708 0 0 0 0.459291 2.86104 0 0 0 0 0 0 2.384 303 49 0 0 0
./complex_md-fit_162.pdb BC A 9.30268 31.2525 -12.2528 -4.32742 -13.3127 -21.5788 -0.981002 37.6771 -21.6308 1.52655 7.79545 2.37893 0 0 0 0.19982 2.5242 0 0 0 0 0 0 2.384 303 50 0 0 0
./complex_md-fit_163.pdb BC A 7.76495 34.0921 -3.95698 -5.51687 -8.74989 -22.082 -0.967792 38.9446 -21.7873 6.7482 5.43119 3.71428 0 0 0 0.308675 2.20344 -1.11022e-16 0 0 0 0 0 2.384 303 52 2 2 0
./complex_md-fit_164.pdb BC A 8.77887 33.8667 -9.19269 -6.46242 -12.6411 -22.2207 -1.0075 39.1164 -22.3002 5.25755 6.90568 3.3246 0 0 0 0.835059 2.02876 0 0 0 0 0 0 2.384 303 52 0 0 0
./complex_md-fit_165.pdb BC A 8.31339 38.0725 -10.0162 -5.87531 -14.4563 -21.4748 -0.986646 38.0104 -21.1013 4.02524 8.66168 2.96266 0 0 0 0.192944 1.94998 0.0252329 0 0 0 0 0 2.384 303 49 1 1 0
./complex_md-fit_166.pdb BC A 9.43336 23.9341 -4.93364 -6.19045 -10.5562 -21.9501 -1.09717 38.7393 -21.8313 6.58267 7.69622 3.60052 0 0 0 0.0542695 2.11748 0 0 0 0 0 0.0185609 2.384 303 50 2 2 0
./complex_md-fit_167.pdb BC A 9.0978 42.0261 -8.74823 -4.86072 -11.1166 -21.6246 -0.921505 37.5762 -21.552 3.44281 7.31179 2.7617 0 0 0 0.234612 1.75516 0 0 0 0 0 0 2.384 303 50 0 0 0
./complex_md-fit_168.pdb BC A 9.97194 38.0747 -8.52541 -7.14484 -12.6657 -22.2043 -0.898448 40.1924 -22.2906 5.02628 8.66746 2.48497 0 0 0 0.278784 2.13212 0.0286117 0 0 0 0 0 2.384 303 49 0 0 0
./complex_md-fit_169.pdb BC A 8.80403 30.6818 -14.8514 -4.06736 -14.5876 -21.0449 -0.904613 35.355 -21.2676 2.06559 6.83917 2.62068 0 0 0 0.114956 3.75334 0.0254109 0 0 0 0 0 2.384 303 49 0 0 0
./complex_md-fit_16.pdb BC A 6.3057 35.9929 -9.81367 -7.78205 -7.90933 -22.7492 -0.855194 37.5271 -24.2629 4.31773 6.86248 4.68555 0 0 0 0.346562 2.9137 0 0 0 0 0 0.00553619 2.384 303 49 0 0 0
./complex_md-fit_170.pdb BC A 7.23057 40.7639 -9.82823 -5.75808 -12.3489 -22.288 -1.0623 39.2251 -22.2783 3.6011 7.78162 2.98748 0 0 0 0.31199 1.9934 0 0 0 0 0 0 2.384 303 49 0 0 0
./complex_md-fit_171.pdb BC A 7.042 36.513 -12.061 -5.18389 -13.3127 -22.1862 -0.879944 37.6182 -22.396 3.6683 7.3308 2.69311 0 0 0 0.587269 2.31415 0 0 0 0 0 0 2.384 303 49 0 0 0
./complex_md-fit_172.pdb BC A 6.97123 49.4446 -6.98369 -4.32053 -10.8155 -22.2872 -1.02738 39.5604 -21.9257 3.80195 6.66392 2.75277 0 0 0 0.588835 2.94874 0.0247293 0 0 0 0 0 2.384 303 49 0 0 0
./complex_md-fit_173.pdb BC A 8.47005 31.4089 -7.11727 -5.65603 -10.6536 -22.0388 -0.779951 38.8819 -22.0927 3.15552 7.16241 4.66558 0 0 0 0.238391 2.00665 0 0 0 0 0 0 2.384 303 51 0 0 0
./complex_md-fit_174.pdb BC A 8.64808 43.0339 -7.84078 -6.42587 -12.7523 -22.5665 -1.13671 40.972 -22.0891 4.38303 7.78722 3.39185 0 0 0 0.571051 2.3421 0.0198922 0 0 0 0 0.0046489 2.384 303 50 0 0 0
./complex_md-fit_175.pdb BC A 8.00342 30.5925 -3.94059 -3.254 -10.3948 -21.4321 -0.963204 37.3727 -21.3494 5.80715 6.05779 3.95943 0 0 0 0.255846 2.02193 2.77556e-17 0 0 0 0 0 2.384 303 50 2 2 0
./complex_md-fit_176.pdb BC A 7.88904 33.4481 -10.1289 -8.30434 -13.4778 -23.3826 -0.981346 40.3968 -23.3201 6.50266 8.69749 3.55332 0 0 0 0.18701 2.33969 0 0 0 0 0 0 2.384 303 53 2 2 0
./complex_md-fit_177.pdb BC A 5.78003 31.4435 -12.975 -7.49087 -13.6905 -23.2339 -0.9654 40.1303 -23.1766 2.75997 8.14409 3.8896 0 0 0 0.636421 1.81663 0.0219512 0 0 0 0 0 2.384 303 51 1 1 0
./complex_md-fit_178.pdb BC A 7.24381 35.943 -5.28209 -5.1298 -11.8141 -22.5704 -1.0187 40.8796 -22.4539 4.13156 8.80666 3.63764 0 0 0 0.249505 2.39792 0 0 0 0 0 0 2.384 303 51 0 0 0
./complex_md-fit_179.pdb BC A 6.32898 31.4421 -16.6299 -6.86078 -13.2258 -21.2292 -0.891276 35.0583 -21.4947 2.37624 6.79869 2.56257 0 0 0 0.253849 2.11866 0.0217783 0 0 0 0 0.000398584 2.384 303 48 0 0 0
./complex_md-fit_17.pdb BC A 8.33174 30.9318 -10.5164 -8.37483 -7.6135 -21.3148 -0.847013 34.036 -22.7931 6.10128 5.48577 4.38714 0 0 0 0.453019 3.02341 -0.0362997 0 0 0 0 0 2.384 303 43 2 2 0
./complex_md-fit_180.pdb BC A 8.49991 31.4234 -0.600978 -4.43441 -12.4157 -22.8593 -1.2413 43.4904 -22.5718 6.70603 9.17734 2.555 0 0 0 0.970569 2.20194 0.0221357 0 0 0 0 0 2.384 303 51 1 1 0
./complex_md-fit_181.pdb BC A 8.27312 31.6615 -8.66978 -5.27738 -13.9826 -21.9118 -0.899235 39.3726 -21.4729 2.5958 9.22689 2.76001 0 0 0 0.910771 2.79946 0 0 0 0 0 0.00803724 2.384 303 51 0 0 0
./complex_md-fit_182.pdb BC A 8.30416 35.1886 -1.20723 -4.05804 -10.0362 -23.0747 -0.996778 41.3635 -23.0056 8.49784 7.55786 2.38658 0 0 0 0.151241 1.81541 5.55112e-17 0 0 0 0 0.00697292 2.384 303 51 0 0 0
./complex_md-fit_183.pdb BC A 5.83296 35.9838 -9.98175 -6.22962 -12.5368 -22.496 -0.85194 38.1874 -22.6134 5.10612 8.09705 3.08178 0 0 0 0.265061 1.9848 0 0 0 0 0 0.00866746 2.384 303 50 2 2 0
./complex_md-fit_184.pdb BC A 8.04937 37.4051 -5.08365 -6.73865 -9.27357 -22.0743 -0.81796 39.111 -22.0002 6.00383 7.38725 3.04296 0 0 0 0.251389 2.17875 0.0245219 0 0 0 0 0 2.384 303 50 0 0 0
./complex_md-fit_185.pdb BC A 6.64172 35.4406 -7.22738 -5.15713 -12.6978 -22.7293 -0.835682 40.8161 -22.498 4.04789 8.36659 3.26297 0 0 0 0.175345 2.22699 0.0216135 0 0 0 0 0 2.384 303 51 0 0 0
./complex_md-fit_186.pdb BC A 9.10684 32.5638 -17.5447 -8.01012 -16.1955 -22.8136 -0.851206 37.9095 -22.7829 3.01129 8.008 3.68533 0 0 0 0.470041 2.37299 0.0245067 0 0 0 0 0 2.384 303 50 0 0 0
./complex_md-fit_187.pdb BC A 7.12989 36.7682 -13.764 -5.92419 -13.5129 -22.7098 -1.03269 38.8622 -22.6324 2.84501 7.05497 2.79774 0 0 0 0.48806 2.1515 0 0 0 0 0 0 2.384 303 51 1 1 0
./complex_md-fit_188.pdb BC A 9.43714 39.9039 -3.14257 -5.22885 -12.3931 -21.7634 -0.845221 39.2357 -21.3096 7.19352 8.13611 3.55152 0 0 0 0.23834 2.84613 0.0425034 0 0 0 0 0 2.384 303 51 2 2 0
./complex_md-fit_189.pdb BC A 8.05744 44.9075 -10.9599 -6.15506 -13.6464 -22.8427 -0.995996 39.1375 -22.8084 5.53339 7.52081 2.86767 0 0 0 0.399648 2.18136 0.0237915 0 0 0 0 0.00585795 2.384 303 50 2 2 0
./complex_md-fit_18.pdb BC A 10.802 38.8608 -12.8298 -7.42543 -8.22668 -21.9024 -0.796728 33.5123 -23.3829 5.16161 6.29834 3.24188 0 0 0 0.702358 2.37364 -0.0202162 0 0 0 0 0.00806521 2.384 303 48 1 1 0
./complex_md-fit_190.pdb BC A 8.33301 33.857 -7.36614 -4.68824 -13.1428 -22.0481 -0.881 38.6956 -21.9935 5.13429 7.37398 3.91197 0 0 0 0.27174 2.82235 0 0 0 0 0 0 2.384 303 49 1 1 0
./complex_md-fit_191.pdb BC A 7.32492 38.3074 -6.98248 -4.38522 -14.1315 -22.727 -1.11802 40.8411 -22.4724 3.34324 9.69479 3.41634 0 0 0 0.555547 1.76223 -6.93889e-18 0 0 0 0 0.000548399 2.384 303 49 0 0 0
./complex_md-fit_192.pdb BC A 8.01102 35.0377 -15.715 -7.28508 -15.5212 -22.5062 -1.00279 37.4738 -22.0163 3.7146 8.14487 3.11445 0 0 0 0.162774 1.82673 0 0 0 0 0 0.00610786 2.384 303 49 0 0 0
./complex_md-fit_193.pdb BC A 7.36352 27.98 -13.3692 -6.75612 -14.2589 -21.8546 -0.979247 38.1303 -21.4006 3.7528 7.15893 2.40109 0 0 0 0.437114 2.01277 0 0 0 0 0 0 2.384 303 48 0 0 0
./complex_md-fit_194.pdb BC A 8.64021 34.3187 -9.34963 -7.329 -13.6381 -21.7101 -1.16101 39.0485 -21.1052 6.95858 6.95567 2.50004 0 0 0 0.102957 2.12553 0.0280335 0 0 0 0 0 2.384 303 50 2 2 0
./complex_md-fit_195.pdb BC A 8.37146 44.4825 -6.65044 -6.29601 -9.33645 -22.8519 -0.752798 38.8307 -23.1423 6.10558 6.84663 3.54898 0 0 0 0.370562 1.96142 0.0221409 0 0 0 0 0.00436458 2.384 303 48 1 1 0
./complex_md-fit_196.pdb BC A 6.42639 34.9357 -6.21248 -5.18079 -10.5534 -22.0976 -0.981615 39.1731 -22.2499 4.68146 7.58153 3.21889 0 0 0 0.170847 2.04374 0.0249979 0 0 0 0 0 2.384 303 49 0 0 0
./complex_md-fit_197.pdb BC A 7.07024 36.0879 -9.37992 -6.40741 -13.3559 -22.5969 -0.895214 38.7602 -22.5569 5.15203 7.30563 3.8219 0 0 0 1.38807 3.18095 0 0 0 0 0 0.00469796 2.384 303 50 1 1 0
./complex_md-fit_198.pdb BC A 7.81481 42.0273 -11.2493 -5.36212 -13.9299 -21.9856 -0.976679 39.0068 -21.8942 3.2417 7.17536 3.04934 0 0 0 0.399568 2.1732 0.026382 0 0 0 0 0 2.384 303 51 0 0 0
./complex_md-fit_199.pdb BC A 7.55979 37.8703 -7.16577 -5.78835 -12.4196 -20.5684 -0.906523 35.7724 -20.4639 4.95445 7.51447 4.12434 0 0 0 0.581015 1.82524 0.0284308 0 0 0 0 0.00594915 2.384 303 48 1 1 0
./complex_md-fit_19.pdb BC A 6.17656 33.3813 -6.36924 -6.09393 -7.76 -21.66 -0.958342 36.0041 -22.7512 6.69842 5.69898 4.09589 0 0 0 0.391153 4.23246 -0.0343011 0 0 0 0 0 2.384 303 46 1 1 0
./complex_md-fit_1.pdb BC A 7.08436 30.7604 -9.43316 -8.53185 -8.79986 -26.9175 -0.875551 45.8182 -27.1435 6.49287 7.40349 2.67378 0 0 0 0.464417 3.30414 -0.0175208 0 0 0 0 0 2.384 303 56 1 1 0
./complex_md-fit_200.pdb BC A 7.38893 30.7995 -8.1434 -6.30726 -12.6723 -22.7514 -1.05934 39.9163 -22.3483 5.80967 8.37047 2.63781 0 0 0 0.233019 2.41828 0.0212874 0 0 0 0 0.00661264 2.384 303 50 1 1 0
./complex_md-fit_201.pdb BC A 6.44535 34.5773 -8.3965 -5.50315 -13.4913 -22.5976 -1.11516 40.975 -22.1576 4.10051 8.5114 2.62523 0 0 0 0.261637 2.15807 -0.0138626 0 0 0 0 0.00841305 2.384 303 50 2 2 0
./complex_md-fit_202.pdb BC A 8.59291 31.5166 -9.88833 -6.47476 -12.028 -21.9174 -1.13613 37.4355 -21.4014 3.7221 8.22856 3.25411 0 0 0 0.42916 1.95061 0 0 0 0 0 0 2.384 303 48 2 2 0
./complex_md-fit_203.pdb BC A 7.42579 34.2622 -13.9147 -6.13437 -15.2347 -22.3051 -1.15082 37.4679 -22.2145 3.75086 7.22485 4.09945 0 0 0 0.564124 2.27222 0.0122049 0 0 0 0 0.00534264 2.384 303 51 0 0 0
./complex_md-fit_204.pdb BC A 10.6347 31.0632 -10.6287 -4.67773 -13.3207 -22.3402 -0.936759 37.8977 -22.5533 3.93311 7.2176 3.85373 0 0 0 0.258337 2.29299 0 0 0 0 0 0.039468 2.384 303 49 0 0 0
./complex_md-fit_205.pdb BC A 8.60082 27.6863 -15.0692 -7.07652 -14.5808 -23.3152 -1.13534 40.5497 -23.0765 2.26336 7.262 3.60464 0 0 0 0.470294 2.63791 -0.0348779 0 0 0 0 0 2.384 303 50 0 0 0
./complex_md-fit_206.pdb BC A 8.92238 32.1729 -11.6515 -5.38694 -11.7099 -21.6929 -0.905696 36.2986 -21.7562 2.81984 6.98856 3.34968 0 0 0 0.343435 1.70345 0 0 0 0 0 0 2.384 303 48 1 1 0
./complex_md-fit_207.pdb BC A 6.75882 40.5575 -11.9623 -5.15948 -13.2456 -21.7988 -1.19209 37.8105 -21.6085 3.08836 7.71776 2.27212 0 0 0 0.153342 1.8271 0 0 0 0 0 0 2.384 303 49 0 0 0
./complex_md-fit_208.pdb BC A 7.1472 34.6103 -8.21928 -5.41826 -13.2869 -22.5202 -0.991176 39.0162 -22.0675 5.38408 6.95385 4.42721 0 0 0 0.27585 3.02965 0 0 0 0 0 0.00753802 2.384 303 49 0 0 0
./complex_md-fit_209.pdb BC A 8.4052 42.6672 -11.3916 -6.37617 -13.3172 -23.4854 -0.96717 40.3556 -23.2051 4.76729 7.49693 2.95432 0 0 0 0.385328 1.87792 0 0 0 0 0 0 2.384 303 49 0 0 0
./complex_md-fit_20.pdb BC A 7.57362 35.3149 0.917918 -6.15295 -5.27611 -21.9891 -0.779673 38.4363 -22.5579 9.90964 4.89023 4.12948 0 0 0 0.287689 2.17177 0.0202596 0 0 0 0 0 2.384 303 50 2 2 0
./complex_md-fit_210.pdb BC A 7.08618 41.1121 -7.43847 -5.88648 -14.0509 -22.633 -1.19151 40.012 -22.4848 6.0846 9.21684 3.14664 0 0 0 0.34808 1.5976 0 0 0 0 0 0 2.384 303 51 2 2 0
./complex_md-fit_211.pdb BC A 8.78837 32.4664 -8.57598 -5.8558 -11.4365 -22.489 -0.705088 39.2738 -22.4796 6.36372 6.70063 1.7866 0 0 0 0.163941 2.07733 0.101248 0 0 0 0 0 2.384 303 49 2 2 0
./complex_md-fit_212.pdb BC A 7.6894 34.939 5.44281 -3.65996 -5.66145 -21.6917 -0.616538 39.2707 -21.6341 8.1901 6.94281 4.05938 0 0 0 0.211059 1.82014 0.0296889 0 0 0 0 0.00281961 2.384 303 45 2 2 0
./complex_md-fit_213.pdb BC A 7.27669 34.4826 -10.2606 -6.59433 -12.9757 -23.225 -1.03223 40.3314 -23.5286 4.76061 8.80573 2.96957 0 0 0 0.202813 2.14887 0.0252311 0 0 0 0 0 2.384 303 50 2 2 0
./complex_md-fit_214.pdb BC A 7.03891 28.9911 -11.7321 -5.31206 -14.0413 -23.3576 -0.990762 41.1579 -23.6227 3.8222 8.25869 2.3088 0 0 0 0.0285823 2.27311 0.0161196 0 0 0 0 0 2.384 303 48 0 0 0
./complex_md-fit_215.pdb BC A 10.0188 30.7284 -6.27277 -5.68621 -13.9639 -22.487 -1.06133 40.881 -22.4096 5.95123 9.60741 2.75099 0 0 0 0.136178 2.19757 0 0 0 0 0 0.00840821 2.384 303 50 2 2 0
./complex_md-fit_216.pdb BC A 8.75871 37.4945 -6.7282 -6.67467 -8.73982 -21.7612 -0.990025 38.0372 -21.5531 4.87484 7.16113 2.58116 0 0 0 0.3574 2.48483 -0.0211742 0 0 0 0 0 2.384 303 49 2 2 0
./complex_md-fit_217.pdb BC A 7.32188 39.6795 -8.45626 -6.41438 -11.523 -21.8848 -0.884808 38.7564 -21.4104 3.89671 7.47592 2.09283 0 0 0 1.43399 2.05256 0 0 0 0 0 0.00533401 2.384 303 48 0 0 0
./complex_md-fit_218.pdb BC A 9.44963 34.5468 -16.3168 -7.45237 -15.4823 -22.1372 -0.95473 36.0507 -22.0391 3.30229 8.42742 3.04627 0 0 0 0.904656 2.67052 0.0120132 0 0 0 0 0.00561177 2.384 303 45 0 0 0
./complex_md-fit_219.pdb BC A 9.43052 43.2006 -8.84553 -5.46224 -13.6544 -22.2939 -0.957889 40.5125 -22.2845 3.86924 8.47509 2.77108 0 0 0 0.153151 2.39751 0.0250364 0 0 0 0 0.00124674 2.384 303 47 0 0 0
./complex_md-fit_21.pdb BC A 8.39437 34.8145 -4.23251 -5.7207 -6.73716 -20.836 -0.804947 36.5236 -21.1998 6.13494 5.51457 2.73248 0 0 0 0.182525 1.26553 -0.022 0 0 0 0 0 2.384 303 48 2 2 0
./complex_md-fit_220.pdb BC A 8.18373 32.7156 -6.68266 -6.02102 -9.78269 -22.1751 -0.671411 39.9367 -21.974 3.11085 7.63458 3.05458 0 0 0 0.215722 2.54516 -0.0109217 0 0 0 0 0 2.384 303 46 0 0 0
./complex_md-fit_221.pdb BC A 7.95164 33.98 -10.707 -7.67303 -10.9012 -21.2584 -0.785628 36.8742 -21.4452 4.3064 7.25718 2.53607 0 0 0 0.38267 1.87636 2.77556e-17 0 0 0 0 0 2.384 303 46 2 2 0
./complex_md-fit_222.pdb BC A 9.63006 31.7303 -12.1177 -7.76091 -12.7841 -21.6321 -1.01128 37.8533 -21.3767 2.3343 7.57767 4.36902 0 0 0 0.334516 1.83033 -0.0213947 0 0 0 0 0 2.384 303 48 0 0 0
./complex_md-fit_223.pdb BC A 6.57896 33.6544 -10.4819 -6.69592 -16.0653 -23.2126 -1.19504 41.8428 -22.723 5.54175 8.78875 2.5984 0 0 0 0.599861 2.32355 0.0258621 0 0 0 0 0.0125208 2.384 303 49 1 1 0
./complex_md-fit_224.pdb BC A 9.74882 30.7073 -9.40121 -6.98995 -13.5835 -22.7637 -1.12144 40.4555 -22.4153 4.87977 8.14274 3.39562 0 0 0 0.599129 2.28261 0 0 0 0 0 0 2.384 303 50 0 0 0
./complex_md-fit_225.pdb BC A 12.4551 28.7955 -6.57167 -4.47202 -11.4892 -20.9142 -0.944288 36.3847 -20.8225 6.14042 6.1003 2.61934 0 0 0 0.825773 2.71423 0 0 0 0 0 0 2.384 303 47 1 1 0
./complex_md-fit_226.pdb BC A 7.57965 36.3111 -13.7843 -5.90693 -15.8907 -22.2398 -1.15136 38.45 -22.3131 2.66795 8.50753 3.94141 0 0 0 0.155721 3.56813 -0.0113244 0 0 0 0 0.00637172 2.384 303 52 2 2 0
./complex_md-fit_227.pdb BC A 10.4155 31.1682 -10.2727 -5.51885 -14.3969 -21.8644 -1.15093 39.9811 -21.2808 2.86061 8.65637 2.34208 0 0 0 0.0990062 3.01811 0 0 0 0 0 0 2.384 303 48 0 0 0
./complex_md-fit_228.pdb BC A 9.83041 33.6862 -7.16325 -6.78241 -14.5477 -22.9803 -1.00195 41.3028 -22.3964 5.93321 10.0619 3.01905 0 0 0 0.228575 2.10101 0 0 0 0 0 0 2.384 303 49 1 1 0
./complex_md-fit_229.pdb BC A 10.0879 31.8268 -7.89932 -6.77233 -14.7334 -23.5006 -0.936631 41.5321 -23.3129 6.76125 8.35709 4.36458 0 0 0 0.341503 2.52802 0 0 0 0 0 0 2.384 303 52 2 2 0
./complex_md-fit_22.pdb BC A 7.23924 33.1055 -13.4971 -7.93252 -10.5322 -20.6466 -0.799933 34.9704 -20.7939 2.89748 6.7528 1.83176 0 0 0 0.778695 1.38666 -0.0231646 0 0 0 0 0 2.384 303 47 0 0 0
./complex_md-fit_230.pdb BC A 9.04045 35.3501 -3.5626 -4.75489 -11.8277 -23.0131 -1.07481 40.582 -22.8331 6.00182 9.07907 3.96764 0 0 0 0.273949 1.9866 0.0240842 0 0 0 0 0.0124623 2.384 303 50 0 0 0
./complex_md-fit_231.pdb BC A 8.53852 34.939 -11.9806 -6.57412 -14.2118 -23.2004 -1.04452 39.9611 -22.9894 4.14294 8.49844 3.15331 0 0 0 0.262662 2.67262 0.0212477 0 0 0 0 0 2.384 303 51 0 0 0
./complex_md-fit_232.pdb BC A 6.60428 33.2514 -5.89247 -6.15114 -10.4244 -23.5102 -0.800251 41.0736 -23.2318 5.60072 7.96659 3.34095 0 0 0 0.214281 2.45852 0.0291155 0 0 0 0 0 2.384 303 49 2 2 0
./complex_md-fit_233.pdb BC A 6.16611 32.8202 -6.80025 -5.73989 -11.6596 -22.4592 -0.998212 39.797 -22.1428 6.64206 7.99557 1.53369 0 0 0 0.23109 2.91407 0 0 0 0 0 0 2.384 303 49 0 0 0
./complex_md-fit_234.pdb BC A 7.29961 32.4526 -9.45063 -5.82358 -12.7392 -22.0434 -1.06877 39.2329 -21.8452 4.32697 7.65961 2.55592 0 0 0 0.294135 3.64496 0 0 0 0 0 0 2.384 303 49 2 2 0
./complex_md-fit_235.pdb BC A 9.17612 37.9182 -11.153 -4.56661 -10.8044 -21.4056 -0.907016 34.4339 -21.8732 5.18493 5.85885 2.65904 0 0 0 0.253989 1.84642 0 0 0 0 0 0.0130522 2.384 303 48 2 2 0
./complex_md-fit_236.pdb BC A 8.11808 31.5085 -5.4709 -4.1225 -10.512 -20.9713 -1.04195 37.2942 -21.0303 4.82705 7.46912 2.36815 0 0 0 0.24865 2.05994 0 0 0 0 0 0 2.384 303 48 2 2 0
./complex_md-fit_237.pdb BC A 6.5557 30.6564 -11.013 -6.83315 -14.2816 -22.434 -1.13258 38.9945 -21.9742 5.16656 8.57753 2.63297 0 0 0 0.240568 1.73601 0.0249653 0 0 0 0 0.00534188 2.384 303 48 0 0 0
./complex_md-fit_238.pdb BC A 8.72962 38.979 -6.29242 -5.82872 -13.6762 -21.6921 -1.15801 37.1647 -21.2529 9.40792 6.49647 4.10408 0 0 0 0.115097 1.88567 0.0272686 0 0 0 0 0 2.384 303 51 2 2 0
./complex_md-fit_239.pdb BC A 9.05647 28.3964 -2.48417 -5.79948 -9.90399 -21.6914 -0.92711 39.4457 -21.2635 5.85578 7.67388 3.71618 0 0 0 0.409829 1.80005 2.77556e-17 0 0 0 0 0 2.384 303 48 0 0 0
./complex_md-fit_23.pdb BC A 6.70011 33.2791 -10.3972 -5.61272 -13.4263 -20.1665 -0.818801 36.4241 -19.7261 2.47733 8.16962 2.23815 0 0 0 0.0392827 0.987413 -0.0128859 0 0 0 0 0.0176775 2.384 303 47 0 0 0
./complex_md-fit_240.pdb BC A 6.83954 38.0284 -5.59677 -4.8269 -11.4153 -21.6341 -0.968689 37.5957 -21.5483 5.89449 8.26766 2.72953 0 0 0 0.27758 3.19524 0.0314798 0 0 0 0 0 2.384 303 50 1 1 0
./complex_md-fit_241.pdb BC A 7.56511 30.9529 -9.10101 -4.5878 -11.086 -21.9685 -1.06036 37.4224 -22.067 4.22854 7.4652 2.08699 0 0 0 0.465488 2.295 0 0 0 0 0 0 2.384 303 46 2 2 0
./complex_md-fit_242.pdb BC A 7.36954 32.0193 -11.3644 -6.82686 -14.9763 -21.746 -1.18741 38.3808 -21.6611 4.9444 8.1928 3.12691 0 0 0 0.38832 1.95853 0 0 0 0 0 0 2.384 303 48 2 2 0
./complex_md-fit_243.pdb BC A 9.52712 32.6537 -13.2683 -7.27977 -13.387 -22.412 -0.879195 39.2159 -22.101 2.69922 6.86365 3.71147 0 0 0 0.271198 1.89752 0.0293259 0 0 0 0 0 2.384 303 50 0 0 0
./complex_md-fit_244.pdb BC A 5.86304 28.7437 -4.27479 -6.5146 -9.77237 -21.7491 -0.604705 37.5053 -21.8128 7.27291 7.60395 3.1978 0 0 0 0.552585 1.86789 0.0462459 0 0 0 0 0 2.384 303 48 2 2 0
./complex_md-fit_245.pdb BC A 7.30957 38.0979 -7.24983 -5.52668 -9.29609 -21.3202 -0.904315 35.3025 -21.7478 6.4287 6.18501 3.43325 0 0 0 0.154301 1.83439 0.0349009 0 0 0 0 0.00662742 2.384 303 49 1 1 0
./complex_md-fit_246.pdb BC A 8.77773 30.5163 -14.9734 -8.54397 -14.457 -21.2514 -1.02197 34.9578 -21.4516 5.53583 6.35518 3.91031 0 0 0 0.879111 1.66285 0.107125 0 0 0 0 0.00730488 2.384 303 51 2 2 0
./complex_md-fit_247.pdb BC A 7.37297 38.0418 -5.30796 -7.83373 -11.1662 -21.5691 -0.947802 39.0146 -21.6412 5.6816 9.26382 3.61763 0 0 0 0.247993 1.85947 0.0243528 0 0 0 0 0 2.384 303 48 0 0 0
./complex_md-fit_248.pdb BC A 8.7197 36.2926 -5.43654 -6.46544 -9.63939 -21.9025 -0.956744 37.4122 -22.087 6.76415 8.1618 2.92026 0 0 0 0.320006 2.63473 0.0306046 0 0 0 0 0.00556488 2.384 303 45 2 2 0
./complex_md-fit_249.pdb BC A 7.55881 38.9293 -11.5545 -6.86043 -13.1326 -22.152 -0.837647 37.6691 -22.0504 5.47547 7.02049 2.96458 0 0 0 0.328752 1.59282 0.020217 0 0 0 0 0 2.384 303 47 2 2 0
./complex_md-fit_24.pdb BC A 7.73183 41.9604 -10.4772 -7.88103 -12.9147 -21.1568 -1.08412 37.575 -20.5969 3.89775 8.56037 2.60986 0 0 0 0.513323 1.51578 0 0 0 0 0 0 2.384 303 48 0 0 0
./complex_md-fit_250.pdb BC A 7.6492 33.829 -8.50153 -6.63466 -11.6033 -23.1387 -0.824914 40.5699 -23.2205 3.31408 9.27477 3.48839 0 0 0 0.251967 3.3105 0.0215114 0 0 0 0 0 2.384 303 50 0 0 0
./complex_md-fit_251.pdb BC A 8.41261 30.4045 -11.0804 -7.70439 -13.9055 -22.1907 -1.08885 38.5669 -22.1084 4.8359 8.75479 3.61984 0 0 0 0.133555 1.99281 0 0 0 0 0 0.00641627 2.384 303 49 1 1 0
./complex_md-fit_252.pdb BC A 6.56254 29.2337 -10.0085 -6.09937 -12.5592 -21.9916 -0.92453 39.4638 -22.0186 2.26399 7.64 4.08309 0 0 0 0.109429 2.37424 0.0245366 0 0 0 0 0 2.384 303 49 1 1 0
./complex_md-fit_253.pdb BC A 6.63574 45.0713 -6.31412 -4.96563 -8.57296 -22.1257 -0.807532 39.3919 -21.9541 2.85898 6.57427 2.86908 0 0 0 0.413845 2.37394 0 0 0 0 0 0.00365516 2.384 303 49 0 0 0
./complex_md-fit_254.pdb BC A 5.92099 31.1948 -13.5511 -6.81457 -11.1498 -23.1525 -0.889379 37.2039 -23.476 4.87504 6.78214 2.6953 0 0 0 0.391358 1.80526 -0.016576 0 0 0 0 1.61527e-05 2.384 303 47 0 0 0
./complex_md-fit_255.pdb BC A 6.54583 33.7924 -11.4055 -5.70933 -12.4259 -21.8119 -1.07117 37.1206 -21.9857 2.92043 8.40608 2.82075 0 0 0 0.330676 2.23997 0 0 0 0 0 0 2.384 303 49 0 0 0
./complex_md-fit_256.pdb BC A 10.4508 31.2423 -8.9712 -6.3318 -12.3317 -23.0382 -1.04329 39.8832 -23.0993 4.74186 8.31626 3.64207 0 0 0 0.289673 2.68451 0 0 0 0 0 0 2.384 303 51 2 2 0
./complex_md-fit_257.pdb BC A 6.67867 31.5119 -8.68989 -6.37024 -11.0531 -22.7427 -0.970751 38.9044 -22.8043 4.35662 7.67802 3.80947 0 0 0 0.502642 2.07324 0 0 0 0 0 0 2.384 303 49 1 1 0
./complex_md-fit_258.pdb BC A 10.062 26.07 -2.70094 -3.31243 -11.8513 -22.5721 -1.01718 39.9763 -22.9704 6.46715 8.21435 3.74652 0 0 0 0.592919 2.28803 0.0252292 0 0 0 0 0 2.384 303 51 2 2 0
./complex_md-fit_259.pdb BC A 8.04548 30.2675 -6.81407 -4.58661 -13.4005 -22.2063 -1.08663 39.8704 -22.3338 4.57435 8.63505 3.36888 0 0 0 0.320875 2.71144 0.0253851 0 0 0 0 0.00486876 2.384 303 49 0 0 0
./complex_md-fit_25.pdb BC A 8.08073 36.2794 -5.84908 -4.59337 -9.51597 -22.3548 -0.79154 39.7815 -22.1568 2.8014 7.62396 2.9727 0 0 0 0.391182 3.42355 -0.0257684 0 0 0 0 0.0184348 2.384 303 45 0 0 0
./complex_md-fit_260.pdb BC A 8.49745 37.4834 -7.28211 -6.85754 -11.6774 -22.5253 -0.757863 39.3403 -22.687 5.55317 8.48263 3.44313 0 0 0 0.401688 2.17254 -5.55112e-17 0 0 0 0 0.00211451 2.384 303 49 3 3 0
./complex_md-fit_261.pdb BC A 6.96699 32.0294 -9.53139 -5.97481 -12.2551 -21.3642 -0.767568 38.2229 -21.0615 2.54156 8.37615 2.4342 0 0 0 0.31707 2.23192 0 0 0 0 0 0 2.384 303 47 0 0 0
./complex_md-fit_262.pdb BC A 7.39275 33.7269 -6.31318 -6.40645 -9.71303 -21.2208 -0.908949 37.0111 -21.0348 4.83219 6.67473 3.13656 0 0 0 1.29428 1.85857 0.0219964 0 0 0 0 0 2.384 303 51 1 1 0
./complex_md-fit_263.pdb BC A 7.2714 33.0299 -11.0349 -5.84587 -10.3954 -21.2644 -0.680789 36.2381 -21.4262 2.57664 6.9863 2.58533 0 0 0 0.191468 1.9514 0 0 0 0 0 0 2.384 303 48 0 0 0
./complex_md-fit_264.pdb BC A 6.8336 40.4733 -12.3722 -5.66496 -14.2411 -21.156 -0.97133 35.4767 -21.2049 4.70436 7.76387 2.72347 0 0 0 0.194016 1.93895 0 0 0 0 0 0.00362453 2.384 303 51 0 0 0
./complex_md-fit_265.pdb BC A 6.81542 27.8361 -7.13521 -4.85347 -12.1437 -22.5794 -0.98817 38.6063 -22.4692 5.18984 7.57064 4.16341 0 0 0 0.346405 2.30427 0.0221307 0 0 0 0 0 2.384 303 48 0 0 0
./complex_md-fit_266.pdb BC A 8.18706 38.2038 -10.4238 -5.21031 -11.1862 -20.6286 -1.06669 35.8715 -20.643 2.18391 6.24922 3.74185 0 0 0 0.264542 2.1648 0 0 0 0 0 0 2.384 303 48 0 0 0
./complex_md-fit_267.pdb BC A 6.61223 32.6218 -5.23641 -2.62447 -11.2118 -21.6688 -0.935922 38.4528 -21.6307 4.54911 6.34845 3.24804 0 0 0 0.231142 2.5461 0 0 0 0 0 0.00582688 2.384 303 50 1 1 0
./complex_md-fit_268.pdb BC A 8.3652 34.6016 -12.6643 -6.73949 -14.2514 -21.3387 -1.01598 36.5307 -21.2124 2.47406 7.63785 4.6222 0 0 0 0.602293 2.2944 0.0264608 0 0 0 0 0 2.384 303 48 0 0 0
./complex_md-fit_269.pdb BC A 9.61926 34.6771 -10.9788 -6.94411 -13.6643 -21.6885 -1.04358 37.0414 -21.6014 4.23669 8.57677 3.60221 0 0 0 0.50608 1.70504 0 0 0 0 0 0 2.384 303 48 1 1 0
./complex_md-fit_26.pdb BC A 6.69065 43.5825 -3.00696 -4.40296 -9.22436 -21.6638 -1.12626 39.3374 -21.4494 3.88683 8.70987 2.72061 0 0 0 0.197449 3.03252 -0.0111227 0 0 0 0 0.0188254 2.384 303 49 0 0 0
./complex_md-fit_270.pdb BC A 6.79134 35.1152 -6.99347 -4.63435 -9.82535 -22.4259 -0.841601 39.3093 -22.7579 3.5804 6.89317 3.48766 0 0 0 0.23147 2.15726 -0.010333 0 0 0 0 0 2.384 303 49 0 0 0
./complex_md-fit_271.pdb BC A 9.29772 32.0359 -8.32536 -5.57912 -13.1095 -20.9582 -1.02661 37.0229 -20.5906 5.61471 7.70048 2.39123 0 0 0 0.221201 2.05994 -0.018107 0 0 0 0 0.00628996 2.384 303 48 0 0 0
./complex_md-fit_272.pdb BC A 8.15268 35.8316 -11.2841 -6.91722 -12.4368 -22.6921 -0.975161 39.1353 -22.6545 4.26093 7.71426 2.58189 0 0 0 0.699301 2.3663 0 0 0 0 0 0 2.384 303 51 0 0 0
./complex_md-fit_273.pdb BC A 8.93555 37.6418 -9.23154 -6.64525 -13.8586 -21.574 -0.916798 39.6745 -21.336 3.48848 8.31383 3.26921 0 0 0 0.328944 2.03011 0.0241222 0 0 0 0 0 2.384 303 46 0 0 0
./complex_md-fit_274.pdb BC A 5.92679 33.9226 -9.97993 -8.47866 -14.7287 -22.4679 -0.926797 38.1847 -22.2151 8.07267 9.36681 3.03468 0 0 0 0.166675 2.19116 0.0116488 0 0 0 0 0 2.384 303 47 2 2 0
./complex_md-fit_275.pdb BC A 8.25447 35.374 -8.16965 -7.43973 -12.452 -21.692 -0.855606 38.0066 -21.3478 4.89782 8.19022 4.35846 0 0 0 0.158912 1.42743 0 0 0 0 0 0.0054199 2.384 303 46 1 1 0
./complex_md-fit_276.pdb BC A 6.44826 25.8092 -8.36863 -7.74704 -11.0555 -21.7811 -0.748988 39.0798 -21.8772 3.79012 8.58471 3.19969 0 0 0 0.167538 2.32329 -5.55112e-17 0 0 0 0 0.0193827 2.384 303 46 0 0 0
./complex_md-fit_277.pdb BC A 7.39869 33.4385 -7.36617 -5.58397 -12.4291 -21.911 -0.750318 40.3336 -21.592 3.07457 7.54418 3.31494 0 0 0 0.608538 2.06199 0.0244248 0 0 0 0 0 2.384 303 48 0 0 0
./complex_md-fit_278.pdb BC A 8.68065 26.8966 -10.041 -6.13532 -12.4713 -22.1071 -0.973633 38.339 -21.9976 4.64622 7.4826 2.93499 0 0 0 0.241168 1.98636 0 0 0 0 0 0 2.384 303 50 0 0 0
./complex_md-fit_279.pdb BC A 9.01554 33.8353 -6.86718 -7.01881 -12.6031 -22.3355 -1.05133 39.0086 -21.8695 6.45611 8.26268 3.88356 0 0 0 0.381046 1.78421 0 0 0 0 0 0.0190057 2.384 303 49 2 2 0
./complex_md-fit_27.pdb BC A 7.21925 37.2026 -4.57926 -7.01976 -10.8562 -21.5883 -1.0172 39.4018 -21.2826 5.58027 9.77298 1.81318 0 0 0 0.659615 3.58443 -0.043119 0 0 0 0 0 2.384 303 49 0 0 0
./complex_md-fit_280.pdb BC A 6.49394 32.0683 -11.5679 -7.08313 -12.438 -23.1071 -0.892488 39.6785 -23.0543 4.03779 7.84145 3.27018 0 0 0 0.160917 3.39994 0.0182843 0 0 0 0 0 2.384 303 49 0 0 0
./complex_md-fit_281.pdb BC A 8.58059 32.8749 -8.71198 -4.87032 -12.6464 -22.0861 -0.973926 38.1134 -22.1655 3.71652 7.60832 3.91185 0 0 0 0.657242 2.15502 0.0228789 0 0 0 0 0 2.384 303 51 0 0 0
./complex_md-fit_282.pdb BC A 6.96272 34.8668 -8.08246 -6.15889 -13.9741 -21.6925 -1.00873 38.3259 -21.6828 6.34577 9.16925 2.08775 0 0 0 0.505767 2.80612 5.55112e-17 0 0 0 0 0 2.384 303 50 2 2 0
./complex_md-fit_283.pdb BC A 6.88905 32.2801 -15.7307 -6.83281 -14.0353 -22.0916 -0.881636 36.8536 -22.2013 2.06069 8.1355 3.04272 0 0 0 0.195447 2.09375 0.0239888 0 0 0 0 0 2.384 303 47 0 0 0
./complex_md-fit_284.pdb BC A 8.77838 35.935 -9.90167 -5.06765 -13.0321 -21.1675 -1.11338 36.241 -21.0538 4.21755 7.29901 3.58935 0 0 0 0.16895 2.00688 0.016803 0 0 0 0 0 2.384 303 47 0 0 0
./complex_md-fit_285.pdb BC A 8.31084 43.0018 -9.29343 -7.20672 -13.0315 -22.3059 -0.914649 39.5609 -21.5199 3.91713 8.64319 3.28474 0 0 0 0.27893 2.36356 0 0 0 0 0 0.000229179 2.384 303 48 0 0 0
./complex_md-fit_286.pdb BC A 6.85081 36.2531 -7.06589 -5.142 -13.7696 -22.3729 -1.02343 41.5534 -21.9135 4.14236 8.20894 2.96729 0 0 0 0.273943 2.23322 0 0 0 0 0 0.00965697 2.384 303 49 1 1 0
./complex_md-fit_287.pdb BC A 8.43916 36.0534 -12.8459 -6.70361 -12.9863 -22.0353 -0.951503 37.0485 -22.0171 4.23576 7.18414 2.92032 0 0 0 0.488397 2.92169 -0.0291033 0 0 0 0 0 2.384 303 44 1 1 0
./complex_md-fit_288.pdb BC A 9.06093 27.9348 -10.1835 -6.26861 -17.283 -23.9542 -1.11765 43.1662 -23.8287 5.08109 10.1664 3.54221 0 0 0 0.330102 2.37846 -0.0173335 0 0 0 0 0 2.384 303 47 0 0 0
./complex_md-fit_289.pdb BC A 6.8729 31.2275 -11.6519 -7.68857 -12.5278 -23.1809 -0.909055 40.1855 -22.9462 4.27135 7.10844 3.44889 0 0 0 0.586389 1.98192 -5.55112e-17 0 0 0 0 0 2.384 303 51 0 0 0
./complex_md-fit_28.pdb BC A 7.93636 29.7786 -9.075 -6.92183 -15.2467 -22.4123 -1.1659 41.0631 -21.6731 5.27185 8.79216 2.99707 0 0 0 0.220581 2.34677 0 0 0 0 0 0 2.384 303 49 1 1 0
./complex_md-fit_290.pdb BC A 7.35317 40.8628 -11.8596 -7.24854 -10.5911 -21.7531 -0.830778 36.7954 -21.7458 3.26988 6.91943 3.04765 0 0 0 0.250516 2.2245 0.0269607 0 0 0 0 0 2.384 303 47 0 0 0
./complex_md-fit_291.pdb BC A 8.74619 33.478 -6.08941 -6.37499 -10.5054 -22.4552 -1.05882 39.7776 -22.2778 6.87073 6.9209 2.95536 0 0 0 0.0679332 1.91201 -0.00967284 0 0 0 0 0 2.384 303 47 2 2 0
./complex_md-fit_292.pdb BC A 7.13975 28.5064 -14.116 -6.55242 -12.6801 -21.8688 -0.991888 36.2548 -21.8046 2.32757 6.62367 4.08979 0 0 0 0.462555 1.68919 0.0234657 0 0 0 0 0 2.384 303 46 0 0 0
./complex_md-fit_293.pdb BC A 7.10495 38.1506 -8.95009 -8.39994 -13.3901 -23.6707 -1.19664 41.2754 -23.7748 8.38311 8.58896 2.40025 0 0 0 0.846398 2.78893 -0.012071 0 0 0 0 0 2.384 303 49 3 3 0
./complex_md-fit_294.pdb BC A 8.47288 36.6943 -6.09468 -4.40558 -13.3345 -21.7206 -1.26804 39.7408 -21.7198 5.55678 7.676 2.91063 0 0 0 0.464301 2.182 -1.11022e-16 0 0 0 0 0.0052761 2.384 303 49 1 1 0
./complex_md-fit_295.pdb BC A 8.04804 40.1102 -15.5518 -6.68342 -13.5207 -21.413 -0.950711 34.8606 -21.7756 3.4078 7.63728 2.77192 0 0 0 0.116341 2.07536 -0.0099888 0 0 0 0 0.00776242 2.384 303 48 1 1 0
./complex_md-fit_296.pdb BC A 6.07245 32.2613 -7.86098 -5.72133 -11.5732 -21.445 -1.00607 36.9554 -21.115 5.63444 7.2495 2.97568 0 0 0 0.193452 2.4857 -0.0146241 0 0 0 0 0.00570602 2.384 303 50 2 2 0
./complex_md-fit_297.pdb BC A 7.00339 36.5602 -14.8915 -7.7437 -12.2448 -20.3582 -1.03775 34.7324 -20.3096 2.12554 6.94668 2.61151 0 0 0 0.37032 1.8239 0.0160085 0 0 0 0 0 2.384 303 47 0 0 0
./complex_md-fit_298.pdb BC A 6.71527 35.4883 -6.3204 -4.59454 -12.0092 -21.5274 -1.13277 37.7995 -21.4936 5.84072 7.51601 2.78762 0 0 0 0.479969 1.96044 0.0133218 0 0 0 0 0 2.384 303 50 1 1 0
./complex_md-fit_299.pdb BC A 9.29461 48.1346 -10.2706 -6.32651 -13.2518 -22.1721 -0.972382 37.0087 -22.1079 6.21312 7.9038 2.99835 0 0 0 0.405402 3.40465 0.0307483 0 0 0 0 0 2.384 303 48 1 1 0
./complex_md-fit_29.pdb BC A 7.22157 40.7839 -7.65701 -6.89147 -14.9577 -22.9439 -1.19509 41.185 -22.7142 6.42932 9.77398 3.10525 0 0 0 0.551873 2.24859 0 0 0 0 0 0 2.384 303 51 0 0 0
./complex_md-fit_2.pdb BC A 7.31861 37.4914 -10.9812 -7.65509 -12.0229 -23.4059 -1.06968 40.2734 -23.4034 4.47871 6.80191 4.49864 0 0 0 0.543089 2.51622 -0.0200094 0 0 0 0 0 2.384 303 47 1 1 0
./complex_md-fit_300.pdb BC A 7.78713 34.4448 -7.33177 -6.76464 -15.2617 -22.776 -1.08455 39.6919 -22.6025 6.91823 10.1789 4.24489 0 0 0 0.115164 2.27523 0 0 0 0 0 0.00853465 2.384 303 49 1 1 0
./complex_md-fit_301.pdb BC A 7.53164 37.8863 -13.4743 -8.81518 -14.518 -23.0017 -1.0537 39.5147 -22.9005 4.65912 8.68017 3.11732 0 0 0 0.830611 2.6592 0.0127446 0 0 0 0 0 2.384 303 51 1 1 0
./complex_md-fit_302.pdb BC A 9.67269 39.3453 -9.73008 -5.29117 -11.7364 -21.9912 -0.882609 37.6365 -21.8448 4.05559 6.76138 3.06163 0 0 0 0.470591 2.12787 0.0258189 0 0 0 0 0.00464859 2.384 303 50 0 0 0
./complex_md-fit_303.pdb BC A 8.95447 30.6137 -7.78502 -6.04597 -10.9553 -22.6013 -1.2306 39.3969 -22.4758 6.40522 6.97185 2.35534 0 0 0 0.366603 2.66475 0.0231066 0 0 0 0 0.00494647 2.384 303 48 0 0 0
./complex_md-fit_304.pdb BC A 7.92062 43.09 -5.9092 -6.1813 -13.1903 -21.6597 -1.00858 38.4145 -20.9051 7.20026 7.55775 3.34649 0 0 0 0.516862 2.47217 0 0 0 0 0 0 2.384 303 48 1 1 0
./complex_md-fit_305.pdb BC A 5.08666 35.4467 -7.34215 -5.8768 -14.7374 -22.8879 -1.27303 39.4162 -22.7201 7.40856 8.99514 4.07721 0 0 0 0.262256 1.97635 -0.0109322 0 0 0 0 0.0047259 2.384 303 51 1 1 0
./complex_md-fit_306.pdb BC A 8.86836 42.0687 -6.63989 -4.99145 -8.90401 -21.823 -0.908623 37.9576 -21.6374 3.64058 6.61105 2.9114 0 0 0 0.477813 1.89233 0.0261142 0 0 0 0 0 2.384 303 48 0 0 0
./complex_md-fit_307.pdb BC A 7.86481 39.1922 -4.85456 -4.81401 -9.35053 -20.7524 -0.898591 37.4828 -20.6837 2.72177 6.63147 4.18427 0 0 0 0.639168 3.94575 -0.0148071 0 0 0 0 0 2.384 303 47 0 0 0
./complex_md-fit_308.pdb BC A 8.42187 38.9754 -2.15099 -4.88773 -12.8421 -22.6735 -1.02101 40.1431 -22.3497 8.62717 8.22695 4.26257 0 0 0 0.333794 1.99804 0.0295189 0 0 0 0 0 2.384 303 49 2 2 0
./complex_md-fit_309.pdb BC A 8.89584 41.7032 -0.77541 -5.38127 -7.17432 -21.2144 -1.00254 38.0311 -21.1225 6.51642 5.71749 4.2086 0 0 0 0.618205 2.1301 0.0278433 0 0 0 0 0 2.384 303 45 3 3 0
./complex_md-fit_30.pdb BC A 8.32865 35.3616 -11.5954 -7.51488 -13.991 -21.9586 -1.32927 40.1038 -21.1892 3.18297 9.12372 1.6913 0 0 0 0.250629 2.3009 0.0350727 0 0 0 0 0 2.384 303 49 0 0 0
./complex_md-fit_310.pdb BC A 8.13668 30.0217 -11.3268 -8.28411 -8.3728 -23.0431 -0.932014 37.0202 -23.5887 3.70143 7.9474 3.96386 0 0 0 0.230313 2.41826 0.0308033 0 0 0 0 0 2.384 303 48 0 0 0
./complex_md-fit_311.pdb BC A 8.00781 33.2393 -13.0603 -7.89115 -11.7892 -21.3117 -1.04433 34.2398 -21.8453 5.05908 7.68649 3.43918 0 0 0 0.414001 1.80687 -0.0172112 0 0 0 0 0 2.384 303 50 2 2 0
./complex_md-fit_312.pdb BC A 8.34522 38.4152 -15.0172 -7.67684 -14.9815 -21.9925 -1.1822 36.8154 -22.4497 4.44472 8.18257 3.40395 0 0 0 0.395907 2.458 0.0229078 0 0 0 0 0 2.384 303 52 0 0 0
./complex_md-fit_313.pdb BC A 10.0769 33.2315 -10.6027 -7.3505 -11.1039 -21.9214 -0.951366 35.3882 -22.4324 6.9434 7.1246 3.59958 0 0 0 0.074739 2.36824 0.026373 0 0 0 0 0 2.384 303 48 3 3 0
./complex_md-fit_314.pdb BC A 6.65622 42.6167 -12.375 -6.3899 -13.703 -21.9318 -1.10096 36.4716 -22.2124 3.04088 8.72093 3.48635 0 0 0 1.24333 1.62034 0 0 0 0 0 0 2.384 303 48 0 0 0
./complex_md-fit_315.pdb BC A 7.79643 28.1176 -10.4433 -6.72301 -9.80508 -22.1351 -0.929674 36.9085 -22.3578 4.34846 6.06827 3.94707 0 0 0 0.235121 1.87176 -6.93889e-18 0 0 0 0 0 2.384 303 50 2 2 0
./complex_md-fit_316.pdb BC A 9.11111 26.2203 -12.5201 -9.28649 -9.83506 -21.9688 -0.915273 36.3409 -22.5547 4.23776 6.8989 4.35416 0 0 0 0.185092 1.8152 0.0233357 0 0 0 0 0 2.384 303 50 1 1 0
./complex_md-fit_317.pdb BC A 7.84391 32.2937 -10.3751 -5.75202 -8.86491 -21.254 -0.86728 34.0222 -21.6615 4.17557 6.06731 3.57958 0 0 0 0.143168 2.78956 0.0238939 0 0 0 0 0.012815 2.384 303 49 2 2 0
./complex_md-fit_318.pdb BC A 7.0577 36.5941 -12.1512 -8.30251 -9.67505 -22.1423 -0.753878 38.1751 -22.6455 2.34902 6.77001 3.90307 0 0 0 0.170831 2.6473 5.55112e-17 0 0 0 0 0 2.384 303 49 0 0 0
./complex_md-fit_319.pdb BC A 8.88609 34.9191 -10.0013 -7.13414 -9.25535 -22.3162 -0.821017 36.5881 -22.8832 4.67535 6.60051 4.1307 0 0 0 0.395715 1.76985 0 0 0 0 0 0.0182033 2.384 303 48 1 1 0
./complex_md-fit_31.pdb BC A 7.41727 42.4432 -13.5173 -5.18657 -17.6906 -22.5143 -1.31546 40.8624 -21.9837 3.59813 8.14584 2.23407 0 0 0 0.332842 3.07327 0 0 0 0 0 0 2.384 303 50 0 0 0
./complex_md-fit_320.pdb BC A 7.71122 38.1699 -8.64782 -5.27158 -9.2343 -21.2056 -0.879459 35.3289 -21.8285 3.63753 6.4691 3.47299 0 0 0 0.854729 1.55923 0.00832114 0 0 0 0 0 2.384 303 51 0 0 0
./complex_md-fit_321.pdb BC A 6.76711 37.2499 -7.67047 -7.89376 -9.87351 -22.4453 -0.994919 37.5129 -23.0291 6.26084 8.61588 3.7124 0 0 0 0.428974 2.34834 0.0284242 0 0 0 0 0.00669416 2.384 303 50 2 2 0
./complex_md-fit_322.pdb BC A 11.3288 41.2252 -12.0053 -8.24298 -10.9027 -22.7482 -1.05936 37.3777 -23.4719 4.998 7.99672 3.66001 0 0 0 0.311132 1.87387 0.0763019 0 0 0 0 0 2.384 303 49 0 0 0
./complex_md-fit_323.pdb BC A 7.49645 30.2206 -17.629 -8.79053 -11.4941 -21.8776 -0.968818 35.0515 -22.5524 2.57529 5.7817 3.80855 0 0 0 0.810211 1.7443 0.0226868 0 0 0 0 0.00455845 2.384 303 51 0 0 0
./complex_md-fit_324.pdb BC A 7.92402 37.1434 -11.1214 -7.28059 -11.4799 -21.4832 -0.975374 35.5283 -22.1683 6.08991 6.66346 3.37648 0 0 0 0.607881 1.72124 0 0 0 0 0 0 2.384 303 49 0 0 0
./complex_md-fit_325.pdb BC A 7.74432 37.1651 -9.25162 -8.51953 -7.98385 -21.9347 -0.978582 36.6304 -22.6088 4.72278 7.16518 3.91567 0 0 0 0.339832 2.13005 0 0 0 0 0 0 2.384 303 50 1 1 0
./complex_md-fit_326.pdb BC A 6.44107 42.487 -9.07909 -7.35755 -11.9305 -22.4262 -0.887417 38.244 -22.6839 5.71574 8.29151 3.70224 0 0 0 0.226055 2.03563 0.0269831 0 0 0 0 0 2.384 303 51 1 1 0
./complex_md-fit_327.pdb BC A 8.69867 28.2961 -10.7857 -9.75497 -9.8507 -22.5578 -0.969302 38.0403 -22.9768 5.63066 7.86117 3.5102 0 0 0 0.270924 1.85883 0 0 0 0 0 0.0105997 2.384 303 50 2 2 0
./complex_md-fit_328.pdb BC A 7.38549 32.8931 -10.8322 -7.28505 -12.3796 -21.6019 -0.986036 36.6989 -21.7729 6.49114 6.65883 2.92736 0 0 0 0.387251 1.818 0.0297928 0 0 0 0 0 2.384 303 48 2 2 0
./complex_md-fit_329.pdb BC A 5.9094 36.0397 -15.1231 -8.07606 -12.7278 -23.6124 -1.00827 38.96 -23.9988 3.61971 7.16198 3.71166 0 0 0 0.820407 2.28027 0.0263973 0 0 0 0 0 2.384 303 54 0 0 0
./complex_md-fit_32.pdb BC A 7.17835 44.0204 -14.5313 -7.56267 -15.3732 -22.5299 -1.26393 38.8535 -22.4053 5.07448 7.47807 2.55331 0 0 0 0.622285 2.6321 0.0220251 0 0 0 0 0 2.384 303 49 0 0 0
./complex_md-fit_330.pdb BC A 6.01155 27.5343 -6.76313 -6.42573 -9.47644 -23.4156 -0.953469 41.3866 -23.5651 5.83138 6.08933 3.19847 0 0 0 0.578666 2.44975 -0.0112988 0 0 0 0 0 2.384 303 52 2 2 0
./complex_md-fit_331.pdb BC A 7.83944 35.1466 -7.17548 -6.2804 -10.5262 -22.7892 -0.920351 39.1376 -23.0109 6.86058 6.79511 3.04504 0 0 0 0.513185 2.57401 -1.11022e-16 0 0 0 0 0 2.384 303 50 2 2 0
./complex_md-fit_332.pdb BC A 6.67373 44.2852 -10.0814 -4.98224 -10.5852 -21.0976 -0.864874 33.9303 -21.9726 5.10816 5.90137 4.10595 0 0 0 0.369592 2.81531 0 0 0 0 0 0.00565973 2.384 303 47 2 2 0
./complex_md-fit_333.pdb BC A 7.66366 40.0574 -12.4438 -6.59406 -11.641 -21.6999 -0.97364 34.743 -22.4581 5.57512 5.79889 4.26617 0 0 0 0.509742 2.3128 0.0266238 0 0 0 0 0.00326728 2.384 303 47 1 1 0
./complex_md-fit_334.pdb BC A 7.34599 38.089 -14.6701 -8.71788 -12.2363 -21.3005 -0.815131 34.4538 -21.6082 4.54666 6.76458 3.80028 0 0 0 0.468222 2.14322 -0.0256518 0 0 0 0 0 2.384 303 49 1 1 0
./complex_md-fit_335.pdb BC A 7.20598 35.5325 -9.48304 -6.29462 -11.1583 -20.9631 -0.876849 35.3413 -21.2646 3.55501 8.00566 4.14064 0 0 0 0.0244139 2.09601 0 0 0 0 0 0.00740784 2.384 303 49 0 0 0
./complex_md-fit_336.pdb BC A 6.1304 38.7107 -13.6529 -8.01714 -11.7559 -21.7344 -0.881071 34.3175 -22.313 4.52319 7.80926 3.82779 0 0 0 0.570834 1.98356 0 0 0 0 0 0 2.384 303 44 1 1 0
./complex_md-fit_337.pdb BC A 7.80759 29.9364 -17.2777 -7.40221 -15.5764 -23.3017 -0.970698 38.0669 -23.5786 2.82075 9.0504 3.10697 0 0 0 0.506984 3.05431 0 0 0 0 0 0 2.384 303 47 0 0 0
./complex_md-fit_338.pdb BC A 9.33049 34.8739 -11.5344 -8.22693 -10.6671 -22.6598 -0.914251 38.2703 -23.1193 4.71229 6.6767 3.78993 0 0 0 0.603676 2.50087 0 0 0 0 0 0 2.384 303 48 1 1 0
./complex_md-fit_339.pdb BC A 7.18962 29.1255 -14.3912 -6.70016 -13.1986 -22.4449 -0.966803 37.6474 -22.9732 3.01603 7.2972 3.70162 0 0 0 0.230198 2.43095 1.11022e-16 0 0 0 0 0 2.384 303 50 0 0 0
./complex_md-fit_33.pdb BC A 9.50642 38.4889 -9.45768 -6.0562 -14.0411 -21.9612 -1.13797 40.2596 -21.0555 4.96792 7.32009 1.86359 0 0 0 0.383035 1.77308 0 0 0 0 0 0 2.384 303 52 0 0 0
./complex_md-fit_340.pdb BC A 9.08261 43.024 -8.58233 -4.03498 -12.2332 -22.1651 -0.994698 38.4476 -22.2268 4.09355 6.67209 3.56646 0 0 0 0.273142 2.12576 0.0196589 0 0 0 0 0 2.384 303 49 0 0 0
./complex_md-fit_341.pdb BC A 7.54493 35.7036 -10.353 -5.78565 -12.3685 -22.2565 -0.941563 38.9614 -22.3639 3.8466 6.31496 4.12562 0 0 0 0.0883964 2.0574 0 0 0 0 0 0.0261609 2.384 303 51 2 2 0
./complex_md-fit_342.pdb BC A 10.6993 36.7784 -10.0668 -5.96886 -13.9403 -22.0432 -1.14157 38.2345 -21.8525 6.03716 6.9928 3.26138 0 0 0 0.353872 2.3661 0 0 0 0 0 0 2.384 303 49 1 1 0
./complex_md-fit_343.pdb BC A 9.53565 36.9147 -15.737 -9.25208 -18.9824 -22.9095 -1.29089 40.2615 -22.3301 5.06179 10.2869 3.16894 0 0 0 0.241026 2.14053 0 0 0 0 0 0.00786868 2.384 303 50 0 0 0
./complex_md-fit_344.pdb BC A 9.18328 36.95 -7.5134 -6.52059 -12.1108 -21.4806 -0.973723 38.237 -21.2973 5.71107 7.12223 3.56037 0 0 0 0.212523 2.19338 0.0263993 0 0 0 0 0 2.384 303 51 0 0 0
./complex_md-fit_345.pdb BC A 7.37709 33.6985 -10.6324 -7.4867 -11.997 -20.9347 -0.791887 35.9027 -20.77 4.51276 7.20739 3.32368 0 0 0 0.376763 1.77005 0.0246649 0 0 0 0 0 2.384 303 48 0 0 0
./complex_md-fit_346.pdb BC A 6.78127 35.4633 -6.22729 -6.78813 -12.7081 -22.3853 -0.991225 40.0713 -22.3308 6.57251 8.79408 3.23973 0 0 0 0.298693 2.19805 0 0 0 0 0 0 2.384 303 49 4 4 0
./complex_md-fit_347.pdb BC A 8.63075 27.359 -2.61573 -5.59457 -11.1298 -22.335 -0.911093 41.4723 -22.2517 5.75725 8.12302 3.99394 0 0 0 0.260054 2.29781 0 0 0 0 0 0 2.384 303 50 2 2 0
./complex_md-fit_348.pdb BC A 8.62828 35.5833 -16.6803 -8.73633 -14.8686 -23.4272 -1.09597 38.9536 -23.6436 3.86344 6.85871 4.67881 0 0 0 0.707639 2.09511 0.0250677 0 0 0 0 0.00409389 2.384 303 49 0 0 0
./complex_md-fit_349.pdb BC A 8.14813 36.9269 -7.15102 -6.19036 -11.254 -22.8276 -0.768106 38.9632 -23.2581 6.7222 7.1099 3.45733 0 0 0 0.894541 2.59699 0 0 0 0 0 0 2.384 303 53 1 1 0
./complex_md-fit_34.pdb BC A 8.49844 31.5268 -7.47822 -5.07115 -12.9032 -22.3028 -1.06007 39.8235 -21.5835 5.61982 6.83211 3.0087 0 0 0 0.158469 1.99378 0 0 0 0 0 0 2.384 303 51 0 0 0
./complex_md-fit_350.pdb BC A 8.4825 29.8013 -9.20716 -7.782 -11.8504 -23.8672 -1.02141 40.871 -24.7334 6.71388 8.28345 3.67104 0 0 0 0.50783 2.40072 0 0 0 0 0 0 2.384 303 51 0 0 0
./complex_md-fit_351.pdb BC A 8.23369 34.6898 -12.6146 -7.57691 -12.6286 -23.0535 -0.908197 38.7176 -23.3102 4.37158 8.06153 3.18025 0 0 0 0.512162 2.50831 0.0196876 0 0 0 0 0 2.384 303 50 0 0 0
./complex_md-fit_352.pdb BC A 7.09776 31.8069 -16.6263 -7.78944 -12.9117 -22.4897 -0.997202 36.4988 -22.8145 3.85386 5.98532 3.41501 0 0 0 0.600613 3.46626 0.0172938 0 0 0 0 0.00519976 2.384 303 50 0 0 0
./complex_md-fit_353.pdb BC A 8.78401 36.8131 -15.422 -8.28586 -12.1816 -22.8202 -0.922464 38.4193 -23.0035 1.86304 8.16806 3.00668 0 0 0 0.311905 3.11777 0.0226421 0 0 0 0 0 2.384 303 50 0 0 0
./complex_md-fit_354.pdb BC A 11.1783 33.8571 -11.9828 -8.59937 -13.3683 -20.6685 -1.01893 36.8951 -20.1629 2.66544 8.61798 3.25931 0 0 0 0.397399 2.0209 -5.55112e-17 0 0 0 0 0 2.384 303 47 0 0 0
./complex_md-fit_355.pdb BC A 10.2548 38.0402 -13.6024 -8.16897 -11.9809 -22.0252 -0.992678 38.2038 -22.1101 1.9157 8.08594 2.99405 0 0 0 0.450985 2.4519 0.0196718 0 0 0 0 0.00531061 2.384 303 48 0 0 0
./complex_md-fit_356.pdb BC A 7.78952 34.4522 0.123213 -6.15896 -10.9925 -22.3792 -0.865939 39.8002 -22.3941 10.9368 8.13773 3.34468 0 0 0 0.694466 2.54085 0 0 0 0 0 0 2.384 303 46 4 4 0
./complex_md-fit_357.pdb BC A 8.21494 40.2431 -16.4732 -7.64235 -14.5252 -21.7095 -0.937749 37.1397 -21.9714 2.05455 7.54733 2.60398 0 0 0 0.967413 3.53722 0 0 0 0 0 0 2.384 303 46 0 0 0
./complex_md-fit_358.pdb BC A 7.89357 21.9919 -13.1593 -7.02383 -12.367 -21.1174 -0.811 34.9951 -21.5295 4.94674 6.90626 2.48062 0 0 0 0.360685 3.28902 0 0 0 0 0 0 2.384 303 47 0 0 0
./complex_md-fit_359.pdb BC A 6.75883 35.0886 -9.92015 -7.48108 -13.125 -20.5626 -0.868167 35.7812 -19.987 6.83345 7.35596 2.02342 0 0 0 0.109666 1.93061 0 0 0 0 0 0 2.384 303 46 3 3 0
./complex_md-fit_35.pdb BC A 7.27511 35.7334 -14.6653 -7.4698 -16.5831 -22.8864 -1.3826 41.3838 -22.7831 3.06749 9.13799 2.39433 0 0 0 0.456107 1.88819 -1.11022e-16 0 0 0 0 0 2.384 303 51 1 1 0
./complex_md-fit_360.pdb BC A 8.98201 32.37 -16.4557 -8.1237 -13.266 -21.9205 -0.950772 36.6791 -22.2105 2.39657 8.00382 2.49939 0 0 0 0.436917 2.20934 0 0 0 0 0 0 2.384 303 49 0 0 0
./complex_md-fit_361.pdb BC A 6.95182 31.3304 -16.9808 -9.63912 -12.4994 -21.1689 -0.968901 35.1422 -21.2976 1.87034 9.10694 2.18884 0 0 0 0.284719 2.55236 5.55112e-17 0 0 0 0 0 2.384 303 48 0 0 0
./complex_md-fit_362.pdb BC A 8.85761 35.0092 -15.8493 -9.85318 -14.6675 -21.1709 -1.00189 36.3645 -20.9065 3.37734 8.76579 3.01292 0 0 0 0.207275 1.81445 0.0227753 0 0 0 0 0 2.384 303 47 0 0 0
./complex_md-fit_363.pdb BC A 8.55528 38.4656 -13.5518 -7.69684 -13.7988 -23.0071 -1.05625 38.9967 -23.4894 3.46006 8.78978 3.27924 0 0 0 0.948794 2.71023 0 0 0 0 0 0.0219395 2.384 303 48 0 0 0
./complex_md-fit_364.pdb BC A 7.37509 27.1866 -12.0186 -7.77927 -11.821 -22.3868 -1.08091 36.4279 -22.746 4.6587 7.97828 4.34616 0 0 0 0.378654 2.11893 -1.11022e-16 0 0 0 0 0.00568928 2.384 303 48 0 0 0
./complex_md-fit_365.pdb BC A 7.65949 34.6779 -19.1758 -8.88478 -15.8471 -21.9572 -1.04655 35.6273 -22.1624 3.17268 8.64644 2.97283 0 0 0 0.273662 2.24137 0.0229785 0 0 0 0 0.00633924 2.384 303 48 0 0 0
./complex_md-fit_366.pdb BC A 8.65129 38.3941 -13.7556 -7.53432 -12.2665 -22.3357 -0.987269 36.9311 -22.7441 5.59274 6.6642 2.45739 0 0 0 0.440724 2.08016 0.0262055 0 0 0 0 0 2.384 303 52 0 0 0
./complex_md-fit_367.pdb BC A 8.62467 35.7361 -15.0832 -8.16257 -15.8376 -23.6016 -1.06509 39.0755 -24.2074 6.33052 8.67833 3.17187 0 0 0 0.491901 2.55182 0.042972 0 0 0 0 0 2.384 303 54 1 1 0
./complex_md-fit_368.pdb BC A 7.92894 36.1991 -15.1568 -7.9274 -15.1821 -20.3079 -0.877192 34.9781 -20.0641 2.34211 8.38808 2.99745 0 0 0 0.477134 2.05903 0.0189841 0 0 0 0 0 2.384 303 45 0 0 0
./complex_md-fit_369.pdb BC A 7.57995 42.7376 -13.6436 -6.71258 -13.2837 -20.417 -0.998401 34.3264 -20.0671 3.4797 6.9639 2.80063 0 0 0 0.258094 2.7316 0 0 0 0 0 0.00640123 2.384 303 45 2 2 0
./complex_md-fit_36.pdb BC A 7.56085 35.6943 -10.0985 -5.85862 -15.6571 -22.4392 -1.15457 39.9589 -22.2424 5.23187 8.66008 2.84027 0 0 0 0.562138 3.11763 0 0 0 0 0 0 2.384 303 50 1 1 0
./complex_md-fit_370.pdb BC A 8.5383 34.8716 -9.21225 -8.28298 -12.6855 -20.7477 -0.94333 36.2523 -20.3245 6.34687 7.62062 3.15924 0 0 0 0.392748 2.23929 0 0 0 0 0 0 2.384 303 49 2 2 0
./complex_md-fit_371.pdb BC A 11.0792 36.3654 -11.1784 -6.20538 -15.7633 -20.2686 -1.01115 36.0327 -19.4114 4.96241 7.71769 2.62516 0 0 0 0.143496 2.26113 5.55112e-17 0 0 0 0 0 2.384 303 46 0 0 0
./complex_md-fit_372.pdb BC A 8.48087 31.4868 -13.5543 -6.15379 -13.275 -21.7614 -0.897809 37.5738 -21.6416 3.73828 6.73947 1.9911 0 0 0 0.0874154 1.89588 0.0452979 0 0 0 0 0 2.384 303 48 0 0 0
./complex_md-fit_373.pdb BC A 6.45925 36.9234 -14.8316 -8.25472 -13.3153 -22.0146 -0.968647 37.6672 -22.2675 3.72204 7.50487 2.56113 0 0 0 0.512128 2.14406 0.0217003 0 0 0 0 0 2.384 303 49 0 0 0
./complex_md-fit_374.pdb BC A 7.5708 38.4178 -11.9204 -7.60617 -13.0042 -21.7915 -1.16725 37.9112 -21.5987 5.68109 6.99344 2.335 0 0 0 0.307076 2.27764 0.0196198 0 0 0 0 0 2.384 303 52 1 1 0
./complex_md-fit_375.pdb BC A 6.55716 38.1003 -14.9227 -7.44587 -14.4832 -21.9384 -1.01352 36.9729 -22.2927 4.89342 7.32535 2.33167 0 0 0 0.707482 2.48789 0.0201549 0 0 0 0 0 2.384 303 48 0 0 0
./complex_md-fit_376.pdb BC A 8.23801 37.3619 -19.4824 -9.10463 -16.3158 -23.3801 -1.18926 40.1363 -23.6624 2.79233 8.06548 3.00639 0 0 0 0.144306 2.40857 0.0249039 0 0 0 0 0 2.384 303 51 0 0 0
./complex_md-fit_377.pdb BC A 7.42643 36.9912 -10.0075 -8.75742 -11.0716 -21.8864 -1.13057 38.2 -22.1117 6.36239 8.01786 2.15355 0 0 0 0.166625 2.48869 0.0437446 0 0 0 0 0.00601125 2.384 303 47 0 0 0
./complex_md-fit_378.pdb BC A 9.9206 38.5111 -14.4681 -8.61075 -15.675 -23.9253 -1.28801 41.3943 -23.8104 4.87459 8.50186 3.84488 0 0 0 0.191306 2.2227 0 0 0 0 0 0.0344715 2.384 303 52 0 0 0
./complex_md-fit_379.pdb BC A 5.83706 34.0275 -11.8312 -9.72426 -14.2847 -23.1173 -1.09923 40.8582 -23.2704 5.12398 10.4835 2.80709 0 0 0 0.3484 2.13875 0.043519 0 0 0 0 0 2.384 303 48 2 2 0
./complex_md-fit_37.pdb BC A 8.06302 30.3637 -9.40308 -4.38155 -12.526 -22.9905 -1.10767 39.562 -23.0872 3.75713 7.70205 2.75218 0 0 0 0.916458 3.02925 0 0 0 0 0 0 2.384 303 46 0 0 0
./complex_md-fit_380.pdb BC A 6.86763 35.7952 -13.6847 -7.27955 -13.3466 -20.8635 -1.03788 34.8922 -20.7916 5.74338 6.52988 1.98493 0 0 0 0.441059 3.01474 0.0428897 0 0 0 0 0 2.384 303 46 1 1 0
./complex_md-fit_381.pdb BC A 9.93046 39.46 -7.13557 -6.47056 -12.4154 -22.2539 -1.06528 40.1934 -22.0159 6.48841 6.62218 3.38472 0 0 0 0.383122 2.00558 5.55112e-17 0 0 0 0 0.0136993 2.384 303 49 2 2 0
./complex_md-fit_382.pdb BC A 7.93054 37.9837 -13.9437 -7.52074 -13.5129 -21.5992 -1.18131 37.1545 -21.0378 3.68222 8.0605 1.36114 0 0 0 0.648123 2.51354 -0.0135927 0 0 0 0 0.0152743 2.384 303 48 0 0 0
./complex_md-fit_383.pdb BC A 6.31737 41.0972 -9.49855 -6.00709 -11.8437 -22.6616 -1.06745 41.6406 -21.5333 3.11172 5.42509 3.1165 0 0 0 0.29572 2.3288 0.0249705 0 0 0 0 0 2.384 303 51 0 0 0
./complex_md-fit_384.pdb BC A 6.51489 36.1117 -8.36517 -6.3764 -12.7486 -21.6245 -1.17456 38.6018 -21.0819 5.27638 7.25706 3.15205 0 0 0 0.328401 1.81038 0.0250604 0 0 0 0 0 2.384 303 48 2 2 0
./complex_md-fit_385.pdb BC A 8.04857 35.9566 -4.42729 -4.54734 -11.6111 -21.8177 -1.15125 39.4234 -21.2386 7.47597 5.8698 2.99408 0 0 0 0.175428 2.4339 0 0 0 0 0 0 2.384 303 48 0 0 0
./complex_md-fit_386.pdb BC A 11.1332 40.114 -7.10511 -6.3164 -12.5921 -22.2729 -1.26767 38.9441 -21.9182 8.6292 6.7809 2.53843 0 0 0 0.369468 4.02766 0 0 0 0 0 0 2.384 303 51 2 2 0
./complex_md-fit_387.pdb BC A 8.27169 35.7657 -18.0613 -9.34032 -16.1901 -23.1546 -1.13609 39.3459 -22.8744 2.43829 9.01902 2.92572 0 0 0 0.875869 2.27517 0.0208832 0 0 0 0 0.00859081 2.384 303 47 0 0 0
./complex_md-fit_388.pdb BC A 7.1094 41.4239 -12.2187 -8.68564 -13.5233 -22.956 -1.10199 40.4811 -22.5013 4.87794 7.97373 2.96125 0 0 0 0.170087 4.03924 0.030488 0 0 0 0 0.0548534 2.384 303 51 1 1 0
./complex_md-fit_389.pdb BC A 8.63224 31.6991 -8.56831 -4.21974 -10.7133 -21.8628 -1.05957 37.7607 -21.6276 5.00847 5.78345 1.93966 0 0 0 0.401334 1.8587 0.0206695 0 0 0 0 0.000395132 2.384 303 49 0 0 0
./complex_md-fit_38.pdb BC A 8.62849 31.3062 -6.81104 -4.27231 -14.0568 -22.5745 -1.18704 40.5531 -22.0934 5.87432 8.67012 2.10773 0 0 0 0.14971 2.93433 0 0 0 0 0 0.0179581 2.384 303 49 0 0 0
./complex_md-fit_390.pdb BC A 7.95687 42.6028 -20.2975 -8.58733 -16.6625 -21.96 -1.04921 36.9269 -21.7138 2.68805 7.44789 1.80686 0 0 0 0.785349 2.95875 0.0201846 0 0 0 0 0 2.384 303 49 0 0 0
./complex_md-fit_391.pdb BC A 7.62594 29.9817 -18.7662 -8.4834 -17.2161 -20.545 -1.13829 35.7132 -20.3808 0.677488 9.02316 3.20238 0 0 0 0.351368 3.30003 0.0296967 0 0 0 0 0 2.384 303 47 0 0 0
./complex_md-fit_392.pdb BC A 7.33465 36.6161 -15.4197 -9.17905 -15.1287 -22.5964 -1.10366 39.6888 -22.7224 4.75523 8.95118 1.69151 0 0 0 0.223823 3.49249 0 0 0 0 0 0 2.384 303 45 2 2 0
./complex_md-fit_393.pdb BC A 8.11035 38.8908 -11.072 -6.00789 -13.231 -21.2457 -1.16046 37.0168 -21.4952 4.7236 7.98218 1.85724 0 0 0 0.488486 2.96466 0 0 0 0 0 0 2.384 303 48 0 0 0
./complex_md-fit_394.pdb BC A 7.88584 41.3415 -10.4193 -7.76808 -14.3703 -22.7259 -1.3115 39.9976 -22.9195 6.73401 9.40166 2.11333 0 0 0 0.398376 2.86228 0.0310012 0 0 0 0 0 2.384 303 49 2 2 0
./complex_md-fit_395.pdb BC A 6.74228 34.718 -11.3493 -7.96229 -12.572 -23.021 -0.961109 40.364 -22.9397 6.45221 6.74221 1.86328 0 0 0 0.658825 1.98228 0.0264005 0 0 0 0 0 2.384 303 49 2 2 0
./complex_md-fit_396.pdb BC A 7.30206 39.0717 -15.9825 -9.16689 -14.9323 -21.2056 -1.14053 37.3912 -21.083 4.52583 6.82386 1.88615 0 0 0 0.901141 2.27195 0 0 0 0 0 0.017659 2.384 303 48 0 0 0
./complex_md-fit_397.pdb BC A 7.50399 43.9707 -16.6163 -8.69697 -12.6818 -21.9317 -1.04448 37.3422 -22.2208 2.55345 8.19575 1.6263 0 0 0 0.222703 2.46984 0.0191006 0 0 0 0 0 2.384 303 48 0 0 0
./complex_md-fit_398.pdb BC A 7.52079 36.3525 -17.1563 -8.23884 -13.5784 -21.7754 -1.17962 36.7324 -22.1101 2.47907 6.91729 3.12524 0 0 0 0.463428 3.66147 0 0 0 0 0 0.00857529 2.384 303 50 0 0 0
./complex_md-fit_399.pdb BC A 9.1821 34.0122 -19.677 -9.18188 -16.6303 -21.3022 -1.09436 36.5903 -21.5694 3.47239 8.67796 1.18753 0 0 0 0.141715 2.51381 0.0246833 0 0 0 0 0.0065154 2.384 303 52 2 2 0
./complex_md-fit_39.pdb BC A 8.06583 34.2269 -7.28479 -4.93179 -11.1784 -21.353 -0.993907 36.6677 -21.2334 6.17102 6.10083 3.14578 0 0 0 0.291778 1.9712 0.0286357 0 0 0 0 0 2.384 303 49 2 2 0
./complex_md-fit_3.pdb BC A 6.52143 35.0769 -13.5919 -8.59413 -9.38088 -22.3155 -0.960398 37.6476 -22.6883 5.02743 5.92165 1.31813 0 0 0 0.426707 3.423 -0.0197912 0 0 0 0 0.0255046 2.384 303 51 2 2 0
./complex_md-fit_400.pdb BC A 9.6867 34.6382 -17.5408 -8.55908 -15.6783 -20.6232 -1.2443 35.8723 -20.1347 3.69745 6.75111 2.02243 0 0 0 0.355562 2.66431 0 0 0 0 0 0 2.384 303 47 2 2 0
./complex_md-fit_401.pdb BC A 10.254 35.8304 -11.5693 -7.37021 -12.4563 -21.1278 -1.05558 36.1495 -20.9948 5.84654 6.60588 2.46244 0 0 0 0.349006 2.3152 0.0220651 0 0 0 0 0 2.384 303 46 1 1 0
./complex_md-fit_402.pdb BC A 9.62669 38.0407 -14.957 -9.14152 -12.8578 -22.8822 -1.14349 39.1575 -22.9849 4.44274 7.53036 2.42119 0 0 0 0.476019 2.54502 0.0250524 0 0 0 0 0 2.384 303 50 1 1 0
./complex_md-fit_403.pdb BC A 8.85879 36.9648 -15.7872 -9.51477 -16.5913 -21.6979 -1.22396 37.8219 -21.8389 3.15966 10.5966 2.98568 0 0 0 0.502062 2.31691 0.0137127 0 0 0 0 0 2.384 303 47 0 0 0
./complex_md-fit_404.pdb BC A 7.41249 37.148 -18.7789 -8.66488 -14.7129 -23.1502 -1.06511 38.5333 -23.4947 2.55506 8.39105 2.45229 0 0 0 0.345803 2.68433 0.0244133 0 0 0 0 0.00696907 2.384 303 50 0 0 0
./complex_md-fit_405.pdb BC A 6.71868 36.5809 -13.2262 -8.28942 -12.8213 -23.3394 -1.19234 39.2907 -23.7062 6.99273 6.14138 3.22274 0 0 0 0.447555 2.44149 0.0273601 0 0 0 0 0 2.384 303 48 1 1 0
./complex_md-fit_406.pdb BC A 7.84504 38.7991 -9.45722 -7.97547 -12.2418 -22.8077 -1.24673 39.0944 -22.92 7.36516 8.29362 2.37617 0 0 0 0.603753 2.21571 0.0013175 0 0 0 0 0 2.384 303 48 3 3 0
./complex_md-fit_407.pdb BC A 9.10485 43.0016 -13.298 -6.36795 -12.2003 -22.4414 -1.16009 37.3378 -23.1551 5.48366 6.31549 2.62617 0 0 0 0.263633 2.04668 0 0 0 0 0 0 2.384 303 51 2 2 0
./complex_md-fit_408.pdb BC A 8.8765 31.1361 -13.7898 -5.70963 -13.2659 -21.7302 -1.22774 37.0416 -21.9294 4.5413 6.37865 1.90649 0 0 0 0.187098 3.20966 0.0178728 0 0 0 0 0 2.384 303 49 0 0 0
./complex_md-fit_409.pdb BC A 9.867 39.3003 -10.9615 -5.94566 -11.7877 -22.4065 -1.0154 36.9371 -22.5591 5.66657 7.48882 2.29427 0 0 0 0.344952 2.13267 0.0211299 0 0 0 0 0 2.384 303 47 1 1 0
./complex_md-fit_40.pdb BC A 7.04644 33.776 -9.13382 -5.95497 -13.0887 -22.6713 -1.17168 41.3903 -22.7788 3.81405 9.06838 1.98487 0 0 0 0.234531 3.50823 0.0241272 0 0 0 0 0.0153676 2.384 303 47 0 0 0
./complex_md-fit_410.pdb BC A 7.34315 29.1345 -9.40657 -6.84074 -14.3611 -22.1237 -1.13699 39.1672 -21.8756 6.68166 7.94824 2.83926 0 0 0 0.288181 2.23623 -0.0109625 0 0 0 0 0.0180564 2.384 303 48 0 0 0
./complex_md-fit_411.pdb BC A 7.73139 31.73 -10.7527 -6.13699 -10.4387 -21.9467 -0.942698 36.5721 -22.0768 6.04488 5.98599 2.06747 0 0 0 0.098307 2.35034 0.0204032 0 0 0 0 0 2.384 303 49 2 2 0
./complex_md-fit_412.pdb BC A 8.28454 33.1596 -17.8914 -8.33984 -15.2626 -24.7087 -1.23821 42.3371 -24.9245 2.50659 8.82445 2.74401 0 0 0 0.158709 2.77058 0.0115132 0 0 0 0 0 2.384 303 50 0 0 0
./complex_md-fit_413.pdb BC A 9.0153 38.0707 -4.25523 -4.32954 -9.52078 -23.1398 -0.97181 41.803 -23.2741 4.13944 7.86908 2.99351 0 0 0 0.232278 3.36487 -0.0565285 0 0 0 0 0 2.384 303 51 0 0 0
./complex_md-fit_414.pdb BC A 7.81315 37.7175 -16.4436 -6.95601 -13.7398 -23.958 -1.15483 40.8677 -24.2066 3.10026 7.23944 1.87236 0 0 0 0.49544 3.72638 -0.0106278 0 0 0 0 0.00706004 2.384 303 51 0 0 0
./complex_md-fit_415.pdb BC A 7.43349 30.1078 -8.11758 -4.89859 -9.19109 -23.9373 -1.03436 42.2711 -24.2264 3.92492 6.58994 2.10992 0 0 0 0.23535 3.14283 0.0134443 0 0 0 0 0.0254936 2.384 303 53 0 0 0
./complex_md-fit_416.pdb BC A 9.49816 30.2006 -7.40713 -5.29303 -12.4639 -24.7971 -1.11111 44.3227 -24.3459 5.31449 7.39141 3.16524 0 0 0 0.416807 2.58453 -0.00685554 0 0 0 0 0 2.384 303 53 0 0 0
./complex_md-fit_417.pdb BC A 9.41593 33.0577 -8.16741 -6.41862 -14.5054 -23.6872 -1.31843 42.0304 -23.4355 6.56229 9.25741 2.88464 0 0 0 0.454202 2.52378 0 0 0 0 0 0.00869794 2.384 303 50 2 2 0
./complex_md-fit_418.pdb BC A 8.93857 43.9595 -14.2199 -6.5877 -15.8591 -23.9293 -1.34477 42.0953 -23.4878 4.17852 8.55499 1.48584 0 0 0 0.67406 2.85348 0 0 0 0 0 0 2.384 303 48 1 1 0
./complex_md-fit_419.pdb BC A 11.7776 42.64 -6.90242 -7.08198 -11.9837 -24.7949 -1.24741 44.9375 -25.0355 6.46598 9.94063 1.55787 0 0 0 0.339116 2.09073 0 0 0 0 0 0 2.384 303 51 1 1 0
./complex_md-fit_41.pdb BC A 7.9283 31.575 -8.70596 -7.13874 -15.8149 -23.638 -1.15374 43.2398 -23.0641 6.50336 9.35728 2.22761 0 0 0 0.722105 2.23617 0.0448371 0 0 0 0 0.00854763 2.384 303 52 2 2 0
./complex_md-fit_420.pdb BC A 8.96994 44.6202 -13.4261 -7.70589 -17.2497 -25.0488 -1.3328 44.7285 -24.3795 4.96892 10.4893 1.48613 0 0 0 0.617723 4.02415 0 0 0 0 0 0 2.384 303 50 1 1 0
./complex_md-fit_421.pdb BC A 7.58431 29.9856 -8.20947 -5.29237 -12.4422 -23.9872 -1.11616 43.237 -24.0902 5.26209 8.00533 1.72178 0 0 0 0.472087 2.77551 0.0203799 0 0 0 0 0 2.384 303 52 0 0 0
./complex_md-fit_422.pdb BC A 8.83605 29.8746 -10.7905 -7.44013 -13.8731 -24.7693 -1.23363 43.2752 -24.963 6.9341 9.22784 1.85897 0 0 0 0.173748 2.47024 0.0187153 0 0 0 0 0 2.384 303 50 1 1 0
./complex_md-fit_423.pdb BC A 6.8736 36.6605 -11.8347 -7.68914 -14.3602 -25.3802 -0.993218 44.466 -25.406 5.57209 8.79959 2.80195 0 0 0 0.354329 2.80791 -5.55112e-17 0 0 0 0 0 2.384 303 51 2 2 0
./complex_md-fit_424.pdb BC A 9.99226 34.9327 -9.74353 -5.65448 -10.7814 -23.5078 -0.907191 42.5455 -23.297 2.14025 6.5293 2.21594 0 0 0 0.973345 2.2951 -1.11022e-16 0 0 0 0 0 2.384 303 50 0 0 0
./complex_md-fit_425.pdb BC A 7.7471 31.3224 -8.51762 -6.55179 -13.2118 -25.1673 -1.00452 44.9603 -25.2723 5.04443 8.99389 3.30141 0 0 0 0.376822 2.97158 0.0132327 0 0 0 0 0 2.384 303 54 0 0 0
./complex_md-fit_426.pdb BC A 6.71558 30.6652 -8.10568 -5.7308 -13.8758 -23.5738 -1.08016 43.7808 -23.0914 3.09287 9.65527 2.48958 0 0 0 0.227724 2.01208 0 0 0 0 0 0 2.384 303 47 1 1 0
./complex_md-fit_427.pdb BC A 6.53909 33.6725 -9.10147 -7.60197 -14.3916 -23.9438 -1.10691 43.9753 -23.41 5.36569 8.99351 2.54964 0 0 0 0.463939 2.29829 0 0 0 0 0 0.00463268 2.384 303 49 0 0 0
./complex_md-fit_428.pdb BC A 5.97878 35.1109 -15.3269 -6.94574 -16.7609 -23.4532 -1.28432 41.0105 -23.4562 3.90611 8.65723 2.77895 0 0 0 0.173647 2.51023 0.047079 0 0 0 0 0 2.384 303 51 1 1 0
./complex_md-fit_429.pdb BC A 8.36648 34.6067 -9.16888 -5.82625 -13.6194 -23.4155 -1.04152 42.4995 -23.1208 4.89094 8.54921 1.51801 0 0 0 0.396846 2.32623 0 0 0 0 0 0 2.384 303 49 0 0 0
./complex_md-fit_42.pdb BC A 7.24434 30.7312 -5.98876 -6.02291 -11.5792 -22.8125 -1.13565 40.8954 -22.2057 6.58765 7.44089 2.62085 0 0 0 0.196475 3.28716 0 0 0 0 0 0.0259487 2.384 303 49 2 2 0
./complex_md-fit_430.pdb BC A 8.08559 40.7395 -9.98182 -5.52913 -14.4005 -23.0663 -1.24379 43.4282 -22.4428 2.38911 7.71755 1.98745 0 0 0 1.1783 2.00015 0 0 0 0 0 0 2.384 303 49 0 0 0
./complex_md-fit_431.pdb BC A 6.82743 35.1721 -7.19428 -5.57098 -13.6797 -24.3317 -1.15058 45.4606 -23.9409 4.08811 9.02036 2.7013 0 0 0 0.213451 2.21573 -0.0122166 0 0 0 0 0.00805349 2.384 303 52 0 0 0
./complex_md-fit_432.pdb BC A 7.4169 31.5091 -9.12036 -5.92794 -14.5156 -25.2811 -1.25615 45.1583 -25.153 6.04147 8.64927 2.89411 0 0 0 0.247513 2.64483 0.0227551 0 0 0 0 0 2.384 303 52 0 0 0
./complex_md-fit_433.pdb BC A 8.68276 30.8789 -14.731 -6.9197 -15.7752 -23.6295 -1.27555 41.6279 -23.4819 4.32994 7.95549 2.25138 0 0 0 0.186207 2.54439 0 0 0 0 0 0 2.384 303 48 0 0 0
./complex_md-fit_434.pdb BC A 7.417 33.6875 -11.4018 -6.45904 -15.46 -24.0438 -1.15537 42.5719 -24.0962 4.24824 9.64298 3.2274 0 0 0 0.164312 2.47027 -0.0421831 0 0 0 0 0 2.384 303 49 1 1 0
./complex_md-fit_435.pdb BC A 8.41446 35.3927 -8.00303 -5.8768 -11.5883 -23.7487 -0.995004 42.8299 -23.5928 3.83773 8.33176 2.44384 0 0 0 0.36843 3.23555 -0.0131549 0 0 0 0 0 2.384 303 49 0 0 0
./complex_md-fit_436.pdb BC A 7.14939 31.069 -12.5519 -7.58104 -11.1256 -24.2621 -1.04592 42.1593 -24.7758 2.94377 7.10612 3.20247 0 0 0 0.843627 2.54843 -0.0168871 0 0 0 0 0 2.384 303 51 0 0 0
./complex_md-fit_437.pdb BC A 8.06536 34.8003 -7.25532 -4.3454 -12.1754 -20.742 -0.976443 37.3604 -20.5775 5.20719 7.44175 1.43981 0 0 0 0.122019 1.89087 -0.00983354 0 0 0 0 0 2.384 303 46 1 1 0
./complex_md-fit_438.pdb BC A 6.71745 37.8211 -11.7512 -6.48799 -15.7065 -23.5362 -1.06709 42.3603 -23.298 2.76652 8.69293 4.22291 0 0 0 0.330564 4.00768 -0.0287611 0 0 0 0 0 2.384 303 53 0 0 0
./complex_md-fit_439.pdb BC A 9.04328 29.0408 -7.85336 -4.12585 -13.1495 -23.3045 -1.09709 40.8183 -22.9272 5.13387 8.34874 2.15683 0 0 0 0.292956 2.06744 0 0 0 0 0 0 2.384 303 46 0 0 0
./complex_md-fit_43.pdb BC A 7.14387 30.874 -9.85759 -6.40522 -11.0446 -21.9285 -1.1286 38.019 -21.6147 4.86346 6.79154 2.28482 0 0 0 0.299745 2.78922 0 0 0 0 0 0.00552917 2.384 303 48 1 1 0
./complex_md-fit_440.pdb BC A 8.72217 38.3276 -16.4247 -6.67135 -16.7424 -24.2995 -1.3833 42.7186 -23.8737 3.27476 8.22822 2.15622 0 0 0 0.147002 2.29264 0.0207712 0 0 0 0 0 2.384 303 49 0 0 0
./complex_md-fit_441.pdb BC A 8.58692 36.2313 -8.90481 -5.55626 -9.59585 -23.5828 -1.06925 42.5396 -23.6744 2.72528 6.32869 2.03787 0 0 0 0.926227 2.79968 -0.0114169 0 0 0 0 0.0274997 2.384 303 52 0 0 0
./complex_md-fit_442.pdb BC A 7.66533 36.9279 -12.5141 -4.949 -14.2238 -23.5432 -1.1083 40.7351 -23.4821 4.22556 7.01681 2.32111 0 0 0 0.486526 3.1799 0.00712645 0 0 0 0 0 2.384 303 51 0 0 0
./complex_md-fit_443.pdb BC A 5.94967 36.3297 -10.0638 -5.78323 -13.6236 -24.2807 -0.990575 42.5442 -24.3746 4.68895 9.26138 2.32819 0 0 0 0.166108 2.26459 0 0 0 0 0 0 2.384 303 49 0 0 0
./complex_md-fit_444.pdb BC A 7.16134 43.9034 -10.9518 -5.69601 -12.7343 -23.3001 -1.11069 41.2694 -23.5333 3.82572 7.18029 2.72484 0 0 0 0.399394 2.652 0.00455339 0 0 0 0 0.0183745 2.384 303 49 0 0 0
./complex_md-fit_445.pdb BC A 8.3689 38.3419 -16.256 -8.05169 -15.9217 -24.4914 -0.978081 43.0246 -24.7873 3.59769 9.42855 1.75622 0 0 0 0.181164 2.73872 -0.0141528 0 0 0 0 0 2.384 303 48 0 0 0
./complex_md-fit_446.pdb BC A 7.33389 30.4809 -13.5308 -6.19517 -13.4483 -23.1298 -1.19095 38.9224 -23.0925 3.36732 8.59505 2.11242 0 0 0 0.505211 2.24712 -0.0052796 0 0 0 0 0.0287681 2.384 303 50 1 1 0
./complex_md-fit_447.pdb BC A 8.73882 35.6366 -5.77198 -4.93858 -9.9262 -24.4314 -1.05498 44.6412 -24.5274 4.44329 7.87273 1.78752 0 0 0 0.344018 2.94954 0.0178607 0 0 0 0 0 2.384 303 53 0 0 0
./complex_md-fit_448.pdb BC A 9.27378 34.3384 -12.4856 -5.77082 -12.3316 -21.8547 -0.898822 38.178 -21.6459 2.46781 6.53564 2.52344 0 0 0 0.311358 1.90667 0 0 0 0 0 0 2.384 303 47 0 0 0
./complex_md-fit_449.pdb BC A 8.35962 34.5018 -13.7943 -6.17432 -14.3046 -23.3269 -1.16297 41.2777 -23.2289 3.40943 7.07903 2.15557 0 0 0 0.473534 3.27698 5.55112e-17 0 0 0 0 0.00820546 2.384 303 50 0 0 0
./complex_md-fit_44.pdb BC A 7.15164 27.3303 -15.2364 -7.8697 -15.2866 -23.2961 -1.18323 40.6584 -22.8986 4.3705 8.58096 1.41091 0 0 0 0.276068 3.09153 0.00104024 0 0 0 0 0 2.384 303 51 0 0 0
./complex_md-fit_450.pdb BC A 10.345 40.8226 -13.3689 -6.36078 -14.0293 -23.7825 -1.02446 41.7883 -24.0321 3.19933 8.12092 2.36201 0 0 0 0.371727 3.76266 0.0116913 0 0 0 0 0.0062093 2.384 303 51 0 0 0
./complex_md-fit_451.pdb BC A 7.55506 41.2135 -13.0741 -5.66738 -14.1084 -23.0842 -1.19858 40.7293 -23.3427 3.16189 7.33455 2.48446 0 0 0 0.626786 2.38806 -0.0181373 0 0 0 0 0.00835784 2.384 303 49 0 0 0
./complex_md-fit_452.pdb BC A 7.53745 34.3701 -14.7425 -6.78518 -14.2792 -23.0828 -1.20443 40.7158 -23.0779 2.38332 6.93437 3.21946 0 0 0 0.42728 2.29942 0 0 0 0 0 0.0067985 2.384 303 50 0 0 0
./complex_md-fit_453.pdb BC A 7.6766 32.236 -12.2582 -6.80435 -12.5137 -23.0626 -1.04894 40.911 -23.0227 3.5651 7.46825 1.83055 0 0 0 0.416112 2.05105 0 0 0 0 0 0.00309952 2.384 303 49 0 0 0
./complex_md-fit_454.pdb BC A 6.51552 39.1696 -10.1388 -5.52129 -14.7991 -24.0415 -1.12027 41.6476 -24.065 6.18694 8.90659 2.20862 0 0 0 0.471393 2.38792 -0.0127985 0 0 0 0 0 2.384 303 46 2 2 0
./complex_md-fit_455.pdb BC A 6.93268 41.2172 -13.4979 -7.79235 -14.2422 -23.9871 -1.31041 43.047 -23.5354 1.5629 8.39376 3.80933 0 0 0 0.556559 2.25878 0 0 0 0 0 0 2.384 303 51 0 0 0
./complex_md-fit_456.pdb BC A 8.33766 42.6146 -12.9229 -6.94116 -16.2748 -23.9258 -1.38524 42.1747 -23.6182 5.61855 9.08362 1.48844 0 0 0 0.836801 3.37034 0.0201916 0 0 0 0 0 2.384 303 50 2 2 0
./complex_md-fit_457.pdb BC A 9.1332 30.8496 -9.89569 -5.56292 -14.4965 -22.3128 -1.29764 40.7343 -21.9728 4.38941 7.32039 3.07236 0 0 0 0.2305 2.3591 0 0 0 0 0 0 2.384 303 46 0 0 0
./complex_md-fit_458.pdb BC A 7.81798 35.5955 -14.9037 -6.78815 -15.4863 -23.9548 -1.03223 41.7518 -23.8897 2.39552 9.83861 2.05254 0 0 0 0.185131 2.20721 0.0238873 0 0 0 0 0 2.384 303 52 0 0 0
./complex_md-fit_459.pdb BC A 7.64277 40.2165 -8.36134 -5.36159 -15.5364 -25.0675 -1.34339 45.6222 -25.0285 7.78229 8.19554 2.11181 0 0 0 0.245947 3.8399 0 0 0 0 0 0.0182058 2.384 303 54 0 0 0
./complex_md-fit_45.pdb BC A 7.33217 33.1477 -7.12939 -6.89899 -13.8794 -23.2506 -1.22553 41.8453 -22.6928 7.00783 9.20724 2.30439 0 0 0 0.444121 2.27131 5.55112e-17 0 0 0 0 0.0089989 2.384 303 50 3 3 0
./complex_md-fit_460.pdb BC A 7.11228 30.5466 -15.3994 -7.54206 -14.2684 -23.9675 -1.01534 40.6722 -24.0951 3.12777 8.6841 2.51397 0 0 0 0.513275 2.22472 -0.0223291 0 0 0 0 0 2.384 303 53 0 0 0
./complex_md-fit_461.pdb BC A 8.31988 28.9947 -12.5422 -5.97043 -14.2918 -25.4735 -1.43833 44.8359 -25.4027 3.73375 8.87455 2.12767 0 0 0 0.453884 2.6556 0 0 0 0 0 0.00873426 2.384 303 52 0 0 0
./complex_md-fit_462.pdb BC A 8.24649 33.1597 -13.2523 -6.6653 -16.9706 -23.5014 -1.33405 42.0867 -23.5375 3.77651 9.5132 2.75007 0 0 0 0.604148 2.57193 0.0258395 0 0 0 0 0 2.384 303 51 0 0 0
./complex_md-fit_463.pdb BC A 9.96845 35.5446 -12.0659 -5.62428 -14.8272 -24.3453 -1.07335 42.0847 -24.1722 4.56274 8.73077 2.36399 0 0 0 0.257135 2.3479 -0.0230355 0 0 0 0 0 2.384 303 49 0 0 0
./complex_md-fit_464.pdb BC A 9.80446 36.6758 -9.96603 -4.29725 -13.3603 -21.7578 -1.0518 38.8826 -21.7008 3.33387 7.03936 2.61134 0 0 0 0.33467 2.98149 0 0 0 0 0 0 2.384 303 49 0 0 0
./complex_md-fit_465.pdb BC A 7.29958 30.9573 -7.05502 -6.14154 -10.8334 -23.1898 -1.17227 41.1314 -23.0587 5.79107 7.99233 1.71993 0 0 0 0.705922 2.8004 0 0 0 0 0 0 2.384 303 47 1 1 0
./complex_md-fit_466.pdb BC A 9.78084 41.414 -6.25954 -5.39367 -12.7239 -23.2552 -1.05467 41.5164 -23.1277 7.05933 9.18566 1.34238 0 0 0 0.180404 2.48248 0.0113827 0 0 0 0 0 2.384 303 48 0 0 0
./complex_md-fit_467.pdb BC A 6.23814 39.3276 -7.17787 -6.26376 -13.2313 -23.2069 -1.11579 41.8628 -23.2049 5.4758 8.57922 3.5752 0 0 0 0.32029 2.77464 0.0118919 0 0 0 0 0.019518 2.384 303 52 1 1 0
./complex_md-fit_468.pdb BC A 7.86027 30.1658 -8.06202 -7.45343 -15.7967 -23.7998 -1.28942 43.8465 -23.6189 6.92929 9.77708 3.09288 0 0 0 0.26017 2.19231 -0.0096198 0 0 0 0 0 2.384 303 49 1 1 0
./complex_md-fit_469.pdb BC A 7.47875 31.5803 -18.2531 -8.64592 -18.6822 -24.4269 -1.16283 42.099 -24.6525 3.83604 10.2435 2.95569 0 0 0 0.211384 2.6776 -0.0284754 0 0 0 0 0 2.384 303 49 0 0 0
./complex_md-fit_46.pdb BC A 7.50027 35.6713 -6.31284 -6.65797 -14.1406 -22.9832 -1.32154 41.1563 -22.4839 8.67003 9.58794 1.47318 0 0 0 0.356733 2.62216 -5.55112e-17 0 0 0 0 0.0302296 2.384 303 48 2 2 0
./complex_md-fit_470.pdb BC A 7.36262 32.4389 -11.2963 -6.64983 -13.5628 -24.4211 -1.05515 43.312 -24.2459 6.42517 7.29266 1.16787 0 0 0 0.440706 2.48228 0 0 0 0 0 0 2.384 303 52 2 2 0
./complex_md-fit_471.pdb BC A 10.3531 32.1562 -15.7242 -7.87913 -16.4343 -22.429 -1.15093 39.0485 -22.2791 3.77054 9.54932 1.87052 0 0 0 0.213375 1.97008 -0.0039803 0 0 0 0 0 2.384 303 48 0 0 0
./complex_md-fit_472.pdb BC A 9.66191 37.5148 -11.4425 -6.7904 -13.6372 -23.0234 -1.09815 42.4922 -22.7722 3.41182 8.01417 1.48144 0 0 0 0.479238 2.94018 0 0 0 0 0 0 2.384 303 50 0 0 0
./complex_md-fit_473.pdb BC A 6.18777 40.4761 -12.0462 -6.85146 -15.6624 -23.9489 -1.2093 42.5837 -23.6786 5.36485 8.21918 2.8434 0 0 0 0.293278 3.62018 -5.55112e-17 0 0 0 0 0 2.384 303 50 2 2 0
./complex_md-fit_474.pdb BC A 6.03569 26.1044 -12.3364 -6.82958 -15.3591 -22.1872 -1.19013 39.0374 -21.7596 4.60637 9.14147 2.08765 0 0 0 0.116377 3.00732 0 0 0 0 0 0 2.384 303 49 0 0 0
./complex_md-fit_475.pdb BC A 8.34927 37.4676 -11.8972 -5.82646 -10.1898 -22.3129 -0.869048 38.7897 -22.5874 3.522 5.62807 1.56161 0 0 0 0.386929 2.80282 -5.55112e-17 0 0 0 0 0 2.384 303 47 0 0 0
./complex_md-fit_476.pdb BC A 6.41461 34.528 -14.3902 -6.97378 -15.7235 -23.3851 -1.22543 40.8503 -23.4891 2.61893 8.1182 3.86101 0 0 0 0.969845 2.0603 -0.0114849 0 0 0 0 0 2.384 303 51 0 0 0
./complex_md-fit_477.pdb BC A 5.88035 42.9328 -11.6943 -6.29717 -12.8144 -21.9908 -1.15519 40.1983 -21.4368 2.13511 7.08239 2.23452 0 0 0 0.349652 2.13159 -2.77556e-17 0 0 0 0 0 2.384 303 48 0 0 0
./complex_md-fit_478.pdb BC A 6.62561 34.0446 -9.53591 -4.91131 -13.991 -23.7816 -1.10259 42.3544 -23.9985 5.55065 8.34009 1.73004 0 0 0 0.261264 3.69236 0.0126315 0 0 0 0 0 2.384 303 48 2 2 0
./complex_md-fit_479.pdb BC A 8.02565 35.365 -13.5563 -7.03125 -16.3796 -22.2169 -1.04282 40.1037 -21.9413 4.03147 8.39172 2.43615 0 0 0 0.100191 2.32874 -0.0278723 0 0 0 0 0.0203035 2.384 303 46 0 0 0
./complex_md-fit_47.pdb BC A 6.43321 34.0489 -14.4674 -5.94217 -15.314 -22.3754 -0.986567 38.0686 -22.2701 2.55831 9.02031 2.33677 0 0 0 0.436784 3.46684 0 0 0 0 0 0 2.384 303 48 0 0 0
./complex_md-fit_480.pdb BC A 8.64222 34.302 -11.1514 -6.24129 -14.3002 -22.0074 -1.15639 38.9471 -21.931 4.3732 7.93161 2.93932 0 0 0 0.306432 1.89303 -0.012818 0 0 0 0 0 2.384 303 48 2 2 0
./complex_md-fit_481.pdb BC A 6.44837 39.7479 -10.9068 -6.97352 -14.6156 -23.4073 -1.28579 42.2354 -23.3096 4.21186 9.18521 2.62149 0 0 0 0.456663 2.15914 -0.0255996 0 0 0 0 0 2.384 303 51 2 2 0
./complex_md-fit_482.pdb BC A 6.99306 36.8308 -9.87732 -4.28786 -14.7817 -22.5292 -1.13873 39.8426 -22.3506 5.69333 6.72099 2.43331 0 0 0 0.498614 2.80247 0.0219167 0 0 0 0 0 2.384 303 49 1 1 0
./complex_md-fit_483.pdb BC A 9.18507 34.1267 -10.6942 -6.88831 -11.7513 -22.7139 -1.1062 39.8294 -22.643 5.18026 6.2844 2.80401 0 0 0 0.303424 2.20071 0 0 0 0 0 0.00704704 2.384 303 47 1 1 0
./complex_md-fit_484.pdb BC A 8.42768 31.1451 -12.993 -7.97184 -13.4625 -22.1052 -1.09382 39.1265 -21.8877 4.37335 7.70543 2.16008 0 0 0 0.154094 2.33443 0.00188589 0 0 0 0 0.00672597 2.384 303 49 0 0 0
./complex_md-fit_485.pdb BC A 7.64162 31.168 -15.3895 -5.16075 -13.9193 -21.9946 -0.933297 38.145 -22.0902 1.12774 6.14199 2.78947 0 0 0 0.504432 3.54218 0 0 0 0 0 0 2.384 303 48 0 0 0
./complex_md-fit_486.pdb BC A 8.71439 34.1221 -15.4665 -7.85845 -17.6999 -22.761 -1.33476 41.552 -22.5864 4.11979 9.49262 1.18089 0 0 0 0.423082 2.56225 0.00572222 0 0 0 0 0 2.384 303 50 0 0 0
./complex_md-fit_487.pdb BC A 10.8283 36.3293 -18.2446 -8.21278 -18.5408 -23.2231 -1.22268 41.2932 -22.9879 2.4019 9.76198 2.36493 0 0 0 0.120645 3.35112 0 0 0 0 0 0 2.384 303 47 0 0 0
./complex_md-fit_488.pdb BC A 6.58957 38.192 -11.8922 -5.68784 -14.6093 -22.5296 -1.04665 39.5781 -22.952 3.5176 9.08597 2.65745 0 0 0 0.091664 2.48287 -0.0112894 0 0 0 0 0.0137451 2.384 303 46 0 0 0
./complex_md-fit_489.pdb BC A 7.85538 34.4164 -10.6072 -4.1365 -16.4133 -24.1323 -1.15549 43.4788 -24.1424 3.69966 9.48747 1.91496 0 0 0 0.773235 4.15982 0.0188138 0 0 0 0 0 2.384 303 51 0 0 0
./complex_md-fit_48.pdb BC A 6.90335 28.84 -11.6846 -5.63902 -13.4789 -21.5945 -1.22082 37.4351 -21.4042 4.04391 8.31734 1.70281 0 0 0 0.151786 2.21683 0 0 0 0 0 0.00192054 2.384 303 48 0 0 0
./complex_md-fit_490.pdb BC A 7.11774 29.5833 -16.0625 -5.91553 -15.7326 -24.2929 -1.17346 41.9009 -24.387 2.93252 8.21693 2.10754 0 0 0 0.29465 3.31339 -0.013611 0 0 0 0 0 2.384 303 50 0 0 0
./complex_md-fit_491.pdb BC A 8.75311 39.1846 -14.0727 -6.09127 -13.6048 -22.4101 -0.881499 38.5088 -22.3906 1.93895 8.30851 2.28699 0 0 0 0.292235 2.00181 -0.0300217 0 0 0 0 0 2.384 303 47 0 0 0
./complex_md-fit_492.pdb BC A 8.9786 29.6505 -16.2818 -6.49809 -14.6842 -23.7746 -1.05308 40.759 -24.2618 3.6359 6.53843 2.74003 0 0 0 0.331134 2.28542 -0.0144735 0 0 0 0 0 2.384 303 51 0 0 0
./complex_md-fit_493.pdb BC A 7.81021 33.7015 -13.3173 -5.48073 -14.8082 -22.4712 -1.07423 39.8668 -22.4136 3.85229 6.32237 2.45025 0 0 0 0.45059 3.21069 -0.011776 0 0 0 0 0 2.384 303 46 0 0 0
./complex_md-fit_494.pdb BC A 9.72502 36.9635 -10.6003 -6.33451 -9.28647 -22.0975 -0.973792 38.4288 -22.2279 4.02464 5.19252 2.29023 0 0 0 0.348072 2.35451 0.0142494 0 0 0 0 0.0214254 2.384 303 48 0 0 0
./complex_md-fit_495.pdb BC A 7.63537 39.9291 -13.336 -5.61709 -14.5157 -23.5784 -1.27104 42.679 -23.512 2.70663 7.04803 2.25545 0 0 0 0.449551 2.46677 0.0194681 0 0 0 0 0 2.384 303 49 0 0 0
./complex_md-fit_496.pdb BC A 9.55787 46.3393 -9.3751 -5.42931 -16.1966 -24.8311 -1.21489 44.7787 -24.7479 6.03276 9.47552 1.97583 0 0 0 0.781949 3.05242 0 0 0 0 0 0 2.384 303 51 2 2 0
./complex_md-fit_497.pdb BC A 7.002 28.3658 -8.31012 -5.39729 -9.25953 -22.1129 -0.928738 38.3158 -22.0905 5.25028 6.26005 1.2818 0 0 0 0.370966 2.22719 -5.55112e-17 0 0 0 0 1.11022e-16 2.384 303 47 2 2 0
./complex_md-fit_498.pdb BC A 8.71176 31.2901 -12.3456 -6.51192 -12.4812 -22.049 -1.02903 38.3698 -21.7067 4.35325 6.55536 1.9088 0 0 0 0.222296 2.53782 0.0228057 0 0 0 0 0 2.384 303 49 0 0 0
./complex_md-fit_499.pdb BC A 8.28638 37.7827 -12.6147 -5.74755 -11.5769 -22.7416 -1.10742 38.9 -23.1537 3.78985 6.65936 1.95003 0 0 0 0.391049 3.26818 0.0221662 0 0 0 0 0 2.384 303 51 0 0 0
./complex_md-fit_49.pdb BC A 8.41788 37.4633 -11.1628 -6.40962 -13.2195 -22.4948 -1.19894 38.0462 -22.261 5.21326 7.00533 3.5618 0 0 0 0.567625 2.01997 0.0269642 0 0 0 0 0 2.384 303 51 0 0 0
./complex_md-fit_4.pdb BC A 10.6955 38.8023 -11.1354 -7.56637 -8.53256 -22.1155 -0.87911 36.1945 -23.7877 4.52946 6.52548 3.88483 0 0 0 0.611038 2.62901 0.000611078 0 0 0 0 0 2.384 303 46 1 1 0
./complex_md-fit_500.pdb BC A 8.31735 30.644 -9.67769 -7.4768 -12.8691 -23.0386 -1.26156 41.151 -23.0581 5.47276 8.12186 2.60334 0 0 0 0.655521 2.27005 0.0219753 0 0 0 0 0 2.384 303 52 1 1 0
./complex_md-fit_501.pdb BC A 8.18604 36.486 -6.87936 -5.54884 -12.4417 -24.4235 -1.01146 44.9964 -24.3441 6.08371 8.1314 1.57169 0 0 0 0.107005 3.76331 0 0 0 0 0 0 2.384 303 55 0 0 0
./complex_md-fit_502.pdb BC A 7.3199 33.4124 0.32956 -4.0794 -9.63829 -22.8269 -1.06441 42.0882 -22.2344 7.7128 7.3054 2.48575 0 0 0 0.581248 2.10341 -0.000544077 0 0 0 0 0 2.384 303 48 2 2 0
./complex_md-fit_503.pdb BC A 6.79631 36.8867 -13.832 -8.41499 -12.3715 -24.757 -0.950131 43.6382 -24.8135 2.54458 7.51275 3.44342 0 0 0 0.283074 2.28292 6.93889e-18 0 0 0 0 0.0531271 2.384 303 51 0 0 0
./complex_md-fit_504.pdb BC A 9.79379 37.012 -10.8569 -5.34961 -14.3543 -23.7896 -1.07949 43.082 -23.6052 4.01573 8.24385 1.37702 0 0 0 0.59865 2.30781 0 0 0 0 0 0.00416441 2.384 303 50 0 0 0
./complex_md-fit_505.pdb BC A 9.87975 33.9581 -1.32539 -5.39301 -9.01714 -24.2497 -1.05201 46.0549 -23.9768 6.26908 7.19574 2.65262 0 0 0 0.183434 2.98518 0.00750179 0 0 0 0 0 2.384 303 54 3 3 0
./complex_md-fit_506.pdb BC A 7.00253 34.4736 -15.2835 -6.84197 -14.4167 -24.1175 -1.07938 41.4021 -24.2313 3.27539 8.66291 1.67439 0 0 0 0.343256 2.39201 -0.0309916 0 0 0 0 0.0763085 2.384 303 48 0 0 0
./complex_md-fit_507.pdb BC A 7.18916 31.0646 -10.6549 -5.9932 -12.5843 -23.9026 -1.0189 42.7499 -24.0621 4.47297 7.27638 1.92377 0 0 0 0.419386 3.08396 0.0261644 0 0 0 0 0.0375721 2.384 303 51 0 0 0
./complex_md-fit_508.pdb BC A 6.05106 35.4726 -12.2558 -6.33311 -12.3207 -23.1083 -1.09894 39.6085 -23.1332 4.36731 7.71172 1.35932 0 0 0 0.663932 2.6383 -3.30282e-05 0 0 0 0 0.0278152 2.384 303 45 2 2 0
./complex_md-fit_509.pdb BC A 8.02169 33.8637 -11.63 -7.20951 -14.9018 -24.8746 -1.26755 44.8378 -24.9121 4.85639 8.85772 2.21958 0 0 0 0.655092 2.69108 0.0188119 0 0 0 0 0.0901104 2.384 303 48 0 0 0
./complex_md-fit_50.pdb BC A 7.56684 28.4751 -9.83343 -5.19853 -13.233 -22.1165 -1.06295 38.5049 -21.7932 4.89904 8.73738 1.19147 0 0 0 0.219187 2.25556 5.55112e-17 0 0 0 0 0.0188461 2.384 303 50 2 2 0
./complex_md-fit_510.pdb BC A 9.41466 37.3267 -11.2453 -7.27774 -12.8702 -23.624 -1.11549 42.5411 -23.3318 4.27342 7.26442 2.70239 0 0 0 0.16979 2.54551 0.0228352 0 0 0 0 0 2.384 303 51 0 0 0
./complex_md-fit_511.pdb BC A 8.098 36.2505 -15.5122 -7.15563 -15.6473 -25.3006 -1.07839 44.5646 -25.4519 2.74908 8.20903 3.25566 0 0 0 0.292133 2.71875 0 0 0 0 0 0.0511034 2.384 303 50 0 0 0
./complex_md-fit_512.pdb BC A 9.39793 45.465 -8.29755 -6.36539 -12.1918 -23.5716 -1.05289 42.6495 -23.5443 5.79105 7.78224 1.75576 0 0 0 0.399235 2.06578 -0.00828654 0 0 0 0 0.0589848 2.384 303 48 0 0 0
./complex_md-fit_513.pdb BC A 8.26782 40.7687 -16.2443 -8.27881 -15.7007 -22.732 -1.1157 39.9547 -22.6812 1.89655 9.74593 2.28655 0 0 0 0.333844 2.02717 1.11022e-16 0 0 0 0 0.0465521 2.384 303 48 0 0 0
./complex_md-fit_514.pdb BC A 6.51372 39.1851 -8.63812 -4.60099 -12.7452 -22.6331 -1.00205 41.0503 -22.4796 3.09072 7.06635 3.04732 0 0 0 0.577562 1.80213 -0.009482 0 0 0 0 1.11022e-16 2.384 303 51 0 0 0
./complex_md-fit_515.pdb BC A 7.78381 27.3704 -11.294 -6.59527 -14.3983 -23.6025 -1.20738 41.4633 -23.6879 6.12757 8.42132 1.97002 0 0 0 0.189004 3.34646 0.0260671 0 0 0 0 0 2.384 303 46 1 1 0
./complex_md-fit_516.pdb BC A 7.92678 32.867 -11.645 -5.5906 -10.0681 -23.3822 -0.904593 40.6682 -24.1631 3.80299 6.08386 1.43765 0 0 0 0.474371 2.56926 -0.00405318 0 0 0 0 0.000574962 2.384 303 49 0 0 0
./complex_md-fit_517.pdb BC A 9.12976 34.7598 -7.79799 -5.9712 -12.9367 -24.0722 -1.22844 43.4926 -24.0907 5.30677 7.86737 3.43766 0 0 0 0.382635 3.93175 0.00780183 0 0 0 0 0.00642172 2.384 303 49 2 2 0
./complex_md-fit_518.pdb BC A 9.0665 36.1355 -15.5569 -7.24354 -12.6852 -23.6386 -0.971772 40.5734 -24.1475 1.94014 6.29368 3.72777 0 0 0 0.559265 2.60286 0.0188 0 0 0 0 0.016624 2.384 303 49 0 0 0
./complex_md-fit_519.pdb BC A 10.3529 35.6766 -14.0766 -7.17357 -12.2134 -24.7354 -1.10932 43.2887 -25.27 4.02231 6.80297 1.53759 0 0 0 0.780832 2.20512 -0.0433472 0 0 0 0 0.0359356 2.384 303 48 0 0 0
./complex_md-fit_51.pdb BC A 7.49083 33.774 -12.9847 -7.2376 -16.329 -23.4058 -1.15421 40.3093 -23.043 4.00663 10.1542 2.93773 0 0 0 0.701004 2.55342 0.0236002 0 0 0 0 0.052505 2.384 303 49 0 0 0
./complex_md-fit_520.pdb BC A 8.09413 39.982 -13.7276 -6.4167 -15.7763 -24.1286 -1.29266 44.1862 -23.9751 2.31975 8.52822 2.57002 0 0 0 0.263246 3.82543 -0.0270512 0 0 0 0 0.0214401 2.384 303 48 0 0 0
./complex_md-fit_521.pdb BC A 8.57408 40.4631 -11.3519 -6.56766 -13.7131 -24.0873 -1.21472 42.4077 -24.3695 6.3155 7.46817 1.4627 0 0 0 0.93397 2.75924 0.0122748 0 0 0 0 0 2.384 303 48 2 2 0
./complex_md-fit_522.pdb BC A 10.0211 31.9211 -9.41967 -4.73244 -14.6083 -23.9335 -1.2105 42.9081 -23.8305 4.56765 8.50001 2.68048 0 0 0 0.202557 3.64886 0.00986251 0 0 0 0 0.0269984 2.384 303 51 0 0 0
./complex_md-fit_523.pdb BC A 8.37268 38.1026 -10.6837 -5.36059 -12.5066 -23.1352 -1.16499 41.0324 -23.203 4.57209 6.03942 2.57138 0 0 0 0.450937 2.78147 0.0204138 0 0 0 0 0 2.384 303 50 2 2 0
./complex_md-fit_524.pdb BC A 8.43245 37.2356 -12.1422 -6.77656 -15.7115 -25.0362 -1.20125 42.9892 -25.2788 8.05323 7.94569 2.16941 0 0 0 0.704559 2.78455 0 0 0 0 0 0 2.384 303 50 2 2 0
./complex_md-fit_525.pdb BC A 6.67637 33.6536 -15.6189 -7.79957 -13.4435 -24.4698 -1.14209 42.8934 -24.728 2.5189 7.70692 2.40925 0 0 0 0.413448 2.34418 0.0221567 0 0 0 0 0 2.384 303 52 0 0 0
./complex_md-fit_526.pdb BC A 9.51893 40.8265 -12.4666 -6.71727 -14.9406 -23.9376 -1.05955 43.6531 -23.9975 3.36956 9.01809 1.60329 0 0 0 0.540182 2.67113 -0.00651158 0 0 0 0 0.00821013 2.384 303 49 0 0 0
./complex_md-fit_527.pdb BC A 7.47561 39.1222 -12.363 -5.69166 -16.3968 -24.5254 -1.31191 43.6684 -24.7105 5.03084 7.99588 3.27976 0 0 0 0.289982 4.4037 1.11022e-16 0 0 0 0 0.00838535 2.384 303 51 1 1 0
./complex_md-fit_528.pdb BC A 7.13366 32.2232 -9.42593 -5.85068 -9.21883 -21.748 -0.839495 37.4114 -22.6544 4.06169 7.08047 2.17834 0 0 0 0.147114 1.9696 -0.0101056 0 0 0 0 0.0165538 2.384 303 44 0 0 0
./complex_md-fit_529.pdb BC A 7.0094 27.1769 -11.5794 -6.25827 -12.4143 -23.2679 -1.03918 42.0017 -23.2767 2.96851 7.61039 1.84489 0 0 0 0.222966 2.5908 0.0285402 0 0 0 0 0 2.384 303 48 1 1 0
./complex_md-fit_52.pdb BC A 6.63384 31.2058 -17.184 -6.7915 -18.2197 -22.9517 -1.12317 39.9043 -22.8701 3.66399 9.35883 1.52536 0 0 0 0.276193 3.53566 0 0 0 0 0 0.0435157 2.384 303 49 2 2 0
./complex_md-fit_530.pdb BC A 8.66153 32.6316 -13.786 -6.96889 -15.2543 -22.8666 -1.17999 40.3388 -22.6111 3.61174 8.26112 2.56757 0 0 0 0.288698 2.39496 0.02693 0 0 0 0 0 2.384 303 45 0 0 0
./complex_md-fit_531.pdb BC A 7.44491 27.5155 -11.5511 -6.63903 -16.3932 -23.9518 -1.13322 42.931 -23.8842 5.91363 8.23235 2.92113 0 0 0 0.427712 3.16406 0.0245546 0 0 0 0 0 2.384 303 51 2 2 0
./complex_md-fit_532.pdb BC A 7.15679 37.9552 -14.9124 -6.427 -14.7392 -23.9239 -1.06352 40.6551 -24.133 4.01811 6.9891 3.31305 0 0 0 0.399004 2.49384 0 0 0 0 0 0 2.384 303 47 2 2 0
./complex_md-fit_533.pdb BC A 6.91601 32.6763 -12.2312 -5.78465 -13.5413 -23.1365 -1.00146 40.9253 -23.6201 2.93463 8.1373 2.48665 0 0 0 0.354687 3.12593 0.0141335 0 0 0 0 0 2.384 303 50 0 0 0
./complex_md-fit_534.pdb BC A 6.7488 32.8146 -12.216 -6.92269 -12.6159 -24.1328 -1.15153 42.7986 -23.9103 3.74007 7.4141 1.89088 0 0 0 0.652498 3.36784 0.0156865 0 0 0 0 0.0054506 2.384 303 50 0 0 0
./complex_md-fit_535.pdb BC A 7.44329 33.228 -7.94157 -4.74308 -15.8593 -23.0172 -1.26821 42.1409 -22.0407 6.40911 7.94621 1.65292 0 0 0 0.81587 3.64919 0.0217797 0 0 0 0 0 2.384 303 48 2 2 0
./complex_md-fit_536.pdb BC A 8.1205 40.7913 -9.7048 -5.53082 -12.2689 -24.2216 -1.21207 43.9762 -24.328 3.58503 7.38019 2.07923 0 0 0 0.812808 2.63543 0.0231313 0 0 0 0 0 2.384 303 52 0 0 0
./complex_md-fit_537.pdb BC A 10.0904 41.4716 -9.16483 -6.02042 -16.8689 -24.8065 -1.27707 44.6946 -24.5564 7.83632 9.01462 2.03729 0 0 0 0.749615 3.64395 0.0321595 0 0 0 0 0 2.384 303 52 2 2 0
./complex_md-fit_538.pdb BC A 8.23935 35.3061 -17.3525 -6.25506 -16.6788 -24.7505 -1.03638 42.8188 -24.9106 2.90291 7.87715 1.48431 0 0 0 1.17346 4.01175 0.0131605 0 0 0 0 0.00904344 2.384 303 48 0 0 0
./complex_md-fit_539.pdb BC A 7.45007 32.9955 -7.47975 -5.79213 -14.044 -23.6503 -1.21756 43.2692 -23.2618 6.84777 7.84694 2.0097 0 0 0 0.493367 2.72759 0 0 0 0 0 0.0189959 2.384 303 48 2 2 0
./complex_md-fit_53.pdb BC A 6.48374 35.1585 -7.9716 -5.49483 -15.103 -22.5895 -1.25359 40.0042 -22.1397 7.42654 8.87964 1.81827 0 0 0 0.474018 3.26794 -6.93889e-18 0 0 0 0 0.00642688 2.384 303 46 2 2 0
./complex_md-fit_540.pdb BC A 6.96352 41.1175 -12.19 -5.11127 -14.3881 -23.6154 -1.27465 42.8479 -23.6007 3.62397 7.10829 1.80943 0 0 0 0.390943 4.36617 0.0195487 0 0 0 0 0 2.384 303 49 0 0 0
./complex_md-fit_541.pdb BC A 8.06439 29.4887 -14.0833 -6.25739 -14.8824 -24.235 -1.28646 42.022 -24.4073 4.25849 7.4766 2.95517 0 0 0 0.294689 2.57814 -0.0217435 0 0 0 0 0 2.384 303 48 0 0 0
./complex_md-fit_542.pdb BC A 7.65518 28.5799 -10.8344 -7.15923 -14.9591 -23.266 -1.2035 42.7261 -22.8325 3.49437 7.94678 3.784 0 0 0 0.611829 2.46939 0.0228904 0 0 0 0 0 2.384 303 51 0 0 0
./complex_md-fit_543.pdb BC A 7.74937 33.2613 -10.7838 -5.01025 -12.6272 -23.2736 -1.09878 40.3908 -23.3205 4.93077 6.48329 2.36978 0 0 0 0.376017 3.30632 -0.0101366 0 0 0 0 0.00602471 2.384 303 47 1 1 0
./complex_md-fit_544.pdb BC A 10.9187 37.5819 -12.4189 -5.24881 -15.1422 -24.5213 -1.2429 43.1865 -24.7189 3.34241 8.4041 3.0241 0 0 0 0.522038 3.48297 -0.023931 0 0 0 0 0 2.384 303 53 0 0 0
./complex_md-fit_545.pdb BC A 6.9889 42.086 -13.0663 -6.38734 -13.6926 -24.8478 -1.14539 44.389 -24.9547 3.12616 8.02822 1.66792 0 0 0 0.726816 4.02599 0.0234442 0 0 0 0 0 2.384 303 49 0 0 0
./complex_md-fit_546.pdb BC A 8.55056 30.4107 -8.67102 -5.11173 -13.4054 -23.1245 -0.966887 41.0945 -23.3687 5.81174 7.86903 2.25095 0 0 0 0.292509 3.75067 -0.0125094 0 0 0 0 0 2.384 303 49 2 2 0
./complex_md-fit_547.pdb BC A 7.82485 33.2648 -16.5828 -7.32339 -15.1776 -24.3054 -1.13932 41.8054 -24.5349 4.83853 7.0403 1.76101 0 0 0 0.449409 2.26294 0.00324635 0 0 0 0 0 2.384 303 54 2 2 0
./complex_md-fit_548.pdb BC A 11.7048 36.2704 -19.3825 -6.94895 -15.7837 -23.0723 -1.12713 38.9671 -23.5271 3.93759 6.45294 1.08819 0 0 0 0.610132 2.58149 0.0207822 0 0 0 0 0 2.384 303 51 0 0 0
./complex_md-fit_549.pdb BC A 6.59887 34.852 -7.37977 -4.45746 -12.0739 -24.5068 -1.13687 43.5039 -24.6741 5.01411 7.71983 2.73783 0 0 0 0.481124 2.51913 -0.00946389 0 0 0 0 0.0220543 2.384 303 52 1 1 0
./complex_md-fit_54.pdb BC A 6.30765 35.7021 -8.98589 -6.57059 -13.561 -23.211 -1.03006 41.7592 -22.3553 4.29688 8.24914 2.75197 0 0 0 0.626805 2.16505 0 0 0 0 0 0.058069 2.384 303 49 0 0 0
./complex_md-fit_550.pdb BC A 7.86176 41.9744 -10.2393 -5.82151 -13.8965 -23.86 -1.13966 43.5419 -23.7308 4.04955 7.52902 2.8065 0 0 0 0.261691 2.17995 0 0 0 0 0 0.0204852 2.384 303 52 0 0 0
./complex_md-fit_551.pdb BC A 8.12301 34.6304 -14.3442 -5.95572 -14.4274 -24.2241 -1.19112 41.4895 -24.2684 2.85417 9.04266 2.00956 0 0 0 0.346642 3.26287 -0.0311233 0 0 0 0 0.0110686 2.384 303 48 0 0 0
./complex_md-fit_552.pdb BC A 7.85768 31.4256 -8.75863 -6.23301 -13.3134 -23.4969 -1.07023 42.1952 -23.6002 3.81039 10.2065 2.29425 0 0 0 0.443382 3.47372 0.00544016 0 0 0 0 0 2.384 303 49 0 0 0
./complex_md-fit_553.pdb BC A 8.17886 33.52 -9.65666 -6.76291 -14.4688 -23.4452 -1.30446 41.5378 -23.0509 6.61762 8.3553 2.74742 0 0 0 0.0858281 2.16333 0.025478 0 0 0 0 0.00623896 2.384 303 49 1 1 0
./complex_md-fit_554.pdb BC A 8.38133 36.4138 -15.3962 -5.41605 -14.9577 -23.4613 -1.13959 40.9765 -23.2953 2.47269 7.00321 1.99922 0 0 0 0.434171 2.4303 -0.0120992 0 0 0 0 0 2.384 303 50 0 0 0
./complex_md-fit_555.pdb BC A 6.59604 41.4929 -13.8585 -6.61522 -14.9311 -24.9046 -1.15076 44.8666 -24.9704 2.62986 8.22704 2.44323 0 0 0 0.538766 2.78154 0.00816629 0 0 0 0 0 2.384 303 51 0 0 0
./complex_md-fit_556.pdb BC A 9.09795 35.4621 -10.5308 -5.75796 -17.6406 -23.6906 -1.20026 42.7947 -23.4442 5.36588 8.90792 3.41576 0 0 0 0.709443 2.48562 0.00902049 0 0 0 0 0 2.384 303 49 0 0 0
./complex_md-fit_557.pdb BC A 5.51893 28.3865 -12.4332 -6.37281 -14.2161 -24.1993 -0.993135 42.2515 -24.2991 4.42534 7.98587 2.68169 0 0 0 0.302861 2.83251 0 0 0 0 0 0 2.384 303 50 0 0 0
./complex_md-fit_558.pdb BC A 8.65836 38.5879 -7.97287 -6.39809 -12.0798 -24.0781 -1.12242 42.7131 -24.664 6.47636 7.39167 3.22955 0 0 0 0.558237 3.08386 0.0005545 0 0 0 0 0 2.384 303 51 2 2 0
./complex_md-fit_559.pdb BC A 7.98624 41.1358 -7.92896 -4.07291 -11.8096 -22.6872 -1.05819 40.3983 -22.9364 5.10913 7.05155 1.79665 0 0 0 0.25382 2.16064 0.00578877 0 0 0 0 0.0200832 2.384 303 49 1 1 0
./complex_md-fit_55.pdb BC A 6.58049 35.315 -5.98257 -7.71549 -11.8111 -22.6544 -1.19862 41.9861 -21.8878 4.25905 10.8355 1.71715 0 0 0 0.475339 2.04966 0 0 0 0 0 0.0116775 2.384 303 47 0 0 0
./complex_md-fit_560.pdb BC A 6.21075 28.8261 -6.34258 -4.24865 -11.3883 -24.1379 -1.04346 42.1549 -24.3019 6.281 6.73275 3.33116 0 0 0 0.277757 2.81596 0 0 0 0 0 0 2.384 303 50 2 2 0
./complex_md-fit_561.pdb BC A 7.22285 37.2724 -3.15553 -4.70443 -11.6078 -24.5934 -1.29745 44.7037 -24.8406 7.48038 9.1108 2.26187 0 0 0 0.308533 3.49037 0.0229082 0 0 0 0 0 2.384 303 50 2 2 0
./complex_md-fit_562.pdb BC A 10.129 37.0429 -10.729 -6.41275 -14.4464 -24.2608 -1.21994 42.6473 -24.4781 5.71223 8.42693 2.68116 0 0 0 0.599281 2.29141 0.0221214 0 0 0 0 0 2.384 303 49 1 1 0
./complex_md-fit_563.pdb BC A 8.10013 33.7983 -10.3866 -6.06351 -15.1686 -24.6105 -1.23814 43.3766 -24.4471 5.35358 9.00404 2.73875 0 0 0 0.630939 2.38937 0.0256473 0 0 0 0 0.0117005 2.384 303 50 0 0 0
./complex_md-fit_564.pdb BC A 9.50233 33.8847 -16.7296 -7.19942 -17.2727 -23.8788 -1.07459 42.5528 -23.8334 5.07791 7.63365 1.0115 0 0 0 0.266108 2.8352 -0.0126538 0 0 0 0 0 2.384 303 50 2 2 0
./complex_md-fit_565.pdb BC A 7.37181 32.8868 1.96907 -4.69765 -8.44024 -23.4657 -1.19402 44.7115 -23.2186 8.83882 6.82015 1.97394 0 0 0 0.647495 2.06417 -0.00660449 0 0 0 0 0 2.384 303 55 2 2 0
./complex_md-fit_566.pdb BC A 7.29559 41.4613 -14.0165 -7.3791 -15.2311 -25.1378 -1.03293 44.1654 -25.3342 4.31984 9.1865 2.20012 0 0 0 0.194947 2.73063 0.0318025 0 0 0 0 0 2.384 303 51 0 0 0
./complex_md-fit_567.pdb BC A 6.90465 34.0974 -11.1001 -6.15674 -15.1453 -25.6545 -1.20339 46.0281 -25.7107 4.98389 8.72154 2.69426 0 0 0 0.330031 2.5661 0.012757 0 0 0 0 0 2.384 303 52 1 1 0
./complex_md-fit_568.pdb BC A 6.30474 25.7324 -13.981 -8.72815 -14.9596 -24.6509 -1.15395 42.5386 -24.8127 6.07272 8.36782 2.98645 0 0 0 0.334517 3.03293 0.0242285 0 0 0 0 0 2.384 303 49 1 1 0
./complex_md-fit_569.pdb BC A 7.85696 37.1191 -14.915 -6.90864 -14.6234 -23.6883 -1.06213 40.5994 -23.8925 3.74889 8.26886 2.12393 0 0 0 0.528354 2.11029 -0.00956038 0 0 0 0 0 2.384 303 49 0 0 0
./complex_md-fit_56.pdb BC A 11.4441 34.7624 -9.6541 -6.77904 -13.3955 -22.8689 -1.09531 40.1349 -22.3114 5.75622 8.32037 1.56435 0 0 0 0.998396 2.87835 0.0218872 0 0 0 0 0 2.384 303 48 2 2 0
./complex_md-fit_570.pdb BC A 7.11104 35.6532 -13.3477 -5.89673 -13.6349 -23.8196 -1.11047 41.9687 -23.3454 2.74429 7.85559 1.47151 0 0 0 0.461229 2.43374 -0.0472123 0 0 0 0 0.0052555 2.384 303 49 0 0 0
./complex_md-fit_571.pdb BC A 7.84157 32.1102 -6.59863 -4.32613 -14.0167 -22.8436 -1.32071 41.6845 -22.4292 4.5811 8.36154 3.04049 0 0 0 0.694418 1.78817 -0.0243667 0 0 0 0 0 2.384 303 50 0 0 0
./complex_md-fit_572.pdb BC A 7.69031 29.2829 -9.54575 -6.28914 -9.97838 -24.202 -1.01363 41.4968 -24.3813 4.38712 7.63265 2.61212 0 0 0 0.189246 2.24526 0 0 0 0 0 0.000687024 2.384 303 50 0 0 0
./complex_md-fit_573.pdb BC A 5.54628 33.2508 -13.9087 -7.22455 -12.6825 -24.5058 -1.14152 42.6528 -24.3931 2.62439 8.81829 1.44676 0 0 0 0.496577 2.56871 0 0 0 0 0 0 2.384 303 49 0 0 0
./complex_md-fit_574.pdb BC A 7.38969 32.1982 -15.9769 -6.80121 -15.9721 -24.4262 -1.10638 42.3847 -23.8961 3.74728 7.60426 1.39933 0 0 0 1.10755 2.40483 -0.0181267 0 0 0 0 0 2.384 303 48 0 0 0
./complex_md-fit_575.pdb BC A 6.83959 34.1655 -8.19386 -6.57398 -14.9337 -24.1278 -1.3007 42.5557 -23.7058 5.93718 9.74501 3.86593 0 0 0 0.348261 2.59898 -0.0243279 0 0 0 0 0.0203616 2.384 303 51 2 2 0
./complex_md-fit_576.pdb BC A 6.26261 33.6951 -7.47097 -5.74212 -14.0923 -24.5077 -1.20503 46.0397 -23.8317 5.01631 8.51723 2.07841 0 0 0 0.256833 2.39692 -0.000582528 0 0 0 0 0 2.384 303 54 1 1 0
./complex_md-fit_577.pdb BC A 7.88595 33.2216 -9.00231 -5.92012 -15.0637 -22.6736 -1.36255 42.0348 -22.015 4.09299 9.07351 2.47473 0 0 0 0.331792 2.3743 0.0248558 0 0 0 0 0 2.384 303 49 0 0 0
./complex_md-fit_578.pdb BC A 6.35826 42.635 -10.5302 -5.75071 -14.7886 -23.8157 -1.29277 42.0919 -23.8017 3.946 9.50845 2.94527 0 0 0 0.440305 3.53064 -0.0126652 0 0 0 0 0 2.384 303 48 0 0 0
./complex_md-fit_579.pdb BC A 6.34761 29.9954 -8.63584 -6.17829 -15.1233 -23.8467 -1.39666 43.6843 -23.513 6.5755 8.81433 1.80159 0 0 0 0.543186 2.86695 -0.00473443 0 0 0 0 0.00787538 2.384 303 47 3 3 0
./complex_md-fit_57.pdb BC A 9.46876 33.3699 -14.5209 -9.62388 -16.3121 -23.0781 -1.09482 40.3071 -22.7055 3.8233 10.0361 3.43585 0 0 0 0.691135 2.06022 0 0 0 0 0 0 2.384 303 47 2 2 0
./complex_md-fit_580.pdb BC A 6.47842 36.5246 -4.10069 -6.38753 -10.3788 -23.6222 -1.05041 44.1868 -23.344 4.63387 9.74953 1.80055 0 0 0 0.346648 2.12534 -0.0352333 0 0 0 0 0 2.384 303 47 1 1 0
./complex_md-fit_581.pdb BC A 7.54845 38.3385 -12.5158 -6.58063 -12.3731 -23.5225 -1.03324 42.1345 -23.4225 2.34524 7.72962 1.75581 0 0 0 0.451068 2.69272 0 0 0 0 0 0 2.384 303 45 0 0 0
./complex_md-fit_582.pdb BC A 6.78609 32.7473 -13.2511 -8.24407 -17.5868 -23.9734 -1.32171 42.5215 -23.9196 5.76503 11.3345 2.02087 0 0 0 0.164607 2.30332 -0.0119998 0 0 0 0 0 2.384 303 48 2 2 0
./complex_md-fit_583.pdb BC A 8.98187 26.7961 -5.44022 -7.0874 -14.7672 -23.0159 -1.32961 44.0377 -22.2051 7.36288 9.5699 1.66447 0 0 0 0.358457 2.123 -0.0284607 0 0 0 0 0 2.384 303 47 2 2 0
./complex_md-fit_584.pdb BC A 6.66769 34.306 -7.11629 -6.54777 -12.5502 -23.1446 -1.2502 41.4971 -23.0022 4.12621 10.045 3.26723 0 0 0 0.451949 2.44433 -0.00871579 0 0 0 0 0 2.384 303 51 1 1 0
./complex_md-fit_585.pdb BC A 7.71085 36.238 -2.88278 -6.25806 -11.1508 -24.5341 -1.19579 45.2814 -24.1184 6.95668 9.64489 2.31474 0 0 0 0.176594 3.22691 5.55112e-17 0 0 0 0 0 2.384 303 47 3 3 0
./complex_md-fit_586.pdb BC A 9.2062 39.035 -4.89532 -5.47613 -12.2302 -23.7208 -1.25197 44.2181 -23.1164 5.63779 8.39391 2.49733 0 0 0 0.143097 3.23567 0.00378386 0 0 0 0 0.00624441 2.384 303 47 0 0 0
./complex_md-fit_587.pdb BC A 7.53256 38.2523 -5.98062 -5.68079 -13.1731 -26.1968 -1.26637 47.4039 -25.9789 5.9385 10.142 2.02426 0 0 0 0.844206 2.68888 -0.0375858 0 0 0 0 0 2.384 303 50 0 0 0
./complex_md-fit_588.pdb BC A 6.41121 40.2125 -9.4402 -5.60126 -13.4019 -22.7924 -1.26409 40.3889 -22.3866 3.93346 9.13063 2.29507 0 0 0 0.283828 2.0912 -0.0258152 0 0 0 0 0 2.384 303 49 0 0 0
./complex_md-fit_589.pdb BC A 7.96672 36.0937 -2.06588 -4.0352 -12.4591 -23.3276 -1.35529 42.9903 -23.2928 6.43927 9.23404 3.30751 0 0 0 0.464976 2.16711 -0.0319494 0 0 0 0 0 2.384 303 47 2 2 0
./complex_md-fit_58.pdb BC A 8.09214 30.5602 -10.8297 -7.64156 -14.2485 -21.7397 -1.14118 39.0242 -21.3209 3.74107 8.8346 2.31654 0 0 0 1.3213 2.23231 0.0243828 0 0 0 0 0 2.384 303 51 0 0 0
./complex_md-fit_590.pdb BC A 8.96536 35.7241 -6.61942 -4.64814 -13.7089 -22.9564 -1.17061 40.8319 -22.7421 5.62988 8.79466 2.48084 0 0 0 0.879377 2.88999 -0.00993349 0 0 0 0 0 2.384 303 47 2 2 0
./complex_md-fit_591.pdb BC A 7.60013 39.7444 -7.51123 -5.52377 -12.6588 -24.1473 -1.18607 42.6021 -24.197 5.77325 8.52057 2.60816 0 0 0 0.71014 2.4873 -0.0124595 0 0 0 0 0 2.384 303 50 0 0 0
./complex_md-fit_592.pdb BC A 5.95305 36.98 -9.45762 -6.63955 -13.9076 -23.2141 -1.24526 42.0618 -22.8153 5.66909 8.62547 1.71389 0 0 0 0.30758 2.08636 -0.0135753 0 0 0 0 0 2.384 303 48 2 2 0
./complex_md-fit_593.pdb BC A 9.61592 32.5713 -2.83611 -5.76128 -13.4438 -23.4763 -1.21748 43.4186 -22.6756 7.80252 8.74706 3.42498 0 0 0 0.345154 2.47429 0 0 0 0 0 0 2.384 303 52 2 2 0
./complex_md-fit_594.pdb BC A 7.60419 41.4365 -10.1109 -7.76035 -13.9786 -22.0815 -1.32921 40.3838 -21.5159 4.23859 8.91533 2.67529 0 0 0 0.370056 2.11887 -0.0283471 0 0 0 0 0 2.384 303 49 0 0 0
./complex_md-fit_595.pdb BC A 8.35576 34.3595 -12.0113 -7.88397 -13.3698 -24.1344 -1.12219 43.4453 -23.6824 4.52896 6.87214 2.70451 0 0 0 0.65142 2.72298 -0.0332565 0 0 0 0 0.0125059 2.384 303 48 2 2 0
./complex_md-fit_596.pdb BC A 8.31332 31.0217 -12.0384 -7.15444 -15.2626 -25.172 -1.11987 44.1511 -25.1253 5.62605 9.22916 1.88602 0 0 0 0.879697 3.78869 -0.00575428 0 0 0 0 0.0295681 2.384 303 47 2 2 0
./complex_md-fit_597.pdb BC A 8.17525 30.764 -6.13094 -5.06551 -9.43444 -23.1785 -0.965526 39.5222 -23.103 4.81117 8.04519 3.06935 0 0 0 0.17307 3.32119 -0.00492899 0 0 0 0 0 2.384 303 49 0 0 0
./complex_md-fit_598.pdb BC A 7.09502 33.862 -8.16671 -7.20019 -9.53417 -25.8282 -1.13336 44.9622 -26.2623 7.3627 7.03185 2.04391 0 0 0 0.378261 2.60904 0.0125816 0 0 0 0 0 2.384 303 53 1 1 0
./complex_md-fit_599.pdb BC A 7.61063 47.9784 -9.31985 -7.24715 -10.2134 -25.1492 -1.0103 43.5407 -25.9628 6.1028 7.73946 2.48062 0 0 0 0.415617 2.40867 -0.0161701 0 0 0 0 0 2.384 303 51 1 1 0
./complex_md-fit_59.pdb BC A 10.4405 36.4662 -14.3937 -7.51138 -16.987 -22.8276 -1.2919 39.4763 -22.2031 4.49975 9.52302 2.72783 0 0 0 0.177137 2.89385 0.0232561 0 0 0 0 0 2.384 303 49 0 0 0
./complex_md-fit_5.pdb BC A 6.68027 30.8788 -5.13056 -7.11547 -4.2754 -22.6085 -0.986786 38.5191 -23.8012 4.78972 5.54327 4.63417 0 0 0 0.194454 2.47356 -0.0239529 0 0 0 0 0 2.384 303 50 1 1 0
./complex_md-fit_600.pdb BC A 8.22452 41.0546 -8.01827 -7.07165 -10.5045 -24.3347 -1.0921 44.1056 -24.5454 4.49813 7.49391 3.01843 0 0 0 0.413964 3.58989 0 0 0 0 0 0 2.384 303 53 0 0 0
./complex_md-fit_601.pdb BC A 8.34601 32.0583 -13.099 -6.81311 -13.7039 -23.282 -1.18379 39.2877 -23.8162 5.1979 9.62522 1.43666 0 0 0 0.149533 4.01668 -0.0055739 0 0 0 0 0.00851219 2.384 303 47 0 0 0
./complex_md-fit_602.pdb BC A 8.26043 39.8197 -13.3921 -5.77047 -11.8351 -23.948 -0.979084 41.0512 -24.3281 4.46461 6.23823 1.41322 0 0 0 0.295986 2.48927 0 0 0 0 0 0.00530518 2.384 303 47 2 2 0
./complex_md-fit_603.pdb BC A 7.95281 39.9364 -14.2605 -6.91985 -13.1853 -23.4407 -1.07287 39.4048 -23.8792 4.12034 7.90452 2.52386 0 0 0 0.252096 2.47767 0.00513446 0 0 0 0 0.0267314 2.384 303 51 0 0 0
./complex_md-fit_604.pdb BC A 8.61968 44.6491 -10.9797 -4.69822 -13.0336 -22.2913 -1.12889 38.9938 -22.6691 4.33769 6.30512 2.8326 0 0 0 0.344877 3.36113 0.0245616 0 0 0 0 0.00281733 2.384 303 50 0 0 0
./complex_md-fit_605.pdb BC A 9.07133 31.6337 -11.2328 -4.86666 -11.3705 -23.7808 -1.08517 40.5323 -24.365 4.52562 6.62273 2.35094 0 0 0 0.197027 3.11703 0.00644174 0 0 0 0 0.000357476 2.384 303 52 0 0 0
./complex_md-fit_606.pdb BC A 6.55968 40.6702 -17.9497 -6.78115 -15.4773 -22.2192 -1.0337 37.6188 -22.2233 2.14173 7.66509 1.71912 0 0 0 0.63856 2.36764 0 0 0 0 0 0.00159836 2.384 303 49 0 0 0
./complex_md-fit_607.pdb BC A 9.35203 32.0049 -15.2256 -8.18288 -12.3292 -22.3915 -1.09554 39.2023 -22.4208 2.64807 7.57041 1.47761 0 0 0 0.295836 2.26638 0 0 0 0 0 0 2.384 303 48 0 0 0
./complex_md-fit_608.pdb BC A 8.21595 30.2143 -12.5677 -7.7231 -12.8486 -23.2515 -1.07793 39.7044 -23.2717 3.80407 8.1053 3.60328 0 0 0 0.42065 3.23217 -0.0325826 0 0 0 0 0 2.384 303 46 1 1 0
./complex_md-fit_609.pdb BC A 7.4148 38.4029 -17.2963 -8.77053 -14.6938 -23.2672 -1.21945 38.8958 -23.5819 4.53953 8.23438 1.9907 0 0 0 0.602638 2.66134 -0.0264706 0 0 0 0 0 2.384 303 48 1 1 0
./complex_md-fit_60.pdb BC A 7.17217 37.3592 -8.35021 -6.18241 -15.6655 -21.646 -1.21116 39.107 -20.7131 4.78897 9.69624 2.93188 0 0 0 0.531127 2.13475 0.0126649 0 0 0 0 0 2.384 303 46 0 0 0
./complex_md-fit_610.pdb BC A 7.25237 31.8692 -17.7707 -6.71118 -13.1817 -22.6885 -1.17286 38.4482 -23.4587 2.29612 6.31686 2.20456 0 0 0 0.176423 3.14698 0 0 0 0 0 0 2.384 303 46 0 0 0
./complex_md-fit_611.pdb BC A 7.93757 32.3778 -5.86892 -4.71584 -13.1281 -23.865 -1.18648 43.2042 -23.8426 6.9566 7.78696 2.68718 0 0 0 0.230409 3.16913 -0.01007 0 0 0 0 0.0139008 2.384 303 50 1 1 0
./complex_md-fit_612.pdb BC A 8.7065 36.4819 -8.17718 -6.49709 -11.164 -23.41 -1.08392 41.4389 -23.6625 5.46207 7.37613 2.88925 0 0 0 0.459121 2.99789 0.00244749 0 0 0 0 0.0123594 2.384 303 51 1 1 0
./complex_md-fit_613.pdb BC A 8.28678 31.6104 -12.2114 -7.17457 -12.9175 -23.428 -1.20672 40.7714 -23.341 5.1575 8.28964 1.39106 0 0 0 0.241635 2.4257 0.00516626 0 0 0 0 0 2.384 303 49 3 3 0
./complex_md-fit_614.pdb BC A 7.80103 28.7951 -16.8088 -7.00216 -16.3368 -23.4826 -1.27765 40.7668 -22.9287 3.50919 7.93125 1.75264 0 0 0 0.259242 3.22997 0 0 0 0 0 0 2.384 303 48 2 2 0
./complex_md-fit_615.pdb BC A 9.21685 29.2138 -13.5148 -6.16115 -13.094 -22.9552 -0.921982 39.8685 -23.0205 4.78673 5.20892 2.07877 0 0 0 0.704028 2.6559 -0.0148191 0 0 0 0 0.00592366 2.384 303 47 2 2 0
./complex_md-fit_616.pdb BC A 7.20192 40.6191 -11.8126 -5.54762 -12.813 -24.5548 -1.10615 42.2363 -24.4178 4.59009 7.1248 2.28874 0 0 0 0.362812 2.60356 0.0240233 0 0 0 0 0 2.384 303 52 2 2 0
./complex_md-fit_617.pdb BC A 6.69099 35.4124 -5.40648 -5.41714 -10.944 -23.0783 -1.20729 41.385 -23.0251 8.63625 6.18268 1.95451 0 0 0 0.118437 2.35494 -0.0115247 0 0 0 0 0 2.384 303 51 2 2 0
./complex_md-fit_618.pdb BC A 8.2347 39.1445 -5.79916 -7.38094 -10.5186 -24.1879 -1.1511 43.0551 -24.9693 7.50298 8.21052 3.04327 0 0 0 0.574692 3.50821 0.0155572 0 0 0 0 0.00651566 2.384 303 51 1 1 0
./complex_md-fit_619.pdb BC A 9.09398 34.426 -14.3546 -7.20218 -13.2458 -23.6491 -1.06293 40.9208 -24.0254 3.9569 7.53833 1.83207 0 0 0 0.582638 2.23967 0 0 0 0 0 0 2.384 303 49 0 0 0
./complex_md-fit_61.pdb BC A 7.83156 39.5947 -11.175 -6.1744 -10.8313 -21.7461 -0.843836 37.2373 -21.6474 3.23167 6.74361 2.6487 0 0 0 0.205625 2.55154 0 0 0 0 0 0.00109708 2.384 303 48 0 0 0
./complex_md-fit_620.pdb BC A 10.5576 39.1677 -14.9957 -9.60196 -15.5036 -23.253 -1.23454 40.6697 -23.3645 6.17328 9.06573 1.88243 0 0 0 0.181379 2.29416 -0.0105276 0 0 0 0 0 2.384 303 50 2 2 0
./complex_md-fit_621.pdb BC A 6.66377 30.8541 -6.68933 -6.73194 -8.536 -22.6216 -0.985937 39.6168 -23.3032 6.12165 7.22571 2.10392 0 0 0 0.3997 2.56609 0.0215767 0 0 0 0 0 2.384 303 53 1 1 0
./complex_md-fit_622.pdb BC A 8.12793 34.9175 -11.3415 -6.12239 -12.8839 -22.9326 -1.13598 41.0424 -23.063 4.53646 6.46496 2.36618 0 0 0 0.352528 3.29733 0.0323096 0 0 0 0 0.00135593 2.384 303 51 0 0 0
./complex_md-fit_623.pdb BC A 7.06045 39.6822 -12.3226 -3.88051 -12.7362 -23.118 -1.21592 39.2199 -23.6269 4.26177 6.68523 1.60207 0 0 0 0.473352 3.43972 0.0126807 0 0 0 0 0 2.384 303 52 2 2 0
./complex_md-fit_624.pdb BC A 6.79769 34.9957 -14.3435 -5.8462 -13.353 -23.5299 -1.2678 40.7225 -24.0498 4.23578 6.16699 2.25917 0 0 0 0.305849 3.40158 0 0 0 0 0 0.0128024 2.384 303 50 0 0 0
./complex_md-fit_625.pdb BC A 7.88167 34.1296 -15.8903 -7.06118 -12.8961 -22.0708 -1.16476 37.7748 -22.0118 2.60064 6.534 1.78977 0 0 0 0.590482 2.88343 0.0191843 0 0 0 0 0.00554241 2.384 303 48 0 0 0
./complex_md-fit_626.pdb BC A 7.85553 35.1317 -11.0542 -5.75007 -13.6802 -22.584 -1.32133 39.8739 -22.5082 4.12579 7.85269 2.56769 0 0 0 0.367672 3.30653 -0.00980277 0 0 0 0 0.0117335 2.384 303 49 0 0 0
./complex_md-fit_627.pdb BC A 6.63458 37.4103 -14.6155 -7.10484 -11.8873 -21.88 -1.22223 36.4224 -22.3691 3.92411 6.56643 2.44062 0 0 0 0.494517 2.25979 0 0 0 0 0 0 2.384 303 46 1 1 0
./complex_md-fit_628.pdb BC A 6.89732 38.3884 -15.4838 -7.1755 -11.0738 -22.1234 -1.16232 37.7693 -22.5021 2.68814 6.11325 1.26905 0 0 0 0.713565 2.98868 0 0 0 0 0 0 2.384 303 48 1 1 0
./complex_md-fit_629.pdb BC A 7.97391 35.6936 -16.1026 -7.42962 -12.5917 -23.2583 -1.11782 40.1182 -23.5463 2.35222 6.99505 2.04842 0 0 0 0.287398 2.52092 0.0265215 0 0 0 0 0.0134105 2.384 303 51 0 0 0
./complex_md-fit_62.pdb BC A 8.14019 33.7066 -9.18533 -7.30674 -13.3303 -22.523 -1.02501 38.7082 -22.0393 6.56723 8.07557 3.13859 0 0 0 0.549468 2.58226 0 0 0 0 0 0 2.384 303 47 1 1 0
./complex_md-fit_630.pdb BC A 6.96016 34.5595 -12.1733 -6.69398 -13.4606 -22.7395 -1.00349 40.4029 -22.3649 4.90292 6.22826 2.32958 0 0 0 0.193306 2.59421 0.0322992 0 0 0 0 0 2.384 303 53 0 0 0
./complex_md-fit_631.pdb BC A 7.63146 40.8292 -11.8683 -7.21907 -12.2815 -23.1613 -1.15442 39.6197 -23.2421 5.30513 7.30742 2.65433 0 0 0 0.303504 3.42589 0 0 0 0 0 0 2.384 303 48 1 1 0
./complex_md-fit_632.pdb BC A 9.07962 40.2781 -13.4389 -7.1074 -12.873 -23.5334 -1.23794 41.0516 -23.2131 4.09269 7.1606 1.80032 0 0 0 0.429611 2.45645 -0.0214166 0 0 0 0 0.0124633 2.384 303 49 2 2 0
./complex_md-fit_633.pdb BC A 7.60231 41.3036 -9.21052 -7.46365 -12.7506 -22.8145 -1.20394 40.5921 -22.0841 5.89028 7.2217 3.13956 0 0 0 0.28412 2.78132 -0.0289758 0 0 0 0 0.00746444 2.384 303 46 2 2 0
./complex_md-fit_634.pdb BC A 7.27373 34.3219 -10.2368 -7.39501 -12.1807 -23.3587 -1.0737 42.8785 -22.2577 3.11062 7.21155 2.40549 0 0 0 0.402955 2.4638 0.0198664 0 0 0 0 0 2.384 303 49 0 0 0
./complex_md-fit_635.pdb BC A 9.05756 37.6919 -15.6137 -7.79422 -14.3031 -22.5036 -1.03913 39.3482 -22.3494 2.69565 8.52629 1.29038 0 0 0 0.506059 1.9474 0.00902304 0 0 0 0 0 2.384 303 47 0 0 0
./complex_md-fit_636.pdb BC A 7.00442 38.446 -7.80597 -6.31772 -10.4423 -24.4481 -1.05433 43.1676 -24.2769 6.82511 6.62662 1.725 0 0 0 0.405317 2.6908 -0.0162412 0 0 0 0 0 2.384 303 50 2 2 0
./complex_md-fit_637.pdb BC A 7.64598 33.9085 -11.6769 -9.31197 -13.4849 -23.5337 -1.2441 40.6118 -23.0162 5.54636 9.51001 2.54538 0 0 0 0.671445 2.04469 0.0289858 0 0 0 0 0 2.384 303 46 2 2 0
./complex_md-fit_638.pdb BC A 7.1945 33.665 -13.0775 -6.67228 -11.1101 -24.3777 -1.09901 41.8761 -23.9863 2.18744 7.22383 2.3294 0 0 0 0.519928 2.30297 0.0188647 0 0 0 0 0.012348 2.384 303 46 0 0 0
./complex_md-fit_639.pdb BC A 7.613 36.0063 -12.8703 -6.87902 -14.8826 -23.6596 -1.17819 40.5351 -23.5761 4.82487 8.97472 2.65375 0 0 0 0.33809 2.46057 -0.0212926 0 0 0 0 0 2.384 303 46 0 0 0
./complex_md-fit_63.pdb BC A 8.27901 36.42 -8.23331 -7.07696 -15.1929 -22.9417 -1.23674 42.1359 -22.0894 5.26652 9.89191 2.63775 0 0 0 0.34888 2.02935 0.0233494 0 0 0 0 0 2.384 303 47 1 1 0
./complex_md-fit_640.pdb BC A 9.96644 45.5901 -14.2783 -7.32109 -12.3716 -22.3584 -1.13108 38.1645 -22.4159 2.45938 8.03102 2.32725 0 0 0 0.355971 2.48108 -0.0183547 0 0 0 0 0 2.384 303 46 0 0 0
./complex_md-fit_641.pdb BC A 6.92899 28.9615 -7.80701 -6.47161 -9.89506 -22.5063 -0.831412 40.7168 -22.2651 4.76985 6.90118 1.66794 0 0 0 0.118307 2.31459 -0.0115192 0 0 0 0 0 2.384 303 47 0 0 0
./complex_md-fit_642.pdb BC A 6.26604 35.5368 -6.93996 -8.52146 -10.9748 -23.3424 -0.932835 41.2028 -22.7909 7.56527 8.88323 1.83929 0 0 0 0.159 2.53509 -0.0271517 0 0 0 0 0 2.384 303 50 2 2 0
./complex_md-fit_643.pdb BC A 6.13406 31.6209 -11.9085 -5.28845 -13.7253 -24.0197 -1.07049 41.4112 -23.639 3.14244 8.08616 2.57 0 0 0 0.658248 2.53618 -0.0335764 0 0 0 0 0 2.384 303 48 0 0 0
./complex_md-fit_644.pdb BC A 7.13533 41.9976 -8.91396 -5.78258 -13.959 -24.2871 -1.0864 43.9108 -23.8167 2.50448 9.84774 3.64933 0 0 0 0.12075 3.9151 -0.0152448 0 0 0 0 0 2.384 303 49 0 0 0
./complex_md-fit_645.pdb BC A 7.24506 33.4337 -16.2826 -8.32507 -17.2641 -25.1818 -1.22572 42.5217 -24.9961 6.24541 8.26461 3.40669 0 0 0 0.264564 3.90715 0.00214991 0 0 0 0 0.00507667 2.384 303 50 1 1 0
./complex_md-fit_646.pdb BC A 10.9981 28.1653 -11.9353 -7.32604 -13.6323 -24.5286 -1.15177 43.2059 -23.852 4.91801 8.00935 2.09957 0 0 0 0.294262 2.77787 0.000317944 0 0 0 0 0.0279434 2.384 303 47 0 0 0
./complex_md-fit_647.pdb BC A 9.24523 33.2014 -8.66134 -7.40321 -13.9294 -25.448 -0.924724 45.4995 -25.258 6.21463 9.24719 3.18821 0 0 0 0.133425 2.76499 0.0190112 0 0 0 0 0 2.384 303 49 1 1 0
./complex_md-fit_648.pdb BC A 8.18366 33.7317 -9.69116 -7.64348 -15.9347 -23.7678 -1.0952 42.6438 -23.4397 7.35138 8.54264 2.93427 0 0 0 0.722936 2.10355 -0.00524916 0 0 0 0 0 2.384 303 50 1 1 0
./complex_md-fit_649.pdb BC A 8.52649 45.8733 -4.33361 -7.39825 -11.9158 -23.779 -1.06771 41.1953 -23.3742 9.2945 9.04769 3.43951 0 0 0 0.191806 2.91493 0.0261612 0 0 0 0 0.00636558 2.384 303 48 2 2 0
./complex_md-fit_64.pdb BC A 6.29186 32.7156 -19.1384 -9.75787 -18.4054 -23.0481 -1.10307 38.9025 -22.4807 4.23585 9.82689 2.26272 0 0 0 0.425241 2.30131 2.77556e-17 0 0 0 0 0.00345492 2.384 303 49 0 0 0
./complex_md-fit_650.pdb BC A 10.0088 37.6724 -13.6158 -6.33431 -13.3308 -23.9001 -1.07805 40.2858 -23.824 4.67216 6.03841 3.62325 0 0 0 0.247494 3.60982 -0.0156146 0 0 0 0 0 2.384 303 50 2 2 0
./complex_md-fit_651.pdb BC A 9.9739 28.2035 -9.33369 -6.10784 -12.9101 -23.5162 -1.13614 41.4557 -23.2897 5.98801 6.16797 3.76851 0 0 0 0.255216 2.99387 -0.0353282 0 0 0 0 0.0262339 2.384 303 51 1 1 0
./complex_md-fit_652.pdb BC A 7.29907 34.3039 -10.0388 -7.63008 -14.5602 -23.9349 -1.01696 42.3556 -23.2215 7.46124 6.66858 3.49572 0 0 0 0.363072 2.03152 -0.0350264 0 0 0 0 0.0157566 2.384 303 49 2 2 0
./complex_md-fit_653.pdb BC A 8.33893 33.1034 -14.1988 -7.49079 -12.9742 -22.2065 -0.865504 38.2774 -21.49 0.917648 7.9907 3.41148 0 0 0 0.280635 2.47961 -0.0495159 0 0 0 0 0 2.384 303 47 0 0 0
./complex_md-fit_654.pdb BC A 9.13233 33.4246 -9.96893 -5.78612 -11.2653 -23.6581 -1.02695 40.8552 -23.6953 3.20755 6.72891 3.66659 0 0 0 1.0076 2.13895 -0.0121462 0 0 0 0 0.00917674 2.384 303 50 0 0 0
./complex_md-fit_655.pdb BC A 6.62271 32.8276 -10.2476 -5.50676 -14.1824 -23.1611 -1.20104 40.9307 -22.9996 4.33112 7.66587 3.63523 0 0 0 0.213583 2.59055 0.0247819 0 0 0 0 0.00194855 2.384 303 50 0 0 0
./complex_md-fit_656.pdb BC A 8.89282 37.6882 -14.9478 -7.53522 -16.0846 -23.4066 -1.14163 40.6045 -22.9453 3.67805 8.37802 3.14582 0 0 0 0.383779 2.21572 -0.030754 0 0 0 0 0.00613509 2.384 303 45 1 1 0
./complex_md-fit_657.pdb BC A 10.1763 30.6467 -3.58413 -5.98418 -8.35179 -23.0836 -1.03464 40.9327 -22.838 5.90738 7.0649 3.2036 0 0 0 0.599477 2.4836 0 0 0 0 0 0 2.384 303 47 0 0 0
./complex_md-fit_658.pdb BC A 9.73667 41.744 -14.7733 -7.99546 -12.8182 -24.1384 -1.16119 41.3613 -23.6031 3.88967 6.34309 3.04112 0 0 0 0.289072 2.8337 0.00229245 0 0 0 0 0.0164738 2.384 303 49 0 0 0
./complex_md-fit_659.pdb BC A 7.55771 39.5869 -13.8851 -7.34426 -13.1156 -23.7015 -1.06308 39.6046 -23.8187 4.98826 7.39229 2.75894 0 0 0 0.432943 2.54026 -0.0286229 0 0 0 0 0.009649 2.384 303 46 1 1 0
./complex_md-fit_65.pdb BC A 7.61519 28.2837 -13.9752 -7.04848 -15.5392 -21.4701 -1.10388 37.3148 -20.8714 1.60439 9.14901 3.11869 0 0 0 0.869385 3.17855 -0.00303061 0 0 0 0 0.00462203 2.384 303 48 0 0 0
./complex_md-fit_660.pdb BC A 8.35338 36.5058 -13.6806 -7.58537 -14.2288 -24.7222 -1.07468 42.8042 -24.2706 2.95236 8.85073 3.48199 0 0 0 0.129035 2.94617 -0.0277114 0 0 0 0 0.0104001 2.384 303 50 0 0 0
./complex_md-fit_661.pdb BC A 6.9463 32.7161 -7.50207 -5.25391 -14.2976 -22.7804 -1.05776 40.7836 -22.207 4.94481 8.73296 3.42639 0 0 0 0.189924 2.19117 0.00502589 0 0 0 0 0.0118374 2.384 303 48 0 0 0
./complex_md-fit_662.pdb BC A 11.5884 32.321 -6.44795 -5.45423 -11.005 -21.533 -1.19996 38.0961 -21.2793 6.47271 7.45714 1.80815 0 0 0 0.194581 2.13205 -0.00622378 0 0 0 0 0.000996338 2.384 303 48 1 1 0
./complex_md-fit_663.pdb BC A 8.11129 38.8232 -13.0443 -7.54458 -16.7227 -23.5381 -1.21153 42.0809 -23.0596 4.81791 9.00254 2.22508 0 0 0 0.938335 3.2202 -0.0358597 0 0 0 0 0.00336628 2.384 303 50 0 0 0
./complex_md-fit_664.pdb BC A 8.16686 32.7958 -4.4439 -6.6402 -11.7573 -23.194 -1.08504 42.3782 -22.6263 5.77746 8.59707 3.894 0 0 0 0.220715 2.68098 -0.0146749 0 0 0 0 0.00615375 2.384 303 48 0 0 0
./complex_md-fit_665.pdb BC A 8.1106 36.5952 -10.1764 -7.05241 -12.0594 -23.1298 -1.21 40.8455 -22.8655 4.05628 7.81269 2.8104 0 0 0 0.618151 2.54571 -0.00228588 0 0 0 0 0 2.384 303 51 0 0 0
./complex_md-fit_666.pdb BC A 7.18454 41.848 -12.3336 -6.6058 -15.3644 -23.7155 -1.08219 43.3311 -23.5879 4.16191 7.00351 2.74392 0 0 0 0.771937 2.63733 0.00988022 0 0 0 0 0 2.384 303 50 1 1 0
./complex_md-fit_667.pdb BC A 9.24177 32.0673 -11.2346 -8.21015 -14.2359 -23.3044 -1.02649 40.5703 -23.1072 4.68495 9.2241 3.70442 0 0 0 0.446982 2.23715 0.0187506 0 0 0 0 0 2.384 303 51 1 1 0
./complex_md-fit_668.pdb BC A 8.43055 37.7221 -12.5806 -7.28095 -13.996 -23.2809 -1.10937 41.6284 -22.9447 3.16141 7.54813 3.4113 0 0 0 0.279231 2.66507 0.00290204 0 0 0 0 0 2.384 303 51 0 0 0
./complex_md-fit_669.pdb BC A 6.84778 31.8673 -8.33677 -6.12902 -10.8913 -22.4601 -0.917355 38.6495 -22.1362 3.89955 7.46416 3.82073 0 0 0 0.370377 2.39412 -0.0070763 0 0 0 0 0 2.384 303 51 2 2 0
./complex_md-fit_66.pdb BC A 8.55032 34.3247 -11.5458 -6.93816 -14.3547 -22.3453 -1.18974 38.9625 -22.0144 3.88148 8.98168 3.22513 0 0 0 0.245766 1.84596 -5.55112e-17 0 0 0 0 0 2.384 303 50 2 2 0
./complex_md-fit_670.pdb BC A 7.99233 30.1608 -7.52528 -5.64217 -13.527 -21.7314 -1.08201 39.62 -21.5407 5.17701 7.66521 3.19991 0 0 0 0.345542 2.31508 -0.0096967 0 0 0 0 0 2.384 303 46 2 2 0
./complex_md-fit_671.pdb BC A 7.53833 41.358 -8.90187 -5.35934 -12.5623 -23.3946 -1.23268 42.3936 -23.0424 5.26032 7.04875 1.51245 0 0 0 0.452688 2.48257 0.0216094 0 0 0 0 0 2.384 303 49 1 1 0
./complex_md-fit_672.pdb BC A 8.28508 33.5762 -8.15648 -6.33003 -11.3437 -22.8386 -1.05473 41.6937 -22.4796 4.39194 6.85302 2.70543 0 0 0 0.25977 2.20534 -0.0137367 0 0 0 0 0 2.384 303 51 1 1 0
./complex_md-fit_673.pdb BC A 9.45944 34.3384 -10.5498 -5.81357 -12.7865 -22.7076 -0.909326 39.1488 -22.0317 2.34237 8.18771 3.90053 0 0 0 0.119496 1.86302 0 0 0 0 0 0 2.384 303 46 0 0 0
./complex_md-fit_674.pdb BC A 8.4619 43.2931 -9.41832 -5.00352 -10.3243 -24.3014 -1.08832 43.2036 -24.8961 3.10566 6.84861 2.52673 0 0 0 0.51087 2.2977 1.11022e-16 0 0 0 0 0 2.384 303 49 0 0 0
./complex_md-fit_675.pdb BC A 7.169 38.2169 -11.6473 -7.13836 -12.224 -23.215 -1.04132 40.8385 -22.7634 3.80445 7.16651 2.89891 0 0 0 0.054675 2.63987 -0.0282882 0 0 0 0 0 2.384 303 50 0 0 0
./complex_md-fit_676.pdb BC A 6.56638 35.3678 -6.94966 -5.17509 -13.2496 -22.4451 -1.06865 39.9012 -21.9182 6.99055 6.7236 3.18583 0 0 0 0.115579 2.36527 -0.00977743 0 0 0 0 0 2.384 303 48 2 2 0
./complex_md-fit_677.pdb BC A 7.71392 29.7908 -8.59886 -6.51677 -11.3307 -22.3363 -0.965861 39.1962 -21.7508 5.94324 6.37578 2.41585 0 0 0 0.370513 2.18729 0 0 0 0 0 0 2.384 303 47 1 1 0
./complex_md-fit_678.pdb BC A 7.5638 38.0315 -8.82661 -6.76581 -11.5427 -23.7099 -1.03296 42.3515 -22.8283 4.53447 7.73008 1.90934 0 0 0 0.471231 2.79783 0.0228574 0 0 0 0 0.0336998 2.384 303 48 0 0 0
./complex_md-fit_679.pdb BC A 9.56093 33.5225 -14.097 -8.56312 -14.5306 -23.5427 -1.12157 41.7216 -22.8845 2.73868 7.88962 3.55218 0 0 0 0.643352 2.41473 0 0 0 0 0 0 2.384 303 48 0 0 0
./complex_md-fit_67.pdb BC A 5.59951 37.1404 -10.1332 -4.80731 -12.5839 -20.7281 -1.00758 35.652 -20.6217 3.55978 7.99148 2.25519 0 0 0 0.156845 3.13841 0 0 0 0 0 0 2.384 303 47 0 0 0
./complex_md-fit_680.pdb BC A 7.98308 34.3349 -9.32281 -4.74929 -13.0954 -23.7766 -1.04631 42.8689 -23.0575 3.89694 6.79476 2.74642 0 0 0 0.126065 4.5402 -0.0307869 0 0 0 0 0 2.384 303 49 0 0 0
./complex_md-fit_681.pdb BC A 7.21763 41.6909 -8.12627 -7.77112 -11.075 -24.4172 -0.945046 42.6301 -24.8191 5.82605 8.73402 3.39787 0 0 0 0.26685 3.79832 0.0194417 0 0 0 0 0.0268913 2.384 303 48 2 2 0
./complex_md-fit_682.pdb BC A 6.98704 32.5408 -10.8008 -6.21495 -11.5871 -23.805 -0.750235 41.5711 -23.3359 3.00667 6.85557 3.14289 0 0 0 0.356846 3.70825 -0.0407694 0 0 0 0 0 2.384 303 50 0 0 0
./complex_md-fit_683.pdb BC A 7.88065 35.426 -8.31894 -6.16412 -12.2626 -22.0432 -1.25456 39.697 -21.2373 3.73903 8.41769 2.1708 0 0 0 0.627346 2.27256 -0.00911474 0 0 0 0 0 2.384 303 47 1 1 0
./complex_md-fit_684.pdb BC A 8.68032 32.1702 -10.9756 -6.21084 -12.2162 -23.4432 -1.00043 39.8257 -23.6607 4.26054 7.90562 3.35875 0 0 0 0.205174 2.19384 1.11022e-16 0 0 0 0 0 2.384 303 50 1 1 0
./complex_md-fit_685.pdb BC A 7.05774 33.1159 -10.0879 -5.84367 -12.3241 -22.5353 -1.16841 40.1647 -22.4651 4.76383 6.87364 2.02374 0 0 0 0.410022 2.63468 0.012601 0 0 0 0 0 2.384 303 49 2 2 0
./complex_md-fit_686.pdb BC A 7.1639 35.5374 -10.118 -6.28568 -10.7348 -22.1651 -0.82336 37.9567 -22.0432 3.17914 7.35589 3.24216 0 0 0 0.200269 2.06855 0 0 0 0 0 0 2.384 303 49 0 0 0
./complex_md-fit_687.pdb BC A 5.86384 32.2806 -11.4481 -7.29051 -10.6156 -22.2279 -0.85655 37.9754 -22.4397 3.43484 7.07568 3.25975 0 0 0 0.186425 1.81848 0.018993 0 0 0 0 0.0311638 2.384 303 52 0 0 0
./complex_md-fit_688.pdb BC A 6.78157 40.0399 -7.65356 -4.68293 -11.9577 -22.1219 -0.884092 39.1623 -22.2395 4.74473 6.92129 3.23434 0 0 0 0.173986 2.02292 -0.0107668 0 0 0 0 0.00654519 2.384 303 49 0 0 0
./complex_md-fit_689.pdb BC A 8.29881 36.6136 -9.259 -5.53542 -11.2316 -22.2486 -1.06247 38.7978 -22.3946 4.77902 5.90091 2.75961 0 0 0 0.982848 2.20503 -0.00648213 0 0 0 0 0 2.384 303 52 1 1 0
./complex_md-fit_68.pdb BC A 7.07668 34.6515 -10.4591 -6.11595 -15.7869 -21.2027 -1.03327 37.1262 -21.5053 5.24749 8.96651 3.54692 0 0 0 0.297894 2.92674 0 0 0 0 0 0 2.384 303 46 1 1 0
./complex_md-fit_690.pdb BC A 8.66931 30.393 -13.4176 -5.20992 -12.9142 -21.9232 -0.9519 37.7834 -22.2479 1.92643 6.13616 3.67136 0 0 0 0.321392 2.47021 -0.0236604 0 0 0 0 0.0143994 2.384 303 52 0 0 0
./complex_md-fit_691.pdb BC A 9.60628 41.3938 -16.3122 -6.42615 -16.6993 -22.1634 -1.16659 39.1729 -22.138 1.71606 8.65885 2.42802 0 0 0 0.258669 3.11446 0.0131019 0 0 0 0 0.0335798 2.384 303 47 0 0 0
./complex_md-fit_692.pdb BC A 7.38405 42.4954 -12.475 -7.19793 -13.5579 -23.4751 -1.07236 40.2188 -23.3417 3.77808 7.66093 3.88889 0 0 0 0.605828 3.00092 0.0174623 0 0 0 0 0 2.384 303 50 0 0 0
./complex_md-fit_693.pdb BC A 8.89922 41.9009 -10.3652 -5.48692 -12.6849 -21.965 -1.2334 39.8298 -21.7974 3.64225 6.37857 2.41184 0 0 0 0.550548 2.08451 -0.0105785 0 0 0 0 0 2.384 303 53 0 0 0
./complex_md-fit_694.pdb BC A 7.79527 38.2403 -9.93084 -5.52417 -13.4006 -22.873 -1.06568 39.9045 -22.6137 3.72447 7.43487 4.05534 0 0 0 0.36136 2.95454 0.0487217 0 0 0 0 0.0169972 2.384 303 48 0 0 0
./complex_md-fit_695.pdb BC A 8.02439 39.3944 -9.00266 -6.01329 -14.5219 -22.7278 -1.24128 40.785 -22.28 5.8441 7.13827 3.75372 0 0 0 0.236101 2.52612 0.024319 0 0 0 0 0 2.384 303 49 0 0 0
./complex_md-fit_696.pdb BC A 6.96103 41.9567 -9.86734 -6.37192 -13.3036 -22.8738 -1.12839 39.4926 -22.4972 5.58126 7.78249 3.06438 0 0 0 0.360578 2.72247 0.0263566 0 0 0 0 0 2.384 303 50 0 0 0
./complex_md-fit_697.pdb BC A 7.51674 36.1535 -6.30075 -5.75336 -10.3949 -22.2277 -1.32202 39.4921 -22.1869 4.41023 7.52323 3.58186 0 0 0 0.576818 3.6305 0 0 0 0 0 0 2.384 303 48 0 0 0
./complex_md-fit_698.pdb BC A 9.50128 32.2079 -12.8329 -7.8906 -12.2957 -21.9157 -0.975953 38.6519 -21.6946 3.75207 6.94396 1.89307 0 0 0 0.698658 2.34071 0 0 0 0 0 0 2.384 303 48 0 0 0
./complex_md-fit_699.pdb BC A 6.72589 28.2195 -10.9112 -6.0178 -11.1491 -21.3654 -0.828501 37.2791 -21.3881 3.88703 5.808 2.72441 0 0 0 0.135619 1.85391 0 0 0 0 0 0.00364824 2.384 303 47 0 0 0
./complex_md-fit_69.pdb BC A 6.79591 30.7463 -12.1106 -7.29201 -13.1538 -21.6889 -0.935043 37.6208 -21.7941 5.32316 7.49887 1.90154 0 0 0 0.379686 2.31717 0.0292951 0 0 0 0 0 2.384 303 45 1 1 0
./complex_md-fit_6.pdb BC A 8.15454 27.2008 -16.8852 -11.3836 -10.9152 -23.8339 -0.897444 37.5149 -25.879 3.39041 7.71808 6.97967 0 0 0 0.420982 2.23528 0 0 0 0 0 0 2.384 303 48 1 1 0
./complex_md-fit_700.pdb BC A 5.94761 26.475 -15.2841 -7.42554 -14.1987 -23.2899 -0.983195 39.8339 -23.1065 3.30333 7.4837 2.61565 0 0 0 0.493447 2.20509 -0.0103035 0 0 0 0 0 2.384 303 49 0 0 0
./complex_md-fit_701.pdb BC A 7.99624 27.4518 -9.11904 -5.75373 -13.7975 -21.2712 -1.23326 36.6104 -21.0373 5.98992 8.16408 2.5659 0 0 0 0.634829 1.93022 0 0 0 0 0 0.00884934 2.384 303 48 2 2 0
./complex_md-fit_702.pdb BC A 6.3688 37.2916 -10.2538 -6.4939 -13.685 -22.9677 -1.12645 40.4692 -22.5684 6.3616 7.25272 2.00438 0 0 0 0.468395 2.78013 0.0313439 0 0 0 0 0 2.384 303 50 2 2 0
./complex_md-fit_703.pdb BC A 7.07213 37.1139 -10.5004 -5.8587 -15.3194 -23.6115 -1.13238 41.4854 -23.7431 6.67405 7.7518 2.54903 0 0 0 0.693716 3.46346 0.0106785 0 0 0 0 0 2.384 303 51 1 1 0
./complex_md-fit_704.pdb BC A 9.06822 31.4289 -8.53552 -5.48443 -13.1785 -22.2758 -1.32931 38.9989 -22.2283 6.00158 7.15353 3.08381 0 0 0 0.704149 3.06689 -5.55112e-17 0 0 0 0 0.0187517 2.384 303 47 1 1 0
./complex_md-fit_705.pdb BC A 7.96428 32.6062 -9.33165 -5.32986 -9.12337 -22.9407 -1.02766 38.9895 -23.5923 4.63931 6.28651 2.14173 0 0 0 0.625129 2.19611 0 0 0 0 0 0 2.384 303 49 0 0 0
./complex_md-fit_706.pdb BC A 6.40406 34.2553 -13.5778 -5.21699 -11.4331 -22.8587 -1.04416 39.8038 -23.0955 1.50152 6.81051 1.53252 0 0 0 0.422193 2.11394 0 0 0 0 0 0 2.384 303 50 0 0 0
./complex_md-fit_707.pdb BC A 11.0481 38.462 -11.974 -7.2257 -11.3004 -22.4085 -0.898166 39.2077 -22.3239 4.18541 7.10253 1.3823 0 0 0 0.285541 3.32037 0.0191431 0 0 0 0 0 2.384 303 49 0 0 0
./complex_md-fit_708.pdb BC A 7.52437 41.7419 -5.73073 -4.88265 -10.7158 -22.4073 -1.12629 38.6565 -22.2504 7.82979 7.24314 1.38213 0 0 0 0.518055 3.01448 0.0222057 0 0 0 0 0 2.384 303 51 2 2 0
./complex_md-fit_709.pdb BC A 9.39008 37.1547 -11.9179 -6.16682 -13.6982 -23.5971 -1.06939 42.2224 -23.5721 3.24244 7.57469 2.26819 0 0 0 0.878011 2.73701 0 0 0 0 0 0 2.384 303 50 0 0 0
./complex_md-fit_70.pdb BC A 5.95176 30.7772 -10.9993 -7.12664 -15.187 -21.1299 -1.02162 36.5549 -20.9906 5.40564 8.70183 3.42293 0 0 0 0.371267 1.93866 0 0 0 0 0 0 2.384 303 46 1 1 0
./complex_md-fit_710.pdb BC A 6.46557 41.0168 -6.65952 -5.7366 -9.46313 -21.439 -0.903794 38.3138 -21.6758 5.87483 6.44343 1.72014 0 0 0 0.206625 2.47136 0 0 0 0 0 0 2.384 303 49 2 2 0
./complex_md-fit_711.pdb BC A 8.74734 33.3956 -3.70865 -5.47289 -11.8245 -22.4342 -1.04821 42.0725 -22.1345 6.10415 8.23345 2.64128 0 0 0 0.154289 1.55557 2.77556e-17 0 0 0 0 0 2.384 303 49 0 0 0
./complex_md-fit_712.pdb BC A 8.06512 42.6632 -7.23463 -5.20305 -13.3599 -22.7529 -0.991568 40.4358 -22.56 6.53323 7.15179 3.2041 0 0 0 0.331789 2.12156 -0.0285958 0 0 0 0 0.00461458 2.384 303 50 1 1 0
./complex_md-fit_713.pdb BC A 6.55264 32.8283 -1.57517 -4.75249 -9.01203 -22.5684 -1.0997 40.5893 -22.7383 8.77522 7.36378 1.45517 0 0 0 0.323447 3.22748 0.080544 0 0 0 0 0.0082655 2.384 303 45 2 2 0
./complex_md-fit_714.pdb BC A 8.59321 33.2053 -10.0181 -5.06768 -12.3134 -22.8356 -1.04013 40.4873 -22.6188 3.60987 6.4059 2.68535 0 0 0 0.640116 2.22342 0.0110126 0 0 0 0 0.0178991 2.384 303 48 0 0 0
./complex_md-fit_715.pdb BC A 8.66018 42.1342 -11.563 -8.59964 -11.8195 -23.7863 -1.17168 42.3848 -23.4942 4.797 7.74765 1.72166 0 0 0 0.619606 2.29495 0 0 0 0 0 0.0376136 2.384 303 48 1 1 0
./complex_md-fit_716.pdb BC A 8.4 38.0626 -7.10075 -7.41242 -12.3283 -23.7496 -1.14056 42.7313 -23.7614 7.28656 8.59396 2.26304 0 0 0 0.410037 3.44647 0.00672915 0 0 0 0 0 2.384 303 51 1 1 0
./complex_md-fit_717.pdb BC A 7.91758 38.8643 -10.0747 -6.26342 -13.9513 -23.501 -1.06051 42.5272 -23.4801 4.17805 8.3636 2.96363 0 0 0 0.129571 2.75983 1.11022e-16 0 0 0 0 0.0195364 2.384 303 49 0 0 0
./complex_md-fit_718.pdb BC A 7.80703 34.3724 -12.5661 -6.65335 -13.7489 -23.7202 -1.19219 41.8749 -23.6882 4.42987 7.71405 1.8831 0 0 0 0.593189 2.35407 -0.0583346 0 0 0 0 0 2.384 303 49 1 1 0
./complex_md-fit_719.pdb BC A 6.57591 42.2908 -8.62913 -5.52149 -13.1587 -22.6258 -1.08015 42.0046 -22.4087 3.4036 7.70689 2.78761 0 0 0 0.270921 2.08865 -0.012971 0 0 0 0 0.00506507 2.384 303 47 0 0 0
./complex_md-fit_71.pdb BC A 7.42613 35.6501 -11.1749 -5.41621 -13.8283 -21.0089 -1.05744 37.1667 -20.5284 3.09345 7.15617 2.59871 0 0 0 0.62422 3.07327 0.0250355 0 0 0 0 0 2.384 303 48 0 0 0
./complex_md-fit_720.pdb BC A 7.37111 36.2425 -9.52894 -6.65271 -13.0746 -22.541 -0.960676 40.4152 -22.4722 3.81653 8.82039 2.89051 0 0 0 0.224345 2.11819 5.55112e-17 0 0 0 0 0.00529739 2.384 303 47 0 0 0
./complex_md-fit_721.pdb BC A 8.15664 35.6505 -9.44404 -6.05518 -12.1543 -23.2167 -1.15693 40.376 -23.612 3.90794 9.51405 2.66904 0 0 0 0.284138 2.39748 -0.0111954 0 0 0 0 0.0110651 2.384 303 47 0 0 0
./complex_md-fit_722.pdb BC A 11.112 26.356 -12.5661 -4.60381 -12.2087 -22.3921 -1.12325 37.6406 -22.9998 4.88796 6.5574 1.55823 0 0 0 0.147495 2.85227 -0.0306799 0 0 0 0 0.000529761 2.384 303 47 0 0 0
./complex_md-fit_723.pdb BC A 10.7028 40.6475 -2.57761 -5.44829 -9.79352 -22.3611 -1.28132 40.4488 -22.4518 7.67862 8.27059 1.85089 0 0 0 0.532836 2.66267 -0.0232963 0 0 0 0 0 2.384 303 48 2 2 0
./complex_md-fit_724.pdb BC A 8.69102 41.6658 -9.27 -7.49772 -7.64597 -22.0692 -0.965676 37.8397 -22.2969 4.35174 6.5095 2.15008 0 0 0 0.327627 3.28355 0.0269339 0 0 0 0 0 2.384 303 46 1 1 0
./complex_md-fit_725.pdb BC A 8.18043 34.1091 -9.67662 -5.64698 -12.0759 -23.7985 -1.39227 42.0523 -23.8217 5.12387 7.576 1.67723 0 0 0 0.606537 1.80588 0.022782 0 0 0 0 0 2.384 303 46 2 2 0
./complex_md-fit_726.pdb BC A 7.20776 27.1079 -12.7659 -8.64887 -11.0058 -22.8056 -1.03932 38.2438 -23.1613 6.94629 7.18187 1.38558 0 0 0 0.1364 2.00959 0 0 0 0 0 0.00108746 2.384 303 46 2 2 0
./complex_md-fit_727.pdb BC A 6.88705 33.3235 -12.0733 -6.97282 -12.6432 -21.5119 -1.07513 38.9133 -21.0651 2.60139 7.00494 1.98686 0 0 0 0.688247 3.28321 0 0 0 0 0 0 2.384 303 47 0 0 0
./complex_md-fit_728.pdb BC A 7.60899 36.4766 -9.02889 -4.16392 -12.8921 -22.2546 -1.09477 38.8262 -22.4539 4.59131 6.82509 2.53206 0 0 0 1.02313 2.94753 0.0326374 0 0 0 0 0 2.384 303 50 0 0 0
./complex_md-fit_729.pdb BC A 11.4787 35.9465 -11.9709 -5.94388 -13.6892 -21.5 -1.04181 36.7612 -21.4737 5.34024 6.41549 3.01442 0 0 0 0.108542 2.22351 0.0314041 0 0 0 0 0.00635593 2.384 303 51 1 1 0
./complex_md-fit_72.pdb BC A 8.19578 38.6337 -12.5317 -6.80606 -10.7446 -19.8447 -0.961409 32.8971 -19.9561 3.30268 6.30043 2.58637 0 0 0 0.668923 1.83584 0.0256663 0 0 0 0 0 2.384 303 47 1 1 0
./complex_md-fit_730.pdb BC A 9.14897 32.5567 -7.17509 -5.48623 -13.2595 -22.235 -1.16537 39.123 -22.2239 6.54538 8.17756 3.23117 0 0 0 0.145776 2.13434 -0.0281046 0 0 0 0 0 2.384 303 50 2 2 0
./complex_md-fit_731.pdb BC A 7.97808 36.6239 -6.42445 -5.01773 -10.5524 -21.5868 -1.00548 38.4198 -21.6839 5.34029 6.26216 3.26403 0 0 0 0.114737 2.17162 0.0208215 0 0 0 0 0 2.384 303 49 1 1 0
./complex_md-fit_732.pdb BC A 9.13901 39.9201 -8.30905 -5.88356 -11.226 -20.8567 -1.1238 35.7996 -20.974 5.52965 7.14243 2.88183 0 0 0 0.384116 2.44239 0.0173643 0 0 0 0 0 2.384 303 51 1 1 0
./complex_md-fit_733.pdb BC A 8.45341 36.6401 -9.61243 -5.296 -10.4552 -21.6517 -0.962871 37.6896 -21.3732 3.00666 7.15067 2.18297 0 0 0 0.108328 3.68688 -0.0115812 0 0 0 0 0 2.384 303 50 0 0 0
./complex_md-fit_734.pdb BC A 10.3276 41.7651 -3.82077 -5.30926 -12.621 -23.2236 -1.04282 43.3972 -22.5921 6.64847 7.57024 2.81582 0 0 0 0.536341 2.00926 0 0 0 0 0 0 2.384 303 51 2 2 0
./complex_md-fit_735.pdb BC A 6.45912 41.3752 -5.81691 -6.10765 -10.6035 -21.0758 -1.11222 39.63 -20.7713 4.59075 6.82805 2.61851 0 0 0 0.163662 2.29474 0.0226291 0 0 0 0 0 2.384 303 50 0 0 0
./complex_md-fit_736.pdb BC A 8.48942 33.8949 -10.9424 -7.57283 -12.3119 -21.9717 -1.09694 38.4081 -22.3162 4.30719 8.61002 2.42344 0 0 0 0.560357 1.99194 -2.77556e-17 0 0 0 0 0.0180562 2.384 303 46 2 2 0
./complex_md-fit_737.pdb BC A 7.90061 37.3645 -13.5789 -7.45901 -13.3192 -20.4448 -1.05545 36.1568 -20.2804 3.58968 6.95175 1.98441 0 0 0 0.26904 2.06471 0.0089065 0 0 0 0 0.0193391 2.384 303 46 0 0 0
./complex_md-fit_738.pdb BC A 11.2946 36.7797 -10.4216 -5.49737 -12.6412 -23.098 -0.76664 40.9352 -23.3526 3.73461 7.65914 2.18992 0 0 0 0.394515 3.31332 0.0209652 0 0 0 0 0 2.384 303 49 0 0 0
./complex_md-fit_739.pdb BC A 8.7703 40.0066 -15.4974 -6.80907 -11.5466 -20.8687 -1.09155 35.9417 -20.7737 1.53922 5.39058 2.1555 0 0 0 0.570969 1.98434 -0.0264157 0 0 0 0 0.0206644 2.384 303 49 0 0 0
./complex_md-fit_73.pdb BC A 7.01805 32.5526 -11.0096 -6.16771 -11.2245 -19.4354 -0.942244 33.226 -19.6201 3.0863 6.64854 3.10943 0 0 0 0.310183 1.88501 0 0 0 0 0 0 2.384 303 46 0 0 0
./complex_md-fit_740.pdb BC A 6.88227 39.8064 -10.8847 -6.45236 -13.1075 -23.2463 -0.988936 40.5857 -23.0396 4.6304 6.80553 3.78427 0 0 0 0.215388 2.60671 -0.0712673 0 0 0 0 0 2.384 303 48 0 0 0
./complex_md-fit_741.pdb BC A 7.10962 42.7311 -16.0371 -7.25688 -15.292 -20.7794 -1.22939 36.6525 -20.8566 3.8154 6.026 2.47286 0 0 0 0.404816 2.17384 0.00562262 0 0 0 0 0 2.384 303 48 1 1 0
./complex_md-fit_742.pdb BC A 9.39432 36.2119 -11.4547 -7.04092 -12.6299 -22.4561 -0.974176 39.5928 -22.1954 4.83947 6.36115 2.73355 0 0 0 0.29319 2.85149 0.0128441 0 0 0 0 0.00877764 2.384 303 47 0 0 0
./complex_md-fit_743.pdb BC A 9.67082 33.1727 -10.0414 -7.68953 -13.967 -22.5251 -1.16363 40.3808 -22.2263 5.03454 8.45214 3.31518 0 0 0 0.34743 2.52668 0 0 0 0 0 0 2.384 303 51 1 1 0
./complex_md-fit_744.pdb BC A 9.47581 34.4368 -9.36658 -6.2732 -12.1312 -23.648 -1.03306 40.888 -23.4443 6.87169 6.92352 2.25749 0 0 0 0.188859 2.37294 0.0216067 0 0 0 0 0.0120948 2.384 303 50 1 1 0
./complex_md-fit_745.pdb BC A 10.4322 37.3658 -9.98845 -5.51711 -10.8568 -21.8379 -0.832587 37.9112 -21.952 2.97622 6.98569 2.61768 0 0 0 0.520869 2.8939 -0.00364575 0 0 0 0 0 2.384 303 49 0 0 0
./complex_md-fit_746.pdb BC A 7.60845 42.3523 -11.9185 -8.57761 -13.6826 -22.9403 -1.24558 40.8727 -22.5347 5.84739 7.13025 2.53554 0 0 0 0.65322 2.65493 0.0231842 0 0 0 0 0 2.384 303 50 2 2 0
./complex_md-fit_747.pdb BC A 9.63291 42.0616 -7.14245 -7.40205 -12.2732 -22.8733 -1.07338 42.2429 -22.1176 6.15523 6.57113 3.28114 0 0 0 0.321815 2.82753 0.0218769 0 0 0 0 0.00308649 2.384 303 47 2 2 0
./complex_md-fit_748.pdb BC A 8.21289 42.959 -11.5942 -7.36735 -17.2531 -22.988 -1.37492 40.8531 -22.5911 5.85955 9.42318 3.38097 0 0 0 0.466856 2.65541 -0.00354548 0 0 0 0 0 2.384 303 48 1 1 0
./complex_md-fit_749.pdb BC A 9.04313 37.7899 -11.8248 -8.43774 -14.0036 -23.2944 -0.895177 41.2262 -22.8893 3.7944 8.55822 3.69079 0 0 0 0.427718 2.46448 -0.00917761 0 0 0 0 0.00726786 2.384 303 47 0 0 0
./complex_md-fit_74.pdb BC A 5.79145 31.2278 -4.17571 -4.46874 -11.5823 -21.4452 -0.93096 37.7589 -21.6819 6.05476 8.30925 3.54924 0 0 0 0.238834 2.02151 0.0223328 0 0 0 0 0 2.384 303 47 1 1 0
./complex_md-fit_750.pdb BC A 7.82933 31.6953 -8.5317 -5.99849 -14.4782 -23.7429 -1.19028 43.8461 -23.0438 4.60511 7.54015 3.67733 0 0 0 0.253358 2.23972 0 0 0 0 0 0 2.384 303 48 0 0 0
./complex_md-fit_751.pdb BC A 10.7928 31.768 -6.50634 -6.39285 -11.298 -21.8417 -0.995799 39.7122 -21.6878 6.18301 6.39719 2.76652 0 0 0 0.66214 2.4628 -0.0112201 0 0 0 0 0 2.384 303 50 2 2 0
./complex_md-fit_752.pdb BC A 6.55036 36.9784 -10.1444 -4.71018 -9.96365 -20.732 -1.00733 37.4645 -20.2637 1.61683 5.10172 2.01567 0 0 0 0.294913 2.6789 0.0215466 0 0 0 0 0.0172843 2.384 303 49 0 0 0
./complex_md-fit_753.pdb BC A 8.47776 39.7179 -9.36178 -5.86116 -9.99304 -23.0854 -0.962615 39.8233 -23.1705 3.60031 6.0763 3.07842 0 0 0 1.12622 2.54708 -0.0123499 0 0 0 0 0.0186591 2.384 303 48 0 0 0
./complex_md-fit_754.pdb BC A 9.89686 39.4899 -7.26106 -6.2426 -10.0847 -22.505 -1.02267 39.513 -22.7076 4.24297 6.80003 4.08382 0 0 0 0.651415 2.53604 0.010252 0 0 0 0 0 2.384 303 49 0 0 0
./complex_md-fit_755.pdb BC A 7.48499 29.4518 -7.81866 -5.73409 -10.9142 -23.5239 -0.993315 41.751 -23.5411 4.97153 6.35787 3.52849 0 0 0 0.271647 2.60381 -0.0232378 0 0 0 0 0.0306214 2.384 303 50 2 2 0
./complex_md-fit_756.pdb BC A 9.08919 41.3821 -9.15575 -6.52878 -13.0572 -22.6925 -1.1653 39.4594 -22.8018 6.11751 6.931 4.34315 0 0 0 0.20584 2.50505 0 0 0 0 0 0.0329332 2.384 303 51 2 2 0
./complex_md-fit_757.pdb BC A 8.26727 38.1518 -12.9337 -6.51854 -11.1338 -23.6933 -0.963245 39.6764 -23.7348 3.69133 6.50969 3.02448 0 0 0 0.162882 2.48569 0.0104322 0 0 0 0 0.0347635 2.384 303 50 1 1 0
./complex_md-fit_758.pdb BC A 7.90349 28.028 -5.6658 -6.01684 -10.2495 -23.6378 -0.926321 42.4383 -23.6465 5.48844 7.20438 3.1631 0 0 0 0.470037 2.55739 0.0141799 0 0 0 0 0.0326938 2.384 303 51 1 1 0
./complex_md-fit_759.pdb BC A 7.09503 38.4333 -11.5615 -5.82099 -11.679 -21.9946 -1.0562 37.9436 -21.9219 3.08676 6.04974 2.84605 0 0 0 0.959215 3.32069 0.0258547 0 0 0 0 0 2.384 303 50 0 0 0
./complex_md-fit_75.pdb BC A 7.19023 31.9954 -7.91107 -7.67868 -10.6847 -21.047 -0.898252 37.4897 -20.7858 5.69291 7.19843 2.54803 0 0 0 0.232005 2.24307 0.0222176 0 0 0 0 0.000123821 2.384 303 45 2 2 0
./complex_md-fit_760.pdb BC A 7.75347 29.3369 -13.0291 -7.66027 -16.1525 -24.335 -1.16001 43.0204 -23.9457 6.91507 7.8646 2.11581 0 0 0 0.330859 4.73823 -0.0222871 0 0 0 0 0 2.384 303 50 2 2 0
./complex_md-fit_761.pdb BC A 6.97007 36.1013 -11.7513 -8.31767 -14.5606 -22.9153 -1.28788 40.2192 -22.8989 4.70307 10.0369 2.98037 0 0 0 0.293288 3.17732 -0.0098737 0 0 0 0 0.00610819 2.384 303 50 0 0 0
./complex_md-fit_762.pdb BC A 7.62561 40.0558 -12.4241 -8.40051 -13.8728 -22.53 -1.15618 39.1062 -22.3393 4.85319 8.5926 3.02397 0 0 0 0.290479 2.37842 0 0 0 0 0 0.00822293 2.384 303 46 0 0 0
./complex_md-fit_763.pdb BC A 7.79995 36.9301 -11.7638 -7.39664 -11.7179 -22.8115 -1.07915 38.9442 -22.6663 3.84405 8.09913 2.56209 0 0 0 0.441266 2.3316 -0.00895538 0 0 0 0 0.0259718 2.384 303 46 0 0 0
./complex_md-fit_764.pdb BC A 13.0679 26.3943 -5.54767 -6.14171 -9.98614 -22.4029 -1.04152 39.8353 -22.1208 4.5798 8.06139 3.30383 0 0 0 0.372323 2.45836 -0.00987115 0 0 0 0 0.00256962 2.384 303 46 1 1 0
./complex_md-fit_765.pdb BC A 6.86587 32.1415 -13.3019 -7.30884 -12.6146 -22.0474 -0.889559 37.0373 -22.047 4.15385 7.39964 2.72807 0 0 0 0.290776 2.43497 -0.0128597 0 0 0 0 0.00875221 2.384 303 48 2 2 0
./complex_md-fit_766.pdb BC A 6.45582 38.8385 -8.92517 -4.9407 -14.4532 -22.9592 -1.16561 41.8433 -21.9074 5.14872 6.28113 2.8358 0 0 0 0.418543 2.86601 -0.0321366 0 0 0 0 0.00552897 2.384 303 48 1 1 0
./complex_md-fit_767.pdb BC A 7.28138 31.8646 -5.49492 -5.1134 -12.8707 -21.9322 -1.10077 40.1442 -21.2075 5.94154 8.03418 1.94104 0 0 0 0.653552 3.72492 0.0100666 0 0 0 0 0.00498881 2.384 303 47 2 2 0
./complex_md-fit_768.pdb BC A 7.42913 32.1504 -7.03728 -5.77252 -10.428 -24.3219 -0.93498 41.4258 -24.4079 6.80657 5.73873 4.24213 0 0 0 0.624584 2.57302 -0.00986397 0 0 0 0 0 2.384 303 48 0 0 0
./complex_md-fit_769.pdb BC A 7.29901 38.9076 -14.0327 -7.43713 -11.6866 -23.8308 -1.09261 40.705 -24.1231 3.37885 7.24292 2.40858 0 0 0 0.413967 2.82609 -0.0118309 0 0 0 0 0 2.384 303 48 0 0 0
./complex_md-fit_76.pdb BC A 7.51679 31.4884 -15.1331 -7.44136 -11.8288 -22.2593 -0.903849 36.9402 -23.0705 3.98782 6.15063 2.92743 0 0 0 0.339741 2.38482 0.024911 0 0 0 0 0 2.384 303 46 2 2 0
./complex_md-fit_770.pdb BC A 9.84761 30.0704 -10.7063 -6.43486 -13.9709 -24.165 -1.16341 43.3718 -23.4364 3.71509 7.27567 3.30536 0 0 0 0.801011 3.88141 -0.00458061 0 0 0 0 0 2.384 303 48 0 0 0
./complex_md-fit_771.pdb BC A 8.30395 32.674 -15.6508 -6.67526 -13.398 -23.1831 -0.882336 38.2644 -23.4923 3.1915 6.91747 3.47528 0 0 0 0.135011 3.16725 -0.00347924 0 0 0 0 0 2.384 303 48 0 0 0
./complex_md-fit_772.pdb BC A 8.70305 38.3048 -9.94755 -6.99047 -14.658 -23.6319 -0.981826 43.7421 -23.1207 5.57198 7.04496 2.82588 0 0 0 0.275852 2.64149 -0.0254337 0 0 0 0 0 2.384 303 49 2 2 0
./complex_md-fit_773.pdb BC A 9.21035 36.8178 -13.6971 -5.90021 -10.8907 -22.7382 -0.926523 37.6233 -23.0862 4.2268 5.40768 1.85938 0 0 0 0.739009 2.91257 -0.0113426 0 0 0 0 0 2.384 303 47 1 1 0
./complex_md-fit_774.pdb BC A 9.65366 37.8636 -7.17994 -6.12365 -12.1941 -23.988 -0.998638 42.3635 -23.9685 7.27589 7.1905 2.73598 0 0 0 0.501089 3.9853 0.0194342 0 0 0 0 0.00655963 2.384 303 48 2 2 0
./complex_md-fit_775.pdb BC A 9.65251 30.545 -11.7997 -7.86986 -11.739 -22.8385 -0.77905 40.1057 -23.035 2.53828 8.32579 3.07598 0 0 0 0.439561 2.54006 -0.0234702 0 0 0 0 0 2.384 303 48 0 0 0
./complex_md-fit_776.pdb BC A 9.59058 34.9078 -10.6986 -5.2853 -11.0816 -23.3707 -0.83079 38.8816 -23.686 4.61977 6.29203 3.08385 0 0 0 0.666831 2.85442 0.0116288 0 0 0 0 0 2.384 303 52 0 0 0
./complex_md-fit_777.pdb BC A 8.86583 36.7933 -13.7082 -6.97449 -12.573 -22.7523 -1.06111 38.4709 -23.0576 4.39623 6.40151 2.85539 0 0 0 0.594432 2.90072 -0.00804848 0 0 0 0 0 2.384 303 50 1 1 0
./complex_md-fit_778.pdb BC A 7.21807 31.4821 -16.4743 -8.48773 -12.1721 -22.5944 -0.845948 38.5523 -22.5596 2.91902 6.38005 2.04076 0 0 0 0.263836 2.88105 0.0294861 0 0 0 0 0 2.384 303 47 0 0 0
./complex_md-fit_779.pdb BC A 9.06552 30.5467 -15.7052 -7.31625 -15.5345 -23.3763 -1.18621 40.0697 -23.3439 4.61417 7.3684 2.51325 0 0 0 0.500873 2.57031 -0.0142775 0 0 0 0 0 2.384 303 46 1 1 0
./complex_md-fit_77.pdb BC A 7.65126 37.1941 -10.0316 -6.07345 -12.1075 -21.2275 -0.841473 36.084 -21.4046 4.06663 8.41285 2.57116 0 0 0 0.48828 2.08834 0 0 0 0 0 0 2.384 303 47 0 0 0
./complex_md-fit_780.pdb BC A 6.78873 39.1348 -17.368 -8.76901 -13.6489 -22.3834 -1.17319 37.5223 -22.5959 3.12481 7.62509 2.51997 0 0 0 0.405347 3.40709 0 0 0 0 0 0.00487521 2.384 303 50 0 0 0
./complex_md-fit_781.pdb BC A 8.95064 39.0164 -15.7694 -7.19038 -14.5315 -22.8246 -1.18374 38.7149 -22.4897 4.04815 6.79834 2.53584 0 0 0 0.380434 2.58373 -0.0271783 0 0 0 0 0 2.384 303 49 0 0 0
./complex_md-fit_782.pdb BC A 8.09035 32.0581 -13.7014 -8.38498 -14.5393 -23.2097 -1.08703 38.7439 -23.3499 5.4749 8.34527 3.88379 0 0 0 0.4059 2.685 0.0157152 0 0 0 0 0 2.384 303 51 2 2 0
./complex_md-fit_783.pdb BC A 7.99098 38.6424 -4.22015 -5.67068 -12.0686 -23.1075 -1.06806 41.9272 -22.7471 6.76061 7.8721 3.57475 0 0 0 0.307167 3.35748 -2.77556e-17 0 0 0 0 0 2.384 303 49 2 2 0
./complex_md-fit_784.pdb BC A 7.538 35.8034 -14.1698 -7.82616 -12.4565 -22.2142 -1.12221 37.2345 -22.0157 3.6127 7.14215 3.25338 0 0 0 0.214361 2.2016 -0.00977921 0 0 0 0 0.017741 2.384 303 52 0 0 0
./complex_md-fit_785.pdb BC A 7.96028 29.3432 -11.5107 -6.92026 -11.9316 -22.3552 -1.1365 38.3829 -22.2297 5.2005 6.47624 2.74143 0 0 0 0.237891 2.65877 0.0201985 0 0 0 0 0.0034225 2.384 303 48 1 1 0
./complex_md-fit_786.pdb BC A 9.92376 35.7048 -11.096 -7.77628 -12.8537 -22.3963 -0.987055 39.4528 -22.1525 3.2293 7.82108 3.91663 0 0 0 0.627719 2.97956 0 0 0 0 0 0.0222375 2.384 303 50 0 0 0
./complex_md-fit_787.pdb BC A 7.1444 36.7513 -13.2171 -7.73144 -13.7956 -21.3816 -1.07311 37.4712 -20.9178 4.61988 6.61182 2.43582 0 0 0 0.497996 2.32253 0.0287252 0 0 0 0 0.0169813 2.384 303 46 0 0 0
./complex_md-fit_788.pdb BC A 7.64181 32.3828 -11.8967 -8.59231 -13.1235 -23.0957 -1.11543 40.2985 -22.6653 6.32189 6.88194 2.54328 0 0 0 0.635162 2.93674 0.0147358 0 0 0 0 0 2.384 303 51 2 2 0
./complex_md-fit_789.pdb BC A 6.4806 42.2772 -15.0835 -7.66081 -13.7889 -22.7614 -1.03799 39.8539 -22.4787 2.98397 7.00225 1.88627 0 0 0 0.92883 3.04345 -0.011009 0 0 0 0 0 2.384 303 48 0 0 0
./complex_md-fit_78.pdb BC A 8.27663 26.6351 -5.52359 -5.28131 -11.61 -22.6529 -1.04804 40.3901 -22.4713 5.84803 8.49715 2.36227 0 0 0 0.442334 2.2584 0 0 0 0 0 0 2.384 303 49 1 1 0
./complex_md-fit_790.pdb BC A 8.22091 35.5526 -10.4644 -6.09194 -13.534 -21.5757 -1.01151 37.3951 -21.4902 5.25902 6.97073 3.00163 0 0 0 0.593525 2.53753 -0.0143808 0 0 0 0 0.0332388 2.384 303 47 1 1 0
./complex_md-fit_791.pdb BC A 7.38805 32.6068 -11.9825 -8.39284 -13.515 -22.8019 -1.1122 41.1594 -22.329 3.98358 7.84083 2.96491 0 0 0 0.184919 2.66036 0.00480038 0 0 0 0 0.0300392 2.384 303 51 0 0 0
./complex_md-fit_792.pdb BC A 6.14499 31.7728 -13.1385 -7.7145 -13.3576 -24.0879 -1.20183 40.8449 -23.9011 5.82853 7.28612 2.81379 0 0 0 0.351063 3.06714 0 0 0 0 0 0 2.384 303 50 2 2 0
./complex_md-fit_793.pdb BC A 8.07269 33.5945 -2.71246 -4.99527 -10.7294 -22.7066 -1.08828 41.8743 -22.6677 6.59524 6.58578 3.42141 0 0 0 1.00734 3.84618 -0.00933536 0 0 0 0 0 2.384 303 50 1 1 0
./complex_md-fit_794.pdb BC A 6.95128 35.5345 -9.1019 -5.62382 -12.8211 -22.8311 -1.13131 39.3849 -22.7789 5.59734 7.23528 3.45109 0 0 0 0.404907 3.03046 -0.00918413 0 0 0 0 0.0199429 2.384 303 50 2 2 0
./complex_md-fit_795.pdb BC A 9.55359 36.3215 -13.9209 -7.0186 -12.5357 -22.2594 -1.00124 38.9098 -22.2479 3.67309 5.27726 2.88618 0 0 0 0.406754 2.46207 -0.0111477 0 0 0 0 0 2.384 303 49 0 0 0
./complex_md-fit_796.pdb BC A 7.01759 33.3562 -11.9182 -7.24259 -11.4838 -22.3159 -0.866518 38.7326 -21.9643 2.43702 7.59301 2.65274 0 0 0 0.521289 2.72635 0 0 0 0 0 0.0182752 2.384 303 50 0 0 0
./complex_md-fit_797.pdb BC A 6.74242 38.5202 -11.6507 -7.76953 -15.2688 -22.0488 -1.21993 39.8571 -21.4732 4.32803 8.03933 3.10341 0 0 0 0.780394 2.62337 0.0212104 0 0 0 0 0 2.384 303 49 1 1 0
./complex_md-fit_798.pdb BC A 8.17009 40.6743 -14.4062 -6.72551 -16.5968 -23.5294 -1.26031 40.5151 -23.4247 3.9517 9.24018 2.64228 0 0 0 0.773167 3.81629 -0.00381014 0 0 0 0 0.01189 2.384 303 47 0 0 0
./complex_md-fit_799.pdb BC A 9.84728 38.6549 -10.2769 -7.02536 -11.1509 -22.7972 -0.893294 40.115 -22.9416 4.39993 6.1536 2.9174 0 0 0 0.945513 2.7973 0 0 0 0 0 0 2.384 303 47 0 0 0
./complex_md-fit_79.pdb BC A 10.3996 38.6327 -14.3 -7.35088 -14.8618 -20.9407 -0.917114 36.8587 -20.8573 3.96434 7.5498 2.08941 0 0 0 0.136066 2.08111 0.0259782 0 0 0 0 0.00348635 2.384 303 46 0 0 0
./complex_md-fit_7.pdb BC A 8.46656 28.9201 -11.0846 -8.63451 -7.81401 -21.7391 -0.763995 36.4392 -22.6431 2.40987 6.62098 4.72363 0 0 0 0.338403 2.52931 -0.0219776 0 0 0 0 0 2.384 303 49 0 0 0
./complex_md-fit_800.pdb BC A 10.0876 33.064 -13.2182 -8.50847 -14.8828 -23.8087 -1.09265 43.4135 -23.2721 2.99026 8.15999 3.04499 0 0 0 0.744535 3.12346 -0.00671377 0 0 0 0 0 2.384 303 49 0 0 0
./complex_md-fit_801.pdb BC A 6.86544 35.3926 -11.8743 -7.64855 -15.6924 -23.1871 -1.18212 40.6856 -22.9435 7.10511 7.04065 3.26375 0 0 0 0.696549 2.74335 -0.0122225 0 0 0 0 0 2.384 303 50 3 3 0
./complex_md-fit_802.pdb BC A 7.77853 29.6976 -15.2166 -6.69053 -11.7486 -22.3381 -1.01639 38.7296 -22.1746 1.58659 5.94508 2.09918 0 0 0 0.325069 3.74458 0.0312614 0 0 0 0 0.0348861 2.384 303 50 0 0 0
./complex_md-fit_803.pdb BC A 10.1901 36.0997 -5.12579 -4.46275 -8.3271 -21.4401 -1.00091 37.8797 -21.353 5.17937 4.83687 3.21468 0 0 0 0.347452 2.3661 0 0 0 0 0 0 2.384 303 48 1 1 0
./complex_md-fit_804.pdb BC A 8.12269 29.946 -11.0424 -7.08404 -13.9671 -23.2412 -1.05719 39.5378 -22.854 5.266 8.43517 3.28799 0 0 0 0.612256 2.73764 0.0220422 0 0 0 0 0 2.384 303 48 1 1 0
./complex_md-fit_805.pdb BC A 7.03998 37.1305 -8.60043 -6.97144 -12.3837 -22.4821 -1.00259 41.2682 -21.9831 3.81351 7.86844 3.04896 0 0 0 0.196944 2.99907 0.0264478 0 0 0 0 0 2.384 303 50 0 0 0
./complex_md-fit_806.pdb BC A 7.1249 33.0255 -13.4241 -7.13239 -14.8738 -23.0007 -1.03136 39.6275 -22.7938 4.23134 7.59115 3.23506 0 0 0 0.680283 2.76327 0.0208512 0 0 0 0 0.0216572 2.384 303 49 2 2 0
./complex_md-fit_807.pdb BC A 7.5852 31.6039 -10.6279 -7.58722 -12.7222 -23.4732 -1.11115 42.2152 -23.1525 5.07691 7.33644 2.52531 0 0 0 0.264461 2.92965 0 0 0 0 0 0 2.384 303 46 1 1 0
./complex_md-fit_808.pdb BC A 8.94387 40.5342 -14.6176 -6.86203 -15.7532 -23.4278 -1.18987 40.5012 -23.1885 4.4028 7.6263 2.29192 0 0 0 0.981453 2.77844 0 0 0 0 0 0 2.384 303 47 0 0 0
./complex_md-fit_809.pdb BC A 7.64573 33.9795 -17.296 -7.35679 -15.2253 -22.5836 -1.25367 38.2785 -22.1767 1.92845 7.17612 3.4019 0 0 0 0.4933 2.71772 0.0217321 0 0 0 0 0 2.384 303 49 0 0 0
./complex_md-fit_80.pdb BC A 11.0345 39.9289 -13.6046 -7.52262 -15.1852 -23.5578 -1.01129 40.2777 -24.3443 4.89418 9.10337 2.98133 0 0 0 0.740483 2.69016 0 0 0 0 0 0.019445 2.384 303 50 2 2 0
./complex_md-fit_810.pdb BC A 7.21099 38.4484 -14.6265 -8.95983 -14.6223 -22.9331 -1.08741 38.0776 -23.2137 5.39142 7.30093 5.09233 0 0 0 0.307376 2.87525 0.0202327 0 0 0 0 0 2.384 303 48 2 2 0
./complex_md-fit_811.pdb BC A 7.99164 28.3248 -16.0527 -8.2499 -16.5854 -24.0248 -1.37439 41.425 -23.538 3.05936 8.48401 4.24295 0 0 0 0.508363 3.97084 0 0 0 0 0 0 2.384 303 49 1 1 0
./complex_md-fit_812.pdb BC A 8.65388 38.0881 -10.1729 -6.36169 -14.1293 -22.6603 -1.21746 40.1103 -22.3359 4.88808 7.31933 2.92823 0 0 0 1.28585 2.88736 -1.11022e-16 0 0 0 0 1.11022e-16 2.384 303 47 1 1 0
./complex_md-fit_813.pdb BC A 8.13237 26.6421 -14.0582 -7.27099 -14.5401 -21.6711 -1.02879 37.4562 -21.3206 3.03295 7.69935 3.19936 0 0 0 0.327197 2.19582 0.0246003 0 0 0 0 0.0337605 2.384 303 46 0 0 0
./complex_md-fit_814.pdb BC A 7.66111 30.9934 -14.6744 -7.39276 -16.5254 -23.3871 -1.18008 40.7749 -22.9081 5.70226 7.5931 2.43273 0 0 0 0.22678 2.8233 -0.0106804 0 0 0 0 0 2.384 303 49 1 1 0
./complex_md-fit_815.pdb BC A 7.8612 32.5279 -12.7317 -8.64796 -15.8602 -24.3793 -1.19744 42.863 -23.761 5.90464 8.67442 2.89196 0 0 0 0.792528 2.34778 -0.0124268 0 0 0 0 0 2.384 303 48 2 2 0
./complex_md-fit_816.pdb BC A 9.0856 27.4352 -15.6431 -8.61858 -14.0533 -24.5026 -0.90693 42.2982 -24.2927 1.79808 8.39314 3.7906 0 0 0 0.4603 2.478 -0.00936106 0 0 0 0 0 2.384 303 48 0 0 0
./complex_md-fit_817.pdb BC A 8.77684 33.6773 -13.4027 -7.47634 -12.1546 -23.5665 -0.946398 40.8135 -23.5139 3.98258 7.07064 1.91205 0 0 0 0.46265 2.61436 0.0136216 0 0 0 0 0 2.384 303 52 0 0 0
./complex_md-fit_818.pdb BC A 10.2515 40.5426 -11.307 -5.60394 -14.9161 -23.9353 -1.16785 41.9493 -23.6086 5.26101 6.87831 3.42489 0 0 0 0.420232 3.71143 -0.0157516 0 0 0 0 0.00690197 2.384 303 49 2 2 0
./complex_md-fit_819.pdb BC A 7.52196 38.3553 -3.48263 -5.41668 -9.47659 -21.7909 -0.971302 38.3873 -21.3903 7.51727 6.25663 2.89904 0 0 0 0.512486 2.69198 -0.00958399 0 0 0 0 0 2.384 303 48 2 2 0
./complex_md-fit_81.pdb BC A 9.07218 27.7759 -9.54161 -6.70229 -15.0157 -22.2685 -0.930619 39.5723 -22.2099 4.508 10.3033 2.86997 0 0 0 0.331866 1.97183 0 0 0 0 0 0 2.384 303 48 0 0 0
./complex_md-fit_820.pdb BC A 8.72952 30.9967 -15.4774 -6.88045 -14.139 -21.9297 -1.08755 36.7206 -21.7212 2.81611 7.7671 2.72496 0 0 0 0.238033 2.57904 0 0 0 0 0 0.0136542 2.384 303 49 1 1 0
./complex_md-fit_821.pdb BC A 7.79457 37.9148 -12.0123 -7.21512 -13.0971 -22.1133 -0.988059 38.3378 -21.6832 2.65756 8.46963 2.83425 0 0 0 0.799244 2.44495 -0.0141432 0 0 0 0 0 2.384 303 49 0 0 0
./complex_md-fit_822.pdb BC A 7.5686 36.9717 -11.8823 -7.42395 -12.4555 -20.8437 -0.937888 35.5365 -20.9459 3.33836 8.67135 2.60025 0 0 0 0.57808 2.76989 -1.11022e-16 0 0 0 0 0 2.384 303 46 2 2 0
./complex_md-fit_823.pdb BC A 8.70712 31.8363 -6.68443 -7.79332 -11.9168 -24.0039 -1.04592 42.6349 -23.9591 6.48223 9.02559 2.63719 0 0 0 1.26685 2.46009 -0.0202225 0 0 0 0 0.00803385 2.384 303 49 1 1 0
./complex_md-fit_824.pdb BC A 10.9158 33.1027 -7.6737 -8.16788 -13.3371 -24.3919 -1.07772 42.7164 -24.3243 6.95064 9.48711 3.13626 0 0 0 1.30732 2.95374 0.0149533 0 0 0 0 0.0124124 2.384 303 48 2 2 0
./complex_md-fit_825.pdb BC A 7.58261 38.9099 -10.3985 -7.12927 -12.6406 -22.4672 -1.09444 40.6941 -22.1986 3.93253 7.96266 2.04166 0 0 0 0.500657 2.58282 0 0 0 0 0 0 2.384 303 51 2 2 0
./complex_md-fit_826.pdb BC A 6.86827 31.6708 -9.08647 -6.61808 -11.3302 -22.7379 -0.714306 39.4159 -22.7492 5.44169 6.80463 3.18424 0 0 0 0.198628 2.47307 1.11022e-16 0 0 0 0 0.0181652 2.384 303 48 1 1 0
./complex_md-fit_827.pdb BC A 8.49559 32.5405 -9.18363 -7.00108 -13.343 -24.4805 -1.05573 43.1089 -23.9603 4.21701 8.79465 3.88234 0 0 0 0.655812 2.34612 -0.00176436 0 0 0 0 0 2.384 303 49 2 2 0
./complex_md-fit_828.pdb BC A 9.97201 33.2157 -11.7481 -7.14654 -11.3873 -22.4456 -1.1381 39.3929 -22.2842 3.46429 6.07268 3.59935 0 0 0 0.113101 2.27223 0.0113387 0 0 0 0 0 2.384 303 48 0 0 0
./complex_md-fit_829.pdb BC A 10.5295 42.6495 -14.3855 -7.51602 -14.0642 -22.2232 -1.16988 38.0963 -21.9696 4.18218 5.94979 3.66233 0 0 0 0.666785 2.67538 0 0 0 0 0 0 2.384 303 50 1 1 0
./complex_md-fit_82.pdb BC A 8.26253 29.6784 -10.2083 -5.39594 -14.7737 -21.6794 -0.979906 36.3568 -21.7408 4.76843 8.75612 4.17071 0 0 0 0.309296 1.86006 0 0 0 0 0 0 2.384 303 46 2 2 0
./complex_md-fit_830.pdb BC A 7.33245 37.3004 -9.59441 -6.14905 -13.3166 -23.3773 -1.065 40.1201 -23.1251 5.45233 6.74505 3.55687 0 0 0 1.53698 3.22114 0.0273681 0 0 0 0 0 2.384 303 51 2 2 0
./complex_md-fit_831.pdb BC A 7.25383 35.6806 -12.7378 -7.66041 -14.8352 -21.8595 -1.15635 39.6483 -21.4682 3.9585 6.90007 2.786 0 0 0 0.958246 2.48526 -0.00931065 0 0 0 0 0 2.384 303 50 0 0 0
./complex_md-fit_832.pdb BC A 10.2605 34.3543 -10.7917 -6.77876 -12.2829 -22.3313 -1.08244 39.6083 -22.159 4.90636 6.34914 2.63526 0 0 0 0.355637 2.83556 -0.012039 0 0 0 0 0 2.384 303 47 2 2 0
./complex_md-fit_833.pdb BC A 6.98349 30.941 -15.0505 -9.03807 -15.0231 -22.5724 -1.07442 39.4884 -22.1245 3.28329 8.16937 3.64068 0 0 0 0.200339 2.40923 0 0 0 0 0 0 2.384 303 46 0 0 0
./complex_md-fit_834.pdb BC A 8.37904 32.9948 -12.275 -7.11377 -14.3453 -23.7364 -1.22007 42.7565 -23.4168 2.96988 9.25592 2.13936 0 0 0 0.449865 2.7746 -0.0141772 0 0 0 0 0 2.384 303 48 0 0 0
./complex_md-fit_835.pdb BC A 8.66039 28.3529 -4.2344 -5.4924 -13.2563 -22.4901 -0.976772 42.8322 -21.6132 4.47999 7.61984 4.36724 0 0 0 0.295162 2.11338 0 0 0 0 0 0 2.384 303 48 0 0 0
./complex_md-fit_836.pdb BC A 8.34499 28.8644 -12.6075 -8.31042 -14.3658 -22.7702 -1.03743 38.2009 -22.9283 5.96494 8.3191 4.15559 0 0 0 0.157494 2.64548 0.000992145 0 0 0 0 0.0056686 2.384 303 50 2 2 0
./complex_md-fit_837.pdb BC A 9.17466 29.3302 -14.8257 -8.00313 -14.0069 -22.3195 -1.19632 38.0059 -22.8613 4.29742 7.90129 2.95502 0 0 0 0.401808 2.45036 -2.77556e-17 0 0 0 0 0 2.384 303 49 0 0 0
./complex_md-fit_838.pdb BC A 7.047 30.8416 -13.7582 -9.58367 -14.3517 -23.7075 -0.835367 39.3833 -24.4276 5.73927 9.64061 4.19257 0 0 0 0.168187 2.4347 0.0237519 0 0 0 0 0 2.384 303 50 2 2 0
./complex_md-fit_839.pdb BC A 8.78711 38.7063 -12.8762 -7.82632 -14.5925 -23.045 -1.05961 39.3625 -23.0523 5.13226 8.46029 3.3208 0 0 0 0.437121 2.70474 -0.0134471 0 0 0 0 4.32301e-05 2.384 303 49 0 0 0
./complex_md-fit_83.pdb BC A 11.132 35.894 -15.3186 -6.28751 -16.8819 -21.7857 -1.28404 37.4857 -22.0409 2.80954 8.90245 3.52864 0 0 0 0.235061 3.4491 0 0 0 0 0 0 2.384 303 48 0 0 0
./complex_md-fit_840.pdb BC A 7.58989 31.7783 -9.61153 -6.17049 -11.3311 -22.0219 -0.904658 38.7786 -22.3464 3.84419 7.62603 2.71907 0 0 0 0.177556 2.50593 -0.0045641 0 0 0 0 0.0220644 2.384 303 48 1 1 0
./complex_md-fit_841.pdb BC A 7.96578 33.0888 -11.5946 -6.58058 -12.7105 -22.3652 -0.920193 38.7677 -22.1948 3.8011 6.88833 3.10056 0 0 0 0.636715 3.04619 -0.0352011 0 0 0 0 0.0175239 2.384 303 49 2 2 0
./complex_md-fit_842.pdb BC A 7.05307 36.0908 -12.9478 -7.2349 -15.3357 -23.5761 -0.987696 42.0786 -23.353 3.05568 8.71994 3.13653 0 0 0 0.560496 3.20217 -0.0116502 0 0 0 0 0 2.384 303 50 0 0 0
./complex_md-fit_843.pdb BC A 6.57294 34.6114 -9.716 -6.49707 -13.1983 -22.071 -1.09479 38.287 -21.6116 4.21231 7.62849 4.40144 0 0 0 0.204675 2.48837 0.0227997 0 0 0 0 0 2.384 303 48 0 0 0
./complex_md-fit_844.pdb BC A 9.29923 32.207 -9.6592 -5.68166 -12.1512 -21.7046 -0.782578 37.6161 -21.5806 4.12783 6.90464 3.29758 0 0 0 0.295339 2.44417 0 0 0 0 0 0 2.384 303 46 1 1 0
./complex_md-fit_845.pdb BC A 8.02482 35.9189 -11.8736 -5.83967 -11.412 -22.8661 -0.923947 38.3072 -23.5013 4.02879 6.85907 3.32043 0 0 0 0.172184 2.92882 -0.0182738 0 0 0 0 0 2.384 303 51 1 1 0
./complex_md-fit_846.pdb BC A 11.3709 35.7885 -12.4831 -8.58421 -15.6649 -24.3006 -1.21016 44.1927 -23.7831 4.97133 8.20714 3.44718 0 0 0 0.201151 2.86184 0.0267027 0 0 0 0 0.0137423 2.384 303 49 0 0 0
./complex_md-fit_847.pdb BC A 7.56006 35.6981 -12.784 -8.79851 -18.2719 -24.9656 -1.16007 43.7816 -24.5461 7.47098 10.568 2.96238 0 0 0 0.156018 2.38118 0.0193272 0 0 0 0 0 2.384 303 50 2 2 0
./complex_md-fit_848.pdb BC A 11.064 32.9842 -11.8336 -8.36612 -16.571 -24.9314 -1.00331 45.6034 -24.0011 4.17753 9.64422 3.28211 0 0 0 0.319108 2.89774 0.0018445 0 0 0 0 0.0110318 2.384 303 50 0 0 0
./complex_md-fit_849.pdb BC A 7.43823 33.0379 -14.6055 -8.9572 -16.3074 -24.6935 -1.01685 42.7558 -24.7259 4.21995 9.51999 4.30448 0 0 0 0.274323 2.83607 0.0207975 0 0 0 0 0 2.384 303 49 1 1 0
./complex_md-fit_84.pdb BC A 8.05964 35.6101 -6.89424 -6.45739 -14.1181 -21.9907 -1.09346 39.7268 -21.7687 4.69771 10.5676 3.34681 0 0 0 0.193525 2.97531 0 0 0 0 0 0.00164294 2.384 303 46 0 0 0
./complex_md-fit_850.pdb BC A 9.12954 29.9617 -10.0879 -7.16215 -13.2113 -25.188 -0.999852 44.4513 -24.638 4.92221 8.34943 3.23276 0 0 0 0.168954 2.69406 -0.0305707 0 0 0 0 0.0172877 2.384 303 49 0 0 0
./complex_md-fit_851.pdb BC A 7.39363 30.1611 -4.84892 -7.34951 -14.4465 -25.9806 -0.814889 47.2768 -25.8594 8.63901 9.14734 4.09263 0 0 0 0.436505 2.8213 0.00963921 0 0 0 0 0 2.384 303 50 3 3 0
./complex_md-fit_852.pdb BC A 8.27286 31.8358 -6.63132 -8.00102 -12.9091 -23.8368 -1.01702 42.3562 -23.4793 6.70614 9.03929 4.02226 0 0 0 0.475522 2.34955 0 0 0 0 0 0.0124869 2.384 303 52 2 2 0
./complex_md-fit_853.pdb BC A 6.96884 37.3147 -9.9916 -8.24776 -13.6551 -24.4774 -0.889107 44.6217 -24.2603 3.78203 9.79939 2.62947 0 0 0 0.677818 2.30068 0 0 0 0 0 0.0277414 2.384 303 49 0 0 0
./complex_md-fit_854.pdb BC A 7.04686 34.4685 -10.0201 -8.10468 -14.5562 -25.0876 -0.836911 44.683 -24.7111 4.90086 8.62294 4.81009 0 0 0 0.281537 2.81572 -0.02502 0 0 0 0 0.00286283 2.384 303 49 1 1 0
./complex_md-fit_855.pdb BC A 8.15256 37.245 -3.88183 -7.03112 -11.4399 -25.6354 -0.886305 44.5492 -25.9732 11.197 7.59484 3.2671 0 0 0 0.483962 3.65444 -0.0201822 0 0 0 0 0.0122094 2.384 303 51 5 5 0
./complex_md-fit_856.pdb BC A 8.19259 32.2497 -5.66596 -6.8913 -11.419 -23.9918 -0.839007 43.0722 -24.0648 7.82445 7.19079 3.15696 0 0 0 0.306145 2.63291 -0.0107049 0 0 0 0 0 2.384 303 50 3 3 0
./complex_md-fit_857.pdb BC A 10.2547 28.5188 -4.02463 -6.633 -11.9551 -24.411 -1.00905 45.7339 -24.2477 5.96599 7.72015 4.6869 0 0 0 0.099147 2.71898 0.0173066 0 0 0 0 0.00790905 2.384 303 51 2 2 0
./complex_md-fit_858.pdb BC A 8.83127 31.0667 -9.89775 -7.21788 -12.5838 -23.7551 -0.800017 42.1953 -23.6134 4.67975 7.50687 3.18758 0 0 0 0.483101 2.84424 0.0168294 0 0 0 0 0.00294147 2.384 303 49 0 0 0
./complex_md-fit_859.pdb BC A 9.54699 31.7287 -11.8557 -6.71631 -11.7134 -24.2215 -0.808613 42.7333 -24.1623 3.63378 6.97519 2.36433 0 0 0 0.0575776 2.81783 -0.00315253 0 0 0 0 0.00539717 2.384 303 52 0 0 0
./complex_md-fit_85.pdb BC A 9.49534 26.8106 -9.79856 -6.9567 -12.5082 -21.328 -0.953798 37.2091 -21.4423 4.58874 7.3827 3.65703 0 0 0 0.552943 2.49192 0 0 0 0 0 0 2.384 303 48 1 1 0
./complex_md-fit_860.pdb BC A 8.5186 37.4687 -13.8567 -9.14964 -18.033 -24.9827 -0.97788 45.9377 -24.4602 5.07334 9.47666 2.63239 0 0 0 0.634906 2.37484 -0.0272695 0 0 0 0 0.0190042 2.384 303 52 0 0 0
./complex_md-fit_861.pdb BC A 7.20352 25.1923 -6.69764 -7.39841 -15.8915 -25.8715 -1.145 46.7139 -25.327 9.01928 8.92166 3.40387 0 0 0 0.899306 2.77304 -0.0312928 0 0 0 0 0.00910674 2.384 303 51 4 4 0
./complex_md-fit_862.pdb BC A 8.16503 32.1502 -10.3209 -7.91254 -14.5366 -24.6079 -0.985671 43.7044 -24.2641 5.3488 8.61672 4.007 0 0 0 0.284738 2.28808 0.013668 0 0 0 0 0.0104816 2.384 303 50 1 1 0
./complex_md-fit_863.pdb BC A 7.52372 32.563 -4.41567 -8.8515 -12.7769 -26.0595 -1.0213 47.8569 -25.5159 7.54973 9.5747 4.55073 0 0 0 0.268853 3.06161 -0.0110078 0 0 0 0 0.0194129 2.384 303 52 1 1 0
./complex_md-fit_864.pdb BC A 10.6463 30.5945 -2.15474 -6.2421 -12.5634 -26.1615 -1.15194 49.0008 -25.7181 7.21618 10.0306 2.67529 0 0 0 0.785158 4.42811 -0.0413687 0 0 0 0 0.0157685 2.384 303 49 2 2 0
./complex_md-fit_865.pdb BC A 8.87776 36.074 -10.714 -8.86523 -12.7976 -24.7008 -0.932627 43.494 -24.8863 4.39396 9.15735 3.57788 0 0 0 0.806661 2.7855 0.02635 0 0 0 0 0.0123787 2.384 303 50 0 0 0
./complex_md-fit_866.pdb BC A 8.49412 33.8978 -5.83634 -6.64838 -12.5504 -25.5543 -0.922162 46.9114 -24.9418 4.75195 9.42113 2.85989 0 0 0 0.794648 4.22502 0.0416494 0 0 0 0 0 2.384 303 52 0 0 0
./complex_md-fit_867.pdb BC A 6.83665 36.5392 -5.75199 -7.80183 -15.1185 -27.3163 -0.924322 50.1788 -26.8525 6.647 10.9295 3.61017 0 0 0 0.859517 4.22415 0.0199615 0 0 0 0 0.016522 2.384 303 53 3 3 0
./complex_md-fit_868.pdb BC A 6.81354 32.8975 -4.12659 -7.6918 -12.6579 -26.8448 -0.930593 48.4978 -26.3644 7.72696 10.0072 3.94186 0 0 0 0.144709 4.19865 0.0203829 0 0 0 0 0.024131 2.384 303 52 0 0 0
./complex_md-fit_869.pdb BC A 8.36923 29.8086 -9.5244 -10.3346 -12.6812 -26.4078 -0.949337 46.3738 -26.3027 5.31681 9.84314 5.18583 0 0 0 0.442564 3.05203 -0.0304515 0 0 0 0 0.0196101 2.384 303 52 1 1 0
./complex_md-fit_86.pdb BC A 9.6756 33.6912 -6.11088 -4.08505 -9.25482 -19.7146 -0.876069 34.0658 -19.952 3.65715 6.71443 2.80659 0 0 0 0.52768 1.8254 0 0 0 0 0 0 2.384 303 46 2 2 0
./complex_md-fit_870.pdb BC A 8.83861 37.5822 -9.63176 -8.31518 -10.8418 -25.887 -0.972232 44.8978 -26.1517 3.93514 9.45784 3.90482 0 0 0 0.336047 2.62327 -0.0132509 0 0 0 0 0.0178495 2.384 303 51 0 0 0
./complex_md-fit_871.pdb BC A 8.01243 40.2237 -11.2253 -9.6682 -13.5943 -26.7896 -0.981983 47.1684 -26.5675 5.8179 9.38959 3.86934 0 0 0 0.111137 3.15148 0.0199122 0 0 0 0 0 2.384 303 52 0 0 0
./complex_md-fit_872.pdb BC A 8.39096 33.9972 -12.6143 -7.99967 -13.7156 -26.3166 -0.962647 44.7932 -26.3393 3.97559 9.25677 4.16224 0 0 0 0.512364 3.20407 0 0 0 0 0 0.0193956 2.384 303 54 0 0 0
./complex_md-fit_873.pdb BC A 9.86598 39.0826 -8.54692 -7.30862 -14.1281 -26.4634 -0.626763 46.9161 -26.475 4.4318 9.46519 4.90428 0 0 0 0.690262 3.78811 0.0214978 0 0 0 0 0.0257916 2.384 303 52 0 0 0
./complex_md-fit_874.pdb BC A 9.15651 35.4996 -9.47158 -7.29799 -15.0093 -27.6346 -1.07965 47.6021 -27.5638 6.9593 10.0314 4.33643 0 0 0 0.170698 4.22733 -0.00926508 0 0 0 0 0.0230844 2.384 303 50 1 1 0
./complex_md-fit_875.pdb BC A 9.89488 26.4258 -1.40465 -6.74097 -8.00223 -25.6335 -0.861142 46.894 -25.5339 6.6548 8.42287 2.93595 0 0 0 0.45912 3.80774 -0.00043616 0 0 0 0 0.000738279 2.384 303 52 1 1 0
./complex_md-fit_876.pdb BC A 6.38002 44.1464 -1.64139 -6.21008 -9.57542 -24.7839 -0.956081 43.3748 -24.9343 7.79191 8.74387 4.67635 0 0 0 0.223332 3.42809 0 0 0 0 0 0.00814458 2.384 303 51 2 2 0
./complex_md-fit_877.pdb BC A 8.74697 27.2976 -4.85733 -7.9761 -11.2919 -26.2864 -0.97002 47.632 -26.3931 7.19903 9.02604 3.69125 0 0 0 0.487929 4.41221 0.00634651 0 0 0 0 0.0175464 2.384 303 52 1 1 0
./complex_md-fit_878.pdb BC A 7.94991 25.5417 -8.46489 -8.99123 -13.792 -26.3774 -1.14157 46.4612 -26.401 9.90271 9.5889 2.11532 0 0 0 0.165679 3.30755 0 0 0 0 0 0.00450529 2.384 303 53 2 2 0
./complex_md-fit_879.pdb BC A 7.96242 31.3424 -10.7824 -8.98326 -14.8937 -26.0063 -0.986326 46.1591 -25.9895 5.04164 9.70644 4.27937 0 0 0 0.881892 3.47476 -0.011676 0 0 0 0 0.0199211 2.384 303 50 0 0 0
./complex_md-fit_87.pdb BC A 8.17827 30.8824 -9.49164 -5.02109 -13.3825 -21.7053 -1.0516 38.6417 -21.7542 3.07171 7.67403 3.21467 0 0 0 0.844273 2.28703 -0.0233049 0 0 0 0 0 2.384 303 47 0 0 0
./complex_md-fit_880.pdb BC A 8.01264 37.7046 -5.77889 -6.91216 -11.6049 -26.0337 -0.985647 46.1493 -26.0656 5.4 8.8076 4.11202 0 0 0 1.33794 3.9252 -0.0139338 0 0 0 0 0.0301647 2.384 303 54 0 0 0
./complex_md-fit_881.pdb BC A 8.41311 38.0027 -2.45829 -7.90314 -12.1375 -25.5376 -1.02796 47.6827 -24.852 7.52742 9.04553 4.65961 0 0 0 0.126769 2.65563 -0.0592072 0 0 0 0 0.0170797 2.384 303 53 1 1 0
./complex_md-fit_882.pdb BC A 9.51657 35.0821 -12.1648 -7.71759 -16.7419 -26.2712 -0.976157 46.2676 -26.1674 4.6266 10.3461 3.95292 0 0 0 0.533124 4.19973 -0.0261997 0 0 0 0 0.00925104 2.384 303 50 0 0 0
./complex_md-fit_883.pdb BC A 7.9056 34.2725 -6.7781 -6.2785 -14.5558 -25.9146 -1.13627 48.0423 -25.5634 4.52453 10.3046 3.03357 0 0 0 0.737415 4.81459 0.00989461 0 0 0 0 0.0181706 2.384 303 52 1 1 0
./complex_md-fit_884.pdb BC A 7.44999 36.8908 -11.2521 -8.54013 -16.0548 -24.2553 -0.877786 42.8109 -23.9203 5.61795 9.38994 3.88217 0 0 0 0.658295 2.91808 0.0227184 0 0 0 0 0.0142883 2.384 303 49 2 2 0
./complex_md-fit_885.pdb BC A 7.92619 27.2973 -9.6609 -10.4917 -12.9854 -26.0915 -1.10432 45.7274 -26.0196 6.62971 9.22723 4.89044 0 0 0 0.553533 2.34898 -0.0106252 0 0 0 0 0.0140497 2.384 303 52 2 2 0
./complex_md-fit_886.pdb BC A 6.53599 32.7039 -2.70881 -8.16165 -8.71408 -26.0861 -1.08212 46.6765 -26.0794 7.6963 7.9616 4.76595 0 0 0 0.292688 2.94328 0 0 0 0 0 0.0214744 2.384 303 52 1 1 0
./complex_md-fit_887.pdb BC A 7.532 33.6371 -7.23139 -9.46707 -11.4799 -27.6807 -0.842737 48.1557 -28.0943 7.91901 8.51404 5.24516 0 0 0 0.478608 3.35798 0.00988278 0 0 0 0 0.0108378 2.384 303 51 2 2 0
./complex_md-fit_888.pdb BC A 6.85477 28.3576 -0.0352836 -5.97739 -10.3043 -26.5153 -0.854879 49.1242 -25.8949 8.31866 8.32037 3.21658 0 0 0 0.556435 4.00396 -0.0337634 0 0 0 0 0.00891397 2.384 303 50 1 1 0
./complex_md-fit_889.pdb BC A 9.49479 34.806 -3.89928 -6.14467 -11.5448 -23.6006 -0.955989 42.0327 -23.4661 7.02269 8.77423 3.43213 0 0 0 0.542508 3.94038 0.00858916 0 0 0 0 0 2.384 303 49 2 2 0
./complex_md-fit_88.pdb BC A 7.12687 26.9787 -16.2155 -6.95688 -17.1089 -21.7876 -1.08593 36.3679 -21.4313 3.60107 8.59014 3.23598 0 0 0 0.34855 1.93305 0.011559 0 0 0 0 0 2.384 303 50 1 1 0
./complex_md-fit_890.pdb BC A 8.39078 27.0385 -11.7748 -11.8594 -11.7624 -25.9335 -0.925801 45.1518 -26.2564 6.61247 8.00361 4.29972 0 0 0 0.856432 2.5182 0.0223744 0 0 0 0 0.0162944 2.384 303 54 1 1 0
./complex_md-fit_891.pdb BC A 10.2642 27.4361 -4.07951 -7.64266 -8.84268 -26.751 -0.895244 49.0691 -26.9591 6.67337 7.68955 3.33338 0 0 0 0.240582 4.06009 -0.0141568 0 0 0 0 0.0193258 2.384 303 51 0 0 0
./complex_md-fit_892.pdb BC A 9.21635 36.7379 -6.85581 -8.49797 -9.94889 -25.8234 -0.839704 45.8966 -25.6111 6.12092 7.99982 3.5322 0 0 0 0.287197 3.26392 0 0 0 0 0 0.0285806 2.384 303 50 0 0 0
./complex_md-fit_893.pdb BC A 7.87889 36.3057 -4.72535 -7.72392 -9.01353 -24.9868 -0.758383 44.2716 -25.4744 6.48617 7.86834 4.0596 0 0 0 0.543017 2.91745 -0.0247216 0 0 0 0 0.0276698 2.384 303 50 1 1 0
./complex_md-fit_894.pdb BC A 6.51579 33.3855 -10.0817 -10.268 -12.5269 -25.5199 -1.05412 46.1455 -25.257 4.6407 8.17065 5.3165 0 0 0 0.236105 3.62492 0.0346409 0 0 0 0 0 2.384 303 50 1 1 0
./complex_md-fit_895.pdb BC A 11.2621 31.9431 -10.9804 -8.23351 -13.7211 -26.1839 -1.07737 45.7097 -26.3091 5.65495 9.10403 3.65122 0 0 0 0.386538 5.61216 0.0200577 0 0 0 0 0.0180252 2.384 303 55 2 2 0
./complex_md-fit_896.pdb BC A 6.83796 37.7462 -10.9522 -9.22663 -11.0591 -23.4515 -0.957228 40.7761 -23.3432 5.62738 6.58264 4.00368 0 0 0 0.079828 2.9144 -0.0046386 0 0 0 0 0.0205371 2.384 303 54 2 2 0
./complex_md-fit_897.pdb BC A 8.29244 28.8263 -4.87893 -8.52838 -10.631 -26.6541 -1.01597 47.6136 -27.0534 6.56759 8.02605 6.37291 0 0 0 0.394566 3.31681 0 0 0 0 0 0.0291891 2.384 303 51 1 1 0
./complex_md-fit_898.pdb BC A 7.13147 32.2384 -11.3484 -7.21507 -15.9347 -25.0156 -1.16814 43.8514 -24.9603 6.39837 8.32935 3.82065 0 0 0 0.526111 4.01808 0.0195457 0 0 0 0 0 2.384 303 51 1 1 0
./complex_md-fit_899.pdb BC A 9.15834 32.1756 -11.9335 -9.30824 -14.6185 -25.2679 -1.08659 45.1714 -25.0314 6.59672 7.54755 3.7168 0 0 0 0.320298 3.20794 5.55112e-17 0 0 0 0 0.026243 2.384 303 49 2 2 0
./complex_md-fit_89.pdb BC A 7.67092 27.9606 -13.5427 -5.9352 -15.1146 -22.0781 -1.19876 36.291 -22.4447 3.82961 8.85547 3.87098 0 0 0 0.352976 2.11212 0.0232888 0 0 0 0 0.00525195 2.384 303 47 1 1 0
./complex_md-fit_8.pdb BC A 9.53285 34.3481 -7.2124 -5.52303 -6.06776 -22.5761 -0.909002 39.44 -23.6396 4.20343 4.94615 2.86131 0 0 0 0.0659939 2.38046 -0.0138661 0 0 0 0 0 2.384 303 50 0 0 0
./complex_md-fit_900.pdb BC A 7.98446 29.5964 -7.85065 -10.6067 -11.1737 -25.0345 -0.88336 43.8737 -24.9204 7.13492 7.78326 5.612 0 0 0 0.35245 2.62577 0 0 0 0 0 0.011624 2.384 303 51 2 2 0
./complex_md-fit_901.pdb BC A 7.74055 40.5225 -3.36245 -10.5961 -9.14952 -26.2196 -1.10637 48.303 -26.1338 7.91385 8.77217 4.58255 0 0 0 0.268614 4.65391 0 0 0 0 0 0.00283079 2.384 303 51 1 1 0
./complex_md-fit_902.pdb BC A 8.56072 36.4332 -10.1706 -9.61728 -12.7461 -23.6684 -1.08667 41.5427 -23.5178 5.26673 8.43014 4.94093 0 0 0 0.260257 2.73711 0.0235808 0 0 0 0 0.00140996 2.384 303 49 1 1 0
./complex_md-fit_903.pdb BC A 8.80212 38.2804 -9.04122 -8.97863 -13.8082 -25.3628 -1.15357 45.2165 -25.1567 6.41363 9.06083 4.54139 0 0 0 0.220231 2.8501 -0.0338054 0 0 0 0 0 2.384 303 52 1 1 0
./complex_md-fit_904.pdb BC A 7.21033 37.6618 -3.49447 -7.55512 -8.53648 -24.6452 -0.982041 44.8604 -24.9874 5.88796 7.5357 4.54492 0 0 0 0.331736 2.84375 0.0202312 0 0 0 0 0.0308606 2.384 303 53 2 2 0
./complex_md-fit_905.pdb BC A 7.61046 34.4546 -13.2917 -7.29675 -13.9883 -23.7965 -1.06429 42.9902 -23.8503 1.83218 8.2591 3.35528 0 0 0 0.247278 3.88175 0 0 0 0 0 0.0203254 2.384 303 52 0 0 0
./complex_md-fit_906.pdb BC A 11.0386 40.8851 -12.8981 -11.5215 -12.3901 -25.4202 -1.04338 43.0061 -25.6957 6.42341 8.36808 5.10128 0 0 0 0.247418 3.60172 0.0207379 0 0 0 0 0.0058831 2.384 303 49 1 1 0
./complex_md-fit_907.pdb BC A 11.5155 29.4615 -2.57296 -9.42384 -11.1441 -24.9368 -1.03695 42.7856 -25.3147 10.6394 8.51837 6.40361 0 0 0 0.93661 3.14669 0 0 0 0 0 0 2.384 303 47 6 6 0
./complex_md-fit_908.pdb BC A 9.80604 40.8762 -12.8383 -9.86584 -11.7079 -24.7317 -1.02304 43.3419 -24.9436 4.9496 7.34963 3.54932 0 0 0 0.24338 3.24533 0 0 0 0 0 0 2.384 303 51 1 1 0
./complex_md-fit_909.pdb BC A 8.8698 33.5627 -6.0322 -7.8398 -12.5753 -25.779 -1.07663 45.933 -25.8339 7.26958 8.82404 4.33612 0 0 0 0.671348 2.8614 0.0245076 0 0 0 0 0.013859 2.384 303 49 0 0 0
./complex_md-fit_90.pdb BC A 7.02286 33.796 -13.1976 -6.6583 -13.0911 -21.7841 -0.817045 37.5695 -21.3727 2.08486 7.50063 3.11994 0 0 0 0.221653 2.58999 0.0270536 0 0 0 0 0.00199296 2.384 303 48 0 0 0
./complex_md-fit_910.pdb BC A 6.84647 41.8976 -2.16935 -8.20728 -11.0725 -25.3775 -0.948895 47.2951 -24.9951 6.71794 9.20379 4.35272 0 0 0 0.842199 3.76159 0.0201826 0 0 0 0 0 2.384 303 48 0 0 0
./complex_md-fit_911.pdb BC A 8.23927 36.5223 -14.1129 -10.2261 -14.1946 -23.941 -1.10926 40.7839 -24.2599 6.05314 7.23332 5.14543 0 0 0 0.391161 3.03818 0 0 0 0 0 0.0109631 2.384 303 48 2 2 0
./complex_md-fit_912.pdb BC A 11.6565 35.8919 -9.93666 -6.34562 -12.085 -23.996 -0.998744 42.6772 -24.3824 3.35671 7.57943 3.79902 0 0 0 0.478453 4.12016 -0.0201425 0 0 0 0 0.000392864 2.384 303 51 0 0 0
./complex_md-fit_913.pdb BC A 8.74656 39.94 -15.4387 -8.81856 -13.2673 -23.886 -1.0487 40.4713 -23.7984 3.00283 7.16877 3.8997 0 0 0 0.79682 2.92492 0.0297149 0 0 0 0 0.0111238 2.384 303 53 0 0 0
./complex_md-fit_914.pdb BC A 7.3768 29.366 -11.9628 -10.3123 -15.4253 -25.0448 -0.958113 43.7318 -24.3388 5.77427 10.0751 4.27213 0 0 0 0.277815 2.91213 -0.0144349 0 0 0 0 0 2.384 303 48 3 3 0
./complex_md-fit_915.pdb BC A 9.09974 38.5967 -9.58201 -7.15988 -15.2697 -24.1494 -1.18637 43.8668 -23.7934 5.46837 8.39245 3.85253 0 0 0 0.352458 3.77605 0.0167059 0 0 0 0 0.0274781 2.384 303 50 2 2 0
./complex_md-fit_916.pdb BC A 6.80449 38.0966 -12.7761 -9.9433 -14.179 -25.3108 -1.03425 45.595 -25.2985 4.77307 9.13191 2.79421 0 0 0 0.662203 3.20946 0.0247634 0 0 0 0 0.00848382 2.384 303 49 0 0 0
./complex_md-fit_917.pdb BC A 7.46699 38.5626 -4.52327 -9.56739 -12.1479 -25.6811 -1.15039 48.8253 -25.0235 7.49956 8.71619 3.50863 0 0 0 0.472108 2.87869 0.0216945 0 0 0 0 0.00347241 2.384 303 49 3 3 0
./complex_md-fit_918.pdb BC A 6.90218 39.0932 -12.7406 -9.75667 -16.6166 -24.6656 -1.19364 43.6718 -24.4511 4.52825 9.89121 5.20836 0 0 0 0.63951 3.72705 0 0 0 0 0 0.00386879 2.384 303 49 2 2 0
./complex_md-fit_919.pdb BC A 8.69239 27.9921 -12.4286 -8.98625 -12.1123 -24.7144 -1.02789 43.2867 -24.8759 4.71594 7.53638 3.6343 0 0 0 0.108927 3.25795 0 0 0 0 0 0.00587256 2.384 303 49 1 1 0
./complex_md-fit_91.pdb BC A 6.31554 42.1756 -10.8707 -4.62645 -14.598 -21.4333 -1.00409 37.0616 -21.1619 4.07105 7.61508 2.98049 0 0 0 0.227852 1.99542 -0.00953583 0 0 0 0 0.00648891 2.384 303 49 1 1 0
./complex_md-fit_920.pdb BC A 10.4887 41.6074 -13.0657 -8.87596 -16.4915 -24.6124 -1.13017 43.6936 -24.4001 4.98029 8.7004 4.37263 0 0 0 0.693051 4.95454 -0.00937665 0 0 0 0 0.0137952 2.384 303 51 2 2 0
./complex_md-fit_921.pdb BC A 9.00569 39.7883 -4.93066 -7.37423 -12.2678 -25.8583 -0.912387 47.2662 -25.5581 6.50085 8.62207 3.77977 0 0 0 0.855721 4.7684 0 0 0 0 0 0.0155291 2.384 303 52 0 0 0
./complex_md-fit_922.pdb BC A 7.73773 38.9845 -4.69769 -10.077 -10.8083 -25.3787 -1.0796 46.4232 -25.1487 7.58678 8.24363 4.88902 0 0 0 0.63088 3.24954 0.021115 0 0 0 0 0 2.384 303 50 2 2 0
./complex_md-fit_923.pdb BC A 9.57538 29.6138 -9.54499 -9.43059 -13.2843 -26.0341 -1.05982 46.0853 -25.6038 6.67907 7.34734 4.91732 0 0 0 0.835641 3.77195 0 0 0 0 0 0.00298959 2.384 303 51 3 3 0
./complex_md-fit_924.pdb BC A 7.51361 25.7729 -12.7566 -10.6829 -11.191 -25.0416 -0.994275 44.2168 -24.8472 4.42627 7.92951 3.08317 0 0 0 0.324562 3.60572 0 0 0 0 0 0.0199887 2.384 303 51 2 2 0
./complex_md-fit_925.pdb BC A 7.53504 42.9753 -6.55473 -7.55127 -10.7655 -24.8183 -1.06036 45.1121 -24.5987 5.62906 6.32443 4.70299 0 0 0 0.462546 4.04666 0 0 0 0 0 0.00828197 2.384 303 52 0 0 0
./complex_md-fit_926.pdb BC A 9.20383 31.0988 -1.37293 -6.47607 -10.1348 -24.6484 -1.0337 46.725 -24.2282 7.5597 7.921 2.54198 0 0 0 0.351321 3.25602 0.0389707 0 0 0 0 0.0101656 2.384 303 51 2 2 0
./complex_md-fit_927.pdb BC A 7.75123 35.3692 -6.43194 -8.00511 -13.0271 -24.9096 -0.838225 46.6079 -24.5966 5.70929 9.22437 2.73909 0 0 0 0.615179 2.88873 0.0219052 0 0 0 0 0.0270035 2.384 303 53 2 2 0
./complex_md-fit_928.pdb BC A 7.82567 37.6321 -1.77795 -9.31078 -9.64227 -25.7919 -0.800344 46.0077 -25.4659 9.14043 8.47803 5.30097 0 0 0 0.313558 3.17 -0.00995942 0 0 0 0 0.00261672 2.384 303 50 3 3 0
./complex_md-fit_929.pdb BC A 8.95011 35.2153 -7.35783 -9.21166 -12.9825 -25.0675 -1.08737 45.8555 -24.1464 4.80884 8.59916 5.53451 0 0 0 0.31515 2.77629 0.0046842 0 0 0 0 0.019788 2.384 303 53 0 0 0
./complex_md-fit_92.pdb BC A 6.24369 27.8804 -13.5224 -10.1571 -16.9619 -24.0586 -1.0522 42.6295 -23.7295 4.9475 10.275 4.24635 0 0 0 0.301918 3.2555 0.0366061 0 0 0 0 0 2.384 303 47 2 2 0
./complex_md-fit_930.pdb BC A 9.00719 37.8789 -6.62339 -9.75767 -12.9493 -24.8615 -0.960152 44.2588 -24.483 7.53184 9.43382 4.95215 0 0 0 0.178916 2.96267 1.11022e-16 0 0 0 0 0.0327737 2.384 303 51 0 0 0
./complex_md-fit_931.pdb BC A 9.68323 31.6414 -2.79297 -9.40501 -12.1476 -24.3894 -0.86975 43.475 -24.1654 9.85849 9.40212 4.80005 0 0 0 0.573165 3.23349 0.0496677 0 0 0 0 0.0256064 2.384 303 51 3 3 0
./complex_md-fit_932.pdb BC A 9.37776 32.2723 -5.84633 -7.88477 -12.2527 -24.4499 -1.12395 43.974 -24.1988 5.58447 10.3645 3.78938 0 0 0 0.322939 3.1358 0.00764279 0 0 0 0 0.0208069 2.384 303 50 2 2 0
./complex_md-fit_933.pdb BC A 6.53145 37.5204 -8.92383 -9.22209 -13.4658 -25.0216 -1.04294 45.1146 -24.2182 5.81752 9.62154 3.27138 0 0 0 0.221688 2.86629 1.11022e-16 0 0 0 0 0 2.384 303 49 1 1 0
./complex_md-fit_934.pdb BC A 10.59 34.041 -8.51495 -10.3343 -12.6049 -25.8514 -1.00093 46.8685 -25.4154 4.97471 9.73512 4.34533 0 0 0 0.768378 4.97219 0 0 0 0 0 0 2.384 303 51 2 2 0
./complex_md-fit_935.pdb BC A 7.74067 32.0311 -6.95589 -7.52985 -14.0926 -24.6265 -1.12625 46.4456 -24.2005 5.11754 8.3646 3.97367 0 0 0 0.717948 3.11385 -0.0281054 0 0 0 0 0.0286126 2.384 303 53 2 2 0
./complex_md-fit_936.pdb BC A 7.32851 35.7726 -3.94091 -8.32609 -12.6053 -26.6821 -1.17054 51.2467 -26.0297 6.57823 8.41399 4.18685 0 0 0 0.431057 3.32966 -0.0120687 0 0 0 0 0.0279953 2.384 303 52 1 1 0
./complex_md-fit_937.pdb BC A 7.65209 34.9728 -9.67309 -9.04069 -13.1966 -25.6917 -1.01828 46.0709 -25.2625 6.37551 8.01694 3.30924 0 0 0 0.695875 3.48693 0.0376603 0 0 0 0 0.030513 2.384 303 52 2 2 0
./complex_md-fit_938.pdb BC A 10.2596 32.3551 -9.1289 -10.0601 -14.8984 -25.0115 -1.04152 45.4951 -24.695 7.71667 8.37283 4.06938 0 0 0 0.867756 3.1157 0.0248634 0 0 0 0 0.0308548 2.384 303 54 2 2 0
./complex_md-fit_939.pdb BC A 7.12709 34.4852 -5.8172 -7.48239 -14.0218 -25.1219 -1.16167 46.6912 -24.4544 7.03048 8.5069 3.86152 0 0 0 0.306899 3.06757 -0.00280464 0 0 0 0 0.0308091 2.384 303 50 1 1 0
./complex_md-fit_93.pdb BC A 6.27029 30.621 -14.0225 -4.96568 -14.5627 -21.6966 -0.944183 35.4954 -21.7227 3.54384 7.22206 3.3726 0 0 0 0.208743 2.15407 0.0268092 0 0 0 0 0 2.384 303 43 0 0 0
./complex_md-fit_940.pdb BC A 8.90765 41.6629 -5.91328 -7.95978 -12.4416 -25.4487 -1.21442 46.5333 -25.0074 5.89691 7.60364 5.35044 0 0 0 0.713867 5.32201 0.0304721 0 0 0 0 0.0300011 2.384 303 53 1 1 0
./complex_md-fit_941.pdb BC A 7.47757 33.087 -8.2742 -9.13002 -12.0103 -27.1562 -1.04232 49.305 -27.2801 5.6028 8.63916 4.42943 0 0 0 0.311182 4.27469 0.0209547 0 0 0 0 0.0361932 2.384 303 52 1 1 0
./complex_md-fit_942.pdb BC A 10.1534 34.1049 -6.38375 -8.32878 -12.2661 -26.0124 -1.06673 47.6614 -25.3086 5.60678 8.41817 3.80836 0 0 0 1.06189 3.26876 0 0 0 0 0 0.0421967 2.384 303 51 0 0 0
./complex_md-fit_943.pdb BC A 7.78838 33.2315 -2.55507 -10.0864 -12.3808 -25.7751 -1.23617 48.8055 -25.3346 8.31031 8.48318 5.73701 0 0 0 0.931165 3.27637 -0.0294617 0 0 0 0 0.0204002 2.384 303 50 2 2 0
./complex_md-fit_944.pdb BC A 7.017 38.6694 -4.14721 -8.2337 -12.4208 -27.5436 -1.02836 50.1767 -27.2704 6.87807 8.63561 5.99764 0 0 0 0.646566 3.01452 -0.0139231 0 0 0 0 0.0289595 2.384 303 53 0 0 0
./complex_md-fit_945.pdb BC A 8.18479 33.4111 -7.87158 -10.4046 -14.7523 -25.7589 -1.20489 47.9757 -24.8601 5.28711 10.0347 5.45471 0 0 0 0.305481 2.97497 0.0224442 0 0 0 0 0.0290762 2.384 303 54 2 2 0
./complex_md-fit_946.pdb BC A 7.15264 29.4104 -5.42755 -7.02366 -13.5251 -25.9507 -1.11204 47.1347 -25.6726 8.79765 7.45929 4.30967 0 0 0 0.142485 5.45632 -0.0166651 0 0 0 0 0.0294489 2.384 303 52 2 2 0
./complex_md-fit_947.pdb BC A 6.4214 29.0086 -13.1078 -10.7184 -15.9653 -25.6278 -1.09862 45.0986 -25.4709 5.508 9.37846 5.25537 0 0 0 0.503708 4.85094 0 0 0 0 0 0.0291088 2.384 303 52 1 1 0
./complex_md-fit_948.pdb BC A 9.51281 37.3336 -6.51132 -10.513 -11.8544 -24.6023 -1.024 44.3881 -24.4878 8.2262 8.22382 4.25931 0 0 0 0.809371 3.56541 0.0210111 0 0 0 0 0.0423256 2.384 303 51 2 2 0
./complex_md-fit_949.pdb BC A 9.01097 34.8293 -7.93489 -11.9249 -13.2204 -24.9939 -1.02366 45.885 -24.6396 6.50884 9.44559 5.34283 0 0 0 0.658194 3.06529 -0.0107283 0 0 0 0 0.0378734 2.384 303 51 3 3 0
./complex_md-fit_94.pdb BC A 5.99498 27.179 -9.89464 -4.28057 -9.01524 -22.2383 -0.780458 36.1329 -23.0261 4.21096 5.70771 3.10903 0 0 0 0.262965 3.31986 0.0225133 0 0 0 0 0 2.384 303 45 0 0 0
./complex_md-fit_950.pdb BC A 9.64273 30.2127 -6.32439 -9.96637 -10.8969 -25.9276 -1.09389 46.7818 -25.7298 7.14912 9.06892 4.11863 0 0 0 0.150093 3.97165 0 0 0 0 0 0.0216052 2.384 303 53 3 3 0
./complex_md-fit_951.pdb BC A 8.70852 35.6807 -16.7319 -9.67916 -17.2855 -25.1297 -1.19174 44.6574 -25.1116 3.87819 9.5082 3.09557 0 0 0 0.465326 3.26859 0.0435011 0 0 0 0 0.0175037 2.384 303 56 2 2 0
./complex_md-fit_952.pdb BC A 6.12173 37.9286 -7.41919 -7.42035 -12.871 -25.4373 -0.813316 46.3305 -25.1436 5.32243 8.60655 3.6872 0 0 0 0.291739 3.9966 0.0207809 0 0 0 0 0.00713393 2.384 303 50 0 0 0
./complex_md-fit_953.pdb BC A 8.34832 37.2431 -9.79302 -7.67973 -12.9786 -25.2844 -1.00605 44.827 -25.1762 5.20146 9.64609 2.16222 0 0 0 0.473483 3.06445 0.0216805 0 0 0 0 0 2.384 303 48 0 0 0
./complex_md-fit_954.pdb BC A 11.0219 35.6685 -9.73875 -8.55779 -10.9668 -24.538 -0.814315 43.7515 -24.1955 4.06706 7.10716 4.19344 0 0 0 0.186357 3.65321 0 0 0 0 0 0.0280391 2.384 303 51 0 0 0
./complex_md-fit_955.pdb BC A 9.37537 27.1493 -19.1871 -10.4888 -17.1966 -24.9094 -1.22921 42.6339 -24.8649 3.9031 9.26249 3.53536 0 0 0 0.112408 2.8889 0.0235196 0 0 0 0 0.0310149 2.384 303 48 0 0 0
./complex_md-fit_956.pdb BC A 7.96321 34.2878 -7.80718 -8.96297 -10.4282 -24.7289 -1.04995 42.628 -25.3785 5.8152 8.83096 4.83317 0 0 0 0.589435 2.99429 0.0252756 0 0 0 0 0.019266 2.384 303 53 1 1 0
./complex_md-fit_957.pdb BC A 6.25586 40.6442 -14.1465 -10.3533 -16.0284 -25.9797 -1.0516 44.9272 -26.0363 5.21053 10.2034 4.36063 0 0 0 0.55901 3.28457 0.0237222 0 0 0 0 0.0181464 2.384 303 52 2 2 0
./complex_md-fit_958.pdb BC A 7.14732 44.6179 -14.3472 -10.2953 -12.9267 -25.179 -0.958613 42.9028 -25.3567 5.20307 8.68348 3.01639 0 0 0 0.563348 4.01158 0 0 0 0 0 0 2.384 303 51 2 2 0
./complex_md-fit_959.pdb BC A 8.21664 39.2298 -1.26477 -8.24277 -11.8231 -25.8036 -1.25608 47.79 -25.4662 9.08138 8.60662 4.86429 0 0 0 0.938477 3.77225 0.0268449 0 0 0 0 0.0193368 2.384 303 53 3 3 0
./complex_md-fit_95.pdb BC A 6.36957 32.0827 -14.1226 -4.85512 -12.5613 -20.6564 -0.78907 33.6079 -20.9428 2.60563 5.19385 3.78365 0 0 0 0.452499 2.22844 0.0208154 0 0 0 0 0.0178444 2.384 303 47 0 0 0
./complex_md-fit_960.pdb BC A 7.9732 33.8115 -9.2362 -10.4504 -11.2184 -26.3686 -0.973972 46.16 -26.5354 6.67554 7.89845 5.17287 0 0 0 0.392119 4.11544 0.0115168 0 0 0 0 0 2.384 303 51 1 1 0
./complex_md-fit_961.pdb BC A 8.02355 32.1577 -10.3167 -7.94451 -13.2306 -25.3935 -1.08726 43.701 -25.4784 7.04613 7.50774 4.32187 0 0 0 0.21076 5.18105 0.0144022 0 0 0 0 0.0156462 2.384 303 51 2 2 0
./complex_md-fit_962.pdb BC A 8.31271 28.0512 -11.295 -7.06056 -12.2785 -24.9065 -0.920499 42.2014 -25.3812 4.78527 7.81745 4.15594 0 0 0 0.292101 3.67689 0 0 0 0 0 0 2.384 303 49 0 0 0
./complex_md-fit_963.pdb BC A 7.10391 36.5117 -11.0534 -7.17028 -13.6511 -24.8622 -1.09553 45.1975 -24.7897 3.27486 7.70676 4.06942 0 0 0 0.276061 4.29299 -0.0260409 0 0 0 0 0.0169783 2.384 303 53 0 0 0
./complex_md-fit_964.pdb BC A 12.2657 37.0069 -7.0683 -8.69736 -9.81461 -25.6717 -1.02948 44.3437 -25.9375 7.65253 7.66172 4.14627 0 0 0 0.270014 4.27185 0 0 0 0 0 0.00807964 2.384 303 52 2 2 0
./complex_md-fit_965.pdb BC A 9.37933 34.9178 -9.4255 -9.20037 -13.8515 -25.5116 -1.1506 44.8939 -25.2384 5.63238 9.42388 4.56797 0 0 0 0.956199 3.37399 0.0226573 0 0 0 0 0.0300875 2.384 303 49 0 0 0
./complex_md-fit_966.pdb BC A 7.26058 28.0526 -9.43572 -6.59249 -12.6713 -23.7527 -1.0291 41.2969 -24.0334 6.03995 7.96552 3.13377 0 0 0 0.204134 3.10139 0 0 0 0 0 0.00294695 2.384 303 48 2 2 0
./complex_md-fit_967.pdb BC A 6.78462 27.2183 -8.07039 -6.58626 -10.7286 -23.7165 -1.13247 42.1366 -23.4795 4.90586 8.46634 1.89766 0 0 0 0.14562 4.23868 0 0 0 0 0 0.0208578 2.384 303 46 1 1 0
./complex_md-fit_968.pdb BC A 7.43333 26.7193 -1.98619 -4.61043 -10.9111 -22.6676 -1.06786 41.6149 -22.2567 7.30853 7.48938 2.89887 0 0 0 0.200692 3.98523 1.11022e-16 0 0 0 0 0.0150549 2.384 303 47 1 1 0
./complex_md-fit_969.pdb BC A 7.59306 35.8208 -10.9086 -8.82059 -12.0148 -25.3449 -1.00599 45.3535 -24.8419 2.18445 8.56531 4.49395 0 0 0 0.485348 2.95521 0.0370862 0 0 0 0 0 2.384 303 46 0 0 0
./complex_md-fit_96.pdb BC A 7.64068 36.2067 -8.47639 -6.99463 -8.51771 -23.2451 -0.942018 37.6289 -23.7712 6.66051 7.12739 3.08491 0 0 0 0.44244 2.22021 0.0244448 0 0 0 0 0.025669 2.384 303 50 2 2 0
./complex_md-fit_970.pdb BC A 9.27642 38.2116 -10.4479 -8.64275 -16.2786 -24.5597 -1.14089 43.704 -24.2618 5.88496 10.8818 3.50018 0 0 0 0.484917 2.75022 -0.0293326 0 0 0 0 0.00931966 2.384 303 44 1 1 0
./complex_md-fit_971.pdb BC A 8.86881 36.5832 -2.093 -6.79252 -11.1128 -23.2368 -0.98565 43.7669 -22.5099 6.11565 8.57084 3.62793 0 0 0 0.448511 3.15947 0 0 0 0 0 0.0148511 2.384 303 48 1 1 0
./complex_md-fit_972.pdb BC A 9.29099 30.3286 -11.3957 -7.34697 -18.2204 -24.1807 -1.25169 43.1884 -23.6746 6.10668 9.93666 3.24449 0 0 0 0.802503 3.0418 0 0 0 0 0 0 2.384 303 52 1 1 0
./complex_md-fit_973.pdb BC A 6.8942 37.4491 -12.0963 -8.7527 -17.1795 -24.3749 -1.1314 43.3404 -23.8452 5.68097 10.4614 3.34828 0 0 0 0.364835 3.27289 -0.0142933 0 0 0 0 0.00571371 2.384 303 49 0 0 0
./complex_md-fit_974.pdb BC A 10.0576 38.9569 -6.46337 -7.23326 -13.0773 -23.7401 -1.15408 42.6074 -23.1734 6.98659 7.9944 3.86426 0 0 0 0.458465 2.6717 0 0 0 0 0 0.00365204 2.384 303 47 1 1 0
./complex_md-fit_975.pdb BC A 9.03124 33.3731 -6.74422 -6.35681 -14.4799 -23.9492 -1.3825 43.3311 -23.6345 7.97626 7.65163 3.63825 0 0 0 0.444003 2.84227 0 0 0 0 0 0.0174097 2.384 303 46 2 2 0
./complex_md-fit_976.pdb BC A 10.4489 28.0628 -7.13096 -7.44935 -11.5212 -22.6309 -1.04819 40.9929 -22.127 4.12396 8.58061 3.3072 0 0 0 0.635088 2.83708 -0.0113338 0 0 0 0 0.0171803 2.384 303 48 0 0 0
./complex_md-fit_977.pdb BC A 8.32209 34.7466 -10.1039 -8.16902 -13.4284 -23.4001 -1.03438 41.7456 -23.0667 4.22073 8.17496 3.89036 0 0 0 0.976259 2.68206 -0.0133238 0 0 0 0 0 2.384 303 46 1 1 0
./complex_md-fit_978.pdb BC A 8.77718 31.4672 -9.38077 -8.08455 -12.1256 -23.2213 -1.1585 41.007 -22.8403 5.52137 8.17494 2.98631 0 0 0 0.366406 2.80907 -0.00938344 0 0 0 0 0.00284828 2.384 303 49 1 1 0
./complex_md-fit_979.pdb BC A 8.0287 33.8403 -4.16503 -5.46048 -10.0502 -23.4665 -0.988458 42.1452 -23.1784 5.66601 7.65166 3.08327 0 0 0 0.45297 3.27749 -0.0231876 0 0 0 0 0.00313005 2.384 303 49 0 0 0
./complex_md-fit_97.pdb BC A 7.53705 38.7928 -13.9035 -7.15022 -11.6394 -21.4779 -0.777616 33.57 -22.1299 3.94769 7.76902 3.55926 0 0 0 0.400635 1.76456 0 0 0 0 0 0.0250348 2.384 303 47 2 2 0
./complex_md-fit_980.pdb BC A 7.94368 34.4876 -12.0062 -6.09976 -15.2698 -22.5239 -1.25866 39.231 -22.4776 4.93534 7.71795 3.22832 0 0 0 0.510966 3.62064 0 0 0 0 0 0 2.384 303 50 0 0 0
./complex_md-fit_981.pdb BC A 10.3617 31.0863 -13.2534 -8.37613 -13.9482 -22.2778 -1.10327 39.114 -21.9018 3.65127 7.98792 2.7784 0 0 0 0.815211 2.78526 0 0 0 0 0 0.00709593 2.384 303 48 0 0 0
./complex_md-fit_982.pdb BC A 10.8815 35.1877 -9.55383 -7.71031 -13.8407 -23.2536 -1.13713 41.0901 -22.9779 7.13132 8.31283 2.25119 0 0 0 0.570622 3.64435 0 0 0 0 0 0.00978063 2.384 303 49 1 1 0
./complex_md-fit_983.pdb BC A 6.71431 25.4961 -4.3447 -5.59229 -11.1175 -22.1777 -1.03287 40.1182 -21.4285 6.58262 6.33963 3.04301 0 0 0 0.924448 2.8346 -0.0111199 0 0 0 0 0.00735647 2.384 303 46 2 2 0
./complex_md-fit_984.pdb BC A 9.17701 28.5018 -6.9161 -7.20181 -12.32 -23.6551 -1.1507 43.6752 -23.1621 5.49587 7.7462 2.80253 0 0 0 0.853826 3.09657 0 0 0 0 0 0 2.384 303 47 0 0 0
./complex_md-fit_985.pdb BC A 8.82695 27.6159 -8.84357 -6.99147 -12.5647 -23.6895 -1.1375 42.4438 -23.3784 4.07732 8.53361 3.68343 0 0 0 0.17984 3.7896 5.55112e-17 0 0 0 0 0 2.384 303 49 0 0 0
./complex_md-fit_986.pdb BC A 9.61503 33.7426 -8.91959 -7.72746 -14.042 -23.6545 -1.07974 42.6582 -22.9296 4.48439 9.36748 3.01951 0 0 0 1.00197 2.87419 -0.0286697 0 0 0 0 0.010905 2.384 303 48 1 1 0
./complex_md-fit_987.pdb BC A 10.1936 28.6654 -3.24446 -5.31974 -12.1127 -22.6698 -0.963417 41.6552 -22.4643 7.81927 7.86121 2.14835 0 0 0 0.783652 4.12612 0 0 0 0 0 0.0177402 2.384 303 50 4 4 0
./complex_md-fit_988.pdb BC A 8.97976 34.0512 1.86734 -5.20647 -7.90803 -21.5973 -0.994612 39.6456 -20.7219 8.71048 7.33327 2.29998 0 0 0 0.306632 3.77882 -0.00510252 0 0 0 0 0.00473094 2.384 303 48 5 5 0
./complex_md-fit_989.pdb BC A 7.26302 34.1365 0.114796 -3.82999 -10.9118 -22.345 -1.10391 40.5784 -22.0194 9.40133 6.46522 3.10163 0 0 0 0.778351 3.61563 0 0 0 0 0 0 2.384 303 50 2 2 0
./complex_md-fit_98.pdb BC A 7.61954 36.1401 -10.794 -6.13133 -10.5822 -23.3463 -0.926136 37.6414 -24.0129 4.39932 7.01882 5.00414 0 0 0 0.110811 2.82899 0.030378 0 0 0 0 0 2.384 303 49 1 1 0
./complex_md-fit_990.pdb BC A 7.60631 26.5757 -3.17044 -4.90101 -12.6111 -23.0008 -1.16677 41.3323 -22.336 8.5377 7.08395 2.80387 0 0 0 1.04371 3.23444 0.0242856 0 0 0 0 0.0193853 2.384 303 49 2 2 0
./complex_md-fit_991.pdb BC A 7.97564 34.4648 -5.81002 -5.07217 -9.83048 -22.2366 -1.11458 41.2744 -21.8031 3.55959 5.54104 3.46244 0 0 0 0.405657 2.73593 -0.0256678 0 0 0 0 0.029495 2.384 303 51 0 0 0
./complex_md-fit_992.pdb BC A 6.68705 29.3539 -5.28631 -7.73306 -11.6033 -23.1067 -1.1894 43.3707 -22.4028 6.57905 8.65742 1.88284 0 0 0 0.235862 2.94795 -1.11022e-16 0 0 0 0 0.0230393 2.384 303 49 1 1 0
./complex_md-fit_993.pdb BC A 7.98224 44.7322 -4.50051 -4.74758 -12.1031 -23.8239 -1.15119 44.5999 -23.1308 5.99982 7.09299 2.45746 0 0 0 0.264239 4.06598 0.0229112 0 0 0 0 0.0186634 2.384 303 50 2 2 0
./complex_md-fit_994.pdb BC A 7.00077 25.2077 1.64733 -3.94507 -11.3001 -23.3726 -1.05424 44.3208 -22.3277 8.20498 8.51806 2.43681 0 0 0 0.144107 2.59997 0 0 0 0 0 0.0221634 2.384 303 51 2 2 0
./complex_md-fit_995.pdb BC A 8.94879 37.5891 -10.4476 -8.17475 -13.0914 -23.0855 -0.957074 40.1068 -22.5014 4.62195 8.71617 3.07985 0 0 0 0.812998 2.79585 0.00797596 0 0 0 0 0.0168759 2.384 303 47 2 2 0
./complex_md-fit_996.pdb BC A 8.53636 30.8402 -8.58094 -4.56876 -15.8625 -21.8473 -1.1031 37.9956 -21.5267 5.94634 8.54185 3.36414 0 0 0 0.479531 3.905 0 0 0 0 0 0 2.384 303 48 1 1 0
./complex_md-fit_997.pdb BC A 9.22575 32.3843 -6.44699 -4.61759 -11.4736 -23.5031 -1.03183 43.0543 -23.0995 4.52102 6.76006 2.67201 0 0 0 0.25616 3.33937 0 0 0 0 0 0.0151232 2.384 303 49 0 0 0
./complex_md-fit_998.pdb BC A 7.42031 33.1254 -10.4984 -5.96323 -13.0583 -22.7161 -1.10235 40.7813 -22.5413 4.22643 7.85738 1.37023 0 0 0 0.647491 2.80358 0 0 0 0 0 0 2.384 303 49 1 1 0
./complex_md-fit_999.pdb BC A 6.86209 36.2546 -7.58678 -6.83215 -10.5216 -22.6519 -0.970413 40.8645 -22.4942 3.0062 7.78636 3.75837 0 0 0 0.444622 2.7134 0.00889991 0 0 0 0 0.0144373 2.384 303 48 1 1 0
./complex_md-fit_99.pdb BC A 9.85456 39.5217 -8.84613 -6.02689 -10.0126 -22.3382 -0.959486 37.4882 -22.7501 4.37235 6.56032 4.11853 0 0 0 0.701818 2.33105 0 0 0 0 0 0 2.384 303 47 2 2 0
./complex_md-fit_9.pdb BC A 7.84068 38.7873 -10.3632 -6.68389 -7.93461 -22.4239 -0.87804 36.9128 -23.369 3.80244 5.93012 3.90979 0 0 0 0.38942 3.38283 -0.0228828 0 0 0 0 0.00448886 2.384 303 46 1 1 0
