./complex_md-fit_1000.pdb BC A 10.9425 28.1211 -12.1569 -7.64351 -13.1925 -23.2878 -1.01895 39.8558 -23.1319 4.91748 7.57762 3.07671 0 0 0 0.690112 2.83963 0 0 0 0 0 0 2.384 303 50 0 0 0
./complex_md-fit_1001.pdb BC A 6.49999 32.8744 -9.49573 -7.04528 -11.8925 -23.72 -1.12802 41.8618 -23.1873 4.58423 7.49336 3.35349 0 0 0 0.162249 2.38474 -5.55112e-17 0 0 0 0 0.0222257 2.384 303 51 1 1 0
./complex_md-fit_100.pdb BC A 6.77543 30.8289 -4.50988 -6.51505 -9.88498 -21.3079 -1.01794 38.4447 -20.9283 6.51811 5.93696 3.99837 0 0 0 0.239457 2.43133 0 0 0 0 0 0.00673829 2.384 303 50 1 1 0
./complex_md-fit_101.pdb BC A 7.78063 27.6647 -4.03801 -5.01976 -9.28722 -21.4361 -0.851787 38.0034 -21.1314 5.09038 6.74603 3.71685 0 0 0 0.105299 3.41549 0.0213253 0 0 0 0 0.00499046 2.384 303 50 0 0 0
./complex_md-fit_102.pdb BC A 9.05419 30.4238 -6.81825 -7.13189 -11.5368 -21.6877 -0.919217 38.6971 -21.4942 7.07522 6.57542 3.1954 0 0 0 0.387394 1.9952 0 0 0 0 0 0.0209745 2.384 303 53 1 1 0
./complex_md-fit_103.pdb BC A 6.30503 30.6983 -7.89434 -7.55792 -9.98516 -22.8574 -1.05599 39.5592 -22.5922 5.25662 6.60446 4.30323 0 0 0 0.430865 2.69534 -5.55112e-17 0 0 0 0 0 2.384 303 53 2 2 0
./complex_md-fit_104.pdb BC A 7.65916 37.956 -6.11823 -6.30403 -10.5994 -22.117 -0.970892 38.6371 -22.2796 5.19171 7.04968 5.08926 0 0 0 0.184909 3.17938 0 0 0 0 0 0 2.384 303 47 1 1 0
./complex_md-fit_105.pdb BC A 7.09768 25.5305 -7.2786 -7.47622 -10.1094 -21.9818 -0.812289 38.5545 -21.8883 5.3159 7.21435 3.44676 0 0 0 0.443198 2.58907 0 0 0 0 0 0.0145717 2.384 303 50 1 1 0
./complex_md-fit_106.pdb BC A 7.71466 29.4333 -12.5631 -7.38933 -10.9924 -23.3663 -0.935997 39.1141 -23.8217 4.2125 7.74212 2.37872 0 0 0 0.503201 2.14537 -0.0182045 0 0 0 0 0.0102137 2.384 303 49 2 2 0
./complex_md-fit_107.pdb BC A 7.68084 29.3883 -11.5497 -9.46354 -11.5279 -22.8258 -0.935946 39.3993 -22.5735 3.71634 7.62852 4.81562 0 0 0 0.205277 2.79865 0 0 0 0 0 0.0119438 2.384 303 52 0 0 0
./complex_md-fit_108.pdb BC A 7.84666 36.0218 -9.54009 -6.22854 -13.185 -21.4948 -1.14028 37.8264 -21.2435 4.38152 8.88737 2.35261 0 0 0 0.30425 1.85412 1.11022e-16 0 0 0 0 0 2.384 303 46 0 0 0
./complex_md-fit_109.pdb BC A 7.20562 40.0928 -10.3886 -7.90528 -10.6628 -22.2968 -0.86478 39.62 -22.0348 3.04348 6.84674 3.70825 0 0 0 0.155612 2.52634 -1.38778e-17 0 0 0 0 0.00165803 2.384 303 51 0 0 0
./complex_md-fit_10.pdb BC A 10.0409 32.3047 -6.01232 -4.15352 -10.2192 -20.9153 -0.654999 38.0916 -20.8859 4.14359 6.79753 1.40147 0 0 0 0.338279 1.79143 0.0198298 0 0 0 0 0.0242496 2.384 303 52 0 0 0
./complex_md-fit_110.pdb BC A 8.47134 37.2924 -4.827 -7.62136 -10.3452 -22.3337 -1.11027 39.927 -22.0083 7.78754 7.1369 3.66175 0 0 0 0.0643675 2.36256 1.11022e-16 0 0 0 0 0.0142858 2.384 303 50 0 0 0
./complex_md-fit_111.pdb BC A 6.47173 29.3087 -10.4423 -8.35628 -11.2865 -21.2239 -0.774228 36.2676 -21.0843 3.43171 8.12332 4.21515 0 0 0 0.245191 1.87177 0 0 0 0 0 0 2.384 303 46 0 0 0
./complex_md-fit_112.pdb BC A 8.0613 34.3292 -1.54535 -4.18066 -7.07061 -21.7276 -0.837389 39.4122 -21.4669 6.12212 4.95972 2.89129 0 0 0 0.342048 2.59201 0.00389352 0 0 0 0 0.00651761 2.384 303 48 2 2 0
./complex_md-fit_113.pdb BC A 7.5078 31.3121 -3.22358 -5.95176 -9.45747 -20.8268 -0.974396 38.7544 -20.0747 5.25275 6.78709 2.2967 0 0 0 0.970599 2.05664 0 0 0 0 0 0 2.384 303 47 2 2 0
./complex_md-fit_114.pdb BC A 7.2873 36.7402 -8.82312 -5.19578 -11.8131 -21.8682 -0.94692 38.6382 -21.535 4.62333 6.9156 2.13271 0 0 0 0.225956 2.60663 0 0 0 0 0 0 2.384 303 49 0 0 0
./complex_md-fit_115.pdb BC A 6.07756 27.8746 -5.5087 -6.12948 -11.6046 -21.3213 -1.0895 38.2114 -20.1284 5.57351 8.13048 2.56082 0 0 0 0.260206 2.13132 0.0215629 0 0 0 0 0.00654411 2.384 303 49 1 1 0
./complex_md-fit_116.pdb BC A 8.88425 37.9368 -7.83641 -6.43535 -11.4235 -20.5657 -0.818269 37.225 -19.4269 3.15523 6.78384 3.00371 0 0 0 0.632052 2.08494 0 0 0 0 0 0.0334199 2.384 303 51 0 0 0
./complex_md-fit_117.pdb BC A 7.66552 29.0634 -4.108 -6.38908 -9.78194 -22.3195 -1.02789 39.6887 -21.5059 5.90262 7.68046 3.38646 0 0 0 0.239023 3.18572 0 0 0 0 0 0.0190528 2.384 303 47 1 1 0
./complex_md-fit_118.pdb BC A 6.3787 28.9577 -8.47989 -6.21813 -10.5169 -22.0919 -0.960888 38.6785 -21.8835 4.84235 6.0286 2.89392 0 0 0 0.736674 2.49787 -5.55112e-17 0 0 0 0 0.0113332 2.384 303 49 1 1 0
./complex_md-fit_119.pdb BC A 7.91885 24.8384 -1.76217 -5.96631 -8.87765 -21.3804 -0.918452 38.7333 -20.6438 7.02005 7.06906 3.05975 0 0 0 0.142315 2.11393 0 0 0 0 0 0 2.384 303 46 2 2 0
./complex_md-fit_11.pdb BC A 7.56516 40.4333 -7.17597 -4.5376 -10.9573 -20.4517 -0.862165 35.7645 -20.6712 6.44729 6.03524 1.7268 0 0 0 0.327723 1.5763 0 0 0 0 0 0.00250228 2.384 303 46 1 1 0
./complex_md-fit_120.pdb BC A 7.13167 36.7231 -10.4686 -7.98459 -11.7777 -21.8932 -0.918887 38.1213 -21.5507 2.38213 8.54255 4.017 0 0 0 0.593471 2.11889 0 0 0 0 0 0 2.384 303 48 0 0 0
./complex_md-fit_121.pdb BC A 9.77189 33.5462 -8.23243 -5.23945 -10.3007 -21.6134 -0.9791 37.2432 -20.8791 4.96344 5.28164 2.9792 0 0 0 0.301412 2.38462 1.11022e-16 0 0 0 0 0.0105196 2.384 303 45 0 0 0
./complex_md-fit_122.pdb BC A 7.72723 32.6197 -8.54245 -6.62417 -10.2301 -22.9641 -0.943509 39.2696 -22.7635 2.98432 7.4353 4.90398 0 0 0 0.378083 2.28029 0 0 0 0 0 0.0115814 2.384 303 50 0 0 0
./complex_md-fit_123.pdb BC A 6.17949 38.3206 -3.71458 -5.54762 -8.26958 -22.1964 -0.916679 38.1255 -21.7396 6.80554 6.86055 2.72548 0 0 0 0.438288 2.00123 0 0 0 0 0 0 2.384 303 48 2 2 0
./complex_md-fit_124.pdb BC A 8.75872 29.3238 -8.55148 -5.86662 -9.63077 -21.9556 -1.0773 38.8847 -21.9745 3.94006 6.72503 2.26202 0 0 0 0.141479 2.13931 0 0 0 0 0 0 2.384 303 48 0 0 0
./complex_md-fit_125.pdb BC A 9.86695 32.1877 -9.10277 -5.59616 -11.8217 -22.5225 -1.14211 39.217 -21.8125 4.71047 7.00641 2.77409 0 0 0 0.0594615 2.87527 0 0 0 0 0 0.0248439 2.384 303 50 0 0 0
./complex_md-fit_126.pdb BC A 6.95117 38.9729 -8.86384 -6.39058 -9.97215 -21.9424 -0.785079 38.8324 -21.7824 3.58508 6.50422 2.88867 0 0 0 0.175934 2.04525 0.0224208 0 0 0 0 0 2.384 303 49 0 0 0
./complex_md-fit_127.pdb BC A 7.90538 33.259 -13.2585 -7.48213 -12.6408 -22.1269 -1.15892 37.6154 -21.6692 3.64168 6.8744 3.27176 0 0 0 0.41624 2.23179 0 0 0 0 0 0 2.384 303 51 0 0 0
./complex_md-fit_128.pdb BC A 6.04402 34.1472 -11.5788 -6.81267 -11.7457 -21.6596 -0.992413 37.5067 -21.4063 3.26483 7.11983 2.72311 0 0 0 0.415872 2.10539 0 0 0 0 0 0.00749805 2.384 303 51 0 0 0
./complex_md-fit_129.pdb BC A 8.82512 34.4957 -3.30974 -5.41147 -6.65851 -22.1253 -0.864058 39.7486 -21.9858 5.75951 5.7249 2.00054 0 0 0 0.501826 2.56057 0 0 0 0 0 0 2.384 303 50 1 1 0
./complex_md-fit_12.pdb BC A 6.86205 32.0417 -14.1919 -5.51398 -14.0964 -20.5592 -0.868468 36.0804 -20.5389 2.52831 6.66915 1.87469 0 0 0 0.232532 1.42538 0 0 0 0 0 0 2.384 303 50 0 0 0
./complex_md-fit_130.pdb BC A 7.83313 29.7237 -9.94428 -7.77401 -11.2071 -22.3093 -0.986762 39.5722 -22.0305 4.69851 7.14683 2.38554 0 0 0 0.560214 2.24533 1.11022e-16 0 0 0 0 0 2.384 303 54 0 0 0
./complex_md-fit_131.pdb BC A 6.71857 34.2111 -7.72481 -6.12245 -9.98819 -21.3051 -1.05677 38.0105 -20.8532 5.33777 5.70014 2.04122 0 0 0 0.511252 2.32429 0 0 0 0 0 0 2.384 303 50 1 1 0
./complex_md-fit_132.pdb BC A 7.90253 33.5782 -7.24569 -6.10478 -12.4252 -21.9213 -1.10581 38.28 -21.7067 5.79218 7.92849 3.47952 0 0 0 0.537837 2.16064 5.55112e-17 0 0 0 0 0 2.384 303 48 2 2 0
./complex_md-fit_133.pdb BC A 6.69395 30.0162 -5.5756 -5.44348 -9.67543 -22.1714 -0.928856 40.3993 -22.0977 3.87584 7.44573 2.72932 0 0 0 0.269402 2.43092 0.0216949 0 0 0 0 0 2.384 303 51 0 0 0
./complex_md-fit_134.pdb BC A 10.0326 30.8592 -11.5838 -6.29957 -12.3697 -21.2618 -0.968005 36.5553 -21.1464 3.51001 7.822 2.43359 0 0 0 0.101889 2.02789 -5.55112e-17 0 0 0 0 0.0388504 2.384 303 49 0 0 0
./complex_md-fit_135.pdb BC A 7.47575 33.0379 -9.41399 -8.23956 -11.4253 -22.875 -0.910648 40.6288 -22.4599 4.86372 8.00475 2.61766 0 0 0 0.381492 2.45377 0 0 0 0 0 0 2.384 303 51 0 0 0
./complex_md-fit_136.pdb BC A 7.71623 32.0502 -8.06551 -6.39873 -9.04408 -21.6654 -0.909944 37.8965 -21.5365 4.13516 5.82696 2.98063 0 0 0 0.646494 2.64005 -2.77556e-17 0 0 0 0 0.00342566 2.384 303 49 0 0 0
./complex_md-fit_137.pdb BC A 8.00182 30.2603 -4.51521 -4.20175 -9.37435 -21.8559 -1.0001 40.0038 -21.4461 4.58768 6.15387 2.13288 0 0 0 0.484792 2.55761 5.55112e-17 0 0 0 0 0 2.384 303 51 2 2 0
./complex_md-fit_138.pdb BC A 7.35432 30.0049 -5.35206 -5.08861 -9.69871 -21.6989 -0.985898 38.4893 -21.7205 5.94319 5.52744 3.4002 0 0 0 0.48871 2.40288 -0.0145147 0 0 0 0 0.0061391 2.384 303 50 0 0 0
./complex_md-fit_139.pdb BC A 10.9716 31.759 -9.0734 -4.0016 -12.6356 -21.735 -0.997184 39.2239 -21.2242 3.70015 5.79529 2.15694 0 0 0 0.64381 2.03174 0 0 0 0 0 0 2.384 303 48 0 0 0
./complex_md-fit_13.pdb BC A 6.14341 27.6344 -5.64476 -4.99385 -9.87934 -22.6898 -0.914212 41.0609 -22.4018 4.10685 7.43464 2.57377 0 0 0 0.0514099 2.52705 0 0 0 0 0 0.00669445 2.384 303 49 0 0 0
./complex_md-fit_140.pdb BC A 7.47942 30.2911 -11.0299 -5.97307 -14.1539 -21.1224 -0.839206 35.7765 -20.5123 4.73918 8.16613 2.66884 0 0 0 0.22044 2.1341 0 0 0 0 0 0 2.384 303 46 1 1 0
./complex_md-fit_141.pdb BC A 10.327 33.2968 -9.52399 -7.13116 -11.5106 -21.9487 -1.08796 38.4713 -21.407 4.91565 6.73006 3.00355 0 0 0 0.440914 2.1957 5.55112e-17 0 0 0 0 0 2.384 303 53 0 0 0
./complex_md-fit_142.pdb BC A 7.51752 39.0594 -12.2945 -6.06801 -13.2388 -21.3362 -0.996703 37.601 -20.4484 3.035 6.0486 2.70117 0 0 0 0.418078 2.12132 -0.0102169 0 0 0 0 0 2.384 303 51 1 1 0
./complex_md-fit_143.pdb BC A 8.56774 33.6253 -9.81644 -6.15939 -13.2001 -21.4294 -1.04801 38.1194 -21.1496 4.46824 7.40978 2.72045 0 0 0 0.45221 2.05349 -5.55112e-17 0 0 0 0 0 2.384 303 53 0 0 0
./complex_md-fit_144.pdb BC A 7.05081 30.6131 -12.4551 -8.14492 -13.0678 -21.5083 -1.04661 38.3188 -21.1923 3.56005 7.29896 2.34298 0 0 0 0.984034 2.06744 0 0 0 0 0 0 2.384 303 51 0 0 0
./complex_md-fit_145.pdb BC A 6.73141 34.2173 -9.30544 -7.50612 -11.5683 -23.0357 -1.03939 40.6284 -22.9416 5.34254 7.99862 2.16998 0 0 0 0.629204 1.81991 0 0 0 0 0 0.0169411 2.384 303 54 0 0 0
./complex_md-fit_146.pdb BC A 8.29575 37.5308 -14.5531 -7.71136 -13.6458 -22.4351 -1.04176 39.0339 -21.771 3.5221 7.97506 1.17107 0 0 0 0.349875 2.25428 0 0 0 0 0 0 2.384 303 51 0 0 0
./complex_md-fit_147.pdb BC A 7.94255 32.2524 -11.3402 -6.49055 -11.64 -19.5606 -0.989238 35.2751 -18.8231 2.76647 6.1779 1.8704 0 0 0 0.0733034 1.65817 0 0 0 0 0 0 2.384 303 50 0 0 0
./complex_md-fit_148.pdb BC A 8.94814 31.6323 -11.4567 -6.37761 -11.2057 -21.0628 -0.983055 35.6257 -21.5387 4.54248 6.03654 3.37181 0 0 0 0.114918 2.07238 0.019767 0 0 0 0 0 2.384 303 51 0 0 0
./complex_md-fit_149.pdb BC A 7.53752 26.7156 -7.26064 -6.44883 -10.5821 -21.9556 -0.976232 37.0725 -21.9603 6.49354 8.01805 2.87823 0 0 0 0.20002 1.75837 5.55112e-17 0 0 0 0 0 2.384 303 50 0 0 0
./complex_md-fit_14.pdb BC A 7.30649 37.5796 -9.90256 -4.42272 -11.4402 -20.2744 -0.928673 35.8848 -19.9485 2.45275 6.1317 2.48656 0 0 0 0.127762 1.68364 0 0 0 0 0 0.0283095 2.384 303 48 0 0 0
./complex_md-fit_150.pdb BC A 6.25106 29.1132 -8.26556 -7.34819 -9.36774 -21.3641 -0.939263 36.3904 -21.4286 6.51866 7.00625 2.11724 0 0 0 0.149781 1.79502 0 0 0 0 0 0 2.384 303 49 0 0 0
./complex_md-fit_151.pdb BC A 9.12905 34.0567 -2.68087 -6.67006 -5.91588 -21.5705 -0.928309 38.4139 -21.1967 5.81661 6.16462 2.87416 0 0 0 0.343201 1.79457 -0.0119492 0 0 0 0 0 2.384 303 49 1 1 0
./complex_md-fit_152.pdb BC A 9.30707 27.7076 -14.768 -7.77689 -11.412 -20.4868 -0.987765 34.1258 -21.0015 2.54891 5.5787 4.2569 0 0 0 0.38675 2.16465 0 0 0 0 0 0 2.384 303 49 0 0 0
./complex_md-fit_153.pdb BC A 9.02601 38.2029 -7.92602 -5.0844 -10.7337 -20.5189 -0.959515 36.4729 -20.6236 3.69535 6.80533 2.72515 0 0 0 0.295396 3.31644 -1.11022e-16 0 0 0 0 0 2.384 303 48 0 0 0
./complex_md-fit_154.pdb BC A 8.79219 36.5929 -11.6378 -6.54568 -10.7785 -21.0858 -0.930303 35.9609 -21.2368 3.73879 6.88059 2.07925 0 0 0 0.274288 1.54111 0 0 0 0 0 0.00536307 2.384 303 50 0 0 0
./complex_md-fit_155.pdb BC A 8.05288 30.1821 -11.5826 -9.50642 -11.4748 -23.2947 -0.996042 41.3984 -23.0757 5.61467 7.74767 1.73859 0 0 0 0.265685 1.90313 0 0 0 0 0 0 2.384 303 50 0 0 0
./complex_md-fit_156.pdb BC A 7.23016 33.7008 -11.6346 -7.0018 -14.9034 -22.8493 -1.07246 40.5706 -22.6631 5.058 7.31654 3.35989 0 0 0 0.52902 2.784 0 0 0 0 0 0.021439 2.384 303 49 0 0 0
./complex_md-fit_157.pdb BC A 7.44854 33.8863 -7.59113 -6.65475 -10.2516 -22.479 -0.988572 39.6512 -22.369 7.00331 5.63056 2.56098 0 0 0 0.301241 2.29239 0 0 0 0 0 0.00450083 2.384 303 49 0 0 0
./complex_md-fit_158.pdb BC A 7.73197 31.6483 -6.08105 -5.9854 -8.77902 -22.8908 -1.04627 41.6359 -22.9799 3.72417 7.80346 2.29329 0 0 0 0.143426 2.48752 0 0 0 0 0 0 2.384 303 52 0 0 0
./complex_md-fit_159.pdb BC A 8.07832 34.195 -9.24879 -5.23024 -11.0454 -21.2687 -1.04401 37.9787 -20.3298 3.27407 5.44452 2.70029 0 0 0 0.259346 1.89932 0 0 0 0 0 0.0125473 2.384 303 48 0 0 0
./complex_md-fit_15.pdb BC A 7.79491 30.0322 -11.6191 -5.69885 -9.51905 -19.6735 -0.748178 33.6018 -19.8614 3.35575 4.8336 1.93478 0 0 0 0.165105 1.65191 -0.00920413 0 0 0 0 0 2.384 303 50 0 0 0
./complex_md-fit_160.pdb BC A 8.7462 31.0398 -0.135516 -5.61241 -8.45613 -22.228 -1.05298 41.2474 -21.4462 7.97553 6.13231 2.58056 0 0 0 0.689175 2.45651 0.0215945 0 0 0 0 0.0136397 2.384 303 50 2 2 0
./complex_md-fit_161.pdb BC A 8.94786 34.7196 -10.1925 -6.73304 -11.3224 -22.0141 -1.05479 39.2483 -21.9764 3.98174 7.23376 2.00562 0 0 0 0.438812 3.1389 -2.77556e-17 0 0 0 0 0 2.384 303 49 0 0 0
./complex_md-fit_162.pdb BC A 9.48014 37.3492 -11.266 -7.08633 -12.6662 -24.0367 -0.781709 41.4206 -24.1051 5.26296 7.2208 3.1858 0 0 0 0.33083 2.06005 -0.0109097 0 0 0 0 0 2.384 303 54 0 0 0
./complex_md-fit_163.pdb BC A 6.31002 31.3536 -7.76421 -8.37349 -12.822 -22.5519 -1.09771 41.9456 -22.0102 4.86091 8.43961 3.31392 0 0 0 0.513589 2.38546 -1.11022e-16 0 0 0 0 0.0175241 2.384 303 53 1 1 0
./complex_md-fit_164.pdb BC A 7.28035 32.572 -12.0421 -8.16927 -15.3157 -21.3675 -1.13959 39.2329 -20.6876 5.51221 8.03175 1.74183 0 0 0 0.118929 2.22852 0 0 0 0 0 0 2.384 303 51 0 0 0
./complex_md-fit_165.pdb BC A 8.3282 35.559 -6.24619 -4.51647 -9.75037 -20.6108 -0.75269 37.2024 -20.1528 2.49319 6.65261 2.92406 0 0 0 0.257931 2.67527 0 0 0 0 0 0.00673262 2.384 303 48 0 0 0
./complex_md-fit_166.pdb BC A 7.23796 35.1914 -2.25541 -6.44419 -10.3903 -22.4756 -1.06073 43.63 -21.661 6.00749 7.48341 2.51099 0 0 0 0.155165 2.42264 -0.0107134 0 0 0 0 0 2.384 303 50 2 2 0
./complex_md-fit_167.pdb BC A 7.35963 35.0052 -7.66137 -6.11699 -13.0622 -23.3984 -1.01629 42.1545 -22.9117 4.4186 9.11353 2.40886 0 0 0 0.748651 1.97594 -1.38778e-17 0 0 0 0 0 2.384 303 52 0 0 0
./complex_md-fit_168.pdb BC A 6.90636 32.7382 -1.31751 -5.11455 -9.09318 -23.4657 -0.815288 42.4499 -23.383 7.46803 7.36507 2.75612 0 0 0 0.526097 2.43965 -0.0110858 0 0 0 0 0 2.384 303 51 1 1 0
./complex_md-fit_169.pdb BC A 8.77687 31.7866 1.6127 -4.76896 -10.8107 -23.7573 -0.862017 44.7956 -22.9303 8.397 7.70235 3.40805 0 0 0 0.438818 2.49558 0 0 0 0 0 0 2.384 303 49 1 1 0
./complex_md-fit_16.pdb BC A 8.48887 34.169 -11.9928 -6.57507 -13.8281 -20.157 -1.08513 35.8107 -19.6762 5.08096 6.51725 1.36525 0 0 0 0.520143 1.42217 0 0 0 0 0 0.0342566 2.384 303 47 0 0 0
./complex_md-fit_170.pdb BC A 6.18759 38.0446 -8.87317 -5.46404 -14.6034 -22.7714 -0.869254 40.897 -22.1175 5.37952 7.69313 2.42028 0 0 0 0.548673 2.4462 0 0 0 0 0 0.0139089 2.384 303 50 0 0 0
./complex_md-fit_171.pdb BC A 7.03023 32.0051 -1.11525 -5.22813 -11.7265 -23.9917 -1.03474 45.4378 -23.2257 6.45926 8.22256 3.66545 0 0 0 0.305037 2.31915 0 0 0 0 0 0.00147854 2.384 303 52 1 1 0
./complex_md-fit_172.pdb BC A 10.3258 35.2523 -2.17517 -4.89365 -12.7629 -22.1874 -0.93658 42.9334 -21.1932 5.5906 8.14131 2.84112 0 0 0 0.28588 2.10676 -5.55112e-17 0 0 0 0 0.00616107 2.384 303 51 0 0 0
./complex_md-fit_173.pdb BC A 7.09224 32.0261 -9.95286 -8.01522 -12.4885 -22.6091 -0.923715 40.1646 -21.9797 5.15458 7.77644 2.81427 0 0 0 0.14131 2.3309 0 0 0 0 0 0.012256 2.384 303 51 0 0 0
./complex_md-fit_174.pdb BC A 8.56453 32.4994 -11.002 -6.68871 -10.7614 -22.9241 -0.920453 41.54 -22.3824 1.89327 6.79447 2.2761 0 0 0 0.156251 3.11048 -0.0124223 0 0 0 0 0.0274702 2.384 303 48 0 0 0
./complex_md-fit_175.pdb BC A 6.17384 38.8589 -4.34985 -6.4759 -10.4236 -23.3848 -0.788936 43.0572 -22.4507 6.84825 6.84385 2.14969 0 0 0 0.2857 2.43411 -0.0105156 0 0 0 0 0 2.384 303 51 0 0 0
./complex_md-fit_176.pdb BC A 6.75155 30.8845 -6.94688 -7.62163 -12.0236 -23.5148 -1.04559 42.1848 -22.9276 6.15572 8.30861 3.25801 0 0 0 0.236545 2.55838 0.0348342 0 0 0 0 0.00785947 2.384 303 50 0 0 0
./complex_md-fit_177.pdb BC A 8.62021 26.3469 -12.5981 -6.75847 -12.7096 -22.5703 -0.885166 39.8012 -21.8579 2.4704 6.32102 3.07378 0 0 0 0.488826 2.41024 0.0281005 0 0 0 0 0 2.384 303 46 0 0 0
./complex_md-fit_178.pdb BC A 8.08979 38.1947 -8.79098 -7.46504 -11.6602 -22.5994 -1.07723 40.6663 -21.8208 3.83349 8.2487 2.7231 0 0 0 0.371038 2.37724 -0.0108837 0 0 0 0 0 2.384 303 51 1 1 0
./complex_md-fit_179.pdb BC A 6.58602 32.1231 -12.884 -7.4171 -18.7637 -22.7266 -1.10083 42.5423 -21.7059 2.74583 9.91434 3.19751 0 0 0 0.415725 2.26634 -0.0107972 0 0 0 0 0.0251378 2.384 303 51 0 0 0
./complex_md-fit_17.pdb BC A 7.96673 31.3773 -8.92999 -6.3233 -13.6641 -20.2465 -0.95374 37.1124 -19.5534 3.96782 8.16967 2.09155 0 0 0 0.455034 1.67267 1.11022e-16 0 0 0 0 0.0146454 2.384 303 49 0 0 0
./complex_md-fit_180.pdb BC A 8.36462 37.8006 -13.8112 -6.94679 -14.5826 -21.6773 -1.03885 37.7133 -21.5152 3.16771 7.1545 3.62936 0 0 0 0.28466 1.6719 0 0 0 0 0 0 2.384 303 46 0 0 0
./complex_md-fit_181.pdb BC A 8.48332 32.734 -6.96552 -7.67674 -14.4146 -22.5662 -0.87843 42.1833 -21.8906 5.11283 9.4518 3.21192 0 0 0 0.474459 2.38332 0 0 0 0 0 0.0268257 2.384 303 48 0 0 0
./complex_md-fit_182.pdb BC A 9.81432 31.9086 -9.41938 -6.40432 -14.9862 -23.0488 -0.954842 42.6232 -21.969 4.5245 8.20008 2.38646 0 0 0 0.231069 2.30599 -0.022028 0 0 0 0 0.000502504 2.384 303 44 1 1 0
./complex_md-fit_183.pdb BC A 7.46889 36.7168 -10.768 -7.44245 -12.3688 -22.162 -0.977744 38.9034 -21.1615 3.82599 7.57018 2.76797 0 0 0 0.24225 2.00279 0.0346446 0 0 0 0 0 2.384 303 48 0 0 0
./complex_md-fit_184.pdb BC A 8.83348 35.0605 -11.4694 -8.89275 -14.1019 -23.3091 -0.848619 40.4499 -22.6098 5.13773 8.63903 3.78897 0 0 0 0.277116 2.59455 0 0 0 0 0 0 2.384 303 52 1 1 0
./complex_md-fit_185.pdb BC A 7.25627 35.1101 -3.69633 -5.27604 -12.6692 -22.6871 -0.889052 41.9702 -21.4423 5.4614 7.42135 4.02292 0 0 0 0.401999 2.28797 -0.0104522 0 0 0 0 0 2.384 303 48 2 2 0
./complex_md-fit_186.pdb BC A 8.77401 26.5514 -7.04605 -6.36067 -13.887 -22.4614 -1.16547 41.9654 -21.6858 3.92126 9.76825 2.74375 0 0 0 0.12366 1.86653 -0.0128934 0 0 0 0 0.00493815 2.384 303 52 0 0 0
./complex_md-fit_187.pdb BC A 9.55083 27.2928 -7.89319 -7.7249 -11.1421 -23.1011 -0.953897 41.1299 -22.4487 7.54374 6.56307 1.96666 0 0 0 0.260245 2.14341 0 0 0 0 0 0.0138728 2.384 303 51 2 2 0
./complex_md-fit_188.pdb BC A 9.66211 32.8279 -10.7706 -10.0716 -12.7711 -22.7113 -1.00559 40.8474 -22.3874 4.26757 8.44116 4.46526 0 0 0 0.154765 1.81268 -2.77556e-17 0 0 0 0 0.000177475 2.384 303 52 0 0 0
./complex_md-fit_189.pdb BC A 8.41063 29.6282 -4.67508 -8.97684 -10.4558 -22.6819 -0.826296 41.1564 -22.0651 6.10567 8.209 4.49869 0 0 0 0.361109 2.15412 0 0 0 0 0 0 2.384 303 49 0 0 0
./complex_md-fit_18.pdb BC A 5.88578 31.9546 -11.4661 -5.02868 -14.7047 -20.9864 -0.889824 37.6083 -20.4579 2.92144 7.08731 2.7933 0 0 0 0.191122 1.59276 0 0 0 0 0 0 2.384 303 47 0 0 0
./complex_md-fit_190.pdb BC A 9.46517 32.5077 -11.4241 -8.52173 -15.4687 -23.4425 -0.83361 42.1006 -22.9671 4.51481 9.24143 3.40727 0 0 0 0.569959 1.93445 -0.0246247 0 0 0 0 0 2.384 303 51 0 0 0
./complex_md-fit_191.pdb BC A 10.9796 36.2234 -6.89758 -7.76252 -11.9118 -23.9991 -1.06129 43.2483 -23.481 6.48253 8.22752 2.63201 0 0 0 0.640096 2.46484 0.0676285 0 0 0 0 0.0200291 2.384 303 52 1 1 0
./complex_md-fit_192.pdb BC A 8.74749 36.5155 -7.85187 -7.25843 -10.0181 -22.9322 -0.839519 41.7499 -22.7731 3.6118 7.18813 2.81083 0 0 0 0.618674 1.93523 -0.00980867 0 0 0 0 0 2.384 303 51 0 0 0
./complex_md-fit_193.pdb BC A 6.61689 28.1024 -7.53976 -6.91073 -11.5162 -23.0146 -0.961765 41.4511 -22.5959 5.65413 6.76666 3.08822 0 0 0 0.492749 2.11032 0 0 0 0 0 0.00655285 2.384 303 47 1 1 0
./complex_md-fit_194.pdb BC A 9.93456 36.2849 -6.15577 -6.24523 -10.7415 -21.6792 -0.872965 38.7865 -21.5604 6.12549 7.19184 2.55902 0 0 0 0.289279 2.76127 -0.00846783 0 0 0 0 0 2.384 303 49 1 1 0
./complex_md-fit_195.pdb BC A 8.27034 39.0127 -8.869 -6.50779 -13.375 -21.6859 -1.09444 39.3248 -21.1893 6.00456 7.12085 2.25501 0 0 0 0.278215 2.16685 0 0 0 0 0 0 2.384 303 49 1 1 0
./complex_md-fit_196.pdb BC A 7.93258 29.8921 2.30856 -5.3304 -7.25759 -22.3584 -1.04097 41.004 -21.7143 8.05958 7.43424 3.09567 0 0 0 0.41664 2.12388 0 0 0 0 0 0 2.384 303 50 2 2 0
./complex_md-fit_197.pdb BC A 8.25876 36.1155 -12.1542 -8.80342 -13.6143 -23.2077 -0.980868 40.7757 -23.4888 3.65983 10.0937 2.78995 0 0 0 0.636283 2.15883 -0.0146058 0 0 0 0 0 2.384 303 50 0 0 0
./complex_md-fit_198.pdb BC A 7.43879 32.5516 -14.8042 -8.10272 -15.327 -23.5696 -0.860094 41.7004 -23.5928 4.45475 8.58499 1.59367 0 0 0 0.307598 1.97055 0 0 0 0 0 0.00661142 2.384 303 50 0 0 0
./complex_md-fit_199.pdb BC A 8.68584 34.8973 -8.72697 -7.28408 -12.4026 -23.2942 -0.958521 42.5928 -22.8878 5.7621 7.66664 1.92978 0 0 0 0.162835 3.23541 -0.0139388 0 0 0 0 0 2.384 303 54 2 2 0
./complex_md-fit_19.pdb BC A 12.7823 34.3913 -13.49 -4.70557 -13.7563 -19.595 -0.820045 32.9153 -19.648 3.70153 6.60478 1.68939 0 0 0 0.112849 1.84424 1.11022e-16 0 0 0 0 0.0110985 2.384 303 46 0 0 0
./complex_md-fit_1.pdb BC A 11.1148 31.9773 -12.7585 -7.81545 -11.2214 -26.593 -0.620493 46.1944 -26.5965 3.41799 8.00945 2.28599 0 0 0 0.156118 4.65782 0.00710055 0 0 0 0 0.017322 2.384 303 57 0 0 0
./complex_md-fit_200.pdb BC A 8.6015 35.7892 -10.5291 -6.55026 -12.3327 -22.0685 -0.939327 39.3872 -21.9677 3.60801 7.23381 2.56411 0 0 0 0.531916 2.32838 0.00440911 0 0 0 0 0 2.384 303 49 0 0 0
./complex_md-fit_201.pdb BC A 10.2866 30.7422 -8.46831 -7.5663 -10.2008 -22.8593 -0.801547 41.732 -22.5798 3.50221 7.41961 2.6672 0 0 0 0.245183 2.7404 -0.0266612 0 0 0 0 0 2.384 303 52 0 0 0
./complex_md-fit_202.pdb BC A 7.06553 28.0394 -2.1932 -7.6736 -9.56772 -21.4814 -0.900565 39.3357 -20.7891 6.52258 8.80714 3.30288 0 0 0 0.262916 3.14104 -0.0121062 0 0 0 0 0 2.384 303 51 1 1 0
./complex_md-fit_203.pdb BC A 7.76226 38.5027 -10.7303 -6.94236 -12.9756 -22.1517 -0.85906 40.0596 -21.7335 3.41595 7.30283 2.65327 0 0 0 0.51053 2.02658 -0.0102304 0 0 0 0 0 2.384 303 50 0 0 0
./complex_md-fit_204.pdb BC A 7.4387 37.9912 -6.47108 -7.1069 -11.6243 -22.7483 -0.861097 40.3141 -22.3414 5.53982 8.69065 3.14738 0 0 0 0.532608 2.5088 -0.0135703 0 0 0 0 0 2.384 303 52 0 0 0
./complex_md-fit_205.pdb BC A 7.14691 30.5759 -7.65934 -6.4976 -11.5267 -21.6375 -0.735497 37.8369 -21.5742 4.38585 8.21092 3.45198 0 0 0 0.439532 2.62035 -0.013145 0 0 0 0 0 2.384 303 50 1 1 0
./complex_md-fit_206.pdb BC A 6.76953 43.0708 -13.8183 -7.44251 -13.1139 -21.7574 -1.07362 38.3863 -21.4433 1.96872 8.18161 2.12177 0 0 0 0.384917 2.37533 -0.0308275 0 0 0 0 0 2.384 303 52 0 0 0
./complex_md-fit_207.pdb BC A 7.75889 39.9734 -8.04347 -6.63961 -9.05862 -21.6511 -0.951747 38.5504 -20.9767 3.56452 5.79875 2.97833 0 0 0 0.342298 2.26909 0 0 0 0 0 0 2.384 303 48 0 0 0
./complex_md-fit_208.pdb BC A 8.62116 33.1307 -11.6354 -9.08403 -13.1476 -24.1437 -0.986762 43.0845 -24.3185 4.86928 9.01136 2.88315 0 0 0 0.196774 2.51062 0 0 0 0 0 0 2.384 303 53 1 1 0
./complex_md-fit_209.pdb BC A 7.72248 30.742 -7.26285 -7.90917 -9.25949 -22.6987 -1.08703 39.8019 -22.6231 5.2036 8.60376 2.54766 0 0 0 0.163051 2.61409 -0.0119116 0 0 0 0 0.00653909 2.384 303 51 0 0 0
./complex_md-fit_20.pdb BC A 7.24826 35.0177 -8.28665 -4.90681 -7.76401 -19.4268 -0.783241 34.2509 -19.0594 3.27684 3.44925 2.24741 0 0 0 0.416789 1.26326 0 0 0 0 0 0.0123729 2.384 303 46 0 0 0
./complex_md-fit_210.pdb BC A 8.09649 38.5487 -9.64155 -6.48483 -12.1085 -22.4044 -1.00487 38.7895 -22.3268 5.67477 8.00005 1.88681 0 0 0 0.341305 2.07318 -0.0106752 0 0 0 0 0.00605906 2.384 303 51 0 0 0
./complex_md-fit_211.pdb BC A 9.32733 32.6356 -7.31566 -6.78639 -11.8871 -22.3621 -0.863145 41.2817 -21.3711 4.99822 7.44323 1.9887 0 0 0 0.218407 1.88599 -0.0116685 0 0 0 0 0.035524 2.384 303 53 0 0 0
./complex_md-fit_212.pdb BC A 8.91635 35.7765 -11.8929 -8.49071 -13.2547 -23.4374 -0.94269 41.8732 -23.0659 3.86207 7.80008 3.332 0 0 0 0.447749 2.67512 -0.016588 0 0 0 0 0 2.384 303 53 0 0 0
./complex_md-fit_213.pdb BC A 6.77967 34.895 -8.0538 -6.67009 -13.4859 -22.8229 -0.9 42.3025 -22.071 4.61245 7.88799 2.4761 0 0 0 0.616952 3.5095 0 0 0 0 0 0 2.384 303 52 0 0 0
./complex_md-fit_214.pdb BC A 8.06105 34.4814 -8.42982 -8.00296 -11.1573 -23.6322 -0.921135 42.4919 -22.9942 5.48265 6.53016 3.17668 0 0 0 0.601866 4.00907 -0.00529704 0 0 0 0 0 2.384 303 54 1 1 0
./complex_md-fit_215.pdb BC A 8.27298 30.1674 -7.85971 -6.95128 -9.99773 -22.3627 -1.04956 39.5207 -21.9375 4.07448 6.68112 4.02642 0 0 0 0.134877 2.65504 0 0 0 0 0 0.00135082 2.384 303 50 0 0 0
./complex_md-fit_216.pdb BC A 8.20574 32.2302 -2.68254 -6.4624 -9.27555 -22.3321 -0.809982 39.7319 -22.0609 6.74911 8.03356 3.45169 0 0 0 0.298577 2.02705 -0.0109413 0 0 0 0 0.00452556 2.384 303 50 0 0 0
./complex_md-fit_217.pdb BC A 7.71227 29.8405 -9.08127 -5.39575 -16.6336 -23.3303 -1.19093 42.2687 -22.4417 4.96009 9.35303 3.06853 0 0 0 0.260611 2.41397 0 0 0 0 0 0 2.384 303 51 1 1 0
./complex_md-fit_218.pdb BC A 10.641 29.254 -7.88547 -5.22271 -11.9281 -22.8158 -1.10997 41.0733 -22.2046 4.26869 7.5798 2.09082 0 0 0 0.38316 2.45569 0 0 0 0 0 0 2.384 303 51 0 0 0
./complex_md-fit_219.pdb BC A 7.22285 32.9159 -8.94104 -7.63409 -14.2992 -23.3816 -1.09524 44.0684 -22.2966 4.41096 8.90379 1.90996 0 0 0 0.467769 2.10425 0 0 0 0 0 0.00488336 2.384 303 56 1 1 0
./complex_md-fit_21.pdb BC A 8.93875 37.9697 -13.5856 -5.95731 -13.1465 -20.4991 -0.64639 36.5238 -20.4945 1.85337 6.18291 2.12919 0 0 0 0.45365 2.0005 0 0 0 0 0 0.0153101 2.384 303 50 0 0 0
./complex_md-fit_220.pdb BC A 7.66334 31.6127 -14.4878 -7.57198 -13.4159 -22.1193 -0.826946 37.1936 -21.9659 4.8695 6.87788 2.31554 0 0 0 0.155747 2.45685 2.77556e-17 0 0 0 0 0 2.384 303 47 0 0 0
./complex_md-fit_221.pdb BC A 10.4238 29.7435 -5.43996 -6.06155 -11.5283 -23.6733 -1.06139 42.5595 -23.0773 6.90808 7.16587 3.0478 0 0 0 0.280553 2.19839 0 0 0 0 0 0 2.384 303 51 0 0 0
./complex_md-fit_222.pdb BC A 7.52237 30.728 -12.557 -8.46196 -13.1069 -22.8221 -1.06669 40.5238 -22.6496 3.26435 8.21308 3.23465 0 0 0 0.307961 2.26083 -1.11022e-16 0 0 0 0 0.00645639 2.384 303 51 0 0 0
./complex_md-fit_223.pdb BC A 8.94111 34.667 -8.67938 -6.22325 -10.2039 -22.3281 -0.82641 39.7349 -22.0743 3.91365 6.33216 2.06362 0 0 0 0.924285 2.33648 -0.00931816 0 0 0 0 0.0173198 2.384 303 51 2 2 0
./complex_md-fit_224.pdb BC A 7.69749 33.0436 -8.72413 -7.2 -13.587 -22.0893 -0.956442 40.6092 -21.9488 3.71687 9.07747 3.3425 0 0 0 0.306729 2.20669 0 0 0 0 0 0.00460809 2.384 303 51 0 0 0
./complex_md-fit_225.pdb BC A 8.70625 32.163 -5.77704 -8.21217 -12.0796 -24.0015 -1.13326 44.0802 -23.6607 5.69197 9.68426 3.68515 0 0 0 0.19398 2.52886 -0.0253945 0 0 0 0 0 2.384 303 54 1 1 0
./complex_md-fit_226.pdb BC A 8.32429 27.4905 -16.8289 -10.3452 -14.3866 -23.4099 -1.04472 40.4249 -23.7059 3.02235 8.62417 3.45564 0 0 0 0.551799 2.92621 -0.0155119 0 0 0 0 0 2.384 303 54 0 0 0
./complex_md-fit_227.pdb BC A 9.30064 28.3971 -10.3325 -10.0515 -14.2933 -23.7747 -1.21721 43.2034 -23.3015 6.5164 9.93505 2.42033 0 0 0 0.226728 2.22394 0 0 0 0 0 0.00380733 2.384 303 54 3 3 0
./complex_md-fit_228.pdb BC A 7.25787 33.2498 -7.10325 -8.07766 -14.256 -24.0875 -1.07901 44.9236 -23.7925 7.16811 9.04254 2.65718 0 0 0 0.41158 2.99734 -0.0135731 0 0 0 0 0 2.384 303 55 0 0 0
./complex_md-fit_229.pdb BC A 7.92597 30.3624 -10.0305 -6.53867 -14.4636 -23.9732 -0.884437 43.8257 -23.5283 3.95858 9.98247 1.48502 0 0 0 0.105973 3.42965 0 0 0 0 0 0 2.384 303 55 0 0 0
./complex_md-fit_22.pdb BC A 7.51946 30.6308 -12.4994 -4.08262 -9.8029 -19.8405 -0.515786 34.172 -19.8874 1.33312 3.07741 2.89939 0 0 0 0.147958 2.04876 0 0 0 0 0 0 2.384 303 51 0 0 0
./complex_md-fit_230.pdb BC A 9.06865 39.0162 -9.97783 -8.01641 -12.9653 -23.4588 -0.847251 41.4751 -23.4846 5.31382 8.14789 3.51758 0 0 0 0.352225 2.13348 -0.0120525 0 0 0 0 0 2.384 303 52 1 1 0
./complex_md-fit_231.pdb BC A 7.38982 37.7642 -10.9171 -8.33805 -10.3084 -22.8149 -0.767921 39.1109 -22.8135 4.7924 7.29641 2.67768 0 0 0 0.247951 2.72869 -0.0111667 0 0 0 0 0.0114239 2.384 303 51 0 0 0
./complex_md-fit_232.pdb BC A 7.60481 34.4048 -6.54922 -7.7116 -9.8967 -22.8204 -0.892123 40.6987 -22.4353 4.98115 8.75863 2.51352 0 0 0 0.265468 2.17613 -0.0105559 0 0 0 0 0 2.384 303 49 1 1 0
./complex_md-fit_233.pdb BC A 7.41819 33.957 -4.95414 -7.22246 -8.62446 -22.8558 -0.922329 41.3435 -22.4263 4.52578 7.39396 3.57974 0 0 0 0.265403 2.32224 -0.0111335 0 0 0 0 0 2.384 303 51 0 0 0
./complex_md-fit_234.pdb BC A 7.46377 35.0614 -5.87124 -6.35128 -10.6409 -22.7783 -0.866929 41.8211 -22.8181 3.70812 8.11192 3.68075 0 0 0 0.278397 2.90971 -0.0159727 0 0 0 0 0 2.384 303 52 0 0 0
./complex_md-fit_235.pdb BC A 7.61376 38.8159 -5.27981 -7.67362 -9.30918 -23.8142 -0.961035 43.5136 -23.3722 4.87612 7.74895 3.1466 0 0 0 0.573626 2.51639 -0.00845628 0 0 0 0 0 2.384 303 52 1 1 0
./complex_md-fit_236.pdb BC A 9.77589 36.1292 -4.39058 -6.4202 -13.2591 -22.7961 -1.06012 42.7843 -22.3609 5.98462 8.75162 3.82166 0 0 0 0.172856 2.3695 -0.00935883 0 0 0 0 0 2.384 303 53 0 0 0
./complex_md-fit_237.pdb BC A 8.95685 32.9636 -1.48296 -5.89951 -12.5669 -21.9055 -0.96047 41.9512 -21.1887 7.7483 8.57184 2.54272 0 0 0 0.23416 2.0943 -0.0100375 0 0 0 0 0 2.384 303 50 1 1 0
./complex_md-fit_238.pdb BC A 12.1329 26.7452 -4.62105 -6.25234 -14.132 -23.3698 -0.930259 44.1326 -22.2283 6.09811 9.11176 2.78744 0 0 0 0.156749 2.57118 -1.11022e-16 0 0 0 0 0.00497164 2.384 303 54 1 1 0
./complex_md-fit_239.pdb BC A 6.72736 28.3792 -2.88061 -7.36515 -11.3657 -22.7245 -0.896725 42.7338 -22.0132 6.72952 8.00072 3.78652 0 0 0 0.22245 2.86789 0 0 0 0 0 0.0116461 2.384 303 52 1 1 0
./complex_md-fit_23.pdb BC A 8.11943 40.8691 -12.2501 -6.39891 -13.0636 -20.4619 -0.576534 34.6337 -20.1005 3.68767 7.09153 2.55036 0 0 0 0.388038 1.86389 0 0 0 0 0 0 2.384 303 51 0 0 0
./complex_md-fit_240.pdb BC A 7.87088 29.7254 -13.9013 -8.53634 -15.5401 -21.959 -0.966914 38.7905 -21.7916 3.50977 10.2062 2.1853 0 0 0 0.195845 2.06008 5.55112e-17 0 0 0 0 0.00496648 2.384 303 52 0 0 0
./complex_md-fit_241.pdb BC A 7.99322 38.3809 -6.67553 -5.59436 -10.5725 -21.6811 -1.03916 39.1709 -21.5755 4.98963 6.63838 2.50401 0 0 0 0.484192 2.08142 0 0 0 0 0 0 2.384 303 51 1 1 0
./complex_md-fit_242.pdb BC A 7.68946 29.978 -8.51905 -6.68414 -14.2886 -21.794 -1.14257 40.6847 -20.9296 5.7212 8.35729 1.39222 0 0 0 0.180085 2.02439 -0.0156938 0 0 0 0 0 2.384 303 53 0 0 0
./complex_md-fit_243.pdb BC A 7.92101 33.0172 -9.31795 -5.32803 -15.7892 -21.8896 -0.941572 40.3632 -21.257 3.91016 8.69044 2.89305 0 0 0 0.0305334 2.85247 0 0 0 0 0 0 2.384 303 50 0 0 0
./complex_md-fit_244.pdb BC A 7.02076 34.9714 -4.46905 -6.03017 -10.4826 -21.2501 -0.887984 38.974 -20.7478 5.33517 6.7836 3.72993 0 0 0 0.106865 2.1588 0 0 0 0 0 0 2.384 303 49 0 0 0
./complex_md-fit_245.pdb BC A 9.98652 28.4997 -2.51014 -5.41813 -9.27443 -22.2483 -0.982508 41.1142 -21.7732 5.65137 6.73917 3.41048 0 0 0 0.271263 2.64394 0 0 0 0 0 0 2.384 303 51 0 0 0
./complex_md-fit_246.pdb BC A 6.01488 41.0878 -9.00338 -7.76006 -12.4751 -23.5922 -1.00663 42.4956 -23.5601 5.70713 8.13438 2.76168 0 0 0 0.307967 2.62258 -0.0159695 0 0 0 0 0 2.384 303 51 0 0 0
./complex_md-fit_247.pdb BC A 6.94517 30.5542 -9.73898 -5.29188 -11.4471 -21.5658 -1.06067 37.7703 -21.5749 3.84488 6.43079 2.78922 0 0 0 0.366216 2.87428 0 0 0 0 0 0 2.384 303 47 0 0 0
./complex_md-fit_248.pdb BC A 7.64804 31.033 -0.2527 -4.59998 -7.73934 -22.5706 -0.975464 41.3509 -22.5692 5.88054 6.2927 4.09058 0 0 0 0.580813 2.31573 0 0 0 0 0 0.00626733 2.384 303 52 2 2 0
./complex_md-fit_249.pdb BC A 7.80846 34.6517 -5.27892 -5.94133 -10.8968 -22.549 -1.04806 40.3304 -22.4227 7.69654 6.35129 2.98738 0 0 0 0.22802 2.4152 -0.0146401 0 0 0 0 0 2.384 303 51 1 1 0
./complex_md-fit_24.pdb BC A 8.21189 34.392 -15.5426 -6.03547 -11.7406 -20.8307 -0.646178 34.7163 -21.2707 1.55271 6.15606 2.35794 0 0 0 0.174285 1.79279 0 0 0 0 0 0.0237934 2.384 303 50 0 0 0
./complex_md-fit_250.pdb BC A 8.72587 36.509 -9.66139 -7.27506 -12.0804 -22.1064 -0.885289 39.5472 -21.6156 4.13943 6.95801 3.37078 0 0 0 0.286003 2.24585 0 0 0 0 0 0 2.384 303 51 2 2 0
./complex_md-fit_251.pdb BC A 9.88705 37.1675 -10.0683 -6.93248 -12.6673 -23.2363 -0.934509 40.8393 -23.258 4.24165 8.53751 3.1282 0 0 0 0.213794 3.70188 0 0 0 0 0 0 2.384 303 51 1 1 0
./complex_md-fit_252.pdb BC A 9.35026 37.0448 -2.86904 -4.13158 -9.71451 -22.7929 -0.992764 42.1528 -22.6892 5.7552 6.49951 2.89838 0 0 0 0.140103 1.88386 0 0 0 0 0 0.00604414 2.384 303 50 2 2 0
./complex_md-fit_253.pdb BC A 7.59603 33.9862 -15.4694 -7.65528 -14.1124 -22.3131 -0.964509 38.4833 -22.282 1.70082 8.05728 3.26691 0 0 0 0.36324 2.31149 -0.0136653 0 0 0 0 0 2.384 303 47 0 0 0
./complex_md-fit_254.pdb BC A 8.27256 30.9994 -11.8282 -7.60778 -13.2049 -22.282 -0.894725 40.3262 -21.5873 3.67098 6.88912 2.34228 0 0 0 0.516443 2.70728 0 0 0 0 0 0.00347684 2.384 303 51 0 0 0
./complex_md-fit_255.pdb BC A 7.80875 22.8208 -10.4882 -6.22959 -11.7723 -22.4445 -1.03011 39.2989 -22.3291 3.47368 7.45563 2.46577 0 0 0 0.635074 2.13025 -0.0116098 0 0 0 0 0 2.384 303 52 0 0 0
./complex_md-fit_256.pdb BC A 8.52766 34.6937 -5.67505 -6.39991 -9.91974 -23.3853 -0.978676 41.501 -23.5566 5.18336 6.86911 4.80777 0 0 0 0.208261 2.55927 -0.0108672 0 0 0 0 0.00649003 2.384 303 50 0 0 0
./complex_md-fit_257.pdb BC A 6.87798 30.2009 -9.18921 -7.81376 -11.7986 -22.585 -0.97094 40.08 -22.1721 4.73356 8.45833 2.63774 0 0 0 0.252679 2.4142 -0.0111417 0 0 0 0 0 2.384 303 51 1 1 0
./complex_md-fit_258.pdb BC A 8.01998 32.8297 -2.34103 -7.15645 -11.447 -23.1233 -0.964177 43.1149 -22.3473 8.20198 7.22437 3.92679 0 0 0 0.22266 2.29815 1.38778e-17 0 0 0 0 0.00643789 2.384 303 51 1 1 0
./complex_md-fit_259.pdb BC A 6.32082 26.2731 -7.93473 -6.47911 -13.5721 -23.1902 -0.769783 42.4722 -22.5333 6.12386 7.26982 2.58075 0 0 0 0.173458 2.92153 -0.0103493 0 0 0 0 0 2.384 303 49 0 0 0
./complex_md-fit_25.pdb BC A 8.45117 32.4223 -6.59367 -6.09592 -7.86821 -20.6306 -0.619593 34.4335 -20.8763 5.49611 6.75755 2.57014 0 0 0 0.210096 1.81366 0 0 0 0 0 0.0295363 2.384 303 50 2 2 0
./complex_md-fit_260.pdb BC A 9.58781 33.1609 -6.86553 -8.10525 -10.2624 -23.2298 -0.927968 41.9731 -23.0355 5.63034 6.77667 4.04966 0 0 0 0.225048 2.56235 0.0249989 0 0 0 0 0.0154905 2.384 303 52 0 0 0
./complex_md-fit_261.pdb BC A 7.30352 29.6294 -0.488593 -7.61324 -7.28662 -24.0121 -1.01525 43.0128 -23.8759 9.00751 7.13309 3.83374 0 0 0 0.337755 2.23593 -0.0103351 0 0 0 0 0 2.384 303 56 2 2 0
./complex_md-fit_262.pdb BC A 8.57653 30.7229 -2.13181 -6.21989 -10.3234 -23.0227 -1.03136 42.4806 -22.9341 7.54484 7.99977 3.059 0 0 0 0.324777 2.13884 -0.00925973 0 0 0 0 0 2.384 303 51 3 3 0
./complex_md-fit_263.pdb BC A 7.36956 31.5739 -15.4014 -9.47335 -14.5707 -23.7849 -0.979577 40.2497 -23.5332 2.56854 10.6767 3.07218 0 0 0 0.343541 2.72077 0.02978 0 0 0 0 0 2.384 303 52 0 0 0
./complex_md-fit_264.pdb BC A 9.00192 34.2228 -3.78992 -6.56728 -9.46462 -23.459 -0.812393 43.4476 -23.1077 4.30216 7.68896 3.86378 0 0 0 0.330711 2.41442 -0.0148987 0 0 0 0 0.0027918 2.384 303 54 2 2 0
./complex_md-fit_265.pdb BC A 8.56962 32.816 -8.63475 -5.14698 -11.5386 -23.0932 -0.995777 42.3089 -22.8199 3.63638 6.37312 2.51079 0 0 0 0.140804 2.53996 -0.010208 0 0 0 0 0 2.384 303 52 0 0 0
./complex_md-fit_266.pdb BC A 9.07359 36.8534 -8.78002 -8.69328 -15.1725 -23.4732 -0.974462 42.4295 -23.3011 5.38259 10.4112 4.33492 0 0 0 0.276267 2.34328 0 0 0 0 0 0 2.384 303 55 0 0 0
./complex_md-fit_267.pdb BC A 8.89194 32.3573 -8.50476 -7.62379 -16.2303 -24.177 -0.951283 44.379 -23.8462 5.04427 10.3945 4.15842 0 0 0 0.343981 2.27579 0.00377403 0 0 0 0 0 2.384 303 51 0 0 0
./complex_md-fit_268.pdb BC A 7.4652 31.0677 -7.7229 -8.36448 -12.1761 -24.0702 -1.02143 44.5039 -23.3018 4.19136 9.12444 3.16362 0 0 0 0.222174 2.67475 0 0 0 0 0 0.00562264 2.384 303 49 1 1 0
./complex_md-fit_269.pdb BC A 8.85129 30.2306 -10.4872 -5.99919 -11.1467 -22.8856 -0.906567 40.9955 -22.9017 2.63596 6.45118 2.74767 0 0 0 0.512206 2.02265 0.00464776 0 0 0 0 0.00541889 2.384 303 50 0 0 0
./complex_md-fit_26.pdb BC A 8.00374 31.7303 -10.221 -6.54014 -12.6918 -20.1087 -0.801027 34.6007 -19.7193 4.85415 6.89805 2.59863 0 0 0 0.688594 2.26771 5.55112e-17 0 0 0 0 0 2.384 303 49 1 1 0
./complex_md-fit_270.pdb BC A 7.63141 40.1214 -5.57297 -8.98063 -12.6001 -23.4153 -1.02677 43.0591 -22.8249 6.39231 8.55904 4.79927 0 0 0 0.441034 2.30855 0.0191675 0 0 0 0 0.00478343 2.384 303 52 2 2 0
./complex_md-fit_271.pdb BC A 7.87786 35.3914 -7.96061 -7.9499 -8.68213 -23.6102 -0.952382 42.4867 -23.4841 4.3754 7.27382 2.40562 0 0 0 0.174271 2.30027 0.00234247 0 0 0 0 0 2.384 303 48 0 0 0
./complex_md-fit_272.pdb BC A 8.03677 35.9057 -10.9353 -6.32702 -14.3477 -23.6539 -1.07743 42.2693 -23.76 4.68497 8.05265 2.36711 0 0 0 0.8483 2.37695 0 0 0 0 0 0.00837823 2.384 303 49 0 0 0
./complex_md-fit_273.pdb BC A 7.30832 38.427 -5.14142 -4.42653 -10.0546 -23.1323 -1.0912 40.4198 -23.2327 4.78382 8.4544 2.93442 0 0 0 0.203508 2.2433 0 0 0 0 0 0 2.384 303 48 1 1 0
./complex_md-fit_274.pdb BC A 7.8047 32.541 -13.8558 -7.06435 -12.6328 -21.8479 -1.11614 37.871 -21.5245 3.0788 7.16104 1.63074 0 0 0 0.58256 2.16555 0 0 0 0 0 0.00581591 2.384 303 48 0 0 0
./complex_md-fit_275.pdb BC A 8.45758 46.938 -6.42531 -5.90087 -11.6012 -23.0675 -1.04039 41.0405 -23.1584 6.48924 7.89961 2.51757 0 0 0 0.389122 2.21405 0 0 0 0 0 0.00716408 2.384 303 49 2 2 0
./complex_md-fit_276.pdb BC A 10.3411 26.2734 -16.2221 -8.59624 -14.4657 -22.1826 -0.894015 37.95 -22.3042 3.11174 6.63167 4.3155 0 0 0 0.211686 2.3693 0 0 0 0 0 0 2.384 303 49 0 0 0
./complex_md-fit_277.pdb BC A 7.14622 35.0347 -11.484 -7.91685 -14.9965 -23.0378 -1.15037 40.9627 -22.8357 4.2041 9.34864 3.3749 0 0 0 0.562835 2.57403 0 0 0 0 0 0 2.384 303 50 0 0 0
./complex_md-fit_278.pdb BC A 9.14936 32.8862 -3.91331 -6.32994 -12.5239 -23.1542 -0.951777 42.6723 -22.56 6.23944 8.75578 3.40811 0 0 0 0.529482 2.44608 0 0 0 0 0 0.00132394 2.384 303 52 0 0 0
./complex_md-fit_279.pdb BC A 6.84533 38.1666 -6.14815 -4.18616 -10.0943 -22.5576 -1.06533 41.4196 -22.2759 3.37203 6.57909 2.14101 0 0 0 0.513036 2.20323 1.11022e-16 0 0 0 0 0.00637748 2.384 303 52 0 0 0
./complex_md-fit_27.pdb BC A 8.68822 38.0647 -10.3158 -4.48574 -10.601 -20.6383 -0.701864 34.9322 -20.3827 3.36196 6.31083 1.54751 0 0 0 0.341329 2.08755 0 0 0 0 0 0 2.384 303 49 0 0 0
./complex_md-fit_280.pdb BC A 6.67974 36.4033 -5.8515 -7.96477 -10.4908 -22.3752 -0.804783 41.3883 -22.0094 5.64672 7.70717 2.74665 0 0 0 0.304661 2.23105 -2.77556e-17 0 0 0 0 0 2.384 303 52 0 0 0
./complex_md-fit_281.pdb BC A 8.04224 31.3473 -8.7399 -7.96646 -14.5782 -24.3122 -1.03246 43.5874 -24.6198 5.6147 11.1142 3.30365 0 0 0 0.146109 2.33054 -1.11022e-16 0 0 0 0 0.00314248 2.384 303 49 1 1 0
./complex_md-fit_282.pdb BC A 8.14842 32.564 -8.21341 -8.21477 -12.9539 -23.0374 -0.905114 42.2941 -23.036 4.19662 9.71132 3.44779 0 0 0 0.293192 2.55076 -0.00930098 0 0 0 0 0 2.384 303 50 0 0 0
./complex_md-fit_283.pdb BC A 8.10148 30.8414 -6.10958 -8.55067 -12.1466 -23.2999 -1.09751 41.8214 -22.8876 8.04161 8.10014 3.69628 0 0 0 0.222843 2.2845 -0.00948814 0 0 0 0 0 2.384 303 50 2 2 0
./complex_md-fit_284.pdb BC A 9.29303 35.7668 -1.48583 -7.00489 -9.45227 -22.9978 -0.906682 41.9471 -23.0191 7.59454 8.18089 3.97822 0 0 0 0.186571 2.22568 -0.0104207 0 0 0 0 0.0180126 2.384 303 49 1 1 0
./complex_md-fit_285.pdb BC A 7.85064 38.7729 -10.894 -6.09679 -16.6339 -22.804 -1.11892 41.4027 -22.3754 4.40063 8.77493 3.38719 0 0 0 0.174418 2.7102 -0.010671 0 0 0 0 0.0057332 2.384 303 53 0 0 0
./complex_md-fit_286.pdb BC A 7.81708 35.9751 -5.84095 -6.57699 -12.4078 -22.9715 -0.902698 42.7525 -22.5444 5.36538 8.46843 2.68148 0 0 0 0.30329 2.79297 -0.00866244 0 0 0 0 0 2.384 303 55 1 1 0
./complex_md-fit_287.pdb BC A 8.30467 36.0954 -7.31991 -6.40159 -9.20686 -22.0796 -0.907505 39.5111 -21.8823 3.98956 7.07281 2.41936 0 0 0 0.179494 2.27995 -0.0144015 0 0 0 0 0 2.384 303 52 0 0 0
./complex_md-fit_288.pdb BC A 8.28988 29.4151 -6.78818 -4.89148 -11.7399 -19.3827 -0.980877 35.2318 -18.8993 4.472 7.30022 1.89746 0 0 0 0.219193 1.59483 -0.0146119 0 0 0 0 0 2.384 303 53 0 0 0
./complex_md-fit_289.pdb BC A 7.44285 32.724 -8.68146 -6.16426 -9.87843 -22.2231 -0.761897 38.3455 -22.2747 3.46864 7.44189 3.27975 0 0 0 0.101346 2.39609 -0.0163135 0 0 0 0 0 2.384 303 51 0 0 0
./complex_md-fit_28.pdb BC A 8.30558 40.0879 -11.6232 -6.1404 -15.3549 -21.2992 -0.803796 37.7763 -21.1603 3.76253 7.45708 3.56637 0 0 0 0.567723 1.87585 0 0 0 0 0 0.00538043 2.384 303 50 1 1 0
./complex_md-fit_290.pdb BC A 7.39346 31.7231 -9.39677 -5.99464 -12.404 -22.5451 -1.02435 39.9503 -22.6916 3.31944 8.26063 3.21063 0 0 0 0.531289 2.30479 -0.00937558 0 0 0 0 0 2.384 303 53 0 0 0
./complex_md-fit_291.pdb BC A 7.48801 35.2614 -8.2653 -7.14774 -11.975 -22.5652 -1.07525 39.3119 -22.5177 5.66196 7.95925 3.46551 0 0 0 0.626966 2.37838 -0.00994578 0 0 0 0 0 2.384 303 50 0 0 0
./complex_md-fit_292.pdb BC A 7.33517 28.7064 -3.71055 -4.11672 -8.0822 -20.7415 -0.706718 36.8543 -20.496 4.55621 4.8038 2.79283 0 0 0 1.42536 2.46412 0 0 0 0 0 0 2.384 303 47 1 1 0
./complex_md-fit_293.pdb BC A 6.77175 27.1905 -15.7613 -8.39924 -12.6312 -21.4802 -0.854324 37.2839 -21.3881 0.913504 7.8712 2.62708 0 0 0 0.307309 2.30482 -0.0112134 0 0 0 0 0 2.384 303 49 0 0 0
./complex_md-fit_294.pdb BC A 6.9234 34.0123 -11.3533 -7.318 -13.3268 -23.0495 -0.844384 39.8997 -23.171 3.47544 8.3983 3.7104 0 0 0 0.848466 2.98423 0 0 0 0 0 0.0240524 2.384 303 49 2 2 0
./complex_md-fit_295.pdb BC A 6.46309 39.992 -14.3837 -8.79565 -14.413 -22.3288 -0.886517 38.3104 -22.3978 4.00776 8.7468 3.08205 0 0 0 0.291139 2.52135 0 0 0 0 0 0 2.384 303 48 0 0 0
./complex_md-fit_296.pdb BC A 9.03223 34.8032 -13.2422 -7.04048 -15.793 -22.6383 -0.934566 40.1312 -22.3527 3.42783 8.04023 3.51573 0 0 0 0.39725 2.95809 0.00451309 0 0 0 0 0 2.384 303 51 0 0 0
./complex_md-fit_297.pdb BC A 8.9639 38.4512 -0.0527186 -7.55426 -7.7442 -22.7389 -0.917289 42.1218 -22.257 7.40035 7.52335 2.94465 0 0 0 1.16876 2.23901 6.93889e-18 0 0 0 0 0 2.384 303 50 1 1 0
./complex_md-fit_298.pdb BC A 7.4432 35.1042 -2.85227 -4.60726 -9.82456 -22.2025 -0.949805 39.6984 -22.0895 6.38743 7.65055 2.92409 0 0 0 0.160904 2.3633 0 0 0 0 0 0 2.384 303 48 1 1 0
./complex_md-fit_299.pdb BC A 9.18299 29.5303 -5.82037 -6.65221 -10.5592 -22.8553 -1.02072 41.9998 -22.7503 4.10972 8.55666 2.88749 0 0 0 0.46365 2.45145 0 0 0 0 0 0 2.384 303 47 0 0 0
./complex_md-fit_29.pdb BC A 7.52952 36.928 -14.9904 -7.00331 -16.554 -21.0051 -0.94922 36.473 -20.4608 3.85925 8.18635 2.23152 0 0 0 0.208896 1.93068 -1.38778e-17 0 0 0 0 0.0230399 2.384 303 51 0 0 0
./complex_md-fit_2.pdb BC A 7.08182 44.5296 -2.6319 -7.29918 -5.99652 -23.6254 -0.590329 42.4101 -23.7364 7.98209 6.61188 1.36444 0 0 0 0.250886 2.2799 -0.0328081 0 0 0 0 0.029244 2.384 303 56 1 1 0
./complex_md-fit_300.pdb BC A 8.02449 27.4578 -4.67491 -4.54055 -8.96902 -21.705 -1.01744 39.0788 -21.1376 4.50821 6.27961 2.55467 0 0 0 0.273439 2.57763 0 0 0 0 0 0 2.384 303 48 0 0 0
./complex_md-fit_301.pdb BC A 8.24777 25.1248 -14.5736 -7.35312 -14.3598 -22.6164 -1.17976 39.6285 -22.009 2.842 7.10911 3.2698 0 0 0 0.108691 2.47314 -0.0136494 0 0 0 0 0 2.384 303 49 0 0 0
./complex_md-fit_302.pdb BC A 8.28665 38.4451 -11.2272 -7.41948 -10.8794 -20.9824 -0.847362 36.6779 -20.8255 3.55696 6.51032 2.84172 0 0 0 0.13395 1.75827 0 0 0 0 0 0.00612398 2.384 303 46 1 1 0
./complex_md-fit_303.pdb BC A 7.71184 29.4915 -11.4233 -6.74076 -13.4987 -21.2649 -1.05953 38.7388 -20.3882 1.9251 6.84392 3.92902 0 0 0 0.0919176 2.50591 0 0 0 0 0 0 2.384 303 50 0 0 0
./complex_md-fit_304.pdb BC A 9.2759 28.1207 -4.03911 -3.40829 -10.8165 -21.7077 -0.947513 39.3069 -20.8957 4.02737 7.21345 2.9703 0 0 0 0.218629 2.48279 0 0 0 0 0 0 2.384 303 44 0 0 0
./complex_md-fit_305.pdb BC A 7.44498 32.7032 -6.92058 -5.49961 -12.7944 -21.1711 -0.949413 39.9342 -20.4054 2.92882 7.88048 2.68079 0 0 0 0.475138 2.15698 0 0 0 0 0 0 2.384 303 48 0 0 0
./complex_md-fit_306.pdb BC A 10.7167 37.5209 -13.9589 -6.8969 -18.709 -20.8193 -1.01492 37.744 -19.7012 2.53578 8.85315 3.64439 0 0 0 0.405015 1.98407 2.77556e-17 0 0 0 0 0 2.384 303 44 0 0 0
./complex_md-fit_307.pdb BC A 7.7122 32.3719 -7.15419 -7.32144 -9.98148 -21.0373 -1.01112 37.773 -20.9749 4.3432 6.88285 3.33695 0 0 0 0.836093 2.09574 0 0 0 0 0 0 2.384 303 44 0 0 0
./complex_md-fit_308.pdb BC A 7.75823 43.6637 -6.74584 -6.02068 -11.1246 -21.8633 -0.896963 40.397 -21.1507 4.75843 5.83596 3.07139 0 0 0 0.247587 3.56569 0 0 0 0 0 0 2.384 303 49 0 0 0
./complex_md-fit_309.pdb BC A 6.45629 31.5792 -9.53511 -7.29259 -10.2179 -21.1404 -0.772777 38.1107 -20.9125 2.69554 6.67529 3.10744 0 0 0 0.212184 2.46421 5.55112e-17 0 0 0 0 0 2.384 303 48 0 0 0
./complex_md-fit_30.pdb BC A 7.73632 35.9637 -16.4874 -6.55117 -17.594 -21.1522 -0.565106 36.566 -20.5163 2.36914 8.74284 2.10469 0 0 0 0.0893332 1.86222 0 0 0 0 0 0.0194858 2.384 303 49 0 0 0
./complex_md-fit_310.pdb BC A 9.31758 32.3105 -7.97488 -5.96716 -11.4765 -21.2602 -0.976087 38.2509 -20.408 3.74507 6.15357 3.54766 0 0 0 0.4261 2.07243 -0.0101418 0 0 0 0 0 2.384 303 51 0 0 0
./complex_md-fit_311.pdb BC A 7.59815 35.8526 -11.1885 -6.90718 -15.2169 -23.0721 -0.984665 41.1342 -22.5655 4.77926 7.65244 3.03055 0 0 0 0.95755 2.11577 0.00371568 0 0 0 0 0 2.384 303 56 0 0 0
./complex_md-fit_312.pdb BC A 6.79886 40.5729 -9.0143 -7.42809 -12.7878 -23.0076 -0.957638 41.6523 -22.7179 5.26276 7.9331 2.61271 0 0 0 0.431313 2.59387 -0.0129881 0 0 0 0 0.00554705 2.384 303 50 0 0 0
./complex_md-fit_313.pdb BC A 9.85352 31.7581 -5.55547 -5.2521 -10.1799 -21.7137 -1.01689 40.0593 -20.9119 3.418 6.66386 3.22883 0 0 0 0.151045 2.12719 -0.0113251 0 0 0 0 0.00930356 2.384 303 48 0 0 0
./complex_md-fit_314.pdb BC A 9.43683 27.0758 -0.200513 -5.41053 -10.1709 -23.4385 -0.743749 41.7241 -22.6285 8.10846 9.18756 2.74285 0 0 0 0.42227 2.4599 -0.0132626 0 0 0 0 0.0195837 2.384 303 54 2 2 0
./complex_md-fit_315.pdb BC A 8.78481 34.989 -7.45315 -7.65307 -11.6485 -21.8019 -0.918251 39.2546 -20.7057 4.38495 8.18992 3.17898 0 0 0 0.2788 2.47002 -0.0129631 0 0 0 0 0 2.384 303 53 0 0 0
./complex_md-fit_316.pdb BC A 13.0387 41.4826 -7.63993 -6.90762 -12.0279 -22.1056 -0.814436 40.0891 -21.1364 4.37538 8.15607 2.58226 0 0 0 0.137432 2.51184 0 0 0 0 0 0.0118078 2.384 303 52 0 0 0
./complex_md-fit_317.pdb BC A 6.71322 33.6428 -8.96692 -6.6307 -12.1805 -22.4663 -1.03405 39.7842 -21.888 4.36093 7.74639 2.85379 0 0 0 0.501149 1.89175 -0.0137916 0 0 0 0 0 2.384 303 44 0 0 0
./complex_md-fit_318.pdb BC A 9.28362 30.2189 -9.76602 -5.6822 -12.3788 -22.4255 -0.970836 38.8813 -22.2592 3.79496 7.57676 3.27524 0 0 0 0.396062 2.43679 0.0201172 0 0 0 0 0.00606929 2.384 303 50 0 0 0
./complex_md-fit_319.pdb BC A 7.01946 29.1027 -4.93963 -6.70849 -9.75941 -23.7434 -0.986903 42.5507 -23.5513 6.83228 7.31066 2.98252 0 0 0 0.0961255 2.2444 0.037585 0 0 0 0 0 2.384 303 48 1 1 0
./complex_md-fit_31.pdb BC A 6.1707 31.2774 -17.4782 -6.67564 -16.834 -20.6899 -1.04361 35.1961 -20.3164 3.02727 7.38981 1.98293 0 0 0 0.481258 1.68086 2.77556e-17 0 0 0 0 0.00395504 2.384 303 48 1 1 0
./complex_md-fit_320.pdb BC A 9.00783 33.5961 -3.42476 -4.75443 -9.95503 -22.1247 -0.826235 39.121 -22.1121 6.71777 7.17391 2.95336 0 0 0 0.389662 2.18276 -0.00801797 0 0 0 0 0 2.384 303 46 1 1 0
./complex_md-fit_321.pdb BC A 6.72573 44.7315 -7.67228 -6.74713 -12.5126 -22.7927 -1.00272 41.0622 -21.8743 4.56654 7.72877 3.67243 0 0 0 0.208604 2.37804 0.0187641 0 0 0 0 0 2.384 303 48 1 1 0
./complex_md-fit_322.pdb BC A 9.96832 33.1351 -8.52212 -6.94938 -12.576 -22.0322 -1.09727 39.1884 -21.2416 4.70196 7.89518 3.39473 0 0 0 0.203751 2.31 -0.00962928 0 0 0 0 0 2.384 303 45 1 1 0
./complex_md-fit_323.pdb BC A 11.3621 31.7229 -9.65253 -7.18913 -12.379 -22.9632 -1.00957 40.658 -22.7235 3.84401 7.70549 4.15171 0 0 0 0.250366 3.32625 -0.0149875 0 0 0 0 0.0173041 2.384 303 51 0 0 0
./complex_md-fit_324.pdb BC A 7.96397 30.6781 -4.32565 -7.96578 -11.6459 -22.2491 -1.14768 38.5756 -21.7262 8.7597 9.07406 3.68147 0 0 0 0.329255 1.89843 -0.0109987 0 0 0 0 0 2.384 303 48 1 1 0
./complex_md-fit_325.pdb BC A 7.9357 28.5548 -11.7475 -8.82824 -12.6021 -23.6008 -1.11629 42.3251 -22.9828 3.4154 8.71552 2.5728 0 0 0 0.35392 2.6697 0 0 0 0 0 0 2.384 303 49 0 0 0
./complex_md-fit_326.pdb BC A 7.40596 30.5989 -12.5775 -8.54981 -12.3209 -22.7921 -1.10812 40.2051 -22.266 3.97247 8.3273 1.69519 0 0 0 0.266179 2.27544 -0.00678572 0 0 0 0 0 2.384 303 51 0 0 0
./complex_md-fit_327.pdb BC A 9.12268 42.5315 -11.2352 -7.50974 -16.0702 -22.542 -1.06965 38.8245 -22.1655 6.38507 8.17931 4.55488 0 0 0 0.178043 2.47884 0 0 0 0 0 0 2.384 303 46 1 1 0
./complex_md-fit_328.pdb BC A 8.89685 26.4436 -12.9158 -8.00794 -13.4138 -22.5264 -1.01442 39.1621 -22.112 3.04883 8.81329 2.87434 0 0 0 0.272869 2.24118 -0.0126538 0 0 0 0 0 2.384 303 53 0 0 0
./complex_md-fit_329.pdb BC A 9.47609 30.4391 -9.07192 -5.99492 -14.1417 -22.5012 -1.03422 40.8106 -21.9548 4.67737 8.2367 2.60082 0 0 0 0.229446 2.24632 0 0 0 0 0 0 2.384 303 49 0 0 0
./complex_md-fit_32.pdb BC A 8.97244 34.7781 -2.78911 -5.19497 -11.4532 -22.131 -1.21361 40.5115 -21.6756 8.56829 6.9766 2.31928 0 0 0 0.503584 2.29051 1.11022e-16 0 0 0 0 0 2.384 303 51 2 2 0
./complex_md-fit_330.pdb BC A 9.4583 35.1899 -13.4395 -9.31287 -14.8532 -22.7758 -0.954544 41.5989 -22.1554 3.1167 8.7196 2.60727 0 0 0 0.575709 2.37989 -0.0058536 0 0 0 0 0 2.384 303 48 0 0 0
./complex_md-fit_331.pdb BC A 10.1663 32.0801 -11.1484 -8.79472 -13.2334 -22.6681 -1.04188 40.2771 -22.3896 4.26522 8.99896 2.82246 0 0 0 0.60858 2.13309 0 0 0 0 0 0.00692055 2.384 303 52 0 0 0
./complex_md-fit_332.pdb BC A 8.70387 32.4688 -9.07976 -7.22485 -12.3758 -23.576 -0.872871 41.2181 -23.5048 6.16966 8.32283 2.59083 0 0 0 0.175812 2.53249 -0.00532554 0 0 0 0 0.0026008 2.384 303 52 1 1 0
./complex_md-fit_333.pdb BC A 10.601 25.1969 -10.6502 -7.8223 -13.2009 -22.0594 -1.06046 40.5614 -21.3602 3.84778 7.748 2.50278 0 0 0 0.200256 2.07741 -0.00941523 0 0 0 0 0.00217968 2.384 303 50 0 0 0
./complex_md-fit_334.pdb BC A 10.3831 33.7458 -11.0904 -7.11382 -18.951 -22.3487 -1.08291 41.4889 -21.1475 4.56354 10.3419 3.05436 0 0 0 0.11514 2.08915 -0.0107957 0 0 0 0 0.000587969 2.384 303 50 2 2 0
./complex_md-fit_335.pdb BC A 10.0347 25.2615 -6.99928 -7.24613 -13.5277 -23.5213 -1.06078 41.8312 -22.862 5.8391 9.07996 3.38619 0 0 0 1.08219 2.60937 0 0 0 0 0 0 2.384 303 51 1 1 0
./complex_md-fit_336.pdb BC A 9.79745 36.5156 -8.66297 -7.08104 -15.3944 -22.9025 -0.950512 42.437 -21.7892 4.83974 9.28187 2.74532 0 0 0 0.16241 2.50788 -0.0116499 0 0 0 0 0 2.384 303 48 0 0 0
./complex_md-fit_337.pdb BC A 7.75695 34.8592 -13.8679 -8.02243 -16.2005 -22.1035 -0.945244 39.8827 -21.319 2.55506 8.13994 3.70335 0 0 0 0.42847 2.22899 0 0 0 0 0 0.01333 2.384 303 50 0 0 0
./complex_md-fit_338.pdb BC A 8.46076 35.4052 -10.512 -7.96355 -16.3052 -21.8697 -1.07734 40.6921 -20.8502 3.80678 9.52755 3.12412 0 0 0 0.412726 1.85431 -0.00928279 0 0 0 0 0 2.384 303 48 0 0 0
./complex_md-fit_339.pdb BC A 8.19929 37.6376 -10.6428 -7.03725 -13.837 -22.7794 -0.855686 40.4272 -22.2235 4.94702 8.11897 2.02797 0 0 0 0.56889 2.97986 0 0 0 0 0 0 2.384 303 50 0 0 0
./complex_md-fit_33.pdb BC A 8.80218 32.8781 -17.0524 -7.08811 -16.1074 -20.1211 -1.11398 33.6491 -19.6476 2.88264 8.18009 1.77977 0 0 0 0.534126 1.74154 0 0 0 0 0 0 2.384 303 47 0 0 0
./complex_md-fit_340.pdb BC A 7.16615 28.8767 -11.0339 -6.41087 -12.3142 -21.915 -0.981164 38.6862 -21.6927 3.56361 7.42622 2.48779 0 0 0 0.111473 2.59933 -0.0101883 0 0 0 0 0.0150289 2.384 303 51 0 0 0
./complex_md-fit_341.pdb BC A 9.96662 36.8014 -10.7755 -7.69458 -13.3903 -22.8859 -1.10157 40.4941 -22.2995 3.59555 8.72296 3.43211 0 0 0 0.363172 2.81188 -0.0116737 0 0 0 0 0 2.384 303 48 0 0 0
./complex_md-fit_342.pdb BC A 8.10548 32.7127 -11.0696 -6.90247 -13.3208 -21.7712 -1.00152 38.4017 -21.3421 4.06783 7.55122 2.99215 0 0 0 0.246315 2.30665 0.00522299 0 0 0 0 0.00407729 2.384 303 48 0 0 0
./complex_md-fit_343.pdb BC A 9.50607 29.1107 -5.53722 -5.4207 -11.8601 -21.6617 -1.00678 38.8683 -20.6238 5.09923 8.13015 2.38437 0 0 0 0.564513 2.27536 -0.0107545 0 0 0 0 0 2.384 303 47 0 0 0
./complex_md-fit_344.pdb BC A 7.49718 29.6725 -10.5719 -6.46776 -14.2599 -21.7311 -0.963851 38.4027 -21.0128 4.7208 8.18056 2.08568 0 0 0 0.483617 2.90461 -0.00991348 0 0 0 0 0 2.384 303 47 0 0 0
./complex_md-fit_345.pdb BC A 8.98044 25.6839 -11.2053 -7.56942 -15.4305 -21.4336 -0.998617 38.4133 -20.3055 4.02372 8.0729 3.21839 0 0 0 0.817351 2.24434 -0.013325 0 0 0 0 0 2.384 303 50 2 2 0
./complex_md-fit_346.pdb BC A 7.61654 29.7151 -9.62068 -6.72784 -14.1381 -22.7409 -1.09764 41.4924 -21.6882 4.48487 8.56946 1.89328 0 0 0 0.345175 3.09426 -0.0201793 0 0 0 0 0.00703343 2.384 303 48 2 2 0
./complex_md-fit_347.pdb BC A 7.30963 29.5576 -6.26049 -7.27623 -12.14 -23.8748 -1.10909 43.6907 -23.2406 5.4639 9.2669 2.82725 0 0 0 0.142131 2.65442 -0.0107266 0 0 0 0 0 2.384 303 52 0 0 0
./complex_md-fit_348.pdb BC A 7.50647 35.0078 -3.99696 -7.7225 -11.3274 -22.6158 -0.941775 42.05 -21.7098 5.78019 8.63678 3.3942 0 0 0 0.471863 2.74274 -0.0127752 0 0 0 0 0 2.384 303 51 0 0 0
./complex_md-fit_349.pdb BC A 10.3513 28.8422 -8.73258 -6.5167 -14.3365 -23.3956 -1.32493 41.5655 -22.8349 6.20292 8.14474 3.16642 0 0 0 0.596487 2.60422 0 0 0 0 0 0 2.384 303 48 1 1 0
./complex_md-fit_34.pdb BC A 6.51098 32.4863 -3.23114 -5.93046 -8.93883 -20.5021 -0.806238 37.4285 -19.3853 6.32333 5.78773 2.40157 0 0 0 0.390589 2.16949 0 0 0 0 0 0 2.384 303 50 1 1 0
./complex_md-fit_350.pdb BC A 7.33019 35.9622 -6.86347 -8.83396 -12.948 -23.1669 -1.00673 40.5489 -23.1773 8.62312 9.91694 2.86385 0 0 0 0.332323 2.08711 -0.0157161 0 0 0 0 0 2.384 303 49 2 2 0
./complex_md-fit_351.pdb BC A 7.8652 26.1073 -11.4193 -7.71087 -16.8311 -21.2983 -0.994238 38.3699 -19.8057 3.55742 10.0613 3.00766 0 0 0 0.224593 2.19786 0 0 0 0 0 0 2.384 303 48 2 2 0
./complex_md-fit_352.pdb BC A 5.95495 34.4209 -5.52806 -6.10513 -11.7787 -22.6632 -1.01105 41.5872 -21.7268 4.48615 8.93218 2.45836 0 0 0 0.289829 2.16643 0 0 0 0 0 0.00324502 2.384 303 48 1 1 0
./complex_md-fit_353.pdb BC A 8.83498 26.8052 -13.9574 -7.67084 -15.7959 -22.3719 -0.994875 39.8563 -21.6625 2.96982 9.06693 2.1601 0 0 0 0.485518 2.17366 0 0 0 0 0 0 2.384 303 51 0 0 0
./complex_md-fit_354.pdb BC A 12.6976 39.761 -7.3523 -6.4919 -10.1933 -21.8566 -0.880372 38.841 -21.4633 4.84759 7.7455 1.74069 0 0 0 0.369183 2.02315 -0.0108328 0 0 0 0 0 2.384 303 46 1 1 0
./complex_md-fit_355.pdb BC A 10.1342 29.7746 -10.3974 -5.75388 -12.6877 -21.7134 -0.891098 38.7257 -21.1709 3.01455 7.82003 2.13044 0 0 0 0.128812 2.65127 0 0 0 0 0 0 2.384 303 48 0 0 0
./complex_md-fit_356.pdb BC A 7.01026 31.469 -8.88439 -8.73678 -12.5436 -22.3956 -0.908593 39.5762 -21.9259 4.67638 9.64069 3.13448 0 0 0 0.586729 2.31546 -0.0068947 0 0 0 0 0.0185264 2.384 303 49 0 0 0
./complex_md-fit_357.pdb BC A 7.07719 36.2378 -10.6997 -6.12918 -13.7489 -21.4102 -1.06475 37.9506 -20.9621 3.80505 7.777 2.65252 0 0 0 0.430189 1.98298 0 0 0 0 0 0 2.384 303 49 1 1 0
./complex_md-fit_358.pdb BC A 9.24217 32.5237 -8.94024 -6.48151 -12.148 -21.7967 -1.14879 38.6233 -21.7836 4.05311 7.72731 3.69348 0 0 0 0.321256 1.91692 0 0 0 0 0 0 2.384 303 45 0 0 0
./complex_md-fit_359.pdb BC A 6.09342 23.6652 -13.3526 -7.15298 -14.0583 -21.7386 -0.95401 37.5507 -21.6494 1.83358 8.70216 3.90031 0 0 0 0.214074 2.37527 0 0 0 0 0 0 2.384 303 48 0 0 0
./complex_md-fit_35.pdb BC A 8.67594 32.9724 -1.694 -5.97438 -10.3356 -21.0943 -0.969381 36.5877 -20.7842 9.18871 7.86005 3.33589 0 0 0 0.491506 2.21409 0 0 0 0 0 0 2.384 303 50 2 2 0
./complex_md-fit_360.pdb BC A 6.66197 25.7368 -6.75902 -6.21035 -13.5218 -22.5935 -0.995853 41.8625 -21.5937 3.66949 10.665 1.8834 0 0 0 0.0867186 2.65083 -0.0110091 0 0 0 0 0 2.384 303 48 1 1 0
./complex_md-fit_361.pdb BC A 10.4351 34.0221 -9.75686 -6.48691 -12.865 -21.8744 -1.00503 38.9165 -21.5592 3.69442 8.23457 2.92501 0 0 0 0.263209 2.12347 0 0 0 0 0 0 2.384 303 50 0 0 0
./complex_md-fit_362.pdb BC A 8.28107 30.7824 -8.18119 -9.48622 -13.9493 -22.3365 -0.871851 40.3805 -21.6532 5.84173 9.60458 3.73852 0 0 0 0.564031 2.05323 -0.013443 0 0 0 0 0 2.384 303 50 0 0 0
./complex_md-fit_363.pdb BC A 8.58076 32.6379 -9.30048 -8.72263 -12.2111 -22.1171 -0.759579 39.1434 -21.955 4.41323 8.79149 3.39841 0 0 0 0.69766 2.36812 0.0206213 0 0 0 0 0 2.384 303 48 0 0 0
./complex_md-fit_364.pdb BC A 7.9958 30.068 -4.01289 -7.40974 -11.8902 -22.6633 -0.913119 42.0987 -22.2476 5.96061 9.11436 3.34225 0 0 0 0.604527 2.49415 -0.00937769 0 0 0 0 0 2.384 303 52 0 0 0
./complex_md-fit_365.pdb BC A 8.19091 32.8927 -5.89139 -5.81822 -13.5513 -23.8574 -0.947398 42.7613 -23.3023 7.3325 8.45201 2.61846 0 0 0 0.42546 2.17138 -0.0131975 0 0 0 0 0.00872699 2.384 303 53 2 2 0
./complex_md-fit_366.pdb BC A 7.43128 28.4609 -10.705 -6.04022 -12.3258 -21.285 -0.811805 37.6183 -21.0579 2.40744 6.7499 3.67202 0 0 0 0.37331 3.66091 -0.00524239 0 0 0 0 0 2.384 303 48 0 0 0
./complex_md-fit_367.pdb BC A 8.93286 24.8204 -13.4334 -7.7765 -13.3463 -21.3863 -0.846725 37.5003 -20.8761 2.71723 6.40789 3.78924 0 0 0 0.378459 2.18518 0 0 0 0 0 0.00530998 2.384 303 48 0 0 0
./complex_md-fit_368.pdb BC A 8.50457 34.9547 -13.7453 -7.23503 -14.7099 -22.8673 -0.924915 39.613 -22.711 4.38481 7.38023 2.93104 0 0 0 0.393846 2.09079 0 0 0 0 0 0 2.384 303 48 0 0 0
./complex_md-fit_369.pdb BC A 8.37075 34.3325 -7.34994 -4.39118 -12.2803 -21.7227 -1.0311 39.4187 -21.4471 4.3003 6.26517 2.8472 0 0 0 0.696292 2.13522 -0.0136436 0 0 0 0 0.00844076 2.384 303 48 0 0 0
./complex_md-fit_36.pdb BC A 6.97756 33.7661 -7.70724 -3.78185 -12.3672 -18.3574 -1.01933 31.165 -17.7108 5.0262 6.56621 2.6235 0 0 0 0.148392 1.35475 0 0 0 0 0 0 2.384 303 43 2 2 0
./complex_md-fit_370.pdb BC A 9.75436 34.8255 -9.19528 -6.5652 -11.5198 -21.5912 -0.900723 38.7342 -21.0077 3.61446 7.2939 2.38558 0 0 0 0.361186 1.83881 0 0 0 0 0 0 2.384 303 48 0 0 0
./complex_md-fit_371.pdb BC A 9.38348 36.8611 -8.57274 -6.70447 -12.6785 -22.4678 -0.865261 40.8395 -22.0678 4.11571 7.98945 2.8341 0 0 0 0.441502 2.66335 -0.00917996 0 0 0 0 0 2.384 303 49 1 1 0
./complex_md-fit_372.pdb BC A 8.36816 29.8192 -9.60978 -6.37153 -12.514 -23.1484 -1.14842 42.0448 -22.9592 2.10604 9.63998 2.31109 0 0 0 0.429854 1.99749 0 0 0 0 0 0 2.384 303 48 0 0 0
./complex_md-fit_373.pdb BC A 7.98937 41.7749 -8.18971 -8.52263 -13.2487 -24.1486 -0.625825 43.2927 -23.469 6.10988 9.52887 2.46031 0 0 0 0.424447 3.44264 0.00525283 0 0 0 0 0.0035794 2.384 303 49 0 0 0
./complex_md-fit_374.pdb BC A 7.02734 33.9728 -3.84998 -4.81699 -11.2652 -21.843 -0.729172 41.3831 -21.0461 3.47183 8.10241 2.47101 0 0 0 0.427346 2.32436 -0.00525702 0 0 0 0 0 2.384 303 48 0 0 0
./complex_md-fit_375.pdb BC A 7.68387 33.1922 -12.2956 -6.89132 -13.4177 -22.0481 -0.932585 38.5654 -21.8463 4.86142 6.92073 2.03659 0 0 0 0.456228 2.05232 0 0 0 0 0 0 2.384 303 50 0 0 0
./complex_md-fit_376.pdb BC A 7.77273 28.7059 -12.8073 -8.04024 -13.4727 -23.5155 -1.08593 41.3974 -23.4596 4.03524 8.10212 3.06546 0 0 0 0.166459 2.00424 0 0 0 0 0 0 2.384 303 49 0 0 0
./complex_md-fit_377.pdb BC A 10.2967 34.0546 -5.06197 -5.64333 -11.7782 -21.5342 -0.846217 39.6756 -20.7861 5.54539 7.03423 3.04547 0 0 0 0.225337 2.37685 0 0 0 0 0 0 2.384 303 47 0 0 0
./complex_md-fit_378.pdb BC A 9.1497 33.0713 -11.9446 -8.59906 -14.9382 -23.6112 -1.1115 41.6451 -23.4723 4.95393 9.1789 3.85376 0 0 0 0.155874 1.90817 0 0 0 0 0 0 2.384 303 49 2 2 0
./complex_md-fit_379.pdb BC A 6.1652 33.1566 -13.3228 -6.06061 -13.6676 -23.549 -0.98352 40.3752 -23.7553 5.14952 6.86293 2.06367 0 0 0 0.249901 2.42853 -0.00991093 0 0 0 0 0.00186088 2.384 303 54 0 0 0
./complex_md-fit_37.pdb BC A 8.34996 34.4749 -3.21744 -4.60567 -11.8827 -20.5167 -0.923891 37.6173 -20.2213 8.46485 7.06747 1.38167 0 0 0 0.384316 2.22341 0 0 0 0 0 0.0172546 2.384 303 50 2 2 0
./complex_md-fit_380.pdb BC A 7.6602 27.5305 -6.8606 -5.91329 -13.4688 -22.8547 -1.13333 40.7851 -22.5623 6.67574 7.54501 3.68696 0 0 0 0.389038 2.16196 -0.00996713 0 0 0 0 0 2.384 303 54 1 1 0
./complex_md-fit_381.pdb BC A 7.12676 37.2553 -13.6734 -9.65128 -14.4659 -22.8619 -0.725129 40.0306 -23.4428 5.59717 8.64672 2.80988 0 0 0 0.367625 2.13547 0.0217179 0 0 0 0 0 2.384 303 50 0 0 0
./complex_md-fit_382.pdb BC A 8.21682 33.3615 -12.4211 -8.49508 -13.5313 -23.2814 -0.922488 40.6207 -22.8069 3.22047 8.49603 3.76441 0 0 0 0.524253 2.75992 -0.0115173 0 0 0 0 0.00174268 2.384 303 53 0 0 0
./complex_md-fit_383.pdb BC A 10.4859 34.1282 -9.85786 -7.0409 -12.5631 -22.5068 -1.05206 39.8807 -22.6668 4.60035 7.81399 3.22966 0 0 0 0.440973 3.27233 0.00624348 0 0 0 0 0 2.384 303 48 0 0 0
./complex_md-fit_384.pdb BC A 7.93149 28.2145 -11.2847 -5.9266 -9.8823 -22.0652 -0.771649 36.9557 -22.5233 3.01291 7.0279 2.57967 0 0 0 0.30283 2.38395 -0.00936069 0 0 0 0 0.0147329 2.384 303 46 0 0 0
./complex_md-fit_385.pdb BC A 9.86647 35.9232 -11.8124 -5.42251 -13.5933 -21.6579 -0.924383 37.6427 -21.752 2.59319 7.40228 3.49197 0 0 0 0.407602 2.33733 0 0 0 0 0 0 2.384 303 50 0 0 0
./complex_md-fit_386.pdb BC A 7.0467 43.0137 -12.3616 -6.40225 -12.5546 -21.6298 -0.852205 36.8528 -21.5081 3.80124 7.19521 2.1077 0 0 0 0.620859 2.19098 0 0 0 0 0 0.00749731 2.384 303 48 2 2 0
./complex_md-fit_387.pdb BC A 9.11068 35.3954 -9.46144 -6.92919 -15.3289 -21.2665 -0.667557 38.2039 -20.7728 5.24015 9.62415 1.95924 0 0 0 0.475996 2.11524 2.77556e-17 0 0 0 0 0 2.384 303 47 0 0 0
./complex_md-fit_388.pdb BC A 7.4827 29.9001 -3.50592 -5.86898 -11.5878 -21.873 -0.690886 41.0781 -21.4331 5.24268 9.20477 1.98868 0 0 0 0.447717 2.89284 -0.0141414 0 0 0 0 0 2.384 303 50 1 1 0
./complex_md-fit_389.pdb BC A 8.53601 36.8808 -3.60274 -5.0134 -11.3587 -21.0628 -0.810088 39.8263 -19.9856 3.23076 8.52773 2.84526 0 0 0 0.223522 2.1374 -0.0324092 0 0 0 0 0.00663932 2.384 303 49 0 0 0
./complex_md-fit_38.pdb BC A 6.4446 34.3141 -8.6683 -6.81607 -10.0991 -19.3017 -1.0812 34.9923 -19.4907 4.02506 6.36391 2.57163 0 0 0 0.142564 1.43331 0 0 0 0 0 0.0249671 2.384 303 46 0 0 0
./complex_md-fit_390.pdb BC A 7.6688 43.8252 -6.2743 -6.25327 -12.2619 -21.3225 -0.726689 39.7331 -20.6492 3.798 8.04494 2.52731 0 0 0 0.835897 2.82521 0 0 0 0 0 0 2.384 303 47 0 0 0
./complex_md-fit_391.pdb BC A 6.41836 43.7605 -11.4747 -5.47549 -15.1755 -22.3504 -0.849742 38.8474 -22.2824 4.69973 8.03298 2.78264 0 0 0 0.276055 2.43451 0.0200461 0 0 0 0 0 2.384 303 47 0 0 0
./complex_md-fit_392.pdb BC A 6.93347 36.3864 -14.9906 -10.1923 -14.8894 -23.8087 -0.935575 40.8911 -23.4474 2.33722 10.2569 3.97339 0 0 0 0.824045 2.56753 -2.77556e-17 0 0 0 0 0 2.384 303 49 0 0 0
./complex_md-fit_393.pdb BC A 7.93412 26.9875 -8.77997 -8.09535 -12.8251 -22.5503 -0.905592 40.1731 -22.0957 5.47879 7.73119 3.77083 0 0 0 0.517012 2.35172 0.0211197 0 0 0 0 0 2.384 303 48 2 2 0
./complex_md-fit_394.pdb BC A 7.20153 34.8703 -19.0158 -8.40243 -13.806 -22.8827 -0.863742 38.7055 -22.8223 1.05918 7.35273 2.12889 0 0 0 0.48709 2.57837 0.0279923 0 0 0 0 0 2.384 303 48 0 0 0
./complex_md-fit_395.pdb BC A 8.96379 31.6424 -2.57045 -6.23466 -9.98632 -23.2098 -0.872767 42.0077 -22.8055 7.87509 7.45233 2.76915 0 0 0 0.415427 3.55661 0.0189531 0 0 0 0 0 2.384 303 49 1 1 0
./complex_md-fit_396.pdb BC A 7.94385 36.4433 -13.5786 -7.33671 -14.8113 -23.1478 -1.09811 41.591 -22.33 3.31203 8.27888 1.37669 0 0 0 0.563358 3.20191 0.0232834 0 0 0 0 0 2.384 303 51 0 0 0
./complex_md-fit_397.pdb BC A 8.1266 35.3811 -7.30094 -6.36373 -13.2828 -21.7896 -1.02597 40.4804 -21.1994 4.67275 7.71311 2.93515 0 0 0 0.527593 2.43221 0.0264202 0 0 0 0 0.00504166 2.384 303 48 2 2 0
./complex_md-fit_398.pdb BC A 8.02333 27.4715 -4.06432 -6.49592 -8.71729 -21.9163 -0.795557 39.5413 -22.0328 5.38372 7.59664 3.26022 0 0 0 0.111638 2.85698 -1.11022e-16 0 0 0 0 0 2.384 303 50 0 0 0
./complex_md-fit_399.pdb BC A 10.766 29.7257 -7.22187 -6.32083 -8.92191 -22.838 -1.0557 40.0872 -22.8031 5.78365 5.92722 2.63642 0 0 0 0.275193 2.57123 0.00801242 0 0 0 0 0 2.384 303 50 0 0 0
./complex_md-fit_39.pdb BC A 7.47066 27.5452 -15.445 -6.94873 -13.181 -21.4951 -1.19983 36.6691 -21.194 3.08521 6.28778 2.11153 0 0 0 0.402533 1.65372 0 0 0 0 0 0.0175361 2.384 303 49 0 0 0
./complex_md-fit_3.pdb BC A 8.3571 28.1495 -13.9421 -7.75334 -14.552 -22.92 -0.598274 40.653 -23.2148 1.55298 9.15189 3.17712 0 0 0 0.555626 2.23427 0.00573844 0 0 0 0 0 2.384 303 50 0 0 0
./complex_md-fit_400.pdb BC A 8.74385 38.6115 -13.9406 -9.21519 -13.4629 -22.8632 -0.976601 40.0882 -22.7966 4.1023 8.70034 2.38706 0 0 0 0.0739554 2.39129 0.0220202 0 0 0 0 0 2.384 303 48 0 0 0
./complex_md-fit_401.pdb BC A 5.7574 34.2045 -4.21223 -7.75988 -8.73996 -23.0433 -0.739459 40.6013 -23.0679 6.16143 8.83777 3.30827 0 0 0 0.228779 2.33798 0 0 0 0 0 0.000761992 2.384 303 46 0 0 0
./complex_md-fit_402.pdb BC A 8.22972 39.2646 -9.30577 -7.54514 -12.8846 -23.5255 -1.05563 41.5188 -23.3965 5.56059 9.1019 2.48389 0 0 0 0.399998 2.65528 0.0308707 0 0 0 0 0.00563909 2.384 303 50 0 0 0
./complex_md-fit_403.pdb BC A 7.55949 30.0797 -13.3095 -8.02041 -13.4438 -23.0353 -1.04997 38.511 -22.9916 3.34163 9.61233 3.22795 0 0 0 0.514841 2.10515 0.00965177 0 0 0 0 0.0141564 2.384 303 47 0 0 0
./complex_md-fit_404.pdb BC A 8.57464 35.6056 -6.76911 -5.68599 -13.4544 -22.202 -1.02895 39.3282 -21.6904 4.37778 9.3728 3.76363 0 0 0 0.450099 2.37062 0 0 0 0 0 0 2.384 303 46 0 0 0
./complex_md-fit_405.pdb BC A 7.64323 33.0955 -3.14384 -5.29654 -10.7436 -22.4643 -0.830097 40.2567 -22.5819 7.55891 7.2162 3.34082 0 0 0 0.410261 1.84167 -0.0102646 0 0 0 0 0 2.384 303 49 1 1 0
./complex_md-fit_406.pdb BC A 7.01576 29.9395 -8.79705 -6.76172 -12.0885 -22.9036 -1.02869 41.03 -22.5413 3.81622 8.54948 3.06389 0 0 0 0.0811938 2.36673 -0.0140069 0 0 0 0 0 2.384 303 48 0 0 0
./complex_md-fit_407.pdb BC A 11.8267 27.6683 -10.0127 -8.04029 -11.5324 -22.1508 -0.916597 39.2598 -21.7427 4.50279 7.58777 2.67655 0 0 0 0.339181 2.06717 0.00399771 0 0 0 0 0 2.384 303 49 0 0 0
./complex_md-fit_408.pdb BC A 7.52204 34.3058 -14.9101 -7.8164 -15.6288 -23.7918 -1.20322 39.6612 -23.5599 5.3452 7.70987 3.24371 0 0 0 1.1241 2.19886 0 0 0 0 0 0.00588884 2.384 303 48 0 0 0
./complex_md-fit_409.pdb BC A 8.19939 30.6621 -5.54613 -7.61902 -11.5394 -22.4409 -0.93767 38.5069 -22.379 7.73097 8.81023 4.27975 0 0 0 0.0321998 2.25569 -0.0104401 0 0 0 0 0.020258 2.384 303 50 0 0 0
./complex_md-fit_40.pdb BC A 7.4235 26.9474 -10.6426 -4.7195 -15.5972 -20.4305 -0.977679 35.1148 -19.9435 5.54359 7.56606 2.31023 0 0 0 0.49997 1.65315 -0.0151523 0 0 0 0 0.00625523 2.384 303 50 1 1 0
./complex_md-fit_410.pdb BC A 7.05384 31.5183 -13.0445 -6.77142 -11.8963 -23.0056 -1.03913 39.6472 -22.8051 3.20505 6.6621 2.59843 0 0 0 0.360261 2.20953 0 0 0 0 0 0 2.384 303 48 0 0 0
./complex_md-fit_411.pdb BC A 7.05265 31.792 0.211471 -6.70746 -10.0148 -20.4352 -0.970264 37.8467 -19.6418 8.7638 7.90815 2.66744 0 0 0 0.794886 1.7897 0 0 0 0 0 0 2.384 303 44 4 4 0
./complex_md-fit_412.pdb BC A 7.01474 34.4324 -15.9946 -6.85896 -14.8497 -21.1768 -1.00988 35.2018 -21.2838 3.42001 7.78723 2.22713 0 0 0 0.530024 3.15842 0 0 0 0 0 0.018405 2.384 303 47 0 0 0
./complex_md-fit_413.pdb BC A 7.09402 30.7307 -9.43992 -6.50658 -13.0137 -21.2186 -1.00708 36.8317 -20.5709 5.37382 8.81027 1.70806 0 0 0 0.151528 2.21574 -5.55112e-17 0 0 0 0 0.00147475 2.384 303 46 1 1 0
./complex_md-fit_414.pdb BC A 8.24314 34.2672 -7.40956 -7.97529 -13.8716 -22.3992 -1.15709 38.6401 -21.9358 6.82937 10.618 3.72165 0 0 0 0.120352 2.97084 0 0 0 0 0 0 2.384 303 48 2 2 0
./complex_md-fit_415.pdb BC A 8.84416 34.333 -8.6174 -5.42255 -13.2164 -21.9039 -1.1239 37.1951 -21.0876 6.67478 7.80214 2.29581 0 0 0 0.169099 1.93085 0 0 0 0 0 0 2.384 303 50 1 1 0
./complex_md-fit_416.pdb BC A 7.47543 30.9571 -15.9518 -6.46072 -14.8042 -22.7211 -0.995266 38.3021 -22.1668 3.41731 6.53302 2.31846 0 0 0 0.605583 2.33191 0.00771668 0 0 0 0 0.0121571 2.384 303 49 0 0 0
./complex_md-fit_417.pdb BC A 8.51139 36.5682 -13.1241 -4.68879 -12.9808 -21.078 -1.081 34.9953 -20.6708 4.01017 5.47094 2.13471 0 0 0 0.743551 1.8914 0.0206651 0 0 0 0 0 2.384 303 48 0 0 0
./complex_md-fit_418.pdb BC A 6.42324 29.9926 -9.88773 -6.20435 -11.5033 -21.1082 -0.95591 36.4344 -21.1847 4.16822 6.96591 3.05263 0 0 0 0.447638 2.56109 0 0 0 0 0 0 2.384 303 44 1 1 0
./complex_md-fit_419.pdb BC A 7.70009 29.3682 -12.6937 -7.47232 -13.5676 -21.4596 -1.06492 37.0281 -21.4716 2.39396 8.31915 3.94847 0 0 0 0.651547 2.83171 0 0 0 0 0 0.00111431 2.384 303 47 0 0 0
./complex_md-fit_41.pdb BC A 8.3939 40.6058 -11.4597 -4.81798 -14.1534 -20.4003 -0.952379 36.7225 -19.947 3.53251 6.56064 1.82845 0 0 0 0.167234 2.20338 0 0 0 0 0 0 2.384 303 50 0 0 0
./complex_md-fit_420.pdb BC A 7.60743 39.4471 -5.66083 -7.69313 -8.15058 -21.4374 -0.873142 38.1439 -20.8869 5.98713 6.20596 2.59367 0 0 0 0.449651 2.14088 0 0 0 0 0 0 2.384 303 46 1 1 0
./complex_md-fit_421.pdb BC A 9.13905 29.4728 -12.4295 -6.85505 -10.786 -21.5317 -0.92675 37.7169 -21.1223 2.204 5.87789 2.44037 0 0 0 0.55318 2.16945 0 0 0 0 0 0 2.384 303 45 0 0 0
./complex_md-fit_422.pdb BC A 8.02917 35.7054 -7.3154 -5.91058 -12.6729 -22.9168 -1.14662 40.6576 -22.2186 6.48837 7.60077 2.04015 0 0 0 0.749127 2.45083 0.0141223 0 0 0 0 0 2.384 303 48 2 2 0
./complex_md-fit_423.pdb BC A 8.69558 31.0194 -9.0279 -7.01876 -10.4675 -21.9668 -1.04792 37.7811 -21.536 6.99122 6.03594 1.92515 0 0 0 0.275669 2.43664 0 0 0 0 0 0 2.384 303 48 0 0 0
./complex_md-fit_424.pdb BC A 6.50936 31.9519 -9.91495 -7.37635 -12.2598 -21.7012 -1.19275 37.8995 -21.649 6.30305 7.00326 2.81539 0 0 0 0.242841 1.94239 0 0 0 0 0 0 2.384 303 51 2 2 0
./complex_md-fit_425.pdb BC A 9.86498 40.2256 -13.5113 -7.5489 -10.6581 -22.6329 -1.05222 37.6344 -22.6885 3.67294 6.32963 2.98051 0 0 0 0.430139 1.93137 0.0217827 0 0 0 0 0 2.384 303 48 0 0 0
./complex_md-fit_426.pdb BC A 10.6203 35.1511 -12.9608 -7.63243 -11.3428 -22.3023 -0.806196 38.2344 -21.8704 3.05721 6.96888 2.39386 0 0 0 0.339002 2.30514 0 0 0 0 0 0 2.384 303 46 0 0 0
./complex_md-fit_427.pdb BC A 10.9254 37.4785 -7.00564 -5.41798 -10.6312 -22.1382 -0.865426 39.21 -21.6503 3.89683 7.34648 3.05505 0 0 0 0.134846 1.76298 0.0491592 0 0 0 0 0.00505491 2.384 303 46 0 0 0
./complex_md-fit_428.pdb BC A 6.76439 40.0453 -11.8636 -6.37419 -12.3717 -23.0942 -1.15567 39.2611 -22.5381 3.43667 7.1844 3.21088 0 0 0 0.555871 1.72698 0.0213638 0 0 0 0 0 2.384 303 45 1 1 0
./complex_md-fit_429.pdb BC A 10.4264 38.2341 -10.9068 -5.39223 -12.9052 -22.5953 -0.939362 37.982 -22.4313 5.55177 6.09061 3.11625 0 0 0 0.566566 3.55282 0.0223574 0 0 0 0 0.0270636 2.384 303 45 2 2 0
./complex_md-fit_42.pdb BC A 11.752 36.9764 -9.30133 -5.09693 -11.9566 -20.674 -0.811826 36.2076 -20.2578 3.38216 6.4972 2.96801 0 0 0 0.440937 2.53631 0 0 0 0 0 0 2.384 303 50 0 0 0
./complex_md-fit_430.pdb BC A 8.69421 24.0406 -11.2459 -6.44082 -12.8199 -22.8828 -1.04927 39.1241 -22.9468 5.49158 6.79375 3.20451 0 0 0 0.253666 3.31452 0.0260182 0 0 0 0 0 2.384 303 48 1 1 0
./complex_md-fit_431.pdb BC A 6.35876 29.3921 -13.4343 -7.1132 -13.3464 -21.035 -0.991247 36.0557 -20.6932 4.01772 6.48915 2.98741 0 0 0 0.194807 1.8748 0 0 0 0 0 0 2.384 303 44 2 2 0
./complex_md-fit_432.pdb BC A 8.07812 37.2861 -9.89784 -6.0113 -12.2916 -22.6221 -0.951451 38.9923 -22.3587 4.73207 6.47591 3.38972 0 0 0 0.785082 2.28194 -0.0377577 0 0 0 0 0 2.384 303 48 0 0 0
./complex_md-fit_433.pdb BC A 7.17378 29.1672 -3.46724 -4.69084 -9.17194 -21.472 -0.987968 39.0102 -20.6605 6.19415 4.99443 2.70243 0 0 0 0.623398 2.2677 -0.0143818 0 0 0 0 0.00572942 2.384 303 46 2 2 0
./complex_md-fit_434.pdb BC A 6.95958 30.5304 -8.56032 -6.96442 -13.4328 -23.0199 -1.22312 40.8684 -23.1703 6.45425 8.07381 3.65709 0 0 0 0.18577 2.3534 1.11022e-16 0 0 0 0 0.0109039 2.384 303 48 1 1 0
./complex_md-fit_435.pdb BC A 7.24531 32.8102 -10.6277 -8.04853 -13.1551 -22.689 -1.00863 40.0418 -22.405 6.31288 7.12317 2.63689 0 0 0 0.522461 2.04191 0.0413475 0 0 0 0 0 2.384 303 46 2 2 0
./complex_md-fit_436.pdb BC A 8.00793 32.989 -13.071 -7.36331 -12.7346 -21.7169 -1.11343 36.5013 -21.8053 4.80916 6.19943 3.50839 0 0 0 0.644239 2.18363 0 0 0 0 0 0 2.384 303 45 1 1 0
./complex_md-fit_437.pdb BC A 7.11051 32.3485 -11.2716 -6.24327 -9.30466 -21.3823 -0.977178 35.4851 -21.6274 3.19508 6.37012 2.60416 0 0 0 0.608721 2.89106 0 0 0 0 0 0 2.384 303 44 1 1 0
./complex_md-fit_438.pdb BC A 6.54291 28.4469 -12.1978 -7.46212 -12.4338 -22.1639 -0.946176 37.5384 -22.1054 5.02229 6.8213 3.22066 0 0 0 0.260204 2.1341 0.0382358 0 0 0 0 0.0125013 2.384 303 48 2 2 0
./complex_md-fit_439.pdb BC A 6.58901 37.4374 -9.99275 -6.35793 -10.5719 -22.2519 -0.701974 37.9629 -22.5645 3.3017 6.90072 3.88012 0 0 0 0.366156 1.87353 0.0285912 0 0 0 0 0.015327 2.384 303 46 0 0 0
./complex_md-fit_43.pdb BC A 8.49173 31.0416 -7.82282 -4.26283 -9.94876 -19.855 -0.905719 35.5754 -19.4321 3.85194 4.73153 2.27888 0 0 0 0.143758 2.26529 2.77556e-17 0 0 0 0 0 2.384 303 46 1 1 0
./complex_md-fit_440.pdb BC A 7.03874 26.5901 -13.6375 -7.02053 -11.0861 -22.7776 -0.799362 36.7013 -23.0085 4.3569 5.9052 3.74287 0 0 0 0.327857 2.37039 0.020469 0 0 0 0 0 2.384 303 46 1 1 0
./complex_md-fit_441.pdb BC A 8.81603 27.0616 -13.1955 -8.66626 -14.3973 -23.6206 -1.05445 39.6015 -23.7339 6.58778 8.60192 3.2252 0 0 0 0.228706 2.65271 0.0248072 0 0 0 0 0.00705713 2.384 303 47 2 2 0
./complex_md-fit_442.pdb BC A 8.08227 32.9007 -5.10355 -4.30026 -9.09535 -21.506 -0.761591 37.5009 -21.5755 4.35942 6.9528 2.69528 0 0 0 0.611466 2.07188 0 0 0 0 0 0.0153423 2.384 303 48 2 2 0
./complex_md-fit_443.pdb BC A 10.3533 27.5558 -13.0128 -7.79004 -12.8676 -23.0031 -0.869542 40.0598 -23.2379 3.91374 7.01728 3.23495 0 0 0 0.480454 2.17743 0.0284428 0 0 0 0 0.0207021 2.384 303 50 0 0 0
./complex_md-fit_444.pdb BC A 8.29941 39.3226 -3.83996 -7.38863 -10.0911 -20.9994 -1.20815 38.3393 -20.4457 6.05787 8.38191 3.38071 0 0 0 0.0965498 1.8762 0.0223162 0 0 0 0 0.0142995 2.384 303 46 2 2 0
./complex_md-fit_445.pdb BC A 7.25309 33.6421 -10.8221 -6.10782 -13.3776 -22.7388 -0.953687 38.9773 -22.7634 7.23012 4.6156 3.88381 0 0 0 0.39034 2.78611 0 0 0 0 0 0.0220878 2.384 303 49 2 2 0
./complex_md-fit_446.pdb BC A 8.24487 31.1079 -13.7197 -7.16193 -10.4861 -22.9955 -0.659103 39.3185 -22.8884 2.4547 4.51938 3.87961 0 0 0 0.311678 2.54624 -0.0125069 0 0 0 0 0 2.384 303 48 0 0 0
./complex_md-fit_447.pdb BC A 6.73984 31.1901 -3.89192 -6.59167 -8.5179 -22.2607 -0.874631 39.9241 -22.4442 5.76727 5.81545 3.90721 0 0 0 1.36036 3.6106 0.0227457 0 0 0 0 0 2.384 303 47 2 2 0
./complex_md-fit_448.pdb BC A 8.07472 35.2956 -10.8806 -7.62385 -11.7999 -22.9205 -0.931694 40.75 -22.4509 5.02035 6.26944 2.6236 0 0 0 0.171407 2.64561 0.00441823 0 0 0 0 0.00709801 2.384 303 47 1 1 0
./complex_md-fit_449.pdb BC A 7.76857 29.8887 -14.0447 -7.24486 -11.6258 -21.7096 -0.766865 37.0825 -21.592 2.23114 5.41412 3.77034 0 0 0 0.357583 2.46194 -0.0196934 0 0 0 0 0.0583794 2.384 303 48 0 0 0
./complex_md-fit_44.pdb BC A 10.0999 34.9292 -8.24916 -5.08399 -14.1417 -20.9089 -1.26156 37.7033 -19.9132 5.64091 7.22524 2.21432 0 0 0 0.276484 2.32211 0 0 0 0 0 0 2.384 303 45 2 2 0
./complex_md-fit_450.pdb BC A 8.33831 32.1363 -14.0506 -7.91265 -12.7689 -22.1024 -0.958426 38.4812 -22.2512 3.40249 6.5297 3.33265 0 0 0 0.177982 2.26481 0 0 0 0 0 0.0189567 2.384 303 47 2 2 0
./complex_md-fit_451.pdb BC A 6.79189 32.8858 -15.2452 -8.05108 -13.513 -22.6227 -1.10729 38.7231 -22.6972 3.66584 6.07105 3.42957 0 0 0 0.814645 2.74075 0.0418495 0 0 0 0 0 2.384 303 46 0 0 0
./complex_md-fit_452.pdb BC A 7.4256 32.0251 -11.0817 -4.46086 -13.3603 -21.5033 -0.705832 38.1811 -21.1209 3.11471 5.82817 2.69294 0 0 0 0.194531 2.64528 0.0254711 0 0 0 0 0.0325079 2.384 303 46 0 0 0
./complex_md-fit_453.pdb BC A 6.61314 40.1068 -12.2049 -6.97732 -13.3713 -22.4728 -0.968571 39.0174 -22.4647 3.39814 6.38466 4.47225 0 0 0 0.734062 2.47518 0.0254204 0 0 0 0 0.0178449 2.384 303 49 1 1 0
./complex_md-fit_454.pdb BC A 7.69297 34.8176 -10.9163 -4.80838 -12.0534 -20.757 -0.849603 35.9514 -20.4698 3.82022 5.63248 2.40986 0 0 0 0.170099 2.08195 0.0228965 0 0 0 0 0.0149062 2.384 303 44 1 1 0
./complex_md-fit_455.pdb BC A 7.56964 27.3438 -12.3436 -6.90973 -11.277 -22.3368 -1.19796 39.5358 -22.3973 3.86348 5.06555 3.023 0 0 0 0.289774 2.56961 -0.00957858 0 0 0 0 0.00714171 2.384 303 46 0 0 0
./complex_md-fit_456.pdb BC A 6.94102 34.5514 -6.65125 -5.84489 -10.9179 -22.3633 -1.01287 40.282 -21.73 4.50424 6.96183 2.9661 0 0 0 0.497879 2.77049 1.11022e-16 0 0 0 0 0.0055534 2.384 303 48 1 1 0
./complex_md-fit_457.pdb BC A 8.80088 34.8339 -7.95199 -6.66156 -9.55978 -20.576 -0.979774 34.8624 -20.3724 5.94503 6.06169 2.52771 0 0 0 0.75812 2.06399 0.0309583 0 0 0 0 0.0116526 2.384 303 49 2 2 0
./complex_md-fit_458.pdb BC A 7.08985 29.0735 -10.5388 -6.9172 -12.6108 -21.5031 -1.04142 38.1177 -20.6677 3.48897 7.51411 2.50098 0 0 0 0.550942 2.18376 0.0220593 0 0 0 0 0.0065579 2.384 303 46 0 0 0
./complex_md-fit_459.pdb BC A 6.45368 28.8295 -7.72046 -5.35205 -11.4313 -21.5683 -0.878123 38.0538 -20.8838 3.474 8.15627 2.53954 0 0 0 0.154365 3.00869 5.55112e-17 0 0 0 0 0.0151161 2.384 303 48 0 0 0
./complex_md-fit_45.pdb BC A 10.2515 30.9065 -2.61158 -4.51408 -10.3462 -21.1104 -1.18354 38.1221 -20.4225 9.00076 5.7782 1.91135 0 0 0 0.147166 2.22032 0 0 0 0 0 0.00563721 2.384 303 52 2 2 0
./complex_md-fit_460.pdb BC A 6.86523 31.2031 -10.5538 -7.43125 -14.4177 -22.3549 -1.21916 40.5485 -21.5911 3.74658 8.46687 3.46878 0 0 0 0.194677 2.48613 0.0191119 0 0 0 0 0.0158232 2.384 303 48 1 1 0
./complex_md-fit_461.pdb BC A 7.08766 37.9075 -8.3028 -3.93311 -15.3435 -22.4985 -1.07469 40.9753 -21.9402 3.10604 7.58752 4.5668 0 0 0 0.175345 2.54104 0.0648922 0 0 0 0 0.0113472 2.384 303 48 0 0 0
./complex_md-fit_462.pdb BC A 8.80656 25.1821 -8.18105 -5.36625 -15.1048 -23.1585 -1.04494 43.0431 -22.5859 4.46185 7.76123 3.5194 0 0 0 0.285765 3.97 0 0 0 0 0 0.00809521 2.384 303 50 0 0 0
./complex_md-fit_463.pdb BC A 8.72073 31.9059 -10.2115 -6.05997 -14.4702 -22.3636 -1.18567 40.5798 -21.9027 4.81547 7.17822 2.85554 0 0 0 0.292925 3.8375 0.0193824 0 0 0 0 0.0292035 2.384 303 50 1 1 0
./complex_md-fit_464.pdb BC A 9.32996 39.1364 -13.4144 -7.07924 -12.2289 -21.1849 -0.940331 36.5286 -21.2532 5.06054 4.75408 2.6701 0 0 0 0.245545 2.44817 0 0 0 0 0 0.0133428 2.384 303 52 1 1 0
./complex_md-fit_465.pdb BC A 8.08823 41.8105 -10.5996 -8.16942 -12.5367 -22.2491 -1.03982 39.2816 -22.3494 5.7813 6.67618 2.74039 0 0 0 1.25557 2.37583 0 0 0 0 0 0.00979049 2.384 303 49 0 0 0
./complex_md-fit_466.pdb BC A 8.18204 35.0615 -10.3166 -7.48005 -13.4256 -22.7085 -1.00565 41.0072 -22.0708 5.31725 6.45656 3.3257 0 0 0 0.196242 2.92589 0.0411404 0 0 0 0 0.0298813 2.384 303 49 2 2 0
./complex_md-fit_467.pdb BC A 6.62265 40.6892 -13.3084 -9.075 -11.2504 -22.3146 -0.743381 37.6588 -22.506 5.241 6.32808 3.14132 0 0 0 0.193063 2.42406 0 0 0 0 0 0.0187 2.384 303 51 2 2 0
./complex_md-fit_468.pdb BC A 7.41887 30.0057 -7.26183 -7.13342 -9.86387 -23.6432 -0.826215 42.006 -23.8869 4.57225 7.00106 4.31755 0 0 0 0.152866 3.21674 0.0282284 0 0 0 0 0.0138223 2.384 303 50 0 0 0
./complex_md-fit_469.pdb BC A 7.72991 34.9129 -6.03283 -6.72003 -12.0014 -23.1723 -1.1913 41.8827 -22.8744 6.27594 7.92837 3.62107 0 0 0 0.18093 3.14539 0.0239197 0 0 0 0 0.0136327 2.384 303 50 1 1 0
./complex_md-fit_46.pdb BC A 8.17458 36.8917 -7.72232 -5.67843 -11.8692 -22.0141 -1.02785 39.4574 -21.4499 4.84481 6.66853 2.85264 0 0 0 0.493745 2.7049 1.11022e-16 0 0 0 0 0 2.384 303 50 1 1 0
./complex_md-fit_470.pdb BC A 8.73927 31.0922 -10.4317 -8.2595 -13.9306 -23.1346 -1.02132 42.4444 -23.01 5.54118 7.61482 3.10461 0 0 0 0.16709 3.02176 0.0442041 0 0 0 0 0.00802522 2.384 303 52 2 2 0
./complex_md-fit_471.pdb BC A 8.55764 28.8083 -15.5976 -9.23161 -13.5714 -23.3733 -1.13183 40.6812 -23.4574 4.70062 6.31903 3.33295 0 0 0 0.102457 2.64984 0.0288623 0 0 0 0 0.00292657 2.384 303 50 0 0 0
./complex_md-fit_472.pdb BC A 8.19773 31.1148 -7.43341 -7.96486 -12.4816 -24.0907 -0.873295 44.0754 -24.0971 5.11785 8.29159 4.40626 0 0 0 0.139953 3.05941 0.0430901 0 0 0 0 0 2.384 303 51 1 1 0
./complex_md-fit_473.pdb BC A 7.76897 28.008 -9.40792 -6.12967 -11.9442 -23.1877 -0.963571 40.8694 -23.1046 6.36728 6.28756 2.243 0 0 0 0.135701 2.84996 0 0 0 0 0 0.0189608 2.384 303 51 2 2 0
./complex_md-fit_474.pdb BC A 7.23366 34.0418 -10.6383 -8.09092 -10.6615 -23.219 -0.98702 41.8412 -23.2006 3.89225 6.60016 3.02079 0 0 0 0.132431 2.49357 0.0318079 0 0 0 0 0.00205936 2.384 303 50 0 0 0
./complex_md-fit_475.pdb BC A 7.50691 29.7413 -7.11381 -6.94488 -12.0321 -23.8519 -0.954002 42.1899 -23.7485 6.83083 6.81653 3.77111 0 0 0 0.769184 4.19671 0.0332479 0 0 0 0 0.00686689 2.384 303 52 2 2 0
./complex_md-fit_476.pdb BC A 8.54403 31.933 -8.57415 -7.57403 -12.4822 -23.4263 -1.06688 39.8955 -23.8558 8.27842 6.51781 4.56416 0 0 0 0.544596 2.82059 0.0231991 0 0 0 0 0.00733567 2.384 303 50 4 4 0
./complex_md-fit_477.pdb BC A 7.96739 36.4893 -13.4431 -9.24154 -11.3099 -23.6039 -1.04745 41.6397 -23.8737 4.93408 6.77745 2.09397 0 0 0 0.176473 3.69184 0 0 0 0 0 0.0115733 2.384 303 52 1 1 0
./complex_md-fit_478.pdb BC A 9.89112 35.1851 -11.6874 -6.78985 -14.0091 -23.3355 -1.09872 41.3564 -23.2028 4.96298 6.99754 2.97858 0 0 0 0.439979 3.73893 0 0 0 0 0 0.0130919 2.384 303 50 2 2 0
./complex_md-fit_479.pdb BC A 7.91662 36.3121 -20.5802 -10.6583 -13.9698 -23.3455 -1.11306 39.3035 -24.1593 3.16657 6.89149 2.91189 0 0 0 0.347193 3.33106 0.0202454 0 0 0 0 0.0249963 2.384 303 49 0 0 0
./complex_md-fit_47.pdb BC A 8.65354 26.7036 -2.54935 -5.05202 -8.22871 -20.6746 -0.977758 39.1826 -20.2178 4.5947 6.51843 1.7815 0 0 0 0.524081 2.30453 0 0 0 0 0 0.000144673 2.384 303 47 0 0 0
./complex_md-fit_480.pdb BC A 6.77063 34.6213 -14.2046 -8.91725 -12.2644 -21.8385 -1.00471 37.5511 -21.7962 3.7458 7.08288 2.82995 0 0 0 0.391616 2.35877 0 0 0 0 0 0.0151444 2.384 303 50 1 1 0
./complex_md-fit_481.pdb BC A 7.92684 35.3303 -10.2432 -7.95214 -11.328 -22.8269 -0.805282 40.0682 -22.9973 4.40492 8.0258 2.9306 0 0 0 0.199126 2.47918 0.0238079 0 0 0 0 0.0140454 2.384 303 49 0 0 0
./complex_md-fit_482.pdb BC A 7.97702 32.8776 -10.8605 -8.00348 -11.7009 -22.0582 -0.886383 38.36 -22.1419 4.90004 7.38706 2.96062 0 0 0 0.279436 2.84742 0.0309314 0 0 0 0 0.0121534 2.384 303 50 0 0 0
./complex_md-fit_483.pdb BC A 6.55458 34.7753 -14.2564 -8.34647 -11.8393 -21.6294 -0.94168 36.6907 -21.9354 4.96384 5.80115 2.20976 0 0 0 0.733169 2.36103 0.0193948 0 0 0 0 0.0177514 2.384 303 51 0 0 0
./complex_md-fit_484.pdb BC A 8.70041 33.5748 -15.0443 -8.56018 -15.3863 -22.7086 -1.04034 39.9312 -22.5654 4.12653 7.89976 2.88858 0 0 0 0.356983 2.49732 0 0 0 0 0 0.0135137 2.384 303 50 0 0 0
./complex_md-fit_485.pdb BC A 7.63679 38.9927 -12.6743 -6.66696 -13.9745 -23.0416 -1.16441 39.4097 -23.1218 7.84733 4.81195 2.89744 0 0 0 0.270323 4.07105 0.0306408 0 0 0 0 0.0275641 2.384 303 53 2 2 0
./complex_md-fit_486.pdb BC A 7.60398 39.2516 -6.34214 -4.81422 -9.2227 -22.4 -1.02662 39.8102 -22.236 4.30415 7.08452 1.90386 0 0 0 0.214008 2.55429 0.0253435 0 0 0 0 0.0152892 2.384 303 50 1 1 0
./complex_md-fit_487.pdb BC A 8.58339 35.583 -13.068 -7.61018 -14.6293 -22.4558 -0.980338 38.7877 -22.2951 5.47335 7.21827 3.15113 0 0 0 0.233077 2.47449 -1.11022e-16 0 0 0 0 0.0391638 2.384 303 49 0 0 0
./complex_md-fit_488.pdb BC A 7.34772 39.3595 -9.43592 -8.23799 -13.2229 -22.1073 -0.919825 38.8091 -22.426 7.66689 7.24379 3.45456 0 0 0 0.264491 2.2491 0.0188479 0 0 0 0 0.0203439 2.384 303 51 2 2 0
./complex_md-fit_489.pdb BC A 6.14849 33.0796 -11.7894 -8.9931 -13.2618 -23.916 -1.0732 41.7494 -23.9945 5.69014 8.21395 3.30416 0 0 0 0.442548 2.71624 0.0295877 0 0 0 0 0.0194086 2.384 303 51 0 0 0
./complex_md-fit_48.pdb BC A 8.33134 34.7116 -4.14742 -5.35053 -9.30497 -21.7907 -1.10739 38.7416 -21.3451 7.89914 5.39785 2.30601 0 0 0 0.388434 2.10916 5.55112e-17 0 0 0 0 0.0182621 2.384 303 50 1 1 0
./complex_md-fit_490.pdb BC A 7.78257 33.7094 -17.6243 -7.81931 -13.3055 -21.8121 -0.910825 35.4706 -22.7166 3.41262 6.34104 3.39804 0 0 0 0.304371 2.82655 0 0 0 0 0 0.0133371 2.384 303 50 0 0 0
./complex_md-fit_491.pdb BC A 6.84815 46.1238 -13.2808 -6.47551 -14.7451 -23.8762 -1.1735 42.319 -24.2814 3.52477 7.46015 3.87465 0 0 0 0.051242 3.68318 0.0222366 0 0 0 0 0.0190174 2.384 303 52 0 0 0
./complex_md-fit_492.pdb BC A 7.21592 35.8564 -15.2835 -9.12339 -13.294 -22.7983 -1.04578 38.9501 -22.7545 3.62435 7.42174 3.25892 0 0 0 0.447927 2.59509 0 0 0 0 0 0.0294287 2.384 303 50 0 0 0
./complex_md-fit_493.pdb BC A 7.95959 36.2621 -9.48186 -6.56056 -11.2838 -22.4744 -0.821492 39.1425 -22.5743 4.2963 7.24187 3.34919 0 0 0 0.173689 2.48477 0.0214287 0 0 0 0 0.0077417 2.384 303 50 1 1 0
./complex_md-fit_494.pdb BC A 11.5036 35.2538 -16.2923 -7.93547 -14.8476 -23.6879 -0.90809 41.0499 -23.5529 2.77841 6.7512 3.26436 0 0 0 0.771153 3.7813 0.0198691 0 0 0 0 0.00485071 2.384 303 51 0 0 0
./complex_md-fit_495.pdb BC A 8.6282 40.2127 -14.8066 -9.48066 -15.6935 -22.8634 -1.16721 39.8211 -22.3282 4.54937 8.33887 3.69036 0 0 0 0.302212 2.66264 0.0244343 0 0 0 0 0 2.384 303 52 0 0 0
./complex_md-fit_496.pdb BC A 8.49356 31.1726 -8.53864 -7.94534 -10.8915 -23.6819 -0.987145 42.3267 -23.3483 4.31738 7.57458 3.87483 0 0 0 0.221695 3.58105 0 0 0 0 0 0.000308631 2.384 303 49 0 0 0
./complex_md-fit_497.pdb BC A 8.14897 30.2561 -9.68263 -7.03635 -13.4146 -22.7635 -1.04663 40.5837 -22.3831 5.3402 7.79883 3.06289 0 0 0 0.136264 2.29287 0.0242578 0 0 0 0 0.0153863 2.384 303 51 0 0 0
./complex_md-fit_498.pdb BC A 6.36815 30.3392 -9.68305 -7.12707 -11.1131 -22.6851 -0.953715 39.7818 -22.6259 4.39156 7.31065 2.9334 0 0 0 0.369022 2.44841 0.00505668 0 0 0 0 0.0303927 2.384 303 51 2 2 0
./complex_md-fit_499.pdb BC A 7.40322 37.9071 -17.1651 -9.06825 -15.7664 -22.2067 -1.1214 38.1716 -22.2297 4.7511 7.83447 2.31965 0 0 0 0.111784 2.10325 0.0197623 0 0 0 0 0.018919 2.384 303 50 0 0 0
./complex_md-fit_49.pdb BC A 6.94906 35.1845 -6.48422 -6.21835 -9.42848 -21.8439 -0.878576 38.9285 -21.4115 6.22053 5.79305 2.15027 0 0 0 0.204184 2.24229 0 0 0 0 0 0 2.384 303 49 1 1 0
./complex_md-fit_4.pdb BC A 8.10635 45.9013 -10.4416 -5.65655 -8.97224 -21.188 -0.612084 35.2541 -21.4694 2.77161 6.01251 3.00864 0 0 0 0.409875 1.95351 0 0 0 0 0 0 2.384 303 48 0 0 0
./complex_md-fit_500.pdb BC A 9.15918 37.8551 -13.6433 -8.92987 -12.0092 -22.0998 -0.724475 37.3543 -21.7799 4.49627 6.16931 3.11872 0 0 0 0.748559 2.62474 0 0 0 0 0 0.0127652 2.384 303 51 0 0 0
./complex_md-fit_501.pdb BC A 8.57335 31.0587 -14.1035 -7.82284 -11.2532 -22.3404 -0.904592 37.9669 -22.421 3.85844 6.48738 2.08906 0 0 0 0.216846 2.50359 0.0199409 0 0 0 0 0 2.384 303 51 0 0 0
./complex_md-fit_502.pdb BC A 8.75661 35.7503 -9.9424 -8.4537 -10.7254 -22.2471 -1.01453 39.2533 -22.2702 5.78581 5.90483 3.59171 0 0 0 0.198509 2.508 0.0264515 0 0 0 0 0.00790274 2.384 303 52 2 2 0
./complex_md-fit_503.pdb BC A 6.44147 31.1419 -11.6723 -6.88896 -11.8783 -22.7139 -0.908045 38.9922 -22.8667 5.72773 6.17939 2.22309 0 0 0 0.422018 2.68811 0.0237842 0 0 0 0 0.0153349 2.384 303 51 1 1 0
./complex_md-fit_504.pdb BC A 6.78621 32.9592 -7.6756 -8.21111 -9.27163 -22.9948 -0.647946 40.5174 -23.1497 5.26176 6.43884 4.06582 0 0 0 0.296467 2.82169 0 0 0 0 0 0.0192987 2.384 303 46 1 1 0
./complex_md-fit_505.pdb BC A 6.3706 26.8984 -12.2027 -7.9694 -10.8675 -22.4264 -0.909683 37.8779 -22.8678 4.43964 6.77483 3.62385 0 0 0 0.121968 2.70878 0 0 0 0 0 0 2.384 303 50 0 0 0
./complex_md-fit_506.pdb BC A 8.64944 34.3965 -12.7407 -6.91653 -12.0476 -22.9236 -1.07625 39.2624 -23.1814 3.17426 6.32561 3.63417 0 0 0 0.98162 2.84675 0.0219723 0 0 0 0 0.00473706 2.384 303 50 0 0 0
./complex_md-fit_507.pdb BC A 7.48939 33.735 -14.1151 -8.03821 -12.4673 -23.3255 -1.0233 40.3095 -23.2126 3.98525 6.32829 3.21593 0 0 0 0.112189 2.58132 5.55112e-17 0 0 0 0 0.000584877 2.384 303 51 0 0 0
./complex_md-fit_508.pdb BC A 11.1107 37.6641 -13.468 -8.89897 -13.985 -23.1526 -1.29667 39.923 -23.0868 6.5388 6.90785 3.21762 0 0 0 0.340879 3.16857 0.0221908 0 0 0 0 0.00176038 2.384 303 49 2 2 0
./complex_md-fit_509.pdb BC A 9.29959 32.7473 -20.7859 -9.87538 -15.6368 -22.8205 -1.21254 37.9037 -23.2464 5.47834 5.51936 2.92368 0 0 0 0.17499 2.46438 0 0 0 0 0 0.00573332 2.384 303 51 1 1 0
./complex_md-fit_50.pdb BC A 8.1285 31.6313 0.325286 -5.27274 -8.60487 -21.0803 -0.866412 38.7047 -20.3772 8.29707 5.39944 3.65641 0 0 0 0.469197 2.01499 0 0 0 0 0 0 2.384 303 48 2 2 0
./complex_md-fit_510.pdb BC A 6.84027 38.144 -10.2039 -6.6412 -13.1468 -23.8817 -1.18217 43.2972 -23.9905 5.29505 7.04665 2.769 0 0 0 0.178525 3.77135 0.0287419 0 0 0 0 0.0233295 2.384 303 52 2 2 0
./complex_md-fit_511.pdb BC A 6.26993 32.0058 -17.2024 -9.63266 -12.9267 -23.304 -1.0902 39.6921 -23.4983 3.46818 6.29359 3.39804 0 0 0 0.372987 2.65173 0 0 0 0 0 0.0246852 2.384 303 53 0 0 0
./complex_md-fit_512.pdb BC A 7.79793 27.9073 -11.4719 -6.4543 -11.0933 -22.0481 -0.971513 38.7917 -22.0153 3.75666 5.77089 2.49686 0 0 0 0.269914 2.74545 0 0 0 0 0 0.0246045 2.384 303 52 1 1 0
./complex_md-fit_513.pdb BC A 9.24204 34.8355 -8.93056 -4.52877 -9.90127 -21.1506 -0.921551 37.4496 -20.6517 3.10211 4.85196 2.56133 0 0 0 0.283112 2.3379 -0.0248079 0 0 0 0 0 2.384 303 45 0 0 0
./complex_md-fit_514.pdb BC A 7.42554 38.4125 -12.1492 -6.53613 -10.9923 -22.1262 -0.977913 37.6201 -22.4322 3.21385 6.63205 2.82405 0 0 0 0.593113 3.40709 0.0188785 0 0 0 0 0.0134973 2.384 303 49 0 0 0
./complex_md-fit_515.pdb BC A 7.29569 31.87 -10.7614 -5.63236 -12.4245 -22.2464 -1.00818 39.3842 -22.1166 4.22123 5.92803 2.97851 0 0 0 0.154706 2.45699 0 0 0 0 0 0 2.384 303 48 1 1 0
./complex_md-fit_516.pdb BC A 7.83705 37.9593 -9.7597 -6.46047 -12.0163 -24.0528 -1.14801 42.0318 -24.5408 6.21415 6.14383 3.4717 0 0 0 0.574177 3.84044 0.0230653 0 0 0 0 0 2.384 303 49 2 2 0
./complex_md-fit_517.pdb BC A 9.7335 31.7695 -10.9318 -9.88229 -13.1771 -22.7374 -1.05332 40.4 -22.353 6.19041 7.79991 3.18683 0 0 0 0.674915 2.54486 0 0 0 0 0 0.0192525 2.384 303 51 2 2 0
./complex_md-fit_518.pdb BC A 6.34478 28.8036 -17.9468 -8.8238 -14.2617 -23.6432 -0.813722 42.0935 -23.4611 1.55613 7.25271 1.70358 0 0 0 0.422343 2.91362 0.0230177 0 0 0 0 0.00543791 2.384 303 52 0 0 0
./complex_md-fit_519.pdb BC A 9.3223 39.9647 -15.8049 -9.18802 -14.0573 -23.8079 -0.959676 40.6562 -23.5952 5.45449 6.77508 2.30598 0 0 0 0.576558 2.98208 0 0 0 0 0 0.0349355 2.384 303 51 2 2 0
./complex_md-fit_51.pdb BC A 6.44876 40.0776 -5.41807 -5.60635 -10.1567 -22.9393 -1.00662 41.0381 -22.8861 7.3527 6.03028 2.57698 0 0 0 0.196494 2.30015 -0.0175931 0 0 0 0 0 2.384 303 53 2 2 0
./complex_md-fit_520.pdb BC A 9.13828 35.4342 -9.66772 -6.41125 -13.2569 -22.828 -1.05305 41.371 -22.3307 3.43167 7.31486 3.79281 0 0 0 0.295353 2.73883 0 0 0 0 0 0.00654074 2.384 303 50 1 1 0
./complex_md-fit_521.pdb BC A 7.84473 31.2345 -9.76729 -7.79126 -13.2631 -22.7742 -1.03333 42.0484 -22.3652 4.56877 7.66903 2.96145 0 0 0 0.213628 3.121 -0.00986044 0 0 0 0 0.0084659 2.384 303 51 0 0 0
./complex_md-fit_522.pdb BC A 7.1211 26.881 -14.1122 -7.85012 -14.0617 -23.3231 -0.752119 40.6472 -23.3126 2.24948 8.08469 4.00736 0 0 0 0.198654 3.91475 0 0 0 0 0 0 2.384 303 51 0 0 0
./complex_md-fit_523.pdb BC A 7.54998 38.4391 -11.7571 -6.40122 -12.1719 -23.2232 -0.980456 40.2227 -23.8102 4.89814 6.30195 3.10975 0 0 0 0.291437 3.84936 -1.11022e-16 0 0 0 0 0.00583503 2.384 303 50 1 1 0
./complex_md-fit_524.pdb BC A 8.60049 32.0459 -9.01392 -6.57664 -14.1389 -23.3626 -1.03709 40.8855 -23.4364 7.44069 6.69544 3.79058 0 0 0 0.712376 3.09032 0 0 0 0 0 0.0129924 2.384 303 49 2 2 0
./complex_md-fit_525.pdb BC A 9.8167 33.4885 -9.60174 -7.84779 -12.4417 -23.5583 -0.733203 42.0497 -23.6079 4.50098 7.7984 3.91721 0 0 0 0.318111 2.90754 1.11022e-16 0 0 0 0 0.00276846 2.384 303 51 0 0 0
./complex_md-fit_526.pdb BC A 8.49176 38.7536 -11.3223 -6.71382 -11.6601 -22.5966 -1.13361 38.3114 -22.8569 5.00901 6.40677 3.42632 0 0 0 0.471158 3.24311 0 0 0 0 0 0.0140283 2.384 303 49 0 0 0
./complex_md-fit_527.pdb BC A 8.62182 20.8462 -8.34279 -6.73812 -10.0922 -22.1582 -1.08639 38.6326 -22.1955 7.03864 5.37718 2.71626 0 0 0 0.16286 2.37314 0 0 0 0 0 0 2.384 303 51 2 2 0
./complex_md-fit_528.pdb BC A 7.24936 26.6275 -11.211 -6.44039 -8.22932 -21.8381 -0.833732 36.2846 -22.2279 3.59918 4.38736 3.84202 0 0 0 0.211761 2.17556 0.0219348 0 0 0 0 0.0115935 2.384 303 48 0 0 0
./complex_md-fit_529.pdb BC A 7.64849 37.5498 -13.6165 -7.36871 -13.1342 -21.4427 -1.01256 36.4687 -21.6044 4.05389 6.90637 3.35275 0 0 0 0.14592 1.97747 0 0 0 0 0 0.0185217 2.384 303 48 1 1 0
./complex_md-fit_52.pdb BC A 7.88732 30.6513 -9.13758 -6.43156 -9.21747 -21.5406 -1.04215 38.1596 -21.2488 3.54497 5.78258 2.25674 0 0 0 0.599049 2.20322 0 0 0 0 0 0 2.384 303 47 0 0 0
./complex_md-fit_530.pdb BC A 8.21046 28.8847 -16.2554 -7.82032 -15.02 -23.6459 -0.982826 40.6754 -23.6365 3.55116 7.22082 3.24216 0 0 0 0.126637 2.5092 0.0222089 0 0 0 0 0.0118784 2.384 303 51 0 0 0
./complex_md-fit_531.pdb BC A 6.30533 30.538 -12.6085 -7.79588 -11.7944 -21.8493 -0.67069 37.257 -22.3136 4.43167 7.19719 2.25601 0 0 0 0.660427 3.76942 0 0 0 0 0 0.0130699 2.384 303 49 2 1 1
./complex_md-fit_532.pdb BC A 8.80844 31.9208 -13.1026 -6.87874 -12.8628 -22.0567 -0.871908 38.6102 -22.2257 2.72052 5.87525 4.42232 0 0 0 0.144499 2.14307 0.0205244 0 0 0 0 0 2.384 303 49 0 0 0
./complex_md-fit_533.pdb BC A 7.76412 36.2838 -10.9613 -7.83112 -10.8877 -21.4352 -0.905945 37.1769 -21.615 3.976 6.92817 3.30781 0 0 0 0.317173 2.5812 2.77556e-17 0 0 0 0 0.00762405 2.384 303 48 0 0 0
./complex_md-fit_534.pdb BC A 7.89372 36.6754 -10.6698 -7.78082 -12.6753 -23.0466 -1.11549 40.409 -22.8569 4.76686 7.09022 4.07262 0 0 0 0.422422 2.603 0.0276631 0 0 0 0 0.016518 2.384 303 51 1 1 0
./complex_md-fit_535.pdb BC A 6.82446 26.862 -7.98166 -8.77566 -11.6051 -22.3332 -0.994891 39.3409 -22.1705 6.85431 7.09098 4.29255 0 0 0 0.26685 2.59316 0.0422922 0 0 0 0 0.00980054 2.384 303 50 1 1 0
./complex_md-fit_536.pdb BC A 6.72347 33.1896 -8.8948 -7.81166 -11.3664 -22.4905 -0.934638 39.2852 -22.6383 4.32883 8.41261 4.02231 0 0 0 0.25441 2.41219 0.024313 0 0 0 0 0.0189597 2.384 303 51 0 0 0
./complex_md-fit_537.pdb BC A 8.48117 36.6343 -13.2827 -6.91407 -11.2929 -22.1218 -0.690833 37.3411 -22.394 4.05038 5.30282 3.02699 0 0 0 0.375829 2.72816 0.0338344 0 0 0 0 0 2.384 303 51 0 0 0
./complex_md-fit_538.pdb BC A 8.28386 30.6315 -5.39412 -5.35861 -9.72487 -23.019 -0.923194 39.7592 -22.8679 7.4159 5.95154 3.06334 0 0 0 0.283119 2.81164 0.011317 0 0 0 0 0.0149669 2.384 303 48 2 2 0
./complex_md-fit_539.pdb BC A 7.19294 36.2144 -15.8428 -8.80919 -13.1949 -23.4227 -1.04574 40.0276 -23.4416 3.19788 6.87185 3.57965 0 0 0 0.394371 2.69152 0 0 0 0 0 0 2.384 303 51 0 0 0
./complex_md-fit_53.pdb BC A 7.14225 32.3465 -5.38969 -7.70136 -9.52809 -21.1895 -1.14644 37.5157 -20.6448 7.28807 7.25857 2.6357 0 0 0 0.11837 1.89547 0 0 0 0 0 0.00412795 2.384 303 48 2 2 0
./complex_md-fit_540.pdb BC A 7.45757 41.1777 -11.6212 -8.74298 -11.5409 -21.4301 -0.943965 37.5784 -21.0246 2.84892 6.90652 4.25584 0 0 0 0.437227 2.42222 0.0213613 0 0 0 0 0.0132077 2.384 303 51 0 0 0
./complex_md-fit_541.pdb BC A 8.59204 28.0493 -21.9192 -10.8323 -20.5611 -24.1646 -1.40208 41.8884 -23.6723 2.15541 9.68822 4.57194 0 0 0 0.398492 2.40692 -5.55112e-17 0 0 0 0 0.0107044 2.384 303 50 0 0 0
./complex_md-fit_542.pdb BC A 7.09306 29.2505 -12.8539 -10.2337 -16.4896 -24.0983 -1.14615 43.5438 -23.3559 5.52929 10.166 2.90324 0 0 0 0.327456 2.94182 -6.93889e-18 0 0 0 0 0 2.384 303 50 2 2 0
./complex_md-fit_543.pdb BC A 8.50089 35.9038 -8.19902 -8.7999 -10.5168 -23.5704 -0.950339 42.4809 -23.208 5.31753 7.03327 3.22636 0 0 0 0.788333 3.08957 1.11022e-16 0 0 0 0 0 2.384 303 52 2 2 0
./complex_md-fit_544.pdb BC A 7.27232 29.5966 -19.7041 -10.9103 -17.0872 -22.8188 -1.0382 40.1662 -22.2463 2.65296 7.70595 3.65807 0 0 0 0.234897 2.76867 -0.0280238 0 0 0 0 0.00663977 2.384 303 49 0 0 0
./complex_md-fit_545.pdb BC A 6.57237 32.89 -12.2279 -8.48629 -12.1253 -23.6784 -0.977804 41.343 -23.8013 4.41858 6.40916 4.13976 0 0 0 0.517398 3.70796 0 0 0 0 0 0.0133168 2.384 303 49 0 0 0
./complex_md-fit_546.pdb BC A 6.01561 34.3252 -7.60821 -8.40077 -10.6638 -21.4202 -0.983521 37.8692 -21.4466 4.66578 7.42241 4.25024 0 0 0 1.06417 2.27435 0.0235324 0 0 0 0 0.0114166 2.384 303 49 1 1 0
./complex_md-fit_547.pdb BC A 7.11094 28.1977 -9.44457 -8.86918 -10.1027 -22.7569 -0.947892 39.265 -22.2248 5.81713 6.80844 3.25849 0 0 0 0.27499 3.07256 0.0270996 0 0 0 0 0.00576998 2.384 303 49 0 0 0
./complex_md-fit_548.pdb BC A 6.61586 31.1396 -14.3156 -8.80838 -14.8375 -23.3073 -1.22876 40.3921 -22.5613 5.35691 6.93036 3.44986 0 0 0 0.282869 3.09682 -5.55112e-17 0 0 0 0 0.0155727 2.384 303 49 2 2 0
./complex_md-fit_549.pdb BC A 8.10264 36.4123 -12.8686 -6.57023 -14.509 -23.1205 -0.880135 40.3517 -22.6632 4.64007 6.68979 2.89194 0 0 0 0.269286 2.69365 0.0207734 0 0 0 0 0.010864 2.384 303 50 1 1 0
./complex_md-fit_54.pdb BC A 6.77692 31.6222 -11.9341 -7.92325 -11.4778 -22.0488 -0.876587 38.2296 -21.6993 3.81501 7.28686 2.51587 0 0 0 0.244354 2.31779 -5.55112e-17 0 0 0 0 0 2.384 303 51 0 0 0
./complex_md-fit_550.pdb BC A 9.27333 32.3044 -8.50214 -5.14726 -8.55713 -21.2735 -0.761013 35.8155 -21.7255 4.24775 4.87951 3.82445 0 0 0 0.146668 2.20806 0.0415346 0 0 0 0 0.00684803 2.384 303 46 1 1 0
./complex_md-fit_551.pdb BC A 7.80379 29.3656 -8.9675 -5.72809 -9.22452 -22.0328 -0.918852 38.9678 -21.9388 5.22133 3.25425 3.26175 0 0 0 0.1888 2.9609 -0.0313539 0 0 0 0 0.0129221 2.384 303 49 1 1 0
./complex_md-fit_552.pdb BC A 7.906 33.6119 -7.45799 -5.77001 -10.1994 -22.6163 -1.03888 40.3286 -22.8489 5.02003 6.39249 2.97611 0 0 0 0.253458 2.41484 0.0209997 0 0 0 0 0.0238034 2.384 303 50 0 0 0
./complex_md-fit_553.pdb BC A 8.39245 34.3114 -13.1559 -6.12491 -10.1008 -22.032 -0.764437 37.3103 -22.6832 3.90976 5.02476 2.18142 0 0 0 0.123325 3.57639 0 0 0 0 0 0 2.384 303 50 0 0 0
./complex_md-fit_554.pdb BC A 6.77275 32.9395 -15.8613 -8.4225 -14.388 -23.2757 -1.00865 40.2114 -23.2224 3.45594 7.48575 2.84911 0 0 0 0.448333 3.80681 0 0 0 0 0 0.00544027 2.384 303 50 1 1 0
./complex_md-fit_555.pdb BC A 8.34325 38.9081 -17.6328 -8.5029 -13.5639 -23.3927 -1.06337 39.5956 -23.6644 2.54578 7.26649 2.96441 0 0 0 0.182205 3.36899 0 0 0 0 0 0 2.384 303 50 0 0 0
./complex_md-fit_556.pdb BC A 8.35831 34.468 -12.6631 -8.17293 -9.58954 -22.4871 -0.804309 36.4369 -23.3068 5.29166 6.04331 3.65231 0 0 0 0.288633 2.99003 -0.022801 0 0 0 0 0.00747938 2.384 303 46 1 1 0
./complex_md-fit_557.pdb BC A 6.90578 28.4026 -17.7516 -8.03154 -13.162 -22.8098 -0.951214 37.995 -23.3813 2.30613 6.84113 3.12052 0 0 0 0.279033 3.37498 0.0223142 0 0 0 0 0.0200708 2.384 303 50 0 0 0
./complex_md-fit_558.pdb BC A 8.49552 29.1248 -11.8189 -6.18979 -12.3347 -24.0317 -0.893595 41.7178 -23.8638 3.28137 7.47905 2.91255 0 0 0 0.103871 2.79449 0 0 0 0 0 0 2.384 303 51 0 0 0
./complex_md-fit_559.pdb BC A 7.07217 27.8442 -9.87561 -7.20549 -11.3885 -21.6282 -0.862409 37.1941 -21.7233 4.92332 7.08843 3.47983 0 0 0 0.246568 1.69855 0 0 0 0 0 0 2.384 303 47 2 2 0
./complex_md-fit_55.pdb BC A 8.09409 32.397 -10.4904 -8.38049 -11.8841 -21.5377 -0.951513 37.6801 -21.2465 5.0923 6.80993 3.8125 0 0 0 0.115029 1.96859 0 0 0 0 0 0 2.384 303 51 0 0 0
./complex_md-fit_560.pdb BC A 7.39897 31.294 -11.7726 -6.58746 -10.8883 -21.8231 -0.912546 36.2588 -22.2251 5.17233 5.64982 3.39528 0 0 0 0.161178 3.053 0.0218289 0 0 0 0 0.00474739 2.384 303 47 0 0 0
./complex_md-fit_561.pdb BC A 5.68375 30.4867 -19.3699 -7.02496 -14.9736 -22.5056 -1.08763 36.6992 -22.509 1.3928 7.24624 3.01219 0 0 0 0.35099 2.36034 0.0230009 0 0 0 0 0.00649029 2.384 303 49 0 0 0
./complex_md-fit_562.pdb BC A 11.9805 30.2756 -10.249 -7.10857 -11.4869 -21.8468 -0.942934 37.7286 -22.1653 4.92653 7.82045 2.69072 0 0 0 0.14589 2.1773 -0.0106731 0 0 0 0 0 2.384 303 47 2 2 0
./complex_md-fit_563.pdb BC A 11.0785 27.0887 -12.1234 -6.53504 -11.7595 -21.8861 -0.940771 36.587 -22.1353 5.38197 6.08437 2.88015 0 0 0 0.154397 2.34982 0.0256233 0 0 0 0 0.0197236 2.384 303 49 0 0 0
./complex_md-fit_564.pdb BC A 6.97961 35.1244 -16.5007 -4.88415 -12.7312 -20.8743 -0.998959 34.279 -20.974 2.51532 4.69621 2.10568 0 0 0 0.351679 2.12287 0 0 0 0 0 0.0138103 2.384 303 48 0 0 0
./complex_md-fit_565.pdb BC A 9.80442 40.3169 -3.85128 -6.54349 -9.56615 -22.9503 -0.795676 41.6442 -23.1639 6.02595 7.02328 3.6987 0 0 0 0.747342 2.72669 0.0220147 0 0 0 0 0.00676823 2.384 303 46 0 0 0
./complex_md-fit_566.pdb BC A 7.77608 38.1944 -9.722 -9.75129 -12.1621 -23.4046 -0.928192 43.2994 -23.0488 5.1259 6.47899 3.5234 0 0 0 1.1043 2.53978 0.0237149 0 0 0 0 0.0172908 2.384 303 48 1 1 0
./complex_md-fit_567.pdb BC A 6.83411 34.3121 -7.73488 -6.27028 -10.3547 -23.3297 -0.82359 41.6895 -23.5764 5.01883 6.42467 2.98064 0 0 0 0.502361 2.76084 0.0037198 0 0 0 0 0 2.384 303 46 2 2 0
./complex_md-fit_568.pdb BC A 6.19679 33.7581 -13.6986 -6.40576 -13.1805 -21.8185 -0.645386 37.9561 -21.7333 3.08615 6.51898 2.15258 0 0 0 0.344693 2.08686 0 0 0 0 0 0.026358 2.384 303 48 0 0 0
./complex_md-fit_569.pdb BC A 6.4115 31.1585 -16.0076 -7.32161 -13.9968 -22.5025 -0.954905 38.4879 -21.9366 2.96961 6.12185 2.73681 0 0 0 0.330774 2.64021 0.0266261 0 0 0 0 0.0312867 2.384 303 50 2 2 0
./complex_md-fit_56.pdb BC A 11.562 25.7289 -8.26554 -6.03824 -10.489 -21.8542 -1.04682 39.0898 -21.3681 4.04696 7.00181 1.74075 0 0 0 0.637599 2.7895 0 0 0 0 0 0.0139438 2.384 303 50 0 0 0
./complex_md-fit_570.pdb BC A 7.86728 27.6668 -14.3386 -7.57914 -15.8353 -22.0531 -1.16113 38.9099 -21.6412 5.68455 6.49573 2.55559 0 0 0 0.282068 3.37185 -5.55112e-17 0 0 0 0 0.00338406 2.384 303 50 0 0 0
./complex_md-fit_571.pdb BC A 9.46428 30.1191 -11.3544 -8.68247 -10.3814 -21.4654 -0.79948 36.4748 -21.2707 3.88759 6.22928 3.92872 0 0 0 0.694231 2.38468 0.0272978 0 0 0 0 0.00315143 2.384 303 50 1 1 0
./complex_md-fit_572.pdb BC A 6.81985 29.4224 -12.5132 -8.43078 -14.4049 -23.1111 -0.842876 41.0732 -22.7846 5.09596 7.25249 3.1922 0 0 0 0.37262 3.59238 0.0676149 0 0 0 0 0.00704432 2.384 303 52 1 1 0
./complex_md-fit_573.pdb BC A 6.2192 28.6456 -10.3681 -9.19849 -11.4714 -23.0218 -0.930356 41.3783 -22.6881 3.48393 7.48521 4.24052 0 0 0 0.342839 2.69311 0 0 0 0 0 0.0113553 2.384 303 50 0 0 0
./complex_md-fit_574.pdb BC A 6.14959 37.2507 -13.8481 -8.48804 -13.5968 -22.6445 -0.990673 38.9459 -22.7157 3.10588 8.5121 3.81288 0 0 0 0.205018 2.40014 0 0 0 0 0 0.00580859 2.384 303 50 0 0 0
./complex_md-fit_575.pdb BC A 6.21099 30.182 -16.4973 -9.03732 -13.2806 -22.079 -0.787446 37.4209 -21.9949 2.14337 6.92645 3.89657 0 0 0 0.29478 2.03358 0 0 0 0 0 0 2.384 303 48 0 0 0
./complex_md-fit_576.pdb BC A 7.97581 31.3552 -11.0764 -7.16423 -13.9902 -21.5233 -1.11925 37.8908 -21.6564 5.28087 8.06308 2.79796 0 0 0 0.339591 2.12151 -0.00210898 0 0 0 0 0.00673804 2.384 303 49 0 0 0
./complex_md-fit_577.pdb BC A 7.63848 31.0586 -17.4135 -8.52718 -11.8184 -21.4083 -0.939581 35.3296 -21.7718 2.01218 6.56359 2.89894 0 0 0 0.227475 1.68933 0.0199761 0 0 0 0 0 2.384 303 50 0 0 0
./complex_md-fit_578.pdb BC A 7.86119 26.406 -14.1559 -7.51625 -13.3739 -22.6252 -0.895745 37.0081 -23.0958 4.41231 7.93322 3.27379 0 0 0 0.696752 2.49742 1.38778e-17 0 0 0 0 0.0268698 2.384 303 49 1 1 0
./complex_md-fit_579.pdb BC A 8.78798 34.9591 -7.57174 -6.11114 -11.1711 -22.9787 -1.00324 40.636 -22.8568 5.11096 6.47718 3.84926 0 0 0 0.453602 2.36293 0.0206617 0 0 0 0 0.00157974 2.384 303 50 0 0 0
./complex_md-fit_57.pdb BC A 8.29736 25.4474 -12.9225 -8.69232 -13.4373 -22.749 -1.01991 39.6633 -22.018 4.41516 8.33431 2.41571 0 0 0 0.162477 2.39496 0 0 0 0 0 0.00304214 2.384 303 49 2 2 0
./complex_md-fit_580.pdb BC A 9.71648 38.026 -14.1767 -7.61432 -13.7138 -23.7796 -1.11699 40.6093 -23.4691 4.55464 6.58923 3.22669 0 0 0 0.537296 2.36509 0 0 0 0 0 0 2.384 303 50 1 1 0
./complex_md-fit_581.pdb BC A 7.04462 31.4476 -13.6973 -6.99461 -15.3162 -24.3332 -1.23629 42.1583 -24.3857 3.59697 9.27806 3.2163 0 0 0 0.304847 4.28984 -1.11022e-16 0 0 0 0 0.0141887 2.384 303 51 0 0 0
./complex_md-fit_582.pdb BC A 7.70178 30.5361 -9.92148 -7.8698 -10.4156 -24.4507 -1.15391 42.4762 -24.2721 3.78906 7.79106 3.47371 0 0 0 0.634403 2.52595 0.0618278 0 0 0 0 0.0143069 2.384 303 51 0 0 0
./complex_md-fit_583.pdb BC A 9.06932 39.6841 -14.4179 -8.33177 -13.5257 -24.3121 -0.870227 41.7631 -24.2003 4.2246 7.00831 3.57131 0 0 0 0.164981 3.49011 0.0832765 0 0 0 0 0.00662912 2.384 303 51 1 1 0
./complex_md-fit_584.pdb BC A 8.36958 33.294 -18.5265 -7.94464 -13.2679 -24.5862 -1.05652 41.778 -25.1185 2.44058 5.4588 3.59329 0 0 0 0.169885 4.70135 -1.11022e-16 0 0 0 0 0.0066802 2.384 303 49 0 0 0
./complex_md-fit_585.pdb BC A 7.39971 34.4115 -15.9447 -8.24245 -14.8964 -23.5631 -1.13188 39.7365 -23.68 4.14931 8.1206 3.1153 0 0 0 0.433364 3.83155 0 0 0 0 0 0.0140655 2.384 303 50 0 0 0
./complex_md-fit_586.pdb BC A 9.1425 32.5761 -3.15647 -5.02416 -8.91183 -22.5108 -1.00967 42.3312 -21.9716 3.78362 6.38533 3.44984 0 0 0 0.281601 2.93347 0.0399849 0 0 0 0 0 2.384 303 50 0 0 0
./complex_md-fit_587.pdb BC A 5.99506 38.746 -7.08702 -8.85792 -9.93421 -23.9618 -0.8961 42.7321 -23.936 6.00632 7.45066 4.07697 0 0 0 0.199276 2.72277 0.0336325 0 0 0 0 0 2.384 303 50 1 1 0
./complex_md-fit_588.pdb BC A 7.87963 33.3384 -8.11068 -6.29875 -10.6555 -24.2214 -1.01337 42.129 -24.2812 5.98363 6.72163 2.98756 0 0 0 0.537661 3.63071 0 0 0 0 0 0 2.384 303 51 1 1 0
./complex_md-fit_589.pdb BC A 9.19397 38.7472 -11.3571 -7.22802 -11.0672 -22.8008 -1.10338 39.9001 -22.7133 4.37747 6.27 2.51526 0 0 0 0.414923 2.12446 0.062146 0 0 0 0 0.015742 2.384 303 52 1 1 0
./complex_md-fit_58.pdb BC A 8.97557 33.8682 -3.86118 -4.83558 -9.87841 -21.4294 -0.925626 38.6645 -20.498 4.05827 6.28224 4.00214 0 0 0 0.698657 2.37676 1.11022e-16 0 0 0 0 0 2.384 303 48 0 0 0
./complex_md-fit_590.pdb BC A 7.36721 26.0674 -9.94223 -6.0635 -11.742 -23.103 -0.993485 39.2429 -23.2687 6.68614 5.30278 3.58885 0 0 0 0.379771 3.32963 0.0280085 0 0 0 0 0 2.384 303 50 0 0 0
./complex_md-fit_591.pdb BC A 8.41764 35.296 -14.7942 -7.58343 -14.8136 -24.9852 -1.30162 43.6512 -25.1355 4.34748 7.24307 3.19332 0 0 0 0.569749 2.99357 0.0203071 0 0 0 0 0 2.384 303 51 0 0 0
./complex_md-fit_592.pdb BC A 8.08425 31.7185 -10.8622 -9.42424 -11.6718 -24.0199 -1.04262 41.8321 -23.7801 4.57969 7.74241 4.62773 0 0 0 0.222563 2.47912 0.0720511 0 0 0 0 0 2.384 303 52 1 1 0
./complex_md-fit_593.pdb BC A 7.32788 30.4688 -9.56334 -8.38129 -12.0727 -24.2789 -0.906899 42.6546 -24.2752 5.80282 7.70681 3.74266 0 0 0 0.444728 3.97571 0 0 0 0 0 0 2.384 303 50 0 0 0
./complex_md-fit_594.pdb BC A 6.92124 31.6077 -13.6531 -9.29996 -14.2584 -23.9758 -0.957925 40.8493 -24.1927 6.04529 8.11571 3.67944 0 0 0 0.318345 2.86037 0.0235593 0 0 0 0 0 2.384 303 50 1 1 0
./complex_md-fit_595.pdb BC A 6.3598 33.5894 -11.4516 -8.49901 -12.6043 -24.1503 -1.05612 42.9996 -23.7227 4.2166 7.07239 4.0673 0 0 0 0.201977 2.75064 0.0229485 0 0 0 0 0 2.384 303 50 2 2 0
./complex_md-fit_596.pdb BC A 10.8031 32.1112 -14.9204 -9.2894 -13.7779 -23.4226 -0.989343 40.0325 -23.2676 4.31915 8.22388 3.14186 0 0 0 0.0849224 2.6238 0.0214437 0 0 0 0 0.00264795 2.384 303 49 0 0 0
./complex_md-fit_597.pdb BC A 9.0336 29.4019 -15.1351 -8.01568 -13.5351 -23.7678 -1.06978 40.4292 -23.9205 3.70678 7.26265 3.39023 0 0 0 0.362356 2.56263 0.0226773 0 0 0 0 0 2.384 303 51 0 0 0
./complex_md-fit_598.pdb BC A 8.99632 29.9286 -17.3365 -8.32224 -16.1922 -24.7025 -1.24349 42.8382 -24.696 5.05897 6.89752 2.72486 0 0 0 0.253766 2.78331 0.046586 0 0 0 0 0 2.384 303 54 0 0 0
./complex_md-fit_599.pdb BC A 9.19812 34.3583 -10.0124 -7.41943 -12.2719 -23.936 -1.02154 42.3206 -23.4161 5.62401 6.20725 3.27667 0 0 0 0.540936 4.17617 0.0830371 0 0 0 0 0 2.384 303 50 2 2 0
./complex_md-fit_59.pdb BC A 8.55959 42.5649 -13.0015 -7.5801 -10.7609 -22.0989 -0.817844 37.136 -21.7081 3.01698 6.16762 2.9466 0 0 0 0.697093 2.22055 0 0 0 0 0 0 2.384 303 46 0 0 0
./complex_md-fit_5.pdb BC A 7.61523 39.4866 -14.363 -6.9864 -12.0412 -22.7551 -0.751807 37.4358 -23.1626 3.62871 6.85231 3.08927 0 0 0 0.350527 2.08994 -0.0224159 0 0 0 0 0 2.384 303 53 0 0 0
./complex_md-fit_600.pdb BC A 6.8817 36.306 -10.64 -7.90835 -11.4764 -23.302 -1.1232 41.6935 -23.446 5.26713 6.70874 2.66774 0 0 0 0.275042 2.63856 0 0 0 0 0 0.00385189 2.384 303 51 0 0 0
./complex_md-fit_601.pdb BC A 7.51421 37.9098 -15.4423 -7.22882 -15.6499 -24.2637 -1.24583 41.4695 -24.0872 5.11012 6.68043 3.05489 0 0 0 0.653686 3.77606 0.0575723 0 0 0 0 0.00687169 2.384 303 51 2 2 0
./complex_md-fit_602.pdb BC A 10.4157 37.0025 -7.74745 -7.70655 -11.4593 -23.0373 -1.05041 39.4396 -23.0571 9.51567 6.81191 2.42886 0 0 0 0.32321 2.57285 0.0438689 0 0 0 0 0 2.384 303 50 2 2 0
./complex_md-fit_603.pdb BC A 7.90187 26.8597 -9.92102 -5.78327 -11.0129 -22.0297 -1.03487 37.2941 -22.0371 6.16608 4.99099 3.23203 0 0 0 0.287962 2.2646 -1.11022e-16 0 0 0 0 0.00569318 2.384 303 48 2 2 0
./complex_md-fit_604.pdb BC A 6.24866 33.4191 -3.55242 -5.99637 -7.86758 -21.9201 -0.987385 38.9757 -22.0889 6.11973 7.01876 3.03076 0 0 0 0.118536 2.09124 0.0444632 0 0 0 0 0 2.384 303 49 2 2 0
./complex_md-fit_605.pdb BC A 6.47289 32.9254 -12.5377 -5.62177 -12.5132 -22.5236 -1.05459 37.4143 -22.8632 4.7967 6.6594 3.06761 0 0 0 0.100638 2.26535 0 0 0 0 0 0 2.384 303 50 0 0 0
./complex_md-fit_606.pdb BC A 6.07646 29.7075 -12.1008 -7.71296 -14.5858 -21.9199 -1.16234 38.8115 -21.4947 4.30526 7.39601 3.82579 0 0 0 0.370093 2.05974 0.0662072 0 0 0 0 0 2.384 303 47 2 2 0
./complex_md-fit_607.pdb BC A 8.08689 32.7811 -8.82244 -4.50374 -13.3382 -21.5411 -1.09685 39.2806 -21.1448 3.27694 5.59061 4.17015 0 0 0 0.48169 3.59882 0 0 0 0 0 0.00232309 2.384 303 50 0 0 0
./complex_md-fit_608.pdb BC A 6.26778 33.0699 -12.1641 -5.75817 -13.5632 -20.6161 -1.05234 35.7529 -20.1979 4.17234 5.88051 2.95409 0 0 0 0.204807 2.20426 0.0437506 0 0 0 0 0.0151687 2.384 303 46 0 0 0
./complex_md-fit_609.pdb BC A 7.61161 27.6787 -11.5635 -8.31345 -10.8143 -23.2077 -1.06774 40.0322 -23.8319 5.07896 7.71341 2.69865 0 0 0 0.148243 3.47776 -1.11022e-16 0 0 0 0 0 2.384 303 52 2 2 0
./complex_md-fit_60.pdb BC A 7.08933 33.5197 -11.3348 -9.23869 -12.7012 -22.1305 -0.910061 38.3455 -21.1902 2.53035 8.37561 4.78186 0 0 0 0.802537 2.22511 -5.55112e-17 0 0 0 0 0 2.384 303 48 0 0 0
./complex_md-fit_610.pdb BC A 6.08424 26.1655 -11.4206 -8.21919 -14.0635 -21.6726 -1.00786 37.5366 -21.3967 5.18298 7.254 4.52607 0 0 0 0.365781 2.95772 0.0622959 0 0 0 0 0.011572 2.384 303 50 1 1 0
./complex_md-fit_611.pdb BC A 9.18163 32.4951 -11.902 -8.46589 -12.0919 -23.5804 -1.03466 42.2878 -23.5102 5.34098 6.62521 2.0416 0 0 0 0.403547 3.55715 0.0819999 0 0 0 0 0 2.384 303 50 1 1 0
./complex_md-fit_612.pdb BC A 10.0121 37.0987 -10.9116 -8.04659 -14.3509 -22.9939 -1.10151 41.1522 -22.9509 5.20565 9.20313 2.64107 0 0 0 0.279732 2.67874 0.0504816 0 0 0 0 0 2.384 303 50 2 2 0
./complex_md-fit_613.pdb BC A 7.93069 41.8973 -13.8337 -9.48836 -14.3422 -23.9605 -1.27684 41.1041 -23.9933 6.46817 7.27425 4.02354 0 0 0 0.32918 2.78176 0.021861 0 0 0 0 0.00645362 2.384 303 53 3 3 0
./complex_md-fit_614.pdb BC A 8.04789 35.8596 -2.58937 -6.48846 -7.78518 -22.8756 -0.932269 40.1282 -22.7544 6.64945 7.48619 3.67622 0 0 0 0.303156 2.88069 0 0 0 0 0 0.00336087 2.384 303 52 1 1 0
./complex_md-fit_615.pdb BC A 7.87007 31.8675 -6.51608 -5.84975 -6.15316 -21.0393 -0.901135 35.5353 -21.2285 4.20531 5.55724 2.89383 0 0 0 0.464108 2.25876 0 0 0 0 0 0 2.384 303 47 1 1 0
./complex_md-fit_616.pdb BC A 6.78636 28.6475 -16.523 -8.65489 -14.6608 -23.6869 -1.00551 40.903 -23.8013 3.16164 6.81366 3.92788 0 0 0 0.480299 2.59287 0 0 0 0 0 0 2.384 303 49 0 0 0
./complex_md-fit_617.pdb BC A 7.35473 30.476 -10.6942 -7.603 -11.7626 -23.3825 -0.966933 40.5138 -23.3905 5.57077 7.17292 3.04506 0 0 0 0.108792 3.28064 0 0 0 0 0 0 2.384 303 50 1 1 0
./complex_md-fit_618.pdb BC A 7.15086 35.0105 -15.9608 -9.68586 -15.7727 -23.1792 -0.979157 40.2906 -22.4257 4.64544 7.85764 2.75623 0 0 0 0.503917 2.66866 0.0280375 0 0 0 0 0 2.384 303 53 1 1 0
./complex_md-fit_619.pdb BC A 8.43684 31.5575 -17.3873 -8.8919 -12.9831 -24.0275 -0.993954 41.8488 -23.9538 2.17715 5.71748 2.96995 0 0 0 0.744684 2.73602 0 0 0 0 0 0.00504615 2.384 303 50 0 0 0
./complex_md-fit_61.pdb BC A 8.32654 40.6987 -17.7427 -9.85532 -15.2618 -22.4271 -1.06667 37.5492 -22.4058 3.92966 8.06027 3.44847 0 0 0 0.286429 2.05993 0 0 0 0 0 0 2.384 303 47 2 2 0
./complex_md-fit_620.pdb BC A 8.47295 29.4452 -8.94483 -5.36523 -11.6494 -23.3345 -1.06942 40.4723 -23.7565 7.08697 5.18315 3.20679 0 0 0 0.262096 2.44962 0 0 0 0 0 0.0189843 2.384 303 51 0 0 0
./complex_md-fit_621.pdb BC A 9.83312 31.854 -7.23467 -7.64136 -12.3716 -22.7841 -1.02999 40.5004 -22.4751 7.58012 7.156 3.61871 0 0 0 0.203876 2.33072 1.11022e-16 0 0 0 0 0.00841049 2.384 303 51 2 2 0
./complex_md-fit_622.pdb BC A 11.5192 29.3407 -7.88265 -8.30801 -8.31333 -23.3803 -0.9959 39.7366 -23.7335 7.45882 5.93107 3.48079 0 0 0 0.241162 2.45131 2.77556e-17 0 0 0 0 0 2.384 303 51 2 2 0
./complex_md-fit_623.pdb BC A 6.61991 27.1214 -9.88061 -6.69039 -10.4386 -22.5085 -0.899588 39.9376 -21.775 3.96819 5.61566 2.70176 0 0 0 0.188495 3.46271 0.0198326 0 0 0 0 0 2.384 303 47 0 0 0
./complex_md-fit_624.pdb BC A 7.41475 30.6315 -11.5684 -7.38409 -11.5382 -23.3969 -1.05038 40.1853 -23.3363 4.82698 7.88392 2.07621 0 0 0 0.104529 3.43734 0.0604502 0 0 0 0 0 2.384 303 54 0 0 0
./complex_md-fit_625.pdb BC A 6.82371 36.3293 -11.2133 -6.25769 -12.924 -23.3533 -0.753845 39.6908 -23.853 4.04971 7.92137 3.58422 0 0 0 0.674766 3.4369 1.11022e-16 0 0 0 0 0.00758448 2.384 303 50 0 0 0
./complex_md-fit_626.pdb BC A 8.49994 38.3144 -14.0289 -10.9042 -12.7155 -23.9955 -1.09772 42.7171 -23.7023 4.55335 7.04471 3.63635 0 0 0 0.434813 2.69709 0 0 0 0 0 0 2.384 303 53 2 2 0
./complex_md-fit_627.pdb BC A 6.67043 35.372 -12.4519 -8.30892 -11.7564 -23.2783 -0.902441 40.6164 -23.2538 4.28503 6.21412 3.39096 0 0 0 0.516476 2.42799 0.0249756 0 0 0 0 0 2.384 303 52 1 1 0
./complex_md-fit_628.pdb BC A 7.76233 33.6194 -11.6942 -9.17235 -10.2314 -22.1601 -1.03252 37.8693 -22.3163 3.71852 6.9091 4.16855 0 0 0 0.545119 2.41332 0 0 0 0 0 0.00788512 2.384 303 50 0 0 0
./complex_md-fit_629.pdb BC A 9.77458 32.2411 -6.99691 -8.02363 -11.3396 -22.867 -1.04205 39.3489 -22.8384 7.7066 6.46143 5.0209 0 0 0 0.553126 2.66532 0.0228127 0 0 0 0 0 2.384 303 49 3 3 0
./complex_md-fit_62.pdb BC A 7.88484 25.5529 -10.1931 -9.51492 -11.6159 -21.7426 -0.992556 39.3009 -21.1255 3.91087 8.40513 3.05798 0 0 0 0.117329 1.78909 5.55112e-17 0 0 0 0 0.00618004 2.384 303 52 1 1 0
./complex_md-fit_630.pdb BC A 8.46111 32.9057 -9.79282 -7.79776 -12.5904 -23.6406 -0.948737 41.7658 -23.722 5.95858 7.0506 3.85371 0 0 0 0.269473 3.59364 0.00431918 0 0 0 0 0.00416204 2.384 303 50 1 1 0
./complex_md-fit_631.pdb BC A 7.69416 36.8514 -14.6069 -6.29543 -13.6018 -21.644 -1.08337 36.7959 -21.6871 4.90883 4.56759 3.31337 0 0 0 0.140456 2.83324 -0.02909 0 0 0 0 0.00775034 2.384 303 49 2 2 0
./complex_md-fit_632.pdb BC A 8.89934 37.7921 -12.9468 -8.20869 -12.5693 -21.7247 -0.955646 35.8482 -22.0788 7.40558 6.19138 2.92019 0 0 0 0.225035 2.73437 0 0 0 0 0 0 2.384 303 48 3 3 0
./complex_md-fit_633.pdb BC A 5.59167 33.285 -2.27009 -6.66373 -8.37866 -22.9434 -1.01688 40.8075 -23.0316 7.93178 6.68178 4.0937 0 0 0 0.249461 2.94373 0 0 0 0 0 0 2.384 303 50 3 3 0
./complex_md-fit_634.pdb BC A 10.6766 26.8783 -14.0545 -8.68483 -10.4785 -21.249 -0.96062 35.4826 -21.7433 4.25567 6.26908 2.87056 0 0 0 0.162297 2.04879 0.0214278 0 0 0 0 0 2.384 303 44 2 2 0
./complex_md-fit_635.pdb BC A 7.08519 33.7071 -7.97364 -6.2743 -12.3465 -22.3344 -0.991683 39.2774 -22.2693 6.24448 8.00116 2.18299 0 0 0 0.536481 2.74731 2.77556e-17 0 0 0 0 0 2.384 303 48 1 1 0
./complex_md-fit_636.pdb BC A 6.53186 28.1337 -11.4645 -9.07893 -12.2683 -23.2422 -0.926669 40.0029 -23.6756 6.28911 7.2201 3.89474 0 0 0 0.29818 2.83855 0.0205317 0 0 0 0 0.00159341 2.384 303 51 1 1 0
./complex_md-fit_637.pdb BC A 8.94591 33.8539 -11.4048 -6.25494 -12.5099 -22.1736 -0.775831 38.6139 -22.8796 3.43735 7.81669 3.06082 0 0 0 0.260417 2.65708 0 0 0 0 0 0 2.384 303 49 0 0 0
./complex_md-fit_638.pdb BC A 6.92332 28.962 -11.2656 -6.19371 -12.4632 -22.9823 -1.05291 40.316 -23.384 4.46732 7.07423 2.54018 0 0 0 0.377336 2.72428 0.0189584 0 0 0 0 0.016616 2.384 303 49 1 1 0
./complex_md-fit_639.pdb BC A 7.66263 27.6715 -14.33 -7.06612 -13.99 -23.0894 -0.88518 39.5224 -23.3819 2.69501 7.70267 3.77946 0 0 0 0.353297 3.68498 0.0110367 0 0 0 0 0.0186985 2.384 303 48 0 0 0
./complex_md-fit_63.pdb BC A 6.58029 30.1925 -8.69688 -7.62903 -11.4705 -21.7946 -0.96152 38.1784 -21.2709 3.9197 8.8848 3.29491 0 0 0 0.146864 2.17232 0 0 0 0 0 0.00486512 2.384 303 49 0 0 0
./complex_md-fit_640.pdb BC A 7.20865 36.5154 -15.1475 -8.02047 -11.2737 -22.2456 -0.907658 37.144 -22.3526 1.93881 7.2504 3.21965 0 0 0 0.0677861 2.30919 0.0318357 0 0 0 0 0 2.384 303 47 0 0 0
./complex_md-fit_641.pdb BC A 7.96518 34.487 -9.43264 -7.23978 -10.1482 -23.1137 -1.10765 39.0702 -23.3306 6.90669 6.09403 3.15199 0 0 0 0.256974 2.86913 0.0198025 0 0 0 0 0.0075154 2.384 303 47 2 2 0
./complex_md-fit_642.pdb BC A 7.55805 28.9543 -11.9668 -5.9123 -11.9369 -22.2014 -1.01375 37.3395 -22.0095 3.94432 5.67537 3.83636 0 0 0 0.30529 2.577 5.55112e-17 0 0 0 0 0.00612013 2.384 303 46 0 0 0
./complex_md-fit_643.pdb BC A 6.35166 41.6979 -7.7798 -4.68919 -11.3864 -22.6901 -1.14864 40.4618 -22.3808 5.54993 5.76871 2.52593 0 0 0 0.219787 3.21222 -0.0107668 0 0 0 0 0 2.384 303 48 2 2 0
./complex_md-fit_644.pdb BC A 8.38765 35.7528 -10.7798 -6.84605 -9.20635 -21.7004 -0.910007 36.0617 -22.4393 4.5678 6.33467 2.93473 0 0 0 0.393845 1.96394 0 0 0 0 0 0.0295545 2.384 303 48 0 0 0
./complex_md-fit_645.pdb BC A 6.02926 35.219 -12.3848 -8.50482 -11.6853 -22.3641 -1.08765 37.2607 -22.8183 6.22114 7.47646 2.89963 0 0 0 0.217481 2.04598 0 0 0 0 0 0 2.384 303 51 1 1 0
./complex_md-fit_646.pdb BC A 8.53961 25.1586 -13.965 -9.70754 -12.5079 -23.2606 -1.06871 40.1182 -23.264 6.44323 6.69857 2.35354 0 0 0 0.211137 2.64515 0 0 0 0 0 0.0190821 2.384 303 50 1 1 0
./complex_md-fit_647.pdb BC A 8.53182 35.0252 -16.9223 -9.78821 -14.3729 -21.1707 -1.18793 35.1449 -21.3681 4.66164 7.29527 3.44771 0 0 0 0.396929 1.92043 0.0190876 0 0 0 0 0 2.384 303 50 2 2 0
./complex_md-fit_648.pdb BC A 8.06899 30.9154 -17.2086 -8.61179 -12.4364 -21.9207 -0.952065 35.631 -22.7315 3.12908 7.50951 3.01989 0 0 0 0.154301 2.21194 0 0 0 0 0 0 2.384 303 49 0 0 0
./complex_md-fit_649.pdb BC A 9.04765 40.4197 -11.5132 -6.79892 -12.3108 -21.7604 -0.960488 38.3801 -22.2603 5.3599 6.75562 2.04662 0 0 0 0.0353044 3.10579 0 0 0 0 0 0 2.384 303 50 0 0 0
./complex_md-fit_64.pdb BC A 6.42877 32.0726 -6.96572 -3.68158 -10.9682 -21.408 -1.00986 38.5391 -21.0204 2.79994 6.03251 3.04646 0 0 0 0.704337 2.65548 0 0 0 0 0 0 2.384 303 49 0 0 0
./complex_md-fit_650.pdb BC A 7.16046 35.3802 -13.9073 -8.94911 -12.3581 -23.2218 -1.0061 39.8905 -23.3883 4.56131 7.82446 2.49423 0 0 0 0.222907 2.47945 0 0 0 0 0 0.0226828 2.384 303 53 0 0 0
./complex_md-fit_651.pdb BC A 7.66666 30.8345 -13.236 -7.33693 -11.7509 -21.9161 -0.883252 38.4618 -22.1849 3.61206 6.62447 1.91556 0 0 0 0.188532 2.31883 0.0222258 0 0 0 0 0.011397 2.384 303 50 1 1 0
./complex_md-fit_652.pdb BC A 8.3645 34.2519 -14.4149 -7.29121 -14.415 -23.1453 -1.09406 39.4169 -23.287 3.58468 8.33291 2.79385 0 0 0 0.669329 2.74959 0.0199967 0 0 0 0 0 2.384 303 48 1 1 0
./complex_md-fit_653.pdb BC A 6.56697 32.8304 -10.6781 -5.42271 -12.3146 -21.6824 -0.911591 37.7063 -21.8187 4.63349 5.86987 3.20431 0 0 0 0.0378841 2.26371 0.0199239 0 0 0 0 0 2.384 303 49 0 0 0
./complex_md-fit_654.pdb BC A 6.59077 28.994 -18.142 -8.9188 -13.1841 -22.7686 -0.930485 38.4265 -22.8733 2.41756 6.33953 3.13084 0 0 0 0.150869 3.0409 0.0417918 0 0 0 0 0.0261505 2.384 303 50 0 0 0
./complex_md-fit_655.pdb BC A 7.29398 32.4251 -12.3827 -8.77035 -12.0668 -23.5814 -0.9428 40.5176 -24.0576 5.16779 7.81147 3.33661 0 0 0 0.202723 2.64295 0 0 0 0 0 0 2.384 303 48 1 1 0
./complex_md-fit_656.pdb BC A 8.23876 30.5899 -11.6188 -7.46194 -12.8659 -22.4769 -1.06161 39.0083 -22.4317 4.17629 7.73152 3.53359 0 0 0 0.183702 3.33711 0.0209981 0 0 0 0 0.024855 2.384 303 48 2 2 0
./complex_md-fit_657.pdb BC A 6.58244 34.5202 -14.1738 -9.84879 -11.9196 -22.7046 -1.02567 38.4893 -22.6985 6.02406 6.7123 2.05318 0 0 0 0.707987 3.13429 0.022375 0 0 0 0 0.0142028 2.384 303 51 2 2 0
./complex_md-fit_658.pdb BC A 7.63182 30.0251 -15.0482 -5.85309 -14.6922 -22.1096 -0.893813 38.602 -22.1454 2.05216 6.83251 2.90514 0 0 0 0.22782 2.47398 0.0214919 0 0 0 0 0.00478717 2.384 303 54 0 0 0
./complex_md-fit_659.pdb BC A 8.3422 35.7671 -12.4074 -8.05431 -13.4673 -23.594 -1.20649 41.2185 -23.4361 5.50053 7.10378 3.40227 0 0 0 0.103585 3.35308 0.0218499 0 0 0 0 0.0002079 2.384 303 51 2 2 0
./complex_md-fit_65.pdb BC A 6.94765 33.9694 -6.79843 -7.75283 -11.2007 -23.2363 -1.14259 40.9455 -22.7764 5.39485 7.94793 4.52278 0 0 0 0.488662 1.93622 0 0 0 0 0 0.0106578 2.384 303 51 1 1 0
./complex_md-fit_660.pdb BC A 6.29972 36.9795 -9.10249 -6.7881 -12.8723 -23.484 -1.12498 40.9887 -23.1046 8.48609 5.27883 3.25012 0 0 0 0.221607 2.4772 0.0267416 0 0 0 0 0.0194589 2.384 303 52 3 3 0
./complex_md-fit_661.pdb BC A 9.87691 35.6873 -2.3792 -5.29331 -7.34541 -21.9256 -0.74018 38.2412 -21.9257 6.73538 5.44153 4.27048 0 0 0 0.159548 2.44973 0 0 0 0 0 0.00286501 2.384 303 49 2 2 0
./complex_md-fit_662.pdb BC A 7.13002 31.7293 -8.36446 -6.7168 -9.01189 -22.0734 -0.680383 37.6792 -22.1877 6.30265 5.52726 2.66357 0 0 0 0.10113 2.87555 0.0240266 0 0 0 0 0.00793675 2.384 303 51 1 1 0
./complex_md-fit_663.pdb BC A 8.57583 35.2878 -6.54493 -7.76017 -11.0601 -22.6625 -0.946319 39.7233 -22.394 6.71015 7.11908 4.12609 0 0 0 0.579138 2.49045 0.0203935 0 0 0 0 0 2.384 303 52 2 2 0
./complex_md-fit_664.pdb BC A 7.69496 35.3267 -5.92332 -6.50036 -10.1028 -23.2073 -0.882761 41.9257 -23.0241 5.56434 7.95875 1.9309 0 0 0 0.413135 3.64367 0 0 0 0 0 0.00117524 2.384 303 54 0 0 0
./complex_md-fit_665.pdb BC A 6.61457 34.1605 -16.2769 -8.09618 -16.2963 -23.0479 -1.12637 38.9546 -22.9085 5.13068 7.07086 3.55645 0 0 0 0.477562 2.66875 5.55112e-17 0 0 0 0 0.00818798 2.384 303 49 0 0 0
./complex_md-fit_666.pdb BC A 8.00882 35.4916 -11.1199 -8.20439 -11.5792 -22.2902 -1.0701 38.617 -21.9767 4.13968 6.8131 3.91596 0 0 0 0.506476 2.80111 0 0 0 0 0 0.00844147 2.384 303 52 0 0 0
./complex_md-fit_667.pdb BC A 8.90336 37.3301 -15.1135 -7.38392 -11.3629 -23.5684 -0.959015 38.6927 -24.2073 4.15916 6.23161 3.05875 0 0 0 0.225766 2.80569 1.38778e-17 0 0 0 0 0 2.384 303 52 1 1 0
./complex_md-fit_668.pdb BC A 9.51992 34.2849 -13.3419 -7.00113 -12.235 -22.4754 -1.06955 37.8861 -22.7344 3.73406 7.54182 2.67193 0 0 0 0.317285 2.62223 0.0223987 0 0 0 0 0 2.384 303 50 0 0 0
./complex_md-fit_669.pdb BC A 6.4197 36.0516 -12.9185 -6.26623 -10.9541 -21.5733 -0.989661 37.0464 -21.6958 2.51216 6.06551 2.59767 0 0 0 0.319636 2.2278 0.0193307 0 0 0 0 0 2.384 303 49 0 0 0
./complex_md-fit_66.pdb BC A 8.24816 32.3964 -7.26736 -6.65679 -11.4048 -22.99 -1.04088 40.5239 -23.011 7.47583 6.76858 2.21899 0 0 0 0.841123 2.24502 0 0 0 0 0 0.00767538 2.384 303 51 2 2 0
./complex_md-fit_670.pdb BC A 10.3512 29.7436 -15.7468 -7.58038 -10.891 -21.0255 -0.976944 35.4713 -21.1739 2.47941 5.30059 2.44349 0 0 0 0.198373 2.17354 0 0 0 0 0 0.00761767 2.384 303 50 0 0 0
./complex_md-fit_671.pdb BC A 6.91065 34.6399 -15.7029 -8.75607 -11.8084 -22.1808 -1.12295 37.1431 -22.6106 2.93404 6.11651 4.32786 0 0 0 0.223681 2.34976 0.0222576 0 0 0 0 0.00851438 2.384 303 48 0 0 0
./complex_md-fit_672.pdb BC A 9.4449 34.0551 -9.92831 -6.17348 -8.48665 -23.0981 -1.03295 38.6726 -23.5839 5.39847 4.81788 3.37662 0 0 0 0.152829 2.56422 0.0256902 0 0 0 0 0.00263801 2.384 303 50 1 1 0
./complex_md-fit_673.pdb BC A 7.49124 39.8454 -10.9505 -8.20832 -11.0861 -23.6533 -0.97459 40.0198 -23.9521 6.43967 7.00451 3.27544 0 0 0 0.184502 2.86476 -1.38778e-17 0 0 0 0 0 2.384 303 50 0 0 0
./complex_md-fit_674.pdb BC A 9.70077 31.4841 -5.42339 -5.79691 -9.62699 -22.9175 -1.04007 39.6081 -23.0059 5.79876 7.56909 3.65584 0 0 0 0.332292 2.94269 1.11022e-16 0 0 0 0 0 2.384 303 49 1 1 0
./complex_md-fit_675.pdb BC A 8.72784 33.0257 -12.3558 -5.9523 -10.1628 -22.0575 -0.968079 37.6225 -22.2495 2.82561 6.00014 2.35662 0 0 0 0.229534 3.38373 -2.77556e-17 0 0 0 0 0 2.384 303 49 0 0 0
./complex_md-fit_676.pdb BC A 8.60732 25.8051 -9.09312 -5.58706 -11.2703 -22.8294 -0.880844 39.7022 -22.7584 5.89894 5.08513 3.31637 0 0 0 0.202742 3.0067 0.0275332 0 0 0 0 0 2.384 303 50 2 2 0
./complex_md-fit_677.pdb BC A 6.78921 37.2767 -19.5971 -7.49531 -14.1546 -23.1687 -1.03776 37.3646 -23.7291 3.21577 5.53862 3.47134 0 0 0 0.386053 2.43616 0 0 0 0 0 0.0119846 2.384 303 49 1 1 0
./complex_md-fit_678.pdb BC A 6.70515 31.3212 -4.71197 -7.20831 -9.26367 -22.0756 -1.03401 40.084 -21.7257 6.73144 5.62253 3.74789 0 0 0 0.397566 2.20028 2.77556e-17 0 0 0 0 0.0119532 2.384 303 50 1 1 0
./complex_md-fit_679.pdb BC A 9.76169 34.2478 -22.4934 -9.95707 -15.1388 -22.948 -1.06329 37.1022 -23.1947 3.08988 6.48126 2.81108 0 0 0 0.310518 2.65864 0 0 0 0 0 0.0134603 2.384 303 48 0 0 0
./complex_md-fit_67.pdb BC A 8.56734 26.7798 -11.041 -7.89764 -12.787 -22.709 -0.832089 39.6901 -22.3937 4.16202 7.3324 3.33419 0 0 0 1.0356 2.0446 0.0223476 0 0 0 0 0.00179498 2.384 303 49 1 1 0
./complex_md-fit_680.pdb BC A 8.94402 30.8461 -9.16506 -5.17426 -7.65253 -21.4642 -0.894698 35.8433 -21.7118 4.6292 4.21763 2.89918 0 0 0 0.143044 2.15417 -6.93889e-18 0 0 0 0 0 2.384 303 46 2 2 0
./complex_md-fit_681.pdb BC A 8.03352 27.5491 -12.8712 -5.66484 -14.5071 -21.5506 -1.15717 36.813 -21.3196 4.46428 6.72085 2.98243 0 0 0 0.286809 2.22938 0.03098 0 0 0 0 0.0298122 2.384 303 47 1 1 0
./complex_md-fit_682.pdb BC A 9.23521 36.8494 -13.0158 -6.0314 -12.4502 -21.6952 -1.12909 36.6311 -21.4508 4.26153 5.8126 2.87604 0 0 0 0.156679 2.37273 0 0 0 0 0 0.00300083 2.384 303 48 2 2 0
./complex_md-fit_683.pdb BC A 8.84442 35.226 -10.9178 -8.2381 -10.9099 -21.8628 -1.1199 37.4887 -21.9882 4.71356 6.44845 4.38162 0 0 0 0.123029 2.66151 0.0403708 0 0 0 0 0.00539254 2.384 303 49 2 2 0
./complex_md-fit_684.pdb BC A 10.2456 31.7361 -12.1351 -7.9668 -7.90744 -21.8175 -0.806718 35.0038 -22.1685 4.73799 5.51961 2.3947 0 0 0 0.842557 2.17153 0.0216956 0 0 0 0 0.0114136 2.384 303 48 2 2 0
./complex_md-fit_685.pdb BC A 8.72137 32.0452 -8.71645 -5.31237 -9.44112 -20.6539 -0.865418 34.6156 -20.972 4.75879 6.44985 2.50363 0 0 0 0.178152 3.66593 0.022325 0 0 0 0 0 2.384 303 46 1 1 0
./complex_md-fit_686.pdb BC A 8.17497 29.5327 -11.4578 -7.94069 -10.1525 -21.5169 -0.872169 36.8623 -22.05 4.53946 6.76763 2.38378 0 0 0 0.514917 2.28022 0 0 0 0 0 0.00637998 2.384 303 44 1 1 0
./complex_md-fit_687.pdb BC A 7.91376 32.8413 -10.5292 -7.53069 -11.2861 -22.7991 -1.20404 38.909 -23.0201 5.13685 7.10276 3.87057 0 0 0 0.285548 3.60409 0 0 0 0 0 0.00611631 2.384 303 48 2 2 0
./complex_md-fit_688.pdb BC A 7.86835 29.857 -18.2482 -9.44271 -13.6149 -23.356 -1.19499 38.5422 -23.5196 3.05036 7.51903 3.50461 0 0 0 0.248739 3.34184 5.55112e-17 0 0 0 0 0.0148968 2.384 303 48 0 0 0
./complex_md-fit_689.pdb BC A 7.37414 40.256 -14.4114 -6.80023 -14.3116 -22.8647 -1.09179 38.7688 -23.0395 3.97493 7.13118 3.39841 0 0 0 0.423007 2.87769 0 0 0 0 0 0 2.384 303 48 0 0 0
./complex_md-fit_68.pdb BC A 7.3921 32.1969 -10.4955 -7.82654 -10.465 -22.6429 -0.816497 39.7732 -22.1218 3.49052 5.55399 4.177 0 0 0 0.376054 2.23984 0 0 0 0 0 0.00647151 2.384 303 50 0 0 0
./complex_md-fit_690.pdb BC A 7.1089 30.3941 -12.7849 -8.20399 -13.3173 -22.1246 -1.15298 39.3112 -21.919 4.95637 6.68293 2.82115 0 0 0 0.138383 2.16886 0.0229775 0 0 0 0 0 2.384 303 51 1 1 0
./complex_md-fit_691.pdb BC A 7.07339 30.1281 -3.82879 -7.38119 -9.58355 -23.3907 -1.01156 42.5564 -23.1181 6.71143 6.39532 4.66984 0 0 0 0.323383 2.56801 0 0 0 0 0 0 2.384 303 51 1 1 0
./complex_md-fit_692.pdb BC A 9.05955 32.4474 -13.5487 -6.93702 -13.2825 -22.4159 -1.10498 37.6676 -22.6303 5.20815 6.33056 2.91872 0 0 0 0.696963 2.65656 0 0 0 0 0 0 2.384 303 50 1 1 0
./complex_md-fit_693.pdb BC A 7.0517 28.2993 -11.4276 -8.0284 -13.7467 -24.04 -1.26305 42.4792 -24.0185 3.91036 8.65001 4.38426 0 0 0 0.225677 4.01378 0.0195761 0 0 0 0 0 2.384 303 50 0 0 0
./complex_md-fit_694.pdb BC A 9.18663 31.4013 -8.94742 -8.39944 -13.2518 -23.0923 -1.0019 42.2933 -22.2632 4.7497 7.71895 4.02142 0 0 0 0.253807 2.39104 0.0239254 0 0 0 0 0 2.384 303 49 0 0 0
./complex_md-fit_695.pdb BC A 8.44649 32.0255 -8.52925 -7.29592 -9.80162 -22.0008 -1.06705 37.521 -22.015 5.87838 6.68123 3.26236 0 0 0 0.308221 2.44915 0 0 0 0 0 0 2.384 303 48 1 1 0
./complex_md-fit_696.pdb BC A 9.41222 29.5781 -13.0946 -6.89086 -13.927 -22.4459 -1.02636 38.1142 -22.4426 4.52465 7.01296 3.55344 0 0 0 0.403277 3.28021 0.0295959 0 0 0 0 0 2.384 303 47 1 1 0
./complex_md-fit_697.pdb BC A 7.6823 37.1923 -12.4648 -7.95856 -12.3107 -23.2937 -1.01545 39.7178 -23.3226 5.11851 7.31216 3.02644 0 0 0 0.239168 2.70135 0.0221503 0 0 0 0 0 2.384 303 49 1 1 0
./complex_md-fit_698.pdb BC A 7.67651 37.6068 -15.1385 -9.33851 -12.4264 -22.769 -0.916632 39.1557 -23.0991 3.63543 7.15498 3.30195 0 0 0 0.142966 2.28104 0.0201972 0 0 0 0 0 2.384 303 51 1 1 0
./complex_md-fit_699.pdb BC A 6.59259 40.3862 -18.6261 -8.93416 -16.9166 -22.9957 -1.02016 38.7216 -22.6661 3.46052 7.85047 3.61992 0 0 0 0.254121 2.3068 1.11022e-16 0 0 0 0 0 2.384 303 49 0 0 0
./complex_md-fit_69.pdb BC A 8.301 35.2483 -9.48718 -6.17026 -10.35 -20.6286 -0.89171 34.9934 -20.3812 4.65935 5.56395 3.26729 0 0 0 0.449951 1.84182 0 0 0 0 0 0.000668541 2.384 303 49 2 2 0
./complex_md-fit_6.pdb BC A 7.58651 37.2513 -13.8041 -6.81755 -10.4268 -22.5866 -0.490165 37.5728 -23.4873 2.4487 7.56798 2.0274 0 0 0 0.387435 2.96601 0 0 0 0 0 0 2.384 303 54 0 0 0
./complex_md-fit_700.pdb BC A 7.83799 25.8752 -16.0018 -7.78584 -12.9025 -21.8667 -0.797574 36.7498 -21.85 3.04642 5.42631 3.57675 0 0 0 0.378068 2.19977 0.0234486 0 0 0 0 0 2.384 303 48 0 0 0
./complex_md-fit_701.pdb BC A 8.1699 35.4096 -14.3223 -7.33014 -13.4528 -22.4731 -1.02048 37.4997 -22.5071 5.32718 6.70684 2.41198 0 0 0 0.495533 1.84037 0.020116 0 0 0 0 0 2.384 303 50 1 1 0
./complex_md-fit_702.pdb BC A 8.24935 35.4165 -13.2733 -4.59272 -14.9635 -22.8229 -1.05274 38.6456 -22.5636 4.60616 5.8592 3.13059 0 0 0 0.452074 3.50127 0.0222377 0 0 0 0 0.00635293 2.384 303 49 0 0 0
./complex_md-fit_703.pdb BC A 7.35338 34.8336 -5.34583 -5.86724 -10.1259 -21.766 -1.01069 37.7464 -21.3546 6.73999 6.7664 3.11348 0 0 0 0.405408 2.16678 0 0 0 0 0 0.00681579 2.384 303 50 0 0 0
./complex_md-fit_704.pdb BC A 9.64579 31.6685 -13.0224 -7.10159 -12.5047 -23.253 -0.865236 38.187 -23.5905 5.71114 5.74586 4.18156 0 0 0 0.440442 2.15013 0.0266323 0 0 0 0 0 2.384 303 50 0 0 0
./complex_md-fit_705.pdb BC A 6.60683 34.5621 -20.5123 -9.27872 -14.1729 -21.9855 -0.85824 35.2527 -22.2402 2.78803 6.71021 3.03255 0 0 0 0.213971 1.92695 0.0257664 0 0 0 0 0 2.384 303 48 1 1 0
./complex_md-fit_706.pdb BC A 7.77602 34.9828 -14.3352 -6.16559 -14.9239 -23.0576 -1.00223 39.9421 -23.2963 3.12961 6.87521 3.77089 0 0 0 0.344419 4.68216 0.0362173 0 0 0 0 0.0118682 2.384 303 51 0 0 0
./complex_md-fit_707.pdb BC A 10.3537 39.0504 -9.10277 -6.62998 -14.0694 -23.0712 -0.917818 39.2356 -22.9765 6.86421 8.24085 4.05249 0 0 0 0.142221 2.63594 0.0195835 0 0 0 0 0.00722203 2.384 303 49 3 3 0
./complex_md-fit_708.pdb BC A 9.07629 28.3637 -20.6198 -9.24369 -15.9277 -22.3971 -1.02973 36.3252 -22.5468 2.94283 7.29541 3.30113 0 0 0 0.63579 2.18551 0.0228458 0 0 0 0 0.00195161 2.384 303 49 2 2 0
./complex_md-fit_709.pdb BC A 8.44768 35.2235 -12.6157 -6.74528 -13.6817 -22.1121 -0.890945 37.4034 -22.1892 4.15056 7.24514 4.0008 0 0 0 0.157393 2.3734 0.0242013 0 0 0 0 0.0220112 2.384 303 49 1 1 0
./complex_md-fit_70.pdb BC A 8.43282 27.434 -9.96721 -5.38675 -12.0852 -20.507 -0.992744 35.2264 -20.2565 3.62228 5.86164 4.24768 0 0 0 0.302937 2.08994 -1.11022e-16 0 0 0 0 0 2.384 303 47 0 0 0
./complex_md-fit_710.pdb BC A 7.73257 28.6129 -15.8176 -5.12267 -14.9784 -23.4061 -0.964294 39.5479 -23.6819 2.69433 6.30058 2.60119 0 0 0 1.15253 3.45599 0.0238666 0 0 0 0 0.0154624 2.384 303 51 0 0 0
./complex_md-fit_711.pdb BC A 8.34637 36.1134 -17.1598 -6.59682 -14.024 -22.7691 -1.14822 37.9267 -22.9247 2.72853 6.39851 2.95522 0 0 0 0.294162 2.21612 0 0 0 0 0 0 2.384 303 49 0 0 0
./complex_md-fit_712.pdb BC A 7.18438 28.9841 -15.194 -8.12043 -12.5466 -21.552 -0.956515 36.49 -21.4573 3.47622 6.08372 3.166 0 0 0 0.198568 2.12756 0.0243725 0 0 0 0 0 2.384 303 49 2 2 0
./complex_md-fit_713.pdb BC A 8.9399 34.2222 -10.4949 -5.87875 -12.4892 -22.6497 -0.845592 38.5893 -22.967 4.77359 6.84316 3.95511 0 0 0 0.142823 2.31936 0.0248163 0 0 0 0 0.00649304 2.384 303 49 0 0 0
./complex_md-fit_714.pdb BC A 9.0846 40.0249 -6.96627 -7.10861 -14.2838 -22.618 -1.06126 40.195 -22.3862 7.79858 7.3148 3.58849 0 0 0 1.5533 2.41969 0.0222203 0 0 0 0 0.0191196 2.384 303 49 3 3 0
./complex_md-fit_715.pdb BC A 8.54424 34.9472 -13.6894 -6.34511 -14.3164 -21.5895 -0.912176 35.0538 -21.8411 5.72507 6.57658 3.51971 0 0 0 0.439678 2.20522 0 0 0 0 0 0 2.384 303 49 2 2 0
./complex_md-fit_716.pdb BC A 6.84171 37.0841 -13.4618 -6.73478 -15.8134 -21.5184 -1.05788 36.8646 -21.4164 5.06989 6.80714 3.96983 0 0 0 0.367613 2.97416 0 0 0 0 0 0 2.384 303 50 0 0 0
./complex_md-fit_717.pdb BC A 8.02641 36.3318 -17.6705 -9.922 -16.1373 -23.8012 -1.11988 41.1242 -23.4317 4.46756 7.32348 3.08762 0 0 0 0.730765 2.51951 0 0 0 0 0 0.00800451 2.384 303 51 0 0 0
./complex_md-fit_718.pdb BC A 6.81182 34.9304 -11.0658 -7.11029 -10.7092 -22.206 -0.914058 37.5994 -22.3885 3.61787 7.11103 3.71657 0 0 0 0.190222 1.89868 0.0256181 0 0 0 0 0.00154826 2.384 303 48 1 1 0
./complex_md-fit_719.pdb BC A 8.04988 36.2299 -6.75862 -7.86737 -8.30168 -22.8698 -1.04138 39.2217 -22.985 6.43747 5.59592 4.58469 0 0 0 0.421249 2.4608 0.024196 0 0 0 0 0.0213671 2.384 303 48 2 2 0
./complex_md-fit_71.pdb BC A 7.22835 31.9753 -13.7799 -9.70927 -12.8043 -21.8044 -1.1778 37.571 -21.7311 4.1958 7.89069 3.39575 0 0 0 0.382876 1.887 0 0 0 0 0 0.0109462 2.384 303 52 1 1 0
./complex_md-fit_720.pdb BC A 7.74708 27.0736 -14.665 -5.24381 -13.4132 -22.0863 -1.12769 36.4702 -22.3814 6.08471 4.59329 2.30465 0 0 0 0.127571 3.08058 0 0 0 0 0 0.00703405 2.384 303 49 2 2 0
./complex_md-fit_721.pdb BC A 7.92767 32.6142 -16.9472 -6.93866 -13.1199 -21.2693 -0.834387 34.7429 -21.5731 3.69881 5.56108 2.52047 0 0 0 0.26481 2.19889 0 0 0 0 0 0 2.384 303 47 1 1 0
./complex_md-fit_722.pdb BC A 9.07203 33.6047 -3.12236 -6.63658 -7.37515 -22.3189 -0.580703 38.8385 -22.2111 6.61733 5.65358 4.46994 0 0 0 0.372213 2.25235 0.0371653 0 0 0 0 0.0113505 2.384 303 48 2 2 0
./complex_md-fit_723.pdb BC A 6.72885 40.9379 -5.26448 -5.70531 -9.01245 -20.7762 -0.993068 35.3871 -20.8735 6.25685 6.66228 3.67437 0 0 0 0.103926 1.94347 0 0 0 0 0 0.0115862 2.384 303 48 2 2 0
./complex_md-fit_724.pdb BC A 9.42693 31.4649 -8.75747 -8.85869 -11.9185 -22.362 -0.983111 38.192 -22.3474 8.56829 7.40053 3.23954 0 0 0 0.306872 2.32858 0 0 0 0 0 0.00495626 2.384 303 50 2 2 0
./complex_md-fit_725.pdb BC A 8.61974 22.6176 -13.6261 -6.00111 -15.4466 -22.0239 -0.903116 37.7814 -21.6677 3.11829 7.34871 4.02957 0 0 0 0.105435 2.47281 0.0252468 0 0 0 0 0.00772797 2.384 303 49 1 1 0
./complex_md-fit_726.pdb BC A 9.80335 31.1037 -11.6241 -5.90083 -14.9 -22.0271 -0.93462 37.8109 -21.5672 6.13547 6.33422 3.19325 0 0 0 0.210529 2.11144 0.0212552 0 0 0 0 0 2.384 303 47 0 0 0
./complex_md-fit_727.pdb BC A 8.00232 36.4195 -9.9431 -5.55479 -12.0751 -22.0106 -0.912636 36.993 -22.1392 5.40918 6.06659 4.02034 0 0 0 0.225721 2.28902 0.0204411 0 0 0 0 0.0140094 2.384 303 48 2 2 0
./complex_md-fit_728.pdb BC A 10.0381 33.0136 -10.8676 -7.50431 -12.8861 -21.6552 -0.953427 37.7421 -21.5808 4.74588 7.70689 3.22934 0 0 0 0.250136 2.13318 0.0216949 0 0 0 0 0.0161621 2.384 303 48 0 0 0
./complex_md-fit_729.pdb BC A 7.16985 33.8826 -15.4841 -6.08902 -14.7618 -20.7504 -1.05604 35.6804 -20.7308 3.21259 5.61255 3.17564 0 0 0 0.197961 2.22734 0.0247583 0 0 0 0 0 2.384 303 50 0 0 0
./complex_md-fit_72.pdb BC A 6.92763 30.2189 -14.6952 -6.40794 -12.8236 -19.6707 -0.984794 32.4541 -20.1157 3.04768 6.53803 2.72562 0 0 0 0.54209 1.32867 0 0 0 0 0 0 2.384 303 46 0 0 0
./complex_md-fit_730.pdb BC A 9.65951 40.2823 -12.9084 -7.5609 -12.6587 -22.5359 -1.07198 37.9595 -22.8632 3.77662 7.65993 4.01674 0 0 0 0.356851 2.47625 0.011417 0 0 0 0 0.00120468 2.384 303 49 0 0 0
./complex_md-fit_731.pdb BC A 7.93523 34.9183 -15.2568 -7.06665 -13.4755 -23.4984 -1.06645 40.0168 -24.0388 3.41083 6.43404 3.76283 0 0 0 0.243689 3.98015 0.0208238 0 0 0 0 0 2.384 303 49 1 1 0
./complex_md-fit_732.pdb BC A 7.34526 36.8695 -11.1262 -7.32551 -9.62886 -22.6584 -0.788371 37.8945 -23.3311 3.9584 6.30852 3.97198 0 0 0 0.463017 2.62824 0 0 0 0 0 0.00966961 2.384 303 46 1 1 0
./complex_md-fit_733.pdb BC A 6.93759 36.1501 -9.96907 -5.51713 -11.5748 -21.5613 -0.846443 37.3001 -21.719 3.72261 6.2931 3.74796 0 0 0 0.206587 2.86771 -0.0258527 0 0 0 0 0.00503519 2.384 303 48 0 0 0
./complex_md-fit_734.pdb BC A 8.14611 30.7605 -13.8704 -7.41078 -12.2949 -22.5043 -0.989441 37.3132 -22.7879 2.91553 7.59289 3.56778 0 0 0 0.714168 2.39027 0.0133329 0 0 0 0 0 2.384 303 45 0 0 0
./complex_md-fit_735.pdb BC A 10.3997 28.9162 -13.6043 -8.37762 -13.5991 -21.2461 -1.14991 36.3168 -21.3228 4.93859 6.47523 3.89527 0 0 0 0.488902 2.40752 -0.0278128 0 0 0 0 0.00431178 2.384 303 43 2 2 0
./complex_md-fit_736.pdb BC A 7.36082 33.821 -16.035 -6.63707 -15.4324 -21.9001 -0.98351 37.7148 -22.168 3.38338 7.00401 2.66671 0 0 0 0.360585 2.83794 -0.043298 0 0 0 0 0 2.384 303 45 0 0 0
./complex_md-fit_737.pdb BC A 10.1315 42.0267 -10.4696 -7.68994 -11.9252 -20.2773 -1.02732 33.6369 -20.3375 6.65684 7.00592 3.35655 0 0 0 0.131453 1.68259 0 0 0 0 0 0 2.384 303 43 2 2 0
./complex_md-fit_738.pdb BC A 9.59262 29.7521 -6.35164 -6.79253 -9.86646 -22.6205 -0.930009 39.7331 -22.8334 5.57882 7.54944 3.61043 0 0 0 0.222707 2.28714 -0.00911045 0 0 0 0 0.00593631 2.384 303 48 0 0 0
./complex_md-fit_739.pdb BC A 6.65519 35.8892 -15.041 -9.30311 -10.8848 -22.5197 -0.863294 37.4421 -22.6727 3.12275 7.1302 3.04995 0 0 0 0.417866 2.12747 0.0264429 0 0 0 0 0.0134017 2.384 303 48 0 0 0
./complex_md-fit_73.pdb BC A 7.67241 27.5911 -6.37559 -6.58485 -6.56964 -20.8285 -0.83782 36.3329 -20.8811 4.82193 6.03755 1.96423 0 0 0 0.164778 1.98963 0 0 0 0 0 0.00494433 2.384 303 46 0 0 0
./complex_md-fit_740.pdb BC A 8.30405 31.9773 -13.5731 -7.76902 -12.7103 -21.2199 -0.963306 35.9018 -21.7355 3.70612 7.82052 2.97505 0 0 0 0.421462 2.24807 0 0 0 0 0 0 2.384 303 48 1 1 0
./complex_md-fit_741.pdb BC A 7.53324 46.7637 -11.6246 -7.0406 -11.1863 -21.6531 -0.835226 38.272 -21.6638 3.92802 6.39948 1.6838 0 0 0 0.46569 2.26226 0 0 0 0 0 0.00551834 2.384 303 51 2 2 0
./complex_md-fit_742.pdb BC A 7.19689 32.8941 -11.5042 -8.15364 -16.152 -23.2118 -0.984911 41.8532 -22.7527 5.78148 8.99396 2.69302 0 0 0 0.405038 3.09457 0.0240933 0 0 0 0 0 2.384 303 50 1 1 0
./complex_md-fit_743.pdb BC A 7.70887 31.6415 -17.4327 -10.6159 -15.3633 -23.9456 -1.05264 41.1597 -23.8136 4.67005 7.21219 3.89367 0 0 0 0.422825 4.29531 -5.55112e-17 0 0 0 0 0 2.384 303 50 2 2 0
./complex_md-fit_744.pdb BC A 8.23917 32.8438 -7.1302 -5.84033 -13.5119 -23.3333 -1.06458 42.5145 -23.2257 5.58438 7.63605 3.70536 0 0 0 0.405276 3.78484 -1.11022e-16 0 0 0 0 0 2.384 303 51 2 2 0
./complex_md-fit_745.pdb BC A 8.33213 37.5901 -12.3624 -7.55401 -14.2979 -22.5545 -1.06245 39.8319 -22.1897 4.80957 6.52418 3.8791 0 0 0 0.251427 3.81083 0 0 0 0 0 0 2.384 303 49 2 2 0
./complex_md-fit_746.pdb BC A 8.77912 30.8173 -15.2287 -6.49645 -12.4214 -23.9295 -0.788855 40.3226 -24.4107 2.89011 5.91854 3.25179 0 0 0 0.409473 3.67185 0.0235552 0 0 0 0 0.0020999 2.384 303 53 0 0 0
./complex_md-fit_747.pdb BC A 9.73073 28.6351 -14.8662 -8.55553 -12.0304 -22.3334 -0.895258 37.8026 -22.6621 3.30956 6.83307 3.19862 0 0 0 0.444087 2.42915 0.0224562 0 0 0 0 0 2.384 303 50 0 0 0
./complex_md-fit_748.pdb BC A 7.70971 26.6273 -13.9375 -6.47069 -14.179 -20.9943 -0.873383 35.2613 -21.2375 3.78343 7.45086 3.16985 0 0 0 0.147018 3.17456 0 0 0 0 0 0.00492977 2.384 303 51 0 0 0
./complex_md-fit_749.pdb BC A 11.1045 31.231 -14.3067 -9.29746 -12.9863 -21.4157 -0.970132 36.5161 -21.4955 4.04287 7.2614 3.89717 0 0 0 0.133424 2.15034 0 0 0 0 0 0.00734091 2.384 303 48 2 2 0
./complex_md-fit_74.pdb BC A 10.2261 30.107 -15.3658 -6.4253 -12.3914 -20.9994 -0.919289 35.8519 -20.92 1.76701 6.53404 1.31359 0 0 0 0.816718 2.15081 0 0 0 0 0 0.00631464 2.384 303 48 0 0 0
./complex_md-fit_750.pdb BC A 7.43608 32.3507 -14.8027 -7.6473 -13.3674 -22.1798 -0.955667 37.9606 -22.2566 3.20543 6.22201 3.85049 0 0 0 0.353826 2.38772 0 0 0 0 0 0.0118462 2.384 303 48 0 0 0
./complex_md-fit_751.pdb BC A 7.08278 28.9881 -9.40521 -6.45872 -9.56839 -21.3903 -0.918787 35.0323 -21.7075 5.38859 7.42939 2.5933 0 0 0 0.150348 2.74628 0.024409 0 0 0 0 0.0201457 2.384 303 48 1 1 0
./complex_md-fit_752.pdb BC A 6.95167 35.9821 -16.4532 -8.06221 -13.4938 -21.42 -0.861087 34.9049 -21.6794 4.22878 5.59837 4.17584 0 0 0 0.129823 2.20951 0.0255634 0 0 0 0 0 2.384 303 50 0 0 0
./complex_md-fit_753.pdb BC A 6.8544 32.6893 -7.31922 -7.11735 -9.49707 -21.199 -1.02284 35.8418 -21.6596 7.1986 6.55447 3.29677 0 0 0 0.284945 2.3565 0 0 0 0 0 0 2.384 303 48 3 3 0
./complex_md-fit_754.pdb BC A 7.45816 28.6111 -9.63462 -6.334 -11.412 -22.1036 -1.0083 37.1485 -22.1541 6.44734 5.83854 3.66571 0 0 0 0.252191 2.41659 0.0251672 0 0 0 0 0 2.384 303 49 1 1 0
./complex_md-fit_755.pdb BC A 8.43332 38.3626 -11.4732 -6.02687 -11.6347 -20.8989 -0.875681 34.9577 -21.3512 3.38632 7.30172 3.45255 0 0 0 0.182881 2.22386 0.0253525 0 0 0 0 0.00763237 2.384 303 47 1 1 0
./complex_md-fit_756.pdb BC A 8.2384 38.9586 -14.9162 -7.0283 -13.212 -22.2968 -0.871733 36.9615 -23.0891 1.99398 7.46963 4.86444 0 0 0 0.292149 2.90368 -1.11022e-16 0 0 0 0 0 2.384 303 48 0 0 0
./complex_md-fit_757.pdb BC A 8.49148 34.2593 -6.99654 -5.84567 -12.8474 -22.1782 -1.1157 39.8407 -22.0321 7.21383 7.19026 2.33862 0 0 0 0.426253 2.59538 5.55112e-17 0 0 0 0 0.012868 2.384 303 48 1 1 0
./complex_md-fit_758.pdb BC A 6.77816 33.7855 -12.4225 -6.30321 -10.1415 -22.8039 -0.823526 38.2389 -23.5223 2.88039 7.09694 2.45106 0 0 0 0.490075 2.32078 0 0 0 0 0 0.0145401 2.384 303 48 0 0 0
./complex_md-fit_759.pdb BC A 10.856 34.0824 -7.64064 -5.83707 -10.8098 -22.1177 -0.930088 38.7675 -22.3807 5.72531 6.19542 3.38133 0 0 0 0.365135 2.58102 0 0 0 0 0 0 2.384 303 47 1 1 0
./complex_md-fit_75.pdb BC A 7.79635 38.2546 -8.02237 -4.27525 -9.52307 -21.7423 -1.01472 37.5392 -21.1733 3.6911 5.76437 2.3983 0 0 0 0.307232 2.77512 0 0 0 0 0 0.00601403 2.384 303 49 1 1 0
./complex_md-fit_760.pdb BC A 6.50813 28.7043 -16.6139 -8.46701 -16.0155 -23.2937 -1.06446 40.3011 -23.6112 2.87527 7.93715 3.95658 0 0 0 0.767791 3.87829 0 0 0 0 0 0 2.384 303 48 0 0 0
./complex_md-fit_761.pdb BC A 7.51998 36.9899 -10.6881 -6.76396 -10.1482 -21.8911 -1.09166 39.0076 -22.1377 1.916 6.60768 3.46855 0 0 0 0.30668 2.34863 0.0348269 0 0 0 0 0.00310808 2.384 303 52 0 0 0
./complex_md-fit_762.pdb BC A 8.53475 36.9158 -12.9211 -6.82385 -11.8859 -21.4077 -0.875478 36.8999 -21.3045 3.9773 5.42561 2.8117 0 0 0 0.222921 2.69988 0.0233442 0 0 0 0 0.0155737 2.384 303 49 0 0 0
./complex_md-fit_763.pdb BC A 5.89379 32.567 -9.75154 -4.98502 -10.1622 -20.1992 -0.866406 34.2702 -19.9457 4.77886 3.74411 3.3051 0 0 0 0.283233 1.76988 0.0236535 0 0 0 0 0.00171993 2.384 303 45 2 2 0
./complex_md-fit_764.pdb BC A 6.90332 31.6239 -9.54323 -5.52747 -9.67576 -21.1037 -0.961555 35.3009 -20.933 5.32437 4.86704 2.97417 0 0 0 0.191757 2.40568 1.11022e-16 0 0 0 0 0 2.384 303 47 2 2 0
./complex_md-fit_765.pdb BC A 6.94827 38.1228 -10.4664 -6.10003 -11.2703 -21.5779 -0.844053 36.7743 -21.6464 4.98053 5.71122 2.55674 0 0 0 0.927409 2.00514 0.0220142 0 0 0 0 0 2.384 303 47 0 0 0
./complex_md-fit_766.pdb BC A 7.83224 35.5052 -13.6785 -7.32465 -11.6569 -21.2595 -0.789522 34.9859 -21.8643 2.39658 6.62299 4.98883 0 0 0 0.222109 2.07554 0 0 0 0 0 0 2.384 303 50 0 0 0
./complex_md-fit_767.pdb BC A 6.92728 30.5259 -9.1483 -3.98851 -11.6217 -21.5799 -0.985248 37.0445 -21.4647 6.1239 4.15417 2.80958 0 0 0 0.343838 2.35597 0 0 0 0 0 0.0157029 2.384 303 46 0 0 0
./complex_md-fit_768.pdb BC A 7.02069 33.455 -16.9612 -8.50836 -12.5978 -21.6919 -0.754812 35.6408 -22.3851 3.07958 5.81807 4.09919 0 0 0 0.339182 2.69778 0 0 0 0 0 0 2.384 303 48 0 0 0
./complex_md-fit_769.pdb BC A 8.31684 31.9759 -14.9514 -7.2882 -12.798 -21.9449 -1.08678 36.6556 -22.5386 3.73233 6.74563 3.2722 0 0 0 0.279281 3.92187 0.0200137 0 0 0 0 0 2.384 303 47 1 1 0
./complex_md-fit_76.pdb BC A 6.84975 31.5872 -7.2282 -6.20438 -10.5205 -22.3577 -0.972146 39.2299 -21.9237 3.22199 7.76246 4.28371 0 0 0 0.25214 2.14774 -2.77556e-17 0 0 0 0 0 2.384 303 49 0 0 0
./complex_md-fit_770.pdb BC A 8.23571 37.2755 -12.4973 -6.20163 -10.155 -21.6199 -0.845944 36.9886 -21.9167 3.26718 4.7429 2.96399 0 0 0 0.259598 3.28394 0.019586 0 0 0 0 0 2.384 303 48 0 0 0
./complex_md-fit_771.pdb BC A 7.77467 27.7646 -11.9627 -7.21911 -12.9135 -23.2415 -1.09789 40.461 -23.6287 5.17269 7.17527 2.9786 0 0 0 0.324966 4.48049 0.0254961 0 0 0 0 0 2.384 303 50 2 2 0
./complex_md-fit_772.pdb BC A 7.11661 33.9678 -14.9907 -6.40213 -15.3929 -23.2073 -1.17717 40.0673 -23.2892 4.12124 5.54492 4.30923 0 0 0 0.427295 2.60294 0 0 0 0 0 0.0079708 2.384 303 51 1 1 0
./complex_md-fit_773.pdb BC A 7.31937 33.0897 -16.6562 -8.06534 -16.6855 -22.8 -0.985644 39.1214 -22.5595 3.45606 7.20235 4.41069 0 0 0 0.239202 2.49412 0 0 0 0 0 0.0100321 2.384 303 48 0 0 0
./complex_md-fit_774.pdb BC A 8.0373 28.8273 -3.70765 -4.36352 -7.50256 -21.8594 -0.878437 37.7957 -22.1918 6.52072 5.58145 2.6207 0 0 0 0.569372 3.10668 0 0 0 0 0 0 2.384 303 49 1 1 0
./complex_md-fit_775.pdb BC A 6.78949 33.4563 -11.0434 -5.43541 -12.8944 -21.7245 -0.970579 36.0145 -21.4665 5.94666 5.41724 3.64304 0 0 0 0.401968 2.08011 0.023201 0 0 0 0 0.00139487 2.384 303 50 2 2 0
./complex_md-fit_776.pdb BC A 8.54558 33.6325 -8.62678 -4.58757 -11.4928 -23.0503 -1.09186 39.3067 -23.3846 6.41305 5.98315 2.79144 0 0 0 0.467483 3.04382 0 0 0 0 0 0.0185815 2.384 303 48 1 1 0
./complex_md-fit_777.pdb BC A 7.5803 28.6942 -13.6426 -6.36584 -11.4655 -20.9013 -0.764617 36.8996 -21.7054 1.98064 5.79974 2.56043 0 0 0 0.319536 2.95877 0 0 0 0 0 0 2.384 303 49 0 0 0
./complex_md-fit_778.pdb BC A 6.78246 29.0695 -14.2511 -7.82922 -14.1168 -22.9304 -1.10956 39.5456 -23.2234 4.42821 6.86516 3.79663 0 0 0 0.317448 2.73624 0 0 0 0 0 0.00529008 2.384 303 48 0 0 0
./complex_md-fit_779.pdb BC A 8.16723 41.4713 -10.5207 -7.01625 -13.3321 -23.1871 -1.18994 40.2058 -23.7422 5.94073 8.4588 2.97082 0 0 0 0.348613 3.60361 0.0219911 0 0 0 0 0 2.384 303 48 1 1 0
./complex_md-fit_77.pdb BC A 7.29825 34.8298 -7.97664 -6.90464 -9.56975 -22.9397 -1.05927 40.6904 -23.0243 5.2149 6.31004 3.20073 0 0 0 0.0974775 2.28973 0 0 0 0 0 0.00739785 2.384 303 53 1 1 0
./complex_md-fit_780.pdb BC A 7.33993 31.8934 -8.20557 -7.49765 -13.3354 -24.0452 -1.01841 42.1039 -24.0703 7.18785 7.85368 4.39834 0 0 0 0.180086 2.54597 0.0247424 0 0 0 0 0.0127005 2.384 303 52 0 0 0
./complex_md-fit_781.pdb BC A 7.55655 32.2499 -13.6002 -7.37552 -11.9832 -23.5623 -1.00926 40.4558 -23.7025 2.75346 6.35532 3.69139 0 0 0 0.749691 2.54731 0.021298 0 0 0 0 0.00569316 2.384 303 48 1 1 0
./complex_md-fit_782.pdb BC A 6.41891 34.9228 -9.93118 -6.44402 -10.7784 -23.3726 -0.896171 39.7257 -23.608 4.97739 7.10071 2.88951 0 0 0 0.474699 2.58429 0 0 0 0 0 0 2.384 303 48 0 0 0
./complex_md-fit_783.pdb BC A 7.76203 27.6151 -8.76753 -6.86075 -9.88325 -21.6669 -0.827733 36.6841 -21.8723 5.06208 6.82357 3.61718 0 0 0 0.133229 1.95214 0.0232461 0 0 0 0 0 2.384 303 48 2 2 0
./complex_md-fit_784.pdb BC A 8.31743 35.6675 -14.02 -7.08544 -12.4566 -22.3228 -1.01144 39.1866 -22.4479 2.54965 6.6239 2.79651 0 0 0 0.122851 2.10353 0.0200068 0 0 0 0 0.00464901 2.384 303 49 0 0 0
./complex_md-fit_785.pdb BC A 8.56298 34.2117 -12.33 -5.6728 -11.2274 -22.4641 -1.10888 37.0229 -23.0764 5.28605 5.1876 3.52533 0 0 0 0.175886 2.76642 0.0218855 0 0 0 0 0 2.384 303 49 0 0 0
./complex_md-fit_786.pdb BC A 9.13059 35.6291 -12.1357 -7.06853 -11.2287 -21.4304 -0.846124 35.796 -21.7581 4.13902 5.47561 4.48872 0 0 0 0.266527 2.22374 0.0302525 0 0 0 0 0 2.384 303 47 0 0 0
./complex_md-fit_787.pdb BC A 7.467 37.0945 -11.4421 -5.72601 -10.642 -22.0447 -0.95853 36.6069 -22.6251 3.76385 6.05466 3.78328 0 0 0 0.345531 2.05549 1.38778e-17 0 0 0 0 1.35181e-06 2.384 303 49 1 1 0
./complex_md-fit_788.pdb BC A 7.44305 31.575 -8.05362 -6.41524 -11.7247 -21.252 -1.09058 36.9407 -21.2107 4.89698 7.14684 4.34774 0 0 0 0.291387 1.97298 0 0 0 0 0 0.0159739 2.384 303 48 2 2 0
./complex_md-fit_789.pdb BC A 6.94617 35.0563 -12.471 -7.6169 -12.1067 -23.1525 -1.08161 39.917 -23.4489 5.31824 7.07125 2.48049 0 0 0 0.148537 2.44152 0 0 0 0 0 0 2.384 303 47 1 1 0
./complex_md-fit_78.pdb BC A 9.97576 28.9827 -13.6868 -7.48028 -12.563 -23.2265 -0.911368 39.9079 -23.1828 2.45459 7.58053 3.07487 0 0 0 0.613507 2.37819 0.0362771 0 0 0 0 0.00934933 2.384 303 54 0 0 0
./complex_md-fit_790.pdb BC A 7.20494 39.2547 -16.7014 -8.16039 -14.108 -23.3635 -1.092 40.1115 -23.1214 3.31543 6.34811 3.04006 0 0 0 0.298171 2.79651 0.0244102 0 0 0 0 0.00618854 2.384 303 48 2 2 0
./complex_md-fit_791.pdb BC A 8.70915 30.054 -11.8348 -5.04443 -12.032 -22.045 -1.02982 38.2808 -21.916 2.68851 4.89766 4.09286 0 0 0 0.272613 2.28098 0 0 0 0 0 0 2.384 303 46 1 1 0
./complex_md-fit_792.pdb BC A 8.3962 36.3026 -12.944 -6.10208 -15.0865 -23.1783 -1.03984 39.1847 -23.0223 4.7643 7.54613 3.65388 0 0 0 0.336069 2.37029 1.11022e-16 0 0 0 0 0 2.384 303 51 0 0 0
./complex_md-fit_793.pdb BC A 12.1497 33.8187 -7.67573 -7.70997 -11.2252 -23.4491 -0.960064 41.6294 -23.6194 4.62198 8.07906 4.56142 0 0 0 0.393516 2.43163 0 0 0 0 0 0.0027148 2.384 303 50 0 0 0
./complex_md-fit_794.pdb BC A 8.35063 34.4991 -15.1429 -5.55435 -15.1857 -22.8833 -1.14469 38.7118 -23.1053 3.08771 7.04692 3.36383 0 0 0 0.513368 2.51094 -5.55112e-17 0 0 0 0 0.00688625 2.384 303 49 0 0 0
./complex_md-fit_795.pdb BC A 8.91785 33.2235 -15.5167 -6.92418 -13.5063 -22.4643 -1.0813 37.894 -22.8394 2.85895 6.71712 3.25952 0 0 0 0.493654 2.19394 0.0755209 0 0 0 0 0 2.384 303 49 1 1 0
./complex_md-fit_796.pdb BC A 8.69727 31.3366 -13.5083 -7.45381 -9.54706 -23.1999 -0.961841 38.2995 -23.6354 4.65873 4.35109 3.7326 0 0 0 0.218683 2.89945 0.0271378 0 0 0 0 0.00199162 2.384 303 47 1 1 0
./complex_md-fit_797.pdb BC A 7.58434 33.9498 -9.72184 -7.69546 -10.0702 -20.9285 -0.843127 35.8253 -21.3303 5.38996 6.07545 3.10996 0 0 0 0.722403 2.08636 0.02271 0 0 0 0 0 2.384 303 47 1 1 0
./complex_md-fit_798.pdb BC A 9.31621 34.0176 -11.5904 -6.71878 -11.7522 -22.7688 -1.13481 38.7351 -23.1527 5.29922 7.05277 2.69275 0 0 0 0.136499 3.3432 0.0205302 0 0 0 0 0 2.384 303 49 0 0 0
./complex_md-fit_799.pdb BC A 7.38555 30.9779 -10.3373 -8.21849 -11.8028 -22.4009 -1.16955 39.6561 -22.081 4.82344 7.0079 3.55967 0 0 0 0.280974 2.39151 1.11022e-16 0 0 0 0 0.00733258 2.384 303 50 0 0 0
./complex_md-fit_79.pdb BC A 10.9336 34.2747 -13.1974 -8.17499 -10.9779 -21.8036 -0.764103 37.6994 -21.3484 1.2074 7.05969 3.4647 0 0 0 0.405508 2.53804 0 0 0 0 0 0.0348904 2.384 303 49 0 0 0
./complex_md-fit_7.pdb BC A 8.77511 35.3926 -10.7557 -6.29863 -11.642 -21.4324 -0.718519 37.1355 -21.6749 4.75569 7.06021 1.87743 0 0 0 0.181968 2.71098 0 0 0 0 0 0 2.384 303 51 0 0 0
./complex_md-fit_800.pdb BC A 9.23315 36.2585 -12.8016 -7.14385 -12.8895 -22.3475 -0.943851 38.4542 -22.2508 3.72895 6.71886 3.64958 0 0 0 0.222338 2.13905 0 0 0 0 0 0 2.384 303 48 0 0 0
./complex_md-fit_801.pdb BC A 8.5592 33.7562 -14.4761 -6.74355 -11.3658 -21.0095 -0.974916 34.4823 -21.3813 3.88559 5.07381 3.21705 0 0 0 0.332073 1.94778 0 0 0 0 0 0.00799622 2.384 303 47 0 0 0
./complex_md-fit_802.pdb BC A 7.99469 28.1288 -12.7359 -6.02923 -12.1008 -22.7363 -0.809735 38.7025 -23.0841 2.32118 7.20065 3.24524 0 0 0 0.554703 3.23534 -5.55112e-17 0 0 0 0 0 2.384 303 48 0 0 0
./complex_md-fit_803.pdb BC A 7.93032 30.9656 -10.8331 -7.59304 -12.4205 -22.5484 -0.966368 39.0418 -22.6194 4.838 7.60466 3.54022 0 0 0 0.283568 2.10783 0 0 0 0 0 0.00625514 2.384 303 51 1 1 0
./complex_md-fit_804.pdb BC A 6.93281 37.4246 -9.1167 -7.43158 -11.6709 -23.2581 -0.970727 38.3873 -23.7337 8.74724 6.86566 3.60975 0 0 0 0.303098 2.19186 0.0207881 0 0 0 0 0.0144055 2.384 303 52 4 4 0
./complex_md-fit_805.pdb BC A 7.34177 31.8857 -13.2432 -5.90083 -13.5619 -23.2596 -1.17795 39.0938 -23.5476 4.13005 6.66636 3.86715 0 0 0 0.445571 2.54834 0 0 0 0 0 0.00181641 2.384 303 48 0 0 0
./complex_md-fit_806.pdb BC A 7.1275 27.3135 -13.8874 -9.9423 -12.6684 -22.7758 -1.08752 38.2718 -23.2657 5.79352 8.41665 3.28351 0 0 0 0.0683469 2.02895 0 0 0 0 0 0.0184555 2.384 303 50 2 2 0
./complex_md-fit_807.pdb BC A 8.16284 33.0022 -19.308 -7.72164 -13.5574 -22.0636 -1.02255 35.141 -22.6987 3.0127 5.79328 3.47993 0 0 0 0.328882 1.86679 1.11022e-16 0 0 0 0 0 2.384 303 49 0 0 0
./complex_md-fit_808.pdb BC A 6.8896 33.8186 -15.3993 -7.11037 -11.1394 -21.3921 -0.732859 35.2482 -22.0131 2.56133 5.59559 3.12666 0 0 0 0.449872 2.31887 2.77556e-17 0 0 0 0 0.00679671 2.384 303 48 0 0 0
./complex_md-fit_809.pdb BC A 7.13913 38.3653 -11.7419 -6.50382 -11.142 -22.7761 -0.978526 38.6838 -23.4514 4.18817 5.56697 4.37448 0 0 0 0.282166 2.11594 -1.11022e-16 0 0 0 0 0.014456 2.384 303 51 2 2 0
./complex_md-fit_80.pdb BC A 7.97133 34.5871 -6.5064 -6.39589 -12.0279 -23.7331 -1.08362 42.0142 -23.4807 8.69348 6.9417 2.41623 0 0 0 0.149236 2.31189 0 0 0 0 0 0 2.384 303 51 1 1 0
./complex_md-fit_810.pdb BC A 8.51059 36.4038 -16.795 -9.61252 -12.9914 -22.1009 -1.00934 36.0556 -22.5442 4.60531 6.84357 3.61671 0 0 0 0.333639 1.97338 0 0 0 0 0 0.00861711 2.384 303 48 2 2 0
./complex_md-fit_811.pdb BC A 6.99055 29.9634 -10.9466 -6.76809 -11.4317 -22.7491 -0.95785 38.0327 -22.7749 6.56616 4.91551 4.01149 0 0 0 0.189247 2.27544 0 0 0 0 0 0.02008 2.384 303 48 4 4 0
./complex_md-fit_812.pdb BC A 6.87522 33.5617 -11.2742 -8.29678 -10.7709 -23.7342 -0.960796 41.7032 -23.7878 3.2427 7.44791 3.45929 0 0 0 0.400874 2.78784 0.0222803 0 0 0 0 0 2.384 303 49 0 0 0
./complex_md-fit_813.pdb BC A 7.92298 30.053 -6.15466 -5.17791 -8.11587 -22.0787 -0.642134 38.0857 -22.6225 5.25439 5.89805 3.11376 0 0 0 0.130579 2.18377 0 0 0 0 0 0 2.384 303 46 1 1 0
./complex_md-fit_814.pdb BC A 6.27573 36.2765 -6.9628 -7.40467 -9.44584 -23.1534 -1.06896 39.1311 -23.2114 5.62265 7.68649 4.37455 0 0 0 0.506681 2.10524 0 0 0 0 0 0 2.384 303 48 2 2 0
./complex_md-fit_815.pdb BC A 7.04553 30.2773 -10.4273 -4.51533 -12.7118 -20.5116 -0.991181 35.3281 -20.2694 4.28764 6.06438 2.33395 0 0 0 0.557959 1.76332 0 0 0 0 0 0 2.384 303 47 2 2 0
./complex_md-fit_816.pdb BC A 8.16954 39.0021 -4.88257 -2.98988 -8.7521 -21.3436 -0.956961 36.032 -21.299 5.54124 5.01405 3.68336 0 0 0 0.181771 2.12302 0 0 0 0 0 0.00658806 2.384 303 47 2 2 0
./complex_md-fit_817.pdb BC A 7.44869 41.912 -16.7285 -7.23141 -12.2464 -21.512 -0.883607 35.0215 -21.6994 2.31194 5.95959 3.34032 0 0 0 0.203977 2.27982 0 0 0 0 0 0.00694732 2.384 303 49 0 0 0
./complex_md-fit_818.pdb BC A 9.00911 23.8972 -9.84354 -7.88133 -10.0022 -22.0576 -0.976183 37.1292 -22.4319 4.87176 7.25416 3.65201 0 0 0 0.598541 2.0649 0 0 0 0 0 0 2.384 303 47 0 0 0
./complex_md-fit_819.pdb BC A 7.90027 35.009 -11.2206 -5.43874 -11.182 -23.2062 -1.15573 39.5163 -23.108 4.9301 5.16752 3.04675 0 0 0 0.209396 2.97909 5.55112e-17 0 0 0 0 0 2.384 303 49 1 1 0
./complex_md-fit_81.pdb BC A 7.02123 26.0732 -8.77861 -7.20523 -12.4522 -22.6874 -1.16059 40.4496 -22.5436 4.67393 7.78101 3.51403 0 0 0 0.845658 2.33625 0 0 0 0 0 0.00612113 2.384 303 48 1 1 0
./complex_md-fit_820.pdb BC A 8.09105 30.6495 -11.3436 -6.83487 -13.2153 -23.2861 -1.17523 40.0051 -23.6286 5.46172 8.53124 2.48376 0 0 0 0.2934 2.26524 0.0213382 0 0 0 0 0 2.384 303 50 2 2 0
./complex_md-fit_821.pdb BC A 8.17904 27.2573 -13.3641 -6.44987 -12.7131 -22.4311 -1.01928 38.1775 -22.2094 2.39566 7.41345 3.32656 0 0 0 0.145482 2.66139 0 0 0 0 0 0 2.384 303 48 0 0 0
./complex_md-fit_822.pdb BC A 7.64913 26.1909 -12.2961 -7.73091 -11.8076 -23.0427 -0.977876 39.4206 -22.7767 3.61723 6.68974 3.9446 0 0 0 0.367524 2.61639 0 0 0 0 0 0 2.384 303 49 0 0 0
./complex_md-fit_823.pdb BC A 7.56708 30.5593 -12.8725 -7.24054 -13.1441 -22.9005 -0.959157 39.2588 -23.2625 2.32127 8.11769 4.338 0 0 0 0.573503 2.60319 0.0250278 0 0 0 0 0 2.384 303 47 0 0 0
./complex_md-fit_824.pdb BC A 6.28251 37.9652 -7.17056 -5.91449 -10.1228 -22.1367 -0.966035 38.3466 -22.2298 5.40309 6.78106 2.75 0 0 0 0.918425 2.01788 0 0 0 0 0 0 2.384 303 47 2 2 0
./complex_md-fit_825.pdb BC A 6.28454 30.6974 -12.0276 -7.64727 -13.3179 -22.2744 -1.0344 37.451 -22.6497 4.03393 9.3296 3.73226 0 0 0 0.328776 2.75608 0 0 0 0 0 0.0206402 2.384 303 48 0 0 0
./complex_md-fit_826.pdb BC A 6.99268 33.5595 -12.7706 -6.81811 -11.8247 -21.9207 -0.835558 36.0764 -22.1227 3.40092 6.2023 4.63457 0 0 0 0.43698 1.97137 0 0 0 0 0 0 2.384 303 47 0 0 0
./complex_md-fit_827.pdb BC A 7.71361 40.3891 -13.6799 -5.07914 -13.5781 -22.2386 -0.940024 37.6141 -22.5625 2.1335 7.26805 3.30697 0 0 0 0.3958 3.34573 0 0 0 0 0 0 2.384 303 47 0 0 0
./complex_md-fit_828.pdb BC A 7.23811 31.82 -15.2291 -7.66296 -13.1786 -22.0816 -0.731052 36.9896 -22.2333 2.02149 7.42692 3.84562 0 0 0 0.366811 2.23058 0 0 0 0 0 0.00801919 2.384 303 46 0 0 0
./complex_md-fit_829.pdb BC A 10.0088 28.1296 -6.59573 -3.47764 -11.831 -22.206 -0.931336 39.2178 -22.0536 5.45444 6.31185 2.7473 0 0 0 0.153233 2.38137 0 0 0 0 0 0.0191618 2.384 303 45 0 0 0
./complex_md-fit_82.pdb BC A 7.71834 31.6588 -12.7353 -7.82193 -10.5965 -22.2599 -0.94642 37.8738 -21.9937 1.3468 6.63109 4.91285 0 0 0 0.104054 2.01891 0.0145657 0 0 0 0 -1.11022e-16 2.384 303 51 0 0 0
./complex_md-fit_830.pdb BC A 6.86447 36.4717 -13.0948 -5.65038 -14.8377 -23.0615 -1.05883 39.9847 -22.9728 4.07019 7.57717 2.61574 0 0 0 0.204066 3.09323 0.0251761 0 0 0 0 0.0093734 2.384 303 48 1 1 0
./complex_md-fit_831.pdb BC A 7.70186 34.8237 -13.0405 -6.77547 -12.85 -22.57 -1.04569 38.2567 -22.7867 4.22409 6.25715 3.82526 0 0 0 0.424224 1.84953 -1.11022e-16 0 0 0 0 0 2.384 303 50 0 0 0
./complex_md-fit_832.pdb BC A 8.98542 37.7865 -13.1434 -5.76046 -11.4979 -23.1184 -1.06341 38.4661 -23.5921 3.43914 6.58974 2.89769 0 0 0 0.48113 2.94532 0 0 0 0 0 0.0151679 2.384 303 49 0 0 0
./complex_md-fit_833.pdb BC A 7.07759 29.7528 -6.04502 -4.80722 -8.05022 -21.6684 -0.691411 37.1994 -22.2966 4.788 6.13013 3.01766 0 0 0 0.322606 2.88239 0 0 0 0 0 0.0109862 2.384 303 52 1 1 0
./complex_md-fit_834.pdb BC A 8.23238 36.2961 -14.1429 -6.8104 -14.1258 -22.0719 -1.18528 37.2114 -22.108 4.57889 6.9259 3.11587 0 0 0 0.319794 1.73171 0 0 0 0 0 0.00656079 2.384 303 47 1 1 0
./complex_md-fit_835.pdb BC A 8.13248 30.3363 -14.3002 -6.9537 -9.80554 -22.3481 -0.968099 36.5099 -23.1957 3.18811 5.80155 3.25617 0 0 0 0.185038 1.83545 0.0248464 0 0 0 0 0.0053379 2.384 303 47 0 0 0
./complex_md-fit_836.pdb BC A 6.98317 35.7875 -10.6408 -6.10773 -11.0648 -22.7794 -0.964062 37.7003 -23.1917 5.52385 6.06036 3.84951 0 0 0 0.309265 3.27623 0.0234524 0 0 0 0 0 2.384 303 49 2 2 0
./complex_md-fit_837.pdb BC A 6.35814 32.3633 -13.6944 -7.0561 -13.0667 -22.2627 -1.16258 37.6355 -22.1246 3.78898 6.69055 3.70808 0 0 0 0.15503 1.82691 0 0 0 0 0 0.000145593 2.384 303 47 2 2 0
./complex_md-fit_838.pdb BC A 7.61416 34.2893 -14.3332 -6.59079 -12.3652 -21.1071 -0.914385 35.9361 -21.1836 1.53965 6.54853 3.64925 0 0 0 0.163828 2.16191 -0.00943857 0 0 0 0 0 2.384 303 50 0 0 0
./complex_md-fit_839.pdb BC A 7.57282 32.3345 -13.4779 -6.57799 -14.5028 -23.4898 -1.08996 40.7593 -23.8564 3.63976 7.41289 3.92451 0 0 0 0.302598 1.97762 0 0 0 0 0 0 2.384 303 47 0 0 0
./complex_md-fit_83.pdb BC A 9.95714 32.0733 -11.3574 -5.50139 -13.445 -22.6177 -1.05278 40.2238 -22.128 2.6976 6.64587 3.17664 0 0 0 0.64349 1.88227 0 0 0 0 0 0 2.384 303 50 0 0 0
./complex_md-fit_840.pdb BC A 8.12542 32.2186 -5.07323 -4.06118 -10.8161 -22.5187 -0.97401 40.9861 -22.0616 3.2898 7.57907 3.24844 0 0 0 0.231395 2.14482 0.0199872 0 0 0 0 0.00359472 2.384 303 48 0 0 0
./complex_md-fit_841.pdb BC A 10.2597 39.5391 -10.6 -8.51645 -11.4433 -22.5284 -0.90932 38.4058 -22.4054 3.78104 8.59342 4.20964 0 0 0 0.19965 2.27124 0 0 0 0 0 0.013256 2.384 303 47 0 0 0
./complex_md-fit_842.pdb BC A 7.32463 37.8663 -11.3566 -7.14282 -10.5403 -21.4568 -0.959669 35.5408 -21.9046 5.05212 6.10129 3.63927 0 0 0 0.312133 1.91525 5.55112e-17 0 0 0 0 0.0020162 2.384 303 50 0 0 0
./complex_md-fit_843.pdb BC A 6.96939 31.6964 -6.24939 -4.38138 -10.9684 -23.929 -0.91067 42.532 -24.4849 4.6318 7.00739 3.80895 0 0 0 0.444737 2.98874 -2.77556e-17 0 0 0 0 0 2.384 303 48 0 0 0
./complex_md-fit_844.pdb BC A 8.65249 28.8067 -13.5862 -7.81413 -12.5363 -22.6682 -1.081 38.4361 -23.0959 3.39174 7.23913 4.06475 0 0 0 0.477685 2.10505 0 0 0 0 0 0 2.384 303 48 0 0 0
./complex_md-fit_845.pdb BC A 7.44018 31.8439 -11.9671 -7.38132 -10.8595 -22.8324 -0.898363 38.1824 -23.3565 3.9303 6.78436 4.00919 0 0 0 0.419283 1.76673 0.0224765 0 0 0 0 0.01291 2.384 303 48 1 1 0
./complex_md-fit_846.pdb BC A 10.6625 35.0484 -8.53198 -5.42967 -9.76796 -23.2891 -0.888717 39.8457 -23.9131 5.19535 6.11932 3.32305 0 0 0 0.245727 3.3188 0.0200794 0 0 0 0 0.00738072 2.384 303 49 1 1 0
./complex_md-fit_847.pdb BC A 8.25109 33.6081 -10.0326 -5.45641 -9.9773 -21.3575 -0.922026 35.5707 -21.8761 5.81796 5.62929 2.05174 0 0 0 0.416853 2.80623 0.0702115 0 0 0 0 0 2.384 303 48 0 0 0
./complex_md-fit_848.pdb BC A 8.24934 28.633 -4.20832 -3.96315 -11.2383 -22.0528 -1.0028 38.5088 -21.7561 7.63436 5.70872 3.30622 0 0 0 0.646648 2.27033 0 0 0 0 0 0 2.384 303 48 2 2 0
./complex_md-fit_849.pdb BC A 7.91734 27.7882 -9.70333 -5.08234 -9.82594 -21.1739 -0.804439 35.0014 -21.214 3.58758 6.15732 3.09666 0 0 0 0.529115 2.77519 0.0202675 0 0 0 0 0.00493997 2.384 303 49 0 0 0
./complex_md-fit_84.pdb BC A 6.2835 29.3198 -7.01781 -6.37333 -10.413 -22.4167 -0.957801 39.6466 -21.7499 6.27068 6.12033 2.56476 0 0 0 0.277758 2.22882 0.00276476 0 0 0 0 0.0100568 2.384 303 54 2 2 0
./complex_md-fit_850.pdb BC A 6.83357 31.9758 -9.058 -6.82038 -10.3574 -21.1032 -0.818261 36.5756 -21.2672 3.10811 7.34869 3.98881 0 0 0 0.287194 2.60083 6.93889e-18 0 0 0 0 0 2.384 303 45 0 0 0
./complex_md-fit_851.pdb BC A 7.49522 39.1058 -12.9478 -7.18858 -10.8342 -19.7432 -0.841735 32.0517 -20.2294 4.65743 5.20153 2.973 0 0 0 0.9821 1.48109 0.0234506 0 0 0 0 0 2.384 303 46 1 1 0
./complex_md-fit_852.pdb BC A 6.79377 42.2879 -12.8171 -6.8454 -10.7695 -20.588 -0.809494 34.2381 -20.7517 4.0518 4.11634 4.3432 0 0 0 0.197539 1.60391 0 0 0 0 0 0 2.384 303 46 2 2 0
./complex_md-fit_853.pdb BC A 6.54955 37.0981 -6.42846 -6.37947 -9.89521 -22.2795 -0.873196 37.0341 -22.8807 6.30885 8.0165 4.22953 0 0 0 0.25139 2.34853 0.0261762 0 0 0 0 0.0130032 2.384 303 47 2 2 0
./complex_md-fit_854.pdb BC A 7.90383 29.8563 -14.5465 -6.51911 -12.9215 -21.9483 -0.910258 35.9042 -22.6057 3.64663 7.11428 3.48061 0 0 0 0.192336 3.01139 0.0202645 0 0 0 0 0 2.384 303 46 0 0 0
./complex_md-fit_855.pdb BC A 8.25134 30.0116 -7.53515 -4.07148 -11.5927 -22.4273 -0.943965 40.5509 -22.5103 3.43202 6.87289 2.85357 0 0 0 0.276702 2.1954 0.0245434 0 0 0 0 0 2.384 303 45 2 2 0
./complex_md-fit_856.pdb BC A 6.56554 33.1168 -12.0472 -6.86699 -12.8484 -22.8859 -0.884408 39.5764 -22.8209 4.00161 7.1673 3.25555 0 0 0 0.258559 2.29197 0 0 0 0 0 0 2.384 303 48 0 0 0
./complex_md-fit_857.pdb BC A 8.81969 34.8998 -11.0993 -4.92061 -12.3763 -22.0397 -1.15832 36.7628 -22.2776 4.51233 6.42029 3.85504 0 0 0 0.118215 2.78311 0 0 0 0 0 0.00453824 2.384 303 47 2 2 0
./complex_md-fit_858.pdb BC A 7.90891 26.9491 -11.7455 -7.97529 -15.5995 -22.5926 -1.11361 40.0793 -22.6065 4.45693 8.75167 4.31025 0 0 0 0.538522 2.18178 0 0 0 0 0 0.00535318 2.384 303 46 2 2 0
./complex_md-fit_859.pdb BC A 11.413 30.6172 -14.7435 -7.3712 -14.4762 -23.0596 -1.1863 39.2761 -22.8157 3.47159 7.58415 3.46202 0 0 0 0.36683 1.82676 0 0 0 0 0 0.00491949 2.384 303 48 0 0 0
./complex_md-fit_85.pdb BC A 7.73953 30.5821 -1.02137 -5.68918 -8.63932 -21.9546 -0.946885 40.4097 -21.8556 7.77601 5.7408 3.81786 0 0 0 0.311971 2.14404 0 0 0 0 0 0.00790574 2.384 303 49 4 4 0
./complex_md-fit_860.pdb BC A 8.60524 33.5076 -15.3222 -6.73459 -16.2235 -22.5937 -1.24702 39.6323 -22.516 2.61839 7.98487 3.28227 0 0 0 0.474879 1.88848 0 0 0 0 0 0 2.384 303 47 0 0 0
./complex_md-fit_861.pdb BC A 7.80565 31.892 -14.8853 -7.56398 -13.7784 -21.9495 -1.03989 37.0919 -22.4796 4.83924 6.62717 2.95317 0 0 0 0.388436 1.94495 0.0210363 0 0 0 0 0.0051718 2.384 303 48 2 2 0
./complex_md-fit_862.pdb BC A 10.4255 23.5222 -9.27402 -6.11237 -11.2165 -21.4019 -1.04587 35.5136 -21.5321 5.48023 5.67134 4.63325 0 0 0 0.713278 2.11295 0.023072 0 0 0 0 0 2.384 303 47 0 0 0
./complex_md-fit_863.pdb BC A 6.48142 32.9342 -9.60535 -5.36729 -10.7024 -23.765 -0.961148 40.5592 -24.2806 4.18102 6.13688 3.83079 0 0 0 0.754978 2.49568 1.11022e-16 0 0 0 0 0.00815911 2.384 303 50 1 1 0
./complex_md-fit_864.pdb BC A 6.07048 33.711 -6.51207 -6.29259 -11.2706 -23.1598 -1.21644 41.1471 -22.9463 5.58748 8.09478 3.22339 0 0 0 0.26438 2.16136 0.0411905 0 0 0 0 0.0152819 2.384 303 45 0 0 0
./complex_md-fit_865.pdb BC A 7.37506 28.4626 -7.08259 -7.07236 -11.1747 -22.8595 -0.852733 39.3236 -22.8941 5.08227 8.91798 3.99482 0 0 0 0.434495 2.62843 0 0 0 0 0 0.0176094 2.384 303 48 1 1 0
./complex_md-fit_866.pdb BC A 7.83501 38.3513 -20.0291 -6.49075 -16.157 -23.2873 -1.05665 39.617 -23.0856 1.20875 5.80548 3.34035 0 0 0 0.0767166 3.39026 0 0 0 0 0 0 2.384 303 47 0 0 0
./complex_md-fit_867.pdb BC A 5.9507 31.6977 -13.1397 -6.60848 -14.7396 -21.5103 -0.931508 37.817 -21.162 3.31833 7.06871 3.22708 0 0 0 0.374457 1.88168 0 0 0 0 0 0.00658467 2.384 303 46 0 0 0
./complex_md-fit_868.pdb BC A 8.54221 27.3618 -14.9193 -5.63038 -12.7743 -21.0217 -0.770253 35.4835 -21.0035 1.84193 4.93911 3.83019 0 0 0 0.186164 2.19801 0 0 0 0 0 0 2.384 303 48 0 0 0
./complex_md-fit_869.pdb BC A 7.30824 32.7682 -9.79695 -5.12044 -10.5011 -22.1871 -0.901443 39.287 -22.0045 3.84275 5.09061 2.32293 0 0 0 0.374309 2.75738 0 0 0 0 0 0 2.384 303 46 0 0 0
./complex_md-fit_86.pdb BC A 9.17449 37.2167 -4.92315 -3.32036 -14.7329 -20.8158 -1.11321 38.8974 -19.5628 5.62303 7.70155 2.16268 0 0 0 0.237288 2.86882 0 0 0 0 0 0 2.384 303 51 2 2 0
./complex_md-fit_870.pdb BC A 7.72996 30.235 -13.1026 -7.08121 -10.2284 -22.7175 -0.955731 38.9484 -22.9237 2.98105 4.70928 3.80708 0 0 0 0.358044 2.66137 0 0 0 0 0 0 2.384 303 48 0 0 0
./complex_md-fit_871.pdb BC A 6.73391 32.3985 -10.1939 -6.12013 -10.7419 -21.9223 -0.950448 37.6513 -21.5392 5.26447 5.88153 2.05758 0 0 0 0.216477 2.12447 0 0 0 0 0 0.00880891 2.384 303 46 1 1 0
./complex_md-fit_872.pdb BC A 7.86553 31.6677 -10.5684 -6.09173 -12.6553 -21.0992 -0.809497 36.3663 -20.9807 4.95043 6.37611 3.16394 0 0 0 0.197081 2.19258 0 0 0 0 0 0.014085 2.384 303 46 0 0 0
./complex_md-fit_873.pdb BC A 7.60619 25.5404 -9.46378 -6.19765 -10.888 -21.988 -0.704127 37.6623 -22.1887 4.09937 7.11712 3.08494 0 0 0 0.539083 2.26439 0 0 0 0 0 0 2.384 303 48 0 0 0
./complex_md-fit_874.pdb BC A 11.3808 32.7423 -9.70724 -5.04202 -11.4971 -21.3268 -0.835824 36.0783 -21.5949 4.32462 6.07777 3.6294 0 0 0 0.479253 2.1863 0 0 0 0 0 0 2.384 303 45 0 0 0
./complex_md-fit_875.pdb BC A 7.18385 34.0153 -14.7544 -5.34486 -13.8231 -23.5667 -0.741364 38.5555 -24.221 3.53677 6.48001 3.96388 0 0 0 0.398629 3.77924 0 0 0 0 0 0.00776548 2.384 303 45 0 0 0
./complex_md-fit_876.pdb BC A 7.91616 32.3178 -9.56373 -6.21856 -11.2824 -23.0025 -0.88118 40.2018 -23.1528 4.33202 5.53763 4.14018 0 0 0 0.762044 2.37304 0 0 0 0 0 0 2.384 303 47 0 0 0
./complex_md-fit_877.pdb BC A 7.31675 31.1134 -9.3121 -6.28987 -9.33935 -21.7703 -0.958874 36.7873 -22.0998 4.87143 5.37377 3.98657 0 0 0 0.105354 2.31409 0 0 0 0 0 0.0215806 2.384 303 47 1 1 0
./complex_md-fit_878.pdb BC A 7.58969 32.6811 -9.97995 -4.94197 -9.76425 -22.5008 -0.708875 36.7712 -23.1432 6.54618 5.4067 2.05536 0 0 0 0.286014 3.81116 0 0 0 0 0 0.0137034 2.384 303 50 1 1 0
./complex_md-fit_879.pdb BC A 9.43102 29.2837 -11.3334 -5.02453 -10.9603 -22.2764 -0.937357 37.742 -22.3968 3.50034 5.8712 2.59618 0 0 0 0.55223 2.57602 2.77556e-17 0 0 0 0 0 2.384 303 46 0 0 0
./complex_md-fit_87.pdb BC A 8.1155 23.4067 -11.9702 -6.2733 -15.4787 -21.9301 -0.93933 38.8011 -21.2058 4.79384 7.3996 2.69773 0 0 0 0.164723 2.29947 0 0 0 0 0 0 2.384 303 51 0 0 0
./complex_md-fit_880.pdb BC A 6.13899 29.9232 -17.0551 -6.83884 -11.7915 -22.528 -0.806751 36.6962 -23.1557 2.30958 5.71075 2.93708 0 0 0 0.386142 2.51835 0.0204873 0 0 0 0 0.00540262 2.384 303 47 0 0 0
./complex_md-fit_881.pdb BC A 6.27875 33.3339 -11.5211 -7.26393 -12.9561 -23.0167 -1.07996 38.0459 -23.6298 6.28265 8.18811 3.32211 0 0 0 0.55031 2.64472 0.0197275 0 0 0 0 0.0167174 2.384 303 48 1 1 0
./complex_md-fit_882.pdb BC A 7.16992 34.6008 -13.0898 -4.71961 -11.4103 -23.3582 -0.994397 38.8376 -23.7914 2.10437 6.14541 3.68454 0 0 0 0.412137 2.87887 0 0 0 0 0 0 2.384 303 47 0 0 0
./complex_md-fit_883.pdb BC A 8.26005 32.9924 -12.8824 -5.78019 -11.657 -22.5025 -0.798966 35.4475 -22.9839 5.8542 5.70017 3.35494 0 0 0 0.4298 2.68146 0.0450805 0 0 0 0 0.008357 2.384 303 44 0 0 0
./complex_md-fit_884.pdb BC A 7.43653 30.685 -11.3602 -4.04388 -10.2923 -21.4273 -0.901419 34.8845 -22.1121 4.95898 3.9909 3.28987 0 0 0 0.25587 1.96645 0.0200804 0 0 0 0 0.0166575 2.384 303 52 1 1 0
./complex_md-fit_885.pdb BC A 10.2838 35.5843 -9.0552 -5.49333 -10.4338 -21.155 -0.932438 34.5403 -22.1116 6.17486 5.91954 3.62931 0 0 0 0.798347 2.85574 0.00665947 0 0 0 0 0.00191416 2.384 303 46 2 2 0
./complex_md-fit_886.pdb BC A 6.71548 33.3712 -10.8754 -7.24977 -10.1197 -24.1592 -0.781718 38.4881 -25.2564 5.66011 7.24159 4.92851 0 0 0 0.373123 2.22553 5.55112e-17 0 0 0 0 0 2.384 303 47 0 0 0
./complex_md-fit_887.pdb BC A 7.8254 28.1636 -15.1595 -9.61283 -15.2546 -22.9769 -1.04538 38.6233 -23.3272 5.04378 9.87831 3.32494 0 0 0 0.197925 3.07571 -0.0109875 0 0 0 0 0 2.384 303 46 1 1 0
./complex_md-fit_888.pdb BC A 9.03004 32.2176 -12.7602 -7.8902 -11.1087 -22.2975 -0.72076 37.3326 -22.487 3.68082 6.00335 4.05999 0 0 0 0.684428 1.69114 -0.0173862 0 0 0 0 0 2.384 303 46 0 0 0
./complex_md-fit_889.pdb BC A 7.22926 35.6569 -14.1772 -6.76825 -14.2687 -20.1404 -1.02859 34.673 -20.0149 4.24772 6.13236 2.71392 0 0 0 0.270322 1.99839 0 0 0 0 0 0.00641504 2.384 303 46 2 2 0
./complex_md-fit_88.pdb BC A 8.76346 24.3572 -8.34179 -6.30125 -13.1074 -23.019 -1.111 40.4952 -22.5253 5.45781 8.25869 3.23019 0 0 0 0.280365 2.51039 0 0 0 0 0 0 2.384 303 48 0 0 0
./complex_md-fit_890.pdb BC A 7.21397 35.6029 -8.71252 -6.301 -13.2555 -21.4701 -0.952004 38.6316 -21.168 4.92366 8.10325 2.42142 0 0 0 0.332403 2.15768 0.0217348 0 0 0 0 0 2.384 303 48 2 2 0
./complex_md-fit_891.pdb BC A 6.1513 30.1078 -12.73 -6.78245 -11.2383 -20.9716 -0.691487 36.1848 -21.0999 2.89538 6.24854 2.52078 0 0 0 0.216751 2.0731 -0.01908 0 0 0 0 0.00642607 2.384 303 47 0 0 0
./complex_md-fit_892.pdb BC A 7.06668 32.4408 -12.681 -7.1046 -10.4276 -21.8539 -0.857247 37.2039 -22.0979 2.64702 6.45632 3.09033 0 0 0 0.254692 1.89195 0.00616394 0 0 0 0 0.00170968 2.384 303 46 0 0 0
./complex_md-fit_893.pdb BC A 6.57726 26.588 -8.26819 -7.31116 -10.0969 -21.517 -0.879923 38.2213 -21.9889 5.50005 6.97049 2.31846 0 0 0 0.515345 2.21277 -1.11022e-16 0 0 0 0 0 2.384 303 46 2 2 0
./complex_md-fit_894.pdb BC A 10.2709 31.5656 -10.9553 -8.07595 -11.7164 -23.2834 -0.859142 40.7534 -23.5155 5.34227 7.15167 2.89328 0 0 0 0.354522 3.32418 -1.38778e-17 0 0 0 0 0 2.384 303 46 0 0 0
./complex_md-fit_895.pdb BC A 7.08195 39.2944 -15.8001 -10.1893 -13.3139 -22.1472 -1.03573 37.7288 -22.0759 4.38541 7.4961 2.85827 0 0 0 0.468316 2.22798 0.0249223 0 0 0 0 0 2.384 303 49 1 1 0
./complex_md-fit_896.pdb BC A 7.24708 33.8964 -14.7238 -8.78049 -13.7196 -21.913 -0.984809 37.3167 -22.3509 4.24358 7.15361 3.81199 0 0 0 0.5133 2.09476 -0.014237 0 0 0 0 0 2.384 303 48 0 0 0
./complex_md-fit_897.pdb BC A 8.46954 32.6369 -10.906 -6.52049 -13.0249 -21.0634 -1.02908 36.2068 -21.1693 5.06692 6.95968 3.41431 0 0 0 0.217936 2.26878 0.0214806 0 0 0 0 0.0140303 2.384 303 45 2 2 0
./complex_md-fit_898.pdb BC A 6.8137 29.8644 -13.5231 -7.94865 -12.9993 -21.9939 -0.877691 37.5525 -21.914 3.68835 7.26809 3.55858 0 0 0 0.133634 2.19126 0.000113008 0 0 0 0 0.00911962 2.384 303 47 2 2 0
./complex_md-fit_899.pdb BC A 8.57911 28.8497 -16.7927 -7.17259 -10.8605 -21.9398 -0.826329 34.9096 -22.7372 2.48751 5.36799 3.6523 0 0 0 0.334566 1.77279 -0.013669 0 0 0 0 0.00543694 2.384 303 48 0 0 0
./complex_md-fit_89.pdb BC A 6.20244 28.575 -7.54556 -6.14875 -9.09041 -21.5175 -0.956726 38.3249 -21.0081 4.00607 5.90341 2.51874 0 0 0 0.4184 2.22531 0 0 0 0 0 0.00441426 2.384 303 52 2 2 0
./complex_md-fit_8.pdb BC A 6.63528 28.6746 -8.16717 -4.14467 -12.1512 -21.3378 -0.594157 37.0658 -21.822 3.7018 8.3481 2.05029 0 0 0 0.706209 1.70673 0.00566611 0 0 0 0 0.00477734 2.384 303 49 0 0 0
./complex_md-fit_900.pdb BC A 8.22191 28.1028 -7.15074 -4.33645 -7.78756 -20.5177 -0.861436 35.3801 -20.6879 3.15819 5.14809 3.19024 0 0 0 0.136302 2.13948 0.0273835 0 0 0 0 0 2.384 303 47 0 0 0
./complex_md-fit_901.pdb BC A 9.12618 25.6481 -10.334 -7.13225 -11.7739 -21.3347 -1.07759 35.9913 -21.4982 5.49638 6.88531 3.77694 0 0 0 0.265277 2.033 0.0540141 0 0 0 0 0.013428 2.384 303 45 1 1 0
./complex_md-fit_902.pdb BC A 6.03883 29.8302 -14.7093 -7.18612 -13.901 -21.7247 -0.915771 35.5431 -22.3248 4.98683 7.29534 3.17471 0 0 0 0.33734 1.91783 0 0 0 0 0 0.00575941 2.384 303 47 2 2 0
./complex_md-fit_903.pdb BC A 6.12937 26.0156 -15.4593 -9.58368 -14.4126 -23.5281 -1.05508 39.0359 -24.0754 5.8003 8.19909 4.0372 0 0 0 0.094266 2.25202 0.0203412 0 0 0 0 0.00838268 2.384 303 48 2 2 0
./complex_md-fit_904.pdb BC A 8.93284 25.9716 -8.54385 -7.53989 -11.6914 -22.9276 -0.818936 38.6432 -23.6491 6.89284 8.85835 3.16299 0 0 0 0.54608 3.20364 -0.0204191 0 0 0 0 0 2.384 303 49 2 2 0
./complex_md-fit_905.pdb BC A 9.42409 33.1333 -5.32043 -7.39738 -9.18801 -21.8504 -0.984728 39.0931 -22.0082 5.403 7.8627 3.14446 0 0 0 0.605079 1.94121 0 0 0 0 0 0 2.384 303 50 0 0 0
./complex_md-fit_906.pdb BC A 7.04647 33.9559 -14.9952 -7.51916 -11.4498 -21.6731 -0.851245 36.3016 -22.2087 2.06168 6.93629 3.12453 0 0 0 0.282691 2.06303 0 0 0 0 0 0 2.384 303 48 0 0 0
./complex_md-fit_907.pdb BC A 7.81729 32.8923 -8.08354 -5.15031 -9.10944 -20.7958 -0.914736 35.9521 -20.4699 3.9034 5.03237 3.24299 0 0 0 0.223048 1.98886 0.00279103 0 0 0 0 0 2.384 303 48 0 0 0
./complex_md-fit_908.pdb BC A 7.72602 39.6539 -9.7467 -6.53663 -9.84546 -21.732 -0.679524 37.4199 -22.0176 3.32993 5.58091 4.14612 0 0 0 0.606913 2.21903 -0.0192775 0 0 0 0 0 2.384 303 46 0 0 0
./complex_md-fit_909.pdb BC A 7.49124 28.813 -10.7563 -6.00735 -12.6787 -22.184 -0.863607 38.5978 -21.8537 5.37465 6.44624 2.03658 0 0 0 0.348818 2.40764 0.0269158 0 0 0 0 0 2.384 303 47 2 2 0
./complex_md-fit_90.pdb BC A 7.79792 33.0073 -13.007 -7.27263 -13.5699 -22.0422 -1.03857 36.7256 -21.7285 5.33521 6.89449 3.45258 0 0 0 0.236906 2.01457 1.11022e-16 0 0 0 0 0 2.384 303 52 3 3 0
./complex_md-fit_910.pdb BC A 8.38541 35.4952 -7.91265 -6.49908 -9.52191 -21.5882 -0.879247 37.289 -21.6717 4.52506 6.78136 3.3313 0 0 0 0.31401 1.8262 0 0 0 0 0 0.00676628 2.384 303 48 0 0 0
./complex_md-fit_911.pdb BC A 6.51645 33.4796 -12.6836 -6.61171 -10.9648 -20.6989 -0.787918 33.377 -21.1516 5.45747 5.76612 2.5141 0 0 0 0.412832 3.03729 5.55112e-17 0 0 0 0 0.00387909 2.384 303 46 2 2 0
./complex_md-fit_912.pdb BC A 10.7275 34.0125 -7.64256 -4.89427 -9.68275 -21.4172 -0.916005 37.5929 -21.5661 4.13408 5.50355 3.31414 0 0 0 0.287192 2.08555 0 0 0 0 0 0.00195614 2.384 303 46 0 0 0
./complex_md-fit_913.pdb BC A 9.17019 28.7888 -12.3108 -7.05062 -10.7186 -20.1676 -0.729191 34.6393 -20.2928 1.96021 7.34385 2.49603 0 0 0 0.203732 1.85882 0 0 0 0 0 0.00488697 2.384 303 46 0 0 0
./complex_md-fit_914.pdb BC A 8.20125 37.6384 -9.60551 -5.39478 -9.60506 -20.8217 -0.76759 35.0902 -20.9045 3.35983 5.34738 3.63872 0 0 0 0.427024 1.93882 0.019511 0 0 0 0 0.0053769 2.384 303 46 0 0 0
./complex_md-fit_915.pdb BC A 7.07674 29.7053 -7.17159 -7.42475 -10.2963 -22.0965 -1.04459 37.4008 -22.7255 6.77038 7.95279 3.89601 0 0 0 0.381832 2.78785 0 0 0 0 0 0.0142637 2.384 303 47 3 3 0
./complex_md-fit_916.pdb BC A 7.60119 26.9679 -13.0775 -8.03955 -10.9318 -20.6031 -0.818806 35.1216 -21.2179 2.25978 7.14604 3.87119 0 0 0 0.135193 2.33644 0 0 0 0 0 0 2.384 303 46 0 0 0
./complex_md-fit_917.pdb BC A 7.84196 29.2159 -10.7232 -6.37554 -11.2835 -21.8577 -0.885516 36.525 -22.0706 4.82179 7.46288 2.75883 0 0 0 0.155335 3.17295 0.025769 0 0 0 0 0 2.384 303 48 1 1 0
./complex_md-fit_918.pdb BC A 5.81417 33.1102 -7.0227 -7.56565 -10.5231 -20.5421 -0.984162 34.5927 -20.6118 6.31014 8.35275 3.80629 0 0 0 0.142304 2.13583 -1.11022e-16 0 0 0 0 0 2.384 303 48 2 2 0
./complex_md-fit_919.pdb BC A 7.10066 32.3814 -17.6032 -6.31175 -15.1516 -20.7887 -1.03661 33.3741 -21.1372 3.94958 6.99406 2.30156 0 0 0 0.190672 3.07763 5.55112e-17 0 0 0 0 0.0126674 2.384 303 44 0 0 0
./complex_md-fit_91.pdb BC A 8.69523 36.7543 -8.35897 -7.08071 -11.038 -22.0139 -0.828265 38.9719 -21.6594 4.78614 6.48042 3.19564 0 0 0 0.820334 2.25558 0 0 0 0 0 0.00690306 2.384 303 47 0 0 0
./complex_md-fit_920.pdb BC A 7.85298 28.0725 -13.2825 -7.60589 -13.2401 -21.3626 -0.978893 35.1572 -21.9063 5.41789 7.20842 3.89241 0 0 0 0.131815 1.86259 0 0 0 0 0 0.00352056 2.384 303 47 0 0 0
./complex_md-fit_921.pdb BC A 7.57165 27.8583 -8.091 -5.81851 -11.3009 -21.2513 -0.9343 37.2712 -21.3935 4.66967 7.2029 3.20096 0 0 0 0.2309 2.13698 0.0266529 0 0 0 0 0.00526285 2.384 303 46 1 1 0
./complex_md-fit_922.pdb BC A 7.15603 31.836 -5.74849 -6.16072 -8.14491 -21.035 -0.822367 36.5518 -21.6253 3.7469 7.58316 3.68135 0 0 0 0.466461 2.60831 0 0 0 0 0 0.0101139 2.384 303 45 0 0 0
./complex_md-fit_923.pdb BC A 9.76988 41.8167 -12.7036 -7.7487 -10.2683 -21.1613 -0.996748 34.7844 -21.9165 4.39157 6.03021 3.8454 0 0 0 0.330687 2.22088 0 0 0 0 0 0.0057625 2.384 303 49 0 0 0
./complex_md-fit_924.pdb BC A 6.05956 39.9727 -13.5967 -6.55623 -11.1785 -21.4587 -0.909516 36.3484 -21.7122 3.04349 5.24088 2.9405 0 0 0 0.640238 2.09078 0 0 0 0 0 0.00497368 2.384 303 49 0 0 0
./complex_md-fit_925.pdb BC A 10.5041 36.349 -8.4746 -7.64983 -10.5036 -21.7802 -1.0064 38.9935 -22.2841 3.95145 6.92313 4.70692 0 0 0 0.135221 2.27455 0.0234008 0 0 0 0 0.0159414 2.384 303 50 0 0 0
./complex_md-fit_926.pdb BC A 6.46176 36.5669 -14.2742 -8.49581 -13.7895 -22.3476 -1.14899 37.735 -22.9104 5.55791 6.82021 4.11196 0 0 0 0.170647 2.6773 0.022374 0 0 0 0 0 2.384 303 49 2 2 0
./complex_md-fit_927.pdb BC A 8.3516 35.6101 -11.7676 -8.51749 -11.4733 -21.4926 -0.933973 36.4037 -22.1694 4.4702 7.20966 3.41077 0 0 0 1.30471 1.97059 0.020151 0 0 0 0 0 2.384 303 50 2 2 0
./complex_md-fit_928.pdb BC A 7.3118 36.4736 -10.8122 -6.50063 -8.93413 -19.4268 -0.708468 33.0032 -19.8342 3.24264 5.35263 2.32395 0 0 0 0.669659 2.24021 0 0 0 0 0 0 2.384 303 43 0 0 0
./complex_md-fit_929.pdb BC A 11.1392 34.8333 -9.19498 -5.72654 -11.1159 -21.4248 -0.984869 36.5815 -21.8887 5.47568 6.68918 2.96016 0 0 0 0.216254 2.93336 0.021322 0 0 0 0 0.00165838 2.384 303 50 0 0 0
./complex_md-fit_92.pdb BC A 8.29914 34.9416 -5.32353 -6.36259 -10.8152 -22.0512 -1.07611 39.3655 -21.9546 5.99354 6.76192 4.16188 0 0 0 0.609946 2.5359 0.0373979 0 0 0 0 0.00596358 2.384 303 52 1 1 0
./complex_md-fit_930.pdb BC A 8.40381 35.4861 -14.1184 -4.98272 -12.6657 -21.9117 -0.733343 36.9892 -22.048 3.01115 4.45638 3.45635 0 0 0 0.309865 2.29143 0 0 0 0 0 0 2.384 303 48 0 0 0
./complex_md-fit_931.pdb BC A 6.30009 38.9615 -12.4846 -7.80786 -11.4495 -22.3893 -0.939459 37.9841 -22.3885 4.35643 6.12093 3.62421 0 0 0 0.399023 2.10251 0 0 0 0 0 0.00526082 2.384 303 47 2 2 0
./complex_md-fit_932.pdb BC A 7.14937 28.5902 -15.3913 -8.62338 -11.2594 -20.8526 -1.03986 34.4393 -21.3669 2.795 7.14796 3.09956 0 0 0 0.261567 1.93819 0 0 0 0 0 0.00742141 2.384 303 46 1 1 0
./complex_md-fit_933.pdb BC A 9.26778 29.6834 -15.3651 -7.8856 -15.4657 -22.4724 -0.994472 37.4689 -22.7542 4.48325 8.16496 3.80084 0 0 0 0.289328 1.92241 0 0 0 0 0 0 2.384 303 48 1 1 0
./complex_md-fit_934.pdb BC A 8.1532 28.973 -9.33639 -5.45164 -13.0268 -23.0467 -1.06783 40.6495 -23.0206 5.0844 5.84821 4.00428 0 0 0 0.690916 2.18408 0 0 0 0 0 0 2.384 303 49 2 2 0
./complex_md-fit_935.pdb BC A 8.94657 32.5362 -6.16077 -6.08388 -10.1413 -23.1914 -0.946057 39.9287 -23.4101 7.4342 6.7677 2.94803 0 0 0 0.520632 2.29222 0.0126302 0 0 0 0 0 2.384 303 51 2 2 0
./complex_md-fit_936.pdb BC A 7.07021 33.9243 -11.7879 -7.2303 -13.717 -22.3007 -1.01091 37.8122 -22.3539 5.14433 7.67478 3.84693 0 0 0 0.346619 2.31726 0 0 0 0 0 0 2.384 303 45 0 0 0
./complex_md-fit_937.pdb BC A 6.32634 34.2821 -11.9272 -8.64941 -11.8878 -22.6791 -0.99325 36.5185 -23.0361 7.09684 7.74194 3.5867 0 0 0 0.374466 1.91185 2.77556e-17 0 0 0 0 0 2.384 303 48 2 2 0
./complex_md-fit_938.pdb BC A 6.5352 37.9116 -8.5909 -5.69746 -11.3245 -24.1215 -0.87687 40.6785 -23.7588 3.73796 8.01412 3.93285 0 0 0 0.821281 2.63913 0.00348699 0 0 0 0 0 2.384 303 44 0 0 0
./complex_md-fit_939.pdb BC A 9.13883 27.6143 -13.3504 -7.74637 -14.1642 -23.9561 -1.21962 41.8165 -23.7193 3.65264 7.83737 3.34483 0 0 0 0.78294 2.82579 0.0208708 0 0 0 0 0 2.384 303 47 1 1 0
./complex_md-fit_93.pdb BC A 8.41618 27.6245 -8.1723 -6.70065 -10.5067 -22.6474 -1.01066 41.2598 -22.3584 4.10998 7.14343 2.29224 0 0 0 0.231453 2.40564 0 0 0 0 0 0.0146965 2.384 303 53 0 0 0
./complex_md-fit_940.pdb BC A 6.14128 27.1368 -12.3325 -7.40712 -13.0351 -22.6034 -1.11316 40.4553 -22.4015 3.01307 7.65768 2.67147 0 0 0 0.430216 2.45308 0 0 0 0 0 0 2.384 303 46 0 0 0
./complex_md-fit_941.pdb BC A 8.07753 26.1122 -12.8686 -6.64949 -13.572 -22.4867 -0.87737 39.1633 -22.2658 3.48332 6.49146 3.45333 0 0 0 0.391415 2.64434 0 0 0 0 0 0 2.384 303 47 0 0 0
./complex_md-fit_942.pdb BC A 6.69662 31.5243 -14.548 -7.05115 -17.8712 -23.1158 -1.16229 39.5282 -22.4369 4.24269 8.47007 4.2517 0 0 0 0.584852 2.21114 0.0118682 0 0 0 0 0 2.384 303 50 1 1 0
./complex_md-fit_943.pdb BC A 9.42955 36.5426 -10.6272 -8.0896 -12.955 -22.6744 -0.814921 38.3593 -22.3902 6.24889 7.74195 3.65674 0 0 0 0.290082 2.19663 0 0 0 0 0 0 2.384 303 46 3 3 0
./complex_md-fit_944.pdb BC A 7.94831 33.2589 -10.5139 -9.3577 -13.5298 -22.5201 -1.07674 38.6359 -21.7428 6.26312 9.52375 3.09295 0 0 0 0.197509 1.9757 0 0 0 0 0 0 2.384 303 47 2 2 0
./complex_md-fit_945.pdb BC A 8.26361 26.7178 -7.91957 -8.75459 -10.1026 -24.3745 -0.867539 42.0711 -24.2178 6.66959 7.39381 4.12436 0 0 0 0.105082 2.02753 0.0229914 0 0 0 0 0.010575 2.384 303 51 2 2 0
./complex_md-fit_946.pdb BC A 9.27732 25.4817 -9.41129 -8.6294 -11.192 -21.3484 -1.03745 36.7317 -21.2793 4.65925 8.94954 3.42794 0 0 0 0.306804 1.84476 -1.38778e-17 0 0 0 0 0 2.384 303 46 1 1 0
./complex_md-fit_947.pdb BC A 8.42284 34.5433 -13.0465 -6.24764 -12.1376 -22.5629 -1.0911 37.897 -22.4586 3.39134 6.81642 3.17731 0 0 0 0.169247 2.21874 0 0 0 0 0 0 2.384 303 46 0 0 0
./complex_md-fit_948.pdb BC A 8.69578 33.8394 -7.26942 -5.95109 -11.3835 -20.9577 -1.04064 35.1877 -20.7812 7.08883 6.07653 3.77742 0 0 0 0.678661 1.82678 0.0228607 0 0 0 0 0.0127404 2.384 303 47 2 2 0
./complex_md-fit_949.pdb BC A 7.98676 30.2566 -10.0307 -6.43667 -11.9867 -21.8308 -0.957986 36.5361 -22.178 4.88572 7.89305 3.67667 0 0 0 0.367962 2.90278 0 0 0 0 0 0 2.384 303 46 1 1 0
./complex_md-fit_94.pdb BC A 9.21575 32.1408 -8.0282 -6.88483 -10.7217 -21.3684 -1.00917 38.5911 -21.0295 4.63855 6.71055 2.54029 0 0 0 0.504947 2.41859 -5.55112e-17 0 0 0 0 0 2.384 303 49 0 0 0
./complex_md-fit_950.pdb BC A 8.26546 32.4579 -9.09758 -8.83537 -11.9197 -22.7727 -1.04595 40.9947 -22.7965 5.86424 7.95081 3.03903 0 0 0 0.423857 2.2409 0 0 0 0 0 0 2.384 303 49 2 2 0
./complex_md-fit_951.pdb BC A 10.5244 35.2167 -7.25545 -6.96714 -11.1591 -21.5138 -0.984659 37.405 -21.3817 6.08789 7.10765 3.80385 0 0 0 0.346665 2.3734 0 0 0 0 0 0 2.384 303 45 0 0 0
./complex_md-fit_952.pdb BC A 8.51208 42.5339 -5.24694 -6.1501 -10.8176 -21.6372 -0.897802 38.5673 -21.0765 5.29369 7.43245 3.62338 0 0 0 0.395413 2.15423 0.0200515 0 0 0 0 0 2.384 303 50 1 1 0
./complex_md-fit_953.pdb BC A 8.36535 29.7489 -7.43565 -5.95335 -14.2274 -21.5094 -0.955281 38.701 -20.9916 5.52074 8.91306 2.92359 0 0 0 0.142974 1.7315 0 0 0 0 0 0 2.384 303 44 2 2 0
./complex_md-fit_954.pdb BC A 7.28731 30.9757 -11.3573 -5.51878 -11.9032 -20.8737 -1.02499 35.8358 -20.8448 4.16559 6.50905 2.06597 0 0 0 0.239707 2.12905 -0.011195 0 0 0 0 0.00333453 2.384 303 43 0 0 0
./complex_md-fit_955.pdb BC A 7.51705 31.5789 -7.48827 -6.10645 -9.66698 -21.5882 -0.811289 37.7107 -21.6841 5.39234 6.13216 2.85372 0 0 0 0.297639 2.33761 -0.0177882 0 0 0 0 0 2.384 303 48 0 0 0
./complex_md-fit_956.pdb BC A 7.52287 31.1198 -16.2026 -8.16627 -13.3666 -22.7144 -1.10802 38.6273 -22.511 3.00422 6.7196 3.07329 0 0 0 0.211015 2.17648 0.0282255 0 0 0 0 0 2.384 303 48 0 0 0
./complex_md-fit_957.pdb BC A 10.0926 33.6686 -12.5292 -6.7891 -14.7378 -21.9474 -0.92482 38.5543 -21.6855 4.51836 7.88397 2.3228 0 0 0 0.293084 2.29044 -0.0170697 0 0 0 0 0 2.384 303 48 0 0 0
./complex_md-fit_958.pdb BC A 6.4191 39.6317 -15.7392 -8.01503 -15.4454 -22.5079 -1.17656 38.8144 -22.2432 2.9283 8.17699 3.46894 0 0 0 0.245159 2.43852 0 0 0 0 0 0.0150567 2.384 303 45 0 0 0
./complex_md-fit_959.pdb BC A 7.48796 28.2607 -8.64552 -6.37877 -10.3531 -23.1858 -0.900574 39.0365 -22.8437 5.6674 6.89638 2.90708 0 0 0 0.509133 2.44709 0 0 0 0 0 0 2.384 303 44 1 1 0
./complex_md-fit_95.pdb BC A 6.80816 31.7821 -8.06681 -7.55886 -12.5711 -23.0346 -1.04271 41.7592 -21.9047 5.03609 8.24629 2.64606 0 0 0 0.33435 2.2109 0 0 0 0 0 0.0231369 2.384 303 56 1 1 0
./complex_md-fit_960.pdb BC A 8.68234 30.3434 -3.57184 -6.54392 -11.2888 -23.2645 -1.00858 40.5907 -23.1355 8.07061 8.59734 4.0821 0 0 0 0.286977 2.57204 0.041721 0 0 0 0 0 2.384 303 48 2 2 0
./complex_md-fit_961.pdb BC A 7.43835 34.6753 -11.9863 -6.51146 -12.3949 -22.6032 -0.831 38.6816 -22.4133 4.04606 6.75006 2.7301 0 0 0 0.565774 2.19032 -0.00599991 0 0 0 0 0 2.384 303 48 0 0 0
./complex_md-fit_962.pdb BC A 7.30577 27.7179 -7.12471 -7.1482 -8.76245 -22.6454 -0.767506 40.0496 -22.6982 4.20806 6.55818 3.67512 0 0 0 0.406094 2.45378 0 0 0 0 0 0 2.384 303 47 0 0 0
./complex_md-fit_963.pdb BC A 6.37759 30.0625 -13.9235 -6.88771 -13.5621 -23.1191 -0.930277 39.0935 -23.1616 2.57772 8.4949 3.07126 0 0 0 0.468622 3.29574 0.0313354 0 0 0 0 0 2.384 303 48 0 0 0
./complex_md-fit_964.pdb BC A 7.74151 32.9502 -11.8405 -6.7763 -10.6419 -22.5202 -0.882424 39.2419 -22.9779 1.97779 7.52315 3.14918 0 0 0 0.0761062 2.30363 -0.00979222 0 0 0 0 0 2.384 303 46 0 0 0
./complex_md-fit_965.pdb BC A 8.16369 30.4975 -15.6508 -8.72822 -14.2352 -23.6302 -1.02412 39.6307 -23.6386 2.88311 8.56231 4.14676 0 0 0 0.382556 2.3891 -5.55112e-17 0 0 0 0 0 2.384 303 45 0 0 0
./complex_md-fit_966.pdb BC A 7.07021 31 -5.18266 -7.56961 -11.1583 -22.0332 -1.12357 38.6391 -21.7261 9.89366 7.05697 2.54077 0 0 0 0.297647 2.11012 -5.55112e-17 0 0 0 0 0 2.384 303 47 2 2 0
./complex_md-fit_967.pdb BC A 6.46718 43.7145 -15.0538 -8.91785 -14.6864 -22.8349 -1.0615 40.1774 -22.0624 3.92121 8.01464 2.06235 0 0 0 0.333652 2.46622 -5.55112e-17 0 0 0 0 0 2.384 303 48 0 0 0
./complex_md-fit_968.pdb BC A 8.00415 33.3132 -8.25451 -7.26114 -14.3994 -22.233 -1.00721 40.0708 -21.839 6.18241 8.16457 3.61507 0 0 0 0.407066 2.33195 0.0387734 0 0 0 0 0.00656542 2.384 303 51 1 1 0
./complex_md-fit_969.pdb BC A 8.6106 31.8167 -16.001 -8.56453 -14.8711 -22.9313 -1.0142 39.6584 -23.1234 2.54822 8.06431 3.50815 0 0 0 0.724463 2.51028 0 0 0 0 0 0 2.384 303 49 0 0 0
./complex_md-fit_96.pdb BC A 9.03161 33.5251 -8.41573 -6.46993 -12.0365 -23.2918 -1.03472 41.7268 -23.191 5.0405 6.13887 4.36379 0 0 0 0.333003 2.53012 0 0 0 0 0 0.00534356 2.384 303 53 1 1 0
./complex_md-fit_970.pdb BC A 8.64195 35.4998 -11.0349 -7.83006 -11.5071 -21.9897 -1.08645 39.0175 -21.7313 3.3379 6.54081 3.62836 0 0 0 0.582091 2.52799 0.0031198 0 0 0 0 0 2.384 303 50 1 1 0
./complex_md-fit_971.pdb BC A 7.33122 37.2684 -8.13289 -7.62623 -12.2436 -23.1429 -0.915643 41.8466 -22.6621 4.89327 7.77372 3.64788 0 0 0 0.286083 2.80296 0.0100406 0 0 0 0 0 2.384 303 50 1 1 0
./complex_md-fit_972.pdb BC A 9.36703 32.7437 -11.958 -7.9185 -12.125 -23.3435 -1.03664 41.786 -23.1876 1.7455 9.2386 2.62062 0 0 0 0.242239 3.33916 0.0202871 0 0 0 0 0 2.384 303 48 0 0 0
./complex_md-fit_973.pdb BC A 7.89034 32.0299 -5.00322 -6.42993 -10.9196 -22.2996 -0.826646 41.0747 -21.6483 6.2907 7.11519 2.28124 0 0 0 0.327034 2.52423 0.0264716 0 0 0 0 0.00557952 2.384 303 48 0 0 0
./complex_md-fit_974.pdb BC A 8.12782 31.8965 -10.5884 -7.58224 -12.2791 -22.9102 -0.866909 41.5213 -22.5142 4.26243 6.34228 3.17554 0 0 0 0.238224 2.37094 -0.0106703 0 0 0 0 0.0350889 2.384 303 49 0 0 0
./complex_md-fit_975.pdb BC A 7.10153 29.7037 -7.42569 -7.19637 -11.5161 -23.7924 -1.0537 41.8657 -23.837 5.14201 8.92354 3.63924 0 0 0 0.360882 2.38167 0.0328358 0 0 0 0 0.00570076 2.384 303 47 0 0 0
./complex_md-fit_976.pdb BC A 6.70658 31.4509 -7.12544 -8.92967 -12.7719 -24.0249 -1.08459 43.1641 -23.6016 8.17192 7.27359 4.09922 0 0 0 0.588978 2.38063 -0.0106417 0 0 0 0 0 2.384 303 47 2 2 0
./complex_md-fit_977.pdb BC A 6.99926 27.6835 -11.0734 -8.11587 -12.7077 -23.279 -1.05296 42.8618 -22.8224 4.46343 6.48642 2.9585 0 0 0 0.14085 2.11015 -0.00648947 0 0 0 0 0 2.384 303 48 0 0 0
./complex_md-fit_978.pdb BC A 8.03 39.6972 -12.0207 -8.0193 -12.7066 -24.084 -1.09867 43.237 -23.5898 2.96107 7.16487 3.73563 0 0 0 0.379053 2.32834 0 0 0 0 0 0 2.384 303 49 0 0 0
./complex_md-fit_979.pdb BC A 10.1669 35.9178 -8.10935 -5.70936 -11.8736 -25.0009 -0.90878 43.7037 -24.9253 6.70259 7.51524 2.03824 0 0 0 0.348766 4.52374 5.55112e-17 0 0 0 0 0 2.384 303 48 0 0 0
./complex_md-fit_97.pdb BC A 8.37417 30.0582 -9.69145 -5.34549 -10.8473 -20.3673 -0.886575 35.8806 -20.0533 3.03349 5.05745 3.66621 0 0 0 0.163113 1.82228 0 0 0 0 0 0.00765504 2.384 303 52 0 0 0
./complex_md-fit_980.pdb BC A 7.47131 30.9247 -6.51219 -7.29316 -12.161 -23.1341 -1.06277 41.5418 -22.5142 6.51105 8.24372 2.92964 0 0 0 0.426884 2.54796 0 0 0 0 0 0 2.384 303 50 1 1 0
./complex_md-fit_981.pdb BC A 6.81988 26.8522 -14.6071 -6.97554 -13.9542 -23.0664 -1.08345 39.3454 -22.9347 3.24084 7.27154 3.08223 0 0 0 0.446916 2.52366 0.0202246 0 0 0 0 0 2.384 303 48 0 0 0
./complex_md-fit_982.pdb BC A 6.87239 34.7722 -8.34087 -7.85 -10.408 -24.0955 -1.25254 42.4442 -24.1182 6.44139 7.95261 1.70936 0 0 0 0.819199 2.56186 0 0 0 0 0 0.0166017 2.384 303 51 1 1 0
./complex_md-fit_983.pdb BC A 10.3878 31.4586 -10.7734 -8.82389 -13.1613 -22.9921 -1.13965 41.7378 -22.5275 5.80299 6.84969 2.96236 0 0 0 0.473831 2.65234 0.0443079 0 0 0 0 0 2.384 303 48 1 1 0
./complex_md-fit_984.pdb BC A 8.3617 32.7619 -10.7503 -6.96984 -12.6526 -23.327 -1.02383 39.3747 -23.3756 5.80347 8.02809 3.25869 0 0 0 0.144041 2.1233 -0.0103975 0 0 0 0 0 2.384 303 48 1 1 0
./complex_md-fit_985.pdb BC A 7.13243 36.9326 -8.59263 -8.32026 -10.2866 -23.0643 -1.17312 40.3953 -22.7464 5.71478 7.58369 2.88643 0 0 0 0.417876 2.38809 0 0 0 0 0 0 2.384 303 44 2 2 0
./complex_md-fit_986.pdb BC A 7.69532 33.796 -11.5125 -8.63701 -12.9555 -21.9497 -1.00988 37.7838 -21.6506 4.81426 7.79665 3.83169 0 0 0 0.445103 2.23063 0.018708 0 0 0 0 0 2.384 303 50 0 0 0
./complex_md-fit_987.pdb BC A 8.74122 38.5053 -9.02884 -8.92617 -11.3903 -23.6192 -1.04725 39.7302 -23.4223 7.47071 8.35962 3.35767 0 0 0 0.435682 2.25132 0.0224451 0 0 0 0 0 2.384 303 52 3 3 0
./complex_md-fit_988.pdb BC A 7.41605 32.2662 -5.24855 -4.94442 -9.80662 -23.377 -0.866112 40.0777 -23.8247 6.60275 6.28816 3.83578 0 0 0 0.755383 2.25274 0.0105649 0 0 0 0 0 2.384 303 48 0 0 0
./complex_md-fit_989.pdb BC A 6.25642 33.2958 -5.35488 -5.53393 -11.3124 -22.6233 -0.757985 40.7076 -21.9042 6.00187 7.7253 2.25165 0 0 0 0.0616015 2.31061 0.0289418 0 0 0 0 0 2.384 303 49 2 2 0
./complex_md-fit_98.pdb BC A 9.24213 36.017 -14.4969 -8.21376 -13.4971 -22.0704 -1.03534 37.9269 -22.094 3.96391 7.38183 2.67316 0 0 0 0.467183 2.35681 0 0 0 0 0 0.000750492 2.384 303 48 1 1 0
./complex_md-fit_990.pdb BC A 6.82705 25.2512 -11.5485 -5.95817 -14.1417 -23.6887 -1.29171 40.8557 -23.4144 4.64218 7.71001 3.68946 0 0 0 0.046567 2.50041 0.002259 0 0 0 0 0 2.384 303 49 0 0 0
./complex_md-fit_991.pdb BC A 6.86458 41.2685 -16.7857 -8.95137 -14.9444 -24.1993 -1.26979 41.2606 -24.1982 4.08478 8.19604 2.50333 0 0 0 0.729183 2.30959 0.00341405 0 0 0 0 0 2.384 303 51 1 1 0
./complex_md-fit_992.pdb BC A 6.45112 31.6478 -8.44324 -8.19409 -11.891 -23.0418 -1.13923 40.2508 -22.7905 7.35622 6.97578 3.30674 0 0 0 0.723736 2.35653 5.55112e-17 0 0 0 0 0 2.384 303 48 2 2 0
./complex_md-fit_993.pdb BC A 8.32211 27.1506 -6.18825 -5.9285 -9.84353 -22.2962 -1.11926 37.7292 -21.9007 6.52795 7.18103 2.87057 0 0 0 0.591221 2.62011 0 0 0 0 0 0 2.384 303 48 2 2 0
./complex_md-fit_994.pdb BC A 10.4717 26.4842 -8.8576 -5.51894 -13.8845 -22.6247 -1.06879 38.9894 -22.7264 6.86398 7.64083 3.18418 0 0 0 0.260492 2.46405 0.0267784 0 0 0 0 0 2.384 303 48 2 2 0
./complex_md-fit_995.pdb BC A 6.53539 37.2157 -16.0236 -6.73464 -16.1864 -23.4107 -0.922926 40.2525 -23.166 3.90221 7.69691 2.00708 0 0 0 0.53841 2.31361 1.11022e-16 0 0 0 0 0 2.384 303 47 0 0 0
./complex_md-fit_996.pdb BC A 10.1488 35.4199 -11.228 -7.75589 -14.4263 -23.0234 -1.06836 40.6271 -22.5013 5.30703 7.04927 4.15707 0 0 0 0.40677 2.17881 0 0 0 0 0 0 2.384 303 49 0 0 0
./complex_md-fit_997.pdb BC A 7.16683 33.9791 -8.65831 -7.66874 -13.7868 -22.1938 -1.05869 38.0447 -21.896 7.63036 7.85847 3.68402 0 0 0 0.728163 1.98616 0 0 0 0 0 0 2.384 303 47 2 2 0
./complex_md-fit_998.pdb BC A 5.75461 32.2323 -17.9407 -8.61572 -14.4591 -23.9938 -1.11282 39.6767 -24.4128 3.1179 8.1968 3.09765 0 0 0 0.577081 2.18878 -0.012557 0 0 0 0 0 2.384 303 47 0 0 0
./complex_md-fit_999.pdb BC A 8.09166 31.4821 -13.049 -7.72457 -15.4454 -23.3766 -1.10751 41.5602 -22.5735 2.85606 8.42239 3.74783 0 0 0 0.592174 2.50469 0 0 0 0 0 0 2.384 303 52 0 0 0
./complex_md-fit_99.pdb BC A 7.72112 27.8194 -7.69787 -6.50029 -9.68907 -21.8094 -0.999636 37.8639 -21.8147 3.67663 7.51491 3.70733 0 0 0 0.35241 2.37833 0 0 0 0 0 0 2.384 303 54 0 0 0
./complex_md-fit_9.pdb BC A 7.78917 40.901 -12.8345 -5.84648 -14.8524 -21.7997 -0.838287 37.9518 -21.5266 2.82504 8.4946 2.51253 0 0 0 0.212556 1.71274 0 0 0 0 0 0.0323918 2.384 303 48 0 0 0
