./complex_md-fit_1000.pdb BC A 10.3059 36.7967 -13.9218 -8.41251 -13.2347 -22.7355 -0.770015 38.7285 -22.4328 2.61115 8.44599 3.00506 0 0 0 0.872896 2.7647 0 0 0 0 0 0 2.384 303 49 0 0 0
./complex_md-fit_1001.pdb BC A 8.87686 41.404 -13.282 -7.29248 -13.1626 -21.4041 -0.707594 36.2446 -21.38 3.09153 8.35357 2.88505 0 0 0 0.0899838 2.28421 0 0 0 0 0 0 2.384 303 47 0 0 0
./complex_md-fit_100.pdb BC A 8.19646 39.394 -8.84669 -3.89884 -6.49991 -19.4037 -0.417019 31.0095 -21.1613 3.10405 4.76246 3.38904 0 0 0 0.213739 2.03444 5.55112e-17 0 0 0 0 0.0552969 2.384 303 44 0 0 0
./complex_md-fit_101.pdb BC A 5.99648 34.8537 -5.47721 -4.06331 -6.57751 -18.9226 -0.75975 33.0081 -20.0522 3.37926 5.6523 2.33706 0 0 0 0.464921 1.60307 1.11022e-16 0 0 0 0 0.0565713 2.384 303 50 1 1 0
./complex_md-fit_102.pdb BC A 9.17398 31.3906 -12.3484 -5.69929 -8.45096 -19.7492 -0.608363 32.5513 -20.5708 0.713099 6.75687 2.4999 0 0 0 0.12262 1.74763 0.0290873 0 0 0 0 0.057348 2.384 303 48 0 0 0
./complex_md-fit_103.pdb BC A 6.06559 37.1769 -14.4419 -4.91086 -9.44011 -19.9828 -0.498146 31.7282 -21.3095 0.717246 6.51026 2.36071 0 0 0 0.353162 1.68314 2.77556e-17 0 0 0 0 0.0299696 2.384 303 47 0 0 0
./complex_md-fit_104.pdb BC A 9.34361 33.0965 -6.0558 -5.05575 -8.29278 -21.1252 -0.595689 36.7011 -22.1405 2.6049 8.35205 3.30899 0 0 0 0.14055 1.87209 -0.0100415 0 0 0 0 0.0565158 2.384 303 49 0 0 0
./complex_md-fit_105.pdb BC A 8.61149 29.9489 -9.53986 -4.81773 -7.97439 -21.6644 -0.691991 36.5909 -22.5717 2.36443 6.55429 2.11026 0 0 0 0.524769 1.80739 -0.0110165 0 0 0 0 0.0466548 2.384 303 49 0 0 0
./complex_md-fit_106.pdb BC A 7.99912 36.136 -11.2583 -5.27092 -8.34987 -21.6159 -0.563271 35.6643 -22.5771 1.59253 6.88857 2.6338 0 0 0 0.289561 2.21042 0 0 0 0 0 0.0499343 2.384 303 50 0 0 0
./complex_md-fit_107.pdb BC A 6.92458 28.4439 -10.1599 -5.85588 -8.80147 -22.8404 -0.535015 37.7978 -24.2121 3.52445 6.71002 3.77567 0 0 0 0.207053 2.21641 0.023245 0 0 0 0 0.0467013 2.384 303 53 0 0 0
./complex_md-fit_108.pdb BC A 8.76219 36.8394 -11.2319 -6.96215 -8.57437 -21.9763 -0.661122 35.9765 -23.0479 2.92124 8.16262 2.45938 0 0 0 0.418227 2.32029 0 0 0 0 0 0.0520132 2.384 303 50 1 1 0
./complex_md-fit_109.pdb BC A 6.10843 37.3784 -13.5909 -7.73686 -10.3744 -22.1429 -0.594991 36.8505 -23.2361 2.79012 7.99181 2.24134 0 0 0 0.565468 2.24922 0 0 0 0 0 0.0549967 2.384 303 50 0 0 0
./complex_md-fit_10.pdb BC A 7.29174 30.1227 -0.627042 -1.70543 -6.18121 -15.6593 -0.758194 27.636 -16.0267 4.56267 4.14307 3.20622 0 0 0 0.155852 1.4273 0 0 0 0 0 0 2.384 303 44 1 1 0
./complex_md-fit_110.pdb BC A 7.13966 33.557 -8.87883 -7.86626 -8.55025 -20.0758 -0.68298 34.1541 -20.8072 5.00879 7.3824 2.17738 0 0 0 0.340526 2.52297 -0.00931168 0 0 0 0 0.0498355 2.384 303 50 0 0 0
./complex_md-fit_111.pdb BC A 6.46994 37.2969 -5.03543 -4.41414 -7.27983 -20.2321 -0.795084 34.4805 -21.0381 4.61634 6.2748 2.93335 0 0 0 0.384604 1.973 -0.0176766 0 0 0 0 0.0517877 2.384 303 50 0 0 0
./complex_md-fit_112.pdb BC A 7.36845 33.1929 -7.5569 -3.86277 -9.24244 -22.0064 -0.511643 36.4205 -22.9704 4.84893 7.16764 1.99615 0 0 0 0.549777 1.92748 0 0 0 0 0 0.0538039 2.384 303 52 1 1 0
./complex_md-fit_113.pdb BC A 8.81914 35.9098 -6.60309 -6.41501 -9.24151 -20.3337 -0.932754 36.9318 -20.4627 3.2421 8.77258 1.73575 0 0 0 0.0531023 2.03169 0 0 0 0 0 0.0473295 2.384 303 54 0 0 0
./complex_md-fit_114.pdb BC A 10.3583 30.7428 -6.36297 -5.95073 -6.94928 -22.3027 -0.460571 38.1635 -23.2553 2.58822 8.0667 3.24575 0 0 0 0.438636 2.89818 0 0 0 0 0 0.0527386 2.384 303 55 0 0 0
./complex_md-fit_115.pdb BC A 7.98052 34.193 -7.18194 -5.07301 -9.03894 -21.6016 -0.55861 36.6612 -22.2438 3.98594 7.37621 3.11664 0 0 0 0.124156 2.2293 0 0 0 0 0 0.0698602 2.384 303 50 0 0 0
./complex_md-fit_116.pdb BC A 7.22431 40.9333 -2.09799 -3.29677 -8.0573 -21.8905 -0.567582 39.3586 -22.0309 3.38191 7.16776 3.35938 0 0 0 0.423461 2.29531 0 0 0 0 0 0.0538984 2.384 303 54 0 0 0
./complex_md-fit_117.pdb BC A 7.65279 30.3515 -10.8072 -7.55279 -10.2802 -21.8413 -0.976538 36.5581 -22.48 2.87486 8.76651 3.5168 0 0 0 0.554837 1.9322 0 0 0 0 0 0.0524709 2.384 303 53 0 0 0
./complex_md-fit_118.pdb BC A 6.98073 38.1619 -9.89179 -4.6378 -9.33875 -21.1402 -0.893222 35.0691 -21.6186 3.15556 6.90681 2.09883 0 0 0 0.449484 2.24594 6.93889e-18 0 0 0 0 0.0570597 2.384 303 48 0 0 0
./complex_md-fit_119.pdb BC A 7.46624 39.3878 -9.4243 -6.21262 -8.1464 -22.2815 -0.746545 39.0453 -22.7375 2.91064 6.96897 1.38641 0 0 0 0.33832 2.12519 -0.0111868 0 0 0 0 0.0617849 2.384 303 52 0 0 0
./complex_md-fit_11.pdb BC A 8.22106 39.0576 -5.26938 -2.88975 -8.36924 -16.2168 -0.550342 27.6655 -16.3844 2.45669 5.36206 3.5251 0 0 0 0.131727 1.44352 0 0 0 0 0 0 2.384 303 44 1 1 0
./complex_md-fit_120.pdb BC A 6.89419 24.9611 -7.46173 -6.80604 -8.42325 -22.3379 -0.629944 40.1089 -22.532 2.94879 6.82384 3.11479 0 0 0 0.21485 2.25849 0 0 0 0 0 0.0561701 2.384 303 51 0 0 0
./complex_md-fit_121.pdb BC A 6.85137 32.7069 -11.0257 -8.83985 -11.1478 -20.8659 -0.744149 36.5351 -21.1218 3.60354 9.48508 1.68407 0 0 0 0.331968 1.92737 0 0 0 0 0 0.0540573 2.384 303 49 0 0 0
./complex_md-fit_122.pdb BC A 9.54515 27.6274 -4.66988 -5.53591 -9.03738 -22.0538 -0.355801 38.753 -22.5593 5.48346 7.88091 2.21119 0 0 0 0.479728 2.04045 0 0 0 0 0 0.0640689 2.384 303 49 0 0 0
./complex_md-fit_123.pdb BC A 9.58961 35.4225 -6.56323 -5.36711 -9.80908 -21.535 -0.364051 37.8918 -21.3715 3.84358 8.0201 1.52743 0 0 0 0.517083 2.4201 0 0 0 0 0 0.0835174 2.384 303 46 0 0 0
./complex_md-fit_124.pdb BC A 8.96088 37.2118 -5.61623 -4.09189 -8.21693 -19.2861 -0.591211 32.8369 -19.4007 2.63297 8.07664 1.87357 0 0 0 0.516669 2.07485 -0.0184123 0 0 0 0 0.0523378 2.384 303 48 0 0 0
./complex_md-fit_125.pdb BC A 8.73705 32.8157 -7.67606 -6.87291 -9.11 -20.4126 -0.59013 35.8481 -20.7293 3.91401 7.56408 2.22808 0 0 0 0.422885 2.14503 0 0 0 0 0 0.0616418 2.384 303 46 0 0 0
./complex_md-fit_126.pdb BC A 6.4101 31.384 -7.18165 -5.89881 -10.3489 -21.2039 -0.734547 38.0006 -21.2981 3.80313 8.38365 1.44225 0 0 0 0.610011 2.66487 0 0 0 0 0 0.063023 2.384 303 48 0 0 0
./complex_md-fit_127.pdb BC A 8.41092 34.4163 -9.49835 -5.96432 -10.9796 -17.8723 -0.683329 30.6785 -17.8545 2.56025 8.25948 2.1796 0 0 0 0.192768 1.53808 -0.0148349 0 0 0 0 0 2.384 303 45 0 0 0
./complex_md-fit_128.pdb BC A 6.57574 29.4526 -4.46704 -4.58998 -11.8695 -21.3489 -0.562221 38.6879 -21.2648 5.65464 9.15407 1.38981 0 0 0 0.281915 2.27385 1.11022e-16 0 0 0 0 0 2.384 303 52 1 1 0
./complex_md-fit_129.pdb BC A 9.16412 29.471 -9.09576 -6.22961 -9.59558 -21.8158 -0.524235 38.1841 -22.4951 2.74875 8.05072 2.28309 0 0 0 0.297917 2.83569 0 0 0 0 0 0 2.384 303 49 0 0 0
./complex_md-fit_12.pdb BC A 5.87543 38.6709 -6.36972 -3.11192 -7.1242 -18.6305 -0.363595 31.1436 -19.1111 2.67158 4.67999 2.7586 0 0 0 0.717794 1.67274 0 0 0 0 0 0 2.384 303 44 0 0 0
./complex_md-fit_130.pdb BC A 7.99806 33.9657 -6.78388 -5.05226 -9.0632 -22.4235 -0.712128 40.3214 -22.9061 3.09362 7.32709 2.25453 0 0 0 0.376765 3.19093 0 0 0 0 0 0 2.384 303 51 0 0 0
./complex_md-fit_131.pdb BC A 8.35501 36.1836 -7.59933 -5.09341 -9.36747 -20.6788 -0.79713 35.5487 -21.043 4.16374 8.18732 1.29392 0 0 0 0.186794 2.13945 0 0 0 0 0 0 2.384 303 49 0 0 0
./complex_md-fit_132.pdb BC A 6.10055 29.427 -6.68923 -6.30015 -7.80762 -22.068 -0.667284 38.0586 -22.1033 4.59205 7.34001 1.90915 0 0 0 0.353324 2.39183 1.11022e-16 0 0 0 0 0.0039947 2.384 303 49 1 1 0
./complex_md-fit_133.pdb BC A 9.96657 29.5678 -10.9078 -6.77481 -10.7293 -20.1377 -0.753375 34.5644 -20.0807 2.90813 8.23118 1.58663 0 0 0 0.277782 2.069 0 0 0 0 0 0 2.384 303 50 0 0 0
./complex_md-fit_134.pdb BC A 7.99648 34.0296 -6.41823 -5.83173 -11.2378 -20.536 -0.783431 36.7135 -21.1116 4.76623 8.68075 2.52206 0 0 0 0.399783 2.05679 0 0 0 0 0 0 2.384 303 48 0 0 0
./complex_md-fit_135.pdb BC A 7.01715 42.2529 -7.62975 -5.85494 -9.18438 -19.3749 -0.737689 33.9009 -20.2592 3.65783 7.70676 2.11803 0 0 0 0.369466 2.18034 0.0200004 0 0 0 0 0.00843602 2.384 303 46 0 0 0
./complex_md-fit_136.pdb BC A 6.95457 37.4181 -7.9131 -5.74366 -8.77329 -17.0992 -0.700881 30.9521 -17.2152 1.63634 6.67569 1.96179 0 0 0 0.393277 1.33184 0 0 0 0 0 0 2.384 303 49 0 0 0
./complex_md-fit_137.pdb BC A 7.2857 34.6103 -5.2524 -5.4422 -9.30268 -19.9267 -0.576533 35.992 -20.0051 3.94849 7.35302 2.45673 0 0 0 0.248339 1.85761 0 0 0 0 0 0.00222014 2.384 303 50 0 0 0
./complex_md-fit_138.pdb BC A 7.01398 33.9696 -7.15802 -5.09877 -9.75694 -19.3871 -0.583414 33.5388 -19.8464 3.95442 6.8077 2.78448 0 0 0 0.429166 1.8117 0 0 0 0 0 0 2.384 303 48 0 0 0
./complex_md-fit_139.pdb BC A 7.3073 36.8695 -8.40556 -8.14683 -9.57218 -20.6666 -0.816165 36.3716 -20.557 3.81625 9.05246 1.7159 0 0 0 0.396983 1.8727 0 0 0 0 0 0 2.384 303 50 0 0 0
./complex_md-fit_13.pdb BC A 8.57791 32.2358 -6.2659 -2.77768 -8.40284 -16.2588 -0.575699 26.735 -16.6653 3.48953 4.6562 2.93317 0 0 0 0.575464 1.70688 0.0249491 0 0 0 0 0 2.384 303 40 1 1 0
./complex_md-fit_140.pdb BC A 6.74856 35.2827 -3.64884 -6.63035 -8.85544 -19.6775 -0.782797 35.7143 -20.1005 5.40314 8.51526 2.49104 0 0 0 0.273866 1.56144 0 0 0 0 0 0 2.384 303 51 0 0 0
./complex_md-fit_141.pdb BC A 7.68653 28.3181 -13.4064 -6.01815 -12.1047 -20.396 -0.633124 34.8954 -21.0867 2.52254 7.46299 1.69512 0 0 0 0.246156 1.78109 0.0101187 0 0 0 0 0 2.384 303 50 0 0 0
./complex_md-fit_142.pdb BC A 7.32648 34.3495 -7.67588 -7.68113 -10.3309 -19.1237 -0.853301 35.6329 -18.963 2.63774 7.70917 2.9562 0 0 0 0.357101 1.63403 -0.0169929 0 0 0 0 0 2.384 303 51 0 0 0
./complex_md-fit_143.pdb BC A 6.57659 36.1786 -2.60952 -3.90336 -5.90763 -19.9646 -0.511567 34.8908 -20.214 4.12641 5.52248 3.01636 0 0 0 0.326489 2.29936 0 0 0 0 0 0.00905409 2.384 303 47 1 1 0
./complex_md-fit_144.pdb BC A 8.89659 30.9143 -1.00499 -5.55957 -10.215 -22.4101 -0.878935 42.5656 -21.9308 5.92712 7.64619 3.46778 0 0 0 0.394478 2.74957 -0.0117212 0 0 0 0 0 2.384 303 49 0 0 0
./complex_md-fit_145.pdb BC A 9.30555 33.5362 0.759642 -5.35806 -7.42679 -21.8642 -0.803817 39.7873 -21.2826 8.13287 7.01438 2.1834 0 0 0 0.377249 2.27557 0 0 0 0 0 0 2.384 303 48 2 2 0
./complex_md-fit_146.pdb BC A 7.84163 35.2979 -11.9567 -6.27837 -12.3913 -22.6235 -0.749526 39.4468 -22.0389 3.01535 7.4852 1.94013 0 0 0 0.237561 2.79046 0 0 0 0 0 0 2.384 303 51 0 0 0
./complex_md-fit_147.pdb BC A 7.65016 33.9926 -14.7911 -6.77206 -14.4067 -21.8115 -0.967476 38.7791 -21.5526 2.02802 7.437 2.13957 0 0 0 0.335494 2.22261 -1.38778e-17 0 0 0 0 0 2.384 303 49 0 0 0
./complex_md-fit_148.pdb BC A 7.30428 38.4043 -4.48708 -5.37399 -9.62178 -21.3091 -0.820952 36.9189 -20.9173 5.62801 8.07429 2.5385 0 0 0 0.396432 2.15436 -2.77556e-17 0 0 0 0 0 2.384 303 53 1 1 0
./complex_md-fit_149.pdb BC A 7.44038 29.8425 -12.4302 -6.78617 -14.5194 -23.3241 -0.923946 39.915 -23.1578 5.32373 8.86285 1.71645 0 0 0 0.463224 1.91555 0 0 0 0 0 0 2.384 303 49 2 2 0
./complex_md-fit_14.pdb BC A 8.94101 36.758 -6.56542 -1.74925 -6.32663 -16.799 -0.664466 27.8414 -17.4407 2.3084 3.89791 2.16232 0 0 0 0.231461 1.35972 -0.0269659 0 0 0 0 0 2.384 303 44 0 0 0
./complex_md-fit_150.pdb BC A 9.19382 32.0376 -9.98669 -7.07697 -10.707 -23.4739 -0.90664 41.1546 -23.978 3.85015 7.3667 3.2807 0 0 0 0.541625 3.6052 -0.0379199 0 0 0 0 0 2.384 303 52 0 0 0
./complex_md-fit_151.pdb BC A 6.72048 27.7623 -17.1927 -8.95485 -13.674 -22.5969 -0.83119 39.0645 -22.5693 1.09722 7.84233 3.00393 0 0 0 0.425432 2.20283 0 0 0 0 0 0 2.384 303 48 0 0 0
./complex_md-fit_152.pdb BC A 6.27419 29.5258 -9.0219 -6.58315 -9.72973 -22.7934 -0.907807 40.6469 -23.2592 3.19276 7.14921 2.46694 0 0 0 0.737808 3.56978 0.0374014 0 0 0 0 0.0203833 2.384 303 46 0 0 0
./complex_md-fit_153.pdb BC A 8.61783 41.3981 -14.2758 -7.51357 -11.5817 -25.6215 -1.0849 43.5551 -26.1182 3.40851 8.20742 2.08056 0 0 0 0.379684 2.95357 0.0127461 0 0 0 0 0 2.384 303 51 0 0 0
./complex_md-fit_154.pdb BC A 6.88266 36.2364 -4.74001 -5.5411 -10.4679 -23.3751 -1.14605 42.6239 -23.1251 4.87667 8.70248 2.40354 0 0 0 0.333685 2.25035 -0.0249398 0 0 0 0 0 2.384 303 51 0 0 0
./complex_md-fit_155.pdb BC A 7.84789 33.2215 -13.6929 -8.99918 -11.5886 -24.1082 -0.840726 41.7986 -24.2963 3.50913 8.57244 2.09106 0 0 0 0.168885 2.38898 0 0 0 0 0 0 2.384 303 47 0 0 0
./complex_md-fit_156.pdb BC A 8.44183 36.5175 -7.70832 -6.96783 -11.103 -23.1352 -0.907591 39.6444 -23.0846 6.65689 8.16301 2.85638 0 0 0 0.197766 2.97253 -0.0284806 0 0 0 0 0 2.384 303 46 2 2 0
./complex_md-fit_157.pdb BC A 6.44305 29.926 -9.6099 -6.89372 -10.4375 -22.8203 -1.00094 38.6955 -22.7704 5.97229 7.08495 2.42879 0 0 0 0.150743 3.15514 -0.0193331 0 0 0 0 0 2.384 303 48 0 0 0
./complex_md-fit_158.pdb BC A 6.17347 33.3882 -8.8949 -7.05101 -10.3145 -22.8077 -0.824271 40.1108 -22.8451 3.58089 8.36974 2.4537 0 0 0 0.421395 2.54909 0.0111736 0 0 0 0 0 2.384 303 54 0 0 0
./complex_md-fit_159.pdb BC A 7.50856 35.4671 -10.7763 -6.84179 -11.2383 -22.7698 -0.860831 38.741 -23.2111 5.69113 7.13642 1.75581 0 0 0 0.821165 2.81086 0 0 0 0 0 0 2.384 303 50 0 0 0
./complex_md-fit_15.pdb BC A 5.42491 32.8388 -6.46384 -1.77927 -8.46323 -18.3663 -0.497647 30.4956 -19.0852 1.69552 5.45548 3.7028 0 0 0 0.294344 2.04791 0.0257464 0 0 0 0 0.0582839 2.384 303 53 0 0 0
./complex_md-fit_160.pdb BC A 6.78308 30.282 -6.90373 -7.73906 -9.85627 -24.4053 -0.957396 42.7319 -24.261 5.54551 9.17252 2.3913 0 0 0 0.474118 2.63111 0 0 0 0 0 0 2.384 303 50 0 0 0
./complex_md-fit_161.pdb BC A 8.02261 29.198 -11.1579 -6.47668 -12.3741 -21.8256 -1.01002 37.4652 -21.4539 4.53905 8.35187 1.44123 0 0 0 0.185136 2.4725 0 0 0 0 0 0 2.384 303 46 0 0 0
./complex_md-fit_162.pdb BC A 7.87404 36.4052 -11.1641 -7.32603 -11.3287 -22.8224 -0.803519 39.0756 -22.2252 4.46194 7.85098 1.77336 0 0 0 0.179857 2.63922 0 0 0 0 0 0 2.384 303 48 1 1 0
./complex_md-fit_163.pdb BC A 8.02723 30.8425 -8.96776 -4.92464 -11.0043 -22.2299 -0.831806 37.4179 -22.3631 5.13236 6.47691 2.92499 0 0 0 0.433802 2.33281 0 0 0 0 0 0 2.384 303 48 0 0 0
./complex_md-fit_164.pdb BC A 7.24828 36.2286 -7.14538 -7.79005 -8.80572 -22.5864 -1.0097 39.7987 -22.6049 5.53323 7.51602 2.41056 0 0 0 0.392899 2.12971 0 0 0 0 0 0 2.384 303 49 1 1 0
./complex_md-fit_165.pdb BC A 7.34325 35.2796 -8.3485 -9.01764 -10.415 -22.4263 -0.923504 40.5924 -22.0056 3.77106 9.17168 2.67228 0 0 0 0.258919 2.20183 -0.026799 0 0 0 0 0 2.384 303 46 0 0 0
./complex_md-fit_166.pdb BC A 6.63962 36.9949 -8.905 -8.46092 -10.8069 -22.7184 -0.950538 38.7565 -22.9117 5.72585 8.58399 3.63556 0 0 0 0.2416 2.50675 0 0 0 0 0 0 2.384 303 49 1 1 0
./complex_md-fit_167.pdb BC A 8.17376 30.9919 -14.6176 -8.13526 -12.0219 -22.5026 -0.919463 37.3783 -22.5337 3.41234 7.14824 3.11494 0 0 0 0.472986 2.2976 -0.0315571 0 0 0 0 0 2.384 303 50 0 0 0
./complex_md-fit_168.pdb BC A 6.80409 34.6899 -15.1871 -11.0508 -13.2935 -24.5906 -0.957237 41.9437 -24.6384 4.09752 9.13553 3.72317 0 0 0 0.476311 2.7122 -0.0329901 0 0 0 0 0 2.384 303 52 0 0 0
./complex_md-fit_169.pdb BC A 9.74557 32.4675 -8.80662 -8.58137 -12.5477 -23.1536 -0.915664 41.8634 -22.709 4.7964 7.96578 4.32646 0 0 0 0.148678 2.69431 0 0 0 0 0 0 2.384 303 50 0 0 0
./complex_md-fit_16.pdb BC A 7.49674 33.8655 -10.2371 -4.79294 -9.4482 -18.5276 -0.379989 30.7787 -18.903 2.01375 6.04956 2.72851 0 0 0 0.185706 2.0046 0 0 0 0 0 0.0583325 2.384 303 49 0 0 0
./complex_md-fit_170.pdb BC A 7.51091 29.2366 -6.10755 -5.71991 -9.28973 -22.6788 -0.838186 39.5424 -22.1628 5.15477 7.06796 2.56239 0 0 0 0.257884 3.10396 -0.0157135 0 0 0 0 0.0122581 2.384 303 46 2 2 0
./complex_md-fit_171.pdb BC A 6.77177 33.446 -6.49353 -8.34604 -11.879 -22.9659 -0.904247 41.8968 -22.5141 6.24752 9.04914 2.60273 0 0 0 0.35075 2.62374 -0.031289 0 0 0 0 0 2.384 303 48 2 2 0
./complex_md-fit_172.pdb BC A 6.37448 26.4539 -11.3772 -8.28819 -13.1398 -24.6076 -1.0271 43.1103 -24.237 4.66396 9.4005 2.36405 0 0 0 0.376642 2.46849 0 0 0 0 0 0.00702072 2.384 303 50 0 0 0
./complex_md-fit_173.pdb BC A 7.48621 30.0359 -10.9523 -10.2184 -10.8141 -22.4417 -0.960678 39.0088 -22.5288 4.61268 8.37465 3.698 0 0 0 0.317217 1.97092 0 0 0 0 0 0 2.384 303 47 1 1 0
./complex_md-fit_174.pdb BC A 6.37561 31.9863 -11.2535 -9.13081 -12.3382 -23.7404 -1.15339 40.0131 -23.248 6.17361 8.1062 3.69883 0 0 0 0.365491 2.21731 5.55112e-17 0 0 0 0 0 2.384 303 48 2 2 0
./complex_md-fit_175.pdb BC A 7.8628 32.6747 -7.43674 -6.39289 -12.407 -23.5932 -0.977404 41.0871 -23.8947 6.5202 9.40015 2.49833 0 0 0 0.3227 1.98736 0 0 0 0 0 0 2.384 303 51 1 1 0
./complex_md-fit_176.pdb BC A 6.68121 38.8118 -2.82175 -4.20198 -8.72075 -23.8921 -1.03595 42.4348 -23.33 5.67441 7.36874 2.35886 0 0 0 0.53117 2.56113 -0.0089321 0 0 0 0 0 2.384 303 49 1 1 0
./complex_md-fit_177.pdb BC A 7.22185 34.1267 -8.40268 -9.06688 -11.9007 -22.8518 -0.9347 39.015 -22.6595 6.64533 8.8705 4.03665 0 0 0 0.470801 2.17875 -0.0273451 0 0 0 0 0 2.384 303 47 1 1 0
./complex_md-fit_178.pdb BC A 7.62058 24.813 -10.33 -8.52992 -11.9868 -23.2213 -1.09085 41.7071 -23.0592 3.79586 8.19631 3.57726 0 0 0 0.28163 2.44963 0 0 0 0 0 0 2.384 303 53 0 0 0
./complex_md-fit_179.pdb BC A 6.89975 29.4687 -5.67856 -6.98955 -11.7748 -22.4857 -0.936473 42.2274 -21.7133 4.31568 8.14337 3.32927 0 0 0 0.183454 2.33793 -0.00920924 0 0 0 0 0.0312147 2.384 303 51 0 0 0
./complex_md-fit_17.pdb BC A 7.38716 33.5619 -7.43137 -2.93857 -8.91654 -18.0372 -0.477696 30.5169 -18.5137 0.790802 6.24479 3.77013 0 0 0 0.129732 2.12414 0 0 0 0 0 1.11022e-16 2.384 303 51 0 0 0
./complex_md-fit_180.pdb BC A 7.5439 31.5203 -6.03925 -6.86822 -10.2298 -24.6421 -0.943902 43.3945 -24.7111 6.66005 7.12744 3.66778 0 0 0 0.500583 2.61792 -0.000812545 0 0 0 0 0.00635993 2.384 303 50 2 2 0
./complex_md-fit_181.pdb BC A 9.01712 40.9263 -10.2729 -8.34403 -11.4031 -23.3577 -1.01471 39.5493 -23.5604 6.27185 7.56183 3.78868 0 0 0 0.235423 2.39984 -5.55112e-17 0 0 0 0 0 2.384 303 48 1 1 0
./complex_md-fit_182.pdb BC A 5.81603 40.4952 -12.6186 -10.8584 -13.293 -24.0293 -1.07637 40.2563 -24.2301 6.04558 10.0362 4.3673 0 0 0 0.1405 2.07389 0.0228037 0 0 0 0 0 2.384 303 50 3 3 0
./complex_md-fit_183.pdb BC A 7.2407 28.2574 -12.9133 -9.14371 -9.87506 -24.0567 -0.970132 39.1932 -24.534 4.5094 7.54746 4.14093 0 0 0 0.275307 2.00783 0 0 0 0 0 0 2.384 303 48 0 0 0
./complex_md-fit_184.pdb BC A 9.84332 33.8761 -14.2551 -9.84418 -12.0462 -23.9704 -1.1094 39.5199 -24.3023 4.55017 8.79532 3.61832 0 0 0 0.511407 1.85083 0.022202 0 0 0 0 0 2.384 303 48 0 0 0
./complex_md-fit_185.pdb BC A 7.69586 29.9396 -12.4992 -9.4744 -13.0398 -23.2831 -0.961925 37.5667 -23.5506 6.81461 8.44663 4.81104 0 0 0 0.197709 1.65967 -0.0261127 0 0 0 0 0 2.384 303 48 3 3 0
./complex_md-fit_186.pdb BC A 7.69774 36.5453 -15.091 -9.18496 -13.9567 -23.8362 -1.0415 38.9086 -23.9234 5.815 8.14736 2.98321 0 0 0 1.00612 3.04919 -0.014514 0 0 0 0 0.00602796 2.384 303 50 1 1 0
./complex_md-fit_187.pdb BC A 7.99762 38.2677 -13.8195 -8.49329 -11.8593 -23.4136 -1.01785 38.5624 -24.0007 4.11739 7.78758 4.12586 0 0 0 0.372116 1.78625 0 0 0 0 0 0 2.384 303 46 0 0 0
./complex_md-fit_188.pdb BC A 8.75955 37.3576 -13.9813 -9.27773 -13.3255 -25.0849 -1.1693 41.936 -25.2149 5.8442 8.43648 3.0671 0 0 0 0.788501 2.44437 0.0187789 0 0 0 0 0 2.384 303 49 0 0 0
./complex_md-fit_189.pdb BC A 6.96204 39.2401 -14.0018 -9.02172 -12.905 -23.4866 -0.947072 40.299 -23.7202 3.40736 8.26705 3.63533 0 0 0 0.470061 2.1545 0 0 0 0 0 0 2.384 303 49 0 0 0
./complex_md-fit_18.pdb BC A 7.73323 34.6655 -4.776 -2.91187 -8.77564 -18.3354 -0.452772 31.4222 -18.0728 3.41916 6.3369 2.48481 0 0 0 0.0550881 1.61594 0 0 0 0 0 0.0542685 2.384 303 46 0 0 0
./complex_md-fit_190.pdb BC A 8.89869 30.8274 -10.3239 -8.22551 -11.9076 -24.1242 -0.942575 40.4415 -24.3795 5.96502 8.40089 4.32248 0 0 0 0.104443 2.381 0.0212105 0 0 0 0 0 2.384 303 49 2 2 0
./complex_md-fit_191.pdb BC A 7.52806 26.5237 -5.54474 -9.05516 -10.4915 -24.3745 -1.03586 41.4893 -24.5195 8.0382 8.36954 5.75421 0 0 0 0.280503 2.27119 0 0 0 0 0 0 2.384 303 50 1 1 0
./complex_md-fit_192.pdb BC A 9.50867 27.3362 -15.6794 -9.34443 -13.2228 -23.8505 -0.727934 39.2782 -23.8597 4.43579 7.82478 3.10392 0 0 0 0.675269 3.0825 1.11022e-16 0 0 0 0 0.00799278 2.384 303 48 0 0 0
./complex_md-fit_193.pdb BC A 9.33567 37.9089 -10.7886 -8.26488 -12.3137 -23.5036 -0.776814 39.5792 -23.8502 6.08029 8.27876 3.67977 0 0 0 0.29823 2.7221 0.00426951 0 0 0 0 0 2.384 303 47 1 1 0
./complex_md-fit_194.pdb BC A 6.89722 29.999 -14.0384 -9.06193 -11.7326 -24.0323 -0.898094 39.3253 -24.7113 4.91702 8.18754 3.55714 0 0 0 0.410805 2.31547 0 0 0 0 0 0 2.384 303 48 2 2 0
./complex_md-fit_195.pdb BC A 8.41525 36.2555 -16.641 -10.2844 -11.3224 -23.6133 -0.872052 38.3558 -24.1784 4.14158 7.67096 3.21903 0 0 0 0.220849 2.56923 0.0214318 0 0 0 0 0 2.384 303 48 0 0 0
./complex_md-fit_196.pdb BC A 7.54591 32.3007 -14.4932 -8.09217 -17.3452 -23.5141 -1.19376 41.5975 -22.9854 4.87595 8.47702 3.02793 0 0 0 0.64987 3.16261 0 0 0 0 0 0.00915532 2.384 303 52 0 0 0
./complex_md-fit_197.pdb BC A 8.38597 29.7606 -8.74989 -7.6394 -10.9052 -24.3988 -0.971499 42.0015 -23.9384 5.71089 6.83584 4.18 0 0 0 0.393887 2.60553 -0.0187166 0 0 0 0 0 2.384 303 47 1 1 0
./complex_md-fit_198.pdb BC A 6.51355 40.932 -9.47933 -9.65004 -11.7002 -25.0275 -1.0441 43.5822 -24.7381 6.56474 8.08777 3.43257 0 0 0 1.01342 2.54387 2.22045e-16 0 0 0 0 0 2.384 303 49 1 1 0
./complex_md-fit_199.pdb BC A 9.22266 40.9144 -7.06512 -7.21504 -12.183 -24.7513 -1.05809 44.1395 -24.2862 5.72556 8.01743 4.00288 0 0 0 0.570431 2.67481 -0.0272155 0 0 0 0 0 2.384 303 49 0 0 0
./complex_md-fit_19.pdb BC A 6.75425 28.1291 -9.68307 -4.01054 -11.6271 -18.1553 -0.666735 31.6788 -18.0281 2.17933 6.5802 2.16185 0 0 0 0.17543 1.57731 0.0226032 0 0 0 0 0.00649086 2.384 303 50 0 0 0
./complex_md-fit_1.pdb BC A 8.99568 36.629 -1.27016 -5.18832 -9.38804 -23.8309 -0.938968 43.7445 -22.5545 6.60709 8.2215 1.60154 0 0 0 0.450186 2.4129 0 0 0 0 0 0.00573287 2.384 303 52 1 1 0
./complex_md-fit_200.pdb BC A 6.73149 37.8687 -16.7363 -10.4286 -14.7197 -25.3591 -1.02268 42.7883 -24.748 3.55602 9.14235 3.20943 0 0 0 0.843338 2.49931 0 0 0 0 0 0.00234575 2.384 303 47 0 0 0
./complex_md-fit_201.pdb BC A 9.27479 28.4717 -11.1619 -6.48977 -12.4954 -23.7939 -0.907332 40.7912 -23.9376 6.09522 6.61573 2.81646 0 0 0 0.15438 2.41912 -0.0110522 0 0 0 0 0 2.384 303 49 0 0 0
./complex_md-fit_202.pdb BC A 7.65423 37.5209 -5.1414 -7.77349 -11.9005 -24.0169 -0.99655 41.1494 -23.5299 9.67717 7.40547 4.28731 0 0 0 0.556564 2.37969 0 0 0 0 0 0 2.384 303 48 4 4 0
./complex_md-fit_203.pdb BC A 6.51339 32.2282 -11.1322 -8.03179 -11.9648 -24.5929 -0.935055 41.9457 -24.5489 4.51393 8.34674 3.31798 0 0 0 0.792513 3.22675 0.0243326 0 0 0 0 0 2.384 303 45 2 2 0
./complex_md-fit_204.pdb BC A 6.50748 31.0475 -6.65438 -7.76201 -8.81746 -22.9159 -1.10201 39.3206 -23.1608 5.50724 7.2389 4.31048 0 0 0 0.72661 2.37505 0 0 0 0 0 0 2.384 303 49 0 0 0
./complex_md-fit_205.pdb BC A 7.63509 34.9256 -19.0002 -11.0097 -12.9054 -24.8763 -0.950407 39.3847 -25.3661 3.68834 7.94904 4.40076 0 0 0 0.695992 2.85495 -0.0113051 0 0 0 0 0 2.384 303 49 0 0 0
./complex_md-fit_206.pdb BC A 7.9169 35.4483 -18.12 -10.5455 -13.3215 -22.6455 -0.927792 36.0021 -22.9118 3.71914 8.81883 3.22761 0 0 0 0.442413 1.59385 0.0220411 0 0 0 0 0 2.384 303 48 0 0 0
./complex_md-fit_207.pdb BC A 9.34392 37.2717 -11.3824 -7.35684 -12.3947 -23.0248 -0.926647 37.1616 -23.2564 6.84428 7.93057 3.4489 0 0 0 0.191619 2.21213 5.55112e-17 0 0 0 0 0 2.384 303 47 3 3 0
./complex_md-fit_208.pdb BC A 8.84579 32.7068 -11.7555 -8.937 -9.61995 -22.1001 -0.925334 36.8067 -22.565 5.4383 6.2815 3.37447 0 0 0 0.485576 2.09155 0 0 0 0 0 0.00527903 2.384 303 49 0 0 0
./complex_md-fit_209.pdb BC A 7.04038 38.5536 -11.1855 -7.49648 -10.2787 -23.4573 -0.82867 37.0432 -24.1467 5.90234 8.43138 3.29572 0 0 0 0.323614 2.61742 0.0262061 0 0 0 0 0 2.384 303 46 1 1 0
./complex_md-fit_20.pdb BC A 6.75206 27.0995 -7.11877 -3.76084 -9.35144 -18.5821 -0.524744 32.1692 -18.5731 0.864025 7.24089 3.08895 0 0 0 0.310402 1.79243 0 0 0 0 0 0 2.384 303 49 0 0 0
./complex_md-fit_210.pdb BC A 6.13 33.4283 -16.7457 -7.50366 -15.6021 -23.5467 -0.811515 36.9809 -23.2486 5.32219 8.15767 3.1113 0 0 0 0.381868 2.88541 0.0129999 0 0 0 0 0 2.384 303 44 0 0 0
./complex_md-fit_211.pdb BC A 10.1036 35.4644 -13.8575 -8.30365 -13.1151 -23.6069 -0.961287 40.6427 -23.9599 2.65475 8.6765 3.85961 0 0 0 0.255804 2.98313 0 0 0 0 0 0 2.384 303 49 0 0 0
./complex_md-fit_212.pdb BC A 9.12779 41.9345 -13.4835 -8.26928 -11.8404 -23.4285 -0.763985 39.1188 -23.9162 4.75289 7.06729 3.34297 0 0 0 0.426084 2.04714 0.0268966 0 0 0 0 0 2.384 303 51 0 0 0
./complex_md-fit_213.pdb BC A 8.61686 36.1975 -13.0539 -9.69306 -11.0914 -23.5283 -0.863724 39.6366 -23.7636 4.4681 8.5768 2.53032 0 0 0 0.674421 2.30717 1.11022e-16 0 0 0 0 0 2.384 303 48 2 2 0
./complex_md-fit_214.pdb BC A 7.58544 36.4091 -11.3555 -8.53208 -12.1671 -23.7352 -1.08857 39.1172 -24.0645 6.06736 9.47183 3.42168 0 0 0 0.153869 1.70228 0 0 0 0 0 0 2.384 303 50 1 1 0
./complex_md-fit_215.pdb BC A 8.93039 33.6785 -4.96763 -7.84456 -8.32483 -23.0752 -0.911572 41.0237 -23.0607 5.34005 7.79119 3.64609 0 0 0 0.448146 1.95467 0 0 0 0 0 0 2.384 303 51 0 0 0
./complex_md-fit_216.pdb BC A 7.69101 37.0382 -16.0094 -10.5872 -13.3364 -23.9841 -1.02938 39.3129 -24.2756 3.80944 8.55991 5.01339 0 0 0 0.507615 2.44022 0 0 0 0 0 0 2.384 303 50 0 0 0
./complex_md-fit_217.pdb BC A 8.57184 34.6289 -8.8139 -9.19014 -10.5091 -23.2796 -0.718623 39.3618 -23.1321 6.84972 7.41147 4.01982 0 0 0 0.37283 1.84212 0 0 0 0 0 0 2.384 303 48 1 1 0
./complex_md-fit_218.pdb BC A 7.29523 38.3469 -10.1886 -9.0941 -12.4073 -23.53 -1.07192 39.7676 -24.014 6.85679 9.42752 3.42503 0 0 0 0.451765 1.72976 0 0 0 0 0 0 2.384 303 46 1 1 0
./complex_md-fit_219.pdb BC A 6.1087 30.8151 -11.6447 -9.12056 -12.9664 -23.1936 -0.981408 38.7072 -23.3649 5.19924 9.64756 4.20988 0 0 0 0.218316 2.03417 5.55112e-17 0 0 0 0 0 2.384 303 46 2 2 0
./complex_md-fit_21.pdb BC A 8.90193 36.2844 -4.84361 -2.67836 -8.58346 -18.8683 -0.746945 33.6014 -19.2739 2.78976 5.86664 2.80013 0 0 0 0.23202 1.83436 -6.93889e-18 0 0 0 0 0.0174476 2.384 303 51 0 0 0
./complex_md-fit_220.pdb BC A 9.12524 30.0772 -12.8801 -7.2202 -12.7303 -23.4754 -0.832585 38.4762 -24.0213 6.10841 6.83607 3.79108 0 0 0 0.187958 1.93563 0 0 0 0 0 0 2.384 303 46 0 0 0
./complex_md-fit_221.pdb BC A 7.31763 28.9707 -12.7271 -9.15592 -11.5739 -23.221 -0.910178 39.3369 -23.5444 3.95822 8.31579 3.66173 0 0 0 0.405689 1.57826 0 0 0 0 0 0 2.384 303 48 0 0 0
./complex_md-fit_222.pdb BC A 6.93598 30.1596 -14.016 -7.15354 -12.4864 -22.9034 -0.855581 37.2489 -23.1001 4.61879 8.07978 1.98746 0 0 0 0.52409 2.80699 0.0203813 0 0 0 0 0.00364619 2.384 303 45 2 2 0
./complex_md-fit_223.pdb BC A 6.51083 36.9031 -15.7447 -8.68809 -11.5076 -24.3571 -0.919534 39.349 -25.2554 3.26681 8.08585 3.31067 0 0 0 0.97063 2.18144 0 0 0 0 0 0 2.384 303 49 0 0 0
./complex_md-fit_224.pdb BC A 8.74132 39.8186 -15.8498 -7.92088 -10.7696 -22.5589 -0.774867 35.488 -23.2715 3.56381 6.33144 3.67795 0 0 0 0.384647 2.02267 0 0 0 0 0 0 2.384 303 45 0 0 0
./complex_md-fit_225.pdb BC A 7.81704 30.2314 -15.7728 -8.21742 -12.6585 -23.2017 -1.06832 36.785 -23.9867 5.54412 6.91145 3.67243 0 0 0 0.446955 1.81922 0 0 0 0 0 0 2.384 303 47 1 1 0
./complex_md-fit_226.pdb BC A 6.94662 38.2119 -13.9761 -7.02696 -11.5969 -21.545 -0.904121 35.445 -22.0392 2.17115 7.54317 3.47984 0 0 0 0.4969 1.59197 0 0 0 0 0 0 2.384 303 47 0 0 0
./complex_md-fit_227.pdb BC A 10.62 28.2217 -12.2498 -9.20525 -13.7177 -24.1134 -1.08558 40.1859 -24.2513 6.80023 8.98529 3.89357 0 0 0 0.256631 2.02634 0 0 0 0 0 0.00182071 2.384 303 47 2 2 0
./complex_md-fit_228.pdb BC A 10.0007 35.5895 -13.5534 -9.97544 -13.7417 -23.8152 -0.888574 40.7773 -23.8751 4.70487 8.7091 4.24275 0 0 0 0.308562 1.93794 0 0 0 0 0 0 2.384 303 48 0 0 0
./complex_md-fit_229.pdb BC A 8.59549 33.6554 -3.33926 -7.81892 -9.42378 -23.5486 -0.8393 41.6425 -23.5705 8.9954 7.27053 3.53839 0 0 0 0.415076 2.01738 0 0 0 0 0 0 2.384 303 49 2 2 0
./complex_md-fit_22.pdb BC A 9.50175 37.3016 -0.433751 -3.30679 -5.1782 -19.0551 -0.510535 33.3125 -19.3921 4.72937 5.27239 2.88281 0 0 0 0.711763 1.30026 0.0221104 0 0 0 0 0.0780115 2.384 303 49 0 0 0
./complex_md-fit_230.pdb BC A 10.0348 34.8595 -9.90823 -8.48767 -10.7261 -23.6349 -0.809115 38.8699 -24.4908 7.01389 6.91242 5.1333 0 0 0 0.304163 3.15426 1.11022e-16 0 0 0 0 0.00666055 2.384 303 49 3 3 0
./complex_md-fit_231.pdb BC A 9.65437 39.8983 -7.01456 -6.83958 -11.2281 -24.0488 -0.729347 41.6622 -24.0517 5.60643 7.55143 4.72711 0 0 0 0.335722 1.99712 0 0 0 0 0 0 2.384 303 49 1 1 0
./complex_md-fit_232.pdb BC A 7.66675 34.8571 -17.955 -9.50099 -13.7392 -22.7164 -0.902626 36.8417 -22.9918 3.5615 7.74538 3.09096 0 0 0 0.656401 2.05185 0 0 0 0 0 0 2.384 303 47 0 0 0
./complex_md-fit_233.pdb BC A 8.12689 38.2864 -4.43732 -7.47009 -9.56178 -23.3122 -0.992889 39.4597 -23.9941 8.6801 7.81398 4.27522 0 0 0 0.664726 2.29637 0 0 0 0 0 0 2.384 303 48 5 5 0
./complex_md-fit_234.pdb BC A 8.79857 36.5107 -12.1009 -6.76384 -12.2094 -22.2618 -0.86989 35.9685 -22.2569 5.11883 7.38614 3.28599 0 0 0 0.478124 1.6922 0.0234381 0 0 0 0 0 2.384 303 48 0 0 0
./complex_md-fit_235.pdb BC A 9.33551 37.678 -13.2791 -9.68473 -12.1225 -23.8938 -0.859018 39.4727 -24.4395 5.03686 8.95283 3.82161 0 0 0 0.41097 2.43487 0.0255204 0 0 0 0 0 2.384 303 48 1 1 0
./complex_md-fit_236.pdb BC A 6.17209 29.8334 -11.5567 -7.52967 -11.2453 -22.4411 -0.962133 38.023 -23.0787 4.73679 6.8298 3.63621 0 0 0 0.453972 1.58522 0.0204998 0 0 0 0 0 2.384 303 49 0 0 0
./complex_md-fit_237.pdb BC A 7.4624 35.0265 -8.22372 -7.49993 -8.59625 -21.8298 -0.844746 35.3296 -22.5969 7.3309 6.50756 3.89007 0 0 0 0.0990924 1.83508 -0.0133355 0 0 0 0 0 2.384 303 47 0 0 0
./complex_md-fit_238.pdb BC A 8.25276 29.9812 -3.17817 -6.46806 -6.90936 -20.8526 -0.670203 35.7247 -20.8142 6.55781 5.90995 3.85819 0 0 0 0.485674 1.80921 0 0 0 0 0 0 2.384 303 47 1 1 0
./complex_md-fit_239.pdb BC A 7.78369 33.7707 -12.895 -9.91385 -11.0012 -22.4524 -0.873302 38.4529 -22.461 2.52689 8.01648 4.63931 0 0 0 0.171152 2.19243 0 0 0 0 0 0 2.384 303 51 0 0 0
./complex_md-fit_23.pdb BC A 7.69053 43.3995 -6.78091 -2.50204 -5.1316 -20.0165 -0.342814 33.3731 -21.2931 2.20489 5.00434 1.27165 0 0 0 0.572096 1.9217 0 0 0 0 0 0.0791153 2.384 303 53 0 0 0
./complex_md-fit_240.pdb BC A 7.82672 36.7648 -12.7093 -7.61941 -13.6053 -23.5092 -0.982164 39.6424 -23.7492 5.12861 7.75013 4.07693 0 0 0 0.157964 1.9752 0 0 0 0 0 0 2.384 303 47 1 1 0
./complex_md-fit_241.pdb BC A 6.9335 26.6394 -15.6398 -8.18304 -12.1507 -23.3485 -0.833024 37.6459 -23.9798 3.39032 7.22263 4.31393 0 0 0 0.282485 2.44737 0 0 0 0 0 0 2.384 303 47 0 0 0
./complex_md-fit_242.pdb BC A 7.6541 35.8057 -18.1855 -11.1639 -15.5429 -24.6058 -0.9218 41.1299 -24.9308 4.23805 9.00457 4.36164 0 0 0 0.198564 2.38491 5.55112e-17 0 0 0 0 0.0469139 2.384 303 48 1 1 0
./complex_md-fit_243.pdb BC A 7.67682 34.1552 -11.9831 -7.63235 -13.1236 -22.5857 -0.911775 37.3655 -22.9807 7.29017 6.46582 3.89644 0 0 0 0.184678 1.54634 0 0 0 0 0 0.0484778 2.384 303 45 2 2 0
./complex_md-fit_244.pdb BC A 8.76039 30.8981 -9.34364 -9.90502 -10.1921 -24.1471 -0.832373 41.3808 -24.057 4.85202 8.71035 4.49664 0 0 0 0.30545 1.81991 0 0 0 0 0 0.044742 2.384 303 49 0 0 0
./complex_md-fit_245.pdb BC A 8.9726 32.5705 -4.09805 -5.92212 -7.72272 -21.6204 -0.678896 40.0413 -22.1896 4.4934 6.89337 2.35522 0 0 0 0.198973 2.684 0 0 0 0 0 0.0535287 2.384 303 48 1 1 0
./complex_md-fit_246.pdb BC A 8.11314 30.6732 -10.717 -7.55272 -10.0041 -21.6024 -0.718646 36.571 -22.0893 3.13856 8.02394 3.08758 0 0 0 0.376404 2.10953 0 0 0 0 0 0.0526999 2.384 303 46 0 0 0
./complex_md-fit_247.pdb BC A 6.15617 31.1768 -8.0675 -7.2418 -7.45028 -22.2625 -0.70679 38.3651 -22.5646 2.33887 6.85877 3.94727 0 0 0 0.592085 1.58392 0 0 0 0 0 0.0563388 2.384 303 47 0 0 0
./complex_md-fit_248.pdb BC A 9.18254 32.53 -10.5775 -10.1341 -10.3455 -21.6743 -0.905807 36.3941 -22.4259 6.24678 8.53548 3.5579 0 0 0 0.120626 1.56707 0 0 0 0 0 0.0533215 2.384 303 45 1 1 0
./complex_md-fit_249.pdb BC A 10.1201 27.8755 -10.1123 -9.14438 -10.2917 -22.5898 -0.780863 37.1284 -23.2905 4.61441 8.8216 5.01905 0 0 0 0.35665 2.05298 0 0 0 0 0 0.0448447 2.384 303 47 0 0 0
./complex_md-fit_24.pdb BC A 6.16562 32.7994 -4.76871 -4.50092 -5.98162 -18.8653 -0.445874 33.7766 -19.4706 2.81195 5.18479 2.56848 0 0 0 0.141326 1.52152 0.0124475 0 0 0 0 0 2.384 303 50 0 0 0
./complex_md-fit_250.pdb BC A 7.12294 36.6848 -11.4182 -8.70049 -8.97767 -21.907 -0.592525 35.7487 -22.4567 2.91255 7.28587 4.86547 0 0 0 0.341079 1.71741 1.11022e-16 0 0 0 0 0.0625768 2.384 303 49 1 1 0
./complex_md-fit_251.pdb BC A 8.19912 37.5396 -6.43203 -6.95466 -6.99389 -20.9997 -0.58211 35.1696 -21.825 4.21521 6.95579 4.15595 0 0 0 0.381574 1.68753 -1.11022e-16 0 0 0 0 0.0452065 2.384 303 48 1 1 0
./complex_md-fit_252.pdb BC A 6.43377 30.648 -8.00777 -7.42461 -8.28994 -20.4227 -0.715513 34.6596 -20.9773 5.21458 6.52707 3.17899 0 0 0 0.190502 1.99863 -1.73472e-18 0 0 0 0 0.0515104 2.384 303 49 1 1 0
./complex_md-fit_253.pdb BC A 8.78689 32.6627 -13.6004 -8.7668 -11.539 -22.5437 -0.720972 38.7264 -22.7715 1.27594 7.61014 4.37042 0 0 0 0.700701 2.36627 0 0 0 0 0 0.0580475 2.384 303 46 0 0 0
./complex_md-fit_254.pdb BC A 8.19392 36.8619 -11.8599 -9.22934 -11.4073 -22.679 -0.65598 38.2985 -22.8898 2.89622 9.14567 4.48209 0 0 0 0.164292 2.23703 0 0 0 0 0 0.0148314 2.384 303 47 0 0 0
./complex_md-fit_255.pdb BC A 7.33989 39.1411 -9.02382 -6.77301 -10.2435 -21.5509 -0.658952 36.4462 -21.5402 4.0731 6.94319 3.66239 0 0 0 0.556178 1.81532 5.55112e-17 0 0 0 0 0.0616292 2.384 303 46 1 1 0
./complex_md-fit_256.pdb BC A 11.4583 34.3501 -10.7097 -7.10023 -9.97291 -21.9827 -0.85026 37.4578 -22.1483 2.04598 8.31019 3.16754 0 0 0 0.316804 2.32473 0 0 0 0 0 0.0462642 2.384 303 43 0 0 0
./complex_md-fit_257.pdb BC A 11.1301 37.124 -5.59007 -8.33339 -10.32 -22.3879 -0.772277 39.5164 -22.3381 5.86076 9.24352 3.68072 0 0 0 0.204454 3.12354 0 0 0 0 0 0.055793 2.384 303 52 1 1 0
./complex_md-fit_258.pdb BC A 8.01904 31.0615 -4.17026 -7.68465 -8.9846 -23.3912 -0.513123 42.3308 -23.8363 7.52277 6.99938 3.17998 0 0 0 0.200191 2.05397 0 0 0 0 0 0.00645085 2.384 303 49 3 3 0
./complex_md-fit_259.pdb BC A 9.97703 35.5869 -12.6262 -8.40313 -11.9386 -22.5406 -0.842571 38.5371 -22.6389 3.31464 8.03328 3.02579 0 0 0 0.774212 2.1296 0 0 0 0 0 0.0525812 2.384 303 47 0 0 0
./complex_md-fit_25.pdb BC A 8.08127 25.6257 -8.17878 -4.18055 -11.0187 -20.4735 -0.549061 35.7364 -20.9688 4.69117 6.13175 2.19973 0 0 0 0.252773 2.55099 0 0 0 0 0 0 2.384 303 51 0 0 0
./complex_md-fit_260.pdb BC A 9.04556 33.3957 -8.05427 -8.56955 -12.3865 -24.1076 -0.698785 41.4996 -24.3291 6.12311 9.424 4.20962 0 0 0 0.730025 3.74477 -1.11022e-16 0 0 0 0 0.0509434 2.384 303 47 4 4 0
./complex_md-fit_261.pdb BC A 6.90559 38.4234 -12.6013 -9.0719 -11.9453 -23.0128 -0.765337 39.0699 -23.2757 3.82953 8.53302 3.39394 0 0 0 0.610339 1.81001 6.93889e-18 0 0 0 0 0.0329293 2.384 303 46 2 2 0
./complex_md-fit_262.pdb BC A 7.04312 34.5072 -10.8046 -7.74545 -10.6972 -22.6853 -0.658747 39.0817 -22.7969 3.56648 6.99934 3.58201 0 0 0 0.501023 2.29487 0 0 0 0 0 0.0484317 2.384 303 48 0 0 0
./complex_md-fit_263.pdb BC A 8.76566 32.2024 -12.7971 -8.90185 -12.7611 -22.5407 -0.843859 39.0779 -22.8104 3.29646 9.10665 3.07793 0 0 0 0.442558 1.92423 -1.38778e-17 0 0 0 0 0.0592914 2.384 303 46 0 0 0
./complex_md-fit_264.pdb BC A 8.52256 28.392 -13.8082 -8.39437 -12.6598 -22.8693 -0.868415 38.5554 -23.5335 2.61029 8.97161 4.10739 0 0 0 0.2725 2.64247 0 0 0 0 0 0 2.384 303 47 0 0 0
./complex_md-fit_265.pdb BC A 8.35857 33.522 -8.70817 -5.78226 -9.22878 -23.5424 -0.955724 40.2303 -24.2079 3.67502 7.55366 3.20667 0 0 0 0.343181 1.83682 0 0 0 0 0 0 2.384 303 50 1 1 0
./complex_md-fit_266.pdb BC A 9.84129 41.6386 -6.2142 -6.89523 -5.61835 -20.8502 -0.746004 36.2208 -21.8379 4.01879 6.25933 2.72137 0 0 0 0.513123 2.00048 0 0 0 0 0 0 2.384 303 49 1 1 0
./complex_md-fit_267.pdb BC A 7.75314 32.6037 -8.49551 -6.57533 -8.70996 -20.3788 -0.595338 34.6417 -21.1085 3.57368 6.67739 3.62651 0 0 0 0.353091 2.37357 0 0 0 0 0 0 2.384 303 48 0 0 0
./complex_md-fit_268.pdb BC A 7.94101 32.2855 -8.64097 -6.53712 -8.39762 -20.6992 -0.560745 34.0731 -21.5995 3.90784 7.42599 3.49415 0 0 0 0.25214 1.80583 0 0 0 0 0 0 2.384 303 44 1 1 0
./complex_md-fit_269.pdb BC A 8.63867 33.7575 -7.8953 -4.00456 -5.78822 -22.0705 -0.714096 36.0397 -23.1445 2.44664 5.94578 2.93757 0 0 0 0.456797 2.74354 0 0 0 0 0 0 2.384 303 47 0 0 0
./complex_md-fit_26.pdb BC A 5.56101 42.8922 -11.6395 -5.05743 -11.8733 -18.9672 -0.615928 31.9918 -19.5048 3.84505 5.93785 2.46992 0 0 0 0.0872766 2.222 0.0167899 0 0 0 0 0.0305511 2.384 303 49 0 0 0
./complex_md-fit_270.pdb BC A 7.73598 33.7816 -13.4633 -7.75201 -9.82086 -21.7838 -0.883084 35.1555 -22.6888 2.42073 7.91632 3.60606 0 0 0 0.366674 1.9162 -5.55112e-17 0 0 0 0 0 2.384 303 45 0 0 0
./complex_md-fit_271.pdb BC A 12.43 32.094 -6.14023 -7.53851 -7.48818 -22.2461 -0.655876 37.5738 -22.7154 4.74754 8.33413 3.71752 0 0 0 0.130876 2.41736 0 0 0 0 0 0 2.384 303 45 0 0 0
./complex_md-fit_272.pdb BC A 7.06929 35.6446 -11.5875 -8.70296 -9.75346 -21.7153 -0.670905 35.3775 -22.6007 5.18319 7.88987 3.15126 0 0 0 0.254059 1.99362 0 0 0 0 0 0 2.384 303 50 0 0 0
./complex_md-fit_273.pdb BC A 6.70362 29.5595 -9.88576 -8.63035 -9.23544 -23.1233 -0.615944 38.1757 -23.7624 6.10899 7.77002 3.23684 0 0 0 0.156088 2.34116 0 0 0 0 0 0.0340464 2.384 303 51 2 2 0
./complex_md-fit_274.pdb BC A 9.9905 39.8136 -6.9359 -7.12575 -8.86451 -21.7499 -0.800884 35.4645 -22.6624 8.01212 6.64489 3.76865 0 0 0 0.37746 2.71615 0 0 0 0 0 0 2.384 303 48 2 2 0
./complex_md-fit_275.pdb BC A 8.73163 35.9605 -9.93124 -6.73353 -6.63959 -22.4765 -0.674837 35.7656 -23.1573 4.54481 5.42457 3.40675 0 0 0 0.629103 1.69529 -0.0202409 0 0 0 0 0 2.384 303 47 1 1 0
./complex_md-fit_276.pdb BC A 8.00322 34.8457 -4.31126 -6.42466 -7.617 -21.3701 -0.506176 35.4205 -21.982 7.52336 5.65569 4.11135 0 0 0 0.87777 1.70984 2.22045e-16 0 0 0 0 0 2.384 303 48 1 1 0
./complex_md-fit_277.pdb BC A 7.28837 33.4696 -6.56064 -6.79787 -7.84663 -22.4927 -0.525169 37.297 -23.0117 5.9936 6.97372 3.57413 0 0 0 0.275045 2.32296 0 0 0 0 0 0 2.384 303 45 1 1 0
./complex_md-fit_278.pdb BC A 7.25685 28.213 -5.52498 -6.55327 -4.98085 -20.6579 -0.663856 34.1388 -21.1852 4.79863 5.96275 3.38743 0 0 0 0.228377 1.43535 0 0 0 0 0 0 2.384 303 46 0 0 0
./complex_md-fit_279.pdb BC A 8.92088 33.1094 -15.6301 -8.11459 -9.43581 -21.0593 -0.769213 33.6485 -21.2793 3.22215 5.06353 2.89346 0 0 0 0.147936 1.86843 0 0 0 0 0 0.0525676 2.384 303 46 0 0 0
./complex_md-fit_27.pdb BC A 6.56171 30.2755 -9.99574 -4.39906 -10.4542 -18.9413 -0.610504 32.8167 -19.366 2.48387 5.9448 2.24561 0 0 0 0.294328 2.23336 -0.00994387 0 0 0 0 0 2.384 303 48 0 0 0
./complex_md-fit_280.pdb BC A 6.9611 39.0233 -13.9116 -7.74316 -10.0548 -20.3924 -0.613318 31.3298 -21.2099 4.87799 6.89025 2.7067 0 0 0 0.258186 1.91122 0 0 0 0 0 0.0390705 2.384 303 41 1 1 0
./complex_md-fit_281.pdb BC A 9.24224 43.4002 -7.69134 -5.87073 -9.89798 -20.7893 -0.695949 35.0286 -20.9574 4.91062 6.58791 3.75518 0 0 0 0.190025 1.71294 0 0 0 0 0 0.0477456 2.384 303 46 0 0 0
./complex_md-fit_282.pdb BC A 7.87246 39.9993 -9.0726 -7.66534 -6.45126 -21.5335 -0.660831 35.6593 -22.3255 2.72024 6.69324 4.34149 0 0 0 0.108824 1.63294 -0.0105432 0 0 0 0 0.0512831 2.384 303 44 0 0 0
./complex_md-fit_283.pdb BC A 9.12937 27.4417 -11.8287 -8.23176 -9.65371 -22.1324 -0.834286 36.8937 -22.3748 2.605 8.10494 3.19592 0 0 0 0.546039 1.8496 0 0 0 0 0 0.0527084 2.384 303 49 0 0 0
./complex_md-fit_284.pdb BC A 9.65123 34.4698 -6.98538 -8.74412 -9.87378 -22.3085 -0.735764 37.5098 -22.4868 6.61701 7.68508 5.20326 0 0 0 0.126412 1.97515 -0.0217165 0 0 0 0 0.0437216 2.384 303 47 0 0 0
./complex_md-fit_285.pdb BC A 8.61284 35.5493 -8.819 -7.1257 -7.5529 -22.7864 -0.763613 38.0734 -23.2936 3.3328 6.79246 4.26817 0 0 0 0.177074 2.1809 0 0 0 0 0 0.0592646 2.384 303 46 0 0 0
./complex_md-fit_286.pdb BC A 7.97561 32.8304 -9.9328 -8.24923 -9.40026 -23.6137 -0.694856 38.6395 -24.1872 4.38885 7.9698 4.848 0 0 0 0.313957 3.37028 0 0 0 0 0 0.0523676 2.384 303 44 0 0 0
./complex_md-fit_287.pdb BC A 8.52437 34.5196 -8.39748 -6.37199 -9.21717 -23.5333 -0.707051 40.3501 -24.241 4.3774 7.48926 2.94484 0 0 0 0.490222 2.31269 -0.0312549 0 0 0 0 0.0524695 2.384 303 49 0 0 0
./complex_md-fit_288.pdb BC A 8.00618 40.5753 -9.69133 -7.63575 -9.97316 -24.7545 -0.632833 41.4943 -25.4949 5.69717 7.34604 3.67413 0 0 0 0.517936 2.47921 0.0139508 0 0 0 0 0.056301 2.384 303 50 1 1 0
./complex_md-fit_289.pdb BC A 9.31244 33.7553 -8.43656 -9.18938 -9.66722 -25.0219 -0.673108 42.6662 -25.1341 6.25869 8.72108 3.28309 0 0 0 0.272972 2.94361 0 0 0 0 0 0.0471117 2.384 303 49 1 1 0
./complex_md-fit_28.pdb BC A 6.02703 39.3969 -0.777345 -2.85295 -10.2042 -19.7187 -0.789708 34.5723 -19.7177 7.00162 7.1243 3.65071 0 0 0 0.0877286 1.88537 0 0 0 0 0 0.0691599 2.384 303 49 1 1 0
./complex_md-fit_290.pdb BC A 9.74888 39.4603 -14.5462 -9.46411 -9.40422 -23.7819 -0.605647 38.3293 -24.2637 4.10257 6.97574 2.86743 0 0 0 0.65091 2.45034 0 0 0 0 0 0.0474509 2.384 303 45 0 0 0
./complex_md-fit_291.pdb BC A 9.62333 34.1854 -7.47645 -8.16296 -10.8062 -23.0259 -0.788914 40.0564 -22.9056 6.67664 8.59965 2.58638 0 0 0 0.263033 2.02587 -0.0169763 0 0 0 0 0.0481106 2.384 303 46 0 0 0
./complex_md-fit_292.pdb BC A 7.83267 33.0135 -10.9532 -8.38624 -11.215 -22.7328 -0.797644 38.3236 -23.2754 4.41837 8.05139 4.11674 0 0 0 0.505824 2.23379 0.000444158 0 0 0 0 0.0374669 2.384 303 47 1 1 0
./complex_md-fit_293.pdb BC A 8.19942 35.7084 -13.8996 -9.56548 -12.1254 -23.3022 -0.837082 38.655 -23.1732 4.82748 8.29543 2.71218 0 0 0 0.56329 1.9728 1.11022e-16 0 0 0 0 0.0503334 2.384 303 46 0 0 0
./complex_md-fit_294.pdb BC A 8.83166 36.9193 -9.30962 -5.78548 -10.6451 -22.1042 -0.708742 38.1904 -22.5967 3.51665 7.26948 3.16351 0 0 0 0.342697 3.09128 0 0 0 0 0 0.0479007 2.384 303 45 0 0 0
./complex_md-fit_295.pdb BC A 7.82832 32.858 -8.81495 -9.23624 -10.9362 -22.2479 -0.852291 36.9228 -22.4024 5.67831 8.49953 4.93123 0 0 0 0.777561 2.39318 0 0 0 0 0 0.0506608 2.384 303 47 1 1 0
./complex_md-fit_296.pdb BC A 9.57338 29.1962 -12.1555 -8.01381 -12.0462 -22.3768 -0.775022 36.3294 -23.4691 5.16139 8.38117 4.2405 0 0 0 0.374096 1.4618 5.55112e-17 0 0 0 0 0.0388447 2.384 303 47 0 0 0
./complex_md-fit_297.pdb BC A 9.2851 40.3618 -8.75932 -6.43282 -9.8226 -22.2877 -0.673484 38.2434 -22.6215 3.18701 7.2865 3.889 0 0 0 0.451368 1.89439 0 0 0 0 0 0.0214486 2.384 303 45 0 0 0
./complex_md-fit_298.pdb BC A 6.39088 31.4192 -5.73601 -7.34327 -8.85554 -22.7949 -0.795998 39.732 -22.8557 6.42204 6.90706 2.97909 0 0 0 0.823255 1.60987 0 0 0 0 0 0.0460532 2.384 303 46 0 0 0
./complex_md-fit_299.pdb BC A 8.21694 25.6711 -8.21584 -7.81916 -10.6232 -22.2967 -0.676538 35.7461 -22.9595 8.82778 8.15723 3.08859 0 0 0 0.290817 2.0895 0 0 0 0 0 0.0488176 2.384 303 45 4 4 0
./complex_md-fit_29.pdb BC A 6.38936 31.4876 -7.18293 -5.12433 -6.89667 -21.3884 -0.574778 35.2377 -22.1993 2.49565 6.00378 4.7351 0 0 0 0.478649 2.14514 -5.55112e-17 0 0 0 0 0.0496625 2.384 303 50 0 0 0
./complex_md-fit_2.pdb BC A 8.24173 24.5461 -9.21085 -3.41835 -10.9497 -23.5895 -0.999379 41.5435 -23.6279 3.63684 7.40032 0.483384 0 0 0 0.309965 3.04253 0 0 0 0 0 0 2.384 303 50 0 0 0
./complex_md-fit_300.pdb BC A 9.56239 34.0885 -7.31062 -7.79286 -8.12948 -22.8758 -0.840225 38.2634 -23.7548 5.99136 7.5661 3.84636 0 0 0 0.389206 2.02629 0 0 0 0 0 0.0261113 2.384 303 44 2 2 0
./complex_md-fit_301.pdb BC A 11.8574 35.736 -7.23742 -9.4345 -11.4982 -22.8005 -0.734654 38.6431 -23.2101 7.69229 10.2937 3.67238 0 0 0 0.147413 1.98313 -0.0279023 0 0 0 0 0.0197095 2.384 303 44 1 1 0
./complex_md-fit_302.pdb BC A 8.39283 40.6975 -9.26548 -6.96985 -10.7073 -23.9374 -0.665698 40.2771 -24.307 4.55691 7.98142 3.99408 0 0 0 0.485752 1.84469 0 0 0 0 0 0.0264301 2.384 303 46 0 0 0
./complex_md-fit_303.pdb BC A 7.7257 27.6731 -10.6011 -7.10087 -9.58905 -23.7385 -0.662184 39.0772 -24.4974 4.54548 6.44265 4.52442 0 0 0 0.347974 1.88362 0 0 0 0 0 0.0492297 2.384 303 47 0 0 0
./complex_md-fit_304.pdb BC A 8.10491 34.5098 -9.37251 -9.17665 -9.20329 -22.2044 -0.427522 37.7122 -22.8817 3.08152 8.20065 4.94349 0 0 0 0.543672 2.22248 0 0 0 0 0 0.039499 2.384 303 45 0 0 0
./complex_md-fit_305.pdb BC A 7.06269 37.5632 -14.4196 -7.15925 -11.8512 -22.6971 -0.661525 37.3722 -23.2631 2.68759 7.63897 3.20734 0 0 0 0.266045 2.08971 -0.00989575 0 0 0 0 0.0502744 2.384 303 48 0 0 0
./complex_md-fit_306.pdb BC A 8.705 28.7546 -7.67646 -6.95948 -8.89401 -23.8136 -0.727536 41.0066 -24.31 5.18485 6.94567 3.14754 0 0 0 0.691859 2.40796 0 0 0 0 0 0.0515691 2.384 303 44 1 1 0
./complex_md-fit_307.pdb BC A 6.55365 39.5648 -11.1498 -8.4129 -11.7335 -24.0099 -0.772004 41.4021 -24.5029 4.34936 8.63343 3.57941 0 0 0 0.270839 2.15577 0 0 0 0 0 0.0461742 2.384 303 46 0 0 0
./complex_md-fit_308.pdb BC A 7.17142 32.0133 -12.7503 -8.72721 -10.519 -23.9117 -0.80906 38.4615 -24.7768 6.15768 7.96437 3.18835 0 0 0 0.167439 2.11194 0 0 0 0 0 0.0540278 2.384 303 47 1 1 0
./complex_md-fit_309.pdb BC A 9.36917 27.2793 -5.92614 -7.65067 -9.24486 -23.3835 -0.879194 40.33 -24.1568 8.04011 7.77396 3.07123 0 0 0 0.13566 2.09355 -0.0110966 0 0 0 0 0.0490024 2.384 303 45 1 1 0
./complex_md-fit_30.pdb BC A 8.38032 43.0427 -4.59246 -3.67226 -8.29312 -20.6324 -0.669074 33.4497 -21.6292 5.14022 7.32142 4.1969 0 0 0 0.141935 1.94623 0 0 0 0 0 0.0533419 2.384 303 48 0 0 0
./complex_md-fit_310.pdb BC A 10.8763 37.0069 -15.2786 -8.77826 -11.4608 -22.1872 -0.728835 36.3305 -22.5976 4.64371 6.82478 2.43805 0 0 0 0.180353 2.27071 0 0 0 0 0 0.0565739 2.384 303 46 1 1 0
./complex_md-fit_311.pdb BC A 7.29398 30.9236 -9.8057 -6.79536 -10.0047 -22.8725 -0.737842 37.5198 -23.8425 5.70531 6.8665 4.20062 0 0 0 0.115972 2.58297 -0.0101154 0 0 0 0 0.0490383 2.384 303 43 1 1 0
./complex_md-fit_312.pdb BC A 8.3336 36.9326 -11.681 -8.7848 -8.51266 -24.7885 -0.612186 40.6619 -25.0729 6.0166 6.08541 2.96696 0 0 0 0.3054 2.63847 0 0 0 0 0 0.0538372 2.384 303 47 1 1 0
./complex_md-fit_313.pdb BC A 7.92809 35.7836 -10.9356 -8.07991 -10.6824 -24.0392 -0.680093 40.7058 -24.1721 4.94659 7.81361 3.10041 0 0 0 0.100711 2.32858 1.11022e-16 0 0 0 0 0.0510831 2.384 303 45 0 0 0
./complex_md-fit_314.pdb BC A 7.50148 38.5194 -7.33454 -6.76213 -9.72888 -22.524 -0.704747 37.7934 -23.0616 7.25225 8.12312 2.11934 0 0 0 0.109849 1.95346 1.11022e-16 0 0 0 0 0.0488644 2.384 303 47 2 2 0
./complex_md-fit_315.pdb BC A 10.4038 45.3849 -12.2732 -9.75266 -10.7421 -24.1834 -0.8283 39.408 -24.9993 6.60059 8.36715 3.596 0 0 0 0.204653 1.88926 0 0 0 0 0 0.0562324 2.384 303 45 2 2 0
./complex_md-fit_316.pdb BC A 7.14518 33.4226 -14.9156 -7.64798 -11.5059 -22.957 -0.78446 39.1068 -23.4478 2.55039 7.02187 2.47496 0 0 0 0.214663 2.16604 0 0 0 0 0 0.0588382 2.384 303 45 0 0 0
./complex_md-fit_317.pdb BC A 7.35981 34.9793 -7.87573 -7.92758 -10.6359 -24.4631 -0.67435 40.3159 -25.3493 8.14567 8.72716 3.40043 0 0 0 0.547636 1.96633 -0.0110893 0 0 0 0 0.0488447 2.384 303 47 2 2 0
./complex_md-fit_318.pdb BC A 8.07134 44.1509 -7.77044 -7.16393 -10.7082 -23.2946 -0.601599 38.8608 -23.8876 8.15627 7.26081 3.26272 0 0 0 0.303047 2.2759 -0.00996661 0 0 0 0 0.0518234 2.384 303 46 2 2 0
./complex_md-fit_319.pdb BC A 8.71746 38.702 -10.3575 -7.69701 -9.46885 -23.3421 -0.823935 38.912 -24.1529 4.98082 7.59759 3.32323 0 0 0 0.256907 2.14003 0.00636024 0 0 0 0 0.0504238 2.384 303 45 1 1 0
./complex_md-fit_31.pdb BC A 8.19106 35.9233 -9.22421 -4.72704 -7.40767 -19.5599 -0.468594 31.0853 -20.1759 2.6857 6.23824 2.74053 0 0 0 0.321417 1.38387 -0.00973216 0 0 0 0 0.0534351 2.384 303 46 0 0 0
./complex_md-fit_320.pdb BC A 8.48646 32.5156 -15.8741 -10.9324 -13.1556 -23.6946 -0.641505 39.4022 -23.8313 2.13112 9.81649 4.69358 0 0 0 0.295588 2.32128 2.77556e-17 0 0 0 0 0.0424525 2.384 303 45 0 0 0
./complex_md-fit_321.pdb BC A 6.51284 31.0773 -12.6215 -7.54508 -9.86003 -23.6603 -0.545315 40.0038 -24.0677 1.93292 8.20955 2.63631 0 0 0 0.252318 1.92282 -0.026778 0 0 0 0 0.0488861 2.384 303 45 0 0 0
./complex_md-fit_322.pdb BC A 7.91209 41.93 -6.79022 -6.34445 -9.85973 -23.32 -0.833602 39.7977 -24.4028 5.1987 8.67532 4.12853 0 0 0 0.152659 2.21962 -2.22045e-16 0 0 0 0 0.0174988 2.384 303 46 2 2 0
./complex_md-fit_323.pdb BC A 8.13591 30.5394 -12.8612 -6.80373 -10.3684 -20.1811 -0.698338 32.0319 -20.5771 3.73664 7.0068 2.74209 0 0 0 0.1904 1.37075 0 0 0 0 0 0.0596582 2.384 303 43 0 0 0
./complex_md-fit_324.pdb BC A 9.94845 35.7037 -15.408 -8.86726 -11.0079 -21.3892 -0.600124 34.393 -22.1709 3.93556 7.27579 2.83114 0 0 0 0.130525 1.68236 0 0 0 0 0 0.0613671 2.384 303 50 0 0 0
./complex_md-fit_325.pdb BC A 10.555 24.0177 -9.4227 -8.3024 -8.59291 -21.8819 -0.761847 34.6812 -22.7432 6.48689 7.43877 3.71205 0 0 0 0.483773 1.43283 0 0 0 0 0 0.0568953 2.384 303 43 2 2 0
./complex_md-fit_326.pdb BC A 9.07207 33.456 -17.054 -9.10649 -11.6754 -22.8983 -0.861565 37.2166 -22.9991 2.43062 8.13094 2.42516 0 0 0 0.225089 2.03332 0 0 0 0 0 0.0585141 2.384 303 46 0 0 0
./complex_md-fit_327.pdb BC A 8.74061 36.0114 -12.9821 -9.22151 -11.8782 -22.6512 -0.745099 38.4521 -23.2053 4.32035 8.02344 3.65599 0 0 0 0.222446 2.37543 -5.55112e-17 0 0 0 0 0.0449868 2.384 303 45 0 0 0
./complex_md-fit_328.pdb BC A 6.45564 35.2996 -8.78422 -7.60152 -11.1216 -23.7693 -0.756711 40.8148 -24.2117 6.02772 7.75499 3.72483 0 0 0 0.367684 2.25473 -0.0275801 0 0 0 0 0.0142584 2.384 303 49 0 0 0
./complex_md-fit_329.pdb BC A 7.62477 30.7722 -8.66108 -9.07039 -9.33896 -22.4614 -0.827263 39.0196 -23.2522 4.76906 8.48156 3.32262 0 0 0 0.641738 1.2549 0 0 0 0 0 0.0545306 2.384 303 46 1 1 0
./complex_md-fit_32.pdb BC A 8.59666 30.4112 -7.98811 -5.01815 -7.40973 -20.4241 -0.744625 33.7503 -21.2029 3.26219 6.04671 3.50043 0 0 0 0.193219 1.80207 0 0 0 0 0 0.058576 2.384 303 47 0 0 0
./complex_md-fit_330.pdb BC A 7.04909 33.3782 -9.35749 -9.00209 -11.0757 -23.8218 -0.748619 40.4146 -24.2204 7.5788 7.4717 3.65168 0 0 0 0.338167 2.12136 0 0 0 0 0 0.0561009 2.384 303 49 4 4 0
./complex_md-fit_331.pdb BC A 8.23808 28.7028 -11.5883 -9.11703 -11.9224 -23.6554 -0.733066 39.5863 -24.4651 4.93236 8.4695 4.81154 0 0 0 0.460278 2.23183 0 0 0 0 0 0.0445974 2.384 303 49 1 1 0
./complex_md-fit_332.pdb BC A 7.76919 36.9075 -8.68695 -9.07678 -10.5703 -22.6256 -0.607172 37.7049 -23.5245 7.91088 7.99269 3.72859 0 0 0 0.336502 2.43051 -0.000837327 0 0 0 0 0.0448376 2.384 303 45 2 2 0
./complex_md-fit_333.pdb BC A 6.77301 32.7407 -12.7674 -7.64223 -10.2824 -22.762 -0.758559 36.2762 -23.762 4.80427 7.3872 3.81179 0 0 0 0.111447 2.16223 0 0 0 0 0 0.0489187 2.384 303 46 1 1 0
./complex_md-fit_334.pdb BC A 5.67817 31.2631 -12.4801 -10.114 -10.3722 -22.8857 -0.673652 38.2437 -23.6236 3.84818 8.7108 4.19545 0 0 0 0.170867 1.77185 0 0 0 0 0 0.0200162 2.384 303 46 1 1 0
./complex_md-fit_335.pdb BC A 7.73114 34.722 -12.4502 -8.2731 -10.3254 -23.7814 -0.668717 38.6662 -24.6953 3.51718 8.85026 4.09653 0 0 0 0.140016 2.43618 0 0 0 0 0 0.0235242 2.384 303 45 0 0 0
./complex_md-fit_336.pdb BC A 12.1446 39.8252 -10.9791 -7.62232 -10.0404 -22.1875 -0.593702 34.8037 -23.3899 6.81522 8.10623 2.85147 0 0 0 0.247936 1.98759 0 0 0 0 0 0.0301994 2.384 303 44 1 1 0
./complex_md-fit_337.pdb BC A 6.67977 32.5785 -12.1937 -7.52933 -9.7873 -21.5393 -0.549961 35.2338 -22.5723 2.58567 6.75284 4.57665 0 0 0 0.575297 1.53804 0 0 0 0 0 0.0602757 2.384 303 45 0 0 0
./complex_md-fit_338.pdb BC A 8.43535 25.4728 -10.4508 -7.64119 -10.5519 -22.547 -0.758518 37.5914 -23.5656 5.47369 8.17389 3.15886 0 0 0 0.166795 1.85297 0 0 0 0 0 0.0487642 2.384 303 46 0 0 0
./complex_md-fit_339.pdb BC A 6.0923 37.1791 -9.08061 -6.90095 -12.2741 -21.2811 -0.695607 35.5717 -21.8542 7.82288 6.99747 3.28864 0 0 0 0.210682 1.85561 0 0 0 0 0 0.033986 2.384 303 44 3 3 0
./complex_md-fit_33.pdb BC A 6.75997 30.778 -6.686 -4.55883 -7.53721 -19.8626 -0.455453 34.2333 -20.6901 3.12981 6.53895 2.37592 0 0 0 0.090252 2.29402 0 0 0 0 0 0.0500119 2.384 303 46 0 0 0
./complex_md-fit_340.pdb BC A 6.87331 35.8149 -7.43004 -8.50046 -9.6733 -21.646 -0.711521 36.3447 -22.5534 6.05348 7.31043 5.42957 0 0 0 0.457795 1.23239 0 0 0 0 0 0.0586794 2.384 303 45 2 2 0
./complex_md-fit_341.pdb BC A 8.46761 36.8044 -9.96023 -11.1449 -12.3151 -21.8589 -0.760898 36.9777 -22.5578 7.13061 9.606 4.28135 0 0 0 0.628964 2.11853 1.11022e-16 0 0 0 0 0.0527453 2.384 303 45 3 3 0
./complex_md-fit_342.pdb BC A 10.1395 28.8981 -6.56799 -7.92142 -10.0962 -21.4005 -0.913258 35.8222 -21.9739 7.39323 8.09701 4.32822 0 0 0 0.0751073 1.04127 5.55112e-17 0 0 0 0 0.02159 2.384 303 46 1 1 0
./complex_md-fit_343.pdb BC A 10.9051 43.0703 -7.08515 -7.66986 -10.7225 -22.1853 -0.671916 38.8674 -22.2893 5.52773 8.35788 2.98833 0 0 0 0.663243 1.60737 0 0 0 0 0 0.0491122 2.384 303 47 0 0 0
./complex_md-fit_344.pdb BC A 7.89633 37.1241 -16.4267 -9.08157 -12.3934 -21.8097 -0.849803 35.7464 -22.2471 3.17158 7.13514 3.44231 0 0 0 0.433142 1.50056 0 0 0 0 0 0.0264221 2.384 303 47 0 0 0
./complex_md-fit_345.pdb BC A 10.4781 31.586 -10.2323 -5.54829 -9.35062 -20.1909 -0.614398 31.2668 -21.1952 5.07393 6.75534 3.3248 0 0 0 0.197321 1.10611 0 0 0 0 0 0.0488767 2.384 303 43 1 1 0
./complex_md-fit_346.pdb BC A 7.59811 29.7116 -7.41832 -5.30487 -8.16776 -20.316 -0.599137 32.6261 -21.1729 6.553 5.71685 2.94832 0 0 0 0.280008 1.58724 0 0 0 0 0 0.0180323 2.384 303 45 2 2 0
./complex_md-fit_347.pdb BC A 7.58847 36.3528 -14.2269 -5.2673 -9.39134 -20.1855 -0.606062 32.1853 -20.9768 1.09505 5.65814 2.64213 0 0 0 0.556758 1.08787 0 0 0 0 0 0.0628086 2.384 303 43 0 0 0
./complex_md-fit_348.pdb BC A 12.7416 31.2893 -10.5242 -5.47499 -8.99132 -20.123 -0.594313 31.8485 -21.0512 4.05968 6.72692 2.57816 0 0 0 0.49732 1.33488 0 0 0 0 0 0 2.384 303 44 0 0 0
./complex_md-fit_349.pdb BC A 7.00284 32.3972 -10.6335 -6.76173 -10.8124 -20.8148 -0.743106 34.1945 -21.5272 3.73413 8.05313 3.62761 0 0 0 0.40854 2.21534 5.55112e-17 0 0 0 0 0.00781566 2.384 303 44 0 0 0
./complex_md-fit_34.pdb BC A 6.29309 34.4895 -6.2408 -3.61252 -5.33206 -19.2804 -0.391488 31.4482 -20.359 2.85653 5.9382 2.23129 0 0 0 0.166153 1.60026 0.03047 0 0 0 0 0.0637724 2.384 303 43 0 0 0
./complex_md-fit_350.pdb BC A 9.01831 32.3534 -13.2635 -10.4776 -12.8616 -22.6579 -0.665304 38.7509 -22.5863 3.24124 9.18017 4.19053 0 0 0 0.573715 1.80027 0 0 0 0 0 0.0486135 2.384 303 47 0 0 0
./complex_md-fit_351.pdb BC A 8.14738 42.0905 -11.9506 -9.92546 -12.5615 -22.5726 -0.809723 37.6801 -22.8963 6.27465 9.37897 3.08424 0 0 0 0.347869 2.55544 0 0 0 0 0 0.0491318 2.384 303 45 1 1 0
./complex_md-fit_352.pdb BC A 7.1837 31.8898 -12.9863 -8.31767 -9.72272 -20.9831 -0.71461 33.2003 -21.5528 3.69491 7.05459 4.12047 0 0 0 0.179461 1.50691 0 0 0 0 0 0.0549174 2.384 303 48 0 0 0
./complex_md-fit_353.pdb BC A 8.2052 28.8476 -9.97855 -7.96463 -9.9694 -22.6476 -0.689041 38.3073 -23.1853 3.35711 9.05687 3.16547 0 0 0 0.52721 1.7696 1.11022e-16 0 0 0 0 0.0634089 2.384 303 48 0 0 0
./complex_md-fit_354.pdb BC A 9.2251 35.3214 -11.9791 -8.12173 -10.9536 -22.1689 -0.676048 37.0345 -22.9465 3.56479 7.81438 4.29087 0 0 0 0.124551 2.29682 0 0 0 0 0 0.0586005 2.384 303 49 0 0 0
./complex_md-fit_355.pdb BC A 9.39055 32.3633 -8.22217 -7.50237 -11.4878 -21.4342 -0.550693 36.3527 -21.9527 5.8304 8.5011 3.6489 0 0 0 0.323844 2.13047 0 0 0 0 0 0.0485989 2.384 303 44 1 1 0
./complex_md-fit_356.pdb BC A 6.95007 30.8821 -9.32284 -8.0957 -8.99519 -22.5049 -0.573888 38.6997 -22.6354 4.20656 7.5385 2.80498 0 0 0 0.174333 2.11935 -2.77556e-17 0 0 0 0 0.0581451 2.384 303 45 0 0 0
./complex_md-fit_357.pdb BC A 6.64823 31.6229 -9.62233 -6.6637 -9.21282 -20.8079 -0.776751 34.459 -21.6814 6.28925 6.23406 2.13618 0 0 0 0.350916 1.53928 1.11022e-16 0 0 0 0 0.050831 2.384 303 46 1 1 0
./complex_md-fit_358.pdb BC A 7.59217 38.1807 -13.0259 -7.24962 -8.44028 -21.3035 -0.457011 34.3956 -22.4628 2.33746 6.50005 3.51923 0 0 0 0.0425209 1.89329 0.0356242 0 0 0 0 0.0568207 2.384 303 45 0 0 0
./complex_md-fit_359.pdb BC A 6.57599 35.1245 -8.41839 -6.97902 -9.02469 -23.0892 -0.639898 39.5883 -23.8018 5.01426 7.37543 2.62967 0 0 0 0.432415 2.10383 0.0199873 0 0 0 0 0.0561079 2.384 303 45 0 0 0
./complex_md-fit_35.pdb BC A 8.43844 29.1107 -10.5654 -4.77951 -5.14502 -19.4649 -0.441921 31.8301 -20.6187 1.71249 4.97615 1.18319 0 0 0 0.13231 1.66851 0 0 0 0 0 0.0502612 2.384 303 47 0 0 0
./complex_md-fit_360.pdb BC A 8.35496 36.6475 -9.88466 -7.84281 -10.1387 -22.3685 -0.712762 37.8992 -22.7358 5.99348 6.4155 3.40718 0 0 0 0.191224 2.42245 1.11022e-16 0 0 0 0 0.00725879 2.384 303 45 0 0 0
./complex_md-fit_361.pdb BC A 7.45802 38.3208 -8.30192 -6.8282 -7.52589 -21.0835 -0.618963 33.9909 -21.5488 5.19594 5.7274 4.27385 0 0 0 0.0706763 1.6608 0 0 0 0 0 0.0445922 2.384 303 45 1 1 0
./complex_md-fit_362.pdb BC A 7.94978 34.8004 -9.81203 -6.56758 -9.82553 -21.2333 -0.593792 35.7896 -21.8994 4.47483 7.22456 2.65346 0 0 0 0.133355 1.98718 -0.029117 0 0 0 0 0.0609133 2.384 303 46 2 2 0
./complex_md-fit_363.pdb BC A 10.9042 36.9929 -12.2062 -7.81367 -10.091 -21.5216 -0.787709 35.8769 -21.8739 4.55505 7.15492 2.0561 0 0 0 0.185139 2.3932 0 0 0 0 0 0.0536411 2.384 303 47 1 1 0
./complex_md-fit_364.pdb BC A 7.62136 37.0268 -14.7509 -9.85636 -11.9954 -21.841 -0.69079 36.1094 -22.0619 2.84018 8.44499 3.48672 0 0 0 0.760412 2.2967 0 0 0 0 0 0.0528132 2.384 303 45 0 0 0
./complex_md-fit_365.pdb BC A 7.574 41.1139 -11.0164 -7.22427 -10.9285 -22.4182 -0.656488 37.5377 -22.8268 4.05296 8.67711 2.34804 0 0 0 0.370635 2.12756 0 0 0 0 0 0.0514887 2.384 303 46 0 0 0
./complex_md-fit_366.pdb BC A 7.74621 34.7931 -9.34093 -8.32869 -9.37173 -22.3976 -0.683425 37.9712 -22.6258 4.42064 8.07588 3.35056 0 0 0 0.188654 2.6078 0 0 0 0 0 0.0593318 2.384 303 48 0 0 0
./complex_md-fit_367.pdb BC A 8.09713 40.352 -18.084 -8.71991 -13.0955 -22.7483 -0.945056 37.3691 -23.3238 3.08963 6.24322 3.34121 0 0 0 0.646897 2.43737 0 0 0 0 0 0.0584272 2.384 303 47 0 0 0
./complex_md-fit_368.pdb BC A 7.99882 37.2593 -16.0036 -9.02826 -12.9855 -22.1891 -0.663113 37.706 -22.2016 2.39505 7.04802 2.98032 0 0 0 0.887504 3.12766 0 0 0 0 0 0.0470032 2.384 303 49 0 0 0
./complex_md-fit_369.pdb BC A 6.12886 33.384 -14.1457 -8.51575 -11.2165 -23.0717 -0.78131 37.1105 -23.9743 5.55726 6.52032 3.86198 0 0 0 0.302226 2.45117 -1.11022e-16 0 0 0 0 0.0615425 2.384 303 48 1 1 0
./complex_md-fit_36.pdb BC A 6.21083 35.4508 -9.9054 -5.03433 -7.84236 -18.5737 -0.373139 30.5924 -19.4876 2.28896 5.28556 3.0906 0 0 0 0.0853583 1.23455 -5.55112e-17 0 0 0 0 0.062803 2.384 303 48 0 0 0
./complex_md-fit_370.pdb BC A 7.46452 23.6397 -10.7446 -7.8148 -10.9684 -21.9912 -0.736493 36.4162 -22.3891 3.79417 8.50198 4.19673 0 0 0 0.175155 1.88922 -5.55112e-17 0 0 0 0 0.071185 2.384 303 49 0 0 0
./complex_md-fit_371.pdb BC A 7.78842 37.638 -9.9767 -8.4139 -10.3651 -23.2733 -0.666518 38.9371 -23.4415 5.38609 8.53268 2.82001 0 0 0 0.445197 1.81618 -5.55112e-17 0 0 0 0 0.0625795 2.384 303 47 1 1 0
./complex_md-fit_372.pdb BC A 7.00561 31.7514 -14.1491 -8.17716 -11.2697 -22.4635 -0.668976 36.8284 -22.6472 3.3446 6.48463 3.57247 0 0 0 0.797239 2.07414 0 0 0 0 0 0.0501136 2.384 303 47 0 0 0
./complex_md-fit_373.pdb BC A 6.96017 31.6959 -12.8046 -8.3375 -10.4477 -23.0505 -0.688567 38.4956 -23.1736 3.84281 8.09494 2.19008 0 0 0 0.214362 2.37153 0 0 0 0 0 0.0555635 2.384 303 46 0 0 0
./complex_md-fit_374.pdb BC A 7.21452 40.723 -12.847 -6.95815 -11.2746 -23.0073 -0.754835 39.1303 -23.152 2.94067 6.73877 3.12533 0 0 0 0.308947 2.49017 5.55112e-17 0 0 0 0 0.0558664 2.384 303 49 0 0 0
./complex_md-fit_375.pdb BC A 7.42079 34.1508 -11.8043 -8.98365 -12.5725 -23.2366 -0.868419 39.0299 -23.6219 6.65614 8.23555 3.0983 0 0 0 0.401134 1.94558 0 0 0 0 0 0.0577934 2.384 303 46 2 2 0
./complex_md-fit_376.pdb BC A 7.0885 27.3055 -16.2363 -8.56344 -11.7823 -23.2727 -0.785486 38.6287 -23.8737 2.91186 6.99058 3.25375 0 0 0 0.18972 2.94678 0 0 0 0 0 0.0666898 2.384 303 47 0 0 0
./complex_md-fit_377.pdb BC A 8.50289 29.4279 -12.4634 -8.47845 -11.2867 -22.8758 -0.728569 38.6692 -22.9074 3.62596 7.6631 3.50402 0 0 0 0.296071 2.28584 0 0 0 0 0 0.0551426 2.384 303 47 0 0 0
./complex_md-fit_378.pdb BC A 8.55865 31.4883 -10.3087 -8.29338 -8.84768 -21.8938 -0.714213 36.2075 -22.6326 3.49096 8.69126 3.41576 0 0 0 0.2199 1.88181 -2.22045e-16 0 0 0 0 0.0475254 2.384 303 44 0 0 0
./complex_md-fit_379.pdb BC A 7.00804 31.453 -8.72853 -7.84281 -10.9323 -21.8923 -0.782269 37.6514 -21.8032 4.04065 7.65531 4.33651 0 0 0 0.785721 2.15583 0 0 0 0 0 0.0547104 2.384 303 48 1 1 0
./complex_md-fit_37.pdb BC A 6.65432 28.3431 -9.54855 -5.1814 -8.10293 -18.3448 -0.529714 31.5477 -18.6891 1.72641 5.71873 2.02378 0 0 0 0.22497 1.60708 0 0 0 0 0 0.0577825 2.384 303 44 0 0 0
./complex_md-fit_380.pdb BC A 6.89936 36.5711 -12.7874 -7.65795 -10.2571 -21.6437 -0.749226 35.1488 -22.4079 3.85854 7.24987 3.29946 0 0 0 0.316137 2.06523 0 0 0 0 0 0.0555176 2.384 303 49 1 1 0
./complex_md-fit_381.pdb BC A 9.13311 36.8113 -5.58811 -6.1274 -8.40284 -21.7152 -0.691506 37.9572 -22.2613 5.65863 6.45791 3.31541 0 0 0 0.157953 2.34673 1.38778e-17 0 0 0 0 0.0630913 2.384 303 47 2 2 0
./complex_md-fit_382.pdb BC A 7.94718 33.2097 -9.55429 -8.32569 -11.134 -22.1629 -0.763981 37.86 -22.2932 3.85221 8.96636 3.64147 0 0 0 0.741921 1.6551 0 0 0 0 0 0.0634984 2.384 303 48 0 0 0
./complex_md-fit_383.pdb BC A 8.37866 36.3648 -9.60936 -7.96829 -10.8254 -22.4374 -0.675386 38.4574 -22.9428 5.55218 8.0645 2.7241 0 0 0 0.39611 2.52904 0 0 0 0 0 0.0455466 2.384 303 46 1 1 0
./complex_md-fit_384.pdb BC A 8.55078 37.0814 -9.87709 -9.57364 -11.5683 -22.3567 -0.820011 38.9252 -22.364 3.94981 10.5808 2.88404 0 0 0 0.407128 2.1346 0 0 0 0 0 0.0584982 2.384 303 50 2 2 0
./complex_md-fit_385.pdb BC A 9.47246 34.4733 -8.38198 -6.87069 -7.49363 -22.3482 -0.53554 38.1303 -22.5527 3.54073 6.79295 2.75082 0 0 0 0.147695 1.8024 1.11022e-16 0 0 0 0 0.0563201 2.384 303 47 0 0 0
./complex_md-fit_386.pdb BC A 7.53087 35.6021 -8.21538 -7.35446 -10.7583 -23.035 -0.775691 39.0064 -23.7794 7.40961 8.00276 2.81866 0 0 0 0.188112 1.97895 0 0 0 0 0 0.0619825 2.384 303 47 1 1 0
./complex_md-fit_387.pdb BC A 6.23263 39.7757 -12.7017 -8.05645 -9.30216 -21.8572 -0.62594 36.622 -22.4107 2.45132 7.61395 2.20306 0 0 0 0.605441 1.9191 0 0 0 0 0 0.0549848 2.384 303 47 0 0 0
./complex_md-fit_388.pdb BC A 7.852 31.6922 -10.0054 -8.67122 -8.72963 -20.5536 -0.644588 34.1424 -20.817 5.55368 6.45558 3.0212 0 0 0 0.179611 1.99185 0 0 0 0 0 0.0581732 2.384 303 41 1 1 0
./complex_md-fit_389.pdb BC A 7.30042 45.1742 -8.70883 -7.16584 -6.60671 -20.5166 -0.448464 32.9854 -20.7883 4.67298 5.72953 2.86801 0 0 0 0.506056 1.3123 -1.11022e-16 0 0 0 0 0.0550302 2.384 303 46 0 0 0
./complex_md-fit_38.pdb BC A 7.16975 31.1268 -8.70738 -4.6062 -4.65821 -18.3907 -0.501203 28.901 -19.4546 1.30835 5.25617 3.22449 0 0 0 0.151319 1.42768 0 0 0 0 0 0.0622882 2.384 303 42 0 0 0
./complex_md-fit_390.pdb BC A 6.63421 32.3732 -10.7345 -7.49764 -9.20051 -20.9729 -0.714504 34.8826 -21.383 2.55792 7.25684 4.14166 0 0 0 0.131213 1.63411 0 0 0 0 0 0.06376 2.384 303 43 0 0 0
./complex_md-fit_391.pdb BC A 7.33707 36.0194 -10.2648 -5.88813 -9.99875 -20.384 -0.725864 33.2336 -20.8737 5.07177 6.3957 2.63997 0 0 0 0.215016 1.92559 0 0 0 0 0 0.0496166 2.384 303 45 0 0 0
./complex_md-fit_392.pdb BC A 7.34678 37.193 -3.44032 -6.93143 -7.20932 -22.3213 -0.83373 38.9253 -22.2854 6.53383 7.13526 3.25089 0 0 0 0.260863 2.42791 0 0 0 0 0 0.0347864 2.384 303 48 3 3 0
./complex_md-fit_393.pdb BC A 7.44661 36.9938 -0.229015 -5.42292 -7.82675 -21.1714 -0.775395 37.4132 -21.1502 7.28678 7.09225 4.05274 0 0 0 0.217102 1.98292 0 0 0 0 0 0.0556176 2.384 303 45 1 1 0
./complex_md-fit_394.pdb BC A 6.95013 34.2998 -3.58301 -6.58905 -8.4609 -21.588 -0.555551 37.9923 -21.7917 7.13522 7.13641 2.83602 0 0 0 0.252021 1.64902 0 0 0 0 0 0.0501633 2.384 303 48 1 1 0
./complex_md-fit_395.pdb BC A 8.5583 36.0347 -16.6892 -9.56681 -11.2051 -21.9731 -0.759034 35.2961 -22.2291 2.92657 7.53055 3.00225 0 0 0 0.224348 1.73106 0 0 0 0 0 0.0641088 2.384 303 46 0 0 0
./complex_md-fit_396.pdb BC A 7.30585 36.4 -11.2079 -7.95028 -9.886 -22.6436 -0.578039 36.9778 -23.0088 6.00056 6.24816 3.35033 0 0 0 0.225968 2.1225 0 0 0 0 0 0.0559381 2.384 303 44 0 0 0
./complex_md-fit_397.pdb BC A 9.31634 35.5667 -10.2468 -9.14723 -11.9834 -22.9515 -0.637523 37.4658 -23.1718 8.88128 8.19545 2.88431 0 0 0 0.159163 2.33078 0 0 0 0 0 0.0586455 2.384 303 46 2 2 0
./complex_md-fit_398.pdb BC A 8.2627 35.3109 -9.99198 -7.6127 -11.2172 -21.2663 -0.79551 35.485 -22.0254 4.74271 7.94522 4.18134 0 0 0 0.508963 1.79118 0 0 0 0 0 0.061883 2.384 303 43 0 0 0
./complex_md-fit_399.pdb BC A 9.7253 34.1517 -8.28614 -6.60327 -10.3411 -21.6346 -0.760849 36.2046 -22.2446 5.92655 7.51818 3.51059 0 0 0 0.086512 1.58852 0 0 0 0 0 0.0518929 2.384 303 46 1 1 0
./complex_md-fit_39.pdb BC A 9.15561 35.6505 -8.42946 -4.20759 -5.39826 -19.3105 -0.459183 30.9965 -20.1855 2.20034 4.96516 2.25458 0 0 0 0.655124 1.66566 0 0 0 0 0 0.0598406 2.384 303 44 0 0 0
./complex_md-fit_3.pdb BC A 8.35348 32.9147 -10.1166 -5.69148 -10.866 -22.1877 -0.898991 39.067 -22.0293 1.90055 8.07218 2.09056 0 0 0 0.419784 2.23928 0 0 0 0 0 0.00670568 2.384 303 52 0 0 0
./complex_md-fit_400.pdb BC A 6.87289 38.8005 -6.34432 -5.70591 -8.69235 -21.0613 -0.569878 35.0246 -21.3411 4.88066 6.44805 4.35882 0 0 0 0.288616 2.56567 0 0 0 0 0 0.0254576 2.384 303 44 1 1 0
./complex_md-fit_401.pdb BC A 9.41201 34.9848 -6.76487 -7.56033 -9.88027 -23.3694 -0.900409 38.9169 -23.6445 5.90122 7.91727 5.21885 0 0 0 0.58545 2.26152 -1.11022e-16 0 0 0 0 0.0503332 2.384 303 44 1 1 0
./complex_md-fit_402.pdb BC A 8.64428 31.9096 -9.35745 -6.68351 -10.2609 -22.3089 -0.832778 38.0975 -22.6969 3.50434 7.63121 4.01379 0 0 0 0.124301 1.9949 0 0 0 0 0 0.0543824 2.384 303 47 0 0 0
./complex_md-fit_403.pdb BC A 6.90514 35.1509 -8.8094 -7.21749 -8.5174 -22.1772 -0.623527 35.9632 -23.1125 6.08878 7.3333 3.24274 0 0 0 0.160992 2.52094 0 0 0 0 0 0.0497207 2.384 303 46 0 0 0
./complex_md-fit_404.pdb BC A 7.10151 41.2127 -8.20466 -5.6389 -10.2499 -21.1851 -0.722506 35.7965 -21.4835 4.6868 6.60046 3.68283 0 0 0 0.245861 1.58661 0 0 0 0 0 0.0627838 2.384 303 43 0 0 0
./complex_md-fit_405.pdb BC A 6.93804 32.2356 -8.00456 -6.28646 -8.3575 -20.6869 -0.605172 34.5226 -21.3772 5.26514 6.18253 3.12344 0 0 0 0.166306 1.81813 0 0 0 0 0 0.0486024 2.384 303 43 2 2 0
./complex_md-fit_406.pdb BC A 8.39253 34.9846 -9.28758 -6.86153 -8.97666 -21.727 -0.76002 36.6878 -22.1117 3.59393 6.79806 3.5657 0 0 0 0.477203 1.86033 -1.11022e-16 0 0 0 0 0.0266719 2.384 303 47 0 0 0
./complex_md-fit_407.pdb BC A 8.53871 32.6701 -13.1546 -8.01783 -10.1798 -20.7892 -0.811354 33.4072 -21.4011 4.30539 7.34014 2.46501 0 0 0 0.478154 1.29706 0 0 0 0 0 0.0488749 2.384 303 46 0 0 0
./complex_md-fit_408.pdb BC A 7.50371 33.0856 -11.4052 -6.41722 -9.18512 -20.7141 -0.635638 33.6955 -21.1479 2.12137 6.90767 3.0251 0 0 0 0.883565 1.95136 0 0 0 0 0 0.061652 2.384 303 45 0 0 0
./complex_md-fit_409.pdb BC A 7.30273 30.9304 -7.46381 -7.21354 -10.3831 -22.4568 -0.815803 38.1415 -22.6572 7.67642 7.42758 2.19668 0 0 0 0.573114 1.80726 0 0 0 0 0 0.0474237 2.384 303 50 2 2 0
./complex_md-fit_40.pdb BC A 6.88109 35.7929 -6.68985 -6.26269 -4.37681 -19.6423 -0.541375 31.6901 -20.5681 3.77013 5.56395 3.19127 0 0 0 0.424437 1.7231 5.55112e-17 0 0 0 0 0.0614586 2.384 303 44 0 0 0
./complex_md-fit_410.pdb BC A 7.54586 29.8616 -5.07634 -7.27266 -9.10479 -22.312 -0.782321 38.8018 -22.5709 6.4519 7.20691 4.10846 0 0 0 0.348069 1.82051 0 0 0 0 0 0.0491877 2.384 303 46 1 1 0
./complex_md-fit_411.pdb BC A 9.22352 27.2743 -7.08726 -6.5524 -11.3601 -22.2327 -0.556343 39.1606 -22.0174 4.39874 8.38006 3.23615 0 0 0 0.36977 2.19154 0.0362847 0 0 0 0 0.0501852 2.384 303 47 0 0 0
./complex_md-fit_412.pdb BC A 9.12113 37.5702 -11.1245 -6.70276 -13.9235 -22.6462 -0.742545 39.2174 -22.5562 4.77747 7.83958 3.14255 0 0 0 0.416586 2.03606 0 0 0 0 0 0.0530609 2.384 303 47 0 0 0
./complex_md-fit_413.pdb BC A 8.20915 36.9576 -10.8442 -8.27268 -14.494 -22.7783 -0.813193 37.28 -22.9154 7.03735 8.35063 5.30189 0 0 0 0.403606 1.6607 0 0 0 0 0 0.0558751 2.384 303 46 1 1 0
./complex_md-fit_414.pdb BC A 6.52933 36.706 -7.24544 -7.0447 -11.5093 -21.8536 -0.755779 38.3937 -21.7908 5.44985 8.54899 2.74805 0 0 0 0.494158 2.13097 0.0231882 0 0 0 0 0.0507643 2.384 303 50 0 0 0
./complex_md-fit_415.pdb BC A 10.2017 35.4916 -6.59804 -8.76135 -12.6885 -23.0281 -0.802711 40.4409 -23.3938 8.87594 9.47764 3.02303 0 0 0 0.173187 1.97908 0.0357386 0 0 0 0 0.0499713 2.384 303 49 1 1 0
./complex_md-fit_416.pdb BC A 6.45019 33.8575 -13.0459 -7.39486 -13.3962 -21.975 -0.786293 37.7124 -21.9169 3.99918 7.81981 2.45166 0 0 0 0.384689 2.093 0 0 0 0 0 0.055661 2.384 303 48 0 0 0
./complex_md-fit_417.pdb BC A 8.14053 35.732 -10.8625 -7.06351 -12.2669 -23.125 -0.737253 38.047 -23.2301 6.40732 7.69932 2.59447 0 0 0 0.75659 2.15687 0 0 0 0 0 0.0556294 2.384 303 47 0 0 0
./complex_md-fit_418.pdb BC A 8.12549 35.3464 -9.31869 -6.05275 -12.6583 -21.891 -0.619642 36.6702 -22.3359 6.29424 7.44491 3.56982 0 0 0 0.259759 1.72999 0 0 0 0 0 0 2.384 303 45 0 0 0
./complex_md-fit_419.pdb BC A 8.74849 38.2648 -4.13297 -6.21315 -11.4661 -22.8894 -0.719865 41.3152 -23.1319 6.78131 8.67216 2.94705 0 0 0 0.507901 2.29357 0.0198033 0 0 0 0 0.0440419 2.384 303 50 2 2 0
./complex_md-fit_41.pdb BC A 7.73523 35.0705 -4.98888 -4.28829 -5.50474 -20.6098 -0.460877 34.8448 -21.4639 2.09034 5.70638 3.80143 0 0 0 0.849868 2.11089 -0.00991895 0 0 0 0 0.0557867 2.384 303 48 0 0 0
./complex_md-fit_420.pdb BC A 7.63173 35.6982 -8.00968 -7.42027 -11.636 -22.9587 -0.754185 39.5048 -23.071 7.18941 7.75652 3.07694 0 0 0 0.242595 2.44845 0 0 0 0 0 0.0603411 2.384 303 49 2 2 0
./complex_md-fit_421.pdb BC A 8.3237 31.7871 -5.7007 -5.16375 -7.96196 -21.4956 -0.606852 37.5004 -21.6247 4.19206 6.04386 2.9567 0 0 0 0.451976 2.67765 0 0 0 0 0 0.00715468 2.384 303 48 0 0 0
./complex_md-fit_422.pdb BC A 8.88206 30.7197 -9.38466 -6.46859 -11.3064 -20.4687 -0.61688 34.3095 -20.6757 5.70694 7.92537 2.00561 0 0 0 0.16352 1.31852 0 0 0 0 0 0.0407076 2.384 303 47 0 0 0
./complex_md-fit_423.pdb BC A 7.03805 33.9759 -5.95569 -6.57828 -10.7784 -21.7371 -0.688673 37.7341 -21.9501 6.31681 7.888 3.38023 0 0 0 0.457717 2.44182 -1.11022e-16 0 0 0 0 0 2.384 303 48 1 1 0
./complex_md-fit_424.pdb BC A 9.20667 34.0541 -7.47372 -4.9267 -9.28419 -19.6497 -0.571118 33.3185 -20.1887 4.24279 7.20668 2.07717 0 0 0 0.287419 1.69184 0.00258765 0 0 0 0 0.0114892 2.384 303 48 0 0 0
./complex_md-fit_425.pdb BC A 8.21947 34.0519 -2.92577 -5.28396 -7.04783 -19.5144 -0.733243 32.7755 -20.178 6.63015 6.98249 3.31197 0 0 0 0.130779 1.47931 5.55112e-17 0 0 0 0 0.000787194 2.384 303 42 1 1 0
./complex_md-fit_426.pdb BC A 6.78547 33.4309 -7.9321 -5.79212 -9.94386 -20.6391 -0.620039 34.7557 -20.7914 5.38224 6.45169 3.14099 0 0 0 0.13883 2.07222 -0.0150241 0 0 0 0 0 2.384 303 46 0 0 0
./complex_md-fit_427.pdb BC A 9.9658 38.5506 -7.52217 -5.15356 -10.3383 -19.594 -0.677754 34.0345 -19.994 3.59212 7.65918 2.42348 0 0 0 0.513747 1.48799 0 0 0 0 0 0.0122633 2.384 303 47 1 1 0
./complex_md-fit_428.pdb BC A 7.4604 36.6964 -4.92545 -7.16209 -10.5788 -21.0033 -0.594529 36.0958 -20.7126 7.94243 8.39586 2.3491 0 0 0 0.328752 2.331 0 0 0 0 0 0.0139701 2.384 303 44 2 2 0
./complex_md-fit_429.pdb BC A 9.0022 33.0767 -7.57937 -4.82015 -8.791 -18.6815 -0.462964 32.7146 -18.8155 1.7529 5.98151 3.49 0 0 0 0.023036 1.2861 -1.11022e-16 0 0 0 0 0.0296119 2.384 303 40 0 0 0
./complex_md-fit_42.pdb BC A 7.78156 37.2509 -4.6825 -4.7158 -6.86889 -20.0754 -0.59479 34.3218 -20.8913 5.4731 6.05409 2.12769 0 0 0 0.434182 2.08831 0 0 0 0 0 0.052842 2.384 303 49 1 1 0
./complex_md-fit_430.pdb BC A 9.06666 30.6084 -5.70931 -5.8957 -9.75814 -18.878 -0.751643 31.9942 -18.8118 6.80654 6.97536 2.46105 0 0 0 0.148867 2.31615 0 0 0 0 0 0 2.384 303 41 3 3 0
./complex_md-fit_431.pdb BC A 8.18346 31.6204 -10.9966 -5.66695 -11.8102 -19.1097 -0.699217 31.0792 -20.1038 4.67496 6.94488 3.21064 0 0 0 0.483712 1.54434 0 0 0 0 0 0 2.384 303 45 0 0 0
./complex_md-fit_432.pdb BC A 7.31286 34.8497 -9.56441 -6.09783 -10.4528 -19.2831 -0.632405 30.9397 -19.9947 6.40511 7.00401 2.30215 0 0 0 0.245504 1.65495 0 0 0 0 0 0 2.384 303 45 2 2 0
./complex_md-fit_433.pdb BC A 9.30193 31.5237 -9.40988 -8.74246 -11.7879 -22.1056 -0.691032 37.2 -22.1663 5.45926 9.3885 3.6115 0 0 0 0.382803 1.71556 -0.00974343 0 0 0 0 0.0511589 2.384 303 45 1 1 0
./complex_md-fit_434.pdb BC A 6.73424 31.6067 -12.9326 -6.76156 -11.2592 -20.6783 -0.846851 34.9644 -21.0856 2.43554 7.68289 2.37715 0 0 0 0.200137 1.80997 1.11022e-16 0 0 0 0 0.0388219 2.384 303 46 0 0 0
./complex_md-fit_435.pdb BC A 11.6383 37.8012 -9.54974 -5.09072 -10.4338 -20.5242 -0.513038 33.7161 -21.1791 4.82178 6.38877 2.62217 0 0 0 0.633157 1.92597 0 0 0 0 0 0.00915579 2.384 303 43 0 0 0
./complex_md-fit_436.pdb BC A 5.65664 30.6173 -7.33765 -4.01907 -7.04935 -20.5645 -0.585372 34.4043 -21.4586 2.35633 7.4132 1.9769 0 0 0 0.188406 1.68091 0 0 0 0 0 0 2.384 303 42 0 0 0
./complex_md-fit_437.pdb BC A 9.84702 28.2956 -8.40306 -6.95853 -9.44948 -21.0225 -0.705764 35.6642 -20.7431 5.07654 6.98375 2.31733 0 0 0 0.395591 2.1962 -0.00968979 0 0 0 0 0.0485811 2.384 303 47 0 0 0
./complex_md-fit_438.pdb BC A 8.19552 32.6599 -8.37596 -8.19233 -11.9759 -21.0787 -0.622805 37.2559 -20.9984 5.56066 8.16738 3.17164 0 0 0 0.297913 1.6775 -0.0105608 0 0 0 0 0.0493733 2.384 303 45 1 1 0
./complex_md-fit_439.pdb BC A 8.15884 27.7923 -10.7449 -7.57005 -13.0229 -21.3426 -0.822097 35.0786 -22.0137 6.98319 9.08407 2.60392 0 0 0 0.252909 1.77363 -0.0108639 0 0 0 0 0.034642 2.384 303 42 1 1 0
./complex_md-fit_43.pdb BC A 7.33938 35.2505 -10.0301 -5.72862 -7.88071 -20.6596 -0.615605 33.8858 -21.2712 1.87732 7.14438 2.69078 0 0 0 0.463353 1.94918 -1.11022e-16 0 0 0 0 0.0639444 2.384 303 49 0 0 0
./complex_md-fit_440.pdb BC A 8.70905 40.7194 -2.77063 -6.54305 -7.15229 -21.7182 -0.521296 37.9109 -21.6744 5.44448 7.59245 3.19403 0 0 0 0.640644 2.67166 0 0 0 0 0 0.0561589 2.384 303 45 1 1 0
./complex_md-fit_441.pdb BC A 6.05008 33.3656 -10.5323 -8.66579 -11.3813 -20.4499 -0.853698 36.3852 -20.1413 3.48928 8.09136 2.83035 0 0 0 0.117521 1.89818 2.77556e-17 0 0 0 0 0.0459575 2.384 303 44 0 0 0
./complex_md-fit_442.pdb BC A 7.95375 29.5251 -15.2574 -8.43003 -13.4566 -22.3645 -0.837487 37.0455 -22.8107 5.08158 8.95835 1.48096 0 0 0 0.0412449 1.66196 -0.026799 0 0 0 0 0.06115 2.384 303 47 0 0 0
./complex_md-fit_443.pdb BC A 9.74958 27.8422 -13.5983 -6.85418 -10.3019 -21.4976 -0.767124 34.0005 -22.1531 4.56282 6.68013 2.40788 0 0 0 0.255771 1.81126 0 0 0 0 0 0.0684477 2.384 303 44 0 0 0
./complex_md-fit_444.pdb BC A 8.10766 30.3625 -9.08783 -7.23531 -9.52437 -21.6808 -0.625185 36.2406 -21.6438 5.84071 6.92918 2.5046 0 0 0 0.0583416 1.68046 -0.0117235 0 0 0 0 0.06001 2.384 303 47 0 0 0
./complex_md-fit_445.pdb BC A 8.13729 28.1593 -4.88138 -5.39453 -9.46661 -21.0123 -0.685973 35.9607 -21.4288 6.87781 7.82589 2.0659 0 0 0 0.344051 1.52039 -0.00957266 0 0 0 0 0.0421188 2.384 303 45 2 2 0
./complex_md-fit_446.pdb BC A 8.11945 35.3948 -13.0258 -6.21048 -9.87499 -20.2714 -0.61517 32.8233 -21.3792 3.71175 6.62069 1.93007 0 0 0 0.2022 1.42488 -0.0119089 0 0 0 0 0.049453 2.384 303 47 0 0 0
./complex_md-fit_447.pdb BC A 6.77542 36.0021 -10.7465 -6.69989 -10.1259 -19.7923 -0.678163 32.0642 -20.1563 3.26292 8.01345 3.19751 0 0 0 0.122823 1.59525 0 0 0 0 0 0.0451198 2.384 303 42 0 0 0
./complex_md-fit_448.pdb BC A 8.18362 31.9096 -7.90496 -5.26875 -10.6178 -19.2201 -0.716518 31.8892 -19.5333 4.97413 7.77613 2.5121 0 0 0 0.240678 1.17805 -1.11022e-16 0 0 0 0 0.0591986 2.384 303 43 0 0 0
./complex_md-fit_449.pdb BC A 7.82245 35.5255 -2.29352 -4.72643 -9.33417 -19.9067 -0.74871 33.3967 -20.3331 9.87468 7.96989 1.35419 0 0 0 0.12267 1.86994 5.55112e-17 0 0 0 0 0.0373609 2.384 303 44 3 3 0
./complex_md-fit_44.pdb BC A 7.23354 49.0813 -2.91249 -4.88971 -8.28053 -20.4779 -0.475738 34.6226 -20.7547 6.49931 7.77192 2.44325 0 0 0 0.573837 1.94324 0 0 0 0 0 0.0551857 2.384 303 45 1 1 0
./complex_md-fit_450.pdb BC A 7.50905 35.5573 -7.46476 -4.49004 -9.82236 -20.4144 -0.760745 33.666 -21.5563 6.05461 7.36909 2.31849 0 0 0 0.134832 1.91472 -0.0143926 0 0 0 0 0.050497 2.384 303 46 1 1 0
./complex_md-fit_451.pdb BC A 7.9807 34.4009 -9.2475 -7.94662 -9.24737 -21.085 -0.831313 36.1487 -21.2649 4.03488 8.17534 2.23331 0 0 0 0.477127 1.81576 0 0 0 0 0 0.0583259 2.384 303 45 0 0 0
./complex_md-fit_452.pdb BC A 8.00573 29.7753 -8.18032 -5.82983 -9.17018 -20.5742 -0.752677 35.4519 -20.5724 3.44474 6.47121 2.3934 0 0 0 0.91166 1.56636 -0.0258 0 0 0 0 0.0719734 2.384 303 45 0 0 0
./complex_md-fit_453.pdb BC A 7.99311 34.2576 -8.72084 -6.82308 -10.0836 -21.7177 -0.643384 36.6674 -22.0837 3.82932 7.86829 3.89195 0 0 0 0.314129 1.99668 0 0 0 0 0 0.0595179 2.384 303 43 0 0 0
./complex_md-fit_454.pdb BC A 7.63295 39.7093 -5.45042 -5.52876 -10.2953 -21.2609 -0.762263 38.3307 -21.1 4.21661 7.72707 2.65307 0 0 0 0.507882 1.65757 0 0 0 0 0 0.0614063 2.384 303 47 0 0 0
./complex_md-fit_455.pdb BC A 8.55152 35.0995 -5.04974 -5.35667 -10.1135 -21.1503 -0.669417 37.6988 -20.4722 4.37028 6.8624 3.22791 0 0 0 0.492743 1.94955 0 0 0 0 0 0.0602146 2.384 303 45 0 0 0
./complex_md-fit_456.pdb BC A 10.5087 36.8506 -8.95531 -7.305 -10.885 -21.6857 -0.738736 38.1218 -21.7055 4.68693 7.59586 2.58714 0 0 0 0.346953 1.72271 -0.0298175 0 0 0 0 0.0558104 2.384 303 46 0 0 0
./complex_md-fit_457.pdb BC A 7.71231 34.8118 -6.49201 -7.56613 -9.92 -20.5402 -0.824004 35.4476 -20.3756 6.9667 7.73695 2.35341 0 0 0 0.183595 1.73875 -0.0102528 0 0 0 0 0.0558432 2.384 303 45 1 1 0
./complex_md-fit_458.pdb BC A 7.81458 37.6652 -9.33684 -8.1792 -10.7246 -22.952 -0.722341 38.918 -23.075 6.3568 7.97302 2.98833 0 0 0 0.099018 2.28139 -0.0347189 0 0 0 0 0.0158818 2.384 303 46 3 3 0
./complex_md-fit_459.pdb BC A 10.6962 39.3968 -9.52177 -7.29424 -12.2063 -21.1281 -0.795575 36.8298 -20.7512 4.3581 8.08993 3.20223 0 0 0 0.148137 2.59095 -0.0291116 0 0 0 0 0.0545482 2.384 303 43 0 0 0
./complex_md-fit_45.pdb BC A 8.09445 35.7716 -12.8822 -6.88916 -11.677 -22.6879 -0.59902 37.2302 -23.7562 4.12546 8.22545 2.40533 0 0 0 0.686133 2.03338 -2.77556e-17 0 0 0 0 0.0544275 2.384 303 52 0 0 0
./complex_md-fit_460.pdb BC A 8.96796 30.8547 -9.54187 -8.5811 -11.6233 -22.2431 -0.713207 37.5513 -22.4792 5.428 8.88193 3.67023 0 0 0 0.511478 2.0192 0 0 0 0 0 0.0550887 2.384 303 44 2 2 0
./complex_md-fit_461.pdb BC A 11.0694 32.0878 -8.56561 -8.39537 -10.9429 -20.5008 -0.902459 36.2674 -20.1887 4.47044 8.29182 3.00568 0 0 0 0.272297 1.64783 -5.55112e-17 0 0 0 0 0.0570337 2.384 303 46 1 1 0
./complex_md-fit_462.pdb BC A 8.94208 37.0398 -7.09504 -6.551 -9.85445 -21.7062 -0.740503 37.9358 -21.7775 5.17309 6.62179 3.42171 0 0 0 0.30811 2.00863 0 0 0 0 0 0.0740407 2.384 303 44 0 0 0
./complex_md-fit_463.pdb BC A 9.59692 33.3977 -9.59711 -8.32489 -10.8926 -22.4897 -0.879015 40.1498 -22.4841 4.69863 7.39593 2.48749 0 0 0 0.686673 2.05721 0 0 0 0 0 0.05469 2.384 303 47 0 0 0
./complex_md-fit_464.pdb BC A 7.57706 28.7756 -12.9913 -7.17772 -12.1423 -21.6701 -0.871605 36.7622 -21.7348 4.03391 7.43612 2.03996 0 0 0 0.278836 1.70379 0 0 0 0 0 0.0542588 2.384 303 48 1 1 0
./complex_md-fit_465.pdb BC A 7.81119 35.7413 -11.1102 -8.55407 -9.98599 -21.4074 -0.869605 34.8695 -21.5487 4.95681 8.23856 2.77097 0 0 0 0.362867 2.10417 0 0 0 0 0 0.0568996 2.384 303 48 0 0 0
./complex_md-fit_466.pdb BC A 8.79114 35.1896 -7.28401 -7.03821 -8.28054 -21.4241 -0.829392 37.5587 -21.5605 3.85662 7.52731 2.46531 0 0 0 0.383569 1.82848 -5.55112e-17 0 0 0 0 0.0572166 2.384 303 48 0 0 0
./complex_md-fit_467.pdb BC A 8.40923 33.592 -12.4698 -9.98298 -10.7356 -21.212 -0.742869 36.7667 -21.197 3.35122 7.45227 3.08755 0 0 0 0.68638 1.24728 0 0 0 0 0 0.0565485 2.384 303 46 1 1 0
./complex_md-fit_468.pdb BC A 8.69373 38.596 -10.6929 -8.43239 -10.9143 -21.7138 -0.766362 36.398 -21.8863 6.53672 7.25764 2.49854 0 0 0 0.276677 1.44199 0 0 0 0 0 0.052714 2.384 303 46 1 1 0
./complex_md-fit_469.pdb BC A 10.9377 30.3056 -12.05 -8.63564 -11.7977 -21.8759 -0.761165 36.1246 -22.4735 5.13057 8.28952 3.57123 0 0 0 0.316139 1.9281 0 0 0 0 0 0.0617863 2.384 303 46 0 0 0
./complex_md-fit_46.pdb BC A 9.27019 37.1029 -5.46325 -4.81595 -8.24485 -19.6564 -0.580934 34.524 -19.9296 3.14799 6.86782 3.07139 0 0 0 0.100235 1.5697 0 0 0 0 0 0.053016 2.384 303 47 0 0 0
./complex_md-fit_470.pdb BC A 7.04979 29.7573 -8.18698 -8.04407 -9.32763 -22.2086 -0.724205 38.7023 -21.9428 4.48704 8.35052 2.23058 0 0 0 0.24222 1.70988 -5.55112e-17 0 0 0 0 0.0476074 2.384 303 50 0 0 0
./complex_md-fit_471.pdb BC A 8.37207 32.8663 -12.6039 -8.097 -10.1105 -20.883 -0.713815 34.2903 -21.1335 1.36453 7.29792 4.73568 0 0 0 0.596311 1.97474 0 0 0 0 0 0.0491792 2.384 303 45 0 0 0
./complex_md-fit_472.pdb BC A 10.9923 39.7875 -8.73554 -7.7396 -8.03214 -21.1116 -0.567283 36.176 -21.0043 3.70549 6.58743 2.97308 0 0 0 0.234244 1.72295 0 0 0 0 0 0.0431638 2.384 303 44 0 0 0
./complex_md-fit_473.pdb BC A 6.47583 36.6962 -9.44996 -6.78326 -8.91397 -19.0037 -0.709272 32.9219 -18.9958 2.40236 6.30013 3.11084 0 0 0 0.170698 1.77613 -2.22045e-16 0 0 0 0 0.050125 2.384 303 44 0 0 0
./complex_md-fit_474.pdb BC A 7.28513 31.7348 -13.7724 -9.95307 -10.921 -20.7186 -0.676007 33.4194 -21.0738 3.9403 8.3637 3.52719 0 0 0 0.267939 1.26865 0 0 0 0 0 0.0515373 2.384 303 46 0 0 0
./complex_md-fit_475.pdb BC A 7.51655 34.7607 -12.7138 -8.14982 -10.3204 -22.2581 -0.754052 36.7324 -22.5821 2.89245 7.26261 4.17782 0 0 0 0.235089 1.91884 0 0 0 0 0 0.0503085 2.384 303 44 0 0 0
./complex_md-fit_476.pdb BC A 8.8134 34.4741 -10.2462 -6.9235 -11.2911 -21.0386 -0.663657 36.0507 -21.5102 4.49277 6.78095 3.45383 0 0 0 0.362636 1.68636 -0.00943061 0 0 0 0 0.0493758 2.384 303 44 1 1 0
./complex_md-fit_477.pdb BC A 7.69427 31.0578 -4.97653 -6.59476 -10.5864 -21.2926 -0.717255 35.617 -21.5854 7.91007 8.65315 3.34672 0 0 0 0.229169 2.2657 -1.11022e-16 0 0 0 0 0.0437435 2.384 303 46 0 0 0
./complex_md-fit_478.pdb BC A 9.57006 37.4563 -6.40331 -6.72636 -10.173 -21.601 -0.723503 36.1208 -22.4086 8.22844 7.56156 2.85998 0 0 0 0.410143 2.12666 0 0 0 0 0 0.048195 2.384 303 45 0 0 0
./complex_md-fit_479.pdb BC A 9.06389 35.673 -4.05757 -5.75808 -11.6785 -21.8648 -0.70276 38.2527 -21.7987 5.76925 9.21487 4.22259 0 0 0 0.285971 2.14987 0 0 0 0 0 0 2.384 303 45 0 0 0
./complex_md-fit_47.pdb BC A 8.22283 29.2324 -12.1381 -6.65541 -10.29 -21.3755 -0.574907 35.0302 -22.2231 3.14562 8.03675 2.32556 0 0 0 0.386706 2.1857 0 0 0 0 0 0.0561019 2.384 303 47 0 0 0
./complex_md-fit_480.pdb BC A 8.12805 34.6037 -4.77943 -8.05175 -11.8374 -23.2752 -0.774459 40.1013 -23.3911 8.62505 9.65768 3.55894 0 0 0 0.570181 3.48576 -0.0143034 0 0 0 0 0.0515608 2.384 303 45 4 4 0
./complex_md-fit_481.pdb BC A 8.43414 30.449 -15.4438 -8.2615 -13.1226 -21.6967 -0.730118 35.284 -21.5968 2.3647 9.11067 3.09022 0 0 0 0.063553 1.68258 1.11022e-16 0 0 0 0 0.0507698 2.384 303 47 0 0 0
./complex_md-fit_482.pdb BC A 10.3925 36.5187 -11.2274 -9.473 -11.386 -22.8405 -0.774024 39.657 -23.0169 3.21421 10.0466 2.65765 0 0 0 0.63689 1.95099 0 0 0 0 0 0.050521 2.384 303 47 0 0 0
./complex_md-fit_483.pdb BC A 7.37335 33.0497 -12.1542 -7.83987 -10.1201 -21.645 -0.739205 35.3369 -22.022 2.91984 7.6719 4.04202 0 0 0 0.185864 1.87598 0 0 0 0 0 0.055423 2.384 303 44 0 0 0
./complex_md-fit_484.pdb BC A 10.0249 36.7001 -14.6547 -7.65809 -12.7002 -22.1112 -0.742459 36.575 -22.3215 1.73869 7.85275 4.43219 0 0 0 0.228677 2.98409 0 0 0 0 0 0.0515095 2.384 303 47 0 0 0
./complex_md-fit_485.pdb BC A 7.58894 39.7057 -7.44803 -8.73412 -10.4548 -23.3957 -0.66607 40.5043 -23.5058 5.32476 8.94401 4.15692 0 0 0 0.328722 2.277 0 0 0 0 0 0.0496671 2.384 303 48 1 1 0
./complex_md-fit_486.pdb BC A 7.91251 42.1182 -5.16654 -6.57128 -8.33816 -20.7735 -0.652848 35.5237 -20.6408 4.97337 7.6649 3.55127 0 0 0 0.0410441 1.80534 0 0 0 0 0 0.0557154 2.384 303 50 0 0 0
./complex_md-fit_487.pdb BC A 6.81998 31.0965 -5.60174 -6.11411 -8.83597 -21.9442 -0.756035 36.2444 -22.1513 6.25723 7.6108 3.95442 0 0 0 0.0609453 1.93278 0.0216447 0 0 0 0 0.0503939 2.384 303 49 1 1 0
./complex_md-fit_488.pdb BC A 11.0838 33.8985 -10.992 -7.25996 -11.4801 -22.0736 -0.680093 38.0227 -22.2403 3.06785 7.98202 3.00979 0 0 0 0.615566 1.59344 -0.00986398 0 0 0 0 0.0539932 2.384 303 51 0 0 0
./complex_md-fit_489.pdb BC A 8.22997 33.6482 -13.1766 -8.98943 -12.5983 -22.4475 -0.818686 37.6427 -22.7195 3.6115 8.99954 3.88182 0 0 0 0.205592 2.01508 0 0 0 0 0 0.0557119 2.384 303 47 0 0 0
./complex_md-fit_48.pdb BC A 9.47496 40.998 -14.3715 -7.93824 -8.86978 -22.0205 -0.529428 34.7487 -23.427 2.5996 7.55962 3.09313 0 0 0 0.342562 2.1638 0 0 0 0 0 0.0698044 2.384 303 48 0 0 0
./complex_md-fit_490.pdb BC A 8.07072 32.5438 -11.6035 -8.40426 -12.1817 -22.8871 -0.799815 40.0908 -22.8993 2.33985 8.42994 4.14871 0 0 0 0.516735 2.31127 -0.0153769 0 0 0 0 0.0580453 2.384 303 47 0 0 0
./complex_md-fit_491.pdb BC A 6.88209 39.3846 -12.7214 -9.83704 -10.9119 -23.6656 -0.837453 41.186 -23.8945 2.16068 9.18876 3.73706 0 0 0 0.109546 2.66262 0 0 0 0 0 0.0429347 2.384 303 49 0 0 0
./complex_md-fit_492.pdb BC A 8.63819 38.7759 -9.4907 -9.94635 -14.8018 -23.5407 -0.780139 41.249 -23.2507 6.29496 11.223 3.88381 0 0 0 0.151896 2.3214 -0.0282259 0 0 0 0 0.0545297 2.384 303 46 1 1 0
./complex_md-fit_493.pdb BC A 7.24937 40.0455 -4.3875 -4.84867 -13.2565 -21.8003 -0.825195 40.7327 -21.3029 4.1621 9.45658 3.16864 0 0 0 0.0789877 2.12954 0 0 0 0 0 0.0471452 2.384 303 46 0 0 0
./complex_md-fit_494.pdb BC A 6.72021 34.7529 -13.8636 -8.79043 -12.0638 -21.5701 -0.72144 35.6241 -21.7892 2.33545 8.59599 4.28347 0 0 0 0.17462 2.40598 5.55112e-17 0 0 0 0 0.0577945 2.384 303 46 0 0 0
./complex_md-fit_495.pdb BC A 8.86727 29.606 -6.53459 -6.9824 -10.8621 -21.4948 -0.827815 37.5989 -21.3018 4.27631 9.1571 3.75673 0 0 0 0.102419 2.19284 -5.55112e-17 0 0 0 0 0.0428599 2.384 303 48 1 1 0
./complex_md-fit_496.pdb BC A 6.69146 36.5668 -9.78535 -9.15903 -11.5253 -23.3268 -0.874147 39.7598 -23.5146 5.59176 9.86928 3.28192 0 0 0 0.0695109 1.90185 -0.00918026 0 0 0 0 0.0514868 2.384 303 48 1 1 0
./complex_md-fit_497.pdb BC A 7.87862 29.4667 -3.97768 -6.79238 -10.0434 -21.7958 -0.633276 37.6795 -21.9534 6.36878 9.12818 3.75791 0 0 0 0.2607 1.98005 0 0 0 0 0 0.0454888 2.384 303 47 0 0 0
./complex_md-fit_498.pdb BC A 6.961 33.1705 -9.87993 -7.41659 -9.65448 -22.2923 -0.781219 37.5407 -22.1909 4.29625 7.39376 2.98054 0 0 0 0.180731 2.02592 0 0 0 0 0 0.0636488 2.384 303 46 0 0 0
./complex_md-fit_499.pdb BC A 7.6601 37.4955 -1.92104 -7.63356 -10.7872 -22.8687 -0.745284 40.6143 -22.6468 9.1353 9.17816 3.34967 0 0 0 0.403435 2.18132 0.0376268 0 0 0 0 0.0420938 2.384 303 44 3 3 0
./complex_md-fit_49.pdb BC A 9.57055 36.8928 -10.7786 -6.15061 -10.9514 -21.1969 -0.634513 35.7137 -22.1581 3.70469 7.38553 3.18196 0 0 0 0.265103 3.132 0 0 0 0 0 0.0619266 2.384 303 45 1 1 0
./complex_md-fit_4.pdb BC A 8.9682 27.2086 -8.8759 -4.77166 -10.5917 -21.3677 -0.673975 36.0917 -22.0101 5.39127 7.52677 1.16644 0 0 0 0.39804 2.40145 -0.0350294 0 0 0 0 0 2.384 303 52 1 1 0
./complex_md-fit_500.pdb BC A 9.06282 35.7813 -10.0486 -8.24181 -8.94805 -21.864 -0.79843 36.3131 -22.2511 3.25556 8.83142 3.38909 0 0 0 0.223114 1.63358 -0.00913669 0 0 0 0 0.0516558 2.384 303 47 0 0 0
./complex_md-fit_501.pdb BC A 10.6987 34.7405 -5.86079 -8.03066 -10.5377 -22.2969 -0.544066 38.1089 -22.3273 6.7035 8.57398 4.10003 0 0 0 0.38265 1.91831 0 0 0 0 0 0.00670087 2.384 303 45 2 2 0
./complex_md-fit_502.pdb BC A 6.94675 39.8123 -11.9953 -9.78022 -12.5442 -23.081 -0.966368 37.9357 -23.3467 4.88523 10.0322 4.59078 0 0 0 0.233331 1.83932 -2.77556e-17 0 0 0 0 0.0459289 2.384 303 48 0 0 0
./complex_md-fit_503.pdb BC A 9.24782 36.226 -9.29093 -8.35143 -8.91336 -22.7715 -0.599685 36.5641 -23.1458 6.14121 7.7383 3.42636 0 0 0 0.577168 2.3345 0 0 0 0 0 0.0437052 2.384 303 47 2 2 0
./complex_md-fit_504.pdb BC A 8.20102 40.7415 -7.59776 -8.2924 -9.80784 -21.7979 -0.528812 35.6575 -22.3667 8.36172 7.104 3.97749 0 0 0 0.0951352 1.58681 0 0 0 0 0 0 2.384 303 45 2 2 0
./complex_md-fit_505.pdb BC A 8.08649 36.84 -10.849 -8.11444 -10.5826 -21.6076 -0.720314 36.1508 -21.7114 3.07751 7.35794 4.56822 0 0 0 0.715692 2.32386 0 0 0 0 0 0.0171384 2.384 303 46 0 0 0
./complex_md-fit_506.pdb BC A 10.068 41.0076 -3.09235 -7.91729 -7.91952 -22.3174 -0.680383 37.5715 -22.7212 7.8149 8.88992 4.12617 0 0 0 0.0610143 1.38794 0 0 0 0 0 0 2.384 303 44 2 2 0
./complex_md-fit_507.pdb BC A 6.68418 35.2642 -7.16528 -7.72803 -9.76275 -23.2274 -0.722182 40.7774 -23.3112 4.22902 8.50592 3.72893 0 0 0 0.344933 1.97823 0 0 0 0 0 0 2.384 303 47 0 0 0
./complex_md-fit_508.pdb BC A 7.72941 31.6603 -2.33971 -6.17616 -8.3107 -22.5831 -0.551273 39.9935 -22.7206 7.94072 7.58658 2.37963 0 0 0 0.0844557 1.56097 0.0041001 0 0 0 0 0.0131573 2.384 303 47 0 0 0
./complex_md-fit_509.pdb BC A 7.40736 36.4035 -7.23797 -7.65264 -10.0685 -22.1616 -0.614095 37.3424 -22.0576 5.79585 8.12623 3.77146 0 0 0 0.22108 1.80044 0 0 0 0 0 0.0595119 2.384 303 43 1 1 0
./complex_md-fit_50.pdb BC A 9.20876 32.7161 -8.03649 -6.03819 -7.1862 -20.753 -0.530888 34.9082 -21.6799 3.2754 6.81384 2.86604 0 0 0 0.22507 1.87722 0 0 0 0 0 0.0630691 2.384 303 47 0 0 0
./complex_md-fit_510.pdb BC A 6.74615 35.0239 -11.4489 -7.45355 -10.8748 -22.4276 -0.764945 37.1808 -22.4708 3.96265 7.07862 3.82969 0 0 0 0.451809 1.96482 -0.0142851 0 0 0 0 0.0535676 2.384 303 44 0 0 0
./complex_md-fit_511.pdb BC A 7.55483 35.9981 -4.04248 -5.73816 -9.02583 -21.1593 -0.656408 38.3133 -20.5327 4.16159 7.2139 3.21604 0 0 0 0.0904268 1.87998 0.0229237 0 0 0 0 0.0517707 2.384 303 48 0 0 0
./complex_md-fit_512.pdb BC A 7.80385 34.3693 -4.41556 -6.6222 -9.19662 -23.1485 -0.790578 39.9319 -22.937 7.40148 7.50383 3.03933 0 0 0 0.369837 2.44598 0.0188149 0 0 0 0 0.0141685 2.384 303 47 3 3 0
./complex_md-fit_513.pdb BC A 6.95787 27.9611 -13.6306 -7.43472 -11.331 -22.165 -0.624431 36.7691 -22.2508 1.92433 8.22973 3.09106 0 0 0 0.161191 2.01742 0 0 0 0 0 0 2.384 303 44 0 0 0
./complex_md-fit_514.pdb BC A 7.08135 30.383 -11.2346 -6.695 -11.663 -21.6192 -0.634561 36.5254 -21.7661 4.71062 6.84952 2.87057 0 0 0 0.187077 1.95799 0 0 0 0 0 0 2.384 303 46 0 0 0
./complex_md-fit_515.pdb BC A 8.48324 37.1251 -4.11422 -6.74858 -10.8283 -21.8814 -0.7014 37.2522 -22.1108 7.38016 9.02489 4.20863 0 0 0 0.290441 2.146 0 0 0 0 0 0 2.384 303 47 2 2 0
./complex_md-fit_516.pdb BC A 9.6932 32.6636 -6.625 -5.99372 -10.2967 -22.6283 -0.647823 39.2303 -23.073 3.50933 8.32678 4.43765 0 0 0 0.472368 2.94706 -0.0142648 0 0 0 0 0.0524535 2.384 303 50 0 0 0
./complex_md-fit_517.pdb BC A 7.24145 37.5917 -3.92194 -4.73416 -10.571 -23.2707 -0.776761 42.5577 -23.2416 5.94119 7.16752 2.67587 0 0 0 0.34371 2.61238 -0.013768 0 0 0 0 0 2.384 303 51 2 2 0
./complex_md-fit_518.pdb BC A 8.22693 39.7498 -8.27918 -7.15652 -11.6256 -22.2517 -0.777193 39.352 -22.2592 4.64449 7.94807 3.48051 0 0 0 0.361406 2.30532 -2.77556e-17 0 0 0 0 0.00456492 2.384 303 48 0 0 0
./complex_md-fit_519.pdb BC A 7.20274 42.6547 -11.3697 -9.03317 -11.6611 -22.8802 -0.871435 40.4383 -22.8277 5.11072 7.37381 2.68338 0 0 0 0.297723 2.18477 0 0 0 0 0 0 2.384 303 51 1 1 0
./complex_md-fit_51.pdb BC A 7.07525 33.8192 -9.77754 -6.80768 -9.93769 -20.8842 -0.760765 34.7855 -21.6148 4.32221 8.15933 2.705 0 0 0 0.196375 1.89206 0 0 0 0 0 0.0592627 2.384 303 50 0 0 0
./complex_md-fit_520.pdb BC A 7.74695 42.8675 -7.57279 -6.17634 -11.5346 -20.6164 -0.728227 36.0369 -19.9213 3.7228 8.21016 3.1081 0 0 0 0.326198 1.80041 -1.38778e-17 0 0 0 0 0 2.384 303 47 0 0 0
./complex_md-fit_521.pdb BC A 6.08685 34.0526 -6.32955 -6.16853 -10.3691 -22.5947 -0.705267 38.2866 -22.5773 6.07002 8.68568 2.73701 0 0 0 0.25123 1.90398 0 0 0 0 0 0.0547639 2.384 303 48 0 0 0
./complex_md-fit_522.pdb BC A 8.16429 43.0877 -8.37334 -8.17515 -10.3667 -22.4454 -0.649335 39.7637 -22.0096 2.56545 9.07779 3.53268 0 0 0 0.338301 1.7367 -0.0107744 0 0 0 0 0.00568612 2.384 303 47 0 0 0
./complex_md-fit_523.pdb BC A 7.11593 42.6909 -7.72187 -8.16973 -8.05973 -22.5024 -0.731773 37.7636 -22.8216 4.26158 7.74376 4.11751 0 0 0 0.648613 1.83509 0.0136378 0 0 0 0 0.0147111 2.384 303 45 0 0 0
./complex_md-fit_524.pdb BC A 9.04052 36.0072 -11.3457 -6.80045 -11.1083 -22.6923 -0.878766 37.7275 -23.1017 3.00154 8.85181 3.19804 0 0 0 0.399435 1.91914 0 0 0 0 0 0.0575051 2.384 303 46 0 0 0
./complex_md-fit_525.pdb BC A 9.14464 36.7069 -11.0744 -6.57583 -9.75764 -22.4652 -0.671462 37.6008 -22.7822 2.75847 7.20926 3.31731 0 0 0 0.292052 1.62561 0 0 0 0 0 0 2.384 303 47 0 0 0
./complex_md-fit_526.pdb BC A 9.63318 43.0299 -3.76508 -7.02602 -8.54196 -23.5079 -0.546035 39.876 -23.6822 7.68548 7.51833 3.98356 0 0 0 0.459426 2.40353 1.11022e-16 0 0 0 0 0.0162849 2.384 303 48 2 2 0
./complex_md-fit_527.pdb BC A 10.7919 34.606 -12.8597 -9.44658 -11.8335 -22.7538 -0.71678 39.0126 -22.5954 3.03557 7.76729 3.92891 0 0 0 0.692459 2.29685 0 0 0 0 0 0.049474 2.384 303 49 1 1 0
./complex_md-fit_528.pdb BC A 10.0863 33.4352 -14.3249 -7.86093 -11.6305 -20.9866 -0.689177 35.2676 -21.4376 3.16207 7.75871 2.00467 0 0 0 0.0868471 1.76934 0 0 0 0 0 0 2.384 303 47 1 1 0
./complex_md-fit_529.pdb BC A 6.21026 37.7479 -13.8607 -9.5617 -11.666 -22.7796 -0.685127 38.9436 -22.6346 1.45407 8.08558 4.19171 0 0 0 0.731457 2.5138 0 0 0 0 0 0.0598572 2.384 303 46 0 0 0
./complex_md-fit_52.pdb BC A 7.77109 34.7432 -9.96572 -5.79969 -7.51045 -20.84 -0.614751 33.7623 -22.0137 3.2053 6.52542 2.91741 0 0 0 0.346247 1.98438 0 0 0 0 0 0.0561559 2.384 303 46 0 0 0
./complex_md-fit_530.pdb BC A 7.86995 37.9513 -11.7365 -8.17851 -10.0752 -21.457 -0.722517 35.9217 -21.5503 3.9671 6.46625 3.40869 0 0 0 0.483196 1.82624 0 0 0 0 0 0 2.384 303 46 0 0 0
./complex_md-fit_531.pdb BC A 6.48166 39.1725 -10.6172 -8.20598 -11.5764 -22.6008 -0.712906 39.687 -22.491 3.57216 8.36059 2.77741 0 0 0 0.572718 2.02323 0 0 0 0 0 0 2.384 303 49 0 0 0
./complex_md-fit_532.pdb BC A 9.6598 40.3933 -7.39313 -6.93378 -9.0386 -22.5848 -0.922198 39.1911 -22.5552 5.41717 6.63479 3.04364 0 0 0 0.354773 1.97407 0 0 0 0 0 0 2.384 303 49 2 2 0
./complex_md-fit_533.pdb BC A 8.18514 32.8312 -3.94265 -5.94775 -7.52225 -21.756 -0.819461 37.853 -21.6478 6.86842 5.61719 3.14202 0 0 0 0.270009 1.96349 0 0 0 0 0 0 2.384 303 46 1 1 0
./complex_md-fit_534.pdb BC A 7.19994 32.8131 -4.37598 -4.16884 -7.67016 -20.8679 -0.819814 36.4056 -21.0907 3.86814 6.96482 2.77747 0 0 0 0.184488 1.90301 0 0 0 0 0 0.0410038 2.384 303 45 0 0 0
./complex_md-fit_535.pdb BC A 9.45228 38.7981 -5.35526 -7.17928 -8.67442 -21.2014 -0.757574 37.1057 -21.0335 5.38942 7.21689 3.41074 0 0 0 0.368116 2.11454 0 0 0 0 0 0 2.384 303 48 0 0 0
./complex_md-fit_536.pdb BC A 9.20915 33.3967 -14.3948 -7.97754 -12.7704 -23.5331 -0.778231 40.3419 -23.5371 3.23958 7.91132 2.45573 0 0 0 0.252974 1.82313 0 0 0 0 0 0 2.384 303 47 0 0 0
./complex_md-fit_537.pdb BC A 7.19779 39.1629 -12.9532 -7.91466 -12.4904 -22.0975 -0.792495 39.4487 -21.1675 1.2516 8.0949 2.56286 0 0 0 0.0937014 2.49707 2.08167e-17 0 0 0 0 0.0576027 2.384 303 50 0 0 0
./complex_md-fit_538.pdb BC A 8.33663 37.2073 -8.37868 -8.1439 -10.2396 -23.0341 -0.6472 40.4423 -22.9066 4.47225 8.08533 3.15126 0 0 0 0.403584 2.55812 1.38778e-17 0 0 0 0 0.0379511 2.384 303 47 1 1 0
./complex_md-fit_539.pdb BC A 7.11889 37.3306 -9.25673 -8.47293 -11.154 -20.8407 -0.748329 36.5186 -20.5014 4.52577 7.89275 3.1525 0 0 0 0.371009 2.03927 0 0 0 0 0 0 2.384 303 47 1 1 0
./complex_md-fit_53.pdb BC A 7.3112 45.4807 -7.92259 -2.74788 -8.25043 -19.044 -0.506474 31.9519 -19.8028 2.67586 5.37899 2.11903 0 0 0 0.243889 1.82431 0 0 0 0 0 0.0593659 2.384 303 47 0 0 0
./complex_md-fit_540.pdb BC A 7.76785 30.3833 -12.4919 -6.55281 -12.0694 -21.9877 -0.898122 36.6064 -21.9981 3.61744 7.31385 2.9331 0 0 0 0.543516 2.50618 0 0 0 0 0 0 2.384 303 47 0 0 0
./complex_md-fit_541.pdb BC A 8.88083 40.6376 -13.4565 -9.7432 -11.1125 -21.7497 -0.801669 36.3838 -22.2888 4.40447 8.33488 2.77401 0 0 0 0.342152 1.85734 -1.11022e-16 0 0 0 0 0 2.384 303 49 1 1 0
./complex_md-fit_542.pdb BC A 9.11331 34.6115 -13.541 -8.73181 -10.5526 -21.4384 -0.70774 35.3996 -21.5682 2.18397 8.4052 2.72262 0 0 0 0.691433 1.86887 1.11022e-16 0 0 0 0 0.0549148 2.384 303 50 0 0 0
./complex_md-fit_543.pdb BC A 7.18406 29.6628 -9.88574 -8.38245 -10.0879 -21.7331 -1.02746 36.7587 -21.352 3.70927 7.78782 3.86662 0 0 0 0.516451 2.44538 0 0 0 0 0 0.0582907 2.384 303 48 0 0 0
./complex_md-fit_544.pdb BC A 7.75653 42.0202 -13.6671 -8.49034 -11.8875 -21.161 -0.873041 34.9911 -20.9035 4.36566 6.98389 2.42039 0 0 0 0.838428 2.19483 0 0 0 0 0 0.0488123 2.384 303 47 0 0 0
./complex_md-fit_545.pdb BC A 8.65317 33.6163 -6.61907 -6.64027 -9.37596 -21.5086 -0.678687 36.1033 -21.4663 6.11118 7.58041 2.82267 0 0 0 0.379676 2.62385 0 0 0 0 0 0.0534883 2.384 303 46 1 1 0
./complex_md-fit_546.pdb BC A 7.19119 30.792 -3.12586 -5.2842 -8.4225 -21.0805 -0.871699 35.279 -21.1876 7.85375 6.63386 3.7098 0 0 0 0.186431 1.71845 0 0 0 0 0 0.0578064 2.384 303 45 1 1 0
./complex_md-fit_547.pdb BC A 8.16212 37.0443 -8.24121 -8.95283 -11.4712 -22.4812 -0.788331 39.144 -22.3568 5.86432 7.82254 3.75593 0 0 0 1.17182 2.93941 0 0 0 0 0 0.0504797 2.384 303 47 2 2 0
./complex_md-fit_548.pdb BC A 8.6808 35.1373 -10.1913 -7.82884 -10.6483 -21.2888 -0.662172 36.2569 -21.6343 4.20827 7.75726 3.10221 0 0 0 0.491335 2.21088 0 0 0 0 0 0.0551739 2.384 303 48 0 0 0
./complex_md-fit_549.pdb BC A 7.65161 35.1505 -10.2438 -7.04464 -11.498 -21.8994 -0.779149 37.9465 -21.4519 3.83433 7.89949 2.23475 0 0 0 0.458885 3.23235 0 0 0 0 0 0.0553511 2.384 303 49 0 0 0
./complex_md-fit_54.pdb BC A 7.31974 32.1993 -9.02086 -6.47896 -11.054 -22.0276 -0.69031 37.0225 -22.8896 5.29464 7.85079 3.44186 0 0 0 0.451436 2.12362 5.55112e-17 0 0 0 0 0.0583211 2.384 303 47 2 2 0
./complex_md-fit_550.pdb BC A 6.8202 41.4648 -8.32662 -7.52608 -10.5171 -21.5263 -0.654285 36.8711 -21.4325 5.04215 7.83023 3.34736 0 0 0 0.190518 2.10679 0 0 0 0 0 0.0483318 2.384 303 47 0 0 0
./complex_md-fit_551.pdb BC A 9.07441 38.5326 -11.1308 -9.31312 -11.6927 -22.9972 -0.790435 38.2797 -23.0408 5.51483 9.40642 2.71957 0 0 0 0.729995 2.80772 -0.00903532 0 0 0 0 0.0619205 2.384 303 48 2 2 0
./complex_md-fit_552.pdb BC A 12.3275 31.0183 -9.14876 -8.25484 -10.945 -22.4333 -0.796774 39.8443 -22.1779 4.00872 8.21365 3.09433 0 0 0 0.241653 2.53367 0 0 0 0 0 0.0563158 2.384 303 48 0 0 0
./complex_md-fit_553.pdb BC A 7.96838 30.6281 -10.0931 -8.87393 -9.89261 -23.3602 -0.666024 40.1038 -23.5196 4.03695 6.75666 5.12686 0 0 0 0.144115 2.41573 -1.11022e-16 0 0 0 0 0.0509212 2.384 303 48 0 0 0
./complex_md-fit_554.pdb BC A 7.07354 30.6954 -11.7323 -8.69863 -12.0915 -22.4006 -0.873663 38.0582 -22.4125 5.73567 7.89626 2.78134 0 0 0 0.218351 2.64666 0 0 0 0 0 0.0547474 2.384 303 50 1 1 0
./complex_md-fit_555.pdb BC A 8.58605 35.3083 -8.08363 -6.83875 -9.94815 -21.7181 -0.655966 36.5574 -21.8724 5.43685 7.5226 3.12937 0 0 0 0.277806 2.28916 -0.0305381 0 0 0 0 0.0562706 2.384 303 49 0 0 0
./complex_md-fit_556.pdb BC A 10.0492 34.7848 -7.73862 -9.38293 -8.80867 -22.2067 -0.903894 38.84 -22.465 6.04955 7.60672 3.21004 0 0 0 0.281802 2.1378 -0.00976326 0 0 0 0 0.0502805 2.384 303 48 0 0 0
./complex_md-fit_557.pdb BC A 9.36929 41.2025 -9.63309 -9.22821 -10.8147 -22.9273 -0.744096 40.195 -22.7054 3.68241 8.37904 4.06475 0 0 0 0.44236 2.55939 -0.0287283 0 0 0 0 0.0517498 2.384 303 49 0 0 0
./complex_md-fit_558.pdb BC A 8.05669 32.5527 -7.24334 -7.02871 -9.89068 -21.6299 -0.707006 37.4144 -21.5882 5.67425 7.05483 3.22303 0 0 0 0.16396 2.00882 0 0 0 0 0 0.0707797 2.384 303 45 1 1 0
./complex_md-fit_559.pdb BC A 6.259 31.9676 -6.61602 -8.74478 -12.0828 -23.0854 -0.692451 38.9988 -23.126 9.28776 8.51883 3.77839 0 0 0 0.476279 2.24841 0 0 0 0 0 0.0553272 2.384 303 47 4 4 0
./complex_md-fit_55.pdb BC A 8.7021 25.397 -9.28974 -4.79756 -8.19305 -18.7396 -0.515759 31.4344 -19.7727 1.25686 6.04141 3.38959 0 0 0 0.550997 1.55256 0 0 0 0 0 0.0556905 2.384 303 44 0 0 0
./complex_md-fit_560.pdb BC A 7.74089 32.1819 -3.34213 -5.51385 -11.1415 -23.2122 -0.800747 40.7829 -22.7976 6.06645 9.36409 3.19052 0 0 0 0.691403 1.99181 -0.0307513 0 0 0 0 0.0591025 2.384 303 48 2 2 0
./complex_md-fit_561.pdb BC A 7.2086 36.9377 -7.01938 -6.87369 -12.8504 -22.4882 -0.814885 39.2934 -22.4868 6.52497 9.20494 3.12707 0 0 0 0.319808 2.40897 -0.0312929 0 0 0 0 0.0556924 2.384 303 45 1 1 0
./complex_md-fit_562.pdb BC A 7.83665 37.2033 -7.93887 -6.09927 -12.5563 -22.0628 -0.722459 38.4479 -22.2802 3.9246 8.83605 4.02775 0 0 0 0.49034 2.24546 0 0 0 0 0 0.0556428 2.384 303 47 0 0 0
./complex_md-fit_563.pdb BC A 8.28645 30.7968 -7.65413 -7.56146 -12.4982 -23.1935 -0.810747 40.0373 -22.7414 5.83947 8.61864 4.17844 0 0 0 0.422154 2.17996 0 0 0 0 0 0.0551528 2.384 303 48 2 2 0
./complex_md-fit_564.pdb BC A 9.52032 29.7788 -7.54371 -7.08458 -13.4839 -22.0764 -0.845116 39.6016 -21.7127 4.33026 8.60787 4.77336 0 0 0 0.28446 2.09171 0 0 0 0 0 0.0614934 2.384 303 45 0 0 0
./complex_md-fit_565.pdb BC A 8.40714 32.5996 -5.76185 -6.94461 -10.1637 -22.5757 -0.602965 38.5704 -22.4148 7.70813 7.05515 2.66821 0 0 0 0.872846 2.3903 0 0 0 0 0 0.0652033 2.384 303 48 4 4 0
./complex_md-fit_566.pdb BC A 8.37203 32.9246 -6.77164 -6.14293 -12.8072 -21.8168 -0.629484 38.4812 -21.769 7.37517 7.7647 2.0375 0 0 0 0.75537 1.63309 -0.0286597 0 0 0 0 0.00837153 2.384 303 45 2 2 0
./complex_md-fit_567.pdb BC A 8.53001 35.0636 -8.47057 -6.48305 -9.85004 -23.0405 -0.83988 39.8402 -23.1437 5.28469 6.78302 2.66859 0 0 0 0.310038 1.70503 0 0 0 0 0 0 2.384 303 46 0 0 0
./complex_md-fit_568.pdb BC A 7.11384 37.3653 -15.7623 -9.10851 -12.5501 -22.4912 -0.857249 37.3622 -22.4152 2.54196 7.90658 3.52738 0 0 0 0.279534 2.08698 0 0 0 0 0 0.0423714 2.384 303 48 0 0 0
./complex_md-fit_569.pdb BC A 9.21664 35.126 -6.76963 -6.72246 -9.25162 -22.3141 -0.610845 38.2233 -22.4152 5.73076 7.74519 2.64178 0 0 0 0.203532 2.0951 -5.55112e-17 0 0 0 0 0 2.384 303 45 0 0 0
./complex_md-fit_56.pdb BC A 8.87431 36.0343 -5.90547 -4.47524 -4.88935 -19.0887 -0.409773 31.0086 -19.8841 3.52776 4.66009 2.6963 0 0 0 0.893045 1.59885 0 0 0 0 0 0.0558184 2.384 303 48 1 1 0
./complex_md-fit_570.pdb BC A 9.08506 31.0675 -10.3604 -6.16122 -9.91177 -23.0724 -0.684572 39.285 -23.7023 3.32233 7.69199 2.74611 0 0 0 0.153143 2.26889 -0.0267819 0 0 0 0 0 2.384 303 44 0 0 0
./complex_md-fit_571.pdb BC A 9.58398 35.5859 -3.68658 -5.56607 -9.96859 -21.962 -0.834269 38.8681 -21.449 7.11242 6.54974 3.16975 0 0 0 0.393301 2.32221 0 0 0 0 0 0 2.384 303 49 1 1 0
./complex_md-fit_572.pdb BC A 8.31153 42.577 -13.4518 -7.85523 -12.1214 -23.0005 -0.809571 38.3336 -22.5376 4.73453 7.23452 2.07139 0 0 0 0.498494 3.063 0 0 0 0 0 0 2.384 303 46 0 0 0
./complex_md-fit_573.pdb BC A 6.89712 37.4705 -4.43819 -7.20646 -9.6305 -22.6076 -0.680825 39.4144 -22.0775 7.18462 7.60357 3.19683 0 0 0 0.374794 2.18981 -0.00959873 0 0 0 0 0 2.384 303 42 2 2 0
./complex_md-fit_574.pdb BC A 7.41129 33.1054 -13.8963 -9.1943 -12.4648 -21.2796 -0.824163 37.1118 -21.2006 4.05733 6.81867 2.58568 0 0 0 0.485565 2.47994 0 0 0 0 0 0.0082128 2.384 303 48 0 0 0
./complex_md-fit_575.pdb BC A 7.28256 37.6253 -4.9299 -5.97694 -8.27926 -21.9933 -0.748224 37.402 -21.6874 5.51278 7.19062 3.19268 0 0 0 0.457187 2.35448 0 0 0 0 0 0 2.384 303 46 0 0 0
./complex_md-fit_576.pdb BC A 7.79078 36.4182 -5.80137 -6.25188 -9.20208 -21.024 -0.886355 35.4465 -21.0681 6.28425 7.12261 3.3839 0 0 0 0.39374 1.8836 -1.11022e-16 0 0 0 0 0 2.384 303 46 0 0 0
./complex_md-fit_577.pdb BC A 6.5173 31.6629 -11.455 -8.30933 -9.68287 -21.8372 -0.661468 36.3361 -21.9429 3.58969 7.98476 2.8306 0 0 0 0.270731 2.06757 -0.0342857 0 0 0 0 0.00111524 2.384 303 44 0 0 0
./complex_md-fit_578.pdb BC A 6.91003 35.6481 -8.46056 -5.495 -11.5278 -20.8818 -0.853459 35.5045 -20.974 3.67703 8.25998 3.35466 0 0 0 0.475433 2.15094 0 0 0 0 0 0 2.384 303 47 0 0 0
./complex_md-fit_579.pdb BC A 6.77703 32.7003 -10.8487 -6.46872 -12.3204 -21.8446 -0.778817 38.616 -21.8401 3.5621 7.61118 2.35205 0 0 0 0.262645 2.21937 -1.38778e-17 0 0 0 0 0 2.384 303 47 0 0 0
./complex_md-fit_57.pdb BC A 7.92662 32.4022 -15.2936 -6.5167 -6.79351 -18.7629 -0.393431 28.9187 -19.838 0.997266 5.12033 1.17919 0 0 0 0.742083 1.88653 0 0 0 0 0 0.0533098 2.384 303 46 0 0 0
./complex_md-fit_580.pdb BC A 7.29802 30.674 -17.1402 -9.69186 -13.5628 -22.191 -0.705129 37.5922 -21.9845 0.769984 9.67075 2.52936 0 0 0 0.423375 2.203 -1.11022e-16 0 0 0 0 0.00939601 2.384 303 45 0 0 0
./complex_md-fit_581.pdb BC A 8.02009 42.9405 -8.01018 -9.4508 -10.4998 -23.1684 -0.745545 40.1444 -22.9889 5.89243 8.57152 3.7792 0 0 0 0.455689 2.24796 0 0 0 0 0 0 2.384 303 47 1 1 0
./complex_md-fit_582.pdb BC A 8.21342 27.9747 -4.78051 -7.56178 -9.07284 -22.5081 -0.959074 39.6689 -22.4524 6.96433 7.93405 3.16312 0 0 0 0.0566403 2.05637 -0.0270111 0 0 0 0 0.0136814 2.384 303 48 2 2 0
./complex_md-fit_583.pdb BC A 12.7029 38.5282 -7.83154 -9.18851 -9.82909 -23.926 -0.827632 42.2401 -23.9746 5.39361 8.98825 2.90133 0 0 0 0.391106 2.79803 0 0 0 0 0 0 2.384 303 46 2 2 0
./complex_md-fit_584.pdb BC A 8.21665 44.1646 -9.37022 -7.67793 -10.0298 -21.7147 -0.666983 37.0019 -21.5154 3.87829 7.87756 3.01678 0 0 0 0.459969 2.21925 0 0 0 0 0 0 2.384 303 43 1 1 0
./complex_md-fit_585.pdb BC A 9.07376 34.8138 -8.01698 -5.75759 -9.7433 -21.1575 -0.630197 36.5705 -21.1828 5.03337 6.90242 1.90189 0 0 0 0.0758711 1.96027 -0.0297637 0 0 0 0 0 2.384 303 45 1 1 0
./complex_md-fit_586.pdb BC A 7.79277 31.079 -10.7423 -7.94784 -12.9433 -21.6744 -0.945285 36.713 -21.8443 3.71272 10.2847 3.53431 0 0 0 0.367995 1.93705 0 0 0 0 0 0 2.384 303 45 0 0 0
./complex_md-fit_587.pdb BC A 7.01843 30.3492 -14.1235 -7.87201 -13.4599 -21.5127 -0.783968 37.4054 -21.1154 2.39058 8.16527 2.25464 0 0 0 0.43227 2.3741 -0.0277822 0 0 0 0 0 2.384 303 47 0 0 0
./complex_md-fit_588.pdb BC A 10.7774 34.9696 -8.90697 -8.45077 -11.895 -21.0433 -0.824936 37.2246 -20.6333 4.9719 8.36645 2.59973 0 0 0 0.7777 1.89627 0 0 0 0 0 0 2.384 303 46 0 0 0
./complex_md-fit_589.pdb BC A 7.63356 37.5254 -3.58594 -5.55412 -8.71102 -22.0641 -0.774495 40.1035 -21.7472 6.6356 6.35171 1.60515 0 0 0 0.569045 2.61873 0 0 0 0 0 0 2.384 303 47 1 1 0
./complex_md-fit_58.pdb BC A 6.67556 35.9319 -10.9566 -6.54043 -8.09067 -20.3026 -0.574597 32.8084 -21.1313 2.62769 6.94359 3.14047 0 0 0 0.111665 1.96903 1.11022e-16 0 0 0 0 0.0512589 2.384 303 50 0 0 0
./complex_md-fit_590.pdb BC A 10.0543 28.9899 -14.4747 -8.49803 -12.8703 -21.9129 -0.694376 39.6671 -21.3768 1.31193 6.72075 2.57157 0 0 0 0.617923 2.09749 -0.0116818 0 0 0 0 0 2.384 303 48 0 0 0
./complex_md-fit_591.pdb BC A 7.65034 33.9222 -6.48658 -5.03658 -11.0709 -22.6295 -0.696271 40.3084 -22.2174 4.45163 7.19881 2.57653 0 0 0 0.598649 2.43519 -1.11022e-16 0 0 0 0 0.0298755 2.384 303 46 1 1 0
./complex_md-fit_592.pdb BC A 7.60305 29.6169 -6.09909 -7.72901 -11.0872 -22.6573 -0.821263 41.1434 -21.9416 5.62689 8.59456 2.39794 0 0 0 0.402019 2.24665 -0.0275531 0 0 0 0 0 2.384 303 48 1 1 0
./complex_md-fit_593.pdb BC A 12.088 37.0838 -3.32089 -5.84925 -10.1789 -21.6458 -0.871739 38.1847 -21.1179 6.974 8.13907 2.86187 0 0 0 0.193261 2.06576 -0.0102165 0 0 0 0 0 2.384 303 46 1 1 0
./complex_md-fit_594.pdb BC A 7.32624 33.7593 -6.69542 -6.29181 -10.9084 -22.9173 -0.921138 40.7981 -22.5573 6.02214 6.39546 3.06214 0 0 0 0.617379 2.61271 -0.00408907 0 0 0 0 0.00933295 2.384 303 50 2 2 0
./complex_md-fit_595.pdb BC A 6.76787 32.2777 -8.0017 -6.55915 -12.1021 -23.3694 -0.731732 41.0211 -23.3164 4.09292 8.98933 3.55218 0 0 0 0.422356 2.13212 -0.000844976 0 0 0 0 0 2.384 303 48 0 0 0
./complex_md-fit_596.pdb BC A 7.98999 30.3144 -1.79782 -6.38026 -9.26163 -23.7159 -0.571494 43.1484 -23.0924 7.52199 6.99664 2.76567 0 0 0 0.791207 3.07562 0 0 0 0 0 0 2.384 303 50 1 1 0
./complex_md-fit_597.pdb BC A 6.42055 38.1059 -12.6015 -8.19354 -11.6368 -21.7762 -0.807862 38.221 -21.372 3.02677 6.55598 3.10847 0 0 0 0.265453 3.14253 1.11022e-16 0 0 0 0 0.00734668 2.384 303 47 1 1 0
./complex_md-fit_598.pdb BC A 7.39459 25.6342 -10.4328 -7.83505 -11.1988 -22.3305 -0.597897 38.6275 -22.2598 3.75699 7.75113 3.28802 0 0 0 0.397674 3.28703 -0.0320733 0 0 0 0 0 2.384 303 47 0 0 0
./complex_md-fit_599.pdb BC A 8.11151 38.4025 -12.4109 -9.81888 -12.8519 -22.9969 -0.743165 40.1885 -22.2782 2.57402 10.1882 3.13619 0 0 0 0.186607 2.18627 2.22045e-16 0 0 0 0 0.00463013 2.384 303 47 0 0 0
./complex_md-fit_59.pdb BC A 7.12221 40.0591 -10.0567 -7.51852 -9.66145 -20.9027 -0.413165 34.546 -21.7135 3.20623 8.3993 3.38923 0 0 0 0.551399 2.20186 0 0 0 0 0 0.0604665 2.384 303 50 1 1 0
./complex_md-fit_5.pdb BC A 8.76084 31.3556 -11.499 -4.96954 -10.7971 -21.0169 -0.756801 35.2763 -21.4703 4.31415 7.61817 0.177192 0 0 0 0.102491 2.26305 0.023286 0 0 0 0 0 2.384 303 48 1 1 0
./complex_md-fit_600.pdb BC A 8.3946 42.4525 -11.0876 -7.21279 -14.1573 -22.6565 -0.816874 39.6582 -22.1754 3.96161 9.5713 2.60629 0 0 0 0.133943 2.63597 0 0 0 0 0 0 2.384 303 47 0 0 0
./complex_md-fit_601.pdb BC A 8.81963 36.7708 -11.4439 -7.43825 -11.7014 -22.5036 -0.713944 37.7827 -22.4895 3.02171 9.04434 3.24431 0 0 0 0.310913 1.95545 -0.0012144 0 0 0 0 0 2.384 303 46 0 0 0
./complex_md-fit_602.pdb BC A 8.14774 34.4258 -10.6115 -8.00303 -11.3966 -22.7301 -0.73046 38.9037 -22.4992 4.7228 7.42817 3.30236 0 0 0 0.390852 2.54981 0 0 0 0 0 0 2.384 303 50 0 0 0
./complex_md-fit_603.pdb BC A 9.52612 33.3578 -6.77308 -7.11647 -10.3153 -23.0279 -0.787162 39.8194 -23.3406 7.47918 7.28527 2.81234 0 0 0 0.431025 2.37366 -0.0129408 0 0 0 0 0 2.384 303 45 1 1 0
./complex_md-fit_604.pdb BC A 7.855 29.6986 -13.285 -8.88785 -12.6418 -23.2256 -0.867312 39.2001 -23.0305 3.24738 8.82761 3.85754 0 0 0 0.222976 2.00188 0 0 0 0 0 0.0124734 2.384 303 48 0 0 0
./complex_md-fit_605.pdb BC A 9.3129 42.9708 -12.5754 -7.92529 -12.731 -21.9898 -0.715638 37.8559 -22.085 4.82299 7.82968 2.16511 0 0 0 0.1976 1.86032 0 0 0 0 0 0 2.384 303 48 0 0 0
./complex_md-fit_606.pdb BC A 6.87768 33.082 -7.46956 -9.6931 -10.1207 -22.5474 -0.765829 40.159 -22.6454 6.68569 9.47864 1.86471 0 0 0 0.114806 2.28218 0 0 0 0 0 5.81406e-05 2.384 303 48 2 2 0
./complex_md-fit_607.pdb BC A 7.27679 39.9535 -18.175 -7.91191 -13.9635 -22.8337 -0.835625 37.7662 -23.3321 2.33449 7.7116 2.62544 0 0 0 0.281926 2.40431 -0.0252871 0 0 0 0 0.00739288 2.384 303 47 0 0 0
./complex_md-fit_608.pdb BC A 6.52162 32.5242 -6.28721 -7.35309 -11.518 -21.349 -0.816169 37.1417 -20.8963 7.07717 8.4112 2.59264 0 0 0 0.422637 2.27362 -5.55112e-17 0 0 0 0 0 2.384 303 46 1 1 0
./complex_md-fit_609.pdb BC A 7.78433 33.4119 -12.6602 -8.66305 -14.5651 -20.7946 -0.708547 35.5225 -20.5647 3.77779 9.66173 3.4691 0 0 0 0.204708 2.08345 0 0 0 0 0 0 2.384 303 45 0 0 0
./complex_md-fit_60.pdb BC A 9.19636 38.4397 -11.7481 -6.653 -12.1725 -22.2985 -0.562473 37.5104 -23.1836 4.07646 9.31969 1.80329 0 0 0 0.357391 2.48601 0 0 0 0 0 0.0547183 2.384 303 47 1 1 0
./complex_md-fit_610.pdb BC A 7.66251 31.3069 -7.6276 -6.76304 -11.973 -23.0122 -0.70362 38.7657 -23.0565 7.44058 8.33672 3.12194 0 0 0 0.215841 2.21305 0 0 0 0 0 0 2.384 303 47 1 1 0
./complex_md-fit_611.pdb BC A 10.1179 33.0945 -4.03641 -7.08313 -8.55273 -21.4557 -0.851022 37.581 -20.9525 6.11759 8.05601 3.02304 0 0 0 0.10457 2.10107 -0.0314147 0 0 0 0 0.00787378 2.384 303 45 2 2 0
./complex_md-fit_612.pdb BC A 7.89304 37.3548 -11.6135 -7.54364 -10.9195 -22.6769 -0.68701 37.2171 -22.7179 4.95405 8.19104 2.44555 0 0 0 0.123678 2.33278 5.55112e-17 0 0 0 0 0 2.384 303 45 1 1 0
./complex_md-fit_613.pdb BC A 8.0413 37.0866 -14.978 -10.2115 -12.6366 -23.9242 -0.705168 40.2731 -23.9526 3.5719 8.74047 3.41159 0 0 0 0.485128 2.5757 -0.0300767 0 0 0 0 0 2.384 303 48 0 0 0
./complex_md-fit_614.pdb BC A 7.1686 30.4633 -18.6855 -10.1128 -12.5783 -22.7471 -0.605606 36.6257 -22.9031 2.34753 8.23235 2.76593 0 0 0 0.294172 2.3895 -0.024592 0 0 0 0 0.0203702 2.384 303 48 0 0 0
./complex_md-fit_615.pdb BC A 6.59419 39.4238 -0.917029 -7.90932 -8.93593 -22.9091 -0.813848 40.4684 -22.9961 8.78382 9.61075 3.23902 0 0 0 0.545367 3.58482 0 0 0 0 0 0 2.384 303 43 3 3 0
./complex_md-fit_616.pdb BC A 10.4304 35.1547 -8.79789 -9.16291 -11.2913 -21.9829 -0.862106 38.5194 -21.5073 7.78336 6.90637 2.58657 0 0 0 0.230596 1.92032 -0.0265008 0 0 0 0 0.00871184 2.384 303 45 3 3 0
./complex_md-fit_617.pdb BC A 8.36109 28.3786 -7.24472 -5.97351 -10.5876 -21.3495 -0.604325 36.9137 -21.1218 5.34804 6.79452 3.16091 0 0 0 0.16224 2.11257 0 0 0 0 0 0.0125362 2.384 303 43 1 1 0
./complex_md-fit_618.pdb BC A 8.7193 44.3588 -9.28641 -5.67455 -10.2214 -21.747 -0.539014 38.0786 -21.0981 1.96073 6.60775 3.00169 0 0 0 0.346161 2.65394 -0.0102288 0 0 0 0 0.00895266 2.384 303 45 0 0 0
./complex_md-fit_619.pdb BC A 7.08744 28.3561 -4.37099 -5.5319 -8.92822 -21.8254 -0.710513 38.7719 -21.2156 6.32536 6.99738 1.32934 0 0 0 0.426337 1.64626 -0.00969907 0 0 0 0 0 2.384 303 47 2 2 0
./complex_md-fit_61.pdb BC A 8.63273 36.2007 -14.1738 -6.50355 -10.6924 -21.1189 -0.532507 34.8108 -21.8511 1.35996 7.99081 2.02737 0 0 0 0.289195 2.03831 -0.0124457 0 0 0 0 0.0590007 2.384 303 52 0 0 0
./complex_md-fit_620.pdb BC A 8.15391 34.0326 -9.05326 -8.41184 -12.4379 -21.9462 -0.807573 38.5092 -21.6933 4.39397 9.16624 3.8904 0 0 0 0.271307 2.66605 0 0 0 0 0 0.0124579 2.384 303 47 0 0 0
./complex_md-fit_621.pdb BC A 8.97571 27.2016 -10.835 -7.73335 -12.6248 -21.7854 -0.605888 38.6069 -21.3013 4.14191 8.1297 2.17978 0 0 0 0.177928 2.57809 -0.0205273 0 0 0 0 0 2.384 303 44 0 0 0
./complex_md-fit_622.pdb BC A 6.13004 31.3215 -12.6507 -8.02562 -11.8195 -21.564 -0.536409 36.6155 -21.2211 3.04155 8.02646 2.61777 0 0 0 0.214663 2.10144 0 0 0 0 0 0 2.384 303 46 0 0 0
./complex_md-fit_623.pdb BC A 6.81344 34.7872 -9.69024 -7.33592 -10.681 -21.8759 -0.561781 38.1526 -21.6224 2.93295 7.32456 3.81143 0 0 0 0.165144 2.37376 0 0 0 0 0 0 2.384 303 45 1 1 0
./complex_md-fit_624.pdb BC A 9.13007 28.5424 -10.0166 -7.4498 -11.9379 -22.0267 -0.707981 39.1103 -21.5362 4.16638 7.82584 2.03365 0 0 0 0.505843 2.62862 0 0 0 0 0 0 2.384 303 47 0 0 0
./complex_md-fit_625.pdb BC A 6.85647 33.62 -5.16279 -5.88674 -8.35425 -22.9321 -0.669227 40.1033 -22.6788 6.07053 7.52335 1.59891 0 0 0 0.0623341 2.83615 0 0 0 0 0 0 2.384 303 48 1 1 0
./complex_md-fit_626.pdb BC A 7.61035 32.9253 -3.11621 -5.86287 -9.63381 -22.4244 -0.407694 40.0662 -21.8156 6.27691 7.74079 2.55885 0 0 0 0.392457 3.44316 -0.00701452 0 0 0 0 0 2.384 303 46 2 2 0
./complex_md-fit_627.pdb BC A 7.32396 36.3117 -6.38354 -8.63563 -10.6413 -22.2744 -0.565989 39.1833 -21.8937 6.41238 8.54641 3.37561 0 0 0 0.141155 2.49095 -0.0314663 0 0 0 0 0 2.384 303 48 1 1 0
./complex_md-fit_628.pdb BC A 7.96252 28.8625 -4.47179 -7.798 -10.385 -21.4199 -0.545595 38.0527 -20.908 7.68684 7.04888 3.48423 0 0 0 0.322071 2.57662 -0.00990197 0 0 0 0 0 2.384 303 48 2 2 0
./complex_md-fit_629.pdb BC A 8.69861 37.4381 -10.3997 -6.25466 -11.3897 -21.2147 -0.575054 36.3535 -21.109 3.83749 6.74663 2.83773 0 0 0 0.367315 3.01713 0 0 0 0 0 0.000765375 2.384 303 46 0 0 0
./complex_md-fit_62.pdb BC A 5.90968 35.6138 -10.2685 -7.47285 -10.4707 -22.506 -0.865022 38.1655 -23.3407 4.0493 9.23507 2.60042 0 0 0 0.283288 2.86956 0 0 0 0 0 0.053212 2.384 303 52 2 2 0
./complex_md-fit_630.pdb BC A 5.76943 34.0002 -10.899 -7.54888 -13.0592 -22.6331 -0.828516 39.1333 -22.2651 3.45921 8.44564 3.85818 0 0 0 0.568653 2.91757 -0.0291735 0 0 0 0 0 2.384 303 51 0 0 0
./complex_md-fit_631.pdb BC A 6.99216 32.2387 -8.89521 -10.6121 -11.6625 -21.9589 -0.723297 38.2279 -21.8485 4.03617 10.7825 4.55317 0 0 0 0.32116 2.23245 -0.010733 0 0 0 0 0 2.384 303 48 1 1 0
./complex_md-fit_632.pdb BC A 10.0577 37.6402 -16.2383 -7.54478 -11.9824 -21.421 -0.881559 35.1859 -21.5168 1.35896 8.2344 1.9938 0 0 0 0.335168 2.23249 -5.55112e-17 0 0 0 0 0 2.384 303 48 0 0 0
./complex_md-fit_633.pdb BC A 9.37551 35.6935 -11.8729 -9.48069 -12.5504 -23.6535 -0.828529 39.6761 -23.436 5.33206 8.48524 4.17227 0 0 0 0.405874 2.58975 -0.00923168 0 0 0 0 0.0139207 2.384 303 48 0 0 0
./complex_md-fit_634.pdb BC A 9.09118 29.8821 -0.709267 -6.54731 -8.36005 -22.2182 -0.892894 41.2071 -21.6717 6.8934 8.05828 2.72867 0 0 0 0.0934913 2.1161 0 0 0 0 0 0 2.384 303 52 2 2 0
./complex_md-fit_635.pdb BC A 8.71686 30.0019 -11.9367 -9.10169 -13.2705 -23.0254 -0.683463 39.9843 -22.8736 3.82498 8.67473 4.19852 0 0 0 0.335355 3.1168 -2.77556e-17 0 0 0 0 0 2.384 303 46 0 0 0
./complex_md-fit_636.pdb BC A 7.67104 34.1406 -12.4475 -7.86024 -15.4909 -22.4189 -0.815311 39.5462 -21.9848 3.48942 9.89375 2.94496 0 0 0 0.262337 2.78042 -0.0139713 0 0 0 0 0 2.384 303 48 0 0 0
./complex_md-fit_637.pdb BC A 9.35734 35.0637 -11.6257 -8.57251 -11.8219 -23.3923 -0.803076 39.0711 -23.3277 5.54079 8.60603 2.81589 0 0 0 0.258082 2.74085 0 0 0 0 0 0 2.384 303 51 0 0 0
./complex_md-fit_638.pdb BC A 8.10904 30.7229 -1.92433 -6.20103 -11.12 -23.0315 -0.754356 42.1994 -22.6434 6.67932 8.73279 3.75656 0 0 0 0.449726 2.79042 -5.55112e-17 0 0 0 0 0.0081906 2.384 303 50 1 1 0
./complex_md-fit_639.pdb BC A 8.23489 29.1332 -10.276 -6.48011 -12.1789 -22.3531 -0.767572 38.7728 -21.8298 3.41235 8.37367 2.63598 0 0 0 0.148646 2.4542 -0.0100489 0 0 0 0 0 2.384 303 48 0 0 0
./complex_md-fit_63.pdb BC A 7.85182 28.6329 -9.91743 -5.1875 -7.00195 -22.227 -0.721722 35.9307 -23.2191 2.57659 7.17566 2.36724 0 0 0 0.337095 2.62891 6.93889e-18 0 0 0 0 0.0524443 2.384 303 47 0 0 0
./complex_md-fit_640.pdb BC A 8.03066 31.5922 -8.54821 -6.6976 -9.3653 -21.6557 -0.890361 37.8575 -21.5823 3.96287 7.23616 2.20666 0 0 0 0.379892 2.2725 0 0 0 0 0 0 2.384 303 49 0 0 0
./complex_md-fit_641.pdb BC A 7.76084 31.4686 -15.2188 -6.21764 -13.4176 -21.3928 -0.761843 34.5747 -21.4512 3.47771 7.20133 2.25387 0 0 0 0.514671 2.79367 0 0 0 0 0 0 2.384 303 49 0 0 0
./complex_md-fit_642.pdb BC A 7.9449 34.0931 -11.9157 -9.26338 -11.3983 -22.7198 -0.834932 36.084 -22.9542 5.66418 9.3461 3.72278 0 0 0 0.431953 2.60854 0 0 0 0 0 0.00588577 2.384 303 50 0 0 0
./complex_md-fit_643.pdb BC A 6.48802 35.7183 -13.7942 -7.7729 -11.6171 -20.152 -0.831429 33.1827 -20.3524 3.76808 6.85203 2.76279 0 0 0 0.366032 2.50063 0 0 0 0 0 0 2.384 303 46 0 0 0
./complex_md-fit_644.pdb BC A 7.68644 37.824 -1.52035 -6.88023 -9.88981 -22.2618 -0.915804 39.5355 -21.3819 8.08853 8.59259 3.35121 0 0 0 0.254655 2.6211 -0.0292384 0 0 0 0 0.0158735 2.384 303 45 3 3 0
./complex_md-fit_645.pdb BC A 11.7462 35.6312 -4.73386 -5.57973 -12.1954 -22.1649 -0.768933 39.5948 -21.9697 6.2496 8.84902 2.78397 0 0 0 0.461955 1.90644 0 0 0 0 0 0.00541999 2.384 303 47 1 1 0
./complex_md-fit_646.pdb BC A 8.22791 36.4897 -11.516 -9.52374 -11.6434 -23.4535 -0.847536 40.9306 -23.1665 3.33913 8.25033 4.24198 0 0 0 0.35665 2.75216 0 0 0 0 0 0 2.384 303 49 0 0 0
./complex_md-fit_647.pdb BC A 7.10582 32.9149 -18.9866 -10.4769 -12.1677 -23.1439 -0.935183 37.9081 -23.2979 1.82598 8.26873 2.62255 0 0 0 0.410734 2.77088 -0.0106698 0 0 0 0 0.00944656 2.384 303 48 0 0 0
./complex_md-fit_648.pdb BC A 10.6625 42.0701 -23.4713 -11.0909 -15.0271 -23.6606 -0.698832 38.7982 -23.7887 1.14619 7.89756 2.84997 0 0 0 0.132232 2.6075 -0.0294886 0 0 0 0 0 2.384 303 48 0 0 0
./complex_md-fit_649.pdb BC A 6.24643 40.8485 -11.2134 -6.34701 -11.6013 -21.6104 -0.786396 38.3674 -21.2355 2.01113 7.3961 1.99381 0 0 0 0.598825 2.64206 0 0 0 0 0 0 2.384 303 49 0 0 0
./complex_md-fit_64.pdb BC A 10.0225 30.1779 -11.0831 -4.81021 -7.45937 -20.9806 -0.611103 33.6286 -22.5443 1.03499 7.22503 2.74306 0 0 0 0.634125 1.96741 0 0 0 0 0 0.056698 2.384 303 50 0 0 0
./complex_md-fit_650.pdb BC A 9.74192 31.2744 -6.46141 -6.8726 -9.38508 -21.2944 -0.796727 37.4105 -20.7018 4.57815 7.768 2.58919 0 0 0 0.243341 2.47614 0 0 0 0 0 0 2.384 303 46 1 1 0
./complex_md-fit_651.pdb BC A 5.97592 33.7555 -10.8128 -6.99979 -13.1398 -22.9068 -0.787545 41.771 -21.9726 4.45406 7.44021 1.05435 0 0 0 0.28895 2.50314 -0.0147186 0 0 0 0 0 2.384 303 49 1 1 0
./complex_md-fit_652.pdb BC A 8.61736 37.8509 -10.7778 -6.28626 -11.9109 -21.7655 -0.664364 37.1879 -21.3697 3.67344 7.86461 1.83331 0 0 0 0.659703 2.03148 0 0 0 0 0 0 2.384 303 49 0 0 0
./complex_md-fit_653.pdb BC A 6.90861 45.7461 -15.0193 -9.11741 -11.768 -21.4559 -0.843433 36.8792 -21.1581 2.57048 7.60031 1.72938 0 0 0 0.544268 2.59736 0 0 0 0 0 0 2.384 303 48 0 0 0
./complex_md-fit_654.pdb BC A 7.88208 36.3053 -3.96773 -5.06458 -10.6532 -22.7693 -0.745755 40.9706 -22.696 5.83716 8.2116 2.64126 0 0 0 0.300455 2.81341 0 0 0 0 0 0 2.384 303 51 0 0 0
./complex_md-fit_655.pdb BC A 11.5983 42.4584 -3.9671 -6.87977 -10.783 -22.8662 -0.636355 40.5681 -22.2193 7.21403 7.58791 3.7756 0 0 0 0.271869 2.31574 -1.11022e-16 0 0 0 0 0 2.384 303 49 2 2 0
./complex_md-fit_656.pdb BC A 9.45466 34.3367 -5.67526 -5.87681 -8.19963 -21.0399 -0.717488 36.8522 -20.6754 3.88187 8.2069 1.66173 0 0 0 0.231354 1.70022 0 0 0 0 0 0 2.384 303 47 0 0 0
./complex_md-fit_657.pdb BC A 7.40033 27.8931 -12.0638 -5.54485 -10.8701 -21.9772 -0.565077 35.0704 -22.4671 3.93674 7.07247 3.02846 0 0 0 0.25242 2.05537 0 0 0 0 0 0 2.384 303 50 1 1 0
./complex_md-fit_658.pdb BC A 9.2902 39.7368 -10.2702 -9.42256 -10.7362 -25.0001 -0.961714 42.9046 -24.7411 7.21616 5.71735 4.24414 0 0 0 0.509313 3.66577 0 0 0 0 0 0 2.384 303 51 1 1 0
./complex_md-fit_659.pdb BC A 8.03159 32.7881 -5.87523 -5.54563 -10.0768 -24.5702 -0.750909 43.265 -24.2911 7.97092 5.67475 2.2265 0 0 0 0.214326 2.56983 5.55112e-17 0 0 0 0 0.00796315 2.384 303 52 3 3 0
./complex_md-fit_65.pdb BC A 6.63879 35.6298 -13.842 -5.56511 -7.61538 -19.9532 -0.57076 30.576 -21.3344 0.606365 6.57218 2.91821 0 0 0 0.466581 1.97398 0 0 0 0 0 0.0575383 2.384 303 46 0 0 0
./complex_md-fit_660.pdb BC A 8.10599 36.2898 -12.2335 -6.6328 -12.1099 -23.2067 -0.776542 39.3235 -23.013 3.54112 8.45129 2.0312 0 0 0 0.145158 2.375 0 0 0 0 0 0.0132841 2.384 303 48 0 0 0
./complex_md-fit_661.pdb BC A 6.59171 31.4883 -13.2094 -10.1485 -12.5828 -24.1961 -0.778467 40.7388 -24.1479 6.24414 7.91443 3.04112 0 0 0 0.706035 3.07089 0 0 0 0 0 0 2.384 303 48 2 2 0
./complex_md-fit_662.pdb BC A 6.37341 34.3029 -15.5291 -10.5568 -13.0021 -25.7415 -0.780616 43.265 -25.4658 3.263 8.80176 3.92147 0 0 0 0.76647 3.07262 0 0 0 0 0 0 2.384 303 51 0 0 0
./complex_md-fit_663.pdb BC A 8.33661 37.3955 -10.2734 -11.0699 -12.2566 -24.6931 -0.777735 43.4142 -24.2179 7.0316 7.95966 3.86036 0 0 0 0.504498 2.96358 -0.0284005 0 0 0 0 0 2.384 303 52 2 2 0
./complex_md-fit_664.pdb BC A 5.84923 34.5465 -4.98855 -8.38819 -11.1832 -24.6596 -0.891435 44.7221 -24.6046 9.03277 7.76607 2.21087 0 0 0 1.00669 3.13248 0 0 0 0 0 0 2.384 303 47 2 2 0
./complex_md-fit_665.pdb BC A 8.68141 28.4453 -10.4963 -7.36087 -11.3031 -24.6374 -0.840064 42.4139 -24.653 4.04458 7.24428 4.16716 0 0 0 0.428209 2.28947 -5.55112e-17 0 0 0 0 0 2.384 303 50 0 0 0
./complex_md-fit_666.pdb BC A 10.0074 29.5692 1.87618 -5.30001 -9.99343 -24.2845 -0.729692 44.0447 -23.8271 8.97752 8.97894 3.72859 0 0 0 0.281119 2.80171 0 0 0 0 0 0 2.384 303 51 2 2 0
./complex_md-fit_667.pdb BC A 7.29783 31.8223 -14.4945 -8.35981 -12.7607 -23.4497 -0.797141 41.7223 -22.8228 3.08293 6.6865 1.90144 0 0 0 0.302404 2.49365 0 0 0 0 0 0 2.384 303 47 0 0 0
./complex_md-fit_668.pdb BC A 7.61213 43.2873 -6.59354 -5.75039 -12.097 -23.1334 -0.801854 39.3682 -23.049 7.52338 7.87813 2.8822 0 0 0 0.614995 2.80047 -0.0286669 0 0 0 0 0 2.384 303 46 2 2 0
./complex_md-fit_669.pdb BC A 9.9589 35.0406 -6.13273 -6.58212 -10.8352 -24.6952 -0.862488 44.4303 -23.9925 6.91168 7.22566 1.82557 0 0 0 0.441577 2.86472 0 0 0 0 0 0 2.384 303 49 1 1 0
./complex_md-fit_66.pdb BC A 8.44046 43.0597 -2.43176 -4.20245 -5.33189 -21.3042 -0.625463 37.0092 -21.8151 3.51784 6.55791 3.18131 0 0 0 0.529016 1.9855 0 0 0 0 0 0.0520649 2.384 303 48 0 0 0
./complex_md-fit_670.pdb BC A 10.2048 32.7628 -8.94234 -8.65484 -11.1716 -23.053 -0.725682 40.6166 -22.6846 6.80041 7.03474 2.60346 0 0 0 0.32406 2.66674 -0.0318761 0 0 0 0 0 2.384 303 50 1 1 0
./complex_md-fit_671.pdb BC A 6.63253 29.5817 -12.3307 -6.96137 -11.4195 -24.1369 -0.755226 41.7499 -24.0981 3.74891 6.57552 2.4096 0 0 0 0.556386 2.73058 0 0 0 0 0 0 2.384 303 49 1 1 0
./complex_md-fit_672.pdb BC A 7.4388 33.9751 -15.7352 -9.11568 -11.6036 -23.9557 -0.692629 40.9538 -23.808 2.43098 6.71988 2.66372 0 0 0 0.672027 2.6557 0 0 0 0 0 0 2.384 303 52 0 0 0
./complex_md-fit_673.pdb BC A 7.52299 29.3548 -15.5184 -8.37329 -11.6766 -23.1589 -0.674872 37.7977 -22.8796 4.60652 5.93583 2.2362 0 0 0 0.668753 2.87351 0 0 0 0 0 0 2.384 303 49 1 1 0
./complex_md-fit_674.pdb BC A 9.90546 37.5743 -6.94737 -7.03367 -10.0275 -22.0709 -0.713015 38.1035 -21.8493 7.08255 6.63502 2.63263 0 0 0 0.323073 2.81208 -0.0297196 0 0 0 0 0 2.384 303 48 1 1 0
./complex_md-fit_675.pdb BC A 7.92122 34.1789 -13.27 -7.57447 -11.8571 -22.5935 -0.807908 37.6072 -22.4029 4.78179 6.58417 2.80185 0 0 0 0.20599 3.30592 -0.015071 0 0 0 0 0 2.384 303 50 1 1 0
./complex_md-fit_676.pdb BC A 7.5091 39.4719 -4.79786 -6.92668 -10.3835 -22.8936 -0.88742 40.2821 -22.5395 8.37255 7.33175 2.42247 0 0 0 0.417824 2.86511 0 0 0 0 0 0.00613671 2.384 303 49 3 3 0
./complex_md-fit_677.pdb BC A 10.3026 35.0666 -4.84161 -7.18863 -8.75999 -22.3405 -0.814377 39.8212 -21.8943 7.18782 5.12769 3.49372 0 0 0 0.523023 2.69329 0 0 0 0 0 0.00266324 2.384 303 49 1 1 0
./complex_md-fit_678.pdb BC A 8.12407 33.2662 -17.0424 -10.4724 -11.7892 -23.8524 -0.73929 39.7927 -23.7682 5.26309 5.86128 2.30688 0 0 0 0.355139 2.90807 0 0 0 0 0 0 2.384 303 50 0 0 0
./complex_md-fit_679.pdb BC A 8.2822 35.3173 -10.1054 -7.22208 -10.4057 -23.8986 -0.859565 42.3824 -23.1835 3.62984 5.9926 3.04139 0 0 0 0.430724 2.93851 -0.0128586 0 0 0 0 0 2.384 303 46 1 1 0
./complex_md-fit_67.pdb BC A 9.75222 35.49 -8.37779 -3.70202 -7.62279 -20.8908 -0.564336 34.8716 -22.0313 1.71782 6.6196 2.88485 0 0 0 0.256442 2.10517 0.0209606 0 0 0 0 0.0622414 2.384 303 50 0 0 0
./complex_md-fit_680.pdb BC A 6.55309 35.1487 -9.05419 -8.19529 -9.33307 -23.2765 -0.824348 39.6662 -23.2694 6.06403 7.56004 2.15907 0 0 0 0.385607 2.77367 0 0 0 0 0 0.00943338 2.384 303 47 0 0 0
./complex_md-fit_681.pdb BC A 9.33538 37.6085 -10.6124 -6.82889 -11.5066 -21.402 -0.743763 36.5701 -20.8905 5.40838 6.76475 1.85436 0 0 0 0.161805 3.96635 0 0 0 0 0 0 2.384 303 44 0 0 0
./complex_md-fit_682.pdb BC A 8.41569 34.8283 -9.50397 -7.63789 -11.3964 -22.3454 -0.788278 39.9063 -21.8067 3.76116 7.57595 2.95661 0 0 0 0.270632 2.38982 0 0 0 0 0 0 2.384 303 48 0 0 0
./complex_md-fit_683.pdb BC A 11.2491 35.902 -10.6839 -7.09078 -11.8792 -21.273 -0.765906 35.9885 -21.1496 6.28131 7.30404 1.57702 0 0 0 0.32363 2.05966 0 0 0 0 0 0 2.384 303 48 0 0 0
./complex_md-fit_684.pdb BC A 8.81136 33.6349 -9.68793 -4.8392 -12.0227 -21.1573 -0.713925 35.8196 -21.1538 4.75161 6.67249 2.71587 0 0 0 0.239455 3.01271 0 0 0 0 0 0 2.384 303 47 2 2 0
./complex_md-fit_685.pdb BC A 8.02808 32.3375 -11.1593 -6.23091 -13.1392 -22.6546 -0.639624 39.3994 -21.8421 4.58428 6.35457 2.27221 0 0 0 0.736573 4.23284 0 0 0 0 0 0 2.384 303 46 2 2 0
./complex_md-fit_686.pdb BC A 6.13498 34.0599 -18.9317 -7.48882 -14.1554 -21.494 -0.775704 34.0865 -21.7115 1.65029 7.40614 3.22581 0 0 0 0.32489 2.54431 0 0 0 0 0 0 2.384 303 48 0 0 0
./complex_md-fit_687.pdb BC A 7.65592 31.647 -9.48297 -6.62979 -11.0198 -21.4199 -0.693976 35.3464 -21.5689 6.59855 6.62837 2.95151 0 0 0 0.32458 2.26013 0 0 0 0 0 0 2.384 303 48 3 3 0
./complex_md-fit_688.pdb BC A 9.92714 32.6362 -13.135 -7.71152 -12.6998 -22.7478 -0.686259 37.4203 -22.4386 5.33813 6.99368 2.98803 0 0 0 0.408962 2.53998 -5.55112e-17 0 0 0 0 0 2.384 303 47 0 0 0
./complex_md-fit_689.pdb BC A 7.59583 34.2727 -3.59844 -6.13547 -8.9389 -21.0327 -0.818907 36.5081 -20.9186 8.40065 6.38789 2.71638 0 0 0 0.233212 2.47371 0 0 0 0 0 0 2.384 303 46 1 1 0
./complex_md-fit_68.pdb BC A 7.02848 33.3136 -9.10597 -5.43047 -6.35255 -21.8551 -0.518912 35.1787 -22.9832 3.78861 6.49936 2.28935 0 0 0 0.234259 2.85663 0 0 0 0 0 0.0439724 2.384 303 51 0 0 0
./complex_md-fit_690.pdb BC A 8.18756 35.6033 -6.43827 -7.81142 -12.3038 -22.0091 -0.749454 39.8448 -21.3664 4.62564 9.07488 4.02906 0 0 0 0.227409 1.97572 5.55112e-17 0 0 0 0 0 2.384 303 48 1 1 0
./complex_md-fit_691.pdb BC A 7.83426 31.3439 -7.375 -5.77017 -10.6968 -21.3786 -0.690484 37.9643 -20.8809 5.17236 6.43764 2.22224 0 0 0 0.245479 2.88128 0 0 0 0 0 0 2.384 303 49 0 0 0
./complex_md-fit_692.pdb BC A 8.19579 38.9961 -3.63592 -7.82864 -9.39716 -22.2143 -0.690795 39.1859 -21.8172 8.48705 7.19459 2.62337 0 0 0 0.821306 2.36697 0 0 0 0 0 0 2.384 303 48 2 2 0
./complex_md-fit_693.pdb BC A 6.63584 31.6272 -15.4846 -7.54181 -11.8046 -21.7252 -0.757742 36.3122 -21.5519 2.37519 6.23612 2.49962 0 0 0 0.473611 1.99079 0 0 0 0 0 0 2.384 303 49 0 0 0
./complex_md-fit_694.pdb BC A 6.3988 36.894 -9.04146 -9.18036 -10.2435 -21.2824 -0.811936 36.7668 -21.1916 5.99825 7.68117 2.89999 0 0 0 0.322147 2.03107 0 0 0 0 0 0 2.384 303 46 2 2 0
./complex_md-fit_695.pdb BC A 8.68978 42.6105 -11.6142 -8.86621 -12.4544 -21.9169 -0.658096 37.2624 -21.1555 4.25145 8.3231 3.09511 0 0 0 0.504735 2.55439 0 0 0 0 0 0 2.384 303 46 1 1 0
./complex_md-fit_696.pdb BC A 6.68928 35.3959 -10.8944 -6.78055 -10.5864 -20.6786 -0.829199 34.7547 -20.4522 3.63998 6.47741 3.49609 0 0 0 0.0643096 2.80406 0 0 0 0 0 0 2.384 303 48 0 0 0
./complex_md-fit_697.pdb BC A 8.74304 38.5218 -12.7971 -7.73831 -12.8921 -22.1748 -0.872613 37.0249 -21.8325 4.83387 7.06106 3.28335 0 0 0 0.510101 2.55483 0 0 0 0 0 0 2.384 303 47 1 1 0
./complex_md-fit_698.pdb BC A 6.51148 33.0207 -14.5777 -7.40126 -11.8189 -21.9016 -0.787378 37.4009 -21.3857 4.28549 4.86676 1.77912 0 0 0 0.384838 2.29854 0 0 0 0 0 0 2.384 303 49 0 0 0
./complex_md-fit_699.pdb BC A 8.15299 34.608 -4.24922 -4.59344 -10.0875 -21.0636 -0.744665 36.4788 -20.2475 8.50941 6.33763 0.806111 0 0 0 0.355472 2.09961 0 0 0 0 0 0 2.384 303 44 2 2 0
./complex_md-fit_69.pdb BC A 7.88291 37.4353 -9.82865 -5.44683 -8.89411 -21.327 -0.574788 35.5284 -22.4118 4.14466 5.98887 2.59449 0 0 0 0.514693 2.07906 0 0 0 0 0 0.0547749 2.384 303 51 0 0 0
./complex_md-fit_6.pdb BC A 8.2728 32.9435 -9.53637 -2.88704 -9.1902 -18.0063 -0.732331 30.7331 -18.691 2.03573 6.15619 0.890308 0 0 0 0.13968 1.66961 0.0155248 0 0 0 0 0 2.384 303 50 0 0 0
./complex_md-fit_700.pdb BC A 8.73521 39.2498 -9.09528 -6.55569 -9.65259 -22.574 -0.834668 38.9908 -22.6228 4.14283 6.4318 3.28605 0 0 0 0.292986 1.9267 -1.11022e-16 0 0 0 0 0 2.384 303 49 0 0 0
./complex_md-fit_701.pdb BC A 8.02259 34.9622 -11.4367 -8.21391 -11.0298 -21.9179 -0.764625 36.5299 -21.615 6.57192 6.70109 2.15763 0 0 0 0.144102 2.01794 0 0 0 0 0 0 2.384 303 47 1 1 0
./complex_md-fit_702.pdb BC A 9.55082 32.532 -13.9636 -8.95168 -13.4057 -22.2417 -0.804712 38.4544 -21.71 4.30706 8.29317 1.94498 0 0 0 0.144479 2.4058 0 0 0 0 0 0.00607977 2.384 303 50 0 0 0
./complex_md-fit_703.pdb BC A 8.14881 32.1998 -5.40067 -7.91859 -14.7597 -22.1232 -0.77221 38.7226 -21.3534 8.40084 9.62495 4.33762 0 0 0 0.440347 1.89292 0 0 0 0 0 0 2.384 303 47 3 3 0
./complex_md-fit_704.pdb BC A 7.82421 35.4734 -11.0222 -6.70072 -11.9279 -20.1184 -0.628497 33.6056 -19.43 5.46452 5.72959 2.44964 0 0 0 0.534016 2.16233 0 0 0 0 0 0 2.384 303 45 0 0 0
./complex_md-fit_705.pdb BC A 7.27794 36.3549 -9.87118 -6.80171 -12.248 -21.3891 -0.898263 37.2041 -20.486 5.53672 6.26521 2.28004 0 0 0 0.665862 1.88596 1.11022e-16 0 0 0 0 0 2.384 303 50 0 0 0
./complex_md-fit_706.pdb BC A 6.95361 44.2315 -5.89698 -4.95542 -10.0358 -21.1754 -0.678874 36.5528 -20.925 6.22025 5.91398 3.02663 0 0 0 0.159826 2.15023 -1.11022e-16 0 0 0 0 0 2.384 303 50 0 0 0
./complex_md-fit_707.pdb BC A 6.56995 28.9851 -6.66656 -6.75954 -11.5311 -20.7098 -0.654071 35.6889 -20.346 7.85929 6.27408 3.22861 0 0 0 0.283031 2.25048 -1.11022e-16 0 0 0 0 0 2.384 303 50 1 1 0
./complex_md-fit_708.pdb BC A 6.72373 30.2517 -16.4495 -8.17788 -14.6585 -21.571 -0.727606 35.7582 -20.9641 4.08204 6.73665 2.69457 0 0 0 0.382709 2.05554 -0.0155931 0 0 0 0 0.0110108 2.384 303 45 0 0 0
./complex_md-fit_709.pdb BC A 7.46265 33.4064 -13.2968 -8.23075 -14.1731 -21.8112 -0.695883 37.7179 -21.2185 5.01049 6.56165 2.80047 0 0 0 0.742207 2.07022 0 0 0 0 0 0 2.384 303 48 0 0 0
./complex_md-fit_70.pdb BC A 6.20143 35.705 -13.5705 -6.44204 -9.74892 -21.6682 -0.516724 34.3121 -22.7249 2.27065 7.04389 3.46146 0 0 0 0.416251 1.96152 -0.0274632 0 0 0 0 0.0533282 2.384 303 50 0 0 0
./complex_md-fit_710.pdb BC A 8.7666 29.2222 -9.99976 -7.04207 -13.9707 -21.9667 -0.949453 37.9603 -21.3039 5.49689 8.29838 3.43656 0 0 0 0.0505032 2.06363 -0.00961953 0 0 0 0 0 2.384 303 50 1 1 0
./complex_md-fit_711.pdb BC A 14.6986 35.0538 -10.1394 -6.33715 -12.3112 -21.4985 -0.898758 37.231 -20.877 4.83031 6.82441 2.59347 0 0 0 0.304046 2.78995 0 0 0 0 0 0 2.384 303 46 0 0 0
./complex_md-fit_712.pdb BC A 8.66485 34.8862 -12.34 -8.29556 -12.1953 -20.9542 -0.696035 36.0978 -20.6234 4.16251 5.6577 3.83715 0 0 0 0.682582 2.1255 -0.0132368 0 0 0 0 0 2.384 303 48 1 1 0
./complex_md-fit_713.pdb BC A 7.56636 40.007 -4.65022 -4.16888 -12.1132 -21.3509 -0.786538 37.3428 -20.864 7.19852 7.33457 2.25766 0 0 0 0.5101 2.45068 -0.0102921 0 0 0 0 0 2.384 303 46 1 1 0
./complex_md-fit_714.pdb BC A 7.81732 36.1614 -13.0349 -9.13357 -13.9746 -22.8367 -0.86851 39.0886 -22.11 4.96533 8.10462 3.33919 0 0 0 0.402283 2.59143 -0.0115142 0 0 0 0 0 2.384 303 50 1 1 0
./complex_md-fit_715.pdb BC A 10.4891 31.2823 -7.7518 -6.22485 -11.3112 -22.0355 -0.848331 37.6193 -21.4991 6.78786 7.11657 2.37508 0 0 0 0.268482 2.6545 0 0 0 0 0 0 2.384 303 51 1 1 0
./complex_md-fit_716.pdb BC A 8.79728 33.4626 -1.13731 -3.31567 -10.0202 -21.6624 -0.638168 39.2144 -21.5068 6.44134 7.45973 2.72681 0 0 0 0.157028 2.76315 5.55112e-17 0 0 0 0 0.00655094 2.384 303 48 0 0 0
./complex_md-fit_717.pdb BC A 8.96966 34.7658 -9.43009 -5.17404 -11.0134 -21.9553 -0.760135 38.1689 -21.7096 4.69788 5.81325 2.01632 0 0 0 0.48596 2.81661 0 0 0 0 0 0 2.384 303 49 0 0 0
./complex_md-fit_718.pdb BC A 7.84819 31.6896 -9.95317 -6.55186 -14.2823 -21.9122 -0.817235 36.8419 -21.4102 8.19971 7.05089 2.6865 0 0 0 0.255838 2.52132 -0.0141317 0 0 0 0 0 2.384 303 46 2 2 0
./complex_md-fit_719.pdb BC A 6.71469 35.6087 -15.9025 -7.19981 -13.4291 -22.3909 -0.834008 37.5668 -22.2984 4.27575 6.26322 1.89638 0 0 0 0.24714 2.57268 0 0 0 0 0 0.000520974 2.384 303 49 1 1 0
./complex_md-fit_71.pdb BC A 6.43653 31.9437 -9.41183 -4.91155 -8.36306 -19.9539 -0.569409 33.1357 -20.7343 2.82353 6.62978 2.16472 0 0 0 0.3264 1.72901 0 0 0 0 0 0.0402423 2.384 303 48 0 0 0
./complex_md-fit_720.pdb BC A 7.38916 36.0757 -13.3772 -5.44379 -14.0449 -21.2075 -0.739696 37.1634 -20.7707 2.79324 6.87081 1.92873 0 0 0 0.0731556 2.43797 0 0 0 0 0 0 2.384 303 48 0 0 0
./complex_md-fit_721.pdb BC A 7.7032 25.9634 -13.3588 -8.60445 -12.9387 -21.728 -0.803974 37.6886 -21.0335 3.18169 7.44579 3.07306 0 0 0 0.389395 2.43112 -0.0287161 0 0 0 0 0 2.384 303 48 0 0 0
./complex_md-fit_722.pdb BC A 10.7002 38.6238 -3.13778 -4.79837 -9.49368 -21.4205 -0.841002 36.3875 -21.3471 6.98763 7.44078 2.5762 0 0 0 1.3652 2.69524 0 0 0 0 0 0.00563012 2.384 303 46 2 2 0
./complex_md-fit_723.pdb BC A 8.1919 36.4835 -5.38075 -7.34607 -8.39984 -22.3892 -0.805303 38.0459 -22.0684 6.85402 6.7498 3.1458 0 0 0 0.848811 2.74029 -0.0163234 0 0 0 0 0 2.384 303 46 1 1 0
./complex_md-fit_724.pdb BC A 7.0646 31.0064 -14.8728 -8.33027 -12.115 -21.8766 -0.684802 37.1979 -21.4376 2.61715 6.68628 2.68851 0 0 0 0.39732 2.21676 -0.0157199 0 0 0 0 0 2.384 303 44 0 0 0
./complex_md-fit_725.pdb BC A 9.433 34.5077 -10.3592 -4.84256 -10.9344 -22.6146 -0.689236 38.6839 -22.5327 2.47635 6.59935 3.06377 0 0 0 0.430944 2.77739 0 0 0 0 0 0 2.384 303 50 0 0 0
./complex_md-fit_726.pdb BC A 7.16694 38.3595 -3.40039 -6.93573 -10.7643 -22.5548 -0.79934 40.9018 -21.7048 6.32139 6.97836 4.50284 0 0 0 0.634365 2.43971 0.0198512 0 0 0 0 0 2.384 303 49 1 1 0
./complex_md-fit_727.pdb BC A 7.26576 28.3652 -14.7535 -6.35828 -11.0189 -21.4571 -0.749521 36.2901 -21.2732 1.865 5.67433 2.0577 0 0 0 0.216398 2.52758 0 0 0 0 0 0 2.384 303 44 0 0 0
./complex_md-fit_728.pdb BC A 6.5904 36.7931 -12.3282 -6.34777 -11.1166 -22.0086 -0.580377 36.8183 -21.9284 3.00127 5.99588 3.37898 0 0 0 0.474032 2.48511 -0.0148909 0 0 0 0 0 2.384 303 46 0 0 0
./complex_md-fit_729.pdb BC A 9.93016 35.2303 -12.7236 -7.22467 -14.4992 -21.1585 -0.720742 36.1128 -20.8938 4.12016 8.25474 2.8821 0 0 0 0.403565 2.01496 0 0 0 0 0 0 2.384 303 45 0 0 0
./complex_md-fit_72.pdb BC A 7.47346 33.3333 -11.3045 -5.866 -9.12502 -21.0347 -0.57315 34.0282 -21.7569 2.27943 7.87871 2.62127 0 0 0 0.186893 1.69002 -1.11022e-16 0 0 0 0 0.0568266 2.384 303 50 0 0 0
./complex_md-fit_730.pdb BC A 8.54151 31.2194 -14.5264 -7.83557 -14.2563 -22.597 -0.682528 37.4924 -22.4507 5.6426 7.23933 2.36415 0 0 0 0.557259 2.17975 0 0 0 0 0 0 2.384 303 51 1 1 0
./complex_md-fit_731.pdb BC A 9.51566 27.1708 -6.22861 -3.99855 -9.3941 -20.8256 -0.730177 35.693 -20.6847 4.13531 6.47622 2.74365 0 0 0 0.356441 2.81211 1.11022e-16 0 0 0 0 0 2.384 303 49 1 1 0
./complex_md-fit_732.pdb BC A 7.90086 30.5559 -8.4215 -6.61067 -9.30058 -21.595 -0.742592 37.2669 -21.1373 3.3185 6.85961 2.94508 0 0 0 0.574611 2.69147 0 0 0 0 0 0 2.384 303 48 0 0 0
./complex_md-fit_733.pdb BC A 7.05761 30.7219 -4.25086 -4.30008 -9.09088 -21.5417 -0.725693 38.1956 -21.359 5.71257 6.26588 2.43259 0 0 0 0.170077 2.41133 -0.0102166 0 0 0 0 0 2.384 303 49 0 0 0
./complex_md-fit_734.pdb BC A 7.69729 38.6895 -10.6388 -7.1901 -11.8695 -22.2461 -0.880904 37.8664 -21.6681 4.31235 7.58147 3.07652 0 0 0 0.373001 2.84923 0 0 0 0 0 0.00611392 2.384 303 45 0 0 0
./complex_md-fit_735.pdb BC A 7.73222 29.7171 -14.3637 -8.35354 -11.8306 -22.5501 -0.72619 38.0747 -22.3877 2.79581 8.0887 2.24482 0 0 0 0.272416 2.55703 0 0 0 0 0 0.00800244 2.384 303 44 0 0 0
./complex_md-fit_736.pdb BC A 6.88983 31.7924 -15.3674 -5.97207 -13.5388 -21.4121 -0.934442 34.8508 -21.3776 2.97164 7.90263 1.91991 0 0 0 0.222634 1.97604 0 0 0 0 0 0 2.384 303 46 2 2 0
./complex_md-fit_737.pdb BC A 6.26324 27.7843 -9.7448 -5.66938 -9.92852 -22.1382 -0.797749 37.7063 -21.5771 3.37287 7.35877 1.46735 0 0 0 0.460877 2.2014 1.11022e-16 0 0 0 0 0 2.384 303 46 1 1 0
./complex_md-fit_738.pdb BC A 6.95181 34.1507 -13.9854 -7.02481 -14.613 -21.3725 -0.845868 36.4219 -20.9126 3.92948 8.2091 2.04454 0 0 0 0.193999 1.48414 -0.0156127 0 0 0 0 0 2.384 303 44 1 1 0
./complex_md-fit_739.pdb BC A 6.83815 35.1376 -13.3486 -6.79604 -12.1435 -22.0949 -0.580401 36.8205 -22.287 3.67033 7.53604 2.33839 0 0 0 0.203303 2.93034 -0.0152423 0 0 0 0 0 2.384 303 46 0 0 0
./complex_md-fit_73.pdb BC A 9.26933 36.4904 -9.7808 -5.26334 -9.00228 -20.9723 -0.776189 34.8207 -21.725 1.86447 7.92237 2.31862 0 0 0 0.984284 1.75697 5.55112e-17 0 0 0 0 0.047826 2.384 303 49 0 0 0
./complex_md-fit_740.pdb BC A 8.918 30.3393 -12.3421 -5.74896 -13.121 -20.9739 -0.635513 35.8878 -20.0619 3.82354 6.67807 1.69756 0 0 0 0.112133 2.20284 0 0 0 0 0 0 2.384 303 44 0 0 0
./complex_md-fit_741.pdb BC A 7.185 35.4441 -15.8611 -6.49542 -14.0196 -22.1868 -0.615405 35.2343 -21.7762 4.94736 6.67597 1.51094 0 0 0 0.863833 2.05805 -1.11022e-16 0 0 0 0 0 2.384 303 47 1 1 0
./complex_md-fit_742.pdb BC A 7.6701 35.0212 -11.8553 -5.70738 -12.606 -21.8591 -0.5898 37.9755 -21.4759 4.14756 5.90572 1.76426 0 0 0 0.605744 2.15858 -0.0160132 0 0 0 0 0 2.384 303 46 0 0 0
./complex_md-fit_743.pdb BC A 8.54547 40.65 -10.393 -7.71007 -11.3489 -22.577 -0.57307 39.186 -22.2422 5.06626 7.23071 2.22736 0 0 0 0.36309 2.12604 -0.0151838 0 0 0 0 0 2.384 303 45 2 2 0
./complex_md-fit_744.pdb BC A 8.00212 34.1809 -9.43048 -5.73428 -9.19149 -21.3765 -0.64488 36.9208 -20.9134 2.36301 6.25949 2.33046 0 0 0 0.556416 2.4637 0 0 0 0 0 0 2.384 303 44 0 0 0
./complex_md-fit_745.pdb BC A 7.79515 33.4341 -7.25374 -6.46935 -11.0693 -21.31 -0.687967 36.2255 -21.0831 6.67632 7.97231 2.3973 0 0 0 0.109241 1.66833 -0.0147242 0 0 0 0 0 2.384 303 47 2 2 0
./complex_md-fit_746.pdb BC A 8.85508 38.8182 -9.52891 -5.81069 -10.3895 -21.7026 -0.68373 36.6344 -20.9902 5.43596 5.786 2.14245 0 0 0 0.0455063 2.32673 0 0 0 0 0 0.0034064 2.384 303 47 1 1 0
./complex_md-fit_747.pdb BC A 8.37801 36.2335 -3.6808 -7.47011 -8.16999 -22.8893 -0.71806 40.0434 -22.4417 6.64762 8.23337 2.92622 0 0 0 0.157773 2.55725 0 0 0 0 0 0 2.384 303 50 2 2 0
./complex_md-fit_748.pdb BC A 6.6688 32.7174 -10.3097 -6.55571 -10.2089 -22.1213 -0.692664 36.4992 -21.9208 3.45302 7.30988 3.54316 0 0 0 0.364249 2.23854 0.0201329 0 0 0 0 0 2.384 303 45 0 0 0
./complex_md-fit_749.pdb BC A 8.08996 38.505 -20.4436 -10.9141 -15.4459 -21.9128 -0.823119 36.073 -21.4013 3.50288 7.75878 2.18026 0 0 0 0.530805 2.38144 0 0 0 0 0 0.00795227 2.384 303 48 1 1 0
./complex_md-fit_74.pdb BC A 6.41499 35.9334 -9.88398 -5.11176 -8.64393 -21.6927 -0.597749 35.1976 -22.9496 2.58829 8.02399 3.04805 0 0 0 0.170415 2.44917 0.0262969 0 0 0 0 0.0571348 2.384 303 49 0 0 0
./complex_md-fit_750.pdb BC A 8.30351 38.3588 -11.5736 -5.95476 -12.6232 -21.8131 -0.774789 38.5494 -21.6961 4.04085 6.57954 2.00934 0 0 0 0.127772 1.95835 -0.0185188 0 0 0 0 0 2.384 303 46 1 1 0
./complex_md-fit_751.pdb BC A 7.64481 34.624 -7.98591 -5.90098 -9.5476 -21.8254 -0.694558 38.0527 -21.4892 6.22829 4.787 2.05481 0 0 0 0.368586 2.6629 -0.0195225 0 0 0 0 0 2.384 303 45 1 1 0
./complex_md-fit_752.pdb BC A 6.55302 33.7103 -10.349 -5.82666 -8.85675 -20.7177 -0.748824 36.2165 -20.5203 2.71293 5.19316 2.02298 0 0 0 0.191112 2.07935 -0.0154244 0 0 0 0 0 2.384 303 42 0 0 0
./complex_md-fit_753.pdb BC A 6.21545 35.3316 -12.3323 -5.39594 -9.82954 -19.708 -0.73486 33.9004 -19.6043 0.758941 6.74357 1.41328 0 0 0 0.124018 1.8529 0 0 0 0 0 0 2.384 303 44 0 0 0
./complex_md-fit_754.pdb BC A 6.91542 40.02 -15.0993 -7.6763 -11.3107 -21.965 -0.842431 36.5598 -21.9981 2.98293 6.33011 2.53392 0 0 0 0.286468 2.74366 0 0 0 0 0 0 2.384 303 50 0 0 0
./complex_md-fit_755.pdb BC A 6.8612 36.8657 -9.26778 -6.40369 -11.5521 -21.8158 -0.857355 38.4313 -21.3547 4.16564 7.92327 1.88259 0 0 0 0.313107 1.93147 0 0 0 0 0 0 2.384 303 46 1 1 0
./complex_md-fit_756.pdb BC A 6.90022 31.1102 -11.2294 -7.50811 -10.1153 -21.0107 -0.678304 35.0831 -20.8552 4.73862 6.44178 2.13316 0 0 0 0.54161 2.51105 0 0 0 0 0 0 2.384 303 46 0 0 0
./complex_md-fit_757.pdb BC A 8.99118 27.5816 -13.6827 -7.92864 -11.2851 -21.9993 -0.774105 36.7546 -21.9482 3.76329 7.04769 2.37956 0 0 0 0.307612 2.57117 1.11022e-16 0 0 0 0 0 2.384 303 52 0 0 0
./complex_md-fit_758.pdb BC A 5.65784 33.3974 -12.1157 -8.45067 -11.3856 -22.0517 -0.532894 36.027 -21.5562 5.30252 7.39404 2.34898 0 0 0 0.78865 2.69332 2.77556e-17 0 0 0 0 0 2.384 303 47 1 1 0
./complex_md-fit_759.pdb BC A 8.1262 34.3633 -17.3594 -9.81402 -13.5522 -21.5321 -0.686295 35.7506 -21.3044 2.68378 8.39788 2.4614 0 0 0 0.235944 2.01533 0 0 0 0 0 0 2.384 303 48 1 1 0
./complex_md-fit_75.pdb BC A 8.02761 32.2397 -8.49393 -5.29527 -8.22021 -20.1962 -0.642552 34.1682 -21.222 2.00084 7.2623 3.02156 0 0 0 0.581292 1.76809 -0.0104659 0 0 0 0 0.0585744 2.384 303 46 0 0 0
./complex_md-fit_760.pdb BC A 8.82687 33.7757 -9.68582 -6.16489 -11.4306 -21.9633 -0.75272 38.5764 -21.9627 4.69013 7.24673 1.52003 0 0 0 0.555139 2.92652 0 0 0 0 0 0 2.384 303 49 1 1 0
./complex_md-fit_761.pdb BC A 7.11777 37.1332 -10.6302 -7.37006 -12.697 -22.0853 -0.862523 38.1883 -21.3564 5.68947 6.38165 3.19013 0 0 0 0.291473 2.36153 1.11022e-16 0 0 0 0 0 2.384 303 46 2 2 0
./complex_md-fit_762.pdb BC A 8.4032 35.3821 -19.3591 -6.94109 -14.7243 -21.1527 -0.73402 34.9546 -20.5837 2.20609 6.53753 0.805535 0 0 0 0.271038 2.63321 0.00193375 0 0 0 0 0 2.384 303 48 0 0 0
./complex_md-fit_763.pdb BC A 7.79468 36.5895 -9.95536 -7.25473 -12.0075 -22.1629 -0.697858 38.5815 -21.4807 3.92103 7.55672 2.7815 0 0 0 0.807579 2.23167 0 0 0 0 0 0 2.384 303 47 0 0 0
./complex_md-fit_764.pdb BC A 11.51 36.0703 -5.25505 -4.56909 -10.4645 -21.8611 -0.608593 38.82 -21.3806 5.64582 5.45457 3.11138 0 0 0 0.586746 2.29129 0 0 0 0 0 0.0102436 2.384 303 46 0 0 0
./complex_md-fit_765.pdb BC A 8.748 40.1015 -8.68944 -6.41871 -10.0902 -21.1273 -0.738806 35.8968 -20.9858 6.38403 6.5789 1.50375 0 0 0 0.307888 2.45628 0 0 0 0 0 0 2.384 303 48 1 1 0
./complex_md-fit_766.pdb BC A 7.55227 28.8479 -13.4689 -6.38717 -13.0197 -21.5275 -0.703424 36.3914 -21.1748 3.82991 6.83264 1.81096 0 0 0 0.478802 2.11431 -5.55112e-17 0 0 0 0 0 2.384 303 47 1 1 0
./complex_md-fit_767.pdb BC A 7.39297 42.4454 -4.05016 -4.54467 -11.603 -21.9698 -0.674668 39.9802 -21.2573 6.05525 6.95949 2.46208 0 0 0 0.533667 1.97181 0 0 0 0 0 0.00865855 2.384 303 49 1 1 0
./complex_md-fit_768.pdb BC A 10.287 37.7547 -10.6867 -5.94009 -11.7237 -22.1854 -0.602966 38.1781 -21.8135 3.43548 6.82824 2.89875 0 0 0 0.238338 2.17446 0 0 0 0 0 0 2.384 303 48 0 0 0
./complex_md-fit_769.pdb BC A 8.05636 35.0256 -5.21085 -6.29007 -10.091 -22.6118 -0.581769 38.5387 -22.2711 6.096 7.86278 3.65988 0 0 0 0.465204 2.56103 0 0 0 0 0 0.0123596 2.384 303 50 0 0 0
./complex_md-fit_76.pdb BC A 9.50748 43.2158 -8.80089 -6.03824 -5.95073 -20.2243 -0.592581 32.019 -21.7391 3.60897 5.69573 3.55401 0 0 0 0.812137 2.24075 0 0 0 0 0 0.0542194 2.384 303 49 0 0 0
./complex_md-fit_770.pdb BC A 7.52165 27.4354 -3.9779 -4.78871 -8.44029 -22.6111 -0.687049 39.1759 -22.7995 5.65531 7.71656 2.50704 0 0 0 0.282716 2.72608 0 0 0 0 0 0.0111169 2.384 303 48 1 1 0
./complex_md-fit_771.pdb BC A 6.95964 39.5135 -7.78566 -3.94778 -11.6185 -22.3615 -0.666861 39.0974 -22.2635 3.80216 6.68411 3.28647 0 0 0 0.202417 2.39592 0 0 0 0 0 0 2.384 303 48 1 1 0
./complex_md-fit_772.pdb BC A 8.05566 31.9932 -11.6108 -5.46242 -13.49 -21.6234 -0.674271 36.899 -21.4601 4.31796 6.33864 3.13154 0 0 0 0.412315 2.0803 -5.55112e-17 0 0 0 0 0 2.384 303 52 1 1 0
./complex_md-fit_773.pdb BC A 8.92683 30.9114 -10.0154 -6.30448 -12.9947 -22.1499 -0.713688 38.1232 -21.5724 3.40966 8.36353 3.59289 0 0 0 0.230553 2.46608 0 0 0 0 0 0 2.384 303 48 0 0 0
./complex_md-fit_774.pdb BC A 6.05912 42.311 -10.4008 -6.584 -11.5096 -21.2351 -0.554391 37.2725 -20.9728 3.15296 7.2831 2.39862 0 0 0 0.347944 2.35644 1.11022e-16 0 0 0 0 0 2.384 303 47 0 0 0
./complex_md-fit_775.pdb BC A 10.2242 38.0398 -9.61376 -5.73388 -12.0483 -21.473 -0.634761 36.9095 -21.4719 6.121 6.81817 1.57509 0 0 0 0.324324 2.62863 1.11022e-16 0 0 0 0 0 2.384 303 47 2 2 0
./complex_md-fit_776.pdb BC A 6.52953 31.4659 -16.1501 -9.15474 -13.5034 -22.2084 -0.577987 37.2175 -21.9899 3.29881 8.00407 2.61874 0 0 0 0.145179 2.6531 -1.11022e-16 0 0 0 0 0 2.384 303 47 1 1 0
./complex_md-fit_777.pdb BC A 7.6632 38.1363 -19.1444 -7.7139 -15.6571 -20.9863 -0.645296 34.6148 -20.5073 1.44757 7.05444 3.02836 0 0 0 0.207481 2.36562 0 0 0 0 0 0.0129087 2.384 303 49 0 0 0
./complex_md-fit_778.pdb BC A 7.37857 26.3359 -12.5275 -7.02053 -11.3563 -23.2129 -0.704796 39.5866 -22.906 2.22971 7.23851 3.07704 0 0 0 0.541172 2.76337 0 0 0 0 0 0 2.384 303 49 0 0 0
./complex_md-fit_779.pdb BC A 7.58808 35.3038 -7.12469 -5.30333 -13.9726 -21.8441 -0.730788 38.0175 -21.47 6.36793 8.9366 2.35321 0 0 0 0.520903 2.20994 -1.11022e-16 0 0 0 0 0 2.384 303 48 2 2 0
./complex_md-fit_77.pdb BC A 6.76866 28.5182 -9.30158 -4.00356 -7.67406 -19.3179 -0.48107 31.9894 -20.1348 1.63624 5.61365 2.88952 0 0 0 0.118373 1.99484 0 0 0 0 0 0.0625536 2.384 303 46 0 0 0
./complex_md-fit_780.pdb BC A 9.9559 38.2047 -8.47195 -6.43939 -11.3857 -23.8587 -0.667489 41.8515 -23.8824 5.28972 8.00906 2.26345 0 0 0 0.364871 2.96384 -0.0168157 0 0 0 0 0 2.384 303 49 0 0 0
./complex_md-fit_781.pdb BC A 5.94076 40.0266 -11.8484 -5.57283 -12.6425 -23.1082 -0.671951 38.8205 -22.3348 3.52131 6.95309 2.92345 0 0 0 0.228517 2.66619 0.0262139 0 0 0 0 0.00886123 2.384 303 49 0 0 0
./complex_md-fit_782.pdb BC A 7.52978 30.3261 -14.4185 -8.30567 -11.8151 -23.0646 -0.773415 37.9516 -22.4732 3.05454 7.71875 2.86492 0 0 0 0.423645 2.34814 0 0 0 0 0 0 2.384 303 50 0 0 0
./complex_md-fit_783.pdb BC A 6.73544 32.5124 -8.81456 -6.44919 -14.0157 -23.5861 -0.712809 41.0598 -23.0169 4.74045 9.35858 3.17467 0 0 0 0.632747 2.83135 5.55112e-17 0 0 0 0 0 2.384 303 49 0 0 0
./complex_md-fit_784.pdb BC A 8.43478 32.7231 -14.5622 -7.1142 -14.9861 -22.9885 -0.826928 37.9885 -22.4697 3.98819 7.5252 3.47019 0 0 0 0.842327 3.40592 6.93889e-18 0 0 0 0 0.00887915 2.384 303 50 0 0 0
./complex_md-fit_785.pdb BC A 8.56687 37.3143 -9.65841 -6.80518 -10.5112 -22.9228 -0.676671 39.6692 -22.1461 3.96502 6.87475 2.49386 0 0 0 0.416885 2.58958 -0.0161572 0 0 0 0 0 2.384 303 49 0 0 0
./complex_md-fit_786.pdb BC A 6.46772 39.7018 -6.2772 -5.30455 -10.2746 -20.8214 -0.740995 35.9663 -20.6729 6.01002 6.35157 2.95589 0 0 0 0.253531 1.90313 0 0 0 0 0 0 2.384 303 48 1 1 0
./complex_md-fit_787.pdb BC A 8.03768 41.4911 -9.2315 -6.63183 -11.7941 -22.3912 -0.639656 38.1861 -21.8905 5.70252 6.4949 3.29244 0 0 0 0.439848 2.01766 -1.11022e-16 0 0 0 0 0 2.384 303 46 2 2 0
./complex_md-fit_788.pdb BC A 10.4084 34.7957 -12.0958 -6.44461 -10.7508 -21.8904 -0.583484 37.5496 -21.6278 1.9957 6.02758 3.33602 0 0 0 0.292394 2.60145 0 0 0 0 0 0 2.384 303 48 0 0 0
./complex_md-fit_789.pdb BC A 7.44344 30.5097 -10.3437 -5.74589 -11.0797 -21.9527 -0.579917 36.2773 -21.6134 3.19977 7.14117 3.13952 0 0 0 0.867047 2.44044 2.77556e-17 0 0 0 0 0.00316368 2.384 303 46 0 0 0
./complex_md-fit_78.pdb BC A 8.29408 30.3736 -10.1024 -5.28464 -8.59813 -20.1158 -0.583455 32.4612 -21.4087 3.52365 7.16897 2.60071 0 0 0 0.0727552 1.72449 0 0 0 0 0 0.061066 2.384 303 45 0 0 0
./complex_md-fit_790.pdb BC A 7.58546 37.927 -9.99992 -6.36102 -10.0539 -23.4983 -0.728992 38.8354 -23.343 5.72185 6.58001 2.66817 0 0 0 0.179781 2.26916 0 0 0 0 0 0 2.384 303 46 1 1 0
./complex_md-fit_791.pdb BC A 8.27152 36.4812 -10.4576 -6.87388 -9.65982 -23.1517 -0.758742 39.2272 -22.7072 3.57589 7.24879 1.66852 0 0 0 0.973316 2.62744 0 0 0 0 0 0 2.384 303 45 0 0 0
./complex_md-fit_792.pdb BC A 8.08593 32.9953 -17.8514 -8.26871 -11.0632 -22.4195 -0.786839 35.89 -22.7139 1.07522 7.54099 2.37757 0 0 0 0.517059 2.19549 -5.55112e-17 0 0 0 0 0 2.384 303 47 0 0 0
./complex_md-fit_793.pdb BC A 7.26985 39.6467 -4.41045 -5.85343 -9.01329 -21.903 -0.820261 38.2494 -21.0343 5.60915 7.74869 2.09029 0 0 0 0.51636 2.64433 -1.11022e-16 0 0 0 0 0 2.384 303 47 0 0 0
./complex_md-fit_794.pdb BC A 8.70002 29.4515 -13.4266 -9.91598 -10.8646 -23.4907 -0.760875 40.2135 -22.8883 2.61468 8.48882 2.75741 0 0 0 0.41949 2.21139 0 0 0 0 0 0 2.384 303 48 0 0 0
./complex_md-fit_795.pdb BC A 9.92631 30.0325 -14.2101 -8.27626 -13.2025 -21.9762 -0.814813 38.1063 -21.5692 2.83355 6.41655 3.46153 0 0 0 0.810953 2.37865 0 0 0 0 0 0 2.384 303 50 0 0 0
./complex_md-fit_796.pdb BC A 6.85407 37.0598 -6.81721 -7.52663 -8.02415 -21.6717 -0.691836 35.6591 -21.847 7.00904 7.14949 2.79665 0 0 0 0.329875 3.18263 0 0 0 0 0 0 2.384 303 46 3 3 0
./complex_md-fit_797.pdb BC A 8.2325 33.9154 -6.82244 -6.54933 -9.05608 -22.2466 -0.643036 38.5213 -22.3297 6.31371 6.24332 2.69904 0 0 0 0.210944 2.4092 0 0 0 0 0 0.0139635 2.384 303 50 0 0 0
./complex_md-fit_798.pdb BC A 9.75179 32.1249 -10.5427 -9.72023 -10.5691 -22.5189 -0.658649 39.2103 -22.3593 3.46686 8.48283 3.95418 0 0 0 0.169241 2.55543 0 0 0 0 0 0 2.384 303 48 0 0 0
./complex_md-fit_799.pdb BC A 6.83115 31.8761 -14.9911 -8.33543 -13.8156 -22.8294 -0.78172 39.0235 -22.166 5.71638 7.16709 0.87232 0 0 0 0.157767 2.42093 0 0 0 0 0 0 2.384 303 48 1 1 0
./complex_md-fit_79.pdb BC A 7.54979 32.9874 -6.66361 -4.14974 -7.29253 -20.7222 -0.594359 34.71 -21.4116 3.48512 6.22157 2.82247 0 0 0 0.207497 2.96037 0 0 0 0 0 0.0601618 2.384 303 44 1 1 0
./complex_md-fit_7.pdb BC A 9.68582 36.6422 -2.37126 -2.13138 -7.00098 -15.8239 -0.458502 27.3662 -16.3796 3.43426 5.7665 2.5215 0 0 0 0.334626 1.36166 1.38778e-17 0 0 0 0 0 2.384 303 51 0 0 0
./complex_md-fit_800.pdb BC A 6.1493 35.206 -14.5392 -7.39559 -12.2859 -22.2219 -0.614609 37.9574 -21.5931 3.84612 6.09179 1.39401 0 0 0 0.282519 2.47038 0 0 0 0 0 0 2.384 303 49 0 0 0
./complex_md-fit_801.pdb BC A 8.93662 32.6246 -17.4652 -9.79586 -13.5986 -22.6754 -0.742165 38.1043 -22.7567 2.28605 8.9661 2.62493 0 0 0 0.12211 2.68348 0 0 0 0 0 0 2.384 303 47 0 0 0
./complex_md-fit_802.pdb BC A 8.42354 35.1876 -14.9802 -8.394 -12.9281 -23.3236 -0.726512 38.8583 -22.9647 2.89989 6.9079 4.32835 0 0 0 0.362322 2.74517 5.55112e-17 0 0 0 0 0 2.384 303 49 0 0 0
./complex_md-fit_803.pdb BC A 6.90699 42.9001 -14.8137 -7.31181 -11.8736 -22.6061 -0.712246 37.9368 -21.8457 3.20802 5.62416 2.4134 0 0 0 0.353331 2.69485 0 0 0 0 0 0 2.384 303 48 0 0 0
./complex_md-fit_804.pdb BC A 7.22102 42.0583 -7.25224 -6.2776 -10.2738 -21.8059 -0.722737 36.8409 -21.412 6.90103 6.09452 3.08391 0 0 0 0.31944 2.44522 0 0 0 0 0 0 2.384 303 47 1 1 0
./complex_md-fit_805.pdb BC A 8.43237 29.3011 -19.0179 -7.88665 -11.8575 -21.1388 -0.651971 33.6621 -21.1123 1.23592 6.08482 2.41173 0 0 0 0.234696 2.181 1.11022e-16 0 0 0 0 0 2.384 303 43 0 0 0
./complex_md-fit_806.pdb BC A 11.0905 45.9676 -12.7301 -8.83555 -10.4565 -21.0887 -0.756077 34.7483 -20.6637 5.30776 6.02452 2.35355 0 0 0 0.633055 2.29308 0 0 0 0 0 0.00307252 2.384 303 44 0 0 0
./complex_md-fit_807.pdb BC A 12.0285 33.9299 -11.2254 -8.36918 -13.1709 -23.2191 -0.893929 38.5921 -22.845 7.17479 8.62152 2.45154 0 0 0 0.424544 2.04119 0 0 0 0 0 0.00821173 2.384 303 48 2 2 0
./complex_md-fit_808.pdb BC A 7.32144 40.8218 -17.5979 -9.98268 -14.1621 -22.4842 -0.697048 37.277 -22.4946 3.70763 7.41596 3.27365 0 0 0 0.548463 2.81826 2.22045e-16 0 0 0 0 0 2.384 303 46 1 1 0
./complex_md-fit_809.pdb BC A 6.24195 36.2154 -11.7235 -6.9472 -10.2734 -20.9347 -0.764491 35.8679 -20.7086 2.93761 5.80221 3.12595 0 0 0 0.161163 2.41265 0 0 0 0 0 0.0101415 2.384 303 48 0 0 0
./complex_md-fit_80.pdb BC A 7.24905 34.7832 -5.8949 -5.0399 -7.09869 -20.4673 -0.811449 34.7599 -21.7771 4.14433 7.01994 3.20024 0 0 0 0.118416 2.0447 0 0 0 0 0 0.0566611 2.384 303 45 1 1 0
./complex_md-fit_810.pdb BC A 9.13553 36.6515 -14.7027 -8.30306 -12.1289 -21.0671 -0.828462 34.1103 -21.0797 4.31001 7.52154 2.5124 0 0 0 0.250287 2.78661 0 0 0 0 0 0 2.384 303 49 0 0 0
./complex_md-fit_811.pdb BC A 10.3362 37.3127 -8.22606 -7.24247 -8.80623 -20.8833 -0.689662 35.1985 -20.9839 6.4347 6.31868 1.7528 0 0 0 0.674839 2.28465 0 0 0 0 0 0 2.384 303 45 1 1 0
./complex_md-fit_812.pdb BC A 6.78458 29.9687 -13.3277 -5.7855 -10.4284 -21.1842 -0.695992 34.0503 -21.029 3.59003 5.77453 1.91916 0 0 0 0.461425 2.24069 0 0 0 0 0 0 2.384 303 48 0 0 0
./complex_md-fit_813.pdb BC A 7.80674 40.1487 -14.0989 -7.82594 -13.2069 -21.6267 -0.788677 36.9856 -20.7748 4.04446 5.97005 2.39733 0 0 0 0.726769 2.53467 0 0 0 0 0 1.11022e-16 2.384 303 48 1 1 0
./complex_md-fit_814.pdb BC A 8.12296 33.8193 -15.6091 -8.27508 -11.3722 -21.8568 -0.728854 35.3537 -21.965 1.3011 8.31633 3.25154 0 0 0 0.381357 2.01561 -0.0152429 0 0 0 0 0 2.384 303 43 0 0 0
./complex_md-fit_815.pdb BC A 9.81936 30.3262 -17.9255 -9.33449 -12.5921 -21.7845 -0.817538 34.9524 -21.8179 2.54809 7.91808 2.68845 0 0 0 0.314144 2.17956 0 0 0 0 0 0 2.384 303 50 0 0 0
./complex_md-fit_816.pdb BC A 7.36576 34.5084 -9.31934 -7.00924 -10.4521 -21.878 -0.700305 35.5744 -21.9698 4.85323 8.06464 3.86714 0 0 0 0.33074 2.36074 0 0 0 0 0 0 2.384 303 47 1 1 0
./complex_md-fit_817.pdb BC A 7.57247 43.5424 -11.4503 -8.34158 -12.7608 -21.6641 -0.723361 38.3563 -21.2269 3.75719 7.66139 3.1663 0 0 0 0.340133 2.12014 -0.0148091 0 0 0 0 0 2.384 303 47 0 0 0
./complex_md-fit_818.pdb BC A 7.47317 36.4575 -11.1347 -8.62919 -10.646 -22.588 -0.751285 37.7007 -22.8681 6.04281 7.02919 3.47435 0 0 0 0.100837 2.04779 0 0 0 0 0 0 2.384 303 48 2 2 0
./complex_md-fit_819.pdb BC A 7.92077 37.3517 -11.6178 -7.5597 -10.4095 -21.2016 -0.818588 35.9544 -21.1848 2.77355 7.95228 2.60244 0 0 0 0.265885 2.24605 0.00778302 0 0 0 0 1.11022e-16 2.384 303 42 0 0 0
./complex_md-fit_81.pdb BC A 9.43542 30.7867 -11.4005 -6.34884 -10.6706 -20.5983 -0.637069 34.0348 -21.6046 4.48357 7.47295 2.17606 0 0 0 0.244642 1.70485 0 0 0 0 0 0.0469532 2.384 303 46 0 0 0
./complex_md-fit_820.pdb BC A 8.95285 32.8051 -10.3646 -7.16135 -10.2756 -21.049 -0.75577 35.0716 -21.13 5.9161 6.36089 2.04346 0 0 0 0.633615 2.0985 -0.0186006 0 0 0 0 0 2.384 303 46 0 0 0
./complex_md-fit_821.pdb BC A 6.42761 37.6634 -16.3714 -8.26721 -14.8499 -22.3829 -0.805425 38.4812 -21.8213 3.43168 7.0469 2.38881 0 0 0 0.410864 2.58866 -0.00984795 0 0 0 0 0.00555001 2.384 303 47 0 0 0
./complex_md-fit_822.pdb BC A 9.35345 32.0936 -12.1574 -7.61992 -10.6622 -20.8765 -0.798104 35.3389 -20.778 3.78074 6.57502 2.59115 0 0 0 0.29141 2.22126 0 0 0 0 0 0 2.384 303 46 0 0 0
./complex_md-fit_823.pdb BC A 8.04006 36.1987 -14.5534 -8.11228 -12.8016 -21.733 -0.76034 36.75 -21.7448 2.85123 7.33077 3.4253 0 0 0 0.241361 2.14187 0 0 0 0 0 0 2.384 303 45 0 0 0
./complex_md-fit_824.pdb BC A 6.70595 37.8302 -8.71288 -7.00252 -10.2483 -21.5153 -0.707379 37.6106 -21.2586 4.44709 6.65672 3.19305 0 0 0 0.0938722 2.35758 0 0 0 0 0 0.0178113 2.384 303 46 0 0 0
./complex_md-fit_825.pdb BC A 8.21245 37.7522 -8.54036 -7.20456 -10.0605 -21.4425 -0.659488 36.6492 -21.0611 4.55481 6.66129 3.89995 0 0 0 0.134016 2.24685 -0.011516 0 0 0 0 0 2.384 303 47 1 1 0
./complex_md-fit_826.pdb BC A 7.54101 32.6823 -4.14916 -6.16449 -8.09818 -21.8381 -0.661635 37.3261 -21.2024 4.4069 8.13227 3.31237 0 0 0 0.63803 2.72683 -5.55112e-17 0 0 0 0 0 2.384 303 46 1 1 0
./complex_md-fit_827.pdb BC A 5.91304 28.3092 -16.7726 -7.25347 -10.4629 -20.8874 -0.675856 33.5964 -20.9074 0.714839 6.17921 2.6376 0 0 0 0.283345 2.1069 0 0 0 0 0 0.00306612 2.384 303 48 0 0 0
./complex_md-fit_828.pdb BC A 8.1813 30.3745 -8.18899 -7.92971 -9.3562 -21.7963 -0.820082 37.1519 -21.2769 4.59971 7.69759 2.79732 0 0 0 0.743764 2.41972 0 0 0 0 0 0 2.384 303 47 0 0 0
./complex_md-fit_829.pdb BC A 9.75348 28.7812 -6.67706 -5.79958 -10.4925 -21.8918 -0.701239 38.2368 -21.885 6.14281 6.517 2.63366 0 0 0 0.562815 2.5376 0 0 0 0 0 0 2.384 303 49 2 2 0
./complex_md-fit_82.pdb BC A 7.87274 29.8573 -12.0255 -7.03081 -10.4124 -19.5599 -0.764562 32.1061 -20.5699 2.09256 7.86777 3.73722 0 0 0 0.455367 1.46042 -1.11022e-16 0 0 0 0 0.053156 2.384 303 43 0 0 0
./complex_md-fit_830.pdb BC A 7.54243 32.7356 -16.3812 -9.90603 -12.3066 -22.7679 -0.877727 37.4791 -22.832 3.07381 8.73598 2.34464 0 0 0 0.666365 3.25187 0 0 0 0 0 0.00911987 2.384 303 48 0 0 0
./complex_md-fit_831.pdb BC A 11.7936 30.4936 -10.333 -7.48689 -11.3637 -22.0472 -0.923428 36.1146 -22.0883 4.6467 8.71931 3.85134 0 0 0 0.238793 2.57904 -0.00991749 0 0 0 0 0.0157037 2.384 303 50 1 1 0
./complex_md-fit_832.pdb BC A 7.67362 37.4451 -12.3293 -9.12699 -9.46376 -22.3369 -0.740817 36.3099 -22.8807 4.18442 8.08165 2.9713 0 0 0 0.697113 2.63989 -0.0244937 0 0 0 0 0 2.384 303 48 0 0 0
./complex_md-fit_833.pdb BC A 8.56781 35.9949 -8.44893 -6.23 -11.5361 -21.4482 -0.892472 37.0406 -21.3477 4.45583 7.89228 3.57891 0 0 0 0.0516246 1.94532 -0.0136794 0 0 0 0 0 2.384 303 51 0 0 0
./complex_md-fit_834.pdb BC A 7.68749 45.3811 -12.1098 -6.69938 -11.391 -22.3075 -0.779227 37.2733 -22.4262 2.21529 7.87931 3.41262 0 0 0 0.722672 2.98953 -0.00968834 0 0 0 0 0 2.384 303 51 0 0 0
./complex_md-fit_835.pdb BC A 7.05942 37.5902 -8.25782 -5.52963 -10.2934 -22.0622 -0.793571 39.2144 -22.5567 2.48704 7.18974 3.98568 0 0 0 0.0921528 2.54999 0 0 0 0 0 0.00871279 2.384 303 47 0 0 0
./complex_md-fit_836.pdb BC A 7.81078 39.3563 -0.466137 -4.7462 -6.25424 -22.1612 -0.753945 39.5378 -22.2739 5.00679 6.48306 4.21793 0 0 0 0.477868 2.56907 0 0 0 0 0 0 2.384 303 48 0 0 0
./complex_md-fit_837.pdb BC A 8.02094 35.4285 -7.01108 -5.91811 -9.39248 -22.3764 -0.666414 39.769 -22.5049 3.4447 7.09343 3.22359 0 0 0 0.309021 2.81274 0.00737028 0 0 0 0 0 2.384 303 49 1 1 0
./complex_md-fit_838.pdb BC A 7.16897 22.8348 -13.4465 -5.98899 -10.2811 -21.8656 -0.504078 35.8504 -22.0802 1.65213 6.12827 3.31116 0 0 0 0.331525 2.09148 0 0 0 0 0 0 2.384 303 48 0 0 0
./complex_md-fit_839.pdb BC A 7.79012 34.3252 -10.0784 -4.87205 -10.9592 -21.2867 -0.752318 34.8312 -20.9411 3.57385 6.08121 3.86707 0 0 0 0.379636 2.329 0 0 0 0 0 0 2.384 303 46 0 0 0
./complex_md-fit_83.pdb BC A 7.55468 36.5256 -7.4388 -3.61897 -8.27707 -19.7224 -0.594812 33.0399 -20.6479 2.13667 6.55245 3.47379 0 0 0 0.163897 1.62008 0 0 0 0 0 0.0556176 2.384 303 43 0 0 0
./complex_md-fit_840.pdb BC A 8.65162 30.6253 -8.31814 -5.7242 -8.2931 -20.9577 -0.581657 35.5087 -20.9355 3.38415 5.11098 3.56653 0 0 0 0.603642 2.95724 0 0 0 0 0 0 2.384 303 47 0 0 0
./complex_md-fit_841.pdb BC A 8.55756 38.5975 -12.9895 -6.92519 -11.6211 -20.8766 -0.680441 33.9967 -20.6764 3.07032 7.67373 2.96061 0 0 0 0.0993736 2.1584 -0.0105253 0 0 0 0 0 2.384 303 46 0 0 0
./complex_md-fit_842.pdb BC A 6.69887 39.4623 -13.4072 -8.24852 -11.6786 -21.5761 -0.776815 35.2686 -21.2213 3.9813 6.46986 3.64493 0 0 0 0.729523 3.19791 0 0 0 0 0 0 2.384 303 46 1 1 0
./complex_md-fit_843.pdb BC A 7.51182 30.4317 -2.33816 -6.17937 -7.94071 -23.0283 -0.549114 40.8201 -22.8043 5.69335 7.58254 3.70779 0 0 0 0.393201 2.5101 -0.0332853 0 0 0 0 0 2.384 303 46 0 0 0
./complex_md-fit_844.pdb BC A 6.89635 35.0983 -11.6847 -6.01254 -9.09331 -21.03 -0.544068 35.5086 -20.93 2.5685 5.17373 2.46927 0 0 0 0.205197 2.50641 0 0 0 0 0 0 2.384 303 49 0 0 0
./complex_md-fit_845.pdb BC A 5.8201 28.7001 -7.04008 -9.54952 -11.8911 -21.7893 -0.70094 39.8329 -20.6197 6.29986 7.7045 3.56725 0 0 0 0.120925 2.93706 -0.0149445 0 0 0 0 0 2.384 303 46 3 3 0
./complex_md-fit_846.pdb BC A 7.59981 29.7172 -15.4338 -6.91265 -11.9473 -22.4933 -0.47196 37.8451 -22.3992 1.7954 6.27482 2.39494 0 0 0 0.480425 2.84007 0 0 0 0 0 0 2.384 303 47 0 0 0
./complex_md-fit_847.pdb BC A 9.10703 31.2697 -10.9316 -7.71516 -9.95134 -22.4768 -0.742567 38.07 -22.6234 5.78581 5.79146 2.74899 0 0 0 0.190929 2.27637 -0.00948685 0 0 0 0 0 2.384 303 49 1 1 0
./complex_md-fit_848.pdb BC A 8.20261 35.3011 -9.13677 -5.89318 -10.7616 -21.0774 -0.76447 38.5274 -20.72 1.98855 6.28059 2.61602 0 0 0 0.667357 2.1684 0 0 0 0 0 0 2.384 303 45 0 0 0
./complex_md-fit_849.pdb BC A 6.75759 35.639 -11.378 -6.92104 -10.5696 -21.9904 -0.517649 37.9935 -21.8718 4.17757 5.84744 2.08167 0 0 0 0.392371 2.31098 0 0 0 0 0 0 2.384 303 47 2 2 0
./complex_md-fit_84.pdb BC A 7.70072 33.2832 -13.3751 -4.9627 -11.1967 -22.5059 -0.613227 36.578 -23.6475 1.36303 7.7402 3.65386 0 0 0 0.164703 2.12908 0 0 0 0 0 0.0510798 2.384 303 47 0 0 0
./complex_md-fit_850.pdb BC A 8.81956 31.9402 -9.19994 -5.8564 -10.3729 -20.5098 -0.618642 36.237 -20.5401 4.89308 5.67443 1.77274 0 0 0 0.115502 2.39153 5.55112e-17 0 0 0 0 0.00518505 2.384 303 47 1 1 0
./complex_md-fit_851.pdb BC A 9.42841 28.1878 -5.89053 -6.53051 -8.85951 -21.3358 -0.74394 38.036 -21.1234 5.96393 5.21433 2.60058 0 0 0 0.883562 2.56004 0 0 0 0 0 0.00426533 2.384 303 46 1 1 0
./complex_md-fit_852.pdb BC A 10.6193 34.5125 -13.0553 -7.57351 -10.7166 -21.879 -0.686328 36.0449 -21.6031 2.40291 7.13546 3.49684 0 0 0 0.323118 2.16597 -1.11022e-16 0 0 0 0 0 2.384 303 46 0 0 0
./complex_md-fit_853.pdb BC A 9.90872 32.117 -13.2595 -7.75033 -9.91022 -20.6125 -0.721981 34.8698 -20.7141 1.37626 7.88208 2.07859 0 0 0 0.242902 2.21429 0 0 0 0 0 0 2.384 303 46 0 0 0
./complex_md-fit_854.pdb BC A 9.53254 32.7614 -13.4519 -7.08702 -11.9646 -22.2518 -0.700598 36.7563 -22.3637 3.87212 7.05755 2.88738 0 0 0 0.342556 2.15203 0 0 0 0 0 0 2.384 303 46 0 0 0
./complex_md-fit_855.pdb BC A 7.12813 35.6548 -11.9874 -7.14716 -10.1257 -21.592 -0.660665 37.0032 -21.3872 2.57422 6.70537 2.28219 0 0 0 0.360399 2.7546 -1.11022e-16 0 0 0 0 0 2.384 303 50 0 0 0
./complex_md-fit_856.pdb BC A 8.38571 34.3806 -12.4898 -6.63642 -10.3533 -20.3339 -0.812786 34.6133 -20.2556 2.13691 5.62757 3.1244 0 0 0 0.399892 2.44885 1.11022e-16 0 0 0 0 0 2.384 303 44 0 0 0
./complex_md-fit_857.pdb BC A 9.4871 31.9113 -6.84402 -5.78065 -9.49414 -20.8519 -0.549155 36.264 -20.5043 5.84033 5.82514 1.6907 0 0 0 0.715983 2.16469 0 0 0 0 0 0 2.384 303 46 1 1 0
./complex_md-fit_858.pdb BC A 7.23806 32.6717 -13.9916 -6.37004 -14.2272 -22.0386 -0.832905 38.8174 -21.3753 2.0766 7.37491 2.09485 0 0 0 0.488696 2.0296 0 0 0 0 0 0 2.384 303 45 0 0 0
./complex_md-fit_859.pdb BC A 8.30423 31.6742 -11.1538 -5.70764 -9.5649 -21.1289 -0.763439 36.1627 -20.8097 2.0603 5.70195 2.6692 0 0 0 0.260526 2.03402 -0.0339722 0 0 0 0 0 2.384 303 45 0 0 0
./complex_md-fit_85.pdb BC A 7.79789 29.7286 -11.6263 -5.95125 -8.05836 -21.3071 -0.418369 34.3321 -22.4098 2.45169 6.47165 2.77187 0 0 0 0.478618 1.90678 0.012598 0 0 0 0 0 2.384 303 48 0 0 0
./complex_md-fit_860.pdb BC A 7.45758 38.6111 -5.63581 -6.4749 -11.2155 -21.473 -0.474967 38.4829 -20.6151 5.95786 7.07152 2.46633 0 0 0 0.633087 2.6704 0 0 0 0 0 0.00595993 2.384 303 46 0 0 0
./complex_md-fit_861.pdb BC A 7.05683 34.6703 -3.29861 -3.09462 -6.79729 -20.3543 -0.485719 35.238 -20.6118 4.94512 4.56304 2.98998 0 0 0 0.304694 2.23657 0.00341526 0 0 0 0 0.000833977 2.384 303 44 2 2 0
./complex_md-fit_862.pdb BC A 7.61669 33.5362 -6.46506 -4.83137 -10.2011 -21.5144 -0.683089 36.5438 -21.3572 5.28152 6.83748 2.53351 0 0 0 0.925907 2.25483 0 0 0 0 0 0 2.384 303 44 1 1 0
./complex_md-fit_863.pdb BC A 9.42092 33.8502 -13.6271 -6.62413 -12.721 -19.9916 -0.733348 34.3309 -19.9891 2.45334 8.0257 1.38732 0 0 0 0.246772 2.06097 -0.0119063 0 0 0 0 0 2.384 303 47 0 0 0
./complex_md-fit_864.pdb BC A 7.50334 32.4297 -12.4781 -6.17961 -12.6245 -21.0576 -0.716632 36.0535 -21.0677 2.86849 8.06221 1.93636 0 0 0 0.26454 2.11898 -0.0171275 0 0 0 0 0 2.384 303 47 0 0 0
./complex_md-fit_865.pdb BC A 7.6414 34.0257 -8.58418 -7.76348 -10.4375 -21.4932 -0.704032 38.3547 -21.4812 5.4048 6.45105 2.68353 0 0 0 0.40119 2.49996 0 0 0 0 0 0 2.384 303 45 1 1 0
./complex_md-fit_866.pdb BC A 7.44617 34.4968 -9.05278 -5.6178 -10.4187 -19.2914 -0.722047 33.1992 -19.2394 3.73591 7.0245 2.17465 0 0 0 0.10239 2.08378 -6.38532e-05 0 0 0 0 0 2.384 303 47 0 0 0
./complex_md-fit_867.pdb BC A 8.93726 35.624 -10.3259 -6.97642 -12.1423 -19.712 -0.619855 33.45 -19.7725 3.5834 8.1518 3.02675 0 0 0 0.685275 2.05001 0 0 0 0 0 0 2.384 303 47 0 0 0
./complex_md-fit_868.pdb BC A 7.87877 33.4065 -12.0042 -6.97058 -12.099 -21.3837 -0.643277 37.1436 -21.2452 2.98073 7.43424 2.48422 0 0 0 0.294817 1.81796 0 0 0 0 0 0 2.384 303 47 0 0 0
./complex_md-fit_869.pdb BC A 9.98214 33.4407 -8.11217 -7.4951 -12.5304 -21.4799 -0.828658 36.3105 -21.3342 7.7628 6.95955 4.29902 0 0 0 0.224304 1.90727 -5.55112e-17 0 0 0 0 0 2.384 303 48 4 4 0
./complex_md-fit_86.pdb BC A 7.79453 35.1997 -12.0233 -5.95609 -9.80129 -20.2872 -0.58652 33.4401 -21.4681 0.924294 8.36747 2.99184 0 0 0 0.294922 1.63691 0 0 0 0 0 0.0573686 2.384 303 45 0 0 0
./complex_md-fit_870.pdb BC A 6.77321 31.3766 -13.6747 -8.17916 -11.6276 -22.5659 -0.82224 38.2753 -23.0582 2.87263 7.76215 3.5145 0 0 0 0.153734 2.17747 0 0 0 0 0 0 2.384 303 47 0 0 0
./complex_md-fit_871.pdb BC A 8.48283 39.1199 -11.1988 -8.54856 -12.9183 -22.5908 -0.586134 39.5395 -22.5561 5.74804 7.83631 2.69343 0 0 0 0.183876 1.95192 1.38778e-17 0 0 0 0 0 2.384 303 48 2 2 0
./complex_md-fit_872.pdb BC A 7.54583 29.8953 -4.08338 -5.23107 -10.4446 -22.0344 -0.461576 39.8938 -21.8731 8.23285 5.18811 2.34785 0 0 0 0.298763 2.22325 0 0 0 0 0 0 2.384 303 46 2 2 0
./complex_md-fit_873.pdb BC A 15.3506 36.7356 -8.2853 -5.4831 -9.41442 -20.2612 -0.554589 34.7836 -20.4475 4.05227 4.80692 3.87377 0 0 0 0.358981 1.70974 -1.11022e-16 0 0 0 0 0 2.384 303 46 1 1 0
./complex_md-fit_874.pdb BC A 10.5718 36.1345 -12.3619 -6.57157 -10.3181 -21.024 -0.637288 35.8987 -20.8543 3.69499 4.94124 2.21546 0 0 0 0.292973 2.12182 0 0 0 0 0 0 2.384 303 44 1 1 0
./complex_md-fit_875.pdb BC A 11.5025 28.1394 -9.37799 -7.49419 -10.1239 -21.159 -0.533317 35.3824 -21.1587 6.13501 5.4883 3.92418 0 0 0 0.17162 2.39326 -0.0104518 0 0 0 0 0 2.384 303 44 1 1 0
./complex_md-fit_876.pdb BC A 6.09708 35.6894 -8.23679 -7.50101 -10.5389 -22.1656 -0.562192 38.1853 -22.5169 7.31541 6.24643 2.6642 0 0 0 0.636436 2.57913 0 0 0 0 0 0 2.384 303 48 2 2 0
./complex_md-fit_877.pdb BC A 12.2568 31.7561 -8.72143 -5.8785 -9.92633 -19.7245 -0.665462 34.4298 -19.6705 4.84247 5.59913 1.96159 0 0 0 0.310832 2.14735 -5.55112e-17 0 0 0 0 0 2.384 303 44 2 2 0
./complex_md-fit_878.pdb BC A 6.54303 29.3821 -10.4548 -6.52376 -10.4797 -20.169 -0.647402 33.9327 -19.6822 5.6316 5.038 2.23265 0 0 0 0.204505 2.39848 0 0 0 0 0 0.00786126 2.384 303 45 1 1 0
./complex_md-fit_879.pdb BC A 11.2699 28.3314 -5.43601 -5.50153 -9.17648 -20.9666 -0.595929 36.2444 -21.134 8.26247 5.21877 1.72792 0 0 0 0.484944 2.28292 0 0 0 0 0 1.11022e-16 2.384 303 47 5 5 0
./complex_md-fit_87.pdb BC A 9.09893 30.7157 -7.94341 -3.59356 -7.30457 -20.9097 -0.64935 35.0229 -22.4102 2.46135 7.05707 2.23195 0 0 0 0.0946117 2.0655 0 0 0 0 0 0.0559861 2.384 303 48 0 0 0
./complex_md-fit_880.pdb BC A 7.25702 27.9761 -11.7141 -5.94545 -12.1512 -20.4817 -0.483146 34.7449 -20.5023 4.25463 5.92291 2.62383 0 0 0 0.313908 2.96622 -0.0105035 0 0 0 0 0 2.384 303 45 2 2 0
./complex_md-fit_881.pdb BC A 7.43214 43.4365 -4.86832 -6.91693 -9.06518 -20.4985 -0.49621 35.9406 -20.7051 7.94645 4.90193 3.43804 0 0 0 0.586579 2.29043 0 0 0 0 0 0 2.384 303 46 2 2 0
./complex_md-fit_882.pdb BC A 10.6972 37.466 -12.0521 -9.23845 -12.4021 -21.8452 -0.535924 36.1082 -22.2251 5.80242 7.89571 3.70662 0 0 0 0.695846 2.29305 -0.0141495 0 0 0 0 0 2.384 303 45 2 2 0
./complex_md-fit_883.pdb BC A 11.1158 33.2611 -2.27973 -4.93282 -9.63966 -20.9718 -0.566759 37.0213 -21.2349 7.63986 5.82728 3.59793 0 0 0 0.979881 2.11928 1.11022e-16 0 0 0 0 0 2.384 303 43 2 2 0
./complex_md-fit_884.pdb BC A 6.06079 33.2653 -9.31716 -7.78664 -11.079 -21.0102 -0.403125 36.0401 -21.2652 5.92623 7.13008 2.52551 0 0 0 0.605133 2.37966 0 0 0 0 0 0 2.384 303 45 3 3 0
./complex_md-fit_885.pdb BC A 7.14037 31.632 -10.2339 -6.97196 -11.5398 -20.8855 -0.586172 34.2122 -21.2315 6.07952 6.81881 3.72133 0 0 0 0.149096 2.19283 0 0 0 0 0 0 2.384 303 46 3 3 0
./complex_md-fit_886.pdb BC A 9.43348 33.9663 -13.5733 -8.69365 -11.0477 -22.1361 -0.511071 37.679 -22.1447 3.57465 6.18054 3.08829 0 0 0 0.437436 2.74145 0 0 0 0 0 0 2.384 303 44 0 0 0
./complex_md-fit_887.pdb BC A 7.62182 41.7596 -8.49598 -7.20992 -11.1167 -22.4581 -0.671398 39.2731 -22.9243 5.11405 7.96307 3.27116 0 0 0 0.263033 2.89492 0 0 0 0 0 0 2.384 303 49 1 1 0
./complex_md-fit_888.pdb BC A 9.85298 32.1513 -9.40947 -8.04261 -11.8877 -22.6722 -0.704536 39.3152 -23.2229 6.68745 6.81957 3.90865 0 0 0 0.389598 2.58739 0 0 0 0 0 0 2.384 303 48 2 2 0
./complex_md-fit_889.pdb BC A 8.47794 31.1846 -15.8986 -7.52657 -11.3403 -20.9106 -0.55088 34.6594 -20.9011 2.74805 5.15689 2.53915 0 0 0 0.227356 2.52679 0 0 0 0 0 0 2.384 303 45 0 0 0
./complex_md-fit_88.pdb BC A 8.63454 41.6408 -6.96461 -6.17152 -10.1302 -20.3669 -0.69283 34.8138 -21.1445 5.23301 7.93285 3.00288 0 0 0 0.512245 1.68315 -2.77556e-17 0 0 0 0 0.0465759 2.384 303 48 1 1 0
./complex_md-fit_890.pdb BC A 9.244 30.3525 -2.99925 -5.74686 -10.1791 -21.6263 -0.662193 38.5449 -22.2583 10.2459 6.02539 2.44867 0 0 0 0.208689 1.96614 0 0 0 0 0 0 2.384 303 45 3 3 0
./complex_md-fit_891.pdb BC A 9.4319 40.2166 -11.5593 -9.77128 -11.6391 -22.1889 -0.482416 37.077 -22.7656 6.42042 7.4442 4.11271 0 0 0 0.233735 2.44096 0 0 0 0 0 -1.11022e-16 2.384 303 45 3 3 0
./complex_md-fit_892.pdb BC A 7.95 33.1376 -12.6804 -8.43979 -11.8914 -21.2757 -0.591585 35.1666 -21.5448 5.45768 7.00931 3.23338 0 0 0 0.195918 2.22399 0 0 0 0 0 0 2.384 303 45 2 2 0
./complex_md-fit_893.pdb BC A 10.6726 31.7177 -3.30421 -6.76486 -7.89853 -21.6381 -0.613171 37.6755 -21.9233 7.19229 6.82792 3.65108 0 0 0 0.186933 2.49913 2.77556e-17 0 0 0 0 0 2.384 303 45 0 0 0
./complex_md-fit_894.pdb BC A 9.78524 36.9986 -8.49056 -6.51568 -10.5683 -21.3337 -0.588272 37.226 -21.2593 5.61252 6.15098 2.65329 0 0 0 0.126496 2.11844 1.38778e-17 0 0 0 0 0.00532671 2.384 303 45 3 3 0
./complex_md-fit_895.pdb BC A 8.33403 34.0442 -12.4331 -7.87797 -11.5729 -21.7663 -0.428055 36.6232 -21.9575 5.71673 5.78747 2.57907 0 0 0 0.473847 2.39275 -0.0106791 0 0 0 0 0 2.384 303 46 2 2 0
./complex_md-fit_896.pdb BC A 11.477 34.9233 -8.18261 -7.49783 -12.8639 -21.5115 -0.679473 37.585 -21.1055 6.22879 7.87054 3.46696 0 0 0 0.324288 2.64683 2.77556e-17 0 0 0 0 0 2.384 303 49 4 4 0
./complex_md-fit_897.pdb BC A 6.76135 40.0923 -16.0855 -7.90362 -11.4833 -21.0674 -0.46439 34.5009 -21.4855 3.97275 5.47455 2.30221 0 0 0 0.0821259 2.50744 -0.013835 0 0 0 0 0 2.384 303 51 0 0 0
./complex_md-fit_898.pdb BC A 8.10343 34.1535 -4.08576 -7.42861 -8.73544 -22.4475 -0.49758 38.3962 -22.5962 10.6477 5.24076 3.11488 0 0 0 0.232782 2.59235 -0.0128515 0 0 0 0 0 2.384 303 48 2 2 0
./complex_md-fit_899.pdb BC A 9.80069 34.7036 -6.73344 -6.78854 -10.1832 -21.8016 -0.683299 38.0885 -22.2062 7.48763 6.69804 2.34103 0 0 0 0.314262 2.68022 0 0 0 0 0 0 2.384 303 47 3 3 0
./complex_md-fit_89.pdb BC A 8.23392 33.1216 -9.85723 -5.61136 -9.25171 -20.852 -0.452618 34.5291 -21.9157 1.3642 7.75544 4.13052 0 0 0 0.389331 1.89455 1.11022e-16 0 0 0 0 0.0574435 2.384 303 51 0 0 0
./complex_md-fit_8.pdb BC A 6.7662 33.863 -2.37523 -2.31302 -5.3586 -15.7334 -0.430842 27.2381 -15.9845 3.25472 3.64595 2.663 0 0 0 0.641104 1.09615 0.00229624 0 0 0 0 0 2.384 303 46 0 0 0
./complex_md-fit_900.pdb BC A 7.56915 33.9133 -13.4753 -6.60523 -9.11784 -20.3278 -0.631801 32.8581 -20.631 2.8079 5.28779 2.14544 0 0 0 0.73907 2.18796 0 0 0 0 0 0 2.384 303 46 0 0 0
./complex_md-fit_901.pdb BC A 10.8741 33.9267 -7.87821 -7.00126 -12.7285 -22.6692 -0.976166 40.766 -22.1689 5.56016 7.75106 3.38348 0 0 0 0.205177 3.10651 0 0 0 0 0 0 2.384 303 52 0 0 0
./complex_md-fit_902.pdb BC A 7.9906 31.604 -13.386 -7.0096 -12.2742 -21.0089 -0.813922 36.2227 -20.6157 1.62063 7.62269 2.58108 0 0 0 0.303009 3.4655 -0.0137916 0 0 0 0 0 2.384 303 52 0 0 0
./complex_md-fit_903.pdb BC A 5.87915 34.5512 -10.6582 -6.45904 -12.7444 -22.5013 -0.758481 38.6569 -22.525 3.50001 7.7654 3.97077 0 0 0 0.443627 2.68809 -0.0130461 0 0 0 0 0.00641894 2.384 303 48 0 0 0
./complex_md-fit_904.pdb BC A 7.08104 32.8604 -8.17627 -7.73146 -11.8935 -22.5876 -0.742308 39.836 -22.2315 4.38808 10.2779 2.30362 0 0 0 0.215037 2.66111 -0.0105228 0 0 0 0 0 2.384 303 51 1 1 0
./complex_md-fit_905.pdb BC A 5.94991 35.8297 -15.4503 -7.99037 -12.3103 -21.7507 -0.683943 34.5123 -22.3042 3.56795 7.43676 3.90715 0 0 0 0.164988 2.80988 0 0 0 0 0 0 2.384 303 48 0 0 0
./complex_md-fit_906.pdb BC A 6.63563 41.5712 -10.8094 -9.78258 -9.20326 -22.9882 -0.552033 39.9484 -22.6419 2.38995 7.7824 4.02606 0 0 0 0.211721 2.66163 -6.93889e-18 0 0 0 0 0 2.384 303 48 0 0 0
./complex_md-fit_907.pdb BC A 7.75815 31.133 -11.7636 -9.07352 -13.2342 -23.1111 -0.866593 40.5098 -22.6509 5.89055 8.14351 2.27336 0 0 0 0.367425 2.74254 -0.0118517 0 0 0 0 0 2.384 303 48 2 2 0
./complex_md-fit_908.pdb BC A 7.51372 35.4193 -8.00202 -6.92684 -10.9237 -21.6618 -0.729053 37.2158 -21.6949 3.40096 9.29353 3.69841 0 0 0 0.320385 2.38621 0 0 0 0 0 0.00520942 2.384 303 48 0 0 0
./complex_md-fit_909.pdb BC A 6.05993 33.0987 -14.6021 -9.45694 -11.9421 -22.9411 -0.778417 37.7923 -22.9354 3.16837 8.12262 3.85621 0 0 0 0.512395 2.60309 0 0 0 0 0 0 2.384 303 48 0 0 0
./complex_md-fit_90.pdb BC A 6.95297 35.9172 -14.8692 -6.29801 -10.1865 -20.2806 -0.5836 32.3165 -21.6531 1.84505 6.88243 2.53536 0 0 0 0.500302 1.90765 0 0 0 0 0 0.053012 2.384 303 51 0 0 0
./complex_md-fit_910.pdb BC A 7.34317 42.062 -7.44822 -6.15906 -10.286 -21.4036 -0.653911 37.1611 -21.2048 4.03963 8.18554 2.42915 0 0 0 0.453018 2.34427 -0.00920122 0 0 0 0 1.11022e-16 2.384 303 48 0 0 0
./complex_md-fit_911.pdb BC A 8.17719 33.5231 -14.4732 -7.24395 -10.6021 -21.4481 -0.81017 35.0486 -21.6901 2.50333 7.00757 2.65065 0 0 0 0.110969 2.20127 0 0 0 0 0 0 2.384 303 46 0 0 0
./complex_md-fit_912.pdb BC A 8.65431 39.4248 -14.4008 -9.12635 -11.5654 -22.1234 -0.565841 37.867 -22.1689 3.14892 6.41783 3.37732 0 0 0 0.337904 2.47629 0 0 0 0 0 0 2.384 303 45 0 0 0
./complex_md-fit_913.pdb BC A 8.61159 26.4845 -9.72057 -7.28414 -10.7258 -22.4138 -0.788175 38.6525 -22.5957 3.69591 8.80429 2.40498 0 0 0 0.53851 2.43373 -0.00913589 0 0 0 0 0 2.384 303 47 0 0 0
./complex_md-fit_914.pdb BC A 6.00376 33.3921 -16.4543 -8.56803 -12.039 -21.0497 -0.696015 35.3653 -21.3402 0.668376 7.56692 3.13913 0 0 0 0.498994 1.89066 0 0 0 0 0 0 2.384 303 46 0 0 0
./complex_md-fit_915.pdb BC A 8.36503 32.8222 -12.1925 -7.13945 -9.29641 -21.8471 -0.812294 35.2747 -22.0021 3.27095 7.78424 2.35356 0 0 0 0.22152 2.22094 0 0 0 0 0 0 2.384 303 48 0 0 0
./complex_md-fit_916.pdb BC A 11.3534 43.6543 -13.6414 -8.00935 -11.1918 -22.5054 -0.807542 37.6463 -22.5311 3.07745 7.10729 3.27239 0 0 0 0.300347 2.25652 0 0 0 0 0 0 2.384 303 47 0 0 0
./complex_md-fit_917.pdb BC A 7.20403 35.0891 -13.128 -6.71858 -11.4679 -21.967 -0.831338 38.03 -21.1693 2.00882 6.02203 2.71644 0 0 0 0.242582 3.7601 0 0 0 0 0 0.00624857 2.384 303 48 0 0 0
./complex_md-fit_918.pdb BC A 8.7866 34.4457 -6.17727 -5.45332 -12.1627 -21.7207 -0.844307 38.0542 -21.5203 7.34057 7.064 2.55551 0 0 0 0.50978 2.52353 0 0 0 0 0 0 2.384 303 45 3 3 0
./complex_md-fit_919.pdb BC A 7.21095 33.2788 -8.89062 -8.00084 -10.8225 -23.3047 -0.750192 40.0278 -22.9212 4.88767 8.70003 3.08473 0 0 0 0.208604 2.36244 0 0 0 0 0 0 2.384 303 48 1 1 0
./complex_md-fit_91.pdb BC A 8.37413 30.1813 -10.5283 -5.3903 -7.80685 -21.1224 -0.56903 33.9346 -22.3114 3.11531 7.14385 2.12247 0 0 0 0.313614 2.03549 5.55112e-17 0 0 0 0 0.0417431 2.384 303 51 0 0 0
./complex_md-fit_920.pdb BC A 7.33696 34.0864 -9.41681 -9.21787 -8.81761 -22.8096 -0.925998 38.5998 -23.0834 4.44709 7.9968 3.96481 0 0 0 0.428563 1.92075 -1.11022e-16 0 0 0 0 0.000586174 2.384 303 47 0 0 0
./complex_md-fit_921.pdb BC A 7.57613 34.1494 -4.6394 -5.5101 -9.44044 -21.1053 -0.689533 37.6515 -20.7416 4.77941 7.08395 2.72314 0 0 0 0.62823 1.92242 -0.0292612 0 0 0 0 0.0105445 2.384 303 46 1 1 0
./complex_md-fit_922.pdb BC A 8.68738 34.3026 -10.398 -5.90269 -11.7257 -21.1219 -0.802858 36.6699 -20.5819 2.69924 7.12063 2.74275 0 0 0 0.504542 1.93908 0 0 0 0 0 0 2.384 303 48 0 0 0
./complex_md-fit_923.pdb BC A 6.78342 33.9618 -17.5777 -9.89014 -13.3786 -22.2948 -0.828791 37.434 -22.3634 2.61253 8.22027 2.60681 0 0 0 0.304424 2.79465 0 0 0 0 0 0 2.384 303 48 0 0 0
./complex_md-fit_924.pdb BC A 8.51249 36.5761 -11.5056 -8.29681 -10.0516 -21.5 -0.663491 36.0956 -21.5132 3.6228 7.48725 3.03692 0 0 0 0.264429 2.03003 0 0 0 0 0 0.012497 2.384 303 48 0 0 0
./complex_md-fit_925.pdb BC A 9.78502 31.9386 -12.7166 -7.45353 -8.62208 -23.0462 -0.711191 37.2514 -23.4073 3.87035 5.9802 2.95536 0 0 0 0.466419 2.75236 0 0 0 0 0 0 2.384 303 47 0 0 0
./complex_md-fit_926.pdb BC A 6.9821 35.2323 -13.6482 -10.3482 -11.7816 -21.1121 -0.758747 35.1288 -20.7091 3.42538 7.54802 4.17686 0 0 0 0.782431 2.15199 5.55112e-17 0 0 0 0 0 2.384 303 48 0 0 0
./complex_md-fit_927.pdb BC A 9.14827 38.0974 -12.2639 -7.78792 -12.0966 -21.3877 -0.69867 35.4123 -21.2595 5.50613 6.21008 3.40004 0 0 0 0.437901 2.53297 0 0 0 0 0 0 2.384 303 47 1 1 0
./complex_md-fit_928.pdb BC A 6.65514 31.5092 -11.2047 -7.30397 -11.0123 -21.7586 -0.73251 36.7965 -21.7434 3.6116 7.73837 2.76914 0 0 0 0.440021 2.4907 -0.00967919 0 0 0 0 0 2.384 303 46 0 0 0
./complex_md-fit_929.pdb BC A 6.8263 34.6124 -14.3674 -9.23398 -14.3607 -22.2203 -0.842013 37.1692 -21.8377 3.96573 9.45254 3.33279 0 0 0 0.216542 2.16277 -0.00953696 0 0 0 0 0 2.384 303 47 0 0 0
./complex_md-fit_92.pdb BC A 9.27351 37.9171 -13.4587 -7.30572 -11.1695 -20.6926 -0.764388 34.9289 -21.6344 2.0903 8.09775 2.24542 0 0 0 0.692465 2.14657 0 0 0 0 0 0.0530949 2.384 303 50 0 0 0
./complex_md-fit_930.pdb BC A 6.08304 27.979 -9.54691 -7.14122 -10.6484 -21.2091 -0.651759 35.013 -21.1431 5.34029 7.38508 2.84686 0 0 0 0.653157 2.16471 1.38778e-17 0 0 0 0 0.00827937 2.384 303 45 2 2 0
./complex_md-fit_931.pdb BC A 7.89348 35.1685 -14.8251 -9.07519 -11.6384 -21.5252 -0.885526 34.9503 -21.5809 4.45211 7.13122 2.96616 0 0 0 0.38028 2.20296 1.11022e-16 0 0 0 0 0 2.384 303 46 1 1 0
./complex_md-fit_932.pdb BC A 6.95333 37.9801 -13.3134 -8.59099 -10.3196 -22.2975 -0.874464 37.8473 -22.8065 2.8457 7.17756 3.27146 0 0 0 0.44353 2.70846 -0.00984517 0 0 0 0 0 2.384 303 44 0 0 0
./complex_md-fit_933.pdb BC A 10.5092 35.8157 -6.89891 -7.01722 -9.82911 -21.8914 -0.766788 37.8317 -22.0808 6.98719 5.82526 3.86011 0 0 0 0.182114 2.3983 0 0 0 0 0 0 2.384 303 50 2 2 0
./complex_md-fit_934.pdb BC A 8.09487 41.3334 -17.899 -11.2334 -14.0927 -23.2247 -0.895367 38.9335 -23.2073 3.57985 8.04101 4.03833 0 0 0 0.161732 2.45996 -1.11022e-16 0 0 0 0 0 2.384 303 47 0 0 0
./complex_md-fit_935.pdb BC A 6.10785 39.0282 -15.5476 -9.0407 -11.6455 -22.3367 -0.904273 36.6594 -22.8767 3.53713 8.39878 2.42926 0 0 0 0.258911 2.26478 -0.0271647 0 0 0 0 0 2.384 303 50 0 0 0
./complex_md-fit_936.pdb BC A 11.1919 42.6293 -13.6987 -5.6477 -10.3956 -22.6332 -0.788544 37.2435 -23.0767 2.34908 6.3934 2.6354 0 0 0 0.221637 2.6806 0 0 0 0 0 0 2.384 303 46 0 0 0
./complex_md-fit_937.pdb BC A 8.52566 38.2194 -10.0896 -7.35406 -9.74998 -22.0579 -0.699243 35.7794 -22.7862 4.8134 7.76999 3.20001 0 0 0 0.98921 2.41863 0 0 0 0 0 0.00582713 2.384 303 49 1 1 0
./complex_md-fit_938.pdb BC A 7.15201 33.0909 -7.93106 -6.16088 -9.60545 -21.4478 -0.696943 36.4678 -21.1975 5.59487 6.20619 2.80134 0 0 0 0.107242 2.52186 0 0 0 0 0 0 2.384 303 45 0 0 0
./complex_md-fit_939.pdb BC A 8.22062 36.845 -7.79787 -5.04718 -10.6589 -20.0709 -0.642959 34.0183 -20.2396 4.14515 7.19662 3.00988 0 0 0 0.491788 2.51772 0 0 0 0 0 0 2.384 303 47 0 0 0
./complex_md-fit_93.pdb BC A 8.60842 44.7352 -12.7412 -6.21195 -9.50478 -19.9951 -0.580518 32.5436 -20.9898 1.26917 6.61434 3.88346 0 0 0 0.189137 2.59376 -0.0147767 0 0 0 0 0.056039 2.384 303 48 0 0 0
./complex_md-fit_940.pdb BC A 9.72406 36.363 -9.4305 -6.93163 -10.212 -21.3285 -0.843499 35.9627 -21.2614 5.3779 7.04928 2.60863 0 0 0 0.139352 2.2329 0 0 0 0 0 0.00875964 2.384 303 46 0 0 0
./complex_md-fit_941.pdb BC A 9.29372 32.1483 -12.0149 -7.9902 -11.0728 -22.1199 -0.746199 36.6854 -22.3153 4.57752 7.95609 2.61679 0 0 0 0.393767 2.34122 0 0 0 0 0 0 2.384 303 50 1 1 0
./complex_md-fit_942.pdb BC A 7.86008 36.8489 -15.0467 -9.05667 -13.4221 -22.1037 -0.713668 36.9291 -22.0243 2.82532 8.42672 3.9242 0 0 0 0.180058 2.25904 -0.0116851 0 0 0 0 0 2.384 303 47 0 0 0
./complex_md-fit_943.pdb BC A 8.09396 28.8961 -14.4431 -6.64796 -11.3942 -21.13 -0.669171 35.1433 -20.9917 1.15598 6.61727 3.26768 0 0 0 0.2057 2.30918 0 0 0 0 0 0 2.384 303 47 0 0 0
./complex_md-fit_944.pdb BC A 8.61733 38.3805 -16.1588 -8.88392 -12.3563 -21.7507 -0.696303 35.8244 -22.0821 2.88043 6.96551 3.43841 0 0 0 0.512134 2.57863 -0.0103854 0 0 0 0 0 2.384 303 45 0 0 0
./complex_md-fit_945.pdb BC A 7.16771 31.4967 -15.8924 -8.15703 -11.6294 -21.0667 -0.796352 33.3474 -21.3948 3.40672 6.23315 3.8088 0 0 0 0.359162 2.14376 -0.0100717 0 0 0 0 0.00664617 2.384 303 45 0 0 0
./complex_md-fit_946.pdb BC A 6.81582 31.4775 -14.8631 -6.22886 -12.2795 -22.2065 -0.798152 36.6021 -22.4189 3.14226 7.23403 1.76885 0 0 0 0.321543 2.29266 0 0 0 0 0 0 2.384 303 47 0 0 0
./complex_md-fit_947.pdb BC A 7.88796 40.3386 -14.0386 -8.61285 -13.307 -21.4202 -0.755708 35.7923 -21.0626 3.93463 7.26847 2.93995 0 0 0 1.18434 2.38009 0 0 0 0 0 0 2.384 303 45 0 0 0
./complex_md-fit_948.pdb BC A 7.33372 39.8986 -9.57937 -6.7306 -11.8028 -21.7444 -0.748984 37.1037 -21.6199 5.10555 7.40068 2.76453 0 0 0 0.692846 2.06177 0 0 0 0 0 0 2.384 303 47 0 0 0
./complex_md-fit_949.pdb BC A 9.31839 26.9557 -5.37471 -6.45761 -7.83457 -22.7197 -0.717766 37.0757 -23.563 7.05379 7.85982 3.61333 0 0 0 0.315296 2.1709 0 0 0 0 0 0 2.384 303 47 0 0 0
./complex_md-fit_94.pdb BC A 6.97048 34.5815 -6.8554 -3.24169 -5.41443 -19.4584 -0.511795 31.6259 -21.309 3.07182 5.37466 2.78408 0 0 0 0.223462 1.85282 0 0 0 0 0 0 2.384 303 45 0 0 0
./complex_md-fit_950.pdb BC A 8.06049 31.6069 -15.1612 -9.37403 -14.1726 -22.3685 -0.727728 37.0255 -22.3677 4.89454 7.75213 3.65929 0 0 0 0.527853 2.10588 -0.00991584 0 0 0 0 0 2.384 303 44 1 1 0
./complex_md-fit_951.pdb BC A 8.28 36.763 -16.9538 -7.11805 -12.2307 -20.4608 -0.639053 32.324 -21.2488 1.738 7.28718 2.83282 0 0 0 0.573216 2.18606 -0.0115187 0 0 0 0 0 2.384 303 47 0 0 0
./complex_md-fit_952.pdb BC A 8.34526 38.2387 -13.1738 -8.3123 -10.4582 -20.9983 -0.815212 36.1203 -20.7458 2.02699 6.68895 2.59917 0 0 0 0.730482 2.72852 -0.00990571 0 0 0 0 0 2.384 303 47 0 0 0
./complex_md-fit_953.pdb BC A 8.40354 30.771 -8.2517 -7.91979 -9.82431 -22.883 -0.562927 38.5796 -23.0844 5.47294 7.89236 3.90999 0 0 0 0.16777 2.63547 0 0 0 0 0 0 2.384 303 49 1 1 0
./complex_md-fit_954.pdb BC A 9.59056 37.5534 -15.206 -8.80494 -11.2021 -21.3995 -0.65229 34.7138 -21.6552 3.17138 7.43189 2.69727 0 0 0 0.49367 2.71994 0 0 0 0 0 0 2.384 303 48 0 0 0
./complex_md-fit_955.pdb BC A 7.97621 38.4351 -15.1003 -9.48178 -13.9884 -21.331 -0.950501 35.1876 -21.2645 3.86676 8.96862 3.5462 0 0 0 0.346718 1.95705 0 0 0 0 0 0 2.384 303 46 1 1 0
./complex_md-fit_956.pdb BC A 7.74358 32.9963 -9.27431 -7.35226 -8.53465 -21.9614 -0.768198 36.4 -22.0051 4.41186 6.61502 3.48877 0 0 0 0.441664 2.72535 -0.00998741 0 0 0 0 0 2.384 303 49 0 0 0
./complex_md-fit_957.pdb BC A 8.50898 30.617 -10.2841 -8.04501 -10.7173 -21.3238 -0.688321 36.292 -21.3186 4.55954 8.19338 2.65312 0 0 0 0.120547 2.29931 -0.00963862 0 0 0 0 0 2.384 303 46 1 1 0
./complex_md-fit_958.pdb BC A 6.47166 39.2112 -11.8253 -6.3997 -9.75438 -21.432 -0.570438 34.9804 -21.3047 3.80637 5.92002 2.06031 0 0 0 0.868795 2.4432 0 0 0 0 0 0 2.384 303 47 0 0 0
./complex_md-fit_959.pdb BC A 9.46974 35.4372 -8.26902 -6.05139 -9.42981 -22.0208 -0.734655 36.0507 -22.2139 6.39525 6.62845 2.91735 0 0 0 0.201438 2.96565 -0.0116546 0 0 0 0 0 2.384 303 48 1 1 0
./complex_md-fit_95.pdb BC A 6.96235 37.8995 -10.5017 -5.12026 -6.38252 -19.3053 -0.524166 30.6251 -20.9964 1.66375 5.84848 3.28113 0 0 0 0.408466 1.94006 5.55112e-17 0 0 0 0 0 2.384 303 46 0 0 0
./complex_md-fit_960.pdb BC A 10.4845 37.3052 -12.1382 -7.19584 -13.0639 -22.0351 -0.571427 37.2695 -22.0891 5.00608 8.04565 2.44917 0 0 0 0.0638756 2.74631 -0.0171078 0 0 0 0 0 2.384 303 46 1 1 0
./complex_md-fit_961.pdb BC A 7.37367 23.9359 -7.30198 -8.53053 -10.9941 -21.7859 -0.661202 38.2109 -21.31 6.23908 9.15022 2.17783 0 0 0 0.201726 2.5947 -5.55112e-17 0 0 0 0 0 2.384 303 47 1 1 0
./complex_md-fit_962.pdb BC A 6.49495 40.659 -18.0408 -9.221 -13.6281 -21.3154 -0.759304 34.9548 -21.0852 0.999954 9.17277 2.74686 0 0 0 0.0875293 2.4473 0 0 0 0 0 0.00625336 2.384 303 47 0 0 0
./complex_md-fit_963.pdb BC A 10.281 32.815 -11.9274 -7.81021 -11.7026 -21.5111 -0.733951 36.095 -21.6404 6.36841 6.25817 2.44937 0 0 0 0.299961 2.59287 -2.22045e-16 0 0 0 0 0 2.384 303 46 1 1 0
./complex_md-fit_964.pdb BC A 7.78689 34.9914 -9.05312 -8.2177 -9.51939 -21.5847 -0.606494 36.4564 -21.595 5.39426 7.54612 2.94494 0 0 0 0.12847 2.41324 0 0 0 0 0 0 2.384 303 46 1 1 0
./complex_md-fit_965.pdb BC A 8.16421 34.1622 -6.75816 -8.12313 -10.8824 -23.054 -0.823778 39.8945 -22.7386 3.56063 10.073 4.88318 0 0 0 0.452472 2.68972 0 0 0 0 0 0 2.384 303 48 0 0 0
./complex_md-fit_966.pdb BC A 8.59795 33.5755 -14.0986 -8.89639 -13.5468 -21.6192 -0.847489 35.2323 -21.6677 3.61217 9.30014 3.34952 0 0 0 0.984918 2.20949 0 0 0 0 0 0 2.384 303 48 0 0 0
./complex_md-fit_967.pdb BC A 7.44068 37.5538 -11.71 -6.74672 -11.8892 -21.6728 -0.681053 36.3467 -21.1882 4.37093 6.96818 2.40998 0 0 0 0.372227 2.35267 5.55112e-17 0 0 0 0 0 2.384 303 48 2 2 0
./complex_md-fit_968.pdb BC A 6.67607 30.4254 -7.45227 -6.24996 -12.4616 -21.0976 -0.889114 36.5301 -20.8472 6.37881 8.88139 2.21904 0 0 0 0.0838662 2.06203 0 0 0 0 0 0 2.384 303 47 2 2 0
./complex_md-fit_969.pdb BC A 7.51012 36.775 -16.7469 -9.1661 -12.4593 -20.9599 -0.68553 33.7436 -20.789 1.73378 8.20797 3.47924 0 0 0 0.158051 2.1567 -0.00974289 0 0 0 0 0 2.384 303 46 0 0 0
./complex_md-fit_96.pdb BC A 7.8335 38.4649 -11.9317 -6.33152 -7.69729 -20.4563 -0.524651 32.137 -22.0579 2.18328 6.71757 3.0013 0 0 0 1.05106 1.84542 0 0 0 0 0 0.045794 2.384 303 49 0 0 0
./complex_md-fit_970.pdb BC A 9.00427 35.2193 -13.5156 -9.34327 -11.7025 -21.6583 -0.603107 36.5353 -21.3847 3.66562 7.53888 2.92931 0 0 0 0.507176 2.56787 -2.22045e-16 0 0 0 0 0 2.384 303 46 0 0 0
./complex_md-fit_971.pdb BC A 6.4499 27.416 -12.8612 -9.2243 -12.7592 -21.2665 -0.904243 35.2991 -21.1963 4.76102 8.90689 3.19336 0 0 0 0.335054 1.96876 -0.0100337 0 0 0 0 0.00408548 2.384 303 46 0 0 0
./complex_md-fit_972.pdb BC A 8.02824 36.1249 -18.8685 -8.83367 -13.3334 -21.4863 -0.731391 34.4191 -21.5322 1.50602 7.08182 3.13515 0 0 0 0.889662 2.21973 0 0 0 0 0 0.0166681 2.384 303 50 0 0 0
./complex_md-fit_973.pdb BC A 7.06415 33.1788 -9.73099 -7.01368 -11.6261 -21.8588 -0.841159 37.5514 -21.4917 5.48863 6.66971 2.99416 0 0 0 0.39657 2.49039 0 0 0 0 0 0 2.384 303 48 1 1 0
./complex_md-fit_974.pdb BC A 8.4295 27.7283 -8.20064 -7.69322 -9.05463 -21.7739 -0.85718 36.8921 -21.6773 4.06675 7.82955 3.39808 0 0 0 0.655542 2.18208 0 0 0 0 0 0.0135385 2.384 303 47 0 0 0
./complex_md-fit_975.pdb BC A 9.20028 33.6613 -10.7546 -7.41247 -10.2968 -21.973 -0.734307 36.7611 -22.1723 3.56313 8.16552 2.58179 0 0 0 0.762668 2.43569 0 0 0 0 0 0 2.384 303 52 0 0 0
./complex_md-fit_976.pdb BC A 6.96624 38.2742 -14.2493 -8.75929 -13.4367 -23.0356 -0.886261 39.5136 -22.9161 3.59637 9.06748 2.04466 0 0 0 0.562525 2.62741 -1.11022e-16 0 0 0 0 0 2.384 303 49 2 2 0
./complex_md-fit_977.pdb BC A 9.55544 30.8942 -17.9475 -9.98232 -12.3686 -22.5251 -0.662112 36.2626 -22.7122 1.59475 7.99123 4.33087 0 0 0 0.123346 2.53681 0 0 0 0 0 0 2.384 303 49 0 0 0
./complex_md-fit_978.pdb BC A 9.14583 37.6056 -14.0223 -5.57329 -10.9586 -20.2007 -0.790471 32.7938 -20.1185 1.75352 5.60729 2.86793 0 0 0 0.606237 2.34019 -0.00955123 0 0 0 0 0 2.384 303 46 0 0 0
./complex_md-fit_979.pdb BC A 6.56858 29.2703 -12.8864 -6.16842 -11.1113 -20.9908 -0.737515 35.6651 -20.8765 1.72661 7.18332 2.19942 0 0 0 0.242348 2.01908 -0.0185888 0 0 0 0 0 2.384 303 47 0 0 0
./complex_md-fit_97.pdb BC A 7.49197 39.1525 -9.49473 -4.32732 -6.96957 -20.169 -0.51907 31.3573 -21.7499 3.03415 5.82503 3.65951 0 0 0 0.315585 1.5637 1.11022e-16 0 0 0 0 0.0485255 2.384 303 43 0 0 0
./complex_md-fit_980.pdb BC A 9.25952 31.5325 -10.8756 -5.61158 -10.4248 -21.1672 -0.722845 35.4327 -21.5393 3.09781 6.9335 2.85306 0 0 0 0.27311 2.16643 -1.38778e-17 0 0 0 0 0 2.384 303 48 0 0 0
./complex_md-fit_981.pdb BC A 9.53412 38.7002 -7.37854 -7.33907 -9.7944 -21.2219 -0.968633 36.818 -21.308 6.58617 6.35373 2.99702 0 0 0 0.498571 2.33373 5.55112e-17 0 0 0 0 0 2.384 303 47 2 2 0
./complex_md-fit_982.pdb BC A 7.81476 36.7889 -12.4829 -6.84229 -10.3545 -20.6611 -0.892831 34.4369 -20.8241 4.18109 5.88738 2.05196 0 0 0 0.529233 2.62723 0 0 0 0 0 0.0053728 2.384 303 48 0 0 0
./complex_md-fit_983.pdb BC A 9.11589 34.5093 -9.05655 -4.98727 -11.3671 -20.548 -0.794133 35.2186 -20.7748 4.56835 6.19352 2.70927 0 0 0 0.725002 3.1894 0 0 0 0 0 0 2.384 303 46 1 1 0
./complex_md-fit_984.pdb BC A 7.99354 33.3177 -17.1397 -8.41455 -10.1893 -21.4241 -0.793573 35.5183 -22.1673 1.08617 6.49744 2.50173 0 0 0 0.245499 2.22836 0 0 0 0 0 0 2.384 303 47 0 0 0
./complex_md-fit_985.pdb BC A 7.65686 30.4907 -13.204 -7.26501 -10.8441 -21.1844 -0.715611 37.5283 -20.8371 2.31611 5.5748 2.0743 0 0 0 0.178024 2.69519 -0.037572 0 0 0 0 0.00834094 2.384 303 46 0 0 0
./complex_md-fit_986.pdb BC A 8.71548 39.1875 -7.2514 -6.68256 -8.11597 -20.8747 -0.557112 34.7422 -21.0384 4.9603 6.82578 2.79836 0 0 0 0.690793 2.4349 0 0 0 0 0 0 2.384 303 48 1 1 0
./complex_md-fit_987.pdb BC A 10.4908 33.4205 -10.1858 -6.27186 -9.35046 -21.1983 -0.61609 36.5997 -21.5395 3.38011 5.82556 2.69982 0 0 0 0.28025 2.11663 0 0 0 0 0 0.00501027 2.384 303 45 0 0 0
./complex_md-fit_988.pdb BC A 6.92387 35.6088 -17.1359 -8.81777 -12.3078 -21.9522 -0.737655 36.0123 -21.9524 3.13434 6.64289 2.61411 0 0 0 0.238662 2.51375 -0.0104255 0 0 0 0 0 2.384 303 45 1 1 0
./complex_md-fit_989.pdb BC A 8.20258 31.7556 -13.2791 -8.20421 -10.7515 -22.1524 -0.78399 35.5353 -22.651 4.57945 7.83864 3.12712 0 0 0 0.183512 2.33202 1.11022e-16 0 0 0 0 0 2.384 303 49 0 0 0
./complex_md-fit_98.pdb BC A 6.83956 31.2811 -11.1474 -4.42307 -7.83779 -17.2185 -0.657983 28.3192 -18.0726 1.31374 4.75364 2.20032 0 0 0 0.468806 2.48425 0 0 0 0 0 0.00675678 2.384 303 45 0 0 0
./complex_md-fit_990.pdb BC A 5.93697 32.9594 -15.737 -7.95917 -12.9914 -22.4791 -0.695458 38.0763 -22.1788 2.11353 7.02232 2.7952 0 0 0 0.55949 2.08002 0 0 0 0 0 0 2.384 303 47 0 0 0
./complex_md-fit_991.pdb BC A 6.36797 32.9314 -8.61892 -6.75148 -10.6849 -22.4353 -0.698347 37.0181 -22.6014 6.39546 7.42342 3.47855 0 0 0 0.236814 2.38751 0 0 0 0 0 0 2.384 303 48 2 2 0
./complex_md-fit_992.pdb BC A 8.15127 33.6856 -6.93867 -5.22152 -10.2819 -22.3285 -0.686356 38.9898 -22.1515 4.21274 7.43126 2.84155 0 0 0 0.255752 2.63309 0 0 0 0 0 0 2.384 303 47 2 2 0
./complex_md-fit_993.pdb BC A 6.7177 36.53 -11.8398 -6.18341 -11.1471 -20.8452 -0.732019 34.1972 -20.5594 3.61997 6.19634 2.82198 0 0 0 0.797348 2.1657 -0.0115282 0 0 0 0 0.00608993 2.384 303 45 1 1 0
./complex_md-fit_994.pdb BC A 8.35104 40.0216 -15.6172 -6.248 -13.5549 -21.1233 -0.771994 34.6294 -21.1992 1.01867 7.93615 3.37073 0 0 0 0.335129 2.42429 -0.00981596 0 0 0 0 0 2.384 303 50 0 0 0
./complex_md-fit_995.pdb BC A 6.84559 34.1628 -8.87805 -6.04202 -9.85242 -20.9782 -0.75207 36.1783 -21.4497 3.39127 6.45797 3.27693 0 0 0 0.900146 2.20655 -0.0114075 0 0 0 0 0.00313985 2.384 303 49 1 1 0
./complex_md-fit_996.pdb BC A 10.5814 30.8022 -16.9397 -9.56562 -13.1977 -21.1526 -0.922446 34.5475 -21.2295 2.89113 7.74122 3.32133 0 0 0 0.627078 2.2051 1.11022e-16 0 0 0 0 0 2.384 303 48 0 0 0
./complex_md-fit_997.pdb BC A 6.61563 28.8687 -6.06097 -6.44865 -9.93959 -22.2565 -0.786047 39.9558 -22.1542 5.38337 7.70903 2.19729 0 0 0 0.278527 3.10963 0 0 0 0 0 0 2.384 303 46 2 2 0
./complex_md-fit_998.pdb BC A 7.30821 38.2489 -12.8805 -7.79969 -10.9779 -20.7692 -0.782137 33.0323 -21.1528 5.20253 7.53214 2.51276 0 0 0 0.321401 2.01865 0 0 0 0 0 0 2.384 303 46 1 1 0
./complex_md-fit_999.pdb BC A 7.33627 34.7902 -13.5573 -9.78185 -13.1765 -22.0335 -0.824207 36.3116 -21.7644 4.67922 8.91537 3.80191 0 0 0 0.324365 2.24522 -0.00937795 0 0 0 0 0 2.384 303 48 0 0 0
./complex_md-fit_99.pdb BC A 7.29557 37.6239 -7.65391 -5.67825 -7.85149 -18.8458 -0.551706 31.0641 -19.6641 2.28591 6.91259 4.23458 0 0 0 0.393381 1.5537 -0.0118974 0 0 0 0 0.0587964 2.384 303 45 0 0 0
./complex_md-fit_9.pdb BC A 7.69988 32.7814 -5.1236 -3.55011 -7.76057 -16.4124 -0.383497 26.9526 -16.6846 3.38592 5.85112 2.97406 0 0 0 0.513771 2.34173 -0.00996987 0 0 0 0 0 2.384 303 45 0 0 0
