./complex_md-fit_1000.pdb BC A 10.5966 36.6235 -14.4742 -9.19699 -13.9791 -24.0092 -1.09185 42.2606 -23.3224 3.59365 7.15311 3.69123 0 0 0 0.44619 3.13982 -0.025263 0 0 0 0 0.00579933 2.384 303 49 0 0 0
./complex_md-fit_1001.pdb BC A 7.13305 27.4579 -14.0535 -9.89659 -15.2253 -24.2717 -1.19476 43.1345 -23.9112 5.17553 8.51532 3.44287 0 0 0 0.190742 3.34284 -0.0141283 0 0 0 0 0.00134209 2.384 303 49 0 0 0
./complex_md-fit_100.pdb BC A 7.97706 37.1611 -13.655 -8.94837 -11.9816 -21.8339 -0.68006 38.8368 -22.0835 1.15718 7.76567 3.83204 0 0 0 0.268853 2.29106 0 0 0 0 0 0.0119288 2.384 303 52 0 0 0
./complex_md-fit_101.pdb BC A 6.83498 38.5755 -8.99297 -7.77981 -11.1244 -21.9759 -0.719047 39.5058 -22.4152 4.52885 7.80518 2.86751 0 0 0 0.24239 2.14768 0.0263078 0 0 0 0 0.045414 2.384 303 51 0 0 0
./complex_md-fit_102.pdb BC A 8.77652 46.6167 -11.1726 -7.31341 -9.94106 -22.53 -0.81497 37.9515 -23.1306 4.19923 6.78429 2.89988 0 0 0 0.628165 2.5134 0.0319916 0 0 0 0 0.0624608 2.384 303 51 0 0 0
./complex_md-fit_103.pdb BC A 8.61224 32.9671 -14.4283 -8.53637 -15.4415 -22.8624 -0.767073 39.6257 -23.4281 2.83079 9.7958 3.80963 0 0 0 0.524981 2.43977 -0.000399905 0 0 0 0 0.0206377 2.384 303 52 0 0 0
./complex_md-fit_104.pdb BC A 7.94517 36.5498 -9.74821 -7.8365 -10.7881 -23.6261 -0.584761 41.5255 -24.208 4.69646 7.56584 3.33844 0 0 0 0.133969 2.93997 -1.11022e-16 0 0 0 0 0.0350241 2.384 303 53 0 0 0
./complex_md-fit_105.pdb BC A 7.76471 40.0994 -16.5181 -8.63016 -13.9366 -21.975 -0.826215 37.7034 -22.4234 2.76003 7.5617 3.01416 0 0 0 0.214124 2.05002 0.0198996 0 0 0 0 0 2.384 303 54 0 0 0
./complex_md-fit_106.pdb BC A 8.05635 31.0767 -7.48279 -7.39441 -10.5827 -22.8545 -0.774024 40.0117 -23.2068 4.15102 7.74506 5.09701 0 0 0 0.324846 2.05838 0 0 0 0 0 0 2.384 303 51 0 0 0
./complex_md-fit_107.pdb BC A 6.84182 37.83 -11.6981 -7.66603 -10.46 -22.403 -0.648057 38.8409 -23.3083 3.22832 7.69706 2.69368 0 0 0 0.317316 2.83189 0 0 0 0 0 0.0100223 2.384 303 53 0 0 0
./complex_md-fit_108.pdb BC A 7.30302 30.0913 -9.73465 -6.72455 -12.0891 -24.5758 -0.788161 44.5299 -24.8276 2.78163 8.52415 3.27392 0 0 0 0.136308 2.85783 0.0246398 0 0 0 0 0 2.384 303 52 0 0 0
./complex_md-fit_109.pdb BC A 9.0974 39.6087 -4.64331 -6.45612 -7.75131 -22.4536 -0.615618 39.8611 -23.1967 4.94445 7.33714 3.12166 0 0 0 0.519497 2.37463 0.0245914 0 0 0 0 0.0215439 2.384 303 53 1 1 0
./complex_md-fit_10.pdb BC A 6.38915 27.7138 -11.8387 -8.81761 -8.0082 -19.0857 -0.275588 31.7376 -19.5158 3.27985 4.9708 3.23973 0 0 0 0.651957 1.90737 -0.0221421 0 0 0 0 0.0064159 2.384 303 49 0 0 0
./complex_md-fit_110.pdb BC A 8.41491 38.2163 -11.0292 -7.38481 -10.6388 -22.0965 -0.606 36.6863 -22.566 4.22621 7.86165 3.36418 0 0 0 0.104225 2.06665 0 0 0 0 0 0.0203037 2.384 303 48 1 1 0
./complex_md-fit_111.pdb BC A 8.8105 33.7162 -11.1895 -4.85768 -13.7436 -21.1581 -0.656997 36.2664 -21.1924 3.23117 7.76897 3.02386 0 0 0 0.128798 1.55921 1.11022e-16 0 0 0 0 0 2.384 303 52 0 0 0
./complex_md-fit_112.pdb BC A 7.23037 38.1868 -13.0148 -5.422 -12.5631 -20.7827 -0.715973 35.2677 -21.1049 3.17859 6.83517 2.06761 0 0 0 0.190169 2.04703 0.0345698 0 0 0 0 0 2.384 303 47 0 0 0
./complex_md-fit_113.pdb BC A 8.65486 35.4063 -11.2727 -5.66221 -13.556 -20.4955 -0.565981 34.8209 -20.4293 4.40817 7.93279 2.14704 0 0 0 0.121751 2.88071 0 0 0 0 0 0.00561887 2.384 303 50 0 0 0
./complex_md-fit_114.pdb BC A 8.26503 31.859 -11.139 -6.43462 -12.2065 -21.2803 -0.728612 37.4955 -21.106 2.95165 8.52296 1.55039 0 0 0 0.0939268 2.9146 0 0 0 0 0 0.00260207 2.384 303 49 0 0 0
./complex_md-fit_115.pdb BC A 7.12351 30.4774 -10.8477 -6.36796 -11.5859 -20.6714 -0.919491 34.6334 -20.7182 3.67398 7.06617 3.78096 0 0 0 0.254979 2.57496 0 0 0 0 0 0.00583442 2.384 303 47 1 1 0
./complex_md-fit_116.pdb BC A 6.39026 34.8138 -13.6697 -5.40571 -11.5085 -19.7107 -0.550175 33.8155 -20.1747 2.17401 6.18032 1.32665 0 0 0 0.171251 2.35069 0 0 0 0 0 0.0123877 2.384 303 49 0 0 0
./complex_md-fit_117.pdb BC A 7.03512 31.8558 -10.9168 -4.47033 -10.914 -19.641 -0.62451 33.6436 -19.4943 2.24564 5.61903 2.35898 0 0 0 0.331704 3.1416 0.02843 0 0 0 0 0 2.384 303 47 0 0 0
./complex_md-fit_118.pdb BC A 7.03834 29.4586 -6.74547 -6.66257 -8.42548 -20.2142 -0.440842 34.5759 -20.141 4.8968 5.69769 3.83207 0 0 0 0.128975 1.9748 0.00722197 0 0 0 0 0 2.384 303 50 0 0 0
./complex_md-fit_119.pdb BC A 7.31627 31.8892 -11.269 -8.13633 -10.2638 -20.0998 -0.598201 33.9278 -20.5407 2.80529 7.22598 4.25725 0 0 0 0.147681 1.92306 2.77556e-17 0 0 0 0 0.00590756 2.384 303 48 0 0 0
./complex_md-fit_11.pdb BC A 7.22637 29.0494 -16.2134 -10.1777 -12.02 -19.4006 -0.551088 31.9984 -19.5265 1.49336 7.81045 3.4973 0 0 0 0.676499 1.41794 -0.0190583 0 0 0 0 0.00558444 2.384 303 46 0 0 0
./complex_md-fit_120.pdb BC A 7.13439 30.8239 -11.6635 -4.26207 -5.29107 -18.3493 -0.468783 28.8753 -19.2626 1.75581 2.70518 2.4482 0 0 0 0.163675 1.54757 0.0221591 0 0 0 0 0 2.384 303 47 0 0 0
./complex_md-fit_121.pdb BC A 7.2842 33.5749 -8.97719 -6.51474 -9.37169 -21.1612 -0.691909 34.2866 -21.8155 7.26599 6.26896 2.71758 0 0 0 0.057563 1.88489 -0.0188462 0 0 0 0 0 2.384 303 45 1 1 0
./complex_md-fit_122.pdb BC A 9.34382 36.7479 -11.0415 -5.50839 -10.354 -20.3085 -0.78871 33.903 -21.0612 2.44482 7.25065 3.07343 0 0 0 0.282426 3.24109 0.0249673 0 0 0 0 0 2.384 303 50 0 0 0
./complex_md-fit_123.pdb BC A 7.2683 31.0931 -7.73404 -5.80069 -10.3542 -21.1438 -0.724009 36.3763 -21.3403 5.35085 7.35961 2.44733 0 0 0 0.105708 2.78467 -0.0107822 0 0 0 0 0 2.384 303 47 0 0 0
./complex_md-fit_124.pdb BC A 9.04821 32.7877 -10.5874 -6.15457 -10.3659 -19.9851 -0.728763 33.2784 -20.8659 3.89208 6.22354 3.72506 0 0 0 0.393683 2.39627 0 0 0 0 0 0 2.384 303 47 0 0 0
./complex_md-fit_125.pdb BC A 8.60865 33.0677 -9.8849 -3.36507 -8.62527 -19.0774 -0.616644 32.5095 -19.4433 0.746549 4.94482 2.75674 0 0 0 0.256596 2.88199 0 0 0 0 0 0.0286282 2.384 303 47 0 0 0
./complex_md-fit_126.pdb BC A 9.72184 34.2952 -16.2507 -9.21301 -13.2216 -20.4733 -0.961318 33.9589 -20.4783 2.88317 7.97025 3.20595 0 0 0 0.0785016 1.66056 0 0 0 0 0 0 2.384 303 49 0 0 0
./complex_md-fit_127.pdb BC A 7.80544 27.3543 -8.17269 -6.58034 -10.1154 -19.4221 -0.762157 33.103 -19.4971 3.11054 6.75032 3.83088 0 0 0 1.38217 2.70221 0.0275222 0 0 0 0 0 2.384 303 51 1 1 0
./complex_md-fit_128.pdb BC A 6.90961 32.7807 -6.49822 -7.86958 -8.50192 -20.0788 -0.750231 33.938 -20.3809 6.32914 6.98039 3.40817 0 0 0 0.427551 1.80529 0 0 0 0 0 0 2.384 303 48 2 2 0
./complex_md-fit_129.pdb BC A 6.53289 35.8139 -12.4029 -5.99625 -11.094 -19.7728 -0.639117 32.4421 -20.3063 1.85531 7.85511 3.12144 0 0 0 0.131507 2.06995 0 0 0 0 0 0 2.384 303 50 0 0 0
./complex_md-fit_12.pdb BC A 7.07404 34.4641 -15.8635 -8.73844 -10.7698 -18.5307 -0.596775 30.9216 -19.0156 2.60691 6.29193 1.49524 0 0 0 0.494047 1.88167 -0.0219295 0 0 0 0 0 2.384 303 44 0 0 0
./complex_md-fit_130.pdb BC A 8.58267 35.3045 -13.7888 -7.22056 -12.5642 -20.467 -0.95634 34.7023 -20.8273 2.06959 8.37007 2.61806 0 0 0 0.486536 2.95144 0 0 0 0 0 0 2.384 303 50 0 0 0
./complex_md-fit_131.pdb BC A 9.18319 25.6276 -10.5733 -6.19578 -11.015 -20.4878 -0.809979 33.7848 -20.7639 3.68652 8.63017 2.40944 0 0 0 0.177696 2.40065 1.11022e-16 0 0 0 0 0.01046 2.384 303 48 0 0 0
./complex_md-fit_132.pdb BC A 6.08133 24.2048 -4.78458 -8.04219 -8.91673 -21.0746 -0.891518 36.0809 -21.2322 7.62162 8.65405 2.54323 0 0 0 0.472881 1.63138 0 0 0 0 0 0 2.384 303 47 2 2 0
./complex_md-fit_133.pdb BC A 7.30226 28.7545 -8.34884 -4.88437 -11.4207 -21.0369 -0.783745 36.1556 -21.5887 3.5908 8.34226 2.83597 0 0 0 0.434909 2.58573 1.11022e-16 0 0 0 0 0.00611958 2.384 303 50 0 0 0
./complex_md-fit_134.pdb BC A 6.70323 35.383 -16.9209 -9.10703 -13.6579 -20.0734 -0.770377 33.3391 -20.5137 1.76639 8.33714 3.33296 0 0 0 0.4259 2.67635 1.11022e-16 0 0 0 0 0 2.384 303 49 0 0 0
./complex_md-fit_135.pdb BC A 11.2726 34.1091 -14.1187 -6.27471 -14.0797 -19.9043 -0.811667 34.3611 -20.4996 1.38928 8.68197 2.80183 0 0 0 0.217152 3.37559 0 0 0 0 0 0 2.384 303 48 0 0 0
./complex_md-fit_136.pdb BC A 7.32824 34.2775 -13.9742 -7.26068 -12.1468 -19.8637 -0.698878 32.8669 -20.1241 2.39179 8.1838 2.54832 0 0 0 0.1403 1.79863 -0.0112033 0 0 0 0 0 2.384 303 48 0 0 0
./complex_md-fit_137.pdb BC A 7.49146 31.8139 -10.747 -5.88611 -10.916 -19.5066 -0.569265 32.9048 -19.5487 3.01834 7.25596 2.24331 0 0 0 0.22623 2.70208 0.0309653 0 0 0 0 0 2.384 303 50 0 0 0
./complex_md-fit_138.pdb BC A 6.64683 29.4373 -8.51723 -5.20478 -11.6688 -21.0257 -0.738755 36.5748 -21.8301 4.6432 7.62919 2.61459 0 0 0 0.462426 3.078 0.0214433 0 0 0 0 0.00529451 2.384 303 50 1 1 0
./complex_md-fit_139.pdb BC A 8.19639 24.2995 -9.33674 -7.06416 -11.8892 -20.6801 -0.820937 36.664 -20.7951 5.61154 7.64268 1.91909 0 0 0 0.103009 2.01944 -0.0275389 0 0 0 0 0 2.384 303 49 0 0 0
./complex_md-fit_13.pdb BC A 8.80249 27.3712 -6.93326 -5.11086 -8.13081 -18.8236 -0.617615 32.547 -19.2521 4.39982 5.2794 2.25419 0 0 0 0.495571 1.50779 0.0217951 0 0 0 0 0.00395273 2.384 303 45 2 2 0
./complex_md-fit_140.pdb BC A 6.82479 27.6422 -15.7864 -7.08304 -13.8457 -21.6508 -0.832876 34.1267 -22.566 3.7421 8.87731 3.36928 0 0 0 0.0765762 2.86059 0 0 0 0 0 0 2.384 303 50 1 1 0
./complex_md-fit_141.pdb BC A 9.67924 37.0801 -16.337 -8.92718 -13.3923 -21.2143 -0.766246 34.1537 -21.4866 4.09291 8.61002 2.38559 0 0 0 0.23801 2.76039 -0.0305037 0 0 0 0 0 2.384 303 51 1 1 0
./complex_md-fit_142.pdb BC A 9.64639 30.8082 -4.35718 -4.53472 -7.94769 -21.5637 -0.825255 35.6241 -22.3523 7.66829 6.87412 2.43656 0 0 0 0.257902 2.03928 0 0 0 0 0 0.00561646 2.384 303 51 1 1 0
./complex_md-fit_143.pdb BC A 7.60648 31.5593 -8.96055 -6.21301 -9.68196 -21.1132 -0.692633 37.3376 -21.4539 3.53623 6.72979 2.52855 0 0 0 0.0619989 2.24618 5.55112e-17 0 0 0 0 0 2.384 303 48 0 0 0
./complex_md-fit_144.pdb BC A 8.63316 37.2419 -5.93974 -6.83313 -7.56818 -21.7969 -0.653557 36.8507 -22.5191 6.72178 6.85395 2.61145 0 0 0 0.376339 1.66876 0 0 0 0 0 0.0168679 2.384 303 50 2 2 0
./complex_md-fit_145.pdb BC A 10.272 30.0602 -16.7028 -9.88035 -13.7286 -21.3193 -0.587483 34.2696 -21.9844 2.64632 9.62484 3.9019 0 0 0 0.354541 1.99513 0 0 0 0 0 0 2.384 303 49 0 0 0
./complex_md-fit_146.pdb BC A 8.0467 30.0548 -9.47201 -7.61475 -10.798 -19.9027 -0.73975 34.8093 -19.8045 2.92168 7.79844 3.48089 0 0 0 0.36481 2.43414 0.0125822 0 0 0 0 0 2.384 303 47 0 0 0
./complex_md-fit_147.pdb BC A 11.8718 31.8017 -14.2875 -10.6666 -10.6984 -19.9161 -0.726039 34.7497 -19.9949 2.20323 7.94937 2.62322 0 0 0 0.189023 1.73385 0 0 0 0 0 0 2.384 303 52 0 0 0
./complex_md-fit_148.pdb BC A 11.6067 30.4559 -8.22688 -6.40016 -10.0144 -20.3403 -0.752624 34.7312 -20.5272 4.63009 7.01058 3.34357 0 0 0 0.0922494 2.11868 0 0 0 0 0 0 2.384 303 46 0 0 0
./complex_md-fit_149.pdb BC A 8.91942 36.3607 -5.40452 -6.48267 -11.0473 -19.6135 -0.892183 33.2582 -19.5659 7.27423 7.94484 3.44305 0 0 0 0.276709 2.57968 0 0 0 0 0 0 2.384 303 49 1 1 0
./complex_md-fit_14.pdb BC A 9.52313 21.0448 -14.2024 -6.42084 -7.81889 -17.3077 -0.36145 28.3265 -17.8156 0.755838 4.13564 1.89116 0 0 0 0.390935 2.55932 0.0220688 0 0 0 0 0 2.384 303 44 0 0 0
./complex_md-fit_150.pdb BC A 8.67045 39.0899 -14.3476 -9.2654 -13.9083 -20.6417 -0.804392 34.8424 -20.9579 3.09694 9.13643 4.01109 0 0 0 0.143213 1.94457 5.55112e-17 0 0 0 0 0 2.384 303 47 0 0 0
./complex_md-fit_151.pdb BC A 7.11672 32.9116 -11.8837 -8.55412 -6.74263 -20.1502 -0.642166 31.4215 -20.7746 3.31453 6.25976 3.75582 0 0 0 0.228368 1.51399 0 0 0 0 0 0 2.384 303 47 0 0 0
./complex_md-fit_152.pdb BC A 7.72075 37.024 -13.0022 -8.90239 -13.8328 -21.7302 -0.970371 36.6728 -22.1636 5.5653 9.02164 3.05025 0 0 0 0.287058 1.96444 0 0 0 0 0 0 2.384 303 49 0 0 0
./complex_md-fit_153.pdb BC A 9.28682 32.8217 -12.7225 -7.35799 -13.3261 -21.8011 -0.902884 37.929 -22.0775 2.74451 9.80815 2.09095 0 0 0 0.156443 2.15278 0.0127041 0 0 0 0 0.00124691 2.384 303 49 0 0 0
./complex_md-fit_154.pdb BC A 8.1625 32.4163 -3.63269 -7.37512 -8.32801 -21.6097 -0.969854 39.913 -21.2895 4.93856 8.13894 2.79412 0 0 0 0.15478 1.5289 1.11022e-16 0 0 0 0 0 2.384 303 50 0 0 0
./complex_md-fit_155.pdb BC A 8.38429 32.2639 -6.77708 -7.21014 -12.1282 -21.3777 -0.934382 38.2557 -21.7195 7.70203 7.89621 2.6151 0 0 0 0.123738 1.70917 -1.11022e-16 0 0 0 0 0 2.384 303 49 2 2 0
./complex_md-fit_156.pdb BC A 8.71164 37.367 -12.8898 -8.44182 -13.514 -20.8102 -0.75416 35.788 -20.2444 4.21771 7.23382 3.48497 0 0 0 0.142759 1.57568 0 0 0 0 0 0.00745558 2.384 303 51 0 0 0
./complex_md-fit_157.pdb BC A 13.4958 33.9273 -17.6474 -9.52301 -15.5315 -21.4629 -0.880056 36.7148 -21.655 2.26 9.53023 2.52662 0 0 0 0.373341 2.81881 5.55112e-17 0 0 0 0 0 2.384 303 51 0 0 0
./complex_md-fit_158.pdb BC A 8.02516 34.0384 -8.34378 -5.11119 -11.0687 -22.1861 -0.73222 38.8757 -22.401 5.1284 6.49915 2.2342 0 0 0 0.417859 2.72469 0 0 0 0 0 0 2.384 303 48 0 0 0
./complex_md-fit_159.pdb BC A 7.06397 34.506 -9.50107 -7.96067 -12.1285 -22.0884 -0.897373 37.2297 -22.1602 5.89726 8.2867 3.79929 0 0 0 0.493935 1.97328 0.0193619 0 0 0 0 0.00783832 2.384 303 47 0 0 0
./complex_md-fit_15.pdb BC A 7.26747 35.2169 -10.8104 -5.35026 -8.85456 -17.8615 -0.53756 30.5375 -17.8027 3.00754 4.39533 1.47532 0 0 0 0.180418 2.21926 0 0 0 0 0 0 2.384 303 46 0 0 0
./complex_md-fit_160.pdb BC A 7.63337 38.6895 -2.05188 -8.1802 -9.18781 -22.2096 -0.933017 37.859 -22.3002 9.90905 9.16931 3.67605 0 0 0 0.125631 1.83468 0.0199329 0 0 0 0 0 2.384 303 47 3 3 0
./complex_md-fit_161.pdb BC A 8.77687 33.3906 -13.3734 -7.7741 -13.465 -21.7881 -0.76074 36.4975 -22.0545 5.69251 7.41988 2.76838 0 0 0 0.0835774 1.72487 -1.11022e-16 0 0 0 0 0.00716804 2.384 303 47 1 1 0
./complex_md-fit_162.pdb BC A 7.56441 29.9272 -10.8504 -8.10235 -14.389 -19.8866 -0.876982 34.0405 -19.4742 7.40105 8.11829 2.0363 0 0 0 0.248083 1.70295 0.0195983 0 0 0 0 0.0149982 2.384 303 48 0 0 0
./complex_md-fit_163.pdb BC A 8.7282 36.374 0.733926 -6.34478 -10.4221 -21.051 -1.11878 37.8057 -20.067 10.9508 8.62849 2.12182 0 0 0 0.192849 1.95025 0.037889 0 0 0 0 0 2.384 303 44 4 4 0
./complex_md-fit_164.pdb BC A 6.70666 26.5499 -5.61242 -6.26216 -10.7678 -21.0394 -0.964388 36.0849 -20.5728 5.78508 8.17526 3.81346 0 0 0 0.126838 1.99354 0.0085538 0 0 0 0 0 2.384 303 48 1 1 0
./complex_md-fit_165.pdb BC A 7.43999 30.8966 -3.79155 -6.58233 -12.2901 -22.2124 -1.14263 39.5509 -21.7245 9.56604 8.06884 2.67693 0 0 0 0.222226 2.01215 0.0214257 0 0 0 0 0.0539635 2.384 303 52 3 3 0
./complex_md-fit_166.pdb BC A 8.93213 29.3246 -11.4437 -7.09791 -11.3579 -21.1781 -0.776959 36.072 -20.78 3.5768 7.5956 2.12124 0 0 0 0.365888 1.84781 0 0 0 0 0 0.015724 2.384 303 48 0 0 0
./complex_md-fit_167.pdb BC A 9.4569 34.2211 -9.87106 -6.75396 -10.0376 -18.7938 -0.962734 31.5888 -18.1755 3.96608 5.82834 3.06837 0 0 0 0.400945 2.92673 0 0 0 0 0 0 2.384 303 44 0 0 0
./complex_md-fit_168.pdb BC A 10.2419 35.652 -13.2241 -8.42431 -15.5053 -23.6779 -1.14636 39.5983 -22.9942 5.08279 10.6052 3.05086 0 0 0 0.183394 2.08101 -5.55112e-17 0 0 0 0 0.00333488 2.384 303 50 0 0 0
./complex_md-fit_169.pdb BC A 8.66389 35.9758 0.734414 -7.04222 -6.34007 -20.9253 -0.827319 37.4546 -20.2705 8.62598 6.21548 3.5647 0 0 0 0.265043 2.00196 0.0140974 0 0 0 0 0 2.384 303 46 4 4 0
./complex_md-fit_16.pdb BC A 7.69931 32.946 -8.91996 -4.32952 -10.1669 -18.301 -0.712386 30.9616 -18.9223 3.47727 6.60133 2.34145 0 0 0 0.12326 2.30235 0 0 0 0 0 0.00717439 2.384 303 44 0 0 0
./complex_md-fit_170.pdb BC A 6.98096 35.6338 -7.83649 -7.11425 -10.1548 -21.6569 -0.804477 38.1072 -21.0932 6.45599 5.76595 2.36797 0 0 0 0.25122 2.27637 0.0388391 0 0 0 0 0 2.384 303 44 1 1 0
./complex_md-fit_171.pdb BC A 8.41046 38.3904 -3.54267 -6.89688 -7.6825 -22.4805 -0.939193 40.1119 -22.0394 5.08827 7.09492 3.32626 0 0 0 0.874562 1.85751 0 0 0 0 0 0 2.384 303 46 1 1 0
./complex_md-fit_172.pdb BC A 6.941 39.7078 -3.59974 -4.84126 -8.60288 -21.1866 -0.948554 36.9903 -20.8809 8.6188 5.1385 1.93318 0 0 0 0.136235 1.89694 0.0276503 0 0 0 0 0.0157853 2.384 303 43 2 2 0
./complex_md-fit_173.pdb BC A 5.82823 31.5301 -10.1297 -8.26928 -11.38 -21.166 -0.888485 36.1206 -20.8173 4.88957 7.32359 3.59234 0 0 0 0.47535 2.02316 -0.0100392 0 0 0 0 0 2.384 303 47 0 0 0
./complex_md-fit_174.pdb BC A 6.28699 34.5889 -4.01225 -6.55323 -7.94621 -21.4671 -0.787113 39.4328 -20.4676 4.72729 6.50979 1.92097 0 0 0 0.559652 2.81062 0.0584404 0 0 0 0 0 2.384 303 48 1 1 0
./complex_md-fit_175.pdb BC A 6.80274 28.8479 -9.11852 -6.50345 -10.0799 -20.5425 -0.949972 35.307 -19.5032 4.04916 5.66608 2.99035 0 0 0 0.377254 1.7916 0.0236462 0 0 0 0 0.0470618 2.384 303 46 0 0 0
./complex_md-fit_176.pdb BC A 7.45033 38.2904 -6.02734 -6.27096 -9.28652 -21.6324 -0.956698 37.9105 -21.1953 6.75324 5.22801 2.82011 0 0 0 0.569041 1.84706 -0.00201642 0 0 0 0 0.0356807 2.384 303 45 2 2 0
./complex_md-fit_177.pdb BC A 6.71805 29.7745 -7.92518 -5.4718 -12.8563 -22.438 -0.955212 38.6327 -22.0512 6.01156 8.19121 2.40076 0 0 0 0.58095 2.19253 0.0235457 0 0 0 0 0.00668014 2.384 303 47 1 1 0
./complex_md-fit_178.pdb BC A 8.76276 35.1056 -10.3488 -6.6264 -11.2049 -20.094 -0.976658 34.4617 -19.7333 5.71458 5.74846 2.18848 0 0 0 0.141674 1.79073 0 0 0 0 0 0.0315652 2.384 303 49 2 2 0
./complex_md-fit_179.pdb BC A 7.25863 31.9449 -7.43976 -5.88847 -15.5345 -22.3578 -1.16014 41.3979 -21.6247 5.23047 8.59251 3.71359 0 0 0 0.211818 2.83956 -0.0272349 0 0 0 0 0.00683593 2.384 303 52 2 2 0
./complex_md-fit_17.pdb BC A 8.82465 30.6903 -8.30653 -6.18389 -8.94363 -19.3436 -0.536441 32.1487 -19.764 4.55159 7.2664 2.0515 0 0 0 0.428175 1.66995 0.0187603 0 0 0 0 0 2.384 303 45 1 1 0
./complex_md-fit_180.pdb BC A 9.98117 37.6181 -16.1947 -7.59959 -17.0645 -22.0796 -1.17616 36.6116 -21.5828 3.95771 9.1924 3.30708 0 0 0 0.212391 3.00089 -0.00965555 0 0 0 0 0.0363202 2.384 303 47 2 2 0
./complex_md-fit_181.pdb BC A 9.13726 35.8147 -9.07472 -5.56366 -13.9246 -21.6575 -1.18902 36.71 -21.4981 7.45794 7.5217 2.96638 0 0 0 0.0576079 3.35813 0.0162426 0 0 0 0 0.0282427 2.384 303 46 2 2 0
./complex_md-fit_182.pdb BC A 9.00773 35.8859 -1.18731 -4.37633 -13.3596 -21.5189 -1.10542 39.6213 -20.2856 7.88597 8.52398 2.98969 0 0 0 0.407028 2.33315 0.0306136 0 0 0 0 0 2.384 303 49 3 3 0
./complex_md-fit_183.pdb BC A 7.7266 26.6057 -6.31874 -7.80505 -13.5713 -21.3677 -1.04209 36.7172 -20.7738 8.86551 9.13966 3.40406 0 0 0 0.0814978 1.86067 0.018934 0 0 0 0 0.0143878 2.384 303 49 3 3 0
./complex_md-fit_184.pdb BC A 7.33211 26.6514 -5.62346 -4.71299 -10.7698 -20.8445 -0.952448 35.4069 -20.3122 5.74624 7.64835 2.91353 0 0 0 0.223778 2.97548 0.0290008 0 0 0 0 0.000656889 2.384 303 45 2 2 0
./complex_md-fit_185.pdb BC A 6.8321 32.0627 -4.07316 -6.15738 -11.8398 -21.7948 -1.16223 37.2635 -20.9247 9.85566 6.93209 2.77508 0 0 0 0.905128 2.89746 0.0259388 0 0 0 0 0.0483208 2.384 303 49 2 2 0
./complex_md-fit_186.pdb BC A 8.55803 36.8553 -9.07759 -7.26573 -10.4333 -20.651 -0.810938 36.6167 -20.2685 3.71849 7.35273 2.60327 0 0 0 0.0606345 1.60444 0 0 0 0 0 0 2.384 303 49 0 0 0
./complex_md-fit_187.pdb BC A 8.33393 35.5521 -2.01452 -7.29493 -12.144 -22.1484 -1.09142 39.9355 -21.2778 9.11656 9.51193 3.2597 0 0 0 0.136512 1.89643 -0.0182389 0 0 0 0 0 2.384 303 48 3 3 0
./complex_md-fit_188.pdb BC A 7.09161 36.1712 -12.6978 -6.63 -13.8114 -20.3194 -1.00997 34.4639 -19.5633 4.1764 7.1851 2.53089 0 0 0 0.255949 1.89296 0.0239863 0 0 0 0 0 2.384 303 48 1 1 0
./complex_md-fit_189.pdb BC A 9.72021 32.5369 -9.65756 -6.95263 -16.5905 -21.1474 -1.17747 36.3543 -20.2372 7.7905 9.00003 2.52265 0 0 0 0.780239 2.58882 0 0 0 0 0 0 2.384 303 45 2 2 0
./complex_md-fit_18.pdb BC A 9.26343 42.8257 -15.4306 -6.98851 -12.5601 -17.3069 -0.555867 28.8141 -17.4965 3.05388 5.88589 1.58955 0 0 0 0.133841 1.48801 0 0 0 0 0 0 2.384 303 46 0 0 0
./complex_md-fit_190.pdb BC A 7.17517 39.8598 -12.557 -5.84643 -15.0453 -20.7354 -1.07966 36.5894 -19.8758 4.28208 6.78016 2.23147 0 0 0 0.142589 2.18736 0 0 0 0 0 0 2.384 303 46 2 2 0
./complex_md-fit_191.pdb BC A 7.39106 37.1649 -2.53476 -5.61236 -14.9341 -21.3519 -1.0999 38.5403 -19.9732 9.80364 8.42222 3.57596 0 0 0 0.0673747 1.86935 0.0271807 0 0 0 0 0 2.384 303 48 3 3 0
./complex_md-fit_192.pdb BC A 8.11432 32.5446 -10.2792 -7.50181 -15.3813 -21.574 -1.21309 37.8227 -20.6705 4.89964 9.2316 3.66274 0 0 0 0.403198 1.86798 0.0377793 0 0 0 0 0.003918 2.384 303 46 1 1 0
./complex_md-fit_193.pdb BC A 7.56396 29.53 -10.8776 -7.78766 -13.8524 -20.9192 -1.15348 36.3168 -20.0099 6.60785 7.12819 2.59047 0 0 0 0.177938 2.13216 0.0237611 0 0 0 0 0 2.384 303 47 2 2 0
./complex_md-fit_194.pdb BC A 9.51051 29.6892 -4.21424 -5.8497 -13.9531 -21.8454 -1.15211 38.2188 -21.1577 10.8056 8.51372 2.07204 0 0 0 0.133543 1.8105 0 0 0 0 0 0 2.384 303 46 3 3 0
./complex_md-fit_195.pdb BC A 11.3684 36.8015 -11.9714 -6.77067 -14.0964 -22.2876 -0.956534 37.2709 -21.5713 6.4841 7.39808 2.31865 0 0 0 0.211153 3.30505 0 0 0 0 0 0.0282297 2.384 303 48 2 2 0
./complex_md-fit_196.pdb BC A 8.29487 27.0093 -6.93026 -6.54829 -12.7808 -22.2709 -1.09408 40.141 -21.8211 5.83587 8.87872 2.52232 0 0 0 0.204569 2.38533 0 0 0 0 0 0.00241177 2.384 303 49 1 1 0
./complex_md-fit_197.pdb BC A 7.45691 34.1174 -5.46104 -5.40903 -11.2488 -22.5591 -1.08203 39.8824 -21.7517 6.18025 7.1016 3.25624 0 0 0 0.179446 3.03071 -0.0102574 0 0 0 0 0 2.384 303 50 1 1 0
./complex_md-fit_198.pdb BC A 8.78417 38.5881 -11.0029 -8.98219 -12.4109 -22.1473 -0.949357 37.3845 -21.7097 4.32024 8.21129 4.7838 0 0 0 0.496729 2.51257 0 0 0 0 0 0 2.384 303 49 0 0 0
./complex_md-fit_199.pdb BC A 8.58 28.503 -10.5071 -8.14431 -12.2106 -22.6016 -1.02286 36.7511 -22.4627 6.95246 9.02207 2.61643 0 0 0 0.62732 1.76462 -0.0397606 0 0 0 0 0.00533797 2.384 303 47 2 2 0
./complex_md-fit_19.pdb BC A 7.51012 37.7569 -9.56731 -4.6696 -8.21766 -18.6917 -0.571007 30.9885 -19.071 2.58798 6.01409 1.83098 0 0 0 0.232108 2.51617 5.55112e-17 0 0 0 0 0 2.384 303 50 0 0 0
./complex_md-fit_1.pdb BC A 8.61527 33.9774 -7.5711 -7.6957 -7.61309 -24.8573 -0.599028 42.8431 -24.9611 5.23111 6.4081 3.62947 0 0 0 0.06692 2.18924 -0.0235345 0 0 0 0 0 2.384 303 51 1 1 0
./complex_md-fit_200.pdb BC A 6.80084 32.3552 -12.782 -9.04002 -14.5804 -22.3232 -1.05525 38.8899 -21.9258 5.32304 8.07964 3.54717 0 0 0 0.264368 2.97663 0.0379932 0 0 0 0 0.000625314 2.384 303 48 0 0 0
./complex_md-fit_201.pdb BC A 5.56466 26.6502 -1.30759 -5.42402 -9.01522 -22.7943 -0.926373 42.1292 -22.5134 6.17112 7.74506 3.16407 0 0 0 0.15627 2.2794 0 0 0 0 0 0 2.384 303 48 1 1 0
./complex_md-fit_202.pdb BC A 8.62063 31.3945 -10.4436 -9.6194 -12.5317 -23.8259 -0.881455 41.3437 -23.017 4.89812 8.54754 3.7676 0 0 0 0.856095 2.30483 0.0188159 0 0 0 0 0 2.384 303 49 2 2 0
./complex_md-fit_203.pdb BC A 7.43724 40.154 -9.94677 -8.73498 -9.66453 -23.4612 -0.759295 40.1796 -22.9826 6.13755 6.14284 2.48177 0 0 0 0.696241 2.45956 0 0 0 0 0 0.017793 2.384 303 49 1 1 0
./complex_md-fit_204.pdb BC A 6.07335 34.0725 -10.2841 -7.1289 -11.267 -21.8843 -0.91947 37.9709 -21.0376 3.04213 7.67732 3.04456 0 0 0 0.187312 1.93795 0.0213048 0 0 0 0 0.0096622 2.384 303 47 0 0 0
./complex_md-fit_205.pdb BC A 9.12943 38.1959 -10.9741 -8.27593 -14.7656 -22.5676 -1.11551 39.2676 -21.6758 6.90611 8.15189 2.65246 0 0 0 0.406774 2.36422 0.0415532 0 0 0 0 0 2.384 303 48 2 2 0
./complex_md-fit_206.pdb BC A 9.11337 44.4596 -5.99427 -6.27769 -16.4305 -23.5615 -1.16532 42.0724 -22.7798 7.75716 9.59124 4.2385 0 0 0 0.549405 2.76838 0.0117515 0 0 0 0 0 2.384 303 48 2 2 0
./complex_md-fit_207.pdb BC A 8.97393 32.1843 -4.89708 -6.43828 -11.1324 -23.9234 -1.09308 43.0075 -23.3356 6.22451 8.02221 3.2116 0 0 0 0.560495 2.44355 -0.00930521 0 0 0 0 0.0086716 2.384 303 50 0 0 0
./complex_md-fit_208.pdb BC A 8.49729 31.4497 -7.73158 -8.51309 -14.5578 -24.2041 -1.30947 44.2807 -23.0802 6.73097 9.55003 2.82732 0 0 0 0.517218 2.41654 0.0268706 0 0 0 0 0 2.384 303 49 2 2 0
./complex_md-fit_209.pdb BC A 6.72734 32.9188 -15.5384 -8.45397 -15.3467 -24.0805 -1.08797 40.9324 -23.2715 3.97438 8.79063 2.92232 0 0 0 0.0887965 2.51972 -0.0155218 0 0 0 0 0.00910241 2.384 303 51 0 0 0
./complex_md-fit_20.pdb BC A 6.96559 36.4723 -5.80453 -4.3586 -8.26562 -18.5848 -0.763888 31.704 -18.7671 3.80058 5.6185 2.41901 0 0 0 1.3744 1.77974 0.0189463 0 0 0 0 0 2.384 303 49 0 0 0
./complex_md-fit_210.pdb BC A 8.7562 30.4132 -11.9077 -9.08541 -15.2334 -22.3159 -1.12131 38.4718 -21.2702 5.33802 8.85976 4.14707 0 0 0 0.320573 2.31836 -0.0188084 0 0 0 0 0 2.384 303 49 1 1 0
./complex_md-fit_211.pdb BC A 8.28464 35.4292 -11.9746 -8.50708 -15.1404 -23.5572 -0.879237 40.6184 -22.9745 4.95448 9.07015 3.90937 0 0 0 0.508258 2.83383 0.0231258 0 0 0 0 0 2.384 303 51 2 2 0
./complex_md-fit_212.pdb BC A 6.54103 30.2822 -12.622 -9.86281 -15.7408 -21.8216 -1.00172 37.0959 -21.5447 7.20398 9.50387 3.34627 0 0 0 0.175753 2.40368 0.0238026 0 0 0 0 0 2.384 303 49 2 2 0
./complex_md-fit_213.pdb BC A 6.69327 27.3764 -10.5759 -7.68144 -12.2969 -22.7654 -1.13661 38.1215 -22.3961 4.53425 8.87432 3.94593 0 0 0 0.187973 2.48877 0.0344217 0 0 0 0 0.00205742 2.384 303 49 0 0 0
./complex_md-fit_214.pdb BC A 6.54673 35.8031 -12.8298 -8.79158 -13.4261 -21.7912 -1.15995 36.5515 -21.4617 4.26483 8.74872 3.75272 0 0 0 0.466446 2.43996 0.0165658 0 0 0 0 0 2.384 303 46 1 1 0
./complex_md-fit_215.pdb BC A 10.9407 33.9758 -7.7304 -4.78547 -13.8517 -21.5367 -1.12717 37.147 -21.1263 5.31362 7.99029 3.94797 0 0 0 0.305153 2.97668 -0.0136758 0 0 0 0 0.00657526 2.384 303 48 2 2 0
./complex_md-fit_216.pdb BC A 8.69937 32.485 -5.20132 -5.17776 -12.7205 -22.7799 -1.2024 40.334 -21.7099 6.89506 7.69189 2.78385 0 0 0 0.672485 2.30494 0.00464087 0 0 0 0 0.00730259 2.384 303 46 1 1 0
./complex_md-fit_217.pdb BC A 8.49267 37.9258 -9.94855 -7.42515 -15.4482 -22.3892 -1.2559 39.2909 -21.4121 6.00946 9.20854 3.20889 0 0 0 0.237374 2.18575 0.0210806 0 0 0 0 0.0057071 2.384 303 46 0 0 0
./complex_md-fit_218.pdb BC A 6.542 33.3166 -8.12679 -6.72981 -16.5832 -23.8584 -1.04466 42.6214 -22.6635 8.59666 8.07097 3.01223 0 0 0 0.451551 3.35108 0 0 0 0 0 0 2.384 303 47 3 3 0
./complex_md-fit_219.pdb BC A 8.06258 33.3961 -8.79506 -7.82499 -12.5163 -23.8027 -1.17103 39.6817 -23.0906 8.57165 8.93589 1.91085 0 0 0 0.4742 2.24513 0.036294 0 0 0 0 0 2.384 303 47 3 3 0
./complex_md-fit_21.pdb BC A 10.7479 34.2675 -9.66132 -4.77114 -10.4528 -17.5016 -0.606627 28.7485 -17.816 4.218 6.29335 2.1522 0 0 0 0.0748389 1.40722 0 0 0 0 0 0 2.384 303 44 0 0 0
./complex_md-fit_220.pdb BC A 9.2924 28.5747 -7.9224 -5.76216 -13.7282 -22.3742 -1.09465 38.7216 -21.5347 6.75847 7.96529 2.72479 0 0 0 0.426241 3.18128 -0.0248984 0 0 0 0 0 2.384 303 48 1 1 0
./complex_md-fit_221.pdb BC A 9.27445 30.8051 -9.393 -6.31767 -14.058 -22.5529 -1.2221 38.9802 -21.7873 6.2883 8.50369 2.68234 0 0 0 0.0418617 3.29757 0.0437913 0 0 0 0 0.00480815 2.384 303 50 0 0 0
./complex_md-fit_222.pdb BC A 11.036 34.8546 -2.176 -5.86025 -10.3186 -21.3886 -1.11045 38.1705 -20.599 7.48035 7.31172 3.5191 0 0 0 0.608415 2.12535 0 0 0 0 0 0.0108037 2.384 303 49 2 2 0
./complex_md-fit_223.pdb BC A 8.89157 39.6508 -5.17389 -5.34504 -13.0143 -21.6064 -1.12317 38.8077 -20.7155 5.95918 8.13358 3.37821 0 0 0 0.330845 2.38619 0.021053 0 0 0 0 0 2.384 303 48 2 2 0
./complex_md-fit_224.pdb BC A 8.06113 32.9127 -8.58718 -5.8816 -15.5117 -22.3851 -1.23145 38.3731 -21.7731 8.16309 8.439 2.89283 0 0 0 0.327832 2.25937 5.55112e-17 0 0 0 0 0 2.384 303 47 3 3 0
./complex_md-fit_225.pdb BC A 7.21015 31.9802 -7.42013 -4.79891 -15.0388 -23.8564 -1.01903 42.5713 -22.8105 5.56264 8.11364 3.51459 0 0 0 0.335667 2.74761 0 0 0 0 0 0.0056779 2.384 303 49 0 0 0
./complex_md-fit_226.pdb BC A 10.5092 36.8371 -13.0605 -6.18258 -15.7095 -22.5297 -1.0212 37.9008 -21.8084 3.43969 8.87397 3.58928 0 0 0 0.353599 2.25049 0.00736238 0 0 0 0 0.0260627 2.384 303 50 0 0 0
./complex_md-fit_227.pdb BC A 7.65192 31.1695 -10.7961 -8.04881 -14.1436 -23.7638 -1.26252 41.3116 -23.2457 5.5131 8.56397 4.07587 0 0 0 0.203792 2.71761 -2.77556e-17 0 0 0 0 0 2.384 303 51 2 2 0
./complex_md-fit_228.pdb BC A 7.90098 35.512 -11.4712 -5.71423 -12.8164 -22.7329 -1.13271 38.8553 -22.1846 4.02715 6.96187 2.54651 0 0 0 0.673041 2.56693 0.0236673 0 0 0 0 0.0220385 2.384 303 51 0 0 0
./complex_md-fit_229.pdb BC A 6.37804 37.02 -13.1554 -6.99846 -15.2224 -22.9569 -1.15762 40.1637 -22.4177 3.85746 8.17034 3.0766 0 0 0 0.3295 2.44962 0 0 0 0 0 0 2.384 303 48 0 0 0
./complex_md-fit_22.pdb BC A 6.96883 37.8413 -11.2238 -6.80332 -11.4596 -19.3726 -0.685555 33.9261 -19.0317 2.59667 6.719 2.56535 0 0 0 0.32189 1.86666 0 0 0 0 0 0 2.384 303 51 0 0 0
./complex_md-fit_230.pdb BC A 7.62376 35.8616 -7.86114 -5.89869 -14.8476 -22.7334 -1.13449 39.9528 -21.9968 6.61476 9.04484 2.83177 0 0 0 0.275703 3.80868 4.11262e-05 0 0 0 0 0.0300018 2.384 303 51 2 2 0
./complex_md-fit_231.pdb BC A 8.68266 33.0368 -7.89464 -7.1808 -12.8244 -22.6014 -1.26262 39.7889 -22.1354 5.20327 8.31596 4.3857 0 0 0 0.394851 2.61668 -0.00941713 0 0 0 0 0.0307073 2.384 303 46 2 2 0
./complex_md-fit_232.pdb BC A 9.36165 33.9602 -14.1588 -5.95622 -14.9625 -22.6699 -1.15945 36.9522 -22.261 4.07111 7.7357 3.91434 0 0 0 0.135972 2.25867 0.0190205 0 0 0 0 0.021894 2.384 303 51 1 1 0
./complex_md-fit_233.pdb BC A 7.38344 39.6851 -12.3666 -7.37111 -13.1492 -22.6119 -1.17688 38.9243 -22.3131 3.56789 7.78165 3.6569 0 0 0 0.259093 2.39951 0.0353228 0 0 0 0 0.0303902 2.384 303 50 0 0 0
./complex_md-fit_234.pdb BC A 7.30052 28.3269 -7.2002 -7.45719 -13.3779 -22.9234 -1.31915 40.5879 -22.2995 7.92163 7.61262 3.55835 0 0 0 0.496327 2.1673 0 0 0 0 0 0 2.384 303 48 1 1 0
./complex_md-fit_235.pdb BC A 6.80489 34.543 -4.90187 -6.77681 -10.8325 -22.8 -1.05051 39.5177 -22.1835 7.49222 8.43307 3.093 0 0 0 0.229691 2.32223 -0.0241995 0 0 0 0 0 2.384 303 48 1 1 0
./complex_md-fit_236.pdb BC A 6.98928 34.2655 -14.8276 -8.38891 -15.9912 -22.9314 -1.0446 38.3204 -22.4208 4.62688 9.05966 3.34862 0 0 0 0.589646 2.32371 0 0 0 0 0 0.00415898 2.384 303 50 0 0 0
./complex_md-fit_237.pdb BC A 7.22191 30.7473 -5.4576 -7.49049 -14.7777 -23.8343 -1.17562 43.1038 -23.1541 7.59199 9.77165 3.8854 0 0 0 0.631839 3.39042 -0.0100086 0 0 0 0 0 2.384 303 49 1 1 0
./complex_md-fit_238.pdb BC A 8.97977 38.4524 -11.7389 -7.7983 -13.9579 -22.0948 -1.14089 37.838 -21.0506 4.71829 9.12966 2.36896 0 0 0 0.258239 2.20616 -0.00950013 0 0 0 0 0 2.384 303 47 0 0 0
./complex_md-fit_239.pdb BC A 8.56186 30.5271 -12.5305 -6.81276 -14.1671 -21.9514 -1.23634 36.3408 -21.3635 6.89811 7.18302 2.24676 0 0 0 0.307132 2.28016 0.0248028 0 0 0 0 0 2.384 303 49 2 2 0
./complex_md-fit_23.pdb BC A 9.86885 32.5416 -8.16321 -3.83399 -7.92297 -17.6798 -0.48747 29.8043 -18.9539 3.3453 5.53796 1.85707 0 0 0 0.139502 1.85495 0.0307758 0 0 0 0 0 2.384 303 49 0 0 0
./complex_md-fit_240.pdb BC A 6.29715 35.176 -9.71677 -6.96115 -14.0883 -22.539 -1.09479 38.529 -21.7084 6.7305 8.77977 2.44522 0 0 0 0.169858 2.22481 0.0205959 0 0 0 0 0 2.384 303 49 2 2 0
./complex_md-fit_241.pdb BC A 11.8904 31.0657 -5.26567 -5.84521 -13.1179 -23.5465 -1.25893 41.7999 -22.6467 8.5436 8.73986 1.67463 0 0 0 0.391507 2.5341 0 0 0 0 0 0 2.384 303 51 4 4 0
./complex_md-fit_242.pdb BC A 10.0349 28.1344 -3.9051 -6.38011 -11.5016 -23.326 -1.2222 41.298 -22.635 9.47844 7.10129 3.19062 0 0 0 0.091419 2.61574 0 0 0 0 0 0 2.384 303 48 3 3 0
./complex_md-fit_243.pdb BC A 7.99396 32.5149 -5.27306 -5.87812 -12.075 -23.198 -0.911819 40.998 -22.2852 7.03453 6.9315 3.45688 0 0 0 0.641423 2.67625 0 0 0 0 0 0.012779 2.384 303 48 3 3 0
./complex_md-fit_244.pdb BC A 6.96986 37.6078 -18.3679 -8.7713 -15.5849 -24.4231 -1.18998 40.9209 -24.3649 2.60853 9.06661 2.93332 0 0 0 0.423537 3.73348 0.0130822 0 0 0 0 0.00030752 2.384 303 48 0 0 0
./complex_md-fit_245.pdb BC A 7.34947 32.8311 -11.9016 -7.06288 -13.487 -23.3744 -1.09642 39.6423 -22.4974 5.6062 7.42883 2.74317 0 0 0 0.191919 2.37629 0.00282069 0 0 0 0 0.00128466 2.384 303 48 0 0 0
./complex_md-fit_246.pdb BC A 7.95538 35.658 -7.91595 -7.09166 -12.3876 -22.8396 -1.05129 40.6551 -22.0473 5.27775 8.33853 2.85255 0 0 0 0.389329 2.54819 -0.0116863 0 0 0 0 0 2.384 303 47 2 2 0
./complex_md-fit_247.pdb BC A 7.41684 35.4816 -11.7335 -7.64988 -13.1473 -22.8354 -0.905083 39.1456 -21.8744 4.91897 6.80383 3.32782 0 0 0 0.440354 2.58438 0.0420477 0 0 0 0 0 2.384 303 50 2 2 0
./complex_md-fit_248.pdb BC A 6.69028 32.5353 -9.53808 -7.52181 -13.2255 -22.2315 -1.20077 37.7656 -21.4139 6.46013 8.39036 3.11062 0 0 0 0.32223 2.59934 0 0 0 0 0 0.00638369 2.384 303 48 2 2 0
./complex_md-fit_249.pdb BC A 7.02961 31.1634 -5.04257 -5.76326 -10.8931 -22.1718 -1.06756 39.0277 -21.5496 6.40433 8.20746 1.98413 0 0 0 0.75989 3.15772 0 0 0 0 0 0.019269 2.384 303 47 0 0 0
./complex_md-fit_24.pdb BC A 8.57376 34.2992 -10.6764 -6.54689 -8.23908 -17.6795 -0.616648 29.4308 -18.3536 2.64435 6.41239 1.93172 0 0 0 0.312471 2.23531 0.0275408 0 0 0 0 0 2.384 303 49 0 0 0
./complex_md-fit_250.pdb BC A 8.44888 32.6549 -8.43726 -6.25478 -13.886 -22.2721 -1.22383 39.6606 -21.6222 6.35233 8.40451 2.06957 0 0 0 0.311591 2.35031 0.0230347 0 0 0 0 0 2.384 303 51 2 2 0
./complex_md-fit_251.pdb BC A 8.09371 35.5488 -10.6663 -7.0953 -12.3773 -22.9404 -1.031 38.4474 -22.3712 5.05177 8.22532 2.87701 0 0 0 0.562024 2.34991 -0.0147011 0 0 0 0 0 2.384 303 49 1 1 0
./complex_md-fit_252.pdb BC A 9.01418 32.6767 -16.6207 -10.22 -16.6503 -24.1884 -0.99072 41.9073 -23.4376 3.90954 9.23169 3.27155 0 0 0 0.554499 2.3014 -0.00829156 0 0 0 0 1.11022e-16 2.384 303 50 0 0 0
./complex_md-fit_253.pdb BC A 10.161 34.9719 -8.13509 -8.12084 -12.6219 -23.4456 -1.28428 40.4195 -22.7521 6.94713 9.24065 3.17139 0 0 0 0.251701 2.17037 0.0400226 0 0 0 0 0.0192729 2.384 303 50 2 2 0
./complex_md-fit_254.pdb BC A 8.44496 35.5213 -3.21523 -6.86793 -9.89116 -21.6231 -1.04796 38.5307 -21.3616 8.44196 6.39949 3.52727 0 0 0 0.658273 2.22809 0.018822 0 0 0 0 0 2.384 303 48 1 1 0
./complex_md-fit_255.pdb BC A 9.43433 29.6156 -12.9434 -8.4511 -16.449 -22.3239 -1.16312 38.8739 -21.3001 4.86259 9.67258 3.01254 0 0 0 0.322177 2.195 0 0 0 0 0 0 2.384 303 50 2 2 0
./complex_md-fit_256.pdb BC A 6.97552 36.7757 -2.45349 -5.30154 -11.4113 -21.9256 -1.12076 37.606 -21.314 10.1773 7.40294 3.31792 0 0 0 0.106349 2.10058 0 0 0 0 0 0.00910374 2.384 303 45 2 2 0
./complex_md-fit_257.pdb BC A 7.32341 30.1153 -5.76742 -7.04225 -13.9943 -23.4265 -1.22111 41.3397 -22.9121 9.88664 7.7569 3.4956 0 0 0 0.322304 3.12284 0.0225771 0 0 0 0 0.00505273 2.384 303 50 2 2 0
./complex_md-fit_258.pdb BC A 7.09493 33.5593 -19.3664 -7.94245 -17.2433 -22.1774 -0.942146 36.7027 -21.7877 2.60892 8.06581 3.15194 0 0 0 0.197106 2.05629 0 0 0 0 0 0 2.384 303 46 0 0 0
./complex_md-fit_259.pdb BC A 7.11683 33.7866 -12.808 -7.34519 -12.1627 -22.2998 -1.11798 37.4817 -22.0185 3.83049 8.05197 2.31293 0 0 0 0.458945 2.26519 0 0 0 0 0 0 2.384 303 48 1 1 0
./complex_md-fit_25.pdb BC A 9.30147 35.4066 -10.1391 -5.46699 -10.3097 -17.6428 -0.685168 30.8242 -18.3049 2.02535 7.03596 2.30418 0 0 0 0.0808613 2.81524 0 0 0 0 0 1.11022e-16 2.384 303 49 0 0 0
./complex_md-fit_260.pdb BC A 8.07038 27.3117 -7.45002 -6.49635 -11.619 -23.5666 -1.0796 42.1789 -22.8346 4.84482 7.74435 3.20208 0 0 0 0.176027 2.23821 0 0 0 0 0 0 2.384 303 46 1 1 0
./complex_md-fit_261.pdb BC A 8.38118 25.9936 -15.5582 -8.40831 -13.7451 -21.7762 -1.07162 36.8786 -20.9885 3.15688 7.86102 1.86149 0 0 0 0.673543 1.92259 0 0 0 0 0 0 2.384 303 45 0 0 0
./complex_md-fit_262.pdb BC A 6.14135 33.6331 -3.57588 -6.57452 -10.0502 -23.0505 -1.18448 39.8266 -22.2146 7.79259 8.03951 3.64664 0 0 0 0.168167 2.07454 0.0249506 0 0 0 0 0 2.384 303 47 1 1 0
./complex_md-fit_263.pdb BC A 9.67694 30.8363 -12.7438 -5.9356 -16.1172 -21.2258 -1.17857 37.5729 -20.5382 5.01272 7.11058 2.03535 0 0 0 0.520012 2.00587 0 0 0 0 0 0 2.384 303 47 2 2 0
./complex_md-fit_264.pdb BC A 7.53237 26.617 -14.6377 -7.00503 -14.047 -20.5891 -0.994547 34.8739 -20.3507 3.85078 7.21771 2.20693 0 0 0 0.136639 1.98255 0.0244654 0 0 0 0 0.0382775 2.384 303 47 1 1 0
./complex_md-fit_265.pdb BC A 11.3189 28.6497 -6.19245 -5.53125 -13.3709 -22.578 -1.14969 40.6594 -21.5827 5.80221 8.61114 2.73814 0 0 0 0.187882 2.06834 0.0212286 0 0 0 0 0 2.384 303 50 2 2 0
./complex_md-fit_266.pdb BC A 7.24932 30.7029 -15.6564 -8.76941 -17.4507 -21.4921 -1.18855 37.8551 -20.7149 3.5022 9.84141 2.69736 0 0 0 0.0427801 2.07492 0.0198948 0 0 0 0 0.000596966 2.384 303 47 0 0 0
./complex_md-fit_267.pdb BC A 7.11552 34.6204 -3.69991 -5.50147 -13.1172 -21.1574 -1.16876 36.9932 -20.4903 8.84614 8.05322 3.66343 0 0 0 0.15917 2.22286 0.0202159 0 0 0 0 0 2.384 303 48 2 2 0
./complex_md-fit_268.pdb BC A 7.52663 38.6343 -7.95267 -7.08339 -14.1124 -22.247 -1.23011 37.9972 -22.0113 8.3002 8.28446 3.76558 0 0 0 0.353825 2.20837 0.0251068 0 0 0 0 0.00503077 2.384 303 50 1 1 0
./complex_md-fit_269.pdb BC A 8.17499 28.4484 -6.20889 -6.89622 -15.5814 -21.9432 -1.28879 39.0878 -20.9981 9.23773 9.15665 2.73974 0 0 0 0.239535 2.94153 0.0256103 0 0 0 0 0.0117272 2.384 303 47 5 5 0
./complex_md-fit_26.pdb BC A 7.93484 30.1981 -8.62081 -4.69697 -9.50592 -17.6288 -0.676833 29.6767 -18.3179 3.04727 6.6992 2.50135 0 0 0 0.281073 2.13556 0 0 0 0 0 0 2.384 303 48 0 0 0
./complex_md-fit_270.pdb BC A 8.39052 35.9385 -4.84716 -6.59635 -10.9674 -21.293 -1.16498 36.354 -20.7067 7.22592 9.011 3.08331 0 0 0 0.107974 2.16921 0.0449131 0 0 0 0 0.0542796 2.384 303 46 2 2 0
./complex_md-fit_271.pdb BC A 6.50205 34.4965 -12.7358 -7.32084 -13.8324 -22.8173 -1.18242 37.252 -22.1742 5.58328 8.1837 2.99571 0 0 0 0.505047 3.43771 0.023067 0 0 0 0 0.0486723 2.384 303 49 2 2 0
./complex_md-fit_272.pdb BC A 5.87903 38.2411 -10.8717 -4.6743 -17.0411 -21.5089 -1.07038 37.9116 -20.4245 4.7846 8.34701 2.39017 0 0 0 0.4237 3.45013 -0.00961502 0 0 0 0 0 2.384 303 47 1 1 0
./complex_md-fit_273.pdb BC A 7.9557 33.2764 -11.9855 -7.70064 -15.3844 -22.2571 -1.27992 38.5172 -21.2983 5.05238 8.94019 3.04652 0 0 0 0.360535 2.26578 0 0 0 0 0 0.0180353 2.384 303 47 0 0 0
./complex_md-fit_274.pdb BC A 7.32968 37.401 -14.9653 -7.90711 -17.4257 -22.6313 -1.25418 39.0052 -21.9263 4.14124 9.21944 3.59077 0 0 0 0.222713 2.38273 0 0 0 0 0 0 2.384 303 48 2 2 0
./complex_md-fit_275.pdb BC A 8.1318 30.9069 -2.50631 -4.87322 -14.2579 -22.5847 -1.15987 40.0634 -21.6482 8.08543 10.472 3.27626 0 0 0 0.131648 2.86515 -0.0111912 0 0 0 0 0 2.384 303 46 2 2 0
./complex_md-fit_276.pdb BC A 7.4854 33.9111 -3.86757 -6.47688 -12.6404 -22.4704 -1.17782 39.9256 -21.0079 9.46606 8.23528 2.1441 0 0 0 0.134732 2.33743 0 0 0 0 0 0 2.384 303 47 1 1 0
./complex_md-fit_277.pdb BC A 8.84551 33.1708 -13.282 -9.77903 -14.6641 -22.4723 -1.14199 39.0638 -21.9343 3.43595 10.1252 3.67764 0 0 0 0.377394 1.94551 0.0297417 0 0 0 0 0 2.384 303 49 1 1 0
./complex_md-fit_278.pdb BC A 6.62027 35.943 -3.63237 -6.11508 -8.1069 -22.3389 -0.926684 38.818 -21.8335 6.33081 7.28893 2.78477 0 0 0 0.445954 2.63418 0.0202687 0 0 0 0 0 2.384 303 50 1 1 0
./complex_md-fit_279.pdb BC A 6.60258 35.6775 -13.7403 -8.83677 -14.4681 -21.6925 -1.16372 36.983 -20.8992 4.00258 8.249 3.63255 0 0 0 0.429432 2.31203 0.0233867 0 0 0 0 0 2.384 303 50 0 0 0
./complex_md-fit_27.pdb BC A 9.24085 33.3331 -5.93427 -4.15539 -6.77919 -17.598 -0.496106 30.3568 -18.1041 3.45592 4.77404 2.3086 0 0 0 0.303257 1.77316 5.55112e-17 0 0 0 0 0 2.384 303 49 0 0 0
./complex_md-fit_280.pdb BC A 7.62265 36.001 -17.981 -11.0154 -15.4609 -22.3533 -1.2483 38.1774 -21.58 3.95649 8.88236 2.23648 0 0 0 0.424229 2.56786 0 0 0 0 0 0 2.384 303 50 0 0 0
./complex_md-fit_281.pdb BC A 7.87323 31.0927 -14.7893 -10.0317 -12.6607 -21.3202 -0.979918 36.4927 -20.4901 2.83805 8.69464 2.55863 0 0 0 0.0833903 2.28969 0.025893 0 0 0 0 0 2.384 303 49 0 0 0
./complex_md-fit_282.pdb BC A 8.31239 30.4013 -8.07626 -8.07174 -12.4792 -21.3775 -0.97819 37.3996 -20.874 6.6282 7.89065 3.38662 0 0 0 0.379334 1.88334 0.0199996 0 0 0 0 0 2.384 303 49 2 2 0
./complex_md-fit_283.pdb BC A 6.67352 34.3684 -11.9453 -7.47569 -11.8242 -22.6929 -1.01472 37.476 -22.8186 6.17381 7.92811 2.18671 0 0 0 0.116141 2.20319 0 0 0 0 0 0 2.384 303 48 1 1 0
./complex_md-fit_284.pdb BC A 5.95481 29.2557 -8.80365 -7.52117 -13.8738 -22.6544 -1.15922 38.3237 -22.3331 8.38724 8.41021 3.10497 0 0 0 0.511838 2.32128 0 0 0 0 0 0 2.384 303 50 3 3 0
./complex_md-fit_285.pdb BC A 8.07663 35.0385 -7.66635 -7.28296 -12.2117 -22.073 -1.12344 36.9577 -21.0181 7.23532 8.39202 3.04278 0 0 0 0.424379 2.09066 -0.00931323 0 0 0 0 0 2.384 303 48 1 1 0
./complex_md-fit_286.pdb BC A 11.3415 30.3826 -16.9156 -8.01622 -15.6468 -22.2793 -1.16663 37.2795 -21.6832 3.05627 8.24657 2.67654 0 0 0 0.59879 2.27717 0.0188879 0 0 0 0 0 2.384 303 46 0 0 0
./complex_md-fit_287.pdb BC A 9.04721 34.6257 -14.5417 -9.11645 -16.1773 -23.2784 -1.17839 39.1229 -22.427 5.09758 9.24084 4.06933 0 0 0 0.105324 2.75475 0 0 0 0 0 0 2.384 303 49 0 0 0
./complex_md-fit_288.pdb BC A 7.31029 32.3484 -12.5735 -7.23063 -12.8348 -22.6677 -1.2408 36.9438 -22.3279 6.42124 8.20714 1.98028 0 0 0 0.175834 2.35697 -2.77556e-17 0 0 0 0 0 2.384 303 49 2 2 0
./complex_md-fit_289.pdb BC A 7.45363 29.5914 -14.1092 -7.93397 -15.6522 -21.6333 -1.16983 36.2185 -20.8225 4.87378 8.90291 2.80154 0 0 0 0.3058 2.13913 0 0 0 0 0 0 2.384 303 45 2 2 0
./complex_md-fit_28.pdb BC A 6.8635 31.0053 -4.63366 -6.35362 -8.73722 -17.4702 -0.574433 30.2464 -17.911 5.53994 7.47269 2.95513 0 0 0 0.17316 1.68627 0.0202535 0 0 0 0 0.00528643 2.384 303 47 1 1 0
./complex_md-fit_290.pdb BC A 7.47648 32.3735 -3.15881 -6.18173 -9.60701 -22.9819 -1.27298 40.1976 -22.4258 6.674 8.21237 3.95558 0 0 0 0.271046 2.34978 0 0 0 0 0 0 2.384 303 49 1 1 0
./complex_md-fit_291.pdb BC A 9.29387 30.7648 -11.9007 -7.63002 -15.2227 -22.6594 -1.32212 38.2465 -22.0564 7.35316 8.49099 2.78206 0 0 0 0.0950823 2.66215 0.0221049 0 0 0 0 0 2.384 303 48 3 3 0
./complex_md-fit_292.pdb BC A 8.32815 34.2906 -9.57605 -6.2115 -12.084 -22.3269 -1.05786 37.697 -21.9134 6.15576 7.46124 2.4215 0 0 0 0.282198 3.36666 -1.73472e-18 0 0 0 0 0 2.384 303 47 2 2 0
./complex_md-fit_293.pdb BC A 8.46733 29.5341 -9.61307 -6.51473 -13.7157 -21.045 -1.19797 36.6379 -20.1328 6.64829 7.59616 1.80753 0 0 0 0.283728 2.12446 0.0194924 0 0 0 0 0 2.384 303 49 1 1 0
./complex_md-fit_294.pdb BC A 7.27961 29.1329 -11.9384 -7.9026 -14.2281 -21.477 -1.0203 37.0339 -20.4318 4.38091 8.80957 2.67589 0 0 0 0.211958 2.00679 0 0 0 0 0 0.00915281 2.384 303 48 1 1 0
./complex_md-fit_295.pdb BC A 8.13061 29.6845 -15.9535 -9.44169 -15.3748 -21.7474 -1.21576 36.2539 -21.3795 3.93501 10.3588 2.54764 0 0 0 0.0884889 2.10293 0.0218907 0 0 0 0 0 2.384 303 48 0 0 0
./complex_md-fit_296.pdb BC A 6.90251 31.1345 -9.10798 -5.43139 -15.149 -21.927 -1.11624 38.0831 -21.2045 5.41434 9.34198 2.63203 0 0 0 0.248733 2.97047 0 0 0 0 0 0 2.384 303 44 1 1 0
./complex_md-fit_297.pdb BC A 8.60864 34.7546 -15.4176 -7.0552 -16.1744 -22.0161 -1.36039 34.8921 -21.6093 7.7321 8.17988 1.87549 0 0 0 0.0972054 2.49895 0.0210062 0 0 0 0 0 2.384 303 48 1 1 0
./complex_md-fit_298.pdb BC A 8.79578 36.8891 -12.1311 -7.42772 -14.7622 -21.6483 -1.18257 34.9988 -21.0379 7.28091 8.64507 2.54895 0 0 0 0.440217 2.26787 0 0 0 0 0 0.0136075 2.384 303 49 2 2 0
./complex_md-fit_299.pdb BC A 8.03914 34.2175 -8.24982 -6.267 -11.1245 -22.1205 -1.0225 37.5755 -21.7041 5.85481 7.29434 2.8715 0 0 0 0.369687 2.18124 0.0229414 0 0 0 0 0 2.384 303 47 1 1 0
./complex_md-fit_29.pdb BC A 6.81983 32.2606 -8.12756 -4.3632 -8.25161 -18.7514 -0.394314 32.2593 -19.5867 1.85611 6.37868 2.37762 0 0 0 0.348001 2.05392 0 0 0 0 0 0 2.384 303 51 0 0 0
./complex_md-fit_2.pdb BC A 7.35948 30.9065 -14.1074 -8.8767 -7.73642 -24.7631 -0.751904 41.5901 -26.0025 3.46496 5.91572 2.61769 0 0 0 0.472403 2.36416 -0.0377536 0 0 0 0 0 2.384 303 51 0 0 0
./complex_md-fit_300.pdb BC A 8.81498 40.173 -12.6226 -6.58732 -12.4026 -22.8371 -1.09754 36.1401 -22.7602 7.0278 6.8626 2.91649 0 0 0 0.0903263 2.22549 0.0248955 0 0 0 0 0 2.384 303 49 1 1 0
./complex_md-fit_301.pdb BC A 6.84667 35.0428 -8.20375 -6.07473 -11.9138 -22.7598 -1.11393 38.3137 -22.2657 6.98242 7.80294 2.25342 0 0 0 0.571762 2.34778 0 0 0 0 0 0 2.384 303 48 1 1 0
./complex_md-fit_302.pdb BC A 7.52553 36.8579 -9.55128 -6.19428 -11.3259 -22.1368 -0.983833 36.8068 -21.8455 5.0769 6.87986 3.75716 0 0 0 0.393784 2.13992 0 0 0 0 0 0.0204898 2.384 303 47 1 1 0
./complex_md-fit_303.pdb BC A 6.35221 39.3138 -6.29708 -8.68565 -13.1524 -22.6682 -1.13261 40.4812 -21.9248 8.14596 8.30154 4.10456 0 0 0 0.201947 2.54855 0.0237646 0 0 0 0 0.00755916 2.384 303 50 3 3 0
./complex_md-fit_304.pdb BC A 7.81371 38.47 -16.067 -8.46977 -14.576 -21.4701 -1.10815 34.9907 -21.3976 3.36891 8.34071 4.05526 0 0 0 0.179215 2.28794 0.0199126 0 0 0 0 0 2.384 303 48 1 1 0
./complex_md-fit_305.pdb BC A 6.37112 37.5824 -6.10269 -6.66443 -10.6915 -22.125 -1.19472 37.2193 -21.6209 7.18692 9.03137 2.60343 0 0 0 0.131504 2.25156 0.0213483 0 0 0 0 0 2.384 303 49 2 2 0
./complex_md-fit_306.pdb BC A 7.6984 32.0638 -12.0134 -6.63037 -14.0526 -21.9126 -1.23413 37.4281 -21.1731 6.67965 7.20336 1.37797 0 0 0 0.300199 3.24154 0 0 0 0 0 0 2.384 303 50 2 2 0
./complex_md-fit_307.pdb BC A 7.35124 37.5996 -9.44008 -5.16346 -14.3443 -23.4358 -1.26327 40.353 -23.5959 6.48499 9.07615 1.86863 0 0 0 0.542414 3.54057 0.0375134 0 0 0 0 0 2.384 303 51 2 2 0
./complex_md-fit_308.pdb BC A 7.19552 41.809 -12.9338 -6.61348 -16.8752 -23.444 -1.22555 39.8619 -22.7951 7.46296 7.62549 2.74812 0 0 0 0.301516 2.37788 0.0195642 0 0 0 0 0 2.384 303 47 2 2 0
./complex_md-fit_309.pdb BC A 9.62306 33.8686 -6.83386 -6.20208 -16.5545 -23.0132 -1.2427 40.1217 -21.8201 8.80085 9.25486 3.64573 0 0 0 0.131302 2.24127 0.044117 0 0 0 0 0.000266703 2.384 303 52 2 2 0
./complex_md-fit_30.pdb BC A 7.473 34.346 -11.2798 -5.88953 -10.6279 -18.7053 -0.482253 31.6655 -18.8976 1.91766 7.80448 1.70648 0 0 0 0.203834 1.61304 0.0248149 0 0 0 0 0 2.384 303 49 0 0 0
./complex_md-fit_310.pdb BC A 5.90576 28.4435 -8.46721 -6.28172 -15.3669 -21.6867 -1.34101 38.0271 -20.5431 6.83461 9.2037 2.63973 0 0 0 0.0568801 2.56133 -0.00972255 0 0 0 0 0 2.384 303 50 1 1 0
./complex_md-fit_311.pdb BC A 9.15448 35.7033 -10.7415 -7.71183 -17.7924 -22.7689 -1.26258 39.7261 -21.604 7.36184 10.2911 2.88554 0 0 0 0.133722 2.28303 0 0 0 0 0 0 2.384 303 49 1 1 0
./complex_md-fit_312.pdb BC A 8.77842 37.8435 -17.7661 -7.48017 -20.6112 -23.0001 -1.24772 39.5679 -22.1472 4.2268 9.64115 2.59721 0 0 0 0.666723 2.4647 0.0205344 0 0 0 0 0 2.384 303 49 0 0 0
./complex_md-fit_313.pdb BC A 6.46964 36.5597 -12.495 -8.38741 -12.61 -22.8047 -1.19535 38.4758 -22.525 4.68713 8.39797 3.0281 0 0 0 0.403337 2.18502 0.0351604 0 0 0 0 0 2.384 303 48 1 1 0
./complex_md-fit_314.pdb BC A 8.08099 32.3526 -7.42638 -7.9856 -16.3236 -23.3345 -1.00224 42.1687 -22.0519 8.42133 9.17206 3.17651 0 0 0 0.332897 2.3674 0 0 0 0 0 0 2.384 303 47 3 3 0
./complex_md-fit_315.pdb BC A 8.73626 32.7675 -7.69096 -7.43602 -17.1131 -23.8705 -1.37739 43.5778 -22.7258 7.49777 10.3126 3.31529 0 0 0 0.106258 3.05366 0.0221298 0 0 0 0 0 2.384 303 48 1 1 0
./complex_md-fit_316.pdb BC A 8.30887 33.7411 -10.0082 -6.60731 -15.0376 -22.2127 -1.13887 37.9607 -21.8043 8.2947 8.01667 2.08078 0 0 0 0.402113 3.22195 0.0374368 0 0 0 0 0 2.384 303 48 2 2 0
./complex_md-fit_317.pdb BC A 6.94012 39.9525 -8.70038 -6.42425 -11.9103 -21.1178 -1.04692 36.2392 -20.3627 6.738 6.71501 2.22752 0 0 0 0.241859 2.85819 0 0 0 0 0 0 2.384 303 49 2 2 0
./complex_md-fit_318.pdb BC A 7.24655 35.319 -7.18271 -6.61602 -14.4434 -21.8833 -1.22037 38.5064 -20.6572 8.54514 7.7115 2.60609 0 0 0 0.23111 2.31831 0.0373218 0 0 0 0 0 2.384 303 50 2 2 0
./complex_md-fit_319.pdb BC A 7.2444 34.9818 -6.79859 -6.29077 -13.936 -23.5267 -1.17105 41.4694 -22.5578 7.42495 8.01211 3.61154 0 0 0 0.140529 3.19481 0.0252134 0 0 0 0 0 2.384 303 53 1 1 0
./complex_md-fit_31.pdb BC A 9.14266 36.9485 -10.2691 -5.63969 -10.8251 -17.7901 -0.587852 30.6317 -18.2619 3.2211 6.18031 2.366 0 0 0 0.436357 1.49884 -1.11022e-16 0 0 0 0 0 2.384 303 45 0 0 0
./complex_md-fit_320.pdb BC A 9.34294 36.3929 -10.051 -6.15032 -13.7325 -22.5158 -1.13566 38.7496 -22.0079 6.69657 7.27767 2.24323 0 0 0 0.524034 2.32284 0 0 0 0 0 0 2.384 303 54 0 0 0
./complex_md-fit_321.pdb BC A 6.44108 42.9724 -7.05806 -8.271 -14.2278 -22.8137 -1.18057 40.6655 -22.0469 8.36476 8.95361 3.0565 0 0 0 0.441463 2.3716 0 0 0 0 0 0 2.384 303 50 1 1 0
./complex_md-fit_322.pdb BC A 9.2312 44.5166 -9.83574 -9.95665 -12.3656 -22.9277 -1.12082 38.7043 -22.5283 8.43815 8.50432 3.27928 0 0 0 0.113521 2.03188 0.0237075 0 0 0 0 0 2.384 303 49 2 2 0
./complex_md-fit_323.pdb BC A 8.60084 34.1392 -10.2202 -7.21051 -14.5188 -22.9299 -1.19844 39.1294 -22.4656 6.36741 9.16567 3.326 0 0 0 0.104704 3.09092 0.00985687 0 0 0 0 0 2.384 303 48 1 1 0
./complex_md-fit_324.pdb BC A 9.68315 32.0402 -13.523 -7.34838 -17.1781 -23.8505 -1.21566 41.9426 -23.2214 5.17965 9.72398 2.14302 0 0 0 0.301744 4.19815 0 0 0 0 0 0 2.384 303 48 1 1 0
./complex_md-fit_325.pdb BC A 8.14464 34.1249 -3.74964 -6.02318 -14.4204 -23.4472 -1.13857 42.0647 -22.2516 8.05248 9.32663 3.78871 0 0 0 0.277274 3.56314 0.0214966 0 0 0 0 0 2.384 303 50 1 1 0
./complex_md-fit_326.pdb BC A 9.53929 38.2562 -3.8399 -6.20407 -12.3793 -23.3043 -1.14516 42.1488 -21.9682 8.3348 7.37756 2.97181 0 0 0 0.283607 2.4022 0.0445389 0 0 0 0 0 2.384 303 49 3 3 0
./complex_md-fit_327.pdb BC A 8.35566 33.199 -7.90556 -5.64836 -15.8063 -23.3837 -1.1927 40.5752 -22.4686 6.65116 9.44532 3.43711 0 0 0 0.460382 3.46495 0.0248652 0 0 0 0 0 2.384 303 45 1 1 0
./complex_md-fit_328.pdb BC A 7.74733 36.9558 -10.0521 -6.62283 -16.9458 -21.9976 -1.30559 37.6556 -21.201 6.66427 10.7186 2.63196 0 0 0 0.330693 2.1063 0.0195859 0 0 0 0 0 2.384 303 47 1 1 0
./complex_md-fit_329.pdb BC A 8.1109 38.8492 -13.2439 -7.08521 -17.7811 -23.6118 -1.20515 40.898 -22.6211 4.58763 9.10103 3.77509 0 0 0 0.69353 2.41839 0 0 0 0 0 0.00527558 2.384 303 49 0 0 0
./complex_md-fit_32.pdb BC A 9.66377 35.168 -7.68561 -5.83085 -6.99636 -17.966 -0.525628 30.893 -18.6579 2.59801 5.75532 2.01511 0 0 0 0.999729 1.54793 0.0299821 0 0 0 0 0 2.384 303 50 0 0 0
./complex_md-fit_330.pdb BC A 9.0054 35.1079 -13.568 -7.15937 -17.1197 -23.0486 -1.22975 39.461 -21.6198 5.07562 8.64179 3.22087 0 0 0 0.187382 2.59677 0.0225503 0 0 0 0 0 2.384 303 51 1 1 0
./complex_md-fit_331.pdb BC A 8.81312 37.9255 -7.9958 -7.56664 -14.1975 -22.0391 -0.961406 38.8154 -21.6019 8.52301 8.08454 2.85222 0 0 0 0.0743105 2.10714 0.0212808 0 0 0 0 0 2.384 303 47 2 2 0
./complex_md-fit_332.pdb BC A 8.94705 27.5546 -13.8512 -6.58799 -15.531 -20.3612 -1.24227 34.776 -19.385 3.33063 7.80717 2.98296 0 0 0 0.34683 2.25847 0.0126425 0 0 0 0 0 2.384 303 48 0 0 0
./complex_md-fit_333.pdb BC A 8.86128 44.3225 -14.4908 -7.70436 -15.2563 -22.8896 -1.24839 39.2996 -22.4631 5.09505 7.07804 3.06185 0 0 0 0.536386 2.11163 0 0 0 0 0 0 2.384 303 49 0 0 0
./complex_md-fit_334.pdb BC A 8.02003 40.1234 -10.3377 -6.46116 -14.1871 -22.0405 -1.18727 37.993 -21.5912 5.48108 8.02605 3.36812 0 0 0 0.239849 2.30529 0.021398 0 0 0 0 0 2.384 303 50 0 0 0
./complex_md-fit_335.pdb BC A 7.8361 41.9272 -7.69151 -6.55547 -12.451 -21.58 -1.18741 38.8463 -20.6096 5.2631 7.03387 3.2993 0 0 0 0.229445 2.18363 0.0199259 0 0 0 0 0 2.384 303 48 0 0 0
./complex_md-fit_336.pdb BC A 10.3659 37.9046 -14.432 -6.68004 -16.2765 -20.6963 -1.24609 35.3132 -19.7896 3.00891 8.94122 2.78265 0 0 0 0.210721 1.99487 0 0 0 0 0 0 2.384 303 48 0 0 0
./complex_md-fit_337.pdb BC A 6.35756 38.8459 -11.1282 -6.19865 -14.2793 -21.4975 -1.14216 35.6136 -20.9597 5.48184 8.02567 3.48537 0 0 0 0.321433 2.3886 0.0211684 0 0 0 0 0 2.384 303 48 1 1 0
./complex_md-fit_338.pdb BC A 9.02108 37.5481 -4.62023 -5.62432 -11.2728 -22.68 -0.789044 40.9394 -21.902 8.607 6.12248 1.82617 0 0 0 0.150408 2.25477 0 0 0 0 0 0.00255146 2.384 303 48 4 4 0
./complex_md-fit_339.pdb BC A 8.07842 32.4572 -8.94985 -5.52819 -14.4146 -22.0471 -1.1214 40.4176 -21.3861 6.16935 6.61966 2.00399 0 0 0 0.32972 2.50841 0 0 0 0 0 0.00722158 2.384 303 50 1 1 0
./complex_md-fit_33.pdb BC A 7.76623 27.5819 -12.2151 -6.49918 -8.9603 -18.2866 -0.464105 30.5478 -18.8411 1.28299 6.08101 2.34507 0 0 0 0.573083 2.03213 0 0 0 0 0 0.00621039 2.384 303 46 0 0 0
./complex_md-fit_340.pdb BC A 10.1044 31.0083 -7.04815 -5.7211 -11.3678 -21.7176 -1.04501 37.2532 -20.8294 6.49791 6.50919 2.98239 0 0 0 0.366062 2.86262 0.0240287 0 0 0 0 0 2.384 303 48 1 1 0
./complex_md-fit_341.pdb BC A 8.69412 32.5061 -11.2415 -6.40412 -13.3292 -21.7603 -1.08691 36.574 -21.3643 4.77797 7.85883 2.99299 0 0 0 0.473614 2.44098 0.0260082 0 0 0 0 0 2.384 303 48 2 2 0
./complex_md-fit_342.pdb BC A 6.29453 30.7224 -6.00531 -4.05571 -15.1413 -22.1333 -1.07123 39.6085 -21.1969 5.2908 7.75696 4.37577 0 0 0 0.53902 2.7262 0.0221397 0 0 0 0 0 2.384 303 47 1 1 0
./complex_md-fit_343.pdb BC A 8.2292 37.1327 -12.6962 -6.8421 -13.7399 -21.6202 -1.195 36.8556 -20.9007 4.11018 6.90804 3.28669 0 0 0 0.441256 2.13778 2.77556e-17 0 0 0 0 0 2.384 303 49 0 0 0
./complex_md-fit_344.pdb BC A 10.143 31.1824 -10.9682 -5.74943 -15.1052 -21.8049 -1.17173 37.4535 -20.9345 5.5412 8.30406 2.2874 0 0 0 0.190004 2.08737 0.0213848 0 0 0 0 0 2.384 303 48 1 1 0
./complex_md-fit_345.pdb BC A 7.18418 29.8633 -7.03312 -7.17885 -11.8405 -21.8653 -0.991414 37.6263 -21.3985 8.1185 7.64134 2.48201 0 0 0 0.33905 2.2197 0.0241268 0 0 0 0 0.0101167 2.384 303 49 1 1 0
./complex_md-fit_346.pdb BC A 10.2594 33.8445 -15.0493 -7.03414 -14.5456 -20.7128 -1.09102 34.7407 -20.2074 2.5349 7.29613 3.57467 0 0 0 0.373627 3.54491 0.0217445 0 0 0 0 0 2.384 303 45 0 0 0
./complex_md-fit_347.pdb BC A 7.83739 34.8668 -5.22461 -7.05409 -12.2147 -22.2192 -1.19349 38.4757 -21.6666 8.55243 8.22255 3.64099 0 0 0 0.205827 2.33381 0.0259287 0 0 0 0 0 2.384 303 44 2 2 0
./complex_md-fit_348.pdb BC A 7.22702 33.6111 -11.3227 -7.08825 -12.7596 -22.6651 -1.18779 38.0152 -22.3265 6.35508 7.34476 2.75843 0 0 0 0.192 2.40619 0.0391089 0 0 0 0 0 2.384 303 48 1 1 0
./complex_md-fit_349.pdb BC A 12.0761 28.7425 -10.5184 -5.91483 -13.3408 -22.4076 -1.16134 38.4026 -21.8115 4.42647 8.19745 2.94068 0 0 0 0.101733 2.71194 0.048679 0 0 0 0 0 2.384 303 50 0 0 0
./complex_md-fit_34.pdb BC A 7.14544 33.4486 -8.28179 -6.31135 -8.96134 -18.278 -0.299259 30.6802 -18.8976 2.94164 7.14287 3.01762 0 0 0 0.659099 1.69906 0.0242687 0 0 0 0 0 2.384 303 46 0 0 0
./complex_md-fit_350.pdb BC A 7.31364 30.8222 -13.8493 -6.83638 -15.5988 -21.2553 -1.35248 36.1509 -20.3531 6.12164 6.17503 2.89594 0 0 0 0.173228 2.43068 0.0300852 0 0 0 0 0 2.384 303 46 2 2 0
./complex_md-fit_351.pdb BC A 6.64245 39.4286 -3.03164 -5.42279 -10.2779 -21.692 -0.97606 38.2149 -21.2051 8.43329 7.16015 2.56017 0 0 0 0.173672 3.78376 0 0 0 0 0 1.11022e-16 2.384 303 48 4 4 0
./complex_md-fit_352.pdb BC A 6.60844 41.9049 -5.90956 -4.92004 -11.1404 -21.8192 -1.08538 37.3695 -21.5737 7.39268 7.11684 2.49423 0 0 0 0.205995 2.48095 0.0409531 0 0 0 0 0.00896264 2.384 303 47 2 2 0
./complex_md-fit_353.pdb BC A 7.23325 34.9394 -10.476 -6.08045 -13.8007 -22.5411 -0.918723 37.623 -22.1004 6.25237 7.53815 3.33157 0 0 0 0.187631 2.44951 0.0217312 0 0 0 0 0.0108599 2.384 303 46 0 0 0
./complex_md-fit_354.pdb BC A 7.75587 36.7098 -17.5706 -7.82421 -18.0949 -22.6938 -1.12111 38.8736 -22.0062 2.84212 9.28265 2.96956 0 0 0 0.201705 2.18154 0 0 0 0 0 0 2.384 303 47 0 0 0
./complex_md-fit_355.pdb BC A 7.90721 31.6268 -4.69952 -7.36952 -12.4908 -22.4507 -1.06953 40.3897 -21.9306 7.68354 9.41128 2.92097 0 0 0 0.194082 3.28242 0.0068101 0 0 0 0 0.00529265 2.384 303 47 2 2 0
./complex_md-fit_356.pdb BC A 7.2611 34.4903 -7.05726 -6.41039 -12.873 -22.8179 -1.02179 39.5033 -22.5245 7.42107 8.7243 2.50933 0 0 0 0.391232 2.39562 0.0409912 0 0 0 0 0 2.384 303 47 2 2 0
./complex_md-fit_357.pdb BC A 7.7144 30.0897 -6.88187 -7.36477 -13.1491 -24.2577 -1.09599 42.7938 -23.6854 7.01813 9.28209 3.31824 0 0 0 0.234277 3.93575 0.0245426 0 0 0 0 0 2.384 303 52 1 1 0
./complex_md-fit_358.pdb BC A 12.0897 38.0501 -12.9953 -7.24715 -15.8752 -22.67 -1.25601 39.736 -22.2889 4.43935 8.64408 3.26443 0 0 0 0.237053 2.43439 0.0209599 0 0 0 0 0 2.384 303 49 1 1 0
./complex_md-fit_359.pdb BC A 10.4612 36.1918 -6.44355 -8.00486 -10.0041 -22.7379 -1.18524 40.6994 -22.1823 6.65253 8.01863 2.09687 0 0 0 0.183919 2.22965 0.0194261 0 0 0 0 0 2.384 303 47 0 0 0
./complex_md-fit_35.pdb BC A 8.7517 33.7835 -10.0075 -3.96139 -8.49812 -17.597 -0.555677 30.8132 -18.2631 1.14602 5.47116 1.35191 0 0 0 0.0855126 2.25846 0 0 0 0 0 0 2.384 303 44 0 0 0
./complex_md-fit_360.pdb BC A 7.76456 35.6009 -9.48995 -5.90078 -14.241 -22.5809 -1.22655 37.803 -21.8789 7.74212 7.70008 2.60317 0 0 0 0.467497 2.44319 0.0223941 0 0 0 0 0 2.384 303 47 3 3 0
./complex_md-fit_361.pdb BC A 7.53674 24.4553 -7.10878 -4.2806 -12.533 -21.8158 -1.14819 37.3248 -21.6425 7.39213 7.24123 2.15569 0 0 0 0.175574 2.24951 0.0219356 0 0 0 0 0 2.384 303 46 2 2 0
./complex_md-fit_362.pdb BC A 7.56427 33.9934 -11.986 -6.83058 -17.7414 -22.0272 -1.21124 38.0232 -20.9015 5.00952 8.5719 4.4996 0 0 0 0.621682 2.43072 0 0 0 0 0 0 2.384 303 48 0 0 0
./complex_md-fit_363.pdb BC A 9.25991 34.5761 -11.8143 -7.60459 -11.7859 -21.6153 -1.09581 35.4674 -21.0947 5.40058 7.61878 2.60776 0 0 0 0.266505 2.19414 0.0209863 0 0 0 0 0 2.384 303 47 0 0 0
./complex_md-fit_364.pdb BC A 6.92412 34.0034 -14.3723 -9.33945 -14.38 -22.5922 -1.09251 37.4104 -22.5361 5.79755 9.09691 3.11484 0 0 0 0.12852 2.21339 0.0197776 0 0 0 0 0 2.384 303 48 1 1 0
./complex_md-fit_365.pdb BC A 8.30826 44.2658 -8.12305 -5.96375 -12.2575 -21.3735 -1.12765 36.012 -20.6365 6.24306 7.23084 3.60631 0 0 0 0.122064 2.62881 0.0215142 0 0 0 0 0 2.384 303 48 0 0 0
./complex_md-fit_366.pdb BC A 9.56086 30.7858 -13.914 -7.24648 -14.0229 -22.313 -1.05662 37.2035 -22.1299 5.17106 7.13702 2.87621 0 0 0 0.460768 2.12701 0 0 0 0 0 0.00633806 2.384 303 49 1 1 0
./complex_md-fit_367.pdb BC A 8.35849 43.6885 -10.5216 -5.94815 -15.2974 -22.9237 -1.07118 40.0098 -21.8433 4.84141 8.6082 2.85764 0 0 0 0.245067 2.3741 0 0 0 0 0 0 2.384 303 51 1 1 0
./complex_md-fit_368.pdb BC A 6.61265 40.4188 -10.15 -7.41742 -14.924 -22.5828 -1.17103 37.7158 -22.5625 7.42941 9.36067 3.63635 0 0 0 0.365512 2.43202 0 0 0 0 0 0 2.384 303 48 1 1 0
./complex_md-fit_369.pdb BC A 7.51682 31.8861 -9.75413 -7.67274 -15.5923 -23.5564 -1.21285 40.9068 -23.4459 8.61032 9.74066 2.10211 0 0 0 0.366166 3.00725 0 0 0 0 0 0 2.384 303 51 3 3 0
./complex_md-fit_36.pdb BC A 7.98311 32.699 -0.42616 -5.54262 -6.20077 -18.1921 -0.563606 31.4099 -18.3495 6.85691 6.46744 3.20902 0 0 0 0.444337 1.91163 0.0279652 0 0 0 0 0.00686792 2.384 303 48 0 0 0
./complex_md-fit_370.pdb BC A 8.37891 39.2782 -7.97187 -7.46595 -13.0072 -23.5165 -1.09833 39.663 -23.3403 9.29513 8.14221 2.57809 0 0 0 0.77799 3.41768 0 0 0 0 0 0 2.384 303 49 2 2 0
./complex_md-fit_371.pdb BC A 5.94149 36.6766 -7.83445 -6.66814 -14.5217 -24.2838 -1.14802 42.6653 -23.8475 6.98465 9.69183 3.15168 0 0 0 0.119333 3.0307 0.0218897 0 0 0 0 0 2.384 303 49 2 2 0
./complex_md-fit_372.pdb BC A 7.12208 46.04 -9.44181 -7.55627 -12.6816 -23.6849 -1.01791 40.4776 -23.4917 6.38895 8.81392 2.60379 0 0 0 0.699681 2.8873 0 0 0 0 0 0.00663025 2.384 303 50 2 2 0
./complex_md-fit_373.pdb BC A 8.16308 34.4208 -12.6737 -5.94339 -12.5074 -22.5413 -1.21467 37.6079 -22.8077 3.32511 7.97432 2.80044 0 0 0 0.614019 2.69748 0.0189498 0 0 0 0 0 2.384 303 49 1 1 0
./complex_md-fit_374.pdb BC A 9.64867 27.083 -9.61055 -7.32233 -13.6351 -22.9716 -1.14543 38.4779 -22.4669 7.31722 8.33942 3.33798 0 0 0 0.431571 2.3977 0.0207174 0 0 0 0 0.00610441 2.384 303 47 2 2 0
./complex_md-fit_375.pdb BC A 5.40327 38.8669 -13.4287 -8.79778 -14.6146 -24.2219 -1.11578 41.4241 -24.3135 5.93564 8.18732 3.77854 0 0 0 0.309227 2.69237 0 0 0 0 0 0 2.384 303 50 1 1 0
./complex_md-fit_376.pdb BC A 10.6762 38.1047 -9.23334 -6.7164 -10.9194 -23.2781 -0.996392 38.7618 -22.9648 5.57563 8.24539 2.80677 0 0 0 0.252205 3.56593 0 0 0 0 0 0 2.384 303 49 0 0 0
./complex_md-fit_377.pdb BC A 8.48444 30.1323 -9.34536 -7.7589 -11.8284 -24.0784 -1.06009 39.9334 -24.0479 6.06621 9.82585 3.17252 0 0 0 0.407083 2.46913 0.023309 0 0 0 0 0 2.384 303 50 1 1 0
./complex_md-fit_378.pdb BC A 6.15054 37.8155 -7.91788 -6.81288 -12.671 -23.4755 -1.08185 40.2391 -23.1598 5.9027 8.45715 4.20961 0 0 0 0.431683 2.84774 0.0429636 0 0 0 0 0 2.384 303 52 2 2 0
./complex_md-fit_379.pdb BC A 6.20038 37.9931 -0.594528 -6.24517 -11.7563 -23.3559 -1.17386 42.7211 -22.6757 9.76621 7.7296 4.15465 0 0 0 0.219002 2.57508 0 0 0 0 0 0.0218607 2.384 303 51 4 4 0
./complex_md-fit_37.pdb BC A 9.5969 33.386 -9.81607 -6.47001 -9.48847 -18.8521 -0.527326 31.4228 -19.5908 2.87869 7.51498 3.16189 0 0 0 0.109773 2.69575 0.0245952 0 0 0 0 0 2.384 303 44 0 0 0
./complex_md-fit_380.pdb BC A 7.15372 38.1033 -11.5385 -8.44921 -12.4305 -24.2032 -0.890451 40.5277 -23.9289 6.68283 7.60792 3.29507 0 0 0 0.244261 2.66928 0 0 0 0 0 0.00598072 2.384 303 50 1 1 0
./complex_md-fit_381.pdb BC A 7.37088 31.2945 -9.35741 -8.65052 -12.6615 -23.0602 -1.11798 41.1781 -23.0484 5.52136 9.23619 2.97084 0 0 0 0.254726 2.58997 0.0196937 0 0 0 0 0.00014099 2.384 303 50 0 0 0
./complex_md-fit_382.pdb BC A 7.66001 30.7493 -14.144 -10.0709 -14.8378 -23.6522 -1.22161 39.3673 -23.7141 6.59493 8.84634 4.17116 0 0 0 0.352098 2.47964 0.0207351 0 0 0 0 0 2.384 303 50 1 1 0
./complex_md-fit_383.pdb BC A 7.62157 32.763 -11.307 -6.08202 -14.1646 -22.1344 -1.12284 37.7451 -21.6812 4.59668 8.64443 2.20162 0 0 0 0.668173 3.42849 0.0220623 0 0 0 0 0 2.384 303 46 2 2 0
./complex_md-fit_384.pdb BC A 7.9006 41.4139 -11.794 -7.95567 -12.4667 -22.801 -1.0654 38.799 -22.6301 3.88411 8.63168 3.66253 0 0 0 0.147562 3.20692 0 0 0 0 0 0 2.384 303 48 0 0 0
./complex_md-fit_385.pdb BC A 7.14845 35.2142 -9.7357 -6.08895 -14.4455 -23.1077 -1.14984 38.662 -22.9822 6.61081 8.77745 3.61672 0 0 0 0.292955 2.66244 0.0216283 0 0 0 0 0.0569158 2.384 303 47 1 1 0
./complex_md-fit_386.pdb BC A 7.69505 33.0551 -12.6688 -7.34921 -12.4944 -23.2784 -1.05239 38.1236 -23.3014 5.13792 7.74377 3.55447 0 0 0 0.151423 3.62864 0.0390696 0 0 0 0 0.0568178 2.384 303 48 0 0 0
./complex_md-fit_387.pdb BC A 8.25207 32.5762 -9.29446 -7.70028 -11.5544 -22.8991 -1.02535 39.5388 -22.8454 5.665 8.18622 3.01566 0 0 0 0.261942 2.67224 0 0 0 0 0 0.0623777 2.384 303 49 1 1 0
./complex_md-fit_388.pdb BC A 13.3769 38.7002 -14.4395 -8.01029 -15.434 -22.5541 -1.22028 38.2146 -22.0608 3.60829 9.02215 3.68844 0 0 0 0.258586 2.80066 0 0 0 0 0 0.0478894 2.384 303 47 0 0 0
./complex_md-fit_389.pdb BC A 11.3729 37.332 -10.2477 -9.98937 -11.0992 -23.9782 -0.973434 39.8091 -23.9589 5.90408 10.1373 3.52898 0 0 0 0.292315 2.77549 0.0240251 0 0 0 0 0.0555872 2.384 303 48 1 1 0
./complex_md-fit_38.pdb BC A 12.4625 36.6373 -12.6988 -5.47899 -10.8848 -18.0819 -0.55551 30.5849 -18.7269 1.71924 6.73528 1.76365 0 0 0 0.194656 2.98748 0.0316589 0 0 0 0 0 2.384 303 46 0 0 0
./complex_md-fit_390.pdb BC A 7.51386 33.2114 -9.79896 -7.07182 -12.6042 -23.6034 -1.13771 40.1857 -23.6153 4.45879 8.72301 4.34483 0 0 0 0.521197 2.62507 0 0 0 0 0 0 2.384 303 49 0 0 0
./complex_md-fit_391.pdb BC A 11.1345 33.2165 -3.99407 -6.24947 -11.3978 -23.7945 -1.02673 42.7763 -23.0721 6.02319 8.3678 4.05156 0 0 0 0.277395 3.2379 0 0 0 0 0 0.0504367 2.384 303 51 2 2 0
./complex_md-fit_392.pdb BC A 8.27661 30.0052 -13.4623 -8.29847 -13.7744 -24.3285 -1.11602 41.6786 -24.0766 5.05664 7.85307 3.28641 0 0 0 0.206455 3.00955 0 0 0 0 0 0.0505376 2.384 303 52 1 1 0
./complex_md-fit_393.pdb BC A 9.2499 30.9872 -15.123 -9.16534 -16.5384 -22.6608 -1.22497 38.0432 -22.0063 6.0896 9.12339 2.76804 0 0 0 0.348419 3.00549 0.0468944 0 0 0 0 0.0531784 2.384 303 51 2 2 0
./complex_md-fit_394.pdb BC A 13.3853 29.1824 -14.3296 -7.58791 -16.8467 -22.4523 -1.03973 38.2852 -21.6258 5.86202 8.18095 2.3836 0 0 0 0.440944 2.29895 0.0227941 0 0 0 0 0.0474005 2.384 303 50 2 2 0
./complex_md-fit_395.pdb BC A 8.80482 31.4613 -10.7615 -5.87522 -14.1221 -22.6573 -1.19186 39.0273 -22.3102 5.93802 8.00055 1.9269 0 0 0 0.431844 2.56506 0.0214845 0 0 0 0 0.0490227 2.384 303 47 1 1 0
./complex_md-fit_396.pdb BC A 8.59667 24.7076 -6.8916 -8.11519 -10.0464 -23.0055 -1.07176 39.3539 -22.6673 8.01801 8.13727 2.31352 0 0 0 0.139626 4.3606 0 0 0 0 0 0.0523002 2.384 303 49 2 2 0
./complex_md-fit_397.pdb BC A 8.0674 32.5988 -12.6561 -7.23708 -11.5073 -21.6676 -0.841739 35.8207 -21.3634 2.78515 7.34217 3.09535 0 0 0 0.83703 2.89686 0.0203212 0 0 0 0 0.0601784 2.384 303 51 0 0 0
./complex_md-fit_398.pdb BC A 7.65722 38.6937 -17.0955 -9.35764 -15.6604 -24.0591 -0.834155 40.4158 -23.3629 3.79581 9.1581 2.39477 0 0 0 0.302879 3.68281 0.0428005 0 0 0 0 0.0685323 2.384 303 51 1 1 0
./complex_md-fit_399.pdb BC A 8.80577 37.2006 -9.72596 -8.1505 -14.1099 -23.1713 -1.03276 40.0614 -22.7593 7.56076 8.30109 3.08944 0 0 0 0.428908 2.59257 0 0 0 0 0 0.0562083 2.384 303 48 1 1 0
./complex_md-fit_39.pdb BC A 8.54873 39.0309 -6.08881 -4.99309 -9.1437 -17.1637 -0.468259 29.0094 -17.6683 4.23887 6.61604 3.34114 0 0 0 0.142759 1.79073 1.11022e-16 0 0 0 0 0 2.384 303 48 0 0 0
./complex_md-fit_3.pdb BC A 7.76633 25.642 -9.85721 -8.80781 -7.23241 -24.8364 -0.883606 41.4292 -25.9665 6.42663 6.37625 3.20945 0 0 0 0.401842 3.72527 0.00453425 0 0 0 0 0.0216103 2.384 303 46 1 1 0
./complex_md-fit_400.pdb BC A 9.20749 32.4302 -11.0074 -8.57002 -11.5728 -22.5286 -1.04518 39.064 -21.9851 2.36313 9.08793 3.64036 0 0 0 0.536726 2.6701 0 0 0 0 0 0.00211132 2.384 303 50 0 0 0
./complex_md-fit_401.pdb BC A 7.09669 41.9826 -6.00433 -6.3445 -11.083 -22.8178 -1.05107 37.9866 -22.2497 8.86496 7.33878 3.06295 0 0 0 0.288413 2.75222 0 0 0 0 0 0 2.384 303 49 1 1 0
./complex_md-fit_402.pdb BC A 9.23872 34.2186 -9.91224 -7.33857 -14.9546 -23.3716 -1.25793 40.3381 -22.9724 7.22358 8.87203 3.22597 0 0 0 0.313995 2.90738 0.00914598 0 0 0 0 0 2.384 303 51 2 2 0
./complex_md-fit_403.pdb BC A 9.94053 37.0176 -13.9592 -8.47299 -15.9331 -23.101 -1.18021 38.2923 -22.8571 5.06686 10.0608 3.61069 0 0 0 0.525407 2.12028 0.0289747 0 0 0 0 0 2.384 303 50 0 0 0
./complex_md-fit_404.pdb BC A 7.24218 35.6059 -10.9737 -6.93636 -10.0506 -22.9851 -0.927598 37.7019 -22.8673 5.58733 6.9372 2.39592 0 0 0 0.1345 2.4442 0.0364619 0 0 0 0 0 2.384 303 49 1 1 0
./complex_md-fit_405.pdb BC A 7.75305 31.4976 -7.46036 -8.57114 -12.028 -23.6012 -1.01327 41.0074 -23.1298 7.31092 8.44394 3.51055 0 0 0 0.610236 3.64677 0 0 0 0 0 0 2.384 303 48 1 1 0
./complex_md-fit_406.pdb BC A 7.4477 30.2935 -11.4153 -6.76832 -14.9512 -23.265 -1.23774 40.3505 -22.3457 5.18856 8.92945 2.22798 0 0 0 0.396334 3.47665 0.0406096 0 0 0 0 0.0191975 2.384 303 47 1 1 0
./complex_md-fit_407.pdb BC A 7.23814 39.8566 -7.93994 -7.02075 -12.7701 -22.2909 -1.10229 39.7516 -21.1959 6.20685 7.40213 2.95402 0 0 0 0.104557 2.62198 0.0207643 0 0 0 0 0 2.384 303 50 2 2 0
./complex_md-fit_408.pdb BC A 7.74582 33.5214 -6.60223 -7.28063 -12.9167 -22.8712 -1.1342 40.4707 -22.3756 7.71662 8.09282 3.36937 0 0 0 0.305967 2.39927 0.020586 0 0 0 0 0 2.384 303 48 0 0 0
./complex_md-fit_409.pdb BC A 11.375 45.8403 -13.2637 -8.46824 -16.906 -23.396 -1.20173 40.9989 -23.0835 5.78549 9.07748 3.769 0 0 0 0.12589 2.83675 0.0350521 0 0 0 0 0 2.384 303 52 0 0 0
./complex_md-fit_40.pdb BC A 6.24394 32.707 -10.3369 -6.39974 -10.3416 -17.7935 -0.554902 30.5943 -17.8635 0.858508 7.79575 3.20007 0 0 0 0.147143 2.33853 0.020518 0 0 0 0 0 2.384 303 46 0 0 0
./complex_md-fit_410.pdb BC A 9.55943 32.2085 0.528032 -7.12233 -11.5499 -23.1812 -0.987436 41.8079 -22.3276 12.6276 8.49255 2.45993 0 0 0 0.308597 3.67376 0 0 0 0 0 0 2.384 303 46 5 5 0
./complex_md-fit_411.pdb BC A 9.13479 37.0423 -7.04207 -7.67175 -11.4811 -23.6457 -1.10571 41.0235 -22.754 7.38937 7.83566 3.03085 0 0 0 0.314759 2.823 0.0220507 0 0 0 0 0 2.384 303 50 1 1 0
./complex_md-fit_412.pdb BC A 8.08006 29.786 -5.58009 -6.54844 -12.27 -23.5919 -1.06068 39.5434 -23.093 9.31928 8.1118 3.4714 0 0 0 0.538056 2.55715 0 0 0 0 0 0 2.384 303 50 4 4 0
./complex_md-fit_413.pdb BC A 5.95328 31.713 -8.49243 -8.05327 -13.7342 -23.6572 -1.14684 41.5533 -22.9108 6.97964 8.69228 3.48629 0 0 0 0.264912 2.78361 0.0334341 0 0 0 0 0 2.384 303 50 0 0 0
./complex_md-fit_414.pdb BC A 8.86717 27.4649 -2.7643 -5.83156 -11.176 -23.355 -1.03254 40.1914 -22.6499 10.7815 7.22678 2.93495 0 0 0 0.146079 2.73215 0 0 0 0 0 0 2.384 303 52 2 2 0
./complex_md-fit_415.pdb BC A 8.16128 38.0741 -13.3093 -9.25355 -16.8955 -23.0673 -1.21586 39.9595 -22.1905 6.26233 9.54994 3.09913 0 0 0 0.419048 2.38968 0.0234546 0 0 0 0 0 2.384 303 48 1 1 0
./complex_md-fit_416.pdb BC A 5.94351 31.1332 -13.5908 -8.29868 -15.7343 -22.5562 -1.09891 38.868 -21.4796 4.637 9.00592 2.76942 0 0 0 0.268733 2.33311 0.0278381 0 0 0 0 0 2.384 303 45 0 0 0
./complex_md-fit_417.pdb BC A 6.15633 27.9867 -13.0246 -7.86932 -16.4622 -22.9887 -1.18213 40.0442 -22.1305 5.18267 9.29182 2.7153 0 0 0 0.365812 2.65072 0.0084065 0 0 0 0 0 2.384 303 48 0 0 0
./complex_md-fit_418.pdb BC A 6.98617 36.1323 -10.2471 -8.38596 -15.0148 -23.1114 -0.847873 40.6601 -22.5794 6.01619 9.23633 3.41494 0 0 0 0.341698 2.18912 0.0231084 0 0 0 0 0 2.384 303 49 2 2 0
./complex_md-fit_419.pdb BC A 7.81405 33.6611 -13.2202 -7.99641 -13.7624 -23.4973 -0.996473 40.7788 -22.8565 5.26532 6.81242 2.83739 0 0 0 0.121632 2.99139 0.0191874 0 0 0 0 0.0541321 2.384 303 48 0 0 0
./complex_md-fit_41.pdb BC A 6.27039 36.2467 -6.0448 -4.621 -9.71312 -18.6357 -0.654594 32.173 -19.2353 4.57993 7.36402 2.4474 0 0 0 0.222484 1.95202 0.0280241 0 0 0 0 0 2.384 303 45 0 0 0
./complex_md-fit_420.pdb BC A 8.32928 33.6952 -9.92984 -8.09083 -12.6334 -22.94 -0.864144 39.0163 -22.9227 5.73322 8.16825 3.98286 0 0 0 0.541085 2.61967 0.021668 0 0 0 0 0.0579237 2.384 303 47 2 2 0
./complex_md-fit_421.pdb BC A 9.13691 32.6725 -8.46833 -7.73562 -11.3534 -24.4057 -0.782 42.4128 -24.0237 6.03184 8.25208 2.77336 0 0 0 0.26015 3.14588 0.0423305 0 0 0 0 0.0594643 2.384 303 48 2 2 0
./complex_md-fit_422.pdb BC A 11.7633 32.328 -12.4746 -6.71476 -10.3355 -24.2991 -0.708628 41.4018 -24.7134 2.77887 6.38359 3.0678 0 0 0 0.621898 2.85639 0 0 0 0 0 0.042848 2.384 303 51 0 0 0
./complex_md-fit_423.pdb BC A 9.54082 43.1564 -17.8202 -9.0557 -14.4636 -24.9595 -1.04448 41.0813 -25.1485 3.89094 8.24455 3.17017 0 0 0 0.403083 3.01916 0 0 0 0 0 0.0616012 2.384 303 47 0 0 0
./complex_md-fit_424.pdb BC A 6.3005 30.6777 -11.2516 -9.05628 -13.7042 -24.4207 -1.02501 42.3314 -24.3482 6.43764 8.7687 3.45448 0 0 0 0.242213 2.88337 0.0233042 0 0 0 0 0.0450522 2.384 303 49 1 1 0
./complex_md-fit_425.pdb BC A 8.02209 27.6232 -12.1089 -10.1397 -11.2513 -22.8271 -0.87753 39.2003 -22.9768 3.55159 8.91294 3.79709 0 0 0 0.445908 2.30702 5.55112e-17 0 0 0 0 0.0557247 2.384 303 50 0 0 0
./complex_md-fit_426.pdb BC A 7.81023 29.4334 -11.398 -9.10965 -13.8559 -23.9079 -0.97871 39.5655 -23.7957 7.30606 9.01576 4.11196 0 0 0 0.179544 2.67887 0.021131 0 0 0 0 0.0499813 2.384 303 52 1 1 0
./complex_md-fit_427.pdb BC A 8.5053 34.0476 -13.1631 -8.60722 -12.1708 -23.3392 -0.9453 39.8193 -23.4954 5.01468 8.17532 2.16689 0 0 0 0.140383 2.43375 0.0201356 0 0 0 0 0.0580701 2.384 303 46 0 0 0
./complex_md-fit_428.pdb BC A 7.59531 34.3456 -7.7743 -6.91341 -8.23443 -23.5049 -1.03093 41.4212 -23.2788 3.57071 7.0507 2.866 0 0 0 0.199432 2.90433 0.0258473 0 0 0 0 0.0541978 2.384 303 51 0 0 0
./complex_md-fit_429.pdb BC A 10.8576 31.2663 -10.5058 -7.53944 -10.0711 -23.0006 -1.0192 40.0116 -23.0366 4.07986 7.04812 2.50743 0 0 0 0.473865 2.49856 0.0402254 0 0 0 0 0 2.384 303 49 1 1 0
./complex_md-fit_42.pdb BC A 7.05855 38.1405 -8.76712 -6.11653 -8.59703 -17.6958 -0.892258 29.5941 -18.1208 3.89445 6.06939 2.97584 0 0 0 0.0991642 1.70008 0.02237 0 0 0 0 0 2.384 303 44 1 1 0
./complex_md-fit_430.pdb BC A 8.40603 32.0163 -13.0785 -7.4249 -11.4568 -23.3603 -0.946819 39.1432 -23.4683 4.4578 6.26987 3.15159 0 0 0 0.532913 3.21132 0.0232857 0 0 0 0 0 2.384 303 49 2 2 0
./complex_md-fit_431.pdb BC A 9.6394 32.2915 -6.71266 -6.79762 -10.9014 -24.3258 -0.986362 42.5055 -24.6427 8.00754 7.69738 2.42185 0 0 0 0.27098 2.79271 0.038056 0 0 0 0 0 2.384 303 50 1 1 0
./complex_md-fit_432.pdb BC A 6.82838 40.9789 -12.1 -8.20815 -10.8609 -22.7294 -1.00712 37.5587 -23.0492 5.36823 7.88456 2.63822 0 0 0 0.30512 2.75882 1.38778e-17 0 0 0 0 0 2.384 303 48 2 2 0
./complex_md-fit_433.pdb BC A 7.34043 36.2729 -9.97589 -7.72275 -13.7245 -23.6194 -1.07134 41.222 -23.3779 5.80677 8.27476 3.91282 0 0 0 0.300731 2.86138 0.0229093 0 0 0 0 0 2.384 303 48 2 2 0
./complex_md-fit_434.pdb BC A 6.41279 35.7743 -7.19127 -7.11066 -13.1923 -23.875 -1.02741 40.4601 -23.082 7.24597 9.43598 3.81706 0 0 0 0.0954135 2.95606 0.041636 0 0 0 0 0 2.384 303 48 2 2 0
./complex_md-fit_435.pdb BC A 8.37957 42.3932 -10.7649 -6.59355 -16.6386 -22.2396 -1.21416 38.6408 -21.4186 5.96296 10.0806 2.09489 0 0 0 0.512333 2.85504 0.0359838 0 0 0 0 0.0120192 2.384 303 49 2 2 0
./complex_md-fit_436.pdb BC A 8.46664 31.4884 -6.19622 -7.16249 -12.123 -23.0894 -1.0708 40.1526 -22.3945 7.64114 8.3818 3.4071 0 0 0 0.0613075 2.70649 0 0 0 0 0 0 2.384 303 51 1 1 0
./complex_md-fit_437.pdb BC A 7.08668 27.5413 -11.1626 -7.61701 -15.1829 -23.8448 -1.1425 40.854 -23.2692 6.73493 9.2688 2.50982 0 0 0 0.463395 4.12129 0.0408739 0 0 0 0 0.0219396 2.384 303 48 1 1 0
./complex_md-fit_438.pdb BC A 10.1225 27.1294 -9.65584 -7.58595 -12.2796 -23.2327 -0.893136 40.4022 -22.7943 4.8751 8.15601 3.33839 0 0 0 0.336309 2.81386 0.021823 0 0 0 0 0 2.384 303 51 1 1 0
./complex_md-fit_439.pdb BC A 9.85426 40.9974 -7.14398 -8.24885 -13.1403 -23.3005 -1.02783 41.2871 -22.783 6.21152 9.20434 4.04512 0 0 0 0.608352 3.87955 0 0 0 0 0 0 2.384 303 49 2 2 0
./complex_md-fit_43.pdb BC A 6.93719 33.041 -10.9634 -4.86389 -9.19013 -18.4653 -0.663509 30.8786 -19.3083 2.33356 6.00131 2.07705 0 0 0 0.237243 2.13875 0 0 0 0 0 0 2.384 303 47 0 0 0
./complex_md-fit_440.pdb BC A 8.39177 32.1324 -11.6111 -8.41592 -14.0146 -24.2176 -0.881776 42.4785 -22.9264 4.67954 7.75697 3.65482 0 0 0 0.215941 3.06541 0.0398997 0 0 0 0 0.0194893 2.384 303 52 0 0 0
./complex_md-fit_441.pdb BC A 10.1999 38.316 -12.5739 -8.36816 -16.2172 -24.3362 -1.21399 42.7732 -23.5367 7.07368 9.53129 1.58377 0 0 0 0.136478 2.82337 0 0 0 0 0 0 2.384 303 50 1 1 0
./complex_md-fit_442.pdb BC A 8.71865 30.3784 -7.29415 -6.88118 -13.7117 -23.112 -1.18943 40.4252 -22.4438 7.07621 7.72789 4.20788 0 0 0 0.582152 2.76394 0.0247101 0 0 0 0 0 2.384 303 50 2 2 0
./complex_md-fit_443.pdb BC A 6.87043 35.2665 -9.18108 -6.21651 -14.7945 -22.6677 -1.26574 39.2796 -21.9509 5.63795 8.93765 3.7795 0 0 0 0.0553219 2.39729 0.0132863 0 0 0 0 0.0109329 2.384 303 48 2 2 0
./complex_md-fit_444.pdb BC A 7.73558 29.6325 -1.54165 -4.15041 -10.1754 -22.6565 -1.22021 40.6644 -21.8916 6.43961 8.51605 2.65212 0 0 0 0.251808 3.88526 0 0 0 0 0 0.0286208 2.384 303 47 1 1 0
./complex_md-fit_445.pdb BC A 6.87743 31.3419 -7.80631 -7.31929 -14.8966 -23.1336 -1.18962 40.7233 -22.2267 7.24428 9.59562 3.174 0 0 0 0.203017 3.39798 0 0 0 0 0 0.0192272 2.384 303 48 1 1 0
./complex_md-fit_446.pdb BC A 8.21212 32.8933 -9.93567 -7.1854 -13.5148 -22.7705 -1.03673 40.0508 -22.0296 4.41187 8.63236 3.12437 0 0 0 0.339989 2.66839 0.0365212 0 0 0 0 0.00534087 2.384 303 50 0 0 0
./complex_md-fit_447.pdb BC A 7.86414 40.2789 -13.3879 -7.36855 -13.9941 -23.0856 -1.18553 38.7744 -22.9253 5.20668 8.31557 2.44272 0 0 0 0.411129 3.67118 0.0205796 0 0 0 0 0 2.384 303 49 0 0 0
./complex_md-fit_448.pdb BC A 7.31119 40.9871 -12.0669 -7.37789 -15.4056 -22.7437 -1.05191 39.1841 -22.1256 5.3703 8.96356 2.60539 0 0 0 0.486604 2.30043 0.0193491 0 0 0 0 0.00848408 2.384 303 48 1 1 0
./complex_md-fit_449.pdb BC A 7.67127 29.1352 -10.5807 -6.07817 -15.9478 -23.709 -0.899306 42.3803 -23.1842 3.9476 9.30539 2.88138 0 0 0 0.71293 2.46286 0.0102349 0 0 0 0 0 2.384 303 47 0 0 0
./complex_md-fit_44.pdb BC A 6.83298 35.9396 -15.5454 -5.68024 -11.1397 -17.9098 -0.689232 29.4483 -18.7946 0.346332 6.52588 2.12336 0 0 0 0.224235 1.57511 0 0 0 0 0 0 2.384 303 48 0 0 0
./complex_md-fit_450.pdb BC A 7.59135 33.7467 -11.1442 -7.17944 -15.2646 -22.3861 -1.10177 38.9777 -21.8687 5.41677 8.17593 3.66439 0 0 0 0.38376 2.72979 0.0200197 0 0 0 0 0.0178527 2.384 303 48 1 1 0
./complex_md-fit_451.pdb BC A 5.88736 42.2624 -7.38234 -5.18437 -11.9269 -21.7188 -1.01204 37.0833 -21.313 6.64091 6.727 3.19921 0 0 0 0.116594 2.19782 0 0 0 0 0 0.00579459 2.384 303 48 3 3 0
./complex_md-fit_452.pdb BC A 8.36739 27.221 -14.8103 -6.82069 -16.5977 -23.696 -1.18183 42.4975 -22.3114 3.16406 7.34309 2.34667 0 0 0 0.378757 3.4226 0.0256 0 0 0 0 0.041611 2.384 303 51 0 0 0
./complex_md-fit_453.pdb BC A 7.64796 37.3586 -8.48308 -7.64107 -14.4582 -22.9206 -1.36719 40.8395 -21.6587 6.96852 8.11804 3.3081 0 0 0 0.307718 2.45737 0 0 0 0 0 0.0207062 2.384 303 49 2 2 0
./complex_md-fit_454.pdb BC A 5.62869 34.8331 -14.6233 -7.33603 -14.4245 -21.9943 -1.14261 37.3167 -21.3195 4.57689 7.16433 2.19913 0 0 0 0.331429 2.20324 0 0 0 0 0 0.00520438 2.384 303 48 2 2 0
./complex_md-fit_455.pdb BC A 8.84281 43.5907 -13.954 -7.14311 -15.3672 -22.684 -1.01368 38.2189 -21.9163 4.61519 7.96597 2.86717 0 0 0 0.484158 2.34434 0.0190458 0 0 0 0 0 2.384 303 48 0 0 0
./complex_md-fit_456.pdb BC A 6.22539 32.7835 -8.88454 -7.85516 -11.8296 -22.8891 -1.0117 39.694 -22.6274 6.62681 8.32383 2.5808 0 0 0 0.102839 2.33988 0 0 0 0 0 0 2.384 303 45 1 1 0
./complex_md-fit_457.pdb BC A 8.46734 29.0636 -13.0378 -7.89889 -16.3797 -22.5131 -1.14645 38.0184 -22.2825 7.36936 8.4893 3.11926 0 0 0 0.167005 2.46159 0.0195524 0 0 0 0 0 2.384 303 47 4 4 0
./complex_md-fit_458.pdb BC A 5.62938 38.0345 -11.4483 -7.42886 -12.8643 -22.4943 -1.03732 38.0072 -21.9511 5.5055 7.93208 2.59326 0 0 0 0.267798 2.45533 0.0217968 0 0 0 0 0 2.384 303 47 0 0 0
./complex_md-fit_459.pdb BC A 11.0476 33.9259 -12.0084 -6.54708 -14.2263 -22.5422 -1.13116 38.3748 -22.5743 6.45693 6.57151 3.15741 0 0 0 0.405565 3.20867 0.0409858 0 0 0 0 0.00539215 2.384 303 49 1 1 0
./complex_md-fit_45.pdb BC A 6.32431 35.6048 -11.5311 -6.27205 -10.8516 -17.8086 -0.689445 30.2973 -18.3452 2.1261 6.92695 2.87525 0 0 0 0.203601 1.89192 5.55112e-17 0 0 0 0 0.00662959 2.384 303 47 0 0 0
./complex_md-fit_460.pdb BC A 8.38376 26.2406 -8.55825 -6.20528 -13.8973 -21.3349 -1.12764 36.5765 -21.0363 7.60851 7.26614 3.43907 0 0 0 0.114687 2.81229 0 0 0 0 0 0.0382663 2.384 303 45 1 1 0
./complex_md-fit_461.pdb BC A 9.95575 39.2514 -14.149 -5.95607 -13.9901 -22.0845 -1.04752 37.7973 -22.0095 3.5042 7.00675 2.1641 0 0 0 0.435081 3.24766 0.0311768 0 0 0 0 0 2.384 303 48 0 0 0
./complex_md-fit_462.pdb BC A 7.2904 27.1722 -15.611 -6.97896 -16.0722 -22.5368 -1.13736 37.4975 -22.0302 4.81991 8.11564 2.62697 0 0 0 0.0547227 2.68339 0.028937 0 0 0 0 0.000919442 2.384 303 49 0 0 0
./complex_md-fit_463.pdb BC A 8.46804 26.7825 -16.5385 -8.43968 -16.0995 -21.9874 -1.03256 37.9801 -21.2086 1.54623 9.59326 2.63483 0 0 0 0.429205 2.48522 0.0388907 0 0 0 0 0.00672166 2.384 303 47 0 0 0
./complex_md-fit_464.pdb BC A 8.66046 34.9666 -13.5837 -8.68233 -13.5 -22.364 -0.948538 37.6387 -22.1027 5.1301 8.14961 2.38076 0 0 0 0.689252 2.52335 0.0194124 0 0 0 0 0.00614835 2.384 303 47 0 0 0
./complex_md-fit_465.pdb BC A 9.06029 31.3363 -5.16088 -8.25082 -13.05 -21.7766 -1.08688 39.2241 -20.6944 6.7462 9.77906 3.44082 0 0 0 0.507579 2.84621 0 0 0 0 0 0 2.384 303 47 3 3 0
./complex_md-fit_466.pdb BC A 8.42522 31.7352 -10.776 -7.01289 -15.3084 -23.4513 -0.870811 41.4988 -22.6985 5.61074 7.86896 3.31709 0 0 0 0.269599 2.61748 0.000702316 0 0 0 0 0 2.384 303 48 2 2 0
./complex_md-fit_467.pdb BC A 9.44911 35.4369 -9.11418 -5.8718 -13.6154 -22.0234 -1.05069 38.4844 -21.4844 6.62019 7.68628 1.63736 0 0 0 0.503337 3.80533 0 0 0 0 0 0 2.384 303 45 3 3 0
./complex_md-fit_468.pdb BC A 7.70038 38.5326 -16.9273 -8.56329 -15.0243 -22.0753 -0.990392 37.1729 -21.6841 3.26427 7.49616 3.02311 0 0 0 0.418077 2.48844 0.0356148 0 0 0 0 0 2.384 303 48 0 0 0
./complex_md-fit_469.pdb BC A 8.40972 33.9167 -13.0728 -7.65659 -13.806 -23.1223 -1.0622 39.5038 -22.9377 5.88459 7.47929 2.05068 0 0 0 0.572831 3.02523 0.0208211 0 0 0 0 0 2.384 303 48 1 1 0
./complex_md-fit_46.pdb BC A 8.44656 31.5034 -4.17306 -4.68628 -7.17017 -17.6484 -0.769686 32.2527 -17.8791 3.39274 6.02201 2.19445 0 0 0 0.0976898 2.01786 0.0209358 0 0 0 0 0 2.384 303 46 0 0 0
./complex_md-fit_470.pdb BC A 9.31797 26.6776 -1.99924 -5.6943 -9.97416 -22.2403 -1.14364 39.3251 -21.7028 7.80276 8.6993 2.66204 0 0 0 0.246581 2.30579 0.0201734 0 0 0 0 0 2.384 303 48 1 1 0
./complex_md-fit_471.pdb BC A 7.25087 29.1495 -15.1 -8.45413 -12.5265 -21.058 -0.956838 35.8534 -20.5925 3.27639 7.42959 1.70412 0 0 0 0.224459 2.23503 2.77556e-17 0 0 0 0 0 2.384 303 45 1 1 0
./complex_md-fit_472.pdb BC A 9.38627 29.7914 -15.6693 -7.97467 -16.0882 -21.178 -1.06726 36.4667 -20.6216 4.98805 7.33868 2.3102 0 0 0 0.168246 2.19318 -0.0115576 0 0 0 0 0 2.384 303 46 2 2 0
./complex_md-fit_473.pdb BC A 8.84866 36.2498 -14.5613 -6.27683 -14.8078 -21.4934 -0.951685 37.6992 -20.9207 3.04256 6.80668 2.16491 0 0 0 0.177022 2.61677 -0.00118884 0 0 0 0 0 2.384 303 48 0 0 0
./complex_md-fit_474.pdb BC A 6.96364 23.2126 -9.24562 -6.91329 -13.4499 -21.7259 -1.16264 37.4539 -21.514 7.47843 7.40857 3.09365 0 0 0 0.077428 2.51563 0 0 0 0 0 0.00812 2.384 303 48 3 3 0
./complex_md-fit_475.pdb BC A 11.0405 42.091 -15.6699 -7.10547 -14.2854 -21.4574 -1.01083 36.6381 -20.6936 3.35382 7.12225 1.59489 0 0 0 0.173765 2.36417 5.55112e-17 0 0 0 0 0 2.384 303 49 0 0 0
./complex_md-fit_476.pdb BC A 8.15622 31.105 -14.49 -7.83805 -15.152 -22.4064 -1.07426 37.9163 -22.4031 4.98607 7.72676 3.40281 0 0 0 0.351871 3.31378 0 0 0 0 0 0 2.384 303 46 2 2 0
./complex_md-fit_477.pdb BC A 8.12954 33.5465 -16.9174 -7.67491 -14.2787 -19.8476 -0.999159 34.1135 -19.1596 2.33932 6.12018 2.09672 0 0 0 0.372903 2.35355 0 0 0 0 0 0 2.384 303 49 0 0 0
./complex_md-fit_478.pdb BC A 7.13885 37.6978 -13.5867 -8.52465 -15.8911 -21.4533 -1.28921 37.6433 -20.7672 5.86216 8.48078 2.18419 0 0 0 0.159624 2.27015 -0.0110053 0 0 0 0 0.0197989 2.384 303 49 0 0 0
./complex_md-fit_479.pdb BC A 6.30629 36.4114 -6.05284 -5.24285 -10.7201 -20.5159 -0.87549 35.4863 -20.1362 6.51355 6.76132 2.31208 0 0 0 0.344406 1.96265 0.0199744 0 0 0 0 0 2.384 303 47 1 1 0
./complex_md-fit_47.pdb BC A 7.90449 40.4537 -12.5986 -7.26571 -15.3652 -18.0804 -0.784276 32.7472 -18.1103 2.14287 8.43467 3.4835 0 0 0 0.192553 1.87128 -5.55112e-17 0 0 0 0 0.00655779 2.384 303 47 0 0 0
./complex_md-fit_480.pdb BC A 7.62431 35.6114 -5.42073 -6.19811 -9.07684 -20.7387 -0.940803 35.6409 -20.3063 6.10853 6.43017 3.49032 0 0 0 0.17011 2.31045 0 0 0 0 0 0 2.384 303 46 1 1 0
./complex_md-fit_481.pdb BC A 7.09032 28.9807 -9.94223 -5.33162 -9.60903 -19.6463 -0.964027 32.5967 -19.0815 4.36426 4.84076 2.60185 0 0 0 0.286739 1.92257 -1.38778e-17 0 0 0 0 0 2.384 303 46 0 0 0
./complex_md-fit_482.pdb BC A 9.43722 36.0686 -15.2991 -7.19776 -15.1058 -19.881 -1.10218 33.1135 -19.0317 4.26179 6.81564 2.36437 0 0 0 0.463942 2.31768 0 0 0 0 0 0 2.384 303 46 2 2 0
./complex_md-fit_483.pdb BC A 7.37532 35.1495 -3.88583 -6.25253 -11.2794 -21.9407 -1.01364 40.5369 -21.2505 7.19953 6.91512 2.74249 0 0 0 0.46597 2.30191 -0.014303 0 0 0 0 0.00526315 2.384 303 48 2 2 0
./complex_md-fit_484.pdb BC A 6.22925 33.1805 -14.8919 -7.05445 -11.7495 -21.6453 -0.898256 35.9433 -21.0784 2.57307 5.9553 2.92193 0 0 0 0.140479 2.76966 1.11022e-16 0 0 0 0 0 2.384 303 47 0 0 0
./complex_md-fit_485.pdb BC A 6.08375 37.1672 -4.11161 -5.87575 -8.84947 -20.952 -0.722878 38.0538 -20.5718 6.19482 5.42833 3.10385 0 0 0 0.079014 2.06453 0.00048324 0 0 0 0 0 2.384 303 49 2 2 0
./complex_md-fit_486.pdb BC A 6.45779 36.6 -9.31603 -7.90026 -9.67755 -21.0606 -0.831313 35.6282 -20.9205 5.29584 7.08628 2.70451 0 0 0 0.359349 2.06128 0 0 0 0 0 0 2.384 303 45 1 1 0
./complex_md-fit_487.pdb BC A 9.98024 29.726 -7.61745 -7.86817 -11.8993 -21.9229 -0.88734 38.0951 -21.3114 7.53554 7.61581 2.75614 0 0 0 0.269155 2.17951 0 0 0 0 0 0 2.384 303 47 3 3 0
./complex_md-fit_488.pdb BC A 6.92173 28.8094 -7.3217 -6.97581 -10.2482 -22.5201 -0.990513 39.2681 -22.2663 5.09083 7.15896 3.53551 0 0 0 0.59399 2.35551 0.0269843 0 0 0 0 0.004901 2.384 303 46 1 1 0
./complex_md-fit_489.pdb BC A 8.06935 31.0571 -7.31819 -6.90072 -10.1344 -20.5705 -0.801085 34.9435 -20.1341 7.09739 5.83004 3.20196 0 0 0 0.13087 2.11796 0 0 0 0 0 0.0188892 2.384 303 48 2 2 0
./complex_md-fit_48.pdb BC A 9.64515 27.2484 -8.31346 -5.41986 -10.2951 -17.8403 -0.718263 31.4665 -17.2014 3.22921 6.43999 1.78351 0 0 0 0.227851 2.07648 0 0 0 0 0 0.0145021 2.384 303 47 0 0 0
./complex_md-fit_490.pdb BC A 7.68697 33.3056 -9.47724 -7.25009 -12.2048 -21.9048 -0.952657 36.1617 -21.8708 8.33322 7.55612 2.36393 0 0 0 0.302029 2.24813 -0.0110969 0 0 0 0 0 2.384 303 46 3 3 0
./complex_md-fit_491.pdb BC A 8.80158 30.7764 -13.1641 -7.22131 -16.9569 -22.4724 -1.21019 40.2308 -21.4927 4.22162 8.73248 2.91389 0 0 0 0.0912766 2.57809 -0.000627174 0 0 0 0 0 2.384 303 48 0 0 0
./complex_md-fit_492.pdb BC A 8.43406 34.8174 -10.1468 -6.56131 -16.8134 -22.0573 -1.18779 39.5223 -20.898 4.94416 8.55602 3.56561 0 0 0 0.759467 2.16621 0.0234348 0 0 0 0 0 2.384 303 48 2 2 0
./complex_md-fit_493.pdb BC A 6.42386 36.0599 -14.7011 -7.3289 -16.1063 -21.3789 -1.08966 37.2834 -20.6131 3.87639 7.57728 2.97393 0 0 0 0.0741299 2.33418 0.0246519 0 0 0 0 0.00596676 2.384 303 47 0 0 0
./complex_md-fit_494.pdb BC A 7.73835 38.7541 -10.4344 -5.62765 -15.8135 -23.0005 -1.0144 39.9603 -22.1775 4.91932 8.6979 3.407 0 0 0 0.254762 2.68398 -0.0401716 0 0 0 0 0 2.384 303 46 0 0 0
./complex_md-fit_495.pdb BC A 7.46138 29.2037 -12.9837 -7.75495 -16.4618 -23.1895 -1.21247 40.4497 -21.9769 5.37198 8.50127 3.17757 0 0 0 0.104532 2.46814 0 0 0 0 0 0.00691662 2.384 303 49 2 2 0
./complex_md-fit_496.pdb BC A 6.89601 34.2025 -11.2275 -8.29272 -15.8793 -21.1481 -1.16996 37.3859 -20.4632 5.38429 8.11832 4.19314 0 0 0 0.644063 2.36025 1.38778e-17 0 0 0 0 0 2.384 303 46 1 1 0
./complex_md-fit_497.pdb BC A 6.59419 32.0547 -6.34499 -4.3815 -15.5267 -22.3302 -1.21281 40.7027 -21.5822 6.77947 8.64857 2.33188 0 0 0 0.201906 3.79664 0.0238963 0 0 0 0 0 2.384 303 49 2 2 0
./complex_md-fit_498.pdb BC A 7.39104 37.5538 -12.6332 -7.37592 -16.5735 -20.3782 -1.16165 35.9524 -19.4832 6.35029 7.20962 2.13942 0 0 0 0.680705 2.29723 0 0 0 0 0 0.00680225 2.384 303 46 2 2 0
./complex_md-fit_499.pdb BC A 9.44495 30.9062 -5.45097 -7.16711 -10.0305 -21.565 -1.19131 37.8348 -21.2565 7.07711 7.01571 3.35543 0 0 0 0.45094 2.15768 0.0254559 0 0 0 0 0 2.384 303 51 2 2 0
./complex_md-fit_49.pdb BC A 8.05752 39.9415 -9.34979 -5.54893 -12.0361 -19.7852 -0.838794 33.3267 -19.9359 4.59747 7.42995 2.53785 0 0 0 0.881399 2.46622 0.0160111 0 0 0 0 0.00578749 2.384 303 46 2 2 0
./complex_md-fit_4.pdb BC A 7.23572 34.1154 -14.453 -8.99609 -11.3342 -22.1882 -0.758793 37.7435 -22.3515 3.01702 5.27255 4.41169 0 0 0 0.74528 2.99962 -0.0189679 0 0 0 0 0.00465021 2.384 303 49 0 0 0
./complex_md-fit_500.pdb BC A 8.25458 38.5399 -15.2807 -6.10632 -15.3988 -22.1237 -1.11865 38.4498 -21.7865 2.05934 7.19347 2.37547 0 0 0 1.17513 3.5293 0 0 0 0 0 0 2.384 303 47 0 0 0
./complex_md-fit_501.pdb BC A 7.93776 34.0901 -14.8115 -6.53576 -15.7818 -21.5802 -1.1492 38.0965 -20.6157 2.22499 7.18439 2.8673 0 0 0 0.478085 2.16738 -1.11022e-16 0 0 0 0 0 2.384 303 47 0 0 0
./complex_md-fit_502.pdb BC A 6.93106 33.0857 -4.80789 -7.07415 -10.4356 -21.003 -1.0269 38.8704 -20.1943 6.40278 6.85155 2.63349 0 0 0 0.145211 2.43828 0.022715 0 0 0 0 0 2.384 303 47 3 3 0
./complex_md-fit_503.pdb BC A 6.07367 40.39 -8.95023 -5.68977 -14.3646 -21.3455 -1.08651 37.7486 -20.7371 5.81964 7.78204 2.45651 0 0 0 0.44055 2.63243 0.0258775 0 0 0 0 0 2.384 303 46 2 2 0
./complex_md-fit_504.pdb BC A 9.32294 36.5834 -18.0068 -7.78158 -16.4855 -21.2148 -1.11217 36.086 -20.714 3.33939 8.09692 1.36115 0 0 0 0.391159 2.39528 0.0205934 0 0 0 0 0.00603389 2.384 303 50 0 0 0
./complex_md-fit_505.pdb BC A 10.6245 39.104 -14.2108 -6.83145 -14.6161 -20.4651 -1.22717 36.0733 -19.9252 2.07522 7.64488 2.99773 0 0 0 0.0399429 2.03524 0.0231309 0 0 0 0 0 2.384 303 48 0 0 0
./complex_md-fit_506.pdb BC A 8.22167 38.1653 -11.409 -5.57839 -15.7011 -19.798 -1.05918 34.9434 -18.5812 4.43306 6.70439 2.81714 0 0 0 0.383363 3.18274 0.0211215 0 0 0 0 0.00639115 2.384 303 46 2 2 0
./complex_md-fit_507.pdb BC A 7.00006 32.6343 -8.77723 -6.52572 -11.6401 -21.4026 -1.07976 38.0474 -20.6346 4.51289 6.86268 2.68214 0 0 0 0.410703 1.97785 -0.0102756 0 0 0 0 0 2.384 303 49 0 0 0
./complex_md-fit_508.pdb BC A 7.88096 36.5485 -6.95066 -5.99709 -10.7188 -21.4249 -0.959213 37.0079 -20.6778 5.647 7.01708 2.61646 0 0 0 0.538574 1.9134 0 0 0 0 0 0 2.384 303 47 3 3 0
./complex_md-fit_509.pdb BC A 7.11912 34.7246 -13.3929 -8.48281 -13.8097 -21.5345 -1.16918 37.5817 -20.9703 3.82107 8.27128 2.69539 0 0 0 0.183329 2.06703 0 0 0 0 0 0.0207875 2.384 303 47 0 0 0
./complex_md-fit_50.pdb BC A 7.51169 29.3434 -8.55904 -6.48078 -7.36279 -18.9103 -0.589879 32.8572 -19.2033 3.99006 4.85078 1.98224 0 0 0 0.29765 1.99306 0 0 0 0 0 0.0101065 2.384 303 45 0 0 0
./complex_md-fit_510.pdb BC A 8.30922 21.6387 -12.7764 -7.59207 -11.5884 -21.6038 -0.938143 36.2287 -21.4009 4.51239 6.77464 2.64909 0 0 0 0.182157 2.03075 5.55112e-17 0 0 0 0 0 2.384 303 46 1 1 0
./complex_md-fit_511.pdb BC A 7.48623 30.3525 -12.3064 -6.04952 -10.3942 -19.7313 -0.879391 32.324 -18.8466 1.64312 5.82402 3.63676 0 0 0 0.166706 2.1791 0 0 0 0 0 0 2.384 303 44 0 0 0
./complex_md-fit_512.pdb BC A 8.12267 37.3241 -11.3078 -6.28583 -11.1892 -21.6414 -0.964944 36.0831 -21.215 3.92172 6.88905 2.81996 0 0 0 0.274793 1.97007 0 0 0 0 0 0 2.384 303 48 0 0 0
./complex_md-fit_513.pdb BC A 8.289 31.6296 -13.0875 -6.96072 -11.2977 -21.3308 -0.877949 34.5754 -21.0176 4.34971 5.57876 3.71309 0 0 0 0.174626 2.05942 0 0 0 0 0 0.00580466 2.384 303 44 2 2 0
./complex_md-fit_514.pdb BC A 6.99963 30.8902 -12.251 -7.63444 -11.2468 -21.4442 -0.902574 35.3976 -21.2388 5.79686 6.70475 1.9548 0 0 0 0.361705 2.09729 0 0 0 0 0 0 2.384 303 50 0 0 0
./complex_md-fit_515.pdb BC A 8.03745 34.5413 -10.645 -5.49706 -11.9741 -21.1626 -0.898528 35.937 -20.701 5.29535 5.80086 2.38949 0 0 0 0.164111 1.92857 0 0 0 0 0 0.00144066 2.384 303 48 2 2 0
./complex_md-fit_516.pdb BC A 7.32556 31.7329 -10.8883 -5.72611 -12.6174 -21.0088 -0.870807 36.0823 -20.3988 4.81202 6.57102 2.0696 0 0 0 0.198737 3.43617 0 0 0 0 0 0 2.384 303 49 1 1 0
./complex_md-fit_517.pdb BC A 8.7524 30.9176 -10.0434 -6.46912 -10.2844 -20.5774 -0.847371 35.3576 -20.1818 3.79262 5.95964 2.79091 0 0 0 0.415962 2.01276 0 0 0 0 0 0 2.384 303 48 0 0 0
./complex_md-fit_518.pdb BC A 6.19316 40.8837 -15.0715 -6.57848 -14.0884 -20.1124 -1.04684 33.9873 -19.9383 4.50151 6.02472 1.66026 0 0 0 0.519307 2.04525 0 0 0 0 0 0 2.384 303 46 0 0 0
./complex_md-fit_519.pdb BC A 8.28717 35.7078 -4.00109 -5.32289 -9.38112 -19.6576 -1.03087 34.4873 -19.4593 7.19916 5.24836 3.49208 0 0 0 0.42377 1.91317 0 0 0 0 0 0 2.384 303 45 3 3 0
./complex_md-fit_51.pdb BC A 8.78465 34.135 -7.8962 -4.81795 -9.19695 -18.9247 -0.674693 32.1575 -19.2292 3.75624 6.66228 2.3207 0 0 0 0.0506734 2.23033 -2.77556e-17 0 0 0 0 0 2.384 303 45 0 0 0
./complex_md-fit_520.pdb BC A 6.98761 30.9606 -14.7626 -7.78287 -12.6885 -20.4184 -1.00368 34.9977 -20.1096 2.12375 6.7941 3.13266 0 0 0 0.163131 2.36451 0.0207686 0 0 0 0 0.00830113 2.384 303 49 0 0 0
./complex_md-fit_521.pdb BC A 9.42054 41.2262 -12.162 -6.50507 -14.6273 -21.5048 -0.960454 37.5577 -21.0357 5.22628 7.42706 2.13687 0 0 0 0.123388 2.21356 0 0 0 0 0 0 2.384 303 46 1 1 0
./complex_md-fit_522.pdb BC A 8.84517 33.0295 -9.40921 -7.54418 -13.6787 -21.9237 -1.14129 38.0703 -21.6592 5.90834 8.90277 3.20234 0 0 0 0.431224 2.2659 0.0227398 0 0 0 0 0 2.384 303 47 2 2 0
./complex_md-fit_523.pdb BC A 7.81498 30.5576 -7.85397 -7.08909 -11.6366 -21.473 -1.13533 37.1528 -20.8079 6.36216 7.67219 2.66162 0 0 0 0.413399 2.40637 0.0257438 0 0 0 0 0 2.384 303 48 2 2 0
./complex_md-fit_524.pdb BC A 8.31343 41.0944 -13.205 -8.87376 -15.0614 -21.635 -1.04081 36.4427 -21.3322 4.2554 9.57676 4.12796 0 0 0 0.301277 2.54223 0.0341227 0 0 0 0 0 2.384 303 46 1 1 0
./complex_md-fit_525.pdb BC A 8.13707 40.4325 -12.2971 -5.6773 -15.1028 -21.6998 -1.13214 36.0235 -21.4152 4.27414 8.35795 3.8531 0 0 0 0.221399 2.09995 0 0 0 0 0 0 2.384 303 49 2 2 0
./complex_md-fit_526.pdb BC A 8.1884 33.3848 -9.07503 -7.25496 -14.4886 -22.7558 -1.17516 39.6791 -22.2337 6.64444 7.90977 4.32226 0 0 0 0.254737 2.70373 0.0229647 0 0 0 0 0 2.384 303 50 2 2 0
./complex_md-fit_527.pdb BC A 7.06982 35.0771 -12.3447 -8.49807 -14.6237 -23.1084 -0.92237 39.5354 -23.0587 5.64631 8.68965 3.76167 0 0 0 0.211883 2.62852 0.0215112 0 0 0 0 0 2.384 303 47 1 1 0
./complex_md-fit_528.pdb BC A 7.52325 31.03 -10.9078 -6.21253 -12.5643 -20.92 -0.992558 35.127 -20.5343 5.84267 5.82753 3.15664 0 0 0 0.362186 2.1359 0 0 0 0 0 0 2.384 303 49 0 0 0
./complex_md-fit_529.pdb BC A 6.98348 30.7532 -8.48958 -6.16016 -10.3761 -22.1322 -0.777038 38.4846 -22.309 5.51319 6.75213 2.42042 0 0 0 0.0815957 2.74462 0.011401 0 0 0 0 0.00159111 2.384 303 47 0 0 0
./complex_md-fit_52.pdb BC A 7.14755 36.2163 -1.78958 -5.58348 -9.92136 -19.2714 -0.845422 35.0464 -19.1416 7.78366 7.59641 2.33875 0 0 0 0.2085 2.7147 0 0 0 0 0 0 2.384 303 48 4 4 0
./complex_md-fit_530.pdb BC A 7.93148 37.8081 -4.60271 -4.90301 -11.0739 -21.2992 -0.974869 36.5687 -20.5847 6.04187 7.7093 3.57794 0 0 0 0.29466 2.34907 0.0223503 0 0 0 0 0.018239 2.384 303 49 3 3 0
./complex_md-fit_531.pdb BC A 11.8749 25.707 -3.95456 -5.88661 -12.1648 -23.1047 -0.591792 41.5083 -22.2916 6.73345 8.17893 3.4178 0 0 0 0.210416 2.45631 0.0229563 0 0 0 0 0.0130603 2.384 303 46 2 2 0
./complex_md-fit_532.pdb BC A 7.95557 37.9028 -10.7947 -8.35899 -14.2637 -22.7822 -0.943636 39.2637 -22.746 5.9647 9.52215 3.1943 0 0 0 0.329166 2.32624 0.0206435 0 0 0 0 0.00514018 2.384 303 49 2 2 0
./complex_md-fit_533.pdb BC A 8.43232 30.3439 -7.92869 -6.82154 -11.6479 -21.4959 -0.901485 37.8173 -20.8123 5.53725 7.10017 3.11318 0 0 0 0.177757 2.47472 0 0 0 0 0 0.00473639 2.384 303 49 1 1 0
./complex_md-fit_534.pdb BC A 7.90404 33.9273 -16.7232 -5.97675 -12.1855 -20.4255 -0.878849 33.4026 -20.177 1.24192 5.62972 2.42721 0 0 0 0.218981 2.2754 0 0 0 0 0 0 2.384 303 50 0 0 0
./complex_md-fit_535.pdb BC A 10.8154 29.2718 -13.081 -6.27909 -13.5376 -20.9569 -0.984099 34.5109 -20.7842 5.06647 7.22164 2.51932 0 0 0 0.142535 2.2589 0 0 0 0 0 0 2.384 303 49 0 0 0
./complex_md-fit_536.pdb BC A 7.59507 39.3218 -9.08667 -6.53638 -10.3982 -21.5405 -0.983126 36.2988 -21.6396 5.08303 6.79315 3.56909 0 0 0 0.267107 2.11614 -1.11022e-16 0 0 0 0 0 2.384 303 44 0 0 0
./complex_md-fit_537.pdb BC A 7.09208 37.8005 -10.3001 -4.90005 -9.07401 -20.2054 -0.858474 33.3072 -20.2262 3.81471 5.19514 2.428 0 0 0 0.219073 1.9357 0 0 0 0 0 1.11022e-16 2.384 303 48 0 0 0
./complex_md-fit_538.pdb BC A 8.49762 32.3982 -13.365 -6.92928 -13.8567 -21.2871 -0.993063 36.076 -20.7043 3.73355 7.10608 3.27281 0 0 0 0.240601 2.28702 -0.0235509 0 0 0 0 0 2.384 303 47 0 0 0
./complex_md-fit_539.pdb BC A 11.5671 29.9566 -5.76697 -6.12291 -9.10526 -22.0517 -0.706419 36.6252 -22.3676 6.95172 6.67846 4.23323 0 0 0 0.0709976 2.3325 0.0273412 0 0 0 0 0 2.384 303 46 3 3 0
./complex_md-fit_53.pdb BC A 11.2533 37.217 -9.41876 -7.50872 -9.65264 -20.4403 -0.730611 34.7948 -20.5647 4.74999 7.15759 2.41594 0 0 0 0.344656 2.36934 0 0 0 0 0 0.0153004 2.384 303 46 0 0 0
./complex_md-fit_540.pdb BC A 9.03381 33.5704 -9.77894 -5.94742 -10.1691 -21.2689 -0.969843 35.5786 -20.8085 5.71645 5.07579 2.61075 0 0 0 0.403183 2.24105 0 0 0 0 0 0 2.384 303 45 2 2 0
./complex_md-fit_541.pdb BC A 8.98163 38.223 -4.47819 -5.51146 -10.7341 -20.801 -0.943905 35.9156 -20.8004 7.14834 7.67161 3.52718 0 0 0 0.0499124 2.23756 0 0 0 0 0 0 2.384 303 49 2 2 0
./complex_md-fit_542.pdb BC A 8.17713 33.1516 -18.2549 -8.27898 -15.3827 -21.5816 -1.15154 35.1242 -21.7001 3.2256 8.94337 2.45338 0 0 0 0.0935421 2.16561 0 0 0 0 0 0 2.384 303 48 0 0 0
./complex_md-fit_543.pdb BC A 8.35468 31.255 -12.4888 -6.20139 -11.7808 -20.3294 -0.73585 33.4654 -20.0109 3.1499 6.02445 3.73339 0 0 0 0.196466 2.1325 0 0 0 0 0 0 2.384 303 46 0 0 0
./complex_md-fit_544.pdb BC A 8.38117 31.9271 -15.3646 -9.59727 -15.4051 -21.696 -1.19021 36.5374 -21.2457 3.0712 10.024 3.77443 0 0 0 0.340706 2.3317 0.0219412 0 0 0 0 0 2.384 303 49 2 2 0
./complex_md-fit_545.pdb BC A 7.68511 29.8672 -16.94 -7.55498 -13.6883 -21.5095 -1.08494 35.1166 -22.0203 3.62727 8.35064 1.63986 0 0 0 0.183619 2.04723 0 0 0 0 0 0 2.384 303 46 0 0 0
./complex_md-fit_546.pdb BC A 10.1663 29.5833 -11.6275 -5.50752 -11.6022 -20.7914 -0.910805 35.7177 -20.1484 3.38123 5.42681 2.60511 0 0 0 0.201965 2.1592 0 0 0 0 0 0 2.384 303 47 0 0 0
./complex_md-fit_547.pdb BC A 8.78039 41.3705 -15.3873 -5.43699 -14.3574 -20.5692 -1.17166 34.087 -20.0292 4.2191 5.19181 2.11882 0 0 0 0.510549 2.43116 0.0498438 0 0 0 0 0 2.384 303 45 1 1 0
./complex_md-fit_548.pdb BC A 6.83982 38.0929 -10.2071 -6.64201 -14.9932 -21.5647 -0.968516 37.6594 -20.9208 6.79253 6.54333 3.52104 0 0 0 0.365841 2.43132 0 0 0 0 0 0 2.384 303 47 2 2 0
./complex_md-fit_549.pdb BC A 9.91549 35.7923 -5.67154 -5.82981 -11.6268 -21.516 -1.08151 39.751 -20.4637 4.41269 7.08931 3.54159 0 0 0 0.051707 2.43593 0 0 0 0 0 0 2.384 303 50 2 2 0
./complex_md-fit_54.pdb BC A 7.17358 35.0371 -14.3321 -6.2002 -13.1177 -20.3891 -0.923225 34.6738 -20.4247 2.63285 7.15892 1.96918 0 0 0 0.283901 3.00035 -1.11022e-16 0 0 0 0 0.00425779 2.384 303 47 0 0 0
./complex_md-fit_550.pdb BC A 6.86599 33.1912 -1.17173 -3.48032 -10.5483 -22.3384 -0.957953 42.6138 -21.3804 5.96732 5.76052 2.89222 0 0 0 0.299713 2.5646 0 0 0 0 0 0 2.384 303 49 1 1 0
./complex_md-fit_551.pdb BC A 7.15023 34.9715 -11.3083 -5.41149 -14.6764 -20.2703 -1.02865 35.8904 -19.6698 4.14902 6.07679 3.03276 0 0 0 0.568972 2.29541 0.0186915 0 0 0 0 0.0117002 2.384 303 48 1 1 0
./complex_md-fit_552.pdb BC A 6.66252 36.5703 -12.6236 -5.63895 -11.9389 -21.4725 -1.14892 37.141 -21.1803 4.82441 4.00692 2.69519 0 0 0 0.0883485 2.6173 0 0 0 0 0 0 2.384 303 49 0 0 0
./complex_md-fit_553.pdb BC A 5.73133 34.1498 -8.22825 -5.63909 -11.0866 -20.619 -1.06419 37.0224 -20.1287 3.8314 6.02085 3.17289 0 0 0 0.242911 2.23814 0.0188618 0 0 0 0 0 2.384 303 49 0 0 0
./complex_md-fit_554.pdb BC A 8.99833 35.0224 -10.2739 -5.01784 -13.0925 -21.5524 -0.998014 37.38 -20.9674 4.29103 5.95667 3.19819 0 0 0 0.489253 3.11039 0.0265431 0 0 0 0 0.0126033 2.384 303 49 1 1 0
./complex_md-fit_555.pdb BC A 8.299 26.5553 -12.7843 -6.6671 -14.8756 -21.4078 -0.991719 38.9509 -20.4994 3.28091 6.75137 2.36257 0 0 0 0.279973 2.35065 0.0191566 0 0 0 0 0.0123296 2.384 303 49 0 0 0
./complex_md-fit_556.pdb BC A 7.233 39.7273 -6.82112 -8.09711 -13.5287 -21.603 -1.0217 39.181 -20.4671 5.06071 8.47585 4.64841 0 0 0 0.530498 2.17245 0 0 0 0 0 0 2.384 303 48 1 1 0
./complex_md-fit_557.pdb BC A 7.16651 25.84 -5.41378 -4.82277 -11.5328 -21.0877 -0.948455 38.4211 -19.8779 6.05112 6.34011 1.64674 0 0 0 0.393814 2.47499 0 0 0 0 0 0.00298866 2.384 303 47 1 1 0
./complex_md-fit_558.pdb BC A 10.455 32.7437 -11.8539 -6.80735 -15.742 -22.4496 -1.23412 39.394 -21.5384 6.60096 7.32042 2.40032 0 0 0 0.19725 3.64131 0 0 0 0 0 0.00462541 2.384 303 47 0 0 0
./complex_md-fit_559.pdb BC A 7.40172 35.2145 -8.13076 -8.16398 -11.4434 -23.4034 -1.14701 40.7743 -22.8036 6.52472 7.45529 3.91959 0 0 0 0.121588 2.91471 0.0228118 0 0 0 0 0.0123095 2.384 303 49 1 1 0
./complex_md-fit_55.pdb BC A 8.22413 38.3874 -10.4258 -6.36115 -12.0149 -20.6387 -0.795239 36.2232 -20.6905 3.2166 7.66705 2.19011 0 0 0 0.760321 2.28406 0 0 0 0 0 0.0173862 2.384 303 48 0 0 0
./complex_md-fit_560.pdb BC A 8.54006 39.1815 -10.6084 -7.00916 -13.4331 -23.6264 -0.966021 41.832 -23.137 4.00339 7.67784 3.46554 0 0 0 0.536353 2.22957 0.0385996 0 0 0 0 0.0095211 2.384 303 47 0 0 0
./complex_md-fit_561.pdb BC A 7.68533 36.8865 -13.3137 -8.37431 -14.7496 -21.8885 -1.03052 37.6416 -21.198 4.3433 8.33582 3.16438 0 0 0 0.442114 2.14709 0 0 0 0 0 0 2.384 303 49 0 0 0
./complex_md-fit_562.pdb BC A 10.8029 34.509 -8.0159 -5.63128 -13.9809 -22.4532 -1.07445 40.3059 -21.544 5.23829 8.38892 2.38852 0 0 0 0.346241 3.80446 0 0 0 0 0 0 2.384 303 46 0 0 0
./complex_md-fit_563.pdb BC A 6.79071 35.901 -8.13746 -7.40507 -13.7604 -22.3758 -1.06332 39.7607 -21.381 6.94755 7.20527 3.67182 0 0 0 0.262687 2.56513 0 0 0 0 0 0 2.384 303 47 1 1 0
./complex_md-fit_564.pdb BC A 8.15021 41.5389 -7.01499 -7.30539 -15.4742 -22.2938 -1.37709 40.0137 -21.6866 9.61962 7.72615 3.47514 0 0 0 0.267275 2.37337 0.0202521 0 0 0 0 0 2.384 303 48 5 5 0
./complex_md-fit_565.pdb BC A 8.96677 36.1279 -13.6865 -9.26841 -15.077 -22.4252 -0.92349 38.6249 -21.8225 4.28872 10.0059 2.47469 0 0 0 0.430955 2.38599 1.11022e-16 0 0 0 0 0.0048712 2.384 303 47 2 2 0
./complex_md-fit_566.pdb BC A 8.36855 32.573 -7.42535 -7.7371 -10.8104 -21.806 -1.02499 37.7368 -21.2065 7.43433 7.23717 2.58038 0 0 0 0.182109 2.01432 -0.0111672 0 0 0 0 0 2.384 303 46 1 1 0
./complex_md-fit_567.pdb BC A 10.0575 34.9604 -15.1482 -7.25668 -15.3855 -22.3808 -1.09765 37.6392 -22.0931 5.69953 7.77149 1.73173 0 0 0 0.237109 2.43444 -0.0134422 0 0 0 0 0 2.384 303 50 0 0 0
./complex_md-fit_568.pdb BC A 8.77233 37.6225 -10.9 -6.71968 -11.37 -22.923 -0.946246 38.2998 -22.7774 5.14849 8.19825 1.53048 0 0 0 0.631348 2.22824 0.0278941 0 0 0 0 0 2.384 303 48 2 2 0
./complex_md-fit_569.pdb BC A 5.77448 29.7094 -9.44494 -5.87869 -13.7731 -22.6915 -0.922336 38.667 -22.1342 6.85857 7.11319 2.90132 0 0 0 0.423306 3.20084 -0.00857757 0 0 0 0 0 2.384 303 50 2 2 0
./complex_md-fit_56.pdb BC A 8.10645 27.9791 -13.1921 -4.9725 -12.4905 -19.9232 -0.842436 34.2353 -20.0368 2.59267 7.17571 0.892875 0 0 0 0.126663 3.12972 0.0422782 0 0 0 0 0.00786434 2.384 303 42 0 0 0
./complex_md-fit_570.pdb BC A 8.40174 29.4314 -10.0437 -7.29459 -11.3094 -21.5953 -0.861152 35.852 -21.3513 5.98453 6.83068 3.34716 0 0 0 0.35372 2.28208 0 0 0 0 0 0 2.384 303 45 2 2 0
./complex_md-fit_571.pdb BC A 8.25141 36.7584 -3.2878 -6.46008 -7.95626 -22.1231 -0.808034 38.4227 -21.9727 6.87251 6.85034 3.77155 0 0 0 0.141615 2.05699 -0.0263538 0 0 0 0 0 2.384 303 48 2 2 0
./complex_md-fit_572.pdb BC A 8.6801 30.3286 -11.2234 -8.45794 -15.6964 -22.4659 -1.06465 37.7657 -21.6582 6.74794 9.21111 4.11352 0 0 0 0.281547 2.22753 0 0 0 0 0 0 2.384 303 48 0 0 0
./complex_md-fit_573.pdb BC A 7.83578 36.7022 -6.80257 -7.68577 -17.8025 -22.8745 -1.0635 41.3999 -21.5238 9.3713 9.95803 3.18454 0 0 0 0.209968 2.38235 0.0237261 0 0 0 0 0 2.384 303 50 3 3 0
./complex_md-fit_574.pdb BC A 6.52761 30.8535 -17.1439 -8.27499 -18.7547 -24.0858 -1.23553 41.2147 -23.3695 5.1305 9.24067 2.78826 0 0 0 0.1848 2.45088 0.0177296 0 0 0 0 0 2.384 303 45 1 1 0
./complex_md-fit_575.pdb BC A 7.60925 42.7661 -14.3768 -9.99401 -15.2411 -22.8758 -0.994188 38.5229 -22.6886 4.52036 10.251 4.00175 0 0 0 0.120936 2.23871 0 0 0 0 0 0 2.384 303 51 1 1 0
./complex_md-fit_576.pdb BC A 8.24421 33.3552 -17.3416 -8.0283 -12.958 -21.346 -0.733952 34.4424 -21.1315 3.0744 6.73732 2.16318 0 0 0 0.438828 1.97038 0 0 0 0 0 0 2.384 303 50 0 0 0
./complex_md-fit_577.pdb BC A 6.98498 32.518 -12.3682 -6.81634 -14.478 -21.8825 -0.918911 37.2966 -21.495 5.94847 7.28786 2.19189 0 0 0 0.47728 2.20047 0.0205041 0 0 0 0 0 2.384 303 46 2 2 0
./complex_md-fit_578.pdb BC A 7.24058 31.2014 -5.3129 -7.69287 -13.8537 -22.66 -1.08068 41.1412 -21.8912 6.38827 11.0249 3.26022 0 0 0 0.0887212 1.92236 -0.0378241 0 0 0 0 0 2.384 303 49 1 1 0
./complex_md-fit_579.pdb BC A 6.55374 29.6718 -13.5711 -6.11896 -14.4969 -21.5996 -1.14711 36.4965 -20.7627 4.22167 7.59919 1.88649 0 0 0 0.364154 2.17133 -0.013796 0 0 0 0 0 2.384 303 48 0 0 0
./complex_md-fit_57.pdb BC A 8.4612 34.3193 -11.3254 -5.15835 -12.2521 -20.3997 -0.764052 34.5775 -20.7148 2.52136 7.78278 2.80835 0 0 0 0.273662 2.3457 0 0 0 0 0 0 2.384 303 45 0 0 0
./complex_md-fit_580.pdb BC A 7.25002 31.9905 -9.2852 -4.21237 -14.8336 -22.8617 -0.838385 38.5232 -22.267 6.36546 7.713 2.92932 0 0 0 0.196904 2.43983 0 0 0 0 0 0 2.384 303 48 0 0 0
./complex_md-fit_581.pdb BC A 6.65475 37.176 -7.21809 -6.0212 -11.2363 -20.7521 -0.864721 34.5495 -19.9842 7.17438 6.40214 3.33132 0 0 0 0.15904 2.28012 0.0240987 0 0 0 0 0 2.384 303 46 2 2 0
./complex_md-fit_582.pdb BC A 8.54949 37.3144 -9.25049 -6.11311 -13.1262 -21.501 -0.917993 36.1773 -20.885 5.4703 7.81378 3.72809 0 0 0 0.113819 2.12836 -0.0104759 0 0 0 0 0 2.384 303 46 1 1 0
./complex_md-fit_583.pdb BC A 8.18881 39.3816 -14.9522 -6.24128 -13.4371 -20.6325 -0.971807 35.2619 -19.8632 2.63671 6.25837 1.81528 0 0 0 0.196239 2.85341 0.0228346 0 0 0 0 0.00236342 2.384 303 50 0 0 0
./complex_md-fit_584.pdb BC A 8.19471 30.5158 -7.44334 -6.00145 -8.64427 -21.3311 -0.818719 35.9393 -20.5902 6.58667 4.296 3.02664 0 0 0 0.0892187 3.27849 0.0044831 0 0 0 0 0 2.384 303 46 0 0 0
./complex_md-fit_585.pdb BC A 6.85841 33.6976 -10.2948 -7.22975 -12.934 -21.8652 -1.05783 37.4171 -21.0126 4.17355 7.78858 4.05098 0 0 0 0.374389 2.12845 0 0 0 0 0 0 2.384 303 49 1 1 0
./complex_md-fit_586.pdb BC A 7.91033 26.5245 -7.77443 -5.76422 -9.29886 -21.4216 -0.786799 36.1629 -21.0733 5.50713 6.3916 2.36113 0 0 0 0.126159 2.02289 0.0214721 0 0 0 0 0 2.384 303 48 0 0 0
./complex_md-fit_587.pdb BC A 7.81491 44.5717 -10.5993 -6.09486 -10.1345 -21.9715 -0.834441 36.3241 -21.3142 4.82989 6.05025 2.14375 0 0 0 0.402201 2.19822 0 0 0 0 0 0 2.384 303 50 0 0 0
./complex_md-fit_588.pdb BC A 7.91881 34.0122 -12.7014 -5.94404 -14.2075 -21.3914 -0.970236 37.2693 -20.9086 3.21118 7.43972 2.47841 0 0 0 0.313685 2.48401 0 0 0 0 0 0.00800695 2.384 303 46 0 0 0
./complex_md-fit_589.pdb BC A 6.37286 31.9974 -11.7336 -6.4586 -15.018 -21.79 -1.11466 38.0612 -21.1814 4.33122 8.11821 3.19057 0 0 0 0.0962536 2.14773 0.0315966 0 0 0 0 0 2.384 303 47 1 1 0
./complex_md-fit_58.pdb BC A 6.6666 33.8562 -10.5623 -6.44026 -12.0976 -19.2238 -0.88927 33.3156 -18.7805 3.88567 7.19995 2.32494 0 0 0 0.142876 2.11007 0 0 0 0 0 0 2.384 303 44 0 0 0
./complex_md-fit_590.pdb BC A 7.80115 34.4545 -14.8921 -6.9525 -17.7501 -22.064 -1.19513 37.636 -21.1759 4.88712 7.58991 3.9126 0 0 0 0.198483 2.10232 0.0213474 0 0 0 0 0 2.384 303 50 0 0 0
./complex_md-fit_591.pdb BC A 11.2667 31.4192 -13.5592 -7.81414 -13.1912 -22.6047 -0.993419 37.6996 -21.8609 3.14207 7.99186 3.57758 0 0 0 0.459269 2.68618 0.0347483 0 0 0 0 0 2.384 303 46 0 0 0
./complex_md-fit_592.pdb BC A 9.49798 30.3804 -11.4169 -7.05249 -13.7754 -21.3029 -1.02806 37.2312 -20.8255 4.87763 7.87334 2.48475 0 0 0 0.0948444 2.19886 0 0 0 0 0 0.00565879 2.384 303 50 0 0 0
./complex_md-fit_593.pdb BC A 7.95813 34.0069 -13.9592 -6.78488 -13.023 -20.4109 -0.855021 34.3722 -19.8972 2.92286 6.32521 3.13691 0 0 0 0.232504 2.10227 0 0 0 0 0 0.0220787 2.384 303 46 1 1 0
./complex_md-fit_594.pdb BC A 8.81279 33.5685 -12.1969 -7.03928 -13.4687 -21.4058 -0.946637 36.935 -21.1504 4.90935 6.86486 2.80663 0 0 0 0.269885 2.33629 0.0282818 0 0 0 0 0 2.384 303 47 1 1 0
./complex_md-fit_595.pdb BC A 8.07118 47.3538 -9.50993 -7.72031 -14.8478 -21.7883 -1.18728 38.4479 -20.9792 6.23637 8.27779 3.83571 0 0 0 0.187243 2.53457 0 0 0 0 0 0.0280037 2.384 303 45 2 2 0
./complex_md-fit_596.pdb BC A 6.57036 32.5634 -7.55153 -5.14493 -9.95583 -21.0329 -0.915362 37.5541 -20.8444 4.96349 5.27409 2.33687 0 0 0 0.205412 1.94186 -0.0136791 0 0 0 0 0.0217185 2.384 303 49 1 1 0
./complex_md-fit_597.pdb BC A 8.15821 34.0658 -14.6917 -7.9115 -14.0714 -22.5832 -0.87022 38.0792 -22.2977 3.39604 8.14169 3.27652 0 0 0 0.148877 2.39024 0 0 0 0 0 0 2.384 303 47 2 2 0
./complex_md-fit_598.pdb BC A 6.82861 33.618 -9.45468 -6.85477 -13.5676 -22.0588 -0.928827 39.4483 -21.1174 4.30614 7.29555 3.80454 0 0 0 0.218233 2.18643 0 0 0 0 0 0 2.384 303 46 1 1 0
./complex_md-fit_599.pdb BC A 8.61695 37.3408 -9.22401 -6.99682 -11.3259 -20.5005 -1.15645 35.9632 -20.3616 4.77591 7.17328 3.0783 0 0 0 0.105501 2.25727 0.0209588 0 0 0 0 0 2.384 303 45 1 1 0
./complex_md-fit_59.pdb BC A 7.35582 33.7179 -5.40027 -6.1999 -10.8693 -19.654 -0.68817 35.002 -19.422 6.65 6.95446 2.52682 0 0 0 0.273525 2.133 0.0202813 0 0 0 0 0.00603318 2.384 303 47 1 1 0
./complex_md-fit_5.pdb BC A 9.26517 40.6761 -7.75696 -7.44351 -7.71776 -21.7579 -0.770258 38.0387 -22.3038 3.9979 5.89054 4.21179 0 0 0 0.0781164 1.81722 0 0 0 0 0 0.0192577 2.384 303 47 0 0 0
./complex_md-fit_600.pdb BC A 9.31207 32.0791 -10.3007 -7.77548 -13.3973 -21.1867 -0.964814 37.0179 -20.6463 6.7304 6.61487 3.07306 0 0 0 0.244867 2.2195 -0.0112121 0 0 0 0 0 2.384 303 48 1 1 0
./complex_md-fit_601.pdb BC A 11.2192 35.1861 -8.25835 -5.49354 -8.66551 -20.2194 -0.82967 34.2657 -20.0588 4.93586 5.42217 2.01709 0 0 0 0.367786 2.31615 0 0 0 0 0 0 2.384 303 49 1 1 0
./complex_md-fit_602.pdb BC A 6.81135 39.3493 -8.65415 -5.02617 -13.5748 -21.7601 -1.15676 37.9591 -20.9652 6.29917 7.4771 1.61688 0 0 0 0.414373 2.42393 0.034478 0 0 0 0 0.0277529 2.384 303 49 2 2 0
./complex_md-fit_603.pdb BC A 9.04573 34.1701 -9.97402 -6.57507 -11.977 -21.8484 -1.02796 37.4224 -21.6694 4.39003 6.72293 4.30559 0 0 0 0.297785 2.08103 -0.014964 0 0 0 0 0 2.384 303 48 0 0 0
./complex_md-fit_604.pdb BC A 6.70519 30.9927 -8.5931 -7.36858 -14.4001 -22.7174 -1.0606 40.2744 -21.984 7.62102 8.23722 2.51637 0 0 0 0.246532 2.4528 0.0420704 0 0 0 0 0 2.384 303 49 1 1 0
./complex_md-fit_605.pdb BC A 7.74628 42.6894 -11.3258 -5.70652 -14.5752 -21.8825 -0.956157 36.8014 -22.1989 6.28842 8.65533 2.1621 0 0 0 0.0980823 2.03477 -0.0118677 0 0 0 0 0 2.384 303 48 2 2 0
./complex_md-fit_606.pdb BC A 7.49602 37.7086 -14.9714 -7.55221 -15.5323 -21.6733 -1.12897 36.5366 -21.1751 6.36246 7.05542 1.94618 0 0 0 0.1645 2.08092 0.025361 0 0 0 0 0 2.384 303 48 2 2 0
./complex_md-fit_607.pdb BC A 7.3461 38.3551 -15.6658 -7.53253 -15.2645 -21.5346 -1.07651 35.8543 -20.8128 4.70403 6.92776 2.87493 0 0 0 0.169763 2.21214 0.0245197 0 0 0 0 0 2.384 303 46 1 1 0
./complex_md-fit_608.pdb BC A 7.63999 34.725 -15.4245 -4.14653 -11.861 -20.6828 -0.937045 32.1907 -20.9435 4.38895 4.22355 2.10863 0 0 0 0.234506 2.07401 1.11022e-16 0 0 0 0 0 2.384 303 48 2 2 0
./complex_md-fit_609.pdb BC A 6.74009 36.7757 -6.76169 -4.48559 -8.58732 -20.5934 -0.894848 32.8391 -20.709 7.12435 4.85452 3.25571 0 0 0 0.414921 2.36682 0.0198403 0 0 0 0 0 2.384 303 43 1 1 0
./complex_md-fit_60.pdb BC A 9.50171 33.7811 -13.6581 -7.13021 -10.6997 -18.8387 -0.609306 31.515 -19.4322 2.11964 7.39668 1.8778 0 0 0 0.12227 2.88712 0.0206191 0 0 0 0 0 2.384 303 45 0 0 0
./complex_md-fit_610.pdb BC A 6.55789 36.2381 -3.1846 -5.00796 -8.7773 -20.5079 -0.980706 35.2805 -20.0622 7.78424 6.62889 1.83285 0 0 0 0.605627 1.91831 0.0193536 0 0 0 0 0 2.384 303 46 1 1 0
./complex_md-fit_611.pdb BC A 7.99907 29.9247 -14.2728 -6.71241 -14.875 -21.6234 -1.00097 36.9957 -21.843 4.38672 6.98402 3.00249 0 0 0 0.380187 2.30348 0.0239047 0 0 0 0 0.00896396 2.384 303 47 0 0 0
./complex_md-fit_612.pdb BC A 9.08411 30.299 -15.2205 -6.23681 -14.1428 -21.932 -0.97703 37.3234 -21.2287 2.97996 6.4638 2.31824 0 0 0 0.204326 2.57487 -0.013549 0 0 0 0 0.0206406 2.384 303 46 1 1 0
./complex_md-fit_613.pdb BC A 7.9703 41.7973 -11.9315 -6.04238 -12.5041 -21.2887 -0.847482 35.7032 -21.1901 5.19448 5.74557 2.69127 0 0 0 0.534295 2.38474 0.0369976 0 0 0 0 0.0353482 2.384 303 47 2 2 0
./complex_md-fit_614.pdb BC A 9.42634 27.1125 -16.865 -6.92821 -17.1751 -21.4728 -0.900765 35.817 -20.6833 4.21918 7.6297 2.3342 0 0 0 0.304321 2.11257 -0.00930902 0 0 0 0 0 2.384 303 47 2 2 0
./complex_md-fit_615.pdb BC A 7.16918 43.2625 -11.3276 -8.01009 -13.9164 -22.4684 -0.962945 38.3052 -22.1358 5.05978 8.73253 3.45708 0 0 0 0.591405 2.0147 0.0198824 0 0 0 0 0 2.384 303 47 1 1 0
./complex_md-fit_616.pdb BC A 7.20919 39.4645 -19.8983 -7.48461 -16.8653 -21.6756 -0.849629 35.3148 -21.0766 0.965679 7.86485 3.44382 0 0 0 0.416552 2.26792 0.0241769 0 0 0 0 0.0235946 2.384 303 47 0 0 0
./complex_md-fit_617.pdb BC A 7.30851 44.4569 -15.8619 -7.14939 -14.6763 -21.8356 -0.977212 36.3109 -21.432 3.02493 7.96145 2.13905 0 0 0 0.737533 2.53097 0.0280957 0 0 0 0 0.00663897 2.384 303 48 0 0 0
./complex_md-fit_618.pdb BC A 6.58095 29.8276 -0.758544 -3.95587 -7.14778 -21.8951 -0.881101 39.0505 -21.7098 7.34264 5.38354 2.7325 0 0 0 0.308549 3.78516 0 0 0 0 0 0.0133499 2.384 303 46 3 3 0
./complex_md-fit_619.pdb BC A 8.95402 29.0465 -11.2026 -6.75184 -11.2808 -21.1355 -1.04623 35.1814 -20.0079 5.23681 5.71214 2.5367 0 0 0 0.338281 2.17829 0.0143254 0 0 0 0 0 2.384 303 49 1 1 0
./complex_md-fit_61.pdb BC A 7.73872 33.0648 -10.7768 -7.69484 -12.6046 -19.4697 -0.632516 33.8978 -19.2091 3.33885 8.61929 2.8015 0 0 0 0.157666 2.26893 0.0188589 0 0 0 0 0 2.384 303 47 0 0 0
./complex_md-fit_620.pdb BC A 7.30985 34.4731 -9.07312 -6.10442 -9.44055 -21.3234 -0.882167 34.8261 -20.9002 6.25774 5.66941 2.43405 0 0 0 0.381894 2.54806 0 0 0 0 0 0.0084103 2.384 303 47 0 0 0
./complex_md-fit_621.pdb BC A 9.12832 40.3327 -11.1848 -7.21534 -11.7581 -21.6858 -1.0489 36.1117 -21.4228 6.42867 5.72589 3.2683 0 0 0 0.413518 2.35095 -0.00191514 0 0 0 0 0 2.384 303 44 2 2 0
./complex_md-fit_622.pdb BC A 9.21547 32.8271 -9.60509 -7.01206 -10.8454 -21.4992 -0.866 35.0248 -21.3067 4.06102 7.72659 4.59641 0 0 0 0.488502 1.81931 0.0270051 0 0 0 0 0 2.384 303 47 1 1 0
./complex_md-fit_623.pdb BC A 7.40322 26.9015 -12.8907 -7.17317 -10.5403 -22.1237 -0.889516 35.9054 -22.3375 5.72299 6.05021 2.35631 0 0 0 0.138606 2.31417 1.11022e-16 0 0 0 0 0 2.384 303 47 0 0 0
./complex_md-fit_624.pdb BC A 7.62213 36.1124 -9.66632 -6.55811 -13.2595 -23.3186 -1.0363 40.0811 -22.5703 5.27956 7.80885 2.65775 0 0 0 1.22998 4.188 0.0192832 0 0 0 0 0 2.384 303 47 2 2 0
./complex_md-fit_625.pdb BC A 8.15613 29.8192 -12.1752 -7.28057 -15.2139 -22.8234 -1.06151 38.2222 -22.2859 6.5134 8.31848 3.05498 0 0 0 0.370211 3.73418 0.0107806 0 0 0 0 0 2.384 303 46 1 1 0
./complex_md-fit_626.pdb BC A 7.90685 44.2123 -6.63697 -5.19271 -12.6409 -21.9434 -1.0809 36.9067 -21.1136 7.51612 7.31217 2.94673 0 0 0 0.630972 2.72643 0.0217726 0 0 0 0 0 2.384 303 45 2 2 0
./complex_md-fit_627.pdb BC A 8.42149 37.8816 -9.81946 -7.79408 -13.1327 -22.7378 -1.28459 38.8105 -21.9354 6.35357 8.47184 3.32122 0 0 0 0.096741 2.81445 -6.89867e-05 0 0 0 0 0.0113935 2.384 303 47 1 1 0
./complex_md-fit_628.pdb BC A 8.58261 33.0152 -12.9217 -7.46994 -13.04 -20.6716 -1.03162 35.8102 -19.7823 3.16678 6.93663 2.77568 0 0 0 0.360579 2.23605 0.0239844 0 0 0 0 0 2.384 303 46 0 0 0
./complex_md-fit_629.pdb BC A 7.8069 40.3079 -9.6223 -6.86209 -9.56478 -22.04 -0.940685 37.5877 -22.2419 4.31589 7.40334 2.31741 0 0 0 0.424982 2.2989 -0.0258307 0 0 0 0 0.0036754 2.384 303 48 0 0 0
./complex_md-fit_62.pdb BC A 8.0455 42.1234 -9.94193 -6.85802 -11.6854 -21.3642 -0.750995 36.2584 -21.1868 3.69869 7.96317 3.7236 0 0 0 0.259693 2.32426 0 0 0 0 0 0 2.384 303 45 0 0 0
./complex_md-fit_630.pdb BC A 8.4287 36.487 -9.95999 -6.78064 -14.2789 -21.8121 -1.04423 37.625 -21.0762 7.06503 6.79833 2.38371 0 0 0 1.15996 2.38974 -1.11022e-16 0 0 0 0 0 2.384 303 48 2 2 0
./complex_md-fit_631.pdb BC A 8.03802 41.9467 -8.07126 -8.24631 -13.1385 -22.6157 -1.06635 39.2004 -21.6238 6.87126 9.19468 3.11606 0 0 0 0.237075 2.25781 5.55112e-17 0 0 0 0 0 2.384 303 48 2 2 0
./complex_md-fit_632.pdb BC A 8.4619 34.0486 -1.76865 -4.83948 -10.748 -24.6425 -0.978413 44.5915 -24.146 8.18651 6.63499 3.56372 0 0 0 0.587395 2.61805 0.0215701 0 0 0 0 0 2.384 303 52 3 3 0
./complex_md-fit_633.pdb BC A 8.16568 35.3247 -14.4548 -5.91063 -11.6929 -21.7897 -0.958423 36.3441 -21.5136 3.03332 5.77524 1.86132 0 0 0 0.38939 2.96835 0.00261089 0 0 0 0 0.00436202 2.384 303 48 0 0 0
./complex_md-fit_634.pdb BC A 7.9506 34.4252 -12.0831 -8.25172 -15.9195 -24.0117 -0.991284 42.3094 -23.1947 6.60807 9.11276 1.93183 0 0 0 0.323655 2.40014 0 0 0 0 0 0 2.384 303 49 1 1 0
./complex_md-fit_635.pdb BC A 8.45704 39.1898 -9.49768 -5.38804 -13.3389 -23.503 -0.943001 42.1693 -23.045 4.19074 7.74236 2.22549 0 0 0 0.407902 2.76547 -0.0154292 0 0 0 0 0 2.384 303 47 1 1 0
./complex_md-fit_636.pdb BC A 7.77926 34.5472 -13.1021 -8.31239 -12.4361 -22.9059 -1.03888 39.3088 -22.754 3.19464 8.27351 3.3005 0 0 0 0.261006 2.64186 0.00667752 0 0 0 0 0 2.384 303 48 0 0 0
./complex_md-fit_637.pdb BC A 8.08574 33.3035 -9.8066 -6.39212 -11.5909 -23.4592 -1.01923 39.3279 -22.9496 6.85834 6.97026 2.1306 0 0 0 0.298838 2.65019 0 0 0 0 0 0.0185851 2.384 303 47 2 2 0
./complex_md-fit_638.pdb BC A 8.62665 35.2909 -6.23251 -6.22162 -12.7031 -21.9139 -1.13547 37.7535 -21.1701 8.36087 7.43961 2.65591 0 0 0 0.677246 2.3684 0 0 0 0 0 0.0244972 2.384 303 46 3 3 0
./complex_md-fit_639.pdb BC A 6.92636 36.844 -7.07054 -5.4222 -12.1594 -23.1015 -1.06287 40.9093 -22.3423 5.46722 7.16594 2.95243 0 0 0 0.5229 2.31674 -1.11022e-16 0 0 0 0 0 2.384 303 50 1 1 0
./complex_md-fit_63.pdb BC A 6.41262 34.6835 -10.7066 -6.07413 -10.8349 -20.1653 -0.874934 34.534 -20.5301 3.46248 7.57674 2.00238 0 0 0 0.170935 3.22848 0.0261787 0 0 0 0 0 2.384 303 49 0 0 0
./complex_md-fit_640.pdb BC A 7.11918 38.801 -9.51245 -6.0515 -11.964 -22.4503 -0.948555 40.1084 -21.8168 4.24576 6.14495 2.85777 0 0 0 0.325454 2.25345 0.036431 0 0 0 0 0 2.384 303 47 0 0 0
./complex_md-fit_641.pdb BC A 9.22778 37.2589 -7.43029 -6.88897 -12.3642 -22.5436 -1.21035 39.0387 -22.2731 6.31494 8.71133 3.3338 0 0 0 0.45117 2.27192 0 0 0 0 0 0 2.384 303 51 0 0 0
./complex_md-fit_642.pdb BC A 9.70301 44.2561 -11.1019 -6.71264 -13.4032 -23.2983 -1.12138 41.3339 -22.5264 4.47768 7.0169 2.65173 0 0 0 0.459915 2.32404 0.0199269 0 0 0 0 0 2.384 303 49 0 0 0
./complex_md-fit_643.pdb BC A 7.58641 33.5425 -9.07978 -7.67172 -12.6737 -25.167 -1.05114 42.4189 -25.1855 6.48338 8.19563 4.86212 0 0 0 0.706185 2.73941 0.00312023 0 0 0 0 0 2.384 303 48 2 2 0
./complex_md-fit_644.pdb BC A 8.34594 36.719 -9.44209 -8.20966 -11.6634 -22.5895 -0.93193 38.9078 -22.2915 6.18314 7.41519 3.41334 0 0 0 0.308597 2.38284 0.0147846 0 0 0 0 0.00108104 2.384 303 48 1 1 0
./complex_md-fit_645.pdb BC A 7.34291 42.4655 -14.6813 -7.79859 -13.9974 -23.2196 -1.0299 39.2255 -23.348 4.31518 8.63837 2.05466 0 0 0 0.454985 3.51545 0.0235361 0 0 0 0 0 2.384 303 50 0 0 0
./complex_md-fit_646.pdb BC A 7.1023 30.1584 -8.3595 -6.40379 -8.91616 -23.3498 -0.924877 40.1082 -23.0938 4.72605 6.76518 2.67675 0 0 0 0.0295762 3.28199 0.0230648 0 0 0 0 0 2.384 303 47 0 0 0
./complex_md-fit_647.pdb BC A 7.92447 37.3255 -15.8447 -7.30647 -14.6754 -22.982 -1.06131 38.4146 -22.9832 2.76898 8.06114 3.42626 0 0 0 0.486604 3.18663 -0.00273617 0 0 0 0 0.00890881 2.384 303 47 0 0 0
./complex_md-fit_648.pdb BC A 8.80095 29.7188 -15.3683 -6.15847 -13.3672 -23.8006 -0.992492 38.0835 -24.4424 5.52729 7.0793 2.47991 0 0 0 0.197081 2.86999 0.0256657 0 0 0 0 0 2.384 303 47 0 0 0
./complex_md-fit_649.pdb BC A 9.03548 35.2384 -14.5544 -8.06837 -13.0908 -22.2595 -0.875173 37.4523 -21.9645 3.95299 7.30441 2.74265 0 0 0 0.251561 2.6741 0 0 0 0 0 0 2.384 303 49 1 1 0
./complex_md-fit_64.pdb BC A 5.54246 30.6945 -5.79679 -5.10303 -6.87978 -21.0785 -0.765513 35.0226 -21.3419 6.06178 6.64336 1.5611 0 0 0 0.0830207 2.42172 0 0 0 0 0 0 2.384 303 47 0 0 0
./complex_md-fit_650.pdb BC A 13.076 37.2436 -11.1009 -8.08396 -12.3401 -22.4087 -0.820661 38.051 -22.1606 5.12162 8.2376 3.11701 0 0 0 0.146538 2.65474 0.039282 0 0 0 0 0 2.384 303 46 1 1 0
./complex_md-fit_651.pdb BC A 8.95476 39.5339 -14.6322 -6.32185 -13.1169 -21.2917 -1.00827 35.8315 -20.8742 3.8567 6.71954 1.22266 0 0 0 0.350291 2.36664 0 0 0 0 0 0 2.384 303 44 1 1 0
./complex_md-fit_652.pdb BC A 8.39905 33.7813 -12.1654 -7.84839 -16.3778 -24.0093 -1.0179 41.6862 -23.3047 7.04559 9.0779 2.5113 0 0 0 0.071751 2.7934 0 0 0 0 0 0 2.384 303 49 2 2 0
./complex_md-fit_653.pdb BC A 7.86312 34.7602 -12.1461 -8.1758 -12.6004 -22.2871 -0.942897 37.5387 -21.815 4.35158 7.24682 4.30902 0 0 0 0.228907 2.39389 0 0 0 0 0 0 2.384 303 48 0 0 0
./complex_md-fit_654.pdb BC A 9.21792 28.5113 -15.3521 -5.37796 -15.4258 -22.0682 -1.16519 35.9642 -21.9697 3.02495 8.14776 3.416 0 0 0 0.101873 2.51618 0 0 0 0 0 0 2.384 303 47 1 1 0
./complex_md-fit_655.pdb BC A 7.65564 30.728 -14.6994 -7.86367 -13.5963 -22.387 -1.03704 36.9683 -22.2907 3.28931 7.74357 3.64955 0 0 0 0.824612 2.26329 0 0 0 0 0 0 2.384 303 47 0 0 0
./complex_md-fit_656.pdb BC A 7.49752 27.9239 -4.58003 -4.79074 -11.3059 -22.0073 -1.00115 38.6913 -21.6787 6.86321 7.44804 3.10529 0 0 0 0.0856525 3.0502 0.01018 0 0 0 0 0 2.384 303 51 1 1 0
./complex_md-fit_657.pdb BC A 6.63135 33.7503 -8.01586 -5.80367 -12.4146 -21.664 -0.946931 38.1608 -21.1922 4.84266 6.9517 3.69556 0 0 0 0.342971 2.25476 0.011864 0 0 0 0 0 2.384 303 48 0 0 0
./complex_md-fit_658.pdb BC A 6.4056 37.8922 -12.1481 -6.25992 -13.3967 -22.4866 -0.978307 37.573 -22.319 5.18902 6.81351 3.39647 0 0 0 0.288232 3.64954 0.0269109 0 0 0 0 0.00535487 2.384 303 48 0 0 0
./complex_md-fit_659.pdb BC A 7.9716 33.1157 -17.4581 -8.32506 -12.879 -22.9685 -0.863769 38.3306 -22.6073 2.10772 6.28447 3.10533 0 0 0 0.340664 2.53395 0.016788 0 0 0 0 0 2.384 303 48 0 0 0
./complex_md-fit_65.pdb BC A 7.46811 26.0253 -10.1355 -5.27904 -10.1248 -21.1297 -0.785318 36.1814 -21.7009 2.71479 7.82084 2.04277 0 0 0 0.124471 2.03217 0 0 0 0 0 0 2.384 303 46 0 0 0
./complex_md-fit_660.pdb BC A 6.90794 31.8053 -5.189 -5.05558 -12.8221 -23.1349 -0.882244 40.5381 -22.6932 6.8138 7.67433 3.87788 0 0 0 0.461664 2.39775 0.0245249 0 0 0 0 0.00875492 2.384 303 51 2 2 0
./complex_md-fit_661.pdb BC A 9.05808 31.078 -9.8634 -7.26034 -13.5412 -22.9287 -1.01687 39.7737 -22.3357 4.73888 8.74703 3.8735 0 0 0 0.0862246 2.74452 0 0 0 0 0 0 2.384 303 48 1 1 0
./complex_md-fit_662.pdb BC A 6.5691 33.8996 -15.8996 -7.50669 -14.4403 -22.4858 -0.950534 38.7322 -21.8557 2.98419 7.52292 1.84291 0 0 0 0.24446 2.48681 0.0128321 0 0 0 0 0 2.384 303 48 0 0 0
./complex_md-fit_663.pdb BC A 7.37382 39.8416 -5.40733 -6.32329 -8.35797 -21.5024 -0.910402 37.4138 -20.9107 6.52012 6.35355 1.96226 0 0 0 0.320252 3.94018 0 0 0 0 0 0.0274533 2.384 303 46 4 4 0
./complex_md-fit_664.pdb BC A 8.00949 41.0537 -9.89236 -6.32528 -12.9916 -23.3951 -0.977885 41.6125 -23.1212 4.31847 8.02841 2.61416 0 0 0 0.345185 3.83267 0 0 0 0 0 0 2.384 303 50 1 1 0
./complex_md-fit_665.pdb BC A 6.98785 34.0083 -11.2595 -5.89204 -13.1252 -21.42 -0.802219 35.5603 -21.0003 6.26036 6.36564 2.56168 0 0 0 0.232204 2.30383 0 0 0 0 0 0 2.384 303 44 1 1 0
./complex_md-fit_666.pdb BC A 6.52923 32.3036 -14.2573 -7.28457 -14.149 -22.0454 -0.886871 36.8913 -21.846 4.76197 7.41761 2.57821 0 0 0 0.302751 2.56941 0.00265468 0 0 0 0 0 2.384 303 48 1 1 0
./complex_md-fit_667.pdb BC A 8.14686 37.095 -8.89521 -7.32017 -12.6682 -22.7413 -1.05853 39.2985 -22.3517 7.5312 6.80969 2.4627 0 0 0 1.11892 2.6279 0.0235588 0 0 0 0 0 2.384 303 49 0 0 0
./complex_md-fit_668.pdb BC A 7.14426 28.4598 -13.9334 -6.35793 -15.1884 -22.7353 -0.990937 37.7938 -22.8754 4.28396 8.57784 3.46625 0 0 0 0.0699318 2.28798 0.0228617 0 0 0 0 0 2.384 303 45 1 1 0
./complex_md-fit_669.pdb BC A 8.80411 44.2064 -7.06539 -5.38899 -11.8933 -21.9726 -0.928922 38.875 -21.1616 6.02023 6.53057 2.70988 0 0 0 0.104593 3.61946 0.0397655 0 0 0 0 0 2.384 303 48 1 1 0
./complex_md-fit_66.pdb BC A 8.88755 40.0001 -12.1429 -6.75469 -14.012 -21.7938 -0.757947 37.6152 -21.8873 3.78065 9.46662 2.1698 0 0 0 0.0305822 2.4202 0 0 0 0 0 0 2.384 303 48 0 0 0
./complex_md-fit_670.pdb BC A 8.67038 36.3273 -6.91995 -6.43397 -13.2031 -22.6203 -1.25439 39.6907 -22.0379 7.26456 7.52469 3.91089 0 0 0 0.209878 2.73774 0.0288819 0 0 0 0 0 2.384 303 50 1 1 0
./complex_md-fit_671.pdb BC A 7.11747 29.991 -15.2544 -7.1842 -13.6048 -21.7921 -1.00165 36.0785 -22.1031 3.78376 7.1428 3.16978 0 0 0 0.256646 2.90418 0 0 0 0 0 0 2.384 303 51 0 0 0
./complex_md-fit_672.pdb BC A 7.41121 32.1555 -18.8629 -9.02364 -12.9433 -22.7024 -0.978467 37.2103 -22.5422 2.48588 6.63661 2.75312 0 0 0 0.220739 3.03796 0.02055 0 0 0 0 0 2.384 303 48 0 0 0
./complex_md-fit_673.pdb BC A 9.16126 37.1484 -16.3993 -8.18173 -15.4338 -22.8489 -0.941903 38.716 -22.581 2.25859 8.81768 3.5304 0 0 0 0.265411 3.99362 0 0 0 0 0 0 2.384 303 48 0 0 0
./complex_md-fit_674.pdb BC A 8.51771 44.2291 -10.1333 -6.52351 -13.8556 -23.3309 -1.18916 40.5554 -22.9119 5.08989 8.77439 3.03728 0 0 0 0.220842 2.80032 0 0 0 0 0 0 2.384 303 49 1 1 0
./complex_md-fit_675.pdb BC A 9.58211 30.349 -9.98206 -7.63497 -10.785 -22.7698 -1.10844 40.0157 -22.1467 4.80586 6.88373 2.3607 0 0 0 0.396762 2.43527 2.77556e-17 0 0 0 0 0 2.384 303 48 1 1 0
./complex_md-fit_676.pdb BC A 6.6017 28.5929 -15.5323 -7.59782 -15.3595 -21.752 -1.12693 37.1994 -21.3335 3.87811 7.78999 2.27186 0 0 0 0.471114 2.64457 0.0270138 0 0 0 0 0 2.384 303 48 0 0 0
./complex_md-fit_677.pdb BC A 7.98032 36.6677 -9.55965 -4.61514 -12.3921 -23.0925 -1.13593 40.0432 -22.6804 4.81945 7.03563 2.3352 0 0 0 0.0736888 3.85271 0.0384059 0 0 0 0 0.0108343 2.384 303 51 1 1 0
./complex_md-fit_678.pdb BC A 6.43896 36.0239 -9.95012 -5.59425 -13.0726 -21.4705 -1.11983 36.1625 -21.1405 4.72341 8.38074 2.91667 0 0 0 0.264267 2.70644 0 0 0 0 0 0 2.384 303 50 0 0 0
./complex_md-fit_679.pdb BC A 7.79652 29.2972 -14.9312 -5.55 -13.4665 -21.5168 -0.989082 36.0224 -21.4167 2.99075 6.09978 2.17332 0 0 0 0.702334 3.67773 0.0192924 0 0 0 0 0 2.384 303 46 0 0 0
./complex_md-fit_67.pdb BC A 7.63453 32.5449 -12.666 -5.69139 -13.1155 -20.4508 -0.664655 35.4226 -20.7263 1.37693 8.29561 2.55512 0 0 0 0.306712 3.36812 0.0255745 0 0 0 0 0 2.384 303 48 0 0 0
./complex_md-fit_680.pdb BC A 6.75213 28.834 -15.1754 -5.6323 -13.5658 -22.2363 -1.08783 35.4746 -22.3311 5.36058 5.98044 2.68632 0 0 0 0.151614 3.79103 0.024396 0 0 0 0 0 2.384 303 47 1 1 0
./complex_md-fit_681.pdb BC A 8.49617 34.2269 -11.582 -7.15625 -13.8233 -22.5401 -1.12499 38.9573 -22.0599 5.87239 7.07058 3.00015 0 0 0 0.222032 2.71387 0 0 0 0 0 0 2.384 303 50 2 2 0
./complex_md-fit_682.pdb BC A 7.5828 40.0375 -13.4046 -7.21389 -15.8821 -22.7503 -0.882965 38.3219 -22.4032 4.45528 8.47004 3.66718 0 0 0 0.794291 2.78914 0.0192387 0 0 0 0 0 2.384 303 51 1 1 0
./complex_md-fit_683.pdb BC A 8.11163 32.1983 -14.6006 -8.32596 -15.2012 -23.225 -1.05703 40.1174 -22.5307 4.20499 8.17472 2.73165 0 0 0 0.469206 2.50365 0.0413232 0 0 0 0 0 2.384 303 49 0 0 0
./complex_md-fit_684.pdb BC A 6.59735 30.666 -15.4092 -7.77367 -14.4431 -22.6583 -1.04366 38.105 -22.4944 3.21464 8.40762 2.90123 0 0 0 0.352153 2.37868 0.0221482 0 0 0 0 0.00128098 2.384 303 48 0 0 0
./complex_md-fit_685.pdb BC A 8.88744 38.0513 -14.8916 -8.08885 -15.2165 -22.2457 -1.10783 37.1488 -21.6984 3.76412 9.77421 2.40623 0 0 0 0.372479 2.47446 0 0 0 0 0 0 2.384 303 44 0 0 0
./complex_md-fit_686.pdb BC A 6.69813 35.485 -12.6466 -7.13443 -14.2723 -22.7952 -0.972272 38.837 -22.5075 4.77558 8.02817 3.22882 0 0 0 0.146366 2.21423 0.0191524 0 0 0 0 0 2.384 303 45 0 0 0
./complex_md-fit_687.pdb BC A 7.18159 44.3323 -10.6917 -7.40771 -11.9986 -23.5864 -1.08169 40.0041 -23.2373 4.42967 8.21233 3.23013 0 0 0 0.742752 2.77762 0 0 0 0 0 0.00101715 2.384 303 47 0 0 0
./complex_md-fit_688.pdb BC A 8.66875 29.7539 -9.16295 -7.97035 -11.6461 -24.0141 -0.863848 42.0873 -23.4596 3.15057 9.65975 3.83255 0 0 0 0.0608815 2.43383 0 0 0 0 0 0 2.384 303 47 0 0 0
./complex_md-fit_689.pdb BC A 7.94184 32.8328 -13.2954 -6.96125 -12.4822 -23.3732 -1.13352 39.5707 -22.9249 4.33916 7.97483 1.55679 0 0 0 0.102172 2.53197 0.0359715 0 0 0 0 0 2.384 303 49 0 0 0
./complex_md-fit_68.pdb BC A 9.17814 39.0925 -7.27036 -4.97472 -10.871 -21.0475 -0.751903 36.9586 -21.4273 3.98424 8.26535 2.22054 0 0 0 0.373319 2.99835 0 0 0 0 0 0 2.384 303 46 1 1 0
./complex_md-fit_690.pdb BC A 7.37019 29.2337 -11.5304 -5.87631 -11.5054 -22.8379 -0.883444 40.2938 -22.5263 3.32553 7.09253 1.09553 0 0 0 0.255637 2.55025 0.0305526 0 0 0 0 0.00531727 2.384 303 48 0 0 0
./complex_md-fit_691.pdb BC A 9.09063 38.1213 -14.8782 -6.63192 -12.1607 -21.725 -1.05294 36.1876 -21.2608 3.54554 6.26531 1.68552 0 0 0 0.269281 2.61876 0 0 0 0 0 0 2.384 303 46 1 1 0
./complex_md-fit_692.pdb BC A 7.55313 28.2823 -11.8511 -6.99664 -11.9692 -22.9145 -0.877347 39.5624 -22.5009 2.14146 8.09843 3.36325 0 0 0 0.241978 2.82443 0 0 0 0 0 0 2.384 303 45 0 0 0
./complex_md-fit_693.pdb BC A 5.64952 39.7236 -9.92252 -5.56767 -13.3765 -23.406 -1.00863 39.4954 -23.3721 5.60765 7.41831 3.03946 0 0 0 1.22583 2.46886 0.0218037 0 0 0 0 0 2.384 303 45 1 1 0
./complex_md-fit_694.pdb BC A 7.78753 30.747 -8.28791 -6.05033 -14.2096 -22.7572 -1.09535 40.7735 -22.4396 5.47342 8.68506 3.03575 0 0 0 0.296448 2.72568 0 0 0 0 0 0 2.384 303 48 2 2 0
./complex_md-fit_695.pdb BC A 6.96927 44.7404 -12.8811 -7.66559 -15.7576 -23.8859 -0.991793 42.5209 -23.3801 3.13419 9.46274 2.84271 0 0 0 0.839338 2.71729 0 0 0 0 0 0 2.384 303 48 0 0 0
./complex_md-fit_696.pdb BC A 10.4272 34.7466 -11.8885 -7.63709 -14.6687 -22.3082 -0.994665 40.0228 -21.356 5.05257 7.16358 2.23594 0 0 0 0.572379 2.87474 0.0224006 0 0 0 0 0.00660072 2.384 303 47 2 2 0
./complex_md-fit_697.pdb BC A 9.72535 37.2161 -18.3387 -8.3234 -18.5584 -23.9355 -0.870937 41.0604 -23.4745 3.79388 9.70132 1.95568 0 0 0 0.312765 2.57763 -1.11022e-16 0 0 0 0 0 2.384 303 46 2 2 0
./complex_md-fit_698.pdb BC A 7.30625 33.2065 -13.5372 -7.03842 -13.8203 -21.4913 -0.784515 37.5852 -21.0155 2.24751 7.71673 2.6622 0 0 0 0.401219 2.31327 0 0 0 0 0 0 2.384 303 46 0 0 0
./complex_md-fit_699.pdb BC A 7.93215 38.5138 -7.5378 -6.09473 -13.6057 -23.084 -0.996266 40.2552 -22.7732 6.36861 9.73995 2.38421 0 0 0 0.25099 2.56798 0.0171541 0 0 0 0 0 2.384 303 47 0 0 0
./complex_md-fit_69.pdb BC A 9.4756 29.2634 -8.11597 -4.56302 -9.45283 -20.0699 -0.789557 34.0757 -20.6838 3.90415 7.20213 2.11898 0 0 0 0.136586 2.01811 0.00553634 0 0 0 0 0 2.384 303 48 0 0 0
./complex_md-fit_6.pdb BC A 7.12709 32.4541 -5.24839 -7.30863 -6.06723 -20.8329 -0.783084 36.4403 -21.1528 4.61813 6.1578 3.5567 0 0 0 0.123282 1.97926 0 0 0 0 0 0 2.384 303 45 0 0 0
./complex_md-fit_700.pdb BC A 8.3092 32.8746 -7.22574 -7.38294 -10.4426 -23.1214 -0.969496 40.1741 -22.8823 5.32509 8.12839 3.62878 0 0 0 0.271345 2.84332 0.0376413 0 0 0 0 0.00770524 2.384 303 46 1 1 0
./complex_md-fit_701.pdb BC A 9.58215 34.0006 -8.83518 -7.6859 -13.823 -23.9091 -1.00701 42.3617 -22.9411 8.07935 7.65744 2.1887 0 0 0 0.216889 3.00511 0.0267816 0 0 0 0 0 2.384 303 48 2 2 0
./complex_md-fit_702.pdb BC A 7.21069 29.2196 -17.1972 -7.50838 -14.9968 -21.2536 -1.02717 34.0073 -21.0184 2.9912 8.35394 2.75991 0 0 0 0.494839 2.08926 0 0 0 0 0 0 2.384 303 48 0 0 0
./complex_md-fit_703.pdb BC A 10.6271 35.9298 -10.7702 -6.2043 -14.354 -23.0766 -1.12507 39.4383 -22.5324 8.3053 6.59883 2.10321 0 0 0 0.0467249 2.65325 0.0250437 0 0 0 0 0.00481308 2.384 303 49 3 3 0
./complex_md-fit_704.pdb BC A 7.13817 35.7585 -9.10444 -6.3792 -12.4701 -22.3623 -1.05159 38.8665 -21.6698 5.53437 7.03678 2.9807 0 0 0 0.410289 2.48918 -1.11022e-16 0 0 0 0 0 2.384 303 50 0 0 0
./complex_md-fit_705.pdb BC A 9.31323 32.1914 -6.02498 -6.26082 -13.607 -23.2424 -0.952448 42.3248 -22.3208 6.36215 8.33393 2.85255 0 0 0 0.466056 3.53046 0.0178587 0 0 0 0 0.00120047 2.384 303 49 1 1 0
./complex_md-fit_706.pdb BC A 9.02964 35.6496 -6.86886 -7.98122 -10.889 -21.3945 -1.23401 40.0048 -20.2524 5.3427 6.79871 2.39637 0 0 0 0.339746 2.30815 0 0 0 0 0 0 2.384 303 45 0 0 0
./complex_md-fit_707.pdb BC A 10.3351 38.917 -7.2797 -6.40011 -12.1418 -21.5503 -0.939835 37.6672 -20.6565 6.26106 7.13316 2.82904 0 0 0 0.511038 2.33811 0 0 0 0 0 0.00728888 2.384 303 45 0 0 0
./complex_md-fit_708.pdb BC A 7.98776 36.1783 -6.10039 -6.15837 -11.9305 -22.3769 -0.828896 39.2663 -22.263 6.48572 8.17473 3.04486 0 0 0 0.471512 2.34509 -0.0072139 0 0 0 0 0.0214213 2.384 303 46 4 4 0
./complex_md-fit_709.pdb BC A 7.3495 37.4603 -12.4103 -7.83237 -12.3042 -21.8416 -1.09714 37.2549 -21.5175 5.6412 7.06504 2.11029 0 0 0 0.0809404 2.51798 0.0207229 0 0 0 0 0.0094436 2.384 303 50 2 2 0
./complex_md-fit_70.pdb BC A 6.60395 31.581 -11.1055 -5.6262 -10.7491 -21.2514 -0.712049 36.6701 -21.6037 2.91082 7.07686 1.97744 0 0 0 0.197031 4.55834 0 0 0 0 0 0.00471321 2.384 303 46 0 0 0
./complex_md-fit_710.pdb BC A 6.81701 34.514 -13.3043 -6.43209 -13.8673 -22.1429 -1.03506 36.4463 -21.6296 7.29189 5.71999 1.95186 0 0 0 0.372132 2.00131 0.0204676 0 0 0 0 0 2.384 303 47 2 2 0
./complex_md-fit_711.pdb BC A 7.42367 36.9832 -13.4792 -7.0691 -11.2639 -21.8866 -0.939657 36.778 -21.4914 3.987 5.32345 2.59506 0 0 0 0.465032 2.49339 0.0227617 0 0 0 0 0 2.384 303 49 1 1 0
./complex_md-fit_712.pdb BC A 9.04119 38.4688 -6.27168 -4.68634 -13.4422 -22.1809 -0.923827 39.0802 -21.7817 7.65137 6.96607 2.64464 0 0 0 0.404658 2.25925 -0.0240715 0 0 0 0 0.0203803 2.384 303 51 2 2 0
./complex_md-fit_713.pdb BC A 6.89932 35.0684 -9.96667 -5.32942 -12.0376 -22.5833 -0.983098 38.5679 -22.0072 4.4547 6.93884 2.86397 0 0 0 0.155416 3.55864 -0.0157957 0 0 0 0 0.00894528 2.384 303 50 1 1 0
./complex_md-fit_714.pdb BC A 6.50482 34.61 -7.62429 -6.27585 -11.063 -21.8681 -0.851255 39.0503 -21.1228 4.45816 6.31555 3.34814 0 0 0 0.394774 2.07169 -0.0102172 0 0 0 0 0 2.384 303 49 2 2 0
./complex_md-fit_715.pdb BC A 10.3247 38.3558 -3.09891 -5.814 -12.1988 -23.5612 -1.17786 42.2371 -22.6906 8.36695 8.05517 3.23516 0 0 0 0.449183 2.49859 0 0 0 0 0 0 2.384 303 52 2 2 0
./complex_md-fit_716.pdb BC A 6.18385 31.2288 -11.4506 -8.07919 -13.9817 -23.2651 -0.969867 41.0324 -22.7188 5.36985 7.68604 3.16341 0 0 0 0.290247 2.48043 0.0221038 0 0 0 0 0 2.384 303 50 1 1 0
./complex_md-fit_717.pdb BC A 6.37136 30.5484 -9.6696 -7.58266 -10.922 -23.9693 -1.10468 42.153 -23.5573 4.27844 7.31209 3.55548 0 0 0 0.166748 2.64749 -0.0118721 0 0 0 0 0.012481 2.384 303 52 1 1 0
./complex_md-fit_718.pdb BC A 6.60416 33.6025 -10.6475 -8.57432 -11.6835 -24.3502 -0.857623 42.8556 -24.2987 5.61145 7.20558 3.08385 0 0 0 0.404876 2.49245 -0.0444965 0 0 0 0 0 2.384 303 52 2 2 0
./complex_md-fit_719.pdb BC A 7.93589 36.9317 -12.9609 -5.57081 -15.9219 -24.6373 -1.22057 44.2163 -24.1427 3.18854 8.09151 2.76124 0 0 0 0.268106 2.73582 0 0 0 0 0 0.00667071 2.384 303 52 0 0 0
./complex_md-fit_71.pdb BC A 10.0317 31.9358 -5.96882 -5.69331 -9.36252 -21.4994 -0.751048 36.1134 -21.613 6.01915 7.64105 3.00904 0 0 0 0.138576 2.131 0.0293395 0 0 0 0 0 2.384 303 48 1 1 0
./complex_md-fit_720.pdb BC A 7.52657 37.1631 -6.82946 -5.83052 -13.5486 -24.8891 -1.20599 46.3106 -24.168 7.23402 7.33364 1.70779 0 0 0 0.226739 3.85538 0 0 0 0 0 0 2.384 303 47 2 2 0
./complex_md-fit_721.pdb BC A 8.24015 33.1362 -16.2344 -8.67021 -16.6228 -24.3675 -1.18686 43.5962 -23.6048 2.48366 10.0681 1.88698 0 0 0 0.195103 2.16687 -0.0122646 0 0 0 0 0 2.384 303 48 0 0 0
./complex_md-fit_722.pdb BC A 9.46847 31.0843 -14.0504 -8.05217 -15.3492 -23.9468 -1.22032 42.5391 -23.3048 4.39987 8.56183 1.84816 0 0 0 0.473936 2.97917 0 0 0 0 0 0 2.384 303 46 1 1 0
./complex_md-fit_723.pdb BC A 7.35121 30.4282 -15.6778 -8.70357 -12.7065 -23.3577 -1.12221 39.9958 -22.7325 2.2099 8.4698 2.01892 0 0 0 0.230499 3.58917 0.0197319 0 0 0 0 0 2.384 303 47 0 0 0
./complex_md-fit_724.pdb BC A 10.6753 32.3683 -18.2262 -8.59787 -14.6119 -22.5424 -1.05002 37.985 -22.4123 4.07919 7.13403 1.58513 0 0 0 0.184609 2.41417 0.0203928 0 0 0 0 0 2.384 303 51 1 1 0
./complex_md-fit_725.pdb BC A 7.2611 33.6855 -3.79514 -5.97171 -12.2645 -24.1361 -1.0968 45.4041 -23.397 7.79197 7.57803 2.16622 0 0 0 0.14934 2.63694 -0.0187715 0 0 0 0 0 2.384 303 48 2 2 0
./complex_md-fit_726.pdb BC A 8.94179 32.7703 -9.86071 -7.56805 -13.5493 -24.2192 -1.17144 42.0876 -23.5738 7.62301 8.09463 2.16368 0 0 0 0.219253 3.02002 0.0131015 0 0 0 0 0.0197606 2.384 303 48 3 3 0
./complex_md-fit_727.pdb BC A 7.41546 32.1044 -13.4367 -9.86624 -14.7942 -25.0837 -1.21661 43.8741 -24.3149 4.55447 8.8083 4.38941 0 0 0 0.137949 3.38013 0.0394443 0 0 0 0 0.0353166 2.384 303 47 1 1 0
./complex_md-fit_728.pdb BC A 6.80459 24.3092 -12.4109 -8.6737 -14.272 -24.9491 -0.931345 44.2784 -24.5958 3.62398 10.1683 2.67742 0 0 0 0.20555 2.56056 0.0193841 0 0 0 0 0.0378895 2.384 303 49 0 0 0
./complex_md-fit_729.pdb BC A 7.26176 39.9643 -9.05839 -6.80268 -15.3621 -24.9764 -1.33848 44.4021 -24.4643 6.37723 9.40526 3.3906 0 0 0 0.321669 3.62994 -0.0113548 0 0 0 0 0 2.384 303 50 2 2 0
./complex_md-fit_72.pdb BC A 6.06243 38.3725 -9.66658 -6.61961 -12.4041 -20.6083 -0.948232 38.0861 -20.2525 1.17413 8.3774 3.25052 0 0 0 0.250128 2.4698 0.0218812 0 0 0 0 0.00596742 2.384 303 45 0 0 0
./complex_md-fit_730.pdb BC A 6.93528 38.1351 -4.23348 -6.23345 -13.8952 -23.2895 -1.09747 42.5672 -22.9885 6.27691 9.35554 4.43348 0 0 0 0.59284 2.18332 0 0 0 0 0 0.0447086 2.384 303 49 0 0 0
./complex_md-fit_731.pdb BC A 6.06365 34.3334 -7.03944 -6.00807 -14.0033 -23.4107 -1.2872 41.2283 -22.655 6.4052 8.5951 3.82614 0 0 0 0.232128 2.29613 0.0378628 0 0 0 0 0 2.384 303 45 2 2 0
./complex_md-fit_732.pdb BC A 8.24803 35.4545 -14.743 -6.84631 -16.8276 -22.0478 -1.20652 37.4618 -21.7654 5.55543 8.17491 2.63845 0 0 0 0.0884264 2.10642 0.0316174 0 0 0 0 0 2.384 303 45 0 0 0
./complex_md-fit_733.pdb BC A 7.18311 33.7337 -11.1137 -8.33157 -15.8447 -24.3207 -1.20273 42.4008 -23.8183 5.93237 9.19153 3.92089 0 0 0 0.928429 3.55732 0.0248774 0 0 0 0 0.00538439 2.384 303 47 2 2 0
./complex_md-fit_734.pdb BC A 7.26983 30.3614 -13.3358 -7.12044 -16.0052 -24.87 -1.38867 41.6491 -24.5303 5.20628 9.08375 4.25935 0 0 0 0.380426 3.11814 0 0 0 0 0 0 2.384 303 51 1 1 0
./complex_md-fit_735.pdb BC A 7.26927 30.3392 -11.8554 -5.64413 -15.5624 -23.8679 -1.16142 42.7641 -23.2736 3.66716 8.0894 2.88196 0 0 0 0.232637 2.35743 0.0134092 0 0 0 0 0.00542803 2.384 303 50 1 1 0
./complex_md-fit_736.pdb BC A 6.79433 31.3416 -17.3115 -8.36194 -16.8643 -24.5113 -1.03865 41.6668 -24.1483 3.49404 8.38403 3.77851 0 0 0 0.306325 2.79867 -0.0167077 0 0 0 0 0 2.384 303 46 0 0 0
./complex_md-fit_737.pdb BC A 8.27507 36.8871 -8.18259 -5.29312 -11.7962 -23.4028 -1.06335 39.667 -23.2183 6.85988 7.30712 2.3033 0 0 0 0.453894 3.19269 0 0 0 0 0 0 2.384 303 48 1 1 0
./complex_md-fit_738.pdb BC A 9.72464 30.9863 -7.58205 -6.25529 -13.6132 -23.3481 -1.21081 42.2646 -23.0966 7.16965 8.1155 2.00414 0 0 0 0.362664 3.59051 0.0248552 0 0 0 0 0.000496633 2.384 303 46 3 3 0
./complex_md-fit_739.pdb BC A 7.76247 30.9805 -10.8341 -7.09363 -14.0349 -23.7356 -1.03472 41.8788 -23.4191 4.66823 8.49792 3.31491 0 0 0 0.123982 2.62909 0 0 0 0 0 0 2.384 303 50 0 0 0
./complex_md-fit_73.pdb BC A 10.638 31.9207 -13.5258 -6.69963 -15.8886 -21.7008 -0.896311 38.4241 -21.8572 2.58591 9.31443 3.05744 0 0 0 0.121877 2.07106 0 0 0 0 0 0.0131268 2.384 303 47 0 0 0
./complex_md-fit_740.pdb BC A 8.03421 33.7628 -9.94799 -6.75906 -11.7134 -23.5493 -1.11699 41.0029 -22.9441 4.67302 6.97485 3.07272 0 0 0 0.411437 2.64219 0 0 0 0 0 0 2.384 303 49 2 2 0
./complex_md-fit_741.pdb BC A 7.3689 33.8927 -7.08624 -5.44863 -13.534 -24.1449 -1.15346 43.0782 -23.7488 6.46421 8.21147 3.04167 0 0 0 0.138913 2.81436 0 0 0 0 0 0.00906034 2.384 303 46 1 1 0
./complex_md-fit_742.pdb BC A 7.42508 28.3501 -11.099 -7.03911 -15.2257 -22.9202 -1.19695 41.2538 -22.1297 4.42076 8.59579 3.01638 0 0 0 0.125991 2.29781 0 0 0 0 0 0 2.384 303 49 1 1 0
./complex_md-fit_743.pdb BC A 8.45851 35.1034 -9.91267 -7.60176 -15.0809 -24.2635 -1.22283 44.8009 -23.5263 5.0358 8.39721 3.17727 0 0 0 0.387123 2.31714 -0.0286208 0 0 0 0 0.0128873 2.384 303 46 1 1 0
./complex_md-fit_744.pdb BC A 7.9636 34.3576 -11.6191 -8.06828 -16.4904 -25.0122 -1.23629 44.8829 -24.5293 5.13501 9.82611 3.17312 0 0 0 0.694037 3.12011 0.0061776 0 0 0 0 0 2.384 303 46 2 2 0
./complex_md-fit_745.pdb BC A 8.59794 36.8985 -9.99912 -7.30656 -13.8642 -22.638 -1.05236 41.7883 -22.0005 5.02698 7.47634 2.51136 0 0 0 0.0595588 2.69187 -1.11022e-16 0 0 0 0 0 2.384 303 48 1 1 0
./complex_md-fit_746.pdb BC A 8.6843 36.8571 -10.9238 -8.07225 -14.2281 -24.5206 -1.09209 45.109 -23.9923 2.94586 8.64741 4.1247 0 0 0 0.182341 2.48066 -0.0278224 0 0 0 0 0 2.384 303 48 0 0 0
./complex_md-fit_747.pdb BC A 6.69567 32.2756 -8.56009 -6.21674 -14.6302 -23.3324 -1.10911 42.4707 -22.7012 4.37297 8.75772 3.55221 0 0 0 0.233904 2.84041 0.0420821 0 0 0 0 0 2.384 303 49 0 0 0
./complex_md-fit_748.pdb BC A 9.09034 31.6493 -7.86677 -8.24172 -16.2169 -23.2956 -1.13514 42.3063 -22.6653 7.80832 9.8763 3.45359 0 0 0 0.214619 2.60463 0.0287415 0 0 0 0 0 2.384 303 51 2 2 0
./complex_md-fit_749.pdb BC A 8.12096 30.1171 -6.4766 -6.74915 -13.8089 -23.4001 -1.23477 41.916 -22.5107 6.76232 8.33855 3.88064 0 0 0 0.277311 2.6705 0.0522379 0 0 0 0 0 2.384 303 47 2 2 0
./complex_md-fit_74.pdb BC A 9.48292 31.086 -8.17561 -4.94406 -8.92601 -20.1052 -0.492858 35.21 -20.65 2.96874 6.20964 2.35119 0 0 0 0.20294 2.0817 0 0 0 0 0 0 2.384 303 48 0 0 0
./complex_md-fit_750.pdb BC A 5.85902 40.1826 -17.4503 -6.72849 -15.79 -22.1122 -1.42731 37.5288 -21.8654 2.10597 7.96932 2.16373 0 0 0 0.650883 2.68203 0.0237677 0 0 0 0 0.0306692 2.384 303 47 0 0 0
./complex_md-fit_751.pdb BC A 8.23599 40.1638 -13.6159 -7.44477 -13.5281 -22.0154 -1.24074 38.0112 -21.422 4.56546 7.32329 1.92195 0 0 0 0.186881 2.27065 0.0263372 0 0 0 0 0 2.384 303 50 1 1 0
./complex_md-fit_752.pdb BC A 8.80244 37.4848 -9.85787 -6.14709 -13.1211 -23.2288 -1.14194 40.1575 -22.8458 5.09789 6.8818 3.98441 0 0 0 0.505324 2.44248 0 0 0 0 0 0 2.384 303 52 2 2 0
./complex_md-fit_753.pdb BC A 8.62835 34.872 -10.8607 -7.75276 -14.1893 -23.3519 -1.00829 42.4306 -22.4669 3.17732 7.04366 4.3322 0 0 0 0.903448 2.44472 0.0212472 0 0 0 0 0 2.384 303 52 0 0 0
./complex_md-fit_754.pdb BC A 7.33488 34.5882 -16.1798 -8.7195 -15.5493 -23.0789 -1.04623 40.0339 -22.4106 2.94779 8.83403 2.69485 0 0 0 0.114189 2.39832 0 0 0 0 0 0 2.384 303 49 0 0 0
./complex_md-fit_755.pdb BC A 7.53045 31.7399 -2.66014 -6.78465 -10.6394 -22.4987 -1.09956 40.4299 -21.6777 8.88732 7.14874 3.32674 0 0 0 0.248281 2.21404 -0.00114374 0 0 0 0 0 2.384 303 49 2 2 0
./complex_md-fit_756.pdb BC A 7.99049 26.4862 -13.1147 -5.78111 -14.6794 -22.3529 -0.986937 38.9814 -21.8236 3.2579 7.35186 2.47781 0 0 0 0.506233 2.41031 -0.0658536 0 0 0 0 0 2.384 303 52 1 1 0
./complex_md-fit_757.pdb BC A 6.9196 34.0486 -10.9011 -5.82777 -12.341 -22.2852 -0.911647 38.3189 -21.6199 2.49294 6.94164 3.80157 0 0 0 0.567076 2.42957 -0.0498722 0 0 0 0 0.012032 2.384 303 51 1 1 0
./complex_md-fit_758.pdb BC A 7.23946 29.6679 -8.70541 -6.23169 -10.9781 -22.0978 -0.957291 39.0767 -21.2252 5.73005 5.67069 2.16059 0 0 0 0.146655 2.34083 1.11022e-16 0 0 0 0 0 2.384 303 49 0 0 0
./complex_md-fit_759.pdb BC A 7.89899 34.6574 -9.46575 -4.60608 -15.9264 -23.4366 -1.26023 40.9111 -22.419 6.19767 7.45579 3.01564 0 0 0 0.579607 3.35467 0.0227127 0 0 0 0 0 2.384 303 51 1 1 0
./complex_md-fit_75.pdb BC A 6.75231 38.4311 -7.91153 -5.24881 -9.1071 -20.4452 -0.746529 36.1088 -20.7186 2.08106 7.65229 2.27709 0 0 0 0.194327 2.08606 0.0288914 0 0 0 0 0.0122497 2.384 303 45 0 0 0
./complex_md-fit_760.pdb BC A 6.88913 35.7877 -12.9584 -7.69831 -16.2576 -23.4118 -1.24784 41.0388 -22.7991 5.08478 9.48086 2.56111 0 0 0 0.331788 3.40464 -0.0411865 0 0 0 0 0 2.384 303 52 1 1 0
./complex_md-fit_761.pdb BC A 7.55378 30.0464 -7.77033 -3.84095 -11.7087 -23.3233 -1.07103 40.9954 -22.9024 4.58389 7.17132 2.08475 0 0 0 0.218277 3.26311 0.0224372 0 0 0 0 0 2.384 303 51 2 2 0
./complex_md-fit_762.pdb BC A 8.10845 28.5915 -8.9239 -7.90869 -11.9996 -22.3396 -1.09189 40.4341 -22.1321 5.64051 6.97556 3.13187 0 0 0 0.365916 2.43493 -5.55112e-17 0 0 0 0 0 2.384 303 53 1 1 0
./complex_md-fit_763.pdb BC A 7.07915 32.9856 -10.4036 -6.94619 -12.9289 -21.7737 -1.26558 38.8278 -21.439 5.58668 6.94508 2.07126 0 0 0 0.497451 2.55636 0.021573 0 0 0 0 0 2.384 303 51 1 1 0
./complex_md-fit_764.pdb BC A 9.2754 34.6755 -6.09618 -6.01434 -13.7855 -22.7157 -1.18553 42.1022 -22.5292 6.37993 8.09246 3.15848 0 0 0 0.401092 2.62871 0 0 0 0 0 0 2.384 303 46 2 2 0
./complex_md-fit_765.pdb BC A 6.27077 33.0307 -9.87403 -6.15285 -12.9026 -22.6119 -1.157 40.9272 -22.1892 4.66412 7.29169 1.94012 0 0 0 0.28429 2.44528 0.0321052 0 0 0 0 0 2.384 303 46 0 0 0
./complex_md-fit_766.pdb BC A 8.70342 33.1896 -8.60663 -6.82062 -14.3504 -22.6724 -1.13324 40.8196 -22.0748 7.44241 7.49552 2.47961 0 0 0 0.194315 2.30552 0.0105138 0 0 0 0 0.00297605 2.384 303 46 1 1 0
./complex_md-fit_767.pdb BC A 8.0391 35.3292 -12.5493 -7.44864 -14.5254 -22.8694 -1.17886 42.4014 -21.9426 2.27538 8.49697 1.92395 0 0 0 0.317856 2.48286 0 0 0 0 0 0 2.384 303 46 0 0 0
./complex_md-fit_768.pdb BC A 9.13364 35.1291 -6.81548 -5.61039 -13.0424 -22.7545 -1.13667 41.9686 -22.109 5.01803 8.25363 2.52585 0 0 0 0.0714628 3.22524 0 0 0 0 0 0 2.384 303 48 0 0 0
./complex_md-fit_769.pdb BC A 9.13554 36.8165 -14.0014 -6.19197 -15.8478 -21.6178 -1.20336 36.8305 -21.0835 5.96079 6.60436 2.20211 0 0 0 0.342473 2.2698 0.00282399 0 0 0 0 0 2.384 303 48 2 2 0
./complex_md-fit_76.pdb BC A 7.70667 39.8901 -9.61882 -5.59053 -9.78569 -20.2571 -0.538459 32.9902 -21.1639 3.79316 7.21759 3.56264 0 0 0 0.153211 2.30061 0 0 0 0 0 0 2.384 303 47 0 0 0
./complex_md-fit_770.pdb BC A 7.8569 36.7164 -13.2858 -6.87337 -16.081 -22.184 -1.10712 38.3712 -21.7156 5.2664 7.34095 3.37164 0 0 0 0.306105 2.22537 0.018965 0 0 0 0 0 2.384 303 47 0 0 0
./complex_md-fit_771.pdb BC A 8.23013 37.4655 -15.053 -7.91848 -15.3545 -23.0254 -1.28435 39.9876 -22.3595 3.90099 7.36719 2.98114 0 0 0 0.594493 2.91852 0.0367413 0 0 0 0 0.0211015 2.384 303 48 1 1 0
./complex_md-fit_772.pdb BC A 7.78601 36.4006 -6.31764 -5.59821 -13.6122 -21.8956 -1.19196 40.0251 -21.1612 6.38662 7.35403 2.53374 0 0 0 0.830669 2.52439 0.0114912 0 0 0 0 0 2.384 303 48 1 1 0
./complex_md-fit_773.pdb BC A 8.69945 40.1506 -11.6202 -6.93126 -11.979 -22.9847 -1.12428 41.3836 -22.5649 3.08673 6.27985 2.7465 0 0 0 0.430858 2.74817 0.0364424 0 0 0 0 0 2.384 303 49 0 0 0
./complex_md-fit_774.pdb BC A 6.25278 39.8752 -16.8325 -7.59422 -14.7346 -21.93 -1.11533 36.6897 -21.3694 2.68559 6.94689 2.9806 0 0 0 0.608341 2.77695 0 0 0 0 0 0 2.384 303 49 0 0 0
./complex_md-fit_775.pdb BC A 10.4797 34.8294 -8.70779 -7.51974 -11.0284 -22.0834 -1.16496 38.8361 -21.5488 5.81452 7.19084 2.48437 0 0 0 0.284024 2.45299 0.0275619 0 0 0 0 0 2.384 303 48 1 1 0
./complex_md-fit_776.pdb BC A 6.42544 36.6531 -9.91343 -7.3775 -14.1367 -22.7883 -1.22795 40.1118 -22.1659 7.27154 7.04331 3.15416 0 0 0 0.215677 3.87726 -0.0135825 0 0 0 0 0 2.384 303 50 4 4 0
./complex_md-fit_777.pdb BC A 7.17085 32.2047 -14.4673 -8.68813 -14.9083 -21.8479 -1.08304 37.9569 -21.1532 4.58548 7.94622 2.38708 0 0 0 0.31526 3.8279 0.0220483 0 0 0 0 0.00039559 2.384 303 45 1 1 0
./complex_md-fit_778.pdb BC A 8.36519 30.0283 -15.2069 -6.24088 -14.603 -22.0656 -1.08933 37.1231 -21.5433 4.02411 6.31091 2.24033 0 0 0 0.62434 2.64785 0 0 0 0 0 0.0125201 2.384 303 45 0 0 0
./complex_md-fit_779.pdb BC A 7.62392 34.4414 -9.4521 -5.70259 -11.7745 -22.5948 -1.08653 39.2044 -21.847 4.30049 7.45319 2.04946 0 0 0 0.507209 2.94818 0.0386428 0 0 0 0 0 2.384 303 46 1 1 0
./complex_md-fit_77.pdb BC A 7.84246 45.7428 -13.3257 -6.38611 -13.2167 -20.4116 -0.591513 34.0367 -20.9969 3.27878 8.03905 2.70896 0 0 0 0.175405 2.93812 0.0323806 0 0 0 0 0.00581189 2.384 303 47 0 0 0
./complex_md-fit_780.pdb BC A 9.20177 28.921 -7.05995 -7.48805 -10.7681 -23.4679 -1.04657 41.6698 -23.2235 6.03095 7.85055 3.07223 0 0 0 0.279183 2.14524 0.0204381 0 0 0 0 0.0110216 2.384 303 46 1 1 0
./complex_md-fit_781.pdb BC A 8.66413 32.8403 -16.976 -8.76096 -13.6361 -22.8271 -1.12456 37.4541 -22.8318 2.83185 7.5936 3.41913 0 0 0 0.905838 2.53366 0 0 0 0 0 0 2.384 303 49 0 0 0
./complex_md-fit_782.pdb BC A 8.10797 33.3889 -14.4669 -7.32183 -12.7065 -22.5581 -1.1563 38.1013 -22.6295 3.61742 6.6903 3.29572 0 0 0 0.200605 2.10914 0 0 0 0 0 0 2.384 303 49 0 0 0
./complex_md-fit_783.pdb BC A 8.44493 30.5529 -11.2189 -8.22728 -11.7992 -22.457 -1.11259 39.7574 -21.9524 4.17605 7.18935 3.00844 0 0 0 0.19838 3.08333 0 0 0 0 0 0 2.384 303 52 0 0 0
./complex_md-fit_784.pdb BC A 8.49896 41.666 -15.5181 -8.37271 -12.759 -21.5139 -1.0028 35.9048 -21.6562 4.24596 6.20744 2.95872 0 0 0 0.446527 2.35989 0.0231056 0 0 0 0 0 2.384 303 46 1 1 0
./complex_md-fit_785.pdb BC A 8.23788 36.3564 -15.2399 -7.79212 -14.8304 -23.2243 -1.11323 39.5993 -23.0275 5.01421 7.2996 2.30359 0 0 0 0.493855 2.60943 0.0231942 0 0 0 0 0.0138572 2.384 303 46 2 2 0
./complex_md-fit_786.pdb BC A 9.98512 29.44 -14.2708 -6.88904 -14.2256 -21.4154 -0.955939 36.5687 -21.6107 3.13651 7.40472 3.41901 0 0 0 0.310603 2.41449 -0.0136482 0 0 0 0 0 2.384 303 48 0 0 0
./complex_md-fit_787.pdb BC A 7.57708 33.1067 -13.4133 -8.02827 -11.8916 -23.1918 -1.15744 39.9637 -23.1385 4.30382 5.99744 3.64883 0 0 0 0.0805449 2.76301 0 0 0 0 0 0 2.384 303 51 0 0 0
./complex_md-fit_788.pdb BC A 6.99473 29.2638 -7.03313 -6.93803 -9.91599 -22.368 -0.836922 38.5989 -22.0159 6.28782 6.99168 2.9777 0 0 0 0.178114 2.62812 0.00190187 0 0 0 0 0.00561274 2.384 303 49 2 2 0
./complex_md-fit_789.pdb BC A 8.77841 36.094 -14.4693 -4.96624 -12.4714 -21.1782 -0.964683 35.5659 -21.1123 1.87228 6.11047 2.14231 0 0 0 0.520097 2.4548 -1.11022e-16 0 0 0 0 0.0124768 2.384 303 48 0 0 0
./complex_md-fit_78.pdb BC A 8.2395 32.6191 -8.78061 -6.17622 -10.9026 -20.7175 -0.759853 35.8566 -20.8997 3.34679 8.22354 3.05107 0 0 0 0.182525 2.48302 0.0147788 0 0 0 0 0 2.384 303 46 0 0 0
./complex_md-fit_790.pdb BC A 9.44255 29.4209 -16.177 -6.8693 -15.1198 -22.3301 -1.09025 37.2989 -22.1321 4.58747 6.29799 2.94966 0 0 0 0.230473 3.75746 -2.22045e-16 0 0 0 0 0 2.384 303 47 0 0 0
./complex_md-fit_791.pdb BC A 7.27878 36.2703 -15.6485 -6.34625 -14.8837 -22.1275 -1.12542 37.775 -21.8892 3.54868 6.42707 2.82568 0 0 0 0.126628 2.55319 0 0 0 0 0 0.0205566 2.384 303 49 0 0 0
./complex_md-fit_792.pdb BC A 8.46653 30.4155 -12.2633 -6.4481 -16.2392 -23.4318 -1.31703 41.9001 -23.1224 5.08328 7.84004 2.78878 0 0 0 0.64163 3.78352 0.0413764 0 0 0 0 0 2.384 303 46 0 0 0
./complex_md-fit_793.pdb BC A 8.54713 39.2666 -9.11161 -6.66086 -13.4692 -23.1101 -1.13064 42.7624 -22.3141 4.04599 7.37888 3.19976 0 0 0 0.190807 2.69161 -0.0186812 0 0 0 0 0.0142026 2.384 303 48 0 0 0
./complex_md-fit_794.pdb BC A 7.61252 28.8542 -7.1202 -5.22239 -12.4627 -22.5497 -0.984285 40.981 -22.6127 4.69048 7.31075 3.46235 0 0 0 0.266953 2.59757 1.11022e-16 0 0 0 0 0 2.384 303 47 0 0 0
./complex_md-fit_795.pdb BC A 8.15337 34.4828 -15.6878 -7.18939 -13.6062 -22.1611 -0.849037 38.1958 -21.8538 2.87662 6.01184 2.61882 0 0 0 0.291625 2.57193 -0.0229277 0 0 0 0 0 2.384 303 47 0 0 0
./complex_md-fit_796.pdb BC A 8.05087 29.9287 -9.6597 -7.88656 -11.2638 -22.902 -1.08216 41.3423 -22.7034 4.74395 7.19432 2.80862 0 0 0 0.0889766 2.79872 0 0 0 0 0 0 2.384 303 48 1 1 0
./complex_md-fit_797.pdb BC A 7.50277 30.8181 -8.42863 -4.81071 -14.0958 -22.9585 -1.03711 40.0918 -22.7741 6.01721 7.38454 3.59074 0 0 0 0.173356 3.59769 -0.016476 0 0 0 0 0.00646203 2.384 303 47 2 2 0
./complex_md-fit_798.pdb BC A 8.49438 34.6603 -8.95192 -5.94435 -11.0244 -22.696 -0.92277 38.5947 -22.7709 4.23688 6.67769 3.90222 0 0 0 1.00199 2.95235 -0.0119898 0 0 0 0 0.00506049 2.384 303 47 1 1 0
./complex_md-fit_799.pdb BC A 7.04504 34.691 -10.9702 -7.09059 -12.916 -22.012 -0.9915 38.4755 -21.4865 4.81923 6.71859 3.12434 0 0 0 0.354063 2.68274 0.0225821 0 0 0 0 0.012039 2.384 303 46 1 1 0
./complex_md-fit_79.pdb BC A 7.31772 33.5428 -11.7191 -7.4975 -10.3205 -19.698 -0.825246 33.9471 -19.7774 1.16871 8.64139 2.45683 0 0 0 0.126297 2.30259 0.0593672 0 0 0 0 0 2.384 303 47 0 0 0
./complex_md-fit_7.pdb BC A 6.79621 27.9469 -9.18259 -6.24007 -6.05603 -21.0731 -0.257316 35.4713 -22.1487 3.43983 4.99215 2.30833 0 0 0 0.369137 2.90892 0.0118078 0 0 0 0 0 2.384 303 50 0 0 0
./complex_md-fit_800.pdb BC A 8.7119 34.6871 -12.5589 -9.40805 -15.5952 -22.6929 -1.09951 40.6187 -21.7499 4.07839 9.21387 3.83466 0 0 0 0.24097 2.65659 0 0 0 0 0 0 2.384 303 47 1 1 0
./complex_md-fit_801.pdb BC A 7.84775 31.5971 -15.4961 -9.06357 -17.0251 -24.2957 -1.07605 43.0918 -23.4852 4.28556 8.29734 3.64706 0 0 0 0.127831 2.67415 0 0 0 0 0 0 2.384 303 47 1 1 0
./complex_md-fit_802.pdb BC A 8.50938 33.6293 -6.89845 -5.26204 -10.7091 -22.4297 -1.19219 39.5884 -22.1679 6.87098 6.29737 1.88623 0 0 0 0.22396 3.81119 -0.0114568 0 0 0 0 0.0069368 2.384 303 49 1 1 0
./complex_md-fit_803.pdb BC A 8.16748 29.7375 -21.3458 -9.92865 -18.9926 -23.3015 -1.13233 39.2081 -23.0925 2.58525 10.1175 3.02616 0 0 0 0.195938 2.56611 -0.0311864 0 0 0 0 0 2.384 303 48 1 1 0
./complex_md-fit_804.pdb BC A 7.43421 30.3612 -15.6493 -8.55206 -13.5493 -23.4877 -0.996535 40.6172 -23.3933 3.27428 7.40721 2.69637 0 0 0 0.303895 2.27022 0.0186778 0 0 0 0 0.0119014 2.384 303 48 0 0 0
./complex_md-fit_805.pdb BC A 7.78275 34.3001 -2.93449 -5.26061 -10.1128 -23.1085 -1.03696 42.5191 -22.9624 5.83165 7.61809 3.1565 0 0 0 0.368204 2.94079 0.0531836 0 0 0 0 0 2.384 303 48 1 1 0
./complex_md-fit_806.pdb BC A 8.09128 38.069 -13.9239 -8.3723 -14.9621 -24.1738 -1.08607 40.6019 -23.8963 6.18001 8.04048 3.36729 0 0 0 0.357783 2.93658 0.0122073 0 0 0 0 0.00695821 2.384 303 48 1 1 0
./complex_md-fit_807.pdb BC A 6.98792 35.8637 -9.32953 -7.73593 -11.3254 -21.8784 -1.02406 38.1336 -21.291 4.83521 7.39702 3.14301 0 0 0 0.426864 2.7688 -0.0105225 0 0 0 0 0 2.384 303 49 1 1 0
./complex_md-fit_808.pdb BC A 8.54524 31.1894 -8.7303 -7.19 -14.4805 -23.5312 -1.01889 43.2317 -22.8898 4.76835 8.35326 3.63615 0 0 0 0.390993 3.00771 -0.000322725 0 0 0 0 0 2.384 303 48 1 1 0
./complex_md-fit_809.pdb BC A 8.03044 33.9759 -13.6452 -6.25093 -11.7299 -23.6662 -0.99608 40.8118 -23.8321 1.8179 5.94232 3.60338 0 0 0 0.655405 2.48053 -0.000764172 0 0 0 0 0 2.384 303 49 0 0 0
./complex_md-fit_80.pdb BC A 8.13141 43.3072 -18.4062 -7.17528 -15.2954 -19.8282 -0.590604 32.582 -20.7035 1.45506 8.25864 2.75884 0 0 0 0.117388 2.8515 0 0 0 0 0 0.0146997 2.384 303 49 0 0 0
./complex_md-fit_810.pdb BC A 7.06245 29.063 -7.12559 -6.99183 -11.5142 -23.4604 -1.13201 40.4394 -23.2157 7.40401 7.46546 3.41932 0 0 0 0.447929 2.92164 0.0124285 0 0 0 0 0 2.384 303 45 2 2 0
./complex_md-fit_811.pdb BC A 7.92981 39.8866 -9.60264 -5.51129 -11.2619 -22.5663 -0.899584 39.1554 -22.5227 5.22072 6.47253 1.88236 0 0 0 0.400997 3.32183 0.0186608 0 0 0 0 0.00853093 2.384 303 48 1 1 0
./complex_md-fit_812.pdb BC A 7.2404 31.2511 -9.92135 -7.61959 -12.9899 -22.5268 -0.94403 39.348 -22.2295 5.32962 7.69695 3.2388 0 0 0 0.775124 2.59975 0 0 0 0 0 0 2.384 303 49 2 2 0
./complex_md-fit_813.pdb BC A 8.02265 26.5525 -17.1851 -8.67419 -15.8805 -23.5706 -1.14929 41.0308 -23.635 2.73117 8.95154 2.75336 0 0 0 0.246169 4.25576 0.0113123 0 0 0 0 0 2.384 303 47 0 0 0
./complex_md-fit_814.pdb BC A 9.61301 25.6044 -11.6381 -8.71028 -13.4936 -23.0451 -0.879836 40.8891 -22.8696 3.45499 9.77616 2.97942 0 0 0 0.260625 3.60158 0 0 0 0 0 0 2.384 303 45 0 0 0
./complex_md-fit_815.pdb BC A 6.9505 36.2725 -13.6475 -7.80155 -14.8452 -24.0725 -0.951747 42.6672 -23.6524 3.5342 8.14943 2.88551 0 0 0 0.43946 3.95326 0 0 0 0 0 0 2.384 303 47 0 0 0
./complex_md-fit_816.pdb BC A 5.62879 40.1805 -7.23361 -6.76973 -9.46761 -22.8391 -0.993047 39.0473 -22.5727 5.98346 7.34908 2.40659 0 0 0 0.59299 2.42408 0.02915 0 0 0 0 0 2.384 303 46 1 1 0
./complex_md-fit_817.pdb BC A 7.12059 30.1042 -11.6035 -6.43736 -14.9814 -23.4352 -1.07712 39.8525 -23.2409 5.51595 8.60547 3.28576 0 0 0 0.319217 3.60573 -0.0103772 0 0 0 0 0 2.384 303 50 1 1 0
./complex_md-fit_818.pdb BC A 7.1258 33.9618 -13.9337 -8.50005 -15.0529 -24.5169 -1.12133 42.8326 -24.1136 4.87156 8.25544 2.96297 0 0 0 0.460961 2.57026 -0.0124763 0 0 0 0 0 2.384 303 49 0 0 0
./complex_md-fit_819.pdb BC A 8.05858 35.1135 -6.52255 -5.86808 -9.8688 -23.7286 -0.946037 42.3988 -23.6644 4.29105 7.635 2.54347 0 0 0 0.70837 3.81793 -0.0234361 0 0 0 0 0 2.384 303 47 0 0 0
./complex_md-fit_81.pdb BC A 10.6434 31.8306 -9.55265 -5.26146 -10.9051 -20.3122 -0.59905 34.3631 -21.0271 4.3074 7.76318 1.98595 0 0 0 0.131003 3.07889 0 0 0 0 0 0.00165815 2.384 303 49 0 0 0
./complex_md-fit_820.pdb BC A 13.5286 33.8233 -6.06603 -8.45059 -11.4012 -23.6554 -0.978032 42.7393 -23.2323 7.67729 7.64183 3.13376 0 0 0 0.490194 2.6636 -0.0309486 0 0 0 0 0 2.384 303 49 2 2 0
./complex_md-fit_821.pdb BC A 8.92043 37.6797 -12.3954 -9.84179 -11.307 -23.4669 -0.744928 41.4753 -23.0974 3.27542 7.52793 3.29162 0 0 0 0.492264 2.62466 0 0 0 0 0 0 2.384 303 46 0 0 0
./complex_md-fit_822.pdb BC A 10.6567 27.96 -7.73023 -8.5056 -9.57145 -24.1227 -0.744795 41.2554 -24.2726 6.76946 7.5295 3.49534 0 0 0 0.437184 2.87874 0 0 0 0 0 0 2.384 303 48 1 1 0
./complex_md-fit_823.pdb BC A 7.27792 38.7259 -10.1939 -6.52512 -11.4169 -23.5162 -0.9262 41.0589 -23.4598 4.54981 6.90965 2.66184 0 0 0 0.440506 2.98536 0.0295877 0 0 0 0 0 2.384 303 49 0 0 0
./complex_md-fit_824.pdb BC A 9.25412 34.6458 -2.59757 -6.61564 -8.45288 -24.0328 -1.03737 41.9679 -23.938 9.53144 7.07717 2.48351 0 0 0 0.419135 2.61029 0 0 0 0 0 0 2.384 303 49 4 4 0
./complex_md-fit_825.pdb BC A 7.3548 36.0013 -9.33687 -6.77245 -12.3061 -22.8583 -0.937032 40.6304 -22.2346 5.37531 7.58915 1.66192 0 0 0 0.527394 2.29703 -0.0126248 0 0 0 0 0 2.384 303 49 0 0 0
./complex_md-fit_826.pdb BC A 7.90626 36.3463 -15.3136 -8.31602 -13.2357 -22.6917 -0.95972 38.5173 -22.4494 3.15816 7.30009 3.09547 0 0 0 0.247021 2.81431 0.0208623 0 0 0 0 0 2.384 303 48 0 0 0
./complex_md-fit_827.pdb BC A 7.68543 28.2274 -14.2364 -6.57639 -13.7094 -23.106 -1.14087 39.4622 -22.9629 3.77251 6.95917 2.94103 0 0 0 0.121541 3.51283 -0.012594 0 0 0 0 0.0152193 2.384 303 47 1 1 0
./complex_md-fit_828.pdb BC A 7.1079 33.9819 -19.5905 -8.82548 -15.7851 -23.8681 -1.26117 39.0385 -24.0536 2.89828 8.07616 4.1069 0 0 0 0.0830452 2.46972 0 0 0 0 0 0 2.384 303 49 0 0 0
./complex_md-fit_829.pdb BC A 7.731 34.6413 -13.6336 -6.93841 -12.9271 -23.8942 -1.05658 41.6391 -23.5748 2.1764 7.27868 3.24683 0 0 0 0.444944 2.75943 -0.02845 0 0 0 0 0 2.384 303 47 0 0 0
./complex_md-fit_82.pdb BC A 12.6319 37.8301 -12.6436 -5.98269 -11.4861 -18.4925 -0.558687 29.9756 -19.2867 4.39402 6.48142 2.19606 0 0 0 0.115892 2.63736 0 0 0 0 0 0 2.384 303 45 0 0 0
./complex_md-fit_830.pdb BC A 8.19129 29.6105 -14.8365 -8.02011 -17.7633 -24.2114 -1.23019 43.5307 -23.9062 3.00749 9.51131 4.01306 0 0 0 0.219898 2.7784 0.0121519 0 0 0 0 0 2.384 303 49 0 0 0
./complex_md-fit_831.pdb BC A 7.47242 29.9647 -5.05283 -8.08964 -12.5529 -23.5912 -1.04743 43.781 -23.15 7.26339 10.1145 1.6509 0 0 0 0.58146 2.42336 -0.0128627 0 0 0 0 0 2.384 303 47 1 1 0
./complex_md-fit_832.pdb BC A 7.31093 29.3555 -13.146 -5.79437 -13.4974 -22.9207 -0.938148 40.097 -22.7354 3.04847 6.65984 2.75183 0 0 0 0.189244 4.08682 -0.00626663 0 0 0 0 0 2.384 303 49 0 0 0
./complex_md-fit_833.pdb BC A 6.72691 34.2185 -11.9912 -6.60608 -14.5837 -22.9524 -1.14893 39.4971 -22.4604 6.4376 5.97691 3.00895 0 0 0 0.866283 3.14913 -0.0265764 0 0 0 0 0 2.384 303 49 1 1 0
./complex_md-fit_834.pdb BC A 7.45603 31.7743 -16.9619 -7.7502 -17.1192 -21.4692 -1.05013 37.5803 -20.6444 3.12758 7.71205 2.38205 0 0 0 0.246061 2.24311 0.0230958 0 0 0 0 0 2.384 303 47 0 0 0
./complex_md-fit_835.pdb BC A 7.69619 30.2948 -14.4682 -8.52895 -15.8652 -22.6326 -1.1832 38.5003 -22.2509 4.45145 8.93316 3.74116 0 0 0 0.366533 2.42868 0 0 0 0 0 0 2.384 303 47 1 1 0
./complex_md-fit_836.pdb BC A 6.92473 30.4496 -8.91921 -6.4148 -14.8519 -24.2487 -1.3406 42.9756 -23.9274 6.06994 9.03967 3.55637 0 0 0 0.200451 3.85219 0.0162203 0 0 0 0 0.00587368 2.384 303 50 2 2 0
./complex_md-fit_837.pdb BC A 7.7962 34.0089 -11.5437 -8.38747 -15.4998 -23.2317 -0.919513 41.4976 -22.7344 6.12357 8.70585 2.60841 0 0 0 0.313026 3.6838 -0.0241519 0 0 0 0 0.00482435 2.384 303 48 1 1 0
./complex_md-fit_838.pdb BC A 8.35114 40.8393 -8.53893 -5.91026 -12.1917 -23.2339 -1.07723 40.5723 -23.0322 6.34915 5.73871 3.69758 0 0 0 0.519392 2.95598 0.0291474 0 0 0 0 0 2.384 303 50 2 2 0
./complex_md-fit_839.pdb BC A 9.91321 33.7952 -4.73252 -6.19165 -11.1363 -23.5437 -1.26629 41.9509 -22.9724 8.30926 6.79152 3.09856 0 0 0 0.254142 3.11289 -0.0266004 0 0 0 0 0 2.384 303 47 1 1 0
./complex_md-fit_83.pdb BC A 8.92636 33.168 -10.7165 -5.09159 -12.2453 -19.2759 -0.690947 32.1892 -20.0224 4.54728 7.40552 2.37658 0 0 0 0.0462634 2.9925 0.044683 0 0 0 0 0 2.384 303 44 0 0 0
./complex_md-fit_840.pdb BC A 8.97831 35.1783 -12.5689 -6.24493 -13.7194 -23.649 -1.13015 40.6747 -23.4594 4.30749 6.95667 3.34071 0 0 0 0.329763 2.83841 0.019321 0 0 0 0 0.0053136 2.384 303 49 0 0 0
./complex_md-fit_841.pdb BC A 6.79794 30.1216 -16.4508 -9.07969 -14.0773 -23.3842 -1.02216 40.3589 -22.9795 2.82482 7.94666 2.85819 0 0 0 0.109835 2.6619 -0.0129344 0 0 0 0 0.00655583 2.384 303 50 1 1 0
./complex_md-fit_842.pdb BC A 8.57277 34.6015 -7.85523 -7.28552 -14.0394 -25.0545 -1.10388 44.2912 -24.6489 6.89259 9.54213 3.29678 0 0 0 0.271338 2.59978 -0.0219901 0 0 0 0 0.00504475 2.384 303 51 2 2 0
./complex_md-fit_843.pdb BC A 7.36609 30.6087 -16.6015 -9.8015 -18.4542 -24.7548 -1.13427 43.8797 -23.8742 3.10265 10.6126 3.30656 0 0 0 0.52442 3.38474 -0.00855839 0 0 0 0 0 2.384 303 49 0 0 0
./complex_md-fit_844.pdb BC A 6.41051 29.7946 -17.5831 -7.87177 -16.8874 -23.8808 -1.13826 40.2901 -23.7456 4.44903 8.85323 2.18404 0 0 0 0.162584 2.93907 0 0 0 0 0 0.00185027 2.384 303 50 1 1 0
./complex_md-fit_845.pdb BC A 7.83624 35.7842 -14.918 -6.79478 -12.8084 -23.9458 -1.13863 40.3133 -23.7221 5.08149 6.35686 1.37783 0 0 0 0.344309 3.13912 0.0140391 0 0 0 0 0.00392952 2.384 303 48 1 1 0
./complex_md-fit_846.pdb BC A 7.57076 37.4109 -12.4371 -8.07545 -13.3569 -23.7771 -0.971092 40.6313 -23.7452 5.61957 7.91628 3.13985 0 0 0 0.185894 2.81875 -0.00936325 0 0 0 0 0.00506679 2.384 303 48 2 2 0
./complex_md-fit_847.pdb BC A 6.29968 31.6715 -5.0105 -7.11914 -10.0425 -22.895 -1.009 40.5658 -22.5719 8.35236 6.84412 2.45099 0 0 0 0.404791 2.58409 0 0 0 0 0 0.00891754 2.384 303 48 2 2 0
./complex_md-fit_848.pdb BC A 6.38557 32.831 -8.80462 -6.8161 -13.5771 -23.9619 -1.10977 42.2526 -23.4171 6.07209 7.86231 3.62881 0 0 0 0.236537 2.53896 0.0249908 0 0 0 0 0 2.384 303 48 1 1 0
./complex_md-fit_849.pdb BC A 10.6508 38.828 -14.1089 -7.47441 -13.8148 -22.5649 -1.10446 39.2791 -22.0998 3.56485 7.1628 2.52335 0 0 0 0.396575 3.57073 0.022875 0 0 0 0 0 2.384 303 47 1 1 0
./complex_md-fit_84.pdb BC A 8.67406 29.7115 -9.21101 -4.84317 -10.3962 -18.967 -0.583426 32.0775 -19.8387 3.68316 7.1299 2.34475 0 0 0 0.159814 1.8436 0.0190546 0 0 0 0 0.00331705 2.384 303 50 0 0 0
./complex_md-fit_850.pdb BC A 6.04457 32.4856 -10.4238 -8.00775 -13.0631 -24.1215 -1.17478 42.3274 -23.555 5.68723 8.02796 3.10096 0 0 0 0.345597 2.56808 -0.00985455 0 0 0 0 0.0190873 2.384 303 51 2 2 0
./complex_md-fit_851.pdb BC A 6.53212 37.8403 -15.798 -7.7636 -18.1566 -23.6971 -1.07524 42.1279 -23.2808 3.74809 8.9991 2.91377 0 0 0 0.342319 2.76056 0.0389354 0 0 0 0 0.00531923 2.384 303 47 0 0 0
./complex_md-fit_852.pdb BC A 8.04695 31.6157 -7.9881 -7.23484 -14.3065 -23.7312 -1.13291 42.2186 -22.9198 7.92693 8.45681 2.40169 0 0 0 0.31763 2.70897 0.0154593 0 0 0 0 0 2.384 303 48 1 1 0
./complex_md-fit_853.pdb BC A 7.93641 35.3277 -13.3645 -8.39975 -15.9462 -23.8429 -1.26414 42.0606 -23.537 5.5732 8.70221 3.19416 0 0 0 0.0741733 2.36658 0.0195339 0 0 0 0 0.00167026 2.384 303 49 2 2 0
./complex_md-fit_854.pdb BC A 7.17495 31.11 -19.6353 -10.592 -18.9662 -24.1397 -1.22615 40.4134 -23.3752 3.68777 9.75917 4.32206 0 0 0 0.440262 2.83444 0.041373 0 0 0 0 0 2.384 303 48 1 1 0
./complex_md-fit_855.pdb BC A 7.94905 30.9115 -14.2487 -5.69676 -14.4705 -24.2405 -1.02587 41.9468 -23.8774 4.05455 6.31776 2.1963 0 0 0 0.539089 3.07796 0.00771365 0 0 0 0 0 2.384 303 47 0 0 0
./complex_md-fit_856.pdb BC A 6.3554 27.3355 -13.1137 -6.16752 -13.1853 -23.9399 -1.19299 41.9629 -23.7186 2.07568 8.03449 2.79826 0 0 0 0.207669 3.61373 0.0114927 0 0 0 0 0 2.384 303 46 0 0 0
./complex_md-fit_857.pdb BC A 6.792 40.2193 -12.296 -6.04538 -12.7163 -23.0654 -1.02044 39.7824 -22.7576 3.28186 6.51282 3.23075 0 0 0 0.526065 2.87619 -0.0247794 0 0 0 0 0 2.384 303 49 0 0 0
./complex_md-fit_858.pdb BC A 8.84474 40.8195 -14.5764 -7.05759 -12.5574 -23.1227 -1.18458 38.8257 -22.8178 3.8156 6.06197 2.942 0 0 0 0.518356 2.89297 0 0 0 0 0 0 2.384 303 46 1 1 0
./complex_md-fit_859.pdb BC A 8.17668 29.3231 -5.23294 -4.93498 -8.63708 -22.723 -0.966157 39.3008 -22.5316 5.2581 6.40802 3.41786 0 0 0 0.206635 2.61722 -0.0315669 0 0 0 0 0 2.384 303 45 1 1 0
./complex_md-fit_85.pdb BC A 7.10404 31.5411 -13.7298 -7.85278 -13.7952 -19.4511 -0.744159 33.1259 -19.6401 1.98344 9.67812 2.7219 0 0 0 0.244158 1.92225 0 0 0 0 0 0 2.384 303 46 0 0 0
./complex_md-fit_860.pdb BC A 6.80796 40.365 -9.26939 -7.6504 -9.47979 -23.4168 -1.11426 40.7777 -23.7219 3.77287 6.40549 4.67825 0 0 0 0.479403 2.89499 0 0 0 0 0 0 2.384 303 50 0 0 0
./complex_md-fit_861.pdb BC A 8.89169 34.5693 -14.9058 -7.38676 -12.9094 -23.5362 -0.990454 40.0769 -23.8714 2.42128 7.93294 2.64231 0 0 0 0.679483 2.72885 0.0354622 0 0 0 0 0 2.384 303 47 0 0 0
./complex_md-fit_862.pdb BC A 11.2533 30.2515 -14.5858 -7.84143 -12.7214 -22.9246 -0.968668 38.9611 -23.2475 3.2759 8.58348 2.0486 0 0 0 0.248739 2.47609 0 0 0 0 0 0 2.384 303 47 0 0 0
./complex_md-fit_863.pdb BC A 10.055 38.4666 -2.75366 -6.65884 -9.01975 -22.6718 -0.798378 40.1217 -22.6442 7.24901 7.46379 3.87225 0 0 0 0.272341 2.63679 0.0398411 0 0 0 0 0.0204325 2.384 303 48 1 1 0
./complex_md-fit_864.pdb BC A 7.33339 30.7091 -15.9884 -7.43362 -13.5347 -23.4217 -1.15048 38.7081 -23.7694 2.7326 7.60408 3.79654 0 0 0 0.451416 2.30173 0.0214743 0 0 0 0 0.0073025 2.384 303 48 0 0 0
./complex_md-fit_865.pdb BC A 8.67244 25.7865 -16.1224 -8.52245 -14.7032 -22.8844 -1.12282 38.7807 -22.5525 2.91428 8.32578 3.23202 0 0 0 0.410159 3.52667 0 0 0 0 0 0 2.384 303 49 1 1 0
./complex_md-fit_866.pdb BC A 9.62658 31.9931 -9.57237 -6.24755 -13.3169 -24.1259 -1.21094 42.737 -23.8563 6.10886 6.85558 3.05903 0 0 0 0.406332 3.64465 0.0184632 0 0 0 0 0 2.384 303 51 0 0 0
./complex_md-fit_867.pdb BC A 7.66746 36.9215 -9.96805 -5.49899 -11.488 -22.8823 -0.929462 40.5919 -22.5527 3.75861 6.37414 2.39602 0 0 0 0.239586 2.5276 0.0231127 0 0 0 0 0 2.384 303 47 0 0 0
./complex_md-fit_868.pdb BC A 9.10006 33.7908 -12.6847 -6.83624 -14.8031 -23.2281 -1.22212 41.2941 -22.634 3.57087 7.88985 2.69874 0 0 0 0.52257 2.37749 0.043114 0 0 0 0 0.0195719 2.384 303 46 1 1 0
./complex_md-fit_869.pdb BC A 7.14002 32.5346 -17.7581 -7.71028 -15.9988 -23.7651 -0.968315 38.6773 -23.5652 4.19664 7.64732 3.37649 0 0 0 0.32677 2.36796 0.0250807 0 0 0 0 0 2.384 303 45 2 2 0
./complex_md-fit_86.pdb BC A 7.51164 31.1048 -6.68938 -5.00995 -11.7379 -19.9963 -0.815127 36.1301 -20.4477 2.79767 9.79857 2.49026 0 0 0 0.0904175 3.17969 0 0 0 0 0 0.0105779 2.384 303 46 0 0 0
./complex_md-fit_870.pdb BC A 8.6229 31.1798 -10.2507 -6.87156 -14.0288 -24.1043 -1.08235 42.5761 -23.6414 5.48932 8.04163 2.51507 0 0 0 0.830584 2.62433 0.0189901 0 0 0 0 0.00608213 2.384 303 48 2 2 0
./complex_md-fit_871.pdb BC A 8.18118 34.4555 -4.00397 -6.88673 -13.2269 -24.0193 -0.931943 42.9129 -23.4035 7.73459 9.036 4.40506 0 0 0 0.356577 2.63406 0.0192091 0 0 0 0 0 2.384 303 49 2 2 0
./complex_md-fit_872.pdb BC A 7.28922 39.4084 -9.13693 -6.7776 -14.2085 -24.0225 -1.11692 42.7215 -23.715 7.09429 8.48623 2.18661 0 0 0 0.184836 2.36537 0.0235582 0 0 0 0 0.00650933 2.384 303 49 3 3 0
./complex_md-fit_873.pdb BC A 6.74419 38.8954 -11.6974 -6.45078 -13.2589 -22.2347 -0.906458 37.4754 -22.1471 3.20708 8.8653 3.35294 0 0 0 0.378978 2.01021 0.0208477 0 0 0 0 0 2.384 303 47 1 1 0
./complex_md-fit_874.pdb BC A 12.2732 35.9427 -2.20194 -6.20677 -11.9448 -23.6586 -1.17642 42.7062 -22.9439 9.84544 7.44319 3.41634 0 0 0 0.349404 2.6294 -0.0320963 0 0 0 0 0 2.384 303 49 3 3 0
./complex_md-fit_875.pdb BC A 6.98477 27.7647 -9.94747 -7.28809 -13.1899 -23.6119 -0.953064 41.014 -23.5697 5.68446 7.91697 3.83039 0 0 0 0.228551 3.48004 -0.00914108 0 0 0 0 0 2.384 303 48 2 2 0
./complex_md-fit_876.pdb BC A 7.54991 31.2097 -14.8632 -8.78306 -14.562 -22.6347 -1.04244 39.5035 -21.8137 3.14382 8.36834 2.63895 0 0 0 0.318091 2.54072 0 0 0 0 0 0 2.384 303 48 0 0 0
./complex_md-fit_877.pdb BC A 7.87925 35.9052 -5.95105 -6.00645 -11.1921 -23.4266 -0.98419 41.4736 -23.413 7.80084 6.1226 3.22316 0 0 0 0.425683 2.64943 0.0254608 0 0 0 0 0 2.384 303 46 2 2 0
./complex_md-fit_878.pdb BC A 6.57115 36.9602 -7.66033 -6.69422 -11.6376 -23.5749 -0.871946 40.2919 -23.1361 6.27911 7.81269 3.61802 0 0 0 0.230121 2.63461 0.0225185 0 0 0 0 0 2.384 303 48 0 0 0
./complex_md-fit_879.pdb BC A 9.43099 31.873 -10.9111 -6.74073 -11.5479 -23.1408 -0.744575 40.2321 -23.1559 3.43563 7.17916 3.2801 0 0 0 0.291738 2.38559 0 0 0 0 0 0 2.384 303 52 0 0 0
./complex_md-fit_87.pdb BC A 7.5473 31.1464 -9.89163 -6.08912 -11.042 -20.0005 -0.673161 35.5417 -20.4802 2.72368 7.97872 1.94668 0 0 0 0.202643 1.98176 0 0 0 0 0 0 2.384 303 49 0 0 0
./complex_md-fit_880.pdb BC A 8.10829 29.9567 -8.91324 -7.27038 -11.6334 -24.405 -0.924061 43.0972 -24.2093 4.42827 7.75398 3.67456 0 0 0 0.574819 2.62453 0 0 0 0 0 0 2.384 303 47 0 0 0
./complex_md-fit_881.pdb BC A 6.9008 33.9325 -15.2851 -7.92795 -14.7235 -23.0708 -1.08658 39.7804 -22.8388 4.14848 7.22993 2.86006 0 0 0 0.319684 2.64117 0.0239768 0 0 0 0 0 2.384 303 49 0 0 0
./complex_md-fit_882.pdb BC A 6.13474 30.7295 -4.18496 -5.07135 -8.56189 -22.9884 -0.883636 40.686 -22.6755 7.34492 4.96849 2.67844 0 0 0 0.278182 3.78468 0.0317174 0 0 0 0 0.00817347 2.384 303 48 2 2 0
./complex_md-fit_883.pdb BC A 6.43374 36.1348 -9.60656 -7.05415 -13.0609 -23.5416 -0.972426 41.3424 -23.3512 5.78756 7.5572 3.34867 0 0 0 0.328312 2.593 0.00969581 0 0 0 0 0 2.384 303 47 1 1 0
./complex_md-fit_884.pdb BC A 11.0599 29.4995 -9.53751 -7.36995 -16.1956 -23.959 -1.13578 41.3844 -23.5045 8.22823 10.0791 2.73318 0 0 0 0.16015 3.03568 0.0181344 0 0 0 0 0.0241992 2.384 303 49 3 3 0
./complex_md-fit_885.pdb BC A 10.3005 25.7444 -11.8149 -7.89815 -11.1755 -22.6405 -1.02718 37.9269 -22.363 3.67506 8.05331 2.98792 0 0 0 0.624968 2.35963 0.0212321 0 0 0 0 0 2.384 303 47 1 1 0
./complex_md-fit_886.pdb BC A 7.0018 23.7164 -11.4968 -6.80028 -13.7331 -24.3206 -0.765741 44.3273 -24.0689 3.52917 7.30107 2.9222 0 0 0 0.0919259 2.80811 0.0139117 0 0 0 0 0.00620695 2.384 303 50 0 0 0
./complex_md-fit_887.pdb BC A 9.8064 37.1783 -11.4812 -8.46359 -14.7868 -25.7834 -1.02933 46.224 -25.3858 5.35841 9.25248 2.90206 0 0 0 0.253094 3.50084 -0.0247384 0 0 0 0 0.00256498 2.384 303 51 1 1 0
./complex_md-fit_888.pdb BC A 8.67852 37.1784 -6.51973 -6.43963 -9.55668 -24.1629 -1.02796 42.0296 -24.2699 5.93213 7.00453 3.69802 0 0 0 0.24961 2.19007 -0.00866179 0 0 0 0 0.0320772 2.384 303 47 2 2 0
./complex_md-fit_889.pdb BC A 8.86775 44.0705 -14.9661 -7.80807 -16.1973 -24.72 -1.14245 42.6094 -24.3361 5.08703 8.89817 2.34032 0 0 0 0.256191 2.71432 0.0083574 0 0 0 0 0.0383012 2.384 303 49 2 2 0
./complex_md-fit_88.pdb BC A 8.35858 34.8088 -8.89396 -5.31782 -11.0138 -18.345 -0.646648 31.1482 -18.7102 4.29229 6.39905 3.05438 0 0 0 0.224861 2.15999 0.0208098 0 0 0 0 0 2.384 303 47 0 0 0
./complex_md-fit_890.pdb BC A 9.68072 42.561 -9.14402 -6.02724 -11.4138 -24.4007 -1.08343 41.4163 -24.3868 4.74571 8.00611 3.51092 0 0 0 0.461586 2.30002 0 0 0 0 0 0.0273157 2.384 303 48 2 2 0
./complex_md-fit_891.pdb BC A 9.00025 37.3276 -9.95351 -7.95781 -12.382 -24.3481 -0.870699 42.1336 -24.1645 4.06062 9.25843 3.6374 0 0 0 0.660786 2.3284 0.0187906 0 0 0 0 2.18192e-06 2.384 303 49 0 0 0
./complex_md-fit_892.pdb BC A 6.69229 39.9632 -7.17239 -6.48733 -13.0581 -24.9312 -0.965452 43.1013 -24.3768 8.25741 7.62147 3.17642 0 0 0 0.521517 3.95108 -0.0315583 0 0 0 0 0 2.384 303 51 3 3 0
./complex_md-fit_893.pdb BC A 7.94743 27.9578 -9.69745 -6.95138 -10.1575 -23.6211 -0.986743 40.3066 -23.3399 5.03513 6.80646 3.05519 0 0 0 0.133479 2.94703 0.0222872 0 0 0 0 0 2.384 303 48 1 1 0
./complex_md-fit_894.pdb BC A 8.33621 39.8812 -7.58764 -7.08879 -12.5512 -23.4346 -1.06034 41.6305 -23.136 7.40167 6.75872 3.63568 0 0 0 0.225128 2.63698 0.00971836 0 0 0 0 0.0219695 2.384 303 48 2 2 0
./complex_md-fit_895.pdb BC A 7.652 30.1256 -11.9843 -6.62591 -11.895 -23.9144 -0.989352 40.0746 -23.8712 4.61236 7.73218 2.72169 0 0 0 0.183059 2.73956 -0.0123225 0 0 0 0 0 2.384 303 46 2 2 0
./complex_md-fit_896.pdb BC A 8.63913 43.302 -8.08373 -6.85566 -14.3408 -23.7299 -1.18615 42.4032 -23.5654 6.87598 8.64876 3.37055 0 0 0 0.31994 2.40322 -0.0289203 0 0 0 0 0.00467989 2.384 303 49 2 2 0
./complex_md-fit_897.pdb BC A 7.40007 37.3986 -4.64417 -5.93776 -10.8545 -23.8155 -1.09316 42.9631 -23.508 6.62893 7.0362 3.28322 0 0 0 0.677599 2.77473 -0.0242579 0 0 0 0 0 2.384 303 51 1 1 0
./complex_md-fit_898.pdb BC A 7.02635 30.0601 -14.6805 -7.57034 -14.1522 -23.2414 -0.890616 40.8359 -23.0697 2.42474 7.56403 3.00653 0 0 0 0.396007 2.51245 0 0 0 0 0 0.0166148 2.384 303 51 0 0 0
./complex_md-fit_899.pdb BC A 8.23476 35.1867 -8.48434 -8.20443 -11.8439 -23.8422 -0.878112 41.9439 -23.8978 5.90943 8.15339 3.57117 0 0 0 0.604215 2.51948 0 0 0 0 0 0 2.384 303 49 1 1 0
./complex_md-fit_89.pdb BC A 6.91339 30.4833 -10.7697 -5.5281 -9.50436 -19.6366 -0.593983 33.5143 -20.2388 1.33339 6.92455 2.8269 0 0 0 0.120766 2.1391 0 0 0 0 0 0.0121669 2.384 303 50 0 0 0
./complex_md-fit_8.pdb BC A 6.80877 31.6997 -8.08496 -7.0861 -6.36683 -19.2476 -0.269627 33.0242 -20.0218 2.89623 5.93884 2.94738 0 0 0 0.0943302 1.6045 0.00598517 0 0 0 0 0 2.384 303 44 0 0 0
./complex_md-fit_900.pdb BC A 9.1401 35.5392 -9.85942 -8.7366 -12.8292 -22.2034 -0.996941 38.989 -22.0256 6.33431 7.77804 3.40467 0 0 0 0.422328 2.71144 0 0 0 0 0 0.00394813 2.384 303 49 2 2 0
./complex_md-fit_901.pdb BC A 8.49866 40.0378 -7.61882 -7.07863 -12.0945 -24.2561 -1.12534 43.3989 -23.9401 7.67991 7.23801 2.341 0 0 0 0.195866 2.96401 0.0223311 0 0 0 0 0 2.384 303 47 2 2 0
./complex_md-fit_902.pdb BC A 10.097 35.4521 -8.71112 -6.13973 -12.0805 -24.6528 -0.784985 43.1926 -24.8044 6.84221 7.24759 2.04012 0 0 0 0.42869 3.20406 0 0 0 0 0 0 2.384 303 53 1 1 0
./complex_md-fit_903.pdb BC A 7.12626 38.3072 -12.4102 -6.74833 -14.6557 -23.8846 -0.958857 39.7974 -23.6327 6.21747 8.54753 2.637 0 0 0 0.226209 4.55092 0.0181921 0 0 0 0 0.0262384 2.384 303 46 0 0 0
./complex_md-fit_904.pdb BC A 6.90881 33.6642 -11.0776 -6.80035 -8.62173 -22.5635 -0.88148 37.7269 -22.4387 3.86161 6.23336 2.14051 0 0 0 0.248496 2.58542 0 0 0 0 0 0.0173801 2.384 303 45 1 1 0
./complex_md-fit_905.pdb BC A 9.91694 29.5283 -12.0393 -8.33915 -15.3072 -23.8034 -1.0882 41.5307 -23.3589 5.83787 8.80146 3.35976 0 0 0 0.327864 2.48173 0 0 0 0 0 0 2.384 303 48 2 2 0
./complex_md-fit_906.pdb BC A 10.9357 44.0703 -13.861 -7.71798 -12.8598 -23.5988 -0.981282 40.5943 -23.7772 4.75201 6.96805 2.37966 0 0 0 0.391538 3.06838 -0.0115248 0 0 0 0 0 2.384 303 48 0 0 0
./complex_md-fit_907.pdb BC A 7.14141 33.6264 -6.89758 -5.72997 -9.59852 -23.289 -1.0227 40.979 -23.2955 4.00483 6.26878 4.35333 0 0 0 0.432101 2.3987 -1.11022e-16 0 0 0 0 0 2.384 303 50 2 2 0
./complex_md-fit_908.pdb BC A 7.96441 32.1166 -12.3934 -7.69253 -15.7432 -23.6496 -0.963789 42.8083 -22.8717 2.83403 9.1095 3.00865 0 0 0 0.767113 3.77377 0 0 0 0 0 0 2.384 303 47 0 0 0
./complex_md-fit_909.pdb BC A 7.3708 36.8448 -8.43827 -6.53865 -13.2117 -22.8872 -0.871335 41.0704 -22.8674 5.16169 8.79662 2.77213 0 0 0 0.13125 3.30285 0 0 0 0 0 0.00595768 2.384 303 46 2 2 0
./complex_md-fit_90.pdb BC A 9.11826 27.5055 -9.08851 -6.27424 -8.57884 -19.3219 -0.715062 31.9755 -20.1738 3.8333 7.13954 2.84015 0 0 0 0.168863 2.3923 0 0 0 0 0 0.0179953 2.384 303 46 0 0 0
./complex_md-fit_910.pdb BC A 8.34236 34.9042 -15.393 -6.74308 -13.2188 -23.4835 -0.778769 39.8443 -24.1791 2.89034 7.18188 2.98971 0 0 0 0.0955601 2.65191 0 0 0 0 0 0.00853298 2.384 303 49 0 0 0
./complex_md-fit_911.pdb BC A 8.88151 33.5368 -9.25548 -6.58409 -15.3587 -24.0273 -0.919914 43.5466 -23.6599 5.82879 8.41677 3.14095 0 0 0 0.373125 2.66538 -0.0118606 0 0 0 0 0 2.384 303 49 1 1 0
./complex_md-fit_912.pdb BC A 8.92182 29.4619 -9.37075 -6.73878 -10.5359 -24.7077 -1.10543 43.3491 -24.5217 4.34671 6.56057 3.53833 0 0 0 0.494348 2.54903 -0.0564092 0 0 0 0 0.0060874 2.384 303 50 1 1 0
./complex_md-fit_913.pdb BC A 8.33477 33.7196 -16.7384 -9.13501 -15.5338 -24.453 -0.984884 41.2791 -24.4873 5.43849 7.65259 2.89092 0 0 0 0.573115 2.78018 0.0212252 0 0 0 0 0 2.384 303 50 0 0 0
./complex_md-fit_914.pdb BC A 7.19688 35.2516 -18.1764 -9.11616 -17.6664 -25.0086 -1.26807 43.2781 -24.7716 3.69019 9.19548 3.05205 0 0 0 0.452556 3.19864 -0.0139091 0 0 0 0 0 2.384 303 51 1 1 0
./complex_md-fit_915.pdb BC A 7.80856 37.3543 -9.49693 -7.27326 -14.6107 -23.406 -1.18929 40.0838 -23.0003 6.00703 9.1925 4.21516 0 0 0 0.48947 3.82407 -0.0109912 0 0 0 0 0.00568044 2.384 303 47 1 1 0
./complex_md-fit_916.pdb BC A 7.66103 26.6375 -14.7171 -7.96824 -18.0265 -24.7643 -1.06182 43.4082 -24.5638 5.23102 9.98677 2.52206 0 0 0 0.519521 2.79559 0 0 0 0 0 0 2.384 303 49 2 2 0
./complex_md-fit_917.pdb BC A 6.91931 31.5416 -11.0829 -7.10181 -13.2658 -24.2688 -0.944862 42.1983 -23.7429 5.42125 7.64154 2.73981 0 0 0 0.281111 2.46723 -0.0407706 0 0 0 0 0 2.384 303 48 1 1 0
./complex_md-fit_918.pdb BC A 7.93828 32.0194 -13.5645 -6.66675 -13.8676 -22.863 -0.975187 38.3746 -22.826 5.61345 6.34286 2.53355 0 0 0 0.771988 3.44709 -0.00244321 0 0 0 0 0 2.384 303 48 2 2 0
./complex_md-fit_919.pdb BC A 7.7979 33.9773 -10.9285 -8.09623 -13.3458 -23.1975 -0.915832 40.7385 -23.1132 4.2822 8.21116 4.25105 0 0 0 0.249124 2.51533 0.00804613 0 0 0 0 0 2.384 303 48 0 0 0
./complex_md-fit_91.pdb BC A 7.47801 33.7027 -7.92656 -4.65195 -11.1046 -19.1013 -0.813839 33.9539 -19.3283 3.25497 7.60277 2.12336 0 0 0 0.1383 3.10383 0 0 0 0 0 0 2.384 303 47 2 2 0
./complex_md-fit_920.pdb BC A 8.6528 34.9943 -14.3972 -6.03439 -14.0975 -23.7977 -1.09279 40.0886 -23.9953 3.01475 7.52251 3.83416 0 0 0 0.174437 3.59553 -0.0139708 0 0 0 0 0 2.384 303 48 0 0 0
./complex_md-fit_921.pdb BC A 8.24192 31.6953 -8.44566 -6.39098 -12.4767 -25.0533 -0.959865 45.2535 -24.9931 3.81096 8.47719 3.38225 0 0 0 0.504339 2.7003 0 0 0 0 0 0 2.384 303 48 0 0 0
./complex_md-fit_922.pdb BC A 7.59217 33.3193 -13.6796 -7.19148 -14.0357 -25.2528 -1.13896 44.7501 -25.3231 4.74177 7.68515 0.902625 0 0 0 1.17518 2.25335 0.0075928 0 0 0 0 0 2.384 303 49 1 1 0
./complex_md-fit_923.pdb BC A 8.86446 36.9965 -14.6023 -7.68687 -16.0896 -24.8712 -1.34996 44.6119 -24.5404 5.25702 8.02098 1.51468 0 0 0 0.511331 2.52833 0.0197643 0 0 0 0 0 2.384 303 49 1 1 0
./complex_md-fit_924.pdb BC A 7.55428 36.8955 -12.8058 -5.74642 -14.1834 -24.0288 -0.857277 41.1753 -23.9386 2.8605 8.06372 3.63344 0 0 0 0.194115 3.55307 0.0216205 0 0 0 0 0 2.384 303 47 0 0 0
./complex_md-fit_925.pdb BC A 8.37005 32.3286 -7.20123 -6.8165 -14.875 -23.8067 -1.08858 42.7839 -23.2095 4.97134 9.8163 4.82029 0 0 0 0.176548 2.67008 0.020759 0 0 0 0 0.00588395 2.384 303 50 1 1 0
./complex_md-fit_926.pdb BC A 9.16732 37.2226 -9.16713 -8.16544 -12.4456 -24.1461 -0.894207 42.2017 -23.8325 5.43938 8.53052 3.63141 0 0 0 0.52926 3.06183 -0.0154974 0 0 0 0 0 2.384 303 49 0 0 0
./complex_md-fit_927.pdb BC A 7.98884 31.5401 -10.0782 -7.82039 -13.9794 -24.8076 -0.897432 43.6317 -24.5191 5.1505 9.5233 3.41562 0 0 0 0.236525 3.46579 -0.0120325 0 0 0 0 0 2.384 303 49 2 2 0
./complex_md-fit_928.pdb BC A 8.56906 34.8821 -6.77596 -6.02281 -12.1366 -23.4132 -1.19716 40.9466 -22.9586 7.08998 7.00182 3.36905 0 0 0 0.539317 3.59886 0 0 0 0 0 0.00572779 2.384 303 48 2 2 0
./complex_md-fit_929.pdb BC A 8.14055 29.2599 -14.3969 -8.17818 -14.0632 -22.9467 -1.09945 39.3455 -22.6788 3.85201 8.39733 2.78262 0 0 0 0.187265 2.29471 1.11022e-16 0 0 0 0 0.00466573 2.384 303 50 0 0 0
./complex_md-fit_92.pdb BC A 7.62097 36.1418 -6.24806 -5.18227 -8.93293 -21.6742 -0.827645 38.6882 -22.833 2.76498 7.72663 3.8551 0 0 0 0.16501 1.96757 0 0 0 0 0 0.0021159 2.384 303 48 0 0 0
./complex_md-fit_930.pdb BC A 8.0675 33.8419 -13.0369 -8.95683 -15.7541 -24.2291 -0.997009 42.4104 -24.1266 4.53625 10.0066 3.73572 0 0 0 0.367543 2.43741 -0.0310789 0 0 0 0 0.00134007 2.384 303 47 1 1 0
./complex_md-fit_931.pdb BC A 8.3596 38.7401 -13.5472 -8.37075 -14.3886 -23.3294 -1.03197 39.3859 -23.1082 6.84732 7.31036 2.61008 0 0 0 0.521487 2.337 0 0 0 0 0 0.00646907 2.384 303 48 2 2 0
./complex_md-fit_932.pdb BC A 8.59998 30.9993 -5.665 -6.84673 -12.9055 -24.4815 -0.986183 42.2971 -24.6962 9.44782 8.53533 3.71625 0 0 0 0.225164 2.71737 0.0294629 0 0 0 0 0 2.384 303 51 3 3 0
./complex_md-fit_933.pdb BC A 8.0627 36.2663 -16.937 -8.43554 -17.7728 -24.1118 -1.0812 40.3201 -23.8441 3.58026 10.0578 3.64079 0 0 0 0.731099 3.01543 -0.0275136 0 0 0 0 0.00600017 2.384 303 47 0 0 0
./complex_md-fit_934.pdb BC A 7.35886 33.719 -7.29876 -6.22223 -13.7597 -23.6268 -1.09777 41.403 -23.3281 6.11852 8.01954 5.06842 0 0 0 0.126396 2.81083 0 0 0 0 0 0 2.384 303 48 2 2 0
./complex_md-fit_935.pdb BC A 8.85544 29.5852 -18.2303 -8.00053 -14.8243 -23.7115 -1.10828 38.4678 -23.607 2.94712 7.96986 3.43593 0 0 0 0.197996 3.12959 -0.0031322 0 0 0 0 0.00571276 2.384 303 49 0 0 0
./complex_md-fit_936.pdb BC A 10.0466 34.5959 -12.9722 -7.24994 -14.6447 -22.5675 -1.13908 38.1587 -22.6202 4.80673 8.83138 3.11007 0 0 0 0.342322 2.4708 0 0 0 0 0 0 2.384 303 48 0 0 0
./complex_md-fit_937.pdb BC A 8.43877 40.21 -10.3807 -5.9104 -12.166 -23.2364 -1.04552 39.8878 -23.2194 3.93093 8.21647 2.89752 0 0 0 0.264291 2.30274 0 0 0 0 0 0 2.384 303 47 0 0 0
./complex_md-fit_938.pdb BC A 6.78145 36.2534 -15.5394 -6.31564 -12.8809 -23.2589 -0.950488 38.2131 -23.3951 4.2209 7.2375 1.51765 0 0 0 0.066009 3.58122 0.00650665 0 0 0 0 0 2.384 303 49 1 1 0
./complex_md-fit_939.pdb BC A 7.95959 42.1809 -12.1003 -7.52432 -13.2573 -23.9489 -1.12895 41.4274 -24.0379 3.88516 7.80109 3.27161 0 0 0 1.40331 2.9849 0 0 0 0 0 0.00845514 2.384 303 47 1 1 0
./complex_md-fit_93.pdb BC A 7.28539 39.0096 -9.21269 -7.4362 -13.0333 -21.2449 -0.893754 37.8192 -21.6295 4.57495 9.34045 2.97256 0 0 0 0.291152 1.92704 0 0 0 0 0 0.026555 2.384 303 47 2 2 0
./complex_md-fit_940.pdb BC A 8.5831 27.6941 -11.7306 -7.14522 -13.8408 -23.5252 -1.0337 40.9666 -23.313 4.91259 7.70264 3.13876 0 0 0 0.406753 3.00515 0 0 0 0 0 0 2.384 303 50 0 0 0
./complex_md-fit_941.pdb BC A 9.39529 22.7311 -11.0776 -6.69818 -11.8773 -22.96 -1.02129 39.6472 -22.523 3.36801 7.56125 3.27115 0 0 0 0.142203 2.66587 0.0123498 0 0 0 0 0 2.384 303 47 0 0 0
./complex_md-fit_942.pdb BC A 8.15651 32.4045 -11.0832 -7.11933 -11.3018 -22.964 -0.906801 39.2023 -22.6894 3.5491 7.31773 3.5553 0 0 0 0.273601 2.48585 0 0 0 0 0 0 2.384 303 48 1 1 0
./complex_md-fit_943.pdb BC A 6.91271 29.8198 -10.3462 -7.79607 -13.9215 -24.2491 -1.02832 40.871 -23.4946 5.8408 8.79026 4.03637 0 0 0 0.642338 2.50015 -0.0373636 0 0 0 0 0 2.384 303 48 1 1 0
./complex_md-fit_944.pdb BC A 7.59681 35.2148 -15.4607 -9.08755 -16.6762 -23.3554 -1.0604 41.0349 -22.4488 4.05034 8.46003 3.34715 0 0 0 0.284625 2.58814 -0.00943391 0 0 0 0 0 2.384 303 47 0 0 0
./complex_md-fit_945.pdb BC A 8.14249 39.3293 -17.1322 -9.37565 -19.4388 -24.8019 -1.14427 44.3822 -24.1564 4.38753 10.4469 2.27759 0 0 0 0.289873 3.25684 0.000651453 0 0 0 0 0 2.384 303 48 1 1 0
./complex_md-fit_946.pdb BC A 7.18224 32.245 -13.7897 -7.44991 -13.7396 -23.6849 -0.973134 41.9926 -23.3142 2.74675 7.1006 3.2351 0 0 0 0.316515 2.95105 -0.019596 0 0 0 0 0 2.384 303 47 0 0 0
./complex_md-fit_947.pdb BC A 7.3615 38.237 -17.0981 -8.36226 -15.7307 -23.9202 -1.02556 41.2145 -23.2388 3.42237 7.89594 2.25911 0 0 0 0.399057 2.46294 -0.0116354 0 0 0 0 0 2.384 303 47 0 0 0
./complex_md-fit_948.pdb BC A 9.09215 36.0029 -8.72765 -7.01092 -13.4295 -24.9338 -1.01896 43.0849 -24.4001 7.41336 8.03071 3.29096 0 0 0 0.278268 2.77271 -0.0325206 0 0 0 0 0 2.384 303 47 3 3 0
./complex_md-fit_949.pdb BC A 7.26802 30.4256 -13.1369 -8.13986 -15.681 -25.0952 -1.10194 43.8406 -24.1984 5.10848 8.22323 3.13045 0 0 0 0.757364 2.79981 0.0194039 0 0 0 0 0 2.384 303 47 0 0 0
./complex_md-fit_94.pdb BC A 7.94398 29.0507 -14.1134 -7.23453 -11.8153 -20.488 -0.697702 35.2346 -20.9856 1.38767 7.98488 2.10577 0 0 0 0.343008 1.86934 0.0261369 0 0 0 0 0.0256416 2.384 303 52 0 0 0
./complex_md-fit_950.pdb BC A 7.02975 30.9813 -13.0632 -7.29195 -14.3056 -22.7693 -1.03325 39.2411 -22.4108 5.89435 7.20931 2.19739 0 0 0 0.19853 2.50052 0.00695321 0 0 0 0 0 2.384 303 47 1 1 0
./complex_md-fit_951.pdb BC A 9.0725 38.8256 -11.9311 -6.06271 -14.2308 -23.7944 -0.94123 41.204 -23.3158 4.54294 6.62112 3.40442 0 0 0 0.656377 2.5679 -0.0150605 0 0 0 0 0 2.384 303 47 0 0 0
./complex_md-fit_952.pdb BC A 6.37799 34.2318 3.07227 -5.0427 -10.0448 -24.4499 -0.9693 44.2102 -23.4709 10.4257 7.59538 4.46255 0 0 0 0.356041 2.71724 0 0 0 0 0 0 2.384 303 47 4 4 0
./complex_md-fit_953.pdb BC A 7.20456 39.0177 -11.3031 -7.68801 -12.745 -23.6232 -1.02166 41.2802 -23.2902 4.17884 7.77717 3.31151 0 0 0 0.521866 2.69809 -0.00454743 0 0 0 0 0 2.384 303 47 1 1 0
./complex_md-fit_954.pdb BC A 7.5139 35.7696 -12.591 -6.37414 -12.7127 -23.7187 -1.12493 39.479 -23.2753 5.3418 6.47222 3.08427 0 0 0 0.234332 2.45215 0 0 0 0 0 0.00318197 2.384 303 47 2 2 0
./complex_md-fit_955.pdb BC A 6.83731 30.5212 -17.2533 -6.66008 -12.6184 -23.5926 -1.01665 39.2052 -23.3235 2.76112 6.52499 1.34411 0 0 0 0.10794 2.63282 0.0145623 0 0 0 0 0 2.384 303 50 0 0 0
./complex_md-fit_956.pdb BC A 7.69374 32.9638 -16.83 -7.54861 -15.9453 -24.3427 -1.0236 42.3308 -23.4643 2.49795 7.96495 2.60268 0 0 0 0.103398 3.95941 -0.00526878 0 0 0 0 0 2.384 303 49 0 0 0
./complex_md-fit_957.pdb BC A 9.17448 35.2178 -11.4275 -7.13963 -13.9177 -23.5983 -1.01902 42.6456 -22.7267 3.00133 7.60392 3.48624 0 0 0 0.276844 2.98461 -0.0400754 0 0 0 0 0 2.384 303 47 0 0 0
./complex_md-fit_958.pdb BC A 7.67716 29.4475 -8.03933 -5.28857 -13.2299 -24.4025 -0.903343 42.569 -23.8567 5.1157 8.61117 3.16897 0 0 0 0.151862 3.89464 0.0250551 0 0 0 0 0 2.384 303 49 2 2 0
./complex_md-fit_959.pdb BC A 7.7192 36.5431 -13.7272 -8.66582 -15.6973 -23.7611 -1.03652 41.1787 -22.9522 5.94312 8.08632 2.82223 0 0 0 0.356016 3.72998 -0.000748333 0 0 0 0 0 2.384 303 47 2 2 0
./complex_md-fit_95.pdb BC A 8.36833 30.5742 -12.1779 -4.98232 -12.1779 -19.9208 -0.713108 33.916 -20.9661 2.976 7.05437 2.47593 0 0 0 0.160011 3.23496 0 0 0 0 0 0 2.384 303 49 0 0 0
./complex_md-fit_960.pdb BC A 7.96108 29.7568 -6.83953 -6.2835 -13.2306 -24.9885 -1.13197 43.7407 -24.509 6.98818 8.3401 4.00911 0 0 0 0.217981 2.93445 0.00789401 0 0 0 0 0 2.384 303 47 2 2 0
./complex_md-fit_961.pdb BC A 9.55394 32.9072 -10.6273 -8.43179 -14.1569 -26.2669 -0.982433 46.5237 -25.768 6.5093 8.42532 2.92979 0 0 0 0.622675 3.26847 -0.0321113 0 0 0 0 0 2.384 303 50 1 1 0
./complex_md-fit_962.pdb BC A 7.36546 27.6087 -9.32696 -7.26082 -13.5537 -26.5585 -1.19913 47.5911 -26.4576 6.32896 8.37061 3.2558 0 0 0 0.156279 2.93053 0 0 0 0 0 0 2.384 303 49 2 2 0
./complex_md-fit_963.pdb BC A 6.33649 32.0428 -9.03811 -9.54284 -13.5203 -24.7783 -1.16272 43.5545 -24.6244 8.78632 8.65609 3.50249 0 0 0 0.100127 2.95124 -0.00899233 0 0 0 0 0 2.384 303 50 3 3 0
./complex_md-fit_964.pdb BC A 11.6495 28.1813 -16.7664 -9.17085 -14.2521 -24.2837 -0.8758 41.5316 -24.3236 3.34245 8.08486 2.67184 0 0 0 0.524195 3.81474 -0.0153201 0 0 0 0 0 2.384 303 50 0 0 0
./complex_md-fit_965.pdb BC A 8.17516 40.7969 -12.757 -8.66361 -14.8003 -25.6306 -1.23771 45.5875 -25.3232 6.81151 7.92708 2.27937 0 0 0 0.291131 2.84797 -0.0181707 0 0 0 0 0.0200196 2.384 303 48 1 1 0
./complex_md-fit_966.pdb BC A 11.1433 28.9298 -4.49821 -7.8555 -11.7692 -24.299 -0.941966 44.0624 -24.1483 7.75992 8.2598 4.11064 0 0 0 0.322944 2.60846 0 0 0 0 0 0 2.384 303 50 1 1 0
./complex_md-fit_967.pdb BC A 8.89266 36.3789 -11.2131 -7.26192 -11.05 -23.4991 -0.950254 40.3256 -22.9928 4.20397 7.37827 2.4172 0 0 0 0.232044 2.45898 -0.0160557 0 0 0 0 0 2.384 303 49 0 0 0
./complex_md-fit_968.pdb BC A 8.40784 38.8478 -11.2905 -7.74124 -13.8895 -23.8012 -1.00258 41.5744 -23.3295 4.75552 8.02264 4.03193 0 0 0 0.0985575 2.62755 -0.00951782 0 0 0 0 0 2.384 303 49 0 0 0
./complex_md-fit_969.pdb BC A 8.79667 29.9363 -8.23881 -7.54175 -10.6182 -24.3759 -1.03919 42.9224 -23.9653 5.26981 7.22468 3.57437 0 0 0 0.348459 2.9341 -0.0431374 0 0 0 0 0.00498334 2.384 303 50 0 0 0
./complex_md-fit_96.pdb BC A 7.42654 33.1762 -12.4557 -8.75604 -10.5305 -22.1267 -0.702906 37.7137 -23.0726 3.94842 7.3766 3.49468 0 0 0 0.199585 2.14641 0 0 0 0 0 0 2.384 303 49 0 0 0
./complex_md-fit_970.pdb BC A 12.4234 33.5962 -6.73923 -5.9271 -11.1785 -22.4077 -0.913933 39.6913 -22.0804 5.21377 7.44964 2.91238 0 0 0 0.544632 2.33293 -0.0433353 0 0 0 0 0 2.384 303 47 2 2 0
./complex_md-fit_971.pdb BC A 8.02315 34.1612 -12.563 -7.34525 -14.6097 -24.4968 -1.21569 42.4477 -23.9896 5.11943 8.17993 3.03332 0 0 0 0.314755 2.91475 -0.00107505 0 0 0 0 0 2.384 303 49 1 1 0
./complex_md-fit_972.pdb BC A 8.63996 35.2341 -6.83888 -8.21008 -12.5903 -23.8468 -1.09703 43.0264 -23.2026 6.68283 8.83345 3.35072 0 0 0 0.245238 2.71007 -0.0307167 0 0 0 0 0 2.384 303 47 0 0 0
./complex_md-fit_973.pdb BC A 7.74768 37.7915 -12.4052 -6.89884 -12.7864 -24.5938 -1.06341 41.0231 -24.2963 4.86281 7.36022 3.58472 0 0 0 0.377124 2.82702 0.025561 0 0 0 0 0 2.384 303 49 2 2 0
./complex_md-fit_974.pdb BC A 8.71106 32.2893 -8.77275 -6.9505 -12.6117 -23.1426 -1.14541 40.9005 -22.807 6.05624 6.6335 3.75355 0 0 0 0.550396 2.56964 -0.00976465 0 0 0 0 0 2.384 303 51 1 1 0
./complex_md-fit_975.pdb BC A 8.14136 40.2171 -7.64721 -6.06357 -11.8967 -22.5232 -1.08011 39.2228 -22.4625 6.56763 6.98132 2.69285 0 0 0 0.905629 2.86969 0.00864259 0 0 0 0 0 2.384 303 47 2 2 0
./complex_md-fit_976.pdb BC A 7.86119 37.0576 -13.346 -7.72166 -11.9821 -23.6754 -1.0168 41.5927 -22.7896 2.8896 6.12505 2.84174 0 0 0 0.361534 2.74704 0.0271775 0 0 0 0 0.00169359 2.384 303 46 0 0 0
./complex_md-fit_977.pdb BC A 7.56136 30.2458 -9.72007 -7.49703 -13.4299 -24.3595 -1.03064 44.5457 -23.6871 4.64752 8.03756 2.86 0 0 0 0.19297 3.66607 0.000441443 0 0 0 0 0 2.384 303 48 0 0 0
./complex_md-fit_978.pdb BC A 5.77579 34.0503 -15.9029 -7.496 -14.1795 -24.0825 -0.991435 41.645 -23.9285 2.14692 6.99516 3.03946 0 0 0 0.955988 2.75039 -0.00748856 0 0 0 0 0 2.384 303 46 0 0 0
./complex_md-fit_979.pdb BC A 7.01413 31.2756 -13.176 -8.36636 -14.2348 -24.1985 -0.983037 43.1543 -23.8196 4.59953 8.34184 2.19341 0 0 0 0.167206 4.19509 -0.029939 0 0 0 0 0 2.384 303 48 0 0 0
./complex_md-fit_97.pdb BC A 7.91803 37.5202 -13.3545 -9.17572 -12.765 -22.3441 -0.771109 37.3097 -23.1203 3.54557 8.78544 5.04572 0 0 0 0.105564 3.05786 0.0296768 0 0 0 0 0 2.384 303 50 0 0 0
./complex_md-fit_980.pdb BC A 7.37914 33.73 -14.4445 -7.84399 -13.3286 -21.6632 -1.08517 37.6383 -21.1686 3.40764 6.69988 2.56741 0 0 0 0.305965 2.49716 0.0206009 0 0 0 0 0.0053084 2.384 303 50 1 1 0
./complex_md-fit_981.pdb BC A 7.6349 28.4354 -10.3517 -7.4217 -11.0045 -22.7123 -0.962715 40.8569 -22.2178 3.31531 6.88441 2.47076 0 0 0 0.410547 3.21486 0.0266028 0 0 0 0 0.00284452 2.384 303 49 0 0 0
./complex_md-fit_982.pdb BC A 7.8722 35.3102 -9.74586 -8.85116 -13.9666 -24.8566 -0.983956 44.5405 -24.6046 4.58345 9.04302 5.05288 0 0 0 0.31178 3.1543 -0.0145518 0 0 0 0 0 2.384 303 49 0 0 0
./complex_md-fit_983.pdb BC A 7.82153 33.4533 -10.0004 -8.1107 -10.9788 -23.9473 -0.999519 41.6466 -23.9681 5.12725 6.52667 4.10127 0 0 0 0.563604 3.11628 0.0386376 0 0 0 0 0 2.384 303 50 1 1 0
./complex_md-fit_984.pdb BC A 6.58695 30.5061 -11.1449 -7.75145 -12.577 -24.7514 -0.975532 43.6747 -24.367 4.1774 7.79189 3.30298 0 0 0 0.346575 2.65533 -0.0160878 0 0 0 0 0 2.384 303 48 0 0 0
./complex_md-fit_985.pdb BC A 7.81984 26.0359 -14.0794 -7.45284 -13.8344 -22.6725 -1.13122 39.3695 -22.3394 3.17712 7.06846 3.18634 0 0 0 0.538228 3.36197 0.0114174 0 0 0 0 0 2.384 303 46 0 0 0
./complex_md-fit_986.pdb BC A 10.1625 35.8788 -9.83024 -6.48093 -13.742 -22.7566 -1.02883 41.1325 -22.3881 6.44487 6.34259 1.92421 0 0 0 0.673885 2.92088 0.0434258 0 0 0 0 0.00468045 2.384 303 48 1 1 0
./complex_md-fit_987.pdb BC A 6.56019 39.5204 -11.5344 -6.35172 -14.8833 -23.8239 -1.11106 42.8591 -22.8821 4.47004 6.67547 3.13768 0 0 0 0.408978 4.04787 -0.0334227 0 0 0 0 0 2.384 303 48 1 1 0
./complex_md-fit_988.pdb BC A 7.82126 30.5418 -3.69867 -5.65148 -9.86444 -22.7446 -1.05446 41.8974 -22.1158 6.80127 6.15424 2.73141 0 0 0 0.176624 2.94206 -0.0288543 0 0 0 0 0 2.384 303 48 1 1 0
./complex_md-fit_989.pdb BC A 7.78366 36.8645 -7.76246 -6.4709 -12.0428 -24.1199 -1.01158 43.4175 -23.8615 8.02183 5.79166 2.07119 0 0 0 0.456045 3.03782 -0.0139889 0 0 0 0 0 2.384 303 50 2 2 0
./complex_md-fit_98.pdb BC A 10.5889 33.1576 -7.33096 -7.8726 -10.4931 -20.9772 -0.950796 39.1443 -21.1389 3.19199 7.66653 3.88711 0 0 0 0.19821 2.33107 0 0 0 0 0 0.0134693 2.384 303 51 0 0 0
./complex_md-fit_990.pdb BC A 9.00981 33.7739 -10.7846 -8.0691 -12.6204 -23.6826 -1.01191 43.2106 -23.5691 2.23947 8.66884 3.80704 0 0 0 0.240891 2.83003 0 0 0 0 0 0.00165078 2.384 303 49 0 0 0
./complex_md-fit_991.pdb BC A 8.47768 30.3331 -13.8848 -7.47399 -13.9633 -23.8061 -1.1521 42.4441 -23.3806 4.54909 6.89915 1.88098 0 0 0 0.126141 2.96421 -0.00817794 0 0 0 0 0 2.384 303 48 1 1 0
./complex_md-fit_992.pdb BC A 10.8466 33.4796 -15.7135 -9.38955 -15.6281 -23.59 -1.15487 41.3977 -22.7693 4.56478 7.78886 2.72598 0 0 0 0.33803 2.64292 -0.00595019 0 0 0 0 0.00886655 2.384 303 47 0 0 0
./complex_md-fit_993.pdb BC A 7.85364 35.4542 -20.413 -8.86219 -16.1034 -22.3055 -0.907033 37.7238 -22.0967 2.36055 7.13531 1.56701 0 0 0 1.07519 2.70277 0 0 0 0 0 0 2.384 303 48 0 0 0
./complex_md-fit_994.pdb BC A 8.73373 35.9839 -9.48971 -8.17604 -12.2912 -22.9784 -1.09605 40.9541 -22.7026 3.76169 8.33471 4.58058 0 0 0 0.151953 2.55028 -0.0284479 0 0 0 0 0 2.384 303 49 0 0 0
./complex_md-fit_995.pdb BC A 6.97551 30.3968 -17.1057 -9.36157 -12.9945 -22.8446 -0.97504 39.3287 -22.5383 2.59458 5.87043 3.58798 0 0 0 0.22016 2.65887 0 0 0 0 0 0.00646942 2.384 303 47 0 0 0
./complex_md-fit_996.pdb BC A 8.5873 39.7479 -3.1031 -7.52868 -11.0468 -23.9092 -1.14778 43.3098 -23.1547 7.65515 8.20187 4.03343 0 0 0 0.45553 2.64451 0.0283382 0 0 0 0 0 2.384 303 50 2 2 0
./complex_md-fit_997.pdb BC A 10.3178 32.4138 -14.0097 -7.23142 -13.0252 -22.7104 -0.887586 38.1537 -22.4656 5.92157 5.83402 2.322 0 0 0 0.0557102 2.53243 0.0234912 0 0 0 0 0 2.384 303 48 2 2 0
./complex_md-fit_998.pdb BC A 8.52462 32.3907 -12.7941 -8.5045 -16.0713 -23.7763 -1.2762 41.2648 -23.2887 6.81628 8.14655 3.4076 0 0 0 0.47017 2.58649 0 0 0 0 0 0.0176544 2.384 303 50 1 1 0
./complex_md-fit_999.pdb BC A 8.00861 35.0885 -13.8154 -9.77383 -13.4054 -24.2325 -1.17287 41.1004 -23.6918 5.64335 7.72582 3.82846 0 0 0 0.168705 2.72622 -0.00564561 0 0 0 0 0 2.384 303 48 0 0 0
./complex_md-fit_99.pdb BC A 7.24325 34.1889 -11.2735 -7.84694 -12.1367 -21.0295 -0.734477 36.6399 -21.2923 3.59827 8.39361 2.52163 0 0 0 0.562059 3.27844 -5.55112e-17 0 0 0 0 0.0509247 2.384 303 51 0 0 0
./complex_md-fit_9.pdb BC A 12.259 40.7474 -10.0011 -6.43346 -7.48121 -19.2234 -0.315126 31.6377 -19.7941 3.77364 5.01959 2.17834 0 0 0 0.649461 1.65472 -0.0200354 0 0 0 0 0.00749479 2.384 303 46 0 0 0
