./complex_md-fit_1000.pdb BC A 7.79034 32.6724 -11.2628 -6.40658 -14.2165 -24.1065 -1.10323 42.1742 -23.7496 4.4753 6.90905 4.15335 0 0 0 0.58011 2.76564 0.0275128 0 0 0 0 0 2.384 303 50 0 0 0
./complex_md-fit_1001.pdb BC A 6.44865 29.5624 -7.8241 -6.68236 -13.9961 -24.3443 -1.15884 44.6047 -23.9909 5.86666 8.29017 3.45177 0 0 0 0.114293 2.49212 0.0207633 0 0 0 0 0 2.384 303 48 2 2 0
./complex_md-fit_100.pdb BC A 7.11177 40.8111 -4.35504 -5.77689 -9.76381 -21.2208 -0.874695 37.566 -20.8575 6.44488 6.73545 2.89473 0 0 0 0.497642 1.48713 0 0 0 0 0 0 2.384 303 47 2 2 0
./complex_md-fit_101.pdb BC A 7.06948 35.941 -10.4099 -7.4064 -13.503 -22.9375 -1.04602 41.5168 -22.489 3.79129 9.34222 1.91571 0 0 0 0.318642 3.35138 0.0873077 0 0 0 0 0 2.384 303 45 0 0 0
./complex_md-fit_102.pdb BC A 7.88462 32.0858 -3.82615 -6.9964 -10.9753 -21.4036 -1.10261 40.3219 -20.663 6.63439 8.45019 1.39508 0 0 0 0.420142 1.51018 0.0930097 0 0 0 0 0 2.384 303 46 1 1 0
./complex_md-fit_103.pdb BC A 7.42425 30.7075 -9.43424 -4.47502 -10.7851 -21.2016 -0.961631 37.5838 -21.5222 4.08376 6.323 0.95726 0 0 0 0.544825 2.32965 0.0186827 0 0 0 0 0 2.384 303 48 1 1 0
./complex_md-fit_104.pdb BC A 7.55892 38.0114 -9.65477 -6.17521 -11.4003 -21.982 -1.08422 39.7008 -21.8742 2.71068 7.52588 2.43157 0 0 0 0.470153 1.71072 0.0220305 0 0 0 0 0 2.384 303 53 0 0 0
./complex_md-fit_105.pdb BC A 7.81256 26.484 -10.0033 -7.30639 -12.1924 -22.4915 -1.05347 39.6617 -22.2143 4.61631 7.78052 2.8518 0 0 0 0.258827 2.16916 0.0856112 0 0 0 0 0 2.384 303 46 1 1 0
./complex_md-fit_106.pdb BC A 7.52349 34.1653 -9.75428 -7.7851 -11.7182 -23.1738 -1.09585 41.8705 -23.0521 5.23473 8.16093 1.5058 0 0 0 0.279902 3.04639 0.0189555 0 0 0 0 0 2.384 303 47 0 0 0
./complex_md-fit_107.pdb BC A 6.78832 37.9798 -6.89494 -8.13722 -10.6473 -21.963 -1.00823 39.595 -21.5013 6.21017 6.84188 3.53012 0 0 0 0.184973 2.00478 0 0 0 0 0 0 2.384 303 46 1 1 0
./complex_md-fit_108.pdb BC A 11.4188 30.9897 -5.21192 -6.64732 -10.6758 -22.4411 -1.01041 40.7041 -21.4631 6.5626 6.61603 2.57724 0 0 0 0.565891 1.91641 0 0 0 0 0 0 2.384 303 49 2 2 0
./complex_md-fit_109.pdb BC A 10.3751 36.6481 -2.91134 -4.49005 -8.93753 -22.3853 -0.717663 41.7988 -22.2662 3.68211 6.36369 3.7163 0 0 0 0.264993 1.6848 0.0595373 0 0 0 0 0 2.384 303 47 0 0 0
./complex_md-fit_10.pdb BC A 8.94117 43.8295 -15.9019 -7.65351 -19.0029 -24.3921 -1.35968 43.9138 -23.2473 3.22203 9.99794 2.456 0 0 0 0.181736 2.24436 -0.0179667 0 0 0 0 0 2.384 303 51 0 0 0
./complex_md-fit_110.pdb BC A 6.62774 41.7692 -7.06387 -5.89957 -11.8242 -21.7489 -1.08996 39.444 -21.4746 5.46112 6.72568 2.34861 0 0 0 0.97175 2.86191 0.0222027 0 0 0 0 0 2.384 303 46 0 0 0
./complex_md-fit_111.pdb BC A 7.56871 36.9924 -7.33083 -6.90115 -11.3341 -22.0967 -1.15196 41.0976 -21.4015 5.51213 6.77584 1.88898 0 0 0 0.256719 3.59253 0.0233113 0 0 0 0 0 2.384 303 51 1 1 0
./complex_md-fit_112.pdb BC A 7.60234 37.9996 -5.03166 -5.00379 -9.80517 -21.6807 -1.09147 39.376 -21.4524 5.12037 6.93052 1.84567 0 0 0 0.709201 2.93501 0.0200914 0 0 0 0 0 2.384 303 47 0 0 0
./complex_md-fit_113.pdb BC A 7.46745 33.0903 -3.49634 -6.00229 -9.72215 -23.0716 -1.08843 43.0343 -22.6513 5.7557 8.32157 1.74134 0 0 0 0.198358 3.46246 -0.0118971 0 0 0 0 0 2.384 303 47 0 0 0
./complex_md-fit_114.pdb BC A 9.63872 26.3849 -5.95561 -7.13953 -10.3371 -23.1034 -0.790978 42.9718 -23.0207 4.3622 6.87168 3.60267 0 0 0 0.602746 1.90248 0.0144809 0 0 0 0 0.0104363 2.384 303 48 0 0 0
./complex_md-fit_115.pdb BC A 6.27582 39.5065 -5.98312 -5.28051 -11.3277 -22.0701 -0.985458 38.9308 -22.134 6.25535 7.90915 2.43163 0 0 0 0.287801 2.85118 0 0 0 0 0 0 2.384 303 47 2 2 0
./complex_md-fit_116.pdb BC A 8.09611 36.7659 -6.27063 -5.9563 -9.93126 -21.3282 -1.13747 38.3457 -21.0384 4.23923 7.31242 2.36344 0 0 0 0.860272 1.57184 0 0 0 0 0 0 2.384 303 47 0 0 0
./complex_md-fit_117.pdb BC A 6.46262 38.451 -11.5207 -8.23941 -13.5792 -20.3388 -1.114 35.7108 -19.7502 5.53042 7.38245 2.49227 0 0 0 0.384835 1.5755 1.11022e-16 0 0 0 0 0 2.384 303 44 2 2 0
./complex_md-fit_118.pdb BC A 6.0592 33.3023 -7.52013 -5.75267 -10.2317 -20.4554 -1.08501 37.7828 -20.3496 2.73504 7.419 2.19384 0 0 0 0.0901053 1.43469 0.113776 0 0 0 0 0.0197332 2.384 303 49 0 0 0
./complex_md-fit_119.pdb BC A 8.13058 29.0144 -10.2098 -7.75012 -10.0404 -21.587 -1.02226 39.3491 -21.4574 3.06331 6.17768 2.67075 0 0 0 0.386547 1.79829 0 0 0 0 0 0 2.384 303 50 0 0 0
./complex_md-fit_11.pdb BC A 8.27298 33.4131 -3.90352 -5.20855 -12.9134 -23.0507 -1.13284 44.2366 -22.4518 5.78287 8.16387 2.45198 0 0 0 0.218354 4.10043 1.11022e-16 0 0 0 0 0 2.384 303 51 1 1 0
./complex_md-fit_120.pdb BC A 7.78382 29.9646 -12.0753 -6.33824 -12.2275 -21.0246 -1.07727 37.9566 -21.0228 2.35905 6.03435 2.55701 0 0 0 0.70395 2.20373 0.00415021 0 0 0 0 0 2.384 303 46 0 0 0
./complex_md-fit_121.pdb BC A 7.68401 29.651 -9.77036 -6.01688 -12.3575 -21.2802 -1.07903 38.7479 -20.7479 3.52069 7.24189 1.60953 0 0 0 0.591116 1.74189 0 0 0 0 0 0 2.384 303 46 0 0 0
./complex_md-fit_122.pdb BC A 9.46609 36.5543 -9.36798 -7.5674 -12.507 -22.3182 -0.999621 39.7336 -22.2538 5.09156 7.60161 3.30175 0 0 0 0.549528 3.16058 0 0 0 0 0 0 2.384 303 44 2 2 0
./complex_md-fit_123.pdb BC A 8.31101 33.3986 -3.85779 -4.01808 -8.26569 -21.4585 -1.02395 39.2393 -21.1737 5.42685 5.4624 1.57686 0 0 0 0.312516 1.69712 0.0214599 0 0 0 0 0.0427649 2.384 303 46 0 0 0
./complex_md-fit_124.pdb BC A 8.46022 34.2974 -5.2403 -6.31377 -11.8746 -22.7187 -0.996188 42.2158 -22.1565 5.48169 8.0255 2.41936 0 0 0 0.679672 3.0861 -0.0025935 0 0 0 0 0 2.384 303 49 0 0 0
./complex_md-fit_125.pdb BC A 8.16543 33.7262 -1.94661 -5.54555 -12.3021 -21.9032 -1.06042 42.4112 -21.2672 7.55096 7.29782 2.37779 0 0 0 0.394624 1.78227 0.0913166 0 0 0 0 0.00827451 2.384 303 46 0 0 0
./complex_md-fit_126.pdb BC A 8.05652 32.6897 -10.1789 -6.44332 -13.6849 -21.617 -1.13719 39.7797 -20.916 2.9733 8.06567 2.31329 0 0 0 0.487532 1.67286 0 0 0 0 0 0 2.384 303 46 0 0 0
./complex_md-fit_127.pdb BC A 7.12527 29.3899 -10.4768 -4.83009 -11.3458 -21.1883 -0.967073 37.4333 -20.7158 4.35166 4.96485 1.11912 0 0 0 0.681315 3.13165 -0.00792145 0 0 0 0 0.0279979 2.384 303 46 0 0 0
./complex_md-fit_128.pdb BC A 7.77288 32.6836 -9.71055 -6.52354 -13.2006 -20.4692 -1.05061 36.1484 -20.0131 4.21521 8.07978 2.95534 0 0 0 0.136751 1.7615 -0.00151849 0 0 0 0 0.0125082 2.384 303 44 0 0 0
./complex_md-fit_129.pdb BC A 6.75626 37.3468 -1.22805 -5.27216 -8.73028 -19.996 -1.14034 37.5132 -19.3465 6.0036 7.41638 1.99568 0 0 0 0.328293 2.90143 0 0 0 0 0 0 2.384 303 46 2 2 0
./complex_md-fit_12.pdb BC A 7.25822 30.675 -13.2757 -9.77936 -15.6596 -23.4852 -1.08056 42.9444 -22.3843 3.08942 8.15839 4.42937 0 0 0 0.469658 2.09791 0.0220897 0 0 0 0 0 2.384 303 52 0 0 0
./complex_md-fit_130.pdb BC A 7.1641 30.6636 -8.49418 -6.52691 -11.1683 -19.7832 -0.975334 35.8038 -19.4986 1.83908 8.25493 3.45843 0 0 0 0.101789 3.05627 -1.11022e-16 0 0 0 0 0 2.384 303 48 0 0 0
./complex_md-fit_131.pdb BC A 6.26201 34.7882 -11.5222 -5.46187 -11.9683 -21.3138 -1.1711 38.3294 -21.0011 3.54915 5.37765 1.65566 0 0 0 0.482093 3.18229 0 0 0 0 0 0 2.384 303 49 0 0 0
./complex_md-fit_132.pdb BC A 9.12905 32.2285 -9.96481 -6.28789 -12.4305 -21.199 -1.1317 38.6212 -21.079 4.18445 6.77922 1.91575 0 0 0 0.663596 1.73704 -0.000985121 0 0 0 0 0 2.384 303 49 0 0 0
./complex_md-fit_133.pdb BC A 8.2997 37.5615 -9.29479 -6.97969 -12.5201 -21.0383 -1.22181 38.4918 -20.5826 4.10672 6.05984 3.26427 0 0 0 1.12519 2.25718 0 0 0 0 0 0 2.384 303 50 1 1 0
./complex_md-fit_134.pdb BC A 7.40809 33.1017 -12.8869 -6.63089 -13.3389 -20.2879 -1.10029 36.8785 -19.9794 3.7546 6.00501 1.57134 0 0 0 0.179701 2.15647 0.061396 0 0 0 0 0 2.384 303 47 0 0 0
./complex_md-fit_135.pdb BC A 8.7635 40.4207 -3.33427 -3.96646 -8.86966 -20.9328 -1.10519 37.9768 -20.5354 5.91131 6.04946 1.42353 0 0 0 0.700209 2.91747 -5.55112e-17 0 0 0 0 0.0139716 2.384 303 47 1 1 0
./complex_md-fit_136.pdb BC A 8.92039 32.0691 -1.75024 -5.86778 -8.43482 -20.0092 -1.14254 37.4669 -19.1822 7.99527 5.52275 1.29569 0 0 0 0.605731 1.72973 0 0 0 0 0 0 2.384 303 49 1 1 0
./complex_md-fit_137.pdb BC A 9.37243 28.4017 -6.92839 -5.50918 -11.8349 -21.1074 -1.06488 38.8024 -21.006 4.55283 8.24805 1.55217 0 0 0 0.372359 2.71689 0.0662115 0 0 0 0 0 2.384 303 49 0 0 0
./complex_md-fit_138.pdb BC A 9.26354 32.8531 -6.80501 -6.38327 -11.8917 -20.6727 -0.972716 37.6418 -20.5676 5.50702 8.37827 1.9912 0 0 0 0.14542 3.06166 0.019269 0 0 0 0 0 2.384 303 47 2 2 0
./complex_md-fit_139.pdb BC A 7.58697 32.6604 -17.7913 -8.01897 -14.9691 -22.0234 -0.936032 38.3795 -22.0382 2.34544 7.00459 1.23362 0 0 0 1.23118 1.92693 0 0 0 0 0 0 2.384 303 51 0 0 0
./complex_md-fit_13.pdb BC A 11.4754 30.3575 -10.9506 -7.62364 -15.2343 -23.4102 -1.13243 43.346 -23.0153 4.39246 8.41742 2.67052 0 0 0 0.587957 2.07876 0.0509491 0 0 0 0 0 2.384 303 54 0 0 0
./complex_md-fit_140.pdb BC A 9.15477 35.5478 -8.85966 -6.02943 -11.1369 -22.5416 -0.855654 40.5672 -22.3426 5.45975 6.66154 1.05324 0 0 0 0.30064 3.48342 5.55112e-17 0 0 0 0 0.00405629 2.384 303 48 0 0 0
./complex_md-fit_141.pdb BC A 7.78735 37.907 -15.5884 -7.69185 -13.1964 -21.8579 -1.0858 38.8036 -21.4296 1.04767 6.24491 2.67313 0 0 0 0.909364 1.68068 -0.00549384 0 0 0 0 0 2.384 303 48 0 0 0
./complex_md-fit_142.pdb BC A 8.17828 36.5465 -7.86297 -5.79567 -13.0509 -22.8763 -1.27314 42.3843 -22.4173 6.34042 6.92535 1.6491 0 0 0 0.223836 2.44958 0.027307 0 0 0 0 0 2.384 303 52 2 2 0
./complex_md-fit_143.pdb BC A 8.09268 33.1422 -11.2928 -6.24377 -14.4953 -22.9914 -1.16066 41.8383 -22.7476 2.57738 10.2089 1.34498 0 0 0 0.338517 3.12535 0.0188218 0 0 0 0 0.019045 2.384 303 46 0 0 0
./complex_md-fit_144.pdb BC A 7.95789 39.4397 -5.42166 -6.89198 -12.8841 -22.2563 -1.09514 41.625 -21.7653 7.80465 8.08115 1.58773 0 0 0 0.279791 3.06934 0.0928476 0 0 0 0 0 2.384 303 48 3 3 0
./complex_md-fit_145.pdb BC A 9.04885 35.8673 -8.4659 -6.19703 -13.3014 -23.3461 -1.18006 43.6592 -22.8571 5.90213 7.29899 1.32572 0 0 0 0.204473 2.80371 0.0252838 0 0 0 0 0 2.384 303 47 1 1 0
./complex_md-fit_146.pdb BC A 7.84765 33.8382 -8.92122 -6.49054 -11.9755 -24.1499 -0.978208 42.9025 -24.3012 4.1853 9.19023 1.67526 0 0 0 0.994122 4.38285 0.0267135 0 0 0 0 0 2.384 303 47 0 0 0
./complex_md-fit_147.pdb BC A 7.3603 32.4433 -7.10913 -6.23323 -12.4575 -22.8759 -1.19668 42.4898 -22.3556 5.78085 7.79309 1.66319 0 0 0 0.256695 3.43771 0.0261487 0 0 0 0 0 2.384 303 46 1 1 0
./complex_md-fit_148.pdb BC A 7.2351 36.9059 -12.0906 -7.52026 -12.1504 -22.1948 -1.07342 39.8986 -21.7206 2.75592 6.73149 2.94967 0 0 0 0.193374 1.80669 0.0213196 0 0 0 0 0.0183872 2.384 303 50 1 1 0
./complex_md-fit_149.pdb BC A 6.97209 38.7606 -11.6003 -7.61851 -12.8818 -21.5293 -1.03565 39.2163 -20.9854 2.19283 8.64055 1.92029 0 0 0 0.480316 1.62701 0 0 0 0 0 0 2.384 303 45 0 0 0
./complex_md-fit_14.pdb BC A 7.54484 34.5568 -8.12942 -5.98816 -12.7059 -24.8937 -1.02049 45.4194 -24.6019 4.19979 7.38441 3.60606 0 0 0 0.427862 2.65265 0.0431979 0 0 0 0 0 2.384 303 51 0 0 0
./complex_md-fit_150.pdb BC A 9.16326 32.3362 -11.0547 -7.22116 -14.8578 -22.4169 -1.08182 40.7707 -21.855 5.13279 8.35724 1.41633 0 0 0 0.70078 1.97887 0 0 0 0 0 0 2.384 303 47 0 0 0
./complex_md-fit_151.pdb BC A 8.16196 37.5001 0.299946 -6.54227 -8.12712 -22.1895 -1.04354 41.8965 -22.0058 7.42018 7.44697 2.34436 0 0 0 1.04742 1.79636 0.0527474 0 0 0 0 0 2.384 303 48 2 2 0
./complex_md-fit_152.pdb BC A 7.38413 34.9395 -7.0542 -5.4177 -10.173 -22.2303 -0.935088 41.2075 -21.81 3.98039 6.93353 1.0604 0 0 0 0.330108 2.92086 0 0 0 0 0 0 2.384 303 47 0 0 0
./complex_md-fit_153.pdb BC A 8.0956 37.1791 -12.6568 -7.86654 -12.0216 -22.2162 -1.11589 39.3187 -22.2947 3.71951 7.79056 1.73654 0 0 0 0.280671 1.80193 0 0 0 0 0 0.012118 2.384 303 47 2 2 0
./complex_md-fit_154.pdb BC A 8.47568 41.2198 -7.34885 -7.03008 -13.9638 -22.7966 -1.28216 42.2841 -22.3234 4.84797 8.92678 3.84219 0 0 0 0.146166 2.04054 0 0 0 0 0 0 2.384 303 45 0 0 0
./complex_md-fit_155.pdb BC A 7.26996 34.49 -8.78001 -7.54395 -13.3233 -23.6113 -1.08953 44.4566 -23.0669 3.54614 8.76032 2.43299 0 0 0 0.658932 2.04398 0 0 0 0 0 0 2.384 303 48 0 0 0
./complex_md-fit_156.pdb BC A 9.12193 26.7807 -11.3636 -6.9752 -14.9551 -24.4409 -1.25971 45.394 -23.8002 4.22418 8.45901 1.33594 0 0 0 0.654438 2.57872 0 0 0 0 0 0 2.384 303 54 0 0 0
./complex_md-fit_157.pdb BC A 8.09367 31.779 -5.16414 -6.77807 -13.896 -23.5384 -1.12229 46.1935 -22.8689 3.81877 10.0647 2.42553 0 0 0 0.51903 3.1199 0.0113163 0 0 0 0 0.0066563 2.384 303 48 0 0 0
./complex_md-fit_158.pdb BC A 7.71188 32.074 -4.71064 -7.77722 -10.1536 -22.6363 -0.943484 42.5449 -22.3888 5.77372 8.24682 2.45441 0 0 0 0.168851 2.09208 0 0 0 0 0 0 2.384 303 49 1 1 0
./complex_md-fit_159.pdb BC A 6.01921 28.7923 -10.0698 -6.30571 -11.3632 -22.2416 -0.989439 39.9557 -22.3305 3.60056 7.58272 1.80162 0 0 0 0.190191 3.14792 0.0255733 0 0 0 0 0.00418355 2.384 303 43 0 0 0
./complex_md-fit_15.pdb BC A 9.93385 37.8713 -9.57651 -5.3275 -9.91072 -23.223 -0.895292 40.8856 -23.5731 2.63209 7.02646 2.32909 0 0 0 0.46869 2.39749 -1.11022e-16 0 0 0 0 0.0111411 2.384 303 53 0 0 0
./complex_md-fit_160.pdb BC A 7.75112 36.3711 -10.4209 -7.56606 -11.1506 -22.7858 -0.950013 39.9952 -23.162 4.25852 7.85946 2.80042 0 0 0 0.273408 2.59454 1.11022e-16 0 0 0 0 0.00652692 2.384 303 47 0 0 0
./complex_md-fit_161.pdb BC A 7.72841 33.3748 -6.76496 -7.54153 -12.4074 -23.1543 -1.13582 41.7252 -22.5392 7.86419 9.10269 1.1607 0 0 0 0.153097 3.46924 -1.11022e-16 0 0 0 0 0.00749611 2.384 303 47 2 2 0
./complex_md-fit_162.pdb BC A 8.27261 28.182 -4.4627 -5.81426 -8.87189 -22.463 -0.931536 40.9802 -22.4425 3.54234 7.304 2.98977 0 0 0 1.21699 2.01684 0.0271111 0 0 0 0 0 2.384 303 46 0 0 0
./complex_md-fit_163.pdb BC A 8.25644 35.5735 -5.07075 -7.55933 -8.99964 -24.0795 -1.0355 44.2444 -24.4553 5.20717 8.64132 2.2768 0 0 0 0.698484 2.13518 -0.00959936 0 0 0 0 0 2.384 303 48 1 1 0
./complex_md-fit_164.pdb BC A 5.91854 39.035 -8.64227 -8.25136 -11.5204 -21.7128 -0.873884 38.9305 -21.83 5.2105 8.45523 2.71494 0 0 0 0.234997 2.02409 1.11022e-16 0 0 0 0 0 2.384 303 46 0 0 0
./complex_md-fit_165.pdb BC A 7.17388 37.2596 -3.95616 -6.33505 -11.0698 -22.1486 -1.18929 40.2184 -21.6113 6.14606 8.6882 2.91526 0 0 0 0.407174 2.26565 0.022789 0 0 0 0 0 2.384 303 50 0 0 0
./complex_md-fit_166.pdb BC A 6.9092 38.5207 -11.3302 -5.60373 -11.3379 -21.9925 -1.18282 39.561 -21.8559 2.95105 5.70539 1.63994 0 0 0 0.748405 1.8906 0.0191377 0 0 0 0 0.0177728 2.384 303 48 0 0 0
./complex_md-fit_167.pdb BC A 7.64508 29.9583 -4.16001 -6.5983 -9.75574 -21.8308 -1.09655 40.5934 -21.4329 5.98244 7.50615 1.99597 0 0 0 0.468431 2.18266 0 0 0 0 0 0.00792165 2.384 303 43 1 1 0
./complex_md-fit_168.pdb BC A 7.63374 41.052 -10.0764 -8.04897 -12.1075 -24.5393 -1.19023 44.1567 -24.6312 4.16698 8.55425 3.36058 0 0 0 0.181831 2.20086 0.020385 0 0 0 0 0 2.384 303 52 0 0 0
./complex_md-fit_169.pdb BC A 8.13059 30.2374 -9.19109 -5.15934 -12.3584 -24.0627 -1.08437 44.6602 -23.8419 2.44358 8.30141 1.70051 0 0 0 0.175218 3.79664 0.0218093 0 0 0 0 0.0130107 2.384 303 52 0 0 0
./complex_md-fit_16.pdb BC A 6.10127 36.9496 -11.1126 -7.53068 -13.3475 -22.5739 -0.887088 39.5485 -22.2973 3.02529 8.10319 3.92617 0 0 0 0.920836 4.03191 5.55112e-17 0 0 0 0 0 2.384 303 51 0 0 0
./complex_md-fit_170.pdb BC A 9.07735 33.3594 -1.90035 -7.49435 -10.4419 -23.9788 -1.16383 43.6314 -23.9283 7.74458 8.7188 4.53034 0 0 0 0.481669 2.44166 0 0 0 0 0 0 2.384 303 53 2 2 0
./complex_md-fit_171.pdb BC A 9.24046 44.0998 -9.99897 -5.88045 -11.1341 -22.3058 -1.06557 39.6986 -21.9505 3.90552 4.7288 3.27259 0 0 0 0.731872 2.73296 0 0 0 0 0 0 2.384 303 46 0 0 0
./complex_md-fit_172.pdb BC A 6.5068 31.5805 -13.1184 -6.56406 -13.3635 -22.5148 -0.938481 40.0862 -22.3464 0.732138 8.1122 3.28815 0 0 0 0.390152 2.15163 0 0 0 0 0 0 2.384 303 46 0 0 0
./complex_md-fit_173.pdb BC A 9.06998 39.3151 -8.50617 -4.94773 -13.1089 -22.7616 -1.22894 41.572 -22.4113 5.16073 7.83821 1.10495 0 0 0 0.276412 1.77686 0 0 0 0 0 0 2.384 303 47 2 2 0
./complex_md-fit_174.pdb BC A 5.15674 41.6853 -10.8694 -6.63891 -9.8401 -21.5563 -0.936218 38.0787 -21.8276 2.03376 7.31202 2.11926 0 0 0 0.355085 1.69086 0.0308143 0 0 0 0 0 2.384 303 44 0 0 0
./complex_md-fit_175.pdb BC A 9.15148 32.9159 -5.65581 -6.23517 -10.4492 -22.9054 -0.997363 41.4012 -23.1941 5.44429 8.51825 2.36198 0 0 0 0.420508 1.81517 -0.0262738 0 0 0 0 0.00548979 2.384 303 47 0 0 0
./complex_md-fit_176.pdb BC A 11.9218 36.8926 -14.3466 -8.23745 -12.8422 -22.6332 -1.13065 39.3629 -22.3987 3.90405 7.15591 2.23124 0 0 0 0.205288 2.35961 0.0195677 0 0 0 0 0.0166813 2.384 303 47 1 1 0
./complex_md-fit_177.pdb BC A 5.88067 31.9979 -11.5727 -6.03063 -13.5603 -22.1436 -1.28538 40.7881 -21.543 2.88741 7.0242 2.00257 0 0 0 0.318699 2.94598 -0.0307234 0 0 0 0 0 2.384 303 46 0 0 0
./complex_md-fit_178.pdb BC A 10.7262 30.6559 -7.95908 -5.57387 -10.7455 -22.1612 -1.15442 39.6771 -22.0741 5.03529 6.02085 2.79123 0 0 0 0.237957 2.18997 -0.0123299 0 0 0 0 0 2.384 303 47 0 0 0
./complex_md-fit_179.pdb BC A 6.78154 34.8323 -9.24725 -6.80347 -11.9281 -22.3436 -0.821254 41.293 -21.6978 5.74261 5.83784 1.28198 0 0 0 0.166432 2.81282 0.0245951 0 0 0 0 0.000448863 2.384 303 46 2 2 0
./complex_md-fit_17.pdb BC A 6.51686 29.3078 -18.1345 -7.65439 -12.9638 -21.8659 -0.805831 35.9656 -22.052 2.26506 6.62545 2.13548 0 0 0 0.215787 2.10821 0 0 0 0 0 0 2.384 303 48 0 0 0
./complex_md-fit_180.pdb BC A 6.4619 26.2081 -9.09924 -5.01321 -8.8793 -21.5352 -0.704023 37.3283 -21.661 2.13603 7.15976 1.95581 0 0 0 0.113576 1.56056 0 0 0 0 0 0 2.384 303 44 0 0 0
./complex_md-fit_181.pdb BC A 6.94322 36.6613 -9.09211 -6.04768 -8.64453 -21.7106 -0.702516 38.3501 -21.9366 3.95222 5.33437 1.9016 0 0 0 0.437124 2.04624 -0.0256258 0 0 0 0 0 2.384 303 49 0 0 0
./complex_md-fit_182.pdb BC A 6.99465 27.9305 -6.02529 -5.325 -10.4592 -21.8861 -0.930231 41.164 -21.4538 4.51313 6.11917 1.99298 0 0 0 0.215642 2.92561 0.024071 0 0 0 0 0 2.384 303 44 0 0 0
./complex_md-fit_183.pdb BC A 8.82732 32.0125 -13.5497 -6.34624 -11.9642 -22.4191 -1.08182 40.0565 -22.1878 3.70544 5.00608 1.38783 0 0 0 0.291955 2.14124 -0.0118435 0 0 0 0 0.0136084 2.384 303 45 0 0 0
./complex_md-fit_184.pdb BC A 7.11136 32.1234 -8.39268 -4.15462 -9.99996 -21.0931 -0.935083 38.1408 -21.0412 4.1037 5.05428 1.39887 0 0 0 0.135211 2.12936 -0.00156554 0 0 0 0 0 2.384 303 45 0 0 0
./complex_md-fit_185.pdb BC A 7.52744 34.3211 -10.6589 -5.94569 -10.3931 -21.3599 -0.972886 38.953 -21.425 2.07513 5.01059 3.00618 0 0 0 0.374104 1.79022 0.0187327 0 0 0 0 0 2.384 303 45 0 0 0
./complex_md-fit_186.pdb BC A 8.23497 31.4181 -7.28545 -5.00142 -8.74235 -20.5675 -0.876712 37.0479 -20.4577 3.60159 4.56129 2.17337 0 0 0 0.955949 1.76687 0 0 0 0 0 0.0200997 2.384 303 45 0 0 0
./complex_md-fit_187.pdb BC A 7.81228 35.6849 -8.6117 -6.16564 -12.5943 -21.1934 -1.16873 38.1692 -20.6214 4.31309 7.34171 2.44921 0 0 0 0.851836 1.79294 -0.0122198 0 0 0 0 0.0188857 2.384 303 48 0 0 0
./complex_md-fit_188.pdb BC A 6.88913 35.834 -7.4568 -5.52618 -9.38042 -21.9352 -0.984969 39.0398 -21.6446 4.82052 5.56047 1.52677 0 0 0 1.06126 3.09259 0 0 0 0 0 0.00570978 2.384 303 45 1 1 0
./complex_md-fit_189.pdb BC A 6.30311 30.8544 -9.94739 -5.4065 -11.2935 -22.2887 -1.06989 39.5719 -22.1952 4.42557 6.23811 1.89065 0 0 0 0.158784 3.28286 0 0 0 0 0 0.0213036 2.384 303 45 0 0 0
./complex_md-fit_18.pdb BC A 10 31.4348 -8.54296 -6.02452 -11.258 -22.5712 -1.02917 39.4894 -22.5491 4.14755 6.91661 3.51318 0 0 0 0.744376 2.29142 0.0577218 0 0 0 0 0.0203447 2.384 303 51 0 0 0
./complex_md-fit_190.pdb BC A 7.44735 30.8128 -12.1279 -6.692 -11.4902 -22.217 -1.07702 39.1718 -22.4264 2.20749 7.2562 2.89263 0 0 0 0.196675 1.83538 0.0188701 0 0 0 0 0.0310456 2.384 303 50 0 0 0
./complex_md-fit_191.pdb BC A 8.78114 28.1212 -2.36547 -3.65511 -13.1777 -22.8954 -1.02508 42.0135 -22.3097 6.65969 8.84761 3.00388 0 0 0 0.172769 3.03347 0 0 0 0 0 0 2.384 303 47 0 0 0
./complex_md-fit_192.pdb BC A 9.41458 29.7677 -12.1873 -7.38979 -15.8019 -23.134 -1.30498 41.9351 -22.9783 3.71665 9.13756 3.00683 0 0 0 0.625414 2.39942 0 0 0 0 0 0 2.384 303 50 0 0 0
./complex_md-fit_193.pdb BC A 8.40855 28.1341 -3.74793 -5.01603 -13.1559 -23.788 -1.199 45.5377 -23.1987 6.32881 7.8524 2.55665 0 0 0 0.3341 1.91862 0 0 0 0 0 0 2.384 303 50 0 0 0
./complex_md-fit_194.pdb BC A 8.76842 32.0438 -1.09476 -5.29621 -11.2623 -24.4815 -0.873959 46.2436 -24.0211 6.50158 8.35467 3.15297 0 0 0 0.593475 2.21932 -0.0315598 0 0 0 0 0.0255414 2.384 303 52 0 0 0
./complex_md-fit_195.pdb BC A 8.20684 35.108 -6.95735 -4.80161 -11.7677 -22.8636 -1.16001 41.9033 -22.4651 5.07899 6.07563 2.59501 0 0 0 0.433758 1.74576 0.0139618 0 0 0 0 0 2.384 303 48 1 1 0
./complex_md-fit_196.pdb BC A 9.72 29.8392 -14.4019 -5.65776 -15.4226 -22.6049 -1.2609 38.623 -22.5503 3.94133 7.61118 2.81707 0 0 0 0.101966 2.04371 0 0 0 0 0 0 2.384 303 45 2 2 0
./complex_md-fit_197.pdb BC A 8.70063 30.119 -4.84461 -4.25227 -12.8987 -23.3087 -1.11424 43.5812 -22.903 4.71308 8.66064 2.5104 0 0 0 0.178263 2.02063 -0.0112927 0 0 0 0 0 2.384 303 53 0 0 0
./complex_md-fit_198.pdb BC A 9.32396 32.6179 -9.08329 -5.42797 -11.649 -22.6484 -0.994882 40.3619 -22.8423 3.86763 7.80076 2.17269 0 0 0 0.257053 2.1545 0 0 0 0 0 0.0193269 2.384 303 48 0 0 0
./complex_md-fit_199.pdb BC A 10.4525 35.0427 -9.68525 -5.03279 -12.5404 -21.6418 -0.871917 37.7112 -21.2805 3.24411 8.17087 1.98192 0 0 0 0.544682 2.96981 0.0292377 0 0 0 0 0 2.384 303 45 0 0 0
./complex_md-fit_19.pdb BC A 7.87136 36.8099 -3.40463 -6.51049 -9.97585 -23.8927 -0.922472 42.8032 -23.8883 7.36879 7.42519 3.65439 0 0 0 0.533667 4.65436 0 0 0 0 0 0 2.384 303 53 1 1 0
./complex_md-fit_1.pdb BC A 8.82412 30.9654 -8.62763 -8.13759 -11.7128 -23.7653 -1.05438 41.9196 -22.9349 7.8909 7.40721 1.37948 0 0 0 0.293332 2.81063 0.0678051 0 0 0 0 0.0189845 2.384 303 51 2 2 0
./complex_md-fit_200.pdb BC A 8.52565 31.919 -10.0594 -5.38626 -13.7351 -22.4245 -1.16663 39.9065 -22.129 3.6183 8.57429 2.17556 0 0 0 0.507396 3.05641 5.55112e-17 0 0 0 0 0 2.384 303 45 0 0 0
./complex_md-fit_201.pdb BC A 6.93807 31.9278 -12.1143 -5.40294 -14.5828 -22.9769 -1.01845 39.8285 -22.7009 4.0814 8.46337 1.85494 0 0 0 0.305281 1.70922 0.034071 0 0 0 0 0 2.384 303 49 0 0 0
./complex_md-fit_202.pdb BC A 10.2262 31.687 -7.0146 -6.98046 -12.7089 -22.7246 -0.803036 41.7504 -22.2421 3.9528 10.2856 2.42117 0 0 0 0.0345131 1.96534 0 0 0 0 0 0 2.384 303 50 0 0 0
./complex_md-fit_203.pdb BC A 8.33494 39.9768 -1.93133 -6.45479 -12.6905 -24.8216 -1.18196 47.9736 -24.0291 6.35336 10.1172 2.4363 0 0 0 0.321493 2.14938 0.0446815 0 0 0 0 0 2.384 303 56 1 1 0
./complex_md-fit_204.pdb BC A 7.79304 38.6338 -9.50667 -6.16667 -14.8867 -23.6451 -1.28957 43.8088 -23.1728 4.53226 8.06865 2.71734 0 0 0 0.521253 2.23036 -0.0127601 0 0 0 0 0.0185802 2.384 303 50 0 0 0
./complex_md-fit_205.pdb BC A 7.56128 35.9482 -9.2682 -7.01245 -12.5412 -22.941 -1.08166 42.2607 -22.3902 3.36102 8.07665 2.6154 0 0 0 0.364833 1.9535 0 0 0 0 0 0.0197357 2.384 303 47 0 0 0
./complex_md-fit_206.pdb BC A 10.4589 31.9286 -8.8848 -5.74772 -13.3637 -22.6437 -1.18015 41.1312 -22.0908 5.72719 7.02201 1.9005 0 0 0 0.341023 1.77651 0.0194299 0 0 0 0 0 2.384 303 50 0 0 0
./complex_md-fit_207.pdb BC A 8.15731 32.6865 -4.25454 -8.90662 -11.7967 -23.171 -1.16292 44.6734 -22.3087 5.54026 8.72251 3.74892 0 0 0 0.379556 2.52951 0 0 0 0 0 0.026715 2.384 303 48 1 1 0
./complex_md-fit_208.pdb BC A 9.93512 29.1122 -7.03424 -7.47082 -15.5445 -23.068 -1.09181 44.5383 -22.2003 4.60196 9.81099 2.99653 0 0 0 0.366388 2.40126 -0.00428635 0 0 0 0 0.0313404 2.384 303 50 1 1 0
./complex_md-fit_209.pdb BC A 9.04444 34.5293 -0.227957 -4.22365 -7.91174 -22.1416 -1.07844 42.1572 -21.5758 6.17907 6.23588 1.77144 0 0 0 0.337976 2.24951 -0.0284462 0 0 0 0 0.0501494 2.384 303 47 1 1 0
./complex_md-fit_20.pdb BC A 9.39099 28.718 -10.2068 -6.9245 -11.0796 -23.6814 -0.885598 41.6087 -23.957 5.50569 6.20323 2.48145 0 0 0 0.522271 3.16689 0 0 0 0 0 0 2.384 303 52 0 0 0
./complex_md-fit_210.pdb BC A 8.84218 35.7376 -10.2123 -6.67118 -13.8198 -22.2203 -1.11881 40.3863 -21.8592 4.73505 8.53792 1.75056 0 0 0 0.0672984 3.37874 0 0 0 0 0 0 2.384 303 48 0 0 0
./complex_md-fit_211.pdb BC A 6.59305 39.7998 -8.94947 -7.5382 -14.3539 -23.7451 -1.12877 43.3332 -23.2499 5.72186 9.87483 1.81765 0 0 0 0.26189 2.14073 0.0219563 0 0 0 0 0.0349825 2.384 303 52 1 1 0
./complex_md-fit_212.pdb BC A 6.38159 34.3833 -2.69945 -4.10171 -12.0683 -21.6568 -1.03594 41.1065 -20.7864 5.81616 7.35722 2.31977 0 0 0 0.321123 1.78123 0.00197089 0 0 0 0 0.0268837 2.384 303 46 0 0 0
./complex_md-fit_213.pdb BC A 8.8579 30.3091 -6.56339 -5.58677 -11.144 -22.2102 -0.885322 40.4571 -21.8526 3.55045 8.62433 2.28316 0 0 0 0.200444 2.68312 -1.11022e-16 0 0 0 0 0 2.384 303 47 0 0 0
./complex_md-fit_214.pdb BC A 8.60016 35.1401 -6.63504 -5.74855 -13.9431 -22.8717 -1.05854 42.7876 -22.2978 3.77318 10.1527 1.79785 0 0 0 0.75374 1.82141 0.00191788 0 0 0 0 0.0175834 2.384 303 49 0 0 0
./complex_md-fit_215.pdb BC A 8.50664 33.4529 -8.55066 -5.80834 -9.60028 -21.466 -0.937972 39.3218 -21.0879 3.36858 6.74851 0.632425 0 0 0 0.266388 2.42283 0 0 0 0 0 0.0121138 2.384 303 48 0 0 0
./complex_md-fit_216.pdb BC A 8.56894 35.3579 -6.8697 -5.59582 -12.4364 -21.2557 -0.968028 39.006 -20.3106 6.31588 6.37181 1.83928 0 0 0 0.157585 2.01406 -0.0275658 0 0 0 0 0.0338802 2.384 303 50 0 0 0
./complex_md-fit_217.pdb BC A 7.97512 28.7736 -9.19687 -5.55135 -10.5917 -21.0034 -0.968896 37.9512 -20.8291 2.36086 7.10195 2.19058 0 0 0 0.0852472 1.90034 0.0189582 0 0 0 0 0.0388583 2.384 303 48 0 0 0
./complex_md-fit_218.pdb BC A 8.43853 37.9032 -9.70709 -6.98568 -10.8133 -21.5224 -0.927923 38.8152 -21.7453 3.21394 7.24994 2.70324 0 0 0 0.279683 2.06534 0.0255008 0 0 0 0 0 2.384 303 48 0 0 0
./complex_md-fit_219.pdb BC A 6.97975 31.1118 -11.0218 -8.35199 -13.9323 -22.7799 -1.17494 41.0299 -22.4154 4.19893 9.26541 2.76017 0 0 0 0.367477 2.08767 0.0108641 0 0 0 0 0 2.384 303 51 1 1 0
./complex_md-fit_21.pdb BC A 8.72762 25.9605 -8.03357 -7.75977 -13.487 -22.6575 -1.14124 40.3895 -22.6341 5.72939 7.58818 5.73113 0 0 0 0.193895 1.86045 0.0139392 0 0 0 0 0 2.384 303 50 1 1 0
./complex_md-fit_220.pdb BC A 9.00621 43.9942 -8.53506 -8.00342 -12.6624 -22.9929 -1.23302 41.4681 -23.1917 5.08995 9.37599 2.47667 0 0 0 1.09485 2.01739 0.00611081 0 0 0 0 0.036757 2.384 303 50 1 1 0
./complex_md-fit_221.pdb BC A 6.60304 37.1502 -7.91319 -7.50737 -11.7277 -23.2385 -1.09758 42.254 -23.2281 5.50015 8.95651 1.76554 0 0 0 0.399111 3.06687 0 0 0 0 0 0.0107205 2.384 303 48 1 1 0
./complex_md-fit_222.pdb BC A 6.6967 26.2069 -8.38678 -6.63397 -13.3121 -22.4468 -1.0362 40.9355 -21.9544 4.41998 9.2002 2.16192 0 0 0 0.25541 2.37069 0.0236466 0 0 0 0 0 2.384 303 47 1 1 0
./complex_md-fit_223.pdb BC A 6.86911 34.6755 -8.02635 -7.07299 -10.3275 -21.049 -1.00482 38.0934 -20.3491 3.96932 8.03157 1.38595 0 0 0 0.261304 1.9106 0.0355206 0 0 0 0 0 2.384 303 48 0 0 0
./complex_md-fit_224.pdb BC A 8.88549 37.8718 -5.0998 -6.85729 -10.901 -21.1213 -0.975719 39.421 -20.4334 6.30753 7.14429 1.83823 0 0 0 0.452632 2.39673 0.0253083 0 0 0 0 0 2.384 303 49 2 2 0
./complex_md-fit_225.pdb BC A 6.36019 34.2313 -10.8298 -5.35236 -12.8279 -22.4119 -1.15257 39.1898 -22.1461 3.76114 7.37778 2.31019 0 0 0 0.386626 2.3813 0.0245837 0 0 0 0 0.0109585 2.384 303 52 0 0 0
./complex_md-fit_226.pdb BC A 7.29508 32.7857 -8.33568 -5.35674 -12.744 -22.9652 -1.13862 41.2429 -22.8605 4.15849 7.77235 2.56896 0 0 0 0.958016 2.24453 0.0286616 0 0 0 0 0 2.384 303 48 1 1 0
./complex_md-fit_227.pdb BC A 7.16089 34.5595 -6.57146 -5.04314 -12.1812 -23.7173 -1.17018 43.1696 -23.2867 5.68542 6.74449 2.6672 0 0 0 0.521909 3.9266 0.0319148 0 0 0 0 0.00642657 2.384 303 49 1 1 0
./complex_md-fit_228.pdb BC A 7.19609 40.981 -10.1823 -6.77363 -12.6795 -22.574 -0.922615 39.952 -22.8359 5.91937 6.93759 1.7055 0 0 0 1.0625 3.02199 0.0193011 0 0 0 0 0.00709698 2.384 303 51 2 2 0
./complex_md-fit_229.pdb BC A 7.12926 37.7007 -9.67994 -8.00931 -11.6622 -23.1319 -1.14181 41.0202 -23.1608 5.61886 7.65474 2.61975 0 0 0 0.499157 2.36472 0.0133344 0 0 0 0 0 2.384 303 48 1 1 0
./complex_md-fit_22.pdb BC A 10.1859 29.4172 -11.7368 -5.73461 -12.4565 -22.2017 -0.965533 38.7135 -22.2894 3.74445 5.91362 3.27287 0 0 0 0.266517 2.41794 1.11022e-16 0 0 0 0 0 2.384 303 48 0 0 0
./complex_md-fit_230.pdb BC A 9.91785 34.0169 -7.10239 -6.83322 -13.9476 -24.0921 -1.05426 43.0069 -23.7569 7.57172 8.51259 3.23444 0 0 0 0.252067 3.72174 0.00390737 0 0 0 0 0 2.384 303 53 2 2 0
./complex_md-fit_231.pdb BC A 8.91148 32.4564 -9.41009 -6.40811 -12.5583 -21.8475 -1.12835 39.4406 -21.6968 4.03623 7.91646 2.48626 0 0 0 0.334451 3.19501 0.0149934 0 0 0 0 0 2.384 303 50 1 1 0
./complex_md-fit_232.pdb BC A 8.42868 39.5708 -2.51422 -7.31368 -9.76786 -21.719 -1.12015 39.423 -21.5727 8.51326 8.00246 2.58492 0 0 0 0.439431 1.91529 0.0130477 0 0 0 0 0.00298916 2.384 303 48 2 2 0
./complex_md-fit_233.pdb BC A 7.6478 32.4652 -8.25138 -8.0652 -11.9889 -22.6358 -1.07446 40.0489 -22.4652 6.43027 7.46853 3.4893 0 0 0 0.541213 2.00327 5.55112e-17 0 0 0 0 0 2.384 303 50 1 1 0
./complex_md-fit_234.pdb BC A 7.14071 39.4088 -9.1457 -7.85833 -12.117 -23.1947 -1.09028 40.9674 -23.216 5.34757 8.53035 2.3511 0 0 0 1.10249 2.23347 0.0241291 0 0 0 0 0.00757238 2.384 303 49 0 0 0
./complex_md-fit_235.pdb BC A 11.3213 36.2715 -12.1958 -8.82051 -13.8156 -23.8913 -1.1383 42.4979 -23.9181 5.29159 8.62391 2.63673 0 0 0 0.293046 2.10751 0.0383154 0 0 0 0 0.00663283 2.384 303 52 2 2 0
./complex_md-fit_236.pdb BC A 8.66501 35.43 -11.0891 -8.68154 -13.869 -23.6752 -1.27246 42.4029 -23.8033 6.95279 8.63356 1.77879 0 0 0 0.442653 2.50808 0 0 0 0 0 0.00175266 2.384 303 50 1 1 0
./complex_md-fit_237.pdb BC A 7.78936 37.6043 -9.58033 -7.06072 -13.0125 -22.2109 -1.08039 40.3831 -21.7123 3.2726 8.28538 3.04922 0 0 0 0.477012 2.00934 0.0291218 0 0 0 0 0 2.384 303 49 0 0 0
./complex_md-fit_238.pdb BC A 7.90557 37.662 -6.94843 -7.31113 -12.4372 -22.9787 -0.949903 41.0701 -22.7061 7.49593 8.69973 2.00429 0 0 0 0.164534 2.62254 0.000101902 0 0 0 0 0 2.384 303 46 2 2 0
./complex_md-fit_239.pdb BC A 7.27424 38.9503 -4.32623 -6.11904 -10.8711 -21.8376 -1.04802 41.1477 -21.3249 4.65644 8.62397 2.16896 0 0 0 0.242557 4.56393 0.034791 0 0 0 0 0 2.384 303 48 0 0 0
./complex_md-fit_23.pdb BC A 9.98708 32.6369 -13.3185 -8.83703 -12.3209 -22.1687 -0.841015 38.4784 -22.3063 2.5849 8.70791 3.13052 0 0 0 0.253783 3.25773 0 0 0 0 0 0 2.384 303 50 0 0 0
./complex_md-fit_240.pdb BC A 5.56453 33.0557 -5.18662 -5.80204 -11.9954 -22.3474 -0.917022 39.86 -21.9281 7.99108 8.70457 0.872449 0 0 0 0.310282 2.25755 0.02517 0 0 0 0 0.0397981 2.384 303 48 2 2 0
./complex_md-fit_241.pdb BC A 8.43525 26.717 -8.12002 -6.14175 -11.6515 -22.08 -1.16037 38.974 -21.9687 5.13235 8.28367 2.01216 0 0 0 0.476779 3.26659 0.00336995 0 0 0 0 0 2.384 303 45 0 0 0
./complex_md-fit_242.pdb BC A 9.54373 31.6059 -11.3461 -5.78477 -13.6246 -21.6262 -1.06111 38.806 -21.1946 3.40421 7.98645 1.10272 0 0 0 0.641593 2.94174 0.000250075 0 0 0 0 0.00393248 2.384 303 48 0 0 0
./complex_md-fit_243.pdb BC A 6.86379 37.5953 -15.1033 -6.3782 -14.9669 -22.3193 -1.23204 39.3627 -22.1536 2.64877 8.42823 1.25622 0 0 0 0.229266 2.83629 0.0215015 0 0 0 0 0 2.384 303 43 0 0 0
./complex_md-fit_244.pdb BC A 7.96322 35.4671 -6.26549 -6.71169 -12.5476 -22.0459 -1.22134 38.9823 -21.6505 7.46105 8.92539 2.06952 0 0 0 0.456182 2.31353 0.0169998 0 0 0 0 0 2.384 303 48 2 2 0
./complex_md-fit_245.pdb BC A 7.375 40.3474 -15.3809 -7.94756 -14.7367 -23.0863 -1.10593 40.4422 -23.1928 3.61767 9.08034 1.37007 0 0 0 0.17817 2.26347 0 0 0 0 0 0 2.384 303 49 0 0 0
./complex_md-fit_246.pdb BC A 7.65423 28.5659 -9.56164 -6.06668 -10.7477 -24.3811 -1.00379 43.3326 -24.6085 3.00204 7.81738 2.54133 0 0 0 0.532137 2.16235 0.0205906 0 0 0 0 0 2.384 303 50 0 0 0
./complex_md-fit_247.pdb BC A 9.0502 38.691 -7.76632 -5.70433 -11.184 -22.2334 -1.1444 41.6764 -22.0215 4.48126 6.97625 0.925943 0 0 0 0.461516 3.20941 0 0 0 0 0 0 2.384 303 47 0 0 0
./complex_md-fit_248.pdb BC A 8.58079 31.4062 -4.03184 -6.74243 -10.0814 -22.5409 -0.747033 41.5411 -22.0605 6.15944 7.40943 2.54217 0 0 0 0.488331 4.88543 0 0 0 0 0 0 2.384 303 46 1 1 0
./complex_md-fit_249.pdb BC A 8.68762 37.0352 -5.32072 -7.09739 -11.1074 -22.3729 -1.08655 42.5037 -21.6683 4.37457 8.47303 2.35098 0 0 0 0.306026 2.45469 0.00352119 0 0 0 0 0 2.384 303 46 1 1 0
./complex_md-fit_24.pdb BC A 8.98177 32.1392 -13.04 -7.16009 -10.5858 -22.0999 -0.805281 37.3436 -22.7037 0.996089 7.42895 4.09181 0 0 0 0.38427 2.29773 0.0700157 0 0 0 0 0 2.384 303 51 0 0 0
./complex_md-fit_250.pdb BC A 7.75822 33.7775 -8.83153 -6.80389 -12.5283 -21.7966 -1.16447 39.9898 -21.5208 4.54362 8.28172 1.63242 0 0 0 0.561874 1.93949 -0.0408666 0 0 0 0 0.0139186 2.384 303 47 0 0 0
./complex_md-fit_251.pdb BC A 8.74064 42.609 -1.00424 -7.7311 -8.90563 -23.011 -0.803095 43.9455 -21.9565 8.49503 6.59455 1.94742 0 0 0 0.420574 2.49874 0 0 0 0 0 0 2.384 303 47 1 1 0
./complex_md-fit_252.pdb BC A 7.3462 31.4838 -3.44574 -8.21708 -10.0879 -23.2052 -0.946613 43.1117 -22.4405 6.84423 8.00118 3.13462 0 0 0 0.329008 2.41623 0.030812 0 0 0 0 0 2.384 303 49 0 0 0
./complex_md-fit_253.pdb BC A 6.02757 30.2338 -2.21083 -7.17627 -10.1262 -22.3109 -0.977895 41.8179 -21.4288 7.73996 7.22657 2.77131 0 0 0 0.2487 2.32527 0 0 0 0 0 0.00483407 2.384 303 46 1 1 0
./complex_md-fit_254.pdb BC A 10.8171 27.3316 -7.85323 -7.99669 -9.67513 -21.4305 -1.07343 39.1054 -20.7881 2.68884 9.11822 1.48345 0 0 0 0.741291 3.42833 -0.0266637 0 0 0 0 0 2.384 303 44 0 0 0
./complex_md-fit_255.pdb BC A 11.1545 29.4176 -7.99996 -6.595 -10.7577 -21.1396 -1.04203 38.4105 -20.6189 3.81472 8.32929 1.26146 0 0 0 0.331096 1.83815 0 0 0 0 0 0.00621148 2.384 303 43 1 1 0
./complex_md-fit_256.pdb BC A 8.98357 37.0769 -13.4558 -7.39911 -12.7955 -21.1943 -0.858184 38.8588 -20.4826 1.81108 6.77865 1.61682 0 0 0 0.192725 2.96029 0 0 0 0 0 0.0159273 2.384 303 45 0 0 0
./complex_md-fit_257.pdb BC A 8.50613 28.7731 -9.74624 -9.07933 -11.9927 -21.937 -0.880618 41.1135 -21.2302 3.57175 8.13332 1.6819 0 0 0 0.861952 1.86277 0.0112269 0 0 0 0 0 2.384 303 43 0 0 0
./complex_md-fit_258.pdb BC A 7.57698 33.1994 -11.7043 -8.91052 -13.1066 -21.1455 -1.01922 39.7378 -20.0474 2.81042 8.66901 1.06929 0 0 0 0.231443 1.9512 0 0 0 0 0 0.00703478 2.384 303 44 0 0 0
./complex_md-fit_259.pdb BC A 7.35299 43.6482 -3.0892 -5.4999 -10.5326 -21.9453 -1.06207 42.137 -21.5703 6.01 7.59411 0.992603 0 0 0 0.774249 1.88948 0.0128837 0 0 0 0 0 2.384 303 44 1 1 0
./complex_md-fit_25.pdb BC A 8.53974 22.6927 -10.6637 -6.95158 -12.9728 -23.1816 -1.05452 40.0145 -23.3426 4.91021 7.954 3.69137 0 0 0 0.237103 2.56758 0.0321352 0 0 0 0 0 2.384 303 49 2 2 0
./complex_md-fit_260.pdb BC A 10.8609 33.9596 -4.16562 -6.84616 -10.3382 -22.4244 -1.12999 40.7802 -22.2502 7.55131 8.30526 2.0075 0 0 0 0.179019 1.83553 0 0 0 0 0 0 2.384 303 47 1 1 0
./complex_md-fit_261.pdb BC A 8.37393 36.0339 -13.9571 -8.35548 -12.3523 -22.7911 -1.03421 40.0298 -23.1307 3.30114 9.43301 0.505852 0 0 0 0.415008 3.57103 0.0219501 0 0 0 0 0 2.384 303 45 0 0 0
./complex_md-fit_262.pdb BC A 7.93524 37.4571 -3.90571 -6.44577 -10.0312 -22.9671 -1.01841 43.0118 -22.7852 6.15178 8.16756 1.6322 0 0 0 0.410176 2.28823 -0.0314334 0 0 0 0 0 2.384 303 48 0 0 0
./complex_md-fit_263.pdb BC A 7.38116 38.1066 -10.9507 -7.83687 -13.0667 -22.2599 -1.25246 41.0917 -21.8977 3.68626 7.97238 1.90462 0 0 0 0.679847 2.30041 0 0 0 0 0 0.0280958 2.384 303 46 0 0 0
./complex_md-fit_264.pdb BC A 9.2132 39.4055 -4.30934 -6.7522 -9.01937 -22.8232 -1.10286 41.7554 -22.6275 4.88252 8.69657 1.75277 0 0 0 0.903542 2.05534 0.0250305 0 0 0 0 0 2.384 303 47 0 0 0
./complex_md-fit_265.pdb BC A 10.9412 32.016 -11.9403 -7.82679 -12.2655 -22.9828 -1.18169 41.6672 -22.9519 3.70634 8.03993 1.60265 0 0 0 0.225366 2.71401 0.0189275 0 0 0 0 0.00802256 2.384 303 46 0 0 0
./complex_md-fit_266.pdb BC A 10.2096 31.6618 -8.17528 -8.17818 -10.0942 -22.6935 -0.987563 42.1322 -22.5407 4.78705 6.45951 2.52476 0 0 0 0.373646 2.18191 0 0 0 0 0 0.0417914 2.384 303 47 2 2 0
./complex_md-fit_267.pdb BC A 7.18305 37.1537 -11.5466 -8.02963 -13.1496 -22.5095 -1.06513 40.2569 -21.8955 3.59082 7.63288 2.4009 0 0 0 1.19587 1.98587 0.0255162 0 0 0 0 0 2.384 303 48 0 0 0
./complex_md-fit_268.pdb BC A 7.66036 38.2679 -13.6518 -9.05171 -12.2576 -22.7378 -1.05618 40.1967 -22.6182 4.45028 8.03855 0.768738 0 0 0 0.591171 2.22536 0.0242152 0 0 0 0 0 2.384 303 50 1 1 0
./complex_md-fit_269.pdb BC A 12.1673 33.8361 -4.10449 -6.39467 -11.1923 -22.7747 -1.08142 42.8674 -22.2602 6.68155 8.25684 1.1664 0 0 0 0.650853 2.49271 -0.024193 0 0 0 0 0 2.384 303 48 2 2 0
./complex_md-fit_26.pdb BC A 8.27247 33.5424 -10.5899 -6.98647 -10.0984 -22.1152 -0.835764 37.235 -22.42 4.81392 6.69442 2.66637 0 0 0 0.428488 2.24739 0.027779 0 0 0 0 0 2.384 303 49 0 0 0
./complex_md-fit_270.pdb BC A 9.57348 34.1652 -10.2695 -6.95988 -10.3815 -22.8865 -0.857017 40.198 -23.2038 4.82502 6.51608 2.00013 0 0 0 0.500959 1.90247 -0.0210191 0 0 0 0 0 2.384 303 49 0 0 0
./complex_md-fit_271.pdb BC A 6.16735 32.1851 -7.52635 -6.64051 -11.3954 -23.4674 -1.20964 44.3635 -23.152 3.6128 7.4765 2.19261 0 0 0 0.671265 2.19414 0.0213618 0 0 0 0 0.000565626 2.384 303 54 1 1 0
./complex_md-fit_272.pdb BC A 6.9887 30.2837 -7.99451 -5.89793 -10.366 -22.5543 -0.950446 40.7367 -22.178 3.3919 7.6971 1.84495 0 0 0 0.28152 1.98343 0 0 0 0 0 0 2.384 303 52 0 0 0
./complex_md-fit_273.pdb BC A 7.23213 34.8459 -14.3976 -7.87049 -13.8786 -23.4971 -1.14358 40.266 -23.4347 4.50445 6.86852 3.15125 0 0 0 0.602267 2.95398 0.0342767 0 0 0 0 0 2.384 303 53 1 1 0
./complex_md-fit_274.pdb BC A 7.08172 37.068 -11.13 -6.27815 -11.7136 -22.2692 -1.11828 40.8239 -21.9 3.47838 6.09331 1.42682 0 0 0 0.273335 3.05892 0 0 0 0 0 0.053597 2.384 303 53 1 1 0
./complex_md-fit_275.pdb BC A 8.04796 29.3085 -12.827 -7.28746 -12.6927 -21.8411 -0.983097 39.7598 -21.5382 3.90049 6.11834 1.56838 0 0 0 0.156397 3.12684 0.00269596 0 0 0 0 0.00954232 2.384 303 45 0 0 0
./complex_md-fit_276.pdb BC A 8.50667 28.0579 -9.34974 -5.72788 -9.37353 -22.5912 -1.04482 40.7248 -22.3642 3.35066 6.28406 1.10013 0 0 0 0.292206 1.96378 1.38778e-17 0 0 0 0 0 2.384 303 47 0 0 0
./complex_md-fit_277.pdb BC A 6.89873 35.2798 -9.31752 -6.54055 -9.63206 -22.8432 -0.935155 41.6212 -22.8954 3.86027 5.87533 1.84609 0 0 0 0.301619 2.09637 0.0243034 0 0 0 0 0 2.384 303 49 0 0 0
./complex_md-fit_278.pdb BC A 9.13812 25.8597 -6.53519 -5.64728 -10.0087 -22.8893 -0.93414 40.873 -22.9355 4.80787 7.61428 2.20875 0 0 0 0.343359 2.23367 0.032502 0 0 0 0 0 2.384 303 50 0 0 0
./complex_md-fit_279.pdb BC A 7.89094 37.4194 -11.7579 -5.11907 -12.6924 -21.8969 -1.05222 38.9866 -21.8503 3.33574 6.17078 2.15927 0 0 0 0.200612 2.88701 0 0 0 0 0 0 2.384 303 46 1 1 0
./complex_md-fit_27.pdb BC A 7.54257 31.9836 -10.4879 -6.98244 -9.46848 -21.8947 -0.67584 38.0975 -21.9034 4.32671 4.90413 2.72247 0 0 0 0.386121 2.46108 0 0 0 0 0 0 2.384 303 54 0 0 0
./complex_md-fit_280.pdb BC A 7.38795 38.6732 -8.54913 -7.18765 -7.61751 -21.4164 -0.922923 38.6157 -21.4193 1.59331 7.22275 2.25838 0 0 0 0.324486 3.01969 0 0 0 0 0 0 2.384 303 45 0 0 0
./complex_md-fit_281.pdb BC A 8.0411 35.8864 -6.15585 -5.69531 -6.83803 -21.0002 -0.757642 36.9342 -20.8392 3.30603 6.19235 2.17096 0 0 0 0.371107 1.64726 -6.93889e-18 0 0 0 0 0 2.384 303 45 0 0 0
./complex_md-fit_282.pdb BC A 7.89755 28.2064 -9.82267 -7.25472 -12.1956 -23.4052 -1.00163 42.0016 -23.488 5.60292 7.5054 1.88718 0 0 0 0.536368 2.20477 -0.0110396 0 0 0 0 0 2.384 303 50 0 0 0
./complex_md-fit_283.pdb BC A 7.32074 33.9951 -13.9842 -7.42503 -12.5994 -22.4347 -0.934496 37.8564 -22.5847 4.43853 6.94223 2.33987 0 0 0 0.395946 3.17598 0.0211477 0 0 0 0 0 2.384 303 50 0 0 0
./complex_md-fit_284.pdb BC A 7.21506 30.8302 -13.5051 -7.8618 -11.5893 -24.7434 -0.960823 43.695 -24.8039 4.60722 6.55473 1.34659 0 0 0 0.250532 2.16745 0 0 0 0 0 0 2.384 303 52 2 2 0
./complex_md-fit_285.pdb BC A 8.44416 40.5754 -8.3096 -7.40241 -10.9171 -22.304 -1.06054 40.3199 -22.2734 5.36903 7.90185 1.66171 0 0 0 0.366609 2.03155 0.0169191 0 0 0 0 0.0118317 2.384 303 48 1 1 0
./complex_md-fit_286.pdb BC A 7.09226 32.0569 -11.5798 -8.03929 -11.0614 -22.6947 -1.10263 40.928 -22.3687 3.28271 8.4303 0.840548 0 0 0 0.1851 2.43018 0.020282 0 0 0 0 0 2.384 303 49 0 0 0
./complex_md-fit_287.pdb BC A 5.7845 42.6858 -10.9079 -5.87994 -12.677 -23.1034 -0.997414 40.9368 -23.1719 4.42189 7.51599 1.7865 0 0 0 0.234976 3.5272 0.0256057 0 0 0 0 0 2.384 303 49 0 0 0
./complex_md-fit_288.pdb BC A 6.90938 30.2029 -19.7727 -8.4222 -13.6547 -23.2653 -0.836229 39.7861 -23.5584 1.52838 7.14499 1.3204 0 0 0 0.161699 2.50284 0.0225602 0 0 0 0 0 2.384 303 49 0 0 0
./complex_md-fit_289.pdb BC A 6.05953 36.8361 -9.34386 -6.64359 -10.3077 -23.8881 -0.954239 42.2959 -24.2751 3.35793 8.20156 2.35053 0 0 0 0.53624 3.73104 -0.0173441 0 0 0 0 0 2.384 303 52 0 0 0
./complex_md-fit_28.pdb BC A 9.10855 33.8627 -10.2356 -7.27739 -9.93946 -21.377 -0.803862 35.3598 -21.6145 5.99024 5.94813 3.23213 0 0 0 0.246273 2.21167 0 0 0 0 0 0 2.384 303 48 1 1 0
./complex_md-fit_290.pdb BC A 7.72358 33.6113 -6.74656 -6.25143 -9.95774 -22.6946 -0.954918 40.8599 -22.6731 5.90588 6.45857 2.1926 0 0 0 0.368263 3.52357 0 0 0 0 0 0 2.384 303 50 1 1 0
./complex_md-fit_291.pdb BC A 7.53052 27.4215 -8.93069 -7.13893 -13.0278 -23.3638 -1.07153 40.7371 -23.2675 8.67081 7.90164 1.50053 0 0 0 0.128767 3.50919 0 0 0 0 0 0 2.384 303 51 1 1 0
./complex_md-fit_292.pdb BC A 10.393 44.32 -12.1629 -8.85717 -10.9853 -24.9871 -0.883298 44.413 -25.2854 3.94474 8.27136 1.5709 0 0 0 0.649761 2.30225 -0.0144776 0 0 0 0 0 2.384 303 53 0 0 0
./complex_md-fit_293.pdb BC A 9.88824 30.5315 -10.9155 -7.86414 -12.1557 -24.4929 -1.02599 44.339 -24.391 5.79031 6.62579 1.70216 0 0 0 0.584545 3.57886 -0.0276858 0 0 0 0 0 2.384 303 53 0 0 0
./complex_md-fit_294.pdb BC A 7.85028 32.7855 -11.3125 -6.98289 -12.1001 -22.5267 -0.775844 39.6502 -22.4856 4.20485 7.81132 1.59497 0 0 0 0.324479 2.21017 -0.0272346 0 0 0 0 0 2.384 303 49 0 0 0
./complex_md-fit_295.pdb BC A 7.02342 31.5729 -15.2473 -8.57348 -13.8408 -23.8515 -1.07743 41.207 -23.7867 6.09664 6.5166 1.60853 0 0 0 0.461513 3.5674 -0.012838 0 0 0 0 0.00521433 2.384 303 47 2 2 0
./complex_md-fit_296.pdb BC A 6.24135 33.6016 -5.02458 -5.4695 -11.437 -23.4573 -1.10597 42.4797 -23.7013 9.17629 6.73593 1.54064 0 0 0 0.207305 2.80316 0.00670593 0 0 0 0 0 2.384 303 50 2 2 0
./complex_md-fit_297.pdb BC A 6.85178 36.304 -7.49095 -5.4844 -9.28047 -24.2826 -0.906261 43.0562 -24.3149 4.97733 5.70126 2.4508 0 0 0 0.570842 2.51574 0.0138482 0 0 0 0 0.00738875 2.384 303 54 0 0 0
./complex_md-fit_298.pdb BC A 8.9041 34.9471 -13.2735 -7.53384 -12.2902 -22.4789 -0.920228 39.3558 -22.707 2.36972 7.78569 2.67893 0 0 0 0.4413 3.3073 0.0253323 0 0 0 0 0 2.384 303 47 0 0 0
./complex_md-fit_299.pdb BC A 8.90452 34.7833 -10.7916 -7.072 -10.9946 -22.9505 -1.05753 40.4628 -23.2599 4.16748 6.93495 2.51704 0 0 0 0.460751 2.14434 0 0 0 0 0 0 2.384 303 45 0 0 0
./complex_md-fit_29.pdb BC A 7.13371 37.2433 -8.72498 -6.35528 -8.89905 -22.2089 -0.844751 37.3311 -22.7289 4.17806 5.55768 4.70391 0 0 0 0.490818 2.3819 0.0502917 0 0 0 0 0 2.384 303 47 1 1 0
./complex_md-fit_2.pdb BC A 7.78528 33.7841 -9.78529 -7.84022 -11.9426 -24.2231 -0.802903 42.9015 -23.3741 6.85114 6.67551 1.80318 0 0 0 0.13714 3.28292 0.0291559 0 0 0 0 0 2.384 303 51 1 1 0
./complex_md-fit_300.pdb BC A 7.39219 34.6883 -12.7834 -6.17939 -11.9491 -22.618 -0.975132 40.0075 -22.3638 2.51032 6.90254 1.35223 0 0 0 0.528293 3.24978 0.00106789 0 0 0 0 0 2.384 303 45 0 0 0
./complex_md-fit_301.pdb BC A 6.22574 37.3891 -8.00773 -8.03976 -10.9285 -22.1058 -1.02154 39.3463 -22.0029 5.52574 8.95789 1.75549 0 0 0 0.505408 3.2735 -1.11022e-16 0 0 0 0 0 2.384 303 45 1 1 0
./complex_md-fit_302.pdb BC A 8.94992 34.1026 -10.5408 -7.25474 -11.6799 -21.6918 -0.919807 38.7943 -21.3029 3.6715 7.89624 1.68411 0 0 0 0.262184 2.64616 0 0 0 0 0 0 2.384 303 46 0 0 0
./complex_md-fit_303.pdb BC A 7.5571 31.9871 -12.1068 -6.94316 -11.6518 -23.9932 -0.800553 41.1056 -24.4478 4.03249 7.93514 2.04949 0 0 0 0.58322 2.25414 0.020407 0 0 0 0 0.00336873 2.384 303 46 0 0 0
./complex_md-fit_304.pdb BC A 8.31905 32.8164 -4.04455 -5.15422 -8.48337 -23.4711 -0.884643 42.6478 -23.3205 4.76157 7.13223 2.37985 0 0 0 0.335323 2.34641 -0.0092819 0 0 0 0 0.0218471 2.384 303 47 0 0 0
./complex_md-fit_305.pdb BC A 7.83294 36.6749 -9.47251 -7.47714 -13.0591 -23.3452 -1.19984 40.7283 -23.4542 5.93099 9.98947 2.06563 0 0 0 0.341794 2.0578 0.00677178 0 0 0 0 0 2.384 303 49 1 1 0
./complex_md-fit_306.pdb BC A 8.69002 30.5353 -5.3967 -7.45685 -13.2711 -23.4617 -1.01216 42.8214 -23.3239 8.29945 9.51434 2.32094 0 0 0 0.187412 3.33975 -0.014565 0 0 0 0 0 2.384 303 48 1 1 0
./complex_md-fit_307.pdb BC A 8.83022 33.9959 -9.37729 -8.79991 -12.5977 -23.327 -0.97038 42.2616 -22.9307 5.10042 8.89499 2.67551 0 0 0 0.325208 1.80702 -0.00935796 0 0 0 0 0 2.384 303 47 0 0 0
./complex_md-fit_308.pdb BC A 7.33885 32.8741 -12.3403 -7.42455 -12.9279 -22.7804 -1.0505 40.4683 -22.5159 4.74454 7.33887 1.41335 0 0 0 0.393805 2.49106 0 0 0 0 0 0 2.384 303 48 0 0 0
./complex_md-fit_309.pdb BC A 7.52623 33.4211 -9.34932 -7.13917 -10.7923 -21.9855 -0.969668 39.9097 -21.9095 2.72735 6.83319 2.9489 0 0 0 1.07268 2.33944 -0.0450215 0 0 0 0 0 2.384 303 50 0 0 0
./complex_md-fit_30.pdb BC A 9.71085 28.3897 -6.66847 -6.50671 -8.42517 -22.5287 -0.891321 38.7366 -22.9943 5.12498 6.15355 4.38255 0 0 0 0.27547 2.29515 0 0 0 0 0 0.00459535 2.384 303 49 1 1 0
./complex_md-fit_310.pdb BC A 10.5031 30.5644 -7.4732 -7.21289 -11.7141 -23.249 -1.12101 42.693 -23.1271 5.59973 7.57704 2.81447 0 0 0 0.265813 2.49301 0 0 0 0 0 0.000895198 2.384 303 52 0 0 0
./complex_md-fit_311.pdb BC A 7.15282 32.5187 -9.32445 -6.34985 -10.2558 -22.1241 -0.66477 39.3821 -22.218 2.12502 7.95024 2.50275 0 0 0 0.328 2.0003 6.93889e-18 0 0 0 0 0 2.384 303 46 0 0 0
./complex_md-fit_312.pdb BC A 7.54443 29.5874 -8.73967 -6.049 -11.6479 -24.0057 -0.849701 41.5412 -24.2581 5.73243 7.88293 2.52045 0 0 0 0.393709 3.33026 0 0 0 0 0 0 2.384 303 48 1 1 0
./complex_md-fit_313.pdb BC A 8.19074 36.3763 -9.55048 -6.52798 -10.1372 -21.3085 -0.860501 36.5485 -20.9758 4.02744 7.29542 1.82168 0 0 0 0.547532 1.89449 0.0189225 0 0 0 0 0 2.384 303 46 0 0 0
./complex_md-fit_314.pdb BC A 8.9372 40.0581 -3.28678 -5.12695 -10.5954 -23.91 -0.806885 46.8048 -23.2436 3.31162 7.15222 2.44321 0 0 0 0.723314 3.36377 -0.039136 0 0 0 0 0 2.384 303 48 0 0 0
./complex_md-fit_315.pdb BC A 10.4879 33.4536 -6.07567 -7.39157 -9.6621 -23.674 -0.861589 44.6538 -23.5913 3.44045 7.91107 2.79632 0 0 0 0.292643 2.14928 0.0106866 0 0 0 0 0 2.384 303 50 0 0 0
./complex_md-fit_316.pdb BC A 8.25161 35.6337 -9.86107 -5.75499 -13.804 -25.1796 -0.896005 46.9026 -24.7035 3.31201 6.77301 2.09328 0 0 0 1.38886 4.34822 0.00717282 0 0 0 0 0 2.384 303 52 0 0 0
./complex_md-fit_317.pdb BC A 7.99132 24.8334 -9.23119 -7.66342 -15.0411 -23.9074 -1.02252 44.0475 -23.4441 3.64955 10.7802 3.03349 0 0 0 0.336545 2.48022 0 0 0 0 0 0 2.384 303 50 0 0 0
./complex_md-fit_318.pdb BC A 10.2354 30.676 -0.618467 -6.11383 -11.0033 -24.7124 -1.13051 45.7273 -24.7327 10.1573 8.3929 2.64778 0 0 0 0.138461 3.27196 0.00448816 0 0 0 0 0.00599593 2.384 303 51 1 1 0
./complex_md-fit_319.pdb BC A 7.70493 32.5534 -14.1197 -7.34639 -11.7814 -23.5232 -1.02116 41.3063 -24.0373 4.36553 5.65493 1.42691 0 0 0 0.810207 3.86399 0.0195977 0 0 0 0 0.00633324 2.384 303 50 0 0 0
./complex_md-fit_31.pdb BC A 7.2712 26.5114 -7.49265 -6.14971 -9.30976 -21.7648 -1.01158 37.9078 -22.1196 4.98624 6.84671 2.95797 0 0 0 0.164006 2.13427 -5.55112e-17 0 0 0 0 0 2.384 303 50 1 1 0
./complex_md-fit_320.pdb BC A 9.29476 35.222 -10.5524 -6.36301 -10.7371 -23.686 -0.853992 41.8873 -23.6504 3.97896 6.39411 1.8093 0 0 0 0.645121 3.85847 0.000270922 0 0 0 0 0.0231038 2.384 303 49 0 0 0
./complex_md-fit_321.pdb BC A 6.22428 26.6477 -18.9154 -10.7465 -13.0986 -25.1258 -1.01216 43.3305 -25.4979 2.91621 8.02608 2.05826 0 0 0 0.269631 2.48287 -0.0351115 0 0 0 0 0 2.384 303 51 0 0 0
./complex_md-fit_322.pdb BC A 9.08493 38.3391 -7.19785 -7.03381 -9.6281 -25.1173 -0.895725 45.645 -25.4518 6.54783 5.46066 3.12112 0 0 0 0.119098 2.51172 0.0162736 0 0 0 0 0.0188912 2.384 303 51 0 0 0
./complex_md-fit_323.pdb BC A 8.65125 33.1317 -10.4757 -7.06664 -11.262 -24.9838 -0.793683 43.8712 -25.355 7.22546 5.66895 1.9859 0 0 0 0.243032 4.00266 -0.0137179 0 0 0 0 0.00470631 2.384 303 50 1 1 0
./complex_md-fit_324.pdb BC A 9.57555 29.5246 -12.5913 -8.46643 -12.5079 -23.4087 -0.9991 42.2981 -24.0481 3.30037 7.59176 2.62249 0 0 0 1.01274 2.85013 -0.0162543 0 0 0 0 0.0297529 2.384 303 50 0 0 0
./complex_md-fit_325.pdb BC A 7.94374 28.7001 -11.4213 -7.15692 -9.26137 -24.4517 -0.935123 42.3758 -24.7287 4.34516 6.01319 2.21091 0 0 0 0.161503 2.1724 0 0 0 0 0 0.00594721 2.384 303 47 0 0 0
./complex_md-fit_326.pdb BC A 9.66172 31.5965 -13.3184 -9.16824 -11.3896 -24.7625 -0.807873 42.664 -25.2668 5.04006 7.02849 3.08185 0 0 0 0.265766 2.52323 -0.00980666 0 0 0 0 0.00617844 2.384 303 47 0 0 0
./complex_md-fit_327.pdb BC A 9.74905 28.7919 -10.6972 -7.75269 -10.9603 -22.9783 -0.918108 41.3996 -23.0747 4.45646 5.66291 2.91068 0 0 0 0.529271 1.7606 0.0206522 0 0 0 0 0.00728811 2.384 303 49 0 0 0
./complex_md-fit_328.pdb BC A 9.98608 33.2279 -13.0014 -7.78551 -14.4769 -23.0235 -0.966961 41.4118 -22.785 3.66749 8.22003 2.05558 0 0 0 0.694744 2.18464 -0.0131772 0 0 0 0 0 2.384 303 49 0 0 0
./complex_md-fit_329.pdb BC A 7.89813 38.3516 -7.18395 -6.78438 -9.61561 -22.7762 -0.927459 40.8896 -22.7114 4.87603 7.01664 2.36628 0 0 0 0.497721 2.09676 -0.0151903 0 0 0 0 0 2.384 303 46 1 1 0
./complex_md-fit_32.pdb BC A 7.06515 32.8665 -8.23939 -7.61749 -11.6508 -22.7403 -0.808424 38.9702 -22.5431 5.10693 8.43841 4.2032 0 0 0 0.40196 2.46975 0 0 0 0 0 0 2.384 303 47 0 0 0
./complex_md-fit_330.pdb BC A 6.96995 33.0642 -13.1496 -8.3766 -14.5885 -23.1189 -1.10887 42.3133 -22.588 3.18537 8.72512 2.20453 0 0 0 0.191409 3.31238 0.0114962 0 0 0 0 0 2.384 303 48 0 0 0
./complex_md-fit_331.pdb BC A 10.186 34.8242 -8.24945 -5.75411 -12.2692 -23.7383 -1.01188 43.069 -23.6355 4.3629 7.54172 3.0175 0 0 0 0.183353 3.24805 -0.0149666 0 0 0 0 0 2.384 303 44 0 0 0
./complex_md-fit_332.pdb BC A 8.96435 30.8939 -4.05259 -6.71524 -12.4649 -21.9891 -1.14486 40.4879 -21.0303 7.28445 8.60164 2.59405 0 0 0 0.299281 1.91937 0 0 0 0 0 0.0245107 2.384 303 47 2 2 0
./complex_md-fit_333.pdb BC A 7.03213 30.701 -10.312 -7.91548 -11.3639 -22.0439 -0.936349 39.0668 -21.5677 4.82596 7.46767 1.74564 0 0 0 0.395318 2.48556 0.00801884 0 0 0 0 0.00605412 2.384 303 44 0 0 0
./complex_md-fit_334.pdb BC A 6.09143 36.0408 -12.913 -9.54373 -12.2719 -23.8021 -1.0573 42.5308 -23.0833 5.02261 6.97988 1.77308 0 0 0 0.549534 2.36063 -0.0105567 0 0 0 0 0 2.384 303 44 0 0 0
./complex_md-fit_335.pdb BC A 7.29067 31.7962 -14.4214 -9.19387 -13.2761 -24.3955 -1.0836 42.3633 -24.1246 4.62296 7.35044 2.82836 0 0 0 0.479461 2.01617 0.00776027 0 0 0 0 0 2.384 303 55 0 0 0
./complex_md-fit_336.pdb BC A 8.65595 38.3148 -10.1907 -6.68796 -12.1253 -22.9415 -0.9773 41.1656 -22.5483 4.22461 7.22374 2.09438 0 0 0 0.395466 3.53428 -0.014167 0 0 0 0 0 2.384 303 46 0 0 0
./complex_md-fit_337.pdb BC A 6.97905 29.8462 -6.31416 -5.73316 -10.1023 -23.5933 -0.906428 42.3982 -23.254 5.04583 7.28227 2.33254 0 0 0 0.228542 3.14785 -0.0123833 0 0 0 0 0 2.384 303 51 0 0 0
./complex_md-fit_338.pdb BC A 9.41741 36.979 -9.7867 -8.12064 -12.3029 -24.2367 -0.894837 42.6073 -23.7169 6.25482 6.84079 3.51064 0 0 0 0.263942 2.50411 0.00778675 0 0 0 0 0 2.384 303 45 1 1 0
./complex_md-fit_339.pdb BC A 9.87679 35.439 -6.35092 -6.52908 -9.00473 -23.1842 -0.82677 41.2565 -22.9472 6.27503 6.21399 2.10903 0 0 0 0.296348 2.73961 -0.00986346 0 0 0 0 0 2.384 303 45 1 1 0
./complex_md-fit_33.pdb BC A 7.48451 41.0426 -4.79106 -6.40684 -9.62411 -23.1281 -1.01317 42.1767 -22.6755 3.91466 7.7321 2.84648 0 0 0 1.35094 2.4771 0.0357692 0 0 0 0 0 2.384 303 50 0 0 0
./complex_md-fit_340.pdb BC A 8.05575 33.3392 -3.75261 -5.50596 -10.296 -22.7619 -0.918979 41.378 -22.4777 7.47318 6.20195 2.80158 0 0 0 0.324238 3.14018 0.021509 0 0 0 0 0.0075374 2.384 303 49 0 0 0
./complex_md-fit_341.pdb BC A 7.2829 25.4115 -13.1544 -9.04439 -13.8104 -23.8621 -0.930449 43.2945 -23.9517 4.35203 7.64699 3.00179 0 0 0 0.166028 4.01405 -0.0167382 0 0 0 0 0 2.384 303 48 1 1 0
./complex_md-fit_342.pdb BC A 7.48557 30.7251 -2.05222 -5.91438 -9.07681 -22.8997 -1.03583 41.8485 -22.6888 8.45035 7.07074 1.83252 0 0 0 0.366274 1.84793 -0.00500851 0 0 0 0 0 2.384 303 49 1 1 0
./complex_md-fit_343.pdb BC A 7.10157 32.8071 -17.5146 -7.90629 -13.6793 -25.0225 -0.938785 42.8159 -25.7065 4.41538 6.05415 2.28284 0 0 0 0.18559 3.88313 -0.0244733 0 0 0 0 0.00937466 2.384 303 51 0 0 0
./complex_md-fit_344.pdb BC A 9.16858 38.9899 -18.0357 -10.7167 -14.8233 -24.9503 -0.873599 43.3122 -24.846 3.52439 9.01173 1.79694 0 0 0 0.505013 2.16443 0.0239352 0 0 0 0 0 2.384 303 47 0 0 0
./complex_md-fit_345.pdb BC A 10.1163 36.9441 -8.797 -6.93744 -10.3514 -23.2688 -0.819493 41.3782 -23.1748 5.81599 6.18874 2.17389 0 0 0 0.198048 3.03481 0 0 0 0 0 0 2.384 303 47 0 0 0
./complex_md-fit_346.pdb BC A 6.50911 29.2104 -13.9774 -8.27122 -13.9425 -23.3041 -0.981298 42.2482 -22.6984 2.60652 7.37732 2.66326 0 0 0 0.340569 3.02121 -0.0157552 0 0 0 0 0 2.384 303 51 0 0 0
./complex_md-fit_347.pdb BC A 8.08359 37.0797 -7.3763 -5.28133 -10.805 -24.4347 -0.949461 44.6288 -24.3113 5.67175 6.40537 1.46796 0 0 0 0.245261 3.2206 -0.0136888 0 0 0 0 0 2.384 303 51 0 0 0
./complex_md-fit_348.pdb BC A 7.33562 27.9955 -7.42644 -5.55146 -11.2218 -24.1094 -0.965473 43.8084 -23.6317 5.13311 6.79547 1.83504 0 0 0 0.486334 4.21174 -0.00496435 0 0 0 0 0 2.384 303 49 0 0 0
./complex_md-fit_349.pdb BC A 6.98334 37.0454 -12.0036 -7.77488 -13.3683 -24.4707 -0.917893 43.4056 -24.0357 5.54549 6.89753 2.37125 0 0 0 0.326355 2.94205 0 0 0 0 0 0.0177637 2.384 303 50 0 0 0
./complex_md-fit_34.pdb BC A 7.52764 31.3037 -8.43111 -6.12203 -10.0591 -22.8761 -0.84787 40.0105 -22.748 3.73371 7.55753 2.45028 0 0 0 0.461779 2.79114 0.0082488 0 0 0 0 0 2.384 303 52 0 0 0
./complex_md-fit_350.pdb BC A 6.16146 33.3305 -12.7455 -7.68693 -11.4273 -23.9803 -1.04203 40.7913 -24.0338 4.82266 7.22013 2.13528 0 0 0 0.406875 3.73957 0.0257821 0 0 0 0 0.0226871 2.384 303 44 1 1 0
./complex_md-fit_351.pdb BC A 7.15327 39.6353 -8.3128 -6.68184 -11.0617 -23.4613 -0.880452 42.7499 -22.4462 5.3785 6.02154 1.41204 0 0 0 0.630164 1.94588 -0.0102504 0 0 0 0 0.0367248 2.384 303 46 1 1 0
./complex_md-fit_352.pdb BC A 6.20212 38.5706 -7.67898 -6.90214 -9.99992 -23.769 -1.02997 43.6096 -23.185 5.31159 5.72215 2.17206 0 0 0 0.34371 3.55846 0.0106545 0 0 0 0 0.0372602 2.384 303 46 1 1 0
./complex_md-fit_353.pdb BC A 10.1425 40.6267 -13.5017 -7.41227 -12.9209 -24.8786 -1.10651 43.7033 -24.4669 4.19282 6.92334 1.87366 0 0 0 0.597546 2.16222 -0.0108495 0 0 0 0 0.00363337 2.384 303 48 0 0 0
./complex_md-fit_354.pdb BC A 8.11942 38.5054 -12.5534 -8.4487 -12.681 -24.8942 -1.00455 44.5028 -24.4981 4.77715 7.02775 2.01589 0 0 0 0.623792 2.45918 0.0257569 0 0 0 0 0 2.384 303 48 0 0 0
./complex_md-fit_355.pdb BC A 5.63684 28.9849 -6.63246 -4.99112 -10.2167 -23.0069 -0.795453 40.4946 -23.3583 5.37739 7.17326 2.27453 0 0 0 0.416181 2.04669 0 0 0 0 0 0 2.384 303 45 0 0 0
./complex_md-fit_356.pdb BC A 8.41384 29.3117 -10.7669 -7.86057 -11.7071 -22.4329 -0.922328 40.8692 -21.8523 1.88528 7.90713 2.5555 0 0 0 0.773776 3.22185 0.0117131 0 0 0 0 0.00571413 2.384 303 49 0 0 0
./complex_md-fit_357.pdb BC A 5.93129 32.7178 -9.86864 -7.60166 -11.7622 -23.2879 -1.08889 42.1203 -23.3462 4.68337 7.37849 2.52627 0 0 0 0.476052 2.80214 0.0253992 0 0 0 0 0.00829564 2.384 303 49 2 2 0
./complex_md-fit_358.pdb BC A 7.38094 36.4668 -10.405 -7.42323 -12.6502 -25.0724 -0.963477 44.8501 -24.5399 5.36778 7.35826 2.24186 0 0 0 0.398472 3.79946 0 0 0 0 0 0.0277576 2.384 303 49 2 2 0
./complex_md-fit_359.pdb BC A 9.50378 33.3581 -13.6731 -8.29952 -14.0623 -24.7193 -0.898681 44.4231 -23.9533 4.08 6.64939 2.24768 0 0 0 0.873947 2.80803 -0.0328254 0 0 0 0 0.0185819 2.384 303 46 0 0 0
./complex_md-fit_35.pdb BC A 9.21059 29.5462 -7.70103 -6.06099 -11.1277 -24.3427 -0.971509 42.2041 -24.6642 5.05726 8.27676 3.68852 0 0 0 0.239492 2.49203 0 0 0 0 0 0 2.384 303 51 0 0 0
./complex_md-fit_360.pdb BC A 7.46136 35.1737 -8.20326 -8.18117 -14.0169 -23.7836 -0.848931 43.1551 -23.2703 7.14472 7.70407 3.5797 0 0 0 0.313993 2.60019 0 0 0 0 0 0 2.384 303 51 1 1 0
./complex_md-fit_361.pdb BC A 10.278 37.7704 -11.1011 -8.27044 -12.4252 -24.0886 -0.941064 42.0625 -23.4905 5.78876 6.42529 3.55331 0 0 0 0.319515 2.36713 -0.0415623 0 0 0 0 0.00694249 2.384 303 50 0 0 0
./complex_md-fit_362.pdb BC A 8.20505 28.5825 -7.43767 -7.3833 -10.298 -22.783 -0.863219 40.4514 -22.3908 4.81885 7.15679 2.895 0 0 0 0.983513 2.14223 -0.0249231 0 0 0 0 0 2.384 303 50 1 1 0
./complex_md-fit_363.pdb BC A 8.84968 33.5736 -13.3755 -7.55528 -13.7829 -24.1498 -1.13001 42.7671 -23.439 3.21107 6.79421 2.82128 0 0 0 1.0878 3.47797 0 0 0 0 0 0 2.384 303 50 0 0 0
./complex_md-fit_364.pdb BC A 9.79923 35.6607 -10.7585 -6.38136 -13.5809 -23.5033 -0.965089 42.2992 -22.8538 5.12266 7.67838 1.19882 0 0 0 0.268822 3.48293 -0.0419838 0 0 0 0 0 2.384 303 48 0 0 0
./complex_md-fit_365.pdb BC A 7.57109 39.0784 -9.03342 -5.45033 -15.0755 -24.1745 -1.18287 44.166 -23.7383 5.48253 8.84453 1.89025 0 0 0 0.205436 4.61392 -0.00070553 0 0 0 0 0 2.384 303 45 2 2 0
./complex_md-fit_366.pdb BC A 7.11038 27.7908 -15.274 -8.45179 -14.094 -23.4853 -1.03234 40.3506 -22.9824 4.93009 6.7122 2.4755 0 0 0 0.284909 2.24324 0.0185252 0 0 0 0 0 2.384 303 47 2 2 0
./complex_md-fit_367.pdb BC A 8.18804 36.0324 -9.87308 -5.97582 -12.7722 -24.9376 -1.07658 43.5159 -24.7616 7.99703 6.48831 1.18117 0 0 0 0.432089 2.94037 -5.55112e-17 0 0 0 0 0.0362331 2.384 303 51 2 2 0
./complex_md-fit_368.pdb BC A 7.63957 32.6944 -12.736 -6.60038 -11.2961 -24.7379 -0.96557 41.8549 -24.6404 5.14755 5.92821 2.1265 0 0 0 0.408607 2.38858 0 0 0 0 0 0.0385814 2.384 303 47 0 0 0
./complex_md-fit_369.pdb BC A 9.12286 34.7061 -8.36246 -6.70961 -11.8115 -22.8403 -1.00642 40.3835 -22.4613 7.42389 6.86758 1.14929 0 0 0 0.56615 3.41077 0.0275832 0 0 0 0 0.048622 2.384 303 44 2 2 0
./complex_md-fit_36.pdb BC A 10.7433 29.9045 -8.79027 -8.08107 -12.4985 -23.898 -0.87762 41.5221 -23.6342 6.26445 8.27826 3.71091 0 0 0 0.361809 2.56692 0.0615964 0 0 0 0 0 2.384 303 49 1 1 0
./complex_md-fit_370.pdb BC A 8.41793 27.9419 -10.5805 -6.31446 -11.5311 -22.5398 -1.19055 40.6444 -22.346 5.01727 5.73446 1.88526 0 0 0 0.0537407 1.89202 -0.0309774 0 0 0 0 0.0372842 2.384 303 44 0 0 0
./complex_md-fit_371.pdb BC A 5.14183 37.8251 -14.6633 -7.24919 -11.1103 -22.3397 -1.09947 39.2302 -22.1243 2.35969 5.76773 1.54789 0 0 0 0.336463 3.16278 0.0176364 0 0 0 0 0 2.384 303 44 0 0 0
./complex_md-fit_372.pdb BC A 8.18296 32.2591 -3.96555 -6.26374 -10.2987 -21.1545 -1.05998 38.0913 -20.6456 7.99787 6.75575 2.41809 0 0 0 0.193943 1.55741 0 0 0 0 0 0 2.384 303 49 1 1 0
./complex_md-fit_373.pdb BC A 9.09505 37.4007 -10.4612 -8.46181 -12.806 -23.2529 -0.953915 41.4249 -22.8089 5.88913 8.74122 1.56499 0 0 0 0.202101 2.49478 0 0 0 0 0 1.11022e-16 2.384 303 49 2 2 0
./complex_md-fit_374.pdb BC A 6.86442 37.1456 -9.11917 -7.51434 -11.6978 -23.3256 -1.14058 42.2165 -22.4136 5.91387 7.36321 0.995814 0 0 0 0.440674 2.25953 -0.0119135 0 0 0 0 0.0546543 2.384 303 48 2 2 0
./complex_md-fit_375.pdb BC A 8.3317 30.1704 -11.2654 -7.99404 -13.9622 -22.6254 -1.10609 40.2146 -22.2836 5.87171 7.8418 2.1924 0 0 0 0.555997 3.4354 0.0293353 0 0 0 0 0 2.384 303 45 1 1 0
./complex_md-fit_376.pdb BC A 9.79867 30.2748 -10.1499 -8.00842 -12.9816 -22.3869 -1.0057 39.9046 -21.8202 5.22726 8.34291 2.16517 0 0 0 0.423202 2.09547 -0.0102684 0 0 0 0 0 2.384 303 46 2 2 0
./complex_md-fit_377.pdb BC A 9.73147 32.9613 -13.0764 -8.53934 -12.7458 -23.1411 -0.945857 40.6129 -22.9922 3.61825 8.2522 1.94767 0 0 0 0.844474 1.81015 0.0123617 0 0 0 0 0 2.384 303 49 0 0 0
./complex_md-fit_378.pdb BC A 9.42129 41.0615 -1.95297 -6.99226 -10.3201 -23.3843 -0.975849 43.4253 -23.1836 9.38235 7.24403 2.49965 0 0 0 0.349062 2.01465 0.00279017 0 0 0 0 0 2.384 303 48 2 2 0
./complex_md-fit_379.pdb BC A 7.64175 30.4624 -10.9672 -6.45095 -12.0081 -23.9088 -1.18089 42.5206 -23.5451 5.18612 6.81907 1.30579 0 0 0 0.307004 2.29612 -0.0120046 0 0 0 0 0 2.384 303 45 0 0 0
./complex_md-fit_37.pdb BC A 6.85625 27.0486 -9.01919 -5.77736 -11.5096 -22.8644 -0.890726 39.8649 -22.2066 2.47245 8.25242 3.11764 0 0 0 0.522088 2.65143 -1.11022e-16 0 0 0 0 0 2.384 303 50 0 0 0
./complex_md-fit_380.pdb BC A 6.76062 38.1063 -15.5925 -8.51148 -13.443 -25.2981 -1.03055 44.1375 -25.4725 2.80778 8.47137 2.26998 0 0 0 0.458231 1.98877 0.0181174 0 0 0 0 0 2.384 303 52 0 0 0
./complex_md-fit_381.pdb BC A 7.27367 34.0854 -4.28801 -6.36454 -8.92819 -23.7147 -1.10459 43.9117 -23.758 4.03126 8.39686 2.68947 0 0 0 0.519151 3.37344 0.0335084 0 0 0 0 0 2.384 303 46 0 0 0
./complex_md-fit_382.pdb BC A 8.59729 33.449 -9.06065 -6.5775 -12.8747 -23.536 -0.885733 42.527 -22.8524 5.66341 7.72887 1.51273 0 0 0 0.233695 3.11675 0 0 0 0 0 0 2.384 303 49 0 0 0
./complex_md-fit_383.pdb BC A 8.65967 34.6042 -6.36001 -6.94116 -9.78037 -23.4545 -1.09451 42.9695 -22.8702 4.17583 6.68337 2.84126 0 0 0 1.07277 2.03379 -0.0125161 0 0 0 0 0.0504177 2.384 303 48 0 0 0
./complex_md-fit_384.pdb BC A 7.5245 33.9554 -14.6908 -8.52291 -14.0574 -24.5818 -1.23296 43.3043 -24.1994 4.12517 7.69912 2.50512 0 0 0 0.263665 3.30985 0.00626857 0 0 0 0 0 2.384 303 47 1 1 0
./complex_md-fit_385.pdb BC A 10.423 37.8948 -11.6846 -8.70892 -13.8079 -22.9018 -1.17204 40.9732 -22.06 6.27824 8.20125 1.12035 0 0 0 0.368342 2.08895 0.0246868 0 0 0 0 0 2.384 303 46 2 2 0
./complex_md-fit_386.pdb BC A 6.8219 31.3996 -10.2667 -7.28847 -12.3159 -22.9957 -0.964163 40.8184 -22.7183 4.1123 8.87307 1.94603 0 0 0 0.237406 3.39031 0.0198947 0 0 0 0 0.00874915 2.384 303 46 0 0 0
./complex_md-fit_387.pdb BC A 7.73326 38.1722 -10.8947 -7.55268 -11.5598 -22.6598 -1.02615 40.489 -22.535 3.12806 8.47778 1.8755 0 0 0 0.474474 3.20369 -0.00615662 0 0 0 0 0 2.384 303 46 0 0 0
./complex_md-fit_388.pdb BC A 11.554 43.9934 -3.051 -6.88549 -10.8559 -23.6772 -1.11354 43.623 -23.2992 8.79794 7.0753 2.26857 0 0 0 1.02169 2.44124 -0.00625587 0 0 0 0 0 2.384 303 45 2 2 0
./complex_md-fit_389.pdb BC A 6.32617 33.0028 -12.1082 -6.84211 -10.2404 -22.3979 -0.856275 39.6313 -22.2344 3.30646 5.62575 1.52904 0 0 0 0.400444 1.98427 -0.0301055 0 0 0 0 0 2.384 303 47 0 0 0
./complex_md-fit_38.pdb BC A 6.43232 38.0284 -8.51891 -6.85272 -12.5448 -22.885 -1.09213 39.8939 -22.4621 5.3173 8.27521 3.62785 0 0 0 0.20353 1.98305 -5.55112e-17 0 0 0 0 0 2.384 303 50 0 0 0
./complex_md-fit_390.pdb BC A 10.3389 32.266 -4.78046 -6.01032 -10.7898 -23.2121 -1.13786 42.319 -22.8112 6.22022 8.7542 1.62952 0 0 0 0.237827 3.85729 0.0199508 0 0 0 0 1.11022e-16 2.384 303 47 0 0 0
./complex_md-fit_391.pdb BC A 8.83012 32.1998 -9.72954 -6.01344 -11.0476 -21.7859 -0.891373 37.9259 -21.3746 3.86818 7.01969 2.21747 0 0 0 0.314872 3.12284 0.0288064 0 0 0 0 0.0085136 2.384 303 44 0 0 0
./complex_md-fit_392.pdb BC A 10.4747 35.7826 -3.38606 -5.73717 -11.1447 -23.1421 -1.14222 43.3212 -22.3086 8.49939 5.44385 2.57527 0 0 0 0.248824 3.22563 -0.0197567 0 0 0 0 0.0199616 2.384 303 48 0 0 0
./complex_md-fit_393.pdb BC A 7.30485 38.3798 -6.52846 -6.03434 -11.8959 -23.3658 -1.13001 42.0137 -22.9271 7.34785 7.4261 1.69687 0 0 0 0.309661 2.05341 0 0 0 0 0 0.0305297 2.384 303 46 2 2 0
./complex_md-fit_394.pdb BC A 9.73013 34.9731 -2.40096 -6.26585 -10.9638 -23.5324 -1.08994 43.402 -23.2782 9.64076 7.53852 1.72207 0 0 0 0.412733 2.05171 0.013142 0 0 0 0 0 2.384 303 47 2 2 0
./complex_md-fit_395.pdb BC A 10.2781 34.3241 -15.6293 -7.82758 -12.8418 -23.3636 -1.02457 40.5371 -23.1725 3.83499 5.95586 1.87463 0 0 0 0.377976 2.14352 0.013255 0 0 0 0 0.00691337 2.384 303 47 0 0 0
./complex_md-fit_396.pdb BC A 9.25447 32.4614 -5.55657 -4.62458 -12.2687 -23.492 -1.13572 42.5672 -23.2164 7.40133 7.24219 1.9224 0 0 0 0.0692743 3.69926 -0.0233185 0 0 0 0 0.00183053 2.384 303 46 1 1 0
./complex_md-fit_397.pdb BC A 7.34245 33.5073 -2.02314 -4.29485 -12.1179 -23.9753 -1.16966 44.5497 -23.4495 7.29599 8.62613 2.01068 0 0 0 0.501132 2.98601 -0.010431 0 0 0 0 0.0108003 2.384 303 46 0 0 0
./complex_md-fit_398.pdb BC A 8.96937 24.7612 -14.7944 -9.15078 -14.8533 -24.3088 -1.23835 44.4499 -23.939 2.56529 9.29945 1.92842 0 0 0 0.421281 1.8082 0.0313861 0 0 0 0 0 2.384 303 47 1 1 0
./complex_md-fit_399.pdb BC A 7.84032 31.1239 -1.5526 -5.07715 -12.7111 -21.6296 -1.21902 42.134 -21.0966 7.39857 8.07638 2.1708 0 0 0 0.365432 3.44258 0.0233639 0 0 0 0 0.0123143 2.384 303 42 2 2 0
./complex_md-fit_39.pdb BC A 6.24443 24.3026 -11.3382 -6.38623 -13.487 -22.2876 -0.793971 38.6443 -22.4735 3.84411 7.96434 3.48391 0 0 0 0.148367 2.46072 -2.22045e-16 0 0 0 0 0.00516908 2.384 303 50 0 0 0
./complex_md-fit_3.pdb BC A 6.11444 37.1156 -8.86891 -7.48272 -14.693 -23.8425 -1.01078 42.9714 -23.3995 5.71146 9.63708 2.63712 0 0 0 0.617646 2.41023 -0.0150947 0 0 0 0 0 2.384 303 50 1 1 0
./complex_md-fit_400.pdb BC A 9.41874 37.3807 -3.94195 -6.42656 -11.3443 -22.336 -0.922888 40.005 -21.99 8.41739 7.99195 2.18846 0 0 0 0.481926 2.21514 -0.0131426 0 0 0 0 0.00624782 2.384 303 45 2 2 0
./complex_md-fit_401.pdb BC A 7.34608 33.462 -6.63192 -6.59015 -10.2868 -21.0802 -0.899276 38.6782 -20.9337 3.22699 8.69258 2.02883 0 0 0 0.53577 2.21184 -0.00412498 0 0 0 0 0 2.384 303 46 0 0 0
./complex_md-fit_402.pdb BC A 6.6629 35.739 -4.64772 -5.63473 -9.49244 -22.767 -1.09128 40.6717 -22.8141 5.40619 7.25023 3.52882 0 0 0 0.301708 2.32837 -0.00676446 0 0 0 0 0 2.384 303 47 1 1 0
./complex_md-fit_403.pdb BC A 6.84286 36.0275 -8.16759 -6.29114 -12.8413 -23.85 -1.00155 42.3779 -23.834 5.55636 8.14831 3.08503 0 0 0 0.482718 2.46133 -5.55112e-17 0 0 0 0 0 2.384 303 49 0 0 0
./complex_md-fit_404.pdb BC A 6.88572 38.6754 -7.87513 -7.57776 -12.8917 -22.6054 -1.14213 40.5685 -21.8437 6.43845 8.5441 2.14904 0 0 0 0.490281 2.71423 -0.0112408 0 0 0 0 0.0064498 2.384 303 45 2 2 0
./complex_md-fit_405.pdb BC A 6.96597 30.2498 -4.97957 -5.1934 -11.0097 -22.9023 -1.18917 40.8924 -22.0961 4.35763 7.83567 3.61604 0 0 0 0.697865 2.31523 0.0115228 0 0 0 0 0 2.384 303 46 0 0 0
./complex_md-fit_406.pdb BC A 6.89861 37.5128 -8.80412 -6.03451 -12.4813 -22.8429 -1.01816 40.6991 -22.2203 3.78767 7.8961 3.14549 0 0 0 0.264618 1.8243 0 0 0 0 0 0 2.384 303 48 0 0 0
./complex_md-fit_407.pdb BC A 6.48506 34.8834 -5.51496 -7.22847 -9.99295 -24.4765 -1.01311 43.3433 -24.0429 7.38968 8.25577 1.91315 0 0 0 0.315619 2.44134 0.0157647 0 0 0 0 0.0057089 2.384 303 52 2 2 0
./complex_md-fit_408.pdb BC A 8.01841 31.643 -6.40464 -5.29788 -11.461 -24.0066 -1.0595 45.2009 -23.6404 4.03871 7.75485 1.94907 0 0 0 0.164661 2.26045 -0.0473869 0 0 0 0 0 2.384 303 46 0 0 0
./complex_md-fit_409.pdb BC A 8.62453 33.1726 -10.3524 -7.77663 -13.4524 -23.5289 -0.800126 42.423 -22.5802 4.05572 9.14216 1.92872 0 0 0 0.222317 2.04489 0.0138383 0 0 0 0 0 2.384 303 48 0 0 0
./complex_md-fit_40.pdb BC A 12.3838 30.5637 -11.02 -6.99758 -12.2652 -21.4349 -0.955741 36.3385 -21.2787 3.17921 8.36417 3.65948 0 0 0 0.380168 2.16697 -0.00932665 0 0 0 0 0 2.384 303 49 0 0 0
./complex_md-fit_410.pdb BC A 6.6962 30.8228 -9.35753 -5.96363 -11.1288 -23.7004 -1.01417 41.7753 -23.6447 5.04335 6.32631 2.86305 0 0 0 0.089584 2.90245 -0.0126193 0 0 0 0 0.00921625 2.384 303 50 0 0 0
./complex_md-fit_411.pdb BC A 5.6709 25.5348 -13.9086 -6.55637 -12.5485 -22.4529 -0.938029 37.4694 -22.358 3.2574 6.43009 3.39819 0 0 0 0.364147 2.30462 0.0260084 0 0 0 0 0 2.384 303 48 1 1 0
./complex_md-fit_412.pdb BC A 7.33491 30.4439 -6.68991 -6.17275 -12.8677 -24.7598 -1.21249 42.9446 -24.6386 6.59296 9.59885 3.24327 0 0 0 0.595845 2.78852 -0.0276389 0 0 0 0 0.0134452 2.384 303 48 1 1 0
./complex_md-fit_413.pdb BC A 8.80616 36.6519 -7.53834 -6.17172 -11.1529 -24.7107 -1.16712 44.4832 -24.2899 5.70585 6.879 1.99999 0 0 0 0.882339 3.10876 0.000346789 0 0 0 0 0.00326866 2.384 303 51 0 0 0
./complex_md-fit_414.pdb BC A 8.35495 35.5417 -10.5771 -6.01714 -11.1438 -23.9316 -1.11355 40.9993 -23.8933 5.56121 6.70619 1.60145 0 0 0 0.629205 2.52703 0.00882656 0 0 0 0 0.0162031 2.384 303 51 0 0 0
./complex_md-fit_415.pdb BC A 7.15628 29.3337 -9.00859 -7.94041 -11.7375 -25.0381 -1.12873 43.9175 -25.1061 5.57955 8.71523 3.51499 0 0 0 0.218106 2.70242 -0.0101637 0 0 0 0 0.00708841 2.384 303 52 0 0 0
./complex_md-fit_416.pdb BC A 6.46866 25.6554 -12.7904 -9.0035 -14.0501 -24.6238 -1.15018 43.2574 -25.1805 6.33077 8.74974 2.69984 0 0 0 0.160672 3.44292 0.0192075 0 0 0 0 0 2.384 303 52 1 1 0
./complex_md-fit_417.pdb BC A 7.72125 43.5921 -5.62363 -7.48456 -12.7772 -24.5628 -1.22256 44.5811 -24.2012 6.82069 8.88954 3.9891 0 0 0 0.296257 2.80532 0.0395615 0 0 0 0 0.00841618 2.384 303 51 2 2 0
./complex_md-fit_418.pdb BC A 7.48413 33.4323 -13.7542 -7.40552 -14.258 -25.0243 -1.19267 43.1412 -25.3298 5.2036 7.76302 3.0162 0 0 0 0.319444 4.38323 0.0073284 0 0 0 0 0.00519135 2.384 303 50 2 2 0
./complex_md-fit_419.pdb BC A 9.39787 27.5016 -16.7897 -7.30665 -14.3659 -23.6804 -1.0743 40.5248 -23.7734 3.21555 6.82859 2.51902 0 0 0 0.296031 2.69981 0.0269489 0 0 0 0 0 2.384 303 51 0 0 0
./complex_md-fit_41.pdb BC A 8.31377 37.542 -14.8148 -7.04781 -12.1411 -23.1263 -0.99725 39.2582 -22.9028 2.5878 6.28452 2.63295 0 0 0 0.636868 1.79559 0 0 0 0 0 0 2.384 303 50 0 0 0
./complex_md-fit_420.pdb BC A 7.15965 36.6594 -9.6022 -5.89307 -13.2364 -25.5136 -1.04223 46.3022 -25.7518 5.6098 7.39833 2.17706 0 0 0 0.37304 3.25544 -0.0262621 0 0 0 0 0.000817566 2.384 303 52 0 0 0
./complex_md-fit_421.pdb BC A 7.83455 26.2677 -13.0033 -8.19154 -15.7338 -25.0649 -1.13622 43.6844 -25.3446 5.827 8.466 3.93189 0 0 0 0.578336 4.26248 -0.0276462 0 0 0 0 0.00773872 2.384 303 52 1 1 0
./complex_md-fit_422.pdb BC A 7.25748 37.6489 -12.0009 -7.10353 -15.3588 -25.0139 -1.1478 43.8352 -24.8812 5.15426 9.2983 2.74857 0 0 0 0.45284 3.80605 0 0 0 0 0 0.0151428 2.384 303 51 1 1 0
./complex_md-fit_423.pdb BC A 8.26525 32.1692 -12.5625 -8.62861 -12.5545 -25.4472 -1.05445 43.4491 -25.8767 6.06549 7.55592 3.55026 0 0 0 0.352472 3.30571 0.0206562 0 0 0 0 0.00497693 2.384 303 50 2 2 0
./complex_md-fit_424.pdb BC A 7.45848 29.4938 -12.4641 -8.1231 -12.2058 -24.541 -1.34639 41.9567 -24.7841 5.61662 7.5993 3.12466 0 0 0 0.210591 3.94758 0.0140572 0 0 0 0 0.0143662 2.384 303 49 1 1 0
./complex_md-fit_425.pdb BC A 7.39159 29.6636 -7.96289 -8.15374 -10.1156 -23.7546 -1.29723 40.8137 -23.5605 6.83058 7.94861 2.73577 0 0 0 0.630781 2.75457 -0.0406184 0 0 0 0 0 2.384 303 48 1 1 0
./complex_md-fit_426.pdb BC A 7.57567 34.7265 -4.84599 -5.38645 -9.50381 -23.9178 -1.0063 41.316 -23.3483 5.80593 6.93205 3.67716 0 0 0 0.573762 2.74053 0.0117305 0 0 0 0 0 2.384 303 47 0 0 0
./complex_md-fit_427.pdb BC A 10.0052 32.3947 -15.5866 -7.50303 -14.8355 -24.0068 -1.17327 41.3141 -23.0587 3.96558 5.93015 3.29259 0 0 0 0.505841 2.84146 -0.0228516 0 0 0 0 0.00531703 2.384 303 50 1 1 0
./complex_md-fit_428.pdb BC A 6.79983 30.9548 -11.9521 -8.35422 -14.7079 -23.9797 -1.12026 41.7476 -23.3172 5.71721 8.6509 2.98084 0 0 0 0.418818 2.62458 0.011744 0 0 0 0 0 2.384 303 46 2 2 0
./complex_md-fit_429.pdb BC A 7.61367 34.2587 -7.16731 -7.16435 -14.1517 -23.6606 -1.2798 42.3189 -22.8132 7.35316 8.57995 3.36278 0 0 0 0.222213 3.2827 0.0589734 0 0 0 0 0.00635494 2.384 303 46 1 1 0
./complex_md-fit_42.pdb BC A 8.97508 35.0783 -11.7891 -7.92397 -14.1159 -23.367 -1.01064 39.1956 -23.1167 4.8724 8.95965 4.2173 0 0 0 0.483465 2.8653 -5.55112e-17 0 0 0 0 0.0165543 2.384 303 51 1 1 0
./complex_md-fit_430.pdb BC A 9.01947 31.5394 -12.1639 -6.22923 -16.8584 -24.4528 -1.20632 42.7576 -23.532 7.24665 7.43559 2.04171 0 0 0 0.633287 4.17363 0 0 0 0 0 0 2.384 303 47 1 1 0
./complex_md-fit_431.pdb BC A 8.20815 25.9331 -11.8957 -7.0456 -13.9881 -23.2454 -1.14854 40.3 -22.5365 4.7484 6.68128 3.92188 0 0 0 0.396315 2.4188 0.015252 0 0 0 0 0.00529903 2.384 303 45 2 2 0
./complex_md-fit_432.pdb BC A 6.63628 35.6732 -13.4586 -7.83901 -14.5509 -24.1724 -0.913628 41.2133 -23.6174 4.53226 7.16243 3.50936 0 0 0 1.24067 2.85378 -0.0233511 0 0 0 0 0 2.384 303 47 0 0 0
./complex_md-fit_433.pdb BC A 10.2006 36.4654 -4.65863 -7.23202 -11.7732 -24.1277 -1.03475 43.7829 -23.222 7.07905 7.52766 3.64522 0 0 0 0.699714 2.64417 -0.0091356 0 0 0 0 0.00558194 2.384 303 47 2 2 0
./complex_md-fit_434.pdb BC A 7.76021 33.3425 -12.3094 -7.98549 -13.8615 -23.7376 -0.940747 43.0171 -23.2631 4.76956 6.6984 2.34358 0 0 0 0.65183 2.87219 -0.00137739 0 0 0 0 0 2.384 303 46 1 1 0
./complex_md-fit_435.pdb BC A 7.02925 39.3467 -13.8038 -6.71907 -16.5027 -24.8173 -1.08229 43.375 -24.0203 4.59857 8.24013 2.4975 0 0 0 0.607426 3.01169 0.0138266 0 0 0 0 0.00543138 2.384 303 49 2 2 0
./complex_md-fit_436.pdb BC A 8.65644 28.7012 -7.00971 -6.81233 -9.1672 -23.1892 -0.948263 41.6177 -22.2345 3.24541 6.54387 3.52012 0 0 0 0.429648 2.71438 -0.0287193 0 0 0 0 0.0137099 2.384 303 48 0 0 0
./complex_md-fit_437.pdb BC A 8.19091 32.0652 -9.05504 -6.31398 -16.1111 -22.829 -1.35602 41.4439 -21.8236 6.67257 8.39519 2.64026 0 0 0 0.196795 2.97491 0.0241095 0 0 0 0 0.00582702 2.384 303 47 3 3 0
./complex_md-fit_438.pdb BC A 6.66172 37.7351 -5.07116 -6.48321 -12.0647 -23.7036 -1.09082 43.8951 -22.8343 5.6163 8.58619 2.82018 0 0 0 0.169881 2.72168 0.0110354 0 0 0 0 0.00677004 2.384 303 46 1 1 0
./complex_md-fit_439.pdb BC A 7.33008 30.402 -0.997726 -4.90908 -8.22643 -22.8301 -1.10177 40.6333 -22.3907 6.31443 6.53681 4.23135 0 0 0 0.748997 2.76296 -0.0110386 0 0 0 0 0.00653489 2.384 303 47 1 1 0
./complex_md-fit_43.pdb BC A 6.61816 35.8162 -9.73748 -6.45781 -12.2909 -22.3946 -1.03217 39.8272 -21.6647 2.97562 6.90073 4.0066 0 0 0 0.377431 2.69208 0.0151496 0 0 0 0 0 2.384 303 52 1 1 0
./complex_md-fit_440.pdb BC A 7.02952 24.4213 -11.1539 -8.17569 -12.5049 -23.9496 -1.00989 42.4238 -23.7081 3.13554 7.86603 4.31396 0 0 0 0.462016 2.98208 -0.0140867 0 0 0 0 0.00698938 2.384 303 46 0 0 0
./complex_md-fit_441.pdb BC A 7.67491 29.1363 -7.0024 -7.34968 -10.4184 -24.1683 -0.98463 42.0951 -24.159 7.26934 8.43432 2.16779 0 0 0 0.118515 4.0452 -0.0146003 0 0 0 0 0.00716627 2.384 303 49 2 2 0
./complex_md-fit_442.pdb BC A 6.82962 27.2545 -9.42364 -7.97583 -12.0263 -23.0315 -0.905508 40.5695 -22.8858 6.99812 6.84432 2.05977 0 0 0 0.9428 2.90873 -0.0183428 0 0 0 0 0.00525217 2.384 303 46 1 1 0
./complex_md-fit_443.pdb BC A 7.31595 29.2678 -12.1629 -8.64593 -12.8494 -23.4488 -1.04487 41.6433 -22.7203 3.2918 7.96983 3.34261 0 0 0 0.285131 2.88057 0.0136985 0 0 0 0 0 2.384 303 46 1 1 0
./complex_md-fit_444.pdb BC A 6.54888 29.8903 -15.8233 -8.98843 -12.9263 -24.2291 -1.04163 40.7943 -24.356 4.43942 7.03155 2.42143 0 0 0 0.993752 3.00052 0.0320991 0 0 0 0 0.00553427 2.384 303 47 0 0 0
./complex_md-fit_445.pdb BC A 8.4886 33.6722 -1.54311 -6.3658 -8.75548 -23.0895 -1.0325 42.3103 -22.5221 7.50707 6.8023 3.29552 0 0 0 0.27256 3.02695 0.0331162 0 0 0 0 0.00130989 2.384 303 48 1 1 0
./complex_md-fit_446.pdb BC A 6.84127 31.0566 -12.7848 -6.72728 -9.01401 -23.4564 -0.944171 38.4731 -23.7229 3.47945 5.70602 2.68648 0 0 0 0.690079 2.70863 0.0396705 0 0 0 0 0.00510626 2.384 303 49 0 0 0
./complex_md-fit_447.pdb BC A 8.38691 31.0808 -7.10847 -7.38763 -8.91028 -22.804 -0.871185 40.3341 -22.5244 4.88659 5.83474 3.68566 0 0 0 0.612472 2.70717 0.0354936 0 0 0 0 0 2.384 303 45 1 1 0
./complex_md-fit_448.pdb BC A 9.40459 35.6311 -12.5188 -6.968 -12.5148 -21.9547 -1.02195 38.4447 -21.7302 3.86188 6.41907 2.74863 0 0 0 0.205645 2.68027 -0.0138044 0 0 0 0 0.00478436 2.384 303 48 1 1 0
./complex_md-fit_449.pdb BC A 11.1492 31.02 -12.8148 -7.64724 -12.9436 -22.9719 -1.09974 40.1009 -22.5329 5.4677 6.24559 2.33256 0 0 0 0.241742 3.19815 -0.0079224 0 0 0 0 0 2.384 303 47 2 2 0
./complex_md-fit_44.pdb BC A 11.0292 31.3125 -7.54722 -6.25156 -11.6362 -21.878 -1.09738 38.5475 -21.1588 4.01346 7.95745 3.52472 0 0 0 0.37878 2.49303 0.0527979 0 0 0 0 0 2.384 303 51 0 0 0
./complex_md-fit_450.pdb BC A 8.37883 33.238 -3.80851 -7.56814 -12.3854 -23.8403 -1.20925 43.4648 -23.3886 10.09 7.72699 2.82712 0 0 0 0.438887 3.00848 0.0354891 0 0 0 0 0 2.384 303 47 2 2 0
./complex_md-fit_451.pdb BC A 12.0367 39.8431 -4.17736 -4.73422 -9.44128 -24.2157 -0.952769 43.9159 -23.6518 5.23545 5.77134 3.10151 0 0 0 0.769196 2.73397 0.0251043 0 0 0 0 0 2.384 303 46 0 0 0
./complex_md-fit_452.pdb BC A 6.44604 37.3552 -9.52741 -7.7842 -12.8272 -25.5177 -1.06445 43.7753 -25.2499 6.81721 8.00782 3.75254 0 0 0 0.514988 2.72958 0.00487812 0 0 0 0 0.0433176 2.384 303 52 1 1 0
./complex_md-fit_453.pdb BC A 6.66293 35.471 -8.25412 -8.17381 -13.5221 -26.9007 -1.06575 45.202 -26.6025 9.17425 9.05344 3.86255 0 0 0 0.712107 3.02259 0 0 0 0 0 0.00635109 2.384 303 53 3 3 0
./complex_md-fit_454.pdb BC A 9.94628 39.6421 -13.3748 -7.89546 -13.0037 -27.5211 -0.870301 46.2616 -27.4222 5.50101 6.94168 3.95706 0 0 0 0.688919 2.84555 -0.0174989 0 0 0 0 0.0051612 2.384 303 52 0 0 0
./complex_md-fit_455.pdb BC A 6.84639 28.4611 -7.53245 -7.37665 -12.5697 -25.8889 -0.909578 46.9813 -25.3819 6.64559 8.23947 2.44652 0 0 0 0.300399 2.64125 -0.0247623 0 0 0 0 0.00580311 2.384 303 52 0 0 0
./complex_md-fit_456.pdb BC A 7.95101 40.5373 -7.66968 -6.55604 -12.6311 -26.4555 -1.01538 47.2374 -26.1783 7.97006 8.18759 1.63726 0 0 0 0.152278 2.56254 -0.0179486 0 0 0 0 0 2.384 303 50 0 0 0
./complex_md-fit_457.pdb BC A 7.22296 24.9322 -10.0338 -6.94256 -14.8172 -25.3359 -1.0727 45.3856 -25.1959 7.17009 7.98706 2.61058 0 0 0 0.173214 3.46859 -0.00293318 0 0 0 0 0.0068794 2.384 303 49 0 0 0
./complex_md-fit_458.pdb BC A 7.48862 29.399 -12.5951 -7.04369 -14.6753 -25.5195 -0.822408 45.1509 -25.0837 4.83578 7.51015 2.82547 0 0 0 0.188909 2.95311 0.0382847 0 0 0 0 0 2.384 303 52 0 0 0
./complex_md-fit_459.pdb BC A 9.33181 34.9036 -11.1748 -8.64682 -15.0576 -25.2886 -1.1942 44.1469 -24.5696 7.93716 9.05694 2.01928 0 0 0 0.390035 2.59518 0.0259276 0 0 0 0 0.00578432 2.384 303 46 2 2 0
./complex_md-fit_45.pdb BC A 8.65434 35.9234 -6.60029 -6.63441 -12.508 -22.5541 -1.01831 38.9839 -22.0313 5.66018 8.32021 4.89665 0 0 0 0.285039 2.2348 0 0 0 0 0 0 2.384 303 48 0 0 0
./complex_md-fit_460.pdb BC A 9.04163 33.3898 -10.8736 -7.42053 -11.7645 -25.6084 -1.02133 43.7356 -25.4911 5.58834 6.31311 3.6989 0 0 0 1.0646 2.39093 0.0311246 0 0 0 0 0.000615217 2.384 303 47 1 1 0
./complex_md-fit_461.pdb BC A 11.2598 34.0731 -17.7539 -9.45392 -17.4828 -25.1369 -1.13397 42.9611 -24.8546 6.18854 7.4733 3.31989 0 0 0 0.365492 2.64117 -5.55112e-17 0 0 0 0 0 2.384 303 48 1 1 0
./complex_md-fit_462.pdb BC A 6.11001 33.1583 -13.4473 -8.52833 -16.9379 -26.4977 -1.12399 45.5716 -26.2218 8.10391 7.54786 3.99461 0 0 0 0.625417 2.86917 -0.00158925 0 0 0 0 0.020651 2.384 303 48 2 2 0
./complex_md-fit_463.pdb BC A 7.96882 35.4861 -7.61381 -7.90919 -15.2305 -26.5337 -1.14788 46.9409 -25.7566 9.7183 8.15838 2.98767 0 0 0 1.14712 3.42922 0.0115909 0 0 0 0 0 2.384 303 51 3 3 0
./complex_md-fit_464.pdb BC A 9.41328 26.0475 -13.1604 -8.49379 -18.841 -27.25 -1.19471 48.6053 -26.348 6.98754 9.15284 3.87631 0 0 0 0.315761 3.19267 0.0181759 0 0 0 0 0.0112764 2.384 303 50 1 1 0
./complex_md-fit_465.pdb BC A 8.37846 42.9269 -14.8667 -8.39019 -17.2057 -25.987 -0.948304 45.666 -25.1646 5.6216 8.341 3.01313 0 0 0 0.191696 2.74942 -0.0142677 0 0 0 0 0.00993099 2.384 303 51 0 0 0
./complex_md-fit_466.pdb BC A 8.04562 32.5364 -12.3817 -6.76167 -12.0619 -23.7054 -1.03368 40.9062 -23.1899 2.8066 5.95263 4.03265 0 0 0 0.642957 2.43392 0 0 0 0 0 0.0298232 2.384 303 46 0 0 0
./complex_md-fit_467.pdb BC A 7.64594 34.3264 -17.6485 -8.44852 -18.3159 -25.5646 -1.03254 43.7939 -24.7681 4.55552 8.20215 3.68131 0 0 0 0.245483 2.70866 -0.00756293 0 0 0 0 0.0103387 2.384 303 51 2 2 0
./complex_md-fit_468.pdb BC A 11.6239 36.1918 -10.4311 -7.25368 -13.1013 -25.3185 -1.04455 44.0186 -25.1191 7.4977 6.67892 2.83654 0 0 0 0.358528 2.96445 0.0100865 0 0 0 0 0.00570313 2.384 303 48 0 0 0
./complex_md-fit_469.pdb BC A 10.0871 36.3392 -15.3095 -7.56797 -12.2362 -26.1077 -0.903347 43.3135 -25.7942 4.70341 6.39552 2.64553 0 0 0 0.230159 3.08204 0.0107432 0 0 0 0 0.00103678 2.384 303 48 1 1 0
./complex_md-fit_46.pdb BC A 5.93201 29.8187 -9.96135 -8.15011 -11.7071 -22.8121 -1.06653 39.5034 -22.3539 4.22024 8.00158 4.00228 0 0 0 0.400907 2.56057 -1.11022e-16 0 0 0 0 0 2.384 303 52 0 0 0
./complex_md-fit_470.pdb BC A 7.48459 33.7446 -7.99414 -6.07946 -7.70404 -25.0338 -0.842264 42.5832 -24.2156 2.71283 6.2087 3.77053 0 0 0 0.577109 3.17146 0 0 0 0 0 0.0287251 2.384 303 49 0 0 0
./complex_md-fit_471.pdb BC A 6.38286 39.749 -20.2622 -8.06651 -12.9966 -25.1347 -0.983934 39.8427 -25.1493 3.92478 5.24957 2.37716 0 0 0 0.647009 2.72328 0 0 0 0 0 0.0275942 2.384 303 50 1 1 0
./complex_md-fit_472.pdb BC A 8.0573 39.746 -11.0608 -7.13016 -12.6148 -24.6 -0.983116 41.5546 -24.4262 8.46209 5.57657 2.60365 0 0 0 0.512742 2.74411 -0.016216 0 0 0 0 0 2.384 303 47 1 1 0
./complex_md-fit_473.pdb BC A 7.59665 32.2752 -18.0803 -8.5837 -17.0232 -25.0938 -1.09124 41.6667 -24.7715 7.3252 5.34324 2.72141 0 0 0 1.42437 3.88245 -0.01492 0 0 0 0 0.0171078 2.384 303 49 2 2 0
./complex_md-fit_474.pdb BC A 8.8025 31.7832 -12.1841 -7.57795 -14.362 -26.165 -0.977651 44.4874 -25.8864 7.30418 6.71006 4.05788 0 0 0 0.209849 3.81827 0.00716261 0 0 0 0 0.00836066 2.384 303 49 2 2 0
./complex_md-fit_475.pdb BC A 8.99848 34.1075 -11.8048 -7.54215 -16.0338 -24.5051 -1.18546 43.5213 -23.7432 5.3925 7.47669 3.72341 0 0 0 1.06937 3.1186 -0.00310799 0 0 0 0 0.0246299 2.384 303 50 2 2 0
./complex_md-fit_476.pdb BC A 8.83067 28.2187 -9.81532 -7.99822 -12.2789 -24.7288 -0.968694 42.6015 -24.4505 5.90668 7.73594 3.91382 0 0 0 0.460765 2.39069 -0.0116961 0 0 0 0 0.00291073 2.384 303 45 2 2 0
./complex_md-fit_477.pdb BC A 8.28852 37.9504 -14.3816 -6.52756 -15.7591 -25.3 -0.992866 43.3612 -25.0789 4.06981 7.40957 3.78769 0 0 0 0.674503 4.06459 -0.0276484 0 0 0 0 0.00170241 2.384 303 50 1 1 0
./complex_md-fit_478.pdb BC A 7.1659 31.3928 -7.7005 -8.40653 -12.1877 -24.5985 -1.32429 43.0193 -24.0737 6.77164 9.00691 3.16626 0 0 0 0.898819 2.60848 0.0216584 0 0 0 0 0.00567441 2.384 303 48 1 1 0
./complex_md-fit_479.pdb BC A 6.69682 35.2474 -8.77315 -7.82321 -14.6293 -24.3702 -1.14981 43.4071 -23.4259 5.97973 9.94125 2.81927 0 0 0 0.465006 2.61923 0.00930519 0 0 0 0 0.00369116 2.384 303 50 2 2 0
./complex_md-fit_47.pdb BC A 9.88754 32.3916 -5.86825 -5.65207 -11.1905 -22.5825 -1.29738 40.0503 -22.2122 5.35806 6.70328 4.88102 0 0 0 0.0839627 2.54178 -0.0101853 0 0 0 0 0 2.384 303 47 2 2 0
./complex_md-fit_480.pdb BC A 9.94252 36.2323 -7.16844 -5.74476 -14.268 -24.2647 -1.03865 44.1346 -23.8973 4.62826 10.4956 2.58067 0 0 0 0.237629 3.53219 -0.0319033 0 0 0 0 0 2.384 303 50 0 0 0
./complex_md-fit_481.pdb BC A 7.06568 24.1112 -12.2003 -7.59888 -14.6937 -23.6807 -0.975 42.2167 -23.1937 3.50186 9.28437 2.39515 0 0 0 0.571305 2.21948 -0.0276148 0 0 0 0 0 2.384 303 48 0 0 0
./complex_md-fit_482.pdb BC A 7.29553 30.5455 -7.8926 -7.99246 -13.512 -23.5095 -1.01562 43.1896 -22.5766 6.00108 8.04947 3.26804 0 0 0 0.221117 2.72598 -0.0191722 0 0 0 0 0.00342882 2.384 303 49 1 1 0
./complex_md-fit_483.pdb BC A 7.39506 34.1329 -10.5292 -7.61255 -11.4068 -24.4064 -0.902104 42.2617 -23.8895 4.73112 7.76647 2.57539 0 0 0 0.362944 3.53138 -0.00943708 0 0 0 0 0 2.384 303 49 1 1 0
./complex_md-fit_484.pdb BC A 7.37286 40.6488 -9.47261 -7.38981 -14.7116 -24.9952 -0.948891 44.6122 -24.3154 6.19425 9.06089 2.78842 0 0 0 0.240553 2.78786 -0.0209996 0 0 0 0 0.012969 2.384 303 50 0 0 0
./complex_md-fit_485.pdb BC A 7.28905 28.966 -9.6036 -7.27241 -14.2946 -23.8445 -1.18561 42.2303 -22.9116 6.17539 8.42082 2.69999 0 0 0 0.372965 2.61273 0.00567104 0 0 0 0 0 2.384 303 47 1 1 0
./complex_md-fit_486.pdb BC A 8.21489 40.6422 -9.89972 -6.11775 -12.8842 -26.1921 -1.14665 44.511 -26.2135 7.31509 8.54685 2.00413 0 0 0 0.277414 2.42136 0 0 0 0 0 0 2.384 303 49 2 2 0
./complex_md-fit_487.pdb BC A 5.93293 34.5724 -10.3636 -4.13572 -16.3113 -24.919 -1.01857 44.132 -24.0171 4.51339 7.80559 3.29503 0 0 0 0.268551 2.29218 0 0 0 0 0 0.0236317 2.384 303 50 2 2 0
./complex_md-fit_488.pdb BC A 6.57617 38.5685 -6.19011 -6.77541 -13.4522 -23.8738 -1.2852 42.1641 -23.3891 7.80232 8.88047 3.30969 0 0 0 0.402593 2.64849 0.0264343 0 0 0 0 0 2.384 303 47 1 1 0
./complex_md-fit_489.pdb BC A 9.2281 33.525 -13.2621 -7.83549 -14.8105 -22.9602 -0.992347 40.5671 -22.078 3.70865 8.06688 2.60934 0 0 0 0.454486 2.58198 0.00804233 0 0 0 0 0 2.384 303 45 0 0 0
./complex_md-fit_48.pdb BC A 6.3894 32.1542 -12.9602 -8.48529 -11.5281 -23.4248 -0.996242 40.201 -23.7073 2.79248 9.56661 2.29688 0 0 0 0.334091 2.13534 -0.00952245 0 0 0 0 1.11022e-16 2.384 303 47 0 0 0
./complex_md-fit_490.pdb BC A 7.95492 43.2922 -8.89352 -6.88322 -12.3947 -25.1554 -1.259 44.0175 -24.7194 7.22058 6.89061 2.59863 0 0 0 0.773174 2.53169 0 0 0 0 0 0.0177812 2.384 303 51 3 3 0
./complex_md-fit_491.pdb BC A 6.43606 30.0522 -13.584 -8.30438 -14.8259 -23.9897 -1.10654 41.2039 -23.1778 5.23066 8.29715 2.84489 0 0 0 0.281432 2.6313 -0.0492955 0 0 0 0 0.0115408 2.384 303 48 0 0 0
./complex_md-fit_492.pdb BC A 10.0705 25.7035 -1.25146 -6.73952 -10.9326 -25.3261 -1.28016 46.4148 -24.7184 8.67465 7.74799 4.57583 0 0 0 0.338635 2.34101 -0.0182742 0 0 0 0 0.0117064 2.384 303 48 1 1 0
./complex_md-fit_493.pdb BC A 7.84429 33.019 -12.9744 -6.97634 -14.9327 -24.3196 -1.2504 42.1248 -23.5267 3.66086 8.17442 3.7916 0 0 0 0.247428 2.47146 0.0134789 0 0 0 0 0.0189049 2.384 303 49 0 0 0
./complex_md-fit_494.pdb BC A 7.27789 31.6802 -7.51557 -6.21224 -13.21 -23.8393 -1.03374 41.3335 -23.0652 6.92159 7.208 3.80585 0 0 0 0.555093 2.70176 -0.0152026 0 0 0 0 0.0360543 2.384 303 49 3 3 0
./complex_md-fit_495.pdb BC A 9.66708 33.1391 -10.4408 -6.24577 -14.2002 -25.811 -1.23007 44.3205 -25.4597 7.00652 6.05517 4.70348 0 0 0 0.36717 3.05551 -0.0125799 0 0 0 0 0.0657389 2.384 303 49 2 2 0
./complex_md-fit_496.pdb BC A 6.71198 34.4991 -6.39054 -6.28503 -11.7208 -25.3688 -1.02583 44.1784 -25.3456 7.9103 6.41599 4.45923 0 0 0 0.325827 3.21443 0 0 0 0 0 0.065844 2.384 303 49 1 1 0
./complex_md-fit_497.pdb BC A 7.75509 34.6256 -6.86878 -6.31137 -13.5573 -23.4537 -0.915579 40.0872 -23.4287 8.87907 7.80156 3.77171 0 0 0 0.199206 2.13824 0.0207072 0 0 0 0 0.0384021 2.384 303 46 1 1 0
./complex_md-fit_498.pdb BC A 7.49703 35.9018 -11.0674 -8.13218 -15.3982 -24.3033 -1.1742 42.8308 -23.9485 7.03596 8.04692 3.62255 0 0 0 0.319287 2.67822 -0.0314012 0 0 0 0 0.0648617 2.384 303 48 2 2 0
./complex_md-fit_499.pdb BC A 7.05111 33.0137 -12.5059 -7.45 -13.004 -23.8801 -1.03038 40.0372 -23.9243 4.5946 7.168 4.53312 0 0 0 0.425167 2.08605 0.0248292 0 0 0 0 0 2.384 303 48 2 2 0
./complex_md-fit_49.pdb BC A 7.62374 33.7374 -10.0214 -5.85077 -13.591 -22.7492 -0.897592 39.2114 -22.0213 6.56115 7.25939 1.90025 0 0 0 0.156339 2.53823 0 0 0 0 0 0 2.384 303 47 0 0 0
./complex_md-fit_4.pdb BC A 7.53225 32.9033 -8.33951 -8.2588 -15.0059 -25.4737 -1.19629 44.777 -25.0757 8.86662 10.0401 2.84325 0 0 0 0.143817 2.40687 0 0 0 0 0 0 2.384 303 52 3 3 0
./complex_md-fit_500.pdb BC A 6.99006 40.7694 -14.8152 -8.10049 -13.7051 -24.7672 -0.984814 41.2023 -24.5022 5.47087 6.86786 3.31486 0 0 0 0.352372 2.93766 -0.0196682 0 0 0 0 0.0559552 2.384 303 50 0 0 0
./complex_md-fit_501.pdb BC A 8.84465 41.3536 -15.8468 -7.80019 -16.8339 -25.269 -1.20271 42.4769 -25.0571 4.02555 9.53507 3.73831 0 0 0 0.477047 2.65664 0 0 0 0 0 0.0631256 2.384 303 51 0 0 0
./complex_md-fit_502.pdb BC A 6.82495 33.0133 -11.2217 -7.74623 -15.7935 -24.8824 -1.20866 45.4683 -24.3728 5.7927 9.58845 1.63858 0 0 0 0.227891 2.54505 0.00436241 0 0 0 0 0.0616159 2.384 303 48 0 0 0
./complex_md-fit_503.pdb BC A 7.41405 32.5427 -6.09098 -8.01086 -12.4304 -24.6833 -1.2072 44.0963 -24.1482 8.09797 8.21034 3.59902 0 0 0 0.352798 2.81663 -0.0276449 0 0 0 0 0.0603098 2.384 303 49 2 2 0
./complex_md-fit_504.pdb BC A 8.83772 26.803 -13.3226 -8.63035 -13.4936 -25.2316 -0.903024 43.676 -25.3475 4.14849 9.46813 2.7377 0 0 0 0.197628 1.99944 0 0 0 0 0 0.0555269 2.384 303 50 0 0 0
./complex_md-fit_505.pdb BC A 7.51144 37.2418 -10.1886 -7.4783 -11.6885 -25.4446 -1.14164 43.8291 -25.3001 6.35829 6.87646 3.50622 0 0 0 0.193103 2.54158 0.040861 0 0 0 0 0.0604433 2.384 303 49 1 1 0
./complex_md-fit_506.pdb BC A 7.3713 35.7587 -9.13062 -6.72888 -11.6674 -23.9076 -1.03988 41.1513 -23.9118 6.12249 7.26759 3.22072 0 0 0 0.308733 2.40923 -0.0121465 0 0 0 0 0.0661494 2.384 303 51 1 1 0
./complex_md-fit_507.pdb BC A 9.45026 39.0283 -10.573 -7.27696 -14.4962 -25.5317 -1.11578 44.0179 -24.8252 5.9445 7.87984 4.13998 0 0 0 0.667558 2.59174 -0.00846312 0 0 0 0 0.0314446 2.384 303 52 2 2 0
./complex_md-fit_508.pdb BC A 8.04389 33.4755 -8.77349 -7.38209 -12.9935 -25.1215 -0.87768 42.7887 -24.6953 6.0995 8.45229 4.40779 0 0 0 0.480092 2.66807 0.012236 0 0 0 0 0.0559792 2.384 303 49 0 0 0
./complex_md-fit_509.pdb BC A 7.28413 39.2709 -10.4007 -7.8548 -11.8217 -22.8202 -0.951813 40.626 -22.3437 4.84858 6.92222 2.55291 0 0 0 0.381786 1.91658 0 0 0 0 0 0.0599988 2.384 303 48 1 1 0
./complex_md-fit_50.pdb BC A 6.44414 34.6267 -12.1337 -7.92635 -14.7296 -23.7993 -1.00103 40.1119 -23.7008 5.40629 8.68871 4.45384 0 0 0 0.356459 2.66479 0 0 0 0 0 0.00620419 2.384 303 49 0 0 0
./complex_md-fit_510.pdb BC A 8.68829 32.3778 -10.1834 -7.7634 -12.4722 -24.834 -0.525348 43.9149 -24.4866 3.23837 8.07783 4.50292 0 0 0 0.137065 2.4227 -0.0340871 0 0 0 0 0.0611268 2.384 303 50 0 0 0
./complex_md-fit_511.pdb BC A 8.91224 30.7551 -11.6079 -6.61401 -12.3123 -23.8998 -0.947982 41.1765 -23.7155 4.56172 6.5318 3.39111 0 0 0 0.178513 2.38183 -0.0206828 0 0 0 0 0.0626779 2.384 303 51 2 2 0
./complex_md-fit_512.pdb BC A 10.2089 39.1219 -8.29745 -6.4923 -11.9484 -23.0837 -0.901606 39.4143 -22.6036 6.54824 6.54803 3.90454 0 0 0 0.290587 2.32618 -0.0198778 0 0 0 0 0.0462323 2.384 303 45 1 1 0
./complex_md-fit_513.pdb BC A 6.09846 35.7516 -7.4189 -7.1215 -12.2858 -24.6135 -1.06733 44.1494 -24.3447 6.32511 7.22115 3.74875 0 0 0 0.495518 3.32047 0.0255399 0 0 0 0 0.0484589 2.384 303 53 1 1 0
./complex_md-fit_514.pdb BC A 6.58767 41.3747 -13.3336 -8.1035 -10.8125 -24.9808 -1.00807 42.9527 -24.781 3.70093 7.63963 1.55508 0 0 0 0.464909 2.35485 0.0217441 0 0 0 0 0.0173826 2.384 303 49 0 0 0
./complex_md-fit_515.pdb BC A 7.21523 37.3529 -11.8711 -5.32017 -12.3161 -24.7799 -1.12748 42.815 -24.6802 3.85747 6.39918 3.09805 0 0 0 0.16098 3.65243 0.0220609 0 0 0 0 0 2.384 303 51 0 0 0
./complex_md-fit_516.pdb BC A 7.89177 40.541 -11.8608 -6.64459 -16.1575 -25.1703 -1.19484 44.5124 -24.354 5.89993 8.39382 2.70509 0 0 0 0.0998087 2.12696 0.0377009 0 0 0 0 0.0117219 2.384 303 50 2 2 0
./complex_md-fit_517.pdb BC A 9.36663 33.0807 -9.1741 -8.40883 -14.5119 -24.6138 -0.827491 43.9875 -24.0461 5.29942 9.32703 4.52843 0 0 0 0.0808693 2.22096 0 0 0 0 0 0.010742 2.384 303 51 2 2 0
./complex_md-fit_518.pdb BC A 7.68494 37.643 -16.1356 -8.36503 -14.6222 -24.6765 -0.910729 42.1213 -24.3855 2.51494 8.63804 3.39608 0 0 0 0.157075 2.19892 -0.0309535 0 0 0 0 0.027935 2.384 303 50 0 0 0
./complex_md-fit_519.pdb BC A 7.30289 31.5947 -8.31298 -9.15884 -11.828 -24.2603 -0.965672 43.8647 -23.2547 5.37248 9.03758 2.75701 0 0 0 0.140384 2.25049 -0.0265052 0 0 0 0 0.0088593 2.384 303 51 1 1 0
./complex_md-fit_51.pdb BC A 6.32216 33.3549 -6.44782 -4.69688 -8.54671 -22.3032 -0.824332 39.2234 -21.8176 4.20497 5.60657 2.24374 0 0 0 0.462174 2.01601 0 0 0 0 0 0 2.384 303 46 0 0 0
./complex_md-fit_520.pdb BC A 7.53046 40.0389 -5.11684 -8.46142 -12.1662 -24.5811 -0.815726 44.9902 -24.0791 4.73777 9.78924 5.29351 0 0 0 0.164649 2.22889 0.0113179 0 0 0 0 0 2.384 303 50 0 0 0
./complex_md-fit_521.pdb BC A 7.51887 33.4403 -8.39621 -7.78061 -13.5188 -24.093 -0.816224 42.8113 -23.5833 5.04849 9.24652 4.02602 0 0 0 0.227366 2.22494 0.0213635 0 0 0 0 0.0147261 2.384 303 50 0 0 0
./complex_md-fit_522.pdb BC A 8.04098 32.5143 -9.66052 -7.60856 -14.0456 -24.8394 -1.03395 43.0731 -24.269 6.59654 8.89504 3.23629 0 0 0 0.34044 2.31528 -0.0143313 0 0 0 0 0.00890388 2.384 303 48 1 1 0
./complex_md-fit_523.pdb BC A 7.30173 32.5384 -14.6401 -6.69344 -14.3524 -24.5036 -1.104 41.9632 -24.286 2.60645 7.01524 4.43988 0 0 0 0.261172 2.609 -0.0108441 0 0 0 0 0.0242936 2.384 303 51 0 0 0
./complex_md-fit_524.pdb BC A 11.9467 36.2828 -7.31435 -7.33444 -10.1122 -23.5909 -1.04798 40.4752 -22.908 5.3348 7.38202 4.21302 0 0 0 0.228143 2.13806 0.0275835 0 0 0 0 0.0183585 2.384 303 50 1 1 0
./complex_md-fit_525.pdb BC A 7.58009 31.0242 -6.60756 -6.2339 -9.55214 -24.1604 -0.932073 41.5442 -24.0522 4.84083 7.13121 4.48328 0 0 0 0.331712 2.31875 -0.0151046 0 0 0 0 0.00708703 2.384 303 49 0 0 0
./complex_md-fit_526.pdb BC A 6.1282 29.5672 -0.440262 -5.50774 -12.2214 -24.4033 -0.891271 45.0689 -23.669 6.43955 10.0419 3.86872 0 0 0 0.795265 2.57618 0.0270758 0 0 0 0 0.0109372 2.384 303 52 0 0 0
./complex_md-fit_527.pdb BC A 7.38296 39.3974 -7.5512 -8.7416 -15.7565 -25.2991 -1.13205 46.1729 -24.4807 7.84027 9.46105 3.94681 0 0 0 0.414779 2.74447 -0.0157802 0 0 0 0 0.0387581 2.384 303 53 1 1 0
./complex_md-fit_528.pdb BC A 6.50062 29.7933 -6.03293 -7.34891 -11.3149 -25.3958 -0.816996 45.9907 -24.6675 6.35894 7.29295 3.73058 0 0 0 0.167163 3.87757 -0.0292161 0 0 0 0 0 2.384 303 51 1 1 0
./complex_md-fit_529.pdb BC A 7.05309 41.1348 -3.98302 -7.75026 -11.3662 -25.3472 -1.11598 46.1439 -24.6809 6.70736 8.14067 4.45903 0 0 0 0.818801 3.95519 -0.0110621 0 0 0 0 0.0187839 2.384 303 52 0 0 0
./complex_md-fit_52.pdb BC A 7.08266 29.7226 -6.31923 -5.56627 -11.2239 -22.7425 -0.873434 40.5804 -22.1938 5.02518 7.64132 2.69757 0 0 0 0.309241 2.1657 0.0190595 0 0 0 0 0.00792146 2.384 303 46 1 1 0
./complex_md-fit_530.pdb BC A 7.43439 26.8402 -11.1657 -7.48024 -16.3482 -23.5028 -1.24696 42.4053 -22.5858 5.46524 8.73196 3.19953 0 0 0 0.16083 2.64543 0.0201451 0 0 0 0 0.0153209 2.384 303 49 2 2 0
./complex_md-fit_531.pdb BC A 6.86027 37.1081 -5.20633 -6.06285 -14.4688 -24.8075 -1.40606 47.0636 -23.8729 7.28703 8.32007 2.34616 0 0 0 0.364303 3.80344 0.0113026 0 0 0 0 0.0193733 2.384 303 51 2 2 0
./complex_md-fit_532.pdb BC A 10.0901 35.7076 -11.332 -7.53138 -17.5536 -24.8343 -1.45002 44.2655 -23.9819 5.67342 9.53934 4.18706 0 0 0 0.370671 2.63879 -0.017645 0 0 0 0 0.000875672 2.384 303 52 0 0 0
./complex_md-fit_533.pdb BC A 8.52136 26.0695 -14.5796 -7.16849 -16.6428 -24.1176 -1.13053 40.3334 -24.1024 6.29964 6.85321 4.7337 0 0 0 0.358311 2.37586 -0.0162595 0 0 0 0 0.0201846 2.384 303 50 2 2 0
./complex_md-fit_534.pdb BC A 8.84779 35.1699 -11.33 -8.31126 -15.8501 -24.7848 -1.14465 44.2773 -24.3749 5.37219 9.14387 3.84562 0 0 0 0.47516 3.67222 0.0215735 0 0 0 0 0 2.384 303 50 0 0 0
./complex_md-fit_535.pdb BC A 6.23271 31.1124 -16.4256 -8.8836 -16.2246 -24.7271 -1.23689 43.5152 -24.0383 3.4234 8.31666 3.02208 0 0 0 0.395701 2.12141 -0.0208288 0 0 0 0 0.032716 2.384 303 49 0 0 0
./complex_md-fit_536.pdb BC A 10.9151 40.5334 -14.1849 -9.75359 -16.5954 -24.3249 -1.09853 42.07 -24.054 5.63186 8.9639 4.58929 0 0 0 0.407861 2.36028 -0.0215197 0 0 0 0 0 2.384 303 50 1 1 0
./complex_md-fit_537.pdb BC A 7.40269 31.7721 -19.0471 -8.99446 -16.7826 -23.8956 -1.07442 39.5688 -23.6189 3.30517 8.15922 4.12755 0 0 0 0.158114 2.85052 -5.55112e-17 0 0 0 0 0 2.384 303 47 0 0 0
./complex_md-fit_538.pdb BC A 7.35042 36.1171 -5.68041 -6.43068 -13.7344 -24.119 -1.04946 42.7007 -23.4083 8.51463 7.43988 4.01175 0 0 0 0.390321 2.49595 0.00420133 0 0 0 0 0 2.384 303 50 2 2 0
./complex_md-fit_539.pdb BC A 11.4255 34.4329 -3.05044 -7.91509 -10.5651 -26.5148 -1.13343 46.768 -26.082 8.33638 8.49278 5.04877 0 0 0 0.527754 2.58835 -0.0136789 0 0 0 0 0 2.384 303 52 2 2 0
./complex_md-fit_53.pdb BC A 5.99689 31.0893 -11.475 -6.37991 -13.4366 -22.9044 -0.801632 39.3158 -22.403 3.50266 6.92589 4.21999 0 0 0 0.46323 2.11598 0.0228992 0 0 0 0 0 2.384 303 49 0 0 0
./complex_md-fit_540.pdb BC A 6.32797 43.9259 -8.5813 -8.24165 -12.9269 -24.8104 -0.98535 44.9183 -24.4516 5.69407 9.08779 2.81434 0 0 0 0.352492 2.34931 -0.0324539 0 0 0 0 0 2.384 303 49 0 0 0
./complex_md-fit_541.pdb BC A 8.8001 33.1614 -15.9782 -9.17833 -17.3858 -25.4863 -1.23401 45.0417 -24.9065 3.91706 8.61544 4.43248 0 0 0 0.200246 2.62512 0 0 0 0 0 0.00575331 2.384 303 49 1 1 0
./complex_md-fit_542.pdb BC A 7.23111 37.5836 -5.64364 -5.88294 -13.8787 -24.5324 -1.1325 44.4775 -23.9541 7.60401 8.40489 3.14635 0 0 0 0.104272 2.80558 -2.77556e-17 0 0 0 0 0 2.384 303 49 2 2 0
./complex_md-fit_543.pdb BC A 7.82376 34.277 -12.8195 -7.53063 -17.686 -25.3001 -1.19709 44.8654 -25.1874 5.37596 8.3351 4.72016 0 0 0 0.763717 3.20267 0.0149753 0 0 0 0 0.0064712 2.384 303 52 2 2 0
./complex_md-fit_544.pdb BC A 7.77296 45.4217 -10.5987 -8.18958 -15.0132 -24.2301 -1.15623 42.9548 -23.751 6.12045 9.5884 2.65977 0 0 0 0.442143 2.2263 -0.0295651 0 0 0 0 0.00547367 2.384 303 50 1 1 0
./complex_md-fit_545.pdb BC A 8.38876 37.9952 -10.4353 -8.78027 -14.242 -24.0025 -1.15171 42.8249 -23.657 4.73828 9.66463 3.51904 0 0 0 0.674429 2.35953 -0.0231159 0 0 0 0 0 2.384 303 52 0 0 0
./complex_md-fit_546.pdb BC A 7.08972 38.3661 -14.3526 -8.93124 -15.6065 -24.719 -1.07002 42.7149 -24.465 2.79439 9.52086 4.92643 0 0 0 0.52081 2.00305 -0.0381766 0 0 0 0 0 2.384 303 50 0 0 0
./complex_md-fit_547.pdb BC A 8.12958 36.1072 -4.17249 -7.11131 -12.2512 -25.3449 -1.00201 45.6451 -24.8015 7.51707 9.3449 3.38031 0 0 0 0.454695 2.48583 -0.00359126 0 0 0 0 0 2.384 303 49 3 3 0
./complex_md-fit_548.pdb BC A 7.10239 38.6455 -5.88204 -6.77153 -14.7763 -25.1247 -1.15102 45.1906 -24.6215 9.04513 8.31223 3.3335 0 0 0 0.670578 3.26992 0.0109716 0 0 0 0 0 2.384 303 50 2 2 0
./complex_md-fit_549.pdb BC A 7.81589 38.7618 -12.5664 -7.11793 -15.6711 -24.5633 -0.981331 43.0947 -24.2248 5.90991 7.78077 2.6628 0 0 0 0.564118 3.1128 -0.0201657 0 0 0 0 0 2.384 303 50 2 2 0
./complex_md-fit_54.pdb BC A 7.71912 28.1936 -7.94924 -6.63561 -11.6618 -23.1583 -0.820441 41.0169 -23.1204 5.1988 7.30611 3.78151 0 0 0 0.0726964 2.46892 0.0713575 0 0 0 0 0 2.384 303 47 0 0 0
./complex_md-fit_550.pdb BC A 9.09923 36.6178 -13.1147 -7.94471 -15.6643 -25.6873 -0.983177 44.9872 -25.8763 5.27071 8.70594 3.89003 0 0 0 0.170897 3.47703 0.0162297 0 0 0 0 0 2.384 303 47 2 2 0
./complex_md-fit_551.pdb BC A 10.2903 43.3788 -11.7789 -8.21894 -16.6619 -25.4334 -1.07407 45.6719 -24.5685 5.2742 9.11597 3.32695 0 0 0 0.76383 4.1613 0.0250613 0 0 0 0 0 2.384 303 50 1 1 0
./complex_md-fit_552.pdb BC A 7.04978 32.6746 -14.3417 -9.65374 -15.3215 -24.5757 -0.960336 43.0452 -24.1541 3.91757 8.5189 4.49321 0 0 0 0.367144 2.43042 -0.018327 0 0 0 0 0 2.384 303 47 0 0 0
./complex_md-fit_553.pdb BC A 11.9845 30.4802 -13.321 -9.5686 -13.8214 -24.5222 -1.07818 41.2633 -24.2533 4.65747 9.50113 4.02462 0 0 0 0.487391 2.59339 -0.0112533 0 0 0 0 0 2.384 303 48 1 1 0
./complex_md-fit_554.pdb BC A 7.91917 33.7387 -13.3334 -7.6719 -16.1621 -25.2456 -1.18561 42.5164 -24.9413 6.14781 8.32602 4.45115 0 0 0 0.454562 2.35269 -0.0228034 0 0 0 0 0 2.384 303 50 3 3 0
./complex_md-fit_555.pdb BC A 8.94513 33.4763 -2.26474 -5.94596 -14.8352 -25.5967 -1.18797 46.1907 -24.8208 9.55339 8.77994 5.21909 0 0 0 0.371335 2.3642 0.00746313 0 0 0 0 0 2.384 303 50 2 2 0
./complex_md-fit_556.pdb BC A 6.44402 40.3207 -7.34807 -8.10039 -13.8955 -24.7594 -1.07568 44.8828 -23.9505 6.32952 8.2216 4.75692 0 0 0 0.257397 2.36657 -0.0148301 0 0 0 0 0 2.384 303 53 3 3 0
./complex_md-fit_557.pdb BC A 9.16359 36.4847 -12.7975 -7.08504 -14.9957 -25.548 -1.08978 43.9577 -25.4215 3.51684 9.36355 4.26464 0 0 0 0.230578 4.08151 0.00921943 0 0 0 0 0 2.384 303 50 0 0 0
./complex_md-fit_558.pdb BC A 6.87445 34.6625 -12.2705 -6.66133 -15.009 -26.2281 -1.03311 44.7607 -26.3071 6.33369 8.88341 2.84401 0 0 0 0.146278 4.23613 0 0 0 0 0 0 2.384 303 50 2 2 0
./complex_md-fit_559.pdb BC A 6.84746 37.7993 -14.431 -7.48013 -14.2894 -24.1279 -1.1175 41.2249 -23.5741 3.04467 7.37264 4.35097 0 0 0 0.202468 2.58847 -0.0377353 0 0 0 0 0 2.384 303 50 1 1 0
./complex_md-fit_55.pdb BC A 8.36883 34.3703 -9.61968 -7.55277 -9.99985 -21.9675 -0.841045 39.157 -21.574 2.54527 6.75988 3.13573 0 0 0 0.691768 2.33452 0.0258051 0 0 0 0 0 2.384 303 48 0 0 0
./complex_md-fit_560.pdb BC A 7.58369 28.1326 -1.89932 -7.42384 -10.9723 -25.1967 -1.05328 44.0752 -24.9313 8.73284 9.13099 5.50719 0 0 0 0.20816 2.57055 0.00351503 0 0 0 0 0.0201476 2.384 303 48 3 3 0
./complex_md-fit_561.pdb BC A 6.14076 34.2618 -10.1702 -7.0814 -13.8395 -25.0736 -1.19911 43.7111 -24.8223 4.59089 8.58315 4.53938 0 0 0 0.410978 2.13201 0.00613826 0 0 0 0 0.00410864 2.384 303 52 0 0 0
./complex_md-fit_562.pdb BC A 8.98375 31.251 -15.9666 -8.16021 -13.872 -23.3178 -1.10996 39.4867 -23.2649 1.30759 8.99677 3.60057 0 0 0 0.381226 3.57093 -0.0145712 0 0 0 0 0 2.384 303 52 0 0 0
./complex_md-fit_563.pdb BC A 7.63425 30.0474 -14.436 -7.35622 -15.6648 -23.7172 -0.890307 40.5811 -23.2967 3.37316 9.13723 3.13211 0 0 0 0.1964 2.76792 0.00584051 0 0 0 0 0.0634568 2.384 303 50 0 0 0
./complex_md-fit_564.pdb BC A 7.63957 30.2096 -17.3099 -8.43916 -17.3831 -23.7791 -0.84833 40.453 -23.315 2.27175 9.44551 4.06989 0 0 0 0.165893 2.01402 0 0 0 0 0 0.0487719 2.384 303 48 0 0 0
./complex_md-fit_565.pdb BC A 8.92337 31.3712 -14.1936 -8.19908 -14.9159 -25.02 -1.15644 42.9635 -24.9102 3.77963 8.92799 4.02837 0 0 0 0.282608 2.4948 0.0206927 0 0 0 0 0.00524925 2.384 303 52 0 0 0
./complex_md-fit_566.pdb BC A 9.8251 30.1611 -9.83991 -7.61196 -11.7566 -24.7091 -0.930588 42.4828 -24.665 5.13207 7.71658 4.01955 0 0 0 0.451352 2.21924 0.0099494 0 0 0 0 0.0210912 2.384 303 51 1 1 0
./complex_md-fit_567.pdb BC A 6.3045 31.7773 -5.06804 -5.87681 -13.2675 -23.4579 -1.01288 43.0941 -22.3997 6.02923 7.89219 3.73254 0 0 0 0.198681 2.65323 0 0 0 0 0 0 2.384 303 49 2 2 0
./complex_md-fit_568.pdb BC A 6.43416 44.8433 -13.605 -8.79883 -14.804 -24.9145 -0.959053 42.9592 -24.9064 4.18661 8.78464 4.59508 0 0 0 0.275443 2.66376 -0.0432685 0 0 0 0 0.0200265 2.384 303 53 0 0 0
./complex_md-fit_569.pdb BC A 7.42296 35.8776 -6.79132 -8.2247 -12.8101 -24.9486 -0.87762 44.926 -24.6077 5.19414 10.4972 3.69845 0 0 0 0.334372 3.73496 -0.0118013 0 0 0 0 0.0390062 2.384 303 54 2 2 0
./complex_md-fit_56.pdb BC A 7.5933 33.0168 -5.37371 -5.81756 -10.6062 -23.2496 -0.918349 40.4856 -23.0181 5.72087 9.15767 2.67113 0 0 0 0.200751 2.56541 0 0 0 0 0 0 2.384 303 47 0 0 0
./complex_md-fit_570.pdb BC A 8.47704 29.7874 -10.7938 -8.41169 -15.4804 -25.0717 -1.17358 44.6686 -24.4937 5.77426 8.97238 4.22029 0 0 0 0.191155 2.63382 0.0106018 0 0 0 0 0 2.384 303 53 2 2 0
./complex_md-fit_571.pdb BC A 7.89334 33.4852 -13.0017 -8.9874 -15.1366 -24.6906 -0.935555 43.4706 -24.4223 4.4384 9.33989 3.32008 0 0 0 0.601843 2.48213 0 0 0 0 0 0 2.384 303 51 1 1 0
./complex_md-fit_572.pdb BC A 8.85538 40.9934 -10.2543 -8.14942 -17.1046 -24.4267 -1.05727 43.8526 -24.0713 6.42765 9.12746 4.80996 0 0 0 0.350753 2.35939 -0.0134775 0 0 0 0 0 2.384 303 52 1 1 0
./complex_md-fit_573.pdb BC A 6.60199 37.0074 -4.08126 -6.9001 -10.5739 -24.0144 -0.919225 43.6132 -23.5638 6.31064 7.43684 4.30426 0 0 0 0.193425 2.18333 0.0317968 0 0 0 0 1.11022e-16 2.384 303 49 1 1 0
./complex_md-fit_574.pdb BC A 8.80914 32.9926 -10.6828 -7.83675 -13.0707 -24.2612 -0.941536 42.7506 -23.9014 4.52788 8.10523 3.69106 0 0 0 0.259082 2.84793 -0.0221717 0 0 0 0 0.0170734 2.384 303 47 2 2 0
./complex_md-fit_575.pdb BC A 7.72708 38.1253 -12.6935 -7.48323 -16.4255 -24.7596 -1.26721 44.3265 -24.5224 3.66945 10.2885 3.10032 0 0 0 0.395297 3.52962 -0.0156908 0 0 0 0 0 2.384 303 49 1 1 0
./complex_md-fit_576.pdb BC A 6.1321 36.5603 -6.79482 -9.28975 -15.0848 -25.2992 -1.11365 47.4704 -24.2793 5.25822 11.2239 4.0563 0 0 0 0.191839 2.74797 0.0457613 0 0 0 0 0.0255408 2.384 303 50 1 1 0
./complex_md-fit_577.pdb BC A 9.58598 29.4643 -1.7192 -7.6152 -13.2586 -25.5467 -1.02756 47.0436 -24.9079 8.13124 9.97888 5.30017 0 0 0 0.227474 2.11846 -0.0445902 0 0 0 0 0 2.384 303 51 1 1 0
./complex_md-fit_578.pdb BC A 8.06312 34.8051 -8.07825 -8.08066 -15.3842 -24.9752 -1.07279 45.2186 -24.1505 6.93918 9.32507 3.97256 0 0 0 0.123627 2.6704 0.006036 0 0 0 0 0 2.384 303 48 0 0 0
./complex_md-fit_579.pdb BC A 7.64548 36.9035 -9.81959 -6.12957 -16.054 -25.5925 -1.3208 45.3324 -25.2942 5.69503 9.72172 3.60204 0 0 0 0.213117 3.34134 0.00720145 0 0 0 0 0 2.384 303 51 2 2 0
./complex_md-fit_57.pdb BC A 9.23144 29.44 -13.9062 -8.67183 -13.8744 -23.6664 -0.975905 40.6798 -23.3459 4.17552 8.21672 3.22701 0 0 0 0.317798 2.26103 0.0113925 0 0 0 0 0 2.384 303 49 0 0 0
./complex_md-fit_580.pdb BC A 8.61778 38.9667 -10.5925 -7.09922 -13.7552 -24.2835 -1.19738 41.5718 -23.5817 6.87464 7.602 2.94445 0 0 0 0.292346 2.52844 0.0216772 0 0 0 0 0.0175982 2.384 303 51 2 2 0
./complex_md-fit_581.pdb BC A 7.2072 34.5683 -6.70263 -6.62493 -8.99364 -23.1229 -1.04723 40.5609 -22.8915 5.47839 6.36054 3.09222 0 0 0 0.473917 2.11505 0.0116125 0 0 0 0 0 2.384 303 47 0 0 0
./complex_md-fit_582.pdb BC A 6.79132 35.2577 -11.6702 -7.56223 -13.635 -23.9186 -1.18077 40.8672 -23.7696 5.64723 7.50104 4.25865 0 0 0 0.134379 2.17585 -0.012386 0 0 0 0 0 2.384 303 50 0 0 0
./complex_md-fit_583.pdb BC A 7.3935 29.5419 -11.7331 -8.94042 -11.8382 -24.1286 -1.16178 40.822 -24.042 5.16568 7.5692 4.6657 0 0 0 0.172171 2.46849 -0.0168087 0 0 0 0 0 2.384 303 49 2 2 0
./complex_md-fit_584.pdb BC A 6.66915 35.6191 -5.88149 -7.90027 -10.9294 -24.9292 -1.1414 43.515 -24.715 5.28352 8.16345 5.75352 0 0 0 1.00048 2.6843 -0.0136643 0 0 0 0 0.0315816 2.384 303 49 1 1 0
./complex_md-fit_585.pdb BC A 8.10441 24.9414 -15.389 -7.77487 -13.7836 -24.997 -1.21747 41.6041 -24.9529 5.30755 6.324 3.8855 0 0 0 0.185615 2.78774 -0.000749191 0 0 0 0 0.0307474 2.384 303 48 3 3 0
./complex_md-fit_586.pdb BC A 7.04556 31.7843 -9.07064 -6.74827 -11.9782 -23.755 -1.09449 40.1613 -23.5449 6.19194 7.44516 4.0678 0 0 0 0.216891 1.98744 -0.0328534 0 0 0 0 0 2.384 303 49 2 2 0
./complex_md-fit_587.pdb BC A 8.55369 34.7127 -3.87916 -5.19736 -8.51046 -23.4915 -1.00887 42.3903 -23.1877 4.65748 7.00402 3.06541 0 0 0 0.395749 3.12862 0.00373098 0 0 0 0 0 2.384 303 50 0 0 0
./complex_md-fit_588.pdb BC A 8.06721 37.3453 -4.76215 -5.85057 -10.1251 -24.1728 -1.10968 41.8503 -24.1329 6.65563 7.49983 4.2755 0 0 0 0.309758 2.73714 0.0122886 0 0 0 0 0.0254831 2.384 303 55 1 1 0
./complex_md-fit_589.pdb BC A 7.73753 30.2414 -14.2068 -6.81071 -12.9911 -23.5776 -1.21631 40.6619 -23.3558 2.52481 6.37334 3.65348 0 0 0 0.501031 2.74993 0.0301247 0 0 0 0 0 2.384 303 51 0 0 0
./complex_md-fit_58.pdb BC A 7.00044 28.6862 -9.49741 -7.16837 -12.4443 -24.0066 -0.896244 41.8369 -24.1634 6.24568 7.56788 3.31324 0 0 0 0.241321 2.82633 -0.0234607 0 0 0 0 0 2.384 303 51 1 1 0
./complex_md-fit_590.pdb BC A 7.10234 35.4976 -12.7369 -8.69796 -13.997 -23.6775 -1.19286 40.3102 -23.2643 6.92802 7.8263 2.83166 0 0 0 0.21441 2.08738 -0.0230533 0 0 0 0 0.0052849 2.384 303 48 2 2 0
./complex_md-fit_591.pdb BC A 8.12223 38.893 -13.8717 -9.25326 -14.1979 -23.343 -1.15704 40.9322 -22.7632 3.80047 7.27066 3.79739 0 0 0 0.992806 2.66641 0.0231199 0 0 0 0 0.0259685 2.384 303 48 1 1 0
./complex_md-fit_592.pdb BC A 9.88193 33.9353 -6.15834 -6.44804 -10.6399 -23.9279 -1.12764 41.496 -23.6697 6.75415 7.21363 3.67749 0 0 0 0.47718 2.64369 0.0229344 0 0 0 0 0.0134952 2.384 303 49 1 1 0
./complex_md-fit_593.pdb BC A 10.0244 33.5158 -8.392 -7.92152 -12.162 -24.421 -1.11223 42.3289 -24.2237 9.36218 7.06721 2.36473 0 0 0 0.342933 2.07777 -0.017554 0 0 0 0 0 2.384 303 53 2 2 0
./complex_md-fit_594.pdb BC A 7.39786 35.8563 -7.85566 -6.6615 -12.0639 -24.5959 -1.16552 42.2134 -24.4297 7.34884 6.9218 4.23822 0 0 0 0.311011 2.82122 0.0276117 0 0 0 0 0 2.384 303 52 1 1 0
./complex_md-fit_595.pdb BC A 6.82424 43.3098 -6.63989 -6.03862 -11.9863 -23.7551 -1.03514 41.634 -23.3679 6.8723 7.10808 3.59164 0 0 0 0.316432 2.89097 0.0207284 0 0 0 0 0 2.384 303 49 2 2 0
./complex_md-fit_596.pdb BC A 9.91615 37.1179 -11.4059 -7.86648 -13.5084 -23.8184 -1.06119 42.4877 -23.4825 3.43106 7.02148 5.03364 0 0 0 0.317736 3.48823 0.0394954 0 0 0 0 0 2.384 303 52 1 1 0
./complex_md-fit_597.pdb BC A 6.17196 41.8968 -11.3306 -5.69916 -15.8482 -24.0804 -1.12363 41.4013 -23.7812 6.72668 7.37522 3.49189 0 0 0 0.184657 3.17874 0.0220835 0 0 0 0 0 2.384 303 46 3 3 0
./complex_md-fit_598.pdb BC A 8.82065 24.0119 -18.4544 -8.53778 -17.2411 -23.858 -1.20386 40.0315 -23.7027 3.65298 8.6292 3.53839 0 0 0 0.21539 2.40238 0 0 0 0 0 0.0216126 2.384 303 48 0 0 0
./complex_md-fit_599.pdb BC A 7.61941 30.8472 -14.9236 -9.96219 -16.1962 -23.5148 -1.13595 41.0805 -23.1773 3.70189 9.63993 4.33568 0 0 0 0.283451 2.48864 0.021359 0 0 0 0 0 2.384 303 48 0 0 0
./complex_md-fit_59.pdb BC A 7.38482 27.7308 -8.01816 -6.76785 -11.4942 -23.1121 -0.915057 40.8258 -23.4683 4.34994 8.95535 3.3341 0 0 0 0.253473 1.94587 0.0206901 0 0 0 0 0 2.384 303 51 0 0 0
./complex_md-fit_5.pdb BC A 7.11715 35.4185 -12.8931 -8.93315 -10.8905 -23.482 -1.07754 40.4512 -23.3327 4.09038 8.40075 1.45889 0 0 0 0.408705 2.31594 0.0128535 0 0 0 0 0 2.384 303 49 1 1 0
./complex_md-fit_600.pdb BC A 5.78855 33.7838 -13.769 -7.78168 -16.4548 -22.7881 -1.16939 38.9938 -22.2502 5.03668 8.27123 4.07659 0 0 0 0.239661 2.10341 0.0223894 0 0 0 0 0.0347987 2.384 303 47 2 2 0
./complex_md-fit_601.pdb BC A 7.4008 28.196 -13.3429 -7.19976 -16.5762 -25.102 -1.449 43.5731 -25.1672 5.7922 8.5113 3.88124 0 0 0 0.345175 2.353 0.0240521 0 0 0 0 0.024319 2.384 303 51 2 2 0
./complex_md-fit_602.pdb BC A 5.85251 32.9953 -7.211 -5.66923 -12.5722 -24.2406 -0.958846 43.927 -23.4044 2.32624 8.3132 4.59614 0 0 0 0.471645 2.59079 0 0 0 0 0 0 2.384 303 51 0 0 0
./complex_md-fit_603.pdb BC A 6.48015 40.3577 -10.0498 -6.34164 -14.0955 -24.4395 -1.40312 42.7771 -23.9721 5.79965 7.70069 3.28721 0 0 0 0.637476 3.74978 0 0 0 0 0 0 2.384 303 50 2 2 0
./complex_md-fit_604.pdb BC A 6.04253 38.4299 -15.0018 -7.63688 -15.9086 -24.2949 -1.34513 41.828 -24.0888 5.02609 7.79992 3.26514 0 0 0 0.353413 2.08045 0 0 0 0 0 0 2.384 303 49 2 2 0
./complex_md-fit_605.pdb BC A 7.55272 41.0923 -12.1219 -7.6877 -12.6105 -24.7284 -1.20042 43.1432 -24.5853 3.41623 8.50393 3.35466 0 0 0 0.250625 2.48509 0.021764 0 0 0 0 0 2.384 303 50 0 0 0
./complex_md-fit_606.pdb BC A 7.33772 36.8321 -8.49075 -7.95066 -14.0764 -24.1539 -1.06405 42.8154 -23.4895 6.57783 8.33543 4.38865 0 0 0 0.126503 2.23111 0 0 0 0 0 0 2.384 303 50 0 0 0
./complex_md-fit_607.pdb BC A 5.30939 33.7663 -16.7349 -8.047 -14.9399 -24.0211 -1.13911 40.1569 -24.1479 4.31171 6.50754 3.8491 0 0 0 0.67929 2.30923 0.0275244 0 0 0 0 0.0280814 2.384 303 48 2 2 0
./complex_md-fit_608.pdb BC A 6.24761 34.1885 -12.2764 -8.13734 -14.2254 -23.9973 -0.986098 42.4193 -23.3919 3.97831 7.29446 4.45013 0 0 0 0.26202 2.33228 0.0289301 0 0 0 0 0.0285616 2.384 303 51 1 1 0
./complex_md-fit_609.pdb BC A 9.42745 32.4943 -11.9024 -7.18779 -14.7885 -24.7864 -1.27361 43.2387 -24.4492 6.09478 7.13303 3.77272 0 0 0 0.303828 2.32592 0.0400809 0 0 0 0 0 2.384 303 49 2 2 0
./complex_md-fit_60.pdb BC A 8.77842 36.5639 -5.94842 -5.0838 -10.7491 -23.0741 -1.0228 40.7772 -22.9283 5.53791 7.7546 2.66034 0 0 0 0.174118 3.2611 0 0 0 0 0 0.00557455 2.384 303 50 1 1 0
./complex_md-fit_610.pdb BC A 7.1999 27.1065 -16.5192 -7.12589 -15.2435 -23.8939 -1.08566 40.3713 -23.8305 4.0671 6.22409 3.68464 0 0 0 0.313125 2.14601 1.11022e-16 0 0 0 0 0 2.384 303 50 1 1 0
./complex_md-fit_611.pdb BC A 9.52481 36.748 -18.0295 -7.62235 -18.5884 -24.2115 -1.10777 40.397 -24.2312 6.01902 7.39251 3.76241 0 0 0 0.139699 2.35655 0.0210782 0 0 0 0 0 2.384 303 48 2 2 0
./complex_md-fit_612.pdb BC A 7.78198 34.3753 -5.12231 -6.28853 -11.6242 -23.0198 -1.06826 39.4884 -22.7366 10.7373 5.39598 3.46682 0 0 0 0.4884 2.26573 0.0381985 0 0 0 0 0 2.384 303 49 4 4 0
./complex_md-fit_613.pdb BC A 10.6916 38.572 -15.7556 -5.91302 -12.6047 -22.9698 -1.05765 35.9766 -22.9953 4.02837 5.40122 3.48772 0 0 0 0.868241 2.18895 -2.77556e-17 0 0 0 0 0.0226789 2.384 303 46 1 1 0
./complex_md-fit_614.pdb BC A 8.86528 27.2403 -18.1896 -6.28535 -13.2818 -22.9187 -1.05669 37.905 -22.7993 1.89417 4.66353 3.43831 0 0 0 0.251389 2.23081 0 0 0 0 0 0 2.384 303 46 0 0 0
./complex_md-fit_615.pdb BC A 9.14973 31.0917 -8.47641 -5.05185 -12.794 -23.785 -1.11241 40.718 -23.6976 6.85853 6.30687 3.60317 0 0 0 0.477872 2.45783 0 0 0 0 0 0 2.384 303 48 2 2 0
./complex_md-fit_616.pdb BC A 6.78492 26.1846 -8.4814 -5.90371 -10.2296 -23.5022 -1.16231 39.265 -23.7391 6.00034 6.16921 4.26252 0 0 0 0.320963 2.36072 0.0224534 0 0 0 0 0.0150273 2.384 303 47 1 1 0
./complex_md-fit_617.pdb BC A 10.1729 30.8651 -17.8192 -7.58148 -15.6956 -24.9517 -1.14938 42.1256 -24.3998 3.823 6.43936 2.98115 0 0 0 0.567707 3.68178 0.020102 0 0 0 0 0.00176364 2.384 303 47 0 0 0
./complex_md-fit_618.pdb BC A 5.90551 33.379 -15.0091 -7.37333 -14.3227 -23.8353 -0.997157 39.2568 -24.0946 4.34248 6.94493 4.59506 0 0 0 0.454767 2.07441 0.0197915 0 0 0 0 0 2.384 303 49 1 1 0
./complex_md-fit_619.pdb BC A 7.81175 29.8303 -15.2674 -6.68005 -15.5555 -24.3147 -1.05152 41.1123 -24.2928 3.43933 7.1874 4.38269 0 0 0 0.505555 2.47393 0 0 0 0 0 0 2.384 303 50 0 0 0
./complex_md-fit_61.pdb BC A 7.87226 35.5793 -3.63449 -7.22358 -8.1776 -21.9302 -0.891912 39.2577 -21.901 5.78018 7.42041 2.78909 0 0 0 1.18363 2.55354 0.058773 0 0 0 0 0 2.384 303 48 2 2 0
./complex_md-fit_620.pdb BC A 8.97199 37.2138 -15.7493 -8.52503 -15.3574 -24.4572 -1.16768 40.7224 -24.3105 4.2789 8.11222 4.19365 0 0 0 0.76138 2.62951 0 0 0 0 0 0 2.384 303 51 0 0 0
./complex_md-fit_621.pdb BC A 7.41515 28.6777 -7.31901 -5.67447 -13.0152 -24.3476 -1.15202 41.4375 -24.5668 6.76722 7.94778 4.94369 0 0 0 0.340987 2.04522 0 0 0 0 0 0 2.384 303 50 1 1 0
./complex_md-fit_622.pdb BC A 7.25562 31.2117 -10.1644 -7.3203 -13.2764 -24.2339 -1.12363 41.924 -23.9108 4.14307 8.24646 4.91865 0 0 0 0.443008 2.47104 0.0205691 0 0 0 0 0.00496336 2.384 303 50 1 1 0
./complex_md-fit_623.pdb BC A 6.79973 28.6939 -14.3531 -10.0532 -16.1773 -24.6693 -1.24853 42.355 -24.4481 5.51682 9.53676 4.6031 0 0 0 0.20234 2.85606 0.0292748 0 0 0 0 0 2.384 303 48 1 1 0
./complex_md-fit_624.pdb BC A 12.87 37.5598 -15.9576 -9.97755 -17.8853 -24.1208 -1.34155 42.2683 -23.7988 4.9587 9.61966 3.91247 0 0 0 0.385211 2.21559 0.0220229 0 0 0 0 0 2.384 303 51 2 2 0
./complex_md-fit_625.pdb BC A 6.83541 41.414 -17.5501 -8.75364 -16.37 -24.6749 -1.2378 42.2528 -24.4542 2.9819 8.02533 4.33744 0 0 0 0.323978 2.14634 0 0 0 0 0 0.0190604 2.384 303 52 0 0 0
./complex_md-fit_626.pdb BC A 9.53768 33.3769 -10.8544 -8.60746 -13.9146 -24.6742 -1.21204 44.0532 -24.6541 5.22464 9.03006 3.50766 0 0 0 0.402694 2.58446 -0.0103442 0 0 0 0 0 2.384 303 52 0 0 0
./complex_md-fit_627.pdb BC A 7.2904 38.7829 -6.79211 -6.12646 -10.5218 -23.4135 -1.03986 40.6229 -22.9697 4.86843 7.7514 3.66211 0 0 0 0.362756 2.16316 0 0 0 0 0 0.0115884 2.384 303 50 2 2 0
./complex_md-fit_628.pdb BC A 9.23257 29.9924 -13.0159 -6.81035 -14.6651 -22.537 -1.10581 38.3267 -22.2365 2.95558 7.89549 4.88354 0 0 0 0.256631 2.16512 0.020934 0 0 0 0 0 2.384 303 48 1 1 0
./complex_md-fit_629.pdb BC A 7.60039 31.4419 -12.2177 -7.99778 -15.034 -24.7507 -1.16432 41.5128 -24.6614 5.01634 9.32665 4.46571 0 0 0 1.05642 2.26887 0.0125419 0 0 0 0 0 2.384 303 51 0 0 0
./complex_md-fit_62.pdb BC A 6.2869 25.9247 -14.3367 -7.74023 -15.1571 -21.5501 -0.936501 36.1081 -21.619 4.4704 8.26912 3.42164 0 0 0 0.325768 1.66978 0.0711151 0 0 0 0 0 2.384 303 50 2 2 0
./complex_md-fit_630.pdb BC A 9.06765 35.0138 -13.7681 -8.22889 -15.8085 -24.0463 -1.07842 41.3842 -23.2639 2.78847 9.50311 4.62226 0 0 0 0.339396 2.47386 0.0204202 0 0 0 0 0 2.384 303 48 0 0 0
./complex_md-fit_631.pdb BC A 8.18022 30.8765 -8.71051 -4.38862 -13.7168 -22.8234 -1.06271 39.9714 -22.7501 3.83529 8.27649 3.51229 0 0 0 0.435655 2.74469 0 0 0 0 0 0 2.384 303 47 0 0 0
./complex_md-fit_632.pdb BC A 8.2604 36.087 -7.04845 -6.40589 -13.2464 -24.361 -0.93507 41.6031 -24.6393 6.43579 9.2569 4.82476 0 0 0 0.391823 3.46216 0.0267892 0 0 0 0 0 2.384 303 54 1 1 0
./complex_md-fit_633.pdb BC A 9.28017 34.8968 -10.1618 -5.99576 -13.9285 -23.5676 -1.04901 41.0303 -23.4241 4.36557 7.68195 4.51055 0 0 0 0.214656 2.06465 0 0 0 0 0 0 2.384 303 49 0 0 0
./complex_md-fit_634.pdb BC A 9.49795 37.0233 -14.4918 -7.62984 -18.9368 -23.9931 -1.19841 41.3572 -23.8257 5.45656 9.41555 4.66622 0 0 0 0.173026 3.02852 0.0234507 0 0 0 0 0 2.384 303 51 2 2 0
./complex_md-fit_635.pdb BC A 6.56965 32.3839 -4.27483 -5.74931 -9.68481 -24.1268 -1.03774 42.0831 -23.6126 5.95688 7.2669 4.40721 0 0 0 0.203946 2.3021 5.55112e-17 0 0 0 0 0.0183816 2.384 303 52 2 2 0
./complex_md-fit_636.pdb BC A 9.6091 37.07 -7.48689 -7.47247 -13.4025 -23.0214 -1.00265 39.7998 -22.762 6.43751 9.42887 4.30516 0 0 0 0.157454 2.18626 0.0226563 0 0 0 0 0.0226157 2.384 303 51 1 1 0
./complex_md-fit_637.pdb BC A 7.73049 35.3098 -3.54165 -6.85211 -11.5413 -23.9097 -1.01544 44.1024 -23.2824 6.46138 8.34434 3.95461 0 0 0 0.196585 2.53802 0 0 0 0 0 0 2.384 303 49 1 1 0
./complex_md-fit_638.pdb BC A 7.33686 42.5474 -7.52911 -6.02273 -12.0056 -23.9749 -0.949128 42.3346 -23.7949 5.5683 7.15812 3.98939 0 0 0 0.167719 2.32553 0 0 0 0 0 0 2.384 303 47 2 2 0
./complex_md-fit_639.pdb BC A 6.99967 30.1125 -4.97593 -7.09974 -11.6366 -23.1938 -1.06674 40.3016 -22.5764 8.72338 7.08864 4.39531 0 0 0 0.0884843 2.35634 0 0 0 0 0 0 2.384 303 49 2 2 0
./complex_md-fit_63.pdb BC A 7.86796 29.0111 -13.8212 -6.38119 -13.0139 -23.4799 -0.985642 40.1792 -23.1131 3.09738 7.86626 1.86723 0 0 0 0.154167 2.76272 -0.0116625 0 0 0 0 0 2.384 303 48 0 0 0
./complex_md-fit_640.pdb BC A 6.32399 33.5331 -10.9768 -8.49793 -12.1139 -24.0065 -0.932149 41.7491 -24.1342 3.75308 8.54255 4.49238 0 0 0 0.183489 2.29492 -0.0127846 0 0 0 0 0 2.384 303 49 0 0 0
./complex_md-fit_641.pdb BC A 7.10758 41.1649 -10.1613 -8.13526 -17.4541 -25.0206 -1.1714 43.7011 -24.638 6.44388 9.72773 5.62839 0 0 0 0.748526 2.6192 0 0 0 0 0 0.00843155 2.384 303 53 1 1 0
./complex_md-fit_642.pdb BC A 7.23369 32.9329 -12.9047 -7.13538 -11.8186 -22.9297 -0.982903 37.8186 -22.9988 2.83074 6.74074 5.00662 0 0 0 0.534818 2.1281 0 0 0 0 0 0.0291377 2.384 303 50 0 0 0
./complex_md-fit_643.pdb BC A 11.0139 29.858 -6.79481 -6.48427 -9.22453 -24.2859 -0.972809 42.6759 -24.1797 5.0679 7.05471 3.00366 0 0 0 0.558691 2.35631 -0.00839255 0 0 0 0 0 2.384 303 49 0 0 0
./complex_md-fit_644.pdb BC A 8.79843 36.47 -8.07661 -6.09974 -12.2675 -24.2724 -1.11604 43.0459 -24.1462 4.31385 8.53361 3.83436 0 0 0 0.0831582 3.7285 0.0143845 0 0 0 0 0 2.384 303 48 2 2 0
./complex_md-fit_645.pdb BC A 6.98066 34.8888 -13.7219 -6.74619 -11.7493 -23.7329 -0.952068 40.7694 -23.8398 2.5355 5.80407 3.70585 0 0 0 0.476874 2.27115 0 0 0 0 0 0.00669606 2.384 303 47 0 0 0
./complex_md-fit_646.pdb BC A 7.75865 29.1002 -4.74823 -6.5743 -12.9205 -25.5797 -1.23998 44.1996 -25.3428 9.67039 8.73024 4.11817 0 0 0 0.151919 3.16792 0 0 0 0 0 0.0387824 2.384 303 48 2 2 0
./complex_md-fit_647.pdb BC A 6.33828 38.9712 -8.74261 -6.43048 -12.007 -25.4297 -1.08358 44.4347 -25.3368 4.23729 9.01439 3.23342 0 0 0 0.58393 3.2858 0.0393226 0 0 0 0 0.00194639 2.384 303 50 0 0 0
./complex_md-fit_648.pdb BC A 8.57959 32.8681 -10.3003 -8.03853 -12.0566 -23.9279 -1.27555 41.4161 -24.0265 7.94976 6.87693 2.62149 0 0 0 0.173034 2.20786 -0.0124655 0 0 0 0 0 2.384 303 49 1 1 0
./complex_md-fit_649.pdb BC A 8.8806 36.9952 -7.86932 -7.16007 -10.3211 -23.4166 -1.22201 41.2317 -22.8717 5.91167 6.0792 3.52265 0 0 0 0.355078 2.35537 0.0219152 0 0 0 0 0 2.384 303 51 1 1 0
./complex_md-fit_64.pdb BC A 8.09308 30.3 -13.1564 -6.35185 -14.6049 -22.8306 -0.933837 39.7555 -22.5349 4.3893 7.61518 1.72902 0 0 0 0.550791 2.18512 0.0546945 0 0 0 0 0.00521042 2.384 303 53 0 0 0
./complex_md-fit_650.pdb BC A 9.90345 32.0799 -8.44703 -6.22621 -14.2249 -26.3927 -0.982795 45.2847 -26.2055 5.91963 9.8022 4.22557 0 0 0 0.333061 2.53487 0 0 0 0 0 0.0198552 2.384 303 51 3 3 0
./complex_md-fit_651.pdb BC A 9.4594 31.4019 -11.2549 -5.45193 -12.2137 -22.9255 -0.89531 38.0569 -22.6606 4.49761 6.16635 4.01475 0 0 0 0.156646 1.84269 0 0 0 0 0 0 2.384 303 53 1 1 0
./complex_md-fit_652.pdb BC A 9.78706 32.2809 -11.2195 -6.75532 -12.0622 -22.6818 -1.12661 38.5096 -22.5896 4.39882 6.75861 4.08482 0 0 0 0.22521 1.78764 0 0 0 0 0 0.0190662 2.384 303 50 0 0 0
./complex_md-fit_653.pdb BC A 7.53906 29.645 -14.5731 -5.59659 -10.7513 -23.6225 -0.950555 38.9662 -23.6117 2.94418 5.38644 2.5608 0 0 0 0.140127 3.0119 -0.0381662 0 0 0 0 0 2.384 303 53 0 0 0
./complex_md-fit_654.pdb BC A 9.76333 36.1159 -9.02382 -8.10676 -10.9925 -24.9873 -1.03182 42.4196 -24.2843 6.67106 6.91424 3.83701 0 0 0 0.516522 2.49949 0.0204231 0 0 0 0 0 2.384 303 49 1 1 0
./complex_md-fit_655.pdb BC A 8.09795 33.8165 -14.8677 -6.92018 -12.0759 -24.1273 -0.917764 40.0557 -24.1641 2.48396 6.22824 4.189 0 0 0 0.360626 3.65101 0.0199404 0 0 0 0 0 2.384 303 51 0 0 0
./complex_md-fit_656.pdb BC A 6.50319 33.2889 -8.66576 -6.73368 -10.8114 -23.7687 -0.846191 40.6795 -23.5271 5.09736 7.66314 3.34577 0 0 0 0.235549 2.54636 0 0 0 0 0 0 2.384 303 50 2 2 0
./complex_md-fit_657.pdb BC A 8.27803 36.0445 -9.00868 -7.09434 -12.9104 -23.8985 -0.998073 42.4644 -23.3526 5.56902 7.10927 3.40227 0 0 0 0.661626 2.51797 0.0386332 0 0 0 0 0 2.384 303 49 0 0 0
./complex_md-fit_658.pdb BC A 5.77452 27.1895 -7.95165 -6.48458 -10.3411 -23.4292 -0.997386 39.562 -23.041 5.4021 6.88715 3.93146 0 0 0 0.505393 2.28145 0.039676 0 0 0 0 0.0138504 2.384 303 50 0 0 0
./complex_md-fit_659.pdb BC A 8.2215 35.1144 -7.4315 -7.32411 -12.9964 -23.2689 -0.988858 40.739 -22.6206 5.96172 8.36409 4.5391 0 0 0 0.128067 2.11207 0.0352654 0 0 0 0 0 2.384 303 50 3 3 0
./complex_md-fit_65.pdb BC A 10.1057 34.5365 -9.99923 -6.87951 -15.1307 -23.4674 -1.17458 42.6277 -23.2441 4.57455 8.97377 3.51772 0 0 0 0.192983 3.58882 0.010374 0 0 0 0 0 2.384 303 50 1 1 0
./complex_md-fit_660.pdb BC A 8.15826 42.3699 -6.12111 -4.83118 -10.1827 -25.3689 -1.0902 44.6889 -24.7549 4.1608 7.33823 3.83302 0 0 0 0.0566809 2.45319 0.0223626 0 0 0 0 0.00682974 2.384 303 50 0 0 0
./complex_md-fit_661.pdb BC A 6.63242 29.3137 -1.60378 -6.22986 -7.85758 -26.066 -1.1318 45.368 -25.5987 8.67749 6.61271 4.42432 0 0 0 0.15419 2.62865 0.0434291 0 0 0 0 0 2.384 303 50 1 1 0
./complex_md-fit_662.pdb BC A 7.69084 32.1366 -14.6825 -6.74483 -13.6608 -23.4557 -1.04526 39.8738 -23.1669 2.24412 7.62562 3.51004 0 0 0 0.111384 2.48915 0.0132777 0 0 0 0 0.0126309 2.384 303 52 0 0 0
./complex_md-fit_663.pdb BC A 7.26448 35.8171 -13.5017 -6.92969 -12.7368 -24.7466 -1.08302 41.4141 -24.7894 3.96804 8.12979 3.09568 0 0 0 0.153074 2.05108 0.0231929 0 0 0 0 0 2.384 303 49 1 1 0
./complex_md-fit_664.pdb BC A 9.89752 33.3172 -9.36935 -6.69776 -12.3779 -25.4247 -1.12126 43.19 -25.1527 4.84614 9.10782 3.66751 0 0 0 0.593518 2.52762 0 0 0 0 0 0 2.384 303 48 1 1 0
./complex_md-fit_665.pdb BC A 7.69839 33.2603 -18.3425 -9.21485 -18.116 -26.0281 -1.15311 43.6467 -25.896 3.57415 10.0173 4.67408 0 0 0 0.125224 1.96512 0.0280847 0 0 0 0 0 2.384 303 50 0 0 0
./complex_md-fit_666.pdb BC A 6.55861 29.95 -10.1304 -8.08554 -14.2989 -25.9433 -1.12141 45.6395 -25.302 4.59312 9.3314 4.6995 0 0 0 0.299449 2.21572 0.0241206 0 0 0 0 0.0336432 2.384 303 51 1 1 0
./complex_md-fit_667.pdb BC A 5.99867 30.5192 -3.07478 -4.97201 -10.0932 -24.351 -0.933399 42.4614 -23.9538 7.10392 8.21899 3.04341 0 0 0 0.378143 3.4082 0.0228529 0 0 0 0 0 2.384 303 48 4 4 0
./complex_md-fit_668.pdb BC A 6.83102 32.1987 -6.77741 -7.52186 -13.2532 -26.1084 -1.13852 45.7933 -25.897 6.94238 10.1965 3.89959 0 0 0 0.28661 3.23694 0.0231668 0 0 0 0 0 2.384 303 53 2 2 0
./complex_md-fit_669.pdb BC A 8.48426 30.9568 -12.298 -8.19873 -14.705 -24.2586 -1.00518 41.1811 -23.9269 4.30411 9.47914 4.42552 0 0 0 0.406461 2.19634 0 0 0 0 0 0 2.384 303 51 1 1 0
./complex_md-fit_66.pdb BC A 8.28735 37.9964 -8.75503 -5.87202 -13.2721 -23.2121 -1.16588 40.8573 -23.1692 5.78253 7.45562 3.60038 0 0 0 0.225252 2.1681 0.0112654 0 0 0 0 0.00388846 2.384 303 48 0 0 0
./complex_md-fit_670.pdb BC A 8.73404 36.8039 -10.0973 -6.99666 -15.6173 -24.7615 -1.05477 43.033 -24.2323 5.58743 8.94705 4.78783 0 0 0 0.183225 2.19109 0.026807 0 0 0 0 0 2.384 303 50 0 0 0
./complex_md-fit_671.pdb BC A 9.34476 30.9248 -13.1123 -7.58822 -15.193 -24.8193 -1.03899 41.7187 -24.3241 4.91164 8.75518 4.33161 0 0 0 0.111413 2.51697 0.0227711 0 0 0 0 0 2.384 303 48 1 1 0
./complex_md-fit_672.pdb BC A 8.8159 38.3717 -9.0026 -7.18861 -12.4367 -24.6151 -0.970006 42.5626 -24.6041 4.55157 7.33971 4.92806 0 0 0 1.41024 3.04261 0.0197191 0 0 0 0 0 2.384 303 50 1 1 0
./complex_md-fit_673.pdb BC A 7.79002 32.2202 -6.01184 -5.71513 -10.4939 -24.2964 -0.932042 40.8167 -24.5282 7.12665 7.02157 4.68975 0 0 0 0.293611 2.31347 0 0 0 0 0 0.00560801 2.384 303 49 1 1 0
./complex_md-fit_674.pdb BC A 9.14117 29.4778 -14.4145 -8.61915 -19.0809 -25.7398 -1.08347 44.1422 -25.0343 5.32655 10.7768 4.43763 0 0 0 0.459986 2.55008 1.11022e-16 0 0 0 0 0 2.384 303 52 1 1 0
./complex_md-fit_675.pdb BC A 7.87708 26.8469 -12.1966 -6.72099 -15.9503 -25.0223 -1.05638 42.9961 -25.1963 5.30452 8.18658 4.36015 0 0 0 0.878335 2.08042 0.0239984 0 0 0 0 0 2.384 303 51 2 2 0
./complex_md-fit_676.pdb BC A 9.98428 30.2264 -15.5087 -7.6897 -15.4875 -23.9756 -0.938312 40.9338 -23.9298 3.04318 7.10092 4.90616 0 0 0 0.52823 2.67336 0 0 0 0 0 0 2.384 303 49 0 0 0
./complex_md-fit_677.pdb BC A 7.32017 34.4639 -7.6726 -5.58307 -9.90546 -23.0233 -1.08647 40.194 -22.9722 3.52872 6.09178 4.96631 0 0 0 0.0982367 2.15286 0 0 0 0 0 0.018858 2.384 303 47 0 0 0
./complex_md-fit_678.pdb BC A 8.62581 29.0233 -7.03072 -7.02256 -11.8867 -24.164 -0.93065 41.855 -24.2145 5.31625 7.61231 5.90874 0 0 0 0.469082 2.0427 0.0262204 0 0 0 0 0 2.384 303 49 0 0 0
./complex_md-fit_679.pdb BC A 7.9912 34.4 -11.1102 -7.6823 -17.1456 -24.835 -1.17227 42.7901 -24.3024 7.46048 8.73634 4.38909 0 0 0 0.630136 2.60295 0.0213515 0 0 0 0 0 2.384 303 51 1 1 0
./complex_md-fit_67.pdb BC A 7.53948 39.5748 -11.745 -6.84905 -13.3407 -24.0663 -1.02899 41.6313 -24.2937 4.83106 8.21078 2.73432 0 0 0 0.410622 2.8099 0.0156743 0 0 0 0 0 2.384 303 52 0 0 0
./complex_md-fit_680.pdb BC A 7.14447 35.4039 -7.25803 -6.52497 -13.5724 -23.9489 -0.975218 42.0633 -23.1743 6.46066 7.49269 4.75364 0 0 0 0.177365 2.53746 -0.00996743 0 0 0 0 0 2.384 303 49 2 2 0
./complex_md-fit_681.pdb BC A 7.23167 28.166 -9.62028 -7.29453 -16.4473 -26.3371 -1.03134 48.4327 -25.5612 4.32328 9.58879 4.53999 0 0 0 0.180955 3.27166 -0.0145285 0 0 0 0 0 2.384 303 49 1 1 0
./complex_md-fit_682.pdb BC A 7.87449 28.8248 -8.12876 -6.82143 -14.2637 -25.629 -1.07318 44.5191 -25.5849 6.71071 8.25021 5.44462 0 0 0 0.331626 2.70923 -0.0127995 0 0 0 0 0 2.384 303 51 1 1 0
./complex_md-fit_683.pdb BC A 8.07717 27.7902 -4.46169 -6.42573 -13.4232 -25.9536 -0.98575 47.7388 -25.2378 6.28941 8.93625 4.1991 0 0 0 0.400942 2.94409 -0.012893 0 0 0 0 0.0128574 2.384 303 52 0 0 0
./complex_md-fit_684.pdb BC A 7.99598 33.2621 -14.1998 -9.18697 -15.2518 -25.7387 -1.01817 44.6908 -25.1374 4.76978 7.91963 4.48276 0 0 0 0.270393 2.82947 -1.11022e-16 0 0 0 0 0 2.384 303 47 0 0 0
./complex_md-fit_685.pdb BC A 7.87332 43.5192 -8.91061 -7.54168 -15.6707 -25.7494 -1.10689 45.7703 -25.2708 7.67943 8.40076 4.35011 0 0 0 0.205078 2.66934 0.0232181 0 0 0 0 0 2.384 303 48 2 2 0
./complex_md-fit_686.pdb BC A 7.56062 27.1067 -11.4385 -5.40646 -15.1437 -25.7922 -1.25677 45.8102 -24.8586 3.94652 7.1346 3.88868 0 0 0 0.239227 3.46309 0 0 0 0 0 0 2.384 303 49 1 1 0
./complex_md-fit_687.pdb BC A 6.30596 35.0582 -6.55607 -5.98188 -10.9677 -24.8628 -1.07816 42.9618 -24.5838 6.58877 6.34168 4.27267 0 0 0 0.768477 2.44228 -0.0150965 0 0 0 0 0 2.384 303 48 2 2 0
./complex_md-fit_688.pdb BC A 10.473 31.1662 -1.30879 -5.51544 -13.7367 -24.84 -1.25054 45.0612 -24.1568 9.44839 9.11707 4.28326 0 0 0 0.246259 3.47571 0.0344878 0 0 0 0 0 2.384 303 49 1 1 0
./complex_md-fit_689.pdb BC A 7.71989 26.8741 -6.49963 -6.25124 -13.5545 -25.1982 -1.07361 43.085 -24.6877 10.4321 7.32063 3.18576 0 0 0 0.22196 2.6299 0 0 0 0 0 0.020152 2.384 303 46 3 3 0
./complex_md-fit_68.pdb BC A 8.14764 34.6453 -11.4218 -5.51231 -15.3973 -23.0752 -1.04816 39.0154 -22.6072 5.40282 8.81164 2.64686 0 0 0 0.313311 3.33018 0.0282847 0 0 0 0 0 2.384 303 52 0 0 0
./complex_md-fit_690.pdb BC A 8.01902 34.9437 -20.4151 -6.7958 -15.5555 -25.5162 -1.13335 41.9201 -25.3732 2.56976 5.64477 3.5186 0 0 0 0.284357 2.80035 0.021463 0 0 0 0 0 2.384 303 50 0 0 0
./complex_md-fit_691.pdb BC A 8.50223 30.1327 -8.34525 -6.45285 -10.8595 -23.529 -1.0533 40.4592 -23.4702 6.6747 7.40649 2.34411 0 0 0 0.0972878 2.22201 0.0238685 0 0 0 0 0.0139556 2.384 303 49 1 1 0
./complex_md-fit_692.pdb BC A 9.77673 33.9793 -15.8704 -7.92577 -12.6003 -24.1859 -1.08836 39.9608 -24.0358 4.72574 6.34426 2.74774 0 0 0 0.187155 2.3541 0 0 0 0 0 0 2.384 303 46 1 1 0
./complex_md-fit_693.pdb BC A 8.05792 26.863 -15.732 -6.16878 -12.9019 -25.9782 -1.12882 43.1858 -26.0265 3.56494 6.56516 2.94291 0 0 0 0.213463 2.37662 0 0 0 0 0 0 2.384 303 49 1 1 0
./complex_md-fit_694.pdb BC A 6.54114 35.3874 -12.0652 -6.23152 -14.8493 -24.6187 -1.11735 41.8499 -23.6559 5.05514 7.35989 3.56771 0 0 0 0.57498 3.01464 0 0 0 0 0 0 2.384 303 48 2 2 0
./complex_md-fit_695.pdb BC A 10.0892 30.8285 -7.31834 -6.68518 -11.0058 -24.0866 -0.988792 41.5402 -24.166 8.45529 5.51376 3.14459 0 0 0 0.911793 2.57384 0.0483734 0 0 0 0 0 2.384 303 49 1 1 0
./complex_md-fit_696.pdb BC A 8.15569 31.4967 -3.17356 -5.81853 -9.76256 -24.7098 -1.10723 45.1891 -23.8166 6.77498 5.89434 3.32395 0 0 0 0.829853 2.72328 0.0283367 0 0 0 0 0.000565594 2.384 303 51 2 2 0
./complex_md-fit_697.pdb BC A 7.26842 24.7709 -7.99166 -6.3343 -10.8986 -24.8305 -0.789507 44.6413 -24.3609 5.13316 6.5429 2.64213 0 0 0 0.227044 2.73379 0.0165921 0 0 0 0 0.0190375 2.384 303 49 1 1 0
./complex_md-fit_698.pdb BC A 10.1609 31.8471 -19.031 -9.60891 -16.1903 -24.5397 -0.795344 42.3542 -24.0371 2.77997 7.93531 2.88247 0 0 0 0.188359 2.64073 0 0 0 0 0 0 2.384 303 49 0 0 0
./complex_md-fit_699.pdb BC A 8.33807 31.6541 -15.4007 -6.85642 -15.5124 -25.8063 -0.942811 43.9246 -25.2429 4.54576 7.80043 2.54816 0 0 0 0.141228 3.48956 0 0 0 0 0 0 2.384 303 46 2 2 0
./complex_md-fit_69.pdb BC A 6.29655 39.0572 -13.0845 -7.62933 -12.9667 -23.8636 -0.952338 40.9803 -23.9637 4.74227 8.76849 1.36678 0 0 0 0.433281 2.31661 0 0 0 0 0 0 2.384 303 49 0 0 0
./complex_md-fit_6.pdb BC A 7.70181 31.069 -5.14906 -6.76985 -9.51581 -23.8404 -1.19155 42.9583 -23.1618 6.5924 6.512 2.88322 0 0 0 0.377685 2.48988 0.0067634 0 0 0 0 0 2.384 303 52 0 0 0
./complex_md-fit_700.pdb BC A 8.15159 37.8144 -17.7721 -7.43542 -16.3949 -25.8621 -0.920735 44.8716 -25.5831 1.9421 8.7438 2.66317 0 0 0 0.181335 3.77172 0 0 0 0 0 0.0220607 2.384 303 49 0 0 0
./complex_md-fit_701.pdb BC A 8.21526 29.1751 -12.5388 -9.09559 -15.7422 -25.5305 -1.04591 45.7247 -24.9855 3.10076 10.1641 3.97174 0 0 0 0.867037 3.35476 0.0325615 0 0 0 0 0 2.384 303 51 0 0 0
./complex_md-fit_702.pdb BC A 6.01655 36.7104 -8.71378 -7.42799 -12.9108 -25.6814 -0.834642 45.3806 -25.035 4.59523 8.85526 3.76843 0 0 0 0.555751 2.63602 0.0208047 0 0 0 0 0 2.384 303 51 0 0 0
./complex_md-fit_703.pdb BC A 6.42367 36.3969 -12.9395 -8.41956 -14.2042 -23.7864 -1.07071 41.0371 -23.1474 4.25212 8.40934 3.70628 0 0 0 0.283998 2.31056 2.77556e-17 0 0 0 0 0 2.384 303 51 2 2 0
./complex_md-fit_704.pdb BC A 8.20233 28.5097 -7.63672 -7.64805 -14.2169 -24.8649 -1.17783 44.274 -24.2194 8.10425 7.44636 4.23012 0 0 0 0.390549 2.6922 0.0451968 0 0 0 0 0 2.384 303 48 2 2 0
./complex_md-fit_705.pdb BC A 7.95677 33.712 -14.5171 -8.2925 -15.5937 -23.9098 -0.901067 40.1805 -23.5024 5.38028 7.98507 3.91238 0 0 0 0.198052 2.58308 0.0260947 0 0 0 0 0 2.384 303 47 1 1 0
./complex_md-fit_706.pdb BC A 8.13257 37.1354 -12.553 -6.96946 -13.2808 -24.7108 -1.21992 41.4969 -24.4979 6.40279 6.12376 3.79955 0 0 0 0.302871 2.58434 0 0 0 0 0 0 2.384 303 47 1 1 0
./complex_md-fit_707.pdb BC A 5.63669 33.953 -11.9183 -6.67751 -13.4841 -24.1626 -0.976548 41.4003 -23.4721 4.53901 6.06042 4.41257 0 0 0 0.41834 2.49696 0.0238813 0 0 0 0 0 2.384 303 48 1 1 0
./complex_md-fit_708.pdb BC A 7.28135 36.0995 -17.0636 -8.80928 -15.2112 -24.2333 -1.14087 40.9747 -24.0489 4.39951 7.60383 2.51386 0 0 0 0.883467 3.65534 0 0 0 0 0 0.00460715 2.384 303 48 2 2 0
./complex_md-fit_709.pdb BC A 12.9095 28.4401 -16.9286 -8.08931 -19.1171 -25.1822 -1.10489 44.2073 -24.5425 3.38677 8.0216 5.23149 0 0 0 0.238551 3.87226 0.0216257 0 0 0 0 0 2.384 303 47 0 0 0
./complex_md-fit_70.pdb BC A 8.16186 38.9291 -10.603 -6.22354 -14.7317 -22.6833 -1.13467 38.8287 -22.9339 8.03468 7.51749 2.46933 0 0 0 0.227763 3.43092 0.0261748 0 0 0 0 0 2.384 303 51 0 0 0
./complex_md-fit_710.pdb BC A 6.92989 29.9886 -17.0802 -8.20458 -17.5234 -25.2391 -1.18349 42.5815 -24.3212 3.97884 8.65526 3.9658 0 0 0 0.210168 3.0374 0 0 0 0 0 0 2.384 303 49 0 0 0
./complex_md-fit_711.pdb BC A 7.37046 39.6041 -12.3677 -7.48874 -14.9604 -24.8418 -0.829964 42.793 -24.1871 4.52616 7.17176 4.48154 0 0 0 0.967834 2.47863 0 0 0 0 0 0 2.384 303 48 0 0 0
./complex_md-fit_712.pdb BC A 9.05742 35.4229 -11.2908 -6.89109 -16.8807 -25.644 -1.14522 45.1354 -24.5914 6.63564 7.86011 3.80982 0 0 0 0.395506 3.7464 0 0 0 0 0 0.0252457 2.384 303 46 0 0 0
./complex_md-fit_713.pdb BC A 6.53559 31.6112 -14.1731 -8.80833 -14.7573 -25.5009 -0.869804 43.2155 -24.781 4.20485 8.51226 4.40612 0 0 0 0.147142 2.49218 0.021428 0 0 0 0 0.0370344 2.384 303 49 0 0 0
./complex_md-fit_714.pdb BC A 6.61772 26.4022 -8.77736 -7.02985 -13.6472 -26.1901 -0.942137 45.1427 -25.5291 7.72902 7.68572 3.42268 0 0 0 0.525564 3.96814 5.55112e-17 0 0 0 0 0.0553427 2.384 303 46 1 1 0
./complex_md-fit_715.pdb BC A 10.1024 33.4056 -16.9143 -7.43441 -16.6393 -25.6562 -0.97538 44.0029 -25.0589 3.11289 6.56927 3.96016 0 0 0 1.1241 3.13553 0.0205776 0 0 0 0 0.0600827 2.384 303 46 1 1 0
./complex_md-fit_716.pdb BC A 6.5958 35.1798 -14.9555 -7.10115 -15.9098 -25.8163 -0.860814 43.8426 -25.1707 3.45516 7.36789 3.99214 0 0 0 1.18447 3.14409 0 0 0 0 0 0.0609364 2.384 303 47 0 0 0
./complex_md-fit_717.pdb BC A 6.98576 36.5859 -8.90823 -7.56132 -14.9223 -25.8302 -1.05728 45.2973 -25.415 7.46759 7.992 4.7058 0 0 0 0.362651 2.62935 -1.11022e-16 0 0 0 0 0.0524288 2.384 303 50 3 3 0
./complex_md-fit_718.pdb BC A 8.67384 32.324 -18.3534 -8.53904 -18.7345 -25.4512 -0.963456 43.0204 -24.8744 4.17522 9.07992 3.36151 0 0 0 0.510905 3.09043 0 0 0 0 0 0.0612501 2.384 303 46 0 0 0
./complex_md-fit_719.pdb BC A 9.70475 35.0964 -13.6446 -8.4127 -16.8168 -26.1829 -1.16409 44.5939 -25.4684 6.83313 8.17126 4.28663 0 0 0 0.451986 2.496 0 0 0 0 0 0.0634929 2.384 303 48 1 1 0
./complex_md-fit_71.pdb BC A 8.77492 38.3705 -10.4849 -6.42404 -12.7463 -22.4469 -0.957924 38.2883 -22.2061 5.68597 6.48812 3.40917 0 0 0 0.358463 2.39844 0.0663668 0 0 0 0 0 2.384 303 51 0 0 0
./complex_md-fit_720.pdb BC A 8.13816 32.0686 -19.0047 -7.22726 -17.3778 -25.3768 -1.12935 43.442 -24.8293 2.03303 7.45256 3.69069 0 0 0 0.265398 3.69796 1.11022e-16 0 0 0 0 0.0521233 2.384 303 49 0 0 0
./complex_md-fit_721.pdb BC A 7.28771 38.668 -11.8094 -6.47319 -12.7853 -24.7402 -1.13374 42.4903 -24.2779 3.6806 8.1168 2.94451 0 0 0 0.296604 2.42576 0.0361609 0 0 0 0 0.0360062 2.384 303 49 1 1 0
./complex_md-fit_722.pdb BC A 7.94006 30.3769 -10.8228 -6.16256 -13.4517 -25.3122 -1.20143 42.7366 -24.4402 6.70908 6.5569 3.45424 0 0 0 0.225225 2.64796 0 0 0 0 0 0.0632708 2.384 303 48 2 2 0
./complex_md-fit_723.pdb BC A 6.70145 29.4434 -15.229 -7.6237 -16.7634 -26.0322 -1.06959 44.248 -25.3779 6.02591 7.4624 3.09502 0 0 0 0.762562 2.23713 0 0 0 0 0 0.0438521 2.384 303 50 2 2 0
./complex_md-fit_724.pdb BC A 8.23185 28.2997 -12.8555 -7.67834 -14.4133 -25.7675 -0.990706 45.0829 -24.9077 3.64183 7.41265 4.42079 0 0 0 0.280712 2.68427 0.0191767 0 0 0 0 0.0440313 2.384 303 47 0 0 0
./complex_md-fit_725.pdb BC A 7.39357 30.4339 -14.5594 -8.31823 -14.7843 -25.6556 -0.853812 44.1654 -24.9108 3.09833 8.47485 3.69842 0 0 0 0.463578 2.54915 0 0 0 0 0 0.0628869 2.384 303 48 0 0 0
./complex_md-fit_726.pdb BC A 7.09823 26.2489 -11.2564 -6.88805 -14.8521 -24.5489 -1.00906 43.5119 -23.9774 4.03478 7.51879 4.49405 0 0 0 0.373042 2.24786 0.0214326 0 0 0 0 0.0651982 2.384 303 50 0 0 0
./complex_md-fit_727.pdb BC A 7.66458 30.8669 -10.2454 -7.48136 -13.8741 -26.4013 -0.993954 44.6954 -25.7789 5.40404 8.38761 4.47702 0 0 0 1.25212 3.81097 0 0 0 0 0 0.0680346 2.384 303 50 0 0 0
./complex_md-fit_728.pdb BC A 7.75503 36.5292 -14.2008 -7.44037 -16.0017 -25.6349 -1.05122 43.0651 -25.2259 5.51881 7.23066 3.633 0 0 0 1.61672 2.68897 0.0232986 0 0 0 0 0.0656949 2.384 303 45 2 2 0
./complex_md-fit_729.pdb BC A 9.97939 27.1917 -11.4964 -7.07794 -15.4543 -24.6991 -1.06963 42.3356 -23.7966 6.21674 7.69262 3.58897 0 0 0 0.694826 3.74807 0.020022 0 0 0 0 0.0524216 2.384 303 44 2 2 0
./complex_md-fit_72.pdb BC A 10.4221 37.0086 -12.3119 -7.62234 -12.9458 -23.4666 -1.05664 39.9358 -23.6838 4.94909 7.949 3.41586 0 0 0 0.209711 2.20186 -0.0110646 0 0 0 0 0.0150632 2.384 303 51 0 0 0
./complex_md-fit_730.pdb BC A 8.85801 37.532 -9.1922 -7.24885 -13.2684 -25.9366 -1.20408 45.1619 -25.397 6.29103 7.10147 4.72386 0 0 0 0.525322 2.41235 0 0 0 0 0 0.0591117 2.384 303 49 2 2 0
./complex_md-fit_731.pdb BC A 7.53448 33.3082 -16.1044 -8.41128 -16.0584 -24.3302 -0.992979 40.3532 -24.0294 5.77955 6.92109 4.19846 0 0 0 0.449952 2.59628 1.11022e-16 0 0 0 0 0.0156107 2.384 303 47 1 1 0
./complex_md-fit_732.pdb BC A 9.05988 28.4549 -12.4757 -5.21871 -15.0232 -24.7583 -1.0475 42.0983 -24.1794 4.80606 6.40245 4.21373 0 0 0 0.211203 3.82468 0 0 0 0 0 0.0197094 2.384 303 47 0 0 0
./complex_md-fit_733.pdb BC A 7.10607 27.9424 -4.20869 -4.71169 -11.8496 -25.6771 -1.11923 46.6275 -25.4952 6.49257 6.61976 4.14859 0 0 0 0.736722 2.31657 0.0189474 0 0 0 0 0 2.384 303 50 2 2 0
./complex_md-fit_734.pdb BC A 7.51228 31.1666 -17.604 -8.08835 -17.6686 -24.7875 -1.12708 42.4667 -24.1343 3.02669 8.44191 3.75765 0 0 0 0.445503 4.05326 0.019136 0 0 0 0 0.0442813 2.384 303 46 0 0 0
./complex_md-fit_735.pdb BC A 6.71151 34.6375 -18.7255 -9.26237 -18.5462 -25.0198 -1.00476 41.9815 -24.5233 4.27603 8.80659 3.74387 0 0 0 0.752471 2.59829 0.0207983 0 0 0 0 0.0495359 2.384 303 46 0 0 0
./complex_md-fit_736.pdb BC A 10.3164 34.9512 -9.00717 -8.18936 -14.9715 -25.6856 -0.870983 45.155 -25.3457 7.15073 8.76993 3.68694 0 0 0 1.20491 2.51092 0.0261277 0 0 0 0 0.0622906 2.384 303 47 1 1 0
./complex_md-fit_737.pdb BC A 8.37748 33.3253 -6.33425 -5.70544 -14.3987 -25.0976 -1.14469 44.4123 -24.7137 8.08823 7.96813 3.87308 0 0 0 0.35654 2.31766 0.0219863 0 0 0 0 0.00550468 2.384 303 49 2 2 0
./complex_md-fit_738.pdb BC A 9.2082 32.1897 -16.4216 -9.17939 -16.499 -25.2979 -1.19549 42.7392 -24.7009 4.90182 8.22957 4.25366 0 0 0 0.259911 2.42769 0.0377489 0 0 0 0 0.0292341 2.384 303 50 1 1 0
./complex_md-fit_739.pdb BC A 7.19794 38.8502 -4.30945 -6.8574 -13.1153 -25.4493 -0.967938 45.6095 -24.4714 9.37138 7.74889 3.29055 0 0 0 0.531541 2.57503 0 0 0 0 0 0 2.384 303 49 3 3 0
./complex_md-fit_73.pdb BC A 8.94238 37.285 -11.1813 -5.55179 -13.6203 -22.2646 -1.08417 38.6488 -21.7578 4.48235 7.22614 2.51726 0 0 0 0.222783 2.14631 0 0 0 0 0 0 2.384 303 48 0 0 0
./complex_md-fit_740.pdb BC A 8.02329 29.263 -13.1212 -8.67884 -12.4742 -24.3092 -1.07563 41.0277 -23.7039 5.2669 7.32748 3.32342 0 0 0 0.175055 2.37932 0 0 0 0 0 0 2.384 303 51 2 2 0
./complex_md-fit_741.pdb BC A 6.29174 34.9115 -12.5619 -6.49875 -14.1272 -25.1689 -1.23615 42.1831 -24.924 6.53336 7.58993 2.55168 0 0 0 0.505934 3.53286 0.0221196 0 0 0 0 0.00689725 2.384 303 52 0 0 0
./complex_md-fit_742.pdb BC A 5.36701 32.4598 -5.25676 -5.53354 -10.7176 -24.3946 -1.17319 43.3622 -24.1713 5.90979 7.73864 3.47082 0 0 0 0.191453 3.05282 0.0410069 0 0 0 0 0.0196205 2.384 303 49 2 2 0
./complex_md-fit_743.pdb BC A 7.19576 35.6302 -10.511 -6.99701 -13.2877 -25.5446 -1.189 44.7552 -24.898 5.23951 7.45404 3.51714 0 0 0 0.419296 2.53503 0.0200841 0 0 0 0 0 2.384 303 50 2 2 0
./complex_md-fit_744.pdb BC A 9.93817 36.6053 -9.62647 -7.19451 -12.8864 -25.7299 -1.15032 43.8007 -25.2951 7.88466 7.32959 3.33906 0 0 0 0.249368 3.00128 0.0264318 0 0 0 0 0 2.384 303 51 3 3 0
./complex_md-fit_745.pdb BC A 5.63016 34.0165 -16.0125 -7.64733 -15.6321 -26.0576 -0.955355 44.1774 -25.8714 5.27249 7.75323 2.49813 0 0 0 0.449985 3.68222 0 0 0 0 0 0 2.384 303 49 1 1 0
./complex_md-fit_746.pdb BC A 7.73517 35.7611 -12.6051 -6.46948 -16.9368 -24.2903 -1.13943 41.1496 -23.8809 6.0729 8.39504 3.82796 0 0 0 0.666305 4.78126 -2.77556e-17 0 0 0 0 0 2.384 303 50 2 2 0
./complex_md-fit_747.pdb BC A 9.83811 33.1836 -10.5264 -8.98713 -13.7932 -25.4492 -0.953811 43.863 -25.13 6.1266 8.73223 4.72626 0 0 0 0.319784 2.71004 0.0191015 0 0 0 0 0 2.384 303 51 1 1 0
./complex_md-fit_748.pdb BC A 5.27053 28.3889 -12.4607 -7.72202 -13.1371 -24.9238 -0.950267 43.637 -24.3309 3.7931 7.71944 3.11055 0 0 0 0.360278 2.35834 -0.0169761 0 0 0 0 0 2.384 303 52 0 0 0
./complex_md-fit_749.pdb BC A 8.79153 39.9159 -15.4417 -9.10215 -16.2218 -25.888 -0.891418 44.8653 -25.4562 3.77996 9.46279 3.5072 0 0 0 0.497251 4.3386 0.00542517 0 0 0 0 0 2.384 303 50 1 1 0
./complex_md-fit_74.pdb BC A 8.73675 32.8339 -6.50987 -6.56876 -13.1403 -23.7611 -1.29798 41.8159 -23.5579 6.21757 8.07171 5.26662 0 0 0 0.424118 2.69141 0.0122703 0 0 0 0 0.00806389 2.384 303 50 2 2 0
./complex_md-fit_750.pdb BC A 7.05615 31.8497 -11.0195 -7.52241 -12.979 -25.0652 -1.01559 43.7037 -24.8386 4.89415 7.22116 4.01075 0 0 0 0.536197 3.90775 0.0352972 0 0 0 0 0 2.384 303 52 0 0 0
./complex_md-fit_751.pdb BC A 6.59618 34.9327 -12.1537 -8.9149 -12.7867 -25.6453 -0.951936 45.3423 -25.6157 5.25252 7.09377 3.63587 0 0 0 0.410899 2.81962 0.0045808 0 0 0 0 0.0209718 2.384 303 52 0 0 0
./complex_md-fit_752.pdb BC A 7.99581 34.9969 -14.4234 -8.26692 -14.151 -25.6192 -0.921921 43.3093 -25.405 5.01234 8.27935 2.8079 0 0 0 0.545568 2.72634 -0.0137734 0 0 0 0 0 2.384 303 52 2 2 0
./complex_md-fit_753.pdb BC A 6.65497 36.9486 -14.3174 -8.02241 -13.9465 -25.2058 -0.998843 44.2715 -25.0884 3.60304 6.9847 3.47504 0 0 0 0.562661 3.36706 0.0174557 0 0 0 0 0.0302685 2.384 303 52 0 0 0
./complex_md-fit_754.pdb BC A 6.24058 39.56 -13.7608 -8.64805 -12.1624 -25.6568 -0.858393 44.0909 -25.367 3.65453 7.58735 3.38363 0 0 0 0.189594 2.5913 0.0257568 0 0 0 0 0 2.384 303 51 0 0 0
./complex_md-fit_755.pdb BC A 6.94608 36.0224 -8.99207 -6.96072 -11.0752 -25.2187 -1.04695 43.2343 -25.0186 6.11916 7.27425 3.4016 0 0 0 0.311733 2.28611 -0.0128675 0 0 0 0 0 2.384 303 49 1 1 0
./complex_md-fit_756.pdb BC A 6.41168 32.2607 -13.6036 -7.79765 -14.1647 -24.7171 -1.12269 41.7461 -24.5779 5.93641 7.08893 3.76164 0 0 0 0.243454 2.72161 0 0 0 0 0 0 2.384 303 53 0 0 0
./complex_md-fit_757.pdb BC A 7.54413 39.6296 -5.21192 -6.70493 -10.4329 -24.5387 -1.20562 42.9821 -24.2613 8.33031 6.35903 3.99943 0 0 0 0.247979 2.87505 0.0126243 0 0 0 0 0 2.384 303 48 3 3 0
./complex_md-fit_758.pdb BC A 8.25531 35.0421 -14.8984 -9.70145 -14.3781 -23.5366 -1.16534 40.5891 -23.4702 5.70679 7.95648 2.70015 0 0 0 0.415242 2.58391 -0.0143722 0 0 0 0 0 2.384 303 53 1 1 0
./complex_md-fit_759.pdb BC A 6.56788 31.6711 -9.98431 -6.67093 -11.5446 -24.4491 -1.05753 42.1992 -24.0654 4.61267 6.6108 4.0631 0 0 0 0.314977 2.48829 0.00246217 0 0 0 0 0 2.384 303 47 0 0 0
./complex_md-fit_75.pdb BC A 5.92584 33.095 -6.05079 -4.76694 -11.8296 -22.4588 -1.11547 38.7557 -22.681 7.54472 7.25975 3.04535 0 0 0 0.177222 2.34548 -0.00942689 0 0 0 0 0.027677 2.384 303 46 1 1 0
./complex_md-fit_760.pdb BC A 7.85242 34.0103 -5.45771 -7.94515 -10.7484 -25.2824 -1.06638 44.3457 -25.345 7.8064 8.07096 3.99968 0 0 0 0.680129 4.01206 0.0267775 0 0 0 0 0 2.384 303 51 1 1 0
./complex_md-fit_761.pdb BC A 7.55774 28.5779 -16.9495 -8.2228 -16.583 -26.3081 -1.06548 44.6397 -25.8437 4.31278 7.76208 3.70508 0 0 0 0.666932 3.07614 -0.012905 0 0 0 0 0 2.384 303 48 1 1 0
./complex_md-fit_762.pdb BC A 8.08191 33.7444 -11.9267 -7.84422 -14.9367 -26.3713 -1.07366 45.9184 -25.6635 5.27506 7.86232 4.16307 0 0 0 0.733017 3.53274 0.0107358 0 0 0 0 0 2.384 303 53 2 2 0
./complex_md-fit_763.pdb BC A 7.33439 35.5527 -15.4668 -8.26857 -17.0172 -24.6718 -1.17658 42.1021 -24.0078 4.60714 7.3806 4.93056 0 0 0 0.626682 2.57381 0.024573 0 0 0 0 0.00348938 2.384 303 53 1 1 0
./complex_md-fit_764.pdb BC A 9.31576 35.583 -13.3693 -8.3374 -13.7177 -24.195 -0.984731 41.5003 -23.6266 4.02482 7.64832 3.91695 0 0 0 0.373769 2.20841 0.015397 0 0 0 0 0.0126671 2.384 303 48 0 0 0
./complex_md-fit_765.pdb BC A 7.13546 36.4987 -11.9222 -7.62049 -16.0464 -25.4879 -1.20165 43.651 -25.0678 7.14958 8.40983 3.77135 0 0 0 0.526518 3.58982 -0.0130016 0 0 0 0 0.00672123 2.384 303 48 1 1 0
./complex_md-fit_766.pdb BC A 8.84289 35.0097 -11.5419 -6.97995 -15.2083 -25.0616 -1.181 43.755 -24.7932 5.4363 7.55833 4.67076 0 0 0 0.266078 3.28431 -0.0042173 0 0 0 0 0 2.384 303 50 0 0 0
./complex_md-fit_767.pdb BC A 7.81733 30.5965 -6.4814 -6.92196 -12.9745 -24.7581 -1.26025 43.0296 -24.2311 7.68916 8.75055 3.73505 0 0 0 0.431619 2.32235 0.0267066 0 0 0 0 0.00188472 2.384 303 51 2 2 0
./complex_md-fit_768.pdb BC A 6.33291 29.8474 -21.5118 -9.03637 -17.3607 -25.1116 -1.21731 41.6246 -24.9764 3.57716 6.69612 3.88636 0 0 0 0.370078 3.00548 0.00845164 0 0 0 0 0.027815 2.384 303 52 0 0 0
./complex_md-fit_769.pdb BC A 7.02105 35.0281 -13.0904 -8.24085 -12.7804 -25.0009 -1.14201 43.3582 -24.6011 2.64902 7.74595 4.43608 0 0 0 0.504505 2.9058 -0.0188803 0 0 0 0 0 2.384 303 48 0 0 0
./complex_md-fit_76.pdb BC A 6.10801 35.4631 -10.8147 -5.34847 -13.5547 -23.5177 -1.05379 40.7914 -23.3929 5.11051 7.44359 2.13735 0 0 0 0.549011 2.88545 0.0210336 0 0 0 0 0 2.384 303 51 0 0 0
./complex_md-fit_770.pdb BC A 6.42217 35.4917 -8.96773 -5.74203 -14.0665 -25.3931 -1.19409 43.6577 -25.0376 7.7532 5.37331 5.35504 0 0 0 0.306925 3.81168 0 0 0 0 0 0.0194146 2.384 303 53 2 2 0
./complex_md-fit_771.pdb BC A 8.10027 33.5116 -7.10483 -7.51976 -10.3924 -23.4731 -1.05196 40.172 -23.7268 7.77433 7.75249 3.17787 0 0 0 0.199047 2.91203 -0.0165609 0 0 0 0 0 2.384 303 46 2 2 0
./complex_md-fit_772.pdb BC A 9.06385 33.6633 -9.61516 -6.37342 -12.4032 -25.4328 -1.07739 44.0332 -25.1299 5.73094 7.00256 3.81618 0 0 0 0.199707 2.93151 2.22045e-16 0 0 0 0 0.019045 2.384 303 52 1 1 0
./complex_md-fit_773.pdb BC A 9.06309 36.8062 -17.629 -8.57947 -17.0688 -26.2673 -1.12272 44.7069 -25.8618 3.82608 7.72888 4.20201 0 0 0 0.800872 3.04441 0.00618006 0 0 0 0 0 2.384 303 50 1 1 0
./complex_md-fit_774.pdb BC A 7.54726 31.9163 -8.45429 -6.40601 -9.80737 -24.5475 -0.870485 41.914 -24.357 5.19664 6.0189 4.08043 0 0 0 0.339513 2.35942 -0.0154819 0 0 0 0 0 2.384 303 52 1 1 0
./complex_md-fit_775.pdb BC A 8.43647 33.2446 -9.03985 -6.98466 -12.5584 -24.9177 -1.02396 42.8446 -24.6332 6.47961 8.21654 2.8652 0 0 0 0.630519 3.38577 0.0415616 0 0 0 0 0 2.384 303 49 1 1 0
./complex_md-fit_776.pdb BC A 6.42798 31.2596 -14.1976 -8.25227 -13.9692 -26.1823 -1.19637 44.8016 -25.8053 5.14908 7.40168 3.7086 0 0 0 0.146865 2.78983 0 0 0 0 0 0 2.384 303 52 1 1 0
./complex_md-fit_777.pdb BC A 6.98406 32.5142 -10.5068 -5.6154 -12.6644 -26.1433 -1.0852 46.6147 -25.7509 4.28988 5.88232 3.67669 0 0 0 0.293199 3.98247 -0.00437148 0 0 0 0 0 2.384 303 48 0 0 0
./complex_md-fit_778.pdb BC A 7.34461 41.31 -12.4079 -6.54077 -13.0101 -26.9661 -0.98763 46.1276 -26.6412 5.15376 6.48242 3.31644 0 0 0 0.619655 3.07722 0.0380039 0 0 0 0 0 2.384 303 54 1 1 0
./complex_md-fit_779.pdb BC A 7.28032 35.1049 -10.9719 -8.55875 -15.8124 -25.7202 -1.15795 45.2061 -24.8797 7.02835 8.90271 3.88131 0 0 0 0.138627 2.59005 0 0 0 0 0 0 2.384 303 49 2 2 0
./complex_md-fit_77.pdb BC A 6.37882 35.8191 -13.7804 -7.25477 -15.3505 -23.3607 -1.18147 41.0744 -23.2148 3.61195 8.2576 2.69559 0 0 0 0.94119 3.05669 -0.0119084 0 0 0 0 0.012998 2.384 303 48 0 0 0
./complex_md-fit_780.pdb BC A 9.60452 30.0099 -9.53285 -7.35577 -11.4532 -23.8377 -1.01156 41.9748 -23.2741 5.62571 7.33545 2.23753 0 0 0 0.215 2.52855 -0.0141064 0 0 0 0 0.0251467 2.384 303 50 0 0 0
./complex_md-fit_781.pdb BC A 9.47913 32.7662 -10.7932 -6.94884 -15.781 -25.4994 -0.856593 45.3367 -25.0694 5.46817 8.63825 3.76119 0 0 0 0.157865 2.55938 0 0 0 0 0 0 2.384 303 50 0 0 0
./complex_md-fit_782.pdb BC A 7.22416 35.2273 -15.1156 -9.39702 -15.4446 -27.3696 -0.988473 47.9031 -26.8962 2.63989 8.75866 4.71769 0 0 0 0.953952 3.11393 0.00693566 0 0 0 0 0 2.384 303 52 0 0 0
./complex_md-fit_783.pdb BC A 8.22992 30.6745 -14.5723 -7.96385 -15.6009 -26.524 -0.911478 45.1124 -25.9159 6.45348 6.49932 3.94143 0 0 0 0.32434 2.69568 0.0127558 0 0 0 0 0 2.384 303 52 4 4 0
./complex_md-fit_784.pdb BC A 10.1964 30.3055 -13.6355 -11.9383 -17.2295 -27.1818 -1.15102 48.5984 -26.6382 6.08047 10.4027 4.69853 0 0 0 0.71469 3.5409 -0.010941 0 0 0 0 0.0193518 2.384 303 51 1 1 0
./complex_md-fit_785.pdb BC A 10.8472 41.3428 -11.8184 -11.0915 -17.2294 -28.316 -1.02239 51.103 -27.4734 5.15763 10.2589 5.99387 0 0 0 0.823499 2.80318 -0.0226037 0 0 0 0 0 2.384 303 55 0 0 0
./complex_md-fit_786.pdb BC A 7.37226 36.8141 -10.2585 -6.86474 -11.4446 -23.8421 -1.08961 40.5991 -23.8196 4.39796 7.6496 3.32986 0 0 0 0.837667 3.10923 -0.0120086 0 0 0 0 0 2.384 303 47 2 2 0
./complex_md-fit_787.pdb BC A 8.92757 36.7522 -8.18695 -8.02855 -15.5228 -25.0907 -1.18912 43.9447 -24.6446 10.3491 7.74849 3.91007 0 0 0 0.313495 2.84704 0.0231159 0 0 0 0 0 2.384 303 48 3 3 0
./complex_md-fit_788.pdb BC A 9.41518 32.2108 -11.2524 -8.47717 -13.9273 -24.6768 -1.07988 42.3614 -24.0686 6.4708 7.76238 3.86699 0 0 0 0.521855 2.68835 -0.0120502 0 0 0 0 0.00595863 2.384 303 49 0 0 0
./complex_md-fit_789.pdb BC A 6.49255 40.2455 -14.4736 -9.32574 -14.4592 -25.0559 -1.01641 44.4472 -24.349 3.62096 7.6987 3.49203 0 0 0 0.488116 2.4686 -0.0143566 0 0 0 0 0 2.384 303 51 1 1 0
./complex_md-fit_78.pdb BC A 8.1463 31.2379 -10.5122 -8.77824 -13.515 -24.6224 -1.31201 42.2612 -24.5265 8.36422 8.29586 3.19064 0 0 0 0.108846 2.60672 0.0212535 0 0 0 0 0 2.384 303 50 0 0 0
./complex_md-fit_790.pdb BC A 8.47554 31.7043 -8.82167 -7.80407 -14.0605 -25.342 -1.09205 45.3506 -24.7498 8.08451 7.55933 3.14735 0 0 0 0.0642392 3.45205 -0.00660698 0 0 0 0 0.0273249 2.384 303 51 1 1 0
./complex_md-fit_791.pdb BC A 7.37208 34.0363 -16.4977 -9.79129 -17.1218 -24.6678 -1.15116 43.7947 -24.081 4.75299 6.99336 4.535 0 0 0 0.252693 2.76236 -0.0134578 0 0 0 0 0 2.384 303 51 2 2 0
./complex_md-fit_792.pdb BC A 7.46624 36.9847 -12.9224 -7.36257 -15.188 -24.6623 -0.997782 44.5197 -23.9874 4.17205 7.10559 3.02809 0 0 0 0.476106 2.55354 -0.0259239 0 0 0 0 0 2.384 303 51 0 0 0
./complex_md-fit_793.pdb BC A 7.92366 36.6565 -12.6946 -7.41208 -13.4516 -24.5557 -0.998409 42.7111 -24.189 4.32136 6.81212 3.88023 0 0 0 0.190085 2.742 -0.00744434 0 0 0 0 0.00482756 2.384 303 49 0 0 0
./complex_md-fit_794.pdb BC A 7.08201 28.0211 -13.8304 -8.0637 -15.9543 -25.0493 -0.920377 43.6125 -24.4601 6.76004 7.03104 2.9001 0 0 0 0.198547 2.51493 0.088409 0 0 0 0 0.0267756 2.384 303 49 2 2 0
./complex_md-fit_795.pdb BC A 9.22307 34.7719 -11.5205 -6.28631 -13.6392 -24.0961 -0.874497 40.8933 -23.6542 5.90723 6.6048 3.11359 0 0 0 0.487528 2.91287 0.0232658 0 0 0 0 0 2.384 303 49 0 0 0
./complex_md-fit_796.pdb BC A 8.97264 34.3684 -14.9747 -8.16681 -12.259 -24.2154 -0.918007 40.5563 -24.0608 4.05197 6.13719 3.56758 0 0 0 0.324181 1.9369 0.00814654 0 0 0 0 0 2.384 303 48 1 1 0
./complex_md-fit_797.pdb BC A 7.18783 26.9723 -8.97981 -7.5549 -12.2856 -24.3518 -1.11396 41.7003 -24.451 6.27492 8.30304 4.26917 0 0 0 0.230088 2.47502 0 0 0 0 0 0 2.384 303 49 2 2 0
./complex_md-fit_798.pdb BC A 7.30886 27.2227 -18.586 -7.96196 -13.8909 -23.3939 -0.754247 37.8846 -23.3141 1.2977 6.57136 4.90999 0 0 0 0.0768849 2.35523 -0.0112738 0 0 0 0 0 2.384 303 49 0 0 0
./complex_md-fit_799.pdb BC A 8.44934 30.576 -15.9243 -7.87665 -13.9782 -23.4544 -0.987835 39.3559 -23.1921 4.15077 5.83033 3.61776 0 0 0 0.610147 2.22529 -1.11022e-16 0 0 0 0 0 2.384 303 49 1 1 0
./complex_md-fit_79.pdb BC A 6.1377 28.9772 -14.9341 -7.62227 -17.5684 -22.92 -1.02454 41.1572 -22.7128 3.43287 9.44278 2.51471 0 0 0 0.366415 1.98727 0 0 0 0 0 0 2.384 303 51 0 0 0
./complex_md-fit_7.pdb BC A 9.58679 28.1222 -10.5419 -7.53619 -15.2902 -25.3798 -1.06581 45.1582 -24.9759 6.45667 8.83553 2.70788 0 0 0 0.558177 3.35343 -0.0104167 0 0 0 0 0 2.384 303 54 1 1 0
./complex_md-fit_800.pdb BC A 10.1238 36.6562 -9.18676 -6.52563 -12.0835 -23.9943 -1.06579 41.2938 -23.3417 5.1058 6.20982 4.59636 0 0 0 0.575294 2.12571 0.0223444 0 0 0 0 0.0207294 2.384 303 51 2 2 0
./complex_md-fit_801.pdb BC A 7.50786 31.2848 -13.789 -6.03649 -13.8419 -23.5552 -1.05877 40.5275 -23.0607 4.39797 5.22221 3.3269 0 0 0 0.298822 2.71735 -0.00935107 0 0 0 0 0 2.384 303 48 1 1 0
./complex_md-fit_802.pdb BC A 6.91597 32.4274 -16.7158 -8.86655 -15.4424 -23.813 -1.11742 38.7424 -23.6606 4.90562 7.34938 4.9589 0 0 0 0.205821 2.40655 0.0218794 0 0 0 0 0 2.384 303 52 0 0 0
./complex_md-fit_803.pdb BC A 8.71087 32.986 -12.1241 -7.10906 -14.6515 -23.4484 -1.19019 40.4992 -22.834 4.49381 8.38265 3.47392 0 0 0 0.259399 3.27148 0 0 0 0 0 0 2.384 303 53 2 2 0
./complex_md-fit_804.pdb BC A 7.72308 30.8196 -6.9422 -7.92958 -12.8621 -24.0716 -1.25121 42.7159 -23.2064 6.16708 8.74925 4.53487 0 0 0 0.192132 2.2203 0.0193884 0 0 0 0 0 2.384 303 49 1 1 0
./complex_md-fit_805.pdb BC A 8.03867 41.2828 -8.72582 -6.0376 -16.8014 -24.3205 -1.09514 43.6648 -23.6199 4.98656 9.74321 4.48675 0 0 0 0.215387 2.89846 0.0230112 0 0 0 0 0.02896 2.384 303 50 0 0 0
./complex_md-fit_806.pdb BC A 5.82789 33.9014 -11.223 -7.22005 -14.3203 -23.9403 -1.14992 41.0951 -23.3027 5.48493 7.35402 4.14406 0 0 0 0.55897 2.49142 0.0365585 0 0 0 0 0.036611 2.384 303 49 2 2 0
./complex_md-fit_807.pdb BC A 7.22517 33.7419 -11.5123 -7.89287 -14.8462 -25.0908 -1.15744 43.8615 -24.37 4.89814 7.72786 4.89291 0 0 0 0.464504 1.97443 0 0 0 0 0 0 2.384 303 47 0 0 0
./complex_md-fit_808.pdb BC A 6.23102 34.1005 -9.33856 -5.45308 -14.7756 -24.2324 -1.13915 41.2588 -23.8534 6.08739 7.87934 4.60008 0 0 0 0.261318 2.95529 0.0281923 0 0 0 0 0 2.384 303 51 2 2 0
./complex_md-fit_809.pdb BC A 7.11764 34.6329 -9.84808 -6.62704 -13.5868 -23.9894 -1.07765 41.5405 -23.6332 6.32891 7.01295 4.05783 0 0 0 0.101908 2.21177 5.55112e-17 0 0 0 0 0.0239734 2.384 303 51 1 1 0
./complex_md-fit_80.pdb BC A 6.73617 36.4553 -8.85903 -5.05097 -11.0578 -23.3864 -1.02591 39.7654 -23.2874 5.35688 6.60654 3.00709 0 0 0 0.19028 2.47022 0.0233132 0 0 0 0 0 2.384 303 51 1 1 0
./complex_md-fit_810.pdb BC A 9.25798 23.8609 -12.995 -8.47799 -14.6448 -24.2216 -1.10204 41.8457 -23.8417 3.17427 10.1418 3.83566 0 0 0 0.276789 2.16289 0.0188875 0 0 0 0 0 2.384 303 52 0 0 0
./complex_md-fit_811.pdb BC A 9.21723 36.5061 -13.4006 -7.45582 -15.9101 -24.8508 -1.34569 43.7616 -24.1867 4.54947 7.35152 4.33193 0 0 0 0.288879 2.30488 0.0385209 0 0 0 0 0.0265352 2.384 303 50 0 0 0
./complex_md-fit_812.pdb BC A 7.64317 31.9204 -10.5851 -7.05546 -16.0042 -23.9941 -1.20098 42.633 -23.5477 5.72362 7.6873 4.1086 0 0 0 1.0648 2.1692 -1.38778e-17 0 0 0 0 0 2.384 303 47 1 1 0
./complex_md-fit_813.pdb BC A 7.99915 38.3198 -12.6069 -7.88101 -17.6443 -24.8146 -1.16897 43.903 -23.9215 3.87997 10.2506 4.36513 0 0 0 0.360319 2.3951 0.0369989 0 0 0 0 0.0274666 2.384 303 49 0 0 0
./complex_md-fit_814.pdb BC A 7.32017 35.6484 -14.6098 -6.47221 -16.6072 -23.3471 -0.851492 40.6009 -22.8319 3.15935 7.74119 3.84886 0 0 0 0.111164 2.15809 0.0263379 0 0 0 0 0.0123687 2.384 303 50 0 0 0
./complex_md-fit_815.pdb BC A 7.82297 38.9044 -17.1273 -10.0443 -18.8118 -24.6544 -1.07939 43.476 -23.8382 4.46313 9.64548 3.50464 0 0 0 0.211597 2.45612 1.11022e-16 0 0 0 0 0 2.384 303 50 0 0 0
./complex_md-fit_816.pdb BC A 10.2552 29.279 -14.3984 -7.812 -19.373 -26.2849 -1.11968 45.8455 -25.4148 4.63821 9.87935 5.01549 0 0 0 0.208131 2.75695 0.0192161 0 0 0 0 0 2.384 303 48 2 2 0
./complex_md-fit_817.pdb BC A 9.3504 31.3615 -11.4886 -7.02261 -15.6664 -25.1846 -1.20411 43.1195 -24.9754 7.50837 7.89342 3.16037 0 0 0 0.822602 2.72285 0.0489213 0 0 0 0 0.0112721 2.384 303 48 2 2 0
./complex_md-fit_818.pdb BC A 7.38185 31.1251 -3.96597 -6.95519 -9.36493 -24.0889 -1.05731 41.5665 -23.8721 6.95658 8.65654 4.08183 0 0 0 0.110959 1.93238 0 0 0 0 0 0 2.384 303 50 2 2 0
./complex_md-fit_819.pdb BC A 6.3445 33.8146 -17.2986 -8.37651 -14.4946 -23.6501 -1.20313 40.2509 -23.3017 3.08485 7.15165 2.95996 0 0 0 0.252264 2.38595 0 0 0 0 0 0.0278475 2.384 303 47 0 0 0
./complex_md-fit_81.pdb BC A 9.14441 35.9778 -6.37605 -7.04367 -12.8656 -23.4815 -1.0631 40.9605 -23.1554 8.1188 9.00279 2.96351 0 0 0 0.116753 3.35734 0.0708383 0 0 0 0 0 2.384 303 50 2 2 0
./complex_md-fit_820.pdb BC A 8.04765 26.531 -10.0393 -8.95884 -17.319 -24.3876 -1.1881 44.0039 -23.5423 4.02017 12.8152 4.42366 0 0 0 0.0936223 2.08677 0 0 0 0 0 0 2.384 303 48 0 0 0
./complex_md-fit_821.pdb BC A 8.25094 35.6143 -15.1638 -9.46005 -15.5465 -24.0159 -0.867155 40.7761 -23.4497 3.81842 8.96855 4.00783 0 0 0 0.567006 2.25854 0.037621 0 0 0 0 0 2.384 303 48 0 0 0
./complex_md-fit_822.pdb BC A 6.87432 32.2319 -10.359 -7.91246 -11.8747 -23.9833 -0.86226 41.1564 -23.6073 4.86535 7.77896 3.80557 0 0 0 0.26224 2.28641 0 0 0 0 0 0.0125089 2.384 303 48 0 0 0
./complex_md-fit_823.pdb BC A 8.26429 34.8438 -14.7067 -8.93791 -16.9053 -23.4374 -1.17034 40.014 -22.8885 3.68562 9.60207 4.74097 0 0 0 0.562645 2.43027 0.0274477 0 0 0 0 0 2.384 303 49 1 1 0
./complex_md-fit_824.pdb BC A 6.3647 31.4481 -13.697 -9.00472 -18.4258 -24.6904 -1.24893 43.8218 -23.6719 4.86366 10.3453 4.1408 0 0 0 0.173187 2.41045 0 0 0 0 0 0 2.384 303 47 1 1 0
./complex_md-fit_825.pdb BC A 7.89697 29.9864 -9.38084 -8.18768 -15.6728 -23.3239 -1.02108 41.2598 -22.6155 5.19939 10.3527 4.18627 0 0 0 0.415546 2.09164 0.0264069 0 0 0 0 0 2.384 303 50 0 0 0
./complex_md-fit_826.pdb BC A 7.12893 34.5636 -7.87722 -8.12081 -15.4871 -25.1386 -0.98369 44.0621 -24.4308 6.72851 9.53041 5.24939 0 0 0 0.666952 2.89146 0.0464437 0 0 0 0 0 2.384 303 48 2 2 0
./complex_md-fit_827.pdb BC A 7.72753 36.2898 -9.74301 -7.99262 -11.1993 -23.3122 -0.95126 39.4619 -23.4097 5.19328 7.65497 4.7619 0 0 0 0.0499833 2.62362 0 0 0 0 0 0 2.384 303 47 1 1 0
./complex_md-fit_828.pdb BC A 6.09971 30.7261 -13.9422 -8.21552 -14.9062 -24.1813 -1.02338 40.3605 -23.928 4.81123 9.35727 3.36935 0 0 0 0.390174 2.49662 0.0238197 0 0 0 0 0 2.384 303 47 2 2 0
./complex_md-fit_829.pdb BC A 7.56246 34.6047 -8.11477 -7.57791 -14.1064 -25.0119 -1.1637 43.4903 -24.7469 7.42519 9.99892 3.19164 0 0 0 0.385999 2.33862 0 0 0 0 0 0 2.384 303 49 2 2 0
./complex_md-fit_82.pdb BC A 6.62458 36.6627 -10.7693 -5.9865 -13.8483 -23.3563 -1.14906 39.2278 -23.7083 5.51507 8.28166 3.92842 0 0 0 0.280585 2.34381 0.0455978 0 0 0 0 0 2.384 303 49 2 2 0
./complex_md-fit_830.pdb BC A 6.85421 42.0055 -12.029 -8.00771 -18.1722 -24.2768 -1.1836 42.6506 -23.6454 6.73605 9.3981 4.15305 0 0 0 0.291056 2.57232 0.0279324 0 0 0 0 0 2.384 303 48 2 2 0
./complex_md-fit_831.pdb BC A 8.76511 37.214 -12.2026 -9.00814 -15.4015 -23.7266 -0.996624 42.5328 -22.8506 2.72717 11.0394 3.2429 0 0 0 0.238493 2.47435 0 0 0 0 0 0 2.384 303 50 0 0 0
./complex_md-fit_832.pdb BC A 7.59999 34.5061 -3.00506 -8.44188 -12.1077 -23.6903 -0.997726 42.7807 -23.3836 7.13284 10.6402 4.75388 0 0 0 0.298271 1.99534 0 0 0 0 0 0.0102667 2.384 303 50 1 1 0
./complex_md-fit_833.pdb BC A 10.8031 31.1537 -11.0403 -8.43076 -14.5702 -24.5448 -0.836721 42.0918 -24.16 4.82182 9.34521 4.91841 0 0 0 0.279989 2.78497 0.0391065 0 0 0 0 0.00593172 2.384 303 48 0 0 0
./complex_md-fit_834.pdb BC A 8.48775 31.0798 -11.1008 -9.25109 -17.0349 -24.2284 -0.972893 41.7692 -23.3919 6.01027 11.2281 4.5524 0 0 0 0.207298 2.23951 0 0 0 0 0 0.0111004 2.384 303 47 2 2 0
./complex_md-fit_835.pdb BC A 9.1417 28.0791 -7.57199 -7.80485 -14.1459 -23.5966 -1.05163 41.0685 -23.2031 6.91877 8.98184 4.78654 0 0 0 0.434766 2.69601 0.0397001 0 0 0 0 0 2.384 303 44 2 2 0
./complex_md-fit_836.pdb BC A 6.99061 36.4054 -7.00198 -8.50601 -14.9558 -24.4173 -1.1199 42.0979 -23.5332 8.63441 9.63985 5.01133 0 0 0 0.143719 2.40299 0 0 0 0 0 0.00310678 2.384 303 50 2 2 0
./complex_md-fit_837.pdb BC A 7.60278 41.3728 -13.4304 -9.78109 -15.6378 -23.6888 -1.12781 39.0807 -23.2292 5.76034 10.116 4.677 0 0 0 0.400319 2.9125 0 0 0 0 0 0 2.384 303 48 1 1 0
./complex_md-fit_838.pdb BC A 7.76938 33.7514 -8.73303 -7.0935 -13.1159 -24.6465 -1.03146 42.3164 -24.2488 4.69607 9.99391 4.20585 0 0 0 0.168201 3.5738 2.77556e-17 0 0 0 0 0.0227541 2.384 303 50 2 2 0
./complex_md-fit_839.pdb BC A 7.46202 28.5024 -12.1085 -6.08654 -16.0952 -23.1809 -1.13682 39.3332 -22.3781 5.12935 9.08529 3.07593 0 0 0 0.121478 3.55616 0.0238244 0 0 0 0 0 2.384 303 46 1 1 0
./complex_md-fit_83.pdb BC A 10.2872 31.0228 -3.22161 -5.77336 -11.5626 -23.7905 -1.02214 42.3618 -24.0488 9.00886 8.32657 2.99691 0 0 0 0.243679 2.52912 0.0219274 0 0 0 0 0.0161321 2.384 303 50 3 3 0
./complex_md-fit_840.pdb BC A 7.83524 34.0582 -4.70086 -7.14352 -10.7344 -23.1637 -1.03136 40.0891 -22.4366 7.2414 7.84877 4.13251 0 0 0 0.456952 2.48492 0.0400495 0 0 0 0 0 2.384 303 47 2 2 0
./complex_md-fit_841.pdb BC A 6.96965 30.2464 -16.3311 -8.47708 -17.2882 -23.1755 -1.01884 39.0721 -22.791 3.02057 10.5073 3.29353 0 0 0 0.526047 2.29099 1.11022e-16 0 0 0 0 0 2.384 303 48 0 0 0
./complex_md-fit_842.pdb BC A 7.88513 33.9367 -11.1326 -7.61194 -13.3559 -23.4877 -1.16553 40.6551 -22.8984 3.00317 8.93576 4.52541 0 0 0 0.223031 2.59257 0.0444653 0 0 0 0 0 2.384 303 48 0 0 0
./complex_md-fit_843.pdb BC A 6.27069 34.6105 -10.8726 -7.13188 -12.1925 -24.147 -1.16775 39.0404 -23.9403 7.0134 8.67648 2.83225 0 0 0 0.107272 2.37171 0.026683 0 0 0 0 0.0103919 2.384 303 44 2 2 0
./complex_md-fit_844.pdb BC A 6.95776 31.0113 -7.5267 -6.6034 -14.7515 -23.8114 -1.11565 41.0103 -23.0655 7.04387 8.25457 5.36079 0 0 0 0.151238 2.35423 0 0 0 0 0 0 2.384 303 46 0 0 0
./complex_md-fit_845.pdb BC A 7.97607 41.5726 -9.41005 -7.08774 -12.8676 -23.2049 -1.15602 38.5808 -22.977 7.36997 8.38331 3.27823 0 0 0 0.223726 2.24501 0.0389666 0 0 0 0 0.0081902 2.384 303 46 1 1 0
./complex_md-fit_846.pdb BC A 9.22861 32.019 -11.461 -6.96612 -13.1763 -24.6497 -1.02129 41.5949 -24.6727 5.11843 7.80756 4.32619 0 0 0 0.150791 2.29924 0.0271481 0 0 0 0 0 2.384 303 48 2 2 0
./complex_md-fit_847.pdb BC A 8.20428 35.1646 -5.83867 -6.54335 -9.50349 -24.3337 -1.0393 42.384 -23.9063 4.37882 9.06889 3.43646 0 0 0 0.219363 2.73211 0 0 0 0 0 0 2.384 303 51 0 0 0
./complex_md-fit_848.pdb BC A 7.10818 37.5966 -7.46725 -5.1816 -12.8433 -23.9552 -0.886576 42.0676 -23.1841 4.2875 8.28865 3.67223 0 0 0 0.23931 3.50689 0.0282961 0 0 0 0 0 2.384 303 44 1 1 0
./complex_md-fit_849.pdb BC A 9.81074 34.7531 -11.5733 -6.51211 -10.935 -21.6788 -1.11521 34.756 -21.8926 6.97834 5.6459 2.89055 0 0 0 0.258936 2.14754 0.0266893 0 0 0 0 0.0040209 2.384 303 43 2 2 0
./complex_md-fit_84.pdb BC A 13.8512 37.3571 -13.3552 -9.05394 -13.1299 -23.907 -1.11003 40.6266 -24.1508 5.70374 8.1502 3.09928 0 0 0 0.39965 2.50119 0.0170487 0 0 0 0 0 2.384 303 49 2 2 0
./complex_md-fit_850.pdb BC A 7.24022 24.4294 -11.8599 -7.0499 -10.5219 -22.9836 -1.02186 38.2795 -22.6364 2.95772 7.05076 3.75698 0 0 0 0.288142 1.85711 0.0207878 0 0 0 0 0 2.384 303 46 1 1 0
./complex_md-fit_851.pdb BC A 9.37325 37.3121 -9.77579 -6.37525 -11.5535 -23.6654 -1.01091 39.9698 -23.7434 6.1174 6.84628 3.52919 0 0 0 0.110004 2.85731 0 0 0 0 0 0 2.384 303 47 2 2 0
./complex_md-fit_852.pdb BC A 9.05092 38.6059 -11.1259 -8.0911 -9.60482 -23.7868 -0.931873 39.8353 -23.7433 6.0228 5.9198 2.85308 0 0 0 0.354959 2.78445 0.0459896 0 0 0 0 0 2.384 303 48 1 1 0
./complex_md-fit_853.pdb BC A 5.96796 28.3429 -12.0593 -6.11801 -10.5328 -22.785 -0.969307 37.6884 -22.8376 3.54269 5.94035 3.61761 0 0 0 0.371537 2.10709 0.0228068 0 0 0 0 0 2.384 303 46 0 0 0
./complex_md-fit_854.pdb BC A 8.18313 30.3656 -7.14152 -5.22775 -9.71511 -24.3891 -0.984259 40.7097 -24.1226 5.68939 6.62898 4.09688 0 0 0 0.169812 4.03161 0 0 0 0 0 0.0026109 2.384 303 47 1 1 0
./complex_md-fit_855.pdb BC A 7.89006 35.0771 -11.594 -7.53084 -12.4686 -23.2127 -1.11262 38.8592 -22.5196 6.3572 6.717 2.88187 0 0 0 0.435144 2.53576 0 0 0 0 0 0 2.384 303 47 2 2 0
./complex_md-fit_856.pdb BC A 9.29472 39.3264 -8.13685 -7.10111 -12.6764 -22.6286 -0.953467 38.3163 -22.5089 8.0183 7.41923 3.66563 0 0 0 0.321613 2.99054 -0.00935634 0 0 0 0 0 2.384 303 48 2 2 0
./complex_md-fit_857.pdb BC A 10.3722 31.2087 -9.35749 -5.74772 -11.102 -24.698 -1.0409 41.1158 -24.6418 5.79243 7.13749 3.68503 0 0 0 0.150075 3.73012 -0.0112309 0 0 0 0 0.00326189 2.384 303 51 0 0 0
./complex_md-fit_858.pdb BC A 8.49403 31.1566 -15.1445 -6.53678 -12.3922 -24.0247 -0.854888 39.5862 -23.8939 4.03377 5.33369 3.37148 0 0 0 0.243565 2.64965 -0.0107002 0 0 0 0 0 2.384 303 47 2 2 0
./complex_md-fit_859.pdb BC A 6.99863 29.9241 -4.61983 -5.28341 -10.84 -23.3618 -0.87737 39.3223 -23.3397 7.34822 7.82074 4.38275 0 0 0 0.208422 2.18881 0 0 0 0 0 0 2.384 303 46 2 2 0
./complex_md-fit_85.pdb BC A 9.90184 28.3511 -11.8131 -7.66846 -13.6382 -24.4003 -1.08652 43.1909 -24.4142 3.63357 8.27666 3.6447 0 0 0 0.599319 2.7962 0.0494425 0 0 0 0 0 2.384 303 50 1 1 0
./complex_md-fit_860.pdb BC A 6.1381 34.6223 -9.52145 -5.99742 -10.8269 -22.1312 -0.966524 37.8183 -21.7012 4.58023 6.64361 2.62045 0 0 0 0.394961 2.15092 0.0442045 0 0 0 0 0 2.384 303 47 1 1 0
./complex_md-fit_861.pdb BC A 8.24331 30.5727 -8.91762 -7.82522 -10.9765 -23.5708 -1.06894 40.4531 -23.3284 6.09743 7.50186 3.63566 0 0 0 0.14154 2.52053 0.0225967 0 0 0 0 0 2.384 303 52 2 2 0
./complex_md-fit_862.pdb BC A 8.81343 30.0538 -15.1714 -7.64078 -13.8019 -23.9671 -0.924398 40.1807 -23.7418 3.0073 7.76807 3.70426 0 0 0 0.244266 2.35052 0 0 0 0 0 0 2.384 303 48 0 0 0
./complex_md-fit_863.pdb BC A 6.89344 32.7385 -5.09443 -7.36854 -11.1674 -25.1562 -0.909957 42.6163 -25.1914 9.10714 8.04384 4.56129 0 0 0 0.370552 2.47345 0 0 0 0 0 0 2.384 303 50 5 5 0
./complex_md-fit_864.pdb BC A 8.18235 27.8964 -12.5794 -7.92686 -12.0663 -23.1276 -0.878969 39.3634 -23.2794 4.6998 7.37233 2.98609 0 0 0 0.251602 2.2798 0.0263917 0 0 0 0 0 2.384 303 50 0 0 0
./complex_md-fit_865.pdb BC A 7.79348 30.4352 -6.32042 -6.06074 -11.3745 -23.4385 -0.906141 40.8639 -23.0467 5.51673 7.94026 3.91363 0 0 0 0.271722 2.45412 0 0 0 0 0 0 2.384 303 49 1 1 0
./complex_md-fit_866.pdb BC A 6.52115 37.5422 -7.69593 -6.48817 -11.7389 -22.8421 -0.872329 38.8323 -22.6232 6.80986 7.77141 2.92464 0 0 0 0.487441 2.50494 0.0431496 0 0 0 0 0 2.384 303 50 1 1 0
./complex_md-fit_867.pdb BC A 6.51465 29.2157 -9.93857 -6.25025 -12.42 -21.9987 -0.844103 37.2625 -21.2894 4.02555 7.32567 4.08053 0 0 0 0.169745 3.04884 0 0 0 0 0 0 2.384 303 45 2 2 0
./complex_md-fit_868.pdb BC A 6.45717 26.3526 -11.1205 -8.32726 -13.5137 -23.2931 -0.998451 40.186 -22.9836 5.31777 8.69116 3.72481 0 0 0 0.0852259 2.11992 -0.00932424 0 0 0 0 0 2.384 303 48 1 1 0
./complex_md-fit_869.pdb BC A 8.59485 31.9475 -8.44404 -4.54332 -12.1064 -23.3649 -0.940702 40.3292 -23.1204 5.08179 6.98796 2.68555 0 0 0 0.560774 3.87086 -0.0136226 0 0 0 0 0 2.384 303 45 1 1 0
./complex_md-fit_86.pdb BC A 6.58234 26.5334 -10.7479 -8.34136 -11.5832 -24.8086 -1.05445 42.6947 -25.202 5.22435 8.50615 3.23006 0 0 0 0.555667 2.03455 0.03076 0 0 0 0 0 2.384 303 53 1 1 0
./complex_md-fit_870.pdb BC A 6.74986 35.7565 -9.75277 -6.82516 -12.9979 -24.5974 -0.899946 40.0753 -24.7151 7.37733 8.22225 3.94246 0 0 0 0.67457 2.54453 -0.00929832 0 0 0 0 0 2.384 303 49 1 1 0
./complex_md-fit_871.pdb BC A 6.27905 34.0694 -14.8561 -7.49938 -14.489 -23.2297 -1.08516 38.6534 -22.9444 3.86199 8.30357 3.23741 0 0 0 0.355051 2.46559 -0.0198196 0 0 0 0 0 2.384 303 48 0 0 0
./complex_md-fit_872.pdb BC A 8.29861 31.5215 -14.7154 -8.38491 -12.6546 -22.6525 -0.746064 38.1979 -22.2564 2.86912 7.32053 3.51228 0 0 0 0.0453008 2.3717 0.0290809 0 0 0 0 0.00491755 2.384 303 47 0 0 0
./complex_md-fit_873.pdb BC A 8.18 37.5804 -9.94099 -6.62751 -12.7408 -23.2822 -1.04961 41.8535 -22.9081 4.8826 7.16567 2.28915 0 0 0 0.476228 3.2828 0 0 0 0 0 0 2.384 303 46 0 0 0
./complex_md-fit_874.pdb BC A 7.50941 26.1997 -15.378 -7.42786 -16.3357 -23.5245 -0.917788 39.7446 -23.0805 3.20201 8.74748 4.02364 0 0 0 0.16887 1.94277 0.000954217 0 0 0 0 0.0207049 2.384 303 50 0 0 0
./complex_md-fit_875.pdb BC A 8.53537 26.8688 -10.396 -6.33584 -11.3398 -23.419 -0.639647 39.2989 -23.1233 4.29054 6.01155 4.50311 0 0 0 0.359039 2.23226 -0.0015541 0 0 0 0 0 2.384 303 49 2 2 0
./complex_md-fit_876.pdb BC A 6.9287 34.7995 -10.1642 -8.63605 -14.5411 -22.9752 -0.940485 41.0694 -22.4532 5.42844 8.41468 4.16301 0 0 0 0.283592 2.06861 0.0227916 0 0 0 0 0 2.384 303 53 1 1 0
./complex_md-fit_877.pdb BC A 7.11877 35.1581 -8.72294 -9.37818 -12.5212 -23.8814 -0.971448 43.9051 -22.9603 4.49588 8.96087 3.4315 0 0 0 0.205963 2.41011 -0.00970035 0 0 0 0 0 2.384 303 50 0 0 0
./complex_md-fit_878.pdb BC A 9.99995 34.551 -14.6852 -6.99264 -13.4001 -23.4573 -1.0362 38.4884 -23.4969 4.7104 6.96322 3.30409 0 0 0 0.24459 2.38543 -0.0128462 0 0 0 0 0 2.384 303 49 0 0 0
./complex_md-fit_879.pdb BC A 7.23416 32.2006 -9.59074 -6.81555 -11.309 -23.1105 -1.02332 39.736 -22.7904 5.49687 7.78731 2.2772 0 0 0 0.179496 3.43899 -0.0187998 0 0 0 0 0 2.384 303 51 2 2 0
./complex_md-fit_87.pdb BC A 8.34227 32.4183 -10.1656 -7.09259 -13.112 -23.6437 -0.98019 41.081 -24.0472 4.63222 8.41325 3.99842 0 0 0 0.552157 2.7897 0.019165 0 0 0 0 0.0139081 2.384 303 51 0 0 0
./complex_md-fit_880.pdb BC A 6.51047 32.6397 -10.4158 -7.02304 -13.4945 -24.8814 -1.0988 42.915 -24.6383 7.5763 7.39262 2.73617 0 0 0 0.105124 2.48132 -0.00496069 0 0 0 0 0 2.384 303 48 2 2 0
./complex_md-fit_881.pdb BC A 8.65883 36.4089 -8.7102 -7.12981 -11.9471 -23.8317 -1.13859 40.0882 -23.625 7.94858 6.29499 4.12056 0 0 0 0.483687 2.85693 0.0260225 0 0 0 0 0 2.384 303 53 1 1 0
./complex_md-fit_882.pdb BC A 8.6042 35.0824 -11.8333 -6.95656 -13.0868 -24.9839 -1.09521 44.4862 -24.9668 4.73202 6.79106 2.95833 0 0 0 0.288339 2.46539 0 0 0 0 0 0 2.384 303 49 1 1 0
./complex_md-fit_883.pdb BC A 7.91907 30.1418 -13.6453 -7.72575 -15.5712 -24.3186 -1.28782 40.8661 -24.0603 6.25987 6.86999 4.57514 0 0 0 0.717207 2.54783 0.0300732 0 0 0 0 0 2.384 303 50 1 1 0
./complex_md-fit_884.pdb BC A 6.6579 42.0627 -12.2171 -6.03316 -16.4818 -24.2982 -1.12625 42.0005 -23.8669 5.02843 7.57782 4.66563 0 0 0 0.30531 2.23259 0.0115813 0 0 0 0 0 2.384 303 50 2 2 0
./complex_md-fit_885.pdb BC A 10.2374 34.4964 -10.6687 -7.62463 -12.8086 -24.434 -1.07072 41.5377 -23.8576 5.85562 7.45383 3.75239 0 0 0 0.536381 2.76469 -0.00914766 0 0 0 0 0 2.384 303 50 2 2 0
./complex_md-fit_886.pdb BC A 6.41676 28.6822 -13.0284 -9.57549 -17.5066 -24.8041 -1.16722 43.8601 -24.149 5.53959 9.48139 4.80396 0 0 0 0.477487 2.97649 -0.00246924 0 0 0 0 0.0139918 2.384 303 50 0 0 0
./complex_md-fit_887.pdb BC A 6.80283 36.0185 -8.36646 -8.53292 -14.242 -25.5792 -1.22457 46.9014 -24.3976 4.85605 8.98069 4.46201 0 0 0 0.425116 3.57764 -0.0154656 0 0 0 0 0 2.384 303 50 0 0 0
./complex_md-fit_888.pdb BC A 7.12023 29.9558 -9.52314 -8.68367 -13.9604 -26.9687 -1.20777 47.2633 -26.4649 7.06141 7.95199 4.90185 0 0 0 0.550331 3.24046 0.0143422 0 0 0 0 0.0191403 2.384 303 51 2 2 0
./complex_md-fit_889.pdb BC A 6.37096 36.4626 -6.27847 -7.05575 -13.122 -25.5764 -0.991038 46.4552 -25.0974 6.46782 7.77336 4.54772 0 0 0 0.275775 2.30572 0.0441461 0 0 0 0 0 2.384 303 51 1 1 0
./complex_md-fit_88.pdb BC A 8.80762 29.4888 -11.4696 -6.3631 -13.7467 -23.7024 -1.05777 41.1944 -24.0064 3.6809 9.10861 3.2016 0 0 0 0.195329 2.43397 0.0259002 0 0 0 0 0 2.384 303 52 0 0 0
./complex_md-fit_890.pdb BC A 7.5685 25.6835 -13.6137 -9.04502 -14.2956 -25.5391 -1.07044 45.9426 -24.98 3.71981 8.64168 2.71491 0 0 0 0.311817 2.49286 -0.0143507 0 0 0 0 0 2.384 303 52 0 0 0
./complex_md-fit_891.pdb BC A 11.8584 26.2616 -12.9472 -8.18603 -18.796 -23.785 -1.05839 42.2476 -23.1055 7.38569 9.24125 2.7518 0 0 0 0.335941 2.45141 0.0214174 0 0 0 0 0 2.384 303 52 2 2 0
./complex_md-fit_892.pdb BC A 6.17649 32.0009 -4.34961 -6.75504 -9.11862 -22.89 -1.06731 39.2578 -22.8719 8.54856 6.65507 3.56542 0 0 0 0.279334 2.38153 0.047002 0 0 0 0 0 2.384 303 50 1 1 0
./complex_md-fit_893.pdb BC A 7.12005 36.8786 -4.91605 -8.17443 -12.3008 -23.2666 -0.908507 40.7893 -23.1076 8.22758 9.29167 4.1165 0 0 0 0.346632 3.73698 0.0510103 0 0 0 0 0.0191934 2.384 303 48 2 2 0
./complex_md-fit_894.pdb BC A 7.9737 33.6605 -7.24004 -8.72139 -12.4899 -24.4424 -1.21404 41.8033 -23.8583 8.86171 8.05209 4.0844 0 0 0 0.661836 2.41771 0.0225481 0 0 0 0 0 2.384 303 51 3 3 0
./complex_md-fit_895.pdb BC A 6.3782 35.9315 -5.43459 -7.1745 -13.8023 -24.3999 -1.16032 43.8729 -23.4157 8.18295 8.13374 3.91072 0 0 0 0.391777 2.91181 0.0258695 0 0 0 0 0 2.384 303 51 2 2 0
./complex_md-fit_896.pdb BC A 9.85826 35.9716 -8.00598 -9.37819 -16.5041 -25.5449 -1.11647 46.5747 -24.4481 6.65794 10.4243 4.67118 0 0 0 0.613817 2.26128 0.0236702 0 0 0 0 0.0202329 2.384 303 54 2 2 0
./complex_md-fit_897.pdb BC A 9.84085 31.8133 -8.48853 -7.5744 -15.2035 -23.126 -1.01903 40.9809 -22.3291 5.42076 9.08663 4.57066 0 0 0 0.679988 2.31557 0.0241834 0 0 0 0 0.000385851 2.384 303 52 1 1 0
./complex_md-fit_898.pdb BC A 9.91268 31.9109 -9.75277 -7.72417 -13.2221 -23.6845 -1.08623 40.8491 -23.3465 4.87854 9.8295 3.38926 0 0 0 0.344595 2.54247 0.00461863 0 0 0 0 0.0150939 2.384 303 51 0 0 0
./complex_md-fit_899.pdb BC A 7.84148 33.6956 -6.41585 -8.26423 -12.2964 -24.7309 -0.99452 44.0816 -23.881 6.07591 9.14447 3.69053 0 0 0 0.782825 2.87179 -0.0242191 0 0 0 0 0 2.384 303 49 2 2 0
./complex_md-fit_89.pdb BC A 6.87764 38.2542 -16.2629 -8.05099 -14.116 -23.8364 -1.13989 40.2971 -24.36 3.26726 8.84478 2.49284 0 0 0 0.316558 2.62766 0.0218238 0 0 0 0 0 2.384 303 49 0 0 0
./complex_md-fit_8.pdb BC A 7.00773 28.2311 -12.7869 -8.38743 -17.2911 -24.6823 -1.25031 43.4398 -24.0172 5.2863 9.61855 4.05646 0 0 0 0.423058 2.43597 0.0157487 0 0 0 0 0.00151867 2.384 303 53 1 1 0
./complex_md-fit_900.pdb BC A 7.13714 36.5345 -6.08197 -7.26849 -11.7388 -24.9226 -1.0604 44.8719 -24.2976 6.04825 7.75907 4.36798 0 0 0 0.129391 2.96707 0.029291 0 0 0 0 0 2.384 303 51 1 1 0
./complex_md-fit_901.pdb BC A 7.00596 32.1655 -7.65235 -6.79847 -12.3056 -24.0941 -1.05117 42.6934 -23.6546 5.98677 7.36885 4.05477 0 0 0 0.166985 2.7047 -0.01927 0 0 0 0 0 2.384 303 49 1 1 0
./complex_md-fit_902.pdb BC A 8.33094 29.9332 -4.93137 -8.27428 -11.117 -23.5316 -0.94989 42.1221 -23.0692 6.78925 8.87265 4.21332 0 0 0 0.037286 2.50953 -0.0240063 0 0 0 0 0 2.384 303 52 2 2 0
./complex_md-fit_903.pdb BC A 7.16609 33.9099 -8.77648 -7.02902 -12.5038 -23.4206 -1.09604 41.2297 -23.0321 6.04906 8.23026 2.74742 0 0 0 0.107173 2.62511 -0.0610627 0 0 0 0 0.00243607 2.384 303 55 2 2 0
./complex_md-fit_904.pdb BC A 7.18268 31.3973 -8.12769 -6.28246 -12.0925 -23.7995 -1.09095 42.0542 -23.6715 6.83062 6.94606 2.82213 0 0 0 0.150898 2.95738 0.00526049 0 0 0 0 0 2.384 303 49 1 1 0
./complex_md-fit_905.pdb BC A 7.60115 30.4309 -9.26824 -7.79098 -12.7733 -24.9322 -1.22619 43.8892 -24.338 6.45262 8.08413 2.74561 0 0 0 0.582061 4.07269 0.0387584 0 0 0 0 0 2.384 303 50 2 2 0
./complex_md-fit_906.pdb BC A 10.6208 38.2208 -12.5697 -9.04863 -13.6854 -24.5081 -1.09583 41.905 -24.1273 6.34587 8.39816 2.79898 0 0 0 0.462186 2.54222 -0.0146208 0 0 0 0 0 2.384 303 50 1 1 0
./complex_md-fit_907.pdb BC A 9.04688 38.6919 -4.05179 -7.62075 -11.2421 -25.3222 -1.28614 46.4044 -24.7945 7.09148 9.1109 3.31598 0 0 0 0.291191 2.37303 0 0 0 0 0 0 2.384 303 51 2 2 0
./complex_md-fit_908.pdb BC A 11.5214 41.1842 -4.98919 -7.16915 -12.2601 -24.1239 -1.13677 43.0981 -23.5762 6.88559 8.20385 4.54115 0 0 0 0.504522 2.4978 0.0231057 0 0 0 0 0.0205921 2.384 303 48 2 2 0
./complex_md-fit_909.pdb BC A 9.97653 25.5403 -12.0677 -7.72731 -12.8706 -24.0825 -1.28932 41.3179 -23.8573 4.60583 8.61743 3.03588 0 0 0 0.162736 2.1284 -0.00956172 0 0 0 0 0.0292209 2.384 303 50 2 2 0
./complex_md-fit_90.pdb BC A 8.38762 38.2811 -6.36119 -5.04964 -11.1187 -24.3457 -0.8802 42.665 -24.538 5.01369 7.05111 4.20478 0 0 0 0.612635 2.77906 0.0237622 0 0 0 0 0 2.384 303 50 0 0 0
./complex_md-fit_910.pdb BC A 5.71446 32.046 -15.8547 -8.4999 -16.2514 -25.5111 -1.10439 42.746 -25.2306 4.83185 7.87705 5.10671 0 0 0 0.127401 2.85762 0.0411237 0 0 0 0 0.0124837 2.384 303 49 2 2 0
./complex_md-fit_911.pdb BC A 9.69788 36.0743 -10.4205 -7.62598 -15.7769 -26.0325 -1.10278 46.4904 -25.5149 4.75237 8.71906 5.05088 0 0 0 0.597143 2.71338 0.0227122 0 0 0 0 0 2.384 303 50 0 0 0
./complex_md-fit_912.pdb BC A 8.58861 40.6683 -6.42909 -6.774 -12.2684 -25.0673 -1.02139 44.7914 -24.9365 6.44543 8.71675 3.44489 0 0 0 0.216636 3.40765 0.0233729 0 0 0 0 0 2.384 303 48 1 1 0
./complex_md-fit_913.pdb BC A 6.56564 29.175 -9.59711 -8.02579 -12.5964 -22.5043 -1.00001 37.563 -22.2719 6.08614 8.9724 3.67908 0 0 0 0.475805 2.2681 0.0248674 0 0 0 0 0 2.384 303 48 2 2 0
./complex_md-fit_914.pdb BC A 10.2463 35.0281 -13.4725 -8.6525 -14.5536 -23.9399 -1.03617 42.2731 -23.5513 5.10123 8.44059 2.28122 0 0 0 0.161382 3.45534 -5.55112e-17 0 0 0 0 0.00351286 2.384 303 48 2 2 0
./complex_md-fit_915.pdb BC A 8.25898 31.1407 -13.0832 -9.43713 -12.357 -25.1181 -1.19571 43.0041 -24.6647 2.76946 7.99704 5.46607 0 0 0 0.41235 2.42072 0.0403644 0 0 0 0 0 2.384 303 49 0 0 0
./complex_md-fit_916.pdb BC A 7.44139 36.1226 -16.5004 -7.98062 -14.1015 -25.5845 -1.23095 42.7334 -25.1815 3.43701 8.30247 2.66168 0 0 0 0.417224 2.48132 0.020768 0 0 0 0 0.00620738 2.384 303 51 1 1 0
./complex_md-fit_917.pdb BC A 8.36497 37.4904 -8.81168 -6.4376 -9.0699 -24.0929 -1.124 40.2238 -24.3636 4.75712 6.77686 4.0808 0 0 0 0.405846 3.34867 0.031887 0 0 0 0 0 2.384 303 50 2 2 0
./complex_md-fit_918.pdb BC A 8.71449 32.5138 -13.4318 -5.8223 -11.7536 -24.4794 -1.22322 40.2269 -24.341 6.32056 5.43782 2.02801 0 0 0 0.174469 2.51165 0 0 0 0 0 0 2.384 303 49 0 0 0
./complex_md-fit_919.pdb BC A 6.47973 30.5646 -17.088 -7.29954 -15.1345 -22.7684 -1.14933 37.4601 -22.533 2.58632 6.73314 3.58911 0 0 0 1.40253 2.64275 0.0256862 0 0 0 0 0 2.384 303 50 0 0 0
./complex_md-fit_91.pdb BC A 8.41035 37.2587 -16.0198 -7.33979 -15.1446 -22.2515 -0.991497 37.0247 -22.4708 2.8063 8.29246 3.60467 0 0 0 0.445025 2.20619 1.11022e-16 0 0 0 0 0.00532451 2.384 303 48 0 0 0
./complex_md-fit_920.pdb BC A 8.15897 33.0523 -7.69171 -7.19795 -11.5116 -25.2565 -1.19481 43.1752 -25.1263 7.96979 7.11565 3.68603 0 0 0 0.617984 2.56128 0 0 0 0 0 0.0307983 2.384 303 51 1 1 0
./complex_md-fit_921.pdb BC A 7.06186 35.6447 -12.6211 -6.37259 -11.7665 -24.4021 -0.991189 41.2002 -24.2385 2.92429 7.41548 3.33797 0 0 0 0.231511 2.59706 0.0404 0 0 0 0 0 2.384 303 50 1 1 0
./complex_md-fit_922.pdb BC A 11.9433 23.1537 -11.9912 -8.00095 -13.5035 -24.8052 -1.12183 42.9617 -24.3196 4.3405 8.06406 4.27073 0 0 0 0.10212 3.26452 0.0207738 0 0 0 0 0 2.384 303 49 1 1 0
./complex_md-fit_923.pdb BC A 6.56011 29.6537 -16.11 -8.13729 -14.3425 -23.8255 -1.18923 39.1877 -23.7103 3.7273 7.82558 4.08285 0 0 0 0.247809 2.41833 0.0235867 0 0 0 0 0 2.384 303 48 2 2 0
./complex_md-fit_924.pdb BC A 6.50849 31.7008 -11.3168 -8.83767 -12.7198 -24.9501 -0.983408 42.9251 -24.3781 4.91715 8.24343 4.15202 0 0 0 0.272484 3.69785 0.0421672 0 0 0 0 0 2.384 303 49 1 1 0
./complex_md-fit_925.pdb BC A 8.57336 34.6383 -12.292 -8.48967 -14.0595 -23.2665 -0.956491 39.6914 -23.1849 5.29525 8.01133 4.17298 0 0 0 0.4529 2.21357 0.0412504 0 0 0 0 0 2.384 303 48 2 2 0
./complex_md-fit_926.pdb BC A 6.95578 30.303 -8.89222 -4.52111 -13.1304 -24.68 -1.24515 42.3369 -24.5187 6.12307 7.05774 3.3567 0 0 0 0.328777 4.72946 0 0 0 0 0 0 2.384 303 48 2 2 0
./complex_md-fit_927.pdb BC A 6.91036 33.3154 -7.26094 -7.27938 -10.3959 -24.217 -1.01497 40.8915 -24.3324 6.92485 8.08082 3.83861 0 0 0 0.252505 1.93749 -0.00966481 0 0 0 0 0 2.384 303 49 3 3 0
./complex_md-fit_928.pdb BC A 6.18078 28.7855 -10.4303 -9.42739 -14.4425 -23.8532 -0.988573 40.3298 -23.617 8.04935 9.16512 4.01032 0 0 0 0.326581 2.52202 0.017209 0 0 0 0 0 2.384 303 49 2 2 0
./complex_md-fit_929.pdb BC A 10.0235 37.1087 -8.40044 -6.82411 -9.73397 -24.0009 -0.968491 39.6293 -24.3437 5.02268 8.19095 4.09833 0 0 0 0.529418 2.52482 0 0 0 0 0 0 2.384 303 46 1 1 0
./complex_md-fit_92.pdb BC A 7.30798 33.0514 -7.57208 -8.03914 -9.77673 -23.8049 -0.911468 42.0946 -23.6217 5.05619 7.90163 2.89061 0 0 0 0.630567 2.59297 0.00828144 0 0 0 0 0 2.384 303 51 1 1 0
./complex_md-fit_930.pdb BC A 9.12609 27.9353 -5.82525 -7.94801 -11.3389 -23.2015 -0.876156 39.9341 -23.2339 5.97406 10.4373 4.3585 0 0 0 0.0988589 2.4531 -0.029576 0 0 0 0 0 2.384 303 46 1 1 0
./complex_md-fit_931.pdb BC A 7.0482 32.995 -10.9469 -4.96593 -12.7939 -22.7682 -1.08521 40.0826 -22.6179 2.89447 6.56886 3.30787 0 0 0 0.439742 2.40175 -0.00918139 0 0 0 0 0 2.384 303 49 0 0 0
./complex_md-fit_932.pdb BC A 7.65944 36.0883 -6.61652 -7.2326 -13.3417 -23.7223 -0.798337 42.0792 -23.2732 7.43647 9.22596 2.67336 0 0 0 0.316693 2.11924 0.0199566 0 0 0 0 0 2.384 303 50 0 0 0
./complex_md-fit_933.pdb BC A 7.38078 38.0969 -5.32695 -8.66199 -12.3432 -22.9513 -0.94673 42.0657 -22.4499 7.31256 8.56627 3.92018 0 0 0 0.10041 2.90963 0.0493299 0 0 0 0 0.0118101 2.384 303 52 2 2 0
./complex_md-fit_934.pdb BC A 9.32153 29.524 -10.2726 -6.8648 -14.925 -23.6103 -1.10772 39.3058 -23.2922 4.92936 10.7104 4.39355 0 0 0 0.188275 2.35973 0 0 0 0 0 0 2.384 303 48 2 2 0
./complex_md-fit_935.pdb BC A 6.36011 34.1959 -7.99137 -7.08485 -10.4906 -23.6959 -1.17916 40.2068 -23.5556 5.64979 8.81698 2.80472 0 0 0 0.520451 2.33119 0.0160335 0 0 0 0 0 2.384 303 50 0 0 0
./complex_md-fit_936.pdb BC A 6.94523 33.3139 -11.5088 -7.86187 -12.9613 -25.533 -1.19548 43.5717 -25.479 5.60306 7.70949 3.9915 0 0 0 0.605543 3.29692 0.0219188 0 0 0 0 0.0185871 2.384 303 54 0 0 0
./complex_md-fit_937.pdb BC A 6.98193 30.4647 -19.702 -9.13236 -15.4958 -24.7807 -1.12256 39.7598 -25.1079 2.81874 9.00299 4.04802 0 0 0 0.286286 2.38495 0.0213687 0 0 0 0 0 2.384 303 47 0 0 0
./complex_md-fit_938.pdb BC A 10.1127 38.2379 -12.1147 -7.1329 -12.2958 -22.9874 -1.10046 38.6599 -23.2147 5.01521 7.60012 3.07086 0 0 0 0.245303 2.17351 0 0 0 0 0 0.0251829 2.384 303 48 1 1 0
./complex_md-fit_939.pdb BC A 8.97782 34.167 -12.7189 -8.08219 -13.6451 -24.4556 -1.2095 42.2574 -24.1297 5.38492 7.4548 3.39118 0 0 0 0.249972 2.22492 0.0233282 0 0 0 0 0.0416678 2.384 303 51 2 2 0
./complex_md-fit_93.pdb BC A 10.8526 36.9893 -13.1466 -7.34314 -14.4398 -23.6293 -1.01242 40.0974 -23.2035 4.63654 7.72963 3.55131 0 0 0 0.443943 2.51479 0.0226808 0 0 0 0 0 2.384 303 49 0 0 0
./complex_md-fit_940.pdb BC A 7.01273 38.279 -12.0257 -8.50006 -11.3883 -23.2613 -1.01275 40.7692 -22.9941 2.09192 7.63718 3.82485 0 0 0 0.731751 2.35201 0.0466218 0 0 0 0 0.0293787 2.384 303 48 0 0 0
./complex_md-fit_941.pdb BC A 6.46762 35.4244 -9.41 -8.0448 -10.0485 -23.643 -1.12787 40.4911 -23.2458 5.95725 6.32986 3.60718 0 0 0 0.287703 1.90896 0 0 0 0 0 0.0269522 2.384 303 51 1 1 0
./complex_md-fit_942.pdb BC A 7.65589 30.7975 -10.0172 -7.73116 -10.6471 -23.6613 -0.870429 40.4247 -23.4101 3.96008 6.93038 4.66787 0 0 0 0.2946 2.36296 0.0252755 0 0 0 0 0 2.384 303 50 1 1 0
./complex_md-fit_943.pdb BC A 6.86398 25.0202 -9.2305 -9.08227 -12.4945 -23.9316 -1.14467 41.7126 -23.7325 4.95271 9.00028 4.91048 0 0 0 0.578928 2.13628 0 0 0 0 0 0 2.384 303 49 0 0 0
./complex_md-fit_944.pdb BC A 11.5028 38.4145 -13.0907 -8.53858 -12.4486 -24.2126 -1.16592 40.5969 -23.9696 6.40347 7.42343 2.56066 0 0 0 0.277809 2.15423 -0.0176215 0 0 0 0 0 2.384 303 50 3 3 0
./complex_md-fit_945.pdb BC A 9.07648 34.5395 -13.7805 -7.87646 -13.9563 -24.3783 -1.09855 39.9039 -24.7371 6.40342 7.25439 4.35564 0 0 0 0.318135 2.397 0.0282593 0 0 0 0 0.00246104 2.384 303 51 2 2 0
./complex_md-fit_946.pdb BC A 7.62593 33.151 -12.1588 -7.44952 -14.9506 -23.9731 -1.05093 40.8985 -23.986 6.17062 8.66885 3.16773 0 0 0 0.315036 2.39299 0.0234328 0 0 0 0 0.00721584 2.384 303 49 1 1 0
./complex_md-fit_947.pdb BC A 7.88754 31.4181 -12.4327 -7.90581 -14.6581 -24.021 -1.25315 40.1797 -23.7693 7.91452 6.98937 3.4069 0 0 0 0.630738 2.02485 0.0228234 0 0 0 0 0.0306781 2.384 303 48 2 2 0
./complex_md-fit_948.pdb BC A 7.25556 26.1147 -12.2851 -8.50461 -17.0928 -25.5464 -1.20232 43.6835 -25.4244 8.03494 9.54108 3.89167 0 0 0 0.287607 2.526 0.0382671 0 0 0 0 0.00831644 2.384 303 51 3 3 0
./complex_md-fit_949.pdb BC A 8.31699 39.4429 -16.8255 -7.79536 -16.6596 -24.8077 -0.971538 42.3624 -24.268 3.13322 8.32113 3.54401 0 0 0 0.292188 3.42783 0.0236959 0 0 0 0 0 2.384 303 51 1 1 0
./complex_md-fit_94.pdb BC A 10.2727 32.3721 -11.2375 -5.7557 -14.6647 -22.1858 -1.18976 38.2148 -21.9929 4.75247 8.28643 3.06964 0 0 0 0.235904 2.03285 -0.0107521 0 0 0 0 0.0029259 2.384 303 49 1 1 0
./complex_md-fit_950.pdb BC A 9.49072 32.5149 -8.57774 -7.73472 -13.7787 -25.0431 -1.00775 43.5158 -25.0397 5.82625 9.75372 3.82833 0 0 0 1.03078 2.93126 0.0470342 0 0 0 0 0.0243108 2.384 303 51 1 1 0
./complex_md-fit_951.pdb BC A 7.52902 33.701 -11.0484 -7.2754 -14.0791 -24.0645 -1.19641 41.806 -23.8601 4.56265 8.5505 3.97288 0 0 0 0.480046 2.14068 0.03598 0 0 0 0 0.0190488 2.384 303 48 0 0 0
./complex_md-fit_952.pdb BC A 9.21143 36.6364 -11.7852 -7.86117 -15.2185 -25.4786 -1.05574 44.1435 -25.0521 3.96054 8.90894 5.42799 0 0 0 0.439929 3.59294 0 0 0 0 0 0 2.384 303 51 0 0 0
./complex_md-fit_953.pdb BC A 7.84156 32.4643 -6.65084 -7.43839 -13.3055 -23.5874 -1.07481 41.0595 -23.247 7.1032 8.48164 4.92663 0 0 0 0.38951 2.29247 0.0417788 0 0 0 0 0 2.384 303 49 1 1 0
./complex_md-fit_954.pdb BC A 6.69733 33.3344 -13.7224 -10.2378 -18.2775 -25.9614 -1.10614 47.6749 -25.3 4.0024 11.195 4.00382 0 0 0 0.258052 2.72384 -0.00943048 0 0 0 0 0.0356982 2.384 303 52 0 0 0
./complex_md-fit_955.pdb BC A 6.93202 30.5588 -8.97564 -6.75763 -11.8242 -24.5852 -0.937842 43.2268 -24.6118 4.38909 7.73248 3.93626 0 0 0 0.426715 2.46143 0.0296557 0 0 0 0 0 2.384 303 51 0 0 0
./complex_md-fit_956.pdb BC A 6.28182 28.0927 -13.3683 -6.12962 -15.9735 -23.686 -1.05676 40.8458 -23.2066 4.12569 7.93703 3.18748 0 0 0 0.588154 3.4543 0 0 0 0 0 0 2.384 303 50 1 1 0
./complex_md-fit_957.pdb BC A 7.62403 33.5723 -18.1598 -9.70617 -17.2872 -24.6507 -1.14893 41.7373 -24.555 3.09066 9.80114 4.21037 0 0 0 0.321558 2.29565 0.0272147 0 0 0 0 0 2.384 303 51 1 1 0
./complex_md-fit_958.pdb BC A 6.27869 26.3119 -15.3204 -9.61274 -16.1445 -25.3762 -0.978802 43.9404 -24.7924 3.51604 9.83258 3.9543 0 0 0 0.340989 2.37567 1.11022e-16 0 0 0 0 0 2.384 303 51 1 1 0
./complex_md-fit_959.pdb BC A 7.36981 32.556 -8.18643 -7.81553 -14.0167 -23.6768 -1.11784 42.9657 -23.3345 5.09142 10.4037 3.10999 0 0 0 0.195522 2.2212 -0.0103502 0 0 0 0 0.0189254 2.384 303 48 1 1 0
./complex_md-fit_95.pdb BC A 8.07036 31.7214 -15.5815 -9.42623 -15.1049 -22.493 -0.936902 38.603 -21.9721 3.51758 8.13693 3.46941 0 0 0 0.613126 2.76801 0.0115832 0 0 0 0 0 2.384 303 46 0 0 0
./complex_md-fit_960.pdb BC A 7.4346 36.6169 -16.0319 -8.61126 -18.6914 -25.5432 -1.24125 44.3695 -25.1547 4.72666 9.7501 4.04406 0 0 0 0.295946 2.2214 0.0235696 0 0 0 0 0 2.384 303 52 2 2 0
./complex_md-fit_961.pdb BC A 8.2332 26.8321 -9.80178 -7.58542 -14.6307 -24.6793 -0.916382 43.7257 -24.1452 4.4696 9.35382 4.40219 0 0 0 0.203871 2.21086 0 0 0 0 0 0 2.384 303 49 0 0 0
./complex_md-fit_962.pdb BC A 8.541 31.4151 -18.0337 -8.25618 -16.4767 -24.1274 -1.24826 40.3704 -23.8699 2.36 8.99835 4.07558 0 0 0 0.140442 2.24615 0 0 0 0 0 0 2.384 303 50 0 0 0
./complex_md-fit_963.pdb BC A 7.93716 32.7332 -5.49852 -6.93879 -11.2381 -24.7744 -0.936574 42.9566 -24.5128 7.45083 7.75227 4.39412 0 0 0 0.308729 2.57045 0.039575 0 0 0 0 0 2.384 303 49 2 2 0
./complex_md-fit_964.pdb BC A 8.42273 27.1602 -14.257 -7.75866 -15.9584 -23.4289 -1.06394 40.5829 -23.3644 3.17831 8.73593 4.47509 0 0 0 0.318801 2.50913 0.0262167 0 0 0 0 0 2.384 303 49 0 0 0
./complex_md-fit_965.pdb BC A 6.9861 29.4719 -15.9624 -7.33536 -16.4436 -24.8076 -1.11376 41.8124 -24.326 3.39515 8.24856 4.39487 0 0 0 0.202374 2.27812 0.0105752 0 0 0 0 0 2.384 303 50 0 0 0
./complex_md-fit_966.pdb BC A 8.80998 40.3971 -18.6813 -8.7077 -17.1327 -24.4454 -1.00735 41.8317 -24.4895 1.92561 8.18823 4.75495 0 0 0 0.400868 2.76188 -5.55112e-17 0 0 0 0 0 2.384 303 49 0 0 0
./complex_md-fit_967.pdb BC A 9.342 33.2146 -8.66877 -8.38706 -14.9068 -24.9819 -1.14113 43.8628 -24.6602 6.57505 9.66405 4.68002 0 0 0 0.60513 2.49888 0.0212996 0 0 0 0 0 2.384 303 49 1 1 0
./complex_md-fit_968.pdb BC A 6.76548 34.1855 -10.0476 -7.86194 -12.9028 -25.8867 -1.26892 45.1898 -25.4508 5.62004 7.28434 4.14537 0 0 0 1.06157 2.89845 0.0223556 0 0 0 0 0 2.384 303 53 2 2 0
./complex_md-fit_969.pdb BC A 7.91244 25.8991 -9.91614 -6.48752 -11.9483 -24.0978 -0.989129 41.8035 -23.9989 2.15432 9.33644 3.96262 0 0 0 0.338912 2.07259 0.00966648 0 0 0 0 0 2.384 303 48 0 0 0
./complex_md-fit_96.pdb BC A 6.32436 36.6221 -8.94814 -6.30037 -11.1009 -24.0551 -0.891864 42.1001 -23.8576 4.77292 7.49349 2.70627 0 0 0 0.166312 3.05699 0.0108214 0 0 0 0 0.0077906 2.384 303 48 1 1 0
./complex_md-fit_970.pdb BC A 8.29095 29.3908 -11.2567 -6.75945 -13.8088 -24.2968 -1.14702 41.8581 -24.1515 6.53485 6.61548 3.11649 0 0 0 0.782101 2.39139 0 0 0 0 0 0 2.384 303 50 1 1 0
./complex_md-fit_971.pdb BC A 6.40301 26.3426 -8.60985 -6.3835 -13.4645 -25.112 -1.25264 43.5869 -24.85 7.41662 7.84884 3.18391 0 0 0 0.389351 3.07066 0.0271998 0 0 0 0 0 2.384 303 51 2 2 0
./complex_md-fit_972.pdb BC A 6.64982 27.0793 -19.6138 -8.3552 -16.7793 -23.4145 -0.89872 38.9586 -23.1301 2.1903 7.24964 4.28699 0 0 0 0.278473 2.63045 -5.55112e-17 0 0 0 0 0 2.384 303 47 0 0 0
./complex_md-fit_973.pdb BC A 7.6403 30.0183 -6.50442 -5.83534 -12.2621 -23.875 -1.05188 44.074 -23.4073 4.58372 6.98624 3.96976 0 0 0 0.291108 2.67566 0.0223854 0 0 0 0 0 2.384 303 53 2 2 0
./complex_md-fit_974.pdb BC A 8.18342 32.4988 -14.3113 -8.79193 -16.8716 -24.515 -1.03635 43.1608 -23.9824 4.69697 8.39267 4.24343 0 0 0 0.387326 2.133 -0.00966994 0 0 0 0 0.0145694 2.384 303 50 0 0 0
./complex_md-fit_975.pdb BC A 9.77175 34.5533 -11.5114 -7.58043 -13.9573 -23.6583 -1.26772 41.0504 -23.1428 4.65477 8.16396 4.05676 0 0 0 0.125935 1.78012 0.0201724 0 0 0 0 0.023234 2.384 303 49 0 0 0
./complex_md-fit_976.pdb BC A 7.98058 34.0703 -6.31144 -6.19829 -11.1298 -21.7298 -1.12048 37.8545 -21.33 6.53737 6.45737 3.91249 0 0 0 0.4063 2.22664 0.022192 0 0 0 0 0.00675415 2.384 303 48 2 2 0
./complex_md-fit_977.pdb BC A 7.66637 34.2692 -6.18972 -3.81159 -9.29471 -23.5856 -1.02411 40.6394 -23.3969 6.59656 4.22383 3.16122 0 0 0 0.275043 2.14685 0 0 0 0 0 0.0270872 2.384 303 50 2 2 0
./complex_md-fit_978.pdb BC A 9.97628 35.4614 -9.07797 -6.65633 -13.7353 -24.5657 -1.10411 42.5214 -24.3502 5.85452 8.65596 4.04765 0 0 0 0.22724 2.81997 0.0270401 0 0 0 0 0 2.384 303 49 2 2 0
./complex_md-fit_979.pdb BC A 7.88249 34.4204 -15.123 -6.76275 -14.1925 -24.6363 -1.20079 42.2506 -24.5775 2.60945 6.8576 3.55449 0 0 0 0.946167 2.80353 0.0285556 0 0 0 0 0 2.384 303 49 0 0 0
./complex_md-fit_97.pdb BC A 7.90409 36.9603 -5.61373 -7.06992 -10.9732 -22.5585 -0.996011 41.4004 -21.9462 5.92783 7.46968 2.85116 0 0 0 0.292857 3.27909 -0.0128824 0 0 0 0 0.00112916 2.384 303 46 1 1 0
./complex_md-fit_980.pdb BC A 8.14462 30.3698 -16.1128 -7.80801 -13.6355 -22.2844 -1.0409 36.9025 -22.2586 3.85441 6.09886 3.71921 0 0 0 0.316139 2.13563 0.0234459 0 0 0 0 0 2.384 303 51 0 0 0
./complex_md-fit_981.pdb BC A 9.9767 29.772 -11.4083 -5.83077 -10.4462 -23.1683 -1.07125 39.1602 -23.246 3.80594 5.41913 3.57548 0 0 0 0.351481 2.11886 0.0205859 0 0 0 0 0.0213854 2.384 303 53 1 1 0
./complex_md-fit_982.pdb BC A 8.13291 32.2815 -8.04278 -6.92516 -12.1861 -23.8139 -1.17022 41.4699 -23.1764 6.71351 6.33055 4.45279 0 0 0 0.271906 3.41474 -0.00967605 0 0 0 0 0 2.384 303 51 2 2 0
./complex_md-fit_983.pdb BC A 9.29198 25.9946 -13.5304 -7.42984 -10.1678 -21.8931 -0.901771 36.1136 -22.3541 3.45744 6.1122 3.01556 0 0 0 0.490388 2.08573 0 0 0 0 0 0.0269447 2.384 303 48 1 1 0
./complex_md-fit_984.pdb BC A 6.48507 31.5142 -10.9105 -5.13415 -12.9373 -21.9569 -1.08996 37.7788 -21.8177 2.32124 7.71137 3.76179 0 0 0 0.427832 3.01126 0.0244818 0 0 0 0 0 2.384 303 49 0 0 0
./complex_md-fit_985.pdb BC A 7.97187 29.7148 -14.3729 -7.30878 -12.8795 -23.1302 -1.07173 38.8066 -23.1041 3.36459 7.09705 3.73166 0 0 0 0.121528 2.23291 -5.55112e-17 0 0 0 0 0 2.384 303 49 1 1 0
./complex_md-fit_986.pdb BC A 9.85981 34.8321 -5.57865 -6.50014 -11.939 -23.1496 -1.0351 41.9319 -22.5361 5.0237 7.6142 4.48196 0 0 0 0.501058 3.3562 0.02839 0 0 0 0 0 2.384 303 51 1 1 0
./complex_md-fit_987.pdb BC A 10.6723 40.2603 -12.4323 -8.61577 -16.3939 -23.3918 -1.21705 39.7071 -22.8986 4.4156 10.5362 5.12285 0 0 0 0.303108 1.88757 0 0 0 0 0 0 2.384 303 49 1 1 0
./complex_md-fit_988.pdb BC A 8.26655 28.5528 -16.4523 -7.8491 -15.7367 -22.61 -1.04023 37.1473 -22.9149 2.2738 8.9896 4.71405 0 0 0 0.550884 1.7543 0.0230623 0 0 0 0 0 2.384 303 50 0 0 0
./complex_md-fit_989.pdb BC A 5.86621 30.12 -10.0839 -6.33616 -11.3652 -23.3274 -0.921213 39.1748 -23.374 3.48358 7.46265 4.97448 0 0 0 0.117483 2.18733 0.0271005 0 0 0 0 0 2.384 303 48 1 1 0
./complex_md-fit_98.pdb BC A 6.4555 35.7802 -9.7196 -6.91351 -10.4735 -22.5063 -0.904249 39.4258 -22.5465 4.61024 7.19587 1.87264 0 0 0 0.519796 2.02569 5.55112e-17 0 0 0 0 0 2.384 303 46 0 0 0
./complex_md-fit_990.pdb BC A 6.77423 34.6057 -10.7957 -7.61575 -13.3233 -25.1486 -1.0385 43.4494 -25.0198 4.78742 7.09145 4.97162 0 0 0 1.05037 2.59037 0 0 0 0 0 0 2.384 303 52 1 1 0
./complex_md-fit_991.pdb BC A 8.88301 24.0234 -17.3287 -8.49827 -15.3026 -23.4923 -1.07305 39.3968 -23.8207 2.64324 9.02163 3.34959 0 0 0 0.447049 2.09886 0 0 0 0 0 0 2.384 303 45 0 0 0
./complex_md-fit_992.pdb BC A 7.45528 25.8004 -7.10115 -5.67713 -12.7197 -23.4371 -1.11678 41.7124 -23.1431 6.03624 7.22588 3.75427 0 0 0 0.239922 2.12318 0.0240251 0 0 0 0 0 2.384 303 49 0 0 0
./complex_md-fit_993.pdb BC A 6.57668 35.4666 -12.3258 -5.41253 -13.3661 -23.7354 -1.15116 40.5276 -23.7374 5.08039 5.8483 3.35249 0 0 0 0.268082 2.32104 0 0 0 0 0 0 2.384 303 49 0 0 0
./complex_md-fit_994.pdb BC A 8.01773 42.2836 -15.4535 -7.49531 -15.4078 -23.5717 -1.12277 40.0821 -23.6641 3.96351 7.20095 4.29236 0 0 0 0.269212 2.25758 0 0 0 0 0 0 2.384 303 50 1 1 0
./complex_md-fit_995.pdb BC A 9.9392 35.784 -17.538 -7.18282 -17.4998 -24.4894 -1.21816 40.744 -24.3666 2.43499 8.48325 5.25543 0 0 0 0.310251 3.00306 -0.00913411 0 0 0 0 0 2.384 303 48 0 0 0
./complex_md-fit_996.pdb BC A 6.1621 38.064 -19.761 -7.32525 -14.7871 -22.8964 -0.785265 37.3693 -23.2363 1.33178 7.01647 2.88323 0 0 0 0.677705 2.09932 -0.00925519 0 0 0 0 0 2.384 303 48 0 0 0
./complex_md-fit_997.pdb BC A 7.64455 31.3207 -6.64691 -6.19061 -11.5037 -24.2111 -1.15017 43.4066 -23.7918 4.97313 7.46561 3.81679 0 0 0 0.547555 2.6933 -0.00922483 0 0 0 0 0 2.384 303 52 1 1 0
./complex_md-fit_998.pdb BC A 8.32902 35.3648 -16.8246 -6.99472 -15.8817 -23.3962 -1.17476 39.1228 -23.241 2.15356 7.13727 5.06629 0 0 0 0.35437 2.80064 0.0295758 0 0 0 0 0 2.384 303 49 0 0 0
./complex_md-fit_999.pdb BC A 7.76762 33.132 -6.42565 -7.54639 -10.792 -23.1448 -1.14651 41.1289 -22.8569 7.12199 7.46546 3.09896 0 0 0 0.232003 1.99213 0 0 0 0 0 0.0135589 2.384 303 47 2 2 0
./complex_md-fit_99.pdb BC A 7.16008 32.9431 -9.7223 -5.93686 -14.6533 -22.8196 -1.01147 41.5415 -22.3577 5.42458 6.60735 2.75556 0 0 0 0.69561 2.51794 0.0320774 0 0 0 0 0 2.384 303 49 2 2 0
./complex_md-fit_9.pdb BC A 6.64656 32.5159 -8.52339 -7.13328 -14.0398 -24.3151 -1.31484 43.6884 -23.817 4.88821 8.2027 5.06156 0 0 0 0.235015 2.03057 0.0158967 0 0 0 0 0.00494914 2.384 303 49 0 0 0
