./complex_md-fit_1000.pdb BC A 7.99925 33.3111 -4.37483 -7.09364 -12.7327 -26.4886 -1.02829 48.229 -26.402 8.59485 9.28064 3.03679 0 0 0 0.232088 3.8653 -0.0285919 0 0 0 0 0.0256135 2.384 303 54 1 1 0
./complex_md-fit_1001.pdb BC A 10.4946 38.7086 -8.85006 -8.71115 -12.6876 -26.9856 -0.963621 49.0161 -26.9425 6.00761 9.37494 2.78839 0 0 0 0.244143 3.42904 -0.0230536 0 0 0 0 0.032293 2.384 303 57 1 1 0
./complex_md-fit_100.pdb BC A 8.54111 34.562 -10.8473 -4.93427 -12.6991 -22.7101 -1.04196 39.7483 -22.2436 2.28472 7.82777 2.4035 0 0 0 0.491711 2.30211 0.0258034 0 0 0 0 0 2.384 303 49 0 0 0
./complex_md-fit_101.pdb BC A 7.87634 34.6751 -9.40667 -5.58489 -15.3476 -23.429 -0.891714 42.5611 -22.9024 4.5049 9.00686 2.27548 0 0 0 0.384924 2.22804 0.0156476 0 0 0 0 0 2.384 303 56 1 1 0
./complex_md-fit_102.pdb BC A 8.27847 32.9007 -7.78715 -7.98713 -11.656 -22.5386 -0.891519 40.0885 -21.881 6.31712 7.723 2.78844 0 0 0 0.249597 2.11782 0.000460338 0 0 0 0 0 2.384 303 48 1 1 0
./complex_md-fit_103.pdb BC A 6.32686 33.4397 -11.9883 -6.82672 -14.9755 -23.7014 -0.983168 41.5773 -22.9332 3.42334 8.84411 3.24703 0 0 0 0.354191 3.58686 -0.0141981 0 0 0 0 0 2.384 303 49 1 1 0
./complex_md-fit_104.pdb BC A 8.44857 38.2169 -2.27169 -4.79407 -12.0683 -21.3394 -0.843275 39.3761 -20.0753 6.58445 9.30365 1.11439 0 0 0 0.458747 3.07051 0.0112871 0 0 0 0 0 2.384 303 47 0 0 0
./complex_md-fit_105.pdb BC A 10.7869 31.1555 -13.1303 -6.56497 -14.9354 -22.0193 -0.743908 39.8943 -21.2549 2.97773 7.10054 2.20008 0 0 0 0.230119 2.27279 -0.0145883 0 0 0 0 0 2.384 303 47 0 0 0
./complex_md-fit_106.pdb BC A 6.71549 34.8807 -6.89408 -6.03384 -12.3533 -23.0998 -0.834248 41.8138 -21.7809 4.81734 7.65979 2.38523 0 0 0 0.538784 2.40387 -0.0121794 0 0 0 0 0.00516975 2.384 303 48 0 0 0
./complex_md-fit_107.pdb BC A 9.51739 32.6158 -16.3609 -8.72019 -18.9876 -23.4662 -0.983899 40.0476 -22.8338 3.626 10.8359 3.74992 0 0 0 0.38575 2.65825 -0.0144059 0 0 0 0 0 2.384 303 47 0 0 0
./complex_md-fit_108.pdb BC A 8.25309 35.6348 -11.9643 -8.28596 -13.6945 -23.1045 -0.707611 40.4763 -22.4537 5.10397 8.23388 2.17883 0 0 0 0.313868 2.48198 -0.0249561 0 0 0 0 0 2.384 303 46 2 2 0
./complex_md-fit_109.pdb BC A 10.5635 35.6118 -7.58759 -6.81722 -13.2718 -23.1315 -0.927492 41.452 -22.3042 6.75873 8.06246 2.21897 0 0 0 0.41859 2.33369 -0.0461809 0 0 0 0 0 2.384 303 48 3 3 0
./complex_md-fit_10.pdb BC A 8.85556 30.6234 -14.2518 -10.6246 -15.6188 -24.9945 -1.13399 43.7017 -24.2799 7.43139 8.52382 2.19851 0 0 0 0.533657 2.56149 0 0 0 0 0 0.0108079 2.384 303 49 1 1 0
./complex_md-fit_110.pdb BC A 8.15916 35.6598 -10.4993 -7.22727 -14.3301 -24.0484 -0.977319 42.9544 -23.1768 4.10498 8.44585 3.33351 0 0 0 0.463674 2.52745 -0.041812 0 0 0 0 0 2.384 303 49 1 1 0
./complex_md-fit_111.pdb BC A 7.65338 29.428 -9.82552 -6.287 -13.7765 -24.1321 -0.654183 43.1466 -23.3725 4.75187 7.88846 2.50357 0 0 0 0.0850058 2.68644 0 0 0 0 0 0.021178 2.384 303 54 0 0 0
./complex_md-fit_112.pdb BC A 7.08228 28.3819 -7.06991 -7.52782 -13.1066 -25.6086 -0.688896 45.4965 -25.0663 5.61343 10.3978 3.28959 0 0 0 0.146014 2.76049 -0.0150264 0 0 0 0 0 2.384 303 50 1 1 0
./complex_md-fit_113.pdb BC A 10.2301 35.7368 -3.36485 -6.64357 -11.6639 -26.8142 -0.745702 50.9982 -26.0944 5.41149 8.16457 3.68004 0 0 0 0.363771 2.53444 -0.0211223 0 0 0 0 0 2.384 303 56 0 0 0
./complex_md-fit_114.pdb BC A 7.22996 38.3838 -11.8616 -9.12676 -13.4652 -26.0707 -0.764868 46.3201 -25.7031 3.03083 9.9412 3.73853 0 0 0 0.23723 4.22864 0.00100938 0 0 0 0 0 2.384 303 53 0 0 0
./complex_md-fit_115.pdb BC A 6.7232 32.5074 -6.00958 -8.02297 -10.8029 -24.9979 -0.797783 45.4343 -24.4623 4.02554 9.39329 3.93961 0 0 0 0.28158 2.67648 0 0 0 0 0 0 2.384 303 55 1 1 0
./complex_md-fit_116.pdb BC A 8.29523 30.0059 -3.7865 -5.66805 -12.1717 -26.042 -0.891829 47.4508 -26.172 6.83604 9.79387 2.84992 0 0 0 0.247451 3.88714 -0.0190478 0 0 0 0 0 2.384 303 53 1 1 0
./complex_md-fit_117.pdb BC A 10.0036 34.327 -7.45108 -6.08471 -13.7245 -24.697 -0.825815 43.2297 -24.2054 7.10139 7.90426 3.1739 0 0 0 0.686404 2.58351 -0.0192672 0 0 0 0 0.00994254 2.384 303 48 2 2 0
./complex_md-fit_118.pdb BC A 7.85189 42.7094 -14.3504 -7.85277 -17.2126 -26.1446 -0.948275 45.2102 -25.7022 4.68823 9.54638 3.34021 0 0 0 0.711734 2.3465 -0.0200227 0 0 0 0 0.0332978 2.384 303 53 2 2 0
./complex_md-fit_119.pdb BC A 6.2514 30.5868 -12.1275 -8.53574 -16.2057 -24.9288 -1.07226 44.9126 -23.9917 4.45843 9.33141 3.5359 0 0 0 0.351523 2.78094 0.0168942 0 0 0 0 0 2.384 303 51 0 0 0
./complex_md-fit_11.pdb BC A 5.91121 29.4264 -18.5973 -9.65837 -17.1084 -24.393 -0.959129 41.1446 -23.6269 4.50331 8.25754 2.96032 0 0 0 0.255504 2.12724 0.0185042 0 0 0 0 0.00873686 2.384 303 50 1 1 0
./complex_md-fit_120.pdb BC A 8.60038 40.3639 -5.83215 -6.40633 -12.5882 -25.7837 -0.968286 45.699 -25.3113 7.72114 9.14303 2.47385 0 0 0 0.188607 3.23758 0 0 0 0 0 0 2.384 303 49 2 2 0
./complex_md-fit_121.pdb BC A 8.19598 35.5921 -8.62808 -7.1155 -14.3352 -26.2241 -0.82972 46.9439 -25.8688 6.1485 9.7918 2.49715 0 0 0 0.363835 2.93631 0 0 0 0 0 0 2.384 303 57 0 0 0
./complex_md-fit_122.pdb BC A 9.11742 37.2556 -14.7597 -8.3722 -15.3634 -24.6561 -0.921722 42.6373 -24.1734 5.08992 7.78988 2.31761 0 0 0 0.843563 2.38815 0.0184199 0 0 0 0 0.030482 2.384 303 53 0 0 0
./complex_md-fit_123.pdb BC A 6.38104 40.7243 -8.18754 -7.23945 -13.2811 -25.3524 -0.770865 45.5697 -25.0305 6.11725 9.16506 2.32951 0 0 0 0.314704 3.47451 -0.0094493 0 0 0 0 0 2.384 303 52 0 0 0
./complex_md-fit_124.pdb BC A 8.73583 31.8178 -11.9486 -7.13108 -17.3271 -26.0989 -1.18906 48.301 -25.0512 3.87327 9.1449 3.25675 0 0 0 0.301836 3.0042 -0.0289186 0 0 0 0 0 2.384 303 54 0 0 0
./complex_md-fit_125.pdb BC A 8.89849 33.1379 -12.2206 -8.43548 -15.4442 -26.1843 -0.934506 47.5461 -25.8617 4.10123 8.79692 3.69265 0 0 0 0.521688 3.06622 -0.0189981 0 0 0 0 0 2.384 303 54 0 0 0
./complex_md-fit_126.pdb BC A 7.64867 37.3436 -14.8484 -10.1451 -17.0663 -26.1644 -0.778414 47.1258 -25.1522 5.32576 8.84928 2.73884 0 0 0 0.383622 2.9813 0.0168783 0 0 0 0 0.0178794 2.384 303 55 1 1 0
./complex_md-fit_127.pdb BC A 8.17533 35.1369 -10.6546 -9.34422 -15.8885 -27.7842 -1.03658 48.5763 -27.446 8.06456 9.54787 4.13944 0 0 0 0.515435 2.90187 0.00118886 0 0 0 0 1.11022e-16 2.384 303 56 2 2 0
./complex_md-fit_128.pdb BC A 6.66581 31.2447 -18.5141 -11.3633 -18.1387 -26.617 -0.894346 46.1721 -25.9922 3.02577 11.0881 3.60643 0 0 0 0.622111 3.00664 -0.0230991 0 0 0 0 0 2.384 303 56 0 0 0
./complex_md-fit_129.pdb BC A 9.03796 30.4808 -9.2569 -7.99793 -17.7704 -26.1152 -0.943325 48.8499 -24.8362 6.03295 9.9917 3.08575 0 0 0 0.475737 2.93469 -0.02981 0 0 0 0 0 2.384 303 54 0 0 0
./complex_md-fit_12.pdb BC A 6.94755 35.9303 -13.9877 -8.01771 -15.0599 -25.1422 -1.09832 44.0528 -24.3445 3.32821 8.60164 3.06138 0 0 0 0.611581 3.99647 -0.00933412 0 0 0 0 0.0286024 2.384 303 49 0 0 0
./complex_md-fit_130.pdb BC A 7.51733 34.0343 -7.35322 -7.98444 -15.6128 -27.3916 -0.758999 50.2159 -26.5627 6.75504 9.87727 3.72511 0 0 0 0.384031 3.01467 -1.38778e-17 0 0 0 0 0 2.384 303 54 0 0 0
./complex_md-fit_131.pdb BC A 8.15504 33.7061 -1.39619 -8.17275 -10.9752 -26.0125 -0.890686 47.6534 -25.5605 10.6213 9.00558 2.72965 0 0 0 0.218155 3.28582 -0.0361687 0 0 0 0 0.0235584 2.384 303 52 3 3 0
./complex_md-fit_132.pdb BC A 8.06192 29.9549 -13.3166 -11.3787 -17.1504 -25.1755 -1.03136 45.4578 -24.0821 6.57492 10.8209 2.50831 0 0 0 0.159723 2.87588 -0.0201614 0 0 0 0 0 2.384 303 51 1 1 0
./complex_md-fit_133.pdb BC A 5.9846 26.1756 -21.8719 -10.3045 -17.473 -25.321 -0.890775 43.3658 -24.9676 1.65989 8.18353 3.25713 0 0 0 0.627873 2.99622 -0.00927737 0 0 0 0 1.11022e-16 2.384 303 52 0 0 0
./complex_md-fit_134.pdb BC A 8.31928 38.0607 -10.1612 -9.36696 -16.0345 -26.7483 -0.964438 48.9979 -25.7102 6.28217 9.46548 3.72767 0 0 0 0.189784 3.77169 2.77556e-17 0 0 0 0 0 2.384 303 53 0 0 0
./complex_md-fit_135.pdb BC A 8.9656 29.1621 -4.34294 -8.89021 -15.5669 -26.7873 -0.779479 51.1136 -25.5885 6.29748 11.4812 3.90965 0 0 0 0.494125 3.79149 -0.0266196 0 0 0 0 0 2.384 303 50 3 3 0
./complex_md-fit_136.pdb BC A 7.02247 36.423 -15.229 -11.4272 -18.1706 -26.7588 -0.904283 48.1368 -26.1045 6.40038 9.87597 3.44919 0 0 0 0.289237 3.29247 -0.0150972 0 0 0 0 0 2.384 303 53 0 0 0
./complex_md-fit_137.pdb BC A 7.80464 29.5622 5.91775 -8.94813 -6.83719 -25.9587 -0.541875 49.1689 -24.9609 12.183 7.81077 3.73788 0 0 0 0.264032 4.26154 -6.93889e-18 0 0 0 0 0 2.384 303 53 3 3 0
./complex_md-fit_138.pdb BC A 6.06624 30.6875 -9.35325 -11.0904 -14.4297 -26.4244 -0.97393 48.3657 -25.5006 5.4517 10.1346 4.52429 0 0 0 0.589525 3.76263 0 0 0 0 0 0 2.384 303 55 0 0 0
./complex_md-fit_139.pdb BC A 8.13571 29.0668 -3.13556 -9.39065 -15.302 -26.2982 -1.08886 50.465 -24.7648 8.91142 9.49937 4.54798 0 0 0 0.298197 3.93546 -0.0129795 0 0 0 0 0 2.384 303 55 1 1 0
./complex_md-fit_13.pdb BC A 10.4753 35.7178 -10.0368 -8.10402 -14.7246 -24.5757 -0.945551 45.3712 -23.6096 4.51183 8.72895 2.60393 0 0 0 0.633909 3.32201 0.06787 0 0 0 0 0.00498144 2.384 303 55 1 1 0
./complex_md-fit_140.pdb BC A 6.93899 26.8411 -6.20298 -10.0707 -13.3033 -25.7745 -0.859756 49.1109 -24.515 4.82041 8.81936 5.0009 0 0 0 0.582482 2.91096 -0.0136678 0 0 0 0 0 2.384 303 50 0 0 0
./complex_md-fit_141.pdb BC A 8.9735 33.616 -7.76207 -10.7334 -16.3326 -26.9964 -0.884844 52.5445 -25.7477 6.18847 9.99646 3.93963 0 0 0 0.294111 3.35695 -0.030338 0 0 0 0 0 2.384 303 56 1 1 0
./complex_md-fit_142.pdb BC A 8.49519 41.5903 -9.85593 -10.2745 -14.2214 -25.9719 -0.761717 47.1567 -25.0597 6.18309 8.53008 4.09007 0 0 0 0.468631 2.81433 0.00474956 0 0 0 0 0 2.384 303 53 1 1 0
./complex_md-fit_143.pdb BC A 6.68319 33.2143 -7.66748 -10.6644 -14.4085 -25.8815 -0.945597 46.6428 -24.9361 9.55066 10.3348 2.40687 0 0 0 0.233532 2.59412 0 0 0 0 0 0 2.384 303 52 2 2 0
./complex_md-fit_144.pdb BC A 7.78189 29.3236 -11.1001 -11.1969 -14.5846 -26.1231 -0.971841 47.6023 -25.0564 5.85419 9.76668 3.41419 0 0 0 0.186275 3.48432 0.00910902 0 0 0 0 0 2.384 303 51 0 0 0
./complex_md-fit_145.pdb BC A 7.01023 31.6407 -4.99419 -11.1287 -13.2075 -26.1826 -1.16286 49.8123 -24.869 6.3609 10.7022 3.8851 0 0 0 0.795913 2.59397 0 0 0 0 0 0 2.384 303 54 2 2 0
./complex_md-fit_146.pdb BC A 7.3048 36.2678 -10.4808 -8.15539 -16.7966 -25.6884 -0.860402 48.8823 -24.5326 5.69162 8.05388 2.87424 0 0 0 0.0904506 2.77199 -0.0398599 0 0 0 0 1.11022e-16 2.384 303 50 1 1 0
./complex_md-fit_147.pdb BC A 6.86489 34.4888 -10.441 -10.8257 -15.6444 -25.9789 -0.865672 48.9855 -25.0882 5.27042 9.55273 3.72409 0 0 0 0.439038 4.24471 -0.00982873 0 0 0 0 0 2.384 303 51 1 1 0
./complex_md-fit_148.pdb BC A 7.56632 27.6061 -9.56808 -9.11258 -16.4768 -26.0975 -0.970765 48.842 -25.1987 7.13301 8.87982 2.9848 0 0 0 0.460698 3.7674 -0.0121075 0 0 0 0 1.11022e-16 2.384 303 51 1 1 0
./complex_md-fit_149.pdb BC A 7.32332 33.5934 -7.4395 -7.21197 -14.5785 -23.9927 -0.882053 44.8187 -23.0914 4.96739 9.98508 2.20843 0 0 0 0.329663 2.62499 -0.0231684 0 0 0 0 0.031035 2.384 303 50 0 0 0
./complex_md-fit_14.pdb BC A 8.22865 34.7774 -11.6313 -8.03548 -14.9586 -24.6244 -0.907771 42.6414 -24.4203 6.80844 8.57598 2.69964 0 0 0 0.515599 2.96434 0.0597088 0 0 0 0 0.0145155 2.384 303 48 1 1 0
./complex_md-fit_150.pdb BC A 7.29339 38.6155 -6.87627 -7.79733 -11.6896 -24.3291 -0.782214 45.3956 -23.7194 3.29973 9.91681 2.67914 0 0 0 0.150174 2.6344 0 0 0 0 0 0 2.384 303 53 0 0 0
./complex_md-fit_151.pdb BC A 6.52382 37.816 -10.0532 -9.75137 -14.1194 -25.5931 -0.855042 46.3367 -24.4027 4.83478 9.99401 2.85377 0 0 0 0.664132 2.89273 -0.0148208 0 0 0 0 0 2.384 303 52 1 1 0
./complex_md-fit_152.pdb BC A 6.25398 35.0178 -2.48088 -10.153 -14.5695 -26.1574 -0.957105 48.845 -25.0177 12.9241 9.2166 2.98288 0 0 0 0.380352 2.93812 0 0 0 0 0 0.024956 2.384 303 54 3 3 0
./complex_md-fit_153.pdb BC A 7.90324 29.6523 -17.9745 -12.4754 -17.569 -26.1535 -0.764378 46.66 -25.4833 3.16167 10.493 3.99178 0 0 0 0.178742 3.16774 -0.0140787 0 0 0 0 0 2.384 303 54 0 0 0
./complex_md-fit_154.pdb BC A 6.81536 38.1726 -5.19685 -11.5898 -12.5734 -25.8865 -0.860127 48.4444 -24.8641 9.00136 9.23039 3.3675 0 0 0 0.545911 3.22812 -0.0137349 0 0 0 0 0.00116104 2.384 303 55 2 2 0
./complex_md-fit_155.pdb BC A 8.02228 35.4982 -3.2889 -7.54882 -11.3633 -25.3578 -0.955294 48.1878 -24.2815 3.80617 8.99373 4.74331 0 0 0 0.473563 3.57782 0.0082861 0 0 0 0 0.00485477 2.384 303 55 0 0 0
./complex_md-fit_156.pdb BC A 10.975 35.0712 -3.01713 -8.85729 -12.7293 -26.0409 -0.975301 49.8102 -25.1849 7.00002 10.1867 3.3825 0 0 0 0.405035 2.77491 -0.0138351 0 0 0 0 0 2.384 303 54 0 0 0
./complex_md-fit_157.pdb BC A 7.1961 40.6092 -12.1173 -13.035 -14.4745 -25.7901 -0.838138 47.8511 -24.8244 6.10597 9.24069 3.346 0 0 0 0.315768 3.34653 -0.0147489 0 0 0 0 1.11022e-16 2.384 303 50 0 0 0
./complex_md-fit_158.pdb BC A 7.6224 32.4347 -2.77794 -10.1367 -15.5833 -26.4152 -1.13489 50.0225 -25.7991 10.8896 11.4766 3.78468 0 0 0 0.117885 4.23521 0 0 0 0 0 0 2.384 303 52 4 4 0
./complex_md-fit_159.pdb BC A 7.28498 36.1577 -14.9012 -10.7593 -18.5435 -26.037 -1.01812 48.1208 -24.824 5.22952 10.1868 2.6123 0 0 0 0.140802 3.55317 -0.0095572 0 0 0 0 0 2.384 303 53 0 0 0
./complex_md-fit_15.pdb BC A 8.95133 36.9596 -16.6267 -11.7581 -12.908 -27.297 -0.810872 46.283 -27.4456 4.53442 9.4874 2.62002 0 0 0 0.691397 2.74359 -0.0233644 0 0 0 0 0 2.384 303 55 0 0 0
./complex_md-fit_160.pdb BC A 7.07812 38.0952 -4.57829 -8.81848 -12.0214 -25.6381 -0.667932 47.4365 -25.0407 6.20851 9.40183 4.15527 0 0 0 0.375839 3.35646 0.0173856 0 0 0 0 0.0129746 2.384 303 52 1 1 0
./complex_md-fit_161.pdb BC A 9.01316 30.2078 -9.54046 -12.9369 -14.0755 -26.3377 -0.826935 48.982 -25.2849 6.55759 10.8888 3.14645 0 0 0 0.354992 2.77339 -0.0133369 0 0 0 0 0.00497758 2.384 303 54 0 0 0
./complex_md-fit_162.pdb BC A 8.56674 40.4869 -13.1006 -8.29031 -14.7045 -25.8505 -0.880501 47.1676 -24.8976 3.57636 7.96338 2.00769 0 0 0 0.801002 4.97249 -0.013842 0 0 0 0 0.0206844 2.384 303 51 0 0 0
./complex_md-fit_163.pdb BC A 9.63723 29.8309 -7.22738 -10.8959 -14.0183 -26.2816 -1.11733 47.6189 -25.8285 8.98201 8.98598 4.88642 0 0 0 0.444267 2.65352 -0.0241588 0 0 0 0 0.0209234 2.384 303 54 2 2 0
./complex_md-fit_164.pdb BC A 6.54181 29.9852 -12.4934 -10.0133 -15.0694 -25.9239 -0.608362 46.1845 -25.2353 5.10086 8.31554 4.53614 0 0 0 0.234354 2.91814 -0.0146082 0 0 0 0 0 2.384 303 49 0 0 0
./complex_md-fit_165.pdb BC A 6.87739 36.8228 -9.71431 -7.25325 -14.7476 -24.6652 -0.888912 43.9875 -24.1825 6.73017 8.72294 2.46215 0 0 0 0.12035 2.82834 5.55112e-17 0 0 0 0 0 2.384 303 50 1 1 0
./complex_md-fit_166.pdb BC A 7.89746 32.606 4.22253 -6.40255 -10.0185 -24.9537 -0.998558 47.3368 -23.6824 11.8903 7.86753 2.99437 0 0 0 0.221849 2.88621 -0.0347774 0 0 0 0 0.00217827 2.384 303 50 3 3 0
./complex_md-fit_167.pdb BC A 7.37044 34.4531 0.360528 -7.85391 -10.4118 -26.4146 -0.728515 51.6821 -25.5769 6.70669 8.62347 3.83452 0 0 0 0.491023 3.31432 -0.0169389 0 0 0 0 0.025392 2.384 303 53 2 2 0
./complex_md-fit_168.pdb BC A 8.55347 28.4675 -11.3616 -9.01376 -16.6859 -25.6723 -0.870217 47.1916 -24.6497 5.44057 10.2516 2.33461 0 0 0 0.305868 2.99113 -1.38778e-17 0 0 0 0 0.00587186 2.384 303 52 0 0 0
./complex_md-fit_169.pdb BC A 7.10318 31.9356 -4.66816 -12.3462 -14.356 -26.6424 -0.966977 50.9634 -25.8229 8.75785 10.1821 4.33396 0 0 0 1.19534 4.14267 0.00584489 0 0 0 0 0.0277967 2.384 303 53 2 2 0
./complex_md-fit_16.pdb BC A 6.36113 27.7994 -7.29141 -6.44716 -11.937 -24.6864 -1.05527 44.2827 -24.0104 5.87014 7.58849 2.926 0 0 0 0.177441 2.33091 -5.55112e-17 0 0 0 0 0 2.384 303 50 1 1 0
./complex_md-fit_170.pdb BC A 6.81749 31.9342 -5.26913 -10.5544 -13.9965 -26.6716 -0.797537 48.6202 -25.903 9.50244 10.7957 3.42558 0 0 0 0.317857 4.45772 -0.0245407 0 0 0 0 0.0167476 2.384 303 51 2 2 0
./complex_md-fit_171.pdb BC A 10.8964 26.9375 -3.22881 -9.73376 -13.949 -25.9402 -0.742789 48.2521 -25.2387 9.39424 9.99093 4.34915 0 0 0 0.366913 3.06573 0 0 0 0 0 0.0223475 2.384 303 52 2 2 0
./complex_md-fit_172.pdb BC A 7.09395 34.0334 -5.01099 -12.0567 -10.3698 -25.8618 -0.525371 47.6393 -25.1473 8.73075 9.29029 3.08842 0 0 0 0.189926 2.76749 -0.00043149 0 0 0 0 0.0118077 2.384 303 52 3 3 0
./complex_md-fit_173.pdb BC A 6.50265 34.3118 -1.41843 -9.11808 -11.6118 -25.9203 -0.755994 48.6566 -24.7883 7.04135 9.945 4.28019 0 0 0 0.86713 3.86033 -0.0175625 0 0 0 0 0.00331643 2.384 303 50 0 0 0
./complex_md-fit_174.pdb BC A 7.22926 38.4478 -3.09923 -6.87803 -14.6504 -25.9487 -0.641467 50.6223 -25.3425 5.71175 10.6292 2.81509 0 0 0 0.617952 3.46497 -0.0415415 0 0 0 0 0.00705841 2.384 303 53 0 0 0
./complex_md-fit_175.pdb BC A 7.23809 29.2161 1.67378 -6.62586 -12.1085 -26.3045 -0.766056 53.3987 -25.0315 5.68637 8.40595 4.45149 0 0 0 0.535162 3.41602 0 0 0 0 0 0.0324916 2.384 303 54 0 0 0
./complex_md-fit_176.pdb BC A 8.14449 32.4934 -6.4514 -9.20274 -13.2911 -26.6027 -0.842368 48.9505 -25.6045 7.07363 9.72872 2.74989 0 0 0 0.581503 3.44256 -0.0228546 0 0 0 0 0.0305771 2.384 303 52 0 0 0
./complex_md-fit_177.pdb BC A 7.24699 35.0056 -7.74453 -10.2959 -14.3247 -26.9982 -0.821112 49.1668 -26.018 6.74399 9.39388 4.78236 0 0 0 0.612102 3.27633 0.00197365 0 0 0 0 0.0122397 2.384 303 52 1 1 0
./complex_md-fit_178.pdb BC A 7.90034 32.5785 -5.54075 -8.43629 -13.3907 -27.4668 -0.667832 49.0969 -26.5305 8.28393 9.65728 3.58893 0 0 0 0.321611 3.47435 -0.028365 0 0 0 0 0.0310088 2.384 303 51 2 2 0
./complex_md-fit_179.pdb BC A 7.73392 38.7376 -11.191 -11.5012 -11.7778 -25.9375 -0.578334 47.6184 -25.3457 4.71814 8.38244 3.08648 0 0 0 0.139928 3.38286 -0.0110679 0 0 0 0 0.015173 2.384 303 54 1 1 0
./complex_md-fit_17.pdb BC A 7.73054 34.2748 -14.681 -8.21247 -14.7183 -24.0358 -0.90336 41.4699 -23.1611 3.48557 8.12401 2.5642 0 0 0 0.706469 2.3475 1.11022e-16 0 0 0 0 0 2.384 303 50 0 0 0
./complex_md-fit_180.pdb BC A 8.30214 30.4067 2.30762 -7.83116 -9.75754 -26.0801 -0.63582 48.8092 -25.2719 11.3584 8.41819 2.77933 0 0 0 0.465473 4.15715 0.0196707 0 0 0 0 0.0339889 2.384 303 53 2 2 0
./complex_md-fit_181.pdb BC A 8.25028 36.9314 -7.97799 -10.1731 -13.4251 -26.269 -0.751528 47.0602 -25.2223 9.58295 8.24616 2.53352 0 0 0 0.402684 3.0854 0.00670947 0 0 0 0 0.0307664 2.384 303 54 4 4 0
./complex_md-fit_182.pdb BC A 7.64177 35.3283 -9.32201 -11.6199 -14.0392 -25.2829 -0.620477 47.1125 -24.4525 6.19746 9.27998 3.30998 0 0 0 0.78582 2.83347 -0.024543 0 0 0 0 0.0317733 2.384 303 54 0 0 0
./complex_md-fit_183.pdb BC A 6.89972 34.4718 -3.28601 -9.70285 -12.8146 -25.8265 -0.859136 48.4827 -24.7338 8.51659 10.0936 3.48172 0 0 0 0.0888609 2.94131 -0.0125654 0 0 0 0 0 2.384 303 54 3 3 0
./complex_md-fit_184.pdb BC A 7.21201 28.63 -2.34668 -8.65002 -13.1184 -25.0468 -0.89252 46.5196 -23.851 8.40091 10.2211 3.20351 0 0 0 0.866763 2.74571 -0.0186168 0 0 0 0 0.0188239 2.384 303 51 3 3 0
./complex_md-fit_185.pdb BC A 7.51012 34.7706 -3.88898 -7.76844 -15.0457 -24.0978 -0.969117 45.4676 -23.0843 9.05733 10.1777 2.11114 0 0 0 0.283138 2.64456 -0.0205676 0 0 0 0 0 2.384 303 49 2 2 0
./complex_md-fit_186.pdb BC A 7.75739 29.6022 -0.801377 -9.12032 -12.022 -25.6061 -0.73983 47.3383 -24.7709 12.0219 8.66986 2.90679 0 0 0 0.53155 2.73782 -0.010622 0 0 0 0 0 2.384 303 51 3 3 0
./complex_md-fit_187.pdb BC A 8.59171 44.0069 -9.382 -7.46379 -14.2313 -25.4659 -0.728404 46.4665 -24.5325 3.67109 9.11148 3.6443 0 0 0 0.130704 3.86757 -0.0149862 0 0 0 0 0.0308601 2.384 303 50 0 0 0
./complex_md-fit_188.pdb BC A 6.8473 36.8147 -3.74292 -7.65393 -14.1257 -26.7941 -0.861362 49.1046 -25.9961 10.7825 8.64518 3.02375 0 0 0 0.123534 3.24253 -0.0252111 0 0 0 0 0.0340039 2.384 303 53 3 3 0
./complex_md-fit_189.pdb BC A 8.14261 38.4812 -11.5979 -9.22786 -19.5493 -25.9138 -1.11881 50.1323 -24.7997 5.67033 9.96784 2.9428 0 0 0 0.293382 2.70691 1.11022e-16 0 0 0 0 0.00500464 2.384 303 52 1 1 0
./complex_md-fit_18.pdb BC A 8.92267 32.5807 -13.0474 -8.00348 -15.1537 -24.3309 -0.884246 41.5976 -23.6022 7.19944 8.05926 1.85783 0 0 0 0.213072 1.94046 0 0 0 0 0 0 2.384 303 49 2 2 0
./complex_md-fit_190.pdb BC A 9.97932 33.0509 -6.69027 -7.70282 -18.7607 -26.1999 -1.12073 49.5772 -24.9516 8.55453 10.3594 3.20726 0 0 0 0.353106 4.40718 -0.00598144 0 0 0 0 0 2.384 303 51 2 2 0
./complex_md-fit_191.pdb BC A 8.44871 32.2617 -0.711238 -9.13231 -15.7722 -26.0372 -0.601267 48.7631 -24.7338 11.0041 11.971 3.49875 0 0 0 0.311749 2.96717 0.0168093 0 0 0 0 0 2.384 303 52 2 2 0
./complex_md-fit_192.pdb BC A 7.53987 33.4848 -3.2139 -6.89013 -14.0611 -26.1303 -0.783653 48.0492 -24.8646 8.59793 8.89191 3.54626 0 0 0 0.430614 2.92994 0 0 0 0 0 0 2.384 303 50 0 0 0
./complex_md-fit_193.pdb BC A 6.96013 32.199 -8.97426 -10.8284 -17.2538 -26.1703 -0.845093 50.7822 -25.0232 4.48391 10.006 4.5567 0 0 0 1.30666 4.87788 0 0 0 0 0 0.0110009 2.384 303 54 0 0 0
./complex_md-fit_194.pdb BC A 8.50487 35.2461 -2.61794 -8.89301 -13.1453 -25.3542 -0.730918 48.0637 -24.4433 8.32537 8.57395 4.41876 0 0 0 0.561241 4.28383 0 0 0 0 0 0.00585637 2.384 303 49 2 2 0
./complex_md-fit_195.pdb BC A 7.68014 32.1504 -5.8144 -8.39257 -13.4825 -25.8447 -0.776341 48.8085 -24.29 5.48441 8.79059 3.24359 0 0 0 0.616988 4.9337 0 0 0 0 0 0.0275607 2.384 303 51 0 0 0
./complex_md-fit_196.pdb BC A 9.26339 33.3692 -6.01342 -8.78214 -12.2949 -26.4513 -0.494379 50.0193 -25.5664 5.42557 8.41522 3.29366 0 0 0 0.373385 4.71465 0.0370401 0 0 0 0 0.011517 2.384 303 49 0 0 0
./complex_md-fit_197.pdb BC A 7.03732 48.0587 -10.5445 -10.0979 -13.157 -26.3061 -0.656888 46.8336 -25.51 5.30471 8.4504 3.67141 0 0 0 0.937972 4.26482 -0.0160264 0 0 0 0 0.00130474 2.384 303 54 1 1 0
./complex_md-fit_198.pdb BC A 10.2531 34.9829 -0.366277 -10.6756 -11.1056 -26.9305 -0.564613 50.1943 -25.7544 10.3663 8.76878 4.53638 0 0 0 0.792263 3.30216 -0.0163823 0 0 0 0 0.0228884 2.384 303 54 3 3 0
./complex_md-fit_199.pdb BC A 6.92412 34.269 -2.0443 -11.4219 -9.57815 -25.6463 -0.798122 47.6214 -24.6768 9.29336 7.76496 5.13145 0 0 0 0.251653 3.15055 0.00192781 0 0 0 0 0.0122387 2.384 303 53 0 0 0
./complex_md-fit_19.pdb BC A 7.34719 26.6217 -8.45512 -7.50662 -12.2166 -23.9916 -1.04414 43.098 -23.0271 6.34823 8.03095 1.19188 0 0 0 0.601045 2.47647 0.0479225 0 0 0 0 0.0129979 2.384 303 50 1 1 0
./complex_md-fit_1.pdb BC A 8.17452 32.8798 -14.9889 -10.0175 -13.5038 -27.0715 -0.913616 45.8408 -27.0408 5.48632 8.38575 2.97091 0 0 0 0.851494 3.78558 0.0231098 0 0 0 0 0 2.384 303 54 0 0 0
./complex_md-fit_200.pdb BC A 7.90665 33.621 -6.94795 -11.108 -14.1341 -26.4735 -0.649866 48.2279 -25.3596 7.91806 9.97142 4.11755 0 0 0 0.531596 4.9067 0.00639276 0 0 0 0 0.00418254 2.384 303 52 3 3 0
./complex_md-fit_201.pdb BC A 8.59993 36.2977 -6.30701 -9.95322 -14.843 -25.9153 -0.7618 48.6388 -25.519 7.25912 10.0337 3.91876 0 0 0 0.834832 3.15415 0 0 0 0 0 0 2.384 303 55 0 0 0
./complex_md-fit_202.pdb BC A 10.1884 32.4707 5.53583 -9.08116 -9.63159 -26.0422 -0.721912 49.4384 -25.1299 12.4077 9.13634 4.87082 0 0 0 0.255216 3.06598 0.0148144 0 0 0 0 0.0192997 2.384 303 56 2 2 0
./complex_md-fit_203.pdb BC A 8.39497 41.326 -2.40567 -8.90642 -12.2304 -26.4762 -0.620952 49.0545 -25.4327 8.95683 9.3168 3.55341 0 0 0 0.396797 3.12982 -0.0173995 0 0 0 0 0 2.384 303 52 3 3 0
./complex_md-fit_204.pdb BC A 8.43234 28.3941 -0.416807 -9.79544 -10.5677 -25.5757 -0.659152 47.2571 -24.6307 8.13775 10.1775 4.58282 0 0 0 0.664645 3.31377 -0.0136706 0 0 0 0 0.00582328 2.384 303 50 2 2 0
./complex_md-fit_205.pdb BC A 12.348 35.3077 5.20684 -10.0755 -9.67626 -26.1775 -0.596049 49.7343 -24.6235 13.5007 8.75045 3.41778 0 0 0 0.978846 3.22888 -0.0265186 0 0 0 0 0 2.384 303 51 4 4 0
./complex_md-fit_206.pdb BC A 6.54353 35.6066 -8.49652 -11.0126 -14.232 -26.0261 -0.617614 45.9133 -25.2716 8.14019 10.2992 4.00526 0 0 0 0.304214 4.1901 0.00108509 0 0 0 0 0 2.384 303 54 4 4 0
./complex_md-fit_207.pdb BC A 7.5489 33.3427 -7.38309 -11.1346 -12.5862 -25.7879 -0.638383 46.1357 -24.9834 7.60717 8.67124 4.63037 0 0 0 0.680629 3.70189 0 0 0 0 0 0.0222944 2.384 303 51 3 3 0
./complex_md-fit_208.pdb BC A 7.92771 35.5466 -7.44503 -8.90133 -12.6021 -24.5658 -0.619359 45.5056 -23.5818 5.89347 6.7006 3.79638 0 0 0 0.929404 3.5263 -1.11022e-16 0 0 0 0 0 2.384 303 52 1 1 0
./complex_md-fit_209.pdb BC A 9.92095 33.1322 -5.09187 -8.68259 -14.0302 -25.0733 -0.669694 46.9459 -23.7269 8.00569 8.3844 3.61338 0 0 0 0.143151 3.63109 -0.0205471 0 0 0 0 0.0189233 2.384 303 54 0 0 0
./complex_md-fit_20.pdb BC A 7.75006 36.5982 -9.17866 -6.27438 -12.2041 -21.2512 -0.948981 36.8144 -20.3581 5.01667 6.67665 2.72699 0 0 0 0.623383 2.40056 0 0 0 0 0 0 2.384 303 48 2 2 0
./complex_md-fit_210.pdb BC A 7.49039 32.9087 -2.75213 -8.57678 -11.9652 -26.8581 -0.879334 49.6169 -25.7025 7.96324 9.60453 3.73975 0 0 0 0.33477 4.86008 -0.0293556 0 0 0 0 0 2.384 303 53 1 1 0
./complex_md-fit_211.pdb BC A 8.18682 25.4591 -9.55529 -9.27653 -14.6594 -24.7531 -0.767246 45.5901 -23.3665 4.49658 9.05234 3.71892 0 0 0 0.374507 3.07092 0.00470679 0 0 0 0 0.0302872 2.384 303 54 0 0 0
./complex_md-fit_212.pdb BC A 7.48483 34.9482 -1.98583 -10.8011 -13.3754 -26.1392 -0.649141 49.073 -24.8053 11.6622 9.28122 3.56248 0 0 0 0.207155 3.06289 -0.0128303 0 0 0 0 0.0110825 2.384 303 56 3 3 0
./complex_md-fit_213.pdb BC A 11.2553 26.4685 -3.49215 -10.6047 -11.8436 -25.655 -0.600616 46.4578 -25.0837 10.9588 8.75805 3.57248 0 0 0 0.542553 2.81162 -1.11022e-16 0 0 0 0 0.00578194 2.384 303 49 3 3 0
./complex_md-fit_214.pdb BC A 10.3521 39.6564 -10.3238 -12.4492 -12.0036 -25.5328 -0.782697 45.3755 -24.8581 6.93953 8.28627 4.2565 0 0 0 0.417357 3.22741 0.00513633 0 0 0 0 0.022304 2.384 303 53 1 1 0
./complex_md-fit_215.pdb BC A 11.4968 32.9306 -7.20291 -8.198 -14.2021 -24.3692 -0.635372 43.9994 -24.0735 6.70182 9.15046 4.20389 0 0 0 0.191342 3.18916 0 0 0 0 0 0.028404 2.384 303 56 3 3 0
./complex_md-fit_216.pdb BC A 8.90156 38.4945 -8.85474 -10.5175 -13.3748 -25.4969 -0.686845 46.1763 -24.5624 5.26825 9.10194 4.43758 0 0 0 0.818338 3.41867 -0.0186408 0 0 0 0 0 2.384 303 54 1 1 0
./complex_md-fit_217.pdb BC A 8.97809 33.3101 -3.57436 -9.46027 -10.4963 -24.7737 -0.592688 46.2959 -23.7444 5.71914 9.40083 3.57418 0 0 0 0.489977 3.5333 -0.0163824 0 0 0 0 0.0294242 2.384 303 52 1 1 0
./complex_md-fit_218.pdb BC A 10.6837 29.1994 -13.4393 -10.9016 -17.182 -25.6495 -0.837938 46.1672 -24.8264 5.62317 10.4577 3.07967 0 0 0 0.642936 3.19776 -0.0269105 0 0 0 0 0.0145042 2.384 303 52 1 1 0
./complex_md-fit_219.pdb BC A 7.76978 36.1794 -14.1549 -11.0718 -15.7272 -26.4826 -0.831556 47.4046 -25.6435 4.14753 8.35606 4.65829 0 0 0 1.02348 3.17707 0 0 0 0 0 0.0118087 2.384 303 54 1 1 0
./complex_md-fit_21.pdb BC A 6.84674 38.9629 -8.94549 -7.6183 -14.2047 -23.701 -0.758986 44.0193 -22.6024 4.13159 9.51819 1.96515 0 0 0 0.334683 2.31285 -0.0289687 0 0 0 0 0 2.384 303 53 0 0 0
./complex_md-fit_220.pdb BC A 8.90881 37.5798 -8.50503 -10.5471 -14.0761 -25.8169 -0.697206 47.9083 -24.5345 5.00911 8.96805 4.96593 0 0 0 0.286567 4.17629 0 0 0 0 0 0.0288812 2.384 303 51 2 2 0
./complex_md-fit_221.pdb BC A 7.09524 28.9326 -5.86449 -9.01836 -13.9121 -25.5839 -0.810298 47.0707 -24.5596 7.28874 8.72374 4.65001 0 0 0 0.271319 2.93647 -0.0155006 0 0 0 0 0.0307112 2.384 303 52 3 3 0
./complex_md-fit_222.pdb BC A 9.53442 41.3398 1.39306 -8.48035 -9.13328 -25.3357 -0.673643 48.5708 -24.0602 8.23965 7.50965 3.66836 0 0 0 1.07697 3.25881 -0.0149546 0 0 0 0 0.0257483 2.384 303 51 2 2 0
./complex_md-fit_223.pdb BC A 7.02144 29.5391 -3.62803 -10.9676 -14.913 -26.1992 -0.725179 50.3264 -24.7674 9.34371 10.3201 3.64044 0 0 0 0.310346 4.14578 -0.0113892 0 0 0 0 0.0146913 2.384 303 57 3 3 0
./complex_md-fit_224.pdb BC A 8.72268 28.2808 -2.44802 -11.1551 -8.48648 -25.169 -0.571883 47.256 -24.0562 7.97092 7.05488 4.13101 0 0 0 0.540195 2.88788 0 0 0 0 0 0.0376283 2.384 303 54 2 2 0
./complex_md-fit_225.pdb BC A 9.33704 35.9254 -10.5468 -10.2181 -12.5292 -25.7858 -0.614579 45.5971 -25.2549 4.00686 8.23209 5.1837 0 0 0 0.81344 3.76342 0 0 0 0 0 0.0226057 2.384 303 53 0 0 0
./complex_md-fit_226.pdb BC A 9.9749 34.1053 -10.1672 -12.1919 -9.50032 -26.2497 -0.570591 47.5601 -25.4656 3.60763 7.93041 3.94535 0 0 0 0.809773 3.54375 -0.0423837 0 0 0 0 0 2.384 303 53 0 0 0
./complex_md-fit_227.pdb BC A 7.27652 31.7595 -8.42578 -11.1473 -13.1488 -26.31 -0.586908 49.9538 -24.9854 4.62531 9.09297 3.14322 0 0 0 0.928254 3.10233 -0.0107161 0 0 0 0 0.0198415 2.384 303 54 0 0 0
./complex_md-fit_228.pdb BC A 9.84431 32.3866 -6.82474 -10.7425 -16.8941 -25.4911 -0.609456 48.7484 -23.8996 7.49725 9.91833 4.41147 0 0 0 0.26067 4.55554 -0.0239956 0 0 0 0 0 2.384 303 56 2 2 0
./complex_md-fit_229.pdb BC A 10.7527 26.3611 -4.60464 -9.48341 -14.2992 -25.5777 -0.602488 49.403 -24.3525 6.33658 8.90473 4.06129 0 0 0 0.972013 5.95136 0 0 0 0 0 0.0329934 2.384 303 54 1 1 0
./complex_md-fit_22.pdb BC A 9.3818 32.1943 -13.2947 -5.77556 -17.0119 -23.2951 -0.989764 40.9837 -22.8063 3.10465 9.19806 2.60224 0 0 0 0.671638 2.63728 0.0236557 0 0 0 0 0 2.384 303 51 0 0 0
./complex_md-fit_230.pdb BC A 9.18325 36.3358 -5.5329 -9.15612 -13.4244 -24.7925 -0.511644 45.5911 -24.0941 6.71669 8.59853 5.09422 0 0 0 0.414906 3.0584 0.00172009 0 0 0 0 0.0287249 2.384 303 53 2 2 0
./complex_md-fit_231.pdb BC A 9.63702 35.0837 -7.33874 -9.1863 -10.2122 -24.087 -0.698727 43.9461 -23.1606 6.15586 6.70511 2.8747 0 0 0 0.328483 3.12739 -0.0136377 0 0 0 0 0.00949065 2.384 303 54 0 0 0
./complex_md-fit_232.pdb BC A 6.45867 34.3875 -11.0092 -9.70651 -13.182 -24.2263 -0.417784 43.9713 -23.5203 3.82727 7.7658 3.62049 0 0 0 0.852961 2.95287 -0.0165568 0 0 0 0 0.0224455 2.384 303 55 0 0 0
./complex_md-fit_233.pdb BC A 9.72236 35.7713 -12.0183 -10.784 -14.8625 -25.1855 -0.808422 45.7922 -24.4007 7.41006 7.26693 2.96579 0 0 0 0.585208 3.2634 -0.0135851 0 0 0 0 0.0162546 2.384 303 56 1 1 0
./complex_md-fit_234.pdb BC A 8.06358 35.5024 -3.67373 -9.22675 -12.6502 -24.9524 -0.531725 45.2727 -24.2654 8.78485 8.57667 4.72382 0 0 0 0.581408 4.16111 -0.0152613 0 0 0 0 0.0286356 2.384 303 51 3 3 0
./complex_md-fit_235.pdb BC A 9.5395 35.2734 -5.02972 -9.62283 -13.655 -25.9706 -0.669569 47.5278 -25.4635 6.80635 9.74982 5.89437 0 0 0 0.373368 4.59615 0 0 0 0 0 0 2.384 303 55 1 1 0
./complex_md-fit_236.pdb BC A 9.39005 35.7273 -7.31522 -9.84853 -14.2326 -25.9293 -0.455897 48.1167 -24.989 5.38183 8.8465 4.29589 0 0 0 1.48198 3.32828 -5.55112e-17 0 0 0 0 0.0171681 2.384 303 54 0 0 0
./complex_md-fit_237.pdb BC A 11.3755 32.9482 0.699294 -10.2592 -11.0602 -25.4362 -0.592854 49.106 -24.1599 7.26053 9.75164 5.25789 0 0 0 0.834851 2.76284 -0.0141353 0 0 0 0 0.0109365 2.384 303 53 3 3 0
./complex_md-fit_238.pdb BC A 8.9786 33.6179 -1.15719 -9.07748 -11.0022 -26.2874 -0.783163 49.1896 -25.0495 8.66833 9.43296 2.84507 0 0 0 0.896561 3.10552 -0.0120404 0 0 0 0 0.0219925 2.384 303 52 2 2 0
./complex_md-fit_239.pdb BC A 6.75716 29.7863 -7.0034 -9.39493 -12.9316 -26.0887 -0.662036 47.6932 -25.3887 5.99775 9.63325 3.70348 0 0 0 0.395408 3.49235 0.0394564 0 0 0 0 0 2.384 303 53 1 1 0
./complex_md-fit_23.pdb BC A 8.72119 32.9362 -10.0729 -5.71167 -13.731 -23.5812 -1.00402 41.1508 -23.2298 5.23381 8.07559 2.23103 0 0 0 0.509993 3.56274 -0.0164054 0 0 0 0 0 2.384 303 51 1 1 0
./complex_md-fit_240.pdb BC A 9.37053 31.4076 -5.96068 -11.6053 -12.5776 -25.7275 -0.568411 48.2035 -24.4251 6.68435 9.99406 3.40846 0 0 0 0.601264 3.32226 0.0459963 0 0 0 0 0.00565471 2.384 303 52 2 2 0
./complex_md-fit_241.pdb BC A 7.73092 32.4427 -10.2422 -9.6468 -15.2361 -25.1459 -0.561215 47.6508 -23.9162 3.8434 9.05844 3.3966 0 0 0 0.228632 5.94199 0.0643549 0 0 0 0 0.0216899 2.384 303 53 0 0 0
./complex_md-fit_242.pdb BC A 8.25839 39.1875 -5.94292 -10.5122 -12.3626 -25.0427 -0.642226 46.7306 -23.8789 8.48233 7.94335 2.28014 0 0 0 0.997476 3.51112 0.0439738 0 0 0 0 0.0179545 2.384 303 52 3 3 0
./complex_md-fit_243.pdb BC A 8.71084 29.7382 -1.54997 -8.006 -12.1844 -25.3113 -0.834919 46.1482 -24.6166 9.81707 9.81335 3.31261 0 0 0 0.283966 4.3765 0 0 0 0 0 0.0280972 2.384 303 52 2 2 0
./complex_md-fit_244.pdb BC A 7.54694 36.2561 -8.71284 -11.2896 -13.2268 -26.1525 -0.619361 49.4232 -25.1618 4.19335 8.46101 4.64795 0 0 0 1.02257 2.99471 -0.0109199 0 0 0 0 0 2.384 303 52 0 0 0
./complex_md-fit_245.pdb BC A 7.10333 36.6177 -6.80914 -8.7388 -11.212 -25.1754 -0.52474 46.2948 -24.8312 5.88761 8.4073 2.58259 0 0 0 0.505489 4.1953 -0.00476753 0 0 0 0 0 2.384 303 50 0 0 0
./complex_md-fit_246.pdb BC A 9.77757 25.57 -9.25453 -10.5603 -12.5629 -25.6918 -0.597491 47.2291 -24.7794 7.50799 6.88547 2.93076 0 0 0 0.374783 3.48247 0 0 0 0 0 0.00935941 2.384 303 54 1 1 0
./complex_md-fit_247.pdb BC A 8.56892 26.2073 7.01804 -9.28482 -6.01974 -25.2335 -0.602957 47.5851 -24.5528 14.1381 7.64543 2.9449 0 0 0 0.374755 2.88087 0 0 0 0 0 0.0236079 2.384 303 54 4 4 0
./complex_md-fit_248.pdb BC A 7.30576 35.4877 -13.0341 -10.0545 -12.8975 -22.9846 -0.577109 40.1462 -22.4741 3.64648 7.69453 3.66491 0 0 0 0.784433 2.95008 0 0 0 0 0 0.0171162 2.384 303 52 0 0 0
./complex_md-fit_249.pdb BC A 11.1312 36.1701 -6.28058 -10.479 -13.565 -24.1834 -0.728823 44.5216 -23.7858 7.79742 8.5364 4.47445 0 0 0 1.11414 3.11458 0 0 0 0 0 0.0173557 2.384 303 54 2 2 0
./complex_md-fit_24.pdb BC A 6.53466 36.6545 -9.72842 -7.95637 -14.0323 -22.6662 -1.06294 40.7103 -22.1002 4.74984 8.22818 3.94213 0 0 0 0.428658 1.56595 0 0 0 0 0 0.0304005 2.384 303 53 0 0 0
./complex_md-fit_250.pdb BC A 8.57918 37.3963 -9.58823 -8.43838 -11.6565 -25.4269 -0.724154 44.9989 -24.8795 4.76759 7.43229 3.47923 0 0 0 0.865252 4.31691 -0.0133312 0 0 0 0 0.00728748 2.384 303 54 1 1 0
./complex_md-fit_251.pdb BC A 7.57313 38.5034 -9.7206 -9.76282 -12.5563 -25.0191 -0.639126 45.1812 -24.4309 5.22191 7.49967 3.06832 0 0 0 1.71007 4.37878 -0.0104556 0 0 0 0 0.016878 2.384 303 56 0 0 0
./complex_md-fit_252.pdb BC A 9.51092 41.4397 -8.8998 -10.948 -13.3808 -25.5334 -0.790774 47.5272 -24.7748 4.33477 9.28029 5.21504 0 0 0 0.181662 4.34825 -0.0110048 0 0 0 0 0 2.384 303 56 1 1 0
./complex_md-fit_253.pdb BC A 8.22471 31.2895 -4.99645 -10.8138 -10.1911 -24.1287 -0.733867 44.0377 -23.2664 7.36119 8.28454 3.77052 0 0 0 0.660678 4.28366 0.00349653 0 0 0 0 0.0192547 2.384 303 54 2 2 0
./complex_md-fit_254.pdb BC A 7.61206 31.915 -7.36973 -9.89507 -11.2159 -24.9294 -0.507924 44.4755 -24.5006 7.99085 7.74602 2.89103 0 0 0 0.557908 3.12618 0 0 0 0 0 0.0178468 2.384 303 52 1 1 0
./complex_md-fit_255.pdb BC A 7.68913 29.7744 2.05635 -8.6837 -9.61313 -24.8553 -0.479275 46.4947 -23.7838 10.7779 7.86308 4.23968 0 0 0 0.0963731 3.04319 -0.0120359 0 0 0 0 0.0118375 2.384 303 54 2 2 0
./complex_md-fit_256.pdb BC A 7.62404 28.8935 -4.22369 -10.4258 -13.1828 -25.3978 -0.692612 47.8675 -24.1041 7.84516 9.65414 3.791 0 0 0 0.362832 3.35844 0.0163636 0 0 0 0 0.0425467 2.384 303 54 1 1 0
./complex_md-fit_257.pdb BC A 8.36817 31.9843 -9.25888 -10.0686 -12.4706 -25.1557 -0.707802 45.5408 -24.919 4.82937 9.11574 4.1034 0 0 0 0.454055 3.21593 -0.0136643 0 0 0 0 0.0330171 2.384 303 50 1 1 0
./complex_md-fit_258.pdb BC A 7.58333 34.7822 -12.3152 -11.9745 -14.9667 -24.5828 -0.648243 45.5392 -23.7169 6.37624 8.59193 2.84716 0 0 0 0.229748 3.12607 -0.0114578 0 0 0 0 0.00114433 2.384 303 55 3 3 0
./complex_md-fit_259.pdb BC A 8.75205 35.7807 -13.4793 -12.1645 -15.3257 -25.2867 -0.83347 45.7989 -24.1974 4.2619 8.57243 5.46265 0 0 0 0.224599 2.90948 -0.000304344 0 0 0 0 0.00829322 2.384 303 53 0 0 0
./complex_md-fit_25.pdb BC A 7.48283 31.4871 -11.4234 -6.2912 -15.1831 -22.8787 -0.861155 38.8468 -22.1734 6.14084 8.60303 2.01529 0 0 0 0.251852 2.30635 0.0888825 0 0 0 0 0.0174454 2.384 303 53 0 0 0
./complex_md-fit_260.pdb BC A 9.69696 33.2817 -7.02233 -9.68066 -12.591 -25.4753 -0.722448 47.0142 -24.559 6.03697 8.36856 3.52522 0 0 0 1.05446 3.3938 -0.0131041 0 0 0 0 0.0198246 2.384 303 53 0 0 0
./complex_md-fit_261.pdb BC A 6.84123 30.4894 -12.6603 -11.2403 -13.3993 -24.4698 -0.554639 43.9596 -23.7487 5.75575 7.25902 3.15641 0 0 0 0.576227 2.78909 -0.0111493 0 0 0 0 0.0565984 2.384 303 54 1 1 0
./complex_md-fit_262.pdb BC A 9.08285 34.9472 -6.0586 -9.33853 -13.2699 -24.2488 -0.73318 45.8614 -23.1611 5.73752 7.87568 4.76377 0 0 0 0.465356 2.94605 -0.0108061 0 0 0 0 0 2.384 303 55 3 3 0
./complex_md-fit_263.pdb BC A 5.77432 29.9682 -12.7689 -13.1358 -15.7275 -25.785 -0.542547 48.6236 -24.6694 3.91396 9.91472 4.04631 0 0 0 0.577375 3.7577 -0.0112718 0 0 0 0 0.0266652 2.384 303 57 0 0 0
./complex_md-fit_264.pdb BC A 8.13343 29.9959 -5.78473 -10.7251 -11.9246 -25.0717 -0.653542 45.7278 -24.5589 8.03538 8.55065 3.52063 0 0 0 1.27633 2.57502 0.00556501 0 0 0 0 0.0327713 2.384 303 52 1 1 0
./complex_md-fit_265.pdb BC A 7.12588 34.8103 -6.74866 -10.3884 -10.4593 -24.7133 -0.650815 44.5501 -24.1958 5.99608 7.7535 4.24663 0 0 0 1.11022 3.28415 -0.0100383 0 0 0 0 0.0123423 2.384 303 54 2 2 0
./complex_md-fit_266.pdb BC A 7.76625 33.4737 -10.7261 -10.6815 -12.6546 -25.1584 -0.865444 45.9308 -24.3679 4.35874 9.28325 3.31263 0 0 0 0.131867 3.15266 -0.0155805 0 0 0 0 0.000171034 2.384 303 56 1 1 0
./complex_md-fit_267.pdb BC A 8.1552 38.3474 -9.89965 -11.1268 -14.2816 -24.4906 -0.770542 43.9976 -23.8578 7.15293 8.80388 4.19374 0 0 0 0.501025 3.14883 -0.0214383 0 0 0 0 0 2.384 303 53 2 2 0
./complex_md-fit_268.pdb BC A 8.84761 26.5701 -8.0194 -10.9373 -9.48353 -25.086 -0.709508 46.3114 -23.9139 3.76671 7.81937 3.99931 0 0 0 0.224931 2.93844 -0.011008 0 0 0 0 0 2.384 303 53 1 1 0
./complex_md-fit_269.pdb BC A 8.53616 28.3818 -9.62232 -11.638 -12.3241 -25.4177 -0.650795 45.3972 -24.5508 5.6356 9.31992 4.27732 0 0 0 0.337329 3.20779 -0.0160294 0 0 0 0 0.00774004 2.384 303 56 0 0 0
./complex_md-fit_26.pdb BC A 7.20232 41.1894 -15.2546 -6.44393 -16.0428 -23.8992 -0.73557 41.93 -23.6288 1.89011 7.41115 2.98616 0 0 0 1.25407 2.14595 0.0187157 0 0 0 0 0.00542608 2.384 303 48 0 0 0
./complex_md-fit_270.pdb BC A 9.73155 29.3829 -8.47301 -10.1889 -11.6263 -24.5814 -0.518533 43.8165 -23.8088 5.49742 8.20504 4.32413 0 0 0 0.417418 2.90511 -0.0297085 0 0 0 0 0.0200665 2.384 303 53 0 0 0
./complex_md-fit_271.pdb BC A 7.66629 35.933 -2.39118 -8.40997 -8.04505 -25.0823 -0.521585 46.7008 -24.6968 6.8732 6.43763 4.0995 0 0 0 0.269521 4.47956 -0.0160767 0 0 0 0 0 2.384 303 51 2 2 0
./complex_md-fit_272.pdb BC A 9.06584 37.2081 -3.79688 -9.70709 -10.4965 -25.6316 -0.477528 47.1634 -24.9211 7.22287 7.92066 4.65339 0 0 0 0.46666 5.91308 -0.0182867 0 0 0 0 0.0283082 2.384 303 53 2 2 0
./complex_md-fit_273.pdb BC A 7.49479 36.358 -1.36992 -9.89003 -8.72632 -25.2237 -0.868778 46.4032 -24.3706 8.1313 8.38135 4.06227 0 0 0 0.72364 3.45143 0 0 0 0 0 0.00773921 2.384 303 52 2 2 0
./complex_md-fit_274.pdb BC A 7.68495 29.9716 -6.05192 -9.10725 -11.0777 -24.6375 -0.47665 44.0667 -24.2974 7.34566 7.66826 4.13701 0 0 0 0.322082 5.41314 -5.55112e-17 0 0 0 0 0.00483643 2.384 303 52 1 1 0
./complex_md-fit_275.pdb BC A 7.85167 36.3676 -12.4393 -8.30032 -14.0536 -24.6787 -0.496902 44.0663 -24.1398 3.15716 7.6045 4.25644 0 0 0 0.126835 4.59763 0 0 0 0 0 0.0188489 2.384 303 56 0 0 0
./complex_md-fit_276.pdb BC A 7.46976 37.4839 -3.52369 -7.78451 -10.2376 -24.9851 -0.692275 46.0088 -23.7806 6.77938 7.12308 3.84828 0 0 0 0.215695 3.4683 -0.0226806 0 0 0 0 0.00392253 2.384 303 52 1 1 0
./complex_md-fit_277.pdb BC A 10.9397 28.8127 -6.44741 -10.0805 -13.6196 -25.9254 -0.643238 45.6803 -25.2437 8.33305 9.53687 4.93651 0 0 0 0.584362 2.86592 -0.0129892 0 0 0 0 0.00700434 2.384 303 52 0 0 0
./complex_md-fit_278.pdb BC A 6.56685 32.779 -5.47083 -10.7408 -10.7947 -24.6985 -0.518709 44.3787 -23.6982 8.16492 7.44656 4.2307 0 0 0 0.76864 2.88105 -0.00938359 0 0 0 0 0 2.384 303 54 1 1 0
./complex_md-fit_279.pdb BC A 9.88376 29.487 -14.6422 -12.4948 -13.9828 -23.0559 -0.648249 40.3431 -22.1098 5.13557 7.28369 4.4709 0 0 0 0.405099 2.69556 0 0 0 0 0 0.0109467 2.384 303 50 0 0 0
./complex_md-fit_27.pdb BC A 6.59569 41.5015 -7.41123 -7.56774 -14.5833 -24.4092 -0.876291 44.1963 -24.1061 7.62193 8.81785 2.65859 0 0 0 0.781154 2.35555 0.05554 0 0 0 0 0 2.384 303 49 2 2 0
./complex_md-fit_280.pdb BC A 7.32131 37.9262 -19.6475 -11.1479 -13.9207 -24.6401 -0.575421 41.2514 -23.9439 2.19738 6.69482 3.82047 0 0 0 0.629445 2.93358 -0.0328725 0 0 0 0 0.0199673 2.384 303 49 0 0 0
./complex_md-fit_281.pdb BC A 7.3371 34.2395 -10.195 -9.80392 -13.8614 -25.7579 -0.498168 48.3141 -24.7699 3.05059 8.89427 3.75373 0 0 0 0.462948 3.04433 0 0 0 0 0 0.0206868 2.384 303 56 0 0 0
./complex_md-fit_282.pdb BC A 7.49056 31.5955 -7.83883 -8.15003 -13.0517 -24.266 -0.628288 43.3849 -23.9735 6.58274 8.89207 3.0928 0 0 0 0.267692 4.45866 1.11022e-16 0 0 0 0 0.0104512 2.384 303 54 1 1 0
./complex_md-fit_283.pdb BC A 7.66962 36.077 -9.25229 -10.9273 -13.0911 -24.7174 -0.577984 44.4684 -24.1268 6.68086 8.57124 3.72121 0 0 0 0.747557 2.89401 -0.0115222 0 0 0 0 0.0106636 2.384 303 54 1 1 0
./complex_md-fit_284.pdb BC A 8.04799 29.4383 -14.1178 -10.2852 -16.2854 -25.9137 -0.744907 45.8681 -24.8242 4.15869 9.96961 3.45826 0 0 0 0.438169 3.47769 -0.0125027 0 0 0 0 0.0553093 2.384 303 51 1 1 0
./complex_md-fit_285.pdb BC A 7.171 32.944 -12.7043 -10.8519 -14.1096 -24.2348 -0.773275 45.3426 -23.483 5.14216 7.35235 2.60463 0 0 0 0.27484 3.75273 5.55112e-17 0 0 0 0 0.0317735 2.384 303 52 0 0 0
./complex_md-fit_286.pdb BC A 8.31342 30.0547 -4.72168 -8.65616 -11.2568 -24.8472 -0.868215 45.8903 -23.7828 5.84033 7.69358 4.80371 0 0 0 0.425578 3.89528 0 0 0 0 0 0.0359707 2.384 303 53 0 0 0
./complex_md-fit_287.pdb BC A 10.2335 34.1947 -5.89735 -9.62986 -14.1915 -26.4732 -0.67368 49.2539 -25.2849 6.10047 8.97398 4.83889 0 0 0 1.13304 4.95247 0 0 0 0 0 0.0555394 2.384 303 53 0 0 0
./complex_md-fit_288.pdb BC A 9.83629 35.9194 -6.93409 -9.86318 -15.531 -24.959 -0.800575 46.8124 -23.9202 6.1586 10.1585 4.66345 0 0 0 0.337199 3.74719 0 0 0 0 0 0.00970239 2.384 303 55 1 1 0
./complex_md-fit_289.pdb BC A 9.41519 35.9921 -10.5701 -12.1348 -13.9186 -27.3434 -0.82888 49.9505 -26.3998 5.27982 9.9012 4.07143 0 0 0 0.826873 2.80653 5.55112e-17 0 0 0 0 0.0255103 2.384 303 57 1 1 0
./complex_md-fit_28.pdb BC A 9.17698 31.1278 -16.8909 -7.49728 -17.4298 -23.533 -0.616358 40.5616 -23.2855 2.98174 8.34106 2.99212 0 0 0 0.45741 2.82085 0.110041 0 0 0 0 0.0271733 2.384 303 49 0 0 0
./complex_md-fit_290.pdb BC A 8.33818 36.3151 -5.76521 -9.96827 -11.4399 -26.0376 -0.741308 47.4896 -25.4153 5.21288 9.32954 4.85305 0 0 0 0.896344 2.95513 0 0 0 0 0 0.0557476 2.384 303 58 1 1 0
./complex_md-fit_291.pdb BC A 7.76142 36.1374 -12.3467 -11.9017 -15.2747 -26.0343 -0.696826 47.2801 -25.3741 5.23784 9.6644 3.85123 0 0 0 0.878736 3.79569 5.55112e-17 0 0 0 0 0.0226818 2.384 303 57 2 2 0
./complex_md-fit_292.pdb BC A 10.1373 32.4084 -5.78597 -10.0604 -13.0575 -26.2159 -0.726935 47.6421 -25.7889 8.79302 9.61515 3.24477 0 0 0 0.743606 3.0642 1.11022e-16 0 0 0 0 0.0249848 2.384 303 53 1 1 0
./complex_md-fit_293.pdb BC A 8.67025 34.4403 -6.72977 -8.35214 -14.6573 -25.795 -0.736998 48.7499 -25.002 5.30746 9.37341 4.05898 0 0 0 0.315795 4.27369 -0.0109147 0 0 0 0 0.0190049 2.384 303 55 1 1 0
./complex_md-fit_294.pdb BC A 7.04884 31.0941 -14.4077 -12.634 -14.6749 -25.9326 -0.631527 46.9855 -25.244 3.15962 10.2043 3.42855 0 0 0 0.911417 3.32386 -0.0135553 0 0 0 0 0.0334397 2.384 303 57 0 0 0
./complex_md-fit_295.pdb BC A 7.41556 35.8432 -10.6176 -11.5042 -15.7025 -26.3529 -0.706477 48.709 -25.2045 5.29598 10.8729 3.48827 0 0 0 0.471885 3.09117 -0.0177168 0 0 0 0 0.0327154 2.384 303 54 0 0 0
./complex_md-fit_296.pdb BC A 10.919 38.3118 -2.20081 -8.585 -12.3983 -26.3463 -0.628017 48.8464 -25.8006 9.07184 9.04423 4.33434 0 0 0 0.215176 4.31411 0.0177108 0 0 0 0 0.0277685 2.384 303 50 2 2 0
./complex_md-fit_297.pdb BC A 6.53095 41.5937 -5.47562 -9.59641 -12.2138 -26.8547 -0.76775 49.9918 -26.0013 5.55681 8.9318 4.44379 0 0 0 0.984037 4.08017 0.0206409 0 0 0 0 0.0294443 2.384 303 56 1 1 0
./complex_md-fit_298.pdb BC A 8.72286 36.1901 -8.23186 -10.8734 -12.4527 -26.5105 -0.687766 49.2029 -26.0077 5.68997 9.3756 3.1363 0 0 0 0.877713 4.62414 -0.014518 0 0 0 0 0.0322609 2.384 303 53 1 1 0
./complex_md-fit_299.pdb BC A 7.85851 34.6405 -7.4323 -10.0743 -12.8516 -26.5631 -0.725443 49.0411 -25.8605 5.26106 10.0307 3.9004 0 0 0 0.392222 4.00877 -0.0097868 0 0 0 0 0.0269297 2.384 303 51 1 1 0
./complex_md-fit_29.pdb BC A 7.87077 29.511 -9.90427 -6.69569 -14.0908 -24.2702 -1.00841 43.5162 -23.7632 4.59295 8.84669 2.80166 0 0 0 0.182023 2.05612 -0.0155024 0 0 0 0 6.31196e-05 2.384 303 51 0 0 0
./complex_md-fit_2.pdb BC A 8.25582 39.9478 -16.5743 -9.63891 -13.8268 -25.5994 -1.05385 43.8679 -25.4795 2.66438 9.31748 2.83205 0 0 0 0.367207 2.76172 -0.0248944 0 0 0 0 0 2.384 303 51 0 0 0
./complex_md-fit_300.pdb BC A 9.8116 37.366 -14.5144 -9.39579 -12.9182 -25.7419 -0.638842 44.2025 -25.5704 2.52711 8.33459 3.95903 0 0 0 0.688193 4.86271 -0.00201779 0 0 0 0 0.0413492 2.384 303 51 0 0 0
./complex_md-fit_301.pdb BC A 8.37917 30.5318 -10.0728 -10.8675 -14.3812 -25.3398 -0.757181 46.022 -24.1387 6.81877 9.06111 3.04412 0 0 0 0.445445 2.84042 -0.00916612 0 0 0 0 0.0292512 2.384 303 49 2 2 0
./complex_md-fit_302.pdb BC A 10.1211 37.7212 -13.6131 -9.18892 -12.8583 -25.4849 -0.698207 44.6357 -25.16 0.985246 9.40879 3.84235 0 0 0 0.892318 3.37599 -0.012429 0 0 0 0 0.0253422 2.384 303 49 0 0 0
./complex_md-fit_303.pdb BC A 9.14927 32.2382 -3.86493 -9.13374 -12.0891 -25.0779 -0.726685 46.6094 -24.7217 6.92672 9.58528 4.10726 0 0 0 0.662032 3.43597 -0.0127644 0 0 0 0 0.00623928 2.384 303 54 1 1 0
./complex_md-fit_304.pdb BC A 9.4422 35.0697 -3.85493 -8.99494 -9.66951 -24.6151 -0.701246 43.5273 -24.6244 7.73845 8.23071 4.61484 0 0 0 0.60831 4.34434 0 0 0 0 0 0.0306981 2.384 303 52 3 3 0
./complex_md-fit_305.pdb BC A 8.85273 24.2716 -11.9836 -9.90115 -13.705 -24.5887 -0.587718 41.9134 -24.3656 5.74996 8.891 4.25674 0 0 0 0.323245 2.71312 0.00351923 0 0 0 0 0.0267401 2.384 303 54 1 1 0
./complex_md-fit_306.pdb BC A 9.30471 29.1812 -6.92829 -10.2134 -14.821 -25.7402 -0.699374 46.8826 -25.0278 7.28154 11.148 3.75614 0 0 0 0.503332 4.46133 -0.00939886 0 0 0 0 0.0114032 2.384 303 52 0 0 0
./complex_md-fit_307.pdb BC A 7.22284 30.9894 -4.9069 -10.0167 -14.7807 -26.6574 -0.852755 50.5524 -25.9572 7.13419 9.70897 4.80138 0 0 0 1.13122 3.00769 0 0 0 0 0 0.0297053 2.384 303 55 2 2 0
./complex_md-fit_308.pdb BC A 9.06994 38.1134 -10.0576 -9.84603 -15.9022 -25.5759 -0.798492 47.0989 -24.9217 4.69884 9.85422 4.19974 0 0 0 1.09361 3.99603 0.0177482 0 0 0 0 0.0236916 2.384 303 54 0 0 0
./complex_md-fit_309.pdb BC A 10.5657 35.4861 -8.5613 -9.04571 -12.2588 -25.4601 -0.749286 47.5468 -24.5207 3.65532 8.26042 3.85403 0 0 0 0.109895 3.48395 0.0172464 0 0 0 0 0.0296729 2.384 303 52 0 0 0
./complex_md-fit_30.pdb BC A 7.54791 29.4606 -3.57568 -4.61049 -11.7826 -23.7642 -0.772876 43.7911 -23.2966 5.40177 8.0053 3.00651 0 0 0 0.423896 3.59504 0.0225427 0 0 0 0 0 2.384 303 56 0 0 0
./complex_md-fit_310.pdb BC A 6.80166 35.8866 -13.1113 -10.9607 -14.6082 -25.4405 -0.787051 47.3121 -24.6979 1.84529 10.006 3.78978 0 0 0 0.41187 5.00377 0 0 0 0 0 0.0180268 2.384 303 56 0 0 0
./complex_md-fit_311.pdb BC A 8.11349 24.9669 -9.55645 -10.0069 -14.9727 -25.1956 -0.858452 45.9536 -24.747 6.2208 9.49398 3.75307 0 0 0 0.767938 4.58808 0 0 0 0 0 0.0349791 2.384 303 54 2 2 0
./complex_md-fit_312.pdb BC A 8.88414 32.5301 -9.64756 -11.6035 -14.2607 -26.4219 -0.70169 49.4947 -25.674 5.7672 9.6768 3.69455 0 0 0 0.330136 4.3141 0.0220534 0 0 0 0 0.0288601 2.384 303 54 1 1 0
./complex_md-fit_313.pdb BC A 8.92421 43.815 -11.9984 -10.9702 -15.2791 -26.0693 -0.964249 48.9313 -25.1963 3.41465 10.2886 3.53627 0 0 0 0.28486 3.09419 0 0 0 0 0 0.024908 2.384 303 55 0 0 0
./complex_md-fit_314.pdb BC A 7.2376 30.5583 -3.56264 -9.66237 -10.2077 -25.3166 -0.7806 46.763 -24.7416 7.21499 9.21277 3.55208 0 0 0 0.355287 2.84154 0.0154603 0 0 0 0 0.0325788 2.384 303 54 1 1 0
./complex_md-fit_315.pdb BC A 10.5873 31.2193 -4.37069 -9.98679 -11.5486 -25.7908 -0.792114 46.2878 -25.2726 9.05624 9.31982 3.44247 0 0 0 0.900022 3.08613 -0.0134879 0 0 0 0 0.0273519 2.384 303 53 2 2 0
./complex_md-fit_316.pdb BC A 8.50614 29.4092 -10.8431 -10.6459 -14.225 -25.4253 -0.778059 45.4431 -24.6466 4.80999 9.56875 4.2108 0 0 0 0.844276 3.06039 -0.0120083 0 0 0 0 0.012758 2.384 303 50 0 0 0
./complex_md-fit_317.pdb BC A 8.53522 30.9513 -9.84854 -10.445 -13.1914 -26.5968 -0.773821 47.0251 -26.3396 6.9462 8.74774 4.35126 0 0 0 0.422774 2.86 -0.0128623 0 0 0 0 0.0178455 2.384 303 52 1 1 0
./complex_md-fit_318.pdb BC A 9.37318 35.2806 -2.4034 -9.56846 -11.2484 -25.6894 -0.802074 48.3956 -24.8701 6.92028 10.4263 3.71148 0 0 0 0.304016 2.97744 -0.00916275 0 0 0 0 0.0266734 2.384 303 55 0 0 0
./complex_md-fit_319.pdb BC A 8.09772 38.008 -9.27838 -8.24407 -14.5274 -25.091 -0.80865 45.3089 -24.6555 5.70836 9.68814 2.84196 0 0 0 0.469959 3.088 -0.0127398 0 0 0 0 0.0436084 2.384 303 53 1 1 0
./complex_md-fit_31.pdb BC A 8.0093 40.7581 -12.5573 -5.50935 -15.4368 -24.4598 -1.06889 42.8584 -24.4358 4.74374 8.7232 1.61125 0 0 0 0.426206 2.08889 -0.00950058 0 0 0 0 0 2.384 303 52 1 1 0
./complex_md-fit_320.pdb BC A 9.65784 38.5607 -13.4417 -9.7967 -15.4555 -25.4864 -0.742404 47.1874 -25.0308 2.67772 8.96347 4.04069 0 0 0 0.182181 3.60014 0 0 0 0 0 0.0186772 2.384 303 56 0 0 0
./complex_md-fit_321.pdb BC A 10.7469 32.6084 -8.10731 -11.986 -13.4367 -26.467 -0.673726 47.94 -26.2914 7.86751 9.64145 4.38194 0 0 0 0.894164 2.67443 0.00385485 0 0 0 0 0.0186437 2.384 303 56 2 2 0
./complex_md-fit_322.pdb BC A 6.52952 36.0043 -7.60976 -9.57545 -13.6 -24.559 -0.702201 44.6612 -23.5273 6.55943 8.64765 3.58751 0 0 0 0.891743 2.80431 -0.0103578 0 0 0 0 0.017148 2.384 303 52 2 2 0
./complex_md-fit_323.pdb BC A 7.5698 38.6758 -5.09181 -10.1408 -13.5435 -25.3732 -0.763016 46.5574 -24.6824 8.3081 10.0426 4.19262 0 0 0 0.30136 3.86488 -0.00995649 0 0 0 0 0.0189329 2.384 303 55 3 3 0
./complex_md-fit_324.pdb BC A 8.56659 34.0218 -14.2793 -10.6032 -15.773 -25.2329 -0.991401 45.4986 -24.7262 2.93609 10.1673 3.93323 0 0 0 0.496629 3.65995 -0.0106687 0 0 0 0 0.0262285 2.384 303 55 0 0 0
./complex_md-fit_325.pdb BC A 7.59325 22.3213 -6.3105 -12.1379 -11.8729 -25.8664 -0.684312 47.6359 -25.1328 7.68694 8.40219 4.9384 0 0 0 0.677045 2.77963 -0.0115038 0 0 0 0 0.0547221 2.384 303 53 2 2 0
./complex_md-fit_326.pdb BC A 8.58364 36.451 -7.38509 -9.34249 -16.0522 -26.3367 -0.730735 48.9333 -25.4571 5.574 10.1808 5.33039 0 0 0 0.496254 4.24481 0.0013994 0 0 0 0 0.0179916 2.384 303 56 0 0 0
./complex_md-fit_327.pdb BC A 7.39297 35.7723 -3.78392 -11.2602 -13.97 -26.9884 -0.586384 51.3973 -26.2955 6.2698 11.8574 5.42072 0 0 0 0.329213 2.79834 0.0107598 0 0 0 0 0.0313027 2.384 303 56 1 1 0
./complex_md-fit_328.pdb BC A 7.13476 31.3004 -14.2029 -10.0394 -14.4813 -26.6465 -0.751168 46.7973 -25.5931 2.71751 9.71221 3.50293 0 0 0 0.551891 3.3196 0 0 0 0 0 0.02672 2.384 303 54 0 0 0
./complex_md-fit_329.pdb BC A 11.9639 34.2231 -6.1023 -8.59098 -13.9942 -25.497 -0.721021 48.6753 -24.5334 4.56137 10.2795 3.22782 0 0 0 0.462739 4.16136 0 0 0 0 0 0.027554 2.384 303 53 0 0 0
./complex_md-fit_32.pdb BC A 7.63487 35.7011 -9.44086 -6.60686 -15.819 -24.7257 -1.13127 43.9882 -24.5519 8.71648 9.51022 1.08683 0 0 0 0.0883706 2.41554 -1.38778e-17 0 0 0 0 0.00373325 2.384 303 53 2 2 0
./complex_md-fit_330.pdb BC A 9.13303 33.0685 -7.94478 -10.5585 -16.8238 -25.8303 -1.00955 47.6058 -24.5223 7.9348 10.1663 4.7258 0 0 0 0.35909 2.71888 -0.00911323 0 0 0 0 0.0169176 2.384 303 56 3 3 0
./complex_md-fit_331.pdb BC A 10.6762 34.4191 -5.02986 -10.1116 -13.7774 -25.5013 -0.675465 48.5732 -24.7338 6.72622 8.70843 4.8422 0 0 0 0.907377 3.69864 -0.0120716 0 0 0 0 0.024289 2.384 303 53 1 1 0
./complex_md-fit_332.pdb BC A 4.98736 39.7229 -3.78286 -6.23223 -13.2077 -25.9643 -0.671766 48.1798 -25.3849 6.90044 9.07201 2.98641 0 0 0 0.515852 4.4024 0.00477719 0 0 0 0 0.018771 2.384 303 55 1 1 0
./complex_md-fit_333.pdb BC A 9.51565 33.6513 -11.2917 -10.2585 -10.6948 -25.5088 -0.59902 45.724 -24.9925 1.70913 8.18506 3.7305 0 0 0 1.39894 3.37087 -0.009648 0 0 0 0 0.0238975 2.384 303 55 0 0 0
./complex_md-fit_334.pdb BC A 7.77024 35.3282 -14.1227 -12.0103 -14.0409 -25.6578 -0.745767 45.149 -24.9124 3.32883 10.1636 4.36603 0 0 0 0.211234 3.48369 0.00567158 0 0 0 0 0.0200214 2.384 303 55 1 1 0
./complex_md-fit_335.pdb BC A 7.62676 36.1982 -11.3039 -10.7764 -15.0707 -25.578 -0.84443 44.9886 -24.9817 8.08185 8.86696 3.17576 0 0 0 0.787137 4.7737 -0.0111498 0 0 0 0 0.0581222 2.384 303 52 3 3 0
./complex_md-fit_336.pdb BC A 9.9443 34.0376 -6.30358 -7.83799 -12.3372 -25.983 -0.572439 47.6939 -25.4068 6.063 7.82595 3.64696 0 0 0 0.588738 5.642 -0.0118545 0 0 0 0 0.0271902 2.384 303 55 0 0 0
./complex_md-fit_337.pdb BC A 7.86672 39.1981 -7.26152 -9.25614 -11.6955 -24.3559 -0.876163 44.5568 -23.8307 5.97148 7.96925 3.2006 0 0 0 1.00143 4.25156 0 0 0 0 0 0.0532245 2.384 303 52 0 0 0
./complex_md-fit_338.pdb BC A 8.55092 37.3199 -2.22796 -7.80615 -13.6766 -25.1949 -0.808654 47.8088 -24.1562 9.25519 9.09254 3.07948 0 0 0 0.163185 4.33058 0.015384 0 0 0 0 0 2.384 303 55 5 5 0
./complex_md-fit_339.pdb BC A 7.21583 27.0325 -4.66897 -10.174 -9.72232 -24.9191 -0.445413 44.7352 -24.4741 6.73519 7.67681 5.63487 0 0 0 0.283524 3.13536 -0.0102101 0 0 0 0 0.0106674 2.384 303 55 1 1 0
./complex_md-fit_33.pdb BC A 6.97494 35.7645 -12.3765 -6.62277 -15.58 -25.3753 -0.96584 44.2676 -25.444 5.18862 9.22609 2.78839 0 0 0 0.116716 3.06544 0.0192039 0 0 0 0 0.00474175 2.384 303 52 0 0 0
./complex_md-fit_340.pdb BC A 11.048 29.8561 -1.88908 -7.77874 -12.1562 -25.149 -0.762626 47.1898 -23.9075 8.82407 8.54215 3.05878 0 0 0 0.234882 4.15208 0 0 0 0 0 0.015373 2.384 303 53 4 4 0
./complex_md-fit_341.pdb BC A 7.53154 34.3802 -7.65619 -9.44806 -9.77021 -25.9376 -0.43706 45.4896 -25.4185 4.62137 7.6329 5.23608 0 0 0 0.368185 3.5339 0 0 0 0 0 0.00714366 2.384 303 54 0 0 0
./complex_md-fit_342.pdb BC A 7.91432 33.9518 -10.7621 -11.6691 -16.1208 -25.7653 -0.881957 48.3842 -24.5611 5.2966 9.13284 4.4383 0 0 0 0.972871 3.12673 0 0 0 0 0 0.0112162 2.384 303 57 0 0 0
./complex_md-fit_343.pdb BC A 7.48686 43.6102 -3.94114 -8.9819 -14.2592 -26.6765 -0.894301 50.1539 -25.5204 7.68706 9.32222 4.33229 0 0 0 0.867566 4.78011 0 0 0 0 0 0.0281679 2.384 303 54 1 1 0
./complex_md-fit_344.pdb BC A 8.60056 34.3272 -6.51204 -9.31613 -13.5296 -24.7862 -0.923091 45.3291 -24.1862 7.2041 9.03777 4.16669 0 0 0 0.471429 4.0636 0 0 0 0 0 0.0201176 2.384 303 53 2 2 0
./complex_md-fit_345.pdb BC A 8.8262 37.782 -5.74315 -10.2367 -12.229 -25.8583 -0.682332 47.4939 -25.1065 6.11367 9.58137 4.00874 0 0 0 1.14075 3.24798 0 0 0 0 0 0.0312 2.384 303 51 1 1 0
./complex_md-fit_346.pdb BC A 7.84515 37.8454 -7.50925 -9.29095 -13.9701 -25.0077 -0.812978 45.8726 -24.0076 5.89301 9.93134 3.52493 0 0 0 0.360113 4.53924 -0.0217856 0 0 0 0 0.019822 2.384 303 53 1 1 0
./complex_md-fit_347.pdb BC A 10.0014 33.4827 -5.9705 -10.6483 -13.8205 -26.2044 -0.884086 50.0705 -25.0718 6.37708 9.81457 3.4197 0 0 0 0.96609 4.62329 0 0 0 0 0 0.0107292 2.384 303 55 2 2 0
./complex_md-fit_348.pdb BC A 8.3275 32.1183 1.95843 -9.57022 -12.8289 -25.9661 -0.792728 49.3797 -24.6065 12.0016 8.36709 5.46796 0 0 0 0.464973 5.25494 0.0139943 0 0 0 0 0.0276114 2.384 303 58 3 3 0
./complex_md-fit_349.pdb BC A 9.43908 33.2928 -2.03127 -8.51306 -13.5056 -25.8138 -0.727363 48.2478 -25.2091 9.12919 10.3453 3.72199 0 0 0 0.271831 4.17719 0.00177119 0 0 0 0 0.0197709 2.384 303 56 4 4 0
./complex_md-fit_34.pdb BC A 7.14824 32.0832 -12.1619 -8.23916 -14.2591 -25.3002 -0.744846 46.4238 -24.549 3.37677 9.31151 1.55654 0 0 0 0.2807 2.08179 -0.0265006 0 0 0 0 0.00772882 2.384 303 53 0 0 0
./complex_md-fit_350.pdb BC A 9.5471 32.8399 -0.260777 -7.83151 -11.3284 -25.5514 -0.858638 48.7502 -24.8372 8.55054 8.92367 3.63937 0 0 0 0.272694 4.68975 -0.0150048 0 0 0 0 0.0248367 2.384 303 53 3 3 0
./complex_md-fit_351.pdb BC A 9.23727 29.868 -4.9985 -9.52887 -11.3499 -25.5036 -0.561817 48.0708 -24.5549 7.4461 7.9677 2.6327 0 0 0 0.324692 2.99518 0 0 0 0 0 0.0586321 2.384 303 49 2 2 0
./complex_md-fit_352.pdb BC A 5.73295 34.4166 -3.34852 -9.48549 -10.802 -25.3013 -0.612362 47.2657 -24.5191 6.71925 9.04362 3.76184 0 0 0 0.517349 5.42966 0.0392096 0 0 0 0 0.0248579 2.384 303 57 2 2 0
./complex_md-fit_353.pdb BC A 9.00479 38.1951 -9.12482 -10.4598 -13.1439 -25.257 -0.624005 45.2304 -24.7512 5.31048 9.33837 4.93439 0 0 0 0.255325 4.58287 0.0166883 0 0 0 0 0.0254533 2.384 303 55 1 1 0
./complex_md-fit_354.pdb BC A 7.66783 40.4768 -4.77868 -10.2047 -12.717 -25.0956 -0.939828 48.2635 -24.0962 5.51353 9.80844 4.02269 0 0 0 0.636955 3.95704 0.0102721 0 0 0 0 0.0193445 2.384 303 56 1 1 0
./complex_md-fit_355.pdb BC A 9.55899 37.5915 -5.19369 -8.69813 -13.4184 -25.4558 -0.647262 47.4108 -24.7849 6.45185 9.00339 4.04982 0 0 0 0.883631 5.17209 -0.0136393 0 0 0 0 0.0250719 2.384 303 56 1 1 0
./complex_md-fit_356.pdb BC A 8.59781 35.3844 -3.66292 -8.88585 -11.0386 -25.9009 -0.695106 49.4084 -24.7414 7.19576 7.7387 2.6811 0 0 0 0.56057 3.03267 -0.0135318 0 0 0 0 0.0278868 2.384 303 53 2 2 0
./complex_md-fit_357.pdb BC A 6.87339 36.5944 -4.08212 -9.0478 -12.0412 -25.7895 -0.525545 48.2247 -24.7401 6.30118 9.69638 3.22628 0 0 0 0.548222 4.67035 0 0 0 0 0 0.0653176 2.384 303 56 0 0 0
./complex_md-fit_358.pdb BC A 7.82421 40.7684 -1.22217 -8.2151 -9.03433 -25.3861 -0.649642 47.0784 -24.4154 6.46897 7.77175 4.61822 0 0 0 0.523899 4.58223 -0.0107701 0 0 0 0 0.0279866 2.384 303 54 1 1 0
./complex_md-fit_359.pdb BC A 11.3259 35.2061 -6.13881 -10.4846 -13.8382 -26.0207 -0.944317 47.96 -25.0609 8.02184 10.6786 3.16056 0 0 0 0.374809 3.04736 -0.0175593 0 0 0 0 0.0317243 2.384 303 54 2 2 0
./complex_md-fit_35.pdb BC A 7.75158 38.9476 -13.1758 -9.57683 -14.7907 -25.3849 -0.723431 44.6833 -24.9435 5.08209 9.79578 2.2359 0 0 0 0.465175 1.90845 -0.0186884 0 0 0 0 0 2.384 303 50 0 0 0
./complex_md-fit_360.pdb BC A 8.50403 31.6658 -12.1182 -11.6704 -14.9492 -25.3204 -0.739966 47.2295 -24.4508 3.92815 9.1031 4.01589 0 0 0 0.735861 2.88234 0 0 0 0 0 0 2.384 303 55 0 0 0
./complex_md-fit_361.pdb BC A 9.8649 34.8842 -5.46183 -8.98248 -10.718 -24.7935 -0.574928 45.7189 -24.0301 5.37218 7.84711 3.55039 0 0 0 1.17582 4.3665 -0.0272153 0 0 0 0 0 2.384 303 54 0 0 0
./complex_md-fit_362.pdb BC A 8.71963 38.048 -3.82326 -9.75256 -12.8805 -25.6628 -0.728606 48.1189 -24.9047 6.55476 9.55195 5.39461 0 0 0 0.47458 3.97417 -0.01262 0 0 0 0 0.0237144 2.384 303 54 1 1 0
./complex_md-fit_363.pdb BC A 8.19945 37.445 -3.31576 -9.78151 -14.0105 -26.4169 -0.966443 48.8879 -25.0873 8.95258 10.8335 3.9423 0 0 0 0.329274 2.59082 0 0 0 0 0 0.00138119 2.384 303 55 1 1 0
./complex_md-fit_364.pdb BC A 10.9047 37.7735 -5.36873 -11.01 -13.5882 -26.057 -0.824692 49.6876 -24.7222 8.04771 8.38788 3.93038 0 0 0 0.795732 3.20363 -0.0159467 0 0 0 0 0 2.384 303 56 1 1 0
./complex_md-fit_365.pdb BC A 7.00811 36.2321 -2.16936 -9.40354 -11.7555 -25.9135 -0.519915 48.7495 -24.6949 8.47721 9.01653 3.32731 0 0 0 0.539801 3.11241 0.00759502 0 0 0 0 0 2.384 303 54 1 1 0
./complex_md-fit_366.pdb BC A 7.30914 35.7455 -7.50283 -9.2154 -14.0345 -25.9062 -0.41982 48.2609 -24.8712 3.93287 8.38989 5.49168 0 0 0 0.874045 3.05393 -0.0232276 0 0 0 0 0.0181878 2.384 303 58 1 1 0
./complex_md-fit_367.pdb BC A 10.2167 43.7572 -3.39801 -10.5617 -9.33861 -25.132 -0.546927 47.8642 -24.5054 7.75026 7.23194 3.54224 0 0 0 0.301543 3.0457 -0.030182 0 0 0 0 0.0266658 2.384 303 59 3 3 0
./complex_md-fit_368.pdb BC A 10.0874 32.3903 -1.33172 -11.3689 -11.4532 -25.1962 -0.721462 47.4625 -24.4951 9.76255 8.73698 5.40497 0 0 0 0.51778 3.59569 0 0 0 0 0 0.0184067 2.384 303 51 3 3 0
./complex_md-fit_369.pdb BC A 5.87893 36.5254 -9.12808 -9.90589 -14.9354 -25.352 -0.914941 47.38 -24.1847 4.67108 10.6817 2.95786 0 0 0 0.478727 5.26103 -0.0143304 0 0 0 0 0.00985542 2.384 303 53 1 1 0
./complex_md-fit_36.pdb BC A 8.20252 36.7863 -13.2143 -6.30846 -17.4474 -24.4507 -0.904187 44.3115 -23.8565 3.81215 8.99872 2.10627 0 0 0 0.483312 2.60705 0.0409995 0 0 0 0 0 2.384 303 51 0 0 0
./complex_md-fit_370.pdb BC A 9.31555 32.6297 -2.52595 -10.3139 -13.6495 -25.2917 -0.743173 50.1521 -24.0368 7.11218 10.1422 3.79249 0 0 0 0.334565 3.75584 -0.0242697 0 0 0 0 0 2.384 303 56 1 1 0
./complex_md-fit_371.pdb BC A 8.15074 26.3371 -4.24799 -9.90871 -11.3364 -24.821 -0.746603 46.2989 -23.9057 7.43131 8.8439 3.58689 0 0 0 0.284065 4.08584 0.0141848 0 0 0 0 0.0112858 2.384 303 54 1 1 0
./complex_md-fit_372.pdb BC A 9.6369 31.9666 1.43746 -10.1806 -8.17397 -26.1341 -0.627637 49.3031 -25.2938 11.3147 8.25562 2.74554 0 0 0 0.232653 2.88869 -0.0111246 0 0 0 0 0.00713579 2.384 303 55 3 3 0
./complex_md-fit_373.pdb BC A 7.69744 30.3922 -7.90119 -9.51683 -12.8374 -25.7282 -0.452867 47.4392 -24.8978 5.31266 8.14368 4.25804 0 0 0 0.382224 4.93686 -0.0140387 0 0 0 0 0.0102184 2.384 303 53 1 1 0
./complex_md-fit_374.pdb BC A 7.86643 38.2957 -3.98388 -10.4547 -11.2303 -23.8322 -0.61144 44.9574 -22.7127 7.50395 7.86 4.05253 0 0 0 0.497065 3.80538 -0.01343 0 0 0 0 0 2.384 303 55 1 1 0
./complex_md-fit_375.pdb BC A 7.23094 40.5116 -3.44696 -9.76056 -10.5461 -25.3586 -0.744665 47.6257 -24.5421 5.61546 9.62521 4.41824 0 0 0 0.25241 2.65052 -0.0350256 0 0 0 0 0.00297127 2.384 303 55 1 1 0
./complex_md-fit_376.pdb BC A 6.48562 34.7265 -1.10663 -8.2588 -11.1846 -25.2354 -0.805102 47.9702 -24.0133 7.93656 9.57861 2.75586 0 0 0 0.120843 4.08476 -0.000936684 0 0 0 0 0.0294291 2.384 303 56 2 2 0
./complex_md-fit_377.pdb BC A 9.65083 39.8358 -14.3095 -11.1732 -14.7381 -24.7366 -0.795354 44.1543 -23.8242 3.67157 8.9515 3.37698 0 0 0 0.765727 3.08313 0.0191603 0 0 0 0 0.018631 2.384 303 51 0 0 0
./complex_md-fit_378.pdb BC A 9.43618 36.9802 -1.58127 -10.9262 -10.7466 -25.7484 -0.773787 48.1054 -25.045 9.97874 8.03621 5.12079 0 0 0 0.38057 4.26204 0.0135199 0 0 0 0 0.0235942 2.384 303 54 3 3 0
./complex_md-fit_379.pdb BC A 9.73528 34.0858 0.373981 -9.89762 -8.86071 -24.4491 -0.847485 47.7155 -23.5578 8.37707 7.71078 3.98935 0 0 0 0.16056 2.86723 0.0274964 0 0 0 0 0.00586095 2.384 303 54 2 2 0
./complex_md-fit_37.pdb BC A 9.63173 34.13 -12.3785 -6.90924 -13.1733 -24.9161 -0.815161 44.2196 -24.5504 2.66137 9.20764 1.33817 0 0 0 0.558899 3.15535 0 0 0 0 0 0 2.384 303 50 0 0 0
./complex_md-fit_380.pdb BC A 9.57121 27.9498 -0.95109 -9.20758 -9.1131 -25.7822 -0.800758 48.3265 -24.9084 5.95978 9.23749 4.65252 0 0 0 0.682774 3.46769 -0.0186216 0 0 0 0 0.0205247 2.384 303 54 2 2 0
./complex_md-fit_381.pdb BC A 13.0529 38.104 6.39357 -9.23151 -9.98556 -25.8348 -0.932291 48.9537 -24.8103 13.01 9.86063 4.1204 0 0 0 1.23921 4.09724 0.00404756 0 0 0 0 0 2.384 303 54 4 4 0
./complex_md-fit_382.pdb BC A 9.1302 42.7531 -5.12798 -8.24546 -10.9389 -24.7802 -0.873758 45.2793 -23.7557 8.02777 7.26874 2.56511 0 0 0 0.308988 3.61399 0.0145424 0 0 0 0 0.00161866 2.384 303 53 1 1 0
./complex_md-fit_383.pdb BC A 8.38802 38.6616 -0.191578 -9.74184 -7.89181 -24.227 -0.520744 44.3306 -23.7102 9.18401 7.61719 4.38145 0 0 0 0.383505 2.98696 0.00321471 0 0 0 0 0 2.384 303 53 2 2 0
./complex_md-fit_384.pdb BC A 8.41272 39.0361 -5.30384 -7.99599 -8.85926 -25.9716 -0.747489 48.7499 -25.3103 5.13863 6.03421 3.30896 0 0 0 0.330542 5.91525 0.0185213 0 0 0 0 0 2.384 303 55 0 0 0
./complex_md-fit_385.pdb BC A 9.65325 30.2225 -1.83442 -9.24926 -9.15114 -24.0217 -0.605874 45.8456 -23.3195 7.53642 8.27415 2.53576 0 0 0 0.334283 4.31402 -0.0132616 0 0 0 0 0 2.384 303 53 3 3 0
./complex_md-fit_386.pdb BC A 7.90306 38.4634 -11.0849 -8.67426 -11.7032 -24.6927 -0.855537 42.2851 -24.5536 5.88494 8.21546 2.06799 0 0 0 0.90528 4.70951 0.024378 0 0 0 0 0.0112919 2.384 303 53 0 0 0
./complex_md-fit_387.pdb BC A 7.00563 30.2716 -10.4123 -10.3563 -16.954 -24.8328 -0.791618 45.6308 -24.1692 6.53995 9.93214 4.0322 0 0 0 0.571472 3.97054 -0.014802 0 0 0 0 0 2.384 303 53 1 1 0
./complex_md-fit_388.pdb BC A 7.39315 37.2653 -1.35943 -7.77146 -8.91401 -25.7105 -0.667876 47.4782 -24.8875 9.06997 7.74565 1.92581 0 0 0 0.361639 4.26227 0 0 0 0 0 0.0106207 2.384 303 56 3 3 0
./complex_md-fit_389.pdb BC A 7.11342 43.7047 -7.81172 -11.8354 -11.1234 -24.4999 -0.755502 44.3351 -23.8631 7.58082 8.54243 3.45122 0 0 0 0.344814 2.62587 0 0 0 0 0 0.0112063 2.384 303 52 3 3 0
./complex_md-fit_38.pdb BC A 6.67103 41.3604 -7.40755 -7.55802 -16.3694 -24.2148 -1.11242 42.9469 -23.3078 7.3584 11.645 2.17453 0 0 0 1.0457 2.4257 -0.0155568 0 0 0 0 0 2.384 303 53 0 0 0
./complex_md-fit_390.pdb BC A 9.92365 35.0441 -3.93308 -9.12815 -12.4612 -24.6147 -0.964336 44.9471 -23.6494 8.99117 8.08574 3.95192 0 0 0 0.894323 2.90775 0 0 0 0 0 0.0145439 2.384 303 54 5 5 0
./complex_md-fit_391.pdb BC A 9.56169 35.2976 -10.3514 -10.4171 -14.4679 -24.8935 -0.796636 46.5936 -24.1113 4.65054 9.04011 3.74664 0 0 0 0.310873 4.45212 -0.0114488 0 0 0 0 0.00470056 2.384 303 54 2 2 0
./complex_md-fit_392.pdb BC A 8.55167 40.0705 -5.70414 -9.49464 -15.6479 -25.4835 -0.796033 47.5558 -24.8497 8.65394 9.12129 4.72816 0 0 0 0.508144 3.54486 -0.00946069 0 0 0 0 0.00966822 2.384 303 54 1 1 0
./complex_md-fit_393.pdb BC A 7.25761 35.9811 -7.92987 -9.96619 -13.3562 -26.5078 -0.511945 48.7901 -25.7891 5.16335 9.53614 4.41306 0 0 0 0.30627 4.63359 -0.0119481 0 0 0 0 0.00439537 2.384 303 55 1 1 0
./complex_md-fit_394.pdb BC A 7.43934 39.0748 -6.1305 -11.1038 -12.2163 -24.6499 -0.928427 44.8631 -23.7281 8.08665 9.01626 3.1218 0 0 0 1.41445 3.05645 -0.00983897 0 0 0 0 0.00367497 2.384 303 52 3 3 0
./complex_md-fit_395.pdb BC A 10.2119 40.8435 1.08234 -6.43869 -10.5198 -24.1265 -0.940757 44.8594 -23.6366 10.9715 7.80467 2.87317 0 0 0 0.238524 5.67365 -0.0143031 0 0 0 0 0.0116557 2.384 303 54 4 4 0
./complex_md-fit_396.pdb BC A 10.8176 35.817 -4.74323 -9.75723 -12.4437 -24.5226 -0.725773 44.7417 -23.9156 8.55307 8.90807 3.83157 0 0 0 0.55432 2.89542 0 0 0 0 0 0.0330311 2.384 303 51 3 3 0
./complex_md-fit_397.pdb BC A 6.88492 39.7913 -12.9842 -12.824 -17.2661 -24.0619 -1.01151 43.926 -22.9668 5.68477 10.668 4.49061 0 0 0 0.376649 2.99715 -1.11022e-16 0 0 0 0 0 2.384 303 53 1 1 0
./complex_md-fit_398.pdb BC A 8.92013 36.9376 -11.7139 -11.4906 -14.8822 -24.2219 -1.01288 44.3997 -23.2514 5.3642 9.28213 3.62531 0 0 0 0.468988 3.01082 -0.00970119 0 0 0 0 0.0144557 2.384 303 54 1 1 0
./complex_md-fit_399.pdb BC A 7.57123 40.8862 -14.2639 -11.1869 -15.3087 -25.2742 -1.08788 45.186 -24.7834 5.63451 8.64969 3.6525 0 0 0 0.236612 3.8616 0 0 0 0 0 0.0178744 2.384 303 56 2 2 0
./complex_md-fit_39.pdb BC A 5.84157 33.9187 -12.0302 -5.13495 -13.1823 -24.3222 -0.880103 41.2497 -24.3771 4.07569 8.78612 1.40599 0 0 0 0.333449 2.40407 0.0155382 0 0 0 0 0 2.384 303 52 0 0 0
./complex_md-fit_3.pdb BC A 5.49837 35.3048 -10.3764 -9.1383 -12.3601 -24.4989 -1.13346 42.1502 -24.0378 6.96334 8.35247 2.91578 0 0 0 0.390404 2.45867 -1.11022e-16 0 0 0 0 0.0198912 2.384 303 50 3 3 0
./complex_md-fit_400.pdb BC A 7.35859 31.2044 -1.47779 -10.545 -11.6863 -24.4912 -0.872737 46.9217 -23.3138 10.6239 8.4662 3.18454 0 0 0 0.216858 2.71776 -0.0106501 0 0 0 0 0.0287027 2.384 303 54 4 4 0
./complex_md-fit_401.pdb BC A 7.43173 33.1077 -2.25758 -10.4979 -11.5442 -25.2163 -0.899888 48.6901 -24.2527 6.89144 9.58455 4.60272 0 0 0 0.373981 2.56446 0 0 0 0 0 0.0105933 2.384 303 52 3 3 0
./complex_md-fit_402.pdb BC A 7.28871 39.7216 -5.34671 -10.0953 -12.0078 -25.9192 -0.872325 48.7943 -25.1348 8.40702 7.64085 3.52187 0 0 0 0.294432 3.26455 -0.0103007 0 0 0 0 0.0344699 2.384 303 55 3 3 0
./complex_md-fit_403.pdb BC A 6.45639 29.6381 -3.31119 -9.74152 -11.3989 -25.9669 -0.711511 48.8168 -25.0415 6.77864 9.72889 3.82413 0 0 0 0.406425 4.5271 -0.011604 0 0 0 0 0.0057863 2.384 303 51 2 2 0
./complex_md-fit_404.pdb BC A 7.11318 35.1691 -8.1524 -11.5845 -10.772 -24.988 -0.80708 45.6334 -24.5196 4.57345 9.82628 4.06316 0 0 0 0.39654 3.57314 -1.11022e-16 0 0 0 0 0.0259047 2.384 303 53 1 1 0
./complex_md-fit_405.pdb BC A 8.6916 42.4956 -0.876577 -8.78792 -13.3169 -25.5779 -0.677497 48.0943 -24.5782 8.03723 10.1622 4.942 0 0 0 0.787045 5.81246 0.00314986 0 0 0 0 0.0360127 2.384 303 50 2 2 0
./complex_md-fit_406.pdb BC A 7.64454 26.2833 -6.14805 -9.9788 -8.67042 -25.5654 -0.681347 45.3205 -25.5085 6.31713 7.61956 4.66456 0 0 0 0.334674 2.93311 0 0 0 0 0 0 2.384 303 51 1 1 0
./complex_md-fit_407.pdb BC A 7.51854 37.0403 -6.48981 -9.0133 -13.9196 -24.9638 -0.789964 46.6676 -23.8554 5.49352 8.58715 4.29415 0 0 0 0.992294 3.82493 2.77556e-17 0 0 0 0 0.0175046 2.384 303 52 1 1 0
./complex_md-fit_408.pdb BC A 13.4866 35.5738 -9.23112 -11.7686 -17.4872 -25.4481 -0.956039 48.6309 -24.303 7.50124 10.4291 3.9139 0 0 0 0.234746 2.84207 -0.00933388 0 0 0 0 0.0312627 2.384 303 55 2 2 0
./complex_md-fit_409.pdb BC A 6.63337 35.8192 -6.92337 -11.3362 -11.849 -26.3645 -0.866107 48.084 -25.2536 7.14366 8.77133 4.26824 0 0 0 0.492311 3.5899 -0.0134827 0 0 0 0 0 2.384 303 54 1 1 0
./complex_md-fit_40.pdb BC A 7.22585 34.4587 -17.4782 -7.99517 -17.3398 -24.4765 -1.06379 42.1954 -24.4306 2.97931 9.17937 3.12477 0 0 0 0.36243 2.12262 -0.0135979 0 0 0 0 0 2.384 303 52 0 0 0
./complex_md-fit_410.pdb BC A 8.2466 34.2316 -3.15215 -11.0983 -12.6569 -24.6221 -0.941748 46.003 -23.4694 7.2919 10.4685 4.85384 0 0 0 1.00822 2.63588 0 0 0 0 0 0.0108244 2.384 303 54 1 1 0
./complex_md-fit_411.pdb BC A 7.28103 34.9601 -8.15482 -11.451 -15.1077 -26.8416 -0.67377 49.7603 -25.7758 9.18246 8.86091 3.33093 0 0 0 0.568027 3.19381 -0.0176094 0 0 0 0 0.0100924 2.384 303 52 2 2 0
./complex_md-fit_412.pdb BC A 6.42206 34.0574 3.70195 -5.92878 -9.15668 -26.0736 -0.790732 49.5866 -24.7676 9.20603 8.33995 3.16579 0 0 0 0.132806 3.95516 -0.0118811 0 0 0 0 0 2.384 303 52 4 4 0
./complex_md-fit_413.pdb BC A 6.3312 30.4934 -6.7194 -8.92488 -14.8925 -25.309 -0.709671 46.5435 -23.8464 7.84034 8.47171 3.77083 0 0 0 0.332096 2.72354 0 0 0 0 0 0.0045471 2.384 303 52 2 2 0
./complex_md-fit_414.pdb BC A 6.09343 42.3677 -0.704318 -9.43097 -10.0195 -25.3219 -0.797436 47.4123 -23.9247 8.50191 8.54707 3.66556 0 0 0 0.674489 2.58141 -0.0111014 0 0 0 0 0 2.384 303 55 1 1 0
./complex_md-fit_415.pdb BC A 8.71183 34.2893 -1.35304 -7.03004 -15.5469 -25.4546 -0.734161 48.0784 -24.5116 9.81189 8.54306 4.7155 0 0 0 0.759563 3.48492 0 0 0 0 0 0.0159301 2.384 303 53 3 3 0
./complex_md-fit_416.pdb BC A 8.22014 35.0063 -3.93332 -8.42669 -13.1285 -24.9207 -0.773515 47.5876 -23.3369 5.99487 8.10464 4.38051 0 0 0 0.585357 4.38694 1.11022e-16 0 0 0 0 0 2.384 303 53 1 1 0
./complex_md-fit_417.pdb BC A 6.05662 38.2314 -9.94874 -10.3766 -17.3428 -25.2482 -0.954395 47.6295 -24.2815 6.68603 9.066 4.40702 0 0 0 0.478617 2.87935 -0.0124675 0 0 0 0 0 2.384 303 53 1 1 0
./complex_md-fit_418.pdb BC A 9.76842 29.7996 -12.6069 -11.5041 -15.0231 -25.0452 -0.860463 46.2481 -24.4414 6.52574 7.41195 3.95426 0 0 0 0.131359 3.63957 -0.0140385 0 0 0 0 0.0100821 2.384 303 55 4 4 0
./complex_md-fit_419.pdb BC A 6.5673 32.1254 -8.22714 -8.57651 -13.7065 -24.5246 -0.996655 45.2828 -24.0921 4.74165 9.54289 3.55461 0 0 0 0.547322 3.81594 0 0 0 0 0 0 2.384 303 54 1 1 0
./complex_md-fit_41.pdb BC A 7.63674 35.1533 -11.1979 -6.85132 -11.7431 -23.2196 -0.831523 41.1477 -23.817 5.13168 6.86189 1.42229 0 0 0 0.695689 2.1607 0.00540253 0 0 0 0 0 2.384 303 50 0 0 0
./complex_md-fit_420.pdb BC A 10.2688 31.2934 -3.69482 -9.02419 -11.3098 -24.9394 -0.387898 46.7323 -24.2019 4.94705 9.75981 4.12748 0 0 0 0.584242 3.21086 -0.0112151 0 0 0 0 0.0288017 2.384 303 54 1 1 0
./complex_md-fit_421.pdb BC A 10.9522 32.8997 -9.62595 -8.73778 -13.3435 -24.595 -0.750148 44.5483 -24.0646 4.74711 8.47737 3.46373 0 0 0 0.628441 4.46433 0 0 0 0 0 0.00019973 2.384 303 54 1 1 0
./complex_md-fit_422.pdb BC A 11.8229 38.0233 -4.75532 -8.62887 -15.5848 -25.0934 -0.846932 47.5688 -24.117 7.39851 9.35879 4.62445 0 0 0 0.567824 5.95411 -0.00917881 0 0 0 0 0.00653042 2.384 303 56 2 2 0
./complex_md-fit_423.pdb BC A 8.90984 31.1375 -1.40047 -8.92397 -10.6921 -24.6193 -0.952039 47.8332 -23.8951 7.87097 8.61725 2.95204 0 0 0 0.398134 2.81465 0 0 0 0 0 0.0104853 2.384 303 53 2 2 0
./complex_md-fit_424.pdb BC A 7.51828 29.9519 -7.88994 -9.84012 -15.2197 -26.662 -0.877229 50.1469 -25.726 5.50594 9.81638 4.68294 0 0 0 0.271237 2.93885 1.11022e-16 0 0 0 0 0.0118081 2.384 303 55 0 0 0
./complex_md-fit_425.pdb BC A 8.345 42.3743 -9.0323 -9.22673 -16.161 -25.2166 -0.944333 46.8256 -24.1524 5.57318 9.21752 4.15649 0 0 0 0.881281 3.75187 -0.0110659 0 0 0 0 0.02572 2.384 303 55 1 1 0
./complex_md-fit_426.pdb BC A 8.45108 27.5334 -6.11478 -9.10612 -12.6566 -24.0706 -0.582903 44.527 -22.9572 5.51039 8.35563 3.8635 0 0 0 0.997489 3.49225 0 0 0 0 0 0.0046032 2.384 303 53 1 1 0
./complex_md-fit_427.pdb BC A 9.67708 33.8448 -8.67684 -9.72008 -15.8282 -24.9162 -0.863719 47.5294 -23.5471 3.92154 9.304 5.09961 0 0 0 0.347313 3.64631 -0.0116423 0 0 0 0 0.00819279 2.384 303 55 0 0 0
./complex_md-fit_428.pdb BC A 9.31179 38.6075 -5.06544 -10.7886 -13.4223 -24.6188 -0.591801 44.5872 -23.9999 9.83373 8.89407 4.69562 0 0 0 0.356173 3.01637 -0.0109101 0 0 0 0 0 2.384 303 54 2 2 0
./complex_md-fit_429.pdb BC A 7.03642 41.3068 -15.5718 -11.084 -17.266 -24.7673 -0.768807 44.4849 -23.6554 3.84107 10.4259 2.43271 0 0 0 0.796666 3.61379 -0.0115477 0 0 0 0 0 2.384 303 55 1 1 0
./complex_md-fit_42.pdb BC A 8.02976 36.9514 -18.8069 -8.54544 -15.2563 -24.3525 -0.737491 40.6792 -24.515 3.63427 6.90391 3.05808 0 0 0 0.336348 2.24066 -0.0119781 0 0 0 0 0 2.384 303 49 0 0 0
./complex_md-fit_430.pdb BC A 8.67349 36.044 -3.63291 -8.92991 -12.3702 -25.1768 -0.715269 48.0043 -24.1903 6.33883 8.83984 4.13168 0 0 0 0.447515 6.21386 -0.0125168 0 0 0 0 0 2.384 303 56 1 1 0
./complex_md-fit_431.pdb BC A 9.3351 33.4511 -0.843273 -9.06944 -14.1621 -25.7532 -0.828173 48.6678 -24.8043 9.62683 10.9557 4.08708 0 0 0 0.44599 4.38125 -0.00950472 0 0 0 0 0 2.384 303 56 4 4 0
./complex_md-fit_432.pdb BC A 7.38923 26.9557 -10.7709 -12.2598 -14.7036 -25.1155 -0.842898 44.8674 -24.174 6.1856 9.87159 5.06571 0 0 0 0.335729 3.03495 -0.0116786 0 0 0 0 0.010589 2.384 303 55 1 1 0
./complex_md-fit_433.pdb BC A 7.74232 37.5252 -9.51718 -9.56504 -12.7855 -24.5164 -0.662506 45.4584 -23.5116 3.48411 8.80887 3.20794 0 0 0 0.564479 4.56901 0 0 0 0 0 0 2.384 303 55 0 0 0
./complex_md-fit_434.pdb BC A 8.89843 33.2196 -3.37027 -10.7641 -13.0131 -25.9716 -0.708328 48.4029 -25.0246 8.373 9.78434 4.6504 0 0 0 0.904979 4.39199 -0.0103011 0 0 0 0 0.00606353 2.384 303 54 1 1 0
./complex_md-fit_435.pdb BC A 7.13449 40.5765 -7.846 -10.6582 -14.6024 -25.2584 -0.819172 47.6931 -24.2404 5.44214 9.63973 4.04677 0 0 0 0.900875 3.0309 -5.55112e-17 0 0 0 0 0.00986855 2.384 303 57 1 1 0
./complex_md-fit_436.pdb BC A 10.1111 25.1617 -9.13639 -10.4319 -12.5945 -24.688 -0.687916 46.3216 -23.7681 5.0206 8.31973 2.9565 0 0 0 0.416221 2.66489 -0.0115102 0 0 0 0 0.0108382 2.384 303 50 0 0 0
./complex_md-fit_437.pdb BC A 8.49389 42.5556 2.49182 -7.19452 -9.97302 -22.8945 -0.614822 42.6524 -21.9355 9.07624 9.5155 3.39467 0 0 0 0.445038 4.34316 0.0191515 0 0 0 0 0.00115805 2.384 303 54 2 2 0
./complex_md-fit_438.pdb BC A 5.98731 36.201 -7.20387 -9.89585 -11.0924 -23.3043 -0.732222 41.8237 -22.4085 5.79058 8.90886 3.26136 0 0 0 0.416432 2.5744 -0.0108529 0 0 0 0 0.0392089 2.384 303 53 2 2 0
./complex_md-fit_439.pdb BC A 8.39611 30.2202 -7.83181 -8.74698 -13.2026 -24.1862 -0.808977 43.8505 -23.2668 4.72458 9.22733 3.71254 0 0 0 0.838059 2.71755 -0.0093107 0 0 0 0 0.0359895 2.384 303 56 1 1 0
./complex_md-fit_43.pdb BC A 8.32238 42.3391 -13.0047 -7.86884 -14.1171 -22.7417 -1.11898 39.7779 -22.5604 5.02432 8.15179 2.06451 0 0 0 0.378684 1.74614 0 0 0 0 0 0.00513319 2.384 303 49 0 0 0
./complex_md-fit_440.pdb BC A 9.76889 30.5429 -3.30668 -7.7693 -9.60479 -22.5904 -0.526932 41.8977 -22.0244 5.52295 8.01384 3.48584 0 0 0 0.268653 2.77114 0 0 0 0 0 0.0200959 2.384 303 55 1 1 0
./complex_md-fit_441.pdb BC A 11.2197 40.3518 -5.73317 -10.4522 -16.1432 -25.2639 -0.743816 48.5235 -23.9501 7.10302 11.0101 3.75143 0 0 0 0.4057 4.0052 0.0161667 0 0 0 0 0.0100593 2.384 303 59 0 0 0
./complex_md-fit_442.pdb BC A 7.78912 33.4524 -1.99626 -10.2645 -11.6915 -25.6102 -0.676822 47.7843 -24.7043 9.34406 9.89024 3.51835 0 0 0 0.403189 3.48192 -0.00965195 0 0 0 0 0.0205542 2.384 303 52 3 3 0
./complex_md-fit_443.pdb BC A 7.92297 35.4734 -7.1054 -12.0861 -13.8581 -25.3642 -0.682025 47.6456 -24.5922 6.95946 10.5739 3.69784 0 0 0 0.602282 2.81043 -0.0110977 0 0 0 0 0.00927525 2.384 303 54 1 1 0
./complex_md-fit_444.pdb BC A 7.70979 32.3793 -1.98845 -11.0298 -12.3831 -26.0698 -0.561847 50.0493 -24.9612 6.74504 10.0034 5.33904 0 0 0 0.880594 3.05369 0 0 0 0 0 0 2.384 303 56 1 1 0
./complex_md-fit_445.pdb BC A 7.13293 39.3527 -2.64907 -9.08413 -12.0374 -24.8795 -0.903152 47.7752 -23.6497 6.62791 9.46862 3.46024 0 0 0 0.553714 3.59211 -0.00983701 0 0 0 0 0.0290601 2.384 303 58 2 2 0
./complex_md-fit_446.pdb BC A 8.9059 30.3461 -2.987 -11.0852 -13.2041 -25.6851 -0.721024 50.5053 -24.5356 5.2131 10.3585 5.74243 0 0 0 0.447604 3.1259 -0.0281109 0 0 0 0 0.00517937 2.384 303 55 0 0 0
./complex_md-fit_447.pdb BC A 7.40837 33.5263 -1.77319 -8.52766 -9.55231 -24.4928 -0.529398 44.5178 -24.067 7.07219 8.88285 4.31792 0 0 0 0.60572 2.92017 -0.0171004 0 0 0 0 0.0165435 2.384 303 54 0 0 0
./complex_md-fit_448.pdb BC A 7.7126 25.0509 -5.34833 -10.0707 -13.4069 -24.1233 -0.86337 46.9343 -22.6608 7.27316 8.88847 2.54494 0 0 0 0.145172 2.70495 -0.00922904 0 0 0 0 0 2.384 303 54 3 3 0
./complex_md-fit_449.pdb BC A 11.9165 35.5271 -2.35957 -10.7616 -11.5564 -25.5763 -0.54162 47.6967 -24.3418 8.77862 9.0701 4.68594 0 0 0 0.197816 3.44373 -0.0152829 0 0 0 0 0.00427726 2.384 303 57 1 1 0
./complex_md-fit_44.pdb BC A 6.14721 43.096 -16.1808 -7.97886 -16.2575 -24.5626 -0.907825 42.3582 -24.9161 3.46672 9.00801 3.23465 0 0 0 0.331997 2.26465 0.0424736 0 0 0 0 0 2.384 303 52 0 0 0
./complex_md-fit_450.pdb BC A 6.91623 36.8844 3.76227 -8.38661 -10.2567 -25.3482 -0.86582 48.7431 -24.0104 9.2389 10.4754 3.61903 0 0 0 0.56023 3.62792 -0.0115851 0 0 0 0 0.00502464 2.384 303 58 4 4 0
./complex_md-fit_451.pdb BC A 6.39009 33.1757 -4.17579 -11.1801 -14.2227 -25.9824 -0.683386 47.873 -25.3177 8.44974 10.9568 4.97931 0 0 0 0.951297 4.54908 0 0 0 0 0 0.000205942 2.384 303 57 2 2 0
./complex_md-fit_452.pdb BC A 7.29739 34.1439 -0.0188482 -10.8079 -12.6536 -24.5742 -0.753089 47.8688 -23.5515 9.66379 9.83214 4.62339 0 0 0 0.32722 2.94001 -1.38778e-17 0 0 0 0 0.00617865 2.384 303 56 2 2 0
./complex_md-fit_453.pdb BC A 9.32624 33.1148 -3.3658 -9.12103 -15.001 -25.1694 -0.900085 48.952 -23.9491 6.8234 10.7384 3.85813 0 0 0 0.385211 3.5953 0 0 0 0 0 0.0177378 2.384 303 54 1 1 0
./complex_md-fit_454.pdb BC A 7.27759 33.9933 -8.79745 -8.75112 -11.4045 -24.621 -0.791911 43.7775 -24.0105 4.27866 8.02128 4.54033 0 0 0 0.157625 3.04458 -0.0103563 0 0 0 0 0.0165076 2.384 303 54 2 2 0
./complex_md-fit_455.pdb BC A 7.82886 31.0299 -5.03216 -8.87965 -11.0047 -25.4229 -0.595041 47.8683 -24.6918 4.57342 9.16617 3.80462 0 0 0 0.14695 3.41043 -0.0101124 0 0 0 0 0.0125453 2.384 303 53 1 1 0
./complex_md-fit_456.pdb BC A 8.85985 37.9747 -7.66483 -10.9437 -9.11272 -25.4909 -0.480326 45.6426 -24.8852 4.70465 8.51069 3.90089 0 0 0 0.46456 3.26454 -0.00950705 0 0 0 0 0.034039 2.384 303 55 1 1 0
./complex_md-fit_457.pdb BC A 8.65214 34.6491 -5.50736 -10.4586 -12.1136 -26.2876 -0.686895 47.8173 -24.8931 7.37653 8.15382 5.06079 0 0 0 0.473363 4.33317 0 0 0 0 0 0.0506075 2.384 303 55 1 1 0
./complex_md-fit_458.pdb BC A 8.70868 26.1544 -5.17613 -8.90021 -11.6291 -24.1526 -0.769233 44.9241 -23.4313 6.40422 8.52545 3.65248 0 0 0 0.188114 3.03625 -0.00923741 0 0 0 0 0.0210719 2.384 303 52 1 1 0
./complex_md-fit_459.pdb BC A 11.0857 31.656 -0.365687 -9.1931 -9.6953 -25.0827 -0.585741 47.668 -24.0257 7.09902 9.05041 4.13693 0 0 0 0.249808 3.2806 -0.0134843 0 0 0 0 0.0261983 2.384 303 51 2 2 0
./complex_md-fit_45.pdb BC A 8.10901 38.5581 -15.1072 -6.36543 -14.5369 -23.952 -1.00327 40.7618 -24.1198 5.05952 7.58673 1.23758 0 0 0 0.203544 3.47073 0.0203988 0 0 0 0 0.000655006 2.384 303 48 0 0 0
./complex_md-fit_460.pdb BC A 10.5203 31.375 -0.580455 -6.43384 -13.3405 -25.1292 -0.801391 47.6572 -23.802 7.34345 9.59341 3.56094 0 0 0 0.742118 4.70933 0 0 0 0 0 0.0293845 2.384 303 58 1 1 0
./complex_md-fit_461.pdb BC A 9.79773 29.2004 -9.79225 -10.5798 -12.9157 -24.4944 -0.894568 44.4688 -23.5586 3.56659 10.6005 3.42341 0 0 0 0.587872 2.52544 -0.013529 0 0 0 0 0.0170401 2.384 303 52 1 1 0
./complex_md-fit_462.pdb BC A 9.19044 36.1371 -3.18878 -8.89315 -10.5437 -24.1121 -0.802057 43.0152 -23.5563 8.69437 8.4488 3.92346 0 0 0 0.585535 2.9669 0.0203177 0 0 0 0 0.0308334 2.384 303 50 2 2 0
./complex_md-fit_463.pdb BC A 8.38505 35.2499 -6.14219 -9.17583 -8.9886 -23.9008 -0.480962 42.8896 -23.3142 5.48016 7.52237 3.61406 0 0 0 0.214784 2.61294 -0.0126254 0 0 0 0 0.0099022 2.384 303 55 0 0 0
./complex_md-fit_464.pdb BC A 6.33078 30.6305 -5.03377 -10.1127 -10.3654 -24.2026 -0.778342 42.6874 -23.3011 7.73088 7.74433 5.06639 0 0 0 0.46453 2.71818 0 0 0 0 0 0.0328888 2.384 303 52 2 2 0
./complex_md-fit_465.pdb BC A 8.95966 28.2007 -8.63522 -8.50811 -11.4416 -23.7655 -0.824371 43.3833 -22.7047 4.18679 7.43407 3.38137 0 0 0 0.205338 2.79473 -0.0109084 0 0 0 0 0.0292248 2.384 303 53 0 0 0
./complex_md-fit_466.pdb BC A 10.4174 33.0498 -12.2371 -9.74258 -11.5789 -23.2324 -0.616909 40.5417 -22.3214 3.73425 7.17378 3.23674 0 0 0 0.542958 4.45593 0 0 0 0 0 0.0256515 2.384 303 53 1 1 0
./complex_md-fit_467.pdb BC A 6.05 28.9803 -8.32693 -9.43637 -9.52157 -24.2647 -0.490847 43.1745 -23.998 4.77629 6.62464 4.17078 0 0 0 0.601903 2.89153 0.015456 0 0 0 0 0.0210437 2.384 303 52 1 1 0
./complex_md-fit_468.pdb BC A 8.39764 32.5696 -10.6254 -11.6359 -12.1519 -25.3601 -0.656925 45.1431 -25.2774 4.94134 10.1623 3.7275 0 0 0 0.437817 3.588 0.0149475 0 0 0 0 0.0297899 2.384 303 52 1 1 0
./complex_md-fit_469.pdb BC A 7.64259 38.4527 -11.196 -10.4008 -11.7809 -23.0562 -0.510434 40.4426 -22.8487 2.84332 8.76526 5.02106 0 0 0 0.314028 2.90545 -2.77556e-17 0 0 0 0 0.0147283 2.384 303 50 1 1 0
./complex_md-fit_46.pdb BC A 6.97655 33.3439 -10.3423 -5.69169 -10.7258 -23.0112 -0.483885 40.3642 -23.3688 3.19931 6.71861 2.11693 0 0 0 0.549845 2.22143 -0.00982912 0 0 0 0 0 2.384 303 46 1 1 0
./complex_md-fit_470.pdb BC A 10.1737 33.7112 -5.89333 -6.64074 -12.783 -25.2578 -0.983142 46.379 -24.4233 5.45208 7.50209 3.81406 0 0 0 1.04249 5.6371 -0.00998554 0 0 0 0 0.0150043 2.384 303 53 0 0 0
./complex_md-fit_471.pdb BC A 8.37005 31.2426 -6.4939 -10.2367 -9.57028 -23.5988 -0.594162 41.8177 -23.3899 6.92527 7.59816 4.22831 0 0 0 0.288071 2.46583 0 0 0 0 0 0.0384405 2.384 303 53 0 0 0
./complex_md-fit_472.pdb BC A 6.13144 38.2348 -9.41208 -10.1602 -13.0938 -24.9666 -0.777426 45.859 -24.3761 5.16306 7.75212 4.35219 0 0 0 0.798664 3.64847 0 0 0 0 0 0.0368484 2.384 303 53 1 1 0
./complex_md-fit_473.pdb BC A 8.31262 30.5753 -5.73823 -10.0362 -10.0068 -23.7723 -0.650023 41.6111 -23.2734 8.14952 7.27268 4.44174 0 0 0 0.50726 4.08277 -1.11022e-16 0 0 0 0 0.0181087 2.384 303 51 2 2 0
./complex_md-fit_474.pdb BC A 8.45449 33.2056 -2.33385 -8.91029 -10.3962 -23.5112 -0.844733 43.385 -22.7406 8.8883 8.19108 3.2851 0 0 0 0.283229 4.00764 0 0 0 0 0 0.0364132 2.384 303 51 4 4 0
./complex_md-fit_475.pdb BC A 6.12396 33.1829 -6.29179 -9.83948 -9.80707 -25.9612 -0.829845 46.6235 -25.1491 7.00789 7.71803 3.32976 0 0 0 0.615712 3.05698 0 0 0 0 0 0 2.384 303 49 2 2 0
./complex_md-fit_476.pdb BC A 8.81009 34.418 -1.49497 -7.40802 -10.7154 -25.1933 -0.78286 47.6196 -24.3649 8.4317 6.58401 4.05745 0 0 0 0.266817 3.96284 -0.010734 0 0 0 0 0.0205645 2.384 303 53 2 2 0
./complex_md-fit_477.pdb BC A 8.4348 31.2958 -11.9117 -10.242 -15.0168 -25.461 -0.798363 44.0397 -24.8775 5.20241 9.20691 5.36354 0 0 0 0.671294 4.24754 0 0 0 0 0 0 2.384 303 53 1 1 0
./complex_md-fit_478.pdb BC A 9.00775 32.1456 -3.75156 -8.72217 -11.583 -24.8374 -0.776801 45.928 -24.4456 7.92029 7.70839 4.21284 0 0 0 0.807137 2.85902 0.017519 0 0 0 0 0.0191547 2.384 303 53 1 1 0
./complex_md-fit_479.pdb BC A 6.30854 35.6635 -7.95152 -10.191 -12.2451 -24.9205 -0.789187 43.4295 -24.4029 7.32471 9.37487 3.91327 0 0 0 0.533788 3.0457 0.00602873 0 0 0 0 0.0149266 2.384 303 52 2 2 0
./complex_md-fit_47.pdb BC A 7.49981 35.0085 -11.6286 -7.94465 -15.0965 -24.0933 -0.97432 43.3817 -23.6402 4.34933 9.37543 2.38398 0 0 0 0.629886 2.19861 0 0 0 0 0 0 2.384 303 50 0 0 0
./complex_md-fit_480.pdb BC A 8.0323 32.6593 -14.5225 -9.96898 -12.0524 -24.2985 -0.446142 43.2416 -23.8667 1.17311 7.53223 3.81304 0 0 0 0.323232 3.06409 0 0 0 0 0 0.0270334 2.384 303 54 0 0 0
./complex_md-fit_481.pdb BC A 7.15399 43.2751 -5.39011 -7.69424 -11.6216 -24.0857 -0.705142 44.2406 -23.3734 7.14106 6.31904 4.03372 0 0 0 0.32807 3.12694 0 0 0 0 0 0.0275521 2.384 303 52 1 1 0
./complex_md-fit_482.pdb BC A 7.48299 35.3681 -10.0129 -10.5398 -11.9638 -25.3421 -0.874554 45.9813 -24.5108 4.47337 8.88667 3.47488 0 0 0 0.388848 3.40105 0 0 0 0 0 0.0130013 2.384 303 52 0 0 0
./complex_md-fit_483.pdb BC A 11.0227 37.3817 -0.639012 -8.25268 -9.13949 -24.8182 -0.720011 46.9285 -24.5299 7.67626 7.925 3.8418 0 0 0 0.412294 2.7129 0 0 0 0 0 0.0373766 2.384 303 53 2 2 0
./complex_md-fit_484.pdb BC A 7.0062 31.7769 -7.9611 -8.69959 -11.6319 -24.3409 -0.749382 42.6699 -24.0898 6.93896 9.01859 2.74832 0 0 0 0.144506 2.5691 0 0 0 0 0 0.0302392 2.384 303 50 2 2 0
./complex_md-fit_485.pdb BC A 7.56826 34.0844 -9.52727 -11.1286 -11.7652 -24.5366 -0.625309 43.4959 -23.8478 4.92295 8.40725 5.00644 0 0 0 0.515402 3.14854 0 0 0 0 0 0.0282589 2.384 303 50 0 0 0
./complex_md-fit_486.pdb BC A 10.362 36.7775 -10.8461 -9.05603 -13.5423 -24.3165 -0.643879 43.3879 -24.2654 5.61323 7.78764 3.9011 0 0 0 0.281406 2.95795 -0.0104978 0 0 0 0 0.0171541 2.384 303 53 1 1 0
./complex_md-fit_487.pdb BC A 7.34823 38.2947 -9.52682 -8.77577 -11.2235 -24.9128 -0.737989 44.7862 -24.2046 4.08157 8.10708 3.25454 0 0 0 0.0823515 2.6687 0 0 0 0 0 0.0160392 2.384 303 51 0 0 0
./complex_md-fit_488.pdb BC A 7.27689 39.8811 -7.11005 -8.98385 -14.186 -24.9848 -0.770442 45.4906 -24.0676 5.90971 9.22322 4.80622 0 0 0 0.424221 4.27083 0 0 0 0 0 0.0288107 2.384 303 50 1 1 0
./complex_md-fit_489.pdb BC A 6.87697 38.0314 -9.80587 -9.34644 -14.5592 -24.698 -0.552451 43.5692 -24.1513 5.09169 8.79158 5.80699 0 0 0 0.200091 3.03212 0 0 0 0 0 0.0419749 2.384 303 53 0 0 0
./complex_md-fit_48.pdb BC A 5.983 39.6177 -13.2416 -6.23963 -16.8403 -23.3497 -0.903755 41.0192 -23.2786 4.7127 9.36668 1.94781 0 0 0 0.283351 1.90292 0.0315052 0 0 0 0 0.00904614 2.384 303 49 1 1 0
./complex_md-fit_490.pdb BC A 8.52827 32.7382 0.607749 -8.04818 -8.07371 -23.958 -0.733433 44.2611 -22.9624 8.70792 8.48062 2.45211 0 0 0 0.455058 4.50783 -0.0112583 0 0 0 0 0.0380424 2.384 303 53 4 4 0
./complex_md-fit_491.pdb BC A 8.38831 32.634 2.26145 -8.88592 -7.81226 -24.9125 -0.717058 45.6312 -24.3943 9.71679 8.18887 5.06963 0 0 0 0.36527 2.42791 0 0 0 0 0 0.011827 2.384 303 52 3 3 0
./complex_md-fit_492.pdb BC A 8.90128 32.2292 -6.26646 -9.68167 -9.05167 -24.8339 -0.508232 44.7781 -24.2984 7.05732 6.39616 3.21667 0 0 0 0.633272 3.99905 -0.0107659 0 0 0 0 0.0366974 2.384 303 51 1 1 0
./complex_md-fit_493.pdb BC A 9.18947 35.0567 -6.78829 -9.19017 -12.2803 -24.5271 -0.831195 43.882 -24.0059 7.36946 7.73847 4.28939 0 0 0 0.74791 2.53474 0 0 0 0 0 0.0191069 2.384 303 51 1 1 0
./complex_md-fit_494.pdb BC A 9.07174 28.7969 -3.7215 -9.00021 -11.2648 -25.1365 -0.709498 46.408 -24.6013 7.32402 8.3641 4.79788 0 0 0 0.0845881 3.07328 0 0 0 0 0 0.0121868 2.384 303 53 2 2 0
./complex_md-fit_495.pdb BC A 8.5695 26.8963 -5.28853 -8.41802 -13.2571 -24.6099 -0.734771 42.8103 -24.1427 10.3533 8.5497 3.96803 0 0 0 0.165925 2.77405 0 0 0 0 0 0.0268407 2.384 303 48 4 4 0
./complex_md-fit_496.pdb BC A 8.55154 34.0574 -8.36562 -10.1537 -12.9453 -25.4251 -0.537172 44.2573 -24.9363 7.6673 8.45306 4.87461 0 0 0 0.360758 2.93925 1.11022e-16 0 0 0 0 0.0190372 2.384 303 52 2 2 0
./complex_md-fit_497.pdb BC A 9.90808 35.5659 -7.89439 -10.7175 -10.873 -24.3279 -0.556815 43.3356 -23.7021 6.38173 9.21775 3.1924 0 0 0 0.164757 2.5937 -0.00933437 0 0 0 0 0 2.384 303 51 1 1 0
./complex_md-fit_498.pdb BC A 9.04189 32.4843 -10.6056 -11.7736 -14.6871 -25.0725 -0.979733 46.2096 -24.4094 6.45871 9.86492 3.64355 0 0 0 0.125026 2.91532 0 0 0 0 0 0.0149432 2.384 303 50 2 2 0
./complex_md-fit_499.pdb BC A 7.21915 34.9323 -8.35361 -7.66976 -11.3168 -24.4405 -0.791538 44.2903 -23.8662 3.83261 7.65052 3.77109 0 0 0 0.173979 2.67068 0 0 0 0 0 0.0127573 2.384 303 49 1 1 0
./complex_md-fit_49.pdb BC A 7.27666 42.0541 -7.41246 -6.69744 -12.6665 -23.8137 -0.88441 43.2998 -23.0979 4.96912 7.62297 3.45821 0 0 0 0.303972 3.38046 0.0288834 0 0 0 0 0.0645389 2.384 303 48 0 0 0
./complex_md-fit_4.pdb BC A 7.84445 37.7634 -13.8797 -8.48008 -13.2274 -24.6344 -0.889288 40.6837 -24.5487 5.7455 7.75979 2.90523 0 0 0 0.804142 3.43279 0 0 0 0 0 0.00179243 2.384 303 50 2 2 0
./complex_md-fit_500.pdb BC A 8.95347 33.0007 -8.38267 -11.1835 -9.96006 -24.0442 -0.750643 43.019 -23.3325 5.01224 7.99523 4.61852 0 0 0 0.252505 3.20265 -0.00923683 0 0 0 0 0 2.384 303 49 1 1 0
./complex_md-fit_501.pdb BC A 8.52921 36.7763 -3.90088 -9.93062 -8.8572 -23.8703 -0.722327 42.6948 -23.5049 7.24023 7.89145 4.90477 0 0 0 0.241236 2.73278 -0.0127694 0 0 0 0 0.0247452 2.384 303 52 0 0 0
./complex_md-fit_502.pdb BC A 6.07495 29.9567 -5.67007 -9.16476 -12.1354 -23.814 -0.790432 44.2661 -23.2559 7.42546 6.3382 5.02396 0 0 0 0.38466 3.86964 0 0 0 0 0 0.0521356 2.384 303 55 0 0 0
./complex_md-fit_503.pdb BC A 8.47591 30.7078 -7.48108 -8.62738 -9.13011 -23.1423 -0.501273 39.5194 -22.9331 5.9371 7.95695 3.18369 0 0 0 0.223612 2.71179 0 0 0 0 0 0.0323217 2.384 303 52 3 3 0
./complex_md-fit_504.pdb BC A 7.95478 29.4155 -8.68795 -7.91562 -12.5148 -22.6382 -0.657377 39.4849 -22.3286 8.29956 7.55356 1.90984 0 0 0 0.0943461 2.98849 0 0 0 0 0 0.0243739 2.384 303 50 1 1 0
./complex_md-fit_505.pdb BC A 8.37 37.2782 -10.464 -10.1174 -12.5687 -23.0241 -0.65168 39.7936 -22.5554 6.55291 7.6635 3.86894 0 0 0 0.552312 2.74989 0 0 0 0 0 0.021948 2.384 303 52 1 1 0
./complex_md-fit_506.pdb BC A 8.55629 31.3335 -12.2973 -8.37183 -13.5094 -22.8979 -0.813623 39.0987 -22.4797 3.99171 8.86333 3.17482 0 0 0 0.627413 5.21693 5.55112e-17 0 0 0 0 0.0191393 2.384 303 47 0 0 0
./complex_md-fit_507.pdb BC A 7.75597 31.0713 -7.25207 -8.56415 -9.69911 -23.9237 -0.793453 43.0128 -23.3231 5.58822 7.74381 2.3559 0 0 0 0.336832 3.72227 -0.00994562 0 0 0 0 0.0238198 2.384 303 53 0 0 0
./complex_md-fit_508.pdb BC A 8.96689 36.0275 -2.37625 -6.70314 -12.5489 -24.4407 -0.943664 44.4417 -24.4428 9.46276 8.93148 3.58053 0 0 0 0.273435 3.72746 0 0 0 0 0 0.0132037 2.384 303 50 1 1 0
./complex_md-fit_509.pdb BC A 8.77894 30.0551 -6.13427 -8.7596 -13.9744 -24.957 -0.914257 46.26 -23.8075 8.08642 7.98172 3.5814 0 0 0 0.343081 3.06301 5.55112e-17 0 0 0 0 0.0258989 2.384 303 52 2 2 0
./complex_md-fit_50.pdb BC A 7.67943 29.3134 -10.9087 -7.8081 -14.6841 -23.7301 -1.11412 43.133 -23.2406 5.58534 8.74636 1.68457 0 0 0 0.523691 2.30017 -0.0116739 0 0 0 0 0.00709739 2.384 303 46 1 1 0
./complex_md-fit_510.pdb BC A 8.8917 36.995 -7.31629 -8.71624 -13.5492 -24.8382 -0.968941 46.3094 -23.9452 7.52007 8.20804 2.50772 0 0 0 0.120754 6.09566 0 0 0 0 0 0.0355018 2.384 303 52 2 2 0
./complex_md-fit_511.pdb BC A 9.07764 29.6946 -5.63476 -8.1289 -8.64654 -24.4495 -0.632243 43.5176 -24.2208 6.99507 5.66004 3.22777 0 0 0 1.0133 2.56445 1.11022e-16 0 0 0 0 0.0294973 2.384 303 51 0 0 0
./complex_md-fit_512.pdb BC A 9.69167 26.6714 -6.67048 -8.3126 -11.2619 -24.7446 -0.735487 46.0248 -23.9435 5.19286 7.92907 2.98852 0 0 0 0.208127 4.23648 -0.0158278 0 0 0 0 0 2.384 303 51 0 0 0
./complex_md-fit_513.pdb BC A 6.65376 35.6877 -6.83694 -9.07008 -12.396 -24.5265 -0.903102 46.1249 -23.9169 4.57221 8.70947 4.01434 0 0 0 0.534022 4.13117 0 0 0 0 0 0.0207127 2.384 303 52 0 0 0
./complex_md-fit_514.pdb BC A 8.91161 35.6992 -3.77238 -9.29348 -7.18768 -24.703 -0.553443 44.867 -24.0481 5.56912 7.88648 3.37377 0 0 0 0.309137 2.79147 -0.0123902 0 0 0 0 0.0202654 2.384 303 50 0 0 0
./complex_md-fit_515.pdb BC A 7.75805 34.7588 -8.20273 -7.10399 -14.4028 -25.1425 -0.47905 45.8388 -24.589 4.80137 9.81373 2.63575 0 0 0 0.417639 2.71734 -0.0107218 0 0 0 0 0.0180748 2.384 303 54 1 1 0
./complex_md-fit_516.pdb BC A 11.2802 25.2253 -6.60876 -8.62416 -11.4444 -24.6088 -0.744609 45.2123 -24.2698 5.48993 8.23367 3.6768 0 0 0 0.470366 3.48341 -2.77556e-17 0 0 0 0 0 2.384 303 52 2 2 0
./complex_md-fit_517.pdb BC A 7.4748 32.1218 -6.74882 -11.4326 -12.6657 -25.869 -0.953661 46.7213 -24.8706 9.23015 9.6395 3.31921 0 0 0 0.126096 2.87939 0 0 0 0 0 0.00631773 2.384 303 53 3 3 0
./complex_md-fit_518.pdb BC A 10.6144 30.4431 -9.24209 -8.28866 -13.3372 -25.4686 -0.846205 46.54 -24.9623 4.60588 8.3055 3.60442 0 0 0 0.609376 3.06837 -0.0114762 0 0 0 0 0.00716779 2.384 303 53 1 1 0
./complex_md-fit_519.pdb BC A 10.3497 26.7322 -3.18661 -10.4794 -11.0248 -25.075 -0.651992 47.1402 -23.8756 7.72875 8.19685 4.56404 0 0 0 0.309683 3.7185 -0.0486171 0 0 0 0 0.029249 2.384 303 49 1 1 0
./complex_md-fit_51.pdb BC A 7.46271 38.702 -15.2696 -9.13704 -14.1163 -24.3522 -1.11965 42.6641 -23.8339 2.49545 9.01226 2.7398 0 0 0 0.318991 2.2063 0.0588088 0 0 0 0 0 2.384 303 51 0 0 0
./complex_md-fit_520.pdb BC A 10.1407 40.6402 -7.72057 -10.4258 -13.0915 -24.5889 -0.704125 45.2282 -24.0322 7.98474 8.06145 3.68886 0 0 0 0.127173 2.72489 0 0 0 0 0 0.0315247 2.384 303 54 2 2 0
./complex_md-fit_521.pdb BC A 10.4573 29.268 -15.2923 -11.0412 -16.0139 -25.1169 -0.686535 46.0181 -24.3842 2.50806 10.156 2.92593 0 0 0 0.327996 3.38609 -0.0103141 0 0 0 0 0.0246779 2.384 303 52 0 0 0
./complex_md-fit_522.pdb BC A 8.3338 38.6217 -11.7986 -10.686 -13.9988 -24.9394 -0.868286 46.1778 -24.2102 3.73888 8.90204 3.73351 0 0 0 0.342805 3.23399 0 0 0 0 0 0.00906644 2.384 303 52 0 0 0
./complex_md-fit_523.pdb BC A 7.36319 36.292 -6.60428 -9.2654 -12.6705 -25.3385 -0.829042 46.2578 -24.414 6.49056 8.08092 4.13609 0 0 0 0.935825 3.30331 -0.0181087 0 0 0 0 0.0300414 2.384 303 51 1 1 0
./complex_md-fit_524.pdb BC A 8.94018 31.2943 -14.7833 -9.97835 -11.3714 -23.6932 -0.593053 39.3059 -24.0961 4.00539 7.84851 3.6845 0 0 0 0.0940689 3.89871 0 0 0 0 0 0.0103939 2.384 303 52 0 0 0
./complex_md-fit_525.pdb BC A 7.1824 41.2691 -9.37509 -10.3311 -10.9231 -23.854 -0.809742 41.0172 -23.7396 6.98846 8.06248 3.82765 0 0 0 0.384323 2.97299 -0.0101105 0 0 0 0 0.0123395 2.384 303 51 3 3 0
./complex_md-fit_526.pdb BC A 6.5262 25.6944 -9.23289 -9.0316 -13.94 -24.2074 -1.00012 44.1374 -23.3381 6.41882 8.44694 2.95158 0 0 0 0.256576 3.09003 0 0 0 0 0 0.0730557 2.384 303 50 0 0 0
./complex_md-fit_527.pdb BC A 7.86013 33.8579 -1.97153 -7.21115 -10.5236 -23.8053 -0.632855 43.6229 -23.1578 6.84504 8.29537 3.95455 0 0 0 0.627675 3.18215 -0.0104966 0 0 0 0 0.0241577 2.384 303 51 2 2 0
./complex_md-fit_528.pdb BC A 9.75439 37.8218 -3.70393 -6.74595 -11.1624 -25.4757 -0.525601 47.3916 -24.5516 4.06209 9.95772 3.10084 0 0 0 0.21878 5.60025 0 0 0 0 0 0.026215 2.384 303 51 0 0 0
./complex_md-fit_529.pdb BC A 6.91626 41.9745 -8.30611 -10.2892 -14.9556 -25.6537 -0.828235 48.3208 -24.5569 6.79796 9.24014 2.68765 0 0 0 0.912926 2.85925 -0.00934349 0 0 0 0 0.0273227 2.384 303 53 0 0 0
./complex_md-fit_52.pdb BC A 7.82007 32.4452 -13.8942 -7.38398 -14.8084 -22.7062 -0.812876 40.9352 -22.1556 2.26537 8.26111 2.01119 0 0 0 0.493735 2.49417 0 0 0 0 0 0.00627796 2.384 303 52 0 0 0
./complex_md-fit_530.pdb BC A 7.43175 29.4415 -8.12635 -10.6306 -14.4601 -26.3773 -0.584813 48.3381 -25.7778 6.00876 9.44058 5.05288 0 0 0 0.861503 2.81159 -0.0146737 0 0 0 0 0.0170058 2.384 303 54 0 0 0
./complex_md-fit_531.pdb BC A 8.18418 36.4286 -5.75894 -10.6314 -13.0068 -25.8238 -0.667778 46.3578 -25.4039 6.90708 10.2001 5.66298 0 0 0 0.639636 3.58503 -0.0113031 0 0 0 0 0.0183604 2.384 303 57 3 3 0
./complex_md-fit_532.pdb BC A 6.46697 25.3621 -6.70181 -8.28425 -12.8967 -25.7103 -0.830874 46.3139 -25.3337 5.27332 10.1212 4.11337 0 0 0 0.54884 4.23316 -0.0167565 0 0 0 0 0 2.384 303 49 1 1 0
./complex_md-fit_533.pdb BC A 8.49733 32.2665 0.194317 -9.4569 -9.55969 -24.7437 -0.490158 45.1924 -24.4733 10.5316 9.32291 3.66773 0 0 0 0.18766 3.31475 -0.00916827 0 0 0 0 0.0249201 2.384 303 51 3 3 0
./complex_md-fit_534.pdb BC A 6.41144 32.651 -3.89258 -7.9998 -9.27776 -24.4081 -0.521895 42.9711 -24.2367 6.55587 7.44913 4.46019 0 0 0 1.11923 2.85744 -0.0224281 0 0 0 0 0.0185594 2.384 303 50 3 3 0
./complex_md-fit_535.pdb BC A 10.0278 36.3038 -7.48372 -8.9969 -12.0602 -24.6807 -0.7944 43.8768 -24.1889 7.5073 8.6241 3.06572 0 0 0 0.164594 2.56269 -0.0185409 0 0 0 0 0.017381 2.384 303 52 1 1 0
./complex_md-fit_536.pdb BC A 6.76538 32.7366 -7.83155 -6.91205 -12.969 -24.0257 -0.655214 42.4659 -23.4371 4.86208 8.40098 4.17438 0 0 0 0.201783 2.90984 0 0 0 0 0 0.0623645 2.384 303 52 1 1 0
./complex_md-fit_537.pdb BC A 9.63923 33.6818 -7.65594 -6.23415 -14.1677 -24.6311 -0.698611 43.3765 -23.5913 6.15307 8.63723 3.13122 0 0 0 0.341673 4.54754 0 0 0 0 0 0.0272105 2.384 303 55 1 1 0
./complex_md-fit_538.pdb BC A 7.57054 35.1515 -6.13624 -7.26891 -13.3128 -25.0127 -0.628237 45.2499 -24.1891 5.67387 8.63034 4.28838 0 0 0 0.358586 2.74375 0 0 0 0 0 0.074434 2.384 303 55 0 0 0
./complex_md-fit_539.pdb BC A 9.60481 29.429 -12.6018 -9.98892 -16.5375 -26.6259 -0.74376 47.3754 -25.8504 5.36653 9.71553 4.1943 0 0 0 0.477281 3.19474 -0.0133812 0 0 0 0 0.0290625 2.384 303 53 1 1 0
./complex_md-fit_53.pdb BC A 6.52394 34.3033 -13.4262 -6.93655 -13.8724 -23.1885 -1.0713 41.7149 -22.8013 2.61105 8.11694 1.38592 0 0 0 0.614978 2.88671 0 0 0 0 0 0 2.384 303 51 0 0 0
./complex_md-fit_540.pdb BC A 9.29495 33.043 0.643093 -10.8201 -9.25219 -26.2718 -0.756483 49.8064 -25.4381 8.77548 9.82787 4.34607 0 0 0 0.399011 3.41906 0 0 0 0 0 0.0269605 2.384 303 57 2 2 0
./complex_md-fit_541.pdb BC A 7.02655 32.7769 -10.9466 -11.5388 -13.3305 -25.647 -0.736414 46.4416 -24.9639 3.27641 9.52001 5.08624 0 0 0 0.944216 2.7721 -0.0115984 0 0 0 0 0.0131517 2.384 303 53 0 0 0
./complex_md-fit_542.pdb BC A 7.39853 41.9021 -0.0372663 -9.19115 -10.8719 -26.6125 -0.757735 48.8859 -25.6004 10.2872 9.86394 3.12763 0 0 0 0.805471 4.11207 0 0 0 0 0 0.0264032 2.384 303 50 5 5 0
./complex_md-fit_543.pdb BC A 7.6682 40.887 -6.59988 -9.54176 -12.9054 -25.349 -0.618822 47.269 -24.6138 5.9149 9.02071 3.77518 0 0 0 0.421412 2.46675 0 0 0 0 0 0.0277102 2.384 303 55 1 1 0
./complex_md-fit_544.pdb BC A 9.48114 28.5769 -5.79882 -10.0636 -14.2352 -27.2737 -0.600326 50.1751 -26.4231 7.67112 9.24066 4.78958 0 0 0 0.901236 2.96169 -0.0122987 0 0 0 0 0.0317691 2.384 303 56 2 2 0
./complex_md-fit_545.pdb BC A 6.63332 34.1463 -3.96777 -8.10621 -10.4408 -26.0015 -0.562681 48.3988 -25.1795 4.98499 8.09554 3.98707 0 0 0 0.840967 3.17518 -0.0127618 0 0 0 0 0.0282546 2.384 303 53 0 0 0
./complex_md-fit_546.pdb BC A 8.02332 33.0586 -10.2756 -9.9274 -11.3601 -26.6776 -0.488847 47.7395 -26.6082 4.96677 8.64292 3.19892 0 0 0 0.188769 3.14139 0.0117016 0 0 0 0 0.0379441 2.384 303 52 0 0 0
./complex_md-fit_547.pdb BC A 9.21623 39.6907 -8.93273 -10.1962 -15.3614 -26.8572 -0.98065 51.066 -25.6972 4.50595 10.3014 3.76156 0 0 0 0.494505 4.01172 0.00843235 0 0 0 0 0.0221092 2.384 303 56 1 1 0
./complex_md-fit_548.pdb BC A 7.35521 32.7052 -5.56256 -9.05396 -11.7146 -25.6333 -0.981149 47.4347 -24.9696 7.9415 8.89095 2.09619 0 0 0 0.404704 2.73527 0 0 0 0 0 0.021991 2.384 303 52 2 2 0
./complex_md-fit_549.pdb BC A 7.80053 27.7265 -1.8524 -7.3186 -13.2421 -27.1033 -0.886998 50.5732 -26.4082 8.32546 9.57663 4.36455 0 0 0 0.260378 5.53223 -0.0139049 0 0 0 0 0.0204531 2.384 303 53 2 2 0
./complex_md-fit_54.pdb BC A 7.23745 32.0036 -15.3861 -8.21533 -13.745 -24.4162 -1.0803 43.1397 -23.7601 1.77752 7.38704 2.80368 0 0 0 0.63374 2.17681 0.0891808 0 0 0 0 0 2.384 303 54 0 0 0
./complex_md-fit_550.pdb BC A 10.44 32.7565 -5.63772 -8.53581 -11.9517 -25.8728 -0.83554 46.5719 -25.2646 7.276 7.05023 5.46359 0 0 0 0.448483 3.45865 -0.0161757 0 0 0 0 0.0287491 2.384 303 55 3 3 0
./complex_md-fit_551.pdb BC A 8.43052 30.9055 -7.91792 -11.9852 -12.1195 -26.5793 -0.765318 46.63 -26.0439 7.72693 9.24558 5.49618 0 0 0 0.430351 3.44807 0.0182192 0 0 0 0 0.0280272 2.384 303 53 0 0 0
./complex_md-fit_552.pdb BC A 8.42102 35.8546 -4.56729 -9.18339 -13.1797 -26.7993 -0.83523 48.6746 -26.2802 8.7868 10.7 3.1248 0 0 0 0.410816 3.42624 -0.00576764 0 0 0 0 0.0193985 2.384 303 53 2 2 0
./complex_md-fit_553.pdb BC A 7.9098 31.0184 -7.35982 -8.75986 -12.6573 -26.3799 -0.777422 47.8149 -25.6582 6.80427 9.21352 2.45597 0 0 0 0.578226 3.02027 -0.00917312 0 0 0 0 0.0152963 2.384 303 55 1 1 0
./complex_md-fit_554.pdb BC A 8.84179 32.3627 -2.11 -7.79101 -12.5291 -26.8183 -0.796088 50.6269 -25.8581 7.61259 9.0393 4.06655 0 0 0 0.324214 2.9701 -0.014884 0 0 0 0 0.0279819 2.384 303 55 2 2 0
./complex_md-fit_555.pdb BC A 7.2046 39.2646 -5.11814 -8.18676 -10.5216 -25.2812 -0.936932 46.5026 -24.4416 4.86914 8.84531 3.8308 0 0 0 0.190595 3.28665 -0.0145476 0 0 0 0 0.0260824 2.384 303 50 1 1 0
./complex_md-fit_556.pdb BC A 7.70371 33.2216 -4.82001 -8.94034 -11.5 -25.5929 -0.786917 46.0071 -25.2629 7.19509 9.76135 3.82605 0 0 0 0.466197 3.22261 -0.0179204 0 0 0 0 0.0251037 2.384 303 51 3 3 0
./complex_md-fit_557.pdb BC A 7.81808 37.1472 -9.30957 -9.702 -14.2689 -25.2159 -0.888185 45.7961 -24.4401 6.7507 8.65626 3.34047 0 0 0 0.65773 3.00159 -0.0136155 0 0 0 0 0.0177373 2.384 303 54 1 1 0
./complex_md-fit_558.pdb BC A 9.27948 39.7652 -2.10759 -8.34332 -12.1165 -25.2763 -0.821322 47.1252 -24.1179 7.70957 9.27521 3.84813 0 0 0 0.595626 2.94738 -0.0110522 0 0 0 0 0.0250637 2.384 303 54 2 2 0
./complex_md-fit_559.pdb BC A 9.269 39.7286 -8.47295 -9.2666 -11.0829 -23.9255 -1.0315 44.452 -22.9524 3.39884 8.06987 3.54821 0 0 0 0.280899 3.00688 0.00694155 0 0 0 0 0.0292263 2.384 303 56 0 0 0
./complex_md-fit_55.pdb BC A 7.39422 37.4881 -14.0975 -7.86303 -16.1839 -23.8745 -0.977737 43.3889 -23.3948 3.14908 8.81722 1.54677 0 0 0 1.28385 2.04366 -0.0108203 0 0 0 0 0.0213734 2.384 303 52 0 0 0
./complex_md-fit_560.pdb BC A 7.42657 30.408 -11.1835 -7.36791 -15.9055 -24.6212 -0.94051 45.0696 -23.5696 4.78517 9.0229 2.13378 0 0 0 0.136695 2.71469 -0.0112848 0 0 0 0 0.0844063 2.384 303 55 0 0 0
./complex_md-fit_561.pdb BC A 10.6101 28.1639 -4.64057 -9.43552 -11.968 -25.5225 -0.665855 46.941 -24.7434 7.74682 9.26648 3.30735 0 0 0 0.3869 2.88055 -0.010975 0 0 0 0 0.0571788 2.384 303 56 2 2 0
./complex_md-fit_562.pdb BC A 7.12525 34.1341 -2.30682 -7.81928 -9.39313 -22.9003 -0.808557 41.5545 -22.3256 7.50383 8.4382 3.20609 0 0 0 0.210386 4.0617 -1.11022e-16 0 0 0 0 0.026986 2.384 303 55 2 2 0
./complex_md-fit_563.pdb BC A 9.65122 25.0795 -2.36072 -8.51591 -9.57294 -23.6513 -0.651311 46.0205 -22.5238 4.83444 8.67801 2.52458 0 0 0 0.474309 2.98419 0 0 0 0 0 0.0227113 2.384 303 57 0 0 0
./complex_md-fit_564.pdb BC A 7.96331 28.4368 -11.7033 -10.8601 -17.828 -25.7162 -0.696313 46.1998 -25.177 8.63789 10.2698 3.15419 0 0 0 0.294497 3.77931 -0.00958974 0 0 0 0 0.0277496 2.384 303 53 1 1 0
./complex_md-fit_565.pdb BC A 13.7567 31.8754 -7.95669 -9.88234 -14.2889 -24.9884 -0.737367 45.4215 -24.1276 7.73803 9.4516 3.22356 0 0 0 0.245368 3.27352 -0.0140943 0 0 0 0 0.00186179 2.384 303 56 1 1 0
./complex_md-fit_566.pdb BC A 7.95707 27.9373 -9.5352 -8.48961 -12.7523 -24.7805 -0.765841 45.5109 -23.9559 3.93008 8.7994 2.72195 0 0 0 0.239958 2.90973 -0.0117099 0 0 0 0 0.0184184 2.384 303 55 2 2 0
./complex_md-fit_567.pdb BC A 9.2582 35.9091 0.779547 -8.9035 -10.5715 -24.118 -0.701839 46.9207 -22.7218 8.16484 8.95407 3.33765 0 0 0 0.413725 2.79207 0 0 0 0 0 0.0051909 2.384 303 55 2 2 0
./complex_md-fit_568.pdb BC A 7.37867 32.9026 -2.84326 -8.25454 -11.5662 -23.6302 -0.887815 44.9173 -22.5357 7.20601 8.61119 2.985 0 0 0 0.300956 2.49734 -0.00938244 0 0 0 0 0.0201165 2.384 303 51 1 1 0
./complex_md-fit_569.pdb BC A 7.59867 25.9316 -6.40946 -7.7737 -13.0515 -25.1803 -0.84349 45.8397 -24.5542 6.01522 9.47838 3.3663 0 0 0 0.278559 3.2629 -0.0024278 0 0 0 0 0.0179952 2.384 303 54 0 0 0
./complex_md-fit_56.pdb BC A 8.16663 35.2384 -11.6755 -8.24039 -14.0448 -25.1368 -0.977768 44.0341 -25.2319 4.64119 8.96863 3.67421 0 0 0 0.618864 2.23524 0.0191486 0 0 0 0 0 2.384 303 53 0 0 0
./complex_md-fit_570.pdb BC A 7.83786 29.7582 -9.2572 -9.173 -14.2975 -24.8241 -0.903071 44.4676 -24.3412 5.68611 11.1008 2.53127 0 0 0 0.47981 4.26944 0 0 0 0 0 0.0160883 2.384 303 54 1 1 0
./complex_md-fit_571.pdb BC A 9.80978 28.2796 -6.9534 -10.1667 -14.5032 -25.8367 -1.00687 47.4953 -25.6074 7.68345 10.9582 3.79356 0 0 0 0.232723 2.95558 -0.0101974 0 0 0 0 0.0143913 2.384 303 56 1 1 0
./complex_md-fit_572.pdb BC A 7.58027 30.4663 -0.931955 -10.5817 -11.9342 -26.2551 -0.861213 51.0227 -25.193 8.56844 10.5543 3.07661 0 0 0 0.671109 3.78752 5.55112e-17 0 0 0 0 0 2.384 303 53 2 2 0
./complex_md-fit_573.pdb BC A 7.43587 37.5071 1.0121 -7.59017 -9.02463 -25.5713 -0.971537 47.4951 -24.8674 9.50579 7.63456 3.63953 0 0 0 0.769169 4.16895 -0.00953181 0 0 0 0 0.00249405 2.384 303 54 3 3 0
./complex_md-fit_574.pdb BC A 6.54183 27.3141 -5.85764 -9.32948 -11.5644 -24.9974 -0.98192 45.2674 -24.3502 7.0729 8.55665 4.08145 0 0 0 0.396615 2.6516 -0.0140051 0 0 0 0 0.00472596 2.384 303 57 3 3 0
./complex_md-fit_575.pdb BC A 7.55194 34.1627 -15.6547 -10.5132 -14.3296 -24.3961 -0.990824 41.6093 -24.2436 5.29398 7.58653 3.93576 0 0 0 0.37543 2.39442 0 0 0 0 0 0.0177024 2.384 303 53 1 1 0
./complex_md-fit_576.pdb BC A 7.29813 30.5138 -6.15304 -9.03787 -13.0409 -24.6985 -1.01265 44.3521 -23.906 9.09789 7.64227 3.64432 0 0 0 0.798995 2.65406 0.00246413 0 0 0 0 0.00485506 2.384 303 51 1 1 0
./complex_md-fit_577.pdb BC A 7.25006 38.6373 -2.57344 -8.32 -8.52737 -23.768 -0.87942 43.2488 -23.4898 5.97159 7.87537 4.56997 0 0 0 0.749587 3.05429 -0.009326 0 0 0 0 0.00523627 2.384 303 54 2 2 0
./complex_md-fit_578.pdb BC A 8.39308 34.3867 -9.87645 -9.67608 -10.1017 -23.7049 -0.864435 40.5768 -23.9032 5.06284 8.27492 4.11015 0 0 0 0.340852 2.48775 -0.00967002 0 0 0 0 0.0179749 2.384 303 52 1 1 0
./complex_md-fit_579.pdb BC A 8.22178 41.0228 -9.54604 -9.71693 -12.287 -25.4265 -0.925096 44.918 -25.5808 6.37627 9.03554 3.9288 0 0 0 0.131694 4.74117 0 0 0 0 0 0 2.384 303 53 1 1 0
./complex_md-fit_57.pdb BC A 10.9805 34.7429 -12.215 -7.50139 -16.9541 -23.9323 -1.17641 42.2751 -23.7727 5.02339 10.0323 3.22728 0 0 0 0.55776 2.31433 0.00516682 0 0 0 0 0.000957669 2.384 303 49 0 0 0
./complex_md-fit_580.pdb BC A 8.79567 36.1355 -7.88356 -9.70327 -12.6505 -24.2697 -0.826369 43.8725 -23.7941 6.13738 9.75631 3.11711 0 0 0 0.477111 2.6249 0 0 0 0 0 0 2.384 303 53 2 2 0
./complex_md-fit_581.pdb BC A 7.28002 42.3644 -5.97815 -8.39 -11.1063 -25.1433 -0.762167 46.6187 -24.5464 4.46798 9.14008 3.16819 0 0 0 0.574889 2.52693 0.000150775 0 0 0 0 0 2.384 303 57 1 1 0
./complex_md-fit_582.pdb BC A 7.96611 30.737 -7.48434 -10.1162 -8.8369 -25.7139 -0.801142 45.5735 -25.5999 3.88553 8.64712 5.09261 0 0 0 0.381564 3.33062 0 0 0 0 0 0.00347048 2.384 303 54 0 0 0
./complex_md-fit_583.pdb BC A 6.32568 30.9891 -3.71715 -8.66218 -12.2916 -25.6506 -0.90935 47.6373 -24.6265 7.66263 9.10158 3.76697 0 0 0 0.233275 3.39068 0.0186768 0 0 0 0 0.00271057 2.384 303 53 1 1 0
./complex_md-fit_584.pdb BC A 7.37007 34.2446 -7.21422 -9.64412 -11.8798 -25.489 -0.840982 46.1185 -25.2454 4.64351 9.95948 4.87333 0 0 0 0.30081 3.21669 -0.0104371 0 0 0 0 0 2.384 303 53 0 0 0
./complex_md-fit_585.pdb BC A 8.39795 32.5472 -11.3644 -7.62645 -12.7603 -24.5896 -0.817998 41.7499 -24.3225 4.98573 8.82983 2.85091 0 0 0 0.32134 2.41117 0.00372887 0 0 0 0 0.0110276 2.384 303 53 1 1 0
./complex_md-fit_586.pdb BC A 9.73833 32.7321 -7.71197 -10.1123 -12.6955 -25.402 -0.795351 46.1041 -24.8285 5.98084 9.84032 3.78456 0 0 0 0.411966 4.05831 0 0 0 0 0 0 2.384 303 56 0 0 0
./complex_md-fit_587.pdb BC A 8.68085 31.7716 -3.39606 -7.36839 -10.7564 -25.2129 -0.959268 45.6102 -24.4659 7.6448 8.22244 3.39886 0 0 0 0.497601 3.07914 -0.0121161 0 0 0 0 0.00494924 2.384 303 56 2 2 0
./complex_md-fit_588.pdb BC A 9.16329 35.0833 -3.7742 -6.89265 -12.1597 -24.0154 -0.95322 45.5018 -23.2871 6.84464 8.68138 2.2408 0 0 0 0.275193 2.36707 -0.00991836 0 0 0 0 0 2.384 303 55 1 1 0
./complex_md-fit_589.pdb BC A 8.77332 33.1185 -7.62039 -8.91923 -13.7944 -24.9711 -0.973285 46.0306 -24.134 4.16395 10.1207 4.19846 0 0 0 0.629698 2.62045 0.00302364 0 0 0 0 0.0252524 2.384 303 53 0 0 0
./complex_md-fit_58.pdb BC A 7.01302 33.3187 -7.32156 -7.21982 -15.381 -24.3837 -1.23084 44.8929 -23.7896 7.54904 9.5059 2.35764 0 0 0 0.374657 2.29989 0 0 0 0 0 0.00337443 2.384 303 51 2 2 0
./complex_md-fit_590.pdb BC A 7.94446 31.1426 -11.2968 -9.1617 -14.3995 -25.7963 -0.718098 46.8068 -25.1902 4.87938 8.66394 2.72508 0 0 0 0.898655 3.48864 -0.0109602 0 0 0 0 0.00613808 2.384 303 55 0 0 0
./complex_md-fit_591.pdb BC A 7.97337 38.8359 -3.77052 -7.68823 -11.4773 -24.4802 -0.913474 44.8259 -24.1208 7.78585 8.59369 3.14268 0 0 0 0.567787 4.36204 -0.0114183 0 0 0 0 0.00499743 2.384 303 53 3 3 0
./complex_md-fit_592.pdb BC A 8.8356 30.6413 -7.16564 -9.54087 -12.4652 -24.3713 -1.07458 43.6832 -23.8336 5.72728 9.91017 4.58618 0 0 0 0.188387 2.66769 5.55112e-17 0 0 0 0 0.0245855 2.384 303 54 1 1 0
./complex_md-fit_593.pdb BC A 8.29995 35.3686 -14.4739 -10.9074 -14.7391 -24.9551 -0.983573 44.5836 -24.333 3.18787 9.63273 3.89356 0 0 0 0.153255 2.93977 -0.0115079 0 0 0 0 0.00482486 2.384 303 54 0 0 0
./complex_md-fit_594.pdb BC A 7.37519 32.2989 -9.04564 -8.96418 -10.7936 -25.7342 -0.994403 45.5323 -25.381 5.03178 7.74963 4.18923 0 0 0 0.314781 3.23717 5.55112e-17 0 0 0 0 0.00406496 2.384 303 57 1 1 0
./complex_md-fit_595.pdb BC A 6.86703 28.0583 -6.78204 -11.8514 -9.21483 -25.9591 -0.831804 47.9376 -25.1368 4.41057 8.49377 4.50746 0 0 0 0.843876 3.46671 -0.00482733 0 0 0 0 0.0235288 2.384 303 56 0 0 0
./complex_md-fit_596.pdb BC A 7.48214 33.285 -8.21422 -9.95256 -12.8166 -25.0952 -1.11894 44.6429 -24.9208 6.496 10.4994 3.84869 0 0 0 0.198139 4.21006 1.11022e-16 0 0 0 0 0.00471887 2.384 303 55 2 2 0
./complex_md-fit_597.pdb BC A 7.37273 31.8698 -8.32006 -9.22661 -10.6976 -24.1409 -0.845092 42.4554 -24.0299 5.25643 9.13873 3.26217 0 0 0 0.517866 3.88757 -0.0104438 0 0 0 0 0 2.384 303 52 1 1 0
./complex_md-fit_598.pdb BC A 8.60837 33.0409 -11.0769 -9.75522 -14.2253 -24.3496 -0.884904 43.5598 -24.1447 4.15793 10.3317 3.7117 0 0 0 0.533437 4.04949 -0.0122997 0 0 0 0 0.000549275 2.384 303 53 0 0 0
./complex_md-fit_599.pdb BC A 7.81256 30.4695 -5.29544 -11.1674 -10.8225 -26.1099 -0.825224 46.7449 -25.9619 8.35878 10.0472 3.94723 0 0 0 0.493356 2.7337 0 0 0 0 0 0 2.384 303 57 2 2 0
./complex_md-fit_59.pdb BC A 5.5207 29.7444 -17.3217 -7.25185 -14.9564 -23.9537 -0.802403 40.8833 -24.1052 2.8877 8.06527 1.43794 0 0 0 0.473631 2.16332 0 0 0 0 0 0 2.384 303 49 0 0 0
./complex_md-fit_5.pdb BC A 8.78021 37.3286 -12.5645 -8.19082 -11.5071 -24.9474 -0.92463 42.5705 -24.7529 4.11953 7.63592 2.99334 0 0 0 0.405257 2.23838 0.0338158 0 0 0 0 0 2.384 303 51 0 0 0
./complex_md-fit_600.pdb BC A 7.76874 26.2742 -4.74408 -7.92728 -7.91854 -24.5544 -0.930026 45.5416 -23.8316 3.44526 8.09545 3.11607 0 0 0 0.230331 2.86606 -0.0109597 0 0 0 0 0 2.384 303 55 0 0 0
./complex_md-fit_601.pdb BC A 7.74179 30.3092 -6.04479 -8.34904 -10.6978 -24.4272 -0.826661 45.3905 -23.8963 5.65482 8.14728 2.71718 0 0 0 0.240687 3.82446 -0.0130192 0 0 0 0 0.014761 2.384 303 56 2 2 0
./complex_md-fit_602.pdb BC A 8.13105 34.8714 -9.519 -10.2144 -11.0005 -25.4352 -0.787787 45.8447 -24.9725 4.04232 8.97836 3.69533 0 0 0 0.324139 4.08757 0.00660969 0 0 0 0 0 2.384 303 54 0 0 0
./complex_md-fit_603.pdb BC A 8.62208 32.8403 -3.15369 -10.936 -10.3178 -25.9972 -1.03589 48.6721 -25.5073 8.68872 9.55773 3.23108 0 0 0 0.469227 2.98157 -0.0100265 0 0 0 0 0.0316289 2.384 303 50 2 2 0
./complex_md-fit_604.pdb BC A 8.16389 34.3253 -3.35439 -8.20009 -10.2725 -25.0274 -0.86795 45.8727 -24.7163 6.61024 8.61082 4.30778 0 0 0 0.328294 4.37623 0 0 0 0 0 0 2.384 303 54 1 1 0
./complex_md-fit_605.pdb BC A 10.5219 40.8811 -6.87817 -7.9543 -13.1493 -25.0112 -0.928997 44.4173 -24.7642 7.08374 8.88216 4.05032 0 0 0 0.507728 4.11849 -0.01137 0 0 0 0 0 2.384 303 55 0 0 0
./complex_md-fit_606.pdb BC A 8.16376 34.1554 -7.66948 -9.56337 -10.3181 -24.8096 -0.9641 45.9237 -24.2339 5.44456 7.20154 3.28807 0 0 0 0.35174 2.64133 -0.0123161 0 0 0 0 0.0222675 2.384 303 54 2 2 0
./complex_md-fit_607.pdb BC A 11.9675 30.2338 -12.0447 -9.41296 -14.4684 -24.4329 -0.968806 43.8334 -23.9915 6.54887 7.69011 2.85718 0 0 0 0.300243 2.46769 -2.77556e-17 0 0 0 0 0 2.384 303 55 2 2 0
./complex_md-fit_608.pdb BC A 9.54615 41.1673 -8.80335 -10.6682 -11.7005 -25.153 -0.844054 45.2036 -25.0561 7.34171 8.18104 3.46366 0 0 0 0.435612 2.72995 -0.0119955 0 0 0 0 0.00485905 2.384 303 56 1 1 0
./complex_md-fit_609.pdb BC A 7.21836 34.8606 -6.94667 -9.09987 -11.3988 -25.3857 -0.945446 45.5509 -24.9543 6.61468 9.03345 3.26769 0 0 0 0.368603 3.33783 -0.00918409 0 0 0 0 0.0112304 2.384 303 53 1 1 0
./complex_md-fit_60.pdb BC A 7.45665 36.1646 -12.2522 -6.64644 -13.8451 -23.7766 -0.900102 41.1343 -24.0005 4.20612 8.351 2.97134 0 0 0 0.242269 2.18683 0.00592286 0 0 0 0 0.00559825 2.384 303 50 0 0 0
./complex_md-fit_610.pdb BC A 9.23218 37.9545 -12.5479 -9.44718 -14.2994 -24.1176 -1.03511 43.2929 -23.8709 3.52196 9.67093 3.57352 0 0 0 0.170768 3.28655 -0.0126081 0 0 0 0 0.00476711 2.384 303 54 0 0 0
./complex_md-fit_611.pdb BC A 9.65289 32.8576 -7.50016 -10.695 -11.4335 -24.9378 -0.721788 44.9573 -24.4463 5.1852 9.28477 4.99522 0 0 0 0.280718 3.13211 0 0 0 0 0 0.0310979 2.384 303 55 0 0 0
./complex_md-fit_612.pdb BC A 6.95318 26.197 -5.60198 -9.76439 -9.90199 -25.0478 -0.892858 46.6795 -24.6103 4.66776 8.57906 4.16689 0 0 0 0.508752 2.78621 -0.0120864 0 0 0 0 0.0255012 2.384 303 56 2 2 0
./complex_md-fit_613.pdb BC A 8.99588 36.8698 -8.15871 -10.6454 -10.4247 -24.8506 -0.877983 44.2091 -24.6705 7.1367 8.10349 3.64226 0 0 0 0.223563 2.94618 -0.00917834 0 0 0 0 0.0045624 2.384 303 52 2 2 0
./complex_md-fit_614.pdb BC A 7.69056 35.4421 -11.753 -9.05375 -13.8572 -24.1264 -0.784797 43.2396 -23.48 4.12549 9.69332 2.21025 0 0 0 0.27408 2.86895 0.00127712 0 0 0 0 0.00500978 2.384 303 54 0 0 0
./complex_md-fit_615.pdb BC A 10.5273 34.6775 -5.75218 -8.48142 -11.1372 -24.7771 -0.948539 44.9675 -24.3013 7.22743 7.98161 3.1083 0 0 0 0.578137 3.17412 -0.00949392 0 0 0 0 0.0398525 2.384 303 53 2 2 0
./complex_md-fit_616.pdb BC A 6.05056 31.6499 -9.3686 -8.38439 -15.1587 -25.2098 -1.05921 46.5699 -24.1803 5.61144 9.53975 2.78127 0 0 0 0.129642 3.21281 -0.0140776 0 0 0 0 0.00596177 2.384 303 56 1 1 0
./complex_md-fit_617.pdb BC A 8.36335 34.6812 -2.19006 -7.34922 -13.1203 -25.5442 -0.875578 49.2769 -25.0067 5.32461 9.26375 4.77448 0 0 0 1.06619 4.30044 5.55112e-17 0 0 0 0 0 2.384 303 53 1 1 0
./complex_md-fit_618.pdb BC A 11.8952 31.5502 -4.7949 -9.06916 -13.4292 -25.067 -0.882319 46.6698 -24.508 7.61035 10.3239 3.1676 0 0 0 0.389019 2.79804 -1.11022e-16 0 0 0 0 0 2.384 303 55 2 2 0
./complex_md-fit_619.pdb BC A 9.23023 28.9091 -6.96785 -8.92854 -13.8887 -24.8003 -1.05507 46.1305 -24.2483 5.60161 10.2891 3.12875 0 0 0 0.798041 4.11745 0 0 0 0 0 0.00508575 2.384 303 52 0 0 0
./complex_md-fit_61.pdb BC A 11.8439 35.343 -12.0452 -6.73672 -15.0373 -23.7976 -0.823381 41.3242 -23.6804 5.18054 8.66055 2.70348 0 0 0 0.161405 3.26037 -1.11022e-16 0 0 0 0 0 2.384 303 50 0 0 0
./complex_md-fit_620.pdb BC A 8.09885 36.8776 -9.34952 -9.14642 -10.5595 -25.2231 -0.717176 45.0845 -25.1341 3.72571 8.72142 3.51643 0 0 0 0.392744 3.19631 -0.0100951 0 0 0 0 0 2.384 303 56 1 1 0
./complex_md-fit_621.pdb BC A 8.29601 40.6376 -4.20759 -8.26504 -11.245 -25.0507 -0.774226 45.4537 -24.6008 7.59475 7.99588 4.27479 0 0 0 0.409091 4.28072 -1.11022e-16 0 0 0 0 0 2.384 303 53 2 2 0
./complex_md-fit_622.pdb BC A 6.85745 37.7185 -6.93854 -9.88975 -13.6451 -24.5483 -0.860327 44.9662 -23.9355 5.16609 10.1536 4.59863 0 0 0 0.997714 3.05878 0 0 0 0 0 0.0581893 2.384 303 53 2 2 0
./complex_md-fit_623.pdb BC A 9.03064 32.6208 1.66131 -6.9657 -11.9067 -25.4935 -0.9818 48.5442 -24.6899 9.35422 9.30216 4.06679 0 0 0 0.426862 4.14542 0.00462062 0 0 0 0 0 2.384 303 54 3 3 0
./complex_md-fit_624.pdb BC A 7.41034 37.7502 -3.75318 -8.40933 -12.4424 -25.9381 -0.916785 48.6405 -25.3678 7.8625 8.59563 2.83119 0 0 0 1.40207 3.02127 -0.0105703 0 0 0 0 0 2.384 303 55 2 2 0
./complex_md-fit_625.pdb BC A 8.1927 27.9674 -0.423245 -8.7206 -10.4673 -25.0865 -0.937543 46.0926 -25.055 10.2381 9.77862 3.64795 0 0 0 0.0828419 2.67936 -0.00929389 0 0 0 0 0.0128755 2.384 303 53 3 3 0
./complex_md-fit_626.pdb BC A 9.67544 34.1841 -6.99658 -10.3671 -11.493 -25.9901 -0.812098 46.677 -25.309 6.80432 9.70858 3.41743 0 0 0 0.336151 3.30962 -5.55112e-17 0 0 0 0 0.0312137 2.384 303 53 1 1 0
./complex_md-fit_627.pdb BC A 6.40111 42.3186 -7.95015 -10.5462 -12.7852 -25.5562 -0.834289 46.815 -24.7961 5.28931 10.0332 3.9112 0 0 0 0.520993 3.36732 -0.00982954 0 0 0 0 0.00802711 2.384 303 52 1 1 0
./complex_md-fit_628.pdb BC A 7.3557 42.0804 -9.5912 -10.5573 -17.5141 -26.1747 -0.959032 49.4516 -25.0043 5.35569 11.2601 4.25034 0 0 0 0.312903 3.39374 -0.0123638 0 0 0 0 0 2.384 303 58 1 1 0
./complex_md-fit_629.pdb BC A 8.05284 39.262 -9.18495 -11.5686 -14.0533 -25.7275 -0.734232 47.3111 -24.6883 4.93848 10.771 4.32667 0 0 0 0.213091 4.40923 0 0 0 0 0 0.0265789 2.384 303 56 1 1 0
./complex_md-fit_62.pdb BC A 7.17778 34.8773 -12.2946 -7.29762 -13.3085 -25.0212 -1.02676 44.2045 -24.9874 4.94765 7.83836 1.99234 0 0 0 0.357615 3.33855 0 0 0 0 0 0.00654462 2.384 303 49 1 1 0
./complex_md-fit_630.pdb BC A 7.87674 32.594 0.419082 -8.80496 -10.2759 -24.5902 -0.835111 45.7776 -24.1382 10.948 8.33679 3.76465 0 0 0 0.212272 3.28255 0.0139921 0 0 0 0 0.0102285 2.384 303 55 4 4 0
./complex_md-fit_631.pdb BC A 9.70566 33.2212 -4.89532 -9.78492 -14.0675 -25.7592 -0.808644 46.9108 -25.2771 8.02508 10.5493 4.50422 0 0 0 0.781835 3.41147 0.00487209 0 0 0 0 0.0259451 2.384 303 57 1 1 0
./complex_md-fit_632.pdb BC A 6.76901 32.5346 -12.5947 -10.9678 -11.808 -24.9895 -0.754351 43.4499 -25.023 3.65976 9.68489 4.06782 0 0 0 0.0700974 3.15058 0.00469886 0 0 0 0 0.0108603 2.384 303 55 0 0 0
./complex_md-fit_633.pdb BC A 8.46333 32.7227 -11.7246 -10.5792 -12.2713 -25.3462 -0.865652 45.4429 -25.3068 3.5731 9.07551 4.22681 0 0 0 0.326134 2.93993 1.11022e-16 0 0 0 0 0 2.384 303 54 0 0 0
./complex_md-fit_634.pdb BC A 9.91877 36.3806 -0.744243 -7.45393 -12.3147 -24.7831 -0.76468 46.0486 -24.0064 9.40756 9.00391 3.79069 0 0 0 0.327241 2.65941 0 0 0 0 0 0.000461056 2.384 303 56 4 4 0
./complex_md-fit_635.pdb BC A 6.83844 43.4117 -5.20762 -7.83513 -12.7433 -25.1213 -0.749388 46.3273 -24.3582 6.51386 9.52273 2.9526 0 0 0 0.293904 4.01744 -0.0106217 0 0 0 0 0 2.384 303 54 1 1 0
./complex_md-fit_636.pdb BC A 9.89692 33.4852 6.49398 -6.62073 -10.0226 -25.19 -0.612769 48.0014 -24.4318 11.1093 9.54358 4.48009 0 0 0 0.237406 4.44568 1.11022e-16 0 0 0 0 0 2.384 303 53 2 2 0
./complex_md-fit_637.pdb BC A 7.17399 31.6199 -7.83937 -9.95076 -10.4117 -24.1812 -0.672846 43.0622 -24.0489 5.93827 8.07843 3.93894 0 0 0 0.408146 2.70729 0 0 0 0 0 0 2.384 303 54 1 1 0
./complex_md-fit_638.pdb BC A 11.0961 39.4467 -5.85803 -10.409 -9.17843 -24.4588 -0.755467 43.5871 -24.2415 6.49281 7.7323 4.62251 0 0 0 0.750304 2.8146 0 0 0 0 0 0 2.384 303 51 1 1 0
./complex_md-fit_639.pdb BC A 7.36019 28.7241 -9.5989 -7.83353 -9.30159 -22.6591 -0.617771 40.0125 -22.2989 1.54987 7.28437 3.70381 0 0 0 0.531403 4.65396 1.11022e-16 0 0 0 0 0.0300616 2.384 303 53 0 0 0
./complex_md-fit_63.pdb BC A 10.936 34.2117 -7.60916 -6.49011 -12.6238 -25.3439 -0.97045 46.1962 -25.151 5.96455 8.57093 1.9337 0 0 0 0.231059 3.25982 0.0735624 0 0 0 0 0 2.384 303 53 2 2 0
./complex_md-fit_640.pdb BC A 7.97674 29.6102 -4.19492 -10.1314 -9.91157 -23.7896 -0.85628 44.1646 -23.5677 7.09426 7.21899 4.39173 0 0 0 1.18068 3.74147 0.00652151 0 0 0 0 0.00480603 2.384 303 53 2 2 0
./complex_md-fit_641.pdb BC A 7.80987 36.2492 -7.61445 -8.15553 -10.1148 -23.7113 -0.790887 42.2842 -23.6199 4.64687 8.15098 3.32498 0 0 0 0.379271 2.91583 -0.0137172 0 0 0 0 0.00544014 2.384 303 55 1 1 0
./complex_md-fit_642.pdb BC A 6.39233 34.3712 -7.31361 -7.45622 -11.9439 -23.4686 -0.686548 40.998 -23.2804 6.12478 7.66929 4.35054 0 0 0 0.386839 2.59299 -0.009859 0 0 0 0 0.00248452 2.384 303 49 0 0 0
./complex_md-fit_643.pdb BC A 11.5477 29.5169 -14.9987 -10.2677 -12.857 -23.1054 -0.862768 40.1732 -23.3282 3.35917 8.40907 3.19212 0 0 0 0.284263 2.76365 0 0 0 0 0 0.00449955 2.384 303 52 1 1 0
./complex_md-fit_644.pdb BC A 10.1019 38.146 -8.99294 -9.63297 -7.59499 -22.9591 -0.806807 40.9459 -22.8411 2.82928 7.55856 3.07488 0 0 0 0.43315 2.43477 0 0 0 0 0 0.000187562 2.384 303 51 0 0 0
./complex_md-fit_645.pdb BC A 8.70087 35.2229 -10.1895 -10.0636 -11.1122 -24.6592 -0.601867 43.8403 -24.1972 4.26408 7.80136 4.13006 0 0 0 0.406295 2.60032 -0.0117037 0 0 0 0 0.0143582 2.384 303 52 0 0 0
./complex_md-fit_646.pdb BC A 8.61605 30.8283 -8.09488 -7.6812 -11.0028 -23.33 -0.706937 42.5064 -23.0211 3.0433 8.42769 3.4109 0 0 0 0.225861 2.56744 0 0 0 0 0 0.032912 2.384 303 52 0 0 0
./complex_md-fit_647.pdb BC A 9.08552 30.6876 -7.93265 -8.57925 -10.4061 -24.4069 -0.676987 43.5548 -24.1566 5.45147 7.21674 3.97423 0 0 0 0.090016 2.77246 0.00586633 0 0 0 0 0 2.384 303 51 2 2 0
./complex_md-fit_648.pdb BC A 7.9302 37.5234 -5.29846 -9.08881 -12.8664 -24.4026 -0.888141 44.7271 -23.6409 8.20531 8.61966 3.69967 0 0 0 0.31332 2.74523 -0.0104501 0 0 0 0 0.0336906 2.384 303 55 2 2 0
./complex_md-fit_649.pdb BC A 8.64495 29.2501 -6.58126 -9.52989 -11.2182 -23.6074 -0.848512 43.0482 -22.7307 4.9177 9.0123 4.21333 0 0 0 0.1685 2.56379 -0.0102788 0 0 0 0 0.00375723 2.384 303 52 0 0 0
./complex_md-fit_64.pdb BC A 6.72061 34.9115 -7.2658 -4.34685 -11.5319 -24.8442 -0.751767 43.9618 -25.0692 4.79627 8.89412 1.2626 0 0 0 0.363389 3.69629 1.11022e-16 0 0 0 0 0 2.384 303 51 1 1 0
./complex_md-fit_650.pdb BC A 8.70337 34.5328 -6.39104 -8.54443 -12.8477 -24.6186 -0.869425 45.8145 -23.9128 4.86446 8.83416 4.75793 0 0 0 0.120644 3.43103 -3.46945e-18 0 0 0 0 0.0102219 2.384 303 55 1 1 0
./complex_md-fit_651.pdb BC A 8.6366 28.787 -10.3754 -9.3751 -16.2696 -24.55 -0.906941 44.6506 -23.8222 5.15451 10.5434 3.88291 0 0 0 0.299946 2.86829 -1.38778e-17 0 0 0 0 0.017038 2.384 303 52 1 1 0
./complex_md-fit_652.pdb BC A 8.63674 29.7685 -7.95934 -8.01094 -13.1281 -23.9975 -0.663781 44.3316 -23.3285 3.13426 8.82475 4.33771 0 0 0 0.485834 2.8883 0.00925112 0 0 0 0 0.0460679 2.384 303 53 0 0 0
./complex_md-fit_653.pdb BC A 7.71482 37.9132 -10.7425 -10.0155 -17.2154 -24.8018 -0.908107 46.264 -23.9266 4.90409 9.89604 4.80883 0 0 0 0.251278 3.95743 -0.00931665 0 0 0 0 0.0100259 2.384 303 55 1 1 0
./complex_md-fit_654.pdb BC A 6.45755 36.7987 -8.4533 -11.156 -13.1903 -24.0592 -0.696691 45.6829 -23.1074 4.39921 9.85797 3.34987 0 0 0 0.451267 3.28321 0 0 0 0 0 0.0150242 2.384 303 54 0 0 0
./complex_md-fit_655.pdb BC A 9.31295 29.2809 -8.76204 -9.77843 -9.66604 -25.3334 -0.920547 45.046 -25.1379 5.4104 8.88622 2.62195 0 0 0 0.105607 3.29279 0 0 0 0 0 0.00403971 2.384 303 56 1 1 0
./complex_md-fit_656.pdb BC A 6.27543 31.516 -9.88907 -10.8551 -13.2757 -24.5905 -0.987798 45.889 -24.0764 5.54422 9.65998 2.61829 0 0 0 0.175338 2.91959 0 0 0 0 0 0.00966666 2.384 303 56 0 0 0
./complex_md-fit_657.pdb BC A 7.23022 29.8974 -10.0442 -9.79264 -11.3274 -25.349 -0.814247 45.2405 -24.8129 4.68916 9.15244 2.50111 0 0 0 0.458316 3.07507 0 0 0 0 0 0.0104421 2.384 303 53 0 0 0
./complex_md-fit_658.pdb BC A 7.10203 32.679 -4.75454 -7.06822 -10.414 -24.9944 -0.753673 46.4511 -24.6536 3.40047 8.933 4.06249 0 0 0 0.265557 4.3451 0 0 0 0 0 0.0167335 2.384 303 55 0 0 0
./complex_md-fit_659.pdb BC A 8.91385 34.0919 -3.11116 -9.25475 -11.45 -23.3624 -0.875045 44.0791 -22.6351 7.72634 9.21983 3.17296 0 0 0 0.281518 3.18781 -0.0136157 0 0 0 0 0 2.384 303 54 1 1 0
./complex_md-fit_65.pdb BC A 8.38549 25.6701 -10.8964 -7.7271 -12.87 -24.8529 -0.622481 44.1171 -24.4516 4.03321 9.40678 1.88839 0 0 0 0.182182 2.22285 0 0 0 0 0 0 2.384 303 51 0 0 0
./complex_md-fit_660.pdb BC A 6.41703 34.613 -12.3978 -10.4287 -13.3541 -24.9926 -0.866597 45.5918 -24.4456 5.74716 8.77775 1.435 0 0 0 0.148716 3.08751 -0.0105683 0 0 0 0 0 2.384 303 55 1 1 0
./complex_md-fit_661.pdb BC A 7.99724 33.9129 -6.71127 -9.05067 -8.9607 -23.0471 -0.769274 40.8141 -22.8083 5.1105 7.22597 4.56717 0 0 0 0.189318 2.60081 0 0 0 0 0 0.0177666 2.384 303 55 1 1 0
./complex_md-fit_662.pdb BC A 7.97674 37.1476 -5.4895 -6.73841 -7.83303 -23.3752 -0.732124 42.5044 -23.2407 3.75035 6.93045 2.97975 0 0 0 0.266597 3.35811 -0.0111925 0 0 0 0 0.00969857 2.384 303 53 0 0 0
./complex_md-fit_663.pdb BC A 7.00613 37.4668 -9.48399 -9.41109 -10.6747 -22.888 -0.806808 41.8086 -22.6678 3.36099 7.09238 4.03064 0 0 0 0.671805 3.96928 0 0 0 0 0 0 2.384 303 53 0 0 0
./complex_md-fit_664.pdb BC A 6.76887 27.2695 -12.0316 -9.28811 -14.4226 -24.9072 -1.10521 44.1955 -24.4677 4.45656 9.33797 4.019 0 0 0 0.150171 3.34072 0 0 0 0 0 0 2.384 303 55 1 1 0
./complex_md-fit_665.pdb BC A 9.60034 31.3134 -7.43116 -9.44628 -14.0254 -25.2667 -0.800259 46.1187 -24.4643 6.73993 10.2722 3.2929 0 0 0 0.129032 3.29145 0 0 0 0 0 0.0189812 2.384 303 57 2 2 0
./complex_md-fit_666.pdb BC A 9.42285 34.8477 -3.55447 -7.96355 -11.23 -25.234 -0.828025 46.1304 -24.8308 6.52826 9.43787 3.37319 0 0 0 1.01781 5.80397 0.013485 0 0 0 0 0.0309236 2.384 303 55 2 2 0
./complex_md-fit_667.pdb BC A 7.42336 36.9118 -4.70282 -8.50967 -11.1269 -24.7734 -0.809627 46.5448 -23.8275 5.15025 9.05023 3.31094 0 0 0 0.284037 2.94133 1.11022e-16 0 0 0 0 0.00409035 2.384 303 56 0 0 0
./complex_md-fit_668.pdb BC A 9.5011 37.254 -5.45383 -9.69295 -10.9613 -25.0147 -0.764666 45.9594 -24.2833 6.67652 8.8398 3.21083 0 0 0 0.541722 2.57323 0 0 0 0 0 0.0348754 2.384 303 56 1 1 0
./complex_md-fit_669.pdb BC A 7.67014 23.2656 -4.9813 -8.83265 -11.2736 -24.2923 -0.86083 44.3213 -23.9778 5.85061 9.82981 4.09248 0 0 0 0.13749 2.89523 0.0195193 0 0 0 0 0.00475141 2.384 303 57 0 0 0
./complex_md-fit_66.pdb BC A 5.9833 31.2233 -13.2451 -7.18831 -12.4327 -22.7994 -0.739548 40.4028 -22.3098 2.73631 7.31958 1.21651 0 0 0 0.54909 1.91542 0 0 0 0 0 0.00029009 2.384 303 48 0 0 0
./complex_md-fit_670.pdb BC A 10.429 38.5708 -1.41004 -7.90882 -10.9348 -23.5369 -1.14937 44.2127 -22.5347 7.76974 8.34759 3.2976 0 0 0 1.02693 2.80024 0 0 0 0 0 0 2.384 303 48 1 1 0
./complex_md-fit_671.pdb BC A 6.69371 33.2217 -6.11714 -8.99653 -11.7599 -24.0096 -0.826355 42.862 -23.3765 9.0233 8.07373 2.7044 0 0 0 0.186379 2.97453 0 0 0 0 0 0.00196599 2.384 303 52 2 2 0
./complex_md-fit_672.pdb BC A 9.61717 32.2963 -9.42816 -6.78883 -13.794 -23.5888 -0.947546 41.6807 -23.0466 5.85145 8.00095 2.80943 0 0 0 0.395136 2.99956 0 0 0 0 0 0 2.384 303 56 1 1 0
./complex_md-fit_673.pdb BC A 8.44952 33.4005 -3.63331 -6.20648 -11.7544 -24.116 -1.03007 43.5942 -23.8983 6.41582 7.85843 5.17528 0 0 0 0.282304 3.97889 0.0195469 0 0 0 0 0.0263932 2.384 303 54 0 0 0
./complex_md-fit_674.pdb BC A 9.81125 32.3748 -5.96737 -8.62846 -8.06821 -23.8162 -0.909373 42.5153 -23.4481 4.16192 8.18898 3.69199 0 0 0 0.351315 3.00438 -0.0114943 0 0 0 0 0.00492922 2.384 303 53 0 0 0
./complex_md-fit_675.pdb BC A 7.90875 35.4187 -7.40759 -8.97251 -12.2415 -24.1964 -1.11267 44.7203 -23.5333 4.93316 9.29792 3.15376 0 0 0 0.543481 4.34521 5.55112e-17 0 0 0 0 0 2.384 303 55 0 0 0
./complex_md-fit_676.pdb BC A 6.03773 34.1578 -8.80371 -9.17575 -10.2431 -24.3043 -0.839858 42.5633 -24.1078 4.43595 7.61813 5.01386 0 0 0 0.210678 2.64033 0 0 0 0 0 0.0251056 2.384 303 52 0 0 0
./complex_md-fit_677.pdb BC A 6.24737 32.8545 -13.148 -10.9431 -12.3654 -23.7669 -0.853376 41.5126 -23.4322 2.59057 8.78554 4.65789 0 0 0 0.666512 2.85242 -0.0128718 0 0 0 0 0.0126788 2.384 303 53 0 0 0
./complex_md-fit_678.pdb BC A 10.2166 34.5129 -3.05406 -10.8172 -10.0644 -24.6898 -0.944087 44.3851 -24.2604 8.57822 9.1229 5.29118 0 0 0 0.32084 2.74601 0 0 0 0 0 0.0236041 2.384 303 53 3 3 0
./complex_md-fit_679.pdb BC A 7.69831 26.8034 -11.1448 -9.60158 -13.356 -25.3579 -0.955843 44.2614 -25.2384 5.15704 9.35415 4.20538 0 0 0 0.362711 4.24433 0 0 0 0 0 0.0243027 2.384 303 54 0 0 0
./complex_md-fit_67.pdb BC A 6.97875 31.5344 -10.4821 -7.33733 -12.0283 -23.9272 -0.805714 43.9062 -23.2599 4.10211 7.24846 1.44647 0 0 0 0.16829 2.46952 0.00477545 0 0 0 0 0 2.384 303 50 0 0 0
./complex_md-fit_680.pdb BC A 8.69764 32.2336 -7.60141 -9.89227 -12.8594 -25.4982 -0.92794 45.4689 -25.0981 8.07956 9.80388 3.16588 0 0 0 0.162157 3.08887 -0.0113811 0 0 0 0 0.00536861 2.384 303 54 2 2 0
./complex_md-fit_681.pdb BC A 7.24287 35.7975 -5.7157 -8.57038 -9.77644 -24.3734 -1.03438 42.9631 -24.2808 7.57684 8.20792 3.29136 0 0 0 0.292492 2.84159 -0.0312829 0 0 0 0 0.0192623 2.384 303 52 1 1 0
./complex_md-fit_682.pdb BC A 7.41247 31.6696 -15.907 -9.429 -13.703 -24.6369 -0.965945 42.1026 -24.4986 3.06224 9.1273 2.72137 0 0 0 0.307308 4.50338 0 0 0 0 0 0.00567771 2.384 303 52 0 0 0
./complex_md-fit_683.pdb BC A 7.9877 29.4297 -2.39783 -9.44603 -7.6028 -25.0601 -0.769749 44.2174 -24.7239 9.03531 8.09063 3.67443 0 0 0 0.15832 3.18329 0 0 0 0 0 0.0286518 2.384 303 54 3 3 0
./complex_md-fit_684.pdb BC A 8.44636 31.8605 -13.111 -10.1447 -13.2483 -26.3796 -0.93877 46.2838 -26.3396 4.28164 9.86883 2.6149 0 0 0 0.872483 4.52555 0 0 0 0 0 0.0183529 2.384 303 55 0 0 0
./complex_md-fit_685.pdb BC A 7.02972 30.0405 -9.81931 -9.89998 -12.1379 -24.2624 -0.986174 42.02 -23.6068 6.56699 8.5502 3.16412 0 0 0 0.768375 2.88262 0 0 0 0 0 0.00425611 2.384 303 50 1 1 0
./complex_md-fit_686.pdb BC A 7.39481 25.1934 -5.25053 -9.38723 -12.4975 -24.2897 -0.841613 43.3056 -23.837 8.65641 9.04763 4.00312 0 0 0 0.570451 4.05951 -0.0122625 0 0 0 0 0.0316154 2.384 303 52 5 5 0
./complex_md-fit_687.pdb BC A 8.62945 34.569 -11.2128 -10.3845 -14.307 -23.9478 -1.04647 42.5886 -23.5018 6.75446 8.34997 4.04245 0 0 0 0.225716 2.61793 0 0 0 0 0 0.0136225 2.384 303 51 2 2 0
./complex_md-fit_688.pdb BC A 6.95472 45.3301 -10.0666 -9.89583 -14.0821 -24.0334 -1.12728 44.0076 -23.5248 4.99417 10.4806 2.61059 0 0 0 0.51368 2.85136 -0.0150829 0 0 0 0 0.00522112 2.384 303 52 0 0 0
./complex_md-fit_689.pdb BC A 11.5857 26.8336 -4.11328 -8.19864 -13.5928 -24.5403 -0.991902 46.0133 -23.4163 8.26712 8.37923 3.36488 0 0 0 0.58046 3.80491 -1.11022e-16 0 0 0 0 0.0215555 2.384 303 53 2 2 0
./complex_md-fit_68.pdb BC A 7.15258 30.9826 -15.7501 -6.77652 -15.1996 -23.7183 -0.916907 42.7782 -23.3174 1.88097 7.95479 1.148 0 0 0 0.416661 3.59323 0 0 0 0 0 0 2.384 303 51 0 0 0
./complex_md-fit_690.pdb BC A 6.84254 29.6627 -4.0406 -9.24713 -9.42406 -24.7811 -1.02621 45.3399 -23.8451 6.6322 8.61304 3.411 0 0 0 0.259106 2.94819 5.55112e-17 0 0 0 0 0.027771 2.384 303 57 1 1 0
./complex_md-fit_691.pdb BC A 7.26997 35.9713 -5.51433 -8.78019 -8.53579 -24.4292 -0.828083 43.6869 -23.8281 3.62034 8.25052 4.65176 0 0 0 0.681587 4.50507 -0.0140418 0 0 0 0 0.0100082 2.384 303 53 0 0 0
./complex_md-fit_692.pdb BC A 8.86812 31.3598 -9.00672 -8.4273 -11.4831 -24.0338 -0.648726 42.5388 -23.834 6.40937 6.91515 2.69222 0 0 0 0.877131 3.66402 -0.0125579 0 0 0 0 0 2.384 303 53 2 2 0
./complex_md-fit_693.pdb BC A 7.9808 31.1143 -7.39369 -9.5558 -9.67406 -23.7035 -0.87251 40.4578 -23.3853 6.68806 7.36211 4.94939 0 0 0 0.340161 3.01646 0 0 0 0 0 -1.11022e-16 2.384 303 50 1 1 0
./complex_md-fit_694.pdb BC A 8.98458 37.404 -13.4169 -10.2169 -13.513 -23.3203 -0.945718 40.9691 -22.5475 4.22441 8.10402 3.68507 0 0 0 0.143908 2.59627 0 0 0 0 0 0 2.384 303 52 0 0 0
./complex_md-fit_695.pdb BC A 12.7467 39.4634 1.40245 -8.43534 -11.8536 -26.1995 -1.05357 50.0603 -25.2885 10.6376 9.90439 3.48384 0 0 0 0.141852 2.93382 1.11022e-16 0 0 0 0 0.00492606 2.384 303 57 3 3 0
./complex_md-fit_696.pdb BC A 6.31139 37.6415 -3.77361 -8.95405 -12.4136 -25.1107 -1.03549 45.2561 -24.5862 7.53966 9.73519 5.03669 0 0 0 0.758746 3.19548 0 0 0 0 0 0 2.384 303 53 2 2 0
./complex_md-fit_697.pdb BC A 7.0082 38.5583 -14.6346 -11.2883 -12.8493 -24.3761 -0.798425 42.4322 -24.0413 4.34668 7.9484 3.35157 0 0 0 0.588837 2.91198 0 0 0 0 0 0.0510378 2.384 303 56 1 1 0
./complex_md-fit_698.pdb BC A 7.06083 33.6901 -4.36315 -9.3436 -12.2387 -24.8223 -0.845464 46.4048 -24.1966 7.08657 10.1698 3.23512 0 0 0 0.180807 4.92339 0 0 0 0 0 0.00637826 2.384 303 55 1 1 0
./complex_md-fit_699.pdb BC A 7.27552 34.1045 -5.50318 -9.65677 -9.19977 -24.2122 -0.753807 43.6014 -23.6881 6.86483 8.55742 2.44894 0 0 0 0.513625 2.75655 -0.0114217 0 0 0 0 0.0327259 2.384 303 51 1 1 0
./complex_md-fit_69.pdb BC A 8.42949 31.6248 -14.3689 -8.51873 -15.3886 -23.9222 -1.05468 42.3364 -23.6646 4.02032 9.93444 1.71722 0 0 0 0.157448 2.05182 0.0140671 0 0 0 0 0 2.384 303 51 0 0 0
./complex_md-fit_6.pdb BC A 6.97259 28.6694 -16.1835 -7.84258 -13.0161 -24.1272 -1.01824 41.3029 -23.599 2.02934 6.83451 3.08514 0 0 0 0.18123 2.2785 -0.0253061 0 0 0 0 0.0119081 2.384 303 50 0 0 0
./complex_md-fit_700.pdb BC A 7.42383 33.0921 -1.53162 -7.28393 -6.73403 -24.4778 -0.741524 44.7546 -24.3371 5.53911 7.23098 4.14777 0 0 0 0.377025 3.10729 -0.0117779 0 0 0 0 0.00502976 2.384 303 55 1 1 0
./complex_md-fit_701.pdb BC A 9.837 38.4353 -5.04368 -8.43494 -10.7422 -25.0102 -0.808748 45.8884 -24.4304 6.93095 7.94465 2.75461 0 0 0 0.857504 2.58948 -0.0119606 0 0 0 0 0.0186298 2.384 303 57 2 2 0
./complex_md-fit_702.pdb BC A 6.29849 34.5483 -7.8716 -8.91657 -15.3495 -26.4118 -0.743771 48.996 -25.4408 6.85876 10.1168 2.60051 0 0 0 0.435933 4.80568 -0.0171183 0 0 0 0 0 2.384 303 56 0 0 0
./complex_md-fit_703.pdb BC A 8.5873 29.6698 -4.13794 -10.3518 -14.3847 -25.4276 -0.782356 47.3528 -24.7101 8.19604 10.7877 4.40807 0 0 0 0.778942 4.02892 -0.00925717 0 0 0 0 0.00437352 2.384 303 54 1 1 0
./complex_md-fit_704.pdb BC A 8.78036 34.959 -2.90795 -8.38306 -10.012 -24.8146 -0.879584 43.4563 -24.3521 8.7983 8.29334 4.01096 0 0 0 0.953293 2.54927 0.0165068 0 0 0 0 0.00474763 2.384 303 55 3 3 0
./complex_md-fit_705.pdb BC A 7.59567 33.6366 -5.31652 -10.5203 -9.97316 -26.1639 -0.765811 48.3167 -25.5258 5.55774 9.25375 4.25348 0 0 0 0.260572 3.94051 -0.00983509 0 0 0 0 0 2.384 303 55 0 0 0
./complex_md-fit_706.pdb BC A 9.1558 38.7464 -1.58177 -7.57665 -13.7639 -24.9207 -0.955159 46.8001 -24.0992 9.18594 10.2487 3.27143 0 0 0 0.227749 2.81608 1.11022e-16 0 0 0 0 0 2.384 303 54 3 3 0
./complex_md-fit_707.pdb BC A 7.67193 32.8122 -1.47192 -7.75656 -10.7358 -25.5569 -0.792694 46.7815 -24.5621 9.4404 8.146 3.03301 0 0 0 0.52399 4.03792 -0.0114767 0 0 0 0 0.0186938 2.384 303 56 2 2 0
./complex_md-fit_708.pdb BC A 9.22295 35.3552 -2.8878 -8.30257 -10.4508 -25.3866 -0.68644 45.0195 -24.287 9.98286 8.49857 2.58139 0 0 0 0.152711 2.95772 -0.00957195 0 0 0 0 0 2.384 303 51 2 2 0
./complex_md-fit_709.pdb BC A 9.52806 34.5727 -10.9171 -7.94303 -12.8904 -24.9357 -0.994379 42.9619 -24.2156 5.77516 8.12074 2.95848 0 0 0 0.240025 2.31659 0 0 0 0 0 0.00565775 2.384 303 55 1 1 0
./complex_md-fit_70.pdb BC A 6.17371 33.3031 -10.4336 -5.95935 -13.7523 -23.1442 -0.758072 41.4764 -22.3479 2.2808 8.69199 2.40605 0 0 0 0.590156 3.08381 0.0827981 0 0 0 0 0 2.384 303 50 0 0 0
./complex_md-fit_710.pdb BC A 6.48849 35.0142 -13.2728 -10.5961 -16.9242 -24.4945 -0.802867 42.4127 -23.4993 6.41314 10.6591 2.95744 0 0 0 0.58632 2.4281 0 0 0 0 0 0.0155741 2.384 303 55 1 1 0
./complex_md-fit_711.pdb BC A 8.33035 38.7407 -3.31316 -8.26935 -11.3943 -24.2292 -0.870308 40.6942 -24.1247 10.2551 9.30321 4.84185 0 0 0 0.456363 2.92745 0 0 0 0 0 0.0238984 2.384 303 52 1 1 0
./complex_md-fit_712.pdb BC A 7.40661 40.2916 -2.3161 -8.17746 -12.127 -25.6159 -0.922207 45.9528 -24.8679 9.22162 8.75629 4.63804 0 0 0 0.834823 2.72345 -0.00926401 0 0 0 0 0 2.384 303 57 2 2 0
./complex_md-fit_713.pdb BC A 9.54355 28.5759 -3.94443 -10.1558 -10.9754 -25.2396 -0.854526 45.1179 -24.4172 8.73928 9.85816 3.70007 0 0 0 0.272892 2.53169 -0.00968322 0 0 0 0 0.0195223 2.384 303 53 4 4 0
./complex_md-fit_714.pdb BC A 8.32274 39.3495 -2.02332 -8.73155 -15.0778 -25.7591 -1.15389 48.6006 -24.0431 8.59477 10.7147 4.65614 0 0 0 0.182698 2.75113 -0.017532 0 0 0 0 0.0107703 2.384 303 55 3 3 0
./complex_md-fit_715.pdb BC A 8.06358 35.8332 -1.63898 -7.62812 -11.0691 -25.4421 -0.694377 46.797 -24.5865 8.10295 8.70838 3.98803 0 0 0 0.184773 3.80169 0 0 0 0 0 0 2.384 303 56 3 3 0
./complex_md-fit_716.pdb BC A 7.72749 27.1595 -7.56307 -9.60689 -17.645 -26.095 -0.925432 47.5621 -24.9306 9.77459 9.9218 4.04647 0 0 0 0.343973 2.69178 -0.0187545 0 0 0 0 0.0097397 2.384 303 57 4 4 0
./complex_md-fit_717.pdb BC A 9.77972 31.947 -6.55628 -9.35016 -14.1308 -26.566 -0.837605 48.1349 -25.8971 7.54691 10.3054 3.08126 0 0 0 1.13073 3.12725 0 0 0 0 0 0.0262978 2.384 303 56 2 2 0
./complex_md-fit_718.pdb BC A 8.17221 33.5106 -5.13314 -10.0741 -13.7235 -25.3353 -0.764189 46.763 -23.8443 8.00581 10.2956 2.91567 0 0 0 0.643509 4.26932 -0.0288845 0 0 0 0 0.0135502 2.384 303 51 1 1 0
./complex_md-fit_719.pdb BC A 9.45948 38.0851 -8.53163 -8.19603 -15.1249 -25.2465 -1.01016 44.3154 -23.8305 5.98512 9.84974 4.231 0 0 0 0.479832 2.65274 0 0 0 0 0 0.0152164 2.384 303 55 1 1 0
./complex_md-fit_71.pdb BC A 9.05765 31.4569 -11.9131 -7.73074 -13.2707 -24.1414 -0.987509 42.4003 -24.0412 5.55451 7.35963 2.2534 0 0 0 0.663952 2.46645 0.0266902 0 0 0 0 0 2.384 303 53 0 0 0
./complex_md-fit_720.pdb BC A 9.50302 35.5354 -11.6114 -9.81648 -15.0892 -25.8816 -1.07138 45.2719 -24.8857 4.98255 9.95525 4.04044 0 0 0 0.893313 2.57008 -0.0200869 0 0 0 0 0.00957261 2.384 303 55 2 2 0
./complex_md-fit_721.pdb BC A 8.84393 39.6637 -8.0372 -9.04013 -15.0857 -25.6743 -1.17335 46.7099 -25.1296 8.30398 10.0305 2.61986 0 0 0 0.368939 4.21681 0 0 0 0 0 0.0328406 2.384 303 52 2 2 0
./complex_md-fit_722.pdb BC A 6.78496 30.7576 -11.122 -8.29011 -16.3357 -25.3184 -0.750982 44.075 -24.6148 5.1156 10.8467 3.82957 0 0 0 0.334804 2.58574 -0.0136236 0 0 0 0 0 2.384 303 51 1 1 0
./complex_md-fit_723.pdb BC A 6.55424 38.396 -9.04601 -8.35263 -14.2573 -24.3426 -0.879406 42.3936 -24.0896 7.3894 10.2643 2.38827 0 0 0 0.449839 2.30819 -0.0098751 0 0 0 0 0 2.384 303 55 1 1 0
./complex_md-fit_724.pdb BC A 9.78817 30.205 -9.80297 -5.85159 -15.4943 -25.1797 -1.00762 43.362 -24.6259 6.09558 9.34598 3.09066 0 0 0 0.47448 4.04241 -0.012554 0 0 0 0 0 2.384 303 54 1 1 0
./complex_md-fit_725.pdb BC A 7.97416 35.4809 -7.68291 -7.89263 -11.4219 -25.2288 -0.896749 43.4866 -24.8628 7.57392 8.6168 2.61947 0 0 0 0.318131 3.83836 -0.0114452 0 0 0 0 0.016496 2.384 303 52 3 3 0
./complex_md-fit_726.pdb BC A 8.42639 34.4908 -8.57233 -7.59824 -13.6282 -25.8343 -0.969134 44.6237 -25.445 7.88327 9.21341 2.15643 0 0 0 1.04203 3.9209 -0.0162456 0 0 0 0 0 2.384 303 53 3 3 0
./complex_md-fit_727.pdb BC A 11.1066 30.2409 -15.9323 -11.1099 -16.4725 -25.2966 -1.08776 43.8869 -24.6477 4.59808 9.72914 3.4984 0 0 0 0.969581 2.77303 -3.1225e-17 0 0 0 0 0 2.384 303 53 0 0 0
./complex_md-fit_728.pdb BC A 8.60001 37.1579 -14.0335 -10.7132 -15.9213 -24.5983 -0.770046 43.7121 -23.764 5.7831 9.22568 2.34729 0 0 0 0.676964 3.06665 -0.0118017 0 0 0 0 0 2.384 303 50 0 0 0
./complex_md-fit_729.pdb BC A 7.2334 34.6824 -6.79019 -9.82736 -13.6599 -24.9307 -1.08042 46.7652 -23.9084 5.91775 9.40416 3.82734 0 0 0 0.717119 2.65094 -0.0150966 0 0 0 0 0 2.384 303 54 1 1 0
./complex_md-fit_72.pdb BC A 7.0539 36.8138 -15.9613 -7.76054 -16.4873 -24.1086 -0.737844 42.8516 -23.591 2.40834 8.35899 2.72147 0 0 0 0.344358 2.11112 0.0392263 0 0 0 0 0 2.384 303 52 0 0 0
./complex_md-fit_730.pdb BC A 6.11876 33.0387 -4.53411 -9.20547 -11.5519 -24.7465 -0.823671 44.4935 -24.1889 6.82378 9.90539 4.50513 0 0 0 0.254582 2.67538 0 0 0 0 0 1.11022e-16 2.384 303 53 1 1 0
./complex_md-fit_731.pdb BC A 6.36559 40.4045 -1.94745 -6.46628 -10.5696 -24.3314 -0.882253 45.7866 -23.8221 7.09888 8.73798 2.05068 0 0 0 0.46261 3.84982 -0.0126341 0 0 0 0 0 2.384 303 54 1 1 0
./complex_md-fit_732.pdb BC A 8.06854 31.1991 -5.83928 -7.97564 -12.9617 -24.1226 -1.0268 42.3642 -23.2844 8.11179 8.12394 4.63763 0 0 0 0.313291 2.65469 -0.0190529 0 0 0 0 0 2.384 303 54 2 2 0
./complex_md-fit_733.pdb BC A 8.49533 35.7902 -4.78873 -7.7987 -12.1972 -24.5295 -0.920128 44.3695 -23.9284 6.54923 9.35018 3.94531 0 0 0 0.384384 2.39879 -0.0133463 0 0 0 0 0 2.384 303 48 2 2 0
./complex_md-fit_734.pdb BC A 8.05524 28.1785 -5.06993 -7.20446 -12.9638 -25.3625 -0.876349 46.492 -24.4699 6.57561 9.40706 2.98026 0 0 0 0.381809 4.7789 -0.0296185 0 0 0 0 0 2.384 303 51 1 1 0
./complex_md-fit_735.pdb BC A 10.7298 32.3666 -1.38775 -7.71368 -9.74844 -25.3183 -1.03202 47.3487 -24.7519 7.92441 8.71219 3.12841 0 0 0 0.0723873 2.28401 -0.00939582 0 0 0 0 0 2.384 303 52 1 1 0
./complex_md-fit_736.pdb BC A 6.39227 37.1374 -8.71778 -10.5513 -13.0162 -25.4528 -0.872899 47.0841 -24.6723 6.7207 8.93328 2.89805 0 0 0 0.211624 2.83468 0 0 0 0 0 0 2.384 303 52 2 2 0
./complex_md-fit_737.pdb BC A 9.90704 31.3844 -8.52269 -9.50304 -13.4931 -25.9899 -0.88311 46.9841 -25.3258 5.11565 9.4839 4.61538 0 0 0 0.482836 4.44094 -0.00961558 0 0 0 0 0 2.384 303 51 0 0 0
./complex_md-fit_738.pdb BC A 9.00053 29.2095 -6.92059 -9.23775 -11.5568 -24.3965 -0.870986 43.6534 -23.6027 6.18196 8.09679 3.90283 0 0 0 0.909203 2.98501 -2.77556e-17 0 0 0 0 0 2.384 303 51 0 0 0
./complex_md-fit_739.pdb BC A 7.78611 36.7717 -7.59734 -9.36326 -14.427 -26.0477 -1.0003 46.7132 -25.2893 9.60679 8.47951 3.35406 0 0 0 0.387804 4.35152 -0.0110835 0 0 0 0 0 2.384 303 51 4 4 0
./complex_md-fit_73.pdb BC A 8.17309 33.1447 -15.4954 -6.14458 -17.9785 -23.9692 -1.09281 42.2627 -23.3699 4.19868 8.46024 1.88972 0 0 0 0.248199 2.79692 1.11022e-16 0 0 0 0 0 2.384 303 49 0 0 0
./complex_md-fit_740.pdb BC A 10.9193 33.9954 -16.6218 -9.76728 -13.2187 -24.4703 -0.891823 41.3572 -24.0428 4.07832 6.52568 3.60485 0 0 0 0.221475 3.8305 -0.0184254 0 0 0 0 0 2.384 303 52 0 0 0
./complex_md-fit_741.pdb BC A 7.66154 25.5214 -10.2774 -9.16886 -11.7347 -25.9768 -0.784188 47.106 -25.0549 3.84452 7.67624 3.11664 0 0 0 0.698627 3.30424 0 0 0 0 0 0 2.384 303 54 0 0 0
./complex_md-fit_742.pdb BC A 7.24952 31.7323 -5.1858 -8.63675 -10.2309 -25.1066 -0.85017 44.2494 -25.0143 10.0428 7.26029 2.89948 0 0 0 0.186839 3.0838 0.0141797 0 0 0 0 0 2.384 303 54 3 3 0
./complex_md-fit_743.pdb BC A 8.61081 36.415 -8.14392 -9.9014 -12.6956 -26.0983 -0.664455 47.289 -25.4267 6.06398 9.17575 3.55652 0 0 0 0.557298 3.11641 0 0 0 0 0 0 2.384 303 57 2 2 0
./complex_md-fit_744.pdb BC A 7.28397 31.6649 -6.98972 -10.1274 -9.9323 -24.2521 -0.968596 42.461 -23.8558 7.11128 7.53898 4.29254 0 0 0 0.742714 2.97538 0 0 0 0 0 0 2.384 303 55 2 2 0
./complex_md-fit_745.pdb BC A 9.40619 39.7322 -11.8839 -10.456 -15.6251 -24.4358 -0.768712 43.8421 -24.0373 3.77891 9.02613 5.12537 0 0 0 1.66096 2.89266 0 0 0 0 0 0.00550319 2.384 303 56 0 0 0
./complex_md-fit_746.pdb BC A 9.01766 39.6895 -8.9336 -9.86551 -12.6355 -24.9786 -0.925289 45.2957 -24.2487 5.17615 8.44515 3.80456 0 0 0 0.998435 4.03089 -5.55112e-17 0 0 0 0 0 2.384 303 52 2 2 0
./complex_md-fit_747.pdb BC A 9.02017 31.9264 -8.82683 -8.7899 -13.1855 -25.5042 -0.992345 45.6743 -25.0943 6.77013 8.4765 3.63915 0 0 0 0.133308 4.24224 -0.0119159 0 0 0 0 0.0579637 2.384 303 53 0 0 0
./complex_md-fit_748.pdb BC A 8.93548 34.2323 -6.50307 -9.82093 -12.7174 -24.884 -0.830048 43.4814 -24.8281 8.49528 10.2374 3.846 0 0 0 0.517321 4.20841 0 0 0 0 0 0 2.384 303 54 3 3 0
./complex_md-fit_749.pdb BC A 8.25739 28.2422 -11.5748 -8.74352 -14.8041 -23.8543 -1.05639 41.8533 -23.5302 5.56151 8.60289 4.19301 0 0 0 0.202941 2.72016 0 0 0 0 0 0 2.384 303 52 1 1 0
./complex_md-fit_74.pdb BC A 6.80827 34.0184 -11.0872 -8.05831 -10.2997 -23.0472 -0.81865 39.6012 -22.9007 5.74948 6.8621 1.64314 0 0 0 0.181426 2.0921 0 0 0 0 0 0 2.384 303 52 1 1 0
./complex_md-fit_750.pdb BC A 7.00386 21.2328 -5.2277 -9.18286 -11.8119 -24.9009 -0.913356 44.0691 -24.7866 7.84504 9.06666 5.28347 0 0 0 0.0942364 3.20462 0.00453617 0 0 0 0 0.00489744 2.384 303 52 2 2 0
./complex_md-fit_751.pdb BC A 7.23123 35.4818 -7.01676 -8.99323 -10.5156 -24.8227 -0.792247 44.1959 -24.3057 6.6535 7.67253 3.6581 0 0 0 0.242246 3.24174 -0.00958627 0 0 0 0 0 2.384 303 53 2 2 0
./complex_md-fit_752.pdb BC A 8.32769 37.8009 -7.08026 -7.42623 -12.1418 -25.7069 -0.846745 44.0524 -25.605 8.61303 8.32539 3.4942 0 0 0 0.170934 2.81601 -0.00957286 0 0 0 0 0 2.384 303 52 3 3 0
./complex_md-fit_753.pdb BC A 8.11378 24.9256 -9.89442 -9.81463 -13.526 -24.7863 -1.04667 44.993 -24.1501 5.60503 9.61365 2.88025 0 0 0 0.347364 2.83745 -0.0100177 0 0 0 0 0 2.384 303 50 1 1 0
./complex_md-fit_754.pdb BC A 8.49668 29.2048 -5.93949 -4.90096 -13.1242 -23.1382 -0.776683 41.3765 -23.4537 7.90827 7.96772 1.81561 0 0 0 0.386066 3.64829 0 0 0 0 0 0 2.384 303 54 2 2 0
./complex_md-fit_755.pdb BC A 8.4681 30.969 -0.41007 -6.56793 -8.75962 -23.3532 -0.681806 41.391 -23.0067 7.80855 8.56772 3.46194 0 0 0 0.7443 4.441 -0.0144535 0 0 0 0 9.18561e-05 2.384 303 50 3 3 0
./complex_md-fit_756.pdb BC A 8.19144 31.2908 2.02408 -6.14172 -11.9695 -24.0158 -0.716298 45.9972 -23.1564 10.3859 7.83822 3.38603 0 0 0 0.416505 2.75248 0 0 0 0 0 0 2.384 303 53 2 2 0
./complex_md-fit_757.pdb BC A 6.63408 29.5182 -12.929 -9.51298 -14.9798 -25.2571 -0.748317 43.4702 -24.7205 5.2312 9.39254 3.76703 0 0 0 0.440605 2.60056 -0.0118677 0 0 0 0 0 2.384 303 51 0 0 0
./complex_md-fit_758.pdb BC A 11.0727 36.5165 -14.8409 -10.4736 -14.1067 -22.8798 -0.716251 40.1314 -21.9767 3.52823 8.81696 2.48983 0 0 0 0.30812 2.20284 -0.0139335 0 0 0 0 0.0514409 2.384 303 53 1 1 0
./complex_md-fit_759.pdb BC A 6.80011 27.8142 -9.01643 -6.89502 -12.7286 -23.5936 -0.976571 41.5888 -23.0853 5.69061 7.92753 2.74264 0 0 0 0.318865 4.33445 -0.0104086 0 0 0 0 0.00465675 2.384 303 50 2 2 0
./complex_md-fit_75.pdb BC A 6.87373 28.3023 -12.8834 -7.45309 -12.4047 -23.7127 -0.977972 40.948 -23.6549 3.34177 8.75053 2.12579 0 0 0 0.134593 2.38418 0.0193137 0 0 0 0 0 2.384 303 49 0 0 0
./complex_md-fit_760.pdb BC A 7.39582 35.076 -7.74931 -8.76097 -12.943 -25.6747 -0.932263 44.7754 -25.2818 6.06139 10.3777 4.28406 0 0 0 0.321799 4.17222 1.11022e-16 0 0 0 0 0.0230907 2.384 303 57 0 0 0
./complex_md-fit_761.pdb BC A 7.29132 32.7628 -8.60596 -9.97381 -10.0573 -24.9222 -0.767515 44.3084 -24.6603 5.3588 7.8293 3.7243 0 0 0 0.553032 2.82062 0 0 0 0 0 0.00136608 2.384 303 52 1 1 0
./complex_md-fit_762.pdb BC A 9.17956 26.2635 -0.217095 -6.1121 -9.20362 -24.2735 -0.8391 43.3828 -23.8119 8.46836 7.92946 3.43643 0 0 0 0.790281 2.80639 -0.0126659 0 0 0 0 0.0285049 2.384 303 50 3 3 0
./complex_md-fit_763.pdb BC A 6.1304 30.6888 -10.5137 -9.45269 -11.2891 -25.4547 -0.889261 43.9796 -25.0394 5.65575 7.30684 3.84837 0 0 0 0.791199 2.96508 0 0 0 0 0 0.0297607 2.384 303 55 2 2 0
./complex_md-fit_764.pdb BC A 7.9471 31.4415 -9.18798 -8.0138 -9.99144 -23.3051 -0.642778 40.1993 -23.1727 3.39981 8.19423 3.49733 0 0 0 0.62216 2.8659 0.0136416 0 0 0 0 0.0114237 2.384 303 52 0 0 0
./complex_md-fit_765.pdb BC A 6.9184 27.9621 -7.0408 -8.1352 -10.4315 -25.32 -0.768556 44.7083 -25.4847 6.8789 8.01664 3.32254 0 0 0 0.141709 3.69762 0 0 0 0 0 0.0311181 2.384 303 55 2 2 0
./complex_md-fit_766.pdb BC A 8.03788 34.1703 -14.928 -11.033 -14.9408 -26.0393 -0.862142 46.3037 -25.6053 2.69429 9.50965 4.29078 0 0 0 0.747436 3.04417 0 0 0 0 0 0.00667881 2.384 303 53 0 0 0
./complex_md-fit_767.pdb BC A 6.39066 31.4906 -9.24771 -11.7797 -10.4748 -25.6675 -0.716268 45.8418 -25.8532 4.37097 9.71481 4.88409 0 0 0 0.413274 2.85771 0 0 0 0 0 0.0187103 2.384 303 55 0 0 0
./complex_md-fit_768.pdb BC A 8.43334 25.8577 -8.99865 -9.99813 -12.4032 -25.3873 -0.917845 43.5343 -25.5218 6.71787 10.2758 4.11477 0 0 0 0.569569 2.51715 -0.00948373 0 0 0 0 0.0267245 2.384 303 54 0 0 0
./complex_md-fit_769.pdb BC A 8.91281 28.018 -6.9113 -6.77684 -11.7543 -25.8257 -0.839996 46.6592 -25.5057 4.85218 8.69115 3.1657 0 0 0 0.410332 3.30122 -0.0124881 0 0 0 0 0.0251406 2.384 303 57 1 1 0
./complex_md-fit_76.pdb BC A 8.42056 41.6764 -12.9551 -7.7296 -13.528 -22.9881 -0.974118 40.1167 -22.3787 4.29929 7.16721 2.30882 0 0 0 0.747774 2.23915 -0.00912824 0 0 0 0 0.0126319 2.384 303 48 0 0 0
./complex_md-fit_770.pdb BC A 8.20436 34.8912 -9.21653 -9.66724 -10.2132 -24.858 -0.705371 43.1623 -24.8119 4.39663 8.66919 4.42465 0 0 0 0.375217 2.98182 -0.0135857 0 0 0 0 0.024837 2.384 303 54 0 0 0
./complex_md-fit_771.pdb BC A 7.73064 28.1333 -6.27564 -8.07381 -9.36176 -23.993 -0.764258 42.5591 -23.9538 5.32646 7.28282 4.18153 0 0 0 0.510277 3.44065 -0.0113442 0 0 0 0 0.0221528 2.384 303 53 0 0 0
./complex_md-fit_772.pdb BC A 8.89512 35.2801 -9.02191 -8.60833 -12.5193 -24.475 -0.869502 44.1123 -23.7928 4.70429 8.26084 3.67035 0 0 0 0.474415 4.68764 -0.012645 0 0 0 0 0.0334261 2.384 303 53 2 2 0
./complex_md-fit_773.pdb BC A 6.63465 32.1429 -6.73577 -9.80944 -11.7331 -25.9718 -0.657132 47.953 -25.027 5.3256 8.95522 3.95151 0 0 0 0.287837 3.75957 -0.0104908 0 0 0 0 0 2.384 303 56 0 0 0
./complex_md-fit_774.pdb BC A 7.53228 28.8734 -4.0274 -8.5425 -7.78009 -25.2978 -0.739046 46.443 -24.7292 5.78535 6.39595 3.66559 0 0 0 0.749263 2.84227 -0.0127307 0 0 0 0 0.0348892 2.384 303 53 1 1 0
./complex_md-fit_775.pdb BC A 6.03653 34.3187 -7.03968 -8.68123 -9.95099 -24.2892 -1.04789 45.2614 -23.9212 4.55186 7.58183 2.68823 0 0 0 0.730189 2.67295 0.0111178 0 0 0 0 0.0261796 2.384 303 53 1 1 0
./complex_md-fit_776.pdb BC A 11.8483 31.0967 -5.97622 -7.3366 -13.0149 -25.5905 -0.718505 46.251 -24.9482 6.49623 9.20178 3.52646 0 0 0 0.154389 2.98097 -0.0117563 0 0 0 0 0.0144009 2.384 303 58 0 0 0
./complex_md-fit_777.pdb BC A 10.3446 34.8004 -7.51716 -8.61075 -12.1131 -24.2006 -0.876538 42.7948 -24.2622 7.35142 9.34609 2.80734 0 0 0 0.242404 2.41783 -0.0136479 0 0 0 0 0.0176766 2.384 303 52 2 2 0
./complex_md-fit_778.pdb BC A 11.3153 35.7588 -7.00496 -9.13879 -10.7355 -26.1834 -0.711698 47.5111 -25.8784 6.00749 8.40141 3.04817 0 0 0 0.645848 3.9009 -0.00919933 0 0 0 0 0.0379267 2.384 303 58 1 1 0
./complex_md-fit_779.pdb BC A 7.50858 27.752 -10.8542 -11.9342 -10.914 -25.0384 -0.898916 44.321 -24.7078 3.97576 8.73956 5.19397 0 0 0 0.383905 3.21087 0 0 0 0 0 0.0249552 2.384 303 58 1 1 0
./complex_md-fit_77.pdb BC A 8.33847 34.2087 -5.57897 -5.0424 -12.1583 -22.9832 -0.923467 40.6367 -22.2623 7.22523 7.63572 2.09676 0 0 0 0.208361 2.71343 -0.0119643 0 0 0 0 0 2.384 303 47 0 0 0
./complex_md-fit_780.pdb BC A 5.80979 33.1338 -14.0495 -9.60406 -13.3242 -25.8289 -0.890711 45.5123 -25.4572 3.01324 9.2681 2.87758 0 0 0 0.392292 3.15551 -0.0144328 0 0 0 0 0.00643898 2.384 303 56 0 0 0
./complex_md-fit_781.pdb BC A 8.33879 37.3526 -12.9797 -10.1779 -12.505 -25.8934 -0.890509 45.8104 -25.303 2.72584 8.94257 3.92588 0 0 0 0.409328 2.91484 -0.0368409 0 0 0 0 0.0129099 2.384 303 54 0 0 0
./complex_md-fit_782.pdb BC A 9.53411 38.5073 -10.2308 -9.71373 -12.5144 -25.6316 -0.787103 43.8355 -25.3458 6.38411 9.53515 3.84763 0 0 0 0.138015 3.27616 5.55112e-17 0 0 0 0 0.0214024 2.384 303 54 2 2 0
./complex_md-fit_783.pdb BC A 8.99278 27.5328 -10.2006 -9.63335 -9.81916 -24.0222 -0.684878 43.1722 -23.6919 3.04702 8.06918 3.02618 0 0 0 0.266922 2.74202 0.00733398 0 0 0 0 0.0620619 2.384 303 53 0 0 0
./complex_md-fit_784.pdb BC A 9.11755 32.197 -12.5056 -9.57003 -11.7902 -24.2905 -0.915501 42.9336 -23.8127 3.68176 8.02795 2.87569 0 0 0 0.323016 2.6204 0 0 0 0 0 0.0313647 2.384 303 55 0 0 0
./complex_md-fit_785.pdb BC A 7.37872 37.3492 -12.7382 -7.54344 -8.58953 -23.6214 -0.664803 39.4304 -23.2729 4.15009 5.24978 2.04001 0 0 0 0.104228 2.76259 -0.0320999 0 0 0 0 0.0114439 2.384 303 53 1 1 0
./complex_md-fit_786.pdb BC A 7.93371 33.7659 -10.4644 -11.1489 -13.1934 -25.4173 -0.659892 44.977 -24.9368 5.81206 9.68456 3.73792 0 0 0 0.708523 2.99454 -0.0302877 0 0 0 0 0.00210504 2.384 303 53 1 1 0
./complex_md-fit_787.pdb BC A 7.65726 31.9522 -7.4971 -9.9856 -8.98384 -24.7802 -0.729229 45.2758 -24.5168 5.28486 7.92068 2.76693 0 0 0 0.212689 3.68007 -0.0110992 0 0 0 0 0.048644 2.384 303 53 0 0 0
./complex_md-fit_788.pdb BC A 7.42766 36.0328 -2.66992 -8.28859 -7.40778 -24.0272 -0.756235 42.7583 -23.8866 7.4838 6.63452 4.67523 0 0 0 0.122471 2.57369 -0.00301384 0 0 0 0 0.0251814 2.384 303 52 1 1 0
./complex_md-fit_789.pdb BC A 6.74415 27.9471 -7.41569 -6.6883 -5.62267 -24.6745 -0.496039 43.3708 -24.398 2.21059 5.35805 3.09271 0 0 0 0.408265 4.13823 0 0 0 0 0 0.0234179 2.384 303 52 0 0 0
./complex_md-fit_78.pdb BC A 8.43089 34.8532 -12.2173 -6.8155 -12.4434 -23.5092 -0.959417 41.2094 -22.9728 2.67437 7.8371 2.1996 0 0 0 0.535929 2.06698 0 0 0 0 0 0.026626 2.384 303 53 0 0 0
./complex_md-fit_790.pdb BC A 11.2031 39.185 -7.98471 -9.19828 -8.93456 -23.6564 -0.621723 43.3263 -23.1717 5.35837 5.77804 2.91753 0 0 0 0.192033 2.75642 0 0 0 0 0 0.0256661 2.384 303 49 1 1 0
./complex_md-fit_791.pdb BC A 8.79058 29.8026 -6.60431 -7.3979 -10.6053 -23.4231 -0.60426 41.5952 -23.6911 6.91797 7.28906 2.84108 0 0 0 0.481421 2.67218 -0.0135226 0 0 0 0 0.00606126 2.384 303 52 2 2 0
./complex_md-fit_792.pdb BC A 7.90952 36.6077 -2.28534 -9.30014 -8.20121 -24.9812 -0.700418 46.2552 -24.4745 6.73768 6.98005 4.531 0 0 0 0.827788 3.27892 -0.0303098 0 0 0 0 0.0708017 2.384 303 53 1 1 0
./complex_md-fit_793.pdb BC A 9.58153 45.258 -7.83322 -8.38104 -11.8084 -25.5363 -0.849775 44.5933 -25.6759 7.42208 8.80766 3.43954 0 0 0 0.126117 3.12154 1.11022e-16 0 0 0 0 0.0294966 2.384 303 52 1 1 0
./complex_md-fit_794.pdb BC A 7.41984 36.6478 -6.93632 -7.9751 -11.9117 -26.0931 -0.905336 47.8871 -25.6622 6.22218 8.54357 2.65032 0 0 0 0.326898 3.40584 -0.0304352 0 0 0 0 0.0115313 2.384 303 53 1 1 0
./complex_md-fit_795.pdb BC A 6.9163 33.1329 -5.88115 -7.66635 -10.8241 -25.3177 -0.802969 46.6599 -25.185 4.54424 8.34069 4.03923 0 0 0 0.293263 2.91028 0 0 0 0 0 0.037659 2.384 303 49 1 1 0
./complex_md-fit_796.pdb BC A 7.6882 38.3993 -6.2774 -7.96719 -10.6425 -26.4386 -0.927878 48.4148 -25.8716 5.2513 7.18161 4.47751 0 0 0 0.193182 4.17293 0 0 0 0 0 0.0520418 2.384 303 52 1 1 0
./complex_md-fit_797.pdb BC A 10.0404 31.5815 -3.24349 -7.74127 -8.38807 -25.7843 -0.875511 47.7522 -25.1759 5.54929 8.509 2.18918 0 0 0 0.721711 3.76868 -0.0153804 0 0 0 0 0.0155131 2.384 303 54 0 0 0
./complex_md-fit_798.pdb BC A 6.39055 31.5036 -8.72139 -7.48482 -10.4023 -24.6711 -0.931228 43.8299 -24.0425 3.70927 7.10452 3.32365 0 0 0 0.812423 2.86939 0 0 0 0 0 0.030783 2.384 303 53 0 0 0
./complex_md-fit_799.pdb BC A 7.70562 34.2608 -4.28243 -8.13802 -9.2364 -26.544 -0.937482 48.3791 -26.3863 6.41039 7.49347 4.04809 0 0 0 0.611762 3.03673 -0.0183722 0 0 0 0 0.0353842 2.384 303 51 1 1 0
./complex_md-fit_79.pdb BC A 8.76188 35.566 -16.0491 -7.84439 -15.9469 -22.9493 -0.971543 39.7128 -22.4815 3.05906 7.93441 2.89821 0 0 0 0.550119 2.09014 -0.0101784 0 0 0 0 0 2.384 303 49 0 0 0
./complex_md-fit_7.pdb BC A 7.55147 29.7894 -14.0606 -8.32706 -13.6278 -25.2428 -0.950721 45.0023 -24.8814 3.29987 8.53921 1.86526 0 0 0 0.282267 3.00472 -0.0198208 0 0 0 0 0 2.384 303 51 0 0 0
./complex_md-fit_800.pdb BC A 8.27166 36.4931 -2.37796 -8.26454 -9.06109 -26.4917 -0.798119 48.0869 -26.125 9.22425 7.5629 3.37576 0 0 0 0.0774964 3.6138 0 0 0 0 0 0.035257 2.384 303 56 3 3 0
./complex_md-fit_801.pdb BC A 8.67106 31.8989 -6.0178 -9.14693 -9.29999 -25.3673 -0.624496 47.0381 -25.485 5.6603 7.7148 3.27544 0 0 0 0.189277 3.55231 -5.55112e-17 0 0 0 0 0.0280689 2.384 303 54 0 0 0
./complex_md-fit_802.pdb BC A 7.90755 32.8803 -9.38302 -8.84963 -10.5745 -24.4546 -0.766017 43.3212 -24.4045 6.31442 7.13273 2.62305 0 0 0 0.252957 4.69536 0 0 0 0 0 0.0218639 2.384 303 54 1 1 0
./complex_md-fit_803.pdb BC A 8.35849 37.1847 -8.31402 -11.0874 -9.90109 -25.7419 -0.794895 46.8565 -25.7806 5.24428 8.83059 3.61198 0 0 0 0.419014 3.06224 0 0 0 0 0 0.0294825 2.384 303 55 1 1 0
./complex_md-fit_804.pdb BC A 10.6468 39.1767 -7.68327 -8.06139 -10.1196 -22.7999 -1.048 40.9523 -23.3152 4.26493 8.05109 4.25058 0 0 0 0.137997 3.02572 -0.0137038 0 0 0 0 0.0176349 2.384 303 53 1 1 0
./complex_md-fit_805.pdb BC A 7.68736 31.8033 -5.76006 -10.2908 -10.5714 -25.0245 -0.952638 44.5611 -24.9257 8.98866 6.53391 4.97781 0 0 0 0.930023 2.96908 1.11022e-16 0 0 0 0 0.0135764 2.384 303 54 3 3 0
./complex_md-fit_806.pdb BC A 8.88088 33.6292 -9.63991 -9.77787 -10.3605 -26.1164 -0.849859 47.2881 -25.5749 3.11292 8.63587 3.6547 0 0 0 0.321197 3.83878 1.11022e-16 0 0 0 0 0.0268198 2.384 303 53 0 0 0
./complex_md-fit_807.pdb BC A 6.91849 35.0261 -7.28217 -7.67739 -11.0728 -25.2634 -1.07324 45.6107 -24.8177 5.72012 6.90805 3.51965 0 0 0 0.84942 3.29642 -0.0119451 0 0 0 0 0.0262972 2.384 303 52 1 1 0
./complex_md-fit_808.pdb BC A 8.27664 28.3071 -5.43785 -10.991 -9.75473 -25.8616 -0.933244 46.7601 -25.3386 5.5097 9.07207 5.37146 0 0 0 0.70293 2.97869 -0.00948227 0 0 0 0 0.0346031 2.384 303 54 1 1 0
./complex_md-fit_809.pdb BC A 6.54788 28.8292 -3.37376 -8.27199 -9.90735 -24.6877 -0.895877 44.0383 -24.2529 7.39209 8.17814 4.23751 0 0 0 0.775112 2.76003 0 0 0 0 0 0.0208993 2.384 303 55 2 2 0
./complex_md-fit_80.pdb BC A 8.30333 34.3185 -11.6124 -7.83224 -13.5068 -24.2534 -0.9135 43.2995 -23.9002 5.42029 8.05891 1.8077 0 0 0 0.207439 2.1181 0 0 0 0 0 0 2.384 303 53 0 0 0
./complex_md-fit_810.pdb BC A 11.4702 39.9245 -6.78421 -7.0404 -10.8018 -24.1736 -0.918551 44.5603 -23.9794 4.78806 7.46896 3.12698 0 0 0 0.169141 4.07071 -0.0155554 0 0 0 0 0.0316438 2.384 303 52 1 1 0
./complex_md-fit_811.pdb BC A 11.7153 38.5091 -11.9287 -10.3783 -8.99323 -23.5903 -0.705511 41.0672 -23.4614 2.88376 7.06271 3.7342 0 0 0 0.427092 2.86122 0 0 0 0 0 0.0251078 2.384 303 54 0 0 0
./complex_md-fit_812.pdb BC A 10.0851 32.1653 -8.81981 -9.13907 -9.69023 -22.9489 -0.717192 40.7357 -23.1542 4.16928 7.72873 3.53651 0 0 0 0.633422 2.55116 2.77556e-17 0 0 0 0 0.0261525 2.384 303 47 1 1 0
./complex_md-fit_813.pdb BC A 8.86025 38.9837 -9.89144 -10.1335 -15.1929 -26.5859 -1.1631 46.9723 -26.3298 7.12138 10.1101 4.57356 0 0 0 0.66117 2.94244 -0.0141309 0 0 0 0 0.0893672 2.384 303 56 3 3 0
./complex_md-fit_814.pdb BC A 7.90487 28.522 -6.71529 -7.30283 -12.2819 -24.393 -1.11335 44.1976 -23.9415 5.28313 9.31532 3.01244 0 0 0 0.485099 2.68427 0 0 0 0 0 0.0236089 2.384 303 50 1 1 0
./complex_md-fit_815.pdb BC A 6.35718 36.9141 -2.71486 -8.38034 -11.2752 -24.4407 -1.05472 45.2546 -23.985 10.1951 7.82822 2.91312 0 0 0 0.164181 3.31509 0 0 0 0 0 0.0658621 2.384 303 54 3 3 0
./complex_md-fit_816.pdb BC A 9.37879 33.813 -11.9045 -7.62208 -14.29 -24.0896 -0.995727 42.6176 -24.1675 4.2356 8.67734 2.66073 0 0 0 1.03516 2.5911 0 0 0 0 0 0.0340831 2.384 303 53 0 0 0
./complex_md-fit_817.pdb BC A 9.35647 32.4015 -10.2332 -8.18572 -14.1659 -23.3739 -1.0023 43.6708 -22.809 2.80034 10.0559 2.18078 0 0 0 0.562246 3.19463 0 0 0 0 0 0.0334802 2.384 303 52 0 0 0
./complex_md-fit_818.pdb BC A 9.26678 34.6616 -9.16855 -7.52636 -11.8957 -23.4541 -0.89072 41.9816 -23.0561 3.26445 9.10998 3.0424 0 0 0 0.234182 2.6174 -0.0132997 0 0 0 0 0.0351896 2.384 303 49 0 0 0
./complex_md-fit_819.pdb BC A 8.06258 33.6134 -6.19733 -7.4754 -12.3764 -25.2251 -1.16325 45.2189 -25.1205 7.16995 8.92483 3.15802 0 0 0 0.655501 2.80076 0 0 0 0 0 0.0360849 2.384 303 53 2 2 0
./complex_md-fit_81.pdb BC A 8.13214 32.178 -8.64935 -6.75661 -11.035 -23.3804 -1.04115 40.4974 -23.3614 6.29564 6.59433 3.12176 0 0 0 0.4142 2.49682 -0.0106413 0 0 0 0 0.0125692 2.384 303 47 2 2 0
./complex_md-fit_820.pdb BC A 6.16814 35.8478 -4.80189 -7.41228 -13.0585 -25.6627 -1.0875 47.8752 -25.2965 6.188 9.72464 3.35392 0 0 0 0.527895 2.74876 0 0 0 0 0 0.0460152 2.384 303 54 1 1 0
./complex_md-fit_821.pdb BC A 10.4982 29.7088 -7.31119 -6.70107 -11.4526 -25.303 -0.93694 46.9081 -25.338 3.96923 8.31299 2.60494 0 0 0 0.578692 3.76284 -0.0145748 0 0 0 0 0.0609405 2.384 303 52 0 0 0
./complex_md-fit_822.pdb BC A 5.94992 35.36 -4.32478 -6.335 -13.5159 -24.5316 -0.973625 46.1962 -23.7856 4.02064 11.281 3.10196 0 0 0 0.194469 4.00895 0 0 0 0 0 0.0226301 2.384 303 57 1 1 0
./complex_md-fit_823.pdb BC A 8.70552 36.7053 -9.90427 -6.70658 -16.5628 -24.2538 -1.01809 43.4385 -24.3278 5.72677 10.5286 3.14039 0 0 0 0.122305 2.95408 -0.0272081 0 0 0 0 0.0354393 2.384 303 53 2 2 0
./complex_md-fit_824.pdb BC A 6.76417 25.3426 -5.13622 -7.5037 -9.52226 -24.2466 -1.03625 43.9316 -23.7393 4.73239 8.49118 3.3688 0 0 0 0.335482 3.31575 -0.0171056 0 0 0 0 0.0695876 2.384 303 55 1 1 0
./complex_md-fit_825.pdb BC A 6.78384 38.9713 -9.46629 -8.11721 -14.2242 -24.4339 -0.845853 42.4759 -24.4371 5.74693 10.0104 3.36957 0 0 0 0.977868 3.11832 -0.0150539 0 0 0 0 0.0263717 2.384 303 54 0 0 0
./complex_md-fit_826.pdb BC A 7.80919 35.4426 -8.21097 -7.9117 -13.2839 -26.6849 -1.20555 47.3028 -26.7395 5.22802 10.19 4.5842 0 0 0 0.265997 4.53072 0.00926122 0 0 0 0 0.0342785 2.384 303 54 1 1 0
./complex_md-fit_827.pdb BC A 7.82792 38.1402 3.8229 -6.11088 -9.73823 -25.3184 -1.12802 46.4985 -24.7106 10.5472 10.2774 3.03906 0 0 0 0.437248 2.85622 0 0 0 0 0 0.0295747 2.384 303 52 3 3 0
./complex_md-fit_828.pdb BC A 8.72929 37.5323 -7.74808 -6.45072 -13.0832 -25.6307 -1.14431 44.6549 -25.3399 5.41924 9.96347 3.5371 0 0 0 0.260923 2.70386 -0.0108923 0 0 0 0 0.075957 2.384 303 53 1 1 0
./complex_md-fit_829.pdb BC A 8.36973 36.9009 -10.2976 -8.47632 -11.7768 -24.4093 -0.910301 43.3387 -24.0274 2.41285 9.56762 2.92926 0 0 0 1.01348 2.46337 -0.0107084 0 0 0 0 0.0514148 2.384 303 52 0 0 0
./complex_md-fit_82.pdb BC A 6.41391 38.3467 -4.36722 -6.57294 -10.4203 -23.5638 -1.03814 43.8601 -22.7225 5.47822 8.50701 1.82202 0 0 0 0.293598 2.94421 -0.0103641 0 0 0 0 0 2.384 303 51 0 0 0
./complex_md-fit_830.pdb BC A 8.16816 31.653 -7.12066 -8.11893 -14.3078 -24.8695 -0.96131 45.0382 -24.7205 5.77451 10.7409 3.44526 0 0 0 0.822768 2.72018 0.0198182 0 0 0 0 0.0159103 2.384 303 55 1 1 0
./complex_md-fit_831.pdb BC A 9.56237 30.0737 -6.9045 -8.45719 -12.3325 -26.1195 -1.11236 48.1325 -25.9234 3.60743 10.7256 3.63094 0 0 0 0.951119 3.01279 -0.0450788 0 0 0 0 0.0378897 2.384 303 54 1 1 0
./complex_md-fit_832.pdb BC A 7.72242 33.088 -7.62199 -7.82366 -14.1471 -24.6904 -1.08958 44.3636 -24.8456 4.71168 11.382 3.42528 0 0 0 1.07717 2.66845 0 0 0 0 0 0.0146489 2.384 303 52 1 1 0
./complex_md-fit_833.pdb BC A 8.6059 37.0528 -9.83753 -8.06878 -10.5224 -25.3694 -0.874371 44.3202 -25.1905 3.28751 8.51332 3.45812 0 0 0 0.596892 3.03793 -0.0147702 0 0 0 0 0.0266225 2.384 303 54 0 0 0
./complex_md-fit_834.pdb BC A 9.22331 33.4529 -9.02761 -7.71519 -10.977 -25.0635 -0.773935 44.0262 -25.2955 3.26878 9.17163 4.16902 0 0 0 0.203231 3.88015 -0.0491021 0 0 0 0 0.00782108 2.384 303 53 0 0 0
./complex_md-fit_835.pdb BC A 10.4024 27.5649 -13.0385 -7.75984 -14.3071 -23.9728 -0.769253 41.1994 -24.258 3.22144 8.96309 3.95436 0 0 0 0.673643 5.09075 0 0 0 0 0 0.0166221 2.384 303 54 1 0 1
./complex_md-fit_836.pdb BC A 7.79217 31.9709 -11.5 -7.5461 -12.0123 -24.4459 -0.964801 41.0655 -24.7202 5.22781 8.9596 2.61499 0 0 0 0.326504 2.58373 -0.0107779 0 0 0 0 0.00578952 2.384 303 53 0 0 0
./complex_md-fit_837.pdb BC A 6.37358 32.3697 -6.20578 -7.79799 -11.0017 -25.0489 -1.15877 43.9293 -25.144 7.28783 9.15953 3.10606 0 0 0 0.417321 3.14733 -5.55112e-17 0 0 0 0 0.0455597 2.384 303 54 2 2 0
./complex_md-fit_838.pdb BC A 6.911 37.4536 -11.8171 -9.40075 -13.2636 -24.7585 -1.05678 43.24 -24.7859 6.16688 8.76508 3.05413 0 0 0 0.189831 3.41613 0 0 0 0 0 0.0325106 2.384 303 52 1 1 0
./complex_md-fit_839.pdb BC A 7.76748 35.0504 -8.48832 -9.21223 -11.4362 -24.1263 -0.818155 43.1626 -24.0938 3.8897 9.84064 3.49858 0 0 0 0.806789 3.28254 0 0 0 0 0 0 2.384 303 54 0 0 0
./complex_md-fit_83.pdb BC A 6.60985 40.103 -16.5466 -7.04822 -15.6332 -23.1425 -0.882914 40.253 -22.7796 1.37697 7.96641 2.6132 0 0 0 0.718261 3.21031 0.0120024 0 0 0 0 0 2.384 303 49 0 0 0
./complex_md-fit_840.pdb BC A 8.4291 32.4298 -12.4103 -9.45417 -12.0086 -24.219 -0.935873 39.81 -24.3954 5.51824 7.69196 4.32927 0 0 0 1.24268 2.82626 0 0 0 0 0 0.0107139 2.384 303 53 0 0 0
./complex_md-fit_841.pdb BC A 9.83754 35.1941 -10.7334 -7.52349 -13.9848 -23.4344 -0.975642 41.9095 -23.2098 3.64949 8.77218 3.47869 0 0 0 0.573242 2.89688 0 0 0 0 0 0.0116167 2.384 303 51 0 0 0
./complex_md-fit_842.pdb BC A 11.0705 33.775 -10.5386 -9.55892 -13.9226 -24.9273 -1.11692 45.2159 -24.8693 4.44442 8.7214 4.21597 0 0 0 1.25861 3.058 0 0 0 0 0 0 2.384 303 49 0 0 0
./complex_md-fit_843.pdb BC A 8.18361 43.4381 -7.12078 -8.59437 -12.2863 -24.7674 -0.972449 43.805 -24.5661 6.24765 9.92565 3.67258 0 0 0 0.410971 3.71996 -0.0101881 0 0 0 0 0.0141309 2.384 303 53 1 1 0
./complex_md-fit_844.pdb BC A 7.91583 36.8977 -7.3722 -8.00092 -8.7683 -24.2961 -0.868317 42.2782 -24.1687 5.28488 6.58001 3.84885 0 0 0 0.706132 3.25923 -0.0108463 0 0 0 0 0.0429793 2.384 303 53 0 0 0
./complex_md-fit_845.pdb BC A 8.94619 39.8071 -12.3037 -9.82783 -13.1282 -24.1627 -1.11193 42.7085 -23.6953 4.24178 9.08472 3.11173 0 0 0 0.457816 2.82716 -0.0104889 0 0 0 0 0.0282467 2.384 303 51 1 1 0
./complex_md-fit_846.pdb BC A 9.73486 38.322 -7.70553 -5.43131 -10.4812 -23.1709 -0.641382 40.8681 -23.0651 4.69181 5.75431 3.48841 0 0 0 0.259475 2.76289 1.11022e-16 0 0 0 0 0.0222066 2.384 303 50 0 0 0
./complex_md-fit_847.pdb BC A 10.446 32.4252 -11.9728 -7.44675 -13.8204 -23.8856 -0.912304 41.6267 -23.7275 3.26275 8.85806 3.78616 0 0 0 0.300211 3.79813 -0.0291151 0 0 0 0 0.0151418 2.384 303 52 0 0 0
./complex_md-fit_848.pdb BC A 9.67065 32.4466 -13.2994 -8.47438 -10.9314 -24.8576 -0.969485 41.7519 -24.9213 3.62872 7.70935 3.4343 0 0 0 0.285087 2.76911 0.0189313 0 0 0 0 0.026507 2.384 303 54 1 1 0
./complex_md-fit_849.pdb BC A 9.79557 36.5168 -17.5881 -9.13723 -16.1766 -25.2962 -1.20409 44.6926 -25.1897 2.43774 8.92374 3.01493 0 0 0 0.318372 3.31888 0 0 0 0 0 0.028333 2.384 303 55 0 0 0
./complex_md-fit_84.pdb BC A 7.36517 34.2332 -8.5951 -5.32024 -12.9591 -25.2034 -0.842812 43.9289 -25.3009 6.0278 8.52857 2.06916 0 0 0 0.467474 2.49315 0.00942493 0 0 0 0 0 2.384 303 49 0 0 0
./complex_md-fit_850.pdb BC A 7.17882 37.364 -4.58092 -6.05373 -9.4637 -24.415 -0.97903 45.7725 -23.7539 3.96274 7.34086 2.78554 0 0 0 0.19643 2.65669 -0.0280289 0 0 0 0 0.0543699 2.384 303 52 1 1 0
./complex_md-fit_851.pdb BC A 9.40902 36.084 -11.87 -8.92304 -12.4311 -24.4415 -0.934046 43.5509 -24.5807 4.54686 7.08661 3.42125 0 0 0 0.83317 3.10648 -0.00980063 0 0 0 0 0.0113405 2.384 303 53 1 1 0
./complex_md-fit_852.pdb BC A 8.34415 36.8836 -3.86625 -8.03223 -9.27041 -24.3623 -0.90859 43.0424 -24.5183 7.57711 7.98846 3.9381 0 0 0 0.681015 3.09803 -0.0185677 0 0 0 0 0.0170245 2.384 303 50 4 4 0
./complex_md-fit_853.pdb BC A 9.99075 34.7043 -1.86538 -7.25632 -9.83835 -25.1653 -0.852929 45.1228 -24.913 7.22897 8.83679 4.28534 0 0 0 0.656219 3.3519 0 0 0 0 0 0.0304232 2.384 303 54 1 1 0
./complex_md-fit_854.pdb BC A 8.20463 35.2153 -4.94898 -7.60731 -11.9142 -24.6832 -0.997394 44.1701 -24.25 7.24766 9.36599 3.35583 0 0 0 0.339637 2.80636 -0.00911072 0 0 0 0 0.0330187 2.384 303 54 2 2 0
./complex_md-fit_855.pdb BC A 9.78542 38.0684 -7.22959 -7.71935 -11.1461 -24.4105 -1.01326 43.8178 -24.3709 6.34792 7.18525 3.13297 0 0 0 0.898423 3.0314 0 0 0 0 0 0.0482005 2.384 303 53 2 2 0
./complex_md-fit_856.pdb BC A 10.9465 35.5472 -14.8705 -8.65132 -13.799 -25.0796 -1.10713 42.8731 -25.3351 4.16009 8.5273 3.29999 0 0 0 0.211601 2.85454 0 0 0 0 0 0.0295891 2.384 303 50 0 0 0
./complex_md-fit_857.pdb BC A 7.8288 33.4597 -7.7041 -7.44858 -12.5542 -24.9653 -1.15231 44.6215 -24.681 5.10806 8.84512 3.63958 0 0 0 0.860603 2.88316 -0.0144048 0 0 0 0 0.0369149 2.384 303 53 0 0 0
./complex_md-fit_858.pdb BC A 10.3497 35.0512 -7.75243 -6.53166 -9.68075 -24.2357 -0.917029 41.7458 -24.3916 3.36858 8.99098 3.74754 0 0 0 0.119966 2.73885 0 0 0 0 0 0.031458 2.384 303 53 0 0 0
./complex_md-fit_859.pdb BC A 11.2762 43.1294 -15.3722 -9.46174 -13.7916 -24.1989 -1.23454 42.7201 -23.9706 3.37024 8.46286 2.39442 0 0 0 0.324022 3.08395 -0.00916288 0 0 0 0 0.022661 2.384 303 54 0 0 0
./complex_md-fit_85.pdb BC A 8.14149 29.5465 -7.8851 -6.14416 -10.9665 -22.4108 -0.664574 38.8689 -22.0123 3.412 8.96739 2.39605 0 0 0 0.651569 1.96382 -0.00010109 0 0 0 0 0.0174392 2.384 303 49 0 0 0
./complex_md-fit_860.pdb BC A 7.63698 30.4138 -15.463 -8.96956 -12.2644 -25.1336 -0.912376 43.9378 -25.4836 1.43925 6.87982 4.23233 0 0 0 0.784289 3.95339 0 0 0 0 0 0.0270658 2.384 303 52 0 0 0
./complex_md-fit_861.pdb BC A 8.25118 35.4796 -12.9514 -7.26646 -11.5305 -25.9791 -1.04603 44.0416 -26.4207 3.37298 7.76985 3.69844 0 0 0 0.378391 3.14501 0 0 0 0 0 0.0302154 2.384 303 55 0 0 0
./complex_md-fit_862.pdb BC A 9.38846 31.6929 -8.31331 -7.51289 -11.8327 -23.0271 -1.08425 41.2695 -22.8561 4.47839 8.73372 3.22135 0 0 0 0.287901 2.77183 -0.00833621 0 0 0 0 0.0172413 2.384 303 52 0 0 0
./complex_md-fit_863.pdb BC A 7.42073 40.0805 -4.59832 -8.68883 -9.84876 -23.4595 -0.917454 41.0154 -23.5248 8.16143 7.73857 4.18618 0 0 0 0.711581 2.67921 0.0187335 0 0 0 0 0.0090973 2.384 303 51 3 3 0
./complex_md-fit_864.pdb BC A 8.26825 40.3154 -8.26466 -8.76359 -12.6074 -24.7786 -1.22056 44.7142 -24.7139 6.4554 8.43101 3.23335 0 0 0 0.918703 3.11817 -0.00958269 0 0 0 0 0.076306 2.384 303 55 0 0 0
./complex_md-fit_865.pdb BC A 6.07207 35.1302 -10.9637 -8.62833 -9.74197 -24.894 -0.879101 42.9371 -25.2163 4.92063 7.1271 3.04928 0 0 0 0.359768 3.24964 0 0 0 0 0 0.00214377 2.384 303 48 1 1 0
./complex_md-fit_866.pdb BC A 9.26932 29.6336 -14.3493 -8.27861 -14.6024 -24.368 -1.01604 41.2911 -24.9371 3.62349 10.1971 3.54098 0 0 0 0.172355 2.70141 1.11022e-16 0 0 0 0 0.0278427 2.384 303 56 1 1 0
./complex_md-fit_867.pdb BC A 7.58687 37.0727 -14.9582 -9.33326 -13.9077 -26.0529 -1.00108 44.9702 -26.3737 2.80241 9.63032 3.87554 0 0 0 0.415495 3.19241 -0.0107481 0 0 0 0 0.0272222 2.384 303 55 0 0 0
./complex_md-fit_868.pdb BC A 10.2543 35.8418 -8.83987 -8.25885 -13.2732 -25.429 -0.849592 43.6571 -25.7001 6.61207 9.25349 3.83059 0 0 0 1.24872 2.99362 0.0230074 0 0 0 0 0.0459842 2.384 303 57 2 2 0
./complex_md-fit_869.pdb BC A 8.09172 40.4935 -8.51148 -8.30123 -10.0944 -26.3645 -0.998589 44.3676 -26.5059 6.33705 8.166 4.57881 0 0 0 0.268084 3.10129 -1.38778e-17 0 0 0 0 0.0355873 2.384 303 53 2 2 0
./complex_md-fit_86.pdb BC A 8.07165 38.5943 -8.73749 -7.15272 -9.93142 -23.0466 -0.677265 40.0957 -23.1117 6.28051 6.70709 1.44281 0 0 0 0.666304 2.3435 -0.0148027 0 0 0 0 0.00465148 2.384 303 48 1 1 0
./complex_md-fit_870.pdb BC A 9.61539 28.8105 -11.0939 -6.85617 -10.9888 -25.8224 -0.926171 44.2976 -26.2503 3.00817 8.78043 2.98438 0 0 0 0.665608 4.63135 0 0 0 0 0 0.0138388 2.384 303 53 0 0 0
./complex_md-fit_871.pdb BC A 10.5971 26.6256 -10.4498 -8.45972 -13.6865 -25.4162 -0.896466 44.458 -25.556 6.57743 9.51566 2.65731 0 0 0 0.328125 2.98022 0 0 0 0 0 0.0285941 2.384 303 54 3 3 0
./complex_md-fit_872.pdb BC A 6.86645 36.2509 -4.44038 -6.40332 -10.2275 -24.9376 -0.974022 45.922 -24.7555 3.77655 8.51642 3.62568 0 0 0 0.953603 3.12146 0.022083 0 0 0 0 0.04114 2.384 303 56 1 1 0
./complex_md-fit_873.pdb BC A 8.95669 37.1961 -5.302 -6.71289 -10.7663 -26.1727 -0.754139 45.7362 -26.6566 8.1119 8.62489 3.00596 0 0 0 0.298013 3.59409 -0.0409404 0 0 0 0 0.0245738 2.384 303 54 0 0 0
./complex_md-fit_874.pdb BC A 9.63761 35.2735 -11.6667 -8.17562 -14.0184 -26.7555 -0.856272 45.4051 -27.2071 7.17271 9.00722 3.44363 0 0 0 0.288028 3.26369 0 0 0 0 0 0.0294498 2.384 303 55 0 0 0
./complex_md-fit_875.pdb BC A 12.3734 43.9306 -7.71464 -8.2909 -10.0809 -25.6566 -0.834722 45.5919 -26.1699 5.68583 8.21604 3.01714 0 0 0 0.802022 4.40534 0 0 0 0 0 0.00533079 2.384 303 54 3 3 0
./complex_md-fit_876.pdb BC A 8.19216 36.2225 -8.02777 -7.96423 -12.0839 -26.3447 -1.25844 47.3867 -26.3462 5.36078 9.18751 3.77876 0 0 0 0.235623 3.7452 -0.0116609 0 0 0 0 0.0319115 2.384 303 55 0 0 0
./complex_md-fit_877.pdb BC A 9.68035 36.0342 -9.39157 -6.91426 -15.2283 -26.2553 -1.13264 47.4965 -25.9216 4.45334 9.82946 3.29639 0 0 0 0.984832 4.41458 0 0 0 0 0 0 2.384 303 55 0 0 0
./complex_md-fit_878.pdb BC A 7.97134 26.7928 -9.55688 -6.81087 -11.0029 -25.2352 -0.914513 44.6725 -25.4327 4.62567 6.90281 3.34312 0 0 0 0.273587 3.49656 0 0 0 0 0 0.0216334 2.384 303 54 1 1 0
./complex_md-fit_879.pdb BC A 9.10628 40.2726 -14.3392 -9.27867 -12.6867 -26.3965 -0.922729 45.155 -26.7461 4.43517 7.90562 3.81905 0 0 0 0.376722 4.0958 0 0 0 0 0 0 2.384 303 50 1 1 0
./complex_md-fit_87.pdb BC A 6.80327 34.3376 -14.3918 -7.91366 -15.2926 -23.2827 -1.143 41.3632 -22.9079 3.75758 7.81089 2.55049 0 0 0 0.680435 1.97087 -0.0146322 0 0 0 0 0 2.384 303 47 1 1 0
./complex_md-fit_880.pdb BC A 10.4285 34.5676 -12.8178 -8.76412 -11.5661 -24.898 -0.961956 42.3122 -25.8621 3.48254 9.8105 3.42555 0 0 0 0.201822 3.26337 0 0 0 0 0 0.00194923 2.384 303 52 0 0 0
./complex_md-fit_881.pdb BC A 8.15523 34.9021 -9.78224 -7.46724 -10.1173 -25.2932 -0.830962 44.6659 -25.5857 2.95047 8.14521 3.58765 0 0 0 0.106558 2.6834 0 0 0 0 0 0.0563099 2.384 303 53 0 0 0
./complex_md-fit_882.pdb BC A 8.80037 37.4487 -6.39253 -9.44628 -9.01715 -26.0147 -0.965402 46.2877 -26.3037 7.2279 8.26363 3.3552 0 0 0 0.198857 3.13042 0 0 0 0 0 0.0214181 2.384 303 55 1 1 0
./complex_md-fit_883.pdb BC A 8.62932 37.0861 -11.9755 -9.23703 -12.0755 -25.7568 -0.864865 44.9219 -25.545 4.19461 7.92333 3.78818 0 0 0 0.61145 2.72668 0 0 0 0 0 0.0642786 2.384 303 52 1 1 0
./complex_md-fit_884.pdb BC A 5.79282 40.4805 -9.57819 -7.13947 -14.0928 -23.7139 -0.978433 42.3908 -23.6699 5.23766 8.95343 3.05118 0 0 0 0.294743 3.08679 0 0 0 0 0 0.0884993 2.384 303 51 2 2 0
./complex_md-fit_885.pdb BC A 8.49235 36.3525 -6.37416 -7.70963 -10.6918 -25.225 -0.915409 44.4711 -24.9663 5.68869 9.61645 3.12643 0 0 0 0.193517 2.78988 -5.55112e-17 0 0 0 0 0.0376667 2.384 303 54 2 2 0
./complex_md-fit_886.pdb BC A 11.3814 31.137 -4.25975 -7.76447 -9.64891 -25.3606 -0.987923 46.5658 -25.3067 6.11956 7.61983 3.9524 0 0 0 0.512212 2.8473 -0.0101602 0 0 0 0 0.0491477 2.384 303 53 1 1 0
./complex_md-fit_887.pdb BC A 7.87899 32.7905 -9.50182 -8.13126 -12.0196 -25.5659 -0.955382 46.76 -25.474 4.76937 7.408 2.90422 0 0 0 0.710105 2.80502 -1.11022e-16 0 0 0 0 0.0925262 2.384 303 54 1 1 0
./complex_md-fit_888.pdb BC A 9.78298 41.5775 -12.5443 -8.48396 -9.15832 -22.4081 -0.713217 38.795 -22.8419 2.88304 5.8397 3.33142 0 0 0 0.175771 2.70798 -0.0134669 0 0 0 0 0.0498144 2.384 303 50 0 0 0
./complex_md-fit_889.pdb BC A 7.55634 33.4655 -10.7674 -7.90488 -11.5753 -26.949 -1.01801 46.4028 -27.2297 5.82152 7.55418 3.11981 0 0 0 0.963787 3.53439 0 0 0 0 0 0.0473563 2.384 303 56 2 2 0
./complex_md-fit_88.pdb BC A 6.53953 30.9688 -18.9705 -7.70534 -17.3425 -23.751 -1.02621 40.6752 -23.6169 1.60828 8.97577 2.92583 0 0 0 0.278734 2.02866 0.00763246 0 0 0 0 0 2.384 303 50 0 0 0
./complex_md-fit_890.pdb BC A 10.2799 35.5285 -10.8668 -8.62114 -10.4436 -24.8843 -0.794287 43.3167 -25.271 5.50834 7.32388 2.63905 0 0 0 0.367614 3.24756 -0.0338615 0 0 0 0 0.0257795 2.384 303 53 1 1 0
./complex_md-fit_891.pdb BC A 8.04929 31.8295 -9.42377 -7.40668 -9.51906 -25.6436 -0.824301 46.3619 -26.046 3.25055 6.79403 3.32046 0 0 0 0.233759 4.21528 0.0187438 0 0 0 0 0.0364597 2.384 303 52 0 0 0
./complex_md-fit_892.pdb BC A 9.7841 43.6227 -12.8812 -8.49508 -12.4634 -25.9175 -0.832731 44.1468 -26.7373 3.58541 8.22734 4.45408 0 0 0 1.12426 3.82586 0 0 0 0 0 0.0269408 2.384 303 53 1 1 0
./complex_md-fit_893.pdb BC A 7.9421 31.1303 -13.3619 -10.7396 -13.4797 -24.9549 -0.80823 42.1155 -25.3656 5.72101 9.42977 4.21427 0 0 0 0.486249 2.77702 0 0 0 0 0 0.0193215 2.384 303 52 3 3 0
./complex_md-fit_894.pdb BC A 6.39767 32.5155 -12.9657 -10.2424 -13.267 -25.5592 -0.988392 42.8821 -26.2214 6.30173 9.88643 3.41268 0 0 0 0.830702 3.00494 -0.0302931 0 0 0 0 0.0292768 2.384 303 53 1 1 0
./complex_md-fit_895.pdb BC A 9.31609 32.2474 -11.0823 -7.31234 -11.0931 -24.7733 -1.05997 42.941 -24.9715 4.05898 7.17686 3.63024 0 0 0 0.289946 3.09551 0 0 0 0 0 0.0308625 2.384 303 52 0 0 0
./complex_md-fit_896.pdb BC A 8.51927 38.3775 -4.90978 -7.43879 -10.2324 -25.7311 -1.01171 44.1619 -26.1669 10.2303 8.06274 3.07596 0 0 0 0.138622 2.57698 -0.0288544 0 0 0 0 0.0305143 2.384 303 56 3 3 0
./complex_md-fit_897.pdb BC A 8.21059 34.2741 -13.2837 -8.46689 -11.373 -24.8226 -0.997505 42.472 -25.1897 2.89825 7.94066 4.05714 0 0 0 0.185418 2.75209 -0.0232302 0 0 0 0 0.035875 2.384 303 52 0 0 0
./complex_md-fit_898.pdb BC A 10.1297 40.2005 -18.3688 -10.8982 -12.0676 -25.2182 -0.902143 41.6394 -25.8182 3.1791 7.71293 3.57623 0 0 0 0.411889 2.95459 -0.0123025 0 0 0 0 0.0282213 2.384 303 51 0 0 0
./complex_md-fit_899.pdb BC A 8.07273 31.0853 -12.2532 -10.4757 -11.6913 -25.6113 -0.936157 44.9205 -26.2204 5.4042 8.8249 3.30616 0 0 0 0.213698 3.35914 -0.013534 0 0 0 0 0.025612 2.384 303 52 1 1 0
./complex_md-fit_89.pdb BC A 6.87098 35.7709 -6.12773 -4.8977 -12.1329 -23.223 -1.04181 42.2508 -22.4697 4.69805 7.74617 2.39029 0 0 0 0.530468 3.29818 0.0216484 0 0 0 0 0 2.384 303 48 0 0 0
./complex_md-fit_8.pdb BC A 6.67702 36.2425 -13.8788 -8.25582 -13.6839 -25.0434 -1.09417 43.2618 -24.901 5.9859 6.67859 2.10191 0 0 0 1.08865 2.2773 -0.0174336 0 0 0 0 0 2.384 303 51 2 2 0
./complex_md-fit_900.pdb BC A 7.85847 40.8967 -9.98906 -8.15103 -10.8337 -25.1455 -0.841636 44.189 -25.6538 4.30317 8.28236 3.20126 0 0 0 0.668974 2.83839 -0.0256645 0 0 0 0 0.017485 2.384 303 53 2 2 0
./complex_md-fit_901.pdb BC A 7.79443 26.4168 -9.73788 -8.65463 -9.92446 -24.7516 -0.78858 43.7897 -25.1906 4.00519 7.62866 3.66709 0 0 0 0.451527 3.45379 0 0 0 0 0 0.0297557 2.384 303 51 0 0 0
./complex_md-fit_902.pdb BC A 8.19763 34.8502 -16.4135 -9.26924 -14.8977 -25.2893 -0.720934 44.1092 -25.7791 3.03487 8.70117 3.49091 0 0 0 0.219466 4.37812 -0.0311444 0 0 0 0 0.0182939 2.384 303 54 1 1 0
./complex_md-fit_903.pdb BC A 8.22058 34.5869 -13.4373 -7.03393 -12.9581 -24.8631 -0.920141 41.593 -25.2539 4.64774 7.83092 2.73249 0 0 0 0.76563 2.66774 0 0 0 0 0 0.0220718 2.384 303 54 0 0 0
./complex_md-fit_904.pdb BC A 8.11795 31.4171 -8.70007 -7.35842 -10.9171 -24.9478 -0.802712 42.4234 -25.7325 7.56689 7.38218 2.85546 0 0 0 0.836625 2.74926 -0.0106356 0 0 0 0 0.00455999 2.384 303 55 2 2 0
./complex_md-fit_905.pdb BC A 11.2764 31.4839 -7.133 -7.75825 -9.69017 -24.6905 -0.88279 43.1279 -24.8978 6.92539 7.72745 2.76867 0 0 0 0.231632 3.06849 -0.0117596 0 0 0 0 0.0172049 2.384 303 53 1 1 0
./complex_md-fit_906.pdb BC A 9.86186 30.9089 -12.6172 -10.0815 -11.5755 -25.0575 -0.595741 43.3464 -25.1212 4.13408 7.19614 4.38082 0 0 0 0.784501 2.96163 -0.0276984 0 0 0 0 0 2.384 303 52 0 0 0
./complex_md-fit_907.pdb BC A 7.43972 36.8165 -7.72411 -6.56038 -9.56482 -24.391 -0.818287 42.732 -24.6451 4.80292 7.29306 2.80434 0 0 0 0.630741 3.48622 -0.0350083 0 0 0 0 0.0274188 2.384 303 50 2 2 0
./complex_md-fit_908.pdb BC A 8.26209 31.7665 -8.94853 -8.96027 -9.89569 -24.4649 -0.886651 42.0526 -24.6723 6.2373 7.93719 3.43695 0 0 0 0.270114 3.29147 -0.0216225 0 0 0 0 0.0187919 2.384 303 54 3 3 0
./complex_md-fit_909.pdb BC A 7.8335 36.52 -12.1056 -8.52419 -10.457 -25.6402 -0.792951 43.7352 -26.0703 3.70926 7.10407 4.30836 0 0 0 0.513038 3.27321 -0.0134892 0 0 0 0 0.0226327 2.384 303 50 2 2 0
./complex_md-fit_90.pdb BC A 8.07699 33.9227 -3.19704 -4.61691 -9.38647 -21.4652 -0.786621 39.7492 -20.8868 2.84659 8.98344 2.19497 0 0 0 0.170704 2.71901 0 0 0 0 0 0 2.384 303 49 0 0 0
./complex_md-fit_910.pdb BC A 9.30974 32.2527 -9.96011 -8.41442 -11.383 -25.2672 -0.868476 44.1836 -25.7964 6.31328 8.10972 2.58813 0 0 0 0.554671 4.49742 0 0 0 0 0 0.0200834 2.384 303 52 2 2 0
./complex_md-fit_911.pdb BC A 8.23458 32.858 -8.3058 -7.94073 -10.5548 -26.5952 -0.898733 47.6613 -26.73 6.30764 7.22985 2.73336 0 0 0 0.503427 3.31458 -0.0516805 0 0 0 0 0.0297213 2.384 303 52 2 2 0
./complex_md-fit_912.pdb BC A 8.94476 33.0142 -5.93155 -6.0345 -11.755 -25.0955 -0.934865 44.9954 -25.0735 5.66804 8.35479 3.20603 0 0 0 0.703101 4.57716 0 0 0 0 0 0.0344907 2.384 303 52 1 1 0
./complex_md-fit_913.pdb BC A 9.67524 33.2012 -1.99079 -6.4982 -7.87036 -25.0862 -0.830721 44.7789 -25.1008 6.815 7.88205 3.35242 0 0 0 0.579583 3.92741 -0.01859 0 0 0 0 0.00612709 2.384 303 53 1 1 0
./complex_md-fit_914.pdb BC A 6.64864 30.8542 -10.2988 -7.39634 -11.0239 -24.1207 -0.928821 42.3203 -24.1743 3.48564 7.41562 2.86598 0 0 0 1.24803 3.52749 -0.0260959 0 0 0 0 0.0358075 2.384 303 50 2 2 0
./complex_md-fit_915.pdb BC A 7.39567 38.6991 -8.77342 -7.67172 -12.0136 -24.835 -0.980589 43.5103 -24.6743 6.32741 7.11337 3.26707 0 0 0 1.19251 2.8405 -0.0292468 0 0 0 0 0.0203691 2.384 303 52 0 0 0
./complex_md-fit_916.pdb BC A 8.78852 30.7539 -5.66453 -7.52966 -11.0696 -26.5322 -0.930869 45.4853 -26.8084 7.44766 9.68739 3.43844 0 0 0 1.11671 2.99692 0 0 0 0 0 0.0306823 2.384 303 52 2 2 0
./complex_md-fit_917.pdb BC A 8.71754 34.2175 -7.46956 -6.96974 -11.6185 -25.5963 -0.927434 44.6784 -26.32 5.98882 8.65583 4.39923 0 0 0 0.20097 2.89178 0 0 0 0 0 0.0392504 2.384 303 52 1 1 0
./complex_md-fit_918.pdb BC A 10.8719 39.5323 -9.64541 -7.99192 -11.5257 -26.286 -0.896636 45.7858 -26.9092 5.32406 8.41859 3.89459 0 0 0 0.5559 2.74533 -0.0148666 0 0 0 0 0 2.384 303 52 1 1 0
./complex_md-fit_919.pdb BC A 8.70245 34.8306 -5.33706 -7.70313 -9.18409 -25.0862 -0.911517 44.2469 -24.7594 6.2865 7.03253 3.8803 0 0 0 0.786896 2.94258 0 0 0 0 0 0.07417 2.384 303 55 1 1 0
./complex_md-fit_91.pdb BC A 7.93887 41.8386 -8.30967 -6.71753 -11.9797 -23.5535 -0.900334 41.3952 -22.956 5.35954 8.38371 2.13764 0 0 0 0.507651 2.01096 0.0136586 0 0 0 0 0 2.384 303 49 2 2 0
./complex_md-fit_920.pdb BC A 9.42809 30.3972 -11.7489 -8.84744 -12.3256 -25.7462 -1.00467 43.6649 -26.2445 5.56981 8.45234 3.88497 0 0 0 0.817267 2.96222 0 0 0 0 0 0.0301833 2.384 303 53 1 1 0
./complex_md-fit_921.pdb BC A 8.8291 31.7856 -9.35772 -7.80541 -11.6302 -22.6049 -0.846056 40.8972 -22.0748 4.04728 7.00116 3.26078 0 0 0 0.39575 2.54427 -0.0347751 0 0 0 0 0.0362575 2.384 303 50 0 0 0
./complex_md-fit_922.pdb BC A 10.5647 28.4194 -13.7541 -10.2994 -13.3487 -25.695 -0.720473 43.658 -25.9935 4.9749 7.90361 5.15198 0 0 0 0.613839 2.97793 -0.0252375 0 0 0 0 0.0258653 2.384 303 53 0 0 0
./complex_md-fit_923.pdb BC A 6.7614 33.0683 -8.90997 -8.64095 -11.3933 -24.3298 -0.906975 43.2197 -24.818 4.45279 8.61935 3.85856 0 0 0 1.05644 2.71226 -0.033037 0 0 0 0 0.00527205 2.384 303 53 1 1 0
./complex_md-fit_924.pdb BC A 8.36336 28.6992 -10.0074 -8.99265 -9.28553 -24.8842 -0.735353 44.005 -25.3469 3.89736 7.90013 3.04919 0 0 0 0.372096 4.39991 0 0 0 0 0 0.0135054 2.384 303 51 0 0 0
./complex_md-fit_925.pdb BC A 7.10281 33.8314 -10.3661 -8.32358 -10.5192 -24.9757 -0.77709 43.2809 -25.4594 4.81251 7.50289 3.25002 0 0 0 0.860556 3.51867 -0.0281261 0 0 0 0 0.0101468 2.384 303 55 0 0 0
./complex_md-fit_926.pdb BC A 9.64194 42.5847 -14.8704 -10.2519 -12.6663 -24.2394 -0.85041 42.2067 -24.8299 3.44534 7.99239 3.76844 0 0 0 0.551876 3.84539 -0.0132703 0 0 0 0 0.016042 2.384 303 50 0 0 0
./complex_md-fit_927.pdb BC A 10.8092 36.9664 -10.0324 -9.71299 -10.7172 -24.8574 -0.832025 44.5288 -25.2542 4.68851 8.07068 3.20142 0 0 0 0.844536 3.34392 -0.0145708 0 0 0 0 0.0220507 2.384 303 55 0 0 0
./complex_md-fit_928.pdb BC A 8.72366 42.2417 -19.846 -11.2025 -14.5477 -25.2424 -0.854851 43.2368 -25.7736 1.46847 9.27276 2.88918 0 0 0 0.884223 3.11091 0 0 0 0 0 0.0235647 2.384 303 55 0 0 0
./complex_md-fit_929.pdb BC A 14.0777 34.9381 -9.17532 -9.72112 -13.4302 -25.3682 -1.08562 46.773 -25.467 5.86442 9.36388 3.73797 0 0 0 0.133977 4.09928 0.0235574 0 0 0 0 0 2.384 303 55 1 1 0
./complex_md-fit_92.pdb BC A 6.92609 35.5009 -13.3685 -8.007 -15.1721 -23.3142 -0.976626 40.3364 -22.7673 4.92907 8.20249 2.91841 0 0 0 0.463489 2.3401 0.0188592 0 0 0 0 0 2.384 303 51 0 0 0
./complex_md-fit_930.pdb BC A 6.54477 31.7948 -9.00787 -10.3096 -8.47878 -24.4074 -0.789879 43.343 -24.8106 2.80226 8.4376 4.33162 0 0 0 0.863765 3.49829 -0.00991356 0 0 0 0 0.0199716 2.384 303 48 1 1 0
./complex_md-fit_931.pdb BC A 8.67249 36.8291 -12.0862 -8.20327 -14.5899 -24.8613 -0.895139 45.5813 -24.5307 3.78692 9.22237 2.23539 0 0 0 0.149023 2.86686 -0.0107754 0 0 0 0 0.0298904 2.384 303 52 0 0 0
./complex_md-fit_932.pdb BC A 7.45803 33.7343 -3.80743 -7.12472 -10.7365 -25.1552 -1.02501 45.5573 -24.8104 7.89663 8.49443 2.79826 0 0 0 0.287704 2.61104 -0.014297 0 0 0 0 0.0243112 2.384 303 52 1 1 0
./complex_md-fit_933.pdb BC A 9.33317 31.2222 -10.0058 -8.07432 -10.792 -24.3494 -0.944071 42.3367 -24.5003 6.0496 7.23747 2.49234 0 0 0 0.521584 2.63151 0 0 0 0 0 0.0166485 2.384 303 52 0 0 0
./complex_md-fit_934.pdb BC A 8.70709 34.5815 -10.9524 -9.21784 -14.4059 -24.3473 -1.11678 43.5975 -23.5675 5.3024 9.75895 2.72306 0 0 0 0.308653 2.68486 -0.0370011 0 0 0 0 0.0492808 2.384 303 54 0 0 0
./complex_md-fit_935.pdb BC A 9.37389 35.71 0.829121 -7.01265 -11.1778 -24.8862 -0.979301 45.7799 -24.4048 10.7154 7.95239 3.73805 0 0 0 1.07642 3.00056 0.0029855 0 0 0 0 0.0247615 2.384 303 52 3 3 0
./complex_md-fit_936.pdb BC A 8.2368 39.9396 -5.79972 -10.4801 -10.5734 -25.1164 -1.1161 43.6595 -25.3466 10.6608 8.43607 3.8795 0 0 0 0.129911 2.71721 -0.0135524 0 0 0 0 0.0807577 2.384 303 55 2 2 0
./complex_md-fit_937.pdb BC A 8.02195 35.3837 -5.06001 -7.73171 -9.57162 -24.1234 -0.81847 44.295 -24.2232 6.15123 7.01248 3.33543 0 0 0 0.580816 2.88326 0 0 0 0 0 0.0334617 2.384 303 54 2 2 0
./complex_md-fit_938.pdb BC A 7.12631 36.6264 -9.88382 -9.5379 -11.8816 -25.8265 -0.758385 47.3343 -25.6994 5.29509 7.5845 2.90711 0 0 0 0.708091 3.18792 -0.0378157 0 0 0 0 0.0287498 2.384 303 55 1 1 0
./complex_md-fit_939.pdb BC A 9.24697 30.4878 -8.58582 -8.33669 -11.6442 -26.1347 -0.8534 47.2557 -26.0613 4.17362 8.76753 3.92028 0 0 0 0.380273 3.77631 -0.0710647 0 0 0 0 0.0181152 2.384 303 54 0 0 0
./complex_md-fit_93.pdb BC A 8.56737 37.222 -11.3358 -6.8973 -11.4883 -22.6145 -0.880978 40.1408 -22.314 2.64916 8.00866 1.63167 0 0 0 0.428849 2.25794 0 0 0 0 0 0 2.384 303 48 0 0 0
./complex_md-fit_940.pdb BC A 8.21727 33.956 -8.77329 -7.50268 -13.071 -24.9265 -1.04845 44.2131 -24.7793 5.61221 8.56742 3.22009 0 0 0 0.948877 2.74458 -0.0405871 0 0 0 0 0.0334428 2.384 303 51 2 2 0
./complex_md-fit_941.pdb BC A 9.24263 42.998 -9.67538 -6.75116 -12.2562 -24.6019 -0.819483 42.4795 -24.9767 6.69811 7.40763 2.88688 0 0 0 0.25485 3.08372 0 0 0 0 0 0.00316859 2.384 303 49 1 1 0
./complex_md-fit_942.pdb BC A 8.56141 33.155 -12.7868 -7.26374 -15.2015 -26.1869 -1.18175 47.4638 -25.8999 3.64579 8.84312 2.70428 0 0 0 0.325404 3.05847 -0.0602908 0 0 0 0 0.0249314 2.384 303 53 0 0 0
./complex_md-fit_943.pdb BC A 10.2429 34.601 -13.6702 -8.82475 -10.6026 -25.126 -0.773109 43.6478 -25.465 2.51889 6.86726 3.39014 0 0 0 0.676132 2.9414 -0.0278572 0 0 0 0 0.0489644 2.384 303 55 0 0 0
./complex_md-fit_944.pdb BC A 11.9668 40.3803 -9.9794 -8.49986 -10.9631 -24.0972 -0.601633 43.3567 -23.8165 5.03567 6.5292 2.81253 0 0 0 0.247242 3.00005 0 0 0 0 0 0.0175503 2.384 303 52 0 0 0
./complex_md-fit_945.pdb BC A 7.11223 39.6476 -7.76646 -7.65962 -13.6304 -25.8709 -0.969544 46.5302 -25.5923 7.36267 8.39858 2.72051 0 0 0 0.944038 4.86615 -0.00965105 0 0 0 0 0.00990015 2.384 303 54 4 3 1
./complex_md-fit_946.pdb BC A 11.421 38.369 -13.6875 -7.79498 -13.3293 -25.2772 -0.895499 44.2175 -25.4654 3.10033 8.04936 3.13315 0 0 0 0.580622 2.79546 -0.0251889 0 0 0 0 0.0191883 2.384 303 52 0 0 0
./complex_md-fit_947.pdb BC A 7.9129 28.9722 -3.34423 -5.4103 -10.0674 -24.9968 -0.554535 45.9771 -25.2606 5.87429 6.79907 3.29079 0 0 0 0.996406 4.1105 -0.0263701 0 0 0 0 0.0341519 2.384 303 51 1 1 0
./complex_md-fit_948.pdb BC A 7.27528 40.1541 0.195176 -4.14299 -9.69609 -25.5368 -0.79636 47.2299 -25.4749 8.93506 6.85008 2.65783 0 0 0 0.141325 4.11504 0.01994 0 0 0 0 0.00816697 2.384 303 53 3 3 0
./complex_md-fit_949.pdb BC A 9.27077 34.034 -9.7724 -8.48874 -8.91845 -23.1058 -0.531809 40.6262 -23.6747 4.96418 6.22125 2.74617 0 0 0 0.328375 2.93739 0.0295634 0 0 0 0 0.0314389 2.384 303 52 0 0 0
./complex_md-fit_94.pdb BC A 9.41814 34.6215 -17.4796 -8.7302 -16.0282 -23.16 -0.968443 39.8922 -22.7786 2.80775 8.82396 2.43255 0 0 0 0.214945 2.00781 0.0143646 0 0 0 0 0 2.384 303 48 0 0 0
./complex_md-fit_950.pdb BC A 8.48402 35.3931 0.808992 -5.29978 -7.33353 -25.7032 -0.750537 46.5773 -25.9617 9.07815 6.55253 3.36817 0 0 0 0.306027 3.3621 -0.0244435 0 0 0 0 0 2.384 303 52 3 3 0
./complex_md-fit_951.pdb BC A 6.24151 27.3565 -4.63695 -5.75603 -7.13171 -24.706 -0.528811 45.1245 -25.3245 3.50662 6.35358 3.35868 0 0 0 0.462198 4.53297 -0.0125239 0 0 0 0 0.0170465 2.384 303 53 0 0 0
./complex_md-fit_952.pdb BC A 11.3124 30.1756 -4.91744 -6.82232 -8.39905 -25.525 -0.81526 46.3054 -25.8667 6.80813 5.8197 3.04546 0 0 0 0.543887 4.66531 -0.0218665 0 0 0 0 0.0101499 2.384 303 54 2 2 0
./complex_md-fit_953.pdb BC A 8.04966 30.4387 -4.93622 -7.23516 -6.42531 -25.641 -0.818664 45.5768 -25.8137 6.17623 5.6853 3.34307 0 0 0 0.213102 4.1876 -0.0100959 0 0 0 0 0.0131448 2.384 303 53 2 2 0
./complex_md-fit_954.pdb BC A 6.56561 39.8353 -7.30293 -6.65248 -9.53818 -25.5049 -0.790602 44.9411 -25.6391 5.7886 6.66935 3.09278 0 0 0 0.323593 3.87063 -0.0235194 0 0 0 0 0.0304585 2.384 303 55 1 1 0
./complex_md-fit_955.pdb BC A 12.2521 38.9294 -14.8556 -8.8376 -12.9797 -26.5835 -0.951458 46.2697 -26.8973 4.55989 7.01627 2.96551 0 0 0 0.549975 3.13391 0 0 0 0 0 0.0324891 2.384 303 56 0 0 0
./complex_md-fit_956.pdb BC A 8.82252 39.0263 -6.61151 -9.53336 -9.06375 -26.377 -0.8238 48.2261 -26.4739 5.62491 7.39615 3.51974 0 0 0 0.861665 3.53793 -2.77556e-17 0 0 0 0 0.0317249 2.384 303 54 1 1 0
./complex_md-fit_957.pdb BC A 7.90251 36.9884 -6.94042 -9.18121 -10.0601 -26.6176 -0.932605 47.6163 -26.3602 7.43468 7.49856 2.98129 0 0 0 0.662688 3.38174 -0.0173381 0 0 0 0 0.0351395 2.384 303 55 3 3 0
./complex_md-fit_958.pdb BC A 8.57861 42.6437 -6.02584 -7.84897 -9.41781 -25.3877 -0.775367 44.6126 -25.4698 7.30809 7.38402 2.87767 0 0 0 0.677536 3.44235 -0.0239989 0 0 0 0 0.0378169 2.384 303 57 1 1 0
./complex_md-fit_959.pdb BC A 8.70131 34.2003 -3.27966 -7.07354 -8.63241 -24.5231 -0.814188 45.2806 -24.5545 5.53271 7.1646 3.36277 0 0 0 0.966482 3.12137 -0.0126036 0 0 0 0 0.0235027 2.384 303 56 0 0 0
./complex_md-fit_95.pdb BC A 6.57567 35.0511 -13.8 -6.19722 -14.3795 -24.3236 -0.778171 42.1754 -24.3503 4.33317 7.95267 1.12008 0 0 0 0.660323 3.38232 -0.0128978 0 0 0 0 0 2.384 303 53 0 0 0
./complex_md-fit_960.pdb BC A 9.58357 33.5231 -5.97226 -7.77302 -12.6235 -26.5664 -0.979058 48.0536 -26.3725 7.55006 8.67396 3.45354 0 0 0 0.606878 3.67249 -0.0231711 0 0 0 0 0.0273438 2.384 303 54 2 2 0
./complex_md-fit_961.pdb BC A 6.46116 35.8254 1.22941 -8.9624 -11.1338 -26.8816 -0.968388 52.9051 -26.1416 10.9201 7.57412 3.3893 0 0 0 0.527558 3.52624 -0.0284265 0 0 0 0 0.0295527 2.384 303 56 2 2 0
./complex_md-fit_962.pdb BC A 7.00586 29.7641 -5.39716 -7.17809 -9.15068 -25.35 -0.63907 46.3289 -25.4111 5.0355 7.20752 3.26546 0 0 0 0.482492 4.46745 0 0 0 0 0 0.0119158 2.384 303 54 2 2 0
./complex_md-fit_963.pdb BC A 6.64305 39.3088 -10.2481 -8.98325 -12.8135 -25.6855 -0.789737 47.0994 -25.3671 5.12033 7.94581 2.85553 0 0 0 0.377648 4.45843 -0.0384345 0 0 0 0 0.0306642 2.384 303 55 1 1 0
./complex_md-fit_964.pdb BC A 9.1045 38.9739 -12.8598 -9.49819 -16.9652 -27.2209 -0.947992 50.3329 -26.6375 4.84686 9.35981 3.65799 0 0 0 0.199279 3.46189 0.00616163 0 0 0 0 0.00686494 2.384 303 55 0 0 0
./complex_md-fit_965.pdb BC A 10.7355 34.5957 -2.17516 -8.1022 -11.355 -26.3685 -0.776314 50.6399 -26.1378 6.66332 7.9207 5.0141 0 0 0 0.329749 4.51457 -0.0218581 0 0 0 0 0.0188325 2.384 303 53 0 0 0
./complex_md-fit_966.pdb BC A 8.88353 29.4547 -2.99235 -7.20255 -6.80477 -26.7025 -0.885197 48.2546 -27.1135 6.81186 7.16721 3.27176 0 0 0 0.171893 5.62095 0 0 0 0 0 0.0388381 2.384 303 51 2 2 0
./complex_md-fit_967.pdb BC A 9.88889 33.1655 -9.02875 -8.72161 -11.1585 -27.0538 -0.956619 47.535 -27.4281 5.61114 8.44523 4.16272 0 0 0 0.528569 3.26805 -0.0129665 0 0 0 0 0.0202063 2.384 303 59 1 1 0
./complex_md-fit_968.pdb BC A 8.69021 27.5474 -3.67536 -7.25055 -8.50666 -26.0139 -0.920463 47.1187 -26.5073 6.77857 7.30928 3.71562 0 0 0 0.613533 3.31296 -0.0298979 0 0 0 0 0.017596 2.384 303 54 2 2 0
./complex_md-fit_969.pdb BC A 8.93353 36.8043 -5.18876 -7.2101 -7.96301 -26.1073 -0.759266 46.7868 -26.7949 4.81486 7.33875 4.27783 0 0 0 0.441194 4.76841 -0.0262557 0 0 0 0 0.0125764 2.384 303 56 1 1 0
./complex_md-fit_96.pdb BC A 7.34744 37.8525 -12.5186 -6.81297 -13.7512 -24.176 -0.858477 42.9656 -24.0179 3.30815 9.20322 1.31565 0 0 0 0.283611 2.50582 0.0218276 0 0 0 0 0 2.384 303 52 0 0 0
./complex_md-fit_970.pdb BC A 6.99039 35.4668 -10.9242 -6.43932 -9.25712 -25.1793 -0.841332 44.4406 -25.4164 2.25091 6.22386 3.16925 0 0 0 0.127504 4.0921 -0.0299324 0 0 0 0 0.0270222 2.384 303 54 0 0 0
./complex_md-fit_971.pdb BC A 10.6755 29.8693 -9.06866 -8.85963 -10.0567 -25.0132 -0.690699 44.6055 -25.0164 3.79562 6.4648 4.33381 0 0 0 1.34623 3.22803 0 0 0 0 0 0.0219171 2.384 303 53 0 0 0
./complex_md-fit_972.pdb BC A 8.95675 28.3487 -7.31611 -7.39073 -9.4784 -25.7517 -0.661715 44.8577 -26.1884 6.48493 6.61617 3.73706 0 0 0 0.43844 4.73363 0 0 0 0 0 0.0204486 2.384 303 54 2 2 0
./complex_md-fit_973.pdb BC A 6.76025 30.0589 -3.14704 -9.16167 -7.84501 -25.8727 -0.77186 48.2828 -25.6268 8.35405 6.61283 2.69867 0 0 0 0.186534 3.32424 -0.0263307 0 0 0 0 0.0224393 2.384 303 52 1 1 0
./complex_md-fit_974.pdb BC A 8.16364 32.8243 -1.64792 -7.43866 -7.0418 -24.8007 -0.859094 43.9607 -24.9381 8.49282 6.0119 4.35703 0 0 0 0.606552 2.95585 -0.012008 0 0 0 0 0.0134609 2.384 303 52 2 2 0
./complex_md-fit_975.pdb BC A 10.7697 37.5708 -2.70688 -6.69673 -7.83219 -25.785 -0.944629 46.0267 -26.3997 6.56107 8.34041 3.66181 0 0 0 0.340611 3.79915 -0.0115502 0 0 0 0 0.0322902 2.384 303 54 1 1 0
./complex_md-fit_976.pdb BC A 9.1845 32.0291 -7.39729 -8.00546 -8.96156 -24.7519 -0.82749 43.1242 -25.4519 6.22452 6.95596 4.19151 0 0 0 0.104231 3.10618 -0.0287244 0 0 0 0 0.0293133 2.384 303 55 1 1 0
./complex_md-fit_977.pdb BC A 9.20625 40.9536 -4.4389 -7.31852 -8.87209 -24.7729 -0.834333 43.9514 -25.119 7.14206 7.14106 3.42069 0 0 0 0.79743 3.52704 -0.00382029 0 0 0 0 0.0290748 2.384 303 55 0 0 0
./complex_md-fit_978.pdb BC A 7.98696 43.9453 -6.75476 -8.88808 -5.70219 -26.0326 -0.822275 45.8849 -26.5715 4.19684 6.79831 3.60112 0 0 0 0.753134 3.27843 0 0 0 0 0 0.0276254 2.384 303 54 0 0 0
./complex_md-fit_979.pdb BC A 7.75035 29.4495 -4.83222 -7.45974 -7.79233 -24.3177 -0.768985 42.6481 -24.2434 6.4584 6.78239 3.12699 0 0 0 0.713587 2.92876 0 0 0 0 0 0.0203832 2.384 303 55 1 1 0
./complex_md-fit_97.pdb BC A 8.77844 40.7195 -15.3442 -7.34491 -17.0148 -24.778 -1.01813 41.7466 -24.4222 5.88752 8.78596 2.26851 0 0 0 0.52805 3.00295 0.0131823 0 0 0 0 0.00401262 2.384 303 53 1 1 0
./complex_md-fit_980.pdb BC A 7.8109 36.8968 -6.24723 -9.67109 -11.0215 -25.3853 -0.827042 45.559 -25.494 8.41748 6.95584 4.25103 0 0 0 0.938001 2.98464 -0.0238176 0 0 0 0 0.0542125 2.384 303 52 2 2 0
./complex_md-fit_981.pdb BC A 12.125 40.5554 -4.41863 -7.84533 -8.6231 -25.2617 -0.749883 45.0848 -25.5756 7.98825 6.60152 3.56874 0 0 0 0.358583 3.15553 -1.11022e-16 0 0 0 0 0.0350435 2.384 303 53 0 0 0
./complex_md-fit_982.pdb BC A 8.79156 45.6048 -13.6016 -8.99378 -12.8491 -25.8759 -1.01848 45.2877 -25.7039 2.92064 7.71491 4.02377 0 0 0 0.88561 3.15896 -0.0267756 0 0 0 0 0.0335596 2.384 303 51 0 0 0
./complex_md-fit_983.pdb BC A 9.43123 34.1567 -8.01247 -7.71877 -12.7934 -25.5096 -1.10904 45.2813 -25.259 7.5722 7.37798 3.89187 0 0 0 0.241522 5.55789 -0.0246958 0 0 0 0 0.0372646 2.384 303 52 1 1 0
./complex_md-fit_984.pdb BC A 8.55384 37.2436 -6.9978 -8.40422 -9.44918 -25.198 -1.01409 44.3266 -25.5499 6.42225 7.25725 3.74346 0 0 0 0.85295 3.05925 -0.0210931 0 0 0 0 0.0362035 2.384 303 52 2 2 0
./complex_md-fit_985.pdb BC A 7.8333 36.801 -6.40275 -7.97344 -9.04597 -25.6539 -0.583603 45.5869 -25.8371 6.48208 6.84793 2.93345 0 0 0 0.860661 3.05395 -0.0492619 0 0 0 0 0.0296253 2.384 303 54 0 0 0
./complex_md-fit_986.pdb BC A 7.9203 28.9146 -1.07388 -7.31092 -9.43263 -24.8497 -1.01401 45.7806 -24.5725 8.2677 8.40574 2.79146 0 0 0 0.841783 2.87115 -0.0111934 0 0 0 0 0.029838 2.384 303 55 3 3 0
./complex_md-fit_987.pdb BC A 6.79467 33.0054 -3.42194 -8.32158 -8.61652 -26.555 -0.912726 49.37 -26.443 6.04055 8.19476 3.47978 0 0 0 0.318474 4.55196 -0.0116545 0 0 0 0 0.03503 2.384 303 52 1 1 0
./complex_md-fit_988.pdb BC A 7.21537 37.6207 -2.51749 -6.52034 -9.67093 -25.9275 -0.794441 48.4956 -25.6513 5.31088 8.70012 2.93086 0 0 0 0.610081 3.1861 -0.0225848 0 0 0 0 0.0220862 2.384 303 52 2 2 0
./complex_md-fit_989.pdb BC A 8.62304 29.3899 -7.69185 -7.6629 -8.31622 -25.7976 -0.751676 45.0975 -26.0024 5.45629 6.0858 3.58647 0 0 0 0.58166 3.3704 0 0 0 0 0 0.0311748 2.384 303 52 1 1 0
./complex_md-fit_98.pdb BC A 6.25525 33.0259 -9.70642 -5.55541 -13.6946 -22.7161 -0.782261 41.482 -22.4532 4.4051 7.53215 1.39894 0 0 0 0.652798 3.37199 0.0241116 0 0 0 0 0 2.384 303 50 0 0 0
./complex_md-fit_990.pdb BC A 8.65363 33.285 -7.1086 -7.12905 -10.8862 -25.8947 -0.924987 46.8966 -26.2769 6.04647 6.54348 3.65953 0 0 0 0.845103 4.53238 -0.0251218 0 0 0 0 0.0371415 2.384 303 53 1 1 0
./complex_md-fit_991.pdb BC A 9.73313 33.1194 -9.04064 -8.14721 -9.22065 -25.8661 -0.823287 46.0033 -26.045 3.81202 7.3093 3.5114 0 0 0 0.400642 3.77096 -0.00389571 0 0 0 0 0.0288326 2.384 303 52 0 0 0
./complex_md-fit_992.pdb BC A 8.91053 31.4929 -3.89628 -7.66978 -9.8073 -26.3799 -0.906757 48.0672 -26.5649 8.32892 7.47399 2.97676 0 0 0 0.578831 5.0291 -0.0303529 0 0 0 0 0.0369735 2.384 303 51 2 2 0
./complex_md-fit_993.pdb BC A 10.4946 34.3453 -5.66648 -8.67318 -10.7012 -26.2672 -1.0311 47.7065 -26.2742 9.89373 6.59678 2.9166 0 0 0 0.176591 4.19048 -0.0303168 0 0 0 0 0.020427 2.384 303 53 3 3 0
./complex_md-fit_994.pdb BC A 9.29115 28.9283 -12.6639 -8.27554 -11.9367 -26.4003 -0.861731 45.2733 -26.5017 5.35275 6.77901 3.00003 0 0 0 0.895418 3.70698 -0.0246691 0 0 0 0 0.0361587 2.384 303 52 1 1 0
./complex_md-fit_995.pdb BC A 9.45808 29.1226 -10.9246 -7.8317 -9.62767 -24.3292 -0.85903 41.6943 -24.8765 3.98776 6.39681 4.16937 0 0 0 0.363911 3.24162 -0.0290679 0 0 0 0 0.0165483 2.384 303 53 0 0 0
./complex_md-fit_996.pdb BC A 6.77201 34.1493 -12.3663 -8.08422 -13.3505 -25.2113 -0.961672 44.6477 -25.3718 4.23565 7.44151 4.0007 0 0 0 0.259792 3.99798 -0.0265245 0 0 0 0 0.0542606 2.384 303 55 0 0 0
./complex_md-fit_997.pdb BC A 8.48501 33.6083 -4.57963 -5.44736 -9.77561 -24.9528 -0.989008 45.9866 -25.3922 5.01357 7.72163 2.95366 0 0 0 0.290293 2.95627 -0.0241348 0 0 0 0 0.0357275 2.384 303 56 1 1 0
./complex_md-fit_998.pdb BC A 8.96962 38.7541 -15.2219 -9.48919 -13.7293 -25.9112 -0.900172 45.5762 -26.0773 4.45029 7.66134 3.04108 0 0 0 0.12842 3.87661 0 0 0 0 0 0.0279426 2.384 303 54 0 0 0
./complex_md-fit_999.pdb BC A 7.35314 34.4992 -3.7009 -7.33074 -13.703 -27.1509 -1.06356 49.8075 -26.6854 9.54776 8.83477 3.74199 0 0 0 0.282619 5.15624 -0.0113384 0 0 0 0 0.0295117 2.384 303 53 1 1 0
./complex_md-fit_99.pdb BC A 7.11492 38.4872 -6.40375 -6.24656 -13.085 -22.7925 -0.907035 42.3814 -21.9422 4.52142 9.10304 2.07183 0 0 0 0.502228 2.11769 -0.0104014 0 0 0 0 0 2.384 303 54 0 0 0
./complex_md-fit_9.pdb BC A 9.06482 30.7142 -13.432 -7.57187 -14.9722 -24.3495 -1.03592 41.9011 -23.63 5.52944 7.4373 2.66685 0 0 0 0.610725 2.36342 -0.0227138 0 0 0 0 0.00479551 2.384 303 50 2 2 0
