./complex_md-fit_1000.pdb BC A 6.74449 32.95 -15.2481 -7.83385 -16.0447 -24.3227 -0.907068 41.1718 -24.1299 5.03225 9.12183 2.4065 0 0 0 0.257784 2.67051 0 0 0 0 0 0 2.384 303 56 1 1 0
./complex_md-fit_1001.pdb BC A 7.26345 27.25 -16.7507 -7.71985 -15.3051 -23.1278 -0.832081 38.6123 -22.7948 4.29167 7.55451 2.29298 0 0 0 0.242977 2.50242 0 0 0 0 0 0.0345116 2.384 303 53 1 1 0
./complex_md-fit_100.pdb BC A 9.05008 42.9056 -12.5896 -4.02801 -10.4949 -19.7369 -0.849406 32.2466 -19.9883 2.81373 5.91447 1.36289 0 0 0 0.170289 2.02396 0 0 0 0 0 0 2.384 303 49 0 0 0
./complex_md-fit_101.pdb BC A 9.30174 36.9266 -8.69962 -4.66209 -10.2697 -19.5687 -0.624794 33.2602 -20.082 3.6279 7.76865 1.72949 0 0 0 0.145962 2.2495 -0.0244705 0 0 0 0 0 2.384 303 52 0 0 0
./complex_md-fit_102.pdb BC A 10.0822 38.3113 -8.34292 -3.595 -10.7624 -18.7834 -0.776679 32.5929 -18.7404 3.50469 6.20626 1.44792 0 0 0 0.563169 1.81374 0 0 0 0 0 0 2.384 303 51 0 0 0
./complex_md-fit_103.pdb BC A 7.44353 31.4416 -10.9616 -3.18881 -10.3864 -19.1529 -0.547939 32.436 -19.208 2.20655 5.24827 1.39467 0 0 0 0.249418 2.01554 -0.0124427 0 0 0 0 0 2.384 303 54 0 0 0
./complex_md-fit_104.pdb BC A 7.81072 31.8975 -13.6864 -3.72162 -12.8202 -20.6847 -0.760319 34.1946 -21.1861 2.40579 6.77979 1.87222 0 0 0 0.234003 2.1989 -1.11022e-16 0 0 0 0 0 2.384 303 55 0 0 0
./complex_md-fit_105.pdb BC A 7.96809 32.3498 -10.5781 -3.12002 -11.0475 -20.5705 -0.820083 34.7057 -21.0001 3.50823 7.04554 0.458083 0 0 0 0.262461 2.73411 5.55112e-17 0 0 0 0 0 2.384 303 55 1 1 0
./complex_md-fit_106.pdb BC A 6.22842 38.3394 -7.71846 -3.12904 -10.2619 -19.9174 -0.853196 32.6205 -19.9931 4.07015 7.83062 1.08065 0 0 0 0.83762 1.55384 -0.00330998 0 0 0 0 0 2.384 303 52 0 0 0
./complex_md-fit_107.pdb BC A 6.75751 37.9051 -15.5259 -4.81506 -13.2359 -21.3457 -0.871033 34.6175 -22.0649 2.40077 8.0477 1.44333 0 0 0 0.297388 2.14868 0 0 0 0 0 0 2.384 303 54 0 0 0
./complex_md-fit_108.pdb BC A 8.10546 31.6578 -8.50191 -3.44293 -10.9526 -20.3782 -0.658398 34.6112 -20.9731 2.90018 7.61879 2.64621 0 0 0 0.132435 2.29196 -0.00554066 0 0 0 0 0 2.384 303 51 0 0 0
./complex_md-fit_109.pdb BC A 7.81541 36.2212 -13.3904 -5.27108 -13.0023 -19.2423 -0.78371 31.0115 -19.4692 2.88109 8.42874 1.24788 0 0 0 0.799487 1.82451 0.00952725 0 0 0 0 0 2.384 303 50 0 0 0
./complex_md-fit_10.pdb BC A 8.62722 30.3011 -16.1464 -5.62464 -12.1745 -20.1871 -0.818756 31.1542 -21.5918 3.07947 7.45849 2.36596 0 0 0 0.138723 2.08075 0.0534801 0 0 0 0 0 2.384 303 49 0 0 0
./complex_md-fit_110.pdb BC A 8.47433 31.903 -17.5695 -3.79379 -11.5623 -19.5959 -0.838008 29.9232 -20.3751 1.46877 5.33237 1.48536 0 0 0 0.386001 1.88088 0 0 0 0 0 0 2.384 303 50 0 0 0
./complex_md-fit_111.pdb BC A 7.40976 30.5564 -8.27088 -3.5869 -8.15364 -18.5242 -0.757774 30.5783 -18.9648 3.00576 6.6484 1.19502 0 0 0 0.288928 1.75626 2.77556e-17 0 0 0 0 0 2.384 303 49 0 0 0
./complex_md-fit_112.pdb BC A 7.05891 33.3247 -16.7282 -6.52017 -14.3308 -19.8366 -0.642805 31.7841 -19.9719 2.11421 7.75701 1.52347 0 0 0 1.35952 2.13031 -0.00931241 0 0 0 0 0.0451771 2.384 303 53 0 0 0
./complex_md-fit_113.pdb BC A 6.41183 44.3553 -15.1698 -5.73873 -13.8227 -19.1204 -0.717209 29.8924 -19.6208 3.20656 8.40472 2.29195 0 0 0 0.0438683 2.08093 0 0 0 0 0 0.0105338 2.384 303 49 1 1 0
./complex_md-fit_114.pdb BC A 7.00863 28.0021 -15.2814 -4.63481 -13.3254 -18.3785 -0.838956 27.675 -18.6959 3.03979 7.27367 2.51047 0 0 0 0.0856071 1.90833 0 0 0 0 0 0.00761779 2.384 303 48 0 0 0
./complex_md-fit_115.pdb BC A 6.88137 35.7561 -15.9651 -5.78858 -13.8693 -20.4665 -0.779857 33.4434 -21.062 1.91453 8.82701 1.21214 0 0 0 0.578097 1.81161 -1.38778e-17 0 0 0 0 0.0258854 2.384 303 51 0 0 0
./complex_md-fit_116.pdb BC A 7.58668 36.8618 -17.0048 -4.1693 -11.7909 -20.1185 -0.612945 31.0389 -20.8487 1.8326 6.16618 1.25447 0 0 0 0.203549 1.81526 0.0198684 0 0 0 0 0.0199572 2.384 303 49 0 0 0
./complex_md-fit_117.pdb BC A 8.43449 44.8049 -13.1314 -5.83887 -13.1313 -20.8189 -0.800525 34.3639 -21.0523 2.62098 8.84517 1.97827 0 0 0 0.635447 1.88856 0.0230618 0 0 0 0 0.0438062 2.384 303 51 0 0 0
./complex_md-fit_118.pdb BC A 6.76937 32.883 -11.273 -5.31424 -14.323 -20.6198 -0.702507 35.4803 -21.2316 3.5411 9.61341 2.11315 0 0 0 0.131778 2.10974 -0.0115493 0 0 0 0 0.0499816 2.384 303 52 0 0 0
./complex_md-fit_119.pdb BC A 8.71484 35.8439 -11.4871 -4.19564 -11.4065 -20.2246 -0.788141 33.7645 -20.9296 3.04755 7.44848 1.40864 0 0 0 0.353576 1.92809 0 0 0 0 0 0.0346502 2.384 303 49 0 0 0
./complex_md-fit_11.pdb BC A 8.16385 32.403 -7.45896 -4.49004 -10.1625 -19.6393 -0.871121 32.3383 -20.2613 3.55399 8.12718 3.46051 0 0 0 0.437524 1.76242 0.0477231 0 0 0 0 0 2.384 303 48 0 0 0
./complex_md-fit_120.pdb BC A 8.26255 39.7929 -14.4254 -3.85487 -12.5324 -21.3694 -0.810416 34.3396 -22.2341 2.37606 7.51056 2.02085 0 0 0 0.134586 2.22414 -0.0131663 0 0 0 0 0.00730533 2.384 303 52 0 0 0
./complex_md-fit_121.pdb BC A 7.00945 39.3663 -12.1031 -4.41482 -11.8658 -21.1299 -0.812951 35.9802 -21.5379 2.4221 7.40584 1.30535 0 0 0 0.508936 2.01074 0 0 0 0 0 0.0358203 2.384 303 53 0 0 0
./complex_md-fit_122.pdb BC A 8.46864 37.6633 -13.3078 -4.58011 -9.99411 -21.0861 -0.651623 33.0511 -22.1939 3.95373 5.44818 2.62173 0 0 0 0.0945447 2.49081 -1.11022e-16 0 0 0 0 0.0288059 2.384 303 53 0 0 0
./complex_md-fit_123.pdb BC A 7.03444 29.0474 -18.531 -5.95041 -14.438 -20.5977 -0.700961 32.538 -21.3181 2.2858 8.79303 0.727572 0 0 0 0.0792617 2.12109 -0.000522105 0 0 0 0 0.0510649 2.384 303 50 0 0 0
./complex_md-fit_124.pdb BC A 9.98829 36.2192 -17.6957 -4.82445 -14.6968 -21.2068 -0.900045 34.5841 -22.0043 3.27066 6.89169 0.63811 0 0 0 0.512761 1.94199 0 0 0 0 0 0.0395006 2.384 303 51 0 0 0
./complex_md-fit_125.pdb BC A 8.1716 33.1048 -16.7521 -4.01413 -13.7794 -21.7968 -0.892822 35.5616 -22.5731 1.59006 7.05716 1.82665 0 0 0 0.175423 1.97782 0 0 0 0 0 0.0933399 2.384 303 52 0 0 0
./complex_md-fit_126.pdb BC A 7.12139 37.8851 -12.238 -5.5494 -12.5155 -21.4298 -0.605931 35.8765 -21.9473 3.33023 8.53624 1.89539 0 0 0 0.112292 2.41797 0 0 0 0 0 0.0592402 2.384 303 53 1 1 0
./complex_md-fit_127.pdb BC A 8.29059 41.0252 -10.3635 -4.44751 -12.4375 -23.2908 -0.882929 39.7446 -23.4588 3.84837 8.09254 1.85563 0 0 0 0.495564 2.48876 -0.00740944 0 0 0 0 0.124691 2.384 303 55 0 0 0
./complex_md-fit_128.pdb BC A 7.76758 40.2076 -10.7261 -4.5767 -13.6074 -22.9652 -0.734307 38.259 -23.4162 5.28957 7.9237 3.00923 0 0 0 0.0862086 2.20034 0 0 0 0 0 0.00595896 2.384 303 54 1 1 0
./complex_md-fit_129.pdb BC A 6.12997 29.7898 -14.579 -4.49531 -10.1069 -21.8376 -0.745589 34.041 -22.8172 3.92413 6.38978 0.838525 0 0 0 0.139227 2.44604 5.55112e-17 0 0 0 0 0.09096 2.384 303 50 1 1 0
./complex_md-fit_12.pdb BC A 9.08507 35.0497 -10.0054 -5.37775 -10.1787 -21.0278 -0.689618 35.7316 -21.2726 3.55834 6.77347 1.5243 0 0 0 0.929179 1.91235 0.0242853 0 0 0 0 0 2.384 303 54 0 0 0
./complex_md-fit_130.pdb BC A 8.51887 33.6367 -16.5455 -5.53796 -15.3831 -22.3064 -0.779608 37.3312 -22.8071 2.78006 8.4967 1.35247 0 0 0 0.220583 2.13993 0 0 0 0 0 0.087561 2.384 303 50 0 0 0
./complex_md-fit_131.pdb BC A 8.22479 36.8373 -15.5988 -3.70119 -15.0285 -21.2433 -0.774565 34.6689 -21.4987 3.11567 6.81148 1.6479 0 0 0 0.300134 1.86749 -0.00102563 0 0 0 0 0.104489 2.384 303 54 1 1 0
./complex_md-fit_132.pdb BC A 6.46911 37.5708 -12.8047 -5.89952 -12.9871 -22.4659 -0.648991 38.5416 -22.4898 3.72212 6.66331 1.69704 0 0 0 0.966601 1.82286 0.0205207 0 0 0 0 0.0754497 2.384 303 51 0 0 0
./complex_md-fit_133.pdb BC A 8.37206 29.292 -10.1807 -4.38264 -9.19357 -20.6514 -0.668368 33.5495 -21.2314 4.4926 5.22431 2.58098 0 0 0 0.12395 2.11169 -0.0246645 0 0 0 0 0 2.384 303 52 1 1 0
./complex_md-fit_134.pdb BC A 7.91575 38.4959 -12.8766 -4.38401 -9.94647 -19.6558 -0.605095 31.8742 -20.0574 3.12311 5.42845 1.21826 0 0 0 0.128194 1.61629 0 0 0 0 0 0 2.384 303 48 0 0 0
./complex_md-fit_135.pdb BC A 7.55768 32.1534 -19.5251 -4.74783 -15.2382 -20.5377 -0.788946 31.9998 -21.144 1.49929 7.47352 1.73553 0 0 0 0.223416 2.18244 0 0 0 0 0 0 2.384 303 51 0 0 0
./complex_md-fit_136.pdb BC A 9.1026 34.2335 -15.2738 -5.51166 -11.5147 -19.7348 -0.659013 31.8952 -20.1104 1.84874 6.89822 1.3016 0 0 0 0.320788 1.71739 -0.0127765 0 0 0 0 0.0051411 2.384 303 54 0 0 0
./complex_md-fit_137.pdb BC A 7.0439 39.1755 -9.41465 -4.1776 -12.0655 -19.618 -0.739616 33.2332 -20.0223 3.02778 8.37115 2.22872 0 0 0 0.374998 1.7306 -0.0275814 0 0 0 0 0 2.384 303 52 1 1 0
./complex_md-fit_138.pdb BC A 6.23153 37.2439 -12.6045 -4.03613 -13.4498 -19.7787 -0.653517 32.7147 -20.3526 2.97954 7.01413 2.55774 0 0 0 0.403856 1.8025 -0.00384788 0 0 0 0 0 2.384 303 50 0 0 0
./complex_md-fit_139.pdb BC A 8.56321 28.273 -7.34435 -3.96095 -11.2238 -20.3879 -0.829249 35.4059 -20.8553 3.44601 7.59759 2.60217 0 0 0 0.861145 2.25385 0 0 0 0 0 0 2.384 303 53 0 0 0
./complex_md-fit_13.pdb BC A 6.52702 28.0452 -13.0823 -3.73908 -11.3672 -20.0922 -0.970587 32.0686 -20.4474 3.37188 6.38717 1.24359 0 0 0 0.385828 1.75168 0.0770843 0 0 0 0 0 2.384 303 47 0 0 0
./complex_md-fit_140.pdb BC A 6.11593 40.4591 -14.9926 -5.58935 -14.8655 -21.0192 -0.467718 34.0035 -21.2005 1.88443 8.94407 2.87794 0 0 0 0.466507 2.06569 -0.0267804 0 0 0 0 0 2.384 303 51 0 0 0
./complex_md-fit_141.pdb BC A 7.04547 36.0838 -13.3151 -3.0514 -11.9141 -22.0178 -0.532149 35.3969 -22.9335 3.34734 6.89689 1.3953 0 0 0 0.111531 2.72146 -0.0141327 0 0 0 0 0 2.384 303 49 0 0 0
./complex_md-fit_142.pdb BC A 7.27695 32.025 -17.8771 -4.73035 -15.752 -23.0681 -0.734821 37.5533 -24.0485 3.21516 7.75672 1.49517 0 0 0 0.476429 2.23264 -0.0400952 0 0 0 0 1.11022e-16 2.384 303 52 0 0 0
./complex_md-fit_143.pdb BC A 7.68133 28.1329 -8.52458 -2.91974 -13.5007 -21.0189 -0.690711 35.5734 -21.443 3.5388 9.68987 1.85947 0 0 0 0.38699 1.65343 0 0 0 0 0 0 2.384 303 56 1 1 0
./complex_md-fit_144.pdb BC A 6.99527 37.3456 -10.6984 -2.59802 -14.0706 -20.5213 -0.733442 35.614 -21.1002 2.86067 7.91448 1.70426 0 0 0 0.221182 2.43633 0.0106574 0 0 0 0 0 2.384 303 52 0 0 0
./complex_md-fit_145.pdb BC A 8.66765 39.0726 -8.5947 -2.8345 -7.89897 -20.0422 -0.543742 33.8674 -20.8613 3.33621 5.51073 0.649423 0 0 0 0.222299 2.19623 0 0 0 0 0 0 2.384 303 51 0 0 0
./complex_md-fit_146.pdb BC A 8.75757 33.6294 -13.3996 -2.66413 -13.337 -20.988 -0.472526 34.7572 -21.7107 1.46137 6.87945 2.43747 0 0 0 0.237256 1.92818 0 0 0 0 0 0 2.384 303 50 0 0 0
./complex_md-fit_147.pdb BC A 8.1988 37.7703 -9.90101 -4.1122 -11.1651 -20.1577 -0.735063 34.9723 -20.2564 2.917 6.78825 1.34225 0 0 0 0.505672 1.83592 0 0 0 0 0 0 2.384 303 52 0 0 0
./complex_md-fit_148.pdb BC A 7.86194 33.2682 -9.69461 -3.95518 -12.3201 -21.2198 -0.656745 35.0477 -21.3875 2.85971 8.00511 3.42093 0 0 0 0.472336 2.30658 0 0 0 0 0 0.0388718 2.384 303 54 0 0 0
./complex_md-fit_149.pdb BC A 8.30994 32.558 -13.1695 -2.66283 -12.9835 -21.1184 -0.72981 34.8798 -21.6816 1.30775 7.85828 1.69667 0 0 0 0.264115 1.98807 0 0 0 0 0 0 2.384 303 51 0 0 0
./complex_md-fit_14.pdb BC A 8.91649 30.4276 -16.1749 -4.13417 -12.9477 -19.3895 -0.848847 29.7652 -19.9456 1.82573 6.6946 2.52248 0 0 0 0.195582 1.59463 0.0873501 0 0 0 0 0 2.384 303 48 0 0 0
./complex_md-fit_150.pdb BC A 7.99085 32.6235 -7.92418 -3.30084 -12.2359 -21.0151 -0.69075 37.5031 -21.1838 3.85137 7.01569 1.8423 0 0 0 0.257077 2.10031 0 0 0 0 0 0.032574 2.384 303 51 0 0 0
./complex_md-fit_151.pdb BC A 9.95117 32.7223 -9.38335 -2.75844 -13.7993 -18.9663 -0.784422 31.4831 -19.5076 3.57115 8.04652 2.53104 0 0 0 0.800924 1.77345 0 0 0 0 0 0 2.384 303 51 0 0 0
./complex_md-fit_152.pdb BC A 6.97738 37.4427 -11.0481 -3.87719 -15.0245 -20.3744 -0.841146 35.3995 -20.293 3.15421 6.83986 3.34183 0 0 0 0.640655 2.62887 -0.0322977 0 0 0 0 0.0184466 2.384 303 54 0 0 0
./complex_md-fit_153.pdb BC A 9.55674 34.7089 -6.66711 -4.02954 -10.8336 -21.1709 -0.704771 36.144 -21.5535 6.00829 6.62963 2.1818 0 0 0 0.65801 2.33302 0.00342838 0 0 0 0 0 2.384 303 55 1 1 0
./complex_md-fit_154.pdb BC A 7.05732 39.5736 -9.78677 -3.66371 -11.3405 -19.8269 -0.799971 33.7112 -20.5066 2.41484 6.55395 3.43631 0 0 0 0.234642 2.25197 0 0 0 0 0 0 2.384 303 55 0 0 0
./complex_md-fit_155.pdb BC A 6.94937 32.5337 -8.28444 -2.19562 -12.8939 -19.9011 -0.680164 36.0392 -19.5506 1.23105 6.95392 2.59443 0 0 0 0.144029 1.70997 -0.0256648 0 0 0 0 0 2.384 303 53 0 0 0
./complex_md-fit_156.pdb BC A 7.39476 32.6754 -12.8746 -2.72323 -13.3787 -21.8726 -0.771156 36.7169 -22.3943 2.47487 6.44513 2.39801 0 0 0 0.196849 2.34045 0 0 0 0 0 0.0335668 2.384 303 53 0 0 0
./complex_md-fit_157.pdb BC A 7.46715 34.7171 -13.0608 -4.52255 -14.7366 -20.3546 -0.607299 33.8808 -20.9966 3.52057 8.6598 1.99179 0 0 0 0.0956744 2.3406 0.00832333 0 0 0 0 0 2.384 303 56 0 0 0
./complex_md-fit_158.pdb BC A 7.591 29.3641 -18.1421 -5.20317 -14.0777 -19.8499 -0.644235 30.8896 -20.4961 0.701459 7.39109 2.88547 0 0 0 0.29021 1.45076 -0.0287818 0 0 0 0 0 2.384 303 51 0 0 0
./complex_md-fit_159.pdb BC A 9.03975 27.2234 -16.8019 -5.20484 -16.4543 -20.4747 -0.737961 35.0863 -20.4387 1.96132 6.63848 2.39411 0 0 0 0.428356 2.82472 0 0 0 0 0 0 2.384 303 53 0 0 0
./complex_md-fit_15.pdb BC A 6.34493 39.6628 -9.16453 -3.82768 -10.899 -20.5877 -0.706994 33.3169 -21.3297 5.24136 6.36458 2.88135 0 0 0 0.382355 2.09672 0 0 0 0 0 0 2.384 303 47 0 0 0
./complex_md-fit_160.pdb BC A 10.3678 36.9559 -9.21433 -3.45143 -13.5256 -19.59 -0.759748 33.6018 -20.112 4.3543 7.40089 2.36575 0 0 0 0.469871 1.50689 1.11022e-16 0 0 0 0 0.0319278 2.384 303 50 0 0 0
./complex_md-fit_161.pdb BC A 12.1204 34.4916 -12.7965 -4.02247 -14.9063 -19.6375 -0.737309 34.1699 -19.5582 1.89315 7.4598 2.25357 0 0 0 0.288781 1.94235 0 0 0 0 0 0 2.384 303 50 0 0 0
./complex_md-fit_162.pdb BC A 9.68988 44.869 -12.5959 -3.40366 -13.055 -20.2523 -0.653745 32.012 -20.8631 3.69267 7.26114 1.98899 0 0 0 0.65215 2.52707 0.0248545 0 0 0 0 0 2.384 303 50 1 1 0
./complex_md-fit_163.pdb BC A 7.36508 40.2803 -9.47404 -4.39778 -12.5849 -20.2171 -0.558147 34.6818 -20.4986 3.50216 8.02182 2.17427 0 0 0 0.410306 1.98086 -0.00796773 0 0 0 0 0 2.384 303 53 0 0 0
./complex_md-fit_164.pdb BC A 10.2962 31.264 -15.8749 -5.41179 -16.2517 -22.144 -0.860074 38.0708 -22.623 1.81102 9.74079 1.45336 0 0 0 0.339733 2.26484 0 0 0 0 0 0 2.384 303 54 0 0 0
./complex_md-fit_165.pdb BC A 7.07323 35.5248 -20.2715 -6.95703 -20.2205 -23.9172 -0.742227 41.0545 -24.0357 2.82627 9.04034 2.42764 0 0 0 0.266391 2.94886 -0.0139701 0 0 0 0 0 2.384 303 56 0 0 0
./complex_md-fit_166.pdb BC A 7.45492 36.9417 -11.3433 -3.33803 -13.9718 -22.5731 -0.642507 37.0567 -23.6063 4.30681 8.58949 2.47867 0 0 0 0.336572 2.57831 0 0 0 0 0 0.02018 2.384 303 52 0 0 0
./complex_md-fit_167.pdb BC A 7.74467 32.7798 -16.7836 -4.10535 -12.6482 -20.8432 -0.498072 33.796 -21.5532 1.60304 5.56998 1.83295 0 0 0 0.0920233 2.34255 -0.029538 0 0 0 0 0 2.384 303 53 0 0 0
./complex_md-fit_168.pdb BC A 5.67562 31.9467 -19.2464 -5.65479 -16.9741 -21.0841 -0.667358 34.3616 -21.7837 1.82382 8.96885 1.36021 0 0 0 0.421911 2.35155 -0.0320969 0 0 0 0 0.0133203 2.384 303 51 0 0 0
./complex_md-fit_169.pdb BC A 6.81654 29.8299 -12.0965 -3.80655 -14.4243 -18.8127 -0.72715 30.2043 -19.1003 4.24946 7.30075 2.91766 0 0 0 0.102286 1.98156 0 0 0 0 0 0 2.384 303 51 0 0 0
./complex_md-fit_16.pdb BC A 6.98427 36.7708 -17.7151 -5.40055 -13.4978 -20.8817 -0.748776 33.0384 -21.1944 1.73839 7.4439 1.51847 0 0 0 0.269067 1.6993 0 0 0 0 0 0 2.384 303 49 0 0 0
./complex_md-fit_170.pdb BC A 7.20094 42.4419 -10.1554 -5.56207 -15.9545 -21.0021 -0.786893 36.4032 -21.0511 4.91303 10.0102 2.68333 0 0 0 0.191506 2.40008 0 0 0 0 0 0 2.384 303 53 0 0 0
./complex_md-fit_171.pdb BC A 8.63585 33.1811 -10.9514 -4.3892 -16.7174 -22.7614 -0.827665 39.537 -23.4079 4.17405 10.8539 2.57996 0 0 0 0.0302958 2.7267 -0.0230122 0 0 0 0 0 2.384 303 51 0 0 0
./complex_md-fit_172.pdb BC A 7.04673 39.3098 -14.3833 -4.71395 -15.3619 -21.4476 -0.886794 35.0284 -21.6117 3.23587 8.56047 2.60934 0 0 0 0.204596 2.79133 0 0 0 0 0 0 2.384 303 51 0 0 0
./complex_md-fit_173.pdb BC A 7.9792 24.4937 -18.4216 -6.48296 -14.9138 -22.1809 -0.885177 35.1446 -22.7951 2.66554 9.13741 1.68086 0 0 0 0.207995 2.29694 0 0 0 0 0 0 2.384 303 56 0 0 0
./complex_md-fit_174.pdb BC A 8.98245 33.982 -10.8751 -3.31381 -13.2053 -21.7123 -0.745948 37.6309 -22.1139 2.35589 8.02286 1.92658 0 0 0 0.28832 1.98577 -0.00919202 0 0 0 0 0.000724714 2.384 303 53 0 0 0
./complex_md-fit_175.pdb BC A 5.79885 32.2101 -13.5839 -5.94027 -18.1493 -21.8765 -0.915001 37.557 -22.1071 4.46444 10.6985 2.546 0 0 0 0.128357 1.81134 0 0 0 0 0 0.00990271 2.384 303 54 1 1 0
./complex_md-fit_176.pdb BC A 6.36586 34.1436 -9.01776 -3.46524 -9.26606 -20.3307 -0.655022 33.1634 -21.0555 3.33424 6.51448 2.19642 0 0 0 0.54623 2.03323 0 0 0 0 0 0 2.384 303 50 0 0 0
./complex_md-fit_177.pdb BC A 9.65328 37.6541 -10.8146 -3.13323 -13.4689 -21.3456 -0.708374 35.6764 -21.465 3.50129 7.54965 2.2097 0 0 0 0.379073 2.27458 -0.00961047 0 0 0 0 0 2.384 303 53 0 0 0
./complex_md-fit_178.pdb BC A 5.88092 27.4937 -12.174 -3.53201 -13.1324 -21.6348 -0.858618 36.7194 -22.595 2.2003 8.27388 2.33756 0 0 0 0.0589879 2.30133 -0.0113906 0 0 0 0 0 2.384 303 50 0 0 0
./complex_md-fit_179.pdb BC A 6.3133 35.8023 -12.7081 -4.28816 -11.9551 -22.0546 -0.710026 36.043 -22.9189 2.26763 8.51287 2.01097 0 0 0 0.396004 3.25628 -0.0117541 0 0 0 0 0 2.384 303 53 1 0 1
./complex_md-fit_17.pdb BC A 9.95336 33.4069 -15.8072 -2.64456 -12.1336 -18.857 -0.623491 28.7127 -19.9086 1.98822 6.05501 1.50193 0 0 0 0.111607 1.77482 -0.00937229 0 0 0 0 0 2.384 303 48 0 0 0
./complex_md-fit_180.pdb BC A 8.8702 25.5547 -8.4854 -3.25374 -9.78257 -21.9581 -0.792237 35.9896 -22.7604 3.9992 6.83586 2.23796 0 0 0 1.00843 2.51088 -0.00932367 0 0 0 0 0 2.384 303 52 0 0 0
./complex_md-fit_181.pdb BC A 6.84105 36.0345 -18.7075 -4.03794 -13.2843 -19.8986 -0.815891 30.873 -21.0259 0.732536 6.49155 1.76719 0 0 0 0.490825 1.67996 0 0 0 0 0 0 2.384 303 53 0 0 0
./complex_md-fit_182.pdb BC A 9.01113 37.2682 -13.5348 -3.77986 -12.6279 -20.232 -0.962547 33.7014 -21.3684 3.24299 7.53048 0.811953 0 0 0 0.149134 2.00622 -1.38778e-17 0 0 0 0 0 2.384 303 52 0 0 0
./complex_md-fit_183.pdb BC A 7.15577 35.1613 -9.04461 -4.88481 -12.0507 -21.5114 -0.874865 36.9024 -21.9884 4.62934 7.72357 2.41614 0 0 0 0.594259 1.96562 0 0 0 0 0 0 2.384 303 51 2 2 0
./complex_md-fit_184.pdb BC A 7.86693 32.8565 -17.5577 -3.39131 -14.3788 -19.4959 -0.874765 30.2384 -20.1263 1.63431 7.36002 1.24973 0 0 0 0.226879 1.63508 2.77556e-17 0 0 0 0 0 2.384 303 51 0 0 0
./complex_md-fit_185.pdb BC A 7.18976 38.5154 -11.4568 -3.16188 -11.6764 -19.3993 -0.879153 30.5581 -20.119 4.01646 6.19677 1.41594 0 0 0 1.59165 2.00131 1.11022e-16 0 0 0 0 0 2.384 303 49 1 1 0
./complex_md-fit_186.pdb BC A 8.12264 32.9005 -12.8762 -4.20307 -9.9547 -19.4031 -0.656398 31.1904 -20.1207 2.88865 5.9435 1.28441 0 0 0 0.136512 1.91776 0 0 0 0 0 0.018369 2.384 303 50 0 0 0
./complex_md-fit_187.pdb BC A 6.53465 31.5321 -6.78508 -2.95497 -7.47526 -18.4511 -0.545104 30.4677 -19.5035 4.1035 4.86493 2.13998 0 0 0 0.568729 1.93649 0 0 0 0 0 0 2.384 303 55 0 0 0
./complex_md-fit_188.pdb BC A 6.35402 28.964 -14.7288 -5.34584 -14.0718 -19.6882 -0.8215 33.4696 -20.3404 2.26162 7.20077 2.46298 0 0 0 0.144007 2.05714 0 0 0 0 0 0 2.384 303 50 0 0 0
./complex_md-fit_189.pdb BC A 7.635 26.4307 -13.7728 -4.36243 -11.9772 -20.5635 -0.716325 33.6417 -20.8811 3.35233 6.17753 1.41126 0 0 0 0.144857 2.02115 0 0 0 0 0 0 2.384 303 50 0 0 0
./complex_md-fit_18.pdb BC A 7.19791 37.1563 -17.2684 -2.95724 -10.5976 -19.1691 -0.684122 28.0405 -20.1308 1.79237 4.49285 1.70223 0 0 0 0.242392 1.90661 0 0 0 0 0 0 2.384 303 47 0 0 0
./complex_md-fit_190.pdb BC A 6.22321 34.0285 -17.2554 -4.72598 -11.11 -18.6867 -0.866905 29.1004 -19.5545 1.82667 5.93728 0.704768 0 0 0 0.114163 2.16065 0 0 0 0 0 0.00537858 2.384 303 49 0 0 0
./complex_md-fit_191.pdb BC A 8.71316 30.7868 -13.1588 -5.03787 -10.064 -20.0871 -0.790587 32.4271 -20.8178 2.45447 6.49578 1.81487 0 0 0 0.473801 1.63991 -0.0275368 0 0 0 0 0 2.384 303 51 0 0 0
./complex_md-fit_192.pdb BC A 8.59594 26.563 -14.963 -4.87762 -10.7542 -18.4909 -0.632954 29.1471 -19.2112 2.4496 6.49568 0.829642 0 0 0 0.0819341 1.87065 0 0 0 0 0 0 2.384 303 51 0 0 0
./complex_md-fit_193.pdb BC A 9.05313 29.6224 -10.9824 -4.16169 -9.58709 -20.1298 -0.867508 32.9394 -20.3379 2.8859 6.67365 1.14885 0 0 0 0.437319 2.40827 0.0164971 0 0 0 0 0 2.384 303 55 0 0 0
./complex_md-fit_194.pdb BC A 8.47462 32.8239 -10.2781 -3.84726 -10.5336 -20.4256 -0.79303 34.7351 -20.739 1.68923 7.45765 1.98422 0 0 0 0.184014 1.95339 0.0101469 0 0 0 0 0 2.384 303 51 0 0 0
./complex_md-fit_195.pdb BC A 7.73408 34.8413 -12.8477 -3.92292 -10.6566 -19.2234 -0.873511 30.5025 -19.7495 2.86959 6.93232 1.17537 0 0 0 0.0793919 1.99783 0.0190699 0 0 0 0 0 2.384 303 52 0 0 0
./complex_md-fit_196.pdb BC A 9.09474 29.9757 -13.6388 -4.90048 -11.5821 -17.8094 -0.858717 30.037 -18.3509 1.19798 7.17062 1.26416 0 0 0 0.193076 1.43723 5.55112e-17 0 0 0 0 0 2.384 303 49 0 0 0
./complex_md-fit_197.pdb BC A 6.36632 31.9922 -10.4616 -6.63664 -11.234 -19.3245 -0.694524 34.454 -19.0788 2.96967 7.70111 1.2822 0 0 0 0.0999546 2.0648 6.93889e-18 0 0 0 0 0 2.384 303 53 0 0 0
./complex_md-fit_198.pdb BC A 8.1194 28.9365 -7.10117 -2.39393 -10.7487 -19.1601 -0.84867 31.8575 -19.3667 6.08381 5.3696 1.59537 0 0 0 0.486968 2.11655 0.0236536 0 0 0 0 0 2.384 303 51 0 0 0
./complex_md-fit_199.pdb BC A 7.69645 28.8218 -14.3653 -5.11607 -11.4089 -21.0407 -0.960425 34.7342 -21.7793 1.95623 7.39889 1.39056 0 0 0 0.460206 1.75683 -5.55112e-17 0 0 0 0 0 2.384 303 55 0 0 0
./complex_md-fit_19.pdb BC A 6.73282 31.8688 -14.3762 -3.83209 -12.6466 -18.2145 -0.662173 27.5366 -18.8069 2.46159 8.11426 1.39475 0 0 0 0.289394 1.3297 -0.0105841 0 0 0 0 0 2.384 303 45 0 0 0
./complex_md-fit_1.pdb BC A 6.63184 41.9739 -8.00238 -8.74398 -11.3294 -24.3953 -0.672863 44.0957 -23.7372 5.59584 8.90737 2.05251 0 0 0 0.273465 3.02464 -0.0484992 0 0 0 0 0 2.384 303 52 0 0 0
./complex_md-fit_200.pdb BC A 7.00765 34.1841 -8.33266 -4.49259 -8.406 -18.3239 -0.884107 30.7509 -18.8928 2.36181 6.38567 2.59154 0 0 0 0.576894 1.83025 0 0 0 0 0 0 2.384 303 46 0 0 0
./complex_md-fit_201.pdb BC A 8.65873 28.3006 -13.5787 -3.44505 -10.4916 -18.6279 -0.777922 27.582 -19.3341 2.82131 6.21192 1.89967 0 0 0 0.583005 1.62324 0 0 0 0 0 0 2.384 303 46 0 0 0
./complex_md-fit_202.pdb BC A 9.26884 24.4219 -11.3874 -3.0435 -11.8291 -15.9198 -0.865611 26.0055 -16.3793 3.74963 5.19826 1.5393 0 0 0 0.157292 1.60882 0 0 0 0 0 0 2.384 303 47 0 0 0
./complex_md-fit_203.pdb BC A 9.49271 35.5848 -13.5577 -4.35102 -11.1977 -18.4976 -0.854529 29.7637 -19.335 2.86562 6.56652 1.41796 0 0 0 0.0642897 1.66194 0 0 0 0 0 0 2.384 303 48 0 0 0
./complex_md-fit_204.pdb BC A 5.67803 36.7273 -15.351 -2.27468 -10.2741 -17.6929 -0.797199 26.7591 -18.6108 1.0985 5.29449 0.691965 0 0 0 0.454523 1.50475 0 0 0 0 0 0 2.384 303 41 0 0 0
./complex_md-fit_205.pdb BC A 5.63245 28.5149 -7.27251 -3.42499 -7.75528 -18.7178 -0.650343 30.7303 -19.1891 4.13199 5.2472 1.82071 0 0 0 0.545891 2.16355 -0.0111119 0 0 0 0 0 2.384 303 46 1 1 0
./complex_md-fit_206.pdb BC A 7.10835 34.5948 -13.3471 -3.47282 -9.52665 -18.9687 -0.862913 29.3593 -19.9577 2.54206 5.46657 1.8364 0 0 0 0.23737 1.93117 0 0 0 0 0 0 2.384 303 49 0 0 0
./complex_md-fit_207.pdb BC A 7.73865 40.9644 -6.71608 -2.5508 -6.81983 -18.7086 -0.696853 31.4787 -19.1259 3.18768 4.5047 1.52846 0 0 0 0.48645 2.0798 0 0 0 0 0 0 2.384 303 44 0 0 0
./complex_md-fit_208.pdb BC A 9.82956 33.5398 -9.55819 -1.77294 -9.69148 -18.6385 -0.783248 30.4551 -19.4073 2.51318 4.86566 2.3275 0 0 0 0.573934 1.6812 -5.55112e-17 0 0 0 0 0 2.384 303 48 0 0 0
./complex_md-fit_209.pdb BC A 10.7585 29.678 -9.50547 -2.60075 -9.63585 -18.7575 -0.787862 30.0348 -19.3521 4.72539 5.02333 1.67432 0 0 0 0.170752 1.70138 0 0 0 0 0 0 2.384 303 45 0 0 0
./complex_md-fit_20.pdb BC A 7.78359 34.9604 -8.0679 -4.11504 -11.371 -19.6307 -0.836778 32.3205 -19.9402 3.42079 8.46551 3.19934 0 0 0 0.381588 1.98031 0.0230745 0 0 0 0 0.0150012 2.384 303 47 0 0 0
./complex_md-fit_210.pdb BC A 7.4026 37.6379 -9.01432 -2.20564 -8.606 -18.0898 -0.792811 29.6468 -19.0381 2.59545 6.26688 1.08566 0 0 0 0.123187 1.42613 0 0 0 0 0 0 2.384 303 47 0 0 0
./complex_md-fit_211.pdb BC A 8.36349 29.0074 -19.475 -5.85714 -12.624 -20.0319 -0.918239 31.545 -20.7827 1.69683 6.37749 1.08493 0 0 0 0.0712515 1.90575 -0.0364649 0 0 0 0 0 2.384 303 48 0 0 0
./complex_md-fit_212.pdb BC A 6.92218 33.7806 -7.60223 -3.21381 -9.09812 -19.8829 -0.841102 32.7011 -20.3958 4.50554 6.23429 2.05034 0 0 0 0.338184 1.6599 0 0 0 0 0 0 2.384 303 48 1 1 0
./complex_md-fit_213.pdb BC A 7.44581 29.6013 -5.17869 -2.08622 -8.55201 -19.4235 -0.662487 33.5845 -20.0153 5.68719 4.59995 1.43908 0 0 0 0.250065 2.02145 2.77556e-17 0 0 0 0 0 2.384 303 48 0 0 0
./complex_md-fit_214.pdb BC A 6.1119 26.1665 -9.79212 -3.21153 -9.34701 -19.307 -0.807926 32.1422 -19.9202 2.8841 6.64606 0.948059 0 0 0 0.191309 2.09096 -0.010111 0 0 0 0 0 2.384 303 48 0 0 0
./complex_md-fit_215.pdb BC A 8.78574 36.0169 -8.47617 -3.22293 -8.49649 -18.8387 -0.70815 32.4019 -19.97 2.69932 5.65779 1.87733 0 0 0 0.123822 1.79523 0 0 0 0 0 0 2.384 303 49 0 0 0
./complex_md-fit_216.pdb BC A 8.19385 30.2574 -7.52601 -2.01865 -9.52787 -18.092 -0.862339 31.2472 -18.4789 3.45301 4.9542 1.57861 0 0 0 0.197101 1.58806 0.0236964 0 0 0 0 0 2.384 303 49 0 0 0
./complex_md-fit_217.pdb BC A 12.5735 31.494 -11.4111 -2.66669 -10.1463 -19.8421 -0.8733 33.122 -20.6118 2.31317 5.36174 1.33801 0 0 0 0.594211 1.73793 0 0 0 0 0 0 2.384 303 52 0 0 0
./complex_md-fit_218.pdb BC A 5.78931 31.5529 -11.5576 -4.66781 -10.7562 -20.3733 -0.790241 33.7125 -20.9659 3.13681 7.21289 1.70075 0 0 0 0.239639 1.98116 -0.00667114 0 0 0 0 0 2.384 303 50 0 0 0
./complex_md-fit_219.pdb BC A 8.03235 34.9844 -13.2396 -3.46919 -11.8392 -18.5502 -0.738387 29.8325 -19.1381 2.86636 6.62651 0.734837 0 0 0 0.447674 1.81906 -0.0124809 0 0 0 0 0 2.384 303 51 0 0 0
./complex_md-fit_21.pdb BC A 11.3688 37.9911 -6.90551 -3.71712 -10.0779 -18.1611 -0.560024 29.7405 -18.5107 5.33575 6.41823 2.1028 0 0 0 0.492009 1.72988 -2.77556e-17 0 0 0 0 0.0320017 2.384 303 45 1 1 0
./complex_md-fit_220.pdb BC A 7.72202 35.984 -6.49166 -2.44172 -7.55526 -17.9121 -0.631769 29.744 -18.7538 4.96305 4.21221 1.74393 0 0 0 0.139822 2.24913 0 0 0 0 0 0 2.384 303 44 0 0 0
./complex_md-fit_221.pdb BC A 6.77372 34.5697 -7.18606 -3.29889 -8.62559 -18.3643 -0.844228 31.4973 -18.4565 2.40448 6.52564 1.60345 0 0 0 0.366995 1.66137 0 0 0 0 0 0.00563419 2.384 303 47 0 0 0
./complex_md-fit_222.pdb BC A 7.47539 38.3494 -12.4803 -3.28923 -10.3258 -18.74 -0.851343 30.3019 -19.2829 2.35999 6.10015 1.01191 0 0 0 0.234931 2.05227 1.11022e-16 0 0 0 0 0 2.384 303 50 0 0 0
./complex_md-fit_223.pdb BC A 7.6247 32.7772 -12.9327 -3.72896 -13.6916 -20.0207 -1.01562 32.5273 -20.4219 3.77507 7.46271 1.75683 0 0 0 0.424158 2.45723 0 0 0 0 0 0 2.384 303 51 0 0 0
./complex_md-fit_224.pdb BC A 9.29057 30.0401 -7.52373 -4.89134 -10.7086 -20.9639 -0.850248 35.9585 -21.2977 4.52265 8.1463 2.37199 0 0 0 0.188623 2.39676 0 0 0 0 0 0 2.384 303 51 0 0 0
./complex_md-fit_225.pdb BC A 9.79994 36.6012 -13.1549 -4.8185 -11.2572 -20.2565 -0.874766 33.4533 -20.9311 3.56817 6.71764 0.481659 0 0 0 0.762396 2.41051 0 0 0 0 0 0 2.384 303 51 0 0 0
./complex_md-fit_226.pdb BC A 8.60207 31.2525 -10.7147 -3.27707 -12.0734 -19.2512 -0.889604 32.2143 -19.4351 3.87962 6.20674 1.75079 0 0 0 0.160147 1.98949 0 0 0 0 0 0 2.384 303 51 1 1 0
./complex_md-fit_227.pdb BC A 8.38492 35.2798 -13.1605 -5.44831 -10.7995 -18.8823 -0.918565 30.3224 -19.1207 2.66679 6.97285 1.7914 0 0 0 0.255498 2.36131 0 0 0 0 0 0 2.384 303 50 0 0 0
./complex_md-fit_228.pdb BC A 7.05717 36.3929 -9.45085 -4.35636 -10.9489 -19.4819 -0.956015 33.4817 -19.9228 3.22553 6.816 2.53644 0 0 0 0.155476 2.60434 0 0 0 0 0 0 2.384 303 48 0 0 0
./complex_md-fit_229.pdb BC A 8.0855 32.7594 -10.7157 -2.75712 -8.06898 -17.7413 -0.771082 28.2122 -18.4177 1.32986 5.41432 1.59157 0 0 0 0.464089 1.85041 0.0232511 0 0 0 0 0.00520084 2.384 303 50 0 0 0
./complex_md-fit_22.pdb BC A 6.11941 27.8325 -9.10938 -2.32278 -11.7454 -17.7087 -0.71611 29.9037 -18.0809 2.5437 6.32662 2.24871 0 0 0 0.437979 1.82226 -0.0118376 0 0 0 0 0.0157021 2.384 303 50 0 0 0
./complex_md-fit_230.pdb BC A 6.58332 37.704 -8.20752 -3.00711 -8.7433 -19.1217 -0.676751 32.0169 -19.8021 2.25198 5.81705 2.68269 0 0 0 0.359996 1.91322 -5.55112e-17 0 0 0 0 0.014773 2.384 303 49 0 0 0
./complex_md-fit_231.pdb BC A 8.6434 30.2698 -9.37453 -2.12147 -9.46108 -18.9277 -0.965069 30.5989 -19.4076 2.89966 5.59182 2.15218 0 0 0 0.265881 1.98829 0 0 0 0 0 0 2.384 303 50 0 0 0
./complex_md-fit_232.pdb BC A 8.60861 30.193 -10.2294 -4.2935 -10.7609 -17.5435 -0.910987 28.6896 -17.9754 4.55626 6.21624 1.7596 0 0 0 0.0573264 1.58942 -0.0241898 0 0 0 0 0 2.384 303 48 1 1 0
./complex_md-fit_233.pdb BC A 6.67893 33.0343 -15.3187 -5.68678 -11.7583 -19.7247 -0.896334 32.4818 -20.3169 0.703591 7.63814 1.86043 0 0 0 0.355936 2.24472 0.0244403 0 0 0 0 0 2.384 303 51 0 0 0
./complex_md-fit_234.pdb BC A 6.19417 34.4069 -11.0682 -2.88799 -10.1031 -18.3219 -0.756213 31.1222 -18.8695 1.4691 5.61031 1.17711 0 0 0 0.500954 1.99098 -0.0153242 0 0 0 0 0.00611152 2.384 303 51 0 0 0
./complex_md-fit_235.pdb BC A 7.13649 34.5497 -9.95642 -4.81803 -10.7482 -18.7191 -0.766166 30.7745 -19.5259 3.2589 7.23141 2.7188 0 0 0 0.637272 1.70887 0 0 0 0 0 0 2.384 303 47 0 0 0
./complex_md-fit_236.pdb BC A 6.1053 33.0669 -6.99867 -2.82324 -8.26775 -18.2003 -0.807898 30.2491 -18.7927 4.01085 5.62955 1.77184 0 0 0 0.231925 1.86732 0 0 0 0 0 0 2.384 303 49 0 0 0
./complex_md-fit_237.pdb BC A 8.04788 37.208 -12.4867 -5.5573 -11.9958 -19.2102 -0.852357 31.7178 -19.9073 3.52636 6.91195 2.30988 0 0 0 0.570322 2.09171 0 0 0 0 0 0 2.384 303 47 0 0 0
./complex_md-fit_238.pdb BC A 8.94612 32.4757 -17.2826 -5.66475 -14.3542 -18.6601 -1.10544 29.5443 -19.1575 2.41922 7.03606 2.24725 0 0 0 0.412613 1.77293 0 0 0 0 0 0 2.384 303 51 0 0 0
./complex_md-fit_239.pdb BC A 8.47659 33.7782 -8.84833 -4.86425 -11.1967 -21.061 -1.02112 34.9785 -21.664 7.43167 6.98402 1.30149 0 0 0 0.263062 1.90235 1.11022e-16 0 0 0 0 0 2.384 303 48 1 1 0
./complex_md-fit_23.pdb BC A 10.2414 34.1517 -8.14849 -3.83789 -8.83699 -18.4392 -0.570337 30.1875 -18.6249 3.61717 6.32732 1.87528 0 0 0 0.147039 1.59776 -0.0119282 0 0 0 0 0.0184086 2.384 303 48 0 0 0
./complex_md-fit_240.pdb BC A 6.02756 36.7202 -8.43776 -3.97774 -9.98938 -18.9418 -0.985957 31.7093 -19.0119 3.85723 6.7829 1.94611 0 0 0 0.173468 1.65235 -2.77556e-17 0 0 0 0 0 2.384 303 51 0 0 0
./complex_md-fit_241.pdb BC A 6.35543 33.5069 -15.6274 -3.91074 -11.4676 -19.4473 -0.790598 31.5659 -20.002 0.770129 5.87607 1.45414 0 0 0 0.324637 2.02677 0 0 0 0 0 0 2.384 303 48 0 0 0
./complex_md-fit_242.pdb BC A 8.92791 36.6178 -8.90279 -3.73365 -8.97925 -19.4899 -0.941233 32.8624 -20.0228 3.52119 6.12381 1.57479 0 0 0 0.181851 1.84871 0 0 0 0 0 0 2.384 303 50 0 0 0
./complex_md-fit_243.pdb BC A 10.4945 33.3186 -14.9731 -4.60457 -11.0499 -19.1179 -0.74508 30.9644 -19.7415 1.10788 6.28594 1.74541 0 0 0 0.182136 1.88795 0 0 0 0 0 0 2.384 303 50 0 0 0
./complex_md-fit_244.pdb BC A 8.48412 30.8138 -11.2079 -2.90078 -9.0372 -20.8409 -0.851045 34.3369 -22.0364 2.90484 5.27698 1.5982 0 0 0 0.341501 1.92617 0 0 0 0 0 0 2.384 303 50 0 0 0
./complex_md-fit_245.pdb BC A 9.30922 29.532 -14.7471 -3.37213 -11.922 -19.1469 -0.94596 29.7641 -19.9732 2.67499 6.41633 1.40118 0 0 0 0.356562 2.26081 0 0 0 0 0 0 2.384 303 47 0 0 0
./complex_md-fit_246.pdb BC A 7.63601 29.4859 -13.1382 -2.03417 -9.64535 -17.9167 -0.603895 28.052 -18.4356 0.823774 4.66245 1.34453 0 0 0 0.614705 1.71076 2.77556e-17 0 0 0 0 0 2.384 303 49 0 0 0
./complex_md-fit_247.pdb BC A 6.44387 34.5896 -12.5277 -2.23034 -11.3926 -19.2024 -0.870821 30.8272 -19.5159 2.37671 5.89636 1.34183 0 0 0 0.217809 1.85181 0.0240786 0 0 0 0 0.000353875 2.384 303 47 0 0 0
./complex_md-fit_248.pdb BC A 6.7389 33.8937 -14.2137 -3.43015 -11.5175 -19.2118 -0.895972 31.8339 -19.739 1.77171 5.00205 1.84097 0 0 0 0.132076 2.3378 0 0 0 0 0 0 2.384 303 46 0 0 0
./complex_md-fit_249.pdb BC A 9.04755 34.6337 -13.0795 -3.02212 -12.5771 -19.2343 -0.867949 31.3281 -19.5971 2.35217 6.45803 1.68505 0 0 0 0.372645 2.42476 0.0231244 0 0 0 0 0 2.384 303 50 0 0 0
./complex_md-fit_24.pdb BC A 8.99317 35.0834 -8.66731 -3.05661 -11.4106 -17.2621 -0.478545 28.16 -17.0512 4.15313 5.84692 2.18129 0 0 0 0.230114 1.42956 0 0 0 0 0 0.0203601 2.384 303 46 2 2 0
./complex_md-fit_250.pdb BC A 6.29609 35.8069 -15.0203 -3.07044 -10.6175 -19.3871 -0.773028 31.7694 -20.0467 0.737649 5.11201 1.15679 0 0 0 0.0986708 2.17714 0 0 0 0 0 0 2.384 303 47 0 0 0
./complex_md-fit_251.pdb BC A 9.24469 32.5039 -6.01131 -3.11787 -7.31873 -18.4021 -0.800162 31.5794 -18.4376 3.57039 5.05691 1.44707 0 0 0 0.411288 1.74218 0 0 0 0 0 0 2.384 303 49 0 0 0
./complex_md-fit_252.pdb BC A 6.06836 30.8068 -10.9689 -4.94245 -11.4513 -21.2481 -1.1021 35.8817 -21.2029 3.11021 7.47234 2.228 0 0 0 0.285639 2.02441 0 0 0 0 0 0 2.384 303 46 0 0 0
./complex_md-fit_253.pdb BC A 9.49876 32.712 -10.2352 -7.15763 -11.6061 -21.6149 -0.912657 37.0767 -21.7187 5.38126 6.96422 2.80984 0 0 0 0.542773 2.10024 0 0 0 0 0 0 2.384 303 49 1 1 0
./complex_md-fit_254.pdb BC A 8.84211 33.9502 -14.1225 -8.20723 -12.4396 -21.2406 -0.759365 36.1841 -21.4006 2.57045 7.3667 3.18789 0 0 0 0.615776 2.34887 0 0 0 0 0 0 2.384 303 48 0 0 0
./complex_md-fit_255.pdb BC A 7.74843 24.5432 -11.6657 -6.03514 -9.60382 -22.7933 -0.58347 38.1615 -23.2815 3.55946 6.1769 2.42602 0 0 0 0.261217 2.25149 0 0 0 0 0 0.0464451 2.384 303 49 0 0 0
./complex_md-fit_256.pdb BC A 8.25838 34.9951 -9.64203 -5.51939 -10.8554 -21.4788 -0.843399 37.2894 -21.2836 3.62826 7.36249 1.71107 0 0 0 0.289251 2.13392 0 0 0 0 0 0.0581092 2.384 303 49 1 1 0
./complex_md-fit_257.pdb BC A 6.01991 29.7306 -7.35049 -5.00655 -10.0816 -21.849 -0.853297 37.3879 -21.7163 5.45736 6.76023 2.37369 0 0 0 0.120406 2.28584 1.11022e-16 0 0 0 0 0.0566136 2.384 303 49 1 1 0
./complex_md-fit_258.pdb BC A 6.31779 34.4663 -6.8392 -6.19181 -8.33929 -20.4847 -0.733908 34.1154 -20.9663 4.72476 6.74613 3.93465 0 0 0 0.301471 1.86562 0 0 0 0 0 0.0544277 2.384 303 46 1 1 0
./complex_md-fit_259.pdb BC A 9.51154 36.2807 -7.03133 -5.25057 -11.0097 -22.2728 -0.826959 36.9985 -22.2077 6.6876 7.79369 1.96451 0 0 0 1.03867 2.62505 -5.55112e-17 0 0 0 0 0.0533818 2.384 303 46 1 1 0
./complex_md-fit_25.pdb BC A 7.34057 36.1338 -7.30399 -3.09909 -5.59642 -15.7089 -0.469882 24.3709 -16.4302 3.34199 4.26245 1.85839 0 0 0 0.152488 1.32324 0 0 0 0 0 0.0143823 2.384 303 45 0 0 0
./complex_md-fit_260.pdb BC A 7.76841 36.5923 -15.2418 -6.48098 -14.0821 -20.5402 -0.932562 34.2508 -20.6237 3.43958 7.38826 2.1597 0 0 0 0.127047 1.79824 5.55112e-17 0 0 0 0 0.0522912 2.384 303 51 0 0 0
./complex_md-fit_261.pdb BC A 8.14247 26.8645 -20.0623 -7.40945 -14.6134 -22.6926 -0.80974 36.7739 -22.9666 2.05692 7.05631 1.85701 0 0 0 0.597528 2.57424 0.0313 0 0 0 0 0.05654 2.384 303 48 0 0 0
./complex_md-fit_262.pdb BC A 9.59007 34.6925 -6.34662 -5.74009 -10.3296 -19.8718 -0.783749 34.5266 -19.6614 5.14767 6.35886 3.77148 0 0 0 0.188885 2.18516 -5.55112e-17 0 0 0 0 0.0465028 2.384 303 46 2 2 0
./complex_md-fit_263.pdb BC A 7.3489 34.4175 -9.58074 -5.98351 -8.25104 -21.3627 -0.641896 36.3061 -20.7845 1.26491 6.85862 2.46493 0 0 0 0.508873 2.10048 0 0 0 0 0 0.0394689 2.384 303 47 0 0 0
./complex_md-fit_264.pdb BC A 6.25659 31.2419 -14.8429 -6.70281 -11.9789 -21.6464 -0.719599 35.2623 -21.8701 2.98099 6.91269 2.69007 0 0 0 0.175381 2.01463 0 0 0 0 0 0.0534639 2.384 303 46 0 0 0
./complex_md-fit_265.pdb BC A 9.06918 28.2301 -11.5759 -4.58829 -11.7592 -22.006 -0.749066 37.2716 -22.6761 2.4954 7.43193 2.42598 0 0 0 0.52189 2.29743 0 0 0 0 0 0.0559945 2.384 303 49 0 0 0
./complex_md-fit_266.pdb BC A 9.10527 33.1012 -8.43597 -3.74987 -7.13732 -21.126 -0.628661 35.2547 -21.5361 3.28971 5.27248 1.45631 0 0 0 0.421527 1.94013 -1.11022e-16 0 0 0 0 0.047325 2.384 303 47 0 0 0
./complex_md-fit_267.pdb BC A 6.16917 33.8902 -14.2062 -5.33139 -11.6551 -19.1745 -0.836235 30.2478 -19.9653 3.24343 5.85552 3.25928 0 0 0 0.0786301 1.98189 0.0219469 0 0 0 0 0.049708 2.384 303 45 0 0 0
./complex_md-fit_268.pdb BC A 8.41522 29.2982 -17.2566 -7.2876 -13.9489 -21.0766 -0.915126 35.1268 -21.338 2.29035 6.85648 2.58164 0 0 0 0.407587 1.96916 0 0 0 0 0 0.046721 2.384 303 49 0 0 0
./complex_md-fit_269.pdb BC A 8.50066 27.4167 -10.8384 -6.48185 -10.9634 -21.5667 -0.881614 36.3925 -21.2966 4.02236 7.02235 2.37991 0 0 0 0.482164 2.16303 0 0 0 0 0 0.0524225 2.384 303 46 1 1 0
./complex_md-fit_26.pdb BC A 8.00129 37.9247 -13.822 -3.29129 -10.5358 -17.0968 -0.611994 26.0907 -17.3765 2.03773 5.25998 1.25084 0 0 0 0.415906 1.50585 -0.00994753 0 0 0 0 0.0451483 2.384 303 42 0 0 0
./complex_md-fit_270.pdb BC A 8.34222 26.612 -17.8228 -7.22069 -15.4251 -22.5881 -1.01707 37.4535 -22.5223 2.56406 7.24851 3.36501 0 0 0 0.265878 2.6392 0 0 0 0 0 0.053536 2.384 303 50 0 0 0
./complex_md-fit_271.pdb BC A 6.72829 35.9249 -15.5578 -6.46671 -11.9923 -20.8592 -0.748101 33.9592 -21.3026 2.32156 7.31115 1.5968 0 0 0 0.574174 2.16704 0 0 0 0 0 0.0483686 2.384 303 54 0 0 0
./complex_md-fit_272.pdb BC A 6.49201 35.6334 -17.2583 -5.19523 -12.8601 -19.6231 -0.646279 31.4425 -20.0969 1.43531 6.35663 1.74607 0 0 0 0.106896 1.9319 0.0237191 0 0 0 0 0.0521356 2.384 303 45 0 0 0
./complex_md-fit_273.pdb BC A 8.00206 31.8031 -17.2292 -6.90361 -13.3319 -21.4442 -0.882955 34.3981 -21.862 2.92975 6.81672 2.53585 0 0 0 0.454792 1.9667 0.0134096 0 0 0 0 0.0468608 2.384 303 48 0 0 0
./complex_md-fit_274.pdb BC A 10.3262 31.3658 -9.79813 -5.36579 -11.9776 -22.6028 -0.767614 37.2845 -23.2104 5.80296 7.67257 3.05575 0 0 0 0.231069 1.94157 0.0270686 0 0 0 0 0.0522225 2.384 303 48 1 1 0
./complex_md-fit_275.pdb BC A 7.06629 37.8597 -12.3089 -5.24081 -11.2654 -22.426 -0.740813 35.6667 -22.8122 4.27185 6.75523 2.86248 0 0 0 0.556306 2.36528 0 0 0 0 0 0.0636635 2.384 303 46 1 1 0
./complex_md-fit_276.pdb BC A 7.42532 32.9912 -14.9263 -6.39249 -12.8797 -21.4544 -0.785143 35.8763 -21.5306 2.43647 7.84574 1.78926 0 0 0 0.116339 1.64167 0 0 0 0 0 0.0519358 2.384 303 50 0 0 0
./complex_md-fit_277.pdb BC A 7.95711 29.2768 -12.2278 -6.26722 -11.7971 -21.1577 -0.895004 35.7425 -21.2836 2.99946 8.03566 1.67385 0 0 0 0.667968 2.0897 0 0 0 0 0 0.0533368 2.384 303 48 0 0 0
./complex_md-fit_278.pdb BC A 7.74858 34.2238 -15.8249 -7.72198 -12.0629 -21.5034 -0.841136 34.3522 -21.7558 2.4759 8.18438 2.78387 0 0 0 0.18964 2.15551 0.023771 0 0 0 0 0.0505533 2.384 303 48 0 0 0
./complex_md-fit_279.pdb BC A 9.84548 36.2804 -15.145 -6.65057 -9.22428 -23.6216 -0.681217 38.4056 -24.2497 3.24645 5.70648 1.62865 0 0 0 0.241761 2.00473 -1.38778e-17 0 0 0 0 0.0533708 2.384 303 50 0 0 0
./complex_md-fit_27.pdb BC A 7.63447 33.4405 -8.30793 -2.02027 -7.91229 -17.0701 -0.593842 27.0262 -17.2477 3.37191 3.98783 1.5369 0 0 0 0.613343 1.42936 0 0 0 0 0 0 2.384 303 49 0 0 0
./complex_md-fit_280.pdb BC A 7.46592 33.1555 -20.741 -7.84609 -13.6886 -21.471 -0.749302 33.4631 -22.0954 1.90513 7.46457 1.9338 0 0 0 0.267206 2.36321 0.0276237 0 0 0 0 0.047821 2.384 303 44 0 0 0
./complex_md-fit_281.pdb BC A 6.38186 30.1961 -18.4298 -7.79152 -13.5955 -22.3721 -0.941096 35.4848 -22.9826 2.98226 8.08606 2.37246 0 0 0 0.284747 1.73298 0 0 0 0 0 0.0426327 2.384 303 47 0 0 0
./complex_md-fit_282.pdb BC A 7.61417 35.0269 -10.3908 -6.06961 -10.9011 -21.3345 -0.826935 35.1767 -21.3802 3.70713 7.56105 3.41919 0 0 0 0.203579 1.53186 0 0 0 0 0 0.0538643 2.384 303 49 0 0 0
./complex_md-fit_283.pdb BC A 9.69076 32.6482 -17.285 -7.51349 -13.9737 -23.0641 -0.841215 38.483 -23.8198 2.86588 8.86793 1.3625 0 0 0 0.269658 2.58297 0.0297959 0 0 0 0 0.0485413 2.384 303 49 0 0 0
./complex_md-fit_284.pdb BC A 7.97128 36.8904 -12.5353 -7.37766 -9.56651 -21.2662 -0.754934 34.6669 -22.1303 4.13022 7.61275 1.925 0 0 0 0.169131 1.82603 0 0 0 0 0 0.0564167 2.384 303 50 0 0 0
./complex_md-fit_285.pdb BC A 6.84509 40.9038 -14.6645 -6.24325 -11.5084 -22.8215 -0.688263 35.9952 -23.974 4.07262 7.60573 2.55606 0 0 0 0.284283 2.21273 0 0 0 0 0 0.0569476 2.384 303 48 0 0 0
./complex_md-fit_286.pdb BC A 9.38413 26.8957 -13.0828 -8.12047 -12.0752 -22.7271 -0.784468 38.1483 -23.5434 4.00849 9.00353 2.58259 0 0 0 0.377595 1.89171 0 0 0 0 0 0.0473683 2.384 303 47 0 0 0
./complex_md-fit_287.pdb BC A 6.39848 35.8215 -8.00268 -6.47719 -10.4728 -23.42 -0.811318 38.6684 -24.033 5.95061 8.54071 3.67711 0 0 0 0.326219 2.38077 0 0 0 0 0 0.0485692 2.384 303 47 1 1 0
./complex_md-fit_288.pdb BC A 6.38734 33.3535 -12.1721 -4.07832 -9.79459 -21.442 -0.727837 35.2025 -21.9436 2.77466 5.6223 2.07233 0 0 0 0.0898114 1.75244 0 0 0 0 0 0.0526542 2.384 303 47 0 0 0
./complex_md-fit_289.pdb BC A 6.52348 34.388 -11.7376 -7.20784 -10.9937 -23.1147 -0.59497 38.033 -23.2118 5.70756 6.72732 2.63127 0 0 0 0.217008 2.16854 0.0270618 0 0 0 0 0.0421738 2.384 303 51 0 0 0
./complex_md-fit_28.pdb BC A 8.06982 33.4394 -14.2936 -3.26573 -11.7474 -21.7086 -0.893834 34.4344 -22.5206 3.87848 5.11504 1.37619 0 0 0 1.02099 2.04703 0.00667134 0 0 0 0 0.0108203 2.384 303 46 0 0 0
./complex_md-fit_290.pdb BC A 6.63223 29.5302 -13.5753 -6.842 -13.6731 -24.1397 -0.942887 41.5631 -23.7715 3.97869 7.74886 1.83993 0 0 0 0.612126 2.458 0 0 0 0 0 0.0511934 2.384 303 50 0 0 0
./complex_md-fit_291.pdb BC A 7.06535 29.1365 -14.4593 -6.57408 -12.5105 -22.7493 -0.814671 37.9519 -23.3598 4.59532 7.63661 1.20672 0 0 0 0.158411 2.36284 0 0 0 0 0 0 2.384 303 49 0 0 0
./complex_md-fit_292.pdb BC A 6.17602 29.7874 -4.79314 -5.08043 -8.36159 -24.3873 -0.756356 42.2888 -24.2833 6.44651 6.1684 2.74803 0 0 0 0.373364 2.95895 0 0 0 0 0 0.050663 2.384 303 53 0 0 0
./complex_md-fit_293.pdb BC A 8.97892 35.9501 -11.4969 -5.22726 -9.76165 -22.2068 -0.714877 35.6374 -22.6119 4.06596 6.87397 2.31287 0 0 0 0.082781 2.06741 0 0 0 0 0 0.0525483 2.384 303 49 0 0 0
./complex_md-fit_294.pdb BC A 6.52798 36.1175 -13.8902 -6.42401 -9.3224 -22.8732 -0.682212 37.1628 -23.3273 2.2124 6.62197 2.39244 0 0 0 0.323853 2.17734 0.0179752 0 0 0 0 0.00742594 2.384 303 49 0 0 0
./complex_md-fit_295.pdb BC A 8.05424 27.6311 -12.6675 -6.24441 -12.174 -21.9956 -0.802346 36.3834 -22.2026 6.03178 7.47128 0.60488 0 0 0 0.18342 1.97945 0.0216793 0 0 0 0 0.0549933 2.384 303 51 2 2 0
./complex_md-fit_296.pdb BC A 7.39746 33.9432 -9.38838 -5.04368 -15.9394 -25.2948 -0.904509 47.3293 -24.1011 3.7683 8.56299 1.61683 0 0 0 0.563492 2.63038 0 0 0 0 0 0.0540934 2.384 303 54 0 0 0
./complex_md-fit_297.pdb BC A 6.81848 42.1831 -6.17203 -5.42661 -12.8235 -23.397 -1.06155 42.9578 -22.4725 4.99931 7.87426 2.88588 0 0 0 0.22737 2.40282 -0.00976585 0 0 0 0 0.0742966 2.384 303 47 0 0 0
./complex_md-fit_298.pdb BC A 7.51838 44.0069 -17.2388 -6.80513 -10.636 -23.6277 -0.847815 38.2399 -23.9644 2.37274 6.51692 1.32334 0 0 0 0.0748394 2.03153 0.0267799 0 0 0 0 0.0875918 2.384 303 48 0 0 0
./complex_md-fit_299.pdb BC A 9.44803 31.296 -15.0188 -6.19702 -12.0714 -22.765 -0.76659 38.2506 -22.5278 1.49709 7.30742 1.92596 0 0 0 0.297372 2.21072 -0.0235495 0 0 0 0 0.0540402 2.384 303 51 0 0 0
./complex_md-fit_29.pdb BC A 6.863 32.6448 -3.8443 -2.80665 -7.47008 -21.7902 -0.786815 37.8509 -22.408 6.28025 5.78892 0.85918 0 0 0 0.566752 2.21109 -0.00400138 0 0 0 0 0.0753981 2.384 303 52 1 1 0
./complex_md-fit_2.pdb BC A 8.54473 32.5902 -10.9508 -4.85103 -11.8543 -23.0658 -0.845587 40.234 -22.6404 2.87945 7.39193 1.38808 0 0 0 0.424923 2.29044 -0.0119927 0 0 0 0 0 2.384 303 48 0 0 0
./complex_md-fit_300.pdb BC A 7.09409 33.1328 -12.128 -6.75786 -14.2428 -22.8759 -0.832179 39.2988 -22.8286 4.3534 9.27503 2.11607 0 0 0 0.267291 2.17882 0.0211647 0 0 0 0 0.0776787 2.384 303 50 1 1 0
./complex_md-fit_301.pdb BC A 8.71227 31.2464 -10.9075 -6.19603 -13.3542 -22.4473 -0.869345 39.2804 -22.6556 4.48188 8.56713 2.05416 0 0 0 0.153836 2.25046 0.0195525 0 0 0 0 0.0581194 2.384 303 54 0 0 0
./complex_md-fit_302.pdb BC A 8.55071 31.8933 -15.4969 -5.07794 -12.9075 -21.3453 -0.804164 34.983 -21.5617 2.85277 6.20613 1.88777 0 0 0 0.196429 2.17503 0 0 0 0 0 0.0736762 2.384 303 48 1 1 0
./complex_md-fit_303.pdb BC A 9.36399 34.1319 -15.1122 -5.50278 -14.0685 -22.0302 -0.854505 35.9162 -22.4025 2.73148 8.89739 1.74133 0 0 0 0.454708 2.18423 0 0 0 0 0 0.00511097 2.384 303 49 0 0 0
./complex_md-fit_304.pdb BC A 7.79571 37.5277 -16.282 -6.14172 -13.6411 -21.6432 -0.845456 34.6674 -22.3983 4.65876 7.56944 1.37923 0 0 0 0.102392 2.86767 -0.0328687 0 0 0 0 0.0435173 2.384 303 51 1 1 0
./complex_md-fit_305.pdb BC A 8.75094 27.6101 -13.4291 -5.53527 -12.9189 -22.6757 -0.849737 37.4225 -23.1894 4.20491 8.25898 1.50298 0 0 0 0.306864 2.02445 0 0 0 0 0 0.0436208 2.384 303 52 1 1 0
./complex_md-fit_306.pdb BC A 7.33735 39.8969 -8.9342 -6.04382 -11.1536 -22.7627 -0.840722 38.2189 -22.8991 4.91723 9.32931 1.94363 0 0 0 0.324293 2.25346 -0.0140145 0 0 0 0 0.0464716 2.384 303 53 0 0 0
./complex_md-fit_307.pdb BC A 6.69998 34.3413 -10.2323 -4.24988 -12.0836 -22.6636 -0.884995 37.3571 -22.4493 5.14176 7.30298 1.58852 0 0 0 0.648 2.42855 0 0 0 0 0 0.0606721 2.384 303 51 1 1 0
./complex_md-fit_308.pdb BC A 7.0193 35.272 -16.9105 -5.60566 -13.3014 -22.8433 -0.704351 36.7459 -23.3132 2.99903 7.08052 1.42477 0 0 0 0.569223 2.17901 -0.0170466 0 0 0 0 0.0549815 2.384 303 51 0 0 0
./complex_md-fit_309.pdb BC A 6.5187 36.8206 -12.7218 -6.27105 -12.079 -22.4771 -0.811809 36.8766 -22.4266 4.84577 7.5596 1.63776 0 0 0 0.369856 2.16822 1.11022e-16 0 0 0 0 0.0541157 2.384 303 49 2 2 0
./complex_md-fit_30.pdb BC A 7.94974 33.8168 -4.91819 -5.54253 -12.4856 -21.882 -0.863299 38.3101 -21.6737 6.14249 9.20207 3.49855 0 0 0 0.313602 1.83605 0 0 0 0 0 0.062219 2.384 303 49 1 1 0
./complex_md-fit_310.pdb BC A 7.2498 30.7401 -12.7791 -5.20693 -12.301 -22.8109 -0.90026 39.7299 -22.9363 2.34791 7.64927 1.26282 0 0 0 0.373807 2.81647 -0.0405069 0 0 0 0 0.0530466 2.384 303 54 0 0 0
./complex_md-fit_311.pdb BC A 6.48888 32.6604 -19.2748 -6.83824 -14.9872 -21.0591 -0.991907 34.6149 -21.0449 1.68388 7.34582 1.6698 0 0 0 0.293288 2.18808 0 0 0 0 0 0.0389112 2.384 303 48 0 0 0
./complex_md-fit_312.pdb BC A 8.56298 29.6033 -12.105 -5.6415 -12.5178 -22.4768 -0.821088 37.2505 -22.1588 4.79871 7.19169 2.08996 0 0 0 0.14853 2.45217 -0.0233423 0 0 0 0 0.0548594 2.384 303 50 1 1 0
./complex_md-fit_313.pdb BC A 6.24701 35.3385 -18.0538 -8.19938 -16.6148 -21.6016 -0.709857 36.468 -21.0952 1.21252 8.95543 3.13354 0 0 0 0.364989 2.55255 -0.0280853 0 0 0 0 0.0606469 2.384 303 49 0 0 0
./complex_md-fit_314.pdb BC A 6.66825 30.9361 -6.62565 -5.31399 -10.0149 -21.7609 -0.758663 37.8967 -21.6576 4.13518 9.23624 1.44089 0 0 0 0.140028 2.52209 -0.033014 0 0 0 0 0.0643594 2.384 303 51 0 0 0
./complex_md-fit_315.pdb BC A 7.76696 34.1006 -11.6025 -5.83154 -15.149 -22.2763 -0.911732 38.3083 -22.5538 6.22416 8.82003 1.4169 0 0 0 0.285978 2.15515 0 0 0 0 0 0.064423 2.384 303 49 1 1 0
./complex_md-fit_316.pdb BC A 7.88116 30.8816 -21.0652 -6.87393 -14.8865 -20.7708 -0.889139 33.1856 -21.2553 1.14293 7.07406 1.6655 0 0 0 0.487459 2.25191 0 0 0 0 0 0.0550481 2.384 303 52 0 0 0
./complex_md-fit_317.pdb BC A 7.62685 36.231 -16.0894 -6.55742 -15.3054 -20.7959 -0.811362 34.3567 -21.24 5.15025 8.02315 0.946618 0 0 0 0.124359 2.35428 -0.0294167 0 0 0 0 0.0490925 2.384 303 51 0 0 0
./complex_md-fit_318.pdb BC A 7.62447 32.9856 -18.1767 -5.83412 -15.2336 -20.4219 -0.791215 32.9398 -20.9075 1.51808 7.9676 2.36037 0 0 0 0.184827 2.30258 0 0 0 0 0 0.0409343 2.384 303 50 0 0 0
./complex_md-fit_319.pdb BC A 7.15644 35.2585 -13.6125 -4.71759 -13.1485 -22.2939 -0.936185 36.2022 -22.6852 4.36874 7.40844 1.74598 0 0 0 0.39924 2.17228 0 0 0 0 0 0.0443242 2.384 303 50 0 0 0
./complex_md-fit_31.pdb BC A 8.36262 35.6019 -9.97824 -3.73512 -9.37487 -22.1636 -0.603994 37.1727 -22.2872 1.87072 6.53872 2.16374 0 0 0 0.417853 2.44497 -0.0365056 0 0 0 0 0.0592426 2.384 303 47 0 0 0
./complex_md-fit_320.pdb BC A 6.18223 34.6845 -11.1588 -4.2601 -11.0158 -20.9461 -0.585862 35.0861 -21.3503 2.71005 7.52757 1.44531 0 0 0 0.178325 2.24794 0.0291637 0 0 0 0 0.0228817 2.384 303 50 0 0 0
./complex_md-fit_321.pdb BC A 8.81635 39.5512 -12.1175 -4.76271 -12.061 -21.3049 -0.712415 36.2291 -21.8695 2.33467 8.1102 1.66258 0 0 0 0.256562 2.30024 0 0 0 0 0 0 2.384 303 50 0 0 0
./complex_md-fit_322.pdb BC A 10.6671 37.3668 -14.0653 -6.89364 -13.5051 -22.082 -0.734231 36.6572 -22.2736 4.43362 8.56037 1.13907 0 0 0 0.642622 2.76993 -0.00950376 0 0 0 0 0 2.384 303 53 0 0 0
./complex_md-fit_323.pdb BC A 9.26341 32.293 -12.8605 -6.10252 -14.5207 -21.7526 -0.726962 36.4799 -21.8499 5.31417 7.3843 1.71869 0 0 0 1.19505 2.49698 6.93889e-18 0 0 0 0 0 2.384 303 52 0 0 0
./complex_md-fit_324.pdb BC A 7.90824 30.5595 -9.67517 -3.72693 -12.3299 -20.52 -0.7337 33.9567 -20.5032 3.79992 7.05178 3.11201 0 0 0 0.218115 1.93846 0 0 0 0 0 0 2.384 303 53 0 0 0
./complex_md-fit_325.pdb BC A 6.78304 40.3727 -17.783 -5.37174 -14.0386 -18.7322 -0.766392 28.6299 -19.4086 1.43824 8.10288 2.29187 0 0 0 0.0842484 2.0843 -0.0125968 0 0 0 0 0 2.384 303 46 0 0 0
./complex_md-fit_326.pdb BC A 7.66728 33.1566 -11.3729 -5.56141 -11.7881 -21.7912 -0.913226 36.7779 -22.0651 4.3159 7.75152 1.42474 0 0 0 0.485366 2.51744 -0.00923495 0 0 0 0 0 2.384 303 53 1 1 0
./complex_md-fit_327.pdb BC A 8.07299 32.3736 -11.1277 -4.9116 -11.676 -20.578 -0.70765 34.7852 -21.3139 4.57021 6.4092 1.75264 0 0 0 0.542169 2.46949 0 0 0 0 0 0 2.384 303 55 1 1 0
./complex_md-fit_328.pdb BC A 9.68003 27.9215 -11.747 -4.37841 -10.8534 -19.9973 -0.781146 33.1416 -20.373 2.57747 6.00716 2.68998 0 0 0 0.190177 2.31581 0.0298772 0 0 0 0 0 2.384 303 50 0 0 0
./complex_md-fit_329.pdb BC A 8.12122 31.2964 -8.13991 -4.87977 -10.4084 -20.6744 -0.778249 34.5946 -20.9252 4.78939 7.04511 2.88323 0 0 0 0.224644 2.27831 -0.0108037 0 0 0 0 0 2.384 303 51 1 1 0
./complex_md-fit_32.pdb BC A 7.01039 39.2286 -12.4401 -5.24849 -12.9856 -23.1806 -1.10827 39.7253 -23.1679 3.03527 7.6743 2.56443 0 0 0 0.218475 2.8976 -0.0150966 0 0 0 0 0.0480578 2.384 303 49 0 0 0
./complex_md-fit_330.pdb BC A 5.76135 28.2114 -12.5134 -3.37565 -12.2143 -20.6648 -0.67726 34.1243 -21.0964 3.44406 6.63958 1.17995 0 0 0 0.126932 1.96813 0 0 0 0 0 0 2.384 303 50 0 0 0
./complex_md-fit_331.pdb BC A 7.59811 33.639 -12.2675 -4.34456 -13.1801 -21.2526 -0.833662 35.6781 -21.1333 3.51802 6.45705 2.67578 0 0 0 0.119504 2.36489 0.0282326 0 0 0 0 0 2.384 303 54 0 0 0
./complex_md-fit_332.pdb BC A 8.10892 37.3806 -6.02177 -2.77877 -8.73198 -20.1245 -0.827921 34.7024 -20.5958 3.68888 6.24701 2.1885 0 0 0 0.216394 1.99704 -0.00594984 0 0 0 0 0 2.384 303 49 1 1 0
./complex_md-fit_333.pdb BC A 8.04498 34.1725 -8.1892 -1.72932 -10.7865 -20.2696 -0.683463 34.1512 -20.2926 4.05532 5.19112 1.50484 0 0 0 0.669759 2.07364 0 0 0 0 0 0 2.384 303 51 1 1 0
./complex_md-fit_334.pdb BC A 8.15768 37.4368 -6.5415 -3.32914 -8.94348 -19.2068 -0.699179 30.608 -19.9122 7.05147 6.63174 1.08307 0 0 0 0.175075 1.76956 1.11022e-16 0 0 0 0 0 2.384 303 45 1 1 0
./complex_md-fit_335.pdb BC A 7.34013 33.2715 -8.57405 -2.63631 -11.3243 -18.9338 -0.753637 32.0886 -18.8816 3.41289 6.09141 2.10105 0 0 0 0.261633 1.99287 5.55112e-17 0 0 0 0 0 2.384 303 52 1 1 0
./complex_md-fit_336.pdb BC A 6.5554 34.7625 -9.68342 -4.63963 -12.5382 -20.7906 -0.805271 36.3244 -20.5639 3.19636 7.27289 2.09141 0 0 0 0.741292 2.4145 -0.011258 0 0 0 0 0.0390963 2.384 303 50 1 1 0
./complex_md-fit_337.pdb BC A 6.91419 41.6607 -10.7083 -3.87873 -11.3911 -19.1232 -0.653279 32.3195 -18.9451 1.54556 7.49915 1.65963 0 0 0 0.225872 1.51807 -2.77556e-17 0 0 0 0 0.0334161 2.384 303 50 0 0 0
./complex_md-fit_338.pdb BC A 8.8881 29.8956 -10.9252 -3.70181 -11.9836 -19.9206 -0.893208 33.2619 -19.9433 4.17095 6.57678 1.38191 0 0 0 0.139769 2.25723 -0.0140761 0 0 0 0 0 2.384 303 49 0 0 0
./complex_md-fit_339.pdb BC A 7.46138 32.8276 -9.52121 -4.39543 -12.0617 -18.0139 -0.825496 30.7525 -17.9131 4.85069 6.76878 0.979206 0 0 0 0.329242 1.92495 0 0 0 0 0 0.00800048 2.384 303 48 0 0 0
./complex_md-fit_33.pdb BC A 8.63357 32.8259 -5.54949 -4.16265 -9.88478 -21.2153 -0.973656 37.6536 -21.5675 3.94368 7.26611 3.07772 0 0 0 0.279086 2.45169 -0.0195948 0 0 0 0 0.0538485 2.384 303 48 0 0 0
./complex_md-fit_340.pdb BC A 8.13409 35.2019 -7.45767 -4.37598 -11.9105 -20.1726 -0.597168 34.9119 -20.3569 4.88871 6.99887 2.62702 0 0 0 0.510998 2.21206 0.0180322 0 0 0 0 0 2.384 303 51 0 0 0
./complex_md-fit_341.pdb BC A 8.76827 35.3619 -8.04279 -3.00306 -10.9862 -20.0464 -0.566248 35.1102 -20.1497 3.75477 6.65383 0.982293 0 0 0 0.207715 1.73652 0 0 0 0 0 0 2.384 303 50 0 0 0
./complex_md-fit_342.pdb BC A 7.58658 28.2333 -14.1629 -5.26805 -13.7585 -20.326 -0.724126 33.3595 -20.3105 3.83272 7.41581 1.39259 0 0 0 0.23336 2.05985 -0.00962854 0 0 0 0 0 2.384 303 47 0 0 0
./complex_md-fit_343.pdb BC A 7.71643 37.7814 -11.4657 -5.32428 -10.365 -18.0852 -0.813151 30.4154 -18.506 2.51428 6.71843 1.78564 0 0 0 0.194316 1.652 0 0 0 0 0 0 2.384 303 44 0 0 0
./complex_md-fit_344.pdb BC A 7.19447 36.5135 -11.3996 -5.62188 -13.3429 -19.7121 -0.867642 33.2547 -19.413 4.28826 8.06689 1.76677 0 0 0 0.187441 1.82612 -0.0125319 0 0 0 0 0.00639457 2.384 303 47 1 1 0
./complex_md-fit_345.pdb BC A 8.07305 36.9262 -12.7588 -4.65261 -13.6045 -20.9788 -0.810717 35.6225 -20.8613 3.74135 6.80275 1.87745 0 0 0 0.172632 2.53128 -0.067574 0 0 0 0 1.11022e-16 2.384 303 51 0 0 0
./complex_md-fit_346.pdb BC A 7.98311 40.0423 -13.4543 -6.00007 -13.9885 -21.0209 -0.990018 34.6923 -20.9506 2.32825 9.87631 1.80465 0 0 0 0.810464 2.06284 -0.0161385 0 0 0 0 0 2.384 303 51 0 0 0
./complex_md-fit_347.pdb BC A 9.08828 30.8679 -16.4487 -6.08631 -15.3515 -20.9257 -0.878387 34.719 -21.2115 1.8822 9.33093 1.98131 0 0 0 0.101531 2.52631 -0.0102425 0 0 0 0 0 2.384 303 48 0 0 0
./complex_md-fit_348.pdb BC A 6.90719 36.0704 -8.22233 -4.9456 -10.6712 -21.2896 -0.701513 35.545 -21.1705 4.84865 8.10809 1.77028 0 0 0 0.29497 2.31755 -0.0109067 0 0 0 0 0 2.384 303 52 1 1 0
./complex_md-fit_349.pdb BC A 8.6658 37.6852 -9.4356 -4.26726 -13.02 -21.3254 -0.63969 36.6415 -21.3931 2.30682 8.11443 3.54477 0 0 0 0.602448 2.35359 0 0 0 0 0 0 2.384 303 52 0 0 0
./complex_md-fit_34.pdb BC A 7.52611 37.458 -4.30407 -1.59979 -8.06332 -22.4288 -0.791296 38.5495 -22.9355 4.19521 5.93976 2.52057 0 0 0 0.32122 3.91737 -0.0520049 0 0 0 0 0.0403495 2.384 303 49 0 0 0
./complex_md-fit_350.pdb BC A 7.07687 35.6899 -17.6934 -6.92194 -14.9815 -22.3216 -0.895227 36.7387 -22.5746 3.0432 8.71439 1.39285 0 0 0 0.125619 2.09434 -0.0132398 0 0 0 0 0 2.384 303 48 0 0 0
./complex_md-fit_351.pdb BC A 8.62635 40.7464 -3.43699 -3.61557 -10.798 -21.4148 -0.657986 37.8907 -21.1032 6.08055 8.16251 1.90536 0 0 0 0.129329 2.24211 -0.0158905 0 0 0 0 0 2.384 303 51 1 1 0
./complex_md-fit_352.pdb BC A 7.52142 32.0629 -14.217 -5.5841 -13.7425 -20.028 -0.870296 32.6799 -20.2757 2.76977 8.21724 2.30027 0 0 0 0.316387 2.05963 0 0 0 0 0 0 2.384 303 49 0 0 0
./complex_md-fit_353.pdb BC A 9.18917 33.9117 -13.6262 -4.11787 -10.4979 -21.5208 -0.624575 35.3639 -22.2469 3.80154 5.27159 0.576756 0 0 0 0.341589 2.40569 0.0264503 0 0 0 0 0 2.384 303 52 0 0 0
./complex_md-fit_354.pdb BC A 8.29277 39.0437 -19.5428 -5.30128 -14.5007 -20.5434 -0.802239 32.6955 -20.8262 1.03251 7.20064 1.05799 0 0 0 0.45521 2.45186 -0.0108441 0 0 0 0 0 2.384 303 49 0 0 0
./complex_md-fit_355.pdb BC A 7.91923 36.9443 -9.81403 -4.13693 -11.392 -21.7967 -0.574321 36.4536 -22.0177 4.25073 7.22642 1.49383 0 0 0 0.689237 2.11247 -0.010159 0 0 0 0 0 2.384 303 50 0 0 0
./complex_md-fit_356.pdb BC A 7.89899 38.0217 -12.5297 -5.91742 -12.6545 -20.2587 -0.689043 32.1785 -20.4392 4.7655 8.17702 2.11944 0 0 0 0.203242 1.80732 -0.0145601 0 0 0 0 0 2.384 303 50 0 0 0
./complex_md-fit_357.pdb BC A 9.26891 38.2389 -7.63048 -4.35255 -12.1195 -20.9181 -0.853767 36.0601 -21.2005 5.51134 7.67319 2.23884 0 0 0 0.314946 2.38242 0.0155395 0 0 0 0 0 2.384 303 52 1 1 0
./complex_md-fit_358.pdb BC A 6.95386 30.125 -13.8195 -5.95548 -12.9129 -21.3835 -0.732895 36.3678 -21.5883 3.64276 6.86122 1.7516 0 0 0 0.130244 2.66092 0 0 0 0 0 0 2.384 303 51 1 1 0
./complex_md-fit_359.pdb BC A 8.63239 31.0317 -14.9465 -5.64206 -13.068 -20.3157 -0.806442 33.8844 -20.8993 2.16983 7.6727 1.77895 0 0 0 0.290145 2.26501 -0.0110325 0 0 0 0 0 2.384 303 51 0 0 0
./complex_md-fit_35.pdb BC A 6.31501 39.7466 -9.88657 -3.14939 -10.6988 -22.2144 -0.776946 37.0312 -22.9469 3.43887 5.94535 3.14988 0 0 0 0.310514 2.59541 0 0 0 0 0 0.0240144 2.384 303 52 0 0 0
./complex_md-fit_360.pdb BC A 7.38884 36.8403 -16.2722 -5.61357 -13.9264 -19.703 -0.688668 31.7169 -19.9108 2.47074 7.42003 1.74405 0 0 0 0.228176 2.22959 -0.00962632 0 0 0 0 0 2.384 303 50 0 0 0
./complex_md-fit_361.pdb BC A 8.11983 36.2516 -17.9183 -6.45179 -14.8298 -21.794 -0.902212 35.9781 -22.1888 2.235 8.19462 1.67158 0 0 0 0.19422 2.32685 -0.0258277 0 0 0 0 0.000702101 2.384 303 50 0 0 0
./complex_md-fit_362.pdb BC A 8.44712 34.3501 -12.2341 -4.34865 -11.8 -22.0368 -0.585429 37.5172 -22.2796 2.32593 7.60207 1.17596 0 0 0 0.153933 2.04355 -0.0325727 0 0 0 0 0.0737757 2.384 303 54 0 0 0
./complex_md-fit_363.pdb BC A 9.35293 30.8812 -7.7442 -4.71087 -10.7833 -21.6594 -0.966415 36.7752 -21.9187 6.80307 7.10324 1.34728 0 0 0 0.258203 2.17328 -0.0120886 0 0 0 0 0.0195474 2.384 303 52 3 3 0
./complex_md-fit_364.pdb BC A 8.44781 37.7677 -17.1591 -5.78706 -15.3317 -22.5877 -0.954004 38.2157 -23.2982 1.84628 8.36783 2.03323 0 0 0 0.286557 2.39353 0.0123448 0 0 0 0 0.037567 2.384 303 53 0 0 0
./complex_md-fit_365.pdb BC A 7.05849 35.2304 -8.98643 -4.34258 -11.7765 -21.999 -0.960109 37.4612 -22.2273 5.43887 7.48723 1.6175 0 0 0 0.319831 2.91608 -0.0302558 0 0 0 0 0.0247507 2.384 303 51 0 0 0
./complex_md-fit_366.pdb BC A 6.81802 33.7221 -7.96395 -4.29726 -12.4839 -21.8039 -0.952813 38.2931 -21.7195 5.12381 7.42313 2.20286 0 0 0 0.264287 2.24594 -0.0444518 0 0 0 0 0.0307715 2.384 303 51 2 2 0
./complex_md-fit_367.pdb BC A 7.7839 28.203 -8.46822 -6.5292 -9.32009 -23.0634 -0.750705 40.2358 -23.489 4.76059 7.60372 1.88881 0 0 0 0.13532 2.25577 0.0223592 0 0 0 0 0.0375798 2.384 303 55 0 0 0
./complex_md-fit_368.pdb BC A 6.90258 27.7781 -20.2586 -8.0852 -15.075 -23.8681 -0.846644 38.6127 -24.6662 1.66771 9.14491 2.19307 0 0 0 0.63726 2.8834 0 0 0 0 0 0.0268814 2.384 303 50 0 0 0
./complex_md-fit_369.pdb BC A 8.98696 36.8639 -10.8239 -6.55529 -12.4829 -21.6698 -0.677724 37.2634 -21.9179 3.52224 8.81635 2.63914 0 0 0 0.180814 2.2919 0 0 0 0 0 0.0578033 2.384 303 49 0 0 0
./complex_md-fit_36.pdb BC A 7.44693 41.7746 -12.2122 -4.58974 -11.5336 -21.1584 -0.785564 36.8509 -21.3447 3.01179 6.44724 0.708741 0 0 0 0.171949 3.01618 -0.0425311 0 0 0 0 0.051722 2.384 303 52 0 0 0
./complex_md-fit_370.pdb BC A 7.45939 34.3256 -6.71845 -2.58849 -10.5484 -19.9504 -0.819934 34.4941 -20.0834 4.03373 5.54878 3.00106 0 0 0 0.156443 2.00593 -1.11022e-16 0 0 0 0 0.0380704 2.384 303 48 0 0 0
./complex_md-fit_371.pdb BC A 9.48056 42.2367 -8.3152 -5.35481 -11.7137 -21.0553 -0.965267 35.1767 -20.7173 5.81565 7.97576 2.13504 0 0 0 0.365214 1.82881 0 0 0 0 0 0.0228236 2.384 303 49 1 1 0
./complex_md-fit_372.pdb BC A 6.20103 33.9076 -13.1189 -5.2554 -11.122 -19.9834 -0.705843 32.0898 -20.5424 3.78304 6.1742 1.82871 0 0 0 0.563099 2.34576 0.0309328 0 0 0 0 0.0203411 2.384 303 50 0 0 0
./complex_md-fit_373.pdb BC A 6.54458 36.1193 -10.0332 -4.59828 -11.8528 -18.7723 -0.864155 31.7903 -18.706 4.0324 6.41206 2.22417 0 0 0 0.278674 1.88638 0 0 0 0 0 0.0226712 2.384 303 47 0 0 0
./complex_md-fit_374.pdb BC A 6.68349 31.0358 -11.2497 -3.71963 -12.8408 -18.7685 -0.561256 31.3659 -18.9578 2.85722 7.66918 1.55933 0 0 0 0.101408 1.72814 0.014676 0 0 0 0 0.0304044 2.384 303 51 0 0 0
./complex_md-fit_375.pdb BC A 5.71256 28.4145 -9.73966 -3.18401 -10.6406 -19.6706 -0.609536 32.5468 -19.7721 2.13514 6.75801 2.38894 0 0 0 0.293503 1.9183 -0.010497 0 0 0 0 0.0252167 2.384 303 50 0 0 0
./complex_md-fit_376.pdb BC A 11.1975 43.4587 -13.4971 -6.50169 -14.5062 -20.9286 -0.746968 34.8501 -21.1688 2.55953 10.4515 1.6247 0 0 0 0.823282 2.6071 -0.0117888 0 0 0 0 0.057854 2.384 303 52 0 0 0
./complex_md-fit_377.pdb BC A 6.29579 36.9127 -12.3708 -6.07526 -13.0621 -21.6177 -0.818987 36.0995 -21.712 6.12646 6.78991 1.75531 0 0 0 0.11306 2.31053 0 0 0 0 0 0.0309764 2.384 303 49 2 2 0
./complex_md-fit_378.pdb BC A 7.37604 31.526 -11.9068 -4.46209 -12.1359 -19.195 -0.738859 33.1229 -19.1362 3.33385 5.9876 1.04852 0 0 0 0.276728 2.29847 -0.00961449 0 0 0 0 0.00118675 2.384 303 48 0 0 0
./complex_md-fit_379.pdb BC A 7.85258 32.1099 -16.6675 -6.45787 -14.352 -19.9295 -0.913166 33.12 -19.7352 2.21566 8.15035 1.06829 0 0 0 0.117368 2.27881 0.00991616 0 0 0 0 0.0386212 2.384 303 51 1 1 0
./complex_md-fit_37.pdb BC A 9.69908 35.0306 -16.8765 -5.04064 -12.6417 -21.4224 -0.845007 35.2004 -22.3136 2.27226 6.41974 1.29029 0 0 0 0.16943 2.16634 0 0 0 0 0 0.0347125 2.384 303 49 0 0 0
./complex_md-fit_380.pdb BC A 8.37737 30.4987 -14.0362 -5.24929 -13.4328 -21.8155 -1.0163 36.1518 -21.8094 3.40761 7.80977 1.76568 0 0 0 0.139428 2.00078 -0.0159452 0 0 0 0 0.0288448 2.384 303 52 0 0 0
./complex_md-fit_381.pdb BC A 8.15531 32.0045 -15.4412 -5.29638 -14.5158 -22.2812 -0.874719 38.2849 -22.9465 1.09522 8.85852 2.06451 0 0 0 0.114763 2.32739 0.0254787 0 0 0 0 0.0300542 2.384 303 50 0 0 0
./complex_md-fit_382.pdb BC A 8.05244 33.8 -11.9368 -4.74133 -12.2383 -19.3114 -0.646578 31.8156 -19.2599 2.87509 7.37991 1.97224 0 0 0 0.188916 2.23186 0 0 0 0 0 0.029016 2.384 303 49 1 1 0
./complex_md-fit_383.pdb BC A 7.65096 32.6121 -15.8083 -4.37885 -14.2546 -21.3595 -0.79642 35.1355 -21.952 2.28183 7.59265 1.75595 0 0 0 0.128491 2.49136 0.0145217 0 0 0 0 0.0240544 2.384 303 51 0 0 0
./complex_md-fit_384.pdb BC A 6.93355 38.7941 -12.7427 -5.6169 -12.2836 -22.1656 -0.728041 36.8637 -22.3144 3.66719 7.7562 1.55458 0 0 0 0.503325 2.30467 -0.010383 0 0 0 0 0.0312799 2.384 303 50 1 1 0
./complex_md-fit_385.pdb BC A 6.99447 33.2511 -12.3595 -5.33581 -13.0877 -21.2822 -0.76697 35.777 -21.5448 3.69179 8.44912 1.50439 0 0 0 0.227382 2.1836 -0.00976641 0 0 0 0 0.0181597 2.384 303 50 0 0 0
./complex_md-fit_386.pdb BC A 6.61799 35.6304 -9.34055 -2.47029 -11.4219 -19.9755 -0.779849 33.5809 -20.0571 3.831 6.33559 1.46314 0 0 0 0.181765 2.19463 -0.028381 0 0 0 0 0 2.384 303 51 0 0 0
./complex_md-fit_387.pdb BC A 6.17036 47.8336 -12.0497 -4.68774 -13.3437 -22.8773 -0.909627 38.4637 -23.3611 4.77514 7.36478 1.99543 0 0 0 0.495797 2.68884 0.0348688 0 0 0 0 0 2.384 303 55 1 1 0
./complex_md-fit_388.pdb BC A 10.6619 42.3272 -10.8884 -3.80905 -10.8495 -20.915 -0.75413 33.9033 -21.4944 3.45202 7.47822 1.66124 0 0 0 0.438985 1.97301 0 0 0 0 0 0 2.384 303 52 1 1 0
./complex_md-fit_389.pdb BC A 9.3124 36.8075 -10.9047 -5.22274 -11.1654 -19.5841 -0.783645 33.2227 -19.7604 3.02122 7.31246 1.6775 0 0 0 0.346865 2.38797 0.0307884 0 0 0 0 0 2.384 303 48 1 1 0
./complex_md-fit_38.pdb BC A 7.14025 32.3716 -12.3288 -5.05397 -9.75407 -20.8694 -0.78929 33.6481 -21.2869 3.18065 6.50819 1.8438 0 0 0 0.237647 2.21611 -0.0208081 0 0 0 0 0.0272773 2.384 303 49 0 0 0
./complex_md-fit_390.pdb BC A 8.28145 32.5171 -9.84141 -3.49981 -11.4982 -20.6116 -0.842893 33.9284 -20.6768 4.13418 6.96681 1.97053 0 0 0 0.287933 2.33529 0 0 0 0 0 0 2.384 303 49 1 1 0
./complex_md-fit_391.pdb BC A 8.44133 30.487 -11.6493 -3.36331 -11.9678 -21.2317 -0.783259 35.4372 -21.9072 3.02568 7.36167 1.64919 0 0 0 0.140103 2.09395 -0.0098492 0 0 0 0 0 2.384 303 54 0 0 0
./complex_md-fit_392.pdb BC A 8.21353 32.9318 -15.5191 -5.78031 -15.755 -20.3154 -0.747813 33.1744 -20.4026 4.05495 8.59904 1.09325 0 0 0 0.566195 1.9771 -0.00579097 0 0 0 0 0 2.384 303 48 0 0 0
./complex_md-fit_393.pdb BC A 8.67302 31.333 -18.2046 -4.43176 -14.8022 -20.6139 -0.733605 33.0732 -21.2713 2.19137 6.37966 1.45381 0 0 0 0.550163 2.02165 0 0 0 0 0 0 2.384 303 51 0 0 0
./complex_md-fit_394.pdb BC A 6.96996 30.1893 -9.53418 -4.6556 -11.1918 -21.2146 -0.783637 36.373 -21.5821 3.18964 7.4668 2.37312 0 0 0 0.519664 2.35662 -0.0286296 0 0 0 0 0 2.384 303 50 0 0 0
./complex_md-fit_395.pdb BC A 6.7702 38.3136 -9.14498 -4.79049 -10.1032 -21.2166 -0.782922 35.6855 -21.4849 4.73338 7.37495 1.05126 0 0 0 0.38811 3.02759 0 0 0 0 0 0 2.384 303 50 1 1 0
./complex_md-fit_396.pdb BC A 6.45278 35.4108 -14.4139 -3.8245 -12.3512 -19.5939 -0.672573 32.1116 -20.2053 2.67286 6.25762 1.10204 0 0 0 0.10155 1.77327 -0.0121156 0 0 0 0 0 2.384 303 52 0 0 0
./complex_md-fit_397.pdb BC A 9.59232 44.5749 -15.6566 -6.61675 -14.2012 -19.7528 -0.795608 31.9517 -19.8299 1.9839 8.46773 2.94257 0 0 0 0.204047 1.9202 -0.0103442 0 0 0 0 0 2.384 303 53 0 0 0
./complex_md-fit_398.pdb BC A 8.50311 39.164 -12.9935 -5.15277 -10.3352 -19.9749 -0.639255 32.9049 -20.1848 2.79881 5.89233 1.45569 0 0 0 0.241635 1.88066 1.11022e-16 0 0 0 0 0 2.384 303 48 0 0 0
./complex_md-fit_399.pdb BC A 7.62151 29.3621 -10.3066 -4.50574 -11.1368 -19.9068 -0.83873 33.5952 -20.1935 4.43116 6.03867 1.95932 0 0 0 0.232731 1.86418 0.017928 0 0 0 0 0 2.384 303 48 1 1 0
./complex_md-fit_39.pdb BC A 9.32522 32.2114 -12.8667 -5.63221 -12.8295 -21.126 -0.833552 33.7971 -21.5835 5.38598 7.57459 2.17357 0 0 0 0.168701 2.38255 -0.00630206 0 0 0 0 0.0444725 2.384 303 51 1 1 0
./complex_md-fit_3.pdb BC A 8.22892 27.4135 -8.74409 -3.94155 -11.0201 -20.7451 -0.750965 36.2118 -20.6034 4.29912 6.02471 1.43534 0 0 0 0.337764 2.04033 0.00834768 0 0 0 0 0 2.384 303 51 0 0 0
./complex_md-fit_400.pdb BC A 9.67183 28.2579 -8.74911 -4.46565 -9.94817 -19.4429 -0.662385 32.5231 -19.5391 3.18575 6.62743 2.73505 0 0 0 0.214432 1.95237 0.023306 0 0 0 0 0 2.384 303 48 0 0 0
./complex_md-fit_401.pdb BC A 7.67282 34.9195 -13.4107 -4.92938 -13.8711 -20.1126 -0.805179 33.7417 -19.5551 3.45951 7.31782 1.24287 0 0 0 0.115479 2.2661 -0.0147744 0 0 0 0 0 2.384 303 53 0 0 0
./complex_md-fit_402.pdb BC A 8.31003 28.6406 -16.6248 -6.89478 -15.7349 -19.7637 -1.04937 33.3155 -19.4715 2.45283 8.93958 1.27036 0 0 0 0.31124 2.00259 0 0 0 0 0 0 2.384 303 51 0 0 0
./complex_md-fit_403.pdb BC A 7.11612 36.496 -11.1819 -4.75871 -14.1709 -20.482 -0.783825 35.7862 -19.9634 2.3984 9.12483 1.46656 0 0 0 0.200899 2.43539 -1.11022e-16 0 0 0 0 0 2.384 303 51 0 0 0
./complex_md-fit_404.pdb BC A 8.31157 46.8227 -10.4075 -4.51947 -11.4389 -20.6755 -0.830964 34.9974 -20.2093 4.12729 6.55572 1.21588 0 0 0 0.379357 2.51482 -0.00910477 0 0 0 0 0 2.384 303 51 0 0 0
./complex_md-fit_405.pdb BC A 7.00725 37.9985 -6.29935 -4.62036 -10.2406 -20.5619 -0.775468 34.3836 -20.8254 7.26683 6.36223 2.35827 0 0 0 0.363198 2.14857 -0.00971764 0 0 0 0 0 2.384 303 51 1 1 0
./complex_md-fit_406.pdb BC A 7.61747 34.2028 -7.69086 -4.51815 -10.4783 -20.6276 -0.582688 35.745 -20.7159 5.32682 6.99708 1.02931 0 0 0 0.140658 2.00205 -0.0123724 0 0 0 0 0.00528947 2.384 303 53 1 1 0
./complex_md-fit_407.pdb BC A 9.33867 40.7573 -10.628 -6.60211 -10.2463 -21.2337 -0.670276 36.6599 -20.8363 2.74021 7.43252 1.88357 0 0 0 0.273537 2.77245 -0.0290768 0 0 0 0 0 2.384 303 51 0 0 0
./complex_md-fit_408.pdb BC A 5.79499 33.6814 -12.8627 -4.76613 -10.5737 -20.848 -0.78563 34.1828 -20.9617 1.80274 7.21622 1.60118 0 0 0 0.295379 2.08102 -0.0259161 0 0 0 0 0 2.384 303 49 0 0 0
./complex_md-fit_409.pdb BC A 7.42188 41.8258 -15.6034 -6.28202 -12.2299 -21.0159 -0.902184 34.2 -21.5768 3.47565 7.51806 0.856699 0 0 0 0.352969 2.22659 0 0 0 0 0 0 2.384 303 49 0 0 0
./complex_md-fit_40.pdb BC A 10.4125 34.0469 -5.5105 -4.43707 -7.51783 -20.9763 -0.570275 33.7297 -21.7682 7.32335 6.25456 2.24729 0 0 0 0.239805 2.76915 -0.0355525 0 0 0 0 0 2.384 303 53 1 1 0
./complex_md-fit_410.pdb BC A 8.01178 31.7696 -15.3358 -4.69858 -12.3783 -20.0775 -0.88399 32.5556 -20.4076 1.46245 6.75142 2.12824 0 0 0 0.212428 1.83404 0 0 0 0 0 0 2.384 303 46 0 0 0
./complex_md-fit_411.pdb BC A 10.0733 34.906 -12.2355 -5.29905 -12.0299 -20.9814 -1.02376 34.1086 -21.109 3.03532 8.76969 2.07829 0 0 0 0.259033 2.31912 -0.0433572 0 0 0 0 0 2.384 303 52 0 0 0
./complex_md-fit_412.pdb BC A 7.70487 31.8757 -13.3697 -3.29846 -11.4799 -21.4362 -0.787621 34.4387 -22.3134 3.86057 6.48974 0.950965 0 0 0 0.205881 2.22848 0 0 0 0 0 0 2.384 303 53 0 0 0
./complex_md-fit_413.pdb BC A 7.82566 32.3713 -9.66724 -5.68106 -11.2271 -21.7193 -0.951208 36.509 -22.1408 4.92137 8.63434 1.83705 0 0 0 0.129807 2.37488 0.0207514 0 0 0 0 0 2.384 303 54 1 1 0
./complex_md-fit_414.pdb BC A 6.41723 30.3151 -14.012 -6.21484 -12.4839 -21.6705 -0.600105 36.2036 -21.9363 2.45058 8.65296 1.41691 0 0 0 0.181943 2.48246 -0.0123288 0 0 0 0 0 2.384 303 52 0 0 0
./complex_md-fit_415.pdb BC A 8.6011 34.7822 -7.83264 -3.9607 -10.8575 -21.5667 -0.695357 35.865 -21.9408 5.45235 7.88699 1.41459 0 0 0 0.569511 2.08208 0 0 0 0 0 0 2.384 303 51 1 1 0
./complex_md-fit_416.pdb BC A 7.39474 28.0489 -6.60433 -5.21484 -10.4183 -23.6467 -0.740392 42.0108 -23.5606 5.12485 7.68168 1.98957 0 0 0 0.169522 2.56542 0 0 0 0 0 0 2.384 303 53 1 1 0
./complex_md-fit_417.pdb BC A 9.12093 34.751 -7.90258 -5.43901 -10.9133 -22.35 -0.652061 37.5 -22.4176 7.02863 7.0036 1.88364 0 0 0 0.431938 2.21939 0.0216746 0 0 0 0 0 2.384 303 52 1 1 0
./complex_md-fit_418.pdb BC A 6.68794 34.0331 -12.8924 -5.29121 -12.6357 -22.5267 -0.883465 39.583 -22.3807 2.94914 6.58376 1.45715 0 0 0 0.2765 2.74273 -0.0306205 0 0 0 0 0.00637037 2.384 303 49 0 0 0
./complex_md-fit_419.pdb BC A 7.50528 41.6953 -14.1637 -6.90921 -14.1412 -21.9206 -0.734067 37.2627 -21.5332 2.94563 7.58448 2.58997 0 0 0 0.708484 2.59791 -0.0167063 0 0 0 0 0 2.384 303 49 0 0 0
./complex_md-fit_41.pdb BC A 6.81673 36.858 -15.0851 -4.21761 -15.3784 -20.6345 -0.801481 33.5321 -20.8463 2.49402 9.43053 1.05864 0 0 0 0.266575 1.90481 -0.0233458 0 0 0 0 0.0346674 2.384 303 52 0 0 0
./complex_md-fit_420.pdb BC A 11.4498 33.094 -10.4553 -5.02079 -12.6447 -22.4846 -0.712361 38.6489 -22.4671 4.73712 8.36823 0.825087 0 0 0 0.303768 2.24531 -0.00882075 0 0 0 0 0 2.384 303 49 0 0 0
./complex_md-fit_421.pdb BC A 6.82733 31.5467 -13.7942 -4.97751 -13.5046 -22.3523 -0.850415 36.4444 -22.8669 3.56653 8.34157 1.7274 0 0 0 0.691706 2.69589 -0.0140661 0 0 0 0 0 2.384 303 53 0 0 0
./complex_md-fit_422.pdb BC A 7.49874 36.4863 -16.1845 -6.37199 -14.119 -21.1905 -0.728222 34.7828 -21.3781 2.78947 8.31447 1.58479 0 0 0 0.131788 2.27484 0 0 0 0 0 0 2.384 303 51 0 0 0
./complex_md-fit_423.pdb BC A 7.9985 35.8244 -13.9004 -5.10234 -14.1684 -22.6798 -0.916817 38.7299 -22.5725 2.66988 8.07584 1.78387 0 0 0 0.269644 2.30534 0.0104866 0 0 0 0 0 2.384 303 48 0 0 0
./complex_md-fit_424.pdb BC A 6.44168 29.5075 -13.7376 -6.20904 -13.5995 -23.5759 -0.602097 39.135 -23.9748 3.70265 8.25756 2.35196 0 0 0 0.798916 2.41951 -0.0222727 0 0 0 0 0 2.384 303 54 1 1 0
./complex_md-fit_425.pdb BC A 7.86145 32.2894 -13.1868 -5.59479 -11.3985 -24.6728 -0.857243 41.5999 -25.4193 4.70904 7.07311 1.09733 0 0 0 0.286514 2.35392 -0.01067 0 0 0 0 0.000505106 2.384 303 50 1 1 0
./complex_md-fit_426.pdb BC A 7.15674 30.6388 -10.5909 -5.30905 -12.6245 -23.9404 -0.748547 40.9923 -24.2313 6.26093 7.5724 1.29723 0 0 0 0.140093 2.65655 0 0 0 0 0 0 2.384 303 50 1 1 0
./complex_md-fit_427.pdb BC A 10.5176 33.0906 -8.97787 -4.92002 -13.5953 -23.0715 -0.912704 40.214 -22.939 4.99618 8.86168 1.94894 0 0 0 0.457847 2.55685 -0.0181171 0 0 0 0 0 2.384 303 52 0 0 0
./complex_md-fit_428.pdb BC A 6.7556 35.2127 -13.8195 -5.10513 -14.4189 -23.1948 -0.802242 39.1282 -23.4179 4.77097 7.85567 1.05105 0 0 0 0.313552 2.2392 0 0 0 0 0 0 2.384 303 53 1 1 0
./complex_md-fit_429.pdb BC A 6.8434 32.6375 -10.712 -5.97181 -13.3066 -23.0523 -0.873723 40.525 -22.6565 3.91516 8.54966 1.94813 0 0 0 0.239636 1.97047 -0.0286719 0 0 0 0 0 2.384 303 50 0 0 0
./complex_md-fit_42.pdb BC A 8.97205 45.7856 -12.8577 -6.16317 -11.1544 -20.6713 -0.674932 33.9542 -20.7579 2.56957 7.11344 2.60492 0 0 0 0.252033 2.26274 0 0 0 0 0 0.0697979 2.384 303 54 0 0 0
./complex_md-fit_430.pdb BC A 6.40785 33.9267 -13.8339 -6.03237 -10.8606 -22.1209 -0.633245 37.2568 -22.0148 2.25411 6.58074 1.43887 0 0 0 0.297626 2.56081 0 0 0 0 0 0 2.384 303 48 0 0 0
./complex_md-fit_431.pdb BC A 7.95412 34.6851 -12.9211 -5.94855 -13.1176 -23.266 -0.6774 38.9265 -23.7287 5.94379 6.82482 1.77979 0 0 0 0.342259 2.46605 0 0 0 0 0 0 2.384 303 54 1 1 0
./complex_md-fit_432.pdb BC A 5.70053 37.6262 -7.99925 -5.94038 -12.8762 -23.4313 -0.81809 41.512 -23.8541 5.64359 9.95975 1.27268 0 0 0 0.532834 3.47123 0 0 0 0 0 0 2.384 303 50 0 0 0
./complex_md-fit_433.pdb BC A 7.66421 39.3823 -8.44483 -6.05518 -10.985 -23.7307 -0.839053 40.217 -24.0112 6.58003 7.20712 2.42014 0 0 0 0.762146 2.50872 -0.0101939 0 0 0 0 0 2.384 303 51 1 1 0
./complex_md-fit_434.pdb BC A 7.49758 31.3915 -9.30071 -6.22594 -12.719 -23.8818 -0.76409 41.0655 -23.846 5.38134 8.59478 2.43525 0 0 0 0.687849 2.2107 -0.0285174 0 0 0 0 0 2.384 303 55 0 0 0
./complex_md-fit_435.pdb BC A 8.52084 29.6697 -12.3263 -6.77668 -14.9613 -22.6199 -0.979615 40.3703 -22.0305 3.91393 9.01764 1.20261 0 0 0 0.537187 2.44607 0 0 0 0 0 0 2.384 303 50 0 0 0
./complex_md-fit_436.pdb BC A 6.6212 23.6655 -12.5468 -5.50764 -12.2265 -22.5563 -0.868448 38.4601 -22.6926 2.93066 8.31086 1.27159 0 0 0 0.331495 2.21574 0 0 0 0 0 0 2.384 303 50 0 0 0
./complex_md-fit_437.pdb BC A 8.35831 35.7264 -15.289 -6.101 -14.5396 -23.8292 -0.863223 40.0325 -24.1947 2.26336 9.05774 2.16836 0 0 0 0.716761 2.05534 0 0 0 0 0 0 2.384 303 49 0 0 0
./complex_md-fit_438.pdb BC A 6.15223 39.4011 -10.4842 -7.52894 -13.5793 -24.8634 -0.742674 43.8954 -24.9828 5.49425 8.84319 2.41611 0 0 0 0.563921 3.01772 0 0 0 0 0 0 2.384 303 52 1 1 0
./complex_md-fit_439.pdb BC A 7.96581 35.3873 -15.7689 -8.09575 -15.4625 -23.4102 -0.957135 40.2094 -23.1832 2.44602 9.72395 2.20565 0 0 0 0.754889 2.28466 0 0 0 0 0 0 2.384 303 51 0 0 0
./complex_md-fit_43.pdb BC A 9.09766 41.7365 -12.9015 -6.4988 -12.1584 -21.5229 -0.7114 35.6568 -21.6376 4.59398 7.42791 1.71115 0 0 0 0.242326 2.28626 -0.0262973 0 0 0 0 0.021668 2.384 303 51 0 0 0
./complex_md-fit_440.pdb BC A 7.95019 44.9557 -13.3411 -10.2151 -12.2247 -24.5877 -0.772128 41.6665 -24.8501 4.77714 10.6511 1.92029 0 0 0 0.25328 2.38379 -0.011685 0 0 0 0 0.0519067 2.384 303 54 0 0 0
./complex_md-fit_441.pdb BC A 7.7136 32.6947 -11.3409 -6.67411 -12.4853 -24.0187 -0.752587 41.3764 -24.0718 4.82807 8.69227 1.35673 0 0 0 0.361687 2.5038 -0.00942915 0 0 0 0 0.0558101 2.384 303 52 1 1 0
./complex_md-fit_442.pdb BC A 7.2064 39.388 -14.4597 -6.34691 -12.3098 -22.5554 -0.704367 37.7412 -22.2559 2.84382 6.95904 1.66755 0 0 0 0.434387 2.85342 0 0 0 0 0 0.0667246 2.384 303 50 0 0 0
./complex_md-fit_443.pdb BC A 7.28113 41.9785 -9.71292 -8.52324 -11.3776 -24.9174 -0.940429 43.1633 -25.0498 6.15915 9.07246 2.55115 0 0 0 0.129886 2.78632 -0.0304545 0 0 0 0 0.0501112 2.384 303 52 1 1 0
./complex_md-fit_444.pdb BC A 7.22978 30.5979 -13.6421 -6.41507 -11.5529 -22.6367 -0.719767 38.0086 -22.5267 2.84378 7.48846 1.1861 0 0 0 0.584184 2.50413 0.0311555 0 0 0 0 0.0667519 2.384 303 50 1 1 0
./complex_md-fit_445.pdb BC A 7.95248 35.0624 -16.3679 -7.24648 -13.6854 -23.8479 -0.705635 40.8695 -24.0096 2.24619 7.24022 2.15414 0 0 0 0.582814 2.82759 -0.0196926 0 0 0 0 0.0539082 2.384 303 51 0 0 0
./complex_md-fit_446.pdb BC A 8.82746 42.5586 -17.5408 -8.61812 -17.2138 -24.2636 -0.808808 39.9793 -24.1899 4.03213 10.5153 2.70366 0 0 0 0.272496 2.57728 0 0 0 0 0 0.0505431 2.384 303 50 0 0 0
./complex_md-fit_447.pdb BC A 6.708 36.3903 -17.1994 -8.21693 -14.16 -23.2856 -0.734443 39.68 -23.2504 2.01753 7.72906 2.40632 0 0 0 0.571849 2.36501 -0.0136681 0 0 0 0 0.0568975 2.384 303 53 0 0 0
./complex_md-fit_448.pdb BC A 6.86197 29.5142 -17.0281 -9.51201 -15.2942 -24.2873 -1.04421 40.7641 -24.612 3.44091 10.2085 2.74836 0 0 0 0.540889 2.83792 -0.0324942 0 0 0 0 0.0513655 2.384 303 50 0 0 0
./complex_md-fit_449.pdb BC A 7.67898 36.9352 -11.4162 -7.10766 -13.0572 -25.0812 -0.804865 43.0572 -25.1169 4.27576 9.87756 2.2082 0 0 0 0.289777 3.2713 -5.55112e-17 0 0 0 0 0.0431217 2.384 303 52 0 0 0
./complex_md-fit_44.pdb BC A 7.35027 35.316 -9.19471 -3.72912 -9.45331 -20.1735 -0.737778 32.8108 -20.6114 3.98072 6.8875 0.931958 0 0 0 0.870087 1.92629 -0.0212743 0 0 0 0 0.0506156 2.384 303 52 1 1 0
./complex_md-fit_450.pdb BC A 5.81511 40.5177 -14.5371 -9.52977 -13.3155 -24.2147 -0.798923 39.2745 -24.551 5.1226 8.72612 4.07682 0 0 0 0.665541 2.1895 0 0 0 0 0 0.00731082 2.384 303 47 1 1 0
./complex_md-fit_451.pdb BC A 6.08537 33.6068 -8.84378 -7.22281 -11.8268 -24.3546 -0.844459 41.5331 -24.3526 6.53613 9.35914 2.03733 0 0 0 0.245518 2.49785 0 0 0 0 0 0.0462367 2.384 303 53 1 1 0
./complex_md-fit_452.pdb BC A 8.29491 38.28 -12.8928 -7.55287 -11.2402 -24.0336 -0.806129 41.4695 -23.9298 2.27612 8.26714 2.25635 0 0 0 0.403496 2.29602 -0.00999737 0 0 0 0 0.00715565 2.384 303 56 0 0 0
./complex_md-fit_453.pdb BC A 6.88863 37.4175 -12.5952 -6.5885 -13.205 -24.1043 -0.868435 40.8277 -24.0228 4.29267 8.75894 2.00967 0 0 0 0.275033 3.77072 -0.0167594 0 0 0 0 0.0466894 2.384 303 50 0 0 0
./complex_md-fit_454.pdb BC A 7.9261 32.2733 -12.6683 -7.76861 -12.3624 -22.8874 -0.698257 38.6727 -22.6798 4.18269 8.14252 2.54421 0 0 0 0.122709 2.11132 0 0 0 0 0 0.0634588 2.384 303 49 0 0 0
./complex_md-fit_455.pdb BC A 8.20414 39.1563 -6.06531 -7.05588 -10.7425 -24.3026 -0.637064 42.5302 -24.2079 7.25825 8.52694 2.42671 0 0 0 0.119825 2.12867 -0.037941 0 0 0 0 0.0566632 2.384 303 52 1 1 0
./complex_md-fit_456.pdb BC A 7.15226 36.0838 -16.206 -8.50178 -14.3024 -24.3811 -0.825103 41.2822 -24.1863 3.52865 7.80798 2.54235 0 0 0 0.818893 2.34812 -0.0427427 0 0 0 0 0.0534381 2.384 303 51 0 0 0
./complex_md-fit_457.pdb BC A 8.43713 34.7057 -12.5849 -7.65744 -11.4287 -24.0903 -0.637517 42.1783 -24.2016 3.71596 7.09585 2.01487 0 0 0 0.370724 2.84712 0 0 0 0 0 0.0549062 2.384 303 55 1 1 0
./complex_md-fit_458.pdb BC A 8.03945 37.828 -16.1679 -8.55817 -16.622 -23.6947 -0.829094 41.0622 -22.9881 2.06725 9.21113 3.48805 0 0 0 0.632718 2.53593 0.0140062 0 0 0 0 0.0487976 2.384 303 50 0 0 0
./complex_md-fit_459.pdb BC A 9.40748 38.1247 -19.6893 -9.24103 -17.6341 -24.727 -0.92085 44.1409 -23.9175 3.16997 8.03225 1.0107 0 0 0 0.367151 2.83843 -0.0251992 0 0 0 0 0.0554228 2.384 303 53 0 0 0
./complex_md-fit_45.pdb BC A 7.62655 32.9322 -11.9186 -4.03416 -13.088 -20.3985 -0.737157 33.795 -20.8351 5.91296 6.66069 0.650576 0 0 0 0.200701 1.82957 -0.0529107 0 0 0 0 0.00732888 2.384 303 51 1 1 0
./complex_md-fit_460.pdb BC A 8.30712 41.6436 -15.2272 -8.71354 -15.6666 -24.7838 -0.809989 43.511 -23.9078 3.16097 9.36857 2.3701 0 0 0 0.248356 2.768 -0.0108695 0 0 0 0 0.00640687 2.384 303 49 0 0 0
./complex_md-fit_461.pdb BC A 6.96631 35.6043 -11.5239 -6.40463 -14.1094 -23.5789 -0.764375 42.0934 -23.2341 3.22357 8.14303 2.61012 0 0 0 0.442426 2.17952 0 0 0 0 0 0.0549904 2.384 303 47 0 0 0
./complex_md-fit_462.pdb BC A 8.33398 33.7706 -11.5317 -7.30604 -16.3126 -25.0868 -0.813658 45.6362 -24.0052 5.39659 8.44217 2.00974 0 0 0 0.451761 2.53746 0 0 0 0 0 0.0561783 2.384 303 53 1 1 0
./complex_md-fit_463.pdb BC A 7.72294 40.7147 -14.2372 -7.08937 -16.3151 -23.5688 -0.980202 42.6272 -22.6548 2.94734 7.16258 3.01804 0 0 0 0.590367 2.61967 -0.0199048 0 0 0 0 0.0454542 2.384 303 51 0 0 0
./complex_md-fit_464.pdb BC A 7.47301 27.9134 -16.6031 -7.20247 -15.2734 -23.6783 -0.730897 40.6859 -23.0961 3.33349 6.96666 2.04714 0 0 0 0.28882 2.52121 -5.55112e-17 0 0 0 0 0.0561069 2.384 303 47 0 0 0
./complex_md-fit_465.pdb BC A 7.05592 38.1481 -9.6621 -5.76671 -14.391 -24.773 -0.69508 44.5715 -24.0743 4.2665 7.87563 2.22476 0 0 0 1.0523 3.12473 0 0 0 0 0 0.0472642 2.384 303 52 0 0 0
./complex_md-fit_466.pdb BC A 8.45881 36.5078 -11.9284 -7.67027 -14.2506 -23.7486 -0.808106 41.6975 -23.6018 4.31421 8.39947 3.25458 0 0 0 0.438211 2.56912 0 0 0 0 0 0.0470108 2.384 303 53 0 0 0
./complex_md-fit_467.pdb BC A 6.69889 42.3908 -15.1226 -7.30668 -16.7046 -24.4173 -0.79814 43.0968 -23.5637 3.39488 9.09587 1.1608 0 0 0 0.835339 2.54452 0.0218923 0 0 0 0 0.0621773 2.384 303 52 0 0 0
./complex_md-fit_468.pdb BC A 8.15765 39.8235 -13.9254 -6.72842 -16.2341 -24.2928 -0.845354 42.0462 -23.6811 4.48175 8.86627 2.15481 0 0 0 0.260952 2.47311 -0.011232 0 0 0 0 0.0575357 2.384 303 49 1 1 0
./complex_md-fit_469.pdb BC A 10.4808 39.9716 -14.5734 -7.05987 -12.3683 -22.8957 -0.61758 37.8955 -23.2174 2.91058 7.69632 2.44028 0 0 0 0.592066 2.38552 -5.55112e-17 0 0 0 0 0.0506537 2.384 303 49 0 0 0
./complex_md-fit_46.pdb BC A 7.38322 30.661 -13.1996 -4.9578 -14.8339 -20.0131 -0.763659 32.5689 -19.8837 4.36336 8.76531 1.35525 0 0 0 0.196824 1.85191 -0.0135949 0 0 0 0 0.0163997 2.384 303 50 0 0 0
./complex_md-fit_470.pdb BC A 6.75303 34.5872 -6.27938 -5.14022 -11.8807 -23.9163 -0.543209 42.1383 -23.8187 5.5776 8.40336 2.73183 0 0 0 0.120028 2.64494 0 0 0 0 0 0.048686 2.384 303 51 0 0 0
./complex_md-fit_471.pdb BC A 7.26643 31.4186 -12.0993 -6.71396 -14.7255 -22.7645 -0.78446 39.1452 -22.8191 3.9705 8.6004 3.54924 0 0 0 0.387663 2.73591 -5.55112e-17 0 0 0 0 0.055175 2.384 303 50 0 0 0
./complex_md-fit_472.pdb BC A 8.4014 36.6102 -13.0656 -7.29353 -14.2209 -22.369 -0.901511 39.3636 -21.6658 2.41271 8.16334 2.96359 0 0 0 0.454708 2.31884 -0.0348562 0 0 0 0 0.0620259 2.384 303 51 0 0 0
./complex_md-fit_473.pdb BC A 7.12198 36.1441 -18.7503 -8.52232 -14.611 -21.8635 -0.69697 36.0755 -21.7694 1.07963 8.92817 2.35737 0 0 0 0.22579 1.85865 -0.00920104 0 0 0 0 0.0556377 2.384 303 49 0 0 0
./complex_md-fit_474.pdb BC A 7.18011 38.3215 -12.2678 -8.23061 -11.8026 -23.4174 -0.698308 41.1105 -23.2521 5.11591 6.57628 2.01015 0 0 0 0.265228 2.08973 0 0 0 0 0 0.0550596 2.384 303 52 1 1 0
./complex_md-fit_475.pdb BC A 5.81042 40.6581 -15.7807 -8.95126 -13.5991 -23.5368 -0.780129 40.0265 -23.6294 4.52536 7.81666 1.92673 0 0 0 0.389462 2.33697 -0.0233385 0 0 0 0 0.0546345 2.384 303 52 1 1 0
./complex_md-fit_476.pdb BC A 8.77644 37.7316 -10.6809 -8.02208 -10.3664 -23.7585 -0.668342 40.7378 -23.8446 5.76514 6.70581 2.50838 0 0 0 0.21219 1.79171 0 0 0 0 0 0.0497026 2.384 303 51 0 0 0
./complex_md-fit_477.pdb BC A 7.03554 32.6721 -9.1863 -6.64674 -13.3728 -23.5319 -0.822057 41.4718 -23.1606 5.75895 7.84542 2.93496 0 0 0 0.281123 2.55108 0 0 0 0 0 0.0555292 2.384 303 52 1 1 0
./complex_md-fit_478.pdb BC A 10.0009 40.5443 -12.5794 -7.97353 -11.951 -23.4207 -0.642768 39.7949 -22.7049 3.74651 7.89879 2.04213 0 0 0 0.575361 2.37628 0 0 0 0 0 0.055857 2.384 303 54 0 0 0
./complex_md-fit_479.pdb BC A 9.54142 43.0759 -7.84126 -7.54097 -11.6903 -24.4676 -0.74098 43.799 -23.6377 4.22403 8.18369 3.67062 0 0 0 0.302966 2.89934 -5.55112e-17 0 0 0 0 0.0559147 2.384 303 54 0 0 0
./complex_md-fit_47.pdb BC A 8.2078 35.2777 -10.3659 -2.33904 -10.7986 -20.276 -0.763593 35.1377 -20.2545 1.17031 5.51497 1.84598 0 0 0 0.455492 2.10917 -0.0585801 0 0 0 0 0 2.384 303 49 0 0 0
./complex_md-fit_480.pdb BC A 8.76118 26.9224 -8.4846 -8.10245 -12.498 -24.2619 -0.805508 43.0636 -23.8371 6.07271 8.49233 2.91517 0 0 0 0.414525 2.31783 0 0 0 0 0 0.0620179 2.384 303 54 1 1 0
./complex_md-fit_481.pdb BC A 7.92896 36.8518 -14.354 -7.02658 -12.1525 -24.4091 -0.649561 41.0559 -24.2906 2.7395 6.91347 2.80435 0 0 0 0.604936 2.55166 0 0 0 0 0 0.0561927 2.384 303 53 0 0 0
./complex_md-fit_482.pdb BC A 8.24017 33.6784 -13.1187 -9.14888 -14.3579 -24.6388 -0.736581 42.9305 -23.8669 3.49183 9.11588 3.80877 0 0 0 0.209428 2.40345 -1.38778e-17 0 0 0 0 0.0739505 2.384 303 50 0 0 0
./complex_md-fit_483.pdb BC A 8.53144 42.6771 -13.3895 -7.14949 -10.8135 -23.067 -0.603326 39.2545 -22.6419 3.478 6.16361 1.19977 0 0 0 0.733387 2.12692 0 0 0 0 0 0.056542 2.384 303 50 0 0 0
./complex_md-fit_484.pdb BC A 7.40294 35.6455 -18.7235 -8.61726 -17.7655 -25.5641 -0.949888 42.4555 -25.3976 4.66507 9.45832 2.31105 0 0 0 0.631008 2.42333 0 0 0 0 0 0.0497848 2.384 303 54 0 0 0
./complex_md-fit_485.pdb BC A 7.13919 38.8804 -13.1775 -6.49033 -14.2802 -23.7618 -0.706243 41.8202 -23.3283 2.90869 8.66082 1.43658 0 0 0 0.509762 2.23325 0 0 0 0 0 0.0533952 2.384 303 51 0 0 0
./complex_md-fit_486.pdb BC A 7.47867 32.7667 -17.76 -10.1419 -18.0428 -24.1739 -0.883209 40.7204 -23.2027 5.20461 9.16708 2.91574 0 0 0 0.618231 2.88175 0 0 0 0 0 0.0584555 2.384 303 51 0 0 0
./complex_md-fit_487.pdb BC A 7.92954 36.1923 -12.1945 -8.36091 -16.395 -23.6229 -0.559431 41.4509 -22.729 5.78582 8.5535 2.91085 0 0 0 0.701639 3.01008 0 0 0 0 0 0.0701277 2.384 303 52 0 0 0
./complex_md-fit_488.pdb BC A 9.36311 24.8431 -23.5154 -11.034 -19.1717 -25.0314 -0.86433 41.9226 -24.3771 3.36968 9.33647 1.68604 0 0 0 0.588266 2.57593 0 0 0 0 0 0.0601282 2.384 303 51 0 0 0
./complex_md-fit_489.pdb BC A 6.54783 37.7203 -13.9452 -8.96711 -14.5474 -25.7514 -0.709406 43.8191 -25.7129 6.34115 8.32144 2.42446 0 0 0 0.788489 2.58006 -0.0101533 0 0 0 0 0.0584462 2.384 303 50 1 1 0
./complex_md-fit_48.pdb BC A 8.80325 31.3495 -6.20772 -3.76015 -9.84628 -20.1992 -0.836745 35.5355 -20.0389 4.83433 6.34828 1.43327 0 0 0 0.35059 2.31297 -0.0283077 0 0 0 0 0 2.384 303 48 0 0 0
./complex_md-fit_490.pdb BC A 7.30421 40.8488 -14.8195 -8.64896 -15.9503 -24.7722 -0.747606 43.8254 -23.7648 3.3118 8.56008 2.74378 0 0 0 0.605962 3.2227 -0.0184273 0 0 0 0 0.0357348 2.384 303 52 0 0 0
./complex_md-fit_491.pdb BC A 9.24364 29.9696 -15.1676 -8.59907 -14.2793 -25.2263 -0.518791 43.0525 -25.2604 4.50722 6.98702 3.8192 0 0 0 0.317535 2.68942 -0.0147586 0 0 0 0 0.0476251 2.384 303 54 0 0 0
./complex_md-fit_492.pdb BC A 5.88732 31.83 -18.4689 -10.2001 -15.4586 -25.0445 -0.729763 41.4917 -24.5394 4.17477 8.94661 2.28598 0 0 0 0.562135 3.46669 -0.0135423 0 0 0 0 0.0558698 2.384 303 53 0 0 0
./complex_md-fit_493.pdb BC A 8.9549 39.26 -13.6069 -6.86663 -16.4157 -24.8287 -0.606138 41.5041 -24.276 6.45654 7.66414 3.2059 0 0 0 0.530078 2.93696 -0.0200032 0 0 0 0 0.0455251 2.384 303 52 3 3 0
./complex_md-fit_494.pdb BC A 6.25498 35.0891 -14.2337 -7.21223 -14.2065 -24.1412 -0.716891 40.9224 -23.6979 4.63537 7.77192 1.92485 0 0 0 0.437544 3.07749 0 0 0 0 0 0.0488418 2.384 303 50 1 1 0
./complex_md-fit_495.pdb BC A 6.75667 42.3501 -18.065 -8.95722 -18.1538 -25.1154 -0.703738 42.8065 -24.3929 3.08772 9.03012 3.72114 0 0 0 0.573762 2.70398 -2.22045e-16 0 0 0 0 0.038848 2.384 303 55 0 0 0
./complex_md-fit_496.pdb BC A 7.65801 39.1117 -10.2454 -8.12884 -17.2722 -25.3419 -0.936962 44.281 -24.9476 8.2572 10.3195 2.62638 0 0 0 0.844157 2.97637 -1.11022e-16 0 0 0 0 0.0538855 2.384 303 54 1 1 0
./complex_md-fit_497.pdb BC A 6.86639 32.2866 -20.3627 -8.66193 -17.9859 -25.8155 -0.653072 43.6213 -25.3545 3.60354 7.35249 2.62544 0 0 0 0.848434 3.07585 0 0 0 0 0 0.056992 2.384 303 54 0 0 0
./complex_md-fit_498.pdb BC A 7.81757 24.2021 -14.6369 -10.6631 -16.312 -25.2852 -0.739235 44.3714 -24.6139 5.20147 9.88008 2.84228 0 0 0 0.613857 2.47105 0 0 0 0 0 0.0675281 2.384 303 53 1 1 0
./complex_md-fit_499.pdb BC A 8.57481 36.8711 -15.4295 -8.4247 -15.2945 -24.6004 -0.69787 42.0671 -23.7659 4.17618 8.58724 1.99393 0 0 0 0.473501 2.97815 0 0 0 0 0 0.0557904 2.384 303 51 0 0 0
./complex_md-fit_49.pdb BC A 6.98981 36.8397 -8.24415 -4.33332 -11.943 -20.5342 -0.87026 34.2813 -20.7309 5.78064 8.35781 1.45942 0 0 0 0.297865 2.03853 -0.0147537 0 0 0 0 0.00520788 2.384 303 51 1 1 0
./complex_md-fit_4.pdb BC A 9.24823 34.0004 -12.6626 -4.5555 -12.9184 -20.1892 -0.776946 35.0952 -20.0258 2.82128 6.84729 0.768784 0 0 0 0.27518 1.9377 -0.00454299 0 0 0 0 0 2.384 303 52 0 0 0
./complex_md-fit_500.pdb BC A 6.72589 25.5971 -12.9161 -6.13754 -15.3324 -23.6777 -0.621703 40.8646 -22.4267 4.90535 8.58152 0.794983 0 0 0 0.0814745 2.5663 5.55112e-17 0 0 0 0 0.0520408 2.384 303 52 2 2 0
./complex_md-fit_501.pdb BC A 9.51663 35.738 -13.749 -6.86963 -18.0335 -24.6345 -0.693195 43.4809 -23.9092 4.38642 8.9039 3.35967 0 0 0 0.204093 2.4685 0 0 0 0 0 0.0559638 2.384 303 56 0 0 0
./complex_md-fit_502.pdb BC A 8.03115 32.6227 -12.0727 -7.72477 -11.9776 -25.1653 -0.66011 43.2467 -24.6227 5.16018 7.08523 2.05587 0 0 0 0.491899 2.95816 1.38778e-17 0 0 0 0 0.0380224 2.384 303 52 0 0 0
./complex_md-fit_503.pdb BC A 7.27992 34.4045 -13.3562 -8.68764 -13.1105 -24.8472 -0.730487 42.2325 -24.3645 6.47728 7.43166 1.88338 0 0 0 0.302689 2.87651 0 0 0 0 0 0.0565816 2.384 303 55 1 1 0
./complex_md-fit_504.pdb BC A 9.54243 33.0112 -15.9658 -7.02109 -16.1855 -24.779 -0.725856 42.4529 -24.272 4.3048 8.32582 1.2265 0 0 0 0.651495 2.63573 1.11022e-16 0 0 0 0 0.0561335 2.384 303 53 0 0 0
./complex_md-fit_505.pdb BC A 6.38231 32.5945 -6.82118 -7.06592 -13.6975 -25.346 -0.654074 44.6076 -24.1233 10.0871 6.7518 1.9591 0 0 0 0.657874 3.13935 0 0 0 0 0 0.00210402 2.384 303 52 2 2 0
./complex_md-fit_506.pdb BC A 11.5576 33.171 -19.8076 -7.75225 -19.9625 -25.143 -0.889616 42.5217 -24.4629 4.33131 8.73142 1.88994 0 0 0 0.869186 2.52762 0 0 0 0 0 0.0591614 2.384 303 51 0 0 0
./complex_md-fit_507.pdb BC A 6.79956 33.2745 -16.1064 -9.21207 -17.1764 -25.5062 -0.648907 43.1698 -25.0088 4.49952 10.2158 2.94497 0 0 0 0.567274 2.90707 -0.00977186 0 0 0 0 0.0583106 2.384 303 52 0 0 0
./complex_md-fit_508.pdb BC A 7.27823 30.2278 -18.5394 -7.33734 -17.5115 -25.8421 -0.498767 43.0077 -25.1258 4.1955 7.47125 2.36363 0 0 0 0.690205 2.59659 -0.00927177 0 0 0 0 0.0571125 2.384 303 53 0 0 0
./complex_md-fit_509.pdb BC A 6.47279 39.7697 -12.3926 -10.4594 -17.2104 -24.9725 -1.09745 43.8559 -23.8881 8.4963 9.82235 2.38463 0 0 0 0.624392 2.40942 0 0 0 0 0 0.0515991 2.384 303 54 1 1 0
./complex_md-fit_50.pdb BC A 11.5488 38.4897 -14.232 -5.18614 -14.682 -22.2788 -1.0682 37.6235 -22.8069 3.32027 8.33881 2.19713 0 0 0 0.23425 1.76658 0.00452396 0 0 0 0 0.0714678 2.384 303 51 0 0 0
./complex_md-fit_510.pdb BC A 9.11299 31.899 -13.221 -8.13197 -15.0873 -24.3977 -0.647315 41.9529 -23.7573 6.90658 8.07124 1.69712 0 0 0 0.0831707 2.60729 0.0308343 0 0 0 0 0.058746 2.384 303 52 1 1 0
./complex_md-fit_511.pdb BC A 8.54834 34.309 -13.6888 -7.13843 -14.7919 -25.0029 -0.664832 42.5964 -24.2779 5.84776 7.91828 1.23078 0 0 0 0.544385 3.41426 -1.11022e-16 0 0 0 0 0.0495257 2.384 303 54 2 2 0
./complex_md-fit_512.pdb BC A 6.92085 34.8874 -15.9522 -9.29818 -18.1039 -25.1936 -0.695063 43.3856 -24.5372 6.26723 9.61344 1.9699 0 0 0 0.553867 2.72689 0.0286704 0 0 0 0 0.0569729 2.384 303 55 1 1 0
./complex_md-fit_513.pdb BC A 7.0135 32.9968 -21.3054 -8.68896 -18.1352 -23.4746 -0.776172 39.8555 -22.8304 2.43654 7.93407 1.49525 0 0 0 0.878574 2.99193 0 0 0 0 0 0 2.384 303 52 0 0 0
./complex_md-fit_514.pdb BC A 9.69612 39.4929 -11.5324 -6.24289 -17.5244 -24.2498 -0.849285 41.7964 -23.7574 8.25239 8.606 2.14004 0 0 0 0.239797 2.50324 0 0 0 0 0 0.0567002 2.384 303 50 3 3 0
./complex_md-fit_515.pdb BC A 8.34454 34.0073 -20.4766 -8.75366 -19.4149 -25.3655 -0.657781 43.7854 -24.797 3.82212 8.82862 1.56407 0 0 0 0.456447 3.20276 0 0 0 0 0 0.055654 2.384 303 52 0 0 0
./complex_md-fit_516.pdb BC A 7.15064 41.6472 -10.3546 -7.16273 -14.4316 -24.6089 -0.75304 43.6712 -23.8866 6.15971 8.61068 1.52388 0 0 0 0.468733 2.74986 0 0 0 0 0 0.0540453 2.384 303 54 1 1 0
./complex_md-fit_517.pdb BC A 9.20516 34.7753 -7.64208 -8.13954 -11.8827 -24.9753 -0.914147 44.7814 -24.5202 6.63805 8.69751 1.97461 0 0 0 0.648705 2.76429 3.46945e-18 0 0 0 0 0.0494882 2.384 303 55 1 1 0
./complex_md-fit_518.pdb BC A 6.58275 31.3091 -13.5575 -9.19996 -14.887 -25.0159 -0.751635 42.8605 -24.4234 6.21166 8.45924 2.57162 0 0 0 0.555506 2.47229 0 0 0 0 0 0.0617308 2.384 303 53 1 1 0
./complex_md-fit_519.pdb BC A 9.05144 38.4373 -10.2038 -7.75556 -16.0607 -24.757 -0.837214 43.5788 -24.0173 8.15205 8.83896 1.78157 0 0 0 0.797814 2.98824 0.0176674 0 0 0 0 0.0571212 2.384 303 53 2 2 0
./complex_md-fit_51.pdb BC A 8.40932 30.6182 -9.10765 -3.01979 -12.329 -22.4276 -0.804614 39.351 -22.4646 4.28689 7.09657 0.961663 0 0 0 0.221373 2.35583 0 0 0 0 0 0.0203939 2.384 303 52 0 0 0
./complex_md-fit_520.pdb BC A 8.06039 34.1997 -4.10548 -6.31504 -11.7938 -24.6903 -0.667453 43.7952 -24.3801 10.5526 7.00221 1.73157 0 0 0 0.581929 2.58572 0.0264278 0 0 0 0 0.0511854 2.384 303 54 2 2 0
./complex_md-fit_521.pdb BC A 9.47652 38.225 -4.44961 -5.88645 -12.6212 -24.3685 -0.811795 44.0941 -23.8354 8.17475 8.54703 1.68337 0 0 0 0.531402 2.76711 -0.0110034 0 0 0 0 0.0540881 2.384 303 53 2 2 0
./complex_md-fit_522.pdb BC A 7.53947 37.476 -7.61882 -8.83526 -14.0696 -24.4897 -0.726273 42.3773 -23.9817 11.1331 8.53778 1.85655 0 0 0 0.521541 2.29694 -1.11022e-16 0 0 0 0 0.0575484 2.384 303 52 2 2 0
./complex_md-fit_523.pdb BC A 6.39785 39.9348 -15.1363 -9.87841 -18.2496 -25.1256 -0.932935 44.0988 -23.9504 6.35811 9.28063 2.34255 0 0 0 0.870413 2.57933 0 0 0 0 0 0.0501778 2.384 303 50 1 1 0
./complex_md-fit_524.pdb BC A 8.28469 37.2711 -13.31 -8.78024 -17.7566 -24.4157 -0.758861 43.0409 -23.5046 6.86138 10.1581 1.19168 0 0 0 0.598702 2.15697 0 0 0 0 0 0.0552289 2.384 303 51 3 3 0
./complex_md-fit_525.pdb BC A 6.3251 43.9521 -12.112 -7.77621 -17.1241 -24.3225 -0.73257 43.2411 -23.5523 7.35457 8.23514 1.95386 0 0 0 0.569144 2.23936 -0.0131441 0 0 0 0 0.0550438 2.384 303 50 1 1 0
./complex_md-fit_526.pdb BC A 7.42359 35.798 -14.9472 -7.90579 -15.4529 -23.6775 -0.834888 40.9509 -23.1582 3.72885 8.90241 2.27145 0 0 0 0.200427 2.30573 -0.010293 0 0 0 0 0.0384014 2.384 303 51 0 0 0
./complex_md-fit_527.pdb BC A 7.01991 30.8349 -17.0794 -10.1668 -18.1592 -24.7881 -0.924391 43.1003 -23.6153 5.39284 9.67035 1.72172 0 0 0 0.636359 2.18375 0 0 0 0 0 0.0528429 2.384 303 53 0 0 0
./complex_md-fit_528.pdb BC A 7.2448 36.65 -6.03453 -7.65293 -12.4729 -24.5021 -0.661299 45.1957 -23.6956 6.01665 8.10705 3.24371 0 0 0 0.342655 2.55496 -0.0100762 0 0 0 0 0.0546211 2.384 303 52 1 1 0
./complex_md-fit_529.pdb BC A 9.22184 34.1041 -9.97956 -6.08819 -16.8352 -24.1808 -0.645468 44.4336 -23.0617 6.53768 7.31321 1.692 0 0 0 0.809654 2.53149 -0.0108972 0 0 0 0 0.056543 2.384 303 52 1 1 0
./complex_md-fit_52.pdb BC A 7.26457 34.2968 -7.76524 -3.59314 -11.1757 -20.8539 -0.789314 35.8313 -20.5785 2.27347 7.90974 2.77195 0 0 0 0.438938 2.18402 -2.22045e-16 0 0 0 0 0 2.384 303 53 0 0 0
./complex_md-fit_530.pdb BC A 8.53342 35.8212 -12.4055 -6.73667 -14.8808 -23.2755 -0.827175 40.2781 -22.353 5.89467 7.42645 1.68577 0 0 0 0.327407 1.88989 0 0 0 0 0 0.0552694 2.384 303 50 1 1 0
./complex_md-fit_531.pdb BC A 7.51404 32.1319 -14.0073 -7.77914 -16.7997 -24.9778 -0.770173 44.0014 -23.8204 4.47141 8.07747 2.66609 0 0 0 0.86701 2.84787 0 0 0 0 0 0.0565513 2.384 303 53 0 0 0
./complex_md-fit_532.pdb BC A 9.4728 30.1693 -11.5081 -6.73503 -17.7118 -24.5861 -0.669838 43.2374 -23.4269 5.68365 8.20343 4.01657 0 0 0 0.437342 2.48634 -0.0145843 0 0 0 0 0.0577604 2.384 303 51 2 2 0
./complex_md-fit_533.pdb BC A 9.6157 38.2134 -4.58808 -5.09121 -14.5473 -24.8878 -0.616734 45.6967 -24.0888 7.45245 8.85573 2.13346 0 0 0 0.452551 2.6091 0 0 0 0 0 0.052885 2.384 303 54 1 1 0
./complex_md-fit_534.pdb BC A 7.95118 42.0363 -9.74459 -8.12884 -15.7281 -25.7723 -0.76244 45.3744 -25.035 8.14699 9.11443 2.07992 0 0 0 0.915725 2.562 -1.11022e-16 0 0 0 0 0.0506574 2.384 303 49 3 3 0
./complex_md-fit_535.pdb BC A 8.75649 32.8465 -4.96987 -8.10468 -13.2167 -25.3445 -0.649459 46.9066 -24.6491 8.6773 8.62505 2.36188 0 0 0 0.374582 2.81777 0 0 0 0 0 0.0490976 2.384 303 53 1 1 0
./complex_md-fit_536.pdb BC A 9.76501 41.4508 -10.5822 -7.08519 -15.0269 -24.2829 -0.817247 43.1168 -23.3478 7.20604 7.31722 2.07109 0 0 0 0.216244 2.75901 0 0 0 0 0 0.0504294 2.384 303 52 1 1 0
./complex_md-fit_537.pdb BC A 7.67937 30.674 -16.7974 -7.12652 -18.2459 -23.6639 -0.677298 41.5139 -22.6843 3.29654 8.11965 2.16268 0 0 0 0.468115 2.47704 -0.0107672 0 0 0 0 0.0504448 2.384 303 51 0 0 0
./complex_md-fit_538.pdb BC A 5.63307 43.9444 -18.9019 -8.10176 -17.4022 -23.8641 -0.769587 40.3507 -23.1419 3.51437 7.96964 2.05987 0 0 0 0.436737 2.8403 0 0 0 0 0 0.0464143 2.384 303 50 0 0 0
./complex_md-fit_539.pdb BC A 7.77899 32.7015 -10.5751 -7.68307 -11.6452 -22.9568 -0.778957 40.9808 -22.2959 4.73311 7.05884 1.78462 0 0 0 0.208526 2.66395 -0.026998 0 0 0 0 0.0458606 2.384 303 52 0 0 0
./complex_md-fit_53.pdb BC A 7.49536 36.0095 -13.8648 -4.70575 -14.6933 -20.2496 -0.726096 34.1705 -20.5379 3.12268 7.98219 1.40775 0 0 0 0.364658 2.03971 0 0 0 0 0 0 2.384 303 55 0 0 0
./complex_md-fit_540.pdb BC A 7.91493 42.4829 -13.271 -9.3075 -16.4605 -24.4748 -0.932218 43.8369 -23.3439 4.88187 9.16466 2.91963 0 0 0 0.425517 2.49497 -0.0265276 0 0 0 0 0.0458663 2.384 303 53 0 0 0
./complex_md-fit_541.pdb BC A 7.25964 41.6444 -18.1294 -7.50724 -19.2837 -24.1611 -0.869261 41.8079 -23.6508 5.50308 7.13717 2.17943 0 0 0 0.659032 2.64663 0 0 0 0 0 0.0561768 2.384 303 52 0 0 0
./complex_md-fit_542.pdb BC A 8.9076 31.6505 -11.3448 -8.64193 -15.7521 -24.2809 -0.928191 44.315 -23.8664 5.58996 9.57616 2.33789 0 0 0 0.251842 3.17342 0 0 0 0 0 0.0539469 2.384 303 52 2 2 0
./complex_md-fit_543.pdb BC A 5.36796 32.2075 -9.75493 -8.41218 -14.0415 -24.1567 -0.64453 42.9583 -23.4286 6.82748 8.25972 2.67158 0 0 0 0.156055 2.54878 0 0 0 0 0 0.0555547 2.384 303 53 1 1 0
./complex_md-fit_544.pdb BC A 6.69278 41.3647 -11.0364 -8.30207 -16.1734 -23.5304 -0.705817 40.9715 -22.6622 7.16052 8.54852 3.53498 0 0 0 0.122086 2.59955 0 0 0 0 0 0 2.384 303 50 1 1 0
./complex_md-fit_545.pdb BC A 6.26972 35.5094 -9.50658 -6.43868 -15.5983 -23.3297 -0.832863 42.5053 -21.9977 5.85256 7.83098 2.0963 0 0 0 0.354498 2.56449 0 0 0 0 0 0.0510594 2.384 303 54 1 1 0
./complex_md-fit_546.pdb BC A 6.82441 33.9267 -13.2221 -7.82388 -13.2783 -22.8845 -0.698411 39.7844 -22.4704 4.55385 6.94337 2.36681 0 0 0 0.206301 2.94988 0.0296635 0 0 0 0 0.0490906 2.384 303 52 1 1 0
./complex_md-fit_547.pdb BC A 6.87931 32.94 -9.92507 -7.36066 -12.099 -24.4359 -0.554224 41.6877 -24.1214 7.18669 7.66939 1.82341 0 0 0 0.222828 1.99344 0 0 0 0 0 0.0560067 2.384 303 53 1 1 0
./complex_md-fit_548.pdb BC A 6.19197 28.7145 -10.4658 -7.25388 -13.5542 -24.4476 -0.793819 43.2051 -23.9221 5.51838 8.40125 2.03452 0 0 0 0.291205 2.37147 0 0 0 0 0 0.0553513 2.384 303 53 0 0 0
./complex_md-fit_549.pdb BC A 7.17867 38.9256 -16.5534 -7.08699 -16.9946 -23.0691 -0.832472 39.7046 -22.4174 4.1846 6.21604 3.59503 0 0 0 0.0963234 2.22346 0 0 0 0 0 0.050665 2.384 303 51 1 1 0
./complex_md-fit_54.pdb BC A 6.1189 37.9368 -13.2386 -4.11256 -12.8102 -20.2682 -0.753062 32.747 -20.419 1.63338 8.16279 2.06044 0 0 0 0.509901 2.14738 0 0 0 0 0 0.0108978 2.384 303 48 0 0 0
./complex_md-fit_550.pdb BC A 8.1156 32.7777 -16.7173 -8.90891 -15.8145 -24.9632 -0.883141 44.0168 -24.3113 4.01275 8.09422 1.48003 0 0 0 0.509396 2.55654 0 0 0 0 0 0.0504952 2.384 303 54 0 0 0
./complex_md-fit_551.pdb BC A 6.90066 34.5976 -10.1448 -6.26654 -14.1894 -23.3984 -0.87447 41.9241 -22.1034 4.86793 6.92432 2.16998 0 0 0 0.746901 1.9286 0 0 0 0 0 0.0540758 2.384 303 51 1 1 0
./complex_md-fit_552.pdb BC A 8.13831 33.6637 -7.57992 -6.31463 -12.8215 -24.2591 -0.802469 43.458 -23.597 6.35841 7.69543 2.01361 0 0 0 0.645051 2.30676 0 0 0 0 0 0.0442641 2.384 303 53 1 1 0
./complex_md-fit_553.pdb BC A 8.20179 37.5963 -16.5776 -7.13919 -17.8572 -25.3437 -0.911526 42.3306 -24.7171 5.16599 7.67868 3.47694 0 0 0 0.688712 2.45674 0 0 0 0 0 0.0502067 2.384 303 52 0 0 0
./complex_md-fit_554.pdb BC A 7.5887 30.9856 -6.83578 -5.36977 -12.2679 -22.8149 -0.83286 40.7282 -22.1332 5.56676 7.48442 2.3942 0 0 0 0.354079 1.90537 0 0 0 0 0 0.055245 2.384 303 54 1 1 0
./complex_md-fit_555.pdb BC A 9.3123 33.245 -14.9538 -9.30582 -16.0424 -24.0322 -0.813508 40.1734 -23.1003 7.17057 8.17813 2.29275 0 0 0 0.480961 2.48464 -0.00993416 0 0 0 0 0.054563 2.384 303 51 0 0 0
./complex_md-fit_556.pdb BC A 7.15667 39.062 -10.4302 -7.67038 -15.7598 -23.6971 -0.68443 41.7275 -22.661 5.93453 8.52899 3.41661 0 0 0 0.401051 3.03573 -0.0113202 0 0 0 0 0.0452188 2.384 303 50 1 1 0
./complex_md-fit_557.pdb BC A 8.60484 33.7775 -12.8724 -7.39182 -14.0565 -23.214 -0.613313 38.4509 -22.7009 6.19335 7.26934 2.56181 0 0 0 0.588873 2.18172 -0.0103786 0 0 0 0 0.0502079 2.384 303 50 0 0 0
./complex_md-fit_558.pdb BC A 7.41143 28.8349 -12.4683 -6.73817 -16.1611 -24.8427 -0.817819 42.721 -24.3102 5.9392 7.84809 3.46539 0 0 0 0.380351 2.66381 0 0 0 0 0 0.0475203 2.384 303 53 1 1 0
./complex_md-fit_559.pdb BC A 7.79761 43.5459 -17.9335 -8.57313 -16.8335 -23.8385 -0.651297 39.1681 -23.1334 5.97976 7.44058 2.11649 0 0 0 0.342504 2.1698 0 0 0 0 0 0.0489174 2.384 303 52 1 1 0
./complex_md-fit_55.pdb BC A 7.42777 42.395 -13.0051 -4.66276 -11.4366 -19.1335 -0.59079 29.9125 -19.2287 2.55605 6.14927 3.05627 0 0 0 0.361675 2.26987 -0.0123318 0 0 0 0 0.0237759 2.384 303 47 0 0 0
./complex_md-fit_560.pdb BC A 6.60295 31.694 -16.9131 -9.80306 -15.9354 -24.6611 -0.725841 41.9844 -23.8185 4.08832 8.1222 3.31501 0 0 0 0.465422 2.64721 5.55112e-17 0 0 0 0 0.0554619 2.384 303 55 0 0 0
./complex_md-fit_561.pdb BC A 10.8689 38.3732 -7.92394 -7.48188 -13.1642 -24.6572 -0.894399 44.3215 -24.0887 7.68887 8.09933 1.5664 0 0 0 0.639081 2.93281 0 0 0 0 0 0.0472872 2.384 303 50 1 1 0
./complex_md-fit_562.pdb BC A 6.59407 34.3065 -14.741 -9.18892 -17.7366 -25.2067 -1.0792 44.7697 -24.0428 5.06068 9.02939 2.95888 0 0 0 0.648531 2.63054 -0.00933419 0 0 0 0 0.0553206 2.384 303 51 0 0 0
./complex_md-fit_563.pdb BC A 6.15733 35.6197 -18.4173 -8.3208 -15.8791 -23.3123 -0.711612 39.6031 -22.7206 3.05154 7.03193 2.6187 0 0 0 0.214943 2.30732 0 0 0 0 0 0.00699477 2.384 303 51 0 0 0
./complex_md-fit_564.pdb BC A 6.72768 38.3296 -15.252 -8.32657 -17.8932 -24.9511 -0.815357 41.6006 -24.1413 8.34922 8.77094 1.73311 0 0 0 0.36922 2.50822 0 0 0 0 0 0.052408 2.384 303 52 1 1 0
./complex_md-fit_565.pdb BC A 12.2324 27.3783 -14.4208 -8.64546 -13.4676 -24.1879 -0.71389 41.705 -24.0437 5.30042 7.81855 1.28802 0 0 0 0.479174 2.07184 0 0 0 0 0 0.0466012 2.384 303 52 2 2 0
./complex_md-fit_566.pdb BC A 5.91887 37.2516 -9.75628 -6.89336 -15.2269 -23.1659 -0.93397 39.9509 -22.2817 8.20475 7.99918 1.9638 0 0 0 0.577159 2.27817 0 0 0 0 0 0.0498419 2.384 303 50 2 2 0
./complex_md-fit_567.pdb BC A 7.22327 34.4614 -18.0792 -7.14784 -16.2055 -24.6298 -0.648014 41.8112 -24.0011 3.59753 7.28096 1.47813 0 0 0 0.356595 3.08898 -1.11022e-16 0 0 0 0 0.0286635 2.384 303 51 0 0 0
./complex_md-fit_568.pdb BC A 7.41953 33.8687 -21.5851 -8.7277 -19.5246 -22.8345 -0.803772 38.5421 -21.4079 3.73921 7.7388 1.16653 0 0 0 0.466343 2.69277 0 0 0 0 0 0.0603956 2.384 303 49 1 1 0
./complex_md-fit_569.pdb BC A 7.81527 34.1026 -15.1346 -5.25388 -18.3446 -22.9992 -0.836917 39.7733 -22.2088 4.78716 7.69673 1.84281 0 0 0 0.364027 2.3936 -0.00996992 0 0 0 0 0.0548304 2.384 303 49 0 0 0
./complex_md-fit_56.pdb BC A 8.24412 32.9923 -17.353 -4.25592 -14.1536 -20.1016 -0.837232 31.7489 -20.5207 2.14315 5.72856 2.56321 0 0 0 0.332299 1.44305 0 0 0 0 0 0 2.384 303 47 0 0 0
./complex_md-fit_570.pdb BC A 7.10867 34.3272 -14.2102 -6.86057 -15.0446 -23.7671 -0.882934 40.256 -22.9706 4.99663 6.58648 2.8904 0 0 0 0.532366 2.3214 5.55112e-17 0 0 0 0 0.0536457 2.384 303 53 1 1 0
./complex_md-fit_571.pdb BC A 8.02169 36.4457 -12.9055 -7.89856 -15.8029 -23.993 -0.839396 42.2014 -22.9056 5.81865 8.42958 1.43015 0 0 0 0.596869 2.09981 0 0 0 0 0 0.057358 2.384 303 51 1 1 0
./complex_md-fit_572.pdb BC A 8.15198 38.436 -11.0227 -7.68038 -16.1861 -24.0642 -0.820746 42.5588 -23.0643 6.01497 9.12606 2.23394 0 0 0 0.82311 2.94948 -0.011513 0 0 0 0 0.047694 2.384 303 52 1 1 0
./complex_md-fit_573.pdb BC A 9.50907 39.201 -14.198 -7.89417 -18.4257 -24.2305 -0.923454 41.1978 -23.4309 7.76476 9.16551 2.10782 0 0 0 0.418061 2.61917 0 0 0 0 0 0.052711 2.384 303 50 2 2 0
./complex_md-fit_574.pdb BC A 6.42081 31.0928 -21.0802 -10.0883 -18.4504 -24.1938 -0.671236 40.021 -23.492 4.34011 8.90875 2.36417 0 0 0 0.131759 2.78631 0 0 0 0 0 0.0496948 2.384 303 52 0 0 0
./complex_md-fit_575.pdb BC A 7.20952 34.7989 -8.66842 -8.62571 -14.0188 -23.748 -0.961898 42.629 -22.7584 7.26362 9.46469 1.51665 0 0 0 0.523086 2.44972 0 0 0 0 0 0.0472195 2.384 303 54 2 2 0
./complex_md-fit_576.pdb BC A 7.78429 34.7375 -15.5385 -8.15488 -17.9916 -23.4637 -0.725356 41.8791 -22.1737 3.88602 7.79628 2.13138 0 0 0 1.22424 2.17576 0 0 0 0 0 0.0538237 2.384 303 54 0 0 0
./complex_md-fit_577.pdb BC A 7.55836 35.5755 -13.2199 -8.44949 -14.2984 -23.8139 -0.804327 41.3342 -22.9989 3.78832 8.85344 2.69838 0 0 0 0.414555 2.42291 0 0 0 0 0 0.0561253 2.384 303 56 0 0 0
./complex_md-fit_578.pdb BC A 6.83651 37.5821 -13.6604 -7.69923 -17.8998 -25.4131 -0.841868 44.6026 -24.5991 6.90149 8.20321 2.55479 0 0 0 0.484329 2.56163 -0.00940489 0 0 0 0 0.0556302 2.384 303 53 1 1 0
./complex_md-fit_579.pdb BC A 7.98693 29.0309 -12.3365 -8.437 -18.4464 -24.4437 -0.75026 43.4287 -23.148 6.68595 8.65396 3.24226 0 0 0 0.827927 2.44886 0 0 0 0 0 0.0501503 2.384 303 54 1 1 0
./complex_md-fit_57.pdb BC A 10.4467 31.4412 -17.0631 -4.6412 -13.7915 -19.8184 -0.752374 31.624 -20.4797 2.74595 5.82825 1.54747 0 0 0 0.678959 1.64459 -0.0112306 0 0 0 0 0.00667528 2.384 303 51 0 0 0
./complex_md-fit_580.pdb BC A 7.25178 31.1537 -17.6738 -8.47164 -18.0015 -24.8698 -0.854421 42.4703 -23.8463 3.5909 8.80919 2.46724 0 0 0 0.975016 2.58437 5.55112e-17 0 0 0 0 0.0572105 2.384 303 54 0 0 0
./complex_md-fit_581.pdb BC A 6.14825 36.4999 -15.819 -8.64414 -16.6205 -24.6046 -0.830927 41.8305 -23.8094 4.93104 8.89584 2.73239 0 0 0 0.253091 2.50669 0 0 0 0 0 0.0476564 2.384 303 56 1 1 0
./complex_md-fit_582.pdb BC A 9.41873 33.9334 -18.6811 -8.22442 -20.0441 -23.8826 -0.820356 41.5202 -22.9925 5.01827 7.98846 2.20769 0 0 0 0.496065 2.39159 -1.11022e-16 0 0 0 0 0.0522845 2.384 303 56 2 2 0
./complex_md-fit_583.pdb BC A 6.34036 39.7419 -11.8099 -7.61971 -15.549 -22.397 -0.600644 39.389 -21.3317 5.07696 7.39601 3.11234 0 0 0 0.662712 2.29197 0 0 0 0 0 0.0511412 2.384 303 51 0 0 0
./complex_md-fit_584.pdb BC A 8.68114 33.4144 -13.8525 -7.21103 -14.9333 -23.3648 -0.729562 39.9782 -22.6806 5.74078 7.19721 1.82569 0 0 0 0.277838 2.70976 0 0 0 0 0 0.0470732 2.384 303 53 1 1 0
./complex_md-fit_585.pdb BC A 7.87945 34.3364 -14.8942 -7.48673 -17.5082 -24.4638 -0.804664 43.7045 -23.9123 4.04529 8.81592 1.92188 0 0 0 0.742659 2.43921 0 0 0 0 0 0.0512284 2.384 303 49 1 1 0
./complex_md-fit_586.pdb BC A 7.62544 30.0613 -21.7315 -9.80643 -17.9286 -23.9808 -0.772989 39.9453 -23.4056 3.51815 8.18694 2.04301 0 0 0 0.414597 2.67769 0 0 0 0 0 0.0548408 2.384 303 49 1 1 0
./complex_md-fit_587.pdb BC A 7.31793 30.5511 -14.9778 -8.89204 -15.7916 -24.1822 -0.680433 40.5267 -23.4645 6.36266 8.00231 2.63214 0 0 0 0.460881 2.28005 0 0 0 0 0 0.0483146 2.384 303 51 1 1 0
./complex_md-fit_588.pdb BC A 7.8432 36.9249 -13.1134 -6.65596 -14 -23.8837 -0.71486 41.5496 -23.0307 5.32887 6.41855 1.47337 0 0 0 0.354388 2.53548 0 0 0 0 0 0.0470892 2.384 303 54 0 0 0
./complex_md-fit_589.pdb BC A 8.0968 35.5301 -13.1064 -8.91118 -16.3508 -24.1746 -0.64583 42.8577 -22.8399 7.46595 7.06367 1.99313 0 0 0 0.3926 3.55343 -0.0118575 0 0 0 0 0.0548023 2.384 303 51 3 3 0
./complex_md-fit_58.pdb BC A 8.27318 33.381 -10.8973 -3.54977 -11.0957 -19.8378 -0.928215 32.4602 -19.9737 3.73983 5.90488 2.11621 0 0 0 0.26676 2.00405 0 0 0 0 0 0 2.384 303 51 0 0 0
./complex_md-fit_590.pdb BC A 9.08582 28.2713 -10.1088 -8.97869 -13.4024 -23.8069 -0.675227 42.273 -22.7653 4.89537 8.60442 3.55438 0 0 0 0.148465 2.30219 0 0 0 0 0 0.0440326 2.384 303 53 0 0 0
./complex_md-fit_591.pdb BC A 6.89512 29.1434 -13.2446 -8.69373 -15.5784 -23.9678 -0.759857 42.8672 -23.3451 3.92703 8.95674 2.8897 0 0 0 0.414648 2.65975 0 0 0 0 0 0.0451403 2.384 303 54 0 0 0
./complex_md-fit_592.pdb BC A 7.92217 28.4903 -14.7707 -8.49724 -18.1507 -25.2291 -0.795127 44.5069 -24.4179 4.60279 9.4222 3.42101 0 0 0 0.319755 2.89463 -0.0111006 0 0 0 0 0.0579008 2.384 303 56 1 1 0
./complex_md-fit_593.pdb BC A 8.04502 34.7723 -14.0597 -9.51286 -16.226 -24.637 -0.853629 43.6901 -23.4454 4.869 9.4271 2.3311 0 0 0 0.245439 2.89759 0 0 0 0 0 0.0526209 2.384 303 53 0 0 0
./complex_md-fit_594.pdb BC A 9.0628 33.6281 -15.1927 -8.23631 -15.7204 -24.1237 -0.656605 42.2056 -23.3875 4.0099 7.58956 2.48693 0 0 0 0.593435 2.64204 0 0 0 0 0 0.0463147 2.384 303 52 0 0 0
./complex_md-fit_595.pdb BC A 9.30856 29.7573 -9.49675 -6.07573 -16.2263 -24.8556 -0.849729 45.1565 -23.8189 5.87914 7.46286 3.2154 0 0 0 0.566145 2.94269 0 0 0 0 0 0.0495265 2.384 303 56 2 2 0
./complex_md-fit_596.pdb BC A 7.34191 31.4183 -12.8221 -8.70529 -16.5433 -25.6182 -0.979886 45.2762 -24.7552 6.4777 8.97454 2.57732 0 0 0 0.42559 2.16839 0 0 0 0 0 0.0484069 2.384 303 58 1 1 0
./complex_md-fit_597.pdb BC A 6.906 38.4561 -10.3185 -7.85531 -15.5149 -24.3683 -0.751861 42.4953 -23.6002 7.68682 8.30104 2.6113 0 0 0 0.619964 2.40017 -5.55112e-17 0 0 0 0 0.0577145 2.384 303 53 1 1 0
./complex_md-fit_598.pdb BC A 7.01386 33.4877 -20.2158 -10.0558 -19.5572 -24.5523 -0.912191 41.3437 -23.6937 5.37391 10.476 1.12911 0 0 0 0.188376 2.51029 0 0 0 0 0 0.0443296 2.384 303 51 1 1 0
./complex_md-fit_599.pdb BC A 9.47684 37.2203 -17.3644 -8.72243 -19.4267 -23.9238 -0.859547 41.5745 -22.82 4.68109 9.49356 2.23961 0 0 0 0.347124 2.41821 0 0 0 0 0 0.0521098 2.384 303 51 1 1 0
./complex_md-fit_59.pdb BC A 8.17275 32.6439 -6.99839 -3.51016 -8.10284 -19.4379 -0.596089 32.0987 -19.673 4.52149 4.97944 2.27169 0 0 0 0.43017 2.22784 0 0 0 0 0 0.0200468 2.384 303 45 1 1 0
./complex_md-fit_5.pdb BC A 8.06887 34.8567 -8.3014 -5.22921 -9.75191 -22.3173 -0.803366 37.3755 -22.0567 4.78265 7.51346 2.01912 0 0 0 0.187903 1.98047 -0.0216001 0 0 0 0 0 2.384 303 52 0 0 0
./complex_md-fit_600.pdb BC A 6.69771 35.4359 -14.73 -8.71089 -19.7637 -23.7191 -0.69481 41.7536 -22.6617 5.42219 10.1445 2.93947 0 0 0 0.505238 2.016 0 0 0 0 0 0.0551943 2.384 303 51 1 1 0
./complex_md-fit_601.pdb BC A 6.68259 32.1388 -19.7121 -8.77701 -18.5006 -25.4064 -0.854838 43.9976 -24.7445 2.73863 9.61321 1.65984 0 0 0 0.475829 2.83309 0.0289453 0 0 0 0 0.0572106 2.384 303 52 0 0 0
./complex_md-fit_602.pdb BC A 7.82724 34.6331 -16.9865 -9.05151 -17.9738 -25.4325 -0.879191 43.9859 -24.5769 5.60459 9.80087 1.12918 0 0 0 0.356965 2.63644 0 0 0 0 0 0.0499036 2.384 303 55 2 2 0
./complex_md-fit_603.pdb BC A 6.95454 35.0486 -15.0741 -8.61899 -17.9646 -25.0225 -0.668275 43.0313 -24.279 6.39195 9.54181 2.24673 0 0 0 0.219826 2.2706 -6.93889e-18 0 0 0 0 0.0475348 2.384 303 53 1 1 0
./complex_md-fit_604.pdb BC A 8.54104 34.554 -7.8605 -8.70768 -14.3786 -24.2596 -0.763567 43.499 -23.1467 7.23281 8.58201 3.91601 0 0 0 0.136396 2.26521 0 0 0 0 0 0.0293887 2.384 303 53 0 0 0
./complex_md-fit_605.pdb BC A 9.7441 31.6678 -11.5311 -7.75244 -15.2805 -24.9601 -0.94558 44.3785 -24.2831 5.19466 8.87818 2.58025 0 0 0 0.601773 2.54048 -5.55112e-17 0 0 0 0 0.057343 2.384 303 54 1 1 0
./complex_md-fit_606.pdb BC A 6.42416 26.5835 -13.7857 -7.1875 -16.304 -22.4706 -0.865528 39.4967 -21.6161 5.09664 6.97259 2.83326 0 0 0 0.211354 2.13407 0 0 0 0 0 0.0475024 2.384 303 51 1 1 0
./complex_md-fit_607.pdb BC A 6.46989 30.7719 -17.3104 -8.67101 -14.9105 -23.144 -0.761767 40.2762 -22.1684 3.8642 5.94879 1.95622 0 0 0 0.26192 2.36423 0 0 0 0 0 0.0379991 2.384 303 52 1 1 0
./complex_md-fit_608.pdb BC A 9.41451 32.7243 -14.8247 -7.66196 -18.6904 -23.8613 -0.8944 40.9628 -22.8726 6.78546 7.98299 2.90762 0 0 0 0.46101 2.16603 1.11022e-16 0 0 0 0 0.0561186 2.384 303 51 2 2 0
./complex_md-fit_609.pdb BC A 7.81807 31.2456 -19.7346 -8.43232 -17.7289 -24.6571 -0.799664 40.687 -24.2957 4.2118 8.42199 2.36799 0 0 0 0.437652 2.67789 0 0 0 0 0 0.0525925 2.384 303 51 0 0 0
./complex_md-fit_60.pdb BC A 8.82816 34.2506 -16.2738 -5.49436 -13.3816 -20.4203 -0.779191 32.2654 -20.7796 2.93293 6.65498 2.44765 0 0 0 0.269483 2.38191 0 0 0 0 0 0.0108056 2.384 303 50 0 0 0
./complex_md-fit_610.pdb BC A 8.56706 34.0214 -17.1601 -9.31184 -16.0027 -24.8154 -0.948608 43.5057 -24.4542 1.33299 10.2063 2.82207 0 0 0 0.444942 1.88555 0 0 0 0 0 0.0607193 2.384 303 54 0 0 0
./complex_md-fit_611.pdb BC A 8.08028 34.4538 -19.0128 -9.7984 -17.8687 -24.7136 -0.720354 41.8503 -23.9452 4.10965 8.91522 2.66214 0 0 0 0.436478 2.52014 0 0 0 0 0 0.059565 2.384 303 52 0 0 0
./complex_md-fit_612.pdb BC A 7.50406 39.7952 -11.8219 -8.12548 -15.2288 -24.8795 -0.746905 43.0877 -24.255 5.58419 8.66727 3.56822 0 0 0 0.458336 2.45929 0 0 0 0 0 0.0479068 2.384 303 54 0 0 0
./complex_md-fit_613.pdb BC A 5.8337 35.1267 -13.9565 -7.63212 -14.2763 -25.3644 -0.76169 43.4008 -24.6206 6.25598 6.5731 2.20991 0 0 0 0.258771 2.70086 0 0 0 0 0 0 2.384 303 55 0 0 0
./complex_md-fit_614.pdb BC A 7.58455 29.2583 -13.4032 -7.73618 -16.742 -23.5138 -0.921093 41.8369 -22.454 6.27107 6.71289 2.96944 0 0 0 0.117633 2.12528 0 0 0 0 0 0.0559264 2.384 303 52 1 1 0
./complex_md-fit_615.pdb BC A 8.75184 32.3027 -12.0632 -8.59758 -14.692 -24.6253 -0.948983 44.0486 -24.0615 6.01592 8.8536 1.6328 0 0 0 0.269489 2.06667 -0.00910483 0 0 0 0 0.0508291 2.384 303 54 0 0 0
./complex_md-fit_616.pdb BC A 7.74583 38.4485 -13.0842 -8.4071 -15.3327 -23.5745 -0.679214 42.3028 -22.8369 4.55292 8.81083 1.44475 0 0 0 0.576797 2.50678 1.11022e-16 0 0 0 0 0.0582045 2.384 303 56 0 0 0
./complex_md-fit_617.pdb BC A 9.17224 36.0735 -14.25 -7.27705 -16.0246 -24.3563 -0.781152 42.1942 -24.1188 4.50358 8.59399 2.44785 0 0 0 0.521087 2.39141 0 0 0 0 0 0.0473043 2.384 303 52 0 0 0
./complex_md-fit_618.pdb BC A 8.03144 35.6782 -18.4958 -7.95267 -18.6076 -24.3786 -0.922197 41.5976 -23.6567 4.01057 8.07787 3.14159 0 0 0 0.140847 2.32044 0 0 0 0 0 0.0536411 2.384 303 52 0 0 0
./complex_md-fit_619.pdb BC A 9.84389 38.8472 -20.8442 -9.19708 -19.7531 -25.236 -0.785795 43.0998 -24.346 2.42504 8.24664 3.66647 0 0 0 0.985989 2.8437 5.55112e-17 0 0 0 0 0.0496615 2.384 303 56 0 0 0
./complex_md-fit_61.pdb BC A 7.95152 48.084 -7.78142 -3.94536 -11.8907 -19.8657 -0.774232 32.2465 -19.5924 6.35856 7.13293 2.37231 0 0 0 0.156801 2.0653 -0.0142937 0 0 0 0 0.0341933 2.384 303 50 0 0 0
./complex_md-fit_620.pdb BC A 7.95588 33.6421 -22.4176 -9.75706 -18.5209 -24.7995 -0.746094 42.5492 -23.9914 1.3705 9.15385 1.63787 0 0 0 0.631885 2.51753 0 0 0 0 0 0.0540639 2.384 303 56 0 0 0
./complex_md-fit_621.pdb BC A 6.23963 36.4439 -18.3029 -8.00104 -17.2796 -25.4795 -0.932147 42.4829 -24.8256 4.5202 8.55515 1.87728 0 0 0 0.730323 2.63095 0 0 0 0 0 0.049219 2.384 303 51 1 1 0
./complex_md-fit_622.pdb BC A 8.90399 39.693 -14.4818 -7.71339 -16.6846 -24.6545 -0.724646 43.6054 -24.0585 4.19452 8.61643 2.58496 0 0 0 0.299142 3.62139 0 0 0 0 0 0.0534245 2.384 303 53 0 0 0
./complex_md-fit_623.pdb BC A 7.26256 31.6079 -13.9265 -7.70008 -15.0369 -24.6006 -0.752652 42.9501 -24.0485 4.73325 8.2847 1.84678 0 0 0 0.397421 2.64876 0 0 0 0 0 0 2.384 303 53 0 0 0
./complex_md-fit_624.pdb BC A 7.12159 30.6696 -20.1757 -10.2933 -16.147 -24.3589 -0.832043 41.1983 -24.0016 1.98549 8.83815 3.2583 0 0 0 0.176883 2.60287 0 0 0 0 0 0 2.384 303 52 0 0 0
./complex_md-fit_625.pdb BC A 8.30939 36.5859 -17.7354 -7.54748 -19.0494 -25.3346 -0.804723 44.4332 -24.1084 3.29858 8.68487 2.23818 0 0 0 0.397419 3.09338 1.11022e-16 0 0 0 0 0.0568965 2.384 303 54 0 0 0
./complex_md-fit_626.pdb BC A 9.47447 35.6408 -8.94467 -9.61322 -13.3856 -24.8197 -0.756953 45.8555 -24.0141 5.81231 9.13347 1.91703 0 0 0 0.872417 2.64299 0 0 0 0 0 0.0540635 2.384 303 52 1 1 0
./complex_md-fit_627.pdb BC A 9.02273 30.9694 -11.127 -8.90423 -17.7198 -24.7867 -0.843268 43.6649 -23.9642 7.23818 10.2109 3.39131 0 0 0 0.489281 2.82857 0.0437009 0 0 0 0 0.0530541 2.384 303 55 1 1 0
./complex_md-fit_628.pdb BC A 9.82312 34.5093 -13.5936 -7.71814 -18.3202 -25.4212 -0.65963 43.9911 -25.0762 6.67386 10.8652 1.35619 0 0 0 0.661915 2.77582 0 0 0 0 0 0.0534118 2.384 303 54 1 1 0
./complex_md-fit_629.pdb BC A 6.40378 33.7783 -15.0022 -11.3562 -20.3836 -24.7571 -1.03395 45.019 -23.5582 7.40037 10.8711 2.35042 0 0 0 0.38354 2.42732 0 0 0 0 0 0.0624953 2.384 303 53 0 0 0
./complex_md-fit_62.pdb BC A 9.0222 35.6109 -12.271 -4.66412 -11.0085 -18.8062 -0.805712 30.8683 -18.93 3.62748 5.18695 1.97337 0 0 0 0.275654 1.63895 1.11022e-16 0 0 0 0 0.0117924 2.384 303 51 0 0 0
./complex_md-fit_630.pdb BC A 8.56236 32.8582 -16.8259 -8.13511 -18.07 -24.7485 -0.68877 42.5423 -24.4796 4.89326 9.00443 2.11177 0 0 0 0.695051 2.51985 0 0 0 0 0 0.0492475 2.384 303 54 1 1 0
./complex_md-fit_631.pdb BC A 7.72607 36.2092 -11.399 -8.76737 -14.4223 -25.2229 -0.630679 44.6782 -24.2374 4.91672 8.20027 3.58136 0 0 0 0.457446 2.44556 -0.0103215 0 0 0 0 0.0578334 2.384 303 54 0 0 0
./complex_md-fit_632.pdb BC A 8.22244 39.296 -13.9842 -9.40082 -14.5454 -25.3247 -0.746358 43.5645 -24.5065 5.59754 8.18664 2.68694 0 0 0 0.448209 2.25715 0 0 0 0 0 0.0556687 2.384 303 52 1 1 0
./complex_md-fit_633.pdb BC A 7.04562 23.7574 -15.586 -10.7431 -16.724 -25.8087 -0.678901 43.7249 -25.0713 6.24609 9.52391 3.39154 0 0 0 0.495645 2.78233 0 0 0 0 0 0.0579462 2.384 303 55 2 2 0
./complex_md-fit_634.pdb BC A 7.73476 30.2076 -11.3802 -9.6291 -17.663 -24.5415 -0.589025 43.7967 -23.5056 8.03061 9.91169 2.56819 0 0 0 0.183953 2.78294 0 0 0 0 0 0.056867 2.384 303 53 2 2 0
./complex_md-fit_635.pdb BC A 8.77458 33.7809 -9.24976 -7.00744 -14.1217 -24.538 -0.775119 43.811 -23.7518 6.621 7.96594 1.66362 0 0 0 0.846712 2.80359 -0.0110537 0 0 0 0 0.0471333 2.384 303 54 0 0 0
./complex_md-fit_636.pdb BC A 8.69799 35.6559 -19.022 -9.60571 -17.9515 -24.6389 -0.760267 42.9315 -23.7236 4.08095 8.65776 1.70904 0 0 0 0.235445 2.58766 -0.0104304 0 0 0 0 0.0536043 2.384 303 52 0 0 0
./complex_md-fit_637.pdb BC A 6.79205 31.4088 -12.1074 -6.58567 -16.4735 -24.3104 -0.747274 43.0067 -23.4728 6.80626 6.88586 2.21203 0 0 0 0.532748 2.6105 -0.0106414 0 0 0 0 0.0492332 2.384 303 53 1 1 0
./complex_md-fit_638.pdb BC A 8.1792 41.4556 -8.11571 -6.89981 -14.4829 -24.2624 -0.676916 42.3256 -23.5505 8.94268 7.53908 2.46889 0 0 0 0.435694 2.38893 0 0 0 0 0 0.0448165 2.384 303 54 2 2 0
./complex_md-fit_639.pdb BC A 7.44111 39.3735 -14.6492 -9.46336 -17.1228 -25.0246 -0.765043 43.8319 -24.282 6.38129 8.8251 2.35185 0 0 0 0.574357 2.5162 -0.0128455 0 0 0 0 0.0568675 2.384 303 53 1 1 0
./complex_md-fit_63.pdb BC A 8.84137 33.5579 -15.0337 -4.72273 -16.0936 -21.7104 -0.960813 36.5731 -21.6882 3.33158 6.99368 3.09287 0 0 0 0.0559356 2.06366 1.11022e-16 0 0 0 0 0.0948034 2.384 303 51 0 0 0
./complex_md-fit_640.pdb BC A 7.21508 31.7744 -17.6415 -6.26217 -17.2155 -25.1909 -0.789599 41.3756 -25.2039 4.2438 7.884 3.21547 0 0 0 0.244146 2.42032 6.93889e-18 0 0 0 0 0.0575334 2.384 303 53 0 0 0
./complex_md-fit_641.pdb BC A 7.38544 36.3779 -19.2637 -8.53309 -19.2119 -25.5291 -0.688625 42.4675 -25.2781 4.84449 9.96022 2.27793 0 0 0 0.384627 2.58609 -0.010908 0 0 0 0 0.0531268 2.384 303 51 0 0 0
./complex_md-fit_642.pdb BC A 6.91204 36.3026 -14.147 -9.10322 -17.1435 -24.6606 -0.829415 43.2193 -23.6847 6.76486 7.34374 3.35067 0 0 0 0.546475 2.76199 0 0 0 0 0 0.0495006 2.384 303 54 0 0 0
./complex_md-fit_643.pdb BC A 6.58514 41.9749 -22.9125 -10.9197 -20.7314 -24.6106 -0.984268 41.6943 -23.4782 2.73518 10.1303 2.31668 0 0 0 0.9028 2.73454 -0.0130479 0 0 0 0 0.045363 2.384 303 52 0 0 0
./complex_md-fit_644.pdb BC A 5.52862 29.0339 -16.6837 -8.27292 -17.6004 -25.1354 -0.944394 42.4093 -23.7653 5.75523 8.59676 1.83884 0 0 0 0.340695 2.95167 0.0187982 0 0 0 0 0.0750794 2.384 303 55 1 1 0
./complex_md-fit_645.pdb BC A 9.04846 27.7109 -10.662 -7.92754 -12.8883 -23.8356 -0.709893 42.017 -23.0174 4.30061 7.55082 3.35702 0 0 0 0.41667 2.68301 0.0284018 0 0 0 0 0.0462496 2.384 303 55 0 0 0
./complex_md-fit_646.pdb BC A 6.96465 33.2955 -18.4826 -9.83308 -17.7006 -24.8322 -0.806951 41.9823 -24.2954 3.492 9.70756 2.8484 0 0 0 0.91097 2.66594 -2.77556e-17 0 0 0 0 0.0444382 2.384 303 52 0 0 0
./complex_md-fit_647.pdb BC A 6.8767 32.3698 -13.4737 -10.7964 -19.7375 -26.0239 -0.697208 44.9679 -25.2054 9.23239 10.6792 3.4409 0 0 0 0.631337 2.93986 -0.00999587 0 0 0 0 0.0450671 2.384 303 50 2 2 0
./complex_md-fit_648.pdb BC A 5.98907 35.4157 -17.6963 -6.94823 -17.8564 -24.727 -0.750286 41.7556 -23.7376 3.78479 8.22498 2.05232 0 0 0 0.451099 3.0531 0 0 0 0 0 0.0543997 2.384 303 49 0 0 0
./complex_md-fit_649.pdb BC A 8.20579 36.6129 -13.0914 -9.3394 -15.0933 -25.3845 -0.809067 44.5157 -24.1132 6.23993 9.13271 1.39691 0 0 0 0.319777 2.46026 0 0 0 0 0 0.0430987 2.384 303 52 1 1 0
./complex_md-fit_64.pdb BC A 7.50038 40.5757 -13.8696 -5.27609 -17.0739 -21.8848 -0.858811 37.1407 -21.8929 4.57149 8.97728 2.09272 0 0 0 0.276312 1.99097 -0.0114454 0 0 0 0 0.0697926 2.384 303 51 0 0 0
./complex_md-fit_650.pdb BC A 7.02422 35.668 -18.5282 -7.54895 -17.9534 -25.3462 -0.944252 43.7866 -25.192 3.7047 8.24716 2.38664 0 0 0 0.260416 2.43164 0.0238102 0 0 0 0 0.0472639 2.384 303 52 0 0 0
./complex_md-fit_651.pdb BC A 9.84277 37.6706 -9.80727 -7.47233 -14.5456 -24.3248 -0.805298 42.4562 -23.6551 6.84616 8.59487 2.49829 0 0 0 0.547142 2.57832 -5.55112e-17 0 0 0 0 0.0531322 2.384 303 52 1 1 0
./complex_md-fit_652.pdb BC A 6.69916 33.4379 -10.4467 -7.31037 -14.7998 -24.4344 -0.548709 42.6381 -23.7692 7.22205 8.78713 1.45676 0 0 0 0.25485 2.86434 0 0 0 0 0 0.0568642 2.384 303 50 0 0 0
./complex_md-fit_653.pdb BC A 6.8238 30.7133 -7.27007 -6.35882 -14.8407 -24.9661 -0.808707 43.0915 -24.2496 8.45926 8.29702 3.11553 0 0 0 0.936491 2.97035 0 0 0 0 0 0.0540484 2.384 303 53 2 2 0
./complex_md-fit_654.pdb BC A 7.44695 35.5658 -14.1703 -7.08957 -17.1963 -26.0133 -0.760001 46.1552 -24.9781 4.62976 7.84347 2.78072 0 0 0 0.415007 2.59576 -0.013913 0 0 0 0 0.056804 2.384 303 54 1 1 0
./complex_md-fit_655.pdb BC A 9.74967 33.9798 -20.158 -8.73757 -19.7875 -25.1342 -0.645017 42.3562 -24.5451 4.18895 9.43274 2.14218 0 0 0 0.534951 2.63816 -0.0096891 0 0 0 0 0.0459132 2.384 303 51 0 0 0
./complex_md-fit_656.pdb BC A 9.28548 35.4694 -13.3788 -7.65105 -17.5433 -25.4613 -0.854328 45.5214 -24.4972 5.41444 9.43655 1.92541 0 0 0 0.280651 2.52517 -0.010108 0 0 0 0 0.0600351 2.384 303 53 1 1 0
./complex_md-fit_657.pdb BC A 6.46798 43.2518 -16.8215 -9.45404 -14.8386 -24.7731 -0.738949 42.1865 -23.8152 4.08535 7.43021 2.71304 0 0 0 0.328734 2.45622 -0.0108808 0 0 0 0 0.0654061 2.384 303 52 1 1 0
./complex_md-fit_658.pdb BC A 9.43873 26.772 -15.1469 -7.72584 -16.6806 -24.6987 -0.875935 43.0322 -23.4736 4.12401 7.55909 3.32919 0 0 0 0.207364 2.46112 0 0 0 0 0 0.0559387 2.384 303 50 0 0 0
./complex_md-fit_659.pdb BC A 8.00062 31.4601 -9.06069 -7.43331 -15.2154 -25.578 -0.807995 45.5864 -24.4761 7.21978 8.58427 2.63542 0 0 0 0.375837 2.98856 0 0 0 0 0 0.0485315 2.384 303 51 2 2 0
./complex_md-fit_65.pdb BC A 6.85941 39.2574 -12.4402 -4.4547 -9.31084 -22.0664 -0.518666 35.9863 -22.3163 3.66361 4.84311 1.49219 0 0 0 0.158633 1.73928 0 0 0 0 0 0.0829267 2.384 303 51 0 0 0
./complex_md-fit_660.pdb BC A 6.38183 35.4494 -12.8838 -8.26493 -17.1367 -25.0007 -0.672969 44.4836 -24.0308 5.68649 9.27554 2.3751 0 0 0 0.364412 2.38818 -0.00971251 0 0 0 0 0.0468781 2.384 303 56 2 2 0
./complex_md-fit_661.pdb BC A 6.24695 36.154 -16.7045 -7.07035 -16.9541 -24.1988 -0.644517 40.6667 -23.7843 5.45411 8.3117 1.12346 0 0 0 0.332699 2.86263 0 0 0 0 0 0.0589104 2.384 303 52 0 0 0
./complex_md-fit_662.pdb BC A 6.50314 40.7264 -17.3762 -8.36288 -17.741 -25.8745 -0.806285 43.4732 -25.6978 5.10098 9.5482 2.69519 0 0 0 0.213932 3.03732 0.00689112 0 0 0 0 0.0678307 2.384 303 53 0 0 0
./complex_md-fit_663.pdb BC A 8.14662 34.4403 -19.5533 -8.99081 -18.6131 -24.7044 -0.815852 41.398 -24.0651 5.60928 8.09186 2.05125 0 0 0 0.438116 2.28948 -0.00954003 0 0 0 0 0.05704 2.384 303 53 1 1 0
./complex_md-fit_664.pdb BC A 7.20845 32.3169 -5.20181 -6.10853 -14.4184 -25.3554 -0.529129 45.6076 -24.6667 8.30042 9.11135 2.64933 0 0 0 0.154449 2.75474 0 0 0 0 0 0.0532861 2.384 303 55 1 1 0
./complex_md-fit_665.pdb BC A 8.0623 31.6987 -7.7069 -5.22376 -12.5382 -24.8253 -0.791855 43.3579 -23.8022 7.55904 5.82602 2.0961 0 0 0 0.572076 3.40467 0 0 0 0 0 0.0633487 2.384 303 51 1 1 0
./complex_md-fit_666.pdb BC A 10.5787 34.5254 -16.5422 -8.51957 -17.1182 -25.114 -0.965492 43.9918 -24.3809 4.439 8.25289 2.23464 0 0 0 0.58127 2.4295 0 0 0 0 0 0.0563247 2.384 303 53 0 0 0
./complex_md-fit_667.pdb BC A 8.52045 33.2829 -20.9686 -9.32013 -19.8909 -25.4188 -1.01087 43.2607 -24.912 4.69212 8.93824 2.07008 0 0 0 0.567771 2.93488 0 0 0 0 0 0.0552114 2.384 303 54 0 0 0
./complex_md-fit_668.pdb BC A 6.46869 31.9178 -18.6935 -7.90704 -17.5474 -24.7963 -0.814781 42.9776 -23.9733 2.53198 7.7708 2.37786 0 0 0 0.633973 2.81926 -5.55112e-17 0 0 0 0 0.0530203 2.384 303 53 0 0 0
./complex_md-fit_669.pdb BC A 6.48883 37.2556 -8.06717 -7.39929 -17.8691 -25.2714 -0.790709 46.0583 -23.5905 7.52098 9.19727 3.91472 0 0 0 0.0993454 2.8747 0 0 0 0 0 0.063207 2.384 303 51 2 2 0
./complex_md-fit_66.pdb BC A 9.11669 37.3308 -8.10392 -4.50668 -10.2038 -21.4229 -0.657371 36.1351 -21.5043 3.55238 6.14282 3.86798 0 0 0 0.409638 1.79264 -2.77556e-17 0 0 0 0 0.0833367 2.384 303 48 0 0 0
./complex_md-fit_670.pdb BC A 6.83858 33.0445 -4.3148 -7.00958 -14.7595 -25.6676 -0.799864 47.2206 -24.4393 10.5331 7.61982 2.36451 0 0 0 0.571001 2.79731 0 0 0 0 0 0.0519136 2.384 303 51 1 1 0
./complex_md-fit_671.pdb BC A 7.80963 35.4825 -17.0667 -8.36784 -17.4062 -24.7664 -0.838648 43.2912 -23.8812 5.16165 7.25577 2.2012 0 0 0 0.206015 2.76532 0.0267046 0 0 0 0 0.0511164 2.384 303 56 0 0 0
./complex_md-fit_672.pdb BC A 8.74904 31.5717 -14.8422 -9.22803 -16.1099 -24.8181 -0.75314 43.1048 -24.1983 4.87096 8.16183 3.73562 0 0 0 0.319122 2.20267 0.023112 0 0 0 0 0.0498703 2.384 303 52 1 1 0
./complex_md-fit_673.pdb BC A 7.43193 26.4535 -16.9238 -7.07746 -19.751 -24.9126 -0.906231 43.886 -23.9961 4.30054 8.98499 2.13667 0 0 0 0.365517 2.49535 -0.00962959 0 0 0 0 0.0554108 2.384 303 53 1 1 0
./complex_md-fit_674.pdb BC A 5.73534 33.2226 -17.5181 -8.73415 -19.2354 -24.2918 -0.843866 41.9831 -23.1698 3.99187 9.01598 3.44466 0 0 0 0.248802 2.51651 0 0 0 0 0 0.0725963 2.384 303 49 0 0 0
./complex_md-fit_675.pdb BC A 7.13959 41.0518 -15.4987 -8.94617 -18.2523 -24.6519 -0.884086 42.7666 -24.1196 6.65627 9.55138 2.17094 0 0 0 0.133193 2.57702 0.0242763 0 0 0 0 0.052616 2.384 303 50 1 1 0
./complex_md-fit_676.pdb BC A 6.57275 24.2774 -14.9302 -6.47112 -15.2537 -22.8025 -0.773842 38.1886 -21.8455 5.29464 6.58727 1.94984 0 0 0 0.141921 2.24156 -1.11022e-16 0 0 0 0 0.0541966 2.384 303 47 0 0 0
./complex_md-fit_677.pdb BC A 7.09031 39.8124 -12.6464 -8.12932 -14.979 -24.6022 -0.967729 42.5178 -24.147 6.52523 8.59279 2.16622 0 0 0 0.33449 2.74262 -0.010857 0 0 0 0 0.0532256 2.384 303 52 1 1 0
./complex_md-fit_678.pdb BC A 6.79705 27.6992 -19.2419 -8.55044 -19.0032 -25.1243 -0.930573 43.5434 -24.2461 3.19215 8.84687 2.43124 0 0 0 0.520968 2.73851 0.0262864 0 0 0 0 0.05169 2.384 303 50 0 0 0
./complex_md-fit_679.pdb BC A 8.1575 31.4097 -19.8768 -11.1516 -18.0379 -24.7168 -0.854195 41.378 -24.3001 5.12568 9.7687 2.52888 0 0 0 0.335315 2.80941 -0.00975328 0 0 0 0 0.0569502 2.384 303 50 0 0 0
./complex_md-fit_67.pdb BC A 7.59722 32.8808 -10.3802 -6.00335 -14.4657 -22.1195 -0.64644 38.8732 -22.2417 5.10945 8.9477 1.70737 0 0 0 0.392686 2.01236 0 0 0 0 0 0.0659326 2.384 303 53 0 0 0
./complex_md-fit_680.pdb BC A 7.07616 31.4194 -9.31202 -9.27009 -13.6749 -24.7625 -1.00076 43.8341 -23.7667 6.35963 9.6196 2.75487 0 0 0 0.53756 2.3679 0 0 0 0 0 0.0571752 2.384 303 51 2 2 0
./complex_md-fit_681.pdb BC A 8.34499 29.3539 -16.9078 -8.16026 -17.9715 -24.8429 -0.787348 43.5085 -24.481 4.25448 8.27681 3.00898 0 0 0 0.237327 2.55167 0 0 0 0 0 0.0491139 2.384 303 53 0 0 0
./complex_md-fit_682.pdb BC A 9.06011 37.3678 -16.8367 -9.01742 -16.0868 -24.5218 -0.858688 41.8953 -24.1166 3.62068 8.2906 2.95651 0 0 0 0.944793 2.55485 5.55112e-17 0 0 0 0 0.0567292 2.384 303 51 0 0 0
./complex_md-fit_683.pdb BC A 9.46993 35.925 -13.1151 -7.69215 -16.1646 -24.6097 -0.915434 43.3793 -23.8018 5.07941 8.99763 2.15301 0 0 0 0.385666 2.45661 0.0244158 0 0 0 0 0.0490277 2.384 303 51 0 0 0
./complex_md-fit_684.pdb BC A 6.58211 33.0953 -12.8977 -6.91985 -16.7441 -23.8816 -0.837055 41.5912 -22.8841 5.61738 7.15662 3.38698 0 0 0 0.572869 2.58581 0 0 0 0 0 0.0439066 2.384 303 51 2 2 0
./complex_md-fit_685.pdb BC A 6.54424 34.5682 -11.5019 -7.78474 -14.4724 -25.625 -1.00462 44.1752 -25.1395 6.67394 9.69496 1.71614 0 0 0 0.213117 2.20364 0 0 0 0 0 0.0510524 2.384 303 54 1 1 0
./complex_md-fit_686.pdb BC A 5.70457 33.6165 -14.8187 -7.76926 -14.7138 -24.1079 -0.937863 41.1453 -23.4434 4.02992 7.71609 2.91526 0 0 0 0.291871 2.29142 0 0 0 0 0 0.0550863 2.384 303 54 0 0 0
./complex_md-fit_687.pdb BC A 7.02477 33.926 -10.379 -6.69881 -12.631 -24.9415 -0.799594 42.3113 -24.947 7.40286 7.50984 2.05081 0 0 0 0.316589 2.55621 0 0 0 0 0 0.0474773 2.384 303 53 1 1 0
./complex_md-fit_688.pdb BC A 7.11237 34.9882 -18.8435 -7.22993 -18.6422 -25.244 -0.948266 43.1681 -24.839 3.86629 8.33105 2.21184 0 0 0 0.425365 2.5567 0 0 0 0 0 0.0572477 2.384 303 52 0 0 0
./complex_md-fit_689.pdb BC A 6.28192 32.638 -15.8597 -7.07002 -13.6152 -23.8018 -0.650747 40.1953 -23.7245 3.3526 7.09457 2.02775 0 0 0 0.274944 2.09224 0 0 0 0 0 0.0572943 2.384 303 54 0 0 0
./complex_md-fit_68.pdb BC A 7.51695 38.688 -13.2229 -5.37358 -13.4975 -22.2302 -0.660737 36.8265 -21.9742 4.08818 6.64685 2.7558 0 0 0 0.0905013 2.23738 0 0 0 0 0 0.105459 2.384 303 53 0 0 0
./complex_md-fit_690.pdb BC A 8.43467 36.4716 -12.389 -7.2631 -11.9014 -25.359 -0.977601 43.4908 -25.2027 6.50384 6.67555 1.2889 0 0 0 0.308821 2.39671 -0.0114405 0 0 0 0 0.0582693 2.384 303 50 1 1 0
./complex_md-fit_691.pdb BC A 8.20415 27.2358 -10.3715 -6.00277 -12.7019 -25.0281 -0.58755 44.1706 -24.718 5.15214 7.2359 1.9398 0 0 0 0.129211 3.35749 0.0339131 0 0 0 0 0.00507387 2.384 303 52 1 1 0
./complex_md-fit_692.pdb BC A 7.28225 37.5115 -18.0958 -8.0708 -17.2212 -23.4157 -0.615861 39.8373 -22.5941 2.15964 7.89998 3.23643 0 0 0 0.688485 2.32683 0 0 0 0 0 0 2.384 303 50 0 0 0
./complex_md-fit_693.pdb BC A 8.75833 28.5583 -13.6602 -8.25067 -13.1719 -23.6834 -0.491441 41.4227 -22.8347 3.62631 7.35351 2.21545 0 0 0 0.163231 2.74997 -0.00921706 0 0 0 0 0 2.384 303 51 0 0 0
./complex_md-fit_694.pdb BC A 10.1945 32.5299 -14.3445 -6.77981 -16.0739 -23.9494 -0.758358 41.0349 -23.2142 5.38335 6.97796 2.84854 0 0 0 0.195508 2.27004 -0.00919414 0 0 0 0 0 2.384 303 53 0 0 0
./complex_md-fit_695.pdb BC A 8.52521 30.9296 -12.4371 -7.31408 -13.1962 -24.8058 -0.554343 44.0087 -24.1018 4.06932 7.4438 1.72655 0 0 0 0.296303 2.60042 -0.00958846 0 0 0 0 0 2.384 303 51 0 0 0
./complex_md-fit_696.pdb BC A 6.53866 33.615 -18.4708 -8.42394 -17.301 -24.5962 -0.608902 41.7276 -23.898 4.286 7.21786 2.97757 0 0 0 0.148209 2.20764 0 0 0 0 0 0 2.384 303 51 0 0 0
./complex_md-fit_697.pdb BC A 7.82712 36.445 -10.5616 -6.4725 -14.4819 -24.4298 -0.75858 43.1484 -23.7834 6.394 6.95804 2.51842 0 0 0 0.348294 2.49989 -0.00252209 0 0 0 0 0 2.384 303 51 1 1 0
./complex_md-fit_698.pdb BC A 8.60511 34.5211 -15.3708 -8.08823 -15.0991 -24.417 -0.692911 41.8085 -23.8556 5.75073 7.15402 1.74122 0 0 0 0.341641 2.58325 -0.0140527 0 0 0 0 0 2.384 303 50 1 1 0
./complex_md-fit_699.pdb BC A 7.07612 30.892 -23.8727 -7.81684 -19.5392 -26.0849 -0.668284 42.3246 -25.831 3.98351 7.39379 2.19909 0 0 0 0.166442 2.45888 -5.55112e-17 0 0 0 0 0 2.384 303 53 0 0 0
./complex_md-fit_69.pdb BC A 9.71884 32.0861 -6.71759 -3.59104 -10.6606 -22.2024 -0.5297 38.0893 -22.132 4.69264 6.71118 2.21134 0 0 0 0.618057 2.36957 -0.0372663 0 0 0 0 0.112963 2.384 303 55 0 0 0
./complex_md-fit_6.pdb BC A 6.17885 46.9793 -12.5589 -4.25193 -9.91839 -19.6551 -0.758172 31.0749 -20.3598 1.8755 5.92123 2.92962 0 0 0 0.583201 1.64917 -5.55112e-17 0 0 0 0 0 2.384 303 51 0 0 0
./complex_md-fit_700.pdb BC A 9.68082 39.8429 -12.2331 -7.29808 -17.4996 -24.3351 -0.573533 41.8935 -23.5134 8.07876 7.15488 3.0364 0 0 0 0.839031 2.50216 -0.0160162 0 0 0 0 0 2.384 303 52 1 1 0
./complex_md-fit_701.pdb BC A 7.5897 35.2443 -15.1473 -5.90084 -17.6635 -25.1807 -0.56765 43.5497 -24.3242 3.82349 8.13359 2.61553 0 0 0 0.379883 2.65115 -0.0125887 0 0 0 0 0 2.384 303 53 1 1 0
./complex_md-fit_702.pdb BC A 9.20046 37.1137 -10.4893 -6.77274 -13.39 -24.9972 -0.53869 44.163 -24.4651 3.64792 8.40354 3.02085 0 0 0 0.449432 2.38068 -0.0101911 0 0 0 0 0 2.384 303 53 0 0 0
./complex_md-fit_703.pdb BC A 6.66847 31.1405 -19.9851 -8.97848 -18.156 -23.9091 -0.761609 40.1694 -23.4369 4.71244 8.26335 1.97779 0 0 0 0.0995904 2.02369 0.0344971 0 0 0 0 0 2.384 303 50 2 2 0
./complex_md-fit_704.pdb BC A 7.01029 37.9055 -22.8124 -9.66932 -19.5815 -25.4634 -0.724809 42.226 -24.92 3.54838 9.10475 2.53215 0 0 0 0.135349 2.65164 0 0 0 0 0 0 2.384 303 53 0 0 0
./complex_md-fit_705.pdb BC A 6.74914 31.8539 -15.6364 -8.08296 -18.538 -25.6034 -0.655219 45.0026 -24.6311 5.00505 8.7924 2.35358 0 0 0 0.720609 3.21863 -5.55112e-17 0 0 0 0 0 2.384 303 50 1 1 0
./complex_md-fit_706.pdb BC A 8.57745 26.149 -26.4622 -11.7048 -21.2294 -24.8974 -0.519292 41.9139 -24.0699 1.44155 9.43851 2.64593 0 0 0 0.53175 2.29171 -0.0131398 0 0 0 0 0 2.384 303 52 0 0 0
./complex_md-fit_707.pdb BC A 7.49988 37.129 -10.5559 -7.502 -16.1114 -25.6452 -0.661705 47.2111 -24.7188 6.16456 8.15021 2.09152 0 0 0 0.465789 2.29383 0 0 0 0 0 0 2.384 303 53 1 1 0
./complex_md-fit_708.pdb BC A 9.37564 26.7565 -13.9284 -8.08829 -15.3685 -24.6442 -0.753526 42.3409 -23.911 5.13689 8.30891 2.54716 0 0 0 0.503252 2.86019 0 0 0 0 0 0 2.384 303 54 0 0 0
./complex_md-fit_709.pdb BC A 10.3337 28.337 -7.12788 -7.13312 -14.1323 -25.6662 -0.513917 44.7679 -24.9246 9.39222 7.87187 2.90896 0 0 0 0.312345 2.44699 -0.0110806 0 0 0 0 0 2.384 303 50 2 2 0
./complex_md-fit_70.pdb BC A 6.69274 39.2001 -9.99243 -4.53578 -9.13509 -21.8994 -0.590684 35.8762 -22.2421 2.71602 6.829 2.0447 0 0 0 0.845901 2.18739 0.0213196 0 0 0 0 0.077428 2.384 303 52 1 1 0
./complex_md-fit_710.pdb BC A 7.663 30.6191 -9.58804 -7.71434 -14.1164 -24.2637 -0.866914 43.7291 -23.6613 6.07963 8.73139 1.97699 0 0 0 0.517412 2.11799 0 0 0 0 0 1.11022e-16 2.384 303 50 2 2 0
./complex_md-fit_711.pdb BC A 6.74169 41.7646 -12.7241 -9.33632 -17.7896 -24.9195 -0.617691 45.1349 -24.0465 7.81991 9.05974 1.82731 0 0 0 0.143646 2.30939 0 0 0 0 0 0 2.384 303 52 2 2 0
./complex_md-fit_712.pdb BC A 7.53217 30.7284 -10.3895 -6.9635 -14.7507 -24.4566 -0.477479 43.6817 -23.4972 6.75903 7.21696 1.57203 0 0 0 0.526157 2.34883 0 0 0 0 0 0 2.384 303 52 1 1 0
./complex_md-fit_713.pdb BC A 10.208 36.5074 -17.7594 -8.92276 -17.8138 -24.5353 -0.67679 42.2235 -23.7235 3.7886 9.25913 1.85 0 0 0 0.791396 2.24954 0 0 0 0 0 0 2.384 303 53 1 1 0
./complex_md-fit_714.pdb BC A 6.34077 38.8267 -15.3905 -8.51207 -18.6207 -24.6923 -0.838239 43.1226 -23.6789 4.89489 9.81887 2.34078 0 0 0 0.77461 2.4744 0 0 0 0 0 0 2.384 303 54 2 2 0
./complex_md-fit_715.pdb BC A 4.94155 35.0601 -17.934 -9.16017 -16.4174 -24.9429 -0.489666 42.0995 -24.6793 5.11057 8.37971 1.83225 0 0 0 0.333361 2.2547 0 0 0 0 0 0 2.384 303 50 0 0 0
./complex_md-fit_716.pdb BC A 7.13368 31.3645 -14.2549 -8.39705 -18.1812 -23.9649 -0.65459 42.2606 -23.3803 6.10485 9.66151 2.15757 0 0 0 0.138678 2.20254 0 0 0 0 0 0 2.384 303 52 1 1 0
./complex_md-fit_717.pdb BC A 7.67883 38.7461 -17.2744 -9.89637 -18.7798 -24.8679 -0.8218 45.1994 -23.4294 3.93977 10.0024 0.806244 0 0 0 0.570442 2.25219 -0.00983363 0 0 0 0 0.0124012 2.384 303 52 0 0 0
./complex_md-fit_718.pdb BC A 8.34293 33.0281 -12.6965 -8.45739 -15.2324 -25.7313 -0.673527 44.5164 -24.9809 6.42623 8.22935 3.11703 0 0 0 0.0900053 2.5448 0 0 0 0 0 0 2.384 303 51 3 3 0
./complex_md-fit_719.pdb BC A 9.60639 36.4918 -15.6266 -8.58359 -16.0032 -24.7617 -0.783892 43.4254 -23.6637 4.28488 7.87855 2.3321 0 0 0 0.248487 2.42531 0 0 0 0 0 0 2.384 303 51 2 2 0
./complex_md-fit_71.pdb BC A 10.1348 33.1551 -5.95883 -2.76378 -10.8525 -20.8848 -0.627716 36.8151 -21.3487 6.64576 6.43797 0.289107 0 0 0 0.339356 1.64474 -0.0310442 0 0 0 0 0.0223262 2.384 303 53 2 2 0
./complex_md-fit_720.pdb BC A 7.70289 40.5417 -14.2089 -8.55452 -16.6305 -24.2453 -0.696186 41.9565 -23.0206 5.5388 8.18742 2.68364 0 0 0 0.571894 2.74686 0 0 0 0 0 0 2.384 303 50 0 0 0
./complex_md-fit_721.pdb BC A 9.12136 28.0765 -10.4993 -8.63986 -14.2856 -23.1536 -0.502085 41.5049 -22.1499 4.20071 9.25126 3.00638 0 0 0 0.268559 2.5325 0 0 0 0 0 0 2.384 303 53 0 0 0
./complex_md-fit_722.pdb BC A 8.98158 33.881 -4.12524 -5.16506 -11.2508 -24.4161 -0.633197 43.3375 -24.0401 7.04647 7.63612 2.95517 0 0 0 0.404803 2.93462 0 0 0 0 0 0 2.384 303 54 1 1 0
./complex_md-fit_723.pdb BC A 5.50037 34.0167 -11.5165 -5.53612 -15.4864 -24.7748 -0.788987 41.3501 -24.4771 7.72238 8.15348 2.00079 0 0 0 0.329483 2.71415 -0.00927686 0 0 0 0 0 2.384 303 52 1 1 0
./complex_md-fit_724.pdb BC A 8.07148 42.1755 -15.5477 -8.72969 -17.1127 -25.4521 -0.710924 43.5372 -24.7266 4.71592 8.58401 3.42544 0 0 0 0.930816 2.75211 -0.00917933 0 0 0 0 0 2.384 303 53 1 1 0
./complex_md-fit_725.pdb BC A 7.21246 28.335 -15.2143 -8.51894 -16.3332 -25.5809 -0.957235 43.7779 -25.2126 6.38333 8.26196 2.64857 0 0 0 0.331054 2.44707 -0.0143019 0 0 0 0 0 2.384 303 52 2 2 0
./complex_md-fit_726.pdb BC A 8.84924 34.4975 -10.1187 -9.44524 -14.8847 -26.1891 -0.709912 46.1088 -25.4469 8.06917 9.79006 2.29864 0 0 0 0.30607 2.76092 -0.0155676 0 0 0 0 0 2.384 303 51 2 2 0
./complex_md-fit_727.pdb BC A 7.74428 37.511 -21.7769 -8.05176 -19.8001 -24.5309 -0.719495 41.609 -23.7789 2.88665 8.24266 1.97503 0 0 0 0.401896 2.16761 -0.0109785 0 0 0 0 0 2.384 303 50 0 0 0
./complex_md-fit_728.pdb BC A 6.52447 27.9831 -19.0668 -8.15913 -17.7844 -25.8867 -0.58757 42.8746 -26.0549 3.41183 8.16048 3.96863 0 0 0 1.00053 3.23612 -0.0101928 0 0 0 0 0 2.384 303 51 0 0 0
./complex_md-fit_729.pdb BC A 7.19456 37.3931 -14.8796 -6.74015 -18.8134 -24.8156 -0.681288 42.4496 -24.1541 5.89608 8.71626 2.88401 0 0 0 0.378922 2.37267 0 0 0 0 0 0 2.384 303 55 1 1 0
./complex_md-fit_72.pdb BC A 8.45076 32.2471 -11.4606 -1.90462 -13.3097 -21.3878 -0.834925 35.6101 -21.8642 3.60111 6.86735 1.51983 0 0 0 0.220983 2.12969 -0.0139341 0 0 0 0 0.0352069 2.384 303 51 0 0 0
./complex_md-fit_730.pdb BC A 5.63959 38.1587 -16.5785 -8.08751 -18.3949 -25.1193 -0.810769 41.945 -24.5724 8.4079 8.28662 1.52628 0 0 0 0.240529 2.26493 0 0 0 0 0 0 2.384 303 53 1 1 0
./complex_md-fit_731.pdb BC A 9.51391 40.65 -12.709 -5.4148 -17.5937 -23.4234 -0.887405 39.8021 -22.9323 6.64696 9.08085 1.33668 0 0 0 0.696348 2.65044 -0.0203929 0 0 0 0 0 2.384 303 54 2 2 0
./complex_md-fit_732.pdb BC A 6.4672 29.541 -12.52 -5.185 -14.7814 -22.9959 -0.706105 39.4989 -22.774 3.67743 8.19223 2.02862 0 0 0 0.496368 2.35541 0.0287745 0 0 0 0 0 2.384 303 54 0 0 0
./complex_md-fit_733.pdb BC A 8.39163 38.0458 -18.6671 -6.36729 -16.775 -21.7036 -0.476838 35.437 -21.1851 2.75886 7.32527 1.47158 0 0 0 0.848107 2.30488 2.22045e-16 0 0 0 0 0 2.384 303 49 0 0 0
./complex_md-fit_734.pdb BC A 7.14825 29.6221 -16.5958 -6.51333 -16.9273 -21.8572 -0.719167 36.5257 -21.1316 2.15202 8.6944 2.45821 0 0 0 0.704142 2.12456 0.0182871 0 0 0 0 0 2.384 303 51 0 0 0
./complex_md-fit_735.pdb BC A 7.39155 32.2223 -16.0289 -8.80747 -17.5611 -23.9475 -0.628003 41.5475 -23.4425 4.42217 10.7355 1.45878 0 0 0 0.205124 2.56104 -0.011471 0 0 0 0 0 2.384 303 52 1 1 0
./complex_md-fit_736.pdb BC A 8.20948 28.2822 -18.5023 -6.75096 -18.887 -25.0439 -0.610529 41.646 -24.7909 3.93517 9.13206 2.6041 0 0 0 0.274204 2.33203 -0.0104789 0 0 0 0 1.11022e-16 2.384 303 54 0 0 0
./complex_md-fit_737.pdb BC A 6.88872 36.2939 -15.0539 -4.99978 -16.191 -23.1422 -0.524384 38.5315 -22.7668 3.67691 7.4547 2.24881 0 0 0 0.631913 2.17305 0.0263021 0 0 0 0 0 2.384 303 52 0 0 0
./complex_md-fit_738.pdb BC A 6.8672 27.3675 -12.9981 -5.97762 -15.2917 -22.9572 -0.552759 37.1808 -22.6063 5.12926 9.05629 2.66324 0 0 0 0.35786 1.78557 0 0 0 0 0 0 2.384 303 52 1 1 0
./complex_md-fit_739.pdb BC A 7.8594 29.8611 -6.02831 -6.15817 -15.5553 -24.8279 -0.749129 44.0679 -23.7892 10.0995 7.86977 2.66419 0 0 0 0.350023 2.77177 0 0 0 0 0 0 2.384 303 54 2 2 0
./complex_md-fit_73.pdb BC A 7.64321 31.331 -15.1589 -4.48263 -17.2412 -22.469 -0.88665 38.2539 -22.46 2.26748 9.08348 2.2785 0 0 0 0.378497 2.2238 0.0259964 0 0 0 0 0.0927248 2.384 303 54 0 0 0
./complex_md-fit_740.pdb BC A 7.674 30.4269 -18.9917 -6.77519 -21.3869 -25.4212 -0.767943 43.2214 -24.7387 4.58932 10.5844 1.49402 0 0 0 0.209131 2.75038 0 0 0 0 0 0 2.384 303 54 1 1 0
./complex_md-fit_741.pdb BC A 8.5584 28.4245 -17.7792 -8.55573 -16.76 -24.7529 -0.599087 40.4948 -23.9784 4.13677 9.39748 2.60157 0 0 0 0.225536 2.39165 0.0106891 0 0 0 0 0 2.384 303 53 0 0 0
./complex_md-fit_742.pdb BC A 6.46206 32.4188 -14.5423 -6.61589 -16.6194 -23.2115 -0.659129 38.7799 -22.7807 5.10329 8.72198 2.42104 0 0 0 0.318176 2.54213 0 0 0 0 0 0 2.384 303 52 1 1 0
./complex_md-fit_743.pdb BC A 7.44027 42.0044 -13.4771 -5.24624 -16.4787 -23.5422 -0.76242 41.3266 -22.9727 4.38848 8.41367 1.21429 0 0 0 0.0973778 1.87135 0.0848343 0 0 0 0 0 2.384 303 53 0 0 0
./complex_md-fit_744.pdb BC A 9.9686 37.0525 -14.4349 -6.28789 -16.709 -23.4294 -0.582534 38.9353 -22.9075 5.53265 8.09591 2.44837 0 0 0 0.469195 2.21919 0 0 0 0 0 0 2.384 303 52 0 0 0
./complex_md-fit_745.pdb BC A 7.07443 38.8682 -20.262 -7.98824 -16.2347 -24.4854 -0.573112 40.3198 -24.6063 3.556 7.32873 2.02141 0 0 0 0.39983 2.49726 0 0 0 0 0 -1.11022e-16 2.384 303 52 0 0 0
./complex_md-fit_746.pdb BC A 7.09012 35.3853 -19.2652 -7.04075 -19.0948 -23.0887 -0.711015 40.4921 -22.1445 2.5639 7.51564 1.95758 0 0 0 0.181822 2.90037 0.0919078 0 0 0 0 0.0116125 2.384 303 50 0 0 0
./complex_md-fit_747.pdb BC A 8.34195 33.4704 -9.75479 -6.17791 -13.5451 -23.8947 -0.739749 42.0024 -22.8518 5.92325 7.46923 0.800325 0 0 0 1.24397 2.65923 -0.0188827 0 0 0 0 0.0340963 2.384 303 51 1 1 0
./complex_md-fit_748.pdb BC A 6.34269 35.8583 -19.1102 -7.03097 -16.9527 -24.1982 -0.662298 40.1374 -23.8494 3.54137 7.23535 1.92254 0 0 0 0.657879 2.61284 0.0712982 0 0 0 0 0.0174798 2.384 303 55 0 0 0
./complex_md-fit_749.pdb BC A 6.71422 39.4813 -10.0706 -3.09854 -12.9662 -23.1274 -0.444741 40.1764 -22.4755 3.74682 6.20347 1.47115 0 0 0 0.403421 2.60441 0.0139378 0 0 0 0 0.0265672 2.384 303 53 0 0 0
./complex_md-fit_74.pdb BC A 9.11015 32.67 -11.6045 -4.20279 -15.0103 -20.8393 -0.907319 35.3527 -20.8456 3.58782 8.72636 2.21215 0 0 0 0.358811 2.18353 -0.0370249 0 0 0 0 0 2.384 303 51 0 0 0
./complex_md-fit_750.pdb BC A 7.01617 38.182 -4.64708 -4.01855 -11.487 -22.6434 -0.576984 39.2895 -22.2487 7.2433 6.99547 2.26108 0 0 0 0.476304 2.63115 0.0288939 0 0 0 0 0.0330042 2.384 303 54 1 1 0
./complex_md-fit_751.pdb BC A 9.59982 26.7217 -9.32537 -3.68065 -13.5884 -22.0597 -0.534881 37.174 -21.8694 6.59492 6.27252 2.14092 0 0 0 0.217336 1.89321 -0.00940225 0 0 0 0 0.0173462 2.384 303 51 2 2 0
./complex_md-fit_752.pdb BC A 6.79953 35.2606 -21.8117 -7.48584 -20.011 -23.671 -0.520529 39.8767 -23.0443 2.24399 9.12301 1.46007 0 0 0 0.201558 2.44061 -5.55112e-17 0 0 0 0 0.0156321 2.384 303 54 0 0 0
./complex_md-fit_753.pdb BC A 7.7337 34.3394 -14.1562 -7.52537 -16.7734 -24.7944 -0.590686 43.1649 -24.7014 5.36371 8.26017 3.1001 0 0 0 0.340186 3.10044 0 0 0 0 0 0 2.384 303 54 1 1 0
./complex_md-fit_754.pdb BC A 6.55089 42.2888 -16.8307 -6.79039 -16.1917 -23.3163 -0.745163 39.4372 -23.2591 4.45562 6.85653 2.01313 0 0 0 0.676486 2.35117 0 0 0 0 0 0.0329031 2.384 303 51 0 0 0
./complex_md-fit_755.pdb BC A 6.59212 31.2874 -20.7472 -7.73956 -18.561 -22.9395 -0.565023 38.8767 -22.698 2.28556 7.68509 2.63495 0 0 0 0.209973 2.48565 0.020768 0 0 0 0 0.0428825 2.384 303 50 0 0 0
./complex_md-fit_756.pdb BC A 8.17454 34.1219 -21.0974 -8.16479 -20.0428 -24.1617 -0.675432 40.9881 -23.6329 2.531 9.25868 2.5657 0 0 0 0.190204 2.60496 0.0283091 0 0 0 0 0.0182895 2.384 303 55 0 0 0
./complex_md-fit_757.pdb BC A 9.17038 40.3684 -19.5189 -6.61397 -17.8344 -22.7254 -0.711465 38.7479 -22.5755 1.67 8.0499 2.14934 0 0 0 0.274188 2.32256 0.0037819 0 0 0 0 0.0467796 2.384 303 49 0 0 0
./complex_md-fit_758.pdb BC A 5.79934 32.9352 -15.9816 -7.97373 -18.06 -23.1856 -0.796837 39.4617 -22.8549 5.48566 8.56 3.01209 0 0 0 0.380546 2.3198 -0.0105234 0 0 0 0 0 2.384 303 51 2 2 0
./complex_md-fit_759.pdb BC A 8.52942 39.0494 -17.1766 -6.30459 -17.429 -24.4049 -0.717648 42.2475 -24.0029 5.15963 6.4209 1.52466 0 0 0 0.332921 2.6488 -0.0112752 0 0 0 0 0.00815329 2.384 303 53 0 0 0
./complex_md-fit_75.pdb BC A 6.45987 39.2622 -13.9101 -5.57247 -13.2414 -21.8908 -0.597669 36.8 -21.9393 3.00729 7.95486 1.05676 0 0 0 0.512608 2.15951 0 0 0 0 0 0 2.384 303 48 0 0 0
./complex_md-fit_760.pdb BC A 7.20313 35.9266 -18.6159 -8.14617 -18.8853 -22.3069 -0.644489 37.3042 -21.9069 4.121 8.63664 2.68026 0 0 0 0.504736 1.88214 0 0 0 0 0 0.027094 2.384 303 52 0 0 0
./complex_md-fit_761.pdb BC A 7.45929 33.3979 -16.4148 -7.3719 -17.1344 -22.1975 -0.737158 37.0012 -21.8949 4.37975 8.70319 2.56558 0 0 0 0.252829 2.55835 0 0 0 0 0 0.0184259 2.384 303 50 2 2 0
./complex_md-fit_762.pdb BC A 7.28874 37.3894 -10.3555 -6.84055 -16.1662 -22.9274 -0.51002 41.4543 -22.1102 7.21175 6.90703 1.95679 0 0 0 0.661261 2.14719 -0.00986252 0 0 0 0 0.0175026 2.384 303 50 0 0 0
./complex_md-fit_763.pdb BC A 7.82144 37.2528 -14.3333 -7.66812 -16.1904 -22.4212 -0.508611 38.2014 -21.8681 4.42798 8.56923 2.63081 0 0 0 0.385012 2.65842 0.108701 0 0 0 0 0 2.384 303 52 0 0 0
./complex_md-fit_764.pdb BC A 9.69855 31.4978 -14.8389 -6.50811 -15.6212 -23.2818 -0.459184 39.2691 -22.951 4.24351 7.54227 2.66317 0 0 0 0.2746 2.56943 -0.0103104 0 0 0 0 0 2.384 303 54 0 0 0
./complex_md-fit_765.pdb BC A 8.47448 32.994 -12.0763 -5.3138 -13.6228 -23.5449 -0.605721 40.3135 -22.7736 3.55189 7.30208 2.2289 0 0 0 0.365421 2.1441 0.022613 0 0 0 0 0 2.384 303 54 0 0 0
./complex_md-fit_766.pdb BC A 6.16911 30.7768 -15.3296 -7.46051 -17.7158 -22.7493 -0.621365 40.0366 -22.0467 3.84647 9.02788 2.08919 0 0 0 0.246883 2.64306 0 0 0 0 0 0.0171432 2.384 303 51 1 1 0
./complex_md-fit_767.pdb BC A 6.57168 38.2823 -20.7042 -7.80436 -18.4773 -23.6772 -0.488163 39.4348 -23.4642 1.3836 10.1254 1.68303 0 0 0 0.554968 2.23431 0 0 0 0 0 0.0251597 2.384 303 53 0 0 0
./complex_md-fit_768.pdb BC A 5.82727 36.4397 -18.898 -7.75404 -17.2818 -23.2427 -0.695857 39.3454 -22.5647 2.24783 7.89157 2.57885 0 0 0 0.548406 2.46196 0 0 0 0 0 0.0289816 2.384 303 50 0 0 0
./complex_md-fit_769.pdb BC A 7.10131 31.2015 -22.5383 -9.03979 -16.9098 -23.4101 -0.598092 38.5148 -23.4453 1.98158 7.44442 2.24259 0 0 0 0.675656 2.38967 -1.11022e-16 0 0 0 0 0.00571845 2.384 303 51 0 0 0
./complex_md-fit_76.pdb BC A 9.73547 35.9983 -15.9498 -5.39664 -14.6282 -22.3957 -0.860036 37.0542 -23.0779 3.36527 8.02363 1.79479 0 0 0 0.170867 2.09811 0 0 0 0 0 0 2.384 303 52 0 0 0
./complex_md-fit_770.pdb BC A 9.17533 33.9931 -9.66465 -6.0991 -14.3903 -23.8163 -0.537637 40.9612 -23.1917 8.09634 7.62356 1.36343 0 0 0 0.32585 2.46463 0 0 0 0 0 0 2.384 303 52 1 1 0
./complex_md-fit_771.pdb BC A 6.51212 33.4053 -11.0336 -7.36124 -14.3183 -23.2203 -0.77252 39.4153 -22.8466 6.69832 7.7062 2.74008 0 0 0 0.897915 2.77514 0 0 0 0 0 0.0275508 2.384 303 55 1 1 0
./complex_md-fit_772.pdb BC A 8.8723 26.3962 -19.3888 -7.32173 -15.173 -22.9553 -0.643805 38.1115 -22.4867 1.57144 6.48107 2.37554 0 0 0 0.587024 2.50571 0.0259357 0 0 0 0 0.0391492 2.384 303 51 0 0 0
./complex_md-fit_773.pdb BC A 7.18717 39.9623 -19.8851 -8.32924 -18.4829 -23.1454 -0.550908 38.9997 -22.4954 3.65479 8.55644 1.56392 0 0 0 0.291752 2.66383 0.0235525 0 0 0 0 0.028634 2.384 303 50 0 0 0
./complex_md-fit_774.pdb BC A 6.49454 32.4848 -16.7542 -6.87934 -16.9402 -23.2704 -0.686817 39.2562 -22.4329 4.24319 8.19824 1.22022 0 0 0 0.437118 2.45372 0.0746591 0 0 0 0 0.0257519 2.384 303 51 1 1 0
./complex_md-fit_775.pdb BC A 8.41522 35.3126 -16.9158 -7.76889 -17.9508 -23.9781 -0.687108 42.5964 -23.0354 3.98566 7.97709 1.4462 0 0 0 0.467618 2.44127 0.0111589 0 0 0 0 0.0203881 2.384 303 51 0 0 0
./complex_md-fit_776.pdb BC A 7.6887 38.2335 -17.1539 -6.85964 -19.5314 -22.1685 -0.637919 36.6885 -21.4813 4.92963 8.28745 2.82403 0 0 0 0.759623 2.05637 -5.55112e-17 0 0 0 0 0.0355227 2.384 303 50 0 0 0
./complex_md-fit_777.pdb BC A 6.6375 30.0175 -15.5414 -7.68814 -15.8362 -22.7163 -0.794458 38.8737 -22.1236 4.51404 7.26827 2.37282 0 0 0 0.537208 2.51537 0.0212669 0 0 0 0 0.0299526 2.384 303 54 0 0 0
./complex_md-fit_778.pdb BC A 8.39926 36.2842 -13.2743 -6.28158 -14.7873 -24.7394 -0.583721 41.5911 -24.4864 7.01866 7.05325 1.69899 0 0 0 0.18356 2.33442 0.0119362 0 0 0 0 0.0466002 2.384 303 54 1 1 0
./complex_md-fit_779.pdb BC A 8.15373 32.2839 -14.543 -7.63549 -15.6108 -23.1096 -0.532945 38.0317 -22.9131 5.5032 8.84063 1.95759 0 0 0 0.900401 2.48571 5.55112e-17 0 0 0 0 0.0253592 2.384 303 51 1 1 0
./complex_md-fit_77.pdb BC A 8.48592 33.0648 -6.77342 -4.83689 -11.3789 -22.4843 -0.879438 38.4113 -22.7762 4.8082 8.68786 3.28979 0 0 0 0.398678 2.16335 -0.013577 0 0 0 0 0 2.384 303 52 1 1 0
./complex_md-fit_780.pdb BC A 10.086 35.7867 -12.5658 -6.85568 -12.9201 -22.9101 -0.727433 39.4532 -22.615 5.40184 6.7357 1.29808 0 0 0 0.469391 2.38678 0.104223 0 0 0 0 0 2.384 303 52 1 1 0
./complex_md-fit_781.pdb BC A 7.97313 34.6175 -14.1024 -6.17792 -13.9851 -23.3929 -0.699319 39.6227 -22.9423 4.24539 6.56825 2.14838 0 0 0 0.502788 2.49281 0 0 0 0 0 0.00747723 2.384 303 53 1 1 0
./complex_md-fit_782.pdb BC A 6.2761 33.767 -9.10115 -6.15755 -12.4669 -23.5261 -0.60335 38.9048 -23.8343 7.55587 8.00302 2.66011 0 0 0 0.352425 2.56693 -1.11022e-16 0 0 0 0 0.0107861 2.384 303 53 2 2 0
./complex_md-fit_783.pdb BC A 8.28793 32.5471 -8.90893 -4.70284 -12.6395 -22.6667 -0.570935 38.6635 -22.4003 6.43899 7.17972 1.48577 0 0 0 0.255939 2.09479 0.0203288 0 0 0 0 0.0270583 2.384 303 51 0 0 0
./complex_md-fit_784.pdb BC A 8.10932 35.677 -15.9318 -5.25055 -17.3714 -23.2403 -0.591362 39.742 -22.9565 4.29338 7.42317 1.6337 0 0 0 0.350797 2.62928 0 0 0 0 0 0.0352884 2.384 303 52 0 0 0
./complex_md-fit_785.pdb BC A 7.16358 31.7662 -17.034 -6.62003 -18.4899 -22.6619 -0.728647 38.7267 -21.8308 3.17923 7.9533 3.21799 0 0 0 0.167264 2.07057 -2.77556e-17 0 0 0 0 0.0527789 2.384 303 53 0 0 0
./complex_md-fit_786.pdb BC A 8.76151 31.9805 -14.3242 -6.30168 -15.3825 -22.9536 -0.396826 38.4211 -22.9087 5.67332 7.20828 2.03351 0 0 0 0.282079 2.06946 0 0 0 0 0 0.000838324 2.384 303 52 0 0 0
./complex_md-fit_787.pdb BC A 6.10958 35.2955 -8.88855 -6.09527 -12.2002 -23.0349 -0.61422 41.8031 -22.1822 3.38239 7.68955 2.08607 0 0 0 0.226474 2.2502 0 0 0 0 0 0.0507106 2.384 303 56 1 1 0
./complex_md-fit_788.pdb BC A 6.03987 31.7783 -14.3926 -7.05124 -15.0281 -22.8589 -0.573578 38.6047 -22.486 3.31226 8.72842 2.73714 0 0 0 0.189224 1.851 -1.11022e-16 0 0 0 0 0.0335419 2.384 303 54 0 0 0
./complex_md-fit_789.pdb BC A 6.51764 34.4764 -18.97 -5.52311 -16.0415 -22.4967 -0.726285 37.1044 -22.6715 2.90725 6.83649 1.51869 0 0 0 0.104866 2.28591 -1.11022e-16 0 0 0 0 0.0174099 2.384 303 50 0 0 0
./complex_md-fit_78.pdb BC A 7.46586 39.3729 -11.913 -4.25506 -14.2418 -20.9106 -0.879181 35.5824 -21.4006 3.45556 8.18008 1.90271 0 0 0 0.633074 2.59095 0.0204385 0 0 0 0 0 2.384 303 55 0 0 0
./complex_md-fit_790.pdb BC A 7.13791 33.9422 -21.037 -8.20433 -18.5311 -25.1324 -0.723917 42.4575 -24.1712 2.51686 8.65722 1.64453 0 0 0 0.449769 3.31745 5.55112e-17 0 0 0 0 0.000109315 2.384 303 54 0 0 0
./complex_md-fit_791.pdb BC A 7.75691 37.288 -19.4504 -7.50923 -18.501 -22.8378 -0.665895 40.0057 -22.0791 2.00655 7.6379 2.17071 0 0 0 0.264767 2.4271 0.0257764 0 0 0 0 0.0311955 2.384 303 55 0 0 0
./complex_md-fit_792.pdb BC A 10.3263 33.1357 -6.83334 -4.41765 -10.8805 -23.2703 -0.764202 38.0266 -23.4448 7.32248 7.83649 2.42761 0 0 0 0.331028 2.33965 -5.55112e-17 0 0 0 0 0 2.384 303 49 1 1 0
./complex_md-fit_793.pdb BC A 6.54733 34.5677 -15.2985 -7.5562 -14.9605 -22.3922 -0.584892 36.8345 -22.0591 4.26919 8.0243 2.84753 0 0 0 0.253079 2.41229 0.0258273 0 0 0 0 0 2.384 303 51 0 0 0
./complex_md-fit_794.pdb BC A 7.35103 32.8176 -7.14895 -4.91085 -11.6645 -22.8602 -0.754543 39.1152 -22.7458 7.99673 6.4349 1.86432 0 0 0 0.366658 2.32203 0.00911827 0 0 0 0 0 2.384 303 52 1 1 0
./complex_md-fit_795.pdb BC A 5.88479 31.53 -9.20007 -3.2507 -12.0192 -21.5432 -0.724725 36.8084 -21.4143 3.69563 6.10073 2.41215 0 0 0 0.735168 1.96434 0 0 0 0 0 0 2.384 303 49 1 1 0
./complex_md-fit_796.pdb BC A 5.61671 36.0282 -18.2574 -6.83262 -16.8705 -22.6581 -0.568939 36.2946 -22.4757 4.00945 8.21474 2.33922 0 0 0 0.303775 2.55512 -0.0133584 0 0 0 0 0 2.384 303 51 0 0 0
./complex_md-fit_797.pdb BC A 10.0104 26.5958 -12.7931 -7.35216 -16.8877 -24.72 -0.639242 43.0727 -24.1883 5.36896 10.0801 2.15577 0 0 0 0.330802 3.0981 -0.0140958 0 0 0 0 0 2.384 303 52 0 0 0
./complex_md-fit_798.pdb BC A 6.46038 39.1041 -14.0249 -6.152 -14.1315 -25.4159 -0.675099 43.0795 -25.299 3.57856 8.16253 2.58765 0 0 0 0.215112 3.04131 0.0252521 0 0 0 0 0 2.384 303 50 0 0 0
./complex_md-fit_799.pdb BC A 7.19039 33.6076 -17.7214 -7.40548 -16.9369 -23.6017 -0.763098 38.6493 -23.5874 4.37608 8.97012 2.25486 0 0 0 0.322861 2.1134 1.38778e-17 0 0 0 0 0 2.384 303 51 1 1 0
./complex_md-fit_79.pdb BC A 6.47895 40.9099 -14.4023 -4.59204 -12.8171 -23.1611 -0.736529 38.3411 -23.8432 2.72184 7.62029 1.56126 0 0 0 0.498024 2.50337 0.00524566 0 0 0 0 0 2.384 303 55 0 0 0
./complex_md-fit_7.pdb BC A 8.27734 41.7383 -6.40507 -2.08537 -10.546 -20.7018 -0.61087 35.5092 -21.1231 4.34455 6.52109 2.09174 0 0 0 0.167472 2.06223 0.0280343 0 0 0 0 0 2.384 303 48 0 0 0
./complex_md-fit_800.pdb BC A 7.63782 29.0848 -13.8515 -6.82571 -14.726 -23.1041 -0.721468 39.1498 -22.8663 4.0825 8.29836 2.6224 0 0 0 0.21005 2.63354 0.0163045 0 0 0 0 0.0126166 2.384 303 52 0 0 0
./complex_md-fit_801.pdb BC A 6.81113 31.0136 -8.37575 -5.23807 -13.3126 -23.7344 -0.728107 40.9207 -23.5741 4.94321 8.90803 3.10857 0 0 0 0.309789 2.3562 0 0 0 0 0 0.0211438 2.384 303 52 0 0 0
./complex_md-fit_802.pdb BC A 7.24735 35.4975 -17.7396 -6.23003 -17.6054 -24.9551 -0.605139 43.2201 -24.7841 3.24859 7.9376 1.59889 0 0 0 0.387901 2.60995 0 0 0 0 0 0.0470309 2.384 303 52 0 0 0
./complex_md-fit_803.pdb BC A 6.99103 35.4161 -10.368 -5.79571 -15.6457 -25.4799 -0.560942 44.7741 -25.1011 5.85101 9.17144 1.92488 0 0 0 0.441015 2.56169 0.0258272 0 0 0 0 0.0270671 2.384 303 51 1 1 0
./complex_md-fit_804.pdb BC A 7.40106 40.5215 -17.642 -6.84835 -16.9189 -23.249 -0.705725 38.0559 -22.8446 3.37038 8.96971 2.14826 0 0 0 0.342747 2.52336 -2.22045e-16 0 0 0 0 0.0376192 2.384 303 53 0 0 0
./complex_md-fit_805.pdb BC A 8.06373 32.8505 -13.1632 -8.13806 -15.347 -24.7267 -0.819501 39.9277 -24.3047 6.81353 10.2147 2.9817 0 0 0 0.244903 2.74159 -0.00992064 0 0 0 0 0 2.384 303 51 0 0 0
./complex_md-fit_806.pdb BC A 9.00993 35.1825 -17.0059 -8.02529 -17.1204 -24.7711 -0.527484 40.5707 -24.3889 4.98192 9.74916 2.008 0 0 0 0.479175 2.3222 0.0382878 0 0 0 0 0 2.384 303 53 1 1 0
./complex_md-fit_807.pdb BC A 7.32953 31.648 -10.4883 -7.0191 -14.9665 -22.9052 -0.662783 38.6191 -22.597 6.50252 10.1865 2.24782 0 0 0 0.084062 2.45817 0.0222398 0 0 0 0 0 2.384 303 52 0 0 0
./complex_md-fit_808.pdb BC A 6.57008 37.8029 -7.48879 -3.87423 -16.1735 -24.8115 -0.703569 44.278 -24.7348 6.8888 8.59738 2.20986 0 0 0 0.834789 3.13518 0 0 0 0 0 0 2.384 303 54 1 1 0
./complex_md-fit_809.pdb BC A 9.04749 42.5148 -13.1745 -6.29329 -15.2728 -21.5278 -0.63426 36.8206 -21.1952 3.75866 8.32684 2.69916 0 0 0 0.12113 2.45878 0.0224272 0 0 0 0 0 2.384 303 53 0 0 0
./complex_md-fit_80.pdb BC A 7.89778 32.6854 -10.0652 -4.2396 -11.3955 -21.4067 -0.616084 35.5295 -21.8708 4.27656 7.53629 1.92656 0 0 0 0.19447 1.97783 5.55112e-17 0 0 0 0 0 2.384 303 53 0 0 0
./complex_md-fit_810.pdb BC A 6.52582 30.2425 -15.7152 -4.99441 -15.495 -23.6271 -0.637609 38.3 -23.7898 4.41116 7.82282 2.24937 0 0 0 0.0454385 2.3876 5.55112e-17 0 0 0 0 0 2.384 303 56 2 2 0
./complex_md-fit_811.pdb BC A 8.90209 38.0079 -10.9093 -6.72806 -15.2965 -23.7972 -0.768512 41.2514 -23.3349 5.61368 9.24482 2.62398 0 0 0 0.257066 2.83376 0 0 0 0 0 0.0249966 2.384 303 53 1 1 0
./complex_md-fit_812.pdb BC A 7.36146 34.8353 -16.8951 -6.73092 -16.2406 -24.2654 -0.469328 40.1025 -24.3666 4.16661 9.18453 1.48365 0 0 0 0.214489 2.25789 0.0197275 0 0 0 0 0.00614436 2.384 303 52 0 0 0
./complex_md-fit_813.pdb BC A 8.25036 39.6384 -18.2297 -6.69081 -16.7065 -24.1404 -0.593917 39.9096 -23.7475 2.92285 8.74791 1.64845 0 0 0 0.395687 2.51664 0 0 0 0 0 0.0248188 2.384 303 51 0 0 0
./complex_md-fit_814.pdb BC A 10.6216 31.317 -15.1496 -5.83983 -15.676 -23.3339 -0.524745 39.1859 -23.023 5.05705 7.17533 1.01265 0 0 0 0.789992 2.28886 -0.011325 0 0 0 0 0.0383555 2.384 303 51 1 1 0
./complex_md-fit_815.pdb BC A 8.47334 42.3743 -12.3989 -5.45587 -15.2977 -23.4728 -0.714998 40.4309 -23.4358 5.85013 6.80811 2.30732 0 0 0 0.565112 2.57176 0 0 0 0 0 0.016732 2.384 303 52 0 0 0
./complex_md-fit_816.pdb BC A 8.97264 40.6684 -16.973 -5.297 -14.5942 -25.5419 -0.672108 41.4675 -25.9604 3.76458 6.92693 2.32929 0 0 0 0.518801 2.78284 0.0216745 0 0 0 0 0.0638492 2.384 303 57 0 0 0
./complex_md-fit_817.pdb BC A 9.5563 30.0027 -14.9792 -7.98288 -16.7875 -24.0895 -0.655223 41.9933 -23.4815 5.60193 8.28408 1.7651 0 0 0 0.284284 2.22986 0.0732682 0 0 0 0 0.0154163 2.384 303 51 2 2 0
./complex_md-fit_818.pdb BC A 5.97656 31.9964 -15.0883 -6.13058 -16.7712 -24.4349 -0.751199 41.9391 -24.2943 5.09197 7.92871 1.96895 0 0 0 0.346895 2.29744 -0.0109418 0 0 0 0 0.0290765 2.384 303 54 0 0 0
./complex_md-fit_819.pdb BC A 9.31826 34.7164 -13.596 -6.04076 -16.817 -23.5702 -0.458952 39.8485 -23.4676 6.61591 7.71422 1.91068 0 0 0 0.64861 2.25875 0 0 0 0 0 0.020535 2.384 303 52 2 2 0
./complex_md-fit_81.pdb BC A 8.04739 40.9817 -7.23491 -3.05894 -11.4637 -21.1629 -0.85712 36.0227 -21.4599 7.10199 6.61625 0.903572 0 0 0 0.114467 2.22068 0.00869871 0 0 0 0 0 2.384 303 55 1 1 0
./complex_md-fit_820.pdb BC A 6.83643 31.9236 -17.5119 -5.43983 -15.3702 -23.2817 -0.62104 37.4883 -23.5217 2.57093 7.20571 2.93 0 0 0 0.514805 2.47821 0.0129693 0 0 0 0 0 2.384 303 51 0 0 0
./complex_md-fit_821.pdb BC A 7.45068 31.1225 -18.7184 -6.98064 -17.8983 -24.4086 -0.788359 39.9888 -24.3317 4.6293 8.5116 2.09961 0 0 0 0.46 2.50844 0 0 0 0 0 0 2.384 303 50 0 0 0
./complex_md-fit_822.pdb BC A 9.37022 33.3002 -19.2932 -7.49006 -17.9112 -24.7829 -0.687468 40.308 -24.5771 5.49947 8.25732 1.92461 0 0 0 0.159517 2.67992 0.00661745 0 0 0 0 0 2.384 303 53 0 0 0
./complex_md-fit_823.pdb BC A 8.85413 40.3667 -21.7455 -7.76893 -18.4204 -25.2793 -0.661439 41.9205 -25.356 2.97032 8.84398 1.71056 0 0 0 0.275089 2.67126 0.0201112 0 0 0 0 0 2.384 303 56 0 0 0
./complex_md-fit_824.pdb BC A 9.74808 29.4393 -20.3151 -8.61483 -19.3217 -25.6396 -0.699289 43.4472 -25.1137 3.23439 9.33003 2.48728 0 0 0 0.5613 2.6577 -1.11022e-16 0 0 0 0 0.013811 2.384 303 55 0 0 0
./complex_md-fit_825.pdb BC A 7.67278 31.4525 -8.25941 -7.10763 -13.7756 -25.1638 -0.663239 44.5367 -24.3187 6.86558 8.93184 2.1265 0 0 0 0.303389 2.62836 0 0 0 0 0 0.00551409 2.384 303 53 1 1 0
./complex_md-fit_826.pdb BC A 8.70731 27.5742 -6.70857 -5.81078 -12.4749 -24.2082 -0.682763 41.708 -23.9893 8.92817 7.83304 1.04874 0 0 0 0.841465 2.80988 0.0980172 0 0 0 0 0 2.384 303 56 1 1 0
./complex_md-fit_827.pdb BC A 6.25268 43.7672 -10.3882 -4.82439 -14.4096 -24.232 -0.497417 40.2256 -24.1226 6.88182 7.64499 2.75885 0 0 0 0.205089 2.45717 -0.0186347 0 0 0 0 0 2.384 303 54 1 1 0
./complex_md-fit_828.pdb BC A 7.22303 33.5895 -12.4675 -4.82407 -14.5966 -21.5878 -0.536896 37.6237 -21.3294 4.51955 6.07259 1.54789 0 0 0 0.643582 2.10264 0 0 0 0 0 0 2.384 303 47 0 0 0
./complex_md-fit_829.pdb BC A 7.38811 36.5291 -15.6096 -5.17693 -16.7712 -22.9851 -0.65709 39.2301 -22.7255 3.18521 7.31375 2.41719 0 0 0 0.471311 2.6882 0.0887286 0 0 0 0 0 2.384 303 56 0 0 0
./complex_md-fit_82.pdb BC A 9.90585 31.5238 -12.1918 -3.15691 -13.2589 -20.7373 -0.842121 35.105 -21.3174 2.40994 7.50281 0.888954 0 0 0 1.21414 2.14825 0 0 0 0 0 0 2.384 303 49 0 0 0
./complex_md-fit_830.pdb BC A 8.93962 30.479 -14.0023 -5.48432 -16.3993 -23.9554 -0.587077 40.5746 -23.6804 4.31334 8.43028 2.64563 0 0 0 0.140231 2.63461 0 0 0 0 0 0 2.384 303 52 0 0 0
./complex_md-fit_831.pdb BC A 7.37903 34.8074 -10.6893 -6.93978 -18.9984 -24.9552 -0.649888 43.4917 -23.5025 9.99802 9.04643 1.37053 0 0 0 0.420936 3.16698 0.02884 0 0 0 0 0 2.384 303 53 1 1 0
./complex_md-fit_832.pdb BC A 10.3672 34.4521 -24.056 -7.93689 -21.198 -25.9691 -0.740426 43.4011 -25.9984 2.3372 9.56771 2.25727 0 0 0 0.22359 2.94525 0 0 0 0 0 0 2.384 303 58 0 0 0
./complex_md-fit_833.pdb BC A 5.83215 28.5893 -19.3403 -8.50573 -18.714 -23.8667 -0.583696 38.625 -23.6832 4.20257 9.48438 2.96092 0 0 0 0.740083 2.56926 0 0 0 0 0 1.11022e-16 2.384 303 53 0 0 0
./complex_md-fit_834.pdb BC A 8.57907 35.3889 -14.8422 -7.28493 -15.15 -24.3375 -0.839684 40.014 -23.8722 5.90674 7.83148 2.61541 0 0 0 0.245105 2.68101 0.0294674 0 0 0 0 0 2.384 303 50 1 1 0
./complex_md-fit_835.pdb BC A 7.53953 30.7411 -18.6703 -6.82312 -18.406 -24.6449 -0.781567 41.3477 -23.9146 1.86494 10.3576 2.21951 0 0 0 0.110104 2.32097 0 0 0 0 0 0 2.384 303 53 0 0 0
./complex_md-fit_836.pdb BC A 8.71163 28.8617 -19.0136 -8.7886 -17.6034 -23.9049 -0.685559 39.4168 -23.9761 4.39899 8.6498 2.91777 0 0 0 0.536846 2.48711 0.0246948 0 0 0 0 0 2.384 303 54 0 0 0
./complex_md-fit_837.pdb BC A 7.91566 37.8638 -16.0727 -7.25564 -15.1283 -24.4004 -0.732494 41.1108 -24.176 3.49548 7.91024 2.73898 0 0 0 0.345459 3.17343 0.0192398 0 0 0 0 0 2.384 303 54 0 0 0
./complex_md-fit_838.pdb BC A 7.08422 33.5117 -13.7079 -6.7292 -14.7435 -24.1987 -0.652117 41.4862 -23.8776 3.38254 8.4367 2.87504 0 0 0 0.285142 2.23412 0.0276367 0 0 0 0 0 2.384 303 52 0 0 0
./complex_md-fit_839.pdb BC A 7.6952 33.1438 -15.9188 -5.79322 -14.3627 -23.6028 -0.565383 39.3032 -23.516 4.14475 6.64201 1.46105 0 0 0 0.330024 2.43962 0.040241 0 0 0 0 0 2.384 303 50 1 1 0
./complex_md-fit_83.pdb BC A 8.78479 37.7817 -11.4305 -3.29045 -11.901 -21.954 -0.918971 36.8427 -22.71 2.59874 6.86074 2.84245 0 0 0 0.199331 3.12541 0 0 0 0 0 0 2.384 303 51 0 0 0
./complex_md-fit_840.pdb BC A 7.16759 32.9941 -8.42291 -4.12088 -11.9889 -24.0953 -0.427669 41.7765 -23.9178 4.71752 6.74261 2.72748 0 0 0 0.163533 2.7596 0 0 0 0 0 0 2.384 303 52 0 0 0
./complex_md-fit_841.pdb BC A 8.65068 23.4309 -10.9889 -4.81978 -13.1686 -24.1808 -0.64126 40.6451 -23.9643 4.81942 6.82001 2.98716 0 0 0 0.51413 2.13432 0 0 0 0 0 0 2.384 303 50 1 1 0
./complex_md-fit_842.pdb BC A 9.90456 30.899 -13.0977 -5.00984 -14.3018 -24.4372 -0.636903 39.408 -24.5676 6.45991 7.076 2.58072 0 0 0 0.305514 2.50325 0.0253682 0 0 0 0 0 2.384 303 55 1 1 0
./complex_md-fit_843.pdb BC A 8.55872 32.3466 -11.4339 -8.03403 -14.3221 -24.5413 -0.550864 41.8474 -24.2312 6.80218 8.72242 2.5406 0 0 0 0.322295 2.48399 0.0106769 0 0 0 0 0 2.384 303 53 2 2 0
./complex_md-fit_844.pdb BC A 8.74456 27.0643 -15.7317 -7.4386 -16.5953 -24.3279 -0.668628 40.214 -24.3854 5.10282 9.07031 3.03028 0 0 0 0.266679 2.90423 0 0 0 0 0 0 2.384 303 53 1 1 0
./complex_md-fit_845.pdb BC A 7.72249 33.1668 -20.8321 -7.96252 -19.8478 -25.4487 -0.80323 42.8431 -25.1342 3.47056 9.88348 1.90981 0 0 0 0.227104 3.46652 0.0303545 0 0 0 0 0 2.384 303 52 0 0 0
./complex_md-fit_846.pdb BC A 10.5304 32.8183 -18.297 -6.78498 -17.3138 -23.7936 -0.747027 39.6261 -23.8548 3.26794 8.13014 2.59652 0 0 0 0.554778 2.60247 0.0217842 0 0 0 0 0 2.384 303 56 0 0 0
./complex_md-fit_847.pdb BC A 6.11192 28.0489 -10.5036 -5.65036 -11.5825 -23.7272 -0.469795 39.1883 -23.6703 4.90191 7.51132 2.1466 0 0 0 0.722176 2.46447 0.126283 0 0 0 0 0 2.384 303 50 0 0 0
./complex_md-fit_848.pdb BC A 6.66634 33.1438 -11.7556 -4.3235 -15.4722 -23.1857 -0.655421 39.6088 -22.0897 4.44465 7.75373 1.75933 0 0 0 0.391195 3.10715 0.0130736 0 0 0 0 0 2.384 303 53 0 0 0
./complex_md-fit_849.pdb BC A 8.67722 34.6613 -9.63295 -5.77677 -17.1463 -24.3357 -0.729415 42.8498 -23.4896 6.70225 9.01868 2.90625 0 0 0 0.355759 2.78379 0.0120858 0 0 0 0 0 2.384 303 56 1 1 0
./complex_md-fit_84.pdb BC A 8.75706 38.8251 -14.5671 -4.46438 -12.2325 -20.6454 -0.891126 33.7602 -21.3447 4.242 5.76511 0.65393 0 0 0 0.599199 2.00618 -0.011947 0 0 0 0 0.00251641 2.384 303 52 0 0 0
./complex_md-fit_850.pdb BC A 6.84489 29.699 -19.6852 -5.48599 -18.3277 -25.2959 -0.487523 42.2662 -24.4328 3.99536 7.34464 0.489754 0 0 0 0.248811 2.78677 0 0 0 0 0 0 2.384 303 53 0 0 0
./complex_md-fit_851.pdb BC A 7.9443 27.6831 -11.4569 -5.44502 -16.7058 -22.3078 -0.550356 38.7604 -21.1461 5.15911 8.5348 1.97713 0 0 0 0.24499 2.69218 0.021683 0 0 0 0 0 2.384 303 52 0 0 0
./complex_md-fit_852.pdb BC A 7.95782 27.5096 -21.9098 -6.12029 -17.3718 -23.5214 -0.564209 38.9332 -23.0044 2.61663 7.45616 -0.482248 0 0 0 0.148483 2.65686 0 0 0 0 0 0 2.384 303 53 0 0 0
./complex_md-fit_853.pdb BC A 7.27037 30.5408 -8.81731 -4.04584 -12.4001 -23.6174 -0.600156 40.7195 -23.044 4.74265 6.88671 2.33162 0 0 0 0.209809 2.79947 0 0 0 0 0 0 2.384 303 56 0 0 0
./complex_md-fit_854.pdb BC A 10.5555 35.8195 -10.9804 -5.70377 -14.576 -24.6383 -0.486574 39.9843 -24.575 7.59756 8.72884 2.58457 0 0 0 0.118105 2.82037 -0.0141784 0 0 0 0 0 2.384 303 54 1 1 0
./complex_md-fit_855.pdb BC A 8.22454 36.6454 -4.63455 -5.76644 -11.729 -24.3042 -0.686534 43.1183 -23.6608 7.39941 8.20518 2.50026 0 0 0 0.289291 2.48082 0 0 0 0 0 0 2.384 303 55 0 0 0
./complex_md-fit_856.pdb BC A 5.44237 37.6321 -17.2801 -6.16311 -15.4885 -24.3209 -0.74801 40.1307 -23.9241 3.08023 8.61946 1.24639 0 0 0 0.26561 2.78457 0.0220993 0 0 0 0 0 2.384 303 56 0 0 0
./complex_md-fit_857.pdb BC A 6.69721 29.7751 -18.184 -6.65024 -16.4476 -22.6527 -0.640761 38.269 -22.1365 2.09361 7.94053 1.60543 0 0 0 0.398319 2.47871 0.0368615 0 0 0 0 0 2.384 303 54 0 0 0
./complex_md-fit_858.pdb BC A 9.38947 27.973 -13.3988 -6.06472 -13.3498 -24.0629 -0.516234 40.0313 -23.8322 4.9114 6.74503 2.36412 0 0 0 0.365992 2.58175 -1.38778e-17 0 0 0 0 0.00922418 2.384 303 55 0 0 0
./complex_md-fit_859.pdb BC A 6.21722 41.7645 -3.748 -5.24465 -11.1094 -23.6983 -0.473842 40.8604 -22.9877 8.31409 7.00916 2.86457 0 0 0 0.703885 2.80809 -0.00984671 0 0 0 0 0.0235017 2.384 303 51 1 1 0
./complex_md-fit_85.pdb BC A 7.04719 34.3611 -14.2815 -3.89935 -13.3981 -21.3646 -0.85327 34.3562 -21.6612 4.19043 6.79195 1.14837 0 0 0 0.391625 2.25752 0.0163921 0 0 0 0 0 2.384 303 51 0 0 0
./complex_md-fit_860.pdb BC A 7.15591 33.1983 -13.7161 -4.97031 -14.4052 -22.0255 -0.515703 35.914 -21.8693 4.67855 6.93347 1.82157 0 0 0 0.716249 1.97727 0 0 0 0 0 0.00608716 2.384 303 50 1 1 0
./complex_md-fit_861.pdb BC A 8.24637 33.3228 -19.429 -6.65681 -18.2297 -23.1947 -0.751279 38.6671 -22.5156 2.9565 7.86324 2.0366 0 0 0 0.384544 2.21788 0 0 0 0 0 0.011055 2.384 303 51 0 0 0
./complex_md-fit_862.pdb BC A 6.64252 36.8351 -10.6667 -3.68492 -15.6104 -23.2407 -0.503238 41.5033 -22.236 3.65601 6.03658 2.40304 0 0 0 0.980578 2.62996 -2.77556e-17 0 0 0 0 0.0290697 2.384 303 50 0 0 0
./complex_md-fit_863.pdb BC A 7.47713 39.5198 -11.0086 -4.87792 -14.3055 -23.2988 -0.538976 40.1309 -22.976 5.47724 6.14204 2.09298 0 0 0 1.13622 2.33928 0 0 0 0 0 0.00916574 2.384 303 51 2 2 0
./complex_md-fit_864.pdb BC A 8.05921 37.7912 -16.5631 -6.64934 -15.7201 -23.3575 -0.536538 39.0436 -22.6509 3.14537 8.17454 1.74461 0 0 0 0.218749 2.45065 0 0 0 0 0 0.024404 2.384 303 55 1 1 0
./complex_md-fit_865.pdb BC A 7.14075 40.6649 -5.98509 -2.72373 -11.8715 -24.3418 -0.372067 43.1017 -23.7171 5.34129 6.02685 2.32656 0 0 0 0.244139 2.83691 0 0 0 0 0 0.000632666 2.384 303 53 0 0 0
./complex_md-fit_866.pdb BC A 7.51771 38.2691 -16.9602 -6.20447 -14.8972 -23.8279 -0.763484 38.9207 -23.0911 4.15393 7.50406 1.05809 0 0 0 0.168342 2.43251 0 0 0 0 0 0.018939 2.384 303 52 0 0 0
./complex_md-fit_867.pdb BC A 8.3019 34.277 -13.3455 -5.18369 -13.3931 -23.7189 -0.647701 39.4986 -23.988 3.84425 7.28565 2.40329 0 0 0 0.537726 2.48011 0 0 0 0 0 0.0163693 2.384 303 55 0 0 0
./complex_md-fit_868.pdb BC A 7.3451 35.9005 -15.4072 -6.1073 -14.2129 -24.6557 -0.83959 41.2954 -24.6189 4.70564 7.82888 0.928915 0 0 0 0.224032 3.01019 0.0118412 0 0 0 0 0.0324642 2.384 303 52 0 0 0
./complex_md-fit_869.pdb BC A 6.62066 37.7714 -20.1769 -6.56993 -17.0431 -24.4558 -0.728343 38.6115 -24.2743 4.34393 7.41859 1.79198 0 0 0 0.68716 3.3587 0.0243586 0 0 0 0 0.0170768 2.384 303 53 0 0 0
./complex_md-fit_86.pdb BC A 6.60609 31.266 -15.7368 -4.47034 -13.7179 -21.3369 -0.809927 35.0455 -21.7822 2.00197 7.81633 1.45065 0 0 0 0.0820567 2.3491 -0.0161026 0 0 0 0 0 2.384 303 52 0 0 0
./complex_md-fit_870.pdb BC A 7.58301 39.671 -11.3361 -5.0972 -14.5566 -24.3394 -0.726149 41.3267 -24.2883 4.61359 8.52614 2.94609 0 0 0 0.257016 3.10591 5.55112e-17 0 0 0 0 0.0019994 2.384 303 51 2 2 0
./complex_md-fit_871.pdb BC A 8.47632 39.6835 -17.6867 -7.20819 -15.3318 -23.7353 -0.58745 39.2335 -23.386 3.13167 7.02101 2.81089 0 0 0 0.318219 2.41764 0.0245544 0 0 0 0 0.0222565 2.384 303 51 0 0 0
./complex_md-fit_872.pdb BC A 6.9052 33.2724 -9.69653 -3.42204 -13.728 -22.7665 -0.603647 38.6376 -22.1687 5.35536 6.85312 1.64386 0 0 0 0.488506 2.67679 -1.11022e-16 0 0 0 0 0.0138176 2.384 303 53 2 2 0
./complex_md-fit_873.pdb BC A 8.58718 32.4509 -8.71918 -2.88962 -14.2043 -21.3899 -0.622257 36.2786 -21.0749 6.04072 6.28811 2.23673 0 0 0 0.612975 2.28345 0 0 0 0 0 0.00468639 2.384 303 54 1 1 0
./complex_md-fit_874.pdb BC A 8.16823 36.7198 -12.7557 -4.7913 -15.823 -22.2665 -0.563465 38.2269 -21.8305 4.2758 7.49237 2.05822 0 0 0 0.419407 3.06105 0 0 0 0 0 0.0462572 2.384 303 50 0 0 0
./complex_md-fit_875.pdb BC A 7.64885 34.2313 -8.30429 -2.95694 -17.1947 -22.7955 -0.598864 40.6117 -22.299 6.05774 8.33544 2.19757 0 0 0 0.336859 3.39266 0 0 0 0 0 0.00152521 2.384 303 50 1 1 0
./complex_md-fit_876.pdb BC A 6.5801 27.5783 -8.56365 -3.18761 -15.3992 -22.1676 -0.4893 39.8389 -21.5024 4.7816 6.81929 2.36202 0 0 0 0.373779 2.12965 0 0 0 0 0 0.00692574 2.384 303 51 0 0 0
./complex_md-fit_877.pdb BC A 7.4911 33.7818 -13.6804 -2.31539 -12.4637 -21.1431 -0.532424 34.0291 -20.8924 3.48279 4.50079 1.51007 0 0 0 0.143926 2.31199 1.11022e-16 0 0 0 0 0 2.384 303 48 0 0 0
./complex_md-fit_878.pdb BC A 8.85025 36.185 -17.0977 -6.57253 -15.4472 -24.1191 -0.442963 39.6653 -23.8325 3.79171 6.95719 2.50419 0 0 0 0.378137 2.81595 0 0 0 0 0 0.0201932 2.384 303 54 0 0 0
./complex_md-fit_879.pdb BC A 9.25203 43.0236 -18.5797 -5.18547 -15.8113 -21.9929 -0.605646 35.6359 -21.5832 3.09415 5.10722 2.53816 0 0 0 0.214155 2.29334 0 0 0 0 0 0.00916755 2.384 303 52 0 0 0
./complex_md-fit_87.pdb BC A 9.05771 37.8924 -10.3802 -4.30718 -9.89633 -20.246 -0.644366 33.3211 -20.7058 2.85067 6.30482 2.2744 0 0 0 0.668519 2.06632 0 0 0 0 0 0 2.384 303 52 0 0 0
./complex_md-fit_880.pdb BC A 6.67087 37.302 -17.2226 -5.6915 -16.8393 -21.2917 -0.764827 35.7444 -20.7266 3.86315 6.83477 1.4051 0 0 0 0.222541 2.27998 -5.55112e-17 0 0 0 0 0.0213751 2.384 303 55 0 0 0
./complex_md-fit_881.pdb BC A 7.81495 28.598 -19.4401 -6.77452 -15.9893 -22.4496 -0.858496 37.5115 -22.6152 3.03769 7.45438 1.08958 0 0 0 0.136698 2.42426 1.38778e-17 0 0 0 0 0.0171434 2.384 303 53 1 1 0
./complex_md-fit_882.pdb BC A 6.44716 36.1928 -15.7354 -4.74265 -14.6206 -21.2824 -0.785296 36.1906 -20.9735 2.38058 6.52075 1.20677 0 0 0 0.358251 2.55888 0 0 0 0 0 0.0121849 2.384 303 52 0 0 0
./complex_md-fit_883.pdb BC A 6.20772 31.5482 -7.98052 -4.47276 -11.3113 -22.9202 -0.685639 38.9159 -22.245 5.71021 6.86004 1.8935 0 0 0 0.274776 2.83141 -1.38778e-17 0 0 0 0 0 2.384 303 54 1 1 0
./complex_md-fit_884.pdb BC A 8.44143 31.3152 -16.4472 -6.37628 -14.986 -23.5711 -0.607314 39.9743 -23.3456 2.31281 7.23297 2.64673 0 0 0 0.245916 2.21487 0 0 0 0 0 0.0263231 2.384 303 53 0 0 0
./complex_md-fit_885.pdb BC A 12.2883 33.768 -16.2336 -7.26164 -16.7077 -23.2735 -0.549323 39.516 -22.7198 3.35801 8.09398 2.74896 0 0 0 0.535041 2.46748 0 0 0 0 0 0.0263332 2.384 303 54 0 0 0
./complex_md-fit_886.pdb BC A 6.59926 37.7132 -15.2693 -5.42203 -13.7025 -22.2119 -0.630778 36.1077 -22.1409 2.93335 6.67945 2.31235 0 0 0 0.784978 2.49416 0 0 0 0 0 0.0209691 2.384 303 53 0 0 0
./complex_md-fit_887.pdb BC A 7.51303 34.7548 -11.2721 -4.86303 -13.384 -22.314 -0.58941 37.7335 -22.2051 4.41418 7.69379 1.92309 0 0 0 0.305607 2.29899 -2.77556e-17 0 0 0 0 0.0132791 2.384 303 52 0 0 0
./complex_md-fit_888.pdb BC A 7.57064 33.7107 -16.8286 -5.18161 -14.623 -21.1258 -0.512781 34.1521 -20.7014 3.56111 6.30446 1.00737 0 0 0 0.285992 2.12372 0 0 0 0 0 0.00482726 2.384 303 53 0 0 0
./complex_md-fit_889.pdb BC A 6.37401 32.8755 -12.1863 -3.61622 -13.9255 -21.9206 -0.533625 36.487 -21.4323 3.09335 6.20781 2.95606 0 0 0 0.467656 2.17415 0 0 0 0 0 0.0300498 2.384 303 52 0 0 0
./complex_md-fit_88.pdb BC A 7.82572 34.1002 -9.79018 -2.42563 -9.20137 -19.205 -0.733986 31.3822 -19.5886 2.83657 5.78246 1.26127 0 0 0 0.101963 1.73909 0 0 0 0 0 0 2.384 303 47 0 0 0
./complex_md-fit_890.pdb BC A 7.56229 36.4679 -11.5557 -4.53714 -15.1899 -22.1789 -0.822688 38.3889 -21.2035 4.27033 5.48261 2.30929 0 0 0 1.91142 2.20179 0 0 0 0 0 0.0140303 2.384 303 56 1 1 0
./complex_md-fit_891.pdb BC A 7.31924 35.8463 -13.4002 -4.70115 -16.7656 -23.7775 -0.599637 40.7245 -23.3658 3.99185 8.13641 2.59832 0 0 0 0.299701 2.42999 1.11022e-16 0 0 0 0 0.0586285 2.384 303 55 0 0 0
./complex_md-fit_892.pdb BC A 8.85115 38.2782 -15.9009 -6.28545 -16.1733 -23.9344 -0.857337 40.8704 -23.7988 3.8795 8.19563 1.51142 0 0 0 0.64754 2.18173 0.0229641 0 0 0 0 0.021002 2.384 303 51 0 0 0
./complex_md-fit_893.pdb BC A 7.63116 33.7668 -20.8257 -7.52398 -19.2298 -23.7955 -0.62329 40.326 -23.396 2.59325 8.54986 2.03857 0 0 0 0.207586 2.86089 0.0206528 0 0 0 0 0.00702744 2.384 303 54 0 0 0
./complex_md-fit_894.pdb BC A 8.14699 42.045 -8.75895 -5.03472 -14.0321 -22.3429 -0.56393 37.5295 -21.5935 7.65025 7.3348 1.53594 0 0 0 0.745515 2.42309 -0.0104835 0 0 0 0 0.0226711 2.384 303 49 0 0 0
./complex_md-fit_895.pdb BC A 6.15819 37.1387 -5.61995 -4.69039 -13.9138 -24.2385 -0.592661 41.8766 -23.7963 7.5045 8.0065 3.43838 0 0 0 0.785752 2.77449 0 0 0 0 0 0 2.384 303 52 1 1 0
./complex_md-fit_896.pdb BC A 8.07287 30.7982 -12.4578 -5.7796 -16.3791 -24.2082 -0.690587 40.5234 -23.8282 7.17553 8.57714 1.26166 0 0 0 0.854845 2.31168 0.0124589 0 0 0 0 0.0227855 2.384 303 50 1 1 0
./complex_md-fit_897.pdb BC A 7.34709 36.7926 -7.36281 -4.39689 -14.5404 -24.049 -0.712599 41.1658 -23.4207 8.23154 7.83897 2.12555 0 0 0 0.37648 2.76402 0 0 0 0 0 0.0184371 2.384 303 52 1 1 0
./complex_md-fit_898.pdb BC A 7.65709 30.6301 -19.444 -6.85038 -18.815 -23.3156 -0.543654 39.0103 -22.6623 4.40969 7.67115 1.40304 0 0 0 0.237383 2.41838 0 0 0 0 0 0.0114751 2.384 303 53 1 1 0
./complex_md-fit_899.pdb BC A 8.80434 30.6658 -17.8748 -9.15103 -18.6963 -24.1282 -0.705454 41.6859 -23.4662 4.11651 9.11644 3.07483 0 0 0 0.210555 2.4758 1.11022e-16 0 0 0 0 0.0681335 2.384 303 56 0 0 0
./complex_md-fit_89.pdb BC A 7.62363 37.068 -7.67194 -5.01282 -10.2371 -19.6842 -0.791442 33.2564 -20.0726 5.6568 6.77751 2.36998 0 0 0 0.0723838 2.14898 -0.00679206 0 0 0 0 0 2.384 303 51 1 1 0
./complex_md-fit_8.pdb BC A 9.16726 35.5491 -8.5881 -3.67952 -9.94985 -19.9387 -0.688882 32.1016 -20.9659 4.20559 7.02967 3.05328 0 0 0 0.244588 2.03669 0 0 0 0 0 0 2.384 303 49 0 0 0
./complex_md-fit_900.pdb BC A 7.12125 37.9376 -22.2016 -6.93191 -19.2336 -24.5793 -0.598797 39.6201 -23.9754 1.95533 8.63412 1.92666 0 0 0 0.937941 3.17476 0.0192193 0 0 0 0 0.0240801 2.384 303 51 0 0 0
./complex_md-fit_901.pdb BC A 7.15779 33.1399 -13.6512 -4.89703 -14.266 -24.8788 -0.540873 40.5673 -25.1011 4.79236 8.05839 2.17239 0 0 0 0.442182 2.74097 0 0 0 0 0 0 2.384 303 53 0 0 0
./complex_md-fit_902.pdb BC A 7.87507 37.9998 -20.696 -6.41653 -18.7145 -22.853 -0.490673 37.4746 -22.5834 3.16663 7.62672 1.43996 0 0 0 0.654154 2.50439 0 0 0 0 0 0 2.384 303 50 0 0 0
./complex_md-fit_903.pdb BC A 6.14087 38.3438 -18.2155 -8.39017 -17.6565 -24.8875 -0.78942 41.7149 -24.1931 4.63459 8.92276 1.92855 0 0 0 0.454489 3.03125 0 0 0 0 0 0.0458156 2.384 303 54 0 0 0
./complex_md-fit_904.pdb BC A 7.53573 39.2446 -13.613 -5.66865 -17.058 -23.4501 -0.755869 39.0468 -22.8408 4.22097 9.03766 3.48923 0 0 0 0.318214 2.55363 0.00618814 0 0 0 0 0.0413771 2.384 303 53 0 0 0
./complex_md-fit_905.pdb BC A 7.15891 43.4917 -24.393 -8.68153 -18.4035 -24.5431 -0.594027 38.3362 -24.3693 1.78924 8.17704 3.5524 0 0 0 0.277266 2.48159 0.0110492 0 0 0 0 0.0553223 2.384 303 53 0 0 0
./complex_md-fit_906.pdb BC A 7.25841 35.5328 -19.596 -6.54575 -18.4817 -23.0217 -0.558525 37.8859 -22.9808 4.59655 7.37682 1.92659 0 0 0 0.179723 3.2582 0 0 0 0 0 0.0269547 2.384 303 52 0 0 0
./complex_md-fit_907.pdb BC A 7.08296 32.3832 -14.0799 -6.649 -15.3036 -23.7596 -0.501879 39.6188 -23.2151 6.03999 7.22812 2.19957 0 0 0 0.218767 2.52625 1.11022e-16 0 0 0 0 0.0440399 2.384 303 52 0 0 0
./complex_md-fit_908.pdb BC A 6.96624 31.9805 -8.43261 -4.46976 -14.357 -23.6215 -0.568197 39.7753 -23.4923 9.06438 7.04836 1.61312 0 0 0 0.57494 2.95087 0 0 0 0 0 0 2.384 303 54 2 2 0
./complex_md-fit_909.pdb BC A 7.69594 37.7531 -18.8374 -6.54106 -17.6712 -22.9629 -0.648074 38.0013 -22.6572 2.39553 9.06073 1.88031 0 0 0 0.228374 2.44153 0.0222573 0 0 0 0 0.0544327 2.384 303 50 0 0 0
./complex_md-fit_90.pdb BC A 9.64394 39.3466 -12.2601 -4.49315 -11.6591 -20.7898 -0.60528 32.6131 -21.6372 4.32742 6.73387 3.00701 0 0 0 0.252214 2.25867 -0.00924482 0 0 0 0 0 2.384 303 53 0 0 0
./complex_md-fit_910.pdb BC A 7.46748 34.7898 -10.9029 -5.93992 -15.4096 -23.4723 -0.454202 40.0323 -23.0059 5.34157 7.64301 3.7995 0 0 0 0.498371 2.54201 0 0 0 0 0 0.064213 2.384 303 51 0 0 0
./complex_md-fit_911.pdb BC A 6.63844 34.9036 -18.2035 -7.52326 -18.3856 -23.2959 -0.696695 39.3874 -22.9956 3.90887 8.9943 1.87236 0 0 0 0.454258 2.69412 0.0197413 0 0 0 0 0.0566813 2.384 303 55 0 0 0
./complex_md-fit_912.pdb BC A 8.70537 43.8071 -9.63585 -6.6969 -16.8284 -24.7134 -0.701948 42.667 -24.2362 7.65632 9.38369 3.17668 0 0 0 0.616085 2.62146 0 0 0 0 0 0.041223 2.384 303 51 1 1 0
./complex_md-fit_913.pdb BC A 7.36612 36.6821 -25.5196 -9.0326 -20.8534 -23.0736 -0.780808 36.8061 -22.6982 3.28922 8.71471 1.89525 0 0 0 0.16732 2.73592 0 0 0 0 0 0.0463432 2.384 303 54 0 0 0
./complex_md-fit_914.pdb BC A 7.50747 37.7752 -8.72165 -5.71199 -12.4705 -23.1446 -0.526606 40.6025 -22.4545 4.80277 7.76103 1.83707 0 0 0 0.539303 2.71044 0.0239105 0 0 0 0 0.020016 2.384 303 52 0 0 0
./complex_md-fit_915.pdb BC A 8.21659 35.3414 -19.3316 -7.63384 -16.4524 -24.2134 -0.591973 40.2645 -24.1628 3.07586 7.91073 1.98299 0 0 0 0.455253 3.27752 0 0 0 0 0 0.0333888 2.384 303 52 0 0 0
./complex_md-fit_916.pdb BC A 8.33931 38.3316 -14.4463 -6.51541 -15.6663 -24.0061 -0.657207 39.4719 -23.9322 4.81542 8.15219 3.60075 0 0 0 0.232328 3.00426 1.11022e-16 0 0 0 0 0.0583676 2.384 303 50 2 2 0
./complex_md-fit_917.pdb BC A 7.08891 30.5408 -14.312 -6.41533 -15.8634 -24.7184 -0.626648 41.7513 -24.5555 5.04901 8.53919 1.61702 0 0 0 0.872335 3.04246 0.0150501 0 0 0 0 0.023381 2.384 303 53 0 0 0
./complex_md-fit_918.pdb BC A 7.31624 37.0602 -11.8509 -6.90347 -14.7751 -22.7816 -0.67945 38.748 -22.1783 6.20347 8.01793 2.23231 0 0 0 0.219098 1.9957 0 0 0 0 0 0.0463164 2.384 303 50 1 1 0
./complex_md-fit_919.pdb BC A 8.62418 31.6353 -13.0561 -4.65581 -16.75 -24.36 -0.469052 42.269 -24.36 4.20738 7.56189 3.20617 0 0 0 0.294459 2.95065 5.55112e-17 0 0 0 0 0 2.384 303 54 0 0 0
./complex_md-fit_91.pdb BC A 6.08139 33.1939 -14.6469 -5.05381 -12.1529 -21.4097 -0.727488 34.7969 -21.6369 2.71692 6.93514 1.69745 0 0 0 0.121522 2.40144 -0.0320959 0 0 0 0 0.0980325 2.384 303 49 0 0 0
./complex_md-fit_920.pdb BC A 8.11045 37.6896 -6.83127 -4.09377 -13.109 -24.6305 -0.516521 41.9753 -24.3952 7.35282 7.80472 2.46928 0 0 0 0.321237 2.63392 -0.00970733 0 0 0 0 0 2.384 303 54 2 2 0
./complex_md-fit_921.pdb BC A 8.73954 35.1671 -10.5101 -6.13865 -17.0913 -22.4778 -0.932377 40.6995 -21.5233 4.97317 9.67502 1.62646 0 0 0 0.656826 3.37349 -1.11022e-16 0 0 0 0 0.0223302 2.384 303 51 0 0 0
./complex_md-fit_922.pdb BC A 6.44361 37.3872 -10.5215 -3.6749 -16.6661 -22.7324 -0.660475 39.2962 -21.4637 5.01321 7.72276 2.51716 0 0 0 0.110762 2.68714 -0.0103819 0 0 0 0 0.0262386 2.384 303 53 0 0 0
./complex_md-fit_923.pdb BC A 8.4586 36.5 -7.17682 -3.36337 -15.9767 -23.247 -0.689887 40.9668 -22.5879 7.18573 8.31347 1.57082 0 0 0 0.655794 2.36949 -0.00915745 0 0 0 0 0.00449419 2.384 303 51 1 1 0
./complex_md-fit_924.pdb BC A 7.01328 39.3679 -5.83509 -3.48032 -15.5434 -24.0863 -0.57827 43.5857 -23.1694 8.18453 7.68874 1.17791 0 0 0 0.385677 2.91154 0 0 0 0 0 0 2.384 303 55 1 1 0
./complex_md-fit_925.pdb BC A 8.51216 32.8218 -8.31876 -3.21748 -15.68 -22.5723 -0.720273 41.305 -21.305 5.21889 6.91066 1.51445 0 0 0 0.196455 2.51888 0.0194981 0 0 0 0 0.0113901 2.384 303 51 0 0 0
./complex_md-fit_926.pdb BC A 6.86976 36.6753 -9.06654 -3.62125 -16.3361 -23.5067 -0.913772 42.8366 -22.8528 4.14704 8.71853 1.71833 0 0 0 0.755209 2.58564 -0.0114756 0 0 0 0 0 2.384 303 53 0 0 0
./complex_md-fit_927.pdb BC A 8.19029 32.1082 -17.7015 -5.88114 -15.8624 -23.3781 -0.579079 38.1642 -23.427 4.36449 6.00914 2.09361 0 0 0 0.778177 2.39961 0 0 0 0 0 0.0165969 2.384 303 53 0 0 0
./complex_md-fit_928.pdb BC A 8.63134 45.9427 -15.4452 -5.28258 -15.4871 -23.4422 -0.677706 40.3475 -23.3385 4.28311 6.61432 1.09629 0 0 0 0.441668 2.50356 0 0 0 0 0 0 2.384 303 57 0 0 0
./complex_md-fit_929.pdb BC A 8.07509 29.0563 -11.9103 -5.6611 -14.4559 -23.661 -0.65151 39.2503 -23.3324 6.72118 7.49593 2.11637 0 0 0 0.219181 2.87408 0.0265712 0 0 0 0 0.0219971 2.384 303 49 1 1 0
./complex_md-fit_92.pdb BC A 7.98271 31.6981 -11.4194 -3.41558 -11.2343 -21.0138 -0.961443 34.4464 -21.6826 3.69421 6.09137 2.2589 0 0 0 0.368861 2.42311 0.0284849 0 0 0 0 0 2.384 303 51 0 0 0
./complex_md-fit_930.pdb BC A 7.41607 27.5969 -20.4147 -5.80295 -15.0864 -23.571 -0.515218 37.3323 -23.7709 1.90086 6.7052 1.99287 0 0 0 0.40003 3.2535 0 0 0 0 0 0.000558008 2.384 303 53 0 0 0
./complex_md-fit_931.pdb BC A 7.16243 39.4531 -19.5627 -7.99662 -17.1835 -24.0974 -0.616599 39.5823 -23.9868 2.78523 9.47307 2.30556 0 0 0 0.141371 3.10821 0 0 0 0 0 0.030804 2.384 303 51 0 0 0
./complex_md-fit_932.pdb BC A 6.10681 42.6423 -11.7167 -4.16458 -15.862 -23.5698 -0.601833 40.1578 -22.2433 5.33397 6.49167 1.9958 0 0 0 0.745551 2.90218 0 0 0 0 0 0 2.384 303 53 0 0 0
./complex_md-fit_933.pdb BC A 7.58333 38.2777 -17.1413 -6.60479 -15.3934 -23.6954 -0.685924 38.4535 -23.1331 4.17683 7.00266 1.76944 0 0 0 0.93867 2.74608 0.0270552 0 0 0 0 0.00324461 2.384 303 54 0 0 0
./complex_md-fit_934.pdb BC A 6.27416 31.1993 -16.6553 -7.98639 -16.7134 -24.0728 -0.792066 41.0908 -23.0209 3.33605 8.85966 2.39308 0 0 0 0.156237 2.30204 0.0944715 0 0 0 0 0 2.384 303 51 0 0 0
./complex_md-fit_935.pdb BC A 8.70763 29.5418 -12.3718 -5.41563 -12.6335 -25.0889 -0.446708 42.5073 -24.7109 3.34406 7.87657 1.79905 0 0 0 0.353743 2.57534 0.0194299 0 0 0 0 0.0237291 2.384 303 54 0 0 0
./complex_md-fit_936.pdb BC A 7.21427 27.9678 -15.3859 -6.84865 -15.8482 -25.0271 -0.770629 42.2849 -24.9455 6.00176 7.43136 2.14914 0 0 0 0.151513 2.58546 0 0 0 0 0 0.0355638 2.384 303 54 0 0 0
./complex_md-fit_937.pdb BC A 7.86985 31.0652 -11.544 -6.31303 -15.4157 -23.0135 -0.762248 39.7762 -22.1915 5.42734 8.04651 2.48907 0 0 0 0.300205 2.22253 0.0711047 0 0 0 0 0.0415408 2.384 303 54 1 1 0
./complex_md-fit_938.pdb BC A 6.55731 31.6094 -6.99758 -4.76947 -13.2041 -24.2705 -0.878845 43.8874 -23.4434 5.35514 8.56886 1.30917 0 0 0 0.421358 2.16833 0 0 0 0 0 0.0267881 2.384 303 56 0 0 0
./complex_md-fit_939.pdb BC A 7.98481 44.2452 -19.3883 -6.42115 -16.757 -23.2909 -0.522162 37.196 -23.2721 2.91317 7.00755 3.29044 0 0 0 0.449604 2.71846 0 0 0 0 0 0.0183596 2.384 303 51 0 0 0
./complex_md-fit_93.pdb BC A 7.12963 32.3549 -11.2788 -3.50304 -13.8292 -20.4821 -0.960918 34.2762 -20.6277 3.47991 6.95852 2.88718 0 0 0 0.523003 2.23466 -0.00781356 0 0 0 0 0.00715533 2.384 303 52 0 0 0
./complex_md-fit_940.pdb BC A 6.27357 32.2392 -6.50286 -4.55296 -11.8984 -24.3014 -0.447534 43.8797 -23.5081 4.7971 7.66943 1.70655 0 0 0 0.152765 2.69682 0 0 0 0 0 0 2.384 303 58 0 0 0
./complex_md-fit_941.pdb BC A 5.70885 38.0389 -11.4529 -7.57821 -14.0557 -25.1853 -0.40827 43.1856 -24.6305 7.05414 7.94109 1.9058 0 0 0 0.2897 2.79691 0.0209345 0 0 0 0 0.00785662 2.384 303 51 1 1 0
./complex_md-fit_942.pdb BC A 9.61291 28.0236 -12.4736 -6.09307 -18.0525 -25.0586 -0.583167 42.5045 -24.5787 6.57789 10.5703 2.05565 0 0 0 0.185844 2.44762 -0.0104994 0 0 0 0 0.00866515 2.384 303 49 0 0 0
./complex_md-fit_943.pdb BC A 7.31089 30.4135 -10.966 -5.35775 -20.7826 -25.3495 -0.682549 45.8963 -23.7884 6.45236 10.7157 1.66669 0 0 0 0.24828 2.7717 -0.0117586 0 0 0 0 0.0271734 2.384 303 56 0 0 0
./complex_md-fit_944.pdb BC A 7.71464 30.6415 -11.0921 -5.39497 -20.5962 -24.8716 -0.640376 44.7721 -23.557 8.20598 8.54898 1.87348 0 0 0 0.48381 2.52496 0.0836487 0 0 0 0 0 2.384 303 54 1 1 0
./complex_md-fit_945.pdb BC A 9.59531 32.4813 -8.35784 -4.40281 -17.4789 -25.9067 -0.451271 46.1838 -24.6328 6.59207 7.81541 2.88255 0 0 0 0.963855 3.07818 -5.55112e-17 0 0 0 0 0.0770372 2.384 303 54 1 1 0
./complex_md-fit_946.pdb BC A 6.39041 29.8968 -11.185 -5.33986 -16.687 -23.5218 -0.618297 40.6768 -22.6061 4.52517 9.24679 2.74955 0 0 0 0.376045 2.45441 -0.0124358 0 0 0 0 0.0260604 2.384 303 54 0 0 0
./complex_md-fit_947.pdb BC A 6.64097 36.4491 -10.6534 -4.00582 -17.5478 -23.1001 -0.651663 38.5882 -21.7754 8.094 8.05077 1.37004 0 0 0 0.324268 2.78279 0 0 0 0 0 0 2.384 303 51 2 2 0
./complex_md-fit_948.pdb BC A 7.64942 31.9081 -16.0691 -4.06494 -17.4056 -21.3732 -0.791727 34.8929 -20.8693 4.44435 6.85473 1.51115 0 0 0 0.72126 2.68965 1.11022e-16 0 0 0 0 0.0113757 2.384 303 51 0 0 0
./complex_md-fit_949.pdb BC A 8.15784 36.9321 -10.5758 -3.50281 -15.0452 -23.0986 -0.656184 39.2957 -22.4217 6.85646 5.26154 2.26285 0 0 0 0.468635 2.58875 -0.0108896 0 0 0 0 0.0143198 2.384 303 54 2 2 0
./complex_md-fit_94.pdb BC A 10.3782 32.0628 -5.44813 -3.55809 -9.1611 -19.5366 -0.76745 32.8204 -19.4413 5.09365 5.50898 3.12233 0 0 0 0.478571 1.95168 -0.00747318 0 0 0 0 0 2.384 303 47 1 1 0
./complex_md-fit_950.pdb BC A 6.77863 29.4974 -5.53545 -6.14534 -10.5452 -23.5245 -0.582196 40.2935 -23.0837 7.95768 7.16662 2.64225 0 0 0 0.289294 3.10797 -0.0107603 0 0 0 0 0.0068688 2.384 303 55 1 1 0
./complex_md-fit_951.pdb BC A 7.53648 42.9902 -13.7826 -7.61585 -14.4454 -24.5314 -0.777794 40.6487 -24.6106 6.70264 8.26842 2.29934 0 0 0 0.275059 2.54787 -0.0147895 0 0 0 0 0.0190062 2.384 303 54 2 2 0
./complex_md-fit_952.pdb BC A 7.69605 42.9656 -15.5244 -6.73061 -17.6397 -24.5753 -0.756662 41.913 -23.9342 4.63356 9.05596 2.21782 0 0 0 0.291705 2.79495 0 0 0 0 0 0 2.384 303 55 0 0 0
./complex_md-fit_953.pdb BC A 10.9247 38.9712 -12.779 -5.56023 -16.8003 -23.969 -0.510472 41.2118 -23.665 6.48315 7.85229 1.90121 0 0 0 0.162369 2.88196 0.0733529 0 0 0 0 0.041827 2.384 303 57 1 1 0
./complex_md-fit_954.pdb BC A 8.2234 28.2665 -15.272 -4.39169 -14.4384 -21.587 -0.415508 35.4106 -21.2318 3.88554 5.63579 1.53504 0 0 0 0.252854 2.45017 0.0689177 0 0 0 0 0.00368718 2.384 303 53 0 0 0
./complex_md-fit_955.pdb BC A 7.86867 38.9338 -3.1049 -4.30316 -11.5292 -22.7968 -0.589853 40.6882 -22.0699 6.23779 9.1096 1.97444 0 0 0 0.148224 2.27839 0.00742999 0 0 0 0 0.0182773 2.384 303 55 0 0 0
./complex_md-fit_956.pdb BC A 7.17321 35.5374 -7.15134 -5.19394 -13.3024 -23.6402 -0.590239 41.1889 -23.1745 8.41675 7.16212 1.50383 0 0 0 0.440777 2.50967 0.0222166 0 0 0 0 0.0154399 2.384 303 54 1 1 0
./complex_md-fit_957.pdb BC A 6.76832 33.7126 -12.3337 -5.27877 -13.9032 -23.9139 -0.753096 40.0567 -23.2057 4.26948 7.71124 2.30913 0 0 0 0.348837 2.10645 0 0 0 0 0 0.0255877 2.384 303 56 0 0 0
./complex_md-fit_958.pdb BC A 7.36442 34.2451 -17.9692 -5.8273 -20.9297 -22.8365 -0.659189 39.3638 -21.8303 4.4199 8.18604 1.85522 0 0 0 0.288701 2.62124 -0.0104462 0 0 0 0 0.0106214 2.384 303 50 0 0 0
./complex_md-fit_959.pdb BC A 6.11873 36.6523 -18.7385 -5.58299 -16.8811 -23.4482 -0.707268 39.4804 -22.9231 2.35928 7.09776 1.59422 0 0 0 0.262172 2.52169 -0.00947914 0 0 0 0 0.0198022 2.384 303 56 0 0 0
./complex_md-fit_95.pdb BC A 7.45262 35.1346 -8.66087 -3.75759 -9.59912 -18.6303 -0.848951 32.2438 -18.7569 2.85543 6.16517 1.35823 0 0 0 0.304115 1.75335 0 0 0 0 0 0.00523062 2.384 303 48 0 0 0
./complex_md-fit_960.pdb BC A 5.99357 39.7036 -16.2398 -5.48602 -16.0403 -23.0374 -0.649316 39.7727 -22.2216 3.021 6.80478 1.21144 0 0 0 0.227013 2.52733 0.0999702 0 0 0 0 0.0579986 2.384 303 56 0 0 0
./complex_md-fit_961.pdb BC A 8.12366 41.5952 -18.2241 -6.57304 -15.9506 -24.5025 -0.656977 41.1703 -24.2054 5.5624 6.55712 -0.568099 0 0 0 0.900817 2.38073 0 0 0 0 0 0.0420056 2.384 303 51 0 0 0
./complex_md-fit_962.pdb BC A 8.73994 33.7044 -16.5266 -6.73527 -16.8512 -24.6504 -0.830223 41.9265 -24.1621 3.61497 9.31569 1.61772 0 0 0 0.197931 2.63371 -0.00936652 0 0 0 0 0.0391931 2.384 303 53 0 0 0
./complex_md-fit_963.pdb BC A 6.02405 39.9099 -12.7793 -5.58287 -15.1558 -25.5234 -0.596385 42.824 -25.584 6.53744 7.63956 2.14253 0 0 0 0.491122 2.93192 0.0222701 0 0 0 0 0.00616 2.384 303 56 1 1 0
./complex_md-fit_964.pdb BC A 9.63597 45.9674 -22.4231 -7.6398 -19.0021 -24.8665 -0.873293 42.7237 -24.477 3.78283 6.09909 1.2587 0 0 0 0.515209 2.87045 0.0203856 0 0 0 0 0.035745 2.384 303 52 0 0 0
./complex_md-fit_965.pdb BC A 5.68463 30.6986 -14.7793 -6.26962 -16.2651 -25.5714 -0.823624 42.7687 -25.054 4.96988 9.17245 1.86704 0 0 0 0.383947 3.06065 0 0 0 0 0 0.0423952 2.384 303 57 1 1 0
./complex_md-fit_966.pdb BC A 7.54702 34.8876 -14.1075 -6.93821 -13.9662 -24.1577 -0.534164 40.1512 -23.9395 2.15098 8.91738 3.76585 0 0 0 0.412659 2.4247 0 0 0 0 0 0.0302776 2.384 303 53 0 0 0
./complex_md-fit_967.pdb BC A 6.15919 35.5755 -17.0216 -7.70196 -18.3233 -24.3557 -0.653376 41.1574 -24.263 3.87766 9.80935 3.1009 0 0 0 0.312733 2.8543 -0.0125236 0 0 0 0 0.0302235 2.384 303 55 0 0 0
./complex_md-fit_968.pdb BC A 8.1207 36.9045 -13.7333 -6.32729 -15.5716 -24.443 -0.812853 41.4222 -23.6235 5.5213 7.77558 2.15268 0 0 0 0.157225 2.77399 -0.0114558 0 0 0 0 0.0273976 2.384 303 55 0 0 0
./complex_md-fit_969.pdb BC A 9.07091 30.0965 -8.24107 -3.67688 -12.165 -24.3465 -0.622927 42.0112 -24.3797 6.69962 6.23689 1.73731 0 0 0 0.228154 3.00847 0.0226472 0 0 0 0 0.0140817 2.384 303 53 0 0 0
./complex_md-fit_96.pdb BC A 8.91114 29.9234 -7.34386 -2.07969 -6.28051 -18.854 -0.517111 30.4543 -19.3364 2.18916 4.37124 2.40646 0 0 0 0.315118 1.74664 -0.0124035 0 0 0 0 0 2.384 303 49 0 0 0
./complex_md-fit_970.pdb BC A 7.40084 29.9569 -16.8673 -7.88391 -18.0766 -23.4388 -0.602301 41.5418 -23.0393 3.91228 7.89645 2.49653 0 0 0 0.274412 2.55758 0.0191181 0 0 0 0 0.0331223 2.384 303 54 0 0 0
./complex_md-fit_971.pdb BC A 8.10962 26.409 -14.5082 -5.84513 -16.7646 -22.5378 -0.453164 39.3039 -21.8097 4.84107 8.21738 0.336876 0 0 0 0.19162 2.4738 -5.55112e-17 0 0 0 0 0.0112332 2.384 303 52 1 1 0
./complex_md-fit_972.pdb BC A 8.63094 32.7398 -17.1045 -6.29037 -16.4204 -23.3471 -0.649224 38.6824 -23.2145 5.80722 7.46271 0.531472 0 0 0 0.285243 2.65668 0 0 0 0 0 0.0480517 2.384 303 54 1 1 0
./complex_md-fit_973.pdb BC A 8.11134 33.0818 -12.7323 -3.86506 -15.4242 -22.3384 -0.714749 37.8817 -21.7711 4.57201 6.90287 1.56118 0 0 0 0.423104 2.29344 0.0191703 0 0 0 0 0.0212555 2.384 303 54 1 1 0
./complex_md-fit_974.pdb BC A 7.77738 30.496 -14.0388 -4.76187 -15.5249 -24.0862 -0.698922 40.86 -24.1379 3.15838 8.32686 2.43193 0 0 0 0.343112 2.68732 0.0200256 0 0 0 0 0.0307273 2.384 303 54 0 0 0
./complex_md-fit_975.pdb BC A 5.98145 35.7931 -7.0337 -5.93012 -10.0006 -24.0686 -0.666008 41.5853 -24.0779 6.08235 7.57125 2.1357 0 0 0 0.311162 2.64216 0 0 0 0 0 0.0238667 2.384 303 57 1 1 0
./complex_md-fit_976.pdb BC A 8.25208 38.4268 -21.101 -8.04009 -17.3094 -23.5085 -0.612768 39.3125 -23.0895 1.76459 7.88183 2.23441 0 0 0 0.255852 2.42426 0 0 0 0 0 0.0100695 2.384 303 52 0 0 0
./complex_md-fit_977.pdb BC A 7.24511 34.3491 -13.5177 -6.41091 -14.5791 -23.8251 -0.774428 40.4861 -23.3288 3.84555 7.82664 2.85369 0 0 0 0.362051 3.41247 0 0 0 0 0 0.0266111 2.384 303 54 0 0 0
./complex_md-fit_978.pdb BC A 6.45515 34.5099 -15.4663 -5.89076 -13.8031 -24.4339 -0.504632 41.0288 -24.4051 3.79168 6.14116 2.21631 0 0 0 0.348382 2.70608 2.77556e-17 0 0 0 0 0.0448684 2.384 303 56 1 1 0
./complex_md-fit_979.pdb BC A 6.87013 35.0449 -8.35154 -5.46105 -12.5705 -22.9095 -0.782427 39.5272 -22.5948 6.2663 7.8898 1.89539 0 0 0 0.365781 2.70278 0 0 0 0 0 0.0222553 2.384 303 58 1 1 0
./complex_md-fit_97.pdb BC A 6.53107 28.0609 -14.0548 -3.8335 -11.8881 -19.5517 -0.706405 30.9093 -20.0229 2.23963 5.66851 2.44682 0 0 0 0.668995 2.62911 -0.0300162 0 0 0 0 0.0444318 2.384 303 52 0 0 0
./complex_md-fit_980.pdb BC A 7.02561 43.5694 -19.1789 -5.51431 -15.8253 -22.4321 -0.662968 36.3981 -22.2912 2.97927 6.55055 1.34752 0 0 0 0.217285 2.05305 0 0 0 0 0 0.0542316 2.384 303 49 0 0 0
./complex_md-fit_981.pdb BC A 7.38705 39.5455 -14.466 -6.27307 -15.2972 -24.9151 -0.800669 42.1859 -24.8251 6.25265 7.45613 1.4436 0 0 0 0.252886 3.06063 0.0109449 0 0 0 0 0.0431034 2.384 303 52 0 0 0
./complex_md-fit_982.pdb BC A 8.1463 30.1817 -19.3328 -6.55415 -17.7936 -25.1445 -0.656113 42.384 -24.9619 3.68878 7.79646 1.70623 0 0 0 0.16814 3.10206 -1.11022e-16 0 0 0 0 0.0339194 2.384 303 53 0 0 0
./complex_md-fit_983.pdb BC A 5.33676 33.7777 -12.8038 -6.78551 -15.0803 -24.7818 -0.677933 42.1103 -24.0972 4.9203 8.50657 2.81231 0 0 0 0.251819 3.98986 0 0 0 0 0 0.0175257 2.384 303 51 1 0 1
./complex_md-fit_984.pdb BC A 5.70121 33.1475 -15.4619 -6.17629 -18.8904 -24.0869 -0.787249 41.2075 -23.5932 6.02334 7.30317 3.06555 0 0 0 0.427524 2.85191 0 0 0 0 0 0.0451894 2.384 303 52 0 0 0
./complex_md-fit_985.pdb BC A 8.63867 31.9964 -18.899 -7.12529 -16.1972 -23.1932 -0.671635 39.7339 -22.702 2.16351 6.92901 1.99442 0 0 0 0.129425 2.37202 2.22045e-16 0 0 0 0 0.0400755 2.384 303 52 0 0 0
./complex_md-fit_986.pdb BC A 6.02561 33.039 -19.8425 -7.76074 -17.0766 -24.2274 -0.487544 39.2787 -23.6628 4.71508 8.15957 0.66163 0 0 0 0.472914 2.75062 0.0273712 0 0 0 0 0.0574027 2.384 303 50 1 1 0
./complex_md-fit_987.pdb BC A 7.4479 32.5344 -19.2382 -8.38932 -19.34 -25.5369 -0.743994 43.2947 -24.9069 5.01558 9.28025 1.6448 0 0 0 0.420488 3.61185 0 0 0 0 0 0.0230926 2.384 303 57 0 0 0
./complex_md-fit_988.pdb BC A 6.32913 31.982 -11.7619 -7.2523 -14.7055 -24.5849 -0.809526 41.5638 -24.0625 5.64588 9.76345 2.53668 0 0 0 0.123969 2.1293 -0.0110009 0 0 0 0 0.0301881 2.384 303 56 2 2 0
./complex_md-fit_989.pdb BC A 7.15121 27.0687 -14.1479 -5.96151 -13.0297 -24.6664 -0.570246 40.9821 -24.5011 5.07133 5.57167 2.70496 0 0 0 0.234189 2.88824 0 0 0 0 0 0.0168102 2.384 303 55 0 0 0
./complex_md-fit_98.pdb BC A 7.93492 32.0083 -11.5338 -5.57549 -9.20699 -19.8284 -0.630263 31.1613 -20.4951 3.99928 5.71367 2.89203 0 0 0 0.375401 2.12898 0 0 0 0 0 0.0608119 2.384 303 46 0 0 0
./complex_md-fit_990.pdb BC A 8.11446 34.7642 -15.9751 -6.09229 -19.7626 -23.5788 -0.755472 41.308 -22.9612 5.41161 8.51684 1.82966 0 0 0 0.0825325 2.7099 -0.0104304 0 0 0 0 0.0370256 2.384 303 53 0 0 0
./complex_md-fit_991.pdb BC A 7.92462 45.1776 -13.0014 -6.80858 -13.4119 -24.0741 -0.551389 40.0085 -23.9826 6.80644 6.41651 2.0459 0 0 0 0.509025 2.81372 0.0270947 0 0 0 0 0.0136808 2.384 303 55 1 1 0
./complex_md-fit_992.pdb BC A 11.0473 32.3153 -20.8957 -6.8594 -18.4397 -23.321 -0.533251 38.1383 -23.393 3.22573 7.6231 2.14777 0 0 0 0.464059 2.58302 0 0 0 0 0 0.0517692 2.384 303 50 0 0 0
./complex_md-fit_993.pdb BC A 6.38888 33.731 -19.5417 -7.80322 -18.5465 -23.9171 -0.698678 40.2723 -23.417 4.01479 7.96726 2.36818 0 0 0 0.172582 2.5363 0 0 0 0 0 0.045693 2.384 303 51 0 0 0
./complex_md-fit_994.pdb BC A 6.32335 30.5928 -11.2328 -6.12687 -12.962 -23.4698 -0.853529 39.6729 -22.8365 3.38644 9.2347 2.53032 0 0 0 0.171698 2.56072 -0.0155087 0 0 0 0 0.0353655 2.384 303 51 0 0 0
./complex_md-fit_995.pdb BC A 7.10677 32.1327 -16.9933 -6.06308 -14.923 -22.6945 -0.759578 37.6163 -22.7773 4.15361 8.23094 0.00540302 0 0 0 0.182753 2.61773 0 0 0 0 0 0.0351485 2.384 303 53 0 0 0
./complex_md-fit_996.pdb BC A 6.75706 34.4601 -15.4363 -7.68897 -15.2364 -25.1508 -0.859056 41.9125 -25.1096 5.88009 8.91384 1.59647 0 0 0 0.28503 3.1581 -1.11022e-16 0 0 0 0 0.0206191 2.384 303 53 0 0 0
./complex_md-fit_997.pdb BC A 7.38201 37.7789 -20.0922 -6.9294 -20.1507 -24.0614 -0.826709 39.3522 -23.4663 3.31652 8.50441 2.78622 0 0 0 1.365 2.61768 -0.0133948 0 0 0 0 0.0313538 2.384 303 55 0 0 0
./complex_md-fit_998.pdb BC A 7.83913 32.6854 -19.9605 -8.07423 -17.8267 -24.479 -0.767695 40.0653 -24.2109 4.45854 8.53616 1.43949 0 0 0 0.84928 3.07533 0 0 0 0 0 0.049223 2.384 303 52 0 0 0
./complex_md-fit_999.pdb BC A 8.69868 34.8894 -11.555 -6.19599 -12.0648 -22.4236 -0.768248 38.8451 -22.6762 4.02436 7.26168 2.09819 0 0 0 0.309557 2.44504 6.93889e-18 0 0 0 0 0.0348603 2.384 303 56 0 0 0
./complex_md-fit_99.pdb BC A 8.16604 41.3259 -12.0336 -4.65677 -11.9824 -20.3381 -0.712941 33.788 -20.6121 3.41834 7.22252 1.67321 0 0 0 0.178454 2.119 -0.0117329 0 0 0 0 0 2.384 303 53 0 0 0
./complex_md-fit_9.pdb BC A 7.29775 36.0127 -12.023 -4.81269 -9.90872 -20.5907 -0.764123 32.2524 -21.6538 3.94544 7.00648 2.35471 0 0 0 0.121643 2.41222 0.0262666 0 0 0 0 0 2.384 303 53 1 1 0
