./complex_md-fit_1000.pdb BC A 9.5353 35.0407 -3.8792 -4.50624 -11.5512 -23.3022 -0.887087 40.0274 -22.7573 8.35819 6.7189 3.85041 0 0 0 0.169921 2.65679 0 0 0 0 0 0 2.384 303 50 2 2 0
./complex_md-fit_1001.pdb BC A 7.8603 29.6649 -7.76587 -6.25062 -14.3906 -23.16 -1.085 40.3766 -23.0898 7.24834 8.21332 3.9397 0 0 0 0.407262 2.59286 0.0249232 0 0 0 0 0 2.384 303 51 2 2 0
./complex_md-fit_100.pdb BC A 6.50475 38.414 -8.53257 -8.56806 -12.8364 -23.9054 -1.06809 43.1282 -23.6023 5.28614 8.43068 4.21245 0 0 0 0.390139 2.64127 0 0 0 0 0 0 2.384 303 50 1 1 0
./complex_md-fit_101.pdb BC A 8.50943 35.8537 -3.73618 -6.57286 -12.2047 -23.2036 -0.914631 42.744 -22.6442 8.3158 6.78648 3.54079 0 0 0 0.341175 3.00076 0.0756136 0 0 0 0 0 2.384 303 48 1 1 0
./complex_md-fit_102.pdb BC A 8.7076 37.3375 0.941567 -6.77239 -9.32377 -23.2502 -1.09954 43.518 -22.6698 10.2446 6.31286 3.67777 0 0 0 0.255686 2.3434 0.0482614 0 0 0 0 0 2.384 303 49 2 2 0
./complex_md-fit_103.pdb BC A 7.31185 30.311 -14.8044 -8.21629 -15.2437 -23.118 -1.0637 38.6257 -23.1837 6.74169 8.17371 2.34424 0 0 0 0.13563 2.31727 0 0 0 0 0 0 2.384 303 51 2 2 0
./complex_md-fit_104.pdb BC A 7.23423 31.1975 -10.7026 -7.94319 -12.7994 -22.7517 -0.971947 38.8488 -22.6675 4.03858 9.66856 3.48528 0 0 0 0.389945 2.65617 0 0 0 0 0 0 2.384 303 47 0 0 0
./complex_md-fit_105.pdb BC A 9.70267 37.2339 -12.2018 -7.35314 -12.733 -21.7256 -0.853912 36.7199 -21.792 5.40299 7.26849 2.73086 0 0 0 0.0926807 2.30965 0.0409415 0 0 0 0 0 2.384 303 46 0 0 0
./complex_md-fit_106.pdb BC A 9.92235 34.2919 -15.4954 -8.78063 -16.7269 -23.6412 -1.14567 41.2038 -22.9303 4.27963 7.86505 3.877 0 0 0 0.477621 2.25385 0.0262528 0 0 0 0 0 2.384 303 52 1 1 0
./complex_md-fit_107.pdb BC A 7.77957 37.7859 -13.8959 -9.68274 -14.005 -23.827 -1.202 40.2423 -23.7342 4.97861 8.70891 3.82325 0 0 0 0.761061 2.57673 0.0409087 0 0 0 0 0 2.384 303 52 1 1 0
./complex_md-fit_108.pdb BC A 7.66813 43.5295 -17.2033 -7.66405 -15.1927 -25.3834 -1.02821 43.4184 -25.321 3.51307 7.45673 2.59493 0 0 0 0.402923 2.96678 0 0 0 0 0 0 2.384 303 53 0 0 0
./complex_md-fit_109.pdb BC A 8.21041 32.36 -17.1205 -7.93814 -14.0251 -23.1948 -1.10862 37.8109 -23.4842 3.77179 7.32919 3.43235 0 0 0 0.220427 2.34294 0.065782 0 0 0 0 0 2.384 303 49 0 0 0
./complex_md-fit_10.pdb BC A 7.10958 44.6094 -8.28879 -6.47407 -12.6432 -23.3109 -0.964914 41.4401 -23.7129 7.15642 7.96344 1.69307 0 0 0 0.472594 3.5969 0.0915575 0 0 0 0 0 2.384 303 47 2 2 0
./complex_md-fit_110.pdb BC A 8.93881 40.0145 -12.4642 -8.08755 -14.6999 -24.6256 -1.08401 42.3559 -24.9746 6.20108 8.76077 3.30648 0 0 0 0.349608 2.35198 0.0335914 0 0 0 0 0 2.384 303 49 2 2 0
./complex_md-fit_111.pdb BC A 6.27215 42.8924 -14.1273 -8.70811 -15.148 -23.2028 -1.14832 38.5925 -23.0105 4.98569 8.13026 4.72925 0 0 0 0.607253 2.545 0.0455362 0 0 0 0 0 2.384 303 48 1 1 0
./complex_md-fit_112.pdb BC A 9.32146 31.5879 -3.02578 -6.69001 -9.90254 -22.6546 -1.05812 41.5212 -22.0872 5.382 8.62902 3.65667 0 0 0 0.136522 3.96609 0.0413024 0 0 0 0 0 2.384 303 49 1 1 0
./complex_md-fit_113.pdb BC A 8.21036 30.3029 -14.5726 -7.48647 -14.6127 -23.1128 -1.14923 40.8826 -22.8228 4.11974 7.18189 2.04484 0 0 0 0.357366 1.91167 0.0250542 0 0 0 0 0 2.384 303 52 0 0 0
./complex_md-fit_114.pdb BC A 8.64107 32.7426 -9.54881 -7.43541 -12.6786 -23.2667 -1.06099 40.5824 -23.391 6.86476 7.65614 2.44396 0 0 0 0.690414 3.16857 0.0462585 0 0 0 0 0 2.384 303 52 1 1 0
./complex_md-fit_115.pdb BC A 7.32321 35.8307 -5.30976 -6.39398 -9.41024 -22.9525 -1.08459 41.5467 -22.9093 6.16206 6.56552 2.81605 0 0 0 0.350532 1.8557 0 0 0 0 0 0 2.384 303 51 1 1 0
./complex_md-fit_116.pdb BC A 8.85615 30.6495 -9.26452 -7.98797 -12.2096 -22.9793 -1.01421 40.5877 -23.1331 7.18946 7.69871 2.39016 0 0 0 0.193693 2.93046 0 0 0 0 0 0 2.384 303 51 1 1 0
./complex_md-fit_117.pdb BC A 5.79962 32.6379 -9.43211 -6.41941 -10.5725 -22.6928 -1.07048 39.0154 -23.1488 5.60353 7.70166 1.79799 0 0 0 0.356177 2.03915 -0.00277345 0 0 0 0 0 2.384 303 50 1 1 0
./complex_md-fit_118.pdb BC A 7.099 41.6781 -18.6137 -9.43321 -15.3806 -23.7981 -1.20085 40.72 -23.4468 2.83054 8.39597 2.23626 0 0 0 0.440537 2.47428 0.0225913 0 0 0 0 0 2.384 303 50 1 1 0
./complex_md-fit_119.pdb BC A 7.62184 36.5005 -16.2159 -8.24707 -14.1373 -25.9874 -1.18289 45.0738 -27.1476 4.33317 8.06064 2.58266 0 0 0 0.393932 3.04049 0.0422457 0 0 0 0 0 2.384 303 51 0 0 0
./complex_md-fit_11.pdb BC A 8.18447 35.3522 -6.66179 -5.45282 -10.5164 -22.7309 -0.983058 40.3269 -22.609 7.00993 6.06401 1.7093 0 0 0 0.520309 2.27043 0 0 0 0 0 0 2.384 303 48 0 0 0
./complex_md-fit_120.pdb BC A 7.4443 36.6164 -12.0526 -8.9268 -13.8674 -25.2754 -1.19536 41.6632 -25.7866 8.21588 9.86262 2.83438 0 0 0 0.384198 2.26999 0.0386743 0 0 0 0 0 2.384 303 53 2 2 0
./complex_md-fit_121.pdb BC A 8.54574 30.9613 -18.0371 -8.74432 -15.5341 -24.3761 -1.12498 40.1836 -24.6765 3.56074 8.58783 3.93465 0 0 0 0.13113 2.19535 0.0209801 0 0 0 0 0 2.384 303 50 1 1 0
./complex_md-fit_122.pdb BC A 7.63049 34.6127 -10.3108 -6.46245 -11.6679 -23.6094 -1.11112 40.3288 -23.9536 5.12115 8.5653 2.18287 0 0 0 0.259865 2.13502 0.0357367 0 0 0 0 0 2.384 303 47 1 1 0
./complex_md-fit_123.pdb BC A 10.0726 32.7641 -12.5876 -6.99506 -13.3739 -24.1575 -1.03132 41.1855 -25.0246 5.72784 8.76054 2.03327 0 0 0 0.251424 3.37265 0.0361488 0 0 0 0 0 2.384 303 49 1 1 0
./complex_md-fit_124.pdb BC A 8.82526 40.5691 -14.9329 -8.79517 -13.2121 -23.3751 -1.01481 38.8238 -23.8361 5.25718 6.87216 3.37295 0 0 0 0.938555 2.16329 0.035738 0 0 0 0 0 2.384 303 48 0 0 0
./complex_md-fit_125.pdb BC A 8.72555 31.77 -12.5611 -7.99872 -11.8639 -23.2836 -1.00482 39.2639 -23.5268 5.62905 7.35536 2.66426 0 0 0 0.193744 2.56891 0.0103849 0 0 0 0 0 2.384 303 50 2 2 0
./complex_md-fit_126.pdb BC A 8.49951 43.2713 -12.1206 -7.84021 -11.3687 -24.9022 -1.08664 41.7776 -25.7567 5.16629 8.15191 3.51473 0 0 0 0.223277 2.03352 1.11022e-16 0 0 0 0 0 2.384 303 50 1 1 0
./complex_md-fit_127.pdb BC A 7.3656 31.6449 -8.6629 -7.88506 -10.3838 -25.4446 -1.08368 45.3361 -25.6049 6.23698 7.17617 2.68774 0 0 0 0.312083 2.6611 -0.00997325 0 0 0 0 0 2.384 303 53 0 0 0
./complex_md-fit_128.pdb BC A 10.1547 36.7948 -10.368 -9.22754 -13.9997 -24.8064 -1.02437 43.577 -24.8077 6.80823 9.29436 3.15976 0 0 0 0.629896 2.31293 0.0283537 0 0 0 0 0 2.384 303 54 2 2 0
./complex_md-fit_129.pdb BC A 8.96 31.3657 -12.9933 -8.21359 -14.5284 -24.3268 -1.18087 40.9947 -25.0525 6.70768 8.85395 3.17961 0 0 0 0.572897 2.35047 0 0 0 0 0 0 2.384 303 53 1 1 0
./complex_md-fit_12.pdb BC A 10.0144 40.0567 -8.26085 -6.87883 -11.3044 -23.5982 -1.01636 41.4946 -23.6885 4.48138 8.88053 3.03913 0 0 0 0.256665 2.40752 0.0603482 0 0 0 0 0.0127644 2.384 303 46 0 0 0
./complex_md-fit_130.pdb BC A 10.8071 33.1481 -16.5248 -9.0906 -14.8849 -23.9778 -1.00644 39.9743 -24.3536 4.6106 8.63723 3.15055 0 0 0 0.385535 2.51088 0.0303101 0 0 0 0 0 2.384 303 49 0 0 0
./complex_md-fit_131.pdb BC A 7.70929 33.1396 -9.83746 -6.59906 -12.2365 -24.6497 -1.10476 44.5949 -25.0109 4.27184 7.3698 3.27905 0 0 0 0.204854 2.03099 0.0430417 0 0 0 0 0 2.384 303 53 0 0 0
./complex_md-fit_132.pdb BC A 8.35459 40.6834 2.40498 -5.2001 -7.81897 -23.95 -0.845703 42.7739 -24.4753 10.7776 7.43315 3.35659 0 0 0 0.353759 4.36127 0 0 0 0 0 0 2.384 303 54 2 2 1
./complex_md-fit_133.pdb BC A 8.45152 39.9805 -11.8367 -6.32077 -13.1541 -24.7267 -1.10597 42.4026 -25.2497 4.90086 8.07215 2.6072 0 0 0 0.737781 2.33642 0 0 0 0 0 0 2.384 303 51 1 1 0
./complex_md-fit_134.pdb BC A 11.1781 40.1828 -12.7085 -8.17096 -13.997 -24.971 -1.10721 42.506 -25.2433 6.35425 8.3681 2.97567 0 0 0 0.5538 2.43186 0.0231282 0 0 0 0 0 2.384 303 52 2 2 0
./complex_md-fit_135.pdb BC A 6.31509 33.9716 -7.86067 -8.77293 -11.8901 -24.8406 -1.13553 44.3903 -24.8941 6.44554 7.9681 4.25222 0 0 0 0.590254 2.31016 0.0262654 0 0 0 0 0 2.384 303 52 1 1 0
./complex_md-fit_136.pdb BC A 6.92527 31.7237 -16.2971 -9.50148 -14.4611 -24.1504 -1.05123 41.7287 -24.2132 3.5481 8.40124 2.9544 0 0 0 0.411131 2.50852 0.0367325 0 0 0 0 0 2.384 303 53 0 0 0
./complex_md-fit_137.pdb BC A 8.2933 41.0222 -9.15735 -9.31965 -11.8672 -24.3069 -1.1236 42.394 -24.7477 8.44552 8.58152 2.49446 0 0 0 0.268452 2.65109 0.0237759 0 0 0 0 0 2.384 303 52 2 2 0
./complex_md-fit_138.pdb BC A 10.8728 38.9257 -4.19835 -7.55079 -9.15874 -24.0048 -1.19881 41.4822 -23.9715 9.14262 8.19745 2.13415 0 0 0 0.690274 2.17835 0.0395667 0 0 0 0 0 2.384 303 50 2 2 0
./complex_md-fit_139.pdb BC A 8.17651 36.6344 -5.93235 -8.03413 -12.0546 -24.5109 -1.19666 43.1943 -24.9091 9.62739 8.96151 2.64445 0 0 0 0.296358 2.05002 0.0490311 0 0 0 0 0 2.384 303 53 4 4 0
./complex_md-fit_13.pdb BC A 11.3043 34.1948 -7.09321 -7.08477 -11.0858 -22.7242 -0.770164 39.8551 -22.3852 5.4801 7.80435 3.24029 0 0 0 0.486393 1.53293 0.0907019 0 0 0 0 0 2.384 303 48 0 0 0
./complex_md-fit_140.pdb BC A 7.29545 28.191 -12.7428 -7.64499 -12.8228 -23.3364 -1.13389 40.5476 -23.1788 4.52802 6.90344 3.00644 0 0 0 0.345871 2.59309 0.0427952 0 0 0 0 -1.11022e-16 2.384 303 51 0 0 0
./complex_md-fit_141.pdb BC A 6.4343 30.0537 -9.79209 -6.49307 -13.7246 -22.8037 -1.06663 38.9637 -22.8749 6.02089 8.20441 3.5634 0 0 0 0.39444 2.22593 0.0239535 0 0 0 0 0 2.384 303 50 0 0 0
./complex_md-fit_142.pdb BC A 8.20128 32.6349 -3.33037 -6.86699 -12.4473 -23.3565 -1.02579 41.3813 -23.4166 9.70296 9.19487 2.87883 0 0 0 0.577571 3.19617 0.0473458 0 0 0 0 0 2.384 303 51 1 1 0
./complex_md-fit_143.pdb BC A 6.56355 31.992 -4.14724 -6.44897 -11.639 -23.4087 -1.05005 40.6224 -23.3571 10.6597 7.10461 3.09098 0 0 0 0.278899 3.10234 0 0 0 0 0 0 2.384 303 50 2 2 0
./complex_md-fit_144.pdb BC A 6.02387 27.2166 -11.0001 -8.73291 -13.7541 -24.1283 -1.152 42.9519 -24.1562 7.05674 8.45283 2.378 0 0 0 0.0838704 2.22299 0 0 0 0 0 0 2.384 303 55 1 1 0
./complex_md-fit_145.pdb BC A 7.82457 40.9719 -13.0714 -7.51814 -13.7565 -24.0484 -1.17574 41.9463 -24.0101 4.01384 8.16878 2.63178 0 0 0 0.651348 2.60749 0.0254752 0 0 0 0 0 2.384 303 51 0 0 0
./complex_md-fit_146.pdb BC A 7.49147 29.1097 -13.7698 -7.40532 -13.9956 -23.281 -0.922028 38.3882 -23.419 5.5523 7.90672 2.93678 0 0 0 0.387902 2.091 0.0812311 0 0 0 0 0 2.384 303 50 1 1 0
./complex_md-fit_147.pdb BC A 9.25222 29.8791 -12.1398 -6.68854 -16.867 -23.525 -1.43181 41.1278 -23.1691 6.1598 8.83326 2.87841 0 0 0 0.522914 2.23135 0.0194724 0 0 0 0 0 2.384 303 49 1 1 0
./complex_md-fit_148.pdb BC A 7.09722 36.8077 -10.2725 -4.7671 -11.1395 -21.3714 -0.812996 36.4477 -21.668 3.09613 6.16169 3.55756 0 0 0 0.184657 1.96559 0.0387062 0 0 0 0 1.11022e-16 2.384 303 47 0 0 0
./complex_md-fit_149.pdb BC A 9.29189 32.3167 -9.63922 -4.43364 -11.3363 -21.6692 -0.937064 36.4455 -21.9569 4.43743 6.63316 2.51002 0 0 0 0.64311 2.33963 0.0247382 0 0 0 0 0 2.384 303 46 0 0 0
./complex_md-fit_14.pdb BC A 9.6783 41.1308 -7.64142 -7.18742 -9.73236 -22.8718 -1.057 39.9558 -22.5889 4.73537 7.67691 2.82664 0 0 0 0.601344 3.31809 0 0 0 0 0 0 2.384 303 50 0 0 0
./complex_md-fit_150.pdb BC A 9.8384 37.0392 -19.1324 -8.80971 -14.0644 -20.9552 -1.05521 34.6004 -20.9889 2.6325 6.32604 2.67972 0 0 0 0.51368 1.94259 -0.0113373 0 0 0 0 0 2.384 303 47 1 1 0
./complex_md-fit_151.pdb BC A 8.57978 31.2988 -12.6216 -8.21402 -12.2135 -21.7575 -1.1779 37.7442 -21.5969 4.28462 7.09428 3.03619 0 0 0 0.178956 2.532 0 0 0 0 0 0 2.384 303 48 0 0 0
./complex_md-fit_152.pdb BC A 8.20174 32.4938 -11.9616 -6.91443 -13.0037 -22.429 -1.05402 37.8168 -22.5644 6.46649 6.72449 2.52555 0 0 0 0.449676 1.97846 0.0210408 0 0 0 0 0 2.384 303 48 2 2 0
./complex_md-fit_153.pdb BC A 7.71333 29.5043 -10.7774 -5.82105 -11.8158 -21.9005 -0.98413 37.6423 -21.7364 5.26058 5.81744 2.02602 0 0 0 0.714305 2.57289 0.019781 0 0 0 0 0 2.384 303 46 1 1 0
./complex_md-fit_154.pdb BC A 8.02901 36.0343 -1.82337 -5.97264 -7.27245 -22.756 -1.11037 40.5464 -22.8151 6.82117 6.8654 3.37149 0 0 0 0.459262 1.888 0.0394642 0 0 0 0 0 2.384 303 46 1 1 0
./complex_md-fit_155.pdb BC A 9.35603 36.4321 -18.1233 -7.69508 -15.9614 -22.2617 -1.11106 36.8847 -22.1296 2.35455 8.03283 3.17534 0 0 0 0.588134 2.42836 0 0 0 0 0 0 2.384 303 48 0 0 0
./complex_md-fit_156.pdb BC A 5.65724 34.6416 -14.9268 -7.27869 -13.6745 -22.2868 -1.16975 37.7566 -22.2411 3.10062 8.0895 2.57886 0 0 0 0.15932 2.51618 0.0390968 0 0 0 0 0 2.384 303 47 0 0 0
./complex_md-fit_157.pdb BC A 11.0847 42.696 -14.3906 -6.54856 -14.1635 -22.0012 -0.944783 37.9241 -21.9106 4.09073 6.61206 2.24305 0 0 0 0.281255 3.64572 0.0267999 0 0 0 0 0 2.384 303 51 1 1 0
./complex_md-fit_158.pdb BC A 6.64726 39.477 -14.5132 -8.13528 -14.6833 -22.9117 -1.08271 39.7285 -23.0484 3.67584 8.32236 2.98335 0 0 0 0.612843 3.34879 0.0252007 0 0 0 0 0 2.384 303 49 0 0 0
./complex_md-fit_159.pdb BC A 8.94814 40.1704 -6.99824 -5.32859 -10.0244 -21.6894 -0.831151 38.0414 -21.797 3.4297 6.5449 3.82234 0 0 0 0.833961 2.27911 0 0 0 0 0 0 2.384 303 48 1 1 0
./complex_md-fit_15.pdb BC A 9.33385 28.6131 -9.38659 -7.33664 -11.3737 -23.2393 -0.938767 40.2044 -23.2669 5.73998 6.93408 3.45188 0 0 0 0.419639 2.93766 0.0188094 0 0 0 0 0 2.384 303 47 0 0 0
./complex_md-fit_160.pdb BC A 6.01599 33.1473 -1.9819 -5.32999 -9.24911 -22.6722 -1.04944 40.7976 -22.2003 8.79454 6.14289 2.24641 0 0 0 0.509675 2.41565 0.0280787 0 0 0 0 0 2.384 303 52 2 2 0
./complex_md-fit_161.pdb BC A 9.23707 40.8857 -14.0815 -8.07173 -14.6734 -23.1465 -1.14358 38.969 -23.1781 4.88423 8.56764 3.01776 0 0 0 0.693206 2.3283 0 0 0 0 0 0 2.384 303 49 1 1 0
./complex_md-fit_162.pdb BC A 8.2784 41.8917 -7.94277 -5.10452 -13.9391 -21.6967 -1.1244 38.966 -21.4741 4.81328 8.71818 2.43806 0 0 0 0.46056 2.94938 0 0 0 0 0 0 2.384 303 50 0 0 0
./complex_md-fit_163.pdb BC A 8.40985 37.9872 -17.6589 -8.40058 -16.4233 -21.933 -1.05157 37.4252 -21.4056 2.88518 8.48898 2.44865 0 0 0 0.287364 2.07718 0.0196962 0 0 0 0 0 2.384 303 47 0 0 0
./complex_md-fit_164.pdb BC A 7.50169 33.1125 -8.31188 -7.06767 -11.3736 -22.3635 -1.21354 39.3821 -21.738 4.84389 7.28816 3.30983 0 0 0 0.592779 2.42926 0.0275966 0 0 0 0 0 2.384 303 49 1 1 0
./complex_md-fit_165.pdb BC A 10.4663 33.1401 -12.798 -8.0123 -13.5661 -22.192 -1.1162 37.3914 -22.2174 4.42344 8.9786 3.16352 0 0 0 0.349113 2.28337 -1.11022e-16 0 0 0 0 0 2.384 303 50 2 2 0
./complex_md-fit_166.pdb BC A 7.45991 35.6053 -17.1528 -8.82143 -14.3694 -21.1155 -1.1203 35.6017 -21.0506 3.05073 7.38964 2.77703 0 0 0 0.483144 2.02951 0.0222088 0 0 0 0 0 2.384 303 47 0 0 0
./complex_md-fit_167.pdb BC A 7.48172 39.1756 -4.59775 -4.60497 -11.7425 -22.1235 -1.04851 38.4783 -22.0866 7.32535 7.02019 3.78373 0 0 0 0.362781 3.25759 0.0379058 0 0 0 0 0 2.384 303 48 1 1 0
./complex_md-fit_168.pdb BC A 7.82874 37.6203 -14.2253 -9.1185 -14.6898 -22.3292 -1.14493 37.6421 -22.5949 6.07923 8.74914 2.83464 0 0 0 0.325146 2.59488 0.0218037 0 0 0 0 0 2.384 303 51 2 2 0
./complex_md-fit_169.pdb BC A 8.72924 35.6525 -8.29805 -8.04277 -11.553 -23.0614 -0.788882 39.4917 -23.0693 7.17236 6.82759 4.01777 0 0 0 0.666421 2.39123 0.0413641 0 0 0 0 0 2.384 303 52 1 1 0
./complex_md-fit_16.pdb BC A 8.49466 30.6859 -10.2794 -5.42694 -12.528 -23.3938 -1.27612 40.2169 -23.5244 5.64903 7.5235 1.89392 0 0 0 0.571056 2.65935 0.0152964 0 0 0 0 0 2.384 303 51 0 0 0
./complex_md-fit_170.pdb BC A 8.44594 36.2631 -12.5267 -6.70876 -14.666 -23.0878 -1.19845 39.6222 -23.3235 4.093 8.45948 3.58732 0 0 0 0.695808 2.97352 5.55112e-17 0 0 0 0 0 2.384 303 51 0 0 0
./complex_md-fit_171.pdb BC A 9.09853 32.5125 -16.2673 -7.00207 -14.2085 -21.9599 -1.09547 37.428 -21.5347 2.47669 6.89685 2.43359 0 0 0 0.254087 2.52237 0.0441178 0 0 0 0 0 2.384 303 48 0 0 0
./complex_md-fit_172.pdb BC A 7.20903 36.077 -9.17685 -6.41656 -14.5921 -22.4988 -1.05346 39.2642 -21.9884 5.88965 9.2297 2.29197 0 0 0 0.696829 3.31375 0 0 0 0 0 0 2.384 303 50 0 0 0
./complex_md-fit_173.pdb BC A 8.15171 35.1868 -15.9271 -8.71009 -14.6642 -22.4231 -1.0551 37.8649 -22.5617 4.32402 7.85529 3.12407 0 0 0 0.292744 2.21127 0.0260694 0 0 0 0 0 2.384 303 52 0 0 0
./complex_md-fit_174.pdb BC A 9.76555 31.3472 -8.05265 -8.3211 -10.8494 -22.8208 -1.09169 39.7349 -22.5641 5.08921 8.11966 4.07897 0 0 0 0.57176 2.71653 0 0 0 0 0 0 2.384 303 51 2 2 0
./complex_md-fit_175.pdb BC A 6.70795 33.1022 -12.5639 -7.23341 -12.4321 -21.8539 -1.25075 37.8404 -21.8009 4.21886 7.51135 2.03043 0 0 0 0.406124 2.24564 0 0 0 0 0 0 2.384 303 50 1 1 0
./complex_md-fit_176.pdb BC A 8.77489 33.4084 -4.53695 -7.22315 -10.8201 -22.3931 -1.08085 38.8904 -22.497 9.25056 6.77633 4.05284 0 0 0 0.507076 2.42865 0 0 0 0 0 0 2.384 303 50 2 2 0
./complex_md-fit_177.pdb BC A 6.44526 36.0305 -11.3672 -7.42502 -14.7928 -22.0437 -1.13945 38.6898 -21.5425 4.94316 8.00461 3.80553 0 0 0 0.111217 3.44059 0.021845 0 0 0 0 0 2.384 303 51 0 0 0
./complex_md-fit_178.pdb BC A 5.4245 36.0598 -15.2129 -8.65969 -14.2224 -22.7371 -1.20621 38.1828 -22.8031 4.18404 8.72133 3.04859 0 0 0 0.278847 2.54638 0 0 0 0 0 0 2.384 303 51 2 2 0
./complex_md-fit_179.pdb BC A 7.91008 34.1855 -9.45798 -7.22025 -12.7206 -22.5674 -1.04583 38.4138 -22.4041 5.1013 9.06892 3.32509 0 0 0 0.553486 2.41529 0.0377461 0 0 0 0 0 2.384 303 49 0 0 0
./complex_md-fit_17.pdb BC A 7.70147 35.0735 -4.89794 -6.5036 -8.31056 -22.9863 -0.932734 40.6154 -23.7127 6.06843 7.60184 2.64385 0 0 0 0.580301 1.83743 0.0381034 0 0 0 0 0 2.384 303 46 0 0 0
./complex_md-fit_180.pdb BC A 8.9574 32.6645 -13.0497 -9.09562 -12.7395 -22.442 -1.03355 39.7513 -22.7053 5.53156 6.88519 2.64399 0 0 0 0.154271 2.1272 0 0 0 0 0 0 2.384 303 49 1 1 0
./complex_md-fit_181.pdb BC A 7.80981 34.0828 -10.3405 -7.42253 -12.5919 -21.1988 -1.12517 36.0039 -21.2737 6.24064 7.97918 2.91506 0 0 0 0.110073 2.14014 0.0227079 0 0 0 0 0 2.384 303 51 2 2 0
./complex_md-fit_182.pdb BC A 6.90317 29.5109 -9.36197 -6.90456 -10.9778 -20.8961 -0.974386 36.2619 -20.9759 5.3946 6.79168 2.40536 0 0 0 0.493133 2.07898 0.0200129 0 0 0 0 0 2.384 303 49 1 1 0
./complex_md-fit_183.pdb BC A 7.47278 34.5587 -7.69419 -7.74509 -10.6801 -22.883 -1.1204 39.2371 -22.797 6.85981 6.85305 4.18988 0 0 0 0.368774 3.02582 0.0228492 0 0 0 0 0 2.384 303 47 1 1 0
./complex_md-fit_184.pdb BC A 7.07739 27.9727 -18.7271 -8.31675 -14.6152 -23.0261 -1.13482 37.0431 -23.3958 3.25604 7.3056 3.83393 0 0 0 0.299528 2.28825 0.0233589 0 0 0 0 0 2.384 303 48 0 0 0
./complex_md-fit_185.pdb BC A 7.14922 34.2988 -12.8191 -6.80374 -13.6683 -22.1196 -1.00545 38.1537 -22.1519 3.59865 7.09193 3.19274 0 0 0 0.87223 2.0744 0.0206722 0 0 0 0 0 2.384 303 48 2 2 0
./complex_md-fit_186.pdb BC A 10.8095 40.6171 -18.1651 -8.98548 -15.0981 -23.1427 -1.16024 37.4706 -23.7902 5.09474 6.864 4.15983 0 0 0 0.422416 2.58633 0 0 0 0 0 0 2.384 303 49 1 1 0
./complex_md-fit_187.pdb BC A 7.30206 30.5644 -12.2091 -7.70104 -12.1602 -22.1216 -0.887097 37.0118 -22.6154 5.61296 7.90297 2.36483 0 0 0 0.383677 3.16423 0 0 0 0 0 0 2.384 303 49 1 1 0
./complex_md-fit_188.pdb BC A 10.7211 37.2102 -14.9739 -8.08382 -14.6053 -22.0429 -1.14235 38.239 -21.8803 2.50022 9.22456 2.43075 0 0 0 0.351165 3.11383 0.0350765 0 0 0 0 0 2.384 303 49 0 0 0
./complex_md-fit_189.pdb BC A 7.52685 34.881 -12.569 -7.84916 -12.4711 -22.1692 -0.956101 38.4429 -22.1157 3.38148 6.95431 3.54717 0 0 0 0.666433 2.30812 -5.55112e-17 0 0 0 0 0 2.384 303 49 0 0 0
./complex_md-fit_18.pdb BC A 7.7929 33.3937 -12.8572 -8.87638 -12.4007 -24.2599 -0.992329 41.9694 -23.9361 3.23455 10.0678 1.80723 0 0 0 0.431261 1.87198 0.0979251 0 0 0 0 0 2.384 303 51 0 0 0
./complex_md-fit_190.pdb BC A 8.97864 35.7442 -16.1432 -7.68674 -14.5553 -21.7193 -0.903048 36.6133 -21.6415 3.66956 7.61053 2.21502 0 0 0 0.25425 2.25396 0 0 0 0 0 0 2.384 303 48 0 0 0
./complex_md-fit_191.pdb BC A 10.9694 39.4072 -9.92309 -7.29363 -14.5019 -22.4983 -1.17515 38.1907 -22.6767 6.04159 10.1552 3.63884 0 0 0 0.196173 3.24719 0 0 0 0 0 0 2.384 303 48 1 1 0
./complex_md-fit_192.pdb BC A 9.07019 42.5953 -13.6461 -5.37405 -13.2338 -22.1278 -0.879107 38.0583 -22.1989 2.81717 6.50978 2.60755 0 0 0 0.153527 2.00046 0.0212629 0 0 0 0 0 2.384 303 50 0 0 0
./complex_md-fit_193.pdb BC A 7.77054 36.1586 -12.2141 -9.54408 -14.0854 -23.5335 -1.14346 40.4458 -23.853 4.97642 9.22154 3.85106 0 0 0 1.45046 2.12303 0 0 0 0 0 0 2.384 303 50 1 1 0
./complex_md-fit_194.pdb BC A 7.74388 34.1464 -9.82927 -5.99979 -11.5671 -22.0913 -1.08669 38.243 -22.8711 5.90244 7.02838 2.29385 0 0 0 0.291221 3.10383 0.0277678 0 0 0 0 0 2.384 303 50 2 2 0
./complex_md-fit_195.pdb BC A 7.66071 30.1023 -16.8279 -7.90001 -14.5474 -21.9305 -1.14018 36.4063 -21.7362 2.82055 7.35697 3.07944 0 0 0 0.763173 2.21172 0 0 0 0 0 0 2.384 303 47 0 0 0
./complex_md-fit_196.pdb BC A 8.20641 41.4932 -13.2369 -7.88148 -13.597 -22.0144 -1.08866 38.2393 -22.1529 3.77594 7.9808 3.24333 0 0 0 0.258193 3.79511 0 0 0 0 0 0 2.384 303 50 0 0 0
./complex_md-fit_197.pdb BC A 7.73449 35.6638 -8.32577 -6.40939 -12.9442 -22.3829 -1.05229 37.6864 -22.3356 9.83074 5.96335 2.68938 0 0 0 0.605233 3.05344 0.0235745 0 0 0 0 0 2.384 303 50 2 2 0
./complex_md-fit_198.pdb BC A 7.70051 46.7995 -13.3622 -8.29427 -16.0932 -22.3416 -1.24125 37.4889 -21.9665 5.18005 9.56313 3.81291 0 0 0 0.506448 2.18367 0.0232678 0 0 0 0 0 2.384 303 49 2 2 0
./complex_md-fit_199.pdb BC A 7.83905 35.8887 -9.32439 -5.54016 -11.3534 -21.0384 -1.02001 35.4279 -20.801 5.55854 5.21685 4.01623 0 0 0 0.183607 2.22366 0.0254948 0 0 0 0 0 2.384 303 50 2 2 0
./complex_md-fit_19.pdb BC A 8.94064 35.331 -11.0332 -6.16662 -12.2981 -24.1835 -1.13216 42.3281 -24.2091 4.11531 7.56498 2.36439 0 0 0 0.583486 2.24905 -5.55112e-17 0 0 0 0 0 2.384 303 53 1 1 0
./complex_md-fit_1.pdb BC A 6.4248 34.8416 -11.2696 -8.42957 -16.9331 -24.9227 -0.998002 44.4423 -24.0264 6.24835 10.0126 2.5084 0 0 0 0.840184 2.33727 -0.0116182 0 0 0 0 0 2.384 303 51 1 1 0
./complex_md-fit_200.pdb BC A 8.75889 44.23 -15.2711 -8.98153 -14.4714 -22.2163 -1.29235 37.3351 -22.0598 4.17509 7.87789 4.19008 0 0 0 0.153093 2.33078 0.0189618 0 0 0 0 0 2.384 303 47 1 1 0
./complex_md-fit_201.pdb BC A 8.48858 35.1045 -11.1414 -6.86186 -11.6729 -22.4186 -1.09788 38.3719 -22.3339 3.17795 7.07036 3.98633 0 0 0 0.626931 1.97088 0.0102238 0 0 0 0 0 2.384 303 49 0 0 0
./complex_md-fit_202.pdb BC A 7.26712 38.6318 -14.4287 -6.14075 -14.249 -21.7541 -0.967367 37.0524 -21.8756 2.40048 6.82741 4.09327 0 0 0 0.18447 2.85845 -1.11022e-16 0 0 0 0 0 2.384 303 49 0 0 0
./complex_md-fit_203.pdb BC A 8.0813 27.2893 -13.1937 -7.80903 -11.7583 -22.2333 -1.16881 38.2921 -22.5549 2.91068 6.77078 3.96467 0 0 0 0.355541 2.38917 0.0368415 0 0 0 0 0 2.384 303 46 2 2 0
./complex_md-fit_204.pdb BC A 7.55129 29.6758 -12.0569 -5.22021 -12.2258 -21.5508 -0.921497 36.8263 -20.9516 4.87645 4.92465 2.07774 0 0 0 0.0703419 2.12342 0.0376025 0 0 0 0 0 2.384 303 48 2 2 0
./complex_md-fit_205.pdb BC A 8.07035 40.2705 -7.27704 -5.84275 -7.43358 -20.8043 -0.882935 34.5185 -20.7784 5.16233 4.61316 2.98663 0 0 0 1.1498 1.74743 0.0344523 0 0 0 0 0 2.384 303 44 1 1 0
./complex_md-fit_206.pdb BC A 9.43643 32.7387 -10.1075 -4.82814 -10.0069 -20.4599 -0.720486 35.3966 -19.999 3.33213 4.61315 2.24692 0 0 0 0.297886 1.91008 0.0201359 0 0 0 0 0 2.384 303 47 0 0 0
./complex_md-fit_207.pdb BC A 9.64512 32.925 -12.9518 -5.46244 -10.6312 -20.8031 -0.74688 34.1134 -20.749 2.605 4.71094 3.48888 0 0 0 0.503453 3.21721 0.019133 0 0 0 0 0 2.384 303 48 0 0 0
./complex_md-fit_208.pdb BC A 7.59553 30.8889 -13.225 -5.58672 -13.1934 -20.906 -0.92858 35.5462 -20.6768 2.35077 6.53023 3.35079 0 0 0 0.253604 1.80934 0.0349418 0 0 0 0 0 2.384 303 47 0 0 0
./complex_md-fit_209.pdb BC A 8.01434 32.1573 -11.8164 -4.85907 -10.6457 -21.6668 -0.887139 36.2295 -22.134 4.44787 5.0677 2.42162 0 0 0 0.190332 2.27999 0.0192756 0 0 0 0 0 2.384 303 50 2 2 0
./complex_md-fit_20.pdb BC A 6.23894 30.3473 -11.7885 -7.50312 -13.9752 -24.2142 -1.18374 42.4355 -24.144 4.88839 9.12704 2.37217 0 0 0 0.396805 2.71828 0.0117407 0 0 0 0 0 2.384 303 50 0 0 0
./complex_md-fit_210.pdb BC A 7.80156 31.9461 -15.8621 -4.45299 -12.5335 -21.8394 -0.90508 34.9465 -22.3642 3.50874 4.40909 2.91913 0 0 0 0.423653 3.04361 0.0259477 0 0 0 0 0 2.384 303 50 0 0 0
./complex_md-fit_211.pdb BC A 15.4256 37.873 -14.0292 -5.63936 -11.3276 -21.2186 -0.690612 34.0456 -21.0993 5.13399 4.19771 2.3657 0 0 0 0.203224 2.29535 0 0 0 0 0 0 2.384 303 49 0 0 0
./complex_md-fit_212.pdb BC A 8.95322 25.663 -17.571 -8.39494 -13.0625 -23.2386 -0.898297 38.2187 -23.7233 4.48003 5.4637 3.31052 0 0 0 0.219975 2.17145 0.0526565 0 0 0 0 0.00102093 2.384 303 51 0 0 0
./complex_md-fit_213.pdb BC A 7.35771 29.96 -13.7509 -5.99529 -12.8272 -22.8053 -0.992462 38.1454 -23.2349 4.386 6.44868 2.58944 0 0 0 0.53476 3.34014 0 0 0 0 0 0 2.384 303 50 1 1 0
./complex_md-fit_214.pdb BC A 9.5121 38.3194 -19.5336 -8.06081 -15.4883 -22.4821 -0.928195 35.7489 -22.8414 3.18595 7.60035 3.02213 0 0 0 0.690261 1.80467 0.019673 0 0 0 0 0 2.384 303 48 0 0 0
./complex_md-fit_215.pdb BC A 7.41006 38.2422 -8.67134 -5.92019 -12.6936 -21.1888 -0.858806 36.6567 -20.5081 6.64332 5.86047 2.84959 0 0 0 0.467054 2.12257 0.0210004 0 0 0 0 0 2.384 303 42 3 3 0
./complex_md-fit_216.pdb BC A 10.6788 30.3995 -13.214 -5.40594 -12.7173 -19.2511 -0.886143 30.919 -19.5096 5.10952 5.43211 2.78104 0 0 0 0.289694 2.15264 0.0191756 0 0 0 0 0.00559073 2.384 303 45 2 2 0
./complex_md-fit_217.pdb BC A 8.57017 32.1796 -8.91767 -6.46247 -10.8719 -22.0479 -0.894978 36.9537 -21.7449 5.11397 7.42144 3.17497 0 0 0 0.440496 3.01774 1.11022e-16 0 0 0 0 0 2.384 303 48 0 0 0
./complex_md-fit_218.pdb BC A 8.96334 33.3762 -7.48991 -4.99523 -12.4285 -21.1087 -0.716424 36.3637 -20.346 5.37748 6.47103 3.74966 0 0 0 0.122024 2.26049 0.0210487 0 0 0 0 0 2.384 303 48 2 2 0
./complex_md-fit_219.pdb BC A 7.13352 32.1933 -11.4053 -5.97471 -12.2209 -21.8766 -1.07273 36.7943 -21.9799 5.60574 6.21807 2.73382 0 0 0 0.367579 4.43832 0 0 0 0 0 0 2.384 303 47 1 1 0
./complex_md-fit_21.pdb BC A 6.17881 33.181 -13.0713 -8.46343 -13.1178 -23.3249 -1.06522 40.0902 -23.1259 6.00173 8.09166 1.37812 0 0 0 0.397501 1.59827 0.0667482 0 0 0 0 0 2.384 303 47 0 0 0
./complex_md-fit_220.pdb BC A 11.7268 29.6179 -17.7619 -8.81419 -15.5945 -22.4345 -0.955325 37.047 -22.4503 3.85732 7.99368 3.12432 0 0 0 0.46458 2.64028 0 0 0 0 0 0 2.384 303 47 0 0 0
./complex_md-fit_221.pdb BC A 6.66022 35.3185 -4.83005 -6.15505 -9.36274 -21.9108 -0.864736 38.5848 -21.742 4.68838 7.78301 3.65516 0 0 0 0.493942 2.33401 0 0 0 0 0 0 2.384 303 48 1 1 0
./complex_md-fit_222.pdb BC A 7.72692 36.3851 -13.0551 -5.14248 -10.5218 -21.7061 -0.909813 35.1512 -22.7751 4.30984 6.1731 2.20978 0 0 0 0.156358 2.90173 0 0 0 0 0 0 2.384 303 48 0 0 0
./complex_md-fit_223.pdb BC A 6.92999 31.8073 -13.9099 -6.9707 -11.6891 -22.0176 -0.838221 37.0266 -22.0739 2.55721 6.06791 3.79228 0 0 0 0.215744 2.57654 0.0198444 0 0 0 0 0 2.384 303 46 0 0 0
./complex_md-fit_224.pdb BC A 10.3077 31.4766 -10.5498 -7.06246 -10.7 -22.5771 -0.910967 37.7004 -22.6636 5.28359 7.08012 2.67342 0 0 0 0.601506 2.10619 0.0253156 0 0 0 0 0 2.384 303 48 2 2 0
./complex_md-fit_225.pdb BC A 6.81324 33.4408 -8.79799 -6.90617 -13.3825 -21.8262 -0.891906 38.5254 -21.4248 4.6828 7.9676 3.9921 0 0 0 0.440307 2.21213 0.0253454 0 0 0 0 0 2.384 303 48 0 0 0
./complex_md-fit_226.pdb BC A 7.85622 34.2449 -15.0537 -6.60901 -14.9174 -22.9786 -1.00248 39.913 -22.9739 2.39323 8.43232 2.40747 0 0 0 0.281653 3.23159 0 0 0 0 0 0 2.384 303 52 0 0 0
./complex_md-fit_227.pdb BC A 8.26687 36.8129 -7.47333 -6.84245 -12.7962 -24.8367 -0.989688 43.2231 -24.5985 6.88459 8.5766 3.23834 0 0 0 0.64349 2.59545 0.0240853 0 0 0 0 0 2.384 303 48 2 2 0
./complex_md-fit_228.pdb BC A 8.19421 34.7491 -12.4076 -7.52765 -13.2255 -23.6084 -0.877234 40.5609 -23.6703 4.72834 7.28874 3.49907 0 0 0 0.404602 2.45404 0.0199256 0 0 0 0 0 2.384 303 48 1 1 0
./complex_md-fit_229.pdb BC A 8.73782 39.2613 -10.6411 -7.44083 -12.2633 -23.0086 -0.787085 38.4863 -23.096 7.33467 7.04006 2.88314 0 0 0 0.210566 2.11344 0 0 0 0 0 0 2.384 303 48 1 1 0
./complex_md-fit_22.pdb BC A 11.5815 35.8922 -7.33143 -5.52257 -12.2771 -23.2035 -0.955804 41.8631 -22.7875 6.71438 6.68067 1.48553 0 0 0 0.597744 3.38394 0.0735982 0 0 0 0 0 2.384 303 50 2 2 0
./complex_md-fit_230.pdb BC A 7.78995 33.1286 -11.287 -8.33408 -12.3823 -23.1653 -0.936146 40.0873 -22.9698 4.8088 8.15401 3.10209 0 0 0 0.311839 2.42475 0.0365405 0 0 0 0 0 2.384 303 46 2 2 0
./complex_md-fit_231.pdb BC A 6.36305 39.2341 -12.5077 -6.52272 -14.9829 -23.2765 -0.997016 39.7338 -23.2748 4.86435 7.8308 4.00622 0 0 0 0.11109 3.57077 0 0 0 0 0 0 2.384 303 48 1 1 0
./complex_md-fit_232.pdb BC A 9.6368 41.2305 -10.0186 -6.63488 -14.647 -23.758 -0.891839 40.3943 -23.8862 5.68592 9.29001 4.11863 0 0 0 0.319793 2.55046 -0.00927652 0 0 0 0 0 2.384 303 49 1 1 0
./complex_md-fit_233.pdb BC A 10.9095 33.8553 -5.36441 -6.0059 -11.037 -23.199 -1.0222 40.6509 -23.4553 7.58338 7.64029 3.11034 0 0 0 0.346463 3.94749 0.0235667 0 0 0 0 0 2.384 303 51 2 2 0
./complex_md-fit_234.pdb BC A 9.54227 29.3216 -9.41015 -5.67448 -11.206 -22.7267 -0.937422 39.7636 -23.2558 5.23767 6.27665 2.48389 0 0 0 0.606388 3.25156 0.0220243 0 0 0 0 0 2.384 303 49 1 1 0
./complex_md-fit_235.pdb BC A 8.86234 36.8801 -11.2945 -8.14031 -11.9582 -22.6259 -0.932717 36.3348 -23.0187 8.01906 8.16702 2.67314 0 0 0 0.194707 2.52606 -0.0100123 0 0 0 0 0.00262402 2.384 303 49 2 2 0
./complex_md-fit_236.pdb BC A 6.68724 23.6676 -6.22911 -3.15927 -11.2919 -23.702 -0.806868 41.0175 -24.0432 5.94147 6.50264 2.86094 0 0 0 0.426569 2.53994 0.0250902 0 0 0 0 0 2.384 303 53 0 0 0
./complex_md-fit_237.pdb BC A 9.78327 30.3235 -8.29294 -7.48734 -10.3357 -22.5811 -0.926114 38.3393 -22.8741 6.08627 6.92798 3.66844 0 0 0 0.889436 2.39766 5.55112e-17 0 0 0 0 0 2.384 303 47 1 1 0
./complex_md-fit_238.pdb BC A 7.87328 32.8822 -6.78862 -6.04427 -11.2729 -22.3095 -0.932363 37.95 -22.1854 5.86673 8.21268 3.26718 0 0 0 0.659212 2.2468 0 0 0 0 0 0 2.384 303 45 0 0 0
./complex_md-fit_239.pdb BC A 8.26867 38.6702 -13.1096 -7.10186 -10.2638 -22.6038 -0.928297 38.0676 -23.4337 3.2505 6.22031 3.50638 0 0 0 0.177201 2.41184 0 0 0 0 0 0 2.384 303 48 0 0 0
./complex_md-fit_23.pdb BC A 7.72688 34.3259 -5.61466 -5.12945 -10.28 -22.1405 -1.03659 39.1329 -21.8876 7.20236 6.3906 1.92344 0 0 0 0.170087 2.00781 0.0401252 0 0 0 0 0 2.384 303 47 2 2 0
./complex_md-fit_240.pdb BC A 7.34503 33.5226 -11.9658 -8.04689 -11.7702 -22.7143 -1.07299 38.6804 -22.8192 4.04765 7.94442 3.53803 0 0 0 0.2229 2.25512 0.024333 0 0 0 0 0 2.384 303 49 1 1 0
./complex_md-fit_241.pdb BC A 12.1009 31.6343 -13.306 -6.45376 -12.0763 -22.5737 -1.01585 37.9072 -23.0349 5.0167 5.93211 2.6711 0 0 0 0.308034 2.92931 0.0133259 0 0 0 0 0 2.384 303 48 0 0 0
./complex_md-fit_242.pdb BC A 9.26445 30.7666 -11.2122 -6.53337 -11.7095 -23.617 -0.912826 40.3546 -23.8499 6.38093 5.66101 2.63136 0 0 0 0.376785 3.01902 0.00567593 0 0 0 0 0 2.384 303 51 2 2 0
./complex_md-fit_243.pdb BC A 6.84456 39.2841 -16.8109 -8.02447 -14.1126 -22.3256 -1.04477 35.8752 -22.8493 3.83867 7.47367 3.7892 0 0 0 0.568406 2.48084 -0.00518146 0 0 0 0 0.00596221 2.384 303 48 2 2 0
./complex_md-fit_244.pdb BC A 7.39267 31.5706 -9.82635 -7.02681 -10.691 -22.4614 -0.886955 38.6272 -22.7044 4.34776 7.29056 3.42093 0 0 0 0.234818 3.4538 0.0229962 0 0 0 0 0 2.384 303 46 1 1 0
./complex_md-fit_245.pdb BC A 9.47074 29.985 -17.7475 -9.16085 -14.1657 -22.8988 -0.970851 38.8279 -23.3438 3.19413 7.04948 3.61292 0 0 0 0.117804 2.44884 -0.00963557 0 0 0 0 0 2.384 303 48 0 0 0
./complex_md-fit_246.pdb BC A 7.2101 36.0904 -9.57927 -4.37348 -10.5769 -20.9041 -0.936766 35.4066 -21.4892 4.37975 6.19508 2.36113 0 0 0 0.392312 3.49469 -0.0337008 0 0 0 0 0 2.384 303 50 0 0 0
./complex_md-fit_247.pdb BC A 13.209 39.1197 -11.5757 -6.72879 -10.8022 -20.7472 -0.813736 34.9255 -21.1876 3.98471 6.66323 2.60361 0 0 0 0.497463 3.23834 0.0293262 0 0 0 0 -1.11022e-16 2.384 303 44 0 0 0
./complex_md-fit_248.pdb BC A 10.2441 37.8247 -14.7551 -7.76839 -12.0064 -22.4477 -0.978668 37.0894 -23.5374 4.57848 7.13738 2.6855 0 0 0 0.393527 2.23487 0.0992849 0 0 0 0 0 2.384 303 48 1 1 0
./complex_md-fit_249.pdb BC A 8.13354 41.0287 -15.5958 -9.43583 -12.5871 -24.3457 -1.15426 40.6299 -25.123 3.44943 7.81431 4.15627 0 0 0 1.00022 2.61487 -1.11022e-16 0 0 0 0 0 2.384 303 47 0 0 0
./complex_md-fit_24.pdb BC A 8.29209 27.7791 -15.2622 -6.78736 -12.5047 -20.8559 -0.965747 36.0202 -20.9601 1.3126 7.32553 1.92232 0 0 0 0.141709 3.124 0.0893109 0 0 0 0 0 2.384 303 44 0 0 0
./complex_md-fit_250.pdb BC A 7.48695 39.3029 -15.8202 -9.08759 -12.5128 -22.4774 -1.06247 37.3569 -22.6502 3.82342 6.98427 3.09877 0 0 0 0.672006 2.29906 0.0348907 0 0 0 0 0 2.384 303 47 2 2 0
./complex_md-fit_251.pdb BC A 8.23119 33.5505 -10.5455 -7.17017 -13.4943 -23.9682 -0.991475 41.8034 -24.0172 5.87835 6.71931 4.01433 0 0 0 0.671035 2.79846 0.00949892 0 0 0 0 0 2.384 303 49 2 2 0
./complex_md-fit_252.pdb BC A 10.5374 29.8815 -9.27103 -6.81345 -11.5718 -22.0445 -0.792483 36.9314 -22.0201 7.19203 6.18282 3.57976 0 0 0 0.0575516 2.22936 0.0231078 0 0 0 0 0.00467716 2.384 303 46 1 1 0
./complex_md-fit_253.pdb BC A 9.31184 36.3031 -13.6331 -9.54607 -15.8627 -23.0696 -0.963592 40.4375 -23.1168 4.27545 9.55704 4.31161 0 0 0 0.355214 2.23613 -0.0112043 0 0 0 0 0 2.384 303 48 0 0 0
./complex_md-fit_254.pdb BC A 12.3255 28.2794 -10.6635 -5.25748 -12.9267 -22.0118 -0.961272 38.666 -22.2219 3.27955 8.07089 2.51438 0 0 0 0.175505 2.53724 0.0093453 0 0 0 0 0 2.384 303 48 2 2 0
./complex_md-fit_255.pdb BC A 6.76296 37.2689 -10.4875 -6.95888 -13.4262 -22.0176 -0.961879 38.8718 -21.9387 5.84392 7.22358 2.36958 0 0 0 0.479116 2.19914 0.0276982 0 0 0 0 0 2.384 303 47 2 2 0
./complex_md-fit_256.pdb BC A 6.35788 38.9645 -15.4461 -8.01552 -14.8727 -21.2815 -1.00221 36.5096 -21.1866 3.88947 6.54401 3.52499 0 0 0 0.417681 2.27829 0.0266185 0 0 0 0 0 2.384 303 47 1 1 0
./complex_md-fit_257.pdb BC A 6.92465 30.5705 -10.4519 -6.40878 -11.5022 -22.7291 -0.936436 38.8007 -23.337 5.49605 6.90028 3.0358 0 0 0 0.206851 2.64358 0.021975 0 0 0 0 0 2.384 303 48 2 2 0
./complex_md-fit_258.pdb BC A 7.35043 27.6325 -13.7637 -8.93524 -13.9182 -20.9023 -1.02453 35.1041 -20.8533 3.43154 9.29042 3.52569 0 0 0 0.499455 2.30396 0.0186443 0 0 0 0 0 2.384 303 48 0 0 0
./complex_md-fit_259.pdb BC A 10.0523 31.5439 -7.87352 -7.5772 -11.461 -22.851 -0.938037 39.0905 -22.7547 6.95641 7.92853 3.2865 0 0 0 0.432926 2.81485 0.0135018 0 0 0 0 0 2.384 303 46 1 1 0
./complex_md-fit_25.pdb BC A 6.32134 31.144 -11.3963 -7.9657 -11.1922 -23.4496 -1.2301 39.9366 -23.8114 5.67665 7.98777 2.41061 0 0 0 0.22468 1.93183 0.0165197 0 0 0 0 0 2.384 303 49 1 1 0
./complex_md-fit_260.pdb BC A 7.12179 35.5413 -14.2059 -6.6487 -13.2594 -21.1415 -0.956585 36.2852 -21.104 2.5785 7.0269 2.69547 0 0 0 0.3182 2.4172 0 0 0 0 0 0 2.384 303 46 0 0 0
./complex_md-fit_261.pdb BC A 8.41391 37.1992 -9.2279 -8.34877 -14.1225 -24.0206 -0.911708 43.3843 -23.3797 6.9165 8.0071 2.7047 0 0 0 0.538282 2.36846 0 0 0 0 0 0.00456682 2.384 303 49 1 1 0
./complex_md-fit_262.pdb BC A 9.03072 36.6509 -18.4854 -9.66761 -15.6616 -22.5297 -0.984537 37.9452 -22.6123 2.88576 8.91812 3.04283 0 0 0 0.192111 2.1118 -0.0137297 0 0 0 0 0 2.384 303 47 0 0 0
./complex_md-fit_263.pdb BC A 6.72789 28.6189 -11.6138 -7.69968 -12.0058 -21.963 -0.978286 37.7776 -22.31 6.10522 6.60914 2.36929 0 0 0 0.431196 2.757 0.050567 0 0 0 0 0 2.384 303 48 0 0 0
./complex_md-fit_264.pdb BC A 6.85566 34.7762 -13.0005 -9.93719 -13.9185 -23.6206 -0.999054 39.4462 -24.0925 6.03926 10.2737 3.54104 0 0 0 0.259205 2.58064 0.00792681 0 0 0 0 0 2.384 303 46 2 2 0
./complex_md-fit_265.pdb BC A 8.80911 37.3689 -9.27557 -9.9591 -12.4566 -24.3409 -1.11616 40.6591 -24.7926 8.50291 9.04652 4.63912 0 0 0 0.553594 2.50332 -0.0114568 0 0 0 0 0 2.384 303 49 2 2 0
./complex_md-fit_266.pdb BC A 6.22324 34.1157 -11.7635 -5.33525 -12.2306 -22.6709 -0.865126 39.2086 -22.755 3.96795 6.10508 2.35005 0 0 0 0.461661 3.76341 0 0 0 0 0 0 2.384 303 45 0 0 0
./complex_md-fit_267.pdb BC A 7.20598 42.4856 -17.1137 -11.1556 -13.216 -23.6644 -0.941175 39.1951 -23.9384 2.60593 9.15833 3.69215 0 0 0 1.15033 2.90806 0 0 0 0 0 0 2.384 303 48 0 0 0
./complex_md-fit_268.pdb BC A 6.93148 30.8478 -3.31123 -6.93707 -10.2952 -23.1538 -0.808251 41.9025 -23.0422 8.19948 6.18598 3.57593 0 0 0 1.03729 2.27849 0.0241102 0 0 0 0 0 2.384 303 49 1 1 0
./complex_md-fit_269.pdb BC A 7.17617 42.1534 -15.7176 -7.64438 -12.8875 -22.2386 -0.899906 36.3656 -22.655 2.97936 7.9966 2.62982 0 0 0 0.626377 2.42175 0.0100292 0 0 0 0 0 2.384 303 46 0 0 0
./complex_md-fit_26.pdb BC A 8.90363 36.2666 -14.5368 -9.49985 -13.0675 -24.2261 -1.13867 41.5169 -24.1388 4.83439 8.65321 2.10789 0 0 0 0.412483 2.48582 0.00924065 0 0 0 0 0 2.384 303 48 0 0 0
./complex_md-fit_270.pdb BC A 8.75931 37.6246 -14.2949 -8.30998 -12.7299 -22.099 -0.934086 37.2111 -21.9036 4.31012 6.59596 2.91845 0 0 0 0.656552 1.74766 -0.0105307 0 0 0 0 0 2.384 303 49 0 0 0
./complex_md-fit_271.pdb BC A 8.86739 24.5423 -14.6827 -7.8699 -13.7984 -23.3225 -1.04371 39.9286 -22.8504 2.15068 7.70408 3.7541 0 0 0 0.682429 2.45171 -0.0176597 0 0 0 0 0 2.384 303 47 0 0 0
./complex_md-fit_272.pdb BC A 6.2442 34.1338 -16.3181 -6.85982 -13.108 -23.0396 -0.991009 38.9625 -23.0177 2.60491 6.32466 2.18593 0 0 0 0.63078 3.4924 -0.0108468 0 0 0 0 0 2.384 303 45 0 0 0
./complex_md-fit_273.pdb BC A 10.8261 33.0588 -12.0296 -5.12831 -11.6015 -21.9459 -1.06603 36.3449 -22.2982 5.33731 5.6983 1.80081 0 0 0 0.855771 3.37274 -0.0267363 0 0 0 0 0 2.384 303 48 2 2 0
./complex_md-fit_274.pdb BC A 7.73626 31.0172 -12.9074 -7.15448 -10.423 -22.5614 -0.91125 38.6111 -22.3361 2.90836 6.26118 2.15679 0 0 0 0.530395 2.43965 0.010967 0 0 0 0 0 2.384 303 50 0 0 0
./complex_md-fit_275.pdb BC A 8.84754 38.1835 0.0586307 -4.00458 -9.53641 -22.6656 -0.995593 41.1745 -22.5063 8.46872 6.68041 3.13964 0 0 0 0.323175 3.29627 -0.0194467 0 0 0 0 0 2.384 303 45 2 2 0
./complex_md-fit_276.pdb BC A 6.723 31.9143 -15.908 -8.54472 -12.1751 -22.9667 -0.858717 38.276 -22.6934 2.64906 6.74155 3.12511 0 0 0 0.578035 2.65904 -0.0390981 0 0 0 0 0 2.384 303 45 0 0 0
./complex_md-fit_277.pdb BC A 9.30176 38.7281 -11.0786 -5.20492 -12.2954 -23.458 -0.905314 39.9473 -23.2041 4.72662 5.90973 3.07075 0 0 0 0.349516 2.92924 -0.0176199 0 0 0 0 0.00289918 2.384 303 47 1 1 0
./complex_md-fit_278.pdb BC A 9.98269 33.2913 -13.5129 -8.79196 -13.2859 -23.1733 -1.11256 38.6896 -22.8552 5.6572 7.55431 3.6985 0 0 0 0.119934 2.82736 -0.0160043 0 0 0 0 0.00255726 2.384 303 48 1 1 0
./complex_md-fit_279.pdb BC A 7.65727 33.7759 -12.9298 -7.26422 -12.8864 -23.4246 -0.995777 39.8856 -23.3634 4.29954 7.33632 3.10769 0 0 0 0.375455 2.82047 0 0 0 0 0 0 2.384 303 46 0 0 0
./complex_md-fit_27.pdb BC A 7.71473 35.2889 -2.72552 -6.63595 -10.9179 -24.6142 -0.975064 43.3256 -24.9853 9.49125 9.08567 2.87886 0 0 0 0.63228 2.04557 -0.0107798 0 0 0 0 0 2.384 303 52 1 1 0
./complex_md-fit_280.pdb BC A 7.65737 29.3741 -9.53027 -7.95251 -14.8122 -23.889 -0.96641 41.6352 -23.2607 6.66955 9.19674 3.51512 0 0 0 0.329944 2.28135 0 0 0 0 0 0.0039398 2.384 303 48 1 1 0
./complex_md-fit_281.pdb BC A 8.65712 43.3132 -8.6115 -5.94603 -10.6261 -23.1667 -1.04253 39.0027 -23.2504 5.9228 8.20163 2.11396 0 0 0 0.184828 2.89473 -0.00565474 0 0 0 0 0 2.384 303 46 1 1 0
./complex_md-fit_282.pdb BC A 8.28186 36.9211 -8.10702 -6.05001 -9.19675 -22.1662 -0.990503 39.2272 -22.0794 4.22982 5.77613 2.99938 0 0 0 0.156002 2.4658 -0.0127214 0 0 0 0 0 2.384 303 46 2 2 0
./complex_md-fit_283.pdb BC A 9.20464 37.3852 -10.0275 -7.46695 -14.6712 -23.9253 -1.13073 42.0354 -23.5225 7.62036 8.29656 2.57867 0 0 0 0.170911 2.69404 -0.0191053 0 0 0 0 0.00637258 2.384 303 44 2 2 0
./complex_md-fit_284.pdb BC A 7.62645 33.2115 -8.18267 -5.45944 -15.2265 -23.5603 -1.10349 41.0023 -23.0286 5.76973 9.57763 3.65233 0 0 0 0.203294 2.25834 -0.00957148 0 0 0 0 0 2.384 303 47 1 1 0
./complex_md-fit_285.pdb BC A 6.91952 36.4201 -10.0157 -6.72781 -11.3164 -23.4355 -0.81961 39.6014 -23.4093 5.91521 6.34455 3.60827 0 0 0 0.225198 2.68703 -0.00175212 0 0 0 0 0 2.384 303 48 1 1 0
./complex_md-fit_286.pdb BC A 9.58124 39.4744 -18.7514 -8.66143 -13.3274 -24.5101 -0.937479 40.7414 -24.6818 3.20746 5.66155 3.14393 0 0 0 0.60081 2.94694 0.0117696 0 0 0 0 0 2.384 303 47 0 0 0
./complex_md-fit_287.pdb BC A 7.40316 33.3943 -13.5312 -9.37255 -13.6781 -25.0461 -0.887727 43.3574 -24.7917 4.73164 7.81464 4.01696 0 0 0 0.299784 2.61538 0.0245838 0 0 0 0 0 2.384 303 47 1 1 0
./complex_md-fit_288.pdb BC A 6.63542 30.4548 -5.04712 -5.12067 -9.56691 -23.0746 -0.826421 40.3354 -23.0503 6.26678 6.10116 3.50606 0 0 0 0.394534 3.62601 -0.0121455 0 0 0 0 0 2.384 303 48 2 2 0
./complex_md-fit_289.pdb BC A 8.62421 38.5121 -5.72286 -6.13256 -10.6961 -22.3334 -0.936937 38.4081 -22.0398 6.97364 6.83666 3.88406 0 0 0 0.317741 3.838 -0.00423484 0 0 0 0 0 2.384 303 46 2 2 0
./complex_md-fit_28.pdb BC A 7.14062 41.1041 -16.6059 -8.64118 -15.2739 -23.8357 -1.1574 40.7434 -23.7542 3.99854 8.71541 2.27554 0 0 0 0.317076 2.10152 0.00647114 0 0 0 0 0 2.384 303 51 0 0 0
./complex_md-fit_290.pdb BC A 9.03089 33.4168 -9.58231 -5.84356 -12.3417 -23.0241 -0.898802 39.2638 -23.1255 6.33909 7.49473 2.34667 0 0 0 0.207155 2.27064 0 0 0 0 0 0 2.384 303 49 1 1 0
./complex_md-fit_291.pdb BC A 8.95682 33.9744 -8.96565 -7.59276 -10.966 -23.3889 -1.01535 39.7882 -23.4498 5.05907 7.66187 4.68364 0 0 0 0.254342 2.16586 1.11022e-16 0 0 0 0 0 2.384 303 46 0 0 0
./complex_md-fit_292.pdb BC A 11.0597 37.5056 -11.1046 -6.82801 -14.1333 -24.9248 -0.948949 43.1134 -24.5836 4.98878 8.26971 3.3071 0 0 0 0.646869 4.09218 -0.0118498 0 0 0 0 0 2.384 303 49 2 2 0
./complex_md-fit_293.pdb BC A 8.61968 37.309 -11.6027 -6.56164 -12.9104 -22.6522 -0.928802 39.457 -22.6788 3.72572 8.10574 2.45375 0 0 0 0.35649 3.83057 0.030386 0 0 0 0 0 2.384 303 49 0 0 0
./complex_md-fit_294.pdb BC A 8.75559 34.0057 -8.6485 -7.45952 -9.63543 -21.8535 -0.905941 37.1752 -21.5273 4.60362 5.29895 5.06658 0 0 0 0.588731 2.18672 0 0 0 0 0 0 2.384 303 47 2 2 0
./complex_md-fit_295.pdb BC A 8.00825 34.1305 -8.47023 -7.91003 -11.619 -22.8536 -0.930401 40.28 -22.4171 5.49501 7.84572 3.33819 0 0 0 0.279641 2.68479 0.0213526 0 0 0 0 0 2.384 303 48 2 2 0
./complex_md-fit_296.pdb BC A 8.31797 35.5464 3.58249 -6.02952 -8.27674 -23.2801 -0.768525 43.0314 -22.7689 7.60074 9.86504 3.76005 0 0 0 0.449012 2.4433 0 0 0 0 0 0 2.384 303 49 2 2 0
./complex_md-fit_297.pdb BC A 11.5212 38.4437 -6.20395 -8.08695 -13.7707 -23.2986 -0.905319 41.344 -22.8354 6.7373 10.4529 4.04931 0 0 0 0.0709706 2.0702 0.0384889 0 0 0 0 0 2.384 303 46 0 0 0
./complex_md-fit_298.pdb BC A 9.0021 41.0316 -9.1822 -6.24512 -13.8134 -23.6474 -1.2839 42.6781 -23.1052 5.46146 7.78448 2.66581 0 0 0 0.301232 2.00292 0.0218195 0 0 0 0 0 2.384 303 50 1 1 0
./complex_md-fit_299.pdb BC A 6.90269 33.4915 -15.6531 -7.89841 -16.1629 -22.8848 -1.04033 39.4095 -22.8699 4.89847 8.07049 2.156 0 0 0 0.668849 1.98929 0 0 0 0 0 0 2.384 303 49 1 1 0
./complex_md-fit_29.pdb BC A 6.88815 31.4483 -15.1672 -8.13228 -14.1295 -23.9316 -1.23215 41.9056 -24.1368 4.15101 8.17617 1.86558 0 0 0 0.307658 3.71227 -0.010995 0 0 0 0 0 2.384 303 53 1 1 0
./complex_md-fit_2.pdb BC A 7.74163 40.776 -14.5814 -7.453 -11.067 -21.5714 -0.818814 36.7542 -20.9903 2.72638 5.90788 1.47413 0 0 0 0.423724 2.01368 0.0326884 0 0 0 0 0 2.384 303 50 0 0 0
./complex_md-fit_300.pdb BC A 10.8436 35.3546 -8.12035 -5.84041 -10.6191 -20.4127 -0.818982 36.231 -19.8612 1.90604 8.25093 2.85801 0 0 0 0.164489 1.63322 0.0216084 0 0 0 0 0 2.384 303 45 0 0 0
./complex_md-fit_301.pdb BC A 7.27558 32.7304 -7.72723 -6.2503 -9.54109 -21.7342 -0.886046 36.941 -21.833 6.05839 6.06994 3.26545 0 0 0 0.159229 2.23785 0.0233463 0 0 0 0 0 2.384 303 48 1 1 0
./complex_md-fit_302.pdb BC A 6.15633 37.5292 -10.6936 -6.97548 -13.1586 -23.6149 -0.857261 40.3975 -23.1382 5.68005 7.96975 2.62301 0 0 0 0.375745 2.41686 0 0 0 0 0 0.00476713 2.384 303 49 2 2 0
./complex_md-fit_303.pdb BC A 9.24111 46.2249 -7.20799 -6.95798 -10.9966 -22.4747 -0.823061 39.798 -22.3582 3.1324 9.32739 3.67768 0 0 0 0.467068 1.86995 0 0 0 0 0 0 2.384 303 48 0 0 0
./complex_md-fit_304.pdb BC A 5.87234 37.746 -12.8487 -6.7873 -11.9918 -22.8526 -0.760036 39.3457 -22.9785 2.5883 7.28547 2.95339 0 0 0 0.348692 2.39261 0 0 0 0 0 0 2.384 303 48 0 0 0
./complex_md-fit_305.pdb BC A 8.08369 40.9621 -11.4655 -8.52654 -14.5269 -23.9981 -1.14346 42.6274 -23.6632 4.87603 9.3245 3.08943 0 0 0 0.453843 2.47717 0.0215097 0 0 0 0 0 2.384 303 50 2 2 0
./complex_md-fit_306.pdb BC A 6.87503 34.2581 -5.6781 -7.97886 -14.939 -24.1763 -1.00108 44.7584 -23.502 6.08684 10.824 3.77333 0 0 0 0.476563 2.07201 0 0 0 0 0 0 2.384 303 51 0 0 0
./complex_md-fit_307.pdb BC A 7.8383 31.2914 -8.09041 -6.86796 -14.4163 -22.0399 -1.34137 39.3665 -21.3252 5.37007 10.1909 2.74732 0 0 0 0.203358 2.40481 0.0221909 0 0 0 0 0 2.384 303 47 1 1 0
./complex_md-fit_308.pdb BC A 8.83845 33.4174 -12.1208 -7.40148 -13.3383 -22.1028 -1.02227 38.8113 -21.8298 2.62307 8.07568 3.63674 0 0 0 0.402377 2.05344 0.0246581 0 0 0 0 0 2.384 303 48 0 0 0
./complex_md-fit_309.pdb BC A 9.91745 32.282 -6.0488 -4.51843 -12.0534 -23.6016 -1.00718 40.5511 -23.5121 5.53473 8.50174 3.84774 0 0 0 0.20872 2.43065 0 0 0 0 0 0 2.384 303 48 0 0 0
./complex_md-fit_30.pdb BC A 6.83832 35.0567 -4.55419 -6.14167 -8.15489 -23.8469 -1.14994 42.4275 -23.8881 5.06884 8.81633 1.57514 0 0 0 0.673853 2.23567 0.0657122 0 0 0 0 0 2.384 303 52 0 0 0
./complex_md-fit_310.pdb BC A 8.4066 33.0991 -9.42512 -7.03769 -10.909 -22.7931 -0.902954 39.3993 -22.8075 5.08221 6.95487 3.27135 0 0 0 0.31743 2.75273 2.77556e-17 0 0 0 0 0 2.384 303 49 1 1 0
./complex_md-fit_311.pdb BC A 8.1235 38.3773 -13.7734 -8.38758 -11.5276 -23.0192 -1.10792 39.9047 -22.9344 2.90097 6.81821 3.38171 0 0 0 0.176581 2.54594 0.0210639 0 0 0 0 0 2.384 303 49 0 0 0
./complex_md-fit_312.pdb BC A 8.11171 35.8997 -10.7302 -8.97607 -12.7925 -23.499 -1.02816 41.5157 -23.414 5.36222 8.66764 3.18841 0 0 0 0.255576 2.42945 -0.0100232 0 0 0 0 0 2.384 303 50 1 1 0
./complex_md-fit_313.pdb BC A 6.39472 36.4513 -8.70271 -7.52826 -10.2112 -23.0589 -0.926214 40.2507 -23.0317 4.53674 6.80304 3.86317 0 0 0 0.580666 2.73944 0.0193482 0 0 0 0 0 2.384 303 51 1 1 0
./complex_md-fit_314.pdb BC A 9.05371 36.9178 -10.8955 -6.79966 -13.1216 -24.1755 -1.0905 42.6793 -24.2609 5.22984 8.034 2.36704 0 0 0 0.233121 3.3121 0.00934945 0 0 0 0 0 2.384 303 48 1 1 0
./complex_md-fit_315.pdb BC A 8.65155 36.2605 -13.6305 -9.30433 -13.7553 -22.2051 -1.00868 38.3792 -21.7836 4.65691 7.59208 3.29397 0 0 0 0.513634 2.57128 -0.00926802 0 0 0 0 0 2.384 303 47 0 0 0
./complex_md-fit_316.pdb BC A 7.07718 40.4525 -9.66637 -6.30372 -10.408 -22.1207 -0.95291 36.6425 -22.0062 5.57135 7.00816 2.77211 0 0 0 0.110551 3.39301 0.0204103 0 0 0 0 0 2.384 303 48 2 2 0
./complex_md-fit_317.pdb BC A 7.42962 34.4115 -10.8228 -6.41973 -12.454 -23.19 -0.992456 38.5168 -23.4698 5.90586 8.45994 2.64332 0 0 0 0.166881 2.66695 0.0104128 0 0 0 0 0 2.384 303 48 2 2 0
./complex_md-fit_318.pdb BC A 7.13086 29.616 -11.5725 -8.62346 -12.533 -23.8223 -1.08553 40.7486 -23.4049 5.03008 9.00702 2.8349 0 0 0 0.236668 2.4853 0.0394302 0 0 0 0 0 2.384 303 46 2 2 0
./complex_md-fit_319.pdb BC A 9.43606 37.6142 -14.8104 -6.56397 -12.2395 -22.9885 -0.912351 37.7635 -23.13 2.82043 6.4811 3.41423 0 0 0 0.583599 3.23393 -0.0388798 0 0 0 0 0 2.384 303 46 0 0 0
./complex_md-fit_31.pdb BC A 6.44425 42.0809 -12.8744 -8.81212 -13.9443 -24.3247 -1.24844 41.5574 -24.1421 6.16783 8.22792 3.14425 0 0 0 0.457803 2.6952 0.0421026 0 0 0 0 0 2.384 303 51 0 0 0
./complex_md-fit_320.pdb BC A 8.45088 33.405 -12.5016 -7.79081 -12.5046 -23.2088 -0.975752 39.8558 -22.9342 4.57457 6.75466 3.23268 0 0 0 0.494882 2.31174 0 0 0 0 0 0 2.384 303 49 1 1 0
./complex_md-fit_321.pdb BC A 8.47065 33.93 -19.3267 -10.4262 -14.9004 -23.1777 -1.07236 38.3852 -23.1586 3.74545 7.25122 3.26438 0 0 0 0.762257 2.45908 0 0 0 0 0 0 2.384 303 51 0 0 0
./complex_md-fit_322.pdb BC A 7.10888 36.9423 -14.1345 -6.49493 -12.5423 -21.6859 -0.871358 37.0762 -21.7767 3.45911 6.08419 2.31616 0 0 0 0.301039 3.63038 0 0 0 0 0 0 2.384 303 49 0 0 0
./complex_md-fit_323.pdb BC A 8.87374 28.0097 -12.7076 -7.24998 -11.455 -20.7319 -0.832638 35.3431 -20.3789 3.2434 5.94136 2.8746 0 0 0 0.538304 2.25529 0 0 0 0 0 0 2.384 303 48 1 1 0
./complex_md-fit_324.pdb BC A 8.51866 30.619 -13.9265 -8.03896 -12.5099 -23.0392 -0.773413 37.2459 -23.6776 4.49385 7.69405 4.48538 0 0 0 0.172211 2.24447 0.0210428 0 0 0 0 0 2.384 303 47 1 1 0
./complex_md-fit_325.pdb BC A 7.71122 33.9821 -12.273 -8.56484 -12.5603 -24.6562 -0.86247 41.6517 -24.7892 6.30689 7.85837 3.18549 0 0 0 0.187649 2.54188 -0.0301673 0 0 0 0 0 2.384 303 48 1 1 0
./complex_md-fit_326.pdb BC A 6.756 42.0669 -10.0855 -7.34357 -13.1327 -23.0508 -0.719166 40.5767 -23.2188 4.70854 9.06794 2.76245 0 0 0 0.263924 2.72767 0 0 0 0 0 0 2.384 303 49 1 1 0
./complex_md-fit_327.pdb BC A 7.77887 32.1063 -9.91671 -6.03369 -10.2436 -21.9669 -0.725216 37.0694 -22.3157 4.01196 6.88148 3.05305 0 0 0 0.352476 2.1171 0 0 0 0 0 0 2.384 303 49 0 0 0
./complex_md-fit_328.pdb BC A 7.47997 30.4046 -15.0361 -6.64866 -12.9855 -23.9641 -1.03842 38.4032 -24.2608 5.39028 6.29247 3.54633 0 0 0 0.236311 3.70573 -0.00714493 0 0 0 0 0 2.384 303 51 0 0 0
./complex_md-fit_329.pdb BC A 7.97989 42.4347 -14.326 -5.65139 -13.4975 -22.5247 -1.0591 38.2226 -22.5197 3.75545 5.62775 2.80783 0 0 0 0.493183 2.40395 0.0195966 0 0 0 0 0 2.384 303 50 0 0 0
./complex_md-fit_32.pdb BC A 7.49808 34.6756 -14.7969 -9.19617 -13.9522 -23.8831 -1.04849 41.1697 -23.7337 5.34101 8.18413 1.96538 0 0 0 0.356547 2.78815 0 0 0 0 0 0 2.384 303 53 1 1 0
./complex_md-fit_330.pdb BC A 8.97044 31.292 -14.4522 -6.90716 -14.1817 -24.3228 -1.17651 41.1932 -24.205 4.12023 6.89119 3.77475 0 0 0 0.361701 2.62953 0 0 0 0 0 0 2.384 303 51 0 0 0
./complex_md-fit_331.pdb BC A 8.81082 42.1087 -13.0654 -7.50992 -12.2815 -22.9407 -1.04686 38.8435 -22.7057 3.74499 6.75716 3.47597 0 0 0 0.597656 2.26939 0 0 0 0 0 0 2.384 303 49 0 0 0
./complex_md-fit_332.pdb BC A 7.63178 35.7444 -9.65987 -6.73402 -12.7538 -23.261 -1.10101 39.4843 -23.3249 5.3216 8.7477 3.47663 0 0 0 0.484596 2.02635 0 0 0 0 0 0 2.384 303 49 1 1 0
./complex_md-fit_333.pdb BC A 7.20969 34.0757 -14.6612 -7.87509 -14.4369 -21.8754 -1.21204 37.8311 -21.7877 4.51953 7.39724 2.205 0 0 0 0.572952 3.80611 0 0 0 0 0 0 2.384 303 49 2 2 0
./complex_md-fit_334.pdb BC A 9.53779 37.5719 -2.18437 -3.69628 -9.21793 -21.8419 -1.19227 39.2064 -21.7878 6.48986 6.70161 2.89835 0 0 0 0.231396 2.98324 0.0219454 0 0 0 0 0.00216248 2.384 303 49 2 2 0
./complex_md-fit_335.pdb BC A 5.91595 40.0081 -13.7181 -7.29257 -15.4377 -22.375 -0.991983 39.2309 -22.281 3.28658 8.48547 3.49896 0 0 0 0.158354 3.28731 0 0 0 0 0 0 2.384 303 51 1 1 0
./complex_md-fit_336.pdb BC A 8.32538 37.5643 -9.62413 -8.23637 -12.9227 -22.5369 -0.97228 39.233 -22.2294 5.72643 8.40103 3.52896 0 0 0 0.384124 2.62186 0 0 0 0 0 0 2.384 303 48 2 2 0
./complex_md-fit_337.pdb BC A 7.03834 30.638 -9.68712 -5.968 -13.3291 -22.8693 -1.09105 38.1072 -22.8686 7.34558 7.43761 3.43459 0 0 0 0.0933909 2.43957 0.0205691 0 0 0 0 0 2.384 303 49 1 1 0
./complex_md-fit_338.pdb BC A 8.72587 37.7399 -11.6777 -7.33801 -12.7601 -22.0087 -1.00911 38.3615 -21.7633 3.19787 7.33096 3.99688 0 0 0 0.31428 2.49342 0 0 0 0 0 0 2.384 303 48 0 0 0
./complex_md-fit_339.pdb BC A 6.68274 33.5547 -8.55294 -6.13804 -9.67171 -23.6927 -0.895844 39.9233 -23.9578 5.13151 6.88391 3.68677 0 0 0 0.155573 3.44103 0.0221532 0 0 0 0 0 2.384 303 52 1 1 0
./complex_md-fit_33.pdb BC A 6.91707 41.8514 -8.66326 -7.52893 -11.4408 -23.4872 -1.08707 41.5471 -23.0612 5.66338 8.03685 2.31583 0 0 0 0.284541 2.32669 0.0941806 0 0 0 0 0 2.384 303 53 0 0 0
./complex_md-fit_340.pdb BC A 10.4517 35.0765 -5.90241 -4.60732 -9.64483 -23.055 -0.981017 39.6319 -23.001 6.23568 5.43897 3.76263 0 0 0 0.31746 2.08325 0 0 0 0 0 0 2.384 303 49 0 0 0
./complex_md-fit_341.pdb BC A 8.75432 26.1346 -10.6984 -7.54697 -11.2483 -23.0544 -1.04004 38.7991 -23.4498 5.40214 8.34825 2.44992 0 0 0 0.635323 2.66956 0 0 0 0 0 0.00651643 2.384 303 50 0 0 0
./complex_md-fit_342.pdb BC A 7.50248 31.7471 -4.80839 -7.25312 -14.1022 -24.9446 -1.05981 46.363 -24.6693 5.7874 11.3362 3.46433 0 0 0 0.249908 2.86091 0.0197108 0 0 0 0 0 2.384 303 51 0 0 0
./complex_md-fit_343.pdb BC A 7.00138 38.7101 -7.17639 -6.79849 -11.2926 -24.6375 -0.997249 42.2851 -24.2104 4.32517 9.51676 4.15092 0 0 0 0.456263 2.98135 0.0256097 0 0 0 0 0 2.384 303 51 1 1 0
./complex_md-fit_344.pdb BC A 8.74653 33.9767 -13.1756 -9.62686 -13.278 -23.2384 -1.01467 39.6732 -23.4626 4.13037 10.0194 2.98444 0 0 0 0.612959 2.81933 0.0245991 0 0 0 0 0 2.384 303 50 0 0 0
./complex_md-fit_345.pdb BC A 6.73722 27.8182 -12.2881 -8.47498 -10.8889 -22.0864 -0.896292 37.9323 -21.8747 1.6239 8.30025 3.2595 0 0 0 0.817188 2.77894 0 0 0 0 0 0 2.384 303 50 0 0 0
./complex_md-fit_346.pdb BC A 7.60708 37.6452 -11.7583 -8.74475 -12.6779 -23.8446 -0.958271 42.0173 -23.6865 4.38813 8.29511 2.81367 0 0 0 0.639534 2.61107 0 0 0 0 0 0 2.384 303 52 2 2 0
./complex_md-fit_347.pdb BC A 6.99874 39.9949 -9.44123 -8.1349 -12.0744 -24.0994 -0.899331 40.6761 -23.8585 5.77189 8.6354 3.8187 0 0 0 0.723252 3.94647 0 0 0 0 0 0 2.384 303 50 1 1 0
./complex_md-fit_348.pdb BC A 8.85966 42.4234 -12.033 -7.62859 -10.5043 -23.3672 -0.883677 40.1906 -23.8189 2.03681 7.21024 4.38573 0 0 0 0.346343 2.59506 0 0 0 0 0 0 2.384 303 49 0 0 0
./complex_md-fit_349.pdb BC A 8.2647 36.945 -9.67132 -9.57708 -12.1317 -23.5657 -1.13739 41.2054 -23.1051 5.53876 8.16447 4.11878 0 0 0 0.81434 3.05489 0 0 0 0 0 0.00388243 2.384 303 49 1 1 0
./complex_md-fit_34.pdb BC A 10.1611 37.8761 -9.68177 -6.52068 -12.8944 -23.9431 -1.04532 43.0477 -23.4557 3.68539 8.52269 2.22489 0 0 0 0.707841 2.81469 -0.0110027 0 0 0 0 0 2.384 303 51 2 2 0
./complex_md-fit_350.pdb BC A 7.94803 33.0086 -7.21259 -6.45243 -11.3769 -23.546 -0.876398 41.5614 -23.2049 4.10088 8.34412 3.49743 0 0 0 0.740265 3.92213 0 0 0 0 0 0 2.384 303 47 0 0 0
./complex_md-fit_351.pdb BC A 7.02771 36.7339 -9.46569 -8.97322 -11.2662 -24.2072 -0.94876 41.3068 -24.3182 5.77019 8.78465 4.0418 0 0 0 0.344405 3.87872 0 0 0 0 0 0 2.384 303 48 2 2 0
./complex_md-fit_352.pdb BC A 9.93995 35.2061 -12.2901 -9.83382 -12.4653 -24.0069 -0.903799 40.9383 -24.0541 3.73899 9.6096 4.11124 0 0 0 0.575585 4.07434 0 0 0 0 0 0 2.384 303 48 0 0 0
./complex_md-fit_353.pdb BC A 6.73947 28.8215 -7.39482 -8.17524 -8.79035 -24.0897 -0.760149 41.8814 -24.2223 4.55227 7.96584 3.88486 0 0 0 0.335853 4.39093 0.0226628 0 0 0 0 0 2.384 303 49 1 1 0
./complex_md-fit_354.pdb BC A 8.79971 45.5058 -9.03193 -8.10065 -9.12752 -22.1101 -0.844063 37.6567 -22.0996 3.18626 8.12411 3.94235 0 0 0 0.340479 2.85457 0 0 0 0 0 0 2.384 303 49 0 0 0
./complex_md-fit_355.pdb BC A 9.65118 41.2603 -15.2983 -7.0366 -12.4868 -21.9689 -0.793454 36.1093 -22.4548 3.52868 6.01412 3.43552 0 0 0 0.34886 2.43756 0 0 0 0 0 0.00575437 2.384 303 45 0 0 0
./complex_md-fit_356.pdb BC A 9.4797 37.2983 -9.40359 -6.03546 -12.3077 -22.2212 -0.932927 38.7724 -22.0213 4.32037 7.07782 3.21209 0 0 0 0.711634 3.45681 0.0205808 0 0 0 0 0 2.384 303 46 0 0 0
./complex_md-fit_357.pdb BC A 6.7512 42.5076 -8.35072 -9.3288 -11.6069 -22.6765 -0.937185 40.8274 -21.9436 4.29406 9.06459 3.40368 0 0 0 0.552544 3.7262 0 0 0 0 0 0 2.384 303 49 0 0 0
./complex_md-fit_358.pdb BC A 7.98799 31.3799 -4.61622 -6.24061 -10.151 -21.1849 -0.963718 37.5254 -20.969 5.88211 6.99076 3.23728 0 0 0 1.23455 2.67622 0.0228794 0 0 0 0 0 2.384 303 46 2 2 0
./complex_md-fit_359.pdb BC A 7.45302 35.449 -12.3899 -8.49424 -11.7969 -23.0953 -1.07478 39.1101 -23.6495 3.96684 8.41746 3.76868 0 0 0 0.45767 3.05614 0 0 0 0 0 0 2.384 303 50 0 0 0
./complex_md-fit_35.pdb BC A 7.49122 29.3156 -15.0675 -7.22388 -14.2103 -23.388 -0.926089 39.9913 -23.0521 4.08153 6.41017 2.65685 0 0 0 0.602726 3.43487 -0.00964506 0 0 0 0 0 2.384 303 50 0 0 0
./complex_md-fit_360.pdb BC A 7.02932 29.5796 -6.02528 -5.01572 -10.1677 -22.2476 -0.882282 38.9329 -22.1602 4.01904 7.52841 3.17109 0 0 0 0.791333 3.97691 0 0 0 0 0 0.00552341 2.384 303 48 1 1 0
./complex_md-fit_361.pdb BC A 7.55075 32.228 -6.28096 -8.66493 -8.99596 -22.5586 -0.907542 38.3888 -22.9009 7.57101 7.15363 4.34135 0 0 0 0.292207 2.95011 0 0 0 0 0 0 2.384 303 52 3 3 0
./complex_md-fit_362.pdb BC A 6.28439 26.6313 -5.96799 -8.57394 -8.36442 -23.5343 -0.847453 41.0104 -23.7935 5.59203 8.90716 3.2365 0 0 0 0.377456 2.72329 0.0220871 0 0 0 0 0 2.384 303 50 1 1 0
./complex_md-fit_363.pdb BC A 7.89436 28.246 -12.3625 -8.25109 -10.2745 -21.7513 -0.823031 36.8364 -21.7081 2.73323 7.52 3.10353 0 0 0 0.248134 2.38632 0.00424277 0 0 0 0 0 2.384 303 50 2 2 0
./complex_md-fit_364.pdb BC A 9.75172 30.3388 -15.923 -10.0728 -13.7738 -23.3878 -0.797433 38.7832 -23.2763 3.47225 9.11999 3.56335 0 0 0 0.425974 2.64504 0.0203388 0 0 0 0 0 2.384 303 49 0 0 0
./complex_md-fit_365.pdb BC A 7.61377 36.6948 -12.3789 -9.49759 -11.72 -23.0658 -0.989115 38.9154 -23.0218 3.10673 9.51315 4.01447 0 0 0 0.365655 2.85803 0 0 0 0 0 0 2.384 303 50 1 1 0
./complex_md-fit_366.pdb BC A 7.91729 33.6464 -9.01474 -9.3984 -11.6759 -24.1048 -1.00909 41.4085 -23.8738 6.34091 8.9798 3.75789 0 0 0 0.54004 3.5478 0.0200864 0 0 0 0 0 2.384 303 49 3 3 0
./complex_md-fit_367.pdb BC A 6.97625 37.8573 -7.07742 -8.58461 -10.5193 -23.8193 -1.01463 40.7185 -23.9186 7.5709 7.71635 4.47056 0 0 0 0.282604 2.79552 0.0200303 0 0 0 0 0 2.384 303 52 1 1 0
./complex_md-fit_368.pdb BC A 13.4343 29.1454 -10.4847 -7.87259 -11.4353 -23.1499 -0.919838 39.8141 -22.9276 3.43896 7.40636 4.16663 0 0 0 0.994564 2.48789 -1.11022e-16 0 0 0 0 0 2.384 303 52 0 0 0
./complex_md-fit_369.pdb BC A 7.84919 37.3398 -6.88612 -6.23832 -10.2687 -22.8789 -0.870097 40.6668 -22.7175 3.63998 7.07334 3.79935 0 0 0 0.907992 2.63833 0 0 0 0 0 0 2.384 303 52 1 1 0
./complex_md-fit_36.pdb BC A 8.18759 36.3549 -4.41625 -6.37892 -12.8234 -22.6145 -1.02271 40.7777 -22.1623 8.47294 8.80901 2.33627 0 0 0 0.163815 3.68677 0.0257972 0 0 0 0 0 2.384 303 51 3 3 0
./complex_md-fit_370.pdb BC A 7.90413 33.4885 -5.85099 -7.45897 -11.3306 -21.8615 -0.738931 38.7961 -21.5475 3.96866 8.97713 4.0497 0 0 0 1.28853 2.4997 0 0 0 0 0 0.00638956 2.384 303 47 1 1 0
./complex_md-fit_371.pdb BC A 8.74282 33.3218 -11.0794 -7.72993 -13.6726 -23.6167 -0.946589 41.7795 -23.2908 3.01494 8.6204 4.54676 0 0 0 0.196015 2.82685 0.0195705 0 0 0 0 0 2.384 303 50 0 0 0
./complex_md-fit_372.pdb BC A 7.46641 24.5998 -8.00026 -6.82935 -7.98904 -21.1983 -0.705304 36.3816 -21.8888 2.62946 6.77115 3.92536 0 0 0 0.902989 3.55354 0 0 0 0 0 0 2.384 303 47 0 0 0
./complex_md-fit_373.pdb BC A 7.23986 39.3404 -11.0374 -9.31134 -12.7765 -22.7063 -0.752832 39.4826 -22.0668 3.90696 8.5962 4.02708 0 0 0 0.543258 2.49213 0.0203567 0 0 0 0 0 2.384 303 49 0 0 0
./complex_md-fit_374.pdb BC A 7.1719 31.9958 -8.81314 -6.96658 -10.7059 -23.0064 -0.877285 39.2104 -23.1852 4.55897 7.94115 3.81759 0 0 0 0.37942 2.59775 0.0206699 0 0 0 0 0 2.384 303 47 2 2 0
./complex_md-fit_375.pdb BC A 6.76607 32.6364 -11.9511 -9.91412 -11.4227 -23.3205 -0.863797 39.0242 -23.7729 4.21224 9.72186 3.58004 0 0 0 0.804658 2.54146 0 0 0 0 0 0 2.384 303 48 1 1 0
./complex_md-fit_376.pdb BC A 7.66083 41.5768 -6.29396 -7.07817 -11.7897 -22.95 -0.889186 40.3709 -22.472 4.25738 9.48814 4.51884 0 0 0 0.249878 3.82751 0 0 0 0 0 0 2.384 303 48 0 0 0
./complex_md-fit_377.pdb BC A 8.45659 35.5951 -10.5588 -8.04705 -12.7473 -22.1518 -0.912919 37.7042 -21.954 4.73769 9.1676 3.48856 0 0 0 0.156139 2.32108 0 0 0 0 0 0 2.384 303 48 1 1 0
./complex_md-fit_378.pdb BC A 8.40018 38.2891 -13.2877 -8.0251 -14.6792 -23.4993 -0.693197 40.2077 -23.4175 2.05749 10.6537 3.75139 0 0 0 0.356187 2.74767 0 0 0 0 0 0 2.384 303 47 0 0 0
./complex_md-fit_379.pdb BC A 8.71126 35.5796 -13.6553 -8.22529 -11.9751 -22.2149 -0.863477 38.0707 -21.9922 1.71064 8.35682 3.33534 0 0 0 0.121297 2.46879 0.0209775 0 0 0 0 0 2.384 303 50 0 0 0
./complex_md-fit_37.pdb BC A 6.19799 39.7556 -8.58933 -8.64009 -13.8544 -24.5027 -1.20257 43.1613 -24.2816 8.54106 8.88214 2.72701 0 0 0 0.537248 2.31556 0.0432989 0 0 0 0 0 2.384 303 52 1 1 0
./complex_md-fit_380.pdb BC A 9.33746 36.1034 -8.74039 -7.25974 -10.6548 -21.5956 -0.902492 36.6756 -21.6104 5.58527 7.98861 2.87261 0 0 0 0.160603 2.12013 0 0 0 0 0 0 2.384 303 45 3 3 0
./complex_md-fit_381.pdb BC A 7.74611 27.2237 -8.76498 -6.10946 -13.4798 -23.0348 -0.905106 40.8129 -22.4017 4.56034 8.49241 3.04393 0 0 0 0.256287 3.34393 0 0 0 0 0 0 2.384 303 49 0 0 0
./complex_md-fit_382.pdb BC A 6.67155 29.4372 -8.60572 -7.78281 -12.2487 -22.1477 -0.96283 40.2858 -21.7591 3.83921 8.00885 3.93392 0 0 0 0.227692 2.52514 5.55112e-17 0 0 0 0 0 2.384 303 53 2 2 0
./complex_md-fit_383.pdb BC A 6.52166 28.9398 -6.13947 -7.98788 -9.53281 -23.4075 -0.69741 42.6278 -22.7374 4.36671 7.65082 3.12322 0 0 0 0.42236 2.57086 0.0218071 0 0 0 0 0.0108925 2.384 303 51 0 0 0
./complex_md-fit_384.pdb BC A 7.04491 30.704 -11.124 -8.5396 -12.1537 -23.2378 -0.789657 40.6259 -22.9469 3.78192 8.21996 3.4641 0 0 0 0.445484 3.62436 0 0 0 0 0 0.00636631 2.384 303 50 1 1 0
./complex_md-fit_385.pdb BC A 9.41628 32.5669 -5.23104 -6.53073 -8.8595 -21.8012 -0.729861 38.4572 -21.3893 4.28947 7.7146 3.05119 0 0 0 0.567159 3.24261 0 0 0 0 0 0 2.384 303 47 0 0 0
./complex_md-fit_386.pdb BC A 9.38075 35.6347 -8.58444 -5.73273 -10.8417 -21.8277 -0.982687 38.7499 -21.3919 2.51643 7.45639 3.10492 0 0 0 0.357804 4.33582 0 0 0 0 0 0.00688083 2.384 303 45 0 0 0
./complex_md-fit_387.pdb BC A 8.02642 38.9015 -9.30563 -5.68662 -10.5396 -22.614 -0.928485 39.6625 -22.2146 2.33114 6.19543 3.74855 0 0 0 0.740059 2.61262 0 0 0 0 0 0 2.384 303 49 0 0 0
./complex_md-fit_388.pdb BC A 7.54004 39.8487 -4.10591 -4.69634 -7.88992 -22.3621 -0.676764 38.9786 -22.1095 3.70334 7.20651 2.92727 0 0 0 0.777592 2.62905 0.0353605 0 0 0 0 0 2.384 303 45 0 0 0
./complex_md-fit_389.pdb BC A 7.58404 27.0455 -12.0625 -7.49657 -13.9096 -23.358 -0.866279 41.3036 -22.826 3.35495 8.56211 2.91743 0 0 0 0.234259 2.47784 0.0216155 0 0 0 0 0 2.384 303 46 0 0 0
./complex_md-fit_38.pdb BC A 5.94912 35.2303 -8.62646 -7.19204 -11.4475 -24.9675 -1.12299 43.9073 -25.1463 4.89482 7.87797 3.69978 0 0 0 0.794842 2.6617 0.0751259 0 0 0 0 0 2.384 303 53 0 0 0
./complex_md-fit_390.pdb BC A 10.9201 30.3094 -9.3453 -8.42576 -14.3941 -22.6807 -0.972158 40.8337 -22.1308 4.62463 9.47587 3.79884 0 0 0 0.505643 3.37015 0.0194482 0 0 0 0 0 2.384 303 47 0 0 0
./complex_md-fit_391.pdb BC A 8.31887 31.2679 -3.62378 -7.73904 -11.4145 -23.1974 -0.947275 41.6171 -22.5861 6.42111 10.098 3.78223 0 0 0 0.342101 2.88558 6.93889e-18 0 0 0 0 0 2.384 303 50 1 1 0
./complex_md-fit_392.pdb BC A 8.07686 35.2682 -6.19023 -8.80587 -10.2082 -23.3677 -0.886514 40.5678 -22.8064 6.8681 7.74443 3.69408 0 0 0 0.988262 2.70488 0.021209 0 0 0 0 0.000637611 2.384 303 48 3 3 0
./complex_md-fit_393.pdb BC A 9.85223 31.542 -13.5292 -9.01784 -12.4489 -22.4173 -0.857428 38.2718 -21.9545 2.79359 8.36196 3.48157 0 0 0 0.257597 2.495 -2.77556e-17 0 0 0 0 0.000242938 2.384 303 48 0 0 0
./complex_md-fit_394.pdb BC A 9.25675 32.4693 -2.17468 -6.87059 -9.49372 -23.5 -0.86079 41.7144 -23.45 9.08666 7.25088 3.38068 0 0 0 0.592724 4.27592 -0.0249327 0 0 0 0 0 2.384 303 46 2 2 0
./complex_md-fit_395.pdb BC A 9.30808 33.9199 -13.6925 -8.85218 -14.0288 -23.0129 -0.825771 40.3 -22.162 2.7637 8.12824 3.58641 0 0 0 0.424673 3.8745 -0.0139073 0 0 0 0 0 2.384 303 47 0 0 0
./complex_md-fit_396.pdb BC A 8.54214 39.2256 -11.7252 -10.0582 -10.9791 -23.6058 -0.719587 40.9164 -23.2307 3.26295 8.29624 3.36245 0 0 0 1.02914 4.41649 -0.0119601 0 0 0 0 0.0128731 2.384 303 48 0 0 0
./complex_md-fit_397.pdb BC A 10.493 33.3002 -10.1045 -8.77775 -12.6642 -24.3274 -0.875626 42.0726 -23.7497 4.67759 9.52233 3.45558 0 0 0 0.542009 3.05746 0.020046 0 0 0 0 0 2.384 303 49 0 0 0
./complex_md-fit_398.pdb BC A 8.96255 32.2595 -10.3309 -10.3121 -13.8105 -22.8235 -0.955356 40.5679 -22.5088 5.89732 9.2423 3.9399 0 0 0 0.447616 2.95623 -0.0156938 0 0 0 0 0 2.384 303 50 1 1 0
./complex_md-fit_399.pdb BC A 7.25024 30.6615 -10.0317 -9.73436 -12.1709 -24.8346 -1.01599 43.7058 -24.5615 4.41095 9.5841 4.24652 0 0 0 0.317467 4.07265 0.0207042 0 0 0 0 0 2.384 303 50 1 1 0
./complex_md-fit_39.pdb BC A 8.76231 35.2342 -11.4663 -7.38107 -12.4908 -24.3437 -1.19139 41.8856 -24.7206 5.86142 8.43912 2.03349 0 0 0 0.40263 2.26179 0.0389613 0 0 0 0 0 2.384 303 51 1 1 0
./complex_md-fit_3.pdb BC A 8.89353 32.8974 -11.1379 -8.33201 -14.6942 -21.8352 -1.05189 36.759 -21.1929 6.27515 8.62467 3.56828 0 0 0 0.741158 1.85477 0 0 0 0 0 0 2.384 303 47 3 3 0
./complex_md-fit_400.pdb BC A 7.24747 30.2062 -10.4815 -9.86858 -13.1046 -23.1812 -0.994731 40.2485 -22.7789 5.66004 9.17469 3.95904 0 0 0 0.404187 2.52995 0 0 0 0 0 0 2.384 303 46 1 1 0
./complex_md-fit_401.pdb BC A 8.64374 33.1939 -12.6983 -8.63561 -10.7001 -21.9826 -0.880094 37.6264 -21.6207 4.10784 7.05644 1.70996 0 0 0 0.617443 2.77184 0 0 0 0 0 0.00278753 2.384 303 47 0 0 0
./complex_md-fit_402.pdb BC A 9.94363 35.2186 -10.4733 -9.08702 -12.2 -24.4551 -0.887002 42.8374 -24.1169 4.34426 8.64997 3.83578 0 0 0 0.568833 2.86351 0.0211794 0 0 0 0 0.0152165 2.384 303 48 0 0 0
./complex_md-fit_403.pdb BC A 6.76499 35.7758 -16.6637 -9.86447 -13.804 -22.8386 -0.697222 38.6826 -22.8762 3.58216 7.08346 3.64145 0 0 0 0.449214 2.40715 -0.0219833 0 0 0 0 0 2.384 303 47 0 0 0
./complex_md-fit_404.pdb BC A 6.18241 34.9167 -2.29172 -7.65826 -11.1477 -22.9455 -0.891551 41.5771 -22.4441 8.00662 9.36842 3.47675 0 0 0 0.341212 2.26885 0.0205915 0 0 0 0 0.00472432 2.384 303 48 3 3 0
./complex_md-fit_405.pdb BC A 6.47487 32.8715 -9.69748 -9.70129 -12.3004 -23.9059 -0.912336 41.7828 -23.2975 4.08023 9.66004 4.0084 0 0 0 0.888529 2.605 0 0 0 0 0 0 2.384 303 50 2 2 0
./complex_md-fit_406.pdb BC A 6.68115 30.2733 -9.21754 -8.55597 -9.46379 -23.5031 -1.00882 41.0619 -23.7641 3.83488 7.60053 4.37918 0 0 0 0.194789 2.79532 0 0 0 0 0 0.00691357 2.384 303 49 1 1 0
./complex_md-fit_407.pdb BC A 7.65801 37.8385 -10.0276 -9.03526 -11.9913 -23.2378 -0.927496 40.1937 -23.0584 4.96098 8.38373 4.18804 0 0 0 0.496211 2.73192 0 0 0 0 0 0 2.384 303 47 1 1 0
./complex_md-fit_408.pdb BC A 6.68458 28.0094 -8.83822 -6.58589 -12.2313 -23.487 -1.01383 42.6194 -22.5566 3.4022 7.03565 3.22462 0 0 0 0.767441 3.67852 -0.0129339 0 0 0 0 0 2.384 303 47 0 0 0
./complex_md-fit_409.pdb BC A 7.65901 32.9169 -9.93407 -7.90176 -10.9686 -22.9022 -0.9207 39.2725 -22.4788 3.8211 8.15769 3.57806 0 0 0 0.38969 2.44056 0.0189312 0 0 0 0 0 2.384 303 48 1 1 0
./complex_md-fit_40.pdb BC A 8.8027 37.9173 -16.1053 -9.5234 -13.6253 -25.6963 -1.11917 43.7119 -26.4398 5.36372 7.19974 3.4902 0 0 0 0.47876 2.44465 0.0542748 0 0 0 0 0 2.384 303 52 0 0 0
./complex_md-fit_410.pdb BC A 6.5078 29.3187 -14.2171 -9.7811 -16.786 -24.0598 -1.12361 42.4924 -23.1398 3.87438 10.4232 3.59955 0 0 0 0.272131 2.89574 0 0 0 0 0 0.0115213 2.384 303 46 0 0 0
./complex_md-fit_411.pdb BC A 8.65087 26.4417 -5.63715 -8.22114 -11.5419 -23.5545 -1.03115 42.1516 -23.115 6.85376 9.11831 3.491 0 0 0 0.211968 2.37543 0 0 0 0 0 0 2.384 303 46 1 1 0
./complex_md-fit_412.pdb BC A 10.5848 37.6054 -9.00959 -7.94713 -11.9434 -22.6639 -1.0012 39.2512 -22.6495 3.87471 9.1703 3.9508 0 0 0 0.94322 2.79404 -1.11022e-16 0 0 0 0 0.00521042 2.384 303 49 1 1 0
./complex_md-fit_413.pdb BC A 6.2696 32.3755 -12.6133 -9.1974 -11.1919 -22.6448 -0.828862 39.3512 -22.1056 1.60131 7.50867 4.40048 0 0 0 0.466874 2.52852 0.00649835 0 0 0 0 0.0201662 2.384 303 49 0 0 0
./complex_md-fit_414.pdb BC A 7.60745 36.3709 -7.29223 -6.87546 -11.6162 -23.7849 -0.781796 41.1291 -23.4771 6.47669 7.6346 3.38746 0 0 0 0.632733 2.95086 -0.0233108 0 0 0 0 0.00600353 2.384 303 48 1 1 0
./complex_md-fit_415.pdb BC A 6.2364 33.9354 -6.39469 -8.95013 -10.2451 -24.4141 -0.850011 43.6663 -24.2028 6.46604 8.28025 3.44465 0 0 0 0.410111 3.41904 -1.11022e-16 0 0 0 0 0 2.384 303 49 1 1 0
./complex_md-fit_416.pdb BC A 10.6431 37.1178 -11.3252 -8.78511 -13.301 -24.8514 -0.797667 42.0887 -24.3668 4.5352 9.95784 3.88104 0 0 0 0.289111 2.94738 0.0248827 0 0 0 0 0 2.384 303 50 0 0 0
./complex_md-fit_417.pdb BC A 5.9855 34.1577 -7.88017 -7.43518 -12.1899 -23.0532 -0.716549 42.0783 -22.6877 3.2433 9.60843 2.71925 0 0 0 0.553067 3.57807 1.11022e-16 0 0 0 0 0 2.384 303 48 0 0 0
./complex_md-fit_418.pdb BC A 10.0019 41.6142 -7.35225 -8.09629 -9.62013 -25.0521 -0.80992 44.754 -24.5707 3.34146 8.2709 4.21119 0 0 0 0.230476 4.19284 -0.0110845 0 0 0 0 0 2.384 303 51 0 0 0
./complex_md-fit_419.pdb BC A 7.62622 27.0574 -11.5084 -7.53753 -10.5441 -22.5963 -0.817105 39.3204 -22.0263 2.40277 7.10046 2.90631 0 0 0 0.282939 3.19133 0 0 0 0 0 0 2.384 303 47 0 0 0
./complex_md-fit_41.pdb BC A 6.48898 33.081 -14.9479 -9.65605 -13.1351 -25.0844 -1.11073 41.971 -25.4388 6.56677 7.39736 2.96496 0 0 0 0.539542 2.77957 0.0377002 0 0 0 0 0 2.384 303 51 2 2 0
./complex_md-fit_420.pdb BC A 6.78391 32.1392 -11.3464 -7.81332 -10.676 -22.5836 -0.671141 38.9276 -22.5377 2.34243 7.10042 4.26484 0 0 0 0.300056 2.52939 0 0 0 0 0 0 2.384 303 49 0 0 0
./complex_md-fit_421.pdb BC A 6.54491 33.136 -10.0976 -6.94229 -13.3304 -22.9466 -0.941888 38.8876 -22.7527 5.38861 7.80878 4.28325 0 0 0 0.417629 3.03012 0.0189464 0 0 0 0 0.0113755 2.384 303 48 1 1 0
./complex_md-fit_422.pdb BC A 7.96485 29.1366 -7.07323 -5.74254 -12.0496 -24.9794 -0.94202 45.7001 -24.5045 4.93747 7.28042 3.06836 0 0 0 0.185892 5.01756 -0.0274647 0 0 0 0 0 2.384 303 50 1 1 0
./complex_md-fit_423.pdb BC A 9.73524 34.5349 -9.3352 -6.81686 -11.1159 -23.5962 -0.876161 41.1083 -23.5705 4.93281 6.79458 2.7813 0 0 0 1.00261 2.5026 0.0207874 0 0 0 0 0 2.384 303 50 2 2 0
./complex_md-fit_424.pdb BC A 9.55758 30.8064 -10.7038 -7.47536 -10.9677 -22.5207 -0.702381 38.6634 -22.1523 2.88943 6.7523 4.14007 0 0 0 0.669498 3.59068 0 0 0 0 0 0 2.384 303 49 0 0 0
./complex_md-fit_425.pdb BC A 8.94379 33.7116 -8.13542 -8.91448 -12.4994 -22.5605 -0.8423 39.4235 -22.2269 5.83552 8.95347 3.94503 0 0 0 0.750583 2.16355 0 0 0 0 0 0 2.384 303 48 3 3 0
./complex_md-fit_426.pdb BC A 6.28211 23.1417 -6.86777 -8.19681 -10.5503 -22.6492 -0.859499 41.3498 -22.3038 4.25791 8.09891 3.75231 0 0 0 0.232921 2.7847 0 0 0 0 0 0 2.384 303 48 0 0 0
./complex_md-fit_427.pdb BC A 7.85495 35.1383 -11.1711 -10.4104 -14.8602 -24.7339 -0.84177 43.6064 -23.9989 5.69722 9.57166 3.99537 0 0 0 0.797195 3.06015 0.00615577 0 0 0 0 0 2.384 303 47 1 1 0
./complex_md-fit_428.pdb BC A 6.73738 30.7739 -8.44655 -9.67151 -11.0545 -24.3869 -0.97114 44.0456 -23.7748 4.19865 8.74831 3.56611 0 0 0 0.851429 3.03183 0.00215488 0 0 0 0 0 2.384 303 47 1 1 0
./complex_md-fit_429.pdb BC A 9.36781 38.6502 -13.9832 -10.2992 -12.8142 -23.7411 -0.963674 41.2749 -23.5292 2.32033 9.94248 3.61191 0 0 0 0.204771 2.98159 0.00981073 0 0 0 0 0 2.384 303 50 0 0 0
./complex_md-fit_42.pdb BC A 7.94253 38.0289 -12.3742 -6.68422 -11.1129 -24.0515 -1.04173 40.6517 -24.6218 6.11949 6.46872 1.6058 0 0 0 0.292193 3.37142 0 0 0 0 0 0 2.384 303 51 2 2 0
./complex_md-fit_430.pdb BC A 9.6511 30.4503 -8.14897 -7.47157 -13.2562 -23.6563 -0.917093 41.8046 -22.9678 6.7169 8.25676 2.67126 0 0 0 0.670455 3.70122 0 0 0 0 0 0 2.384 303 47 1 1 0
./complex_md-fit_431.pdb BC A 8.16366 30.2105 -13.4016 -10.2946 -13.8463 -23.1278 -0.90946 40.2795 -22.5327 2.98308 10.301 2.94472 0 0 0 0.812806 3.16029 -0.0120072 0 0 0 0 0 2.384 303 47 0 0 0
./complex_md-fit_432.pdb BC A 6.26971 33.1622 -4.98137 -8.00336 -9.55871 -23.4576 -1.00395 42.1255 -23.0299 5.99862 8.09989 3.09327 0 0 0 0.734615 2.73745 0.0202842 0 0 0 0 0 2.384 303 49 2 2 0
./complex_md-fit_433.pdb BC A 9.03425 34.4469 -5.77037 -7.93921 -11.1424 -22.3259 -0.907825 39.3122 -21.833 6.49688 7.46777 4.19167 0 0 0 0.909524 2.65261 -1.11022e-16 0 0 0 0 0 2.384 303 46 3 3 0
./complex_md-fit_434.pdb BC A 8.63839 38.1772 -6.29411 -7.15246 -10.8315 -22.8283 -0.794413 40.8036 -22.3671 4.13744 9.21655 3.33206 0 0 0 0.199699 2.56689 -0.00965429 0 0 0 0 0 2.384 303 46 0 0 0
./complex_md-fit_435.pdb BC A 8.07635 39.053 -16.178 -8.72211 -13.4988 -22.1947 -1.06837 36.6819 -22.1044 3.77666 7.61583 2.93583 0 0 0 0.379391 2.43842 0.0208332 0 0 0 0 0 2.384 303 47 1 1 0
./complex_md-fit_436.pdb BC A 7.25949 30.8314 -12.0773 -8.59277 -11.8087 -21.7712 -0.840245 36.6904 -21.6952 3.925 7.57401 3.47931 0 0 0 0.943023 3.69108 0.0190829 0 0 0 0 0 2.384 303 46 0 0 0
./complex_md-fit_437.pdb BC A 9.28514 34.1272 -1.29499 -6.82119 -13.3697 -23.8372 -0.866466 44.7099 -22.9158 6.18695 10.5308 4.21625 0 0 0 0.842182 3.89765 0.0293375 0 0 0 0 0 2.384 303 49 1 1 0
./complex_md-fit_438.pdb BC A 10.6161 37.3717 -3.16071 -5.13004 -9.9005 -22.5829 -0.795799 40.0455 -22.5636 7.08074 6.40132 3.73972 0 0 0 0.544947 2.26194 -5.55112e-17 0 0 0 0 0 2.384 303 46 3 3 0
./complex_md-fit_439.pdb BC A 7.18196 37.852 -6.07263 -6.47958 -10.6069 -22.4334 -1.04801 39.0071 -22.1445 7.11964 6.50349 3.60689 0 0 0 0.383407 2.64042 0.0191475 0 0 0 0 0 2.384 303 47 3 3 0
./complex_md-fit_43.pdb BC A 8.80109 30.1336 -4.25577 -7.17058 -9.16935 -23.6367 -1.19133 40.1216 -23.6876 11.0308 7.38789 1.75005 0 0 0 0.235383 2.64044 0.0739516 0 0 0 0 0 2.384 303 48 2 2 0
./complex_md-fit_440.pdb BC A 6.77766 34.5758 -5.67313 -6.85433 -10.6004 -22.7719 -0.839588 40.0304 -22.296 6.10692 7.72617 3.46743 0 0 0 0.335934 2.46626 0.0223666 0 0 0 0 0 2.384 303 47 2 2 0
./complex_md-fit_441.pdb BC A 8.07778 32.6381 -3.75729 -6.37909 -9.57577 -23.0088 -0.910502 40.7435 -23.0765 6.29937 7.73464 3.51353 0 0 0 0.91349 4.15625 -0.0111781 0 0 0 0 0 2.384 303 44 0 0 0
./complex_md-fit_442.pdb BC A 8.64731 36.6448 -5.10972 -5.79073 -11.2479 -22.5763 -0.937568 39.958 -22.6726 5.64023 7.65569 4.57624 0 0 0 0.285274 2.35508 0 0 0 0 0 0 2.384 303 48 0 0 0
./complex_md-fit_443.pdb BC A 8.99028 33.3688 -3.91717 -6.25741 -7.11752 -21.5301 -0.703852 37.9441 -21.3344 4.95848 6.27969 3.374 0 0 0 0.479219 2.33729 -0.00938646 0 0 0 0 0 2.384 303 48 1 1 0
./complex_md-fit_444.pdb BC A 10.5629 32.4452 -9.85368 -7.47728 -13.0597 -23.3976 -0.889086 40.9309 -23.1261 5.27761 7.30295 3.96076 0 0 0 0.61855 3.10502 0 0 0 0 0 0.00525862 2.384 303 47 1 1 0
./complex_md-fit_445.pdb BC A 7.71406 34.0408 -4.73819 -5.84248 -10.3198 -20.3421 -0.796929 34.4172 -20.3243 7.34811 6.946 4.04985 0 0 0 0.126082 2.51442 0 0 0 0 0 0.000108465 2.384 303 46 3 3 0
./complex_md-fit_446.pdb BC A 9.07322 30.3992 -15.7793 -9.06963 -14.1863 -22.0045 -1.01413 38.7415 -21.6973 2.28817 7.20264 3.3501 0 0 0 0.544668 2.35402 0.06552 0 0 0 0 0 2.384 303 48 0 0 0
./complex_md-fit_447.pdb BC A 6.22084 35.0314 -8.2731 -8.35902 -8.28709 -21.6661 -0.736101 37.8813 -21.4523 3.55549 6.88611 3.79892 0 0 0 0.0994451 2.87172 0 0 0 0 0 0.00624555 2.384 303 48 0 0 0
./complex_md-fit_448.pdb BC A 9.41427 24.7127 -9.62159 -7.23186 -10.0148 -22.3185 -0.770554 38.779 -22.2351 5.2157 5.55328 3.14934 0 0 0 0.231831 3.71381 0.0199844 0 0 0 0 0 2.384 303 47 1 1 0
./complex_md-fit_449.pdb BC A 9.52912 33.4543 -10.0168 -9.81107 -11.5955 -24.0295 -0.986638 42.1344 -24.0726 4.71328 8.71615 4.60946 0 0 0 0.28626 3.23955 0.0121028 0 0 0 0 0.00693462 2.384 303 48 0 0 0
./complex_md-fit_44.pdb BC A 8.66745 38.0117 -12.2004 -7.24909 -13.6814 -24.1045 -0.956968 40.7912 -23.9743 5.61306 7.73001 3.22502 0 0 0 0.380739 2.62266 0.0258828 0 0 0 0 0 2.384 303 49 1 1 0
./complex_md-fit_450.pdb BC A 8.39363 41.0145 -3.97226 -8.3809 -7.28938 -22.1856 -0.735985 38.6909 -22.4515 7.24634 6.38764 4.14509 0 0 0 0.562937 2.59696 0.038207 0 0 0 0 0 2.384 303 46 0 0 0
./complex_md-fit_451.pdb BC A 10.5559 34.8065 -13.6969 -10.0403 -12.7951 -24.2379 -0.991678 40.9177 -24.1816 5.4335 7.97451 4.00274 0 0 0 0.199261 3.22034 0.0220789 0 0 0 0 0 2.384 303 49 1 1 0
./complex_md-fit_452.pdb BC A 10.3193 29.5099 -6.22689 -7.72732 -11.3802 -23.3087 -0.997954 41.8297 -22.5963 6.63696 7.62421 2.82271 0 0 0 0.846615 3.98763 0.0233645 0 0 0 0 0 2.384 303 47 1 1 0
./complex_md-fit_453.pdb BC A 6.80143 36.5233 -13.8751 -9.83237 -13.4687 -23.7525 -0.975611 40.9585 -23.6922 3.31831 8.60149 4.31227 0 0 0 0.629086 2.75988 0.0210921 0 0 0 0 0.0054855 2.384 303 51 0 0 0
./complex_md-fit_454.pdb BC A 6.7921 35.0202 -14.0813 -9.44375 -10.2722 -23.8 -0.820909 40.0266 -23.9671 3.79699 7.28487 2.76563 0 0 0 0.345159 3.20287 0.00328179 0 0 0 0 0 2.384 303 48 1 1 0
./complex_md-fit_455.pdb BC A 8.59058 30.4763 -8.18664 -10.1739 -9.52891 -23.2993 -0.874843 41.0508 -23.2062 5.92929 7.27946 4.35133 0 0 0 0.26506 2.81459 0.0206028 0 0 0 0 0 2.384 303 52 3 3 0
./complex_md-fit_456.pdb BC A 8.53249 30.1817 -16.5093 -10.1618 -12.0177 -22.5935 -0.676605 37.2848 -22.9427 2.64098 7.17148 4.57747 0 0 0 0.188518 2.80542 0.0197502 0 0 0 0 0 2.384 303 49 0 0 0
./complex_md-fit_457.pdb BC A 6.5787 34.1019 -10.1094 -8.53821 -11.7458 -23.9621 -0.918588 42.234 -23.6551 4.5008 7.63746 3.91439 0 0 0 0.417405 3.17895 0 0 0 0 0 0.00625639 2.384 303 48 0 0 0
./complex_md-fit_458.pdb BC A 7.62938 35.7414 -6.70774 -7.53856 -9.36039 -23.4378 -0.849523 40.4523 -23.661 5.6618 6.90269 4.77454 0 0 0 0.380225 3.76759 -0.0320732 0 0 0 0 0 2.384 303 49 1 1 0
./complex_md-fit_459.pdb BC A 7.53173 32.4084 -7.04911 -7.11542 -8.61692 -22.7063 -0.609515 38.1205 -23.1872 4.63081 7.10973 5.01428 0 0 0 0.310967 3.42094 -4.92122e-05 0 0 0 0 0 2.384 303 48 1 1 0
./complex_md-fit_45.pdb BC A 6.73257 34.1432 -10.9532 -7.689 -12.1904 -22.4734 -0.978113 38.1126 -22.549 5.59056 8.54152 2.0996 0 0 0 0.556991 2.53033 0.0255241 0 0 0 0 0 2.384 303 53 0 0 0
./complex_md-fit_460.pdb BC A 7.36716 34.2055 -5.36906 -8.58479 -11.174 -23.7978 -0.616971 41.267 -23.5099 6.82165 8.26345 4.78661 0 0 0 1.17047 2.4424 0 0 0 0 0 0.00526159 2.384 303 49 3 3 0
./complex_md-fit_461.pdb BC A 10.1054 31.0167 -6.32234 -6.65292 -10.1411 -22.4544 -0.690882 39.2601 -22.582 5.73169 6.91312 4.15188 0 0 0 0.17275 2.77566 -0.0305744 0 0 0 0 0 2.384 303 48 1 1 0
./complex_md-fit_462.pdb BC A 10.2567 37.023 -15.9397 -7.22516 -13.6936 -22.4787 -0.810957 38.33 -22.1861 3.13602 6.10145 2.68316 0 0 0 0.204133 4.11473 0 0 0 0 0 0 2.384 303 49 1 1 0
./complex_md-fit_463.pdb BC A 7.87713 32.3746 -14.7422 -8.1062 -12.5957 -21.6368 -0.804369 35.3852 -21.1661 3.48881 6.21552 3.9992 0 0 0 0.489557 2.6181 -0.0113342 0 0 0 0 0 2.384 303 46 0 0 0
./complex_md-fit_464.pdb BC A 7.81288 25.4422 -13.2908 -7.98321 -11.3107 -21.7474 -0.815264 35.3562 -21.7713 4.81891 6.20702 3.7087 0 0 0 0.226922 3.02347 0.0194016 0 0 0 0 0 2.384 303 46 2 2 0
./complex_md-fit_465.pdb BC A 11.0627 26.6994 -15.213 -8.20639 -11.594 -21.8651 -0.635642 36.0467 -21.7622 3.496 6.27182 2.60187 0 0 0 0.433825 3.75435 0 0 0 0 0 0 2.384 303 46 0 0 0
./complex_md-fit_466.pdb BC A 10.3278 33.297 -16.1004 -7.79224 -13.9647 -21.8179 -0.662974 35.6147 -21.9944 2.64075 7.81637 3.99199 0 0 0 0.0844548 2.74955 -0.0163744 0 0 0 0 0 2.384 303 45 0 0 0
./complex_md-fit_467.pdb BC A 10.0836 36.9648 -6.23547 -8.04362 -12.8854 -21.5186 -0.99432 37.2105 -20.7108 9.06918 6.8273 4.49965 0 0 0 0.304723 2.46728 0.00598939 0 0 0 0 -1.11022e-16 2.384 303 45 4 4 0
./complex_md-fit_468.pdb BC A 7.37847 37.5426 -5.04925 -6.80563 -13.3042 -23.3182 -0.954819 42.5484 -22.4188 7.2529 8.10182 3.69838 0 0 0 0.162659 2.98099 -0.0117599 0 0 0 0 0 2.384 303 52 2 2 0
./complex_md-fit_469.pdb BC A 7.91609 38.7277 -3.72523 -5.99329 -11.2266 -23.1699 -0.781351 41.6842 -22.5148 7.89384 6.55493 3.59072 0 0 0 0.248937 3.05717 -0.0120304 0 0 0 0 0 2.384 303 51 3 3 0
./complex_md-fit_46.pdb BC A 7.58371 40.8055 -12.4509 -6.18341 -11.6715 -23.7616 -0.970435 39.229 -24.1427 4.8786 6.86712 2.33487 0 0 0 0.968261 2.34474 0 0 0 0 0 0.00105144 2.384 303 54 1 1 0
./complex_md-fit_470.pdb BC A 7.79325 38.077 -2.6802 -5.0899 -9.53362 -22.0307 -0.811957 39.3927 -21.6235 7.07251 6.18547 3.30466 0 0 0 0.449569 4.11212 0.00457681 0 0 0 0 0 2.384 303 46 1 1 0
./complex_md-fit_471.pdb BC A 11.6503 37.3455 -9.23015 -6.57675 -11.3605 -23.19 -0.926044 39.3362 -23.0782 4.55387 6.87042 4.50003 0 0 0 0.640748 2.71148 0 0 0 0 0 0 2.384 303 47 0 0 0
./complex_md-fit_472.pdb BC A 6.80844 35.7935 -8.19445 -6.76897 -10.7759 -23.7774 -0.766348 40.8157 -23.4819 5.06147 6.71489 4.49273 0 0 0 0.270713 3.4893 0.0206749 0 0 0 0 0 2.384 303 48 0 0 0
./complex_md-fit_473.pdb BC A 7.95381 38.5531 -9.61102 -6.65634 -12.4925 -23.3586 -0.919536 40.3631 -22.8025 4.19588 6.99364 4.70305 0 0 0 0.362746 3.23427 0 0 0 0 0 0 2.384 303 49 0 0 0
./complex_md-fit_474.pdb BC A 8.01622 31.9295 -15.5204 -7.65017 -12.1523 -21.0861 -0.762455 34.7972 -20.7491 3.10432 5.45193 3.40563 0 0 0 0.12054 2.92513 0 0 0 0 0 0 2.384 303 44 0 0 0
./complex_md-fit_475.pdb BC A 5.98334 37.2072 -12.1817 -8.53 -11.8674 -22.8019 -0.98964 41.0393 -21.9292 2.00775 6.64273 3.75531 0 0 0 0.470467 2.71909 0.0208654 0 0 0 0 0 2.384 303 47 0 0 0
./complex_md-fit_476.pdb BC A 8.32723 32.4166 -5.09978 -5.00926 -8.46506 -22.6978 -0.957306 39.77 -22.7532 5.38232 6.50385 2.72961 0 0 0 0.386501 2.89094 0.0106272 0 0 0 0 0 2.384 303 47 0 0 0
./complex_md-fit_477.pdb BC A 7.76426 32.5375 -10.2467 -5.77432 -13.2307 -23.3605 -0.83637 41.6436 -22.7116 5.53004 6.02331 2.03986 0 0 0 0.413184 2.77097 0 0 0 0 0 0.0167448 2.384 303 49 0 0 0
./complex_md-fit_478.pdb BC A 9.91299 35.5449 -7.67591 -5.15014 -11.5114 -23.0716 -0.802446 40.1266 -22.6069 4.47762 6.43881 3.60517 0 0 0 0.797586 2.23133 0.0208625 0 0 0 0 0 2.384 303 52 0 0 0
./complex_md-fit_479.pdb BC A 8.0421 28.8415 -7.6141 -7.81967 -9.79894 -22.3772 -0.836607 39.0249 -21.7677 5.46369 6.90222 3.26652 0 0 0 0.328756 2.47944 0 0 0 0 0 0 2.384 303 45 1 1 0
./complex_md-fit_47.pdb BC A 9.31611 39.0315 -17.3108 -8.2105 -13.3113 -22.3371 -0.83857 37.6049 -22.4562 1.38108 6.88565 3.22971 0 0 0 0.712132 3.30653 0.0231599 0 0 0 0 0.00616301 2.384 303 53 0 0 0
./complex_md-fit_480.pdb BC A 6.03604 30.2657 -6.31461 -6.44442 -12.8105 -23.6867 -1.04198 41.7725 -22.8448 8.95946 6.59496 3.10445 0 0 0 0.0824478 3.68444 0 0 0 0 0 0 2.384 303 49 3 3 0
./complex_md-fit_481.pdb BC A 7.18466 39.9236 -6.01746 -7.43704 -10.1612 -22.9857 -0.816327 40.9544 -22.5922 5.40962 7.63371 3.80393 0 0 0 0.173375 2.66413 -5.55112e-17 0 0 0 0 0 2.384 303 48 2 2 0
./complex_md-fit_482.pdb BC A 7.9282 37.0316 -10.2594 -8.49571 -11.8905 -23.6172 -0.955479 41.7296 -22.8749 4.99711 6.9874 3.49196 0 0 0 0.347894 3.16522 0.020436 0 0 0 0 0 2.384 303 49 2 2 0
./complex_md-fit_483.pdb BC A 8.47737 27.0804 -15.8129 -7.4577 -13.4497 -22.9202 -0.913541 38.9834 -22.9187 3.00476 6.65024 2.93598 0 0 0 0.27256 3.65054 0 0 0 0 0 0 2.384 303 46 0 0 0
./complex_md-fit_484.pdb BC A 9.08259 32.6604 -15.7528 -7.92325 -14.1765 -22.8127 -0.960983 38.6895 -22.8542 3.97123 6.34227 3.03338 0 0 0 0.938614 2.74036 0 0 0 0 0 0 2.384 303 49 1 1 0
./complex_md-fit_485.pdb BC A 8.98402 33.9959 -5.74758 -5.89996 -12.7548 -22.1333 -0.814207 39.2036 -21.8253 6.06465 7.51514 3.95733 0 0 0 0.939319 2.92814 0 0 0 0 0 0 2.384 303 47 1 1 0
./complex_md-fit_486.pdb BC A 6.70045 33.6157 -12.4244 -8.6758 -12.7749 -22.3586 -0.903178 38.4519 -22.0672 5.69957 6.62592 3.34759 0 0 0 0.208441 2.90285 0.021788 0 0 0 0 0 2.384 303 47 2 2 0
./complex_md-fit_487.pdb BC A 8.38825 33.8192 -15.1841 -8.03768 -12.0185 -21.5198 -0.813202 35.6243 -21.5994 1.4801 7.47751 3.8564 0 0 0 0.337181 2.53169 0.0289906 0 0 0 0 0 2.384 303 49 0 0 0
./complex_md-fit_488.pdb BC A 7.48598 38.5316 -12.862 -9.04615 -12.1403 -22.0918 -0.940226 38.1018 -21.9526 3.17287 7.73267 3.85299 0 0 0 0.448807 2.95446 0 0 0 0 0 0 2.384 303 47 0 0 0
./complex_md-fit_489.pdb BC A 7.54921 42.4693 -6.03338 -5.96776 -9.42714 -23.2527 -0.893437 39.1757 -23.3484 7.38288 6.35259 3.34776 0 0 0 0.576953 3.70194 0.0201802 0 0 0 0 0 2.384 303 48 2 2 0
./complex_md-fit_48.pdb BC A 9.88548 37.2139 -10.6915 -6.43788 -12.8284 -21.5083 -0.848685 37.2477 -20.9189 4.29587 7.75914 2.2634 0 0 0 0.284576 2.30929 0 0 0 0 0 0 2.384 303 48 0 0 0
./complex_md-fit_490.pdb BC A 7.81935 27.8349 -11.9318 -6.41693 -11.0268 -20.7206 -0.867429 34.8862 -20.7893 3.56584 5.19418 3.8089 0 0 0 0.434135 2.13527 0 0 0 0 0 0 2.384 303 45 2 2 0
./complex_md-fit_491.pdb BC A 7.56837 39.9588 -12.7232 -8.71158 -12.4193 -23.3763 -0.996333 40.8257 -23.1939 4.10725 6.87318 3.41492 0 0 0 0.7475 2.6118 0 0 0 0 0 0.00567783 2.384 303 47 0 0 0
./complex_md-fit_492.pdb BC A 6.43541 33.392 -12.0195 -7.34963 -11.9152 -22.3167 -0.888063 37.8075 -22.539 5.56416 6.09323 2.91765 0 0 0 0.577755 2.26222 0.0239145 0 0 0 0 0.00483629 2.384 303 48 2 2 0
./complex_md-fit_493.pdb BC A 7.83585 28.2022 -12.7151 -7.17058 -11.0778 -21.7394 -0.904064 36.1722 -21.8076 2.97146 5.4458 5.07486 0 0 0 0.300365 2.74479 0.0196276 0 0 0 0 0 2.384 303 45 1 1 0
./complex_md-fit_494.pdb BC A 8.25144 29.2847 -13.1249 -7.42023 -10.8186 -21.7565 -0.76131 35.6622 -22.0733 5.53415 4.66059 3.6564 0 0 0 0.168733 2.44529 0.0230192 0 0 0 0 0 2.384 303 45 1 1 0
./complex_md-fit_495.pdb BC A 9.80516 29.0117 -16.8003 -9.24638 -14.1458 -22.4509 -0.928289 38.4113 -22.197 3.15769 6.95729 3.43448 0 0 0 0.207374 2.41622 0 0 0 0 0 0 2.384 303 48 0 0 0
./complex_md-fit_496.pdb BC A 6.24411 31.0428 -17.9787 -8.35745 -13.6744 -22.137 -0.935893 36.4375 -21.7875 2.48285 5.60761 3.8892 0 0 0 0.496416 2.22537 -5.55112e-17 0 0 0 0 0 2.384 303 47 0 0 0
./complex_md-fit_497.pdb BC A 10.1593 38.5661 -11.5232 -6.90242 -10.5193 -21.599 -0.88024 35.2214 -21.9568 5.05364 5.76036 3.88052 0 0 0 0.415862 2.0676 0 0 0 0 0 0.00280327 2.384 303 48 0 0 0
./complex_md-fit_498.pdb BC A 7.7091 32.4816 -11.5726 -7.47363 -10.6909 -20.9961 -0.855032 34.9092 -20.8869 3.413 4.99141 5.93724 0 0 0 0.058648 2.24762 0.0204186 0 0 0 0 0 2.384 303 46 0 0 0
./complex_md-fit_499.pdb BC A 7.26916 40.1691 -13.5484 -6.32544 -11.8136 -21.7624 -0.719603 36.7482 -22.0825 3.08934 6.43823 2.40369 0 0 0 0.453472 2.72534 0.0222413 0 0 0 0 0 2.384 303 47 0 0 0
./complex_md-fit_49.pdb BC A 7.1802 37.337 -7.43716 -9.20648 -10.5971 -22.9594 -0.953244 39.6054 -23.1488 7.13578 9.06362 2.9305 0 0 0 0.672643 2.0376 0.0199062 0 0 0 0 0 2.384 303 49 2 2 0
./complex_md-fit_4.pdb BC A 8.45139 39.6112 -5.87358 -6.3954 -11.2134 -23.1429 -0.807975 41.1444 -22.2587 6.04843 7.14173 3.44774 0 0 0 0.162511 2.52107 0 0 0 0 0 0 2.384 303 50 0 0 0
./complex_md-fit_500.pdb BC A 9.46463 32.6384 -15.4148 -9.78888 -13.6757 -23.3873 -0.949009 38.967 -23.7416 5.09478 7.40549 4.08726 0 0 0 0.55422 2.99244 0.0188859 0 0 0 0 0 2.384 303 49 0 0 0
./complex_md-fit_501.pdb BC A 6.05046 27.6456 -9.65696 -7.49343 -11.6654 -22.4789 -0.936732 37.7843 -22.3148 6.34738 6.84356 3.80737 0 0 0 0.449675 2.54558 0 0 0 0 0 0 2.384 303 50 0 0 0
./complex_md-fit_502.pdb BC A 8.97383 38.3148 -10.7974 -7.37697 -9.37335 -21.3905 -0.897823 35.2606 -21.2871 3.39516 6.50045 4.13877 0 0 0 0.233296 2.54928 0 0 0 0 0 0 2.384 303 45 0 0 0
./complex_md-fit_503.pdb BC A 7.06084 32.2073 -18.063 -10.527 -13.8204 -22.3831 -1.05706 36.1175 -22.3074 4.01865 7.38156 4.07889 0 0 0 0.409929 2.42905 0.0196631 0 0 0 0 0.00580893 2.384 303 47 0 0 0
./complex_md-fit_504.pdb BC A 8.87772 31.6559 -10.3585 -8.27627 -11.2589 -21.6114 -0.985562 38.7227 -21.6543 3.72306 6.87734 3.66444 0 0 0 0.440267 2.59069 0 0 0 0 0 0 2.384 303 46 0 0 0
./complex_md-fit_505.pdb BC A 9.50175 33.0103 -13.4949 -6.34576 -12.8805 -21.751 -0.754118 36.8141 -21.5666 2.95923 5.92578 3.70332 0 0 0 0.400699 2.63214 0 0 0 0 0 0 2.384 303 51 0 0 0
./complex_md-fit_506.pdb BC A 8.24487 35.6802 -13.2069 -8.65441 -12.0988 -23.326 -0.798432 39.7136 -23.5147 4.29019 7.53319 3.02346 0 0 0 0.604943 3.10469 0.0201216 0 0 0 0 0 2.384 303 52 0 0 0
./complex_md-fit_507.pdb BC A 7.07923 32.081 -15.2043 -8.65559 -13.4788 -23.1346 -0.91628 39.4682 -23.0187 3.90256 8.2558 1.8888 0 0 0 0.484303 3.78861 0 0 0 0 0 0 2.384 303 50 0 0 0
./complex_md-fit_508.pdb BC A 9.06559 32.9566 -14.876 -6.76552 -12.5211 -22.445 -0.852303 39.0381 -22.137 1.80861 5.32342 3.14929 0 0 0 0.525403 3.70129 0 0 0 0 0 1.11022e-16 2.384 303 51 0 0 0
./complex_md-fit_509.pdb BC A 7.78914 35.287 -11.6887 -5.76394 -13.1569 -23.2219 -0.965121 40.0579 -23.213 5.18442 5.87764 3.30672 0 0 0 0.200584 3.74139 0.00486444 0 0 0 0 0 2.384 303 54 2 2 0
./complex_md-fit_50.pdb BC A 7.3302 34.6996 -14.1233 -6.79699 -13.0954 -22.4717 -0.903995 37.477 -22.5696 3.60284 7.6798 2.64304 0 0 0 0.273651 3.33811 0.038029 0 0 0 0 0 2.384 303 50 2 2 0
./complex_md-fit_510.pdb BC A 8.19506 40.8374 -13.0328 -7.5549 -13.2388 -23.371 -0.905517 40.3971 -23.5514 4.10935 7.07544 3.05533 0 0 0 0.951597 2.75301 0 0 0 0 0 0 2.384 303 49 2 2 0
./complex_md-fit_511.pdb BC A 7.17049 30.4656 -11.1055 -8.59913 -10.5999 -23.8612 -0.779325 40.0783 -24.5284 4.59862 7.4296 4.36087 0 0 0 0.795161 2.28269 0 0 0 0 0 0 2.384 303 52 1 1 0
./complex_md-fit_512.pdb BC A 7.78268 28.553 -14.0467 -7.13564 -11.667 -23.4872 -0.84323 39.6475 -24.0925 4.64371 5.68755 2.92075 0 0 0 0.29866 2.56327 -0.0193742 0 0 0 0 0 2.384 303 51 1 1 0
./complex_md-fit_513.pdb BC A 10.6856 33.2734 -13.7722 -9.18177 -13.8027 -23.3142 -0.905855 41.1972 -23.2586 3.93508 7.33568 3.77818 0 0 0 0.424457 4.0069 0.0202908 0 0 0 0 0 2.384 303 49 1 1 0
./complex_md-fit_514.pdb BC A 7.75757 34.4102 -12.3957 -6.38644 -13.3108 -24.0945 -0.879796 40.9442 -24.4791 4.76539 6.60109 3.95854 0 0 0 0.484132 3.13939 0.00158327 0 0 0 0 0 2.384 303 51 1 1 0
./complex_md-fit_515.pdb BC A 6.88985 31.8999 -5.55696 -6.09738 -12.3609 -23.2295 -0.921166 41.207 -23.1123 5.58911 9.26026 3.76706 0 0 0 0.331184 2.42262 0.00968792 0 0 0 0 0 2.384 303 51 0 0 0
./complex_md-fit_516.pdb BC A 7.20964 22.4287 -15.2601 -7.08506 -12.8211 -23.118 -0.976119 38.4913 -23.3631 4.04575 6.78498 2.42127 0 0 0 0.278914 3.98045 0.081126 0 0 0 0 0 2.384 303 49 0 0 0
./complex_md-fit_517.pdb BC A 7.9407 26.4451 -9.27437 -6.34714 -11.8803 -23.4177 -0.947376 41.7097 -23.4324 5.70672 5.44521 3.40759 0 0 0 0.481228 3.92192 0 0 0 0 0 0 2.384 303 50 1 1 0
./complex_md-fit_518.pdb BC A 6.63526 40.2251 -15.7445 -8.28474 -10.7086 -22.8176 -1.00679 37.7839 -23.4263 4.09718 4.53016 3.34975 0 0 0 0.716763 2.56732 0.0218198 0 0 0 0 0 2.384 303 50 1 1 0
./complex_md-fit_519.pdb BC A 7.50188 31.4274 -15.379 -7.98066 -13.7141 -25.1165 -0.919012 42.3094 -25.6112 3.54191 8.02921 3.80956 0 0 0 0.305281 3.75259 -0.0329917 0 0 0 0 0 2.384 303 54 0 0 0
./complex_md-fit_51.pdb BC A 8.70054 35.9879 -15.1781 -8.64296 -13.2163 -23.1467 -1.04386 37.9477 -23.7338 5.42379 7.69044 2.99792 0 0 0 0.545728 2.61233 -1.38778e-17 0 0 0 0 0 2.384 303 48 1 1 0
./complex_md-fit_520.pdb BC A 6.6016 34.904 -15.1363 -9.77592 -12.5732 -25.3496 -0.814495 44.2414 -25.7428 2.45685 8.02185 3.96404 0 0 0 0.435666 4.26384 0 0 0 0 0 0 2.384 303 50 0 0 0
./complex_md-fit_521.pdb BC A 7.07179 40.7684 -8.44831 -5.20431 -11.6133 -23.553 -0.966747 41.9001 -23.6424 3.81284 6.85144 3.16746 0 0 0 0.81 4.29648 -0.0104562 0 0 0 0 0 2.384 303 50 0 0 0
./complex_md-fit_522.pdb BC A 8.456 38.8785 -12.2131 -8.22632 -12.6154 -22.8174 -0.990068 40.4729 -22.8759 3.78021 7.2325 3.34513 0 0 0 0.45719 3.77203 0.0240807 0 0 0 0 0 2.384 303 49 0 0 0
./complex_md-fit_523.pdb BC A 7.34885 41.617 -15.0723 -6.80326 -12.7079 -23.9034 -0.906196 41.2057 -23.582 3.14224 4.99876 3.15332 0 0 0 0.311657 3.14183 0.018772 0 0 0 0 0 2.384 303 51 1 1 0
./complex_md-fit_524.pdb BC A 6.2516 31.3552 -8.66574 -5.63124 -10.0532 -22.9573 -0.732595 37.7834 -23.2185 5.94077 6.08032 3.98243 0 0 0 0.114519 2.78504 0.025601 0 0 0 0 0 2.384 303 50 2 2 0
./complex_md-fit_525.pdb BC A 9.66377 31.6319 -13.8752 -6.29592 -13.6427 -22.9606 -0.887352 39.5087 -22.7569 3.01896 6.44933 3.42989 0 0 0 0.271627 4.06103 -0.0102262 0 0 0 0 0 2.384 303 49 0 0 0
./complex_md-fit_526.pdb BC A 7.88051 26.4916 -17.4395 -9.02754 -12.8497 -23.6126 -0.853848 40.4247 -23.2642 1.33848 5.93084 4.15505 0 0 0 0.319433 2.40385 0 0 0 0 0 0 2.384 303 47 0 0 0
./complex_md-fit_527.pdb BC A 9.10794 37.0642 -6.22172 -5.7828 -10.962 -23.0334 -1.00853 40.0455 -22.6428 7.71785 5.43624 3.5025 0 0 0 0.505729 2.51815 0 0 0 0 0 0 2.384 303 50 2 2 0
./complex_md-fit_528.pdb BC A 8.8781 33.6 -12.7654 -7.99703 -13.9872 -23.1422 -0.911049 40.8014 -22.8491 3.60264 7.62739 3.00679 0 0 0 1.10132 2.98525 -0.0183726 0 0 0 0 0 2.384 303 49 0 0 0
./complex_md-fit_529.pdb BC A 7.36246 38.3642 -14.8119 -6.71564 -12.322 -23.1343 -0.99092 38.1435 -23.2055 1.86754 7.40663 3.77762 0 0 0 0.361107 2.69369 0 0 0 0 0 0 2.384 303 47 0 0 0
./complex_md-fit_52.pdb BC A 7.44472 30.0683 -9.84658 -5.49347 -12.8087 -22.8532 -1.152 38.5877 -23.0811 6.06021 8.03156 2.58639 0 0 0 0.27592 2.0441 0 0 0 0 0 0 2.384 303 46 2 2 0
./complex_md-fit_530.pdb BC A 8.16317 30.9339 -11.4268 -6.08479 -15.0951 -22.6829 -0.886764 40.3755 -22.2263 2.68291 7.09623 4.45628 0 0 0 0.938018 3.34252 0 0 0 0 0 0 2.384 303 50 1 1 0
./complex_md-fit_531.pdb BC A 8.24554 28.8912 -11.0547 -6.76956 -12.2727 -22.8593 -1.18202 40.8167 -22.4751 3.51425 6.21281 3.59029 0 0 0 0.348844 2.76721 0.0209631 0 0 0 0 0 2.384 303 47 0 0 0
./complex_md-fit_532.pdb BC A 7.42031 34.261 -12.0718 -7.82443 -14.6202 -24.2505 -0.934954 42.6684 -24.0037 4.93933 7.15751 4.21059 0 0 0 0.601335 3.05748 -0.0151757 0 0 0 0 0 2.384 303 47 0 0 0
./complex_md-fit_533.pdb BC A 6.8303 35.5209 -13.5158 -7.02857 -11.7555 -22.1662 -0.801211 37.8074 -22.3165 1.55671 6.28916 4.75023 0 0 0 0.148683 2.54211 0 0 0 0 0 0 2.384 303 47 0 0 0
./complex_md-fit_534.pdb BC A 10.6262 30.8864 -11.7961 -6.05021 -12.0418 -23.3731 -0.931078 40.291 -23.853 3.80777 6.39706 3.59785 0 0 0 0.359416 2.58473 0 0 0 0 0 0 2.384 303 49 0 0 0
./complex_md-fit_535.pdb BC A 8.03995 36.9773 -12.7745 -8.40495 -13.5912 -23.6283 -0.941106 42.3479 -23.0391 4.00372 7.38529 2.42646 0 0 0 0.66662 2.51331 0 0 0 0 0 0 2.384 303 49 0 0 0
./complex_md-fit_536.pdb BC A 8.62853 31.2874 -11.566 -6.09854 -11.8805 -23.9617 -0.946882 41.1606 -24.3255 4.56744 5.89006 3.30499 0 0 0 0.64934 3.23823 0.0746123 0 0 0 0 0 2.384 303 51 0 0 0
./complex_md-fit_537.pdb BC A 8.81316 30.2565 -12.9968 -8.32661 -11.3037 -24.2657 -0.871621 40.9404 -24.7004 4.46025 7.35804 3.48596 0 0 0 0.202708 3.06798 0.023869 0 0 0 0 -1.11022e-16 2.384 303 51 1 1 0
./complex_md-fit_538.pdb BC A 8.97627 36.022 -12.1629 -7.20397 -12.9403 -23.5487 -1.07555 40.3873 -23.1761 5.94682 5.99865 3.14127 0 0 0 0.307665 3.14535 -5.55112e-17 0 0 0 0 0 2.384 303 48 0 0 0
./complex_md-fit_539.pdb BC A 11.6624 33.9755 -10.2458 -6.16807 -11.4068 -23.6521 -0.932043 40.9849 -23.6012 5.53785 5.85616 2.50632 0 0 0 0.617875 3.31503 0.0111771 0 0 0 0 0 2.384 303 51 1 1 0
./complex_md-fit_53.pdb BC A 8.00705 37.1085 -5.14363 -7.14589 -12.6204 -22.4248 -1.08847 39.8438 -22.0972 7.39384 9.27535 3.52574 0 0 0 0.169603 3.16891 0.0247911 0 0 0 0 0 2.384 303 46 2 2 0
./complex_md-fit_540.pdb BC A 9.66801 29.4418 -9.81574 -6.01381 -11.1445 -22.3656 -0.933962 38.5888 -22.2161 3.60016 5.73932 4.75382 0 0 0 0.15842 2.69987 0.0177758 0 0 0 0 0 2.384 303 49 0 0 0
./complex_md-fit_541.pdb BC A 8.37682 38.3439 -15.7684 -5.95018 -12.6112 -22.851 -0.985659 37.5451 -22.9772 3.1218 5.45875 3.33577 0 0 0 0.145518 3.49376 0 0 0 0 0 0 2.384 303 51 0 0 0
./complex_md-fit_542.pdb BC A 7.85176 33.5161 -11.6597 -6.31129 -11.1287 -24.3147 -0.861513 42.9874 -25.0404 2.84116 6.41413 2.77075 0 0 0 1.00298 2.67902 -0.0195084 0 0 0 0 -1.11022e-16 2.384 303 50 0 0 0
./complex_md-fit_543.pdb BC A 10.3851 27.1578 -16.7452 -8.18249 -12.7851 -22.7258 -0.827564 38.2005 -23.1713 2.2861 7.2565 3.00982 0 0 0 0.194193 2.16477 0 0 0 0 0 0 2.384 303 47 0 0 0
./complex_md-fit_544.pdb BC A 7.02284 30.3022 -11.497 -8.69782 -11.1667 -23.3887 -0.801537 40.9528 -23.2617 4.22759 5.32546 3.89965 0 0 0 1.41955 2.81154 -0.00560715 0 0 0 0 0 2.384 303 45 0 0 0
./complex_md-fit_545.pdb BC A 9.76255 27.1683 -14.7008 -5.7244 -14.2519 -22.3142 -0.823268 38.6916 -22.3319 3.03281 5.08314 3.81045 0 0 0 0.122313 2.76501 0 0 0 0 0 0.00460185 2.384 303 48 0 0 0
./complex_md-fit_546.pdb BC A 8.12183 42.8456 -14.3352 -7.07156 -10.9855 -23.1191 -0.846325 39.7286 -23.1099 3.25389 4.80376 2.83393 0 0 0 0.169643 3.13899 0.00737896 0 0 0 0 0 2.384 303 49 0 0 0
./complex_md-fit_547.pdb BC A 9.49545 36.0839 -16.2543 -6.24302 -15.4559 -22.8321 -1.04424 39.0378 -22.5926 2.48008 6.61093 2.99049 0 0 0 0.77545 3.25712 0.0186279 0 0 0 0 0 2.384 303 45 0 0 0
./complex_md-fit_548.pdb BC A 8.90616 27.9309 -8.07098 -4.77743 -10.491 -22.2343 -1.02599 38.5333 -21.973 5.0668 4.73387 3.83148 0 0 0 0.265245 2.86413 2.77556e-17 0 0 0 0 0 2.384 303 47 1 1 0
./complex_md-fit_549.pdb BC A 7.874 31.6333 -17.7681 -7.11065 -13.4008 -22.8207 -0.981532 37.4847 -23.7131 3.88168 4.87207 3.18969 0 0 0 0.808247 2.17448 0.0223296 0 0 0 0 0 2.384 303 50 1 1 0
./complex_md-fit_54.pdb BC A 7.05264 37.7469 -11.8055 -8.15333 -14.8399 -21.1828 -1.18053 36.392 -20.9648 5.15576 9.37411 3.2616 0 0 0 0.332421 2.43329 1.11022e-16 0 0 0 0 0 2.384 303 44 1 1 0
./complex_md-fit_550.pdb BC A 9.71878 38.6172 -15.253 -6.67714 -13.7937 -23.365 -0.79525 40.1469 -23.5829 2.89975 6.93789 2.8083 0 0 0 0.196143 3.88233 -0.027979 0 0 0 0 0 2.384 303 54 0 0 0
./complex_md-fit_551.pdb BC A 8.33768 35.2236 -11.2806 -6.60285 -13.9969 -23.4641 -1.08157 40.3342 -22.7795 4.57898 7.18034 4.1448 0 0 0 0.405985 3.88823 -5.55112e-17 0 0 0 0 0 2.384 303 51 0 0 0
./complex_md-fit_552.pdb BC A 6.98303 41.7057 -11.0264 -6.64151 -15.3955 -24.5045 -1.08607 44.3794 -24.04 3.30433 8.54475 3.92149 0 0 0 0.491222 2.75907 0 0 0 0 0 0 2.384 303 51 0 0 0
./complex_md-fit_553.pdb BC A 7.23562 36.5044 -7.1344 -6.00934 -12.7432 -22.0082 -0.895211 39.3249 -21.3673 5.58227 6.9882 3.66551 0 0 0 0.328003 2.97713 5.55112e-17 0 0 0 0 0 2.384 303 54 1 1 0
./complex_md-fit_554.pdb BC A 9.58984 25.2766 -15.4772 -7.93406 -13.9119 -22.8438 -0.931843 39.5366 -22.6333 1.79558 7.59965 3.48326 0 0 0 0.368837 2.89666 -0.00617559 0 0 0 0 0 2.384 303 51 0 0 0
./complex_md-fit_555.pdb BC A 7.6182 31.1139 -14.9298 -8.20211 -13.9026 -22.9089 -0.988146 40.2551 -22.8159 3.58986 6.42751 3.27057 0 0 0 0.354596 2.75818 -0.00983112 0 0 0 0 0 2.384 303 52 0 0 0
./complex_md-fit_556.pdb BC A 8.1714 26.4214 -16.2203 -7.89742 -13.8843 -22.1037 -0.920193 36.4421 -22.5205 4.64251 5.63858 3.68104 0 0 0 0.68231 2.34155 0.019333 0 0 0 0 0 2.384 303 49 1 1 0
./complex_md-fit_557.pdb BC A 7.7846 27.8107 -6.22034 -4.78585 -11.2521 -23.181 -0.988691 41.3559 -23.0765 5.65076 6.19894 3.13465 0 0 0 0.737869 3.86192 -0.0142156 0 0 0 0 0 2.384 303 55 2 2 0
./complex_md-fit_558.pdb BC A 8.54463 33.4873 -17.6717 -9.16958 -12.4562 -22.8749 -0.921761 37.8378 -22.9158 2.52263 5.60209 3.96058 0 0 0 0.733367 2.75243 0.0101788 0 0 0 0 0 2.384 303 50 0 0 0
./complex_md-fit_559.pdb BC A 8.30074 39.1485 -19.3897 -10.9382 -15.6376 -24.1885 -1.02824 41.2203 -23.7944 3.81918 7.91597 3.10605 0 0 0 0.135663 2.48786 0 0 0 0 0 1.11022e-16 2.384 303 54 0 0 0
./complex_md-fit_55.pdb BC A 6.84744 31.2088 -18.6804 -9.77274 -14.1154 -21.5604 -1.10274 35.8725 -21.6537 3.33146 8.30078 1.84827 0 0 0 0.171578 3.23113 0 0 0 0 0 0 2.384 303 48 0 0 0
./complex_md-fit_560.pdb BC A 8.36625 36.428 -9.87272 -6.95813 -14.1176 -22.6528 -1.06103 41.1354 -22.3943 6.02417 6.92859 2.92356 0 0 0 0.298566 3.64357 0.000956894 0 0 0 0 0 2.384 303 49 1 1 0
./complex_md-fit_561.pdb BC A 7.11554 26.2487 -16.7015 -9.80308 -15.0704 -22.9047 -1.14358 40.1146 -22.4714 1.99979 7.53365 4.81972 0 0 0 0.221444 2.77775 -2.77556e-17 0 0 0 0 0.00242703 2.384 303 48 0 0 0
./complex_md-fit_562.pdb BC A 7.59841 32.8579 -14.9568 -7.69995 -13.645 -23.4658 -1.08727 39.5888 -23.529 4.92006 6.27207 3.40892 0 0 0 0.280393 2.55837 0 0 0 0 0 0 2.384 303 49 0 0 0
./complex_md-fit_563.pdb BC A 8.22592 35.6634 -15.6406 -8.89363 -12.9425 -23.0255 -1.02114 38.1908 -23.3431 4.19492 6.37484 4.54883 0 0 0 0.285394 4.17708 -0.00957657 0 0 0 0 0 2.384 303 48 0 0 0
./complex_md-fit_564.pdb BC A 6.83152 32.849 -17.2799 -9.19038 -15.5227 -22.673 -1.00328 39.7996 -22.5121 2.16407 8.17374 3.26198 0 0 0 0.2192 2.52518 -0.0123485 0 0 0 0 0.0154329 2.384 303 46 0 0 0
./complex_md-fit_565.pdb BC A 7.15396 31.8843 -18.0932 -8.87935 -17.0698 -23.3192 -1.07181 39.094 -23.3751 4.91264 7.14545 3.97826 0 0 0 0.510103 2.97176 -0.0183105 0 0 0 0 0 2.384 303 47 0 0 0
./complex_md-fit_566.pdb BC A 7.40809 30.6591 -15.6254 -7.99643 -12.9683 -22.9346 -0.910076 39.3452 -22.6866 3.23837 6.39805 2.22507 0 0 0 0.654291 4.11405 0.00966616 0 0 0 0 0 2.384 303 50 0 0 0
./complex_md-fit_567.pdb BC A 6.48771 39.8259 -16.5207 -6.42013 -13.8275 -21.9383 -1.00178 36.9615 -22.106 2.04628 5.65271 3.38584 0 0 0 0.713208 3.86851 0.0135424 0 0 0 0 0 2.384 303 46 0 0 0
./complex_md-fit_568.pdb BC A 6.91888 36.1213 -18.8828 -7.41862 -14.1774 -23.6373 -0.933603 39.1288 -24.4763 2.25883 6.01379 4.08644 0 0 0 0.264594 3.50754 0.00801474 0 0 0 0 0 2.384 303 48 0 0 0
./complex_md-fit_569.pdb BC A 6.4953 29.3588 -16.097 -7.23436 -12.4019 -22.4681 -0.950097 37.0918 -22.5381 3.26457 5.4461 3.39252 0 0 0 0.313824 2.73331 -0.0132798 0 0 0 0 0 2.384 303 47 0 0 0
./complex_md-fit_56.pdb BC A 8.16477 33.8767 -8.80085 -9.16095 -12.7674 -23.123 -1.18854 39.7415 -22.9561 6.35917 9.12839 4.12878 0 0 0 0.988013 3.34993 0.0419495 0 0 0 0 0.00739618 2.384 303 49 1 1 0
./complex_md-fit_570.pdb BC A 6.84358 34.0785 -13.4964 -7.56787 -10.6278 -24.4649 -0.729461 40.5818 -24.7042 4.28716 6.14783 2.76424 0 0 0 0.790987 3.44288 0.0258388 0 0 0 0 0 2.384 303 51 0 0 0
./complex_md-fit_571.pdb BC A 7.33301 35.1457 -12.8718 -7.18525 -10.5349 -24.2916 -0.805711 40.8359 -24.5608 2.18733 5.94439 4.44999 0 0 0 1.09941 3.06175 -0.0105397 0 0 0 0 0 2.384 303 50 0 0 0
./complex_md-fit_572.pdb BC A 7.55313 31.4275 -14.5225 -8.60575 -12.726 -24.0097 -0.902211 40.3586 -24.6244 4.3191 7.41548 3.96006 0 0 0 0.292377 4.12577 0 0 0 0 0 0 2.384 303 53 1 1 0
./complex_md-fit_573.pdb BC A 7.64221 22.3747 -11.8565 -7.36085 -11.7683 -22.7304 -0.820691 38.244 -23.0028 4.05029 7.44891 3.98381 0 0 0 0.125758 4.024 -0.0262783 0 0 0 0 0 2.384 303 48 0 0 0
./complex_md-fit_574.pdb BC A 8.21388 28.3477 -10.5369 -7.7226 -8.96355 -23.9892 -0.851831 41.4674 -24.6692 4.3992 5.48197 4.11156 0 0 0 0.199334 2.76913 0 0 0 0 0 0 2.384 303 50 0 0 0
./complex_md-fit_575.pdb BC A 7.45274 28.721 -13.0706 -8.1888 -11.6818 -22.7692 -0.785478 38.7738 -22.9603 4.48539 5.95166 3.46758 0 0 0 0.636569 2.54792 0 0 0 0 0 0 2.384 303 50 0 0 0
./complex_md-fit_576.pdb BC A 7.78282 31.6901 -11.1677 -6.29721 -13.6665 -23.342 -1.07424 41.1689 -23.2693 5.54533 7.20009 2.47255 0 0 0 0.0947021 2.83298 0 0 0 0 0 0 2.384 303 47 0 0 0
./complex_md-fit_577.pdb BC A 8.02143 29.3762 -9.3834 -6.14651 -13.3097 -23.4435 -0.899941 40.7965 -22.9094 5.91169 6.60069 3.68533 0 0 0 0.331345 3.86457 -5.55112e-17 0 0 0 0 0 2.384 303 48 2 2 0
./complex_md-fit_578.pdb BC A 7.80019 28.9426 -13.8713 -6.7831 -12.4377 -22.9161 -1.14349 38.4262 -22.9864 3.36125 6.29762 4.01573 0 0 0 0.294737 2.586 5.55112e-17 0 0 0 0 0 2.384 303 47 0 0 0
./complex_md-fit_579.pdb BC A 7.22303 24.5378 -11.9313 -7.80078 -13.0917 -24.2335 -0.83804 42.2048 -24.5948 5.78463 6.72514 3.60658 0 0 0 0.323676 2.73991 -0.0173289 0 0 0 0 0 2.384 303 53 2 2 0
./complex_md-fit_57.pdb BC A 7.92841 27.0722 -17.0897 -7.86503 -13.8655 -23.2308 -1.07889 38.7583 -23.5667 2.55547 7.29583 3.28263 0 0 0 0.624902 3.43359 0 0 0 0 0 0 2.384 303 48 0 0 0
./complex_md-fit_580.pdb BC A 7.5261 34.8133 -13.5103 -8.21651 -11.8819 -23.7142 -1.04664 38.7652 -24.2069 6.02513 7.52404 2.60008 0 0 0 0.617978 3.87384 0.0234617 0 0 0 0 0 2.384 303 48 1 1 0
./complex_md-fit_581.pdb BC A 10.2866 36.0123 -12.2255 -7.35039 -9.41199 -21.892 -0.948561 36.7634 -22.1723 4.59664 6.08053 1.97236 0 0 0 0.162897 2.26652 -0.0260801 0 0 0 0 0 2.384 303 50 0 0 0
./complex_md-fit_582.pdb BC A 7.4568 31.8345 -16.7451 -7.85602 -12.5465 -23.5837 -1.04016 38.5333 -24.4148 3.78875 6.9224 3.11031 0 0 0 0.3414 3.53562 0 0 0 0 0 0 2.384 303 51 1 1 0
./complex_md-fit_583.pdb BC A 9.58394 34.2401 -15.4313 -8.09185 -13.4853 -21.2695 -0.740695 35.7319 -21.263 2.91165 7.05258 3.31316 0 0 0 0.409819 2.4719 0 0 0 0 0 0 2.384 303 45 0 0 0
./complex_md-fit_584.pdb BC A 8.1286 36.1609 -14.218 -7.73772 -12.5175 -24.0454 -0.704012 40.128 -24.2622 2.72471 6.80986 4.92425 0 0 0 0.461938 2.70072 0 0 0 0 0 0 2.384 303 46 0 0 0
./complex_md-fit_585.pdb BC A 9.7183 36.7569 -12.3175 -6.58235 -11.3929 -23.6644 -0.766041 39.1021 -23.9833 4.3728 5.57032 4.29823 0 0 0 0.705342 2.22892 0.0227633 0 0 0 0 0 2.384 303 50 1 1 0
./complex_md-fit_586.pdb BC A 10.9676 30.9621 -12.1657 -8.83384 -14.0409 -24.3934 -0.751286 43.0676 -24.1954 3.20323 8.93878 4.56386 0 0 0 0.275677 3.068 0 0 0 0 0 0 2.384 303 48 0 0 0
./complex_md-fit_587.pdb BC A 7.88707 38.6122 -18.3941 -7.27999 -16.1369 -24.0863 -1.0938 38.9501 -24.0051 2.71058 7.679 4.41667 0 0 0 0.418326 2.91257 0.0281147 0 0 0 0 0.00520915 2.384 303 49 0 0 0
./complex_md-fit_588.pdb BC A 8.17574 34.6029 -13.8426 -7.67876 -12.533 -23.0313 -0.873717 38.6284 -22.8802 4.4803 7.28947 2.64812 0 0 0 0.102097 2.96033 0 0 0 0 0 0.00608235 2.384 303 47 0 0 0
./complex_md-fit_589.pdb BC A 6.34951 32.1434 -12.7561 -7.46177 -13.2394 -24.0439 -0.971717 41.1789 -24.0245 4.40587 7.29735 3.06262 0 0 0 0.999462 2.84853 0.0372833 0 0 0 0 0.00366358 2.384 303 49 0 0 0
./complex_md-fit_58.pdb BC A 9.90036 34.6709 -9.39495 -6.29789 -11.7702 -22.0786 -1.16128 39.6554 -22.0886 4.49612 6.21444 3.27348 0 0 0 0.317122 2.36342 0.0451074 0 0 0 0 0 2.384 303 46 0 0 0
./complex_md-fit_590.pdb BC A 7.55677 35.8841 -14.5646 -7.70603 -13.3503 -24.3553 -0.968407 39.7714 -24.352 4.9715 6.74648 4.0374 0 0 0 0.654852 2.57063 -0.0142746 0 0 0 0 0 2.384 303 50 0 0 0
./complex_md-fit_591.pdb BC A 9.68223 32.0198 -10.3468 -7.61653 -12.241 -23.4898 -0.954536 39.4397 -23.3451 7.47644 6.95306 3.1427 0 0 0 0.247101 2.69966 0.0412174 0 0 0 0 0 2.384 303 47 1 1 0
./complex_md-fit_592.pdb BC A 7.43946 36.8507 -8.3497 -7.34998 -11.7202 -23.3586 -1.03507 39.8069 -22.8582 6.66954 7.481 3.48272 0 0 0 0.49306 2.76353 0.0391591 0 0 0 0 -1.11022e-16 2.384 303 46 3 3 0
./complex_md-fit_593.pdb BC A 6.80831 34.8888 -11.0941 -7.57381 -13.0317 -23.8842 -1.00063 40.6346 -23.428 7.88731 6.13252 2.83605 0 0 0 0.326997 2.95649 0.00679399 0 0 0 0 0 2.384 303 44 2 2 0
./complex_md-fit_594.pdb BC A 9.90745 32.8768 -10.9682 -6.76786 -11.4288 -23.8884 -0.985291 40.9268 -23.9102 4.76285 6.1221 3.84669 0 0 0 0.352426 2.62659 0 0 0 0 0 0.00152254 2.384 303 47 2 2 0
./complex_md-fit_595.pdb BC A 7.50621 31.6851 -15.7906 -7.58931 -11.3985 -21.8576 -0.838805 35.3339 -22.0879 2.10318 6.5852 3.34837 0 0 0 0.591089 2.82741 0.0197956 0 0 0 0 0 2.384 303 46 0 0 0
./complex_md-fit_596.pdb BC A 7.77231 27.5279 -12.0271 -6.2737 -12.153 -22.2328 -0.898819 38.4522 -22.2447 3.74533 6.17507 2.91903 0 0 0 0.444984 2.35802 0.0335198 0 0 0 0 0.00572509 2.384 303 46 0 0 0
./complex_md-fit_597.pdb BC A 12.8997 37.2893 -11.8784 -7.40433 -12.5103 -22.5604 -0.959973 38.2729 -22.237 5.398 6.22139 3.67836 0 0 0 0.222935 2.16619 0 0 0 0 0 0 2.384 303 45 0 0 0
./complex_md-fit_598.pdb BC A 6.24312 31.7592 -15.2704 -7.60836 -14.8188 -22.8242 -0.960591 37.8986 -22.8631 6.23247 6.70255 2.66761 0 0 0 0.303484 2.48163 -5.55112e-17 0 0 0 0 0 2.384 303 46 2 2 0
./complex_md-fit_599.pdb BC A 6.98398 38.3884 -15.9008 -6.08665 -11.2967 -22.4114 -0.936629 37.7349 -22.443 1.51561 5.00681 2.41916 0 0 0 0.591943 2.44036 0 0 0 0 0 0.00505441 2.384 303 48 0 0 0
./complex_md-fit_59.pdb BC A 7.18942 31.3959 -5.49862 -6.42084 -13.6529 -23.331 -1.13081 41.9563 -23.2271 8.76763 8.5259 2.79555 0 0 0 0.173148 2.52693 0.0401372 0 0 0 0 0.00536634 2.384 303 48 2 2 0
./complex_md-fit_5.pdb BC A 6.81815 31.5782 -8.34975 -5.83365 -15.9257 -23.3429 -1.26615 41.8429 -22.0889 6.53671 8.53129 2.8806 0 0 0 0.257483 2.04287 0.0585775 0 0 0 0 0 2.384 303 48 2 2 0
./complex_md-fit_600.pdb BC A 6.54429 30.6853 -10.8506 -6.97939 -13.1898 -23.5395 -0.951551 40.2743 -22.8879 6.1547 7.62742 2.24341 0 0 0 0.381455 3.72507 0.016211 0 0 0 0 0 2.384 303 49 1 1 0
./complex_md-fit_601.pdb BC A 9.08053 31.565 -7.88704 -7.52686 -11.0603 -21.6923 -0.853888 39.5955 -20.9942 3.09985 8.10531 3.30728 0 0 0 0.137213 2.4581 -0.0045939 0 0 0 0 0 2.384 303 45 0 0 0
./complex_md-fit_602.pdb BC A 7.13777 36.8545 -10.9803 -5.47885 -12.2969 -22.8937 -1.08224 37.9246 -23.1999 5.87801 6.31255 3.22252 0 0 0 0.612524 2.99398 0.0210682 0 0 0 0 0 2.384 303 47 1 1 0
./complex_md-fit_603.pdb BC A 9.65602 39.0141 -15.2167 -8.7594 -12.3772 -24.7863 -0.903201 40.9213 -25.2312 3.19023 7.81227 4.66067 0 0 0 0.255988 2.86479 0 0 0 0 0 0 2.384 303 48 1 1 0
./complex_md-fit_604.pdb BC A 8.99639 40.9901 -16.9025 -7.84449 -12.6516 -23.5815 -0.959861 40.0553 -22.9975 2.15914 6.35909 2.1509 0 0 0 0.407986 2.7366 0 0 0 0 0 0 2.384 303 46 0 0 0
./complex_md-fit_605.pdb BC A 6.9597 28.0417 -10.5728 -6.0336 -12.224 -22.7177 -1.00682 40.7319 -21.4323 2.56026 5.76397 3.36205 0 0 0 0.423523 2.30886 0 0 0 0 0 0 2.384 303 46 1 1 0
./complex_md-fit_606.pdb BC A 7.29982 39.3058 -12.8275 -4.96064 -13.5246 -22.6189 -1.11854 39.3851 -22.2054 4.49335 4.89026 2.32973 0 0 0 0.50205 3.05197 0 0 0 0 0 0 2.384 303 48 2 2 0
./complex_md-fit_607.pdb BC A 7.17869 30.3875 -10.3392 -5.98377 -10.5965 -22.0941 -0.864267 37.6197 -21.7543 4.40183 6.14568 2.49666 0 0 0 0.289043 2.52439 0.000748447 0 0 0 0 0 2.384 303 45 1 1 0
./complex_md-fit_608.pdb BC A 7.15207 31.6535 -13.4188 -7.26344 -14.0893 -22.7939 -1.07833 39.1687 -22.3945 4.22264 8.2817 2.30249 0 0 0 0.225123 2.49048 0 0 0 0 0 0 2.384 303 46 0 0 0
./complex_md-fit_609.pdb BC A 7.14605 30.2603 -10.5235 -6.43287 -11.7111 -23.2286 -0.947248 39.1823 -23.0983 6.12002 5.9172 3.26995 0 0 0 0.386297 2.52818 0.0187476 0 0 0 0 0 2.384 303 46 1 1 0
./complex_md-fit_60.pdb BC A 7.63536 26.4395 -7.26047 -7.80887 -13.0862 -22.9837 -1.14394 40.1116 -23.0505 7.76415 9.3188 3.40542 0 0 0 0.161529 2.34897 0.0466597 0 0 0 0 0.00466055 2.384 303 48 3 3 0
./complex_md-fit_610.pdb BC A 6.32353 34.1669 -9.92925 -6.2484 -12.7317 -22.0487 -0.85396 38.214 -21.3307 6.07441 5.89303 2.7242 0 0 0 0.362475 2.51915 0.0160173 0 0 0 0 0 2.384 303 44 2 2 0
./complex_md-fit_611.pdb BC A 8.60815 33.6419 -16.4108 -9.42417 -12.5629 -22.1893 -0.917825 37.0456 -22.0153 1.7077 8.41041 3.39247 0 0 0 0.153289 2.06044 -0.0108791 0 0 0 0 0 2.384 303 45 0 0 0
./complex_md-fit_612.pdb BC A 6.17344 43.0731 -15.2128 -7.56285 -15.0217 -23.8967 -1.0643 41.1612 -23.4759 3.78899 7.60001 2.48506 0 0 0 0.778311 3.60803 -0.0103877 0 0 0 0 0.00547679 2.384 303 47 0 0 0
./complex_md-fit_613.pdb BC A 8.71074 33.2666 -7.64713 -4.47348 -11.2064 -22.9983 -0.90625 39.714 -22.7318 5.50274 6.17535 2.72406 0 0 0 0.552982 3.60816 0 0 0 0 0 0 2.384 303 48 2 2 0
./complex_md-fit_614.pdb BC A 7.08706 30.1447 -13.3064 -7.05754 -13.6075 -22.9817 -1.20907 39.0743 -22.3231 5.01343 7.34509 1.96598 0 0 0 0.473749 2.7922 0 0 0 0 0 0 2.384 303 46 1 1 0
./complex_md-fit_615.pdb BC A 7.20735 31.9983 -9.76579 -7.52417 -10.7837 -22.4723 -1.05507 38.5182 -22.6109 4.77806 7.9637 3.24193 0 0 0 0.178479 3.10008 5.55112e-17 0 0 0 0 0 2.384 303 48 1 1 0
./complex_md-fit_616.pdb BC A 7.55951 36.9354 -17.1921 -8.45049 -14.2007 -21.7091 -1.02259 36.6372 -21.3329 4.52834 5.93618 2.24846 0 0 0 0.173575 2.30024 0 0 0 0 0 0 2.384 303 46 0 0 0
./complex_md-fit_617.pdb BC A 8.52283 28.4156 -19.4443 -10.0428 -15.5686 -23.8168 -0.868923 38.9931 -24.2089 3.06908 8.67182 3.87176 0 0 0 0.456048 2.80822 5.55112e-17 0 0 0 0 0 2.384 303 48 0 0 0
./complex_md-fit_618.pdb BC A 9.12881 31.3638 -11.8158 -6.77878 -10.1188 -22.0836 -0.843224 39.2727 -21.9782 2.00217 5.41491 3.08687 0 0 0 0.203164 2.13713 1.11022e-16 0 0 0 0 0.00694156 2.384 303 51 0 0 0
./complex_md-fit_619.pdb BC A 8.98952 32.1643 -9.21986 -4.28035 -10.4588 -22.2235 -0.762732 38.8197 -22.2233 4.50515 4.88904 2.09963 0 0 0 0.426752 2.51449 -0.0113723 0 0 0 0 0 2.384 303 47 0 0 0
./complex_md-fit_61.pdb BC A 9.71754 34.5841 -12.0628 -7.27001 -14.4051 -22.8546 -1.24631 40.7678 -22.3896 4.85638 7.93257 2.03087 0 0 0 0.479801 2.19362 0.0353427 0 0 0 0 0 2.384 303 48 0 0 0
./complex_md-fit_620.pdb BC A 8.11485 30.8737 -13.7482 -7.73472 -12.7131 -21.6938 -0.850172 37.8528 -21.3018 2.52576 6.6916 3.09613 0 0 0 0.37909 2.33282 -1.11022e-16 0 0 0 0 0 2.384 303 48 0 0 0
./complex_md-fit_621.pdb BC A 9.40504 26.5125 -12.9883 -6.92997 -10.7827 -23.399 -0.911011 39.5214 -23.6575 4.96054 5.15481 2.67085 0 0 0 0.360987 2.9811 0.023388 0 0 0 0 0 2.384 303 49 1 1 0
./complex_md-fit_622.pdb BC A 7.02794 40.1091 -10.6682 -7.61147 -10.8746 -22.9587 -0.673425 39.1172 -22.5576 4.3837 7.07523 3.31289 0 0 0 0.0767525 2.54142 0.0363081 0 0 0 0 0.00549699 2.384 303 46 1 1 0
./complex_md-fit_623.pdb BC A 7.98095 33.1836 -12.4841 -6.9149 -12.6943 -22.5081 -1.09374 39.3593 -22.3038 4.42371 6.01367 2.75778 0 0 0 0.476232 2.8235 0 0 0 0 0 0 2.384 303 44 1 1 0
./complex_md-fit_624.pdb BC A 7.40292 33.1588 -7.50466 -7.33935 -9.18736 -21.7096 -0.852602 37.503 -21.0392 3.66464 7.20048 3.88447 0 0 0 0.320434 2.99211 0.0430015 0 0 0 0 0.00744087 2.384 303 48 1 1 0
./complex_md-fit_625.pdb BC A 8.76848 36.3663 -14.7867 -7.75399 -12.7361 -22.5688 -0.884989 38.0281 -22.5196 3.26054 6.30709 3.54206 0 0 0 0.538921 2.54916 0 0 0 0 0 0 2.384 303 45 0 0 0
./complex_md-fit_626.pdb BC A 6.62607 32.3114 -10.4247 -7.63973 -10.8793 -22.5318 -0.886545 37.377 -22.469 5.31775 7.04106 3.29049 0 0 0 0.972121 2.71653 -0.0167419 0 0 0 0 0 2.384 303 48 3 3 0
./complex_md-fit_627.pdb BC A 5.79354 34.0045 -9.36371 -6.34688 -12.2797 -22.4258 -0.984703 39.8838 -22.5734 4.68248 7.52138 2.97484 0 0 0 0.186533 3.96849 -0.00226209 0 0 0 0 0 2.384 303 48 1 1 0
./complex_md-fit_628.pdb BC A 8.10461 30.6168 -8.65103 -8.03768 -12.5812 -23.5609 -0.982723 39.6265 -23.6674 9.29448 7.79356 3.23493 0 0 0 0.199427 2.76209 0.0299728 0 0 0 0 0 2.384 303 50 3 3 0
./complex_md-fit_629.pdb BC A 6.71129 29.9782 -10.8814 -11.196 -11.3961 -23.6471 -0.909775 41.8374 -23.3587 6.06557 7.70894 3.61341 0 0 0 0.363888 2.82246 0.0370963 0 0 0 0 0 2.384 303 49 1 1 0
./complex_md-fit_62.pdb BC A 7.29607 38.9575 -9.23052 -7.38632 -11.8031 -23.5239 -1.03936 40.3834 -23.4037 6.05864 7.81475 3.01504 0 0 0 0.615355 2.69557 0.0386226 0 0 0 0 0 2.384 303 47 1 1 0
./complex_md-fit_630.pdb BC A 9.02382 34.7168 -12.6606 -8.0217 -14.2328 -23.3609 -0.950243 41.5328 -22.7134 4.05012 7.44408 3.11558 0 0 0 0.485756 2.65399 -0.00986586 0 0 0 0 0 2.384 303 48 0 0 0
./complex_md-fit_631.pdb BC A 9.52353 33.5441 -13.5217 -8.22231 -16.4057 -22.4718 -1.16927 38.1651 -22.1647 5.85636 9.16256 3.3925 0 0 0 0.335573 3.28737 0 0 0 0 0 0 2.384 303 44 2 2 0
./complex_md-fit_632.pdb BC A 6.82008 33.827 -16.0277 -9.2196 -15.5003 -24.0877 -1.10723 42.2246 -23.6798 3.86555 8.16986 2.79535 0 0 0 0.511669 2.8686 -5.55112e-17 0 0 0 0 0 2.384 303 50 0 0 0
./complex_md-fit_633.pdb BC A 10.1716 32.2617 -14.8248 -6.98877 -14.7153 -23.6907 -1.00721 41.4445 -23.6832 2.77154 7.72639 3.05236 0 0 0 0.239632 2.7541 0.0224463 0 0 0 0 0.00353339 2.384 303 49 0 0 0
./complex_md-fit_634.pdb BC A 6.33762 34.5995 -3.85587 -5.7488 -10.9494 -21.8976 -1.09627 39.3227 -21.3473 7.16697 5.9506 4.30603 0 0 0 0.397801 2.40114 0.0393988 0 0 0 0 0 2.384 303 50 1 1 0
./complex_md-fit_635.pdb BC A 10.159 28.678 -10.0004 -7.1524 -12.9307 -23.1317 -1.17966 41.6432 -22.3154 5.40661 6.75398 2.5557 0 0 0 0.323895 2.3849 0.0259223 0 0 0 0 0 2.384 303 47 1 1 0
./complex_md-fit_636.pdb BC A 9.16504 37.7268 -9.18864 -7.34175 -10.0169 -22.0615 -0.92226 37.8316 -21.6707 3.82771 6.61132 3.98749 0 0 0 0.521284 2.92014 0.0451365 0 0 0 0 0 2.384 303 46 1 1 0
./complex_md-fit_637.pdb BC A 8.35398 36.118 -13.975 -8.51623 -13.8061 -23.2729 -0.990855 40.144 -22.8984 6.068 6.72326 2.26102 0 0 0 0.290487 2.73217 0.0227886 0 0 0 0 0 2.384 303 47 1 1 0
./complex_md-fit_638.pdb BC A 7.17305 40.3502 -8.76727 -6.29665 -10.3529 -22.9933 -0.971207 41.5727 -22.6141 3.06511 6.31738 3.03813 0 0 0 0.478629 2.74008 -0.0114804 0 0 0 0 0.000351414 2.384 303 48 0 0 0
./complex_md-fit_639.pdb BC A 9.19372 31.5854 -17.2694 -9.63577 -12.6891 -23.2742 -0.863964 38.7082 -23.1398 3.45304 6.88636 3.01334 0 0 0 0.240268 2.98251 0.0256297 0 0 0 0 0.00661121 2.384 303 48 0 0 0
./complex_md-fit_63.pdb BC A 8.33529 27.3794 -13.3098 -6.98212 -9.39304 -23.0685 -0.990186 38.0155 -23.8139 4.54039 6.4203 1.73352 0 0 0 0.238449 2.32465 -0.0102568 0 0 0 0 0 2.384 303 46 1 1 0
./complex_md-fit_640.pdb BC A 6.90961 25.9649 -11.2339 -6.4376 -14.1887 -23.9338 -1.07617 42.4683 -23.6198 5.22334 7.08476 3.0414 0 0 0 0.204427 3.99943 5.55112e-17 0 0 0 0 0 2.384 303 47 2 2 0
./complex_md-fit_641.pdb BC A 8.46154 33.0691 -12.472 -5.57551 -16.7642 -23.7256 -1.17416 42.2251 -23.2542 3.84602 8.41163 3.3027 0 0 0 0.216769 3.32867 0.0195227 0 0 0 0 0 2.384 303 50 0 0 0
./complex_md-fit_642.pdb BC A 9.51498 29.2273 -16.2254 -8.51596 -14.3987 -22.7473 -1.1515 37.8305 -22.6759 3.27804 7.55719 4.46846 0 0 0 0.123196 2.68362 0 0 0 0 0 0.00658896 2.384 303 47 0 0 0
./complex_md-fit_643.pdb BC A 7.65389 33.1792 -16.6734 -8.79387 -11.7401 -22.7942 -0.921124 38.786 -22.9367 2.70751 6.25386 2.63372 0 0 0 0.123187 3.36147 0 0 0 0 0 0.0083112 2.384 303 47 0 0 0
./complex_md-fit_644.pdb BC A 6.76138 33.0244 -14.7262 -7.93628 -12.1895 -21.5877 -0.868566 35.6267 -21.8595 2.97525 6.12067 4.19813 0 0 0 0.794626 2.49516 0 0 0 0 0 0 2.384 303 47 0 0 0
./complex_md-fit_645.pdb BC A 7.28269 39.7043 -9.46798 -5.96112 -14.6288 -22.3524 -1.0965 38.3032 -22.0121 6.12739 7.06171 4.17435 0 0 0 0.894281 2.49716 0.0208177 0 0 0 0 0.00112707 2.384 303 48 1 1 0
./complex_md-fit_646.pdb BC A 10.3885 34.49 -16.8992 -8.06945 -13.6539 -22.8749 -1.06387 38.3148 -23.1526 2.82344 7.10131 3.51378 0 0 0 0.172535 2.67264 -0.0102531 0 0 0 0 0 2.384 303 49 0 0 0
./complex_md-fit_647.pdb BC A 7.7388 37.3359 -18.285 -7.82952 -14.6715 -22.4335 -1.12107 37.2825 -22.3855 2.82646 6.05881 3.6431 0 0 0 0.324136 2.64799 0.0210255 0 0 0 0 0 2.384 303 49 0 0 0
./complex_md-fit_648.pdb BC A 8.06655 28.5012 -12.1731 -7.55311 -14.7774 -22.0156 -0.989906 38.1229 -21.6602 8.11579 5.30602 2.48316 0 0 0 0.79525 2.23246 -1.11022e-16 0 0 0 0 0 2.384 303 47 4 4 0
./complex_md-fit_649.pdb BC A 9.18866 31.486 -16.9175 -7.53303 -15.8261 -22.8176 -1.03209 38.8405 -22.4922 2.93459 7.09631 3.53895 0 0 0 0.335371 2.99599 0.02062 0 0 0 0 0.0172015 2.384 303 49 0 0 0
./complex_md-fit_64.pdb BC A 8.31195 35.2992 -9.0916 -5.0103 -11.2273 -22.8881 -1.02795 39.3562 -23.2876 4.21972 7.21342 3.1138 0 0 0 0.403521 2.2442 0.0430267 0 0 0 0 0 2.384 303 47 0 0 0
./complex_md-fit_650.pdb BC A 6.33414 37.0085 -14.7935 -7.90101 -14.0734 -21.7827 -0.934444 37.0495 -21.4236 3.11495 7.52641 3.44368 0 0 0 0.168061 2.50446 0.0189634 0 0 0 0 0 2.384 303 47 0 0 0
./complex_md-fit_651.pdb BC A 14.0605 31.9714 -18.4609 -8.36338 -14.2297 -20.9976 -1.0399 34.2455 -21.343 2.40265 6.70795 3.7586 0 0 0 0.373911 2.44505 0.0240977 0 0 0 0 0 2.384 303 48 0 0 0
./complex_md-fit_652.pdb BC A 7.73568 40.6965 -6.59751 -4.29789 -10.7772 -22.7705 -0.765706 39.1821 -22.9992 6.83881 4.8868 3.52429 0 0 0 0.552819 4.22385 0.028156 0 0 0 0 0 2.384 303 48 1 1 0
./complex_md-fit_653.pdb BC A 6.97091 29.7291 -11.5117 -6.285 -10.3529 -19.9025 -0.714185 33.5255 -19.7409 3.25077 6.13124 2.2576 0 0 0 0.297656 2.32807 0.0210661 0 0 0 0 0 2.384 303 46 1 1 0
./complex_md-fit_654.pdb BC A 9.02211 33.7271 -10.419 -5.17305 -10.4235 -21.5588 -0.765485 36.3184 -21.7902 3.70266 6.4716 2.48505 0 0 0 0.314435 1.98428 0 0 0 0 0 0 2.384 303 47 0 0 0
./complex_md-fit_655.pdb BC A 7.20052 30.9447 -15.3172 -6.87595 -14.9973 -21.5338 -0.890923 36.3426 -21.8447 3.4788 7.15266 3.55359 0 0 0 0.297815 2.34894 -1.11022e-16 0 0 0 0 0 2.384 303 45 1 1 0
./complex_md-fit_656.pdb BC A 7.61004 32.1154 -7.2837 -4.02289 -10.93 -21.775 -0.97379 37.699 -21.7869 5.50239 5.72391 3.09011 0 0 0 0.173283 3.23162 0.0163103 0 0 0 0 0 2.384 303 46 2 2 0
./complex_md-fit_657.pdb BC A 6.14311 31.9377 -14.4366 -8.16688 -13.4565 -21.7183 -1.04305 36.1297 -21.6309 5.76638 6.18624 2.37216 0 0 0 1.11149 2.42115 0.012964 0 0 0 0 0 2.384 303 48 2 2 0
./complex_md-fit_658.pdb BC A 7.51848 33.008 -8.04763 -6.26585 -9.99841 -22.372 -0.802352 39.2002 -22.2832 6.1719 5.70712 2.21659 0 0 0 0.352487 3.69828 0.0239419 0 0 0 0 0.00193281 2.384 303 49 1 1 0
./complex_md-fit_659.pdb BC A 8.20282 30.3302 -11.557 -7.70994 -13.4851 -22.3425 -1.06394 38.6179 -21.6754 3.48196 8.29254 3.94075 0 0 0 0.395873 2.40854 -0.0091352 0 0 0 0 0 2.384 303 51 0 0 0
./complex_md-fit_65.pdb BC A 8.19302 34.7736 -12.6014 -5.53939 -14.4566 -23.836 -1.0322 40.3575 -24.7504 5.80865 8.36789 2.30313 0 0 0 0.176012 3.10184 0 0 0 0 0 0 2.384 303 51 0 0 0
./complex_md-fit_660.pdb BC A 9.19761 26.0848 -15.581 -6.947 -11.8287 -21.4958 -0.783965 35.1004 -21.6417 3.14539 5.17406 3.3691 0 0 0 0.314234 1.85594 0.0129532 0 0 0 0 0 2.384 303 49 0 0 0
./complex_md-fit_661.pdb BC A 9.40455 31.0076 -17.474 -8.61666 -14.0975 -21.8293 -1.03402 37.734 -21.7812 1.98368 6.14125 3.93431 0 0 0 0.0858933 2.57678 0 0 0 0 0 0.00556024 2.384 303 50 0 0 0
./complex_md-fit_662.pdb BC A 8.52294 30.8954 -14.5516 -8.15545 -12.4988 -22.8736 -1.14807 38.7345 -22.5192 4.01508 6.74501 2.78269 0 0 0 0.366405 2.56847 0 0 0 0 0 0 2.384 303 47 0 0 0
./complex_md-fit_663.pdb BC A 7.34318 33.7567 -14.753 -8.19195 -12.8136 -22.097 -0.906648 37.5959 -21.8783 4.07063 5.86942 3.0585 0 0 0 0.540008 2.20625 1.11022e-16 0 0 0 0 0 2.384 303 51 0 0 0
./complex_md-fit_664.pdb BC A 9.73104 35.5784 -15.5604 -8.43257 -14.3084 -22.9207 -0.893911 39.4076 -22.244 3.33808 6.4798 3.45023 0 0 0 0.560401 2.47963 0.00313901 0 0 0 0 0 2.384 303 45 0 0 0
./complex_md-fit_665.pdb BC A 9.47664 39.2037 -12.8425 -8.81708 -13.821 -23.2851 -1.07249 40.5166 -22.9849 5.29082 7.86561 3.14502 0 0 0 0.31511 2.44325 0.00493325 0 0 0 0 0 2.384 303 48 2 2 0
./complex_md-fit_666.pdb BC A 8.08421 34.415 -18.6417 -9.12731 -15.5877 -23.1254 -1.03956 38.3469 -23.0742 3.68656 7.06759 3.65303 0 0 0 0.558348 2.5029 0 0 0 0 0 0 2.384 303 49 0 0 0
./complex_md-fit_667.pdb BC A 9.52186 34.5412 -10.0902 -5.52747 -10.8837 -21.2393 -0.774203 36.0709 -21.2653 4.27436 5.69233 3.09368 0 0 0 0.468479 2.04005 5.55112e-17 0 0 0 0 0 2.384 303 47 0 0 0
./complex_md-fit_668.pdb BC A 9.02954 31.8766 -6.88382 -7.39116 -11.3499 -23.6376 -0.854979 42.4544 -23.4127 4.87632 8.85826 3.23625 0 0 0 0.304566 2.65183 0.027346 0 0 0 0 0.00534964 2.384 303 48 2 2 0
./complex_md-fit_669.pdb BC A 6.82377 31.7223 -16.6571 -9.02127 -14.4266 -22.8469 -1.07309 39.319 -22.371 3.27568 7.24722 2.98702 0 0 0 0.224472 2.38375 0.0219102 0 0 0 0 0.00643056 2.384 303 47 1 1 0
./complex_md-fit_66.pdb BC A 8.69378 29.843 -12.5029 -6.46961 -12.4812 -21.9982 -0.683254 37.4815 -22.0936 4.76248 6.92539 1.79242 0 0 0 0.261276 1.85073 -1.11022e-16 0 0 0 0 0 2.384 303 46 1 1 0
./complex_md-fit_670.pdb BC A 8.29784 34.2981 -18.4027 -7.84192 -13.4177 -22.7181 -0.944915 37.5091 -22.4424 2.15573 6.15444 2.8082 0 0 0 0.28259 3.85478 0.0523395 0 0 0 0 0 2.384 303 49 0 0 0
./complex_md-fit_671.pdb BC A 7.37639 29.2145 -13.7254 -6.59409 -11.1442 -20.691 -1.03128 33.6225 -20.7396 4.68412 5.25923 2.81456 0 0 0 0.0943991 2.19195 0 0 0 0 0 0 2.384 303 45 1 1 0
./complex_md-fit_672.pdb BC A 8.90901 33.8098 -14.7894 -9.40757 -13.7007 -22.5216 -0.871452 38.1512 -22.113 4.32229 7.0438 3.61764 0 0 0 0.625241 2.18989 0.0647424 0 0 0 0 0 2.384 303 45 2 2 0
./complex_md-fit_673.pdb BC A 6.16228 35.7144 -7.32681 -6.88331 -11.7155 -22.968 -0.88061 40.7332 -22.6021 5.38559 6.72317 4.23944 0 0 0 0.603258 2.90525 0.0380755 0 0 0 0 0 2.384 303 49 0 0 0
./complex_md-fit_674.pdb BC A 7.85445 31.4779 -8.96309 -7.35053 -12.7468 -22.9144 -0.853172 39.8109 -22.2165 6.58974 6.48435 3.7014 0 0 0 0.526616 2.16894 0 0 0 0 0 0.00533252 2.384 303 44 2 2 0
./complex_md-fit_675.pdb BC A 8.11602 34.6847 -14.8861 -9.039 -13.4807 -22.2591 -0.920661 38.7058 -21.8966 2.09669 7.988 3.42791 0 0 0 0.485171 2.33762 -6.93889e-18 0 0 0 0 0.00641525 2.384 303 49 0 0 0
./complex_md-fit_676.pdb BC A 7.74427 29.3382 -6.37427 -5.73182 -11.3294 -22.4602 -0.865686 40.0486 -22.1371 5.13243 6.29767 4.38619 0 0 0 0.263819 2.19336 0.0213249 0 0 0 0 0 2.384 303 48 1 1 0
./complex_md-fit_677.pdb BC A 8.24762 35.4816 -16.9432 -6.03931 -14.1408 -21.7464 -0.933483 36.9444 -21.651 2.49427 4.94385 2.72289 0 0 0 0.455873 3.02583 0 0 0 0 0 0.00648488 2.384 303 52 0 0 0
./complex_md-fit_678.pdb BC A 10.0396 32.1819 -10.691 -8.29961 -15.4905 -23.6319 -1.05694 42.1828 -22.999 6.48728 8.00152 3.79158 0 0 0 0.301214 2.09401 0.022552 0 0 0 0 0 2.384 303 46 2 2 0
./complex_md-fit_679.pdb BC A 8.30826 28.2924 -6.90824 -6.05998 -12.2375 -22.9977 -0.883049 40.5202 -22.4582 4.97192 7.42376 4.63141 0 0 0 0.158039 2.16316 0.0228761 0 0 0 0 0 2.384 303 48 1 1 0
./complex_md-fit_67.pdb BC A 8.4682 41.3953 -18.0011 -9.05065 -15.7774 -23.5359 -1.02 38.9417 -23.6417 4.12597 9.01 2.41799 0 0 0 0.50911 2.42845 0.0197751 0 0 0 0 0 2.384 303 48 1 1 0
./complex_md-fit_680.pdb BC A 9.46463 38.5521 -11.2809 -8.25002 -14.7624 -22.8606 -0.924441 41.8323 -22.2555 4.83886 7.88707 2.82141 0 0 0 0.383046 3.1699 0.00939121 0 0 0 0 0 2.384 303 47 0 0 0
./complex_md-fit_681.pdb BC A 9.33395 35.3265 -14.7312 -7.15527 -12.0954 -21.7008 -0.918548 36.6878 -21.7598 1.49644 7.09738 2.824 0 0 0 0.765734 2.57417 0.0271843 0 0 0 0 0 2.384 303 47 0 0 0
./complex_md-fit_682.pdb BC A 7.75037 33.3017 -10.1521 -6.90001 -11.7865 -22.2885 -0.953074 39.0942 -21.8579 4.87025 5.66452 3.74064 0 0 0 0.235078 2.5784 0.0248124 0 0 0 0 0.00433297 2.384 303 47 2 2 0
./complex_md-fit_683.pdb BC A 7.69121 30.9277 -10.5536 -7.8721 -10.1108 -22.5899 -0.762557 39.2382 -23.055 4.04597 6.93139 3.46522 0 0 0 0.156036 2.09047 -1.38778e-17 0 0 0 0 0 2.384 303 47 0 0 0
./complex_md-fit_684.pdb BC A 9.05622 35.6781 -6.11163 -8.3711 -12.4858 -22.7512 -0.955908 40.8207 -22.3115 7.51474 7.88473 3.86467 0 0 0 0.679015 2.08347 1.11022e-16 0 0 0 0 0 2.384 303 47 1 1 0
./complex_md-fit_685.pdb BC A 5.73182 33.27 -9.3966 -5.93471 -14.5134 -22.3751 -0.948385 41.8597 -21.7634 3.66846 7.49245 2.82965 0 0 0 0.262463 2.5212 0.0256371 0 0 0 0 0 2.384 303 49 0 0 0
./complex_md-fit_686.pdb BC A 6.31855 33.1908 -5.57906 -5.70206 -11.9573 -23.6023 -0.877506 42.5224 -23.1239 5.00346 9.17223 2.72485 0 0 0 0.27545 3.52434 -0.0143404 0 0 0 0 0 2.384 303 50 2 2 0
./complex_md-fit_687.pdb BC A 7.16237 34.1925 -6.19066 -5.53325 -9.89753 -21.9306 -0.826184 39.1958 -21.816 4.64092 6.94548 2.57625 0 0 0 0.454452 2.2291 0 0 0 0 0 0 2.384 303 47 0 0 0
./complex_md-fit_688.pdb BC A 8.71265 32.6323 -12.5914 -7.27062 -11.4818 -22.2279 -0.88887 39.3715 -21.9768 2.88384 5.10433 3.42752 0 0 0 0.467484 2.78286 0 0 0 0 0 0 2.384 303 49 0 0 0
./complex_md-fit_689.pdb BC A 7.37133 35.3742 -15.4401 -8.26884 -13.4866 -22.4837 -0.864689 38.0528 -22.709 3.67684 7.33315 2.81 0 0 0 0.504097 2.34241 -0.0100352 0 0 0 0 0.00583678 2.384 303 49 0 0 0
./complex_md-fit_68.pdb BC A 7.43786 35.7672 -15.2602 -6.03269 -14.5787 -21.0941 -1.08044 36.0811 -20.2696 4.40423 4.7502 1.73995 0 0 0 0.797803 1.80161 0.0220707 0 0 0 0 0 2.384 303 49 1 1 0
./complex_md-fit_690.pdb BC A 8.27223 34.9142 -11.0252 -8.59899 -11.1735 -23.7982 -1.00278 42.2075 -23.8668 4.15451 7.69752 3.11082 0 0 0 0.260202 2.95654 -0.015417 0 0 0 0 0 2.384 303 48 1 1 0
./complex_md-fit_691.pdb BC A 8.009 35.3408 -16.3826 -8.65112 -14.414 -23.3003 -0.842634 40.1073 -23.1069 2.27137 7.76738 3.68146 0 0 0 0.10479 2.35069 0 0 0 0 0 0 2.384 303 49 0 0 0
./complex_md-fit_692.pdb BC A 9.63384 39.6633 -3.60824 -5.14142 -6.91449 -21.0649 -0.657082 36.9719 -21.1789 4.89547 5.90905 3.33954 0 0 0 0.211119 2.62351 0.0214164 0 0 0 0 0 2.384 303 47 1 1 0
./complex_md-fit_693.pdb BC A 6.67698 33.86 -11.4315 -6.72382 -10.7565 -21.36 -0.651096 37.1817 -21.4286 2.37119 6.4001 2.69 0 0 0 0.826977 2.24809 0.0186559 0 0 0 0 0 2.384 303 50 0 0 0
./complex_md-fit_694.pdb BC A 9.09554 36.584 -9.53998 -6.77053 -12.5303 -22.5528 -0.947383 39.7157 -21.7542 3.44848 7.31111 4.25748 0 0 0 0.28243 2.59665 -1.11022e-16 0 0 0 0 0 2.384 303 48 0 0 0
./complex_md-fit_695.pdb BC A 7.67951 40.1078 -4.72878 -5.45829 -8.7581 -22.1303 -0.933607 39.1804 -22.0985 6.88455 5.19682 3.28358 0 0 0 0.0842979 2.37409 0.0204032 0 0 0 0 0 2.384 303 49 1 1 0
./complex_md-fit_696.pdb BC A 8.51808 34.8936 -10.661 -5.55998 -12.5143 -21.7748 -0.843547 37.2049 -21.5609 4.12736 5.81053 3.8679 0 0 0 0.562932 2.12784 0.0189788 0 0 0 0 0 2.384 303 50 0 0 0
./complex_md-fit_697.pdb BC A 8.32081 38.3012 -14.9676 -7.38885 -13.3121 -22.5684 -1.00214 38.2277 -22.3308 4.72449 6.1283 1.81615 0 0 0 0.738027 3.68001 -6.93889e-18 0 0 0 0 0 2.384 303 49 1 1 0
./complex_md-fit_698.pdb BC A 9.87647 38.7927 -19.0168 -9.74136 -14.5976 -22.758 -1.124 38.2195 -22.603 2.76525 7.31936 2.92181 0 0 0 0.58712 2.33875 -0.011233 0 0 0 0 0.0053822 2.384 303 47 0 0 0
./complex_md-fit_699.pdb BC A 7.49694 33.706 -15.1087 -8.44462 -14.5881 -22.529 -0.863953 38.8924 -21.8528 4.16594 6.83434 2.84947 0 0 0 0.434444 2.52907 -0.0120606 0 0 0 0 0.00535304 2.384 303 47 1 1 0
./complex_md-fit_69.pdb BC A 8.74372 35.6591 -7.76956 -7.46497 -10.4115 -21.2973 -1.04881 37.4076 -20.9423 4.84414 8.06351 2.79521 0 0 0 0.284908 2.11122 5.55112e-17 0 0 0 0 0 2.384 303 49 1 1 0
./complex_md-fit_6.pdb BC A 7.27907 36.858 -13.6133 -8.18314 -18.4452 -23.4839 -1.47152 40.9329 -22.3048 4.2091 11.0576 3.68907 0 0 0 0.313964 1.81281 0.0517921 0 0 0 0 0.0208062 2.384 303 48 0 0 0
./complex_md-fit_700.pdb BC A 8.21583 39.8659 -15.5564 -8.6337 -14.4137 -22.7406 -0.937307 37.9343 -22.4775 5.56383 7.47364 2.37533 0 0 0 0.299368 2.45559 0 0 0 0 0 0 2.384 303 47 0 0 0
./complex_md-fit_701.pdb BC A 6.36172 25.3991 -13.3516 -7.49952 -13.1773 -22.5302 -1.103 37.4518 -22.0563 5.01727 5.09445 4.73523 0 0 0 0.729982 2.20148 -0.0140032 0 0 0 0 0 2.384 303 47 2 2 0
./complex_md-fit_702.pdb BC A 6.89037 26.4279 -8.34755 -5.56259 -12.843 -23.0517 -1.15306 40.7051 -22.581 6.11512 6.99112 2.94992 0 0 0 0.101438 2.69581 -0.0188401 0 0 0 0 0 2.384 303 48 3 3 0
./complex_md-fit_703.pdb BC A 9.36012 35.3134 -9.90584 -5.99655 -12.0701 -22.2056 -0.789047 38.5028 -21.7486 4.8229 6.38986 3.02086 0 0 0 0.167671 3.24871 0 0 0 0 0 0 2.384 303 48 0 0 0
./complex_md-fit_704.pdb BC A 6.90855 37.2239 -18.3136 -7.54201 -14.7095 -22.7854 -1.00145 38.8929 -22.7237 2.04883 6.8516 2.56681 0 0 0 0.0884009 2.47353 0 0 0 0 0 0 2.384 303 49 0 0 0
./complex_md-fit_705.pdb BC A 5.90444 32.2095 -12.2521 -8.16871 -11.145 -23.7697 -0.877871 41.3062 -23.1388 2.71977 6.32274 3.84693 0 0 0 0.652392 4.41207 0 0 0 0 0 0 2.384 303 48 1 1 0
./complex_md-fit_706.pdb BC A 8.25796 39.9942 -11.2193 -9.43681 -13.0789 -24.3119 -1.06246 42.932 -23.9403 4.88598 8.03319 3.9492 0 0 0 0.817912 3.40706 -0.0128645 0 0 0 0 0.00567166 2.384 303 49 1 1 0
./complex_md-fit_707.pdb BC A 7.34868 32.7558 -18.5155 -8.59987 -15.1135 -24.1166 -1.0506 40.1258 -24.279 3.31355 7.79323 3.18437 0 0 0 0.227202 2.23223 0 0 0 0 0 0 2.384 303 48 0 0 0
./complex_md-fit_708.pdb BC A 6.68797 29.8586 -12.2675 -7.39029 -14.2202 -24.0864 -0.769153 41.9099 -23.5665 5.61119 7.28367 2.55423 0 0 0 0.399887 2.48983 -5.55112e-17 0 0 0 0 0.0061864 2.384 303 48 0 0 0
./complex_md-fit_709.pdb BC A 8.43145 28.4878 -11.1009 -6.47516 -15.8033 -22.8454 -1.02585 40.8086 -21.8326 4.70488 7.67772 3.46622 0 0 0 0.233784 2.38263 -0.00981445 0 0 0 0 0 2.384 303 46 1 1 0
./complex_md-fit_70.pdb BC A 9.81473 36.9636 -5.73199 -6.15823 -10.7347 -23.077 -0.982169 40.7339 -22.8234 6.43677 7.87652 2.58851 0 0 0 0.407785 2.23853 0 0 0 0 0 0 2.384 303 48 2 2 0
./complex_md-fit_710.pdb BC A 6.62892 40.0778 -9.97751 -5.51977 -12.3156 -23.6271 -0.891825 40.096 -23.1289 5.84788 5.27711 3.95452 0 0 0 0.358265 2.69486 -0.0280803 0 0 0 0 0 2.384 303 47 0 0 0
./complex_md-fit_711.pdb BC A 6.65285 34.2698 -14.9694 -7.1338 -11.6384 -22.6769 -0.952137 36.7756 -22.936 4.41819 5.97157 2.83802 0 0 0 0.358866 2.68809 5.55112e-17 0 0 0 0 0.00558225 2.384 303 45 1 1 0
./complex_md-fit_712.pdb BC A 9.02252 33.9963 -8.30612 -6.25874 -12.0464 -23.3718 -1.14433 39.5865 -23.5441 6.41771 7.79363 3.75872 0 0 0 0.502772 3.10581 0 0 0 0 0 0 2.384 303 48 1 1 0
./complex_md-fit_713.pdb BC A 6.76794 40.6908 -13.1655 -6.56657 -13.0535 -23.0156 -0.98265 39.0278 -22.9233 4.86553 5.59468 3.47834 0 0 0 0.396926 3.02345 0.0128975 0 0 0 0 0 2.384 303 49 0 0 0
./complex_md-fit_714.pdb BC A 8.19888 32.1125 -13.0488 -7.80632 -11.5766 -23.8736 -0.976248 40.6643 -23.7676 4.88229 6.13907 2.94827 0 0 0 0.317578 2.90547 0 0 0 0 0 0 2.384 303 47 2 2 0
./complex_md-fit_715.pdb BC A 7.14219 31.2663 -19.3973 -8.19282 -14.5622 -22.3099 -1.0515 35.7385 -21.9845 2.83412 5.70372 3.80563 0 0 0 0.621631 2.4104 0 0 0 0 0 0 2.384 303 48 1 1 0
./complex_md-fit_716.pdb BC A 6.81185 30.066 -9.43621 -5.42442 -14.661 -23.4293 -1.05508 40.3931 -22.7556 6.23943 7.07564 3.95259 0 0 0 0.206252 3.59152 0.0221891 0 0 0 0 0 2.384 303 49 2 2 0
./complex_md-fit_717.pdb BC A 7.18524 39.9113 -8.28442 -6.60339 -12.2071 -22.5938 -1.18757 38.8412 -22.0627 8.06397 5.31054 3.6037 0 0 0 0.560876 2.68279 -0.0101196 0 0 0 0 0 2.384 303 47 3 3 0
./complex_md-fit_718.pdb BC A 8.3491 28.5209 -7.57723 -4.69142 -8.39493 -21.8329 -0.894989 37.0754 -21.6155 3.1351 5.89211 3.68039 0 0 0 0.0694448 2.85529 0 0 0 0 0 0 2.384 303 47 0 0 0
./complex_md-fit_719.pdb BC A 6.5746 40.0301 -13.39 -6.42014 -14.6236 -23.8272 -1.21985 41.9386 -23.6374 3.84674 6.68541 3.66681 0 0 0 0.200616 4.21136 0 0 0 0 0 0 2.384 303 48 0 0 0
./complex_md-fit_71.pdb BC A 9.12507 31.1528 -13.5637 -8.48397 -13.681 -21.8748 -1.01998 36.3535 -21.9598 5.31326 8.81595 2.48282 0 0 0 0.468852 1.95913 0.0215095 0 0 0 0 0 2.384 303 48 2 2 0
./complex_md-fit_720.pdb BC A 6.77857 32.4654 -12.3481 -7.18504 -11.2943 -23.0056 -1.03095 38.5013 -22.6813 4.35404 6.12625 3.728 0 0 0 0.137667 3.1566 0 0 0 0 0 0.00183576 2.384 303 48 0 0 0
./complex_md-fit_721.pdb BC A 9.76912 31.9133 -9.01962 -5.37052 -12.6049 -22.8849 -1.05469 40.4583 -22.4136 4.15918 6.49921 3.69151 0 0 0 0.500735 3.89249 0 0 0 0 0 0 2.384 303 51 0 0 0
./complex_md-fit_722.pdb BC A 8.29815 36.3368 -6.23863 -5.56207 -7.11076 -21.4133 -0.8243 35.4833 -21.339 5.75379 4.89373 3.59485 0 0 0 0.285102 2.57422 0 0 0 0 0 0 2.384 303 46 1 1 0
./complex_md-fit_723.pdb BC A 9.18396 33.6709 -12.1861 -6.87728 -12.2429 -23.2048 -1.00722 38.7245 -23.3087 5.85131 6.74232 2.94734 0 0 0 0.181686 2.86204 0 0 0 0 0 0.00764857 2.384 303 48 1 1 0
./complex_md-fit_724.pdb BC A 9.56705 30.8766 -18.0336 -8.08435 -16.58 -22.3945 -1.03096 37.5578 -22.0038 3.75184 6.60121 3.10773 0 0 0 1.01224 2.71954 0.0226828 0 0 0 0 0.0065181 2.384 303 48 0 0 0
./complex_md-fit_725.pdb BC A 7.03417 33.2434 -12.6272 -7.44813 -12.1166 -22.1088 -0.915432 37.2737 -22.0511 6.16084 5.23322 3.00995 0 0 0 0.335163 2.22363 0 0 0 0 0 0 2.384 303 48 0 0 0
./complex_md-fit_726.pdb BC A 6.09447 27.6505 -10.2898 -7.62587 -11.8865 -22.923 -1.19122 39.6288 -22.9358 6.49509 6.70464 3.27095 0 0 0 0.182209 2.45552 -0.00911768 0 0 0 0 0 2.384 303 48 2 2 0
./complex_md-fit_727.pdb BC A 6.57754 43.8161 -14.2344 -7.40932 -13.8035 -22.173 -1.27275 37.3833 -22.0328 4.16582 6.13629 4.42647 0 0 0 0.320668 2.52705 0.0209065 0 0 0 0 0.00340633 2.384 303 49 2 2 0
./complex_md-fit_728.pdb BC A 7.97583 34.0382 -13.2148 -6.20696 -14.3639 -23.3292 -1.13569 40.2192 -23.0015 4.00663 7.32125 3.15398 0 0 0 0.115616 2.90704 0.00584866 0 0 0 0 0 2.384 303 50 1 1 0
./complex_md-fit_729.pdb BC A 7.10287 25.4296 -16.4385 -6.87725 -12.4308 -22.6198 -0.874586 37.8038 -22.2981 1.99446 6.26302 2.23202 0 0 0 0.32784 3.00101 0.0409415 0 0 0 0 0 2.384 303 48 0 0 0
./complex_md-fit_72.pdb BC A 8.13503 35.6019 -16.3255 -7.86002 -14.483 -22.8934 -1.00825 38.0101 -22.7061 5.3505 6.55878 2.23143 0 0 0 0.485798 2.16541 -0.0113349 0 0 0 0 0 2.384 303 48 1 1 0
./complex_md-fit_730.pdb BC A 10.3718 31.1552 -3.1 -4.74374 -10.5394 -23.9508 -1.01823 43.3134 -23.6227 8.781 6.19915 2.32722 0 0 0 0.172516 3.81645 -0.0183282 0 0 0 0 0 2.384 303 48 3 3 0
./complex_md-fit_731.pdb BC A 7.83609 30.8013 -5.39086 -4.9349 -12.8734 -23.2613 -1.03835 41.5582 -22.3226 5.68511 6.73526 4.17268 0 0 0 0.906432 2.56632 -0.0251922 0 0 0 0 0.00716787 2.384 303 46 2 2 0
./complex_md-fit_732.pdb BC A 7.22316 28.6607 -15.4335 -6.31691 -11.619 -21.9629 -1.09626 37.2352 -22.1675 0.857714 6.13529 3.07484 0 0 0 0.421195 2.15708 -2.77556e-17 0 0 0 0 0.00484181 2.384 303 46 0 0 0
./complex_md-fit_733.pdb BC A 13.1652 33.2676 -11.9983 -6.21948 -11.4328 -23.2309 -0.885778 39.5495 -22.9819 3.38907 4.95674 4.12329 0 0 0 0.733827 2.76974 0 0 0 0 0 0 2.384 303 51 0 0 0
./complex_md-fit_734.pdb BC A 6.65776 37.2159 -12.3077 -5.34946 -9.28208 -21.9134 -0.866668 36.0155 -22.2074 2.60608 4.08829 4.36981 0 0 0 0.231539 2.61415 0 0 0 0 0 0 2.384 303 49 0 0 0
./complex_md-fit_735.pdb BC A 9.02801 30.4178 -5.89118 -3.67978 -9.85752 -20.7821 -1.06104 36.5083 -20.3153 6.04037 4.08788 3.06222 0 0 0 0.0837713 2.21363 0.0219351 0 0 0 0 0 2.384 303 48 2 2 0
./complex_md-fit_736.pdb BC A 7.35855 34.019 -12.0739 -8.54754 -13.1506 -22.9139 -0.804593 39.4961 -22.4792 4.20822 7.84615 4.05571 0 0 0 0.215804 2.27686 0 0 0 0 0 0 2.384 303 47 0 0 0
./complex_md-fit_737.pdb BC A 7.57307 39.0129 -13.4529 -5.32529 -12.171 -21.4843 -0.992564 34.808 -21.4552 4.48995 4.54346 3.31947 0 0 0 0.814631 2.37774 0 0 0 0 0 0 2.384 303 48 1 1 0
./complex_md-fit_738.pdb BC A 8.46707 32.6323 -10.6144 -7.921 -10.9031 -23.4591 -0.937539 41.4958 -23.2316 4.06782 6.51883 3.12826 0 0 0 0.627212 2.44713 0 0 0 0 0 0 2.384 303 47 1 1 0
./complex_md-fit_739.pdb BC A 10.8692 42.0545 -10.7639 -5.8582 -12.243 -22.4891 -1.11822 39.6286 -22.0039 5.04536 4.8383 3.23055 0 0 0 0.224507 2.63846 -0.0188512 0 0 0 0 0 2.384 303 49 1 1 0
./complex_md-fit_73.pdb BC A 10.8148 25.7744 -13.3338 -6.54602 -12.5027 -21.6644 -1.05513 36.5537 -21.6027 2.38925 7.55742 3.13553 0 0 0 0.35675 2.26284 0.0443959 0 0 0 0 0 2.384 303 45 0 0 0
./complex_md-fit_740.pdb BC A 8.8677 30.9009 -9.43437 -6.63944 -13.1784 -22.7367 -1.22419 38.649 -22.4019 5.0745 8.49384 3.67299 0 0 0 0.855896 2.2466 0 0 0 0 0 0 2.384 303 51 2 2 0
./complex_md-fit_741.pdb BC A 7.82136 35.2518 -10.6276 -4.9031 -9.89047 -21.9716 -0.799353 37.2361 -21.8099 4.06937 4.66891 2.47499 0 0 0 0.290083 3.27239 -1.11022e-16 0 0 0 0 0.00734554 2.384 303 48 2 2 0
./complex_md-fit_742.pdb BC A 7.40711 31.5701 -17.368 -6.79491 -16.7125 -23.0562 -1.01117 38.8034 -22.5154 2.70663 8.44032 2.50073 0 0 0 0.271228 2.11844 0 0 0 0 0 0 2.384 303 51 0 0 0
./complex_md-fit_743.pdb BC A 7.06661 36.0212 -4.36112 -6.72777 -14.1392 -24.2756 -1.18918 44.2975 -23.7725 9.07092 9.07642 2.52297 0 0 0 0.768101 2.23943 0.00697529 0 0 0 0 0.000258534 2.384 303 50 2 2 0
./complex_md-fit_744.pdb BC A 6.94851 31.3953 -8.08747 -7.21733 -13.5241 -23.8845 -1.09503 44.1424 -23.1942 5.53807 8.927 1.99065 0 0 0 0.229554 2.37861 0 0 0 0 0 0 2.384 303 51 1 1 0
./complex_md-fit_745.pdb BC A 6.67503 30.2421 -5.86192 -6.44405 -11.9079 -22.3485 -1.0494 39.5474 -21.4293 5.63225 8.04576 3.86998 0 0 0 0.21717 1.94361 0 0 0 0 0 0.00463374 2.384 303 49 2 2 0
./complex_md-fit_746.pdb BC A 7.18924 33.6373 -10.552 -6.57514 -12.9472 -21.766 -0.841359 38.2942 -21.4737 5.07713 5.92066 3.65608 0 0 0 0.0822001 3.14576 0.0212078 0 0 0 0 0 2.384 303 49 0 0 0
./complex_md-fit_747.pdb BC A 8.50734 32.8577 -13.1041 -8.40148 -11.7485 -22.7889 -0.837807 39.009 -23.0417 3.84585 6.75193 3.61846 0 0 0 0.44358 2.27296 0.0392884 0 0 0 0 0.00613802 2.384 303 50 0 0 0
./complex_md-fit_748.pdb BC A 6.03152 29.5982 -19.0566 -8.41293 -15.3079 -22.1949 -1.07843 36.6554 -22.6074 2.97932 6.8057 3.286 0 0 0 0.818471 2.21923 0 0 0 0 0 0 2.384 303 47 1 1 0
./complex_md-fit_749.pdb BC A 8.39407 30.7717 -11.5194 -6.65455 -14.303 -22.9265 -1.04491 39.6559 -22.851 6.30101 5.9863 3.90193 0 0 0 0.396034 3.24878 0.0194962 0 0 0 0 0 2.384 303 52 2 2 0
./complex_md-fit_74.pdb BC A 9.14068 30.9911 -12.7683 -5.23001 -15.8871 -22.4117 -1.04151 39.6794 -22.473 4.26802 7.75998 2.36378 0 0 0 0.159314 3.47387 0.0445579 0 0 0 0 0 2.384 303 48 0 0 0
./complex_md-fit_750.pdb BC A 8.64824 36.3581 -9.85907 -5.25506 -11.2209 -21.9807 -0.714679 36.5811 -21.7898 4.58688 5.75338 3.71018 0 0 0 0.470483 3.11115 0 0 0 0 0 0 2.384 303 48 0 0 0
./complex_md-fit_751.pdb BC A 10.9229 27.3738 -8.56869 -5.71626 -9.01574 -23.1056 -0.687011 39.5059 -23.2977 4.61007 5.22867 3.56306 0 0 0 0.340629 2.81245 0 0 0 0 0 0.00524013 2.384 303 48 2 2 0
./complex_md-fit_752.pdb BC A 7.53474 28.0169 -14.1671 -7.2989 -12.9535 -22.0568 -0.717175 36.5068 -21.8078 4.62793 6.3088 2.84728 0 0 0 0.37155 1.81247 0 0 0 0 0 0.00472608 2.384 303 48 0 0 0
./complex_md-fit_753.pdb BC A 8.73845 29.5237 -12.8618 -8.48518 -10.5108 -21.1058 -0.681668 35.6633 -21.1704 3.77718 6.02679 3.54929 0 0 0 0.0753762 2.0194 -5.55112e-17 0 0 0 0 0 2.384 303 47 1 1 0
./complex_md-fit_754.pdb BC A 8.28749 27.6848 -13.8291 -7.38694 -8.45558 -20.6182 -0.806001 34.2347 -20.4299 3.43837 3.10684 2.4932 0 0 0 0.594496 1.95933 0 0 0 0 0 0 2.384 303 49 0 0 0
./complex_md-fit_755.pdb BC A 7.16264 33.3051 -12.3948 -7.10431 -11.0829 -21.7896 -0.998163 37.3309 -21.3564 3.88096 5.64683 2.65981 0 0 0 0.410779 2.2692 0 0 0 0 0 0.00729892 2.384 303 46 0 0 0
./complex_md-fit_756.pdb BC A 9.09658 43.8287 -10.7098 -6.77317 -11.8137 -22.6236 -1.00904 37.8937 -22.6039 5.77124 7.05339 3.23742 0 0 0 0.157864 2.10519 0 0 0 0 0 0 2.384 303 46 2 2 0
./complex_md-fit_757.pdb BC A 10.0329 27.9142 -10.7662 -6.58833 -12.1783 -21.196 -0.988575 36.6907 -20.8129 5.62344 5.81804 2.78063 0 0 0 0.0791094 1.8324 -5.55112e-17 0 0 0 0 0.00589614 2.384 303 47 2 2 0
./complex_md-fit_758.pdb BC A 7.48731 33.5133 -20.5687 -8.98693 -13.3693 -22.3865 -1.00524 37.0312 -22.3643 1.20373 6.45401 2.67608 0 0 0 0.198877 1.99939 -0.0255209 0 0 0 0 0.00519079 2.384 303 49 0 0 0
./complex_md-fit_759.pdb BC A 8.05813 25.1202 -16.5848 -6.32021 -12.8654 -22.2682 -1.07277 36.3321 -22.8062 4.07408 5.32313 2.70593 0 0 0 0.312748 2.02092 0 0 0 0 0 1.11022e-16 2.384 303 50 1 1 0
./complex_md-fit_75.pdb BC A 6.50809 34.5335 -8.57498 -5.86455 -11.8062 -21.6891 -0.72899 38.036 -20.9676 4.50386 7.20434 2.52598 0 0 0 0.223217 2.22146 -0.0119711 0 0 0 0 0 2.384 303 47 0 0 0
./complex_md-fit_760.pdb BC A 9.47701 28.8629 -12.6716 -8.74914 -12.6241 -22.6822 -0.99379 38.8753 -22.6455 5.56228 7.41052 3.0158 0 0 0 0.159234 2.57193 -5.55112e-17 0 0 0 0 0 2.384 303 49 0 0 0
./complex_md-fit_761.pdb BC A 9.79548 31.2576 -12.1801 -8.46961 -12.2462 -22.3618 -0.9321 39.3395 -21.9463 5.43454 5.76378 2.7838 0 0 0 0.431191 2.06863 0.0231653 0 0 0 0 0 2.384 303 46 2 2 0
./complex_md-fit_762.pdb BC A 7.78365 30.8626 -5.28905 -4.41465 -10.6547 -20.8067 -0.83371 35.3128 -20.7074 6.06161 6.14107 3.97728 0 0 0 0.635297 1.69405 0 0 0 0 0 0 2.384 303 49 1 1 0
./complex_md-fit_763.pdb BC A 9.0633 39.8463 -11.0919 -8.06665 -12.7466 -22.4781 -1.02554 38.6095 -22.3999 5.83135 6.86376 3.8758 0 0 0 0.444393 2.64168 0 0 0 0 0 0 2.384 303 49 1 1 0
./complex_md-fit_764.pdb BC A 7.68764 36.4943 -17.2122 -8.21386 -12.3 -23.4809 -0.948201 38.0376 -24.2783 3.34671 6.42388 3.69788 0 0 0 0.502988 2.10631 0 0 0 0 0 0 2.384 303 51 0 0 0
./complex_md-fit_765.pdb BC A 7.65474 33.1737 -17.0369 -8.42362 -12.7214 -22.8568 -1.07711 37.1956 -23.0086 5.11836 5.72675 2.86424 0 0 0 0.145549 2.49829 0 0 0 0 0 0 2.384 303 45 1 1 0
./complex_md-fit_766.pdb BC A 8.78983 32.1249 -15.0102 -6.74626 -10.4768 -22.4242 -0.772868 36.6163 -22.9877 3.26367 5.44326 2.83871 0 0 0 0.235774 2.11258 0 0 0 0 0 0 2.384 303 47 0 0 0
./complex_md-fit_767.pdb BC A 6.32503 32.2244 -18.9045 -8.0246 -11.4568 -22.8419 -0.86716 35.504 -23.2873 2.3395 5.35675 3.94483 0 0 0 0.4282 3.43676 0 0 0 0 0 0 2.384 303 45 0 0 0
./complex_md-fit_768.pdb BC A 7.45821 35.4304 -7.6231 -6.282 -7.35087 -22.2923 -0.744503 35.316 -22.7714 5.44571 5.97107 4.33598 0 0 0 0.749324 2.02703 0 0 0 0 0 0 2.384 303 45 1 1 0
./complex_md-fit_769.pdb BC A 7.84099 32.5704 -11.9841 -6.89942 -9.19791 -21.4692 -0.823893 36.2902 -21.2646 3.17839 4.36563 3.46666 0 0 0 0.395012 3.30775 -0.0249233 0 0 0 0 0 2.384 303 47 1 1 0
./complex_md-fit_76.pdb BC A 9.70587 36.1112 -14.2175 -6.99758 -12.4914 -21.8829 -0.814596 35.9246 -22.055 3.59596 7.28241 3.11439 0 0 0 0.0850319 1.98285 0.0216178 0 0 0 0 0 2.384 303 47 1 1 0
./complex_md-fit_770.pdb BC A 6.71686 31.8457 -8.95886 -4.48869 -10.2139 -22.2769 -0.790128 37.2488 -22.3076 3.974 5.89555 3.52417 0 0 0 0.475961 1.99377 0 0 0 0 0 0 2.384 303 47 0 0 0
./complex_md-fit_771.pdb BC A 7.45541 26.3712 -15.562 -6.8291 -11.4764 -23.3969 -0.957405 38.3422 -23.6801 2.97341 4.41981 4.71249 0 0 0 0.343916 2.01715 -0.014019 0 0 0 0 0 2.384 303 49 0 0 0
./complex_md-fit_772.pdb BC A 7.73512 31.0541 -21.3696 -6.7362 -16.6319 -22.179 -1.04146 36.099 -22.3841 2.42995 6.22097 2.47971 0 0 0 0.373388 2.63052 0 0 0 0 0 0 2.384 303 43 0 0 0
./complex_md-fit_773.pdb BC A 7.36886 31.488 -10.674 -5.67863 -12.2581 -22.4984 -0.909394 37.5643 -22.6301 4.63081 6.96692 3.81595 0 0 0 0.322667 2.43753 -1.11022e-16 0 0 0 0 0 2.384 303 47 0 0 0
./complex_md-fit_774.pdb BC A 8.21819 36.9248 -6.54133 -6.40017 -9.03487 -21.9328 -0.783905 36.9637 -21.8574 6.19843 5.66803 4.04989 0 0 0 0.587639 2.28703 0 0 0 0 0 0 2.384 303 48 2 2 0
./complex_md-fit_775.pdb BC A 8.63468 32.9506 -6.95535 -5.27502 -8.90328 -23.7326 -0.857146 39.9559 -23.9999 6.80531 5.19492 3.1308 0 0 0 0.72562 2.38274 0 0 0 0 0 0 2.384 303 45 1 1 0
./complex_md-fit_776.pdb BC A 6.71352 30.9676 -9.79798 -5.40425 -9.42113 -21.9708 -0.726055 36.4994 -21.9359 2.99553 5.18425 4.65153 0 0 0 0.300863 2.38519 0.0284747 0 0 0 0 0 2.384 303 44 0 0 0
./complex_md-fit_777.pdb BC A 7.01472 32.6824 -7.05683 -6.8976 -11.1986 -22.4217 -0.775347 37.9375 -22.3732 7.77287 6.33685 3.94195 0 0 0 0.593334 2.19985 0.0271132 0 0 0 0 0 2.384 303 44 2 2 0
./complex_md-fit_778.pdb BC A 6.84869 31.6414 -15.6902 -6.88881 -14.4964 -21.4395 -1.00546 34.7766 -21.0425 4.62091 6.33889 3.10716 0 0 0 0.338985 2.40954 1.38778e-17 0 0 0 0 0 2.384 303 47 1 1 0
./complex_md-fit_779.pdb BC A 6.76627 31.87 -13.2674 -8.81891 -13.2139 -22.6021 -0.856936 37.5438 -22.5457 6.35638 7.37672 3.15442 0 0 0 0.338709 2.12042 0 0 0 0 0 0 2.384 303 44 3 3 0
./complex_md-fit_77.pdb BC A 6.99207 35.3017 -16.3515 -9.27873 -14.2878 -23.3473 -0.888748 38.7273 -23.4 3.50876 8.45095 3.86717 0 0 0 0.29688 2.76708 0 0 0 0 0 0 2.384 303 48 0 0 0
./complex_md-fit_780.pdb BC A 7.78823 35.9257 -13.5515 -7.33305 -14.765 -23.4404 -1.05334 39.7106 -23.2981 5.86068 7.83945 2.6823 0 0 0 0.239676 2.57248 0 0 0 0 0 0.00558929 2.384 303 48 0 0 0
./complex_md-fit_781.pdb BC A 7.73818 27.7071 -12.8244 -5.62973 -8.33056 -21.8859 -0.768686 35.6024 -22.1001 2.96656 4.35232 2.43355 0 0 0 0.535673 3.81415 5.55112e-17 0 0 0 0 0 2.384 303 47 0 0 0
./complex_md-fit_782.pdb BC A 8.94429 33.9436 -15.069 -7.44596 -11.8082 -22.7139 -1.01265 37.4311 -22.7298 4.53229 5.23715 2.79125 0 0 0 0.629944 2.25858 0.0197327 0 0 0 0 0 2.384 303 49 2 2 0
./complex_md-fit_783.pdb BC A 6.5837 24.9043 -13.4722 -7.2973 -10.8499 -21.7338 -0.833612 35.899 -21.5212 3.41037 5.53714 3.18327 0 0 0 0.745324 2.1424 -0.0140766 0 0 0 0 0.0026356 2.384 303 44 0 0 0
./complex_md-fit_784.pdb BC A 6.29757 33.7881 -14.9294 -5.17196 -8.81302 -20.4337 -0.703537 32.8533 -20.5926 1.03746 3.96643 2.59848 0 0 0 0.347647 1.89673 -0.0178543 0 0 0 0 0 2.384 303 47 0 0 0
./complex_md-fit_785.pdb BC A 7.14014 32.5442 -4.58051 -4.05414 -7.28742 -20.8105 -0.826785 35.4595 -20.6337 5.4845 4.42256 3.61723 0 0 0 0.044549 2.23715 0.00374357 0 0 0 0 0 2.384 303 49 1 1 0
./complex_md-fit_786.pdb BC A 6.54605 32.4126 -8.31539 -7.39717 -9.12913 -21.4411 -0.627395 37.2902 -21.218 4.51527 6.01295 3.16259 0 0 0 0.47534 2.1163 0.0251425 0 0 0 0 0.0159623 2.384 303 48 0 0 0
./complex_md-fit_787.pdb BC A 8.05766 33.7313 -9.11094 -7.33298 -14.1742 -23.4866 -1.13839 42.1461 -23.3907 5.53873 8.28977 3.60467 0 0 0 0.832653 2.15689 0 0 0 0 0 0 2.384 303 50 1 1 0
./complex_md-fit_788.pdb BC A 6.1401 29.9467 -13.5773 -7.29474 -10.9468 -21.0792 -0.804003 34.5757 -21.0953 5.07067 5.39965 2.07189 0 0 0 0.524859 2.9083 0 0 0 0 0 0 2.384 303 46 2 2 0
./complex_md-fit_789.pdb BC A 8.8825 39.8027 -15.0119 -9.09519 -9.52228 -22.17 -0.757065 37.2083 -21.9964 2.11852 5.22984 3.47774 0 0 0 0.49471 2.65133 0 0 0 0 0 0 2.384 303 48 0 0 0
./complex_md-fit_78.pdb BC A 6.52472 40.8098 -11.0216 -7.13501 -11.7807 -22.9216 -0.863558 38.8575 -23.1095 4.94206 7.53903 3.14399 0 0 0 0.318964 2.1278 -0.0128142 0 0 0 0 0 2.384 303 48 1 1 0
./complex_md-fit_790.pdb BC A 11.6849 31.9456 -14.9572 -7.88773 -15.3544 -20.7502 -1.0742 35.1356 -20.2409 5.89737 7.05682 2.20692 0 0 0 0.048935 2.10614 0 0 0 0 0 0.00457996 2.384 303 48 1 1 0
./complex_md-fit_791.pdb BC A 7.11925 26.4192 -18.9929 -7.80159 -13.1794 -22.994 -1.01808 37.9325 -23.5661 1.31328 7.13867 2.87388 0 0 0 0.273809 2.07763 0.0342157 0 0 0 0 0 2.384 303 49 0 0 0
./complex_md-fit_792.pdb BC A 9.28915 29.824 -10.1574 -4.64213 -12.9627 -21.4653 -1.02636 37.5385 -21.3601 4.0588 7.20228 2.21834 0 0 0 0.290568 3.44567 -0.00934216 0 0 0 0 0 2.384 303 47 0 0 0
./complex_md-fit_793.pdb BC A 7.35565 32.4836 -14.0989 -6.62322 -18.353 -23.0005 -1.0509 40.325 -22.7271 6.13045 7.34344 3.41657 0 0 0 0.413962 2.7155 0.0264535 0 0 0 0 0 2.384 303 48 1 1 0
./complex_md-fit_794.pdb BC A 7.53057 28.4248 -10.1182 -6.91451 -8.05654 -21.8891 -0.751174 34.8791 -22.6279 5.10888 5.40035 4.38796 0 0 0 0.344859 1.82594 0 0 0 0 0 0 2.384 303 47 0 0 0
./complex_md-fit_795.pdb BC A 6.66461 29.104 -13.3691 -7.58534 -9.2975 -20.754 -0.810729 34.3808 -20.4464 3.57244 4.85967 2.45083 0 0 0 0.266361 1.914 -0.0097087 0 0 0 0 0.00452071 2.384 303 47 2 2 0
./complex_md-fit_796.pdb BC A 8.24848 24.0439 -3.82778 -5.39427 -9.55586 -22.5148 -0.848684 39.689 -22.2801 7.8667 5.55287 3.53084 0 0 0 0.121038 2.07097 0 0 0 0 0 0.00541079 2.384 303 49 3 3 0
./complex_md-fit_797.pdb BC A 6.71864 29.7834 -7.61639 -3.70867 -9.47963 -19.8019 -0.731262 34.2185 -19.3641 2.88961 5.4828 2.65332 0 0 0 0.224915 2.53157 0 0 0 0 0 0 2.384 303 43 1 1 0
./complex_md-fit_798.pdb BC A 6.28992 30.9905 -6.72435 -4.28079 -9.65024 -22.5125 -0.940438 38.6895 -22.5903 5.74144 5.13086 3.46735 0 0 0 0.216998 2.11216 0 0 0 0 0 0.00372753 2.384 303 47 1 1 0
./complex_md-fit_799.pdb BC A 6.92269 37.5651 -13.4401 -6.54599 -12.6469 -22.2853 -0.744097 37.3098 -22.3727 3.33828 6.00211 4.10052 0 0 0 0.378551 1.9898 0.0191781 0 0 0 0 0.00628989 2.384 303 49 0 0 0
./complex_md-fit_79.pdb BC A 7.38261 32.5374 -12.878 -6.01357 -12.3008 -22.6696 -0.79115 38.3152 -22.2377 4.37386 5.36159 2.46338 0 0 0 0.596888 2.19435 0.0239185 0 0 0 0 0 2.384 303 49 0 0 0
./complex_md-fit_7.pdb BC A 9.64753 37.83 -7.60436 -6.55373 -11.7741 -23.1069 -0.847986 39.7527 -23.073 5.83793 7.91848 3.32379 0 0 0 0.918498 2.09861 -1.11022e-16 0 0 0 0 0 2.384 303 47 1 1 0
./complex_md-fit_800.pdb BC A 10.3908 32.8017 -6.44928 -5.91875 -10.0989 -22.5424 -0.868149 38.7183 -22.3717 7.19482 5.55521 3.72893 0 0 0 0.160641 2.56531 -0.0195651 0 0 0 0 0.012226 2.384 303 49 2 2 0
./complex_md-fit_801.pdb BC A 9.44526 27.3967 -11.5864 -9.24602 -15.9432 -23.4443 -1.05895 41.5004 -22.5906 5.87243 8.25289 4.17423 0 0 0 0.896683 2.55939 0 0 0 0 0 0 2.384 303 50 2 2 0
./complex_md-fit_802.pdb BC A 7.73097 27.3225 -12.7632 -7.43954 -14.008 -22.0845 -0.913003 37.9702 -22.0363 4.66668 7.088 3.55168 0 0 0 0.411273 2.23211 0.0222757 0 0 0 0 0.00804953 2.384 303 49 1 1 0
./complex_md-fit_803.pdb BC A 9.54083 27.0256 -12.3214 -7.7738 -11.7391 -21.8012 -0.925393 38.3463 -21.9391 3.42635 7.37827 2.58819 0 0 0 0.0940381 2.21157 0.0241113 0 0 0 0 0 2.384 303 49 1 1 0
./complex_md-fit_804.pdb BC A 9.35743 26.5046 -17.8396 -7.00388 -14.5943 -21.526 -0.852635 34.8193 -21.5591 3.60597 6.1896 2.92405 0 0 0 0.157328 3.65394 0 0 0 0 0 0 2.384 303 49 1 1 0
./complex_md-fit_805.pdb BC A 11.5151 26.6137 -10.0673 -5.38426 -12.5747 -21.0157 -0.964356 36.8278 -20.818 3.50775 7.19696 2.92437 0 0 0 0.232762 3.06562 0 0 0 0 0 0 2.384 303 48 0 0 0
./complex_md-fit_806.pdb BC A 9.2618 36.5223 -14.0483 -8.88591 -15.6246 -22.5263 -1.01385 38.7533 -22.2491 3.87157 8.52793 4.63202 0 0 0 0.461425 2.54351 0 0 0 0 0 0.0052723 2.384 303 46 1 1 0
./complex_md-fit_807.pdb BC A 7.70602 38.6932 -10.8896 -6.80159 -11.6259 -20.7466 -0.964398 34.7721 -20.4452 6.09298 5.22482 3.02708 0 0 0 0.54827 2.21186 0.0242181 0 0 0 0 0.00458805 2.384 303 47 2 2 0
./complex_md-fit_808.pdb BC A 7.00296 29.9527 -9.72647 -8.30628 -14.0732 -22.0872 -1.02217 38.7875 -21.6165 7.49277 7.04007 3.56518 0 0 0 0.464228 2.12795 0.0229001 0 0 0 0 0.00623628 2.384 303 49 1 1 0
./complex_md-fit_809.pdb BC A 10.6462 28.9432 -9.66245 -7.18448 -12.2251 -22.0153 -0.985606 38.9717 -21.7464 4.99515 7.38332 2.97529 0 0 0 0.1426 2.49573 0.026353 0 0 0 0 0 2.384 303 49 2 2 0
./complex_md-fit_80.pdb BC A 9.84848 29.8898 -13.8769 -8.78713 -13.6813 -22.6299 -0.90224 39.2522 -22.3402 3.64841 7.17943 4.29024 0 0 0 0.0936234 2.13671 0 0 0 0 0 0 2.384 303 48 0 0 0
./complex_md-fit_810.pdb BC A 6.5746 34.3866 -6.1524 -7.04172 -12.5853 -22.573 -0.836766 38.9075 -22.1673 8.8957 6.94334 3.7989 0 0 0 0.48507 2.16894 0.0210402 0 0 0 0 0 2.384 303 49 4 4 0
./complex_md-fit_811.pdb BC A 10.4112 35.7019 -13.3813 -8.19125 -12.9478 -21.3087 -1.06439 35.7956 -21.8246 4.86146 7.29636 3.38883 0 0 0 0.580628 2.62388 0.0251263 0 0 0 0 0.00733404 2.384 303 50 0 0 0
./complex_md-fit_812.pdb BC A 8.23014 30.1721 -7.55317 -6.07395 -9.39217 -21.4042 -0.86366 36.3815 -21.2254 5.36668 4.85716 4.39729 0 0 0 0.402384 2.38266 0 0 0 0 0 0.00114515 2.384 303 46 0 0 0
./complex_md-fit_813.pdb BC A 8.31086 31.8008 -15.8649 -7.22816 -12.0453 -21.4829 -0.874266 35.2286 -21.8049 1.79562 5.98045 4.25456 0 0 0 0.282762 2.00281 0.0223705 0 0 0 0 0.00623938 2.384 303 48 0 0 0
./complex_md-fit_814.pdb BC A 8.17911 31.1809 -11.847 -6.74403 -13.58 -22.317 -0.763533 38.2566 -22.6057 5.16736 6.71957 3.76364 0 0 0 0.266894 2.23831 -0.0107663 0 0 0 0 0 2.384 303 47 0 0 0
./complex_md-fit_815.pdb BC A 7.91497 35.3658 -10.7038 -7.19075 -13.0079 -22.4287 -0.767232 37.9552 -22.6918 5.59584 7.49322 3.94804 0 0 0 0.390277 2.037 -5.55112e-17 0 0 0 0 0 2.384 303 47 1 1 0
./complex_md-fit_816.pdb BC A 9.17034 29.5618 -10.8941 -6.47251 -13.446 -21.1756 -0.747158 37.1623 -20.952 4.20239 7.13383 3.27157 0 0 0 0.123562 2.83534 0 0 0 0 0 0.00558166 2.384 303 50 0 0 0
./complex_md-fit_817.pdb BC A 7.51144 29.8856 -12.2666 -5.78033 -12.957 -21.5015 -0.713961 36.4387 -21.1477 2.51469 7.51996 3.06448 0 0 0 0.296233 2.40283 0 0 0 0 0 0 2.384 303 47 0 0 0
./complex_md-fit_818.pdb BC A 10.8217 24.2768 -13.339 -9.67863 -11.4726 -21.9541 -0.779903 38.6835 -21.5565 1.47357 7.77923 3.87515 0 0 0 0.264548 2.50965 0.026651 0 0 0 0 0 2.384 303 48 0 0 0
./complex_md-fit_819.pdb BC A 7.64882 27.0092 -6.42997 -7.84976 -11.1921 -23.3293 -1.01448 39.61 -23.1386 8.34807 7.33662 4.49714 0 0 0 0.279052 2.40621 0.0232883 0 0 0 0 0 2.384 303 51 2 2 0
./complex_md-fit_81.pdb BC A 7.35426 41.9409 -11.7281 -6.57812 -14.2639 -23.5177 -1.12945 39.9671 -23.4834 5.60567 7.62945 3.0747 0 0 0 0.967599 2.86297 0 0 0 0 0 0 2.384 303 50 0 0 0
./complex_md-fit_820.pdb BC A 7.63184 38.4826 -2.27147 -6.37987 -9.49282 -23.4917 -1.06123 41.1363 -22.9987 7.58049 8.0965 3.30853 0 0 0 1.01888 2.33457 0 0 0 0 0 0.0121603 2.384 303 47 1 1 0
./complex_md-fit_821.pdb BC A 6.07101 36.962 -7.05903 -7.17254 -12.8971 -22.8014 -1.08267 39.1057 -22.6643 7.31932 8.41792 4.35242 0 0 0 0.339261 1.94482 0.0229377 0 0 0 0 0.0014075 2.384 303 49 2 2 0
./complex_md-fit_822.pdb BC A 8.12626 27.3556 -6.15316 -5.99512 -12.2944 -22.3504 -0.987084 39.6654 -21.5563 4.80595 7.82578 4.42587 0 0 0 0.306069 1.91764 0 0 0 0 0 0.00114289 2.384 303 51 1 1 0
./complex_md-fit_823.pdb BC A 7.60995 38.9679 -5.4406 -5.24956 -9.94322 -22.6176 -1.0351 38.8426 -22.4877 5.38719 6.3636 4.77944 0 0 0 0.500143 2.25782 0.0196164 0 0 0 0 0 2.384 303 48 0 0 0
./complex_md-fit_824.pdb BC A 9.14073 32.2857 -10.2152 -8.75682 -13.8087 -22.8587 -0.824367 40.653 -22.195 5.9231 7.79565 3.68369 0 0 0 0.172928 2.31804 0 0 0 0 0 0 2.384 303 49 2 2 0
./complex_md-fit_825.pdb BC A 6.39879 38.1371 -12.1132 -6.72907 -13.4953 -22.8448 -1.33427 40.1628 -22.3371 4.27084 6.72251 3.16454 0 0 0 0.292726 2.92301 0.0092776 0 0 0 0 0.00462845 2.384 303 49 0 0 0
./complex_md-fit_826.pdb BC A 8.09976 30.8936 -9.59998 -6.52842 -11.5811 -22.8338 -0.951376 39.3652 -22.2093 5.91588 6.11672 2.68611 0 0 0 0.38898 2.35025 0.024393 0 0 0 0 0.00679797 2.384 303 48 1 1 0
./complex_md-fit_827.pdb BC A 9.4922 29.3977 -20.1386 -9.84626 -15.952 -22.9031 -1.13655 37.4441 -22.4029 3.24412 7.69125 3.15473 0 0 0 0.565313 3.32808 -0.00037947 0 0 0 0 0.00298309 2.384 303 46 0 0 0
./complex_md-fit_828.pdb BC A 7.38369 36.3842 -13.188 -6.72375 -14.5935 -22.6816 -1.08848 38.6112 -22.1804 4.12964 7.70359 3.23029 0 0 0 0.379364 2.20418 0.0256302 0 0 0 0 0 2.384 303 42 0 0 0
./complex_md-fit_829.pdb BC A 6.5635 38.1399 -13.0252 -7.16285 -15.4866 -23.8003 -1.04173 41.6171 -22.8695 3.66924 8.40327 3.21085 0 0 0 0.435349 2.48469 0 0 0 0 0 0 2.384 303 47 0 0 0
./complex_md-fit_82.pdb BC A 6.24005 33.8807 -13.3818 -8.49788 -13.9736 -23.5662 -1.08381 38.7353 -23.5324 6.82897 7.88279 3.41721 0 0 0 0.36549 2.73408 0.0422972 0 0 0 0 0 2.384 303 47 1 1 0
./complex_md-fit_830.pdb BC A 6.16765 28.1566 -9.08224 -7.73626 -13.6401 -23.1467 -0.996716 39.9803 -22.8781 5.65429 8.92838 4.56878 0 0 0 0.18394 1.96771 0 0 0 0 0 0 2.384 303 46 2 2 0
./complex_md-fit_831.pdb BC A 7.53547 33.0006 -13.7961 -8.02289 -12.473 -23.5107 -0.91784 40.6034 -23.2852 3.42667 6.65338 2.68651 0 0 0 1.04365 2.76841 0 0 0 0 0 0 2.384 303 48 0 0 0
./complex_md-fit_832.pdb BC A 8.41945 34.0662 -21.617 -10.6105 -19.0094 -24.0466 -1.12557 41.0791 -23.5392 2.74896 8.64728 3.25711 0 0 0 0.959487 2.69824 0.0222191 0 0 0 0 0 2.384 303 48 2 2 0
./complex_md-fit_833.pdb BC A 8.26541 32.7812 -7.08783 -7.24298 -11.0996 -21.9281 -0.882003 38.7655 -21.9148 5.34774 8.59188 2.4229 0 0 0 0.851626 1.97747 0 0 0 0 0 0 2.384 303 47 1 1 0
./complex_md-fit_834.pdb BC A 8.73946 27.9401 -10.145 -6.49568 -13.1463 -21.3367 -0.89597 37.7474 -20.754 2.39342 8.55446 3.43357 0 0 0 0.354851 2.24186 0 0 0 0 0 0 2.384 303 50 0 0 0
./complex_md-fit_835.pdb BC A 8.50182 33.2768 -9.59975 -6.26989 -9.87345 -21.7562 -0.83576 37.8057 -21.4957 3.7273 5.96228 2.6255 0 0 0 0.510531 2.04959 0 0 0 0 0 0 2.384 303 48 1 1 0
./complex_md-fit_836.pdb BC A 8.19175 28.3209 -12.213 -8.11864 -14.4366 -22.5303 -0.841501 38.7551 -22.2985 3.63935 8.9561 3.87811 0 0 0 0.778866 3.35307 0 0 0 0 0 0.00505215 2.384 303 48 0 0 0
./complex_md-fit_837.pdb BC A 7.85485 22.2226 -13.6271 -7.15224 -16.3305 -22.7762 -1.02744 38.6595 -22.3726 4.87259 8.63577 3.6094 0 0 0 0.247831 1.93392 5.55112e-17 0 0 0 0 0.00663351 2.384 303 52 2 2 0
./complex_md-fit_838.pdb BC A 7.625 46.3196 -12.0308 -8.60982 -14.1554 -23.4729 -1.1259 40.487 -23.089 5.57742 9.32604 2.75987 0 0 0 0.275225 2.73779 -0.00943809 0 0 0 0 0.00618242 2.384 303 46 2 2 0
./complex_md-fit_839.pdb BC A 7.66702 27.1706 -19.0024 -8.39488 -16.4776 -23.5976 -1.03621 39.768 -23.4423 2.02084 8.32449 3.57047 0 0 0 0.254132 2.6307 0 0 0 0 0 0.00822961 2.384 303 47 0 0 0
./complex_md-fit_83.pdb BC A 6.88925 34.3371 -11.2694 -7.53658 -13.36 -21.6823 -0.690177 38.3599 -21.2324 4.01499 7.32646 3.28159 0 0 0 0.234488 3.40848 0.0146709 0 0 0 0 0 2.384 303 50 2 2 0
./complex_md-fit_840.pdb BC A 6.98486 33.7767 -9.10705 -8.45995 -15.0447 -24.4689 -1.14073 43.764 -23.5454 5.7906 10.3012 3.31433 0 0 0 0.380706 2.43096 -0.00929632 0 0 0 0 0.0110879 2.384 303 48 2 2 0
./complex_md-fit_841.pdb BC A 8.23138 36.5245 -7.85502 -6.53791 -14.4199 -25.5152 -0.974211 45.2035 -25.2593 7.15088 9.80961 2.5762 0 0 0 0.12043 2.41295 -0.0266755 0 0 0 0 0.0175332 2.384 303 53 2 2 0
./complex_md-fit_842.pdb BC A 7.37598 35.3554 -7.1534 -7.71784 -8.39521 -23.0859 -0.848957 40.5196 -22.5149 5.04271 6.99888 2.54966 0 0 0 0.295362 2.31497 -0.012805 0 0 0 0 0.0160188 2.384 303 50 1 1 0
./complex_md-fit_843.pdb BC A 9.29382 29.0071 -13.5159 -9.04553 -15.9467 -25.1361 -1.13421 42.9358 -24.8724 5.075 9.85323 3.75243 0 0 0 0.972389 2.57796 0.0103244 0 0 0 0 0.0199257 2.384 303 55 0 0 0
./complex_md-fit_844.pdb BC A 8.3822 30.5932 -7.37697 -7.59637 -10.4566 -22.7044 -0.793585 40.0966 -22.2386 4.40579 8.92054 2.82328 0 0 0 0.16039 2.15922 5.55112e-17 0 0 0 0 0.00597643 2.384 303 51 2 2 0
./complex_md-fit_845.pdb BC A 11.6907 36.308 -15.3048 -9.16351 -17.4872 -23.8164 -1.25783 41.8925 -23.3922 3.82854 9.94787 3.47013 0 0 0 0.667557 2.28732 -0.0150978 0 0 0 0 0.0208014 2.384 303 46 2 2 0
./complex_md-fit_846.pdb BC A 8.12722 30.6265 -10.8491 -7.98105 -14.6967 -23.2912 -0.947595 43.5918 -22.9802 3.25372 8.21691 3.63423 0 0 0 0.342369 2.11846 0 0 0 0 0 0.00842355 2.384 303 50 0 0 0
./complex_md-fit_847.pdb BC A 13.6992 36.3802 -6.54099 -7.65956 -10.3652 -24.1759 -0.868193 43.763 -24.065 6.91789 7.20152 2.33581 0 0 0 0.341073 2.81954 0.0163143 0 0 0 0 0.0171645 2.384 303 49 1 1 0
./complex_md-fit_848.pdb BC A 6.87226 27.8785 -9.97466 -8.28032 -13.4693 -22.983 -1.13751 41.6359 -22.4977 4.902 8.74378 2.65234 0 0 0 0.432208 2.4657 0 0 0 0 0 0.0269397 2.384 303 51 1 1 0
./complex_md-fit_849.pdb BC A 6.43955 35.2622 -16.6406 -8.77676 -17.5435 -23.483 -1.19527 40.5225 -23.1425 3.73362 9.45087 3.38207 0 0 0 0.369334 2.5474 0.0216967 0 0 0 0 0.0203651 2.384 303 50 0 0 0
./complex_md-fit_84.pdb BC A 9.60892 40.3069 -6.4998 -7.57359 -13.5212 -20.8745 -0.997213 37.6253 -19.8008 7.67 7.35914 2.87354 0 0 0 0.718836 2.28561 0.0207254 0 0 0 0 0 2.384 303 49 2 2 0
./complex_md-fit_850.pdb BC A 8.10546 29.2325 -10.7588 -6.78131 -13.1521 -23.4493 -0.931202 40.4573 -23.0505 4.85042 7.95619 3.18114 0 0 0 0.184166 3.70466 -0.0383094 0 0 0 0 0.0147022 2.384 303 48 1 1 0
./complex_md-fit_851.pdb BC A 10.7427 35.078 -12.435 -7.64196 -13.9641 -23.5973 -1.22185 40.1645 -23.5973 6.59962 8.16458 2.50998 0 0 0 0.162251 2.61344 -0.031344 0 0 0 0 0.0179775 2.384 303 49 2 2 0
./complex_md-fit_852.pdb BC A 9.77797 27.1406 -9.84592 -6.52435 -12.6454 -23.0314 -1.05864 41.1205 -22.9276 5.94026 6.8466 2.21864 0 0 0 0.209909 2.4243 0 0 0 0 0 0.00549704 2.384 303 50 2 2 0
./complex_md-fit_853.pdb BC A 8.68836 24.6682 -10.7086 -6.88808 -13.3437 -23.7324 -1.02215 41.5541 -23.5673 4.90732 8.13666 3.04398 0 0 0 0.183391 2.29642 0 0 0 0 0 0.0194707 2.384 303 50 0 0 0
./complex_md-fit_854.pdb BC A 6.08632 36.1525 -14.9915 -6.93277 -13.3739 -23.5181 -0.987695 37.9459 -23.5565 3.90612 7.31445 3.79628 0 0 0 0.380469 2.14788 0.019799 0 0 0 0 0.0145027 2.384 303 49 0 0 0
./complex_md-fit_855.pdb BC A 7.70095 28.92 -15.2117 -8.47217 -14.159 -23.6781 -0.961342 40.4652 -23.6587 4.69651 8.56468 1.58387 0 0 0 0.388595 2.4217 0.000629554 0 0 0 0 0.0181986 2.384 303 49 1 1 0
./complex_md-fit_856.pdb BC A 8.88533 29.1841 -11.9767 -7.05762 -11.5475 -21.7306 -0.977968 36.4247 -21.9047 5.16566 6.98746 2.49466 0 0 0 0.160309 2.51083 0.00890566 0 0 0 0 0 2.384 303 42 1 1 0
./complex_md-fit_857.pdb BC A 6.57648 38.3554 -14.2952 -8.78937 -15.8275 -22.0993 -0.988203 37.9963 -21.3354 4.5766 8.53043 3.25117 0 0 0 0.400319 2.35257 -0.0103561 0 0 0 0 0 2.384 303 45 1 1 0
./complex_md-fit_858.pdb BC A 6.63859 30.9012 -10.9839 -8.14464 -12.4502 -21.7454 -0.746215 36.9991 -21.6917 4.94421 7.93376 3.05895 0 0 0 0.861768 2.3297 -0.00353344 0 0 0 0 0 2.384 303 45 0 0 0
./complex_md-fit_859.pdb BC A 9.18827 30.7011 -11.2843 -6.13739 -12.4204 -21.9609 -0.729543 36.6406 -21.9043 4.92645 6.82297 3.13303 0 0 0 0.331913 3.28379 0.00752826 0 0 0 0 0.0057006 2.384 303 47 2 2 0
./complex_md-fit_85.pdb BC A 8.16108 30.6862 -9.26844 -5.74549 -15.2094 -21.4769 -1.06658 37.9643 -20.8196 8.98979 6.32982 1.45003 0 0 0 0.31552 1.92819 0 0 0 0 0 0 2.384 303 47 1 1 0
./complex_md-fit_860.pdb BC A 8.88687 35.9475 -12.0081 -6.70857 -12.2357 -21.8375 -0.914462 37.4153 -21.3747 4.37124 6.46 2.47896 0 0 0 0.33725 2.16263 0 0 0 0 0 0 2.384 303 49 2 2 0
./complex_md-fit_861.pdb BC A 9.31157 41.1323 -7.9284 -5.61914 -10.9604 -21.7052 -0.886989 38.7743 -21.2722 3.58912 7.65726 2.28807 0 0 0 0.222731 1.97158 -0.0158908 0 0 0 0 0 2.384 303 45 0 0 0
./complex_md-fit_862.pdb BC A 8.59044 37.2454 -6.96639 -6.26604 -10.4763 -22.7176 -0.570893 40.0847 -22.5254 7.03304 5.67826 2.24629 0 0 0 0.545263 2.34861 -0.0332918 0 0 0 0 0.0355475 2.384 303 47 2 2 0
./complex_md-fit_863.pdb BC A 8.36693 32.5493 -3.76943 -5.77356 -8.74027 -22.7391 -0.679319 40.9825 -21.7722 6.2926 5.37939 3.05025 0 0 0 0.257262 2.36309 -0.026986 0 0 0 0 0 2.384 303 48 1 1 0
./complex_md-fit_864.pdb BC A 9.11465 29.9457 -13.5789 -6.35835 -13.2563 -22.432 -0.877245 38.0711 -22.2368 2.56021 6.70132 3.55484 0 0 0 0.673829 2.10111 0.0203801 0 0 0 0 0 2.384 303 49 1 1 0
./complex_md-fit_865.pdb BC A 7.2485 37.0445 -10.7862 -5.71344 -12.179 -23.2885 -1.04834 39.6847 -23.3373 3.99965 7.58543 3.05669 0 0 0 0.453868 3.71153 -1.11022e-16 0 0 0 0 0 2.384 303 47 0 0 0
./complex_md-fit_866.pdb BC A 11.2246 28.1785 -12.5553 -8.6179 -12.7824 -25.5287 -0.69234 43.9421 -25.7808 4.35276 8.10188 4.35226 0 0 0 0.0978182 2.639 5.55112e-17 0 0 0 0 0 2.384 303 53 0 0 0
./complex_md-fit_867.pdb BC A 13.7342 31.731 -13.9449 -7.27959 -14.743 -25.319 -0.953259 44.1366 -24.9669 3.44863 8.69744 2.92437 0 0 0 0.109764 3.355 0 0 0 0 0 0 2.384 303 50 0 0 0
./complex_md-fit_868.pdb BC A 7.36505 28.6137 -7.46024 -5.33589 -12.8259 -25.0141 -0.861104 44.7185 -24.7784 4.71174 8.09522 3.38379 0 0 0 0.4225 3.66233 -0.014686 0 0 0 0 0.0381018 2.384 303 50 1 1 0
./complex_md-fit_869.pdb BC A 7.8896 31.4287 -9.20156 -5.78892 -14.8667 -25.915 -0.997999 44.7868 -25.761 6.63664 8.9798 3.59643 0 0 0 0.158026 2.58138 -0.0295864 0 0 0 0 0 2.384 303 51 2 2 0
./complex_md-fit_86.pdb BC A 9.51076 32.173 -6.1197 -7.10325 -11.4247 -20.1652 -1.19299 36.6052 -19.3496 6.6375 6.48266 3.00988 0 0 0 0.367591 2.1401 0.0131991 0 0 0 0 0 2.384 303 47 2 2 0
./complex_md-fit_870.pdb BC A 8.49545 36.6114 -9.60606 -8.03715 -14.6145 -25.4478 -0.863764 43.8418 -25.2506 7.65413 9.36422 2.90956 0 0 0 0.843737 2.43421 -0.0056445 0 0 0 0 0 2.384 303 53 2 2 0
./complex_md-fit_871.pdb BC A 7.04688 33.0852 -13.3918 -8.55252 -14.0824 -23.9719 -0.878203 40.5018 -24.3085 7.60613 7.50554 2.68618 0 0 0 0.10209 2.89375 0 0 0 0 0 0 2.384 303 52 2 2 0
./complex_md-fit_872.pdb BC A 7.39151 31.7352 -16.6215 -9.00959 -15.7 -24.9964 -0.849958 42.6278 -25.1533 3.33052 8.78489 3.45084 0 0 0 0.921002 2.49122 -0.027338 0 0 0 0 0 2.384 303 52 0 0 0
./complex_md-fit_873.pdb BC A 8.09767 28.3678 -7.7084 -6.6262 -12.1049 -23.7263 -1.01949 40.8197 -23.3265 7.02684 8.63898 2.55531 0 0 0 0.0633561 2.00276 -0.00913796 0 0 0 0 0 2.384 303 50 1 1 0
./complex_md-fit_874.pdb BC A 7.49209 33.4497 -10.892 -7.18576 -13.1347 -23.1744 -0.918532 39.9506 -23.3967 5.15659 8.65613 2.98546 0 0 0 0.179625 2.0483 -0.0104668 0 0 0 0 0 2.384 303 52 0 0 0
./complex_md-fit_875.pdb BC A 6.70177 28.6197 -7.00535 -6.14052 -11.7329 -25.0912 -0.766011 43.5876 -25.3 6.98881 8.58338 2.54402 0 0 0 0.321432 2.6236 0 0 0 0 0 0 2.384 303 52 2 2 0
./complex_md-fit_876.pdb BC A 7.757 30.1216 -16.4695 -7.43807 -12.248 -23.5635 -0.95998 36.5819 -23.999 4.40636 7.76098 2.77088 0 0 0 0.208315 2.45135 -5.55112e-17 0 0 0 0 0.0106224 2.384 303 47 1 1 0
./complex_md-fit_877.pdb BC A 6.60093 34.5608 -12.1971 -8.63944 -13.3721 -25.2587 -0.955531 44.7569 -25.0433 6.0411 7.41421 2.32111 0 0 0 0.510269 2.49157 0 0 0 0 0 0.0283846 2.384 303 50 0 0 0
./complex_md-fit_878.pdb BC A 9.70857 34.6469 -11.0408 -6.91305 -12.4683 -24.7221 -0.970512 42.4007 -24.6329 5.13409 7.71739 2.9026 0 0 0 0.45795 2.43469 0.0257765 0 0 0 0 0.0275984 2.384 303 51 0 0 0
./complex_md-fit_879.pdb BC A 8.30878 25.4957 -13.0599 -6.60334 -16.627 -22.7076 -0.938022 39.3143 -22.1264 4.44974 9.47392 2.65191 0 0 0 0.0656044 2.40732 -0.0241044 0 0 0 0 0.0111401 2.384 303 49 0 0 0
./complex_md-fit_87.pdb BC A 8.45885 29.8659 -11.5092 -7.41397 -14.4691 -21.576 -1.09803 38.1751 -20.8265 3.31769 8.12907 3.99776 0 0 0 0.254756 2.11647 0 0 0 0 0 0 2.384 303 46 0 0 0
./complex_md-fit_880.pdb BC A 6.72004 29.3739 -10.1041 -6.46386 -11.515 -25.4469 -0.979418 43.0329 -25.2932 4.11911 8.27677 3.77073 0 0 0 0.364338 2.79946 5.55112e-17 0 0 0 0 0.0303891 2.384 303 48 1 1 0
./complex_md-fit_881.pdb BC A 7.84998 32.7127 -9.35293 -8.83031 -16.5713 -25.7089 -0.893895 45.8866 -25.1785 7.05299 10.4883 3.43614 0 0 0 0.917764 2.83975 -0.014382 0 0 0 0 0.062677 2.384 303 53 2 2 0
./complex_md-fit_882.pdb BC A 7.39254 31.9011 -8.49838 -7.93883 -12.4713 -24.4646 -0.658238 42.9014 -24.1926 4.66296 9.27873 3.667 0 0 0 0.702245 2.43586 -0.0150121 0 0 0 0 0.0298321 2.384 303 52 0 0 0
./complex_md-fit_883.pdb BC A 7.52825 29.4537 -6.63582 -6.31401 -14.8425 -26.2701 -1.00817 45.9753 -26.0058 9.39964 8.83271 2.55917 0 0 0 1.00869 3.6973 0 0 0 0 0 0.0292132 2.384 303 53 3 3 0
./complex_md-fit_884.pdb BC A 9.1186 26.8121 -9.35104 -6.35007 -12.3073 -24.4171 -1.04991 42.0181 -23.8305 3.84953 7.62147 4.69585 0 0 0 0.382579 1.87206 0 0 0 0 0 0.0363014 2.384 303 52 0 0 0
./complex_md-fit_885.pdb BC A 7.56717 36.0863 -16.1737 -8.19343 -16.2375 -24.9292 -0.999704 42.6969 -24.3318 3.38509 8.77669 3.19197 0 0 0 0.455786 2.354 0 0 0 0 0 0.01148 2.384 303 49 1 1 0
./complex_md-fit_886.pdb BC A 7.88844 34.6964 -4.52744 -6.60927 -9.78696 -24.2937 -0.725266 43.268 -23.8134 6.84286 6.90306 2.99218 0 0 0 0.718701 3.60995 -0.0236075 0 0 0 0 0 2.384 303 50 1 1 0
./complex_md-fit_887.pdb BC A 7.43044 39.6762 -14.0274 -6.86326 -14.7158 -23.7532 -0.809552 40.6747 -23.5966 3.78309 7.63839 3.06868 0 0 0 0.525563 2.83824 0.0206639 0 0 0 0 0 2.384 303 52 0 0 0
./complex_md-fit_888.pdb BC A 7.8291 32.8391 -8.9422 -6.59046 -10.7546 -23.1874 -0.942615 39.7489 -22.7998 5.16027 7.66275 2.46944 0 0 0 0.290054 2.37703 0 0 0 0 0 0.00132009 2.384 303 51 1 1 0
./complex_md-fit_889.pdb BC A 7.39689 33.038 -9.1658 -7.21243 -13.3633 -24.0141 -1.02336 41.7408 -24.1978 4.75178 10.1564 3.36175 0 0 0 0.590045 2.30084 0.0388385 0 0 0 0 0.00544212 2.384 303 50 1 1 0
./complex_md-fit_88.pdb BC A 8.97088 30.4471 -8.88629 -7.52486 -13.0109 -23.4495 -1.22556 41.3019 -22.8448 7.5431 6.99991 3.07844 0 0 0 0.245842 2.34389 0 0 0 0 0 0 2.384 303 50 2 2 0
./complex_md-fit_890.pdb BC A 8.82162 44.3983 -4.90759 -7.00191 -12.6079 -23.6845 -0.951381 41.1837 -23.6365 9.22441 8.44936 3.85338 0 0 0 0.263727 2.72778 0 0 0 0 0 0 2.384 303 49 4 4 0
./complex_md-fit_891.pdb BC A 7.97851 34.6008 -9.33924 -4.96334 -12.3677 -23.1965 -0.963976 39.4837 -23.1096 5.43158 7.11469 3.08805 0 0 0 0.143849 3.53097 -5.55112e-17 0 0 0 0 0 2.384 303 50 2 2 0
./complex_md-fit_892.pdb BC A 8.10518 31.2601 -17.0817 -8.15129 -15.1105 -25.0278 -1.0405 43.3575 -24.6054 2.32391 8.5708 2.49198 0 0 0 0.127543 2.46288 -0.0178441 0 0 0 0 0 2.384 303 49 0 0 0
./complex_md-fit_893.pdb BC A 7.68771 39.5633 -12.9636 -9.26417 -13.4397 -24.2864 -0.784105 41.9657 -24.1472 4.17803 9.22218 3.45019 0 0 0 0.117438 2.22819 0.0245018 0 0 0 0 0 2.384 303 50 2 2 0
./complex_md-fit_894.pdb BC A 7.49455 27.9482 -14.896 -7.47849 -15.9776 -22.9775 -1.03731 39.3334 -22.4042 3.57293 8.21882 3.47308 0 0 0 0.380786 2.34005 -1.11022e-16 0 0 0 0 0 2.384 303 46 0 0 0
./complex_md-fit_895.pdb BC A 10.9775 32.2528 -9.84871 -5.62019 -12.6147 -22.622 -0.963905 38.383 -22.4857 4.39798 7.40369 3.30162 0 0 0 0.916915 2.0947 0.0545794 0 0 0 0 0 2.384 303 47 0 0 0
./complex_md-fit_896.pdb BC A 8.32473 31.0599 -14.7301 -8.4795 -14.4521 -23.7259 -1.15275 40.468 -23.0881 4.86567 8.36942 2.21879 0 0 0 0.214972 2.84176 0.0240086 0 0 0 0 0.00746781 2.384 303 46 2 2 0
./complex_md-fit_897.pdb BC A 7.45827 36.7772 -11.5075 -7.73978 -14.2812 -22.0987 -1.04031 37.4638 -21.602 6.54764 7.53435 2.73232 0 0 0 0.976452 2.44616 0 0 0 0 0 0 2.384 303 48 2 2 0
./complex_md-fit_898.pdb BC A 10.2508 30.727 -16.2146 -8.74878 -13.4519 -22.1066 -0.900664 36.5767 -21.6319 2.40817 7.81369 2.85748 0 0 0 0.969137 2.33006 0 0 0 0 0 0 2.384 303 47 0 0 0
./complex_md-fit_899.pdb BC A 8.59792 29.0897 -9.18234 -8.92018 -13.5165 -23.2682 -0.842888 42.3487 -22.2008 5.01363 8.19632 3.47726 0 0 0 0.528393 2.57889 0.00190312 0 0 0 0 0 2.384 303 46 0 0 0
./complex_md-fit_89.pdb BC A 10.5025 38.7862 -7.02198 -6.821 -13.4702 -22.5501 -0.987594 40.7293 -21.9176 6.95475 7.52846 3.20764 0 0 0 0.283198 3.18712 0.0211651 0 0 0 0 0 2.384 303 50 0 0 0
./complex_md-fit_8.pdb BC A 6.60084 38.3072 -11.0674 -9.02785 -14.4966 -24.0413 -1.09014 41.5752 -23.4302 6.71783 8.50538 3.84883 0 0 0 0.298656 2.29325 0.0728191 0 0 0 0 0 2.384 303 51 2 2 0
./complex_md-fit_900.pdb BC A 6.59958 36.5899 -16.2193 -9.55428 -14.183 -24.5232 -1.11691 41.8506 -24.3213 3.29992 8.71145 2.8857 0 0 0 0.731783 2.35323 0 0 0 0 0 0 2.384 303 49 0 0 0
./complex_md-fit_901.pdb BC A 9.34559 29.7474 -5.47045 -6.2596 -11.7622 -22.5476 -1.15497 40.3922 -22.5111 6.96291 8.54818 2.41313 0 0 0 0.427235 2.17833 0.0213858 0 0 0 0 0 2.384 303 49 3 3 0
./complex_md-fit_902.pdb BC A 7.75603 25.2005 -7.34614 -7.09006 -11.9037 -23.2184 -0.833883 40.121 -23.0733 6.78361 7.48971 4.03098 0 0 0 0.326657 2.67162 0.0212317 0 0 0 0 0 2.384 303 50 0 0 0
./complex_md-fit_903.pdb BC A 6.46276 29.8488 -10.7316 -6.4016 -13.1013 -21.2142 -0.884979 37.7075 -20.5773 2.76512 7.73219 3.00155 0 0 0 0.241498 2.33887 0 0 0 0 0 0 2.384 303 49 0 0 0
./complex_md-fit_904.pdb BC A 9.2138 31.7041 -9.68753 -5.92668 -11.245 -22.9548 -1.05947 38.4826 -22.8374 5.9 6.62492 2.85421 0 0 0 0.474126 2.21258 0 0 0 0 0 0 2.384 303 49 2 2 0
./complex_md-fit_905.pdb BC A 7.28043 25.8584 -20.7764 -8.73041 -14.3568 -22.9252 -0.895081 36.3366 -22.9239 2.48041 6.85213 3.18401 0 0 0 0.230915 2.49946 -0.0289944 0 0 0 0 0 2.384 303 46 0 0 0
./complex_md-fit_906.pdb BC A 7.35874 31.5335 -6.39331 -4.43497 -11.2607 -21.5971 -0.907596 36.902 -21.7142 5.6653 6.53462 4.02781 0 0 0 0.355669 2.16721 0.0358994 0 0 0 0 0 2.384 303 48 1 1 0
./complex_md-fit_907.pdb BC A 8.57698 31.3987 -16.3875 -8.35571 -15.2518 -22.416 -0.875253 37.074 -22.679 3.97636 7.86713 3.88058 0 0 0 0.330241 2.36931 0.06182 0 0 0 0 0 2.384 303 47 0 0 0
./complex_md-fit_908.pdb BC A 6.90327 30.0047 -10.7305 -6.93835 -11.6312 -22.7194 -0.780045 37.7468 -22.9337 3.86711 8.4928 3.87598 0 0 0 0.289573 2.4241 0 0 0 0 0 0 2.384 303 48 0 0 0
./complex_md-fit_909.pdb BC A 8.3595 28.938 -10.1642 -6.47862 -12.3556 -22.9794 -0.98341 39.9313 -22.7864 5.57199 7.81831 1.81416 0 0 0 0.283566 2.97866 0 0 0 0 0 0 2.384 303 50 2 2 0
./complex_md-fit_90.pdb BC A 7.50487 31.4919 -13.4082 -7.00982 -14.24 -22.477 -1.13481 38.6362 -22.0904 4.13836 6.90241 3.26387 0 0 0 0.563179 2.12554 0.0397421 0 0 0 0 0 2.384 303 50 0 0 0
./complex_md-fit_910.pdb BC A 8.40584 30.9259 -7.00706 -7.24145 -12.5383 -22.4139 -1.05 38.9401 -21.4637 7.77893 7.74337 2.81382 0 0 0 0.424072 2.62457 1.11022e-16 0 0 0 0 0 2.384 303 48 1 1 0
./complex_md-fit_911.pdb BC A 8.23238 34.0479 -16.3253 -8.34782 -14.8037 -23.7456 -0.991716 39.6206 -23.5687 4.84959 8.19976 2.33247 0 0 0 0.119691 2.77605 0.0101049 0 0 0 0 0 2.384 303 47 0 0 0
./complex_md-fit_912.pdb BC A 8.10408 35.9202 -10.9617 -7.87696 -13.0874 -22.3323 -0.913824 37.4177 -22.3425 7.33679 7.6031 2.51781 0 0 0 0.694716 2.23153 0.0210647 0 0 0 0 0 2.384 303 46 1 1 0
./complex_md-fit_913.pdb BC A 8.28773 31.4214 -13.5759 -8.66374 -15.7472 -21.7644 -0.978115 36.6074 -21.1867 4.63304 9.0273 3.66104 0 0 0 0.811894 2.31769 0.0236246 0 0 0 0 0 2.384 303 47 1 1 0
./complex_md-fit_914.pdb BC A 10.0064 33.9864 -19.1647 -8.61965 -17.1147 -23.7678 -0.928496 38.1152 -23.5872 3.12574 9.02657 4.28672 0 0 0 0.298892 2.7509 -1.11022e-16 0 0 0 0 0 2.384 303 49 0 0 0
./complex_md-fit_915.pdb BC A 7.72453 34.5273 -14.313 -8.35679 -14.6369 -22.8451 -0.964974 38.3033 -22.7805 5.46221 7.85478 3.30849 0 0 0 0.342388 2.64545 0 0 0 0 0 0 2.384 303 49 0 0 0
./complex_md-fit_916.pdb BC A 10.647 24.5425 -7.47052 -6.15392 -11.8684 -23.3127 -0.941821 40.2391 -23.4231 7.32386 7.4 2.95751 0 0 0 0.286112 2.70332 0.022779 0 0 0 0 0 2.384 303 48 0 0 0
./complex_md-fit_917.pdb BC A 9.90211 38.2349 -9.45323 -7.10846 -11.9098 -22.249 -0.748956 36.0175 -22.1673 7.68112 7.13618 3.12387 0 0 0 0.749988 2.62986 0.0216638 0 0 0 0 0 2.384 303 49 1 1 0
./complex_md-fit_918.pdb BC A 7.84384 27.2212 -9.13613 -8.77621 -12.5432 -22.0842 -1.07027 37.7395 -22.0002 6.44055 9.23736 3.6662 0 0 0 0.234602 2.1275 0.0197622 0 0 0 0 0 2.384 303 50 1 1 0
./complex_md-fit_919.pdb BC A 10.5803 32.5015 -13.1094 -5.68259 -14.3155 -24.3212 -0.822673 40.2326 -24.7431 5.32207 7.74876 3.04431 0 0 0 0.409135 3.92497 0.0187984 0 0 0 0 0 2.384 303 45 1 1 0
./complex_md-fit_91.pdb BC A 7.4503 31.612 -9.01208 -7.22184 -12.6362 -22.7096 -1.13536 38.723 -22.9506 5.63747 8.25215 3.64794 0 0 0 1.38102 2.22749 0 0 0 0 0 0 2.384 303 49 1 1 0
./complex_md-fit_920.pdb BC A 8.57534 29.0241 -14.2318 -9.39119 -16.7906 -22.8499 -1.04197 39.1488 -23.0162 6.1782 9.02287 4.04383 0 0 0 0.464319 2.43406 0 0 0 0 0 0 2.384 303 48 2 2 0
./complex_md-fit_921.pdb BC A 9.24699 29.9815 -2.95122 -6.20737 -12.7547 -23.4536 -0.782785 42.5623 -23.4589 6.68741 8.78227 4.95706 0 0 0 0.717078 2.70553 0 0 0 0 0 0 2.384 303 48 2 2 0
./complex_md-fit_922.pdb BC A 8.99115 41.6345 -14.6986 -7.86298 -12.9262 -22.6364 -0.864802 37.9371 -22.3564 3.15633 7.57469 3.13102 0 0 0 0.149016 2.41974 -5.55112e-17 0 0 0 0 0 2.384 303 46 0 0 0
./complex_md-fit_923.pdb BC A 8.29741 34.9274 -16.9405 -8.31638 -13.575 -22.9807 -0.827945 38.9807 -22.563 2.74841 6.63814 2.65421 0 0 0 0.301148 2.49413 0 0 0 0 0 0 2.384 303 48 0 0 0
./complex_md-fit_924.pdb BC A 9.93278 31.8205 -8.70389 -8.30042 -11.1582 -23.449 -0.845515 40.8073 -23.2917 5.50103 8.2619 3.40062 0 0 0 0.357082 2.41272 0 0 0 0 0 0.0130534 2.384 303 51 1 1 0
./complex_md-fit_925.pdb BC A 9.28088 26.6135 -10.5261 -7.16023 -13.7684 -23.0998 -0.869257 39.3904 -22.7027 6.84739 7.61703 2.86969 0 0 0 0.349868 2.5278 0 0 0 0 0 0 2.384 303 48 1 1 0
./complex_md-fit_926.pdb BC A 8.14484 29.5459 -6.48315 -6.65248 -12.8366 -22.3718 -0.920288 38.4495 -22.1456 6.89647 9.49958 3.38375 0 0 0 0.188922 2.15185 0.0254302 0 0 0 0 0 2.384 303 49 1 1 0
./complex_md-fit_927.pdb BC A 7.96657 27.5357 -11.415 -8.14901 -14.6986 -22.7858 -0.758702 38.7558 -22.4439 7.09103 8.40468 2.73394 0 0 0 0.405642 2.07602 0.0249324 0 0 0 0 0.00500901 2.384 303 46 2 2 0
./complex_md-fit_928.pdb BC A 8.00197 25.5092 -15.2812 -7.99963 -13.9292 -22.6894 -0.80602 38.7802 -22.4678 2.47519 7.22963 3.95385 0 0 0 0.171965 3.1747 0 0 0 0 0 0 2.384 303 47 0 0 0
./complex_md-fit_929.pdb BC A 7.85174 43.6648 -14.011 -7.98031 -14.5858 -22.7715 -1.01711 39.6099 -22.4166 4.68906 6.24654 3.22142 0 0 0 0.993459 2.46637 0 0 0 0 0 0 2.384 303 48 0 0 0
./complex_md-fit_92.pdb BC A 8.77889 41.7767 -10.9384 -8.56646 -14.5787 -23.173 -0.953431 41.319 -22.5406 5.39028 8.31574 3.49777 0 0 0 0.328384 2.96943 0.0226443 0 0 0 0 0 2.384 303 50 0 0 0
./complex_md-fit_930.pdb BC A 7.37832 33.3885 -10.5667 -7.16882 -12.4005 -23.0588 -0.880458 39.5648 -22.2771 4.91984 7.36222 3.0668 0 0 0 0.305233 2.1487 0 0 0 0 0 0 2.384 303 48 0 0 0
./complex_md-fit_931.pdb BC A 7.09177 34.0681 -2.03028 -7.96334 -11.5643 -23.2697 -0.954336 42.0821 -22.6384 10.0388 9.30448 2.68546 0 0 0 0.240715 2.09082 0 0 0 0 0 0.00812331 2.384 303 47 4 4 0
./complex_md-fit_932.pdb BC A 9.37692 44.005 -8.22809 -5.63559 -15.2818 -23.9191 -0.895798 41.3347 -23.3297 9.04218 8.25376 1.8045 0 0 0 0.37221 2.67152 0.0248943 0 0 0 0 0.0016939 2.384 303 50 2 2 0
./complex_md-fit_933.pdb BC A 7.03932 28.456 -10.1031 -7.00066 -11.3499 -24.5878 -0.89093 42.973 -24.289 3.14116 8.35778 3.15373 0 0 0 0.388357 2.45239 0 0 0 0 0 0.0012787 2.384 303 51 0 0 0
./complex_md-fit_934.pdb BC A 7.43707 37.4435 -11.0691 -6.34328 -11.9072 -22.9217 -0.845225 39.1578 -22.3414 2.85681 7.17086 2.83326 0 0 0 1.25202 2.29687 0 0 0 0 0 0.0189336 2.384 303 50 0 0 0
./complex_md-fit_935.pdb BC A 7.65553 27.4149 -13.6356 -6.77504 -13.8559 -21.9535 -0.926625 36.698 -21.5371 4.10717 7.30573 2.9429 0 0 0 0.358671 2.21707 -1.11022e-16 0 0 0 0 0 2.384 303 47 0 0 0
./complex_md-fit_936.pdb BC A 6.90872 29.5994 -14.2686 -6.57169 -15.2243 -24.8847 -0.971047 42.9454 -24.4636 5.34042 7.21039 1.9036 0 0 0 0.43488 2.26175 -5.55112e-17 0 0 0 0 0.0121668 2.384 303 54 0 0 0
./complex_md-fit_937.pdb BC A 7.06049 31.5234 -15.707 -5.58656 -14.7694 -21.6647 -0.832753 36.4931 -21.3053 2.53748 6.7164 2.49835 0 0 0 0.196455 2.27535 0 0 0 0 0 0.00991011 2.384 303 48 0 0 0
./complex_md-fit_938.pdb BC A 9.64276 27.5822 -18.3101 -7.98916 -16.0691 -23.5506 -1.04738 39.5789 -23.3499 3.11586 7.0007 3.7247 0 0 0 0.273687 3.69618 0 0 0 0 0 0.00220193 2.384 303 49 0 0 0
./complex_md-fit_939.pdb BC A 8.81578 26.3421 -9.74551 -6.63398 -14.115 -25.6054 -0.717435 45.7066 -24.9398 6.67592 6.97841 2.61388 0 0 0 0.272539 2.84172 0 0 0 0 0 0.0187469 2.384 303 50 1 1 0
./complex_md-fit_93.pdb BC A 5.99502 27.0835 -8.11538 -6.38879 -11.2523 -23.0174 -1.17313 40.551 -22.8817 5.13985 7.79232 2.7083 0 0 0 0.406326 2.63769 0 0 0 0 0 0 2.384 303 48 1 1 0
./complex_md-fit_940.pdb BC A 10.4131 28.3802 -3.95017 -6.41232 -12.5062 -23.229 -0.767196 40.9406 -23.1376 8.70912 9.1017 2.9649 0 0 0 0.379042 2.21067 0 0 0 0 0 0.00681176 2.384 303 49 1 1 0
./complex_md-fit_941.pdb BC A 7.29753 31.0633 -8.74221 -7.65189 -12.1517 -23.3099 -0.923919 41.0475 -22.9924 5.61359 8.59117 2.85108 0 0 0 0.172997 2.70456 0 0 0 0 0 0.0111908 2.384 303 51 1 1 0
./complex_md-fit_942.pdb BC A 9.17996 30.5645 -12.2079 -5.0882 -14.167 -23.1476 -1.05832 39.6789 -23.1682 3.98474 7.36263 3.23928 0 0 0 0.138512 3.5836 0 0 0 0 0 0.0172869 2.384 303 48 0 0 0
./complex_md-fit_943.pdb BC A 7.33438 33.2851 -13.3229 -5.05236 -13.0544 -21.6002 -0.921658 35.007 -21.3806 3.45729 6.50642 3.07036 0 0 0 0.637915 2.4561 0 0 0 0 0 0.00739377 2.384 303 48 1 1 0
./complex_md-fit_944.pdb BC A 8.86318 29.6332 -13.2804 -5.72178 -14.0479 -22.9381 -0.860307 38.3723 -23.2359 3.10488 8.71249 3.18799 0 0 0 0.125004 2.46441 0.0208275 0 0 0 0 0 2.384 303 50 0 0 0
./complex_md-fit_945.pdb BC A 11.1647 35.4073 -11.8283 -6.8334 -14.0045 -24.3944 -1.01379 41.8287 -23.9264 5.70149 7.05048 2.86878 0 0 0 0.888717 3.09941 0 0 0 0 0 0.00603338 2.384 303 53 0 0 0
./complex_md-fit_946.pdb BC A 7.76268 27.8891 -11.9171 -6.40878 -15.1147 -24.0091 -1.09925 40.4082 -23.6526 6.25802 7.95258 3.08589 0 0 0 0.633698 2.3129 0 0 0 0 0 0.0288779 2.384 303 52 2 2 0
./complex_md-fit_947.pdb BC A 6.54153 24.8528 -12.0809 -6.51617 -16.0557 -23.4129 -0.897305 41.195 -22.9233 3.64324 9.28956 2.92108 0 0 0 0.665854 2.3163 -2.77556e-17 0 0 0 0 0.00966659 2.384 303 49 0 0 0
./complex_md-fit_948.pdb BC A 8.97003 33.2252 -13.4676 -7.02351 -14.9552 -21.8281 -1.01099 36.7076 -21.3417 4.46439 7.84324 3.11635 0 0 0 0.555204 2.49956 0 0 0 0 0 0.00511719 2.384 303 47 1 1 0
./complex_md-fit_949.pdb BC A 9.50613 34.9441 -15.4787 -5.57579 -14.9078 -21.2414 -0.838789 35.9919 -20.6724 2.14269 7.21876 1.88397 0 0 0 0.494251 2.8505 0.0258756 0 0 0 0 0 2.384 303 50 0 0 0
./complex_md-fit_94.pdb BC A 7.38851 32.3387 -14.0127 -8.48397 -14.2784 -22.8432 -1.01931 40.2562 -22.3951 3.51426 7.22922 3.83154 0 0 0 0.153622 2.81785 0.022374 0 0 0 0 0 2.384 303 49 0 0 0
./complex_md-fit_950.pdb BC A 7.59835 37.3825 -11.1832 -6.30856 -11.9031 -21.1729 -1.03132 34.7252 -20.9369 5.2943 6.58074 2.98895 0 0 0 0.560559 2.04013 0.0198851 0 0 0 0 0 2.384 303 47 1 1 0
./complex_md-fit_951.pdb BC A 9.43555 30.9784 -11.2507 -6.96965 -11.8998 -22.5753 -0.872136 38.0226 -22.7362 4.41651 7.18803 3.67938 0 0 0 0.484454 2.1786 0 0 0 0 0 0.0113388 2.384 303 49 2 2 0
./complex_md-fit_952.pdb BC A 6.8916 41.9058 -7.08874 -5.89438 -12.8789 -21.9302 -0.963345 37.6849 -21.896 7.37262 8.06502 2.793 0 0 0 0.558658 2.10665 0 0 0 0 0 0 2.384 303 48 3 3 0
./complex_md-fit_953.pdb BC A 9.08522 34.1669 -14.7076 -8.26992 -12.6273 -23.4179 -0.812467 38.3651 -23.8941 4.9217 7.7419 2.96343 0 0 0 0.321934 2.6486 0 0 0 0 0 0 2.384 303 50 0 0 0
./complex_md-fit_954.pdb BC A 10.089 34.9948 -8.8561 -6.30969 -14.3283 -22.8966 -1.11478 38.3153 -22.8646 7.08571 8.08368 4.86707 0 0 0 0.293531 2.5433 0 0 0 0 0 0.0126614 2.384 303 49 3 3 0
./complex_md-fit_955.pdb BC A 9.33323 28.9839 -11.5403 -5.71914 -13.4987 -22.2956 -0.912438 37.2377 -22.2595 4.7741 7.74573 3.11376 0 0 0 0.273828 2.26693 0 0 0 0 0 0 2.384 303 48 0 0 0
./complex_md-fit_956.pdb BC A 9.91162 33.1003 -10.0447 -5.6772 -13.263 -21.7028 -0.936399 37.7718 -21.1513 3.72605 7.3682 3.07327 0 0 0 0.746781 1.99861 1.11022e-16 0 0 0 0 0 2.384 303 50 0 0 0
./complex_md-fit_957.pdb BC A 7.99511 33.0861 -11.1734 -6.12953 -13.0381 -21.844 -0.827627 37.8826 -21.8722 3.11739 7.65131 3.47532 0 0 0 0.411419 3.19725 0 0 0 0 0 0 2.384 303 49 0 0 0
./complex_md-fit_958.pdb BC A 6.59867 30.3308 -12.2127 -8.87663 -13.9058 -22.5569 -0.814479 40.059 -21.8096 2.28717 9.27273 3.97958 0 0 0 0.163342 2.25088 -0.0110076 0 0 0 0 0 2.384 303 48 0 0 0
./complex_md-fit_959.pdb BC A 7.81561 24.8544 -9.71353 -5.78834 -13.5004 -22.7371 -0.951048 39.141 -22.5958 6.26134 6.95733 3.17843 0 0 0 0.28936 2.52536 0 0 0 0 0 0.0317565 2.384 303 51 1 1 0
./complex_md-fit_95.pdb BC A 8.44035 35.0247 -6.19575 -7.99862 -11.4475 -23.4506 -0.905213 41.6535 -22.7219 6.47544 8.69019 3.0991 0 0 0 0.409861 2.26137 0 0 0 0 0 0 2.384 303 47 1 1 0
./complex_md-fit_960.pdb BC A 7.6629 30.2363 -9.32547 -6.07557 -12.0454 -22.0604 -0.758576 37.5087 -21.6275 5.22578 7.14006 3.27254 0 0 0 0.0949189 2.10795 0 0 0 0 0 0 2.384 303 48 1 1 0
./complex_md-fit_961.pdb BC A 7.02675 29.1228 -10.2359 -7.2014 -13.7701 -22.0212 -0.969908 38.4464 -21.2965 3.63833 8.44018 3.75459 0 0 0 0.743825 2.10991 0 0 0 0 0 0 2.384 303 46 0 0 0
./complex_md-fit_962.pdb BC A 6.23071 33.8808 -11.4705 -6.54908 -12.6872 -22.1935 -1.05656 38.5512 -22.1914 3.75292 7.39559 2.67092 0 0 0 0.836658 2.06085 -5.55112e-17 0 0 0 0 0 2.384 303 48 0 0 0
./complex_md-fit_963.pdb BC A 10.1789 24.5687 -9.13067 -8.43666 -12.4789 -23.7283 -0.787753 42.0063 -23.3068 5.7868 7.34573 4.31607 0 0 0 0.132144 2.07085 0.0206942 0 0 0 0 0 2.384 303 49 0 0 0
./complex_md-fit_964.pdb BC A 9.31032 29.1168 -10.8945 -6.65688 -12.5224 -22.4836 -1.01996 38.392 -22.6939 4.22685 7.24989 4.01643 0 0 0 0.586705 2.31065 0 0 0 0 0 0.0104229 2.384 303 47 0 0 0
./complex_md-fit_965.pdb BC A 7.16061 34.241 -15.3642 -6.77572 -14.34 -21.7824 -0.935992 35.9116 -21.5393 3.54955 6.51953 3.34227 0 0 0 0.665824 2.42753 0.0205248 0 0 0 0 0 2.384 303 45 1 1 0
./complex_md-fit_966.pdb BC A 6.77042 33.5036 -9.60389 -4.58041 -12.5272 -21.2218 -0.954702 35.6343 -20.7739 5.20573 5.9517 3.26931 0 0 0 0.376105 3.3545 0 0 0 0 0 0.0169567 2.384 303 46 2 2 0
./complex_md-fit_967.pdb BC A 8.90114 40.1726 -15.043 -6.49299 -15.6367 -23.3557 -1.08804 38.5818 -23.4274 4.72451 7.97668 3.1063 0 0 0 0.568599 2.33281 0 0 0 0 0 0 2.384 303 46 1 1 0
./complex_md-fit_968.pdb BC A 8.53023 36.5221 -9.95773 -6.6887 -12.8594 -22.8064 -1.00682 38.415 -22.6834 4.68861 8.39317 4.09253 0 0 0 0.497663 2.85002 -1.38778e-17 0 0 0 0 0 2.384 303 46 1 1 0
./complex_md-fit_969.pdb BC A 10.4844 34.5361 -9.72781 -4.40439 -12.0782 -21.8497 -0.876984 35.9846 -21.9366 3.59733 7.37212 3.68934 0 0 0 0.774693 1.99643 0 0 0 0 0 0 2.384 303 45 0 0 0
./complex_md-fit_96.pdb BC A 7.82394 28.6387 -8.1064 -6.9264 -11.8375 -23.2606 -0.878919 40.3043 -23.2658 6.08239 8.13496 3.29443 0 0 0 0.206286 2.25389 0.0404088 0 0 0 0 0 2.384 303 50 1 1 0
./complex_md-fit_970.pdb BC A 6.9683 28.8352 -10.1662 -3.23366 -14.3848 -22.9534 -1.00939 37.9158 -22.8711 5.56609 6.81175 3.33058 0 0 0 0.656918 2.36842 0.00506858 0 0 0 0 0 2.384 303 47 2 2 0
./complex_md-fit_971.pdb BC A 9.75734 27.9393 -10.6901 -6.30477 -13.6223 -22.7346 -1.10872 37.7681 -22.8249 4.56097 8.56343 4.29978 0 0 0 0.712919 1.98362 0 0 0 0 0 0 2.384 303 49 2 2 0
./complex_md-fit_972.pdb BC A 7.22436 34.1854 -9.13993 -4.13212 -12.8367 -22.1612 -1.07754 38.0729 -22.071 4.3048 6.88854 3.7014 0 0 0 0.120171 2.1569 0 0 0 0 0 0.0508542 2.384 303 47 2 2 0
./complex_md-fit_973.pdb BC A 7.11909 35.9004 -8.22576 -5.27316 -10.4353 -22.7832 -0.94199 37.3775 -22.9446 6.12013 6.90334 3.30794 0 0 0 0.435864 2.58406 0 0 0 0 0 0.00772302 2.384 303 48 2 2 0
./complex_md-fit_974.pdb BC A 6.87941 33.7677 -9.71362 -4.04839 -13.1111 -22.3596 -1.01859 38.7809 -21.7934 4.19685 5.66189 3.22675 0 0 0 0.748532 3.32364 0 0 0 0 0 0.00247734 2.384 303 47 0 0 0
./complex_md-fit_975.pdb BC A 9.46971 33.5517 -14.8989 -6.69968 -15.6374 -22.4413 -1.049 38.9002 -22.0986 4.64321 5.83882 3.42915 0 0 0 0.209557 3.48467 0 0 0 0 0 0.00611728 2.384 303 50 2 2 0
./complex_md-fit_976.pdb BC A 6.9559 29.3433 -5.46783 -4.9733 -10.2085 -21.9779 -1.05125 37.6743 -21.7282 5.96777 6.2717 4.30399 0 0 0 0.253504 1.81061 -1.11022e-16 0 0 0 0 0 2.384 303 50 0 0 0
./complex_md-fit_977.pdb BC A 7.23144 38.5149 -2.54203 -5.31463 -8.16868 -21.8209 -0.98242 37.24 -22.2662 6.68525 7.15592 4.64449 0 0 0 0.285148 3.15329 0 0 0 0 0 0 2.384 303 44 1 1 0
./complex_md-fit_978.pdb BC A 8.42514 30.7214 -0.151973 -4.72232 -9.51851 -22.7848 -1.02482 40.3193 -22.6202 9.64297 7.15605 2.84935 0 0 0 0.528583 2.75871 0.019717 0 0 0 0 0.00269938 2.384 303 49 2 2 0
./complex_md-fit_979.pdb BC A 9.96463 34.4197 -14.7231 -5.4123 -16.0834 -22.3666 -1.01346 36.0411 -22.1677 5.26867 7.61314 2.6827 0 0 0 0.714646 2.38316 0 0 0 0 0 0 2.384 303 49 2 2 0
./complex_md-fit_97.pdb BC A 8.95941 30.6976 -12.4899 -6.74393 -13.0462 -21.9067 -0.897517 37.4525 -21.6724 4.35958 6.50118 2.79285 0 0 0 0.628237 1.97511 0.0423748 0 0 0 0 0 2.384 303 46 1 1 0
./complex_md-fit_980.pdb BC A 10.3717 34.9212 -7.88368 -4.5071 -11.6889 -21.7689 -1.09336 37.2403 -21.288 5.94459 6.09222 2.96447 0 0 0 0.200935 2.33566 0.0201554 0 0 0 0 0 2.384 303 48 1 1 0
./complex_md-fit_981.pdb BC A 7.76624 34.7613 -16.17 -7.15366 -14.7738 -21.8426 -1.09173 35.6889 -21.7788 2.60897 9.31171 2.62848 0 0 0 0.232492 1.71691 0 0 0 0 0 0 2.384 303 49 0 0 0
./complex_md-fit_982.pdb BC A 8.01354 33.2647 -13.56 -5.10124 -12.9601 -22.0175 -1.21706 37.6628 -21.1874 1.96632 6.42382 2.64979 0 0 0 0.187588 2.53669 0.0330465 0 0 0 0 0 2.384 303 49 0 0 0
./complex_md-fit_983.pdb BC A 8.74266 34.0853 -10.9662 -6.16577 -12.057 -22.196 -1.06128 36.4707 -22.133 3.86818 7.22279 4.95075 0 0 0 0.112524 2.35539 0.0218729 0 0 0 0 0 2.384 303 48 0 0 0
./complex_md-fit_984.pdb BC A 11.2188 33.013 -8.294 -5.58001 -11.2754 -22.2234 -1.06506 36.6407 -22.1428 5.94266 6.55744 4.28393 0 0 0 0.567938 2.05733 0 0 0 0 0 0 2.384 303 48 2 2 0
./complex_md-fit_985.pdb BC A 8.10884 34.6231 -10.8545 -7.34179 -13.2165 -22.6245 -1.03666 39.852 -22.191 4.32797 7.21101 3.32968 0 0 0 0.791894 2.50954 0.0433566 0 0 0 0 0 2.384 303 46 0 0 0
./complex_md-fit_986.pdb BC A 9.54739 33.337 -13.1311 -8.01536 -13.2529 -23.4937 -0.910026 38.3429 -23.4322 6.32164 8.02107 3.13308 0 0 0 0.129279 2.51471 0.0252955 0 0 0 0 0 2.384 303 51 1 1 0
./complex_md-fit_987.pdb BC A 6.16658 24.3289 -7.60853 -5.42944 -11.3611 -21.951 -0.912864 37.273 -21.7594 5.60997 7.29067 3.53638 0 0 0 0.0952094 2.2214 1.11022e-16 0 0 0 0 0 2.384 303 49 2 2 0
./complex_md-fit_988.pdb BC A 8.03458 31.8457 -11.4455 -6.36055 -10.6017 -23.7598 -0.793201 39.4552 -24.3458 5.42516 6.71032 2.55044 0 0 0 0.251765 2.30313 0.0224878 0 0 0 0 0 2.384 303 49 1 1 0
./complex_md-fit_989.pdb BC A 8.48545 34.4798 -16.1149 -6.07769 -16.7645 -24.2254 -1.06221 40.1418 -24.1666 3.59801 8.14228 3.9309 0 0 0 0.368351 3.31548 0 0 0 0 0 0 2.384 303 50 0 0 0
./complex_md-fit_98.pdb BC A 10.4799 33.4694 -10.177 -7.09912 -13.0429 -22.5216 -1.04814 39.0335 -22.5626 5.74425 6.91793 3.92349 0 0 0 0.487964 2.93473 -0.00978672 0 0 0 0 0 2.384 303 49 1 1 0
./complex_md-fit_990.pdb BC A 5.8724 40.5165 -11.8399 -8.31381 -13.5461 -23.6231 -0.941607 39.8855 -23.6082 5.84996 8.94495 2.93297 0 0 0 0.558111 2.39865 0.0214624 0 0 0 0 0 2.384 303 50 2 2 0
./complex_md-fit_991.pdb BC A 8.51671 34.7053 -13.4732 -7.78719 -12.7334 -23.0138 -0.83248 38.5169 -22.9179 3.8112 7.52366 3.79484 0 0 0 0.164979 2.29222 0 0 0 0 0 0 2.384 303 49 0 0 0
./complex_md-fit_992.pdb BC A 9.29382 39.4288 -10.8703 -6.95758 -13.4288 -22.6183 -0.921264 39.4676 -21.5601 3.35994 8.18362 2.61632 0 0 0 0.988399 2.54438 1.11022e-16 0 0 0 0 0 2.384 303 50 0 0 0
./complex_md-fit_993.pdb BC A 9.04527 31.9092 -17.3051 -7.80531 -15.5273 -23.3086 -1.04212 38.4561 -23.0759 3.39849 8.07621 2.85792 0 0 0 0.665372 2.41673 0 0 0 0 0 0 2.384 303 49 0 0 0
./complex_md-fit_994.pdb BC A 10.4894 30.7304 -6.66715 -5.18109 -12.3825 -22.4843 -0.955218 38.4205 -22.3451 6.06657 8.97747 2.97686 0 0 0 0.239649 1.95418 0 0 0 0 0 0 2.384 303 49 1 1 0
./complex_md-fit_995.pdb BC A 9.53052 42.3826 -11.9623 -4.96571 -13.9691 -23.0393 -0.853967 38.7643 -22.4269 4.58865 6.75539 2.93541 0 0 0 0.219566 3.61825 0.0294454 0 0 0 0 0 2.384 303 49 0 0 0
./complex_md-fit_996.pdb BC A 6.61281 41.4167 -13.0648 -8.85954 -12.2024 -22.3293 -1.06407 38.5689 -22.2426 4.32928 7.72556 2.52336 0 0 0 0.4603 2.16213 0.0251982 0 0 0 0 0.000491629 2.384 303 49 0 0 0
./complex_md-fit_997.pdb BC A 7.75593 34.8442 -11.6363 -8.59368 -12.9461 -22.8324 -1.17605 39.6508 -22.3653 4.76274 7.10472 3.99888 0 0 0 0.760065 2.22868 0 0 0 0 0 0 2.384 303 50 1 1 0
./complex_md-fit_998.pdb BC A 7.55911 32.4525 -17.1277 -7.54618 -14.8116 -23.7899 -1.05915 39.0212 -23.8374 4.28436 6.85941 3.4057 0 0 0 0.337861 2.55224 0 0 0 0 0 0.00799161 2.384 303 52 0 0 0
./complex_md-fit_999.pdb BC A 8.94621 33.907 -10.6894 -7.275 -14.2319 -23.0023 -1.0225 40.0538 -22.4945 4.69941 8.62465 3.50346 0 0 0 0.455432 3.39411 0 0 0 0 0 0 2.384 303 47 0 0 0
./complex_md-fit_99.pdb BC A 7.2803 33.1336 -13.3194 -8.23266 -15.1124 -23.6513 -1.14279 40.2818 -23.3469 4.82035 9.02994 3.67484 0 0 0 0.33978 2.53507 0.0199171 0 0 0 0 0 2.384 303 50 1 1 0
./complex_md-fit_9.pdb BC A 7.67967 38.3522 -8.13032 -9.07899 -13.09 -24.7254 -1.15046 44.0207 -24.3225 7.60507 9.401 2.67121 0 0 0 0.462373 3.65652 0.0765598 0 0 0 0 0 2.384 303 51 2 2 0
