./complex_md-fit_1000.pdb BC A 7.6856 37.6354 -12.2964 -6.6262 -12.626 -23.8173 -1.20939 41.3906 -23.6746 4.87067 7.85074 1.27064 0 0 0 0.260197 2.79725 0.014309 0 0 0 0 0 2.384 303 52 1 1 0
./complex_md-fit_1001.pdb BC A 7.09384 39.8884 -11.6732 -7.45638 -14.7927 -22.208 -1.14366 38.8924 -21.7723 3.68751 8.66011 4.06349 0 0 0 0.345934 2.37838 0.037717 0 0 0 0 0.0127583 2.384 303 48 0 0 0
./complex_md-fit_100.pdb BC A 9.53603 42.0219 -10.6251 -7.05724 -11.3726 -22.094 -0.967106 38.065 -22.2397 6.28181 5.34933 2.8945 0 0 0 0.492864 2.31831 0.0220762 0 0 0 0 0 2.384 303 51 0 0 0
./complex_md-fit_101.pdb BC A 8.52086 31.2976 -11.0112 -6.33103 -10.6161 -20.5657 -0.768536 35.017 -20.4416 3.76288 6.35269 2.27903 0 0 0 0.292949 1.59174 0 0 0 0 0 0.0072552 2.384 303 48 1 1 0
./complex_md-fit_102.pdb BC A 8.29833 32.4539 -14.87 -7.95951 -11.7267 -21.7826 -0.799852 36.2684 -21.8845 3.80055 6.00409 2.54969 0 0 0 0.660522 1.87724 0 0 0 0 0 0 2.384 303 50 0 0 0
./complex_md-fit_103.pdb BC A 7.52531 31.4562 -11.7087 -7.9186 -9.39856 -21.1808 -0.953299 36.5174 -20.6722 3.72559 6.79903 1.21774 0 0 0 0.171009 2.69748 -0.0159127 0 0 0 0 0 2.384 303 49 1 1 0
./complex_md-fit_104.pdb BC A 8.24797 28.6014 -17.1031 -9.59326 -14.5129 -21.6282 -1.07343 37.7017 -21.6245 1.61717 8.7509 2.71784 0 0 0 0.520285 1.51217 0.0212686 0 0 0 0 0 2.384 303 57 0 0 0
./complex_md-fit_105.pdb BC A 7.76117 38.0359 -8.02899 -7.77185 -16.523 -23.0522 -1.09311 42.1716 -22.5675 8.15696 9.01791 2.98051 0 0 0 0.646619 2.51654 0 0 0 0 0 0.00501674 2.384 303 50 2 2 0
./complex_md-fit_106.pdb BC A 11.5196 29.2038 -9.80639 -5.93437 -13.6567 -23.2589 -0.912903 40.0825 -23.3299 6.69262 7.61245 2.51583 0 0 0 0.382439 1.76599 0 0 0 0 0 0.000565067 2.384 303 55 3 3 0
./complex_md-fit_107.pdb BC A 8.76276 32.9586 -14.6314 -10.1056 -15.5046 -22.8327 -1.06871 38.7056 -22.6824 6.69791 9.06763 2.82631 0 0 0 0.265324 2.32212 0 0 0 0 0 0 2.384 303 50 2 2 0
./complex_md-fit_108.pdb BC A 7.07442 32.8488 -7.14839 -7.55892 -11.324 -21.9276 -1.06315 39.3025 -21.6972 4.82586 9.05977 2.77268 0 0 0 0.409372 1.96826 0.0522465 0 0 0 0 0 2.384 303 51 0 0 0
./complex_md-fit_109.pdb BC A 7.19288 37.6388 -13.4202 -6.62686 -15.1636 -22.1108 -1.20346 39.4777 -21.5799 3.58264 6.91703 2.52605 0 0 0 0.747897 2.07406 -0.0192701 0 0 0 0 0.0324613 2.384 303 51 0 0 0
./complex_md-fit_10.pdb BC A 6.5272 34.2085 -21.7053 -7.46367 -17.9476 -24.5446 -1.11969 41.088 -24.4291 2.109 8.28145 2.12082 0 0 0 0.20018 2.45115 0 0 0 0 0 0 2.384 303 52 0 0 0
./complex_md-fit_110.pdb BC A 12.1956 34.8249 -12.6449 -8.59203 -17.1263 -22.6447 -1.16569 40.7666 -22.3729 4.83312 10.6561 2.45174 0 0 0 0.549214 2.3871 -1.11022e-16 0 0 0 0 0 2.384 303 50 0 0 0
./complex_md-fit_111.pdb BC A 7.28358 43.2738 -11.2984 -7.47526 -11.3828 -22.1873 -0.757608 37.9516 -22.2302 3.98757 7.25794 3.20883 0 0 0 0.252147 2.09195 0.0766724 0 0 0 0 0 2.384 303 49 0 0 0
./complex_md-fit_112.pdb BC A 8.76635 38.1697 -12.1689 -6.61506 -15.6316 -22.3721 -0.989488 40.5233 -22.232 3.78092 9.52652 1.292 0 0 0 0.561028 1.66587 -0.0124575 0 0 0 0 0 2.384 303 51 0 0 0
./complex_md-fit_113.pdb BC A 7.78743 37.4749 -11.7188 -6.4782 -9.79741 -21.8611 -0.634067 38.3141 -21.9948 2.2957 6.8591 1.4317 0 0 0 0.160577 1.52103 -0.0142985 0 0 0 0 0 2.384 303 45 0 0 0
./complex_md-fit_114.pdb BC A 6.80928 29.4774 -7.53247 -5.97844 -10.0859 -20.371 -0.49598 36.3805 -20.1319 5.35488 4.71286 2.13591 0 0 0 0.946575 1.43509 0 0 0 0 0 0 2.384 303 46 0 0 0
./complex_md-fit_115.pdb BC A 7.24075 31.5299 -8.69488 -6.05324 -10.1324 -22.3822 -0.73223 40.0007 -22.4591 4.78068 6.06083 1.61775 0 0 0 0.584728 2.25234 0.00486819 0 0 0 0 0.0145822 2.384 303 50 0 0 0
./complex_md-fit_116.pdb BC A 11.1026 30.1476 -13.6173 -7.13548 -13.297 -21.7217 -1.01565 39.6284 -21.1161 2.65827 6.35974 1.83037 0 0 0 0.200069 1.96752 -0.00825749 0 0 0 0 0 2.384 303 50 0 0 0
./complex_md-fit_117.pdb BC A 7.14064 23.2289 -13.6261 -6.88635 -12.2286 -22.911 -0.994174 39.1968 -23.203 3.43395 6.91736 2.5815 0 0 0 0.466865 1.88668 -0.0055148 0 0 0 0 0.00606547 2.384 303 52 0 0 0
./complex_md-fit_118.pdb BC A 9.72437 36.0488 -13.8871 -10.1797 -14.4895 -23.1811 -0.839763 40.98 -23.0127 4.92179 8.67299 2.80922 0 0 0 0.438859 2.33206 -0.0294354 0 0 0 0 0.0221834 2.384 303 52 0 0 0
./complex_md-fit_119.pdb BC A 6.54329 40.3435 -11.6053 -6.58399 -13.0633 -22.2354 -0.760718 40.4494 -21.86 2.11821 8.48548 1.51038 0 0 0 0.28673 1.75733 0.0205223 0 0 0 0 0.0273132 2.384 303 47 0 0 0
./complex_md-fit_11.pdb BC A 6.77786 32.3383 -9.39118 -5.84937 -14.7692 -23.1397 -1.12652 40.4381 -22.6291 6.90162 8.43136 1.75341 0 0 0 0.588215 2.25456 -2.77556e-17 0 0 0 0 0.00998385 2.384 303 50 0 0 0
./complex_md-fit_120.pdb BC A 8.25452 34.2039 -18.6442 -8.48907 -15.9596 -21.8709 -1.00867 37.6241 -22.0349 2.20581 8.40852 2.10954 0 0 0 0.371313 1.69957 -0.000417312 0 0 0 0 0 2.384 303 47 0 0 0
./complex_md-fit_121.pdb BC A 7.48863 38.475 -14.5657 -8.51942 -13.6749 -22.675 -1.08305 39.8855 -22.3001 2.84038 8.19095 2.39035 0 0 0 0.37392 2.0931 0 0 0 0 0 0.00572799 2.384 303 48 0 0 0
./complex_md-fit_122.pdb BC A 5.9666 28.3241 -14.4705 -9.27547 -15.753 -23.8803 -1.08402 42.3035 -24.0861 4.88797 9.61168 2.33401 0 0 0 0.471094 2.11802 0 0 0 0 0 0 2.384 303 50 2 2 0
./complex_md-fit_123.pdb BC A 6.91115 33.631 -10.1698 -7.70662 -17.0898 -22.0907 -1.25385 40.2763 -21.7159 5.32213 11.0228 2.64352 0 0 0 0.422406 1.80464 0 0 0 0 0 0 2.384 303 50 2 2 0
./complex_md-fit_124.pdb BC A 7.37821 37.0058 -13.488 -7.25299 -13.5632 -21.8348 -0.819314 38.6332 -21.703 3.47763 6.75278 2.17387 0 0 0 0.647886 2.99819 -2.77556e-17 0 0 0 0 0 2.384 303 46 0 0 0
./complex_md-fit_125.pdb BC A 7.37679 33.5183 -18.2251 -8.03045 -15.6754 -22.5841 -1.05942 38.4233 -22.9005 1.10747 8.87882 3.16589 0 0 0 0.449303 1.81231 0 0 0 0 0 0 2.384 303 48 0 0 0
./complex_md-fit_126.pdb BC A 8.00106 39.4275 -16.3624 -8.23391 -15.1133 -22.8809 -1.0584 38.1745 -23.0709 4.81419 7.37625 2.85716 0 0 0 0.772976 2.31734 0 0 0 0 0 0 2.384 303 51 1 1 0
./complex_md-fit_127.pdb BC A 11.0567 34.6668 -19.9698 -8.61029 -19.4991 -22.659 -1.21929 39.0567 -22.7299 3.86931 9.40557 1.94398 0 0 0 0.466781 2.67438 1.11022e-16 0 0 0 0 0.0053425 2.384 303 50 1 1 0
./complex_md-fit_128.pdb BC A 7.06742 42.3922 -15.6992 -8.5191 -15.9954 -23.0697 -1.20676 40.482 -23.4088 4.15319 8.31459 3.33705 0 0 0 0.21388 2.07736 0 0 0 0 0 0 2.384 303 50 0 0 0
./complex_md-fit_129.pdb BC A 6.88915 32.7627 -18.1529 -10.6679 -14.7498 -24.8273 -1.21638 42.838 -24.8799 4.16991 8.43627 2.41249 0 0 0 0.339929 2.14347 -0.00816067 0 0 0 0 0 2.384 303 50 0 0 0
./complex_md-fit_12.pdb BC A 5.54005 31.7119 -9.84542 -4.88117 -15.0577 -21.4061 -1.0369 37.2899 -20.8754 4.47875 8.93687 2.56334 0 0 0 0.142924 2.16582 2.77556e-17 0 0 0 0 0 2.384 303 52 1 1 0
./complex_md-fit_130.pdb BC A 7.73188 30.3922 -17.2908 -7.72606 -15.8319 -23.3773 -1.09099 40.4605 -23.6027 3.7733 7.85614 1.78216 0 0 0 0.466073 2.14168 0 0 0 0 0 0 2.384 303 50 1 1 0
./complex_md-fit_131.pdb BC A 7.96729 34.4117 -19.0767 -10.584 -17.9135 -23.4062 -1.10951 40.6982 -23.2661 3.51604 10.2382 2.57297 0 0 0 0.205173 2.15863 -0.0279524 0 0 0 0 0 2.384 303 49 1 1 0
./complex_md-fit_132.pdb BC A 7.91916 34.8682 -19.2779 -8.05888 -16.6369 -23.7105 -0.935659 39.9361 -24.0002 2.12221 7.52706 4.03657 0 0 0 0.442276 2.01829 0 0 0 0 0 0 2.384 303 51 0 0 0
./complex_md-fit_133.pdb BC A 8.05814 35.6959 -12.9549 -7.19423 -14.5997 -23.296 -1.28843 41.8285 -23.687 4.78557 8.15181 1.95615 0 0 0 0.402166 2.29679 -0.0136912 0 0 0 0 0 2.384 303 49 0 0 0
./complex_md-fit_134.pdb BC A 7.33651 37.3344 -13.4929 -6.97016 -12.9508 -22.6324 -0.990127 39.3402 -22.6352 4.08484 6.47616 2.28182 0 0 0 0.52747 1.91595 -0.0313562 0 0 0 0 0.00665239 2.384 303 51 1 1 0
./complex_md-fit_135.pdb BC A 10.8125 31.4176 -16.3259 -8.89718 -14.6431 -22.8373 -1.20727 38.1426 -23.4225 4.59164 8.96442 2.42337 0 0 0 0.559453 2.72796 0 0 0 0 0 0 2.384 303 49 1 1 0
./complex_md-fit_136.pdb BC A 8.11532 26.808 -16.3499 -8.41745 -13.4519 -23.3857 -0.996308 40.0983 -24.2754 3.34557 8.44199 1.75385 0 0 0 0.537176 2.33513 -5.55112e-17 0 0 0 0 0 2.384 303 49 0 0 0
./complex_md-fit_137.pdb BC A 8.87559 27.8641 -12.4995 -7.89716 -14.5638 -23.9601 -0.956466 42.3892 -23.7639 5.99551 8.54802 1.38852 0 0 0 0.322544 3.08049 -0.011965 0 0 0 0 0.0101418 2.384 303 49 0 0 0
./complex_md-fit_138.pdb BC A 6.34795 33.844 -12.0572 -7.44233 -11.2868 -21.7947 -0.851221 35.8017 -22.3055 5.27935 7.79021 2.53621 0 0 0 0.210603 2.1838 0 0 0 0 0 0.00537097 2.384 303 48 1 1 0
./complex_md-fit_139.pdb BC A 7.96686 35.6784 -15.4444 -9.58912 -14.511 -22.6413 -1.11725 37.9861 -22.9192 5.14405 7.8735 3.89719 0 0 0 0.454549 2.05045 -0.0219001 0 0 0 0 0 2.384 303 47 1 1 0
./complex_md-fit_13.pdb BC A 6.06838 30.3024 -12.1056 -6.49652 -13.745 -22.9406 -1.00054 38.6013 -23.1168 4.74884 7.37946 3.55534 0 0 0 0.819151 2.42441 0.0897306 0 0 0 0 0 2.384 303 48 1 1 0
./complex_md-fit_140.pdb BC A 7.79963 40.0969 -14.4695 -7.77225 -15.8124 -23.4765 -0.971055 40.0492 -23.5036 4.89151 8.72407 2.94959 0 0 0 0.449617 3.15733 0.00221314 0 0 0 0 0 2.384 303 50 1 1 0
./complex_md-fit_141.pdb BC A 8.40536 40.8307 -14.635 -8.99967 -15.9094 -22.9598 -1.15208 38.6922 -22.8431 5.78207 8.49442 3.65489 0 0 0 0.60561 1.81684 0 0 0 0 0 0 2.384 303 51 1 1 0
./complex_md-fit_142.pdb BC A 8.40852 33.0873 -15.7609 -6.45024 -13.7107 -23.1848 -1.02206 40.0118 -23.564 3.67995 6.40684 1.72476 0 0 0 0.360627 1.81529 -0.0131627 0 0 0 0 0 2.384 303 51 0 0 0
./complex_md-fit_143.pdb BC A 7.14273 35.8641 -19.4709 -9.00993 -16.116 -22.3845 -1.03514 37.2018 -22.5354 3.22535 8.04321 1.84168 0 0 0 1.22079 2.71645 0.0771824 0 0 0 0 0 2.384 303 49 0 0 0
./complex_md-fit_144.pdb BC A 8.55513 38.2959 -14.8571 -9.23954 -15.2033 -22.9174 -1.14836 38.8952 -22.9889 5.72726 9.43492 1.86596 0 0 0 0.715123 2.29316 0.00190631 0 0 0 0 0 2.384 303 48 1 1 0
./complex_md-fit_145.pdb BC A 8.10085 37.8819 -12.9706 -7.95669 -11.0541 -21.057 -0.710108 37.096 -21.3467 2.36126 7.0389 2.09253 0 0 0 0.568416 2.18691 -0.0112069 0 0 0 0 0.00807223 2.384 303 46 0 0 0
./complex_md-fit_146.pdb BC A 6.55763 34.4139 -12.7275 -6.97745 -12.8517 -20.9982 -0.979673 36.3897 -20.8561 4.15682 7.09047 2.07746 0 0 0 0.240551 2.16677 -0.024824 0 0 0 0 0.00544374 2.384 303 46 0 0 0
./complex_md-fit_147.pdb BC A 6.053 38.0917 -10.246 -6.15266 -11.8506 -20.5304 -1.07318 36.2263 -20.5694 3.97364 6.79897 2.54494 0 0 0 0.379591 2.568 0 0 0 0 0 0.0067932 2.384 303 48 1 1 0
./complex_md-fit_148.pdb BC A 7.01852 32.8292 -17.4998 -7.74352 -12.0457 -20.6353 -0.869972 33.448 -21.0766 3.68995 5.77664 1.5692 0 0 0 0.380269 1.32274 1.11022e-16 0 0 0 0 0.00725209 2.384 303 46 0 0 0
./complex_md-fit_149.pdb BC A 7.33009 34.2942 -10.4768 -7.475 -11.7283 -21.4696 -1.26463 38.4513 -21.4183 5.36793 6.74389 1.73604 0 0 0 0.57097 1.97155 0 0 0 0 0 0.00888783 2.384 303 48 2 2 0
./complex_md-fit_14.pdb BC A 7.83616 34.5535 -11.5002 -3.98631 -17.2085 -24.7892 -1.29668 44.3039 -24.543 5.28614 7.57112 2.91666 0 0 0 0.245819 3.84752 0 0 0 0 0 0 2.384 303 52 0 0 0
./complex_md-fit_150.pdb BC A 8.40054 27.0116 -16.9866 -9.61965 -15.0351 -21.6519 -1.13686 37.0863 -21.4015 4.42811 7.95267 2.00797 0 0 0 0.421155 1.74025 -0.0440595 0 0 0 0 0.00630582 2.384 303 45 1 1 0
./complex_md-fit_151.pdb BC A 7.41833 34.7245 -15.2201 -6.46373 -11.2181 -20.7458 -0.815969 34.3172 -21.2598 1.63373 7.05085 1.89324 0 0 0 0.388242 2.76239 0 0 0 0 0 0 2.384 303 47 0 0 0
./complex_md-fit_152.pdb BC A 7.06085 33.1181 -13.6341 -7.24127 -10.7175 -21.3186 -0.846994 36.4312 -21.3344 2.786 6.06964 2.00955 0 0 0 0.537735 1.47866 -0.00950523 0 0 0 0 0 2.384 303 47 0 0 0
./complex_md-fit_153.pdb BC A 8.84639 34.1884 -10.2034 -7.92929 -10.7593 -22.9764 -0.910073 39.8073 -23.3827 3.23683 8.44575 3.69371 0 0 0 0.581214 1.5649 -0.0104349 0 0 0 0 0 2.384 303 50 0 0 0
./complex_md-fit_154.pdb BC A 8.90157 30.5625 -12.3643 -6.11424 -12.5491 -21.022 -0.899685 36.3751 -21.4257 3.74657 7.44809 1.86502 0 0 0 0.250975 2.67738 -0.0393233 0 0 0 0 0 2.384 303 49 0 0 0
./complex_md-fit_155.pdb BC A 7.49335 30.1673 -12.8498 -6.27359 -13.7558 -22.1211 -0.988377 37.3047 -22.3049 4.17033 6.98874 3.41648 0 0 0 0.713611 3.23018 0 0 0 0 0 0 2.384 303 45 0 0 0
./complex_md-fit_156.pdb BC A 7.51311 24.6073 -14.5417 -6.86363 -12.4921 -20.1903 -0.862417 34.8027 -20.5109 2.48322 7.08956 1.81326 0 0 0 0.18894 2.55479 1.11022e-16 0 0 0 0 0 2.384 303 48 0 0 0
./complex_md-fit_157.pdb BC A 7.98423 39.7823 -11.8125 -7.19922 -10.8146 -20.4507 -0.884336 36.2925 -20.6904 2.44164 7.40513 1.74155 0 0 0 0.346013 3.14469 0 0 0 0 0 0 2.384 303 44 0 0 0
./complex_md-fit_158.pdb BC A 8.62551 29.5097 -16.5463 -7.86485 -14.2942 -22.0165 -0.900294 38.2805 -22.2057 2.54752 7.11574 2.22121 0 0 0 0.570199 3.12619 0 0 0 0 0 0 2.384 303 51 0 0 0
./complex_md-fit_159.pdb BC A 6.71221 38.203 -13.338 -4.86845 -10.9007 -19.8488 -0.958158 33.4741 -20.321 2.77258 5.78357 1.29013 0 0 0 0.238723 1.55126 6.93889e-18 0 0 0 0 0 2.384 303 51 0 0 0
./complex_md-fit_15.pdb BC A 6.60367 25.6757 -9.6559 -4.56628 -13.6154 -23.1647 -0.967437 40.4848 -23.3401 5.22552 7.05592 2.9556 0 0 0 0.198955 2.11183 0.0772221 0 0 0 0 0 2.384 303 49 1 1 0
./complex_md-fit_160.pdb BC A 6.65149 36.8599 -14.2525 -7.58305 -17.5825 -21.1258 -1.01908 37.9094 -20.9617 4.06408 9.67131 2.31887 0 0 0 0.0560284 1.49828 5.55112e-17 0 0 0 0 0 2.384 303 49 0 0 0
./complex_md-fit_161.pdb BC A 7.4966 37.3041 -5.37144 -4.17165 -12.0023 -22.7642 -1.16923 40.2985 -23.2172 6.1465 6.7683 3.29804 0 0 0 1.40486 2.03999 0.0211924 0 0 0 0 0.0158267 2.384 303 51 2 2 0
./complex_md-fit_162.pdb BC A 6.64713 29.6125 -13.5446 -6.85071 -12.471 -23.3822 -0.889567 39.5939 -23.8171 4.02461 7.00023 2.87525 0 0 0 0.357405 2.26228 0 0 0 0 0 0.0145711 2.384 303 49 1 1 0
./complex_md-fit_163.pdb BC A 6.97091 38.5234 -16.3771 -7.64638 -14.8083 -22.4802 -0.962707 38.2415 -22.4467 1.80914 8.80572 2.44889 0 0 0 0.587378 3.41692 0.0624442 0 0 0 0 0.0121909 2.384 303 50 0 0 0
./complex_md-fit_164.pdb BC A 9.20982 34.0184 -10.0351 -6.76926 -13.7879 -21.2375 -0.914162 37.6044 -21.4979 5.93188 7.30006 2.89424 0 0 0 0.441116 3.45949 0 0 0 0 0 0 2.384 303 50 1 1 0
./complex_md-fit_165.pdb BC A 6.74789 37.0072 -12.6828 -6.98717 -13.4221 -21.3101 -0.834135 37.2789 -21.3139 3.95002 7.05557 2.66328 0 0 0 0.236858 2.15466 0 0 0 0 0 0 2.384 303 48 0 0 0
./complex_md-fit_166.pdb BC A 8.3227 29.6372 -10.6151 -7.86376 -13.4323 -21.6938 -1.0318 38.5151 -21.4494 5.60602 8.42099 1.84786 0 0 0 0.465935 2.1187 0 0 0 0 0 0 2.384 303 48 2 2 0
./complex_md-fit_167.pdb BC A 5.7865 32.3677 -16.0456 -6.99693 -13.5306 -22.5174 -1.12706 39.4034 -22.0469 1.45165 6.8136 2.27203 0 0 0 0.255478 2.01528 -0.022975 0 0 0 0 0 2.384 303 48 0 0 0
./complex_md-fit_168.pdb BC A 7.99456 37.5669 -12.2486 -6.3453 -12.4582 -21.0818 -0.839936 37.8071 -20.7382 2.23156 6.74294 1.61427 0 0 0 0.799005 2.02921 -0.00883249 0 0 0 0 0.0287839 2.384 303 47 0 0 0
./complex_md-fit_169.pdb BC A 8.07116 39.6751 -12.7657 -4.33815 -9.72091 -19.6302 -0.848075 33.2992 -19.5445 2.16616 4.79419 0.969668 0 0 0 0.0898177 2.16172 -0.00950269 0 0 0 0 0.00665194 2.384 303 44 0 0 0
./complex_md-fit_16.pdb BC A 8.82249 36.654 -11.7764 -5.92723 -14.0779 -22.1677 -1.1195 38.9713 -21.9566 3.62916 7.50115 2.8848 0 0 0 0.46282 1.8216 0.0202957 0 0 0 0 0.0029287 2.384 303 50 0 0 0
./complex_md-fit_170.pdb BC A 7.86698 33.6527 -17.2028 -7.78336 -12.2763 -20.8505 -0.931849 34.6144 -21.3151 2.93511 6.39093 1.91845 0 0 0 0.0836051 2.9034 2.77556e-17 0 0 0 0 0.0118977 2.384 303 49 0 0 0
./complex_md-fit_171.pdb BC A 6.04833 38.0913 -12.4782 -4.04009 -12.4961 -20.6549 -1.15283 35.93 -20.9053 4.24808 4.84376 1.52635 0 0 0 0.222838 3.13762 0 0 0 0 0 0 2.384 303 48 1 1 0
./complex_md-fit_172.pdb BC A 11.0792 34.4147 -16.4568 -7.7892 -14.1529 -22.7227 -0.833821 39.3843 -22.7659 2.15537 6.89493 2.68595 0 0 0 0.633924 1.88924 1.11022e-16 0 0 0 0 0.0532906 2.384 303 46 0 0 0
./complex_md-fit_173.pdb BC A 10.286 39.8322 -11.4422 -5.94789 -11.9128 -22.962 -0.920186 38.9609 -23.6197 3.03898 8.42241 2.96075 0 0 0 0.491763 2.80059 -0.00924459 0 0 0 0 0.0547192 2.384 303 49 0 0 0
./complex_md-fit_174.pdb BC A 9.62429 37.0718 -16.2527 -8.56448 -10.5217 -23.7808 -0.945223 39.3537 -24.3803 2.45164 7.23406 2.66524 0 0 0 0.197484 1.67724 -0.00517526 0 0 0 0 0.0427254 2.384 303 50 0 0 0
./complex_md-fit_175.pdb BC A 8.09206 32.7166 -10.3341 -6.9101 -10.1865 -22.6771 -0.886837 39.0053 -23.0007 2.4836 7.86508 3.81214 0 0 0 0.106771 2.40926 -0.00192333 0 0 0 0 0.0561687 2.384 303 51 0 0 0
./complex_md-fit_176.pdb BC A 7.97075 31.6121 -13.6697 -6.07459 -12.1487 -22.2299 -0.906897 38.2695 -22.5986 2.6114 6.75466 2.45193 0 0 0 0.172226 1.94841 -0.0257019 0 0 0 0 0.0549067 2.384 303 52 0 0 0
./complex_md-fit_177.pdb BC A 8.1908 35.3278 -12.0519 -6.92434 -8.67977 -22.5062 -0.640663 38.2842 -23.2198 4.06168 5.16776 2.28009 0 0 0 0.0720708 2.27843 -0.00306845 0 0 0 0 0.0561359 2.384 303 50 0 0 0
./complex_md-fit_178.pdb BC A 8.40624 36.5809 -7.93889 -7.26475 -9.94728 -21.8613 -0.947824 38.1496 -21.7677 4.69903 8.24665 2.59895 0 0 0 0.0774399 2.35285 0.0251947 0 0 0 0 0.053149 2.384 303 49 0 0 0
./complex_md-fit_179.pdb BC A 8.53365 28.4955 -10.4225 -7.21253 -10.2899 -22.9432 -0.886949 38.5163 -23.1735 4.41471 6.95068 3.82284 0 0 0 0.3357 4.13952 -0.00994634 0 0 0 0 0.0533845 2.384 303 52 2 2 0
./complex_md-fit_17.pdb BC A 8.08526 40.4801 -14.2466 -6.89896 -13.8138 -22.4788 -1.16451 38.7819 -22.4524 2.97303 7.68527 2.81091 0 0 0 0.298796 2.29941 0 0 0 0 0 0.012009 2.384 303 48 0 0 0
./complex_md-fit_180.pdb BC A 5.96527 36.3944 -12.5176 -6.74946 -11.6241 -23.2115 -0.785472 39.3052 -23.3933 2.10495 7.91901 3.42494 0 0 0 0.456654 2.66945 0 0 0 0 0 0.0354177 2.384 303 53 0 0 0
./complex_md-fit_181.pdb BC A 6.09363 39.3822 -9.71206 -7.98433 -12.3792 -22.337 -1.00424 39.4346 -21.965 5.64263 7.71622 2.5501 0 0 0 0.551459 2.02205 0 0 0 0 0 0.0626171 2.384 303 49 2 2 0
./complex_md-fit_182.pdb BC A 7.24576 31.003 -13.5218 -7.83012 -14.6816 -23.2497 -0.862783 39.8016 -23.3618 4.69731 7.86954 3.79345 0 0 0 0.25142 2.27109 6.93889e-18 0 0 0 0 0.0508822 2.384 303 46 2 2 0
./complex_md-fit_183.pdb BC A 7.17129 40.2682 -15.543 -8.68802 -14.9461 -22.7483 -0.932276 38.2126 -23.0685 5.42278 7.73637 2.7741 0 0 0 0.647353 2.73648 0 0 0 0 0 0.0470861 2.384 303 49 0 0 0
./complex_md-fit_184.pdb BC A 10.8089 33.3102 -8.28888 -6.96759 -14.9568 -22.3241 -1.12313 40.7451 -21.584 3.90236 11.2186 2.38599 0 0 0 0.361179 1.77079 -1.11022e-16 0 0 0 0 0.0534935 2.384 303 50 0 0 0
./complex_md-fit_185.pdb BC A 9.51495 36.9899 -17.3431 -8.82426 -13.1341 -22.8203 -0.871971 38.5576 -22.9177 1.97463 7.0971 3.08188 0 0 0 0.508671 2.08432 -0.0415966 0 0 0 0 0.0470101 2.384 303 48 0 0 0
./complex_md-fit_186.pdb BC A 6.25708 36.1341 -13.3932 -9.71755 -11.6853 -23.749 -0.93375 41.3826 -23.8176 3.9632 8.09701 2.65515 0 0 0 0.368003 2.54157 0 0 0 0 0 0.0441187 2.384 303 51 0 0 0
./complex_md-fit_187.pdb BC A 7.84687 39.3529 -8.33961 -6.64243 -12.4421 -24.1724 -0.912264 43.945 -24.179 3.59359 8.91362 2.53921 0 0 0 0.998189 1.99522 -0.030792 0 0 0 0 0.0496725 2.384 303 50 0 0 0
./complex_md-fit_188.pdb BC A 7.59673 33.4776 -9.3772 -8.89235 -12.7084 -22.6956 -1.08672 39.3981 -22.8742 7.96664 8.49408 2.68061 0 0 0 0.286016 1.65529 0 0 0 0 0 0.0545868 2.384 303 48 1 1 0
./complex_md-fit_189.pdb BC A 8.07014 40.3253 -16.9078 -7.77979 -13.8535 -22.2544 -0.891601 37.6387 -22.5019 2.66536 6.29959 3.39694 0 0 0 0.316312 2.05966 0 0 0 0 0 0.05639 2.384 303 51 0 0 0
./complex_md-fit_18.pdb BC A 9.10694 24.8901 -4.96548 -3.22623 -12.976 -21.7163 -1.02888 38.9342 -21.479 5.63735 7.75338 2.7521 0 0 0 0.383889 1.57359 0 0 0 0 0 0 2.384 303 48 0 0 0
./complex_md-fit_190.pdb BC A 10.8358 29.6741 -12.1281 -8.33478 -11.0079 -21.7235 -0.927702 36.7942 -22.1046 5.37852 6.63507 2.57755 0 0 0 0.54577 1.75 -0.00858097 0 0 0 0 0.0477551 2.384 303 49 0 0 0
./complex_md-fit_191.pdb BC A 7.59315 37.9856 -7.68281 -7.37597 -12.3975 -22.2242 -1.0429 40.0631 -22.1183 5.73624 7.35053 3.9365 0 0 0 0.339521 1.90768 0 0 0 0 0 0.0501778 2.384 303 52 2 2 0
./complex_md-fit_192.pdb BC A 10.4011 35.4846 -16.7375 -8.69218 -13.8364 -22.2393 -0.872602 36.7999 -22.2733 4.0433 6.58473 3.37808 0 0 0 0.321603 1.88138 5.55112e-17 0 0 0 0 0.0485608 2.384 303 48 0 0 0
./complex_md-fit_193.pdb BC A 7.01075 37.2628 -18.4136 -9.35549 -14.9296 -22.7267 -0.911343 38.262 -23.0908 1.85256 9.35834 2.69128 0 0 0 0.411564 1.75881 -0.0298846 0 0 0 0 0.0544733 2.384 303 52 0 0 0
./complex_md-fit_194.pdb BC A 9.33878 37.4547 -19.3419 -8.69125 -13.9018 -23.0134 -0.86041 37.736 -23.5751 2.05517 8.05153 2.4467 0 0 0 0.377879 3.00356 -0.00924144 0 0 0 0 0.0419193 2.384 303 51 0 0 0
./complex_md-fit_195.pdb BC A 8.06256 37.5026 -13.6705 -7.83905 -14.4817 -22.6704 -1.15543 40.3786 -22.0716 3.13581 7.92649 2.87342 0 0 0 0.183165 2.13943 -0.00400497 0 0 0 0 0.0542756 2.384 303 50 0 0 0
./complex_md-fit_196.pdb BC A 8.38747 34.8313 -10.6683 -6.41867 -13.1094 -23.1263 -1.0405 41.599 -22.9215 4.55786 8.54359 0.500322 0 0 0 0.699384 1.7814 0 0 0 0 0 0.0479121 2.384 303 49 0 0 0
./complex_md-fit_197.pdb BC A 9.7996 34.5144 -11.1564 -7.51373 -9.72155 -21.4528 -0.917822 36.0938 -21.659 2.87192 7.58189 2.99159 0 0 0 0.51858 2.83529 -0.00351549 0 0 0 0 0.0541309 2.384 303 46 0 0 0
./complex_md-fit_198.pdb BC A 10.2872 35.1927 -14.0271 -5.55003 -13.9161 -22.8616 -1.00678 38.074 -23.3753 3.54511 7.59871 2.94052 0 0 0 0.475766 1.94626 0 0 0 0 0 0.0486112 2.384 303 49 0 0 0
./complex_md-fit_199.pdb BC A 7.0701 35.1425 -9.91255 -8.59765 -11.4563 -22.0819 -1.10255 37.5423 -22.342 6.20814 8.60485 2.68679 0 0 0 0.576349 1.82081 -0.00454721 0 0 0 0 0.0538841 2.384 303 49 2 2 0
./complex_md-fit_19.pdb BC A 8.25402 34.4064 -14.4523 -6.73724 -17.7967 -22.7461 -1.31793 39.5576 -22.3228 6.76581 7.45256 2.27277 0 0 0 0.352507 2.81404 0.0672426 0 0 0 0 0 2.384 303 48 2 2 0
./complex_md-fit_1.pdb BC A 7.42939 29.3874 -5.20237 -6.66291 -11.9782 -24.5267 -1.01607 45.6685 -24.2425 7.81811 7.61954 1.81082 0 0 0 0.336095 2.65399 -0.0290271 0 0 0 0 0 2.384 303 53 3 3 0
./complex_md-fit_200.pdb BC A 11.8988 29.8659 -17.6084 -10.44 -12.8081 -23.6099 -0.958799 39.809 -23.6365 2.50741 8.46858 2.76787 0 0 0 0.162226 1.97234 0.0701513 0 0 0 0 0.0596684 2.384 303 51 0 0 0
./complex_md-fit_201.pdb BC A 10.963 35.4578 -10.3317 -7.30179 -15.6951 -23.2152 -1.32331 41.9262 -22.6976 4.94678 9.07971 3.43907 0 0 0 0.458302 2.25647 -0.0112062 0 0 0 0 0.0624685 2.384 303 49 0 0 0
./complex_md-fit_202.pdb BC A 7.08175 34.6549 -8.8634 -7.86671 -10.937 -22.3806 -1.00898 39.648 -22.419 4.90834 9.01394 2.00215 0 0 0 0.117066 1.49784 0 0 0 0 0 0.0593543 2.384 303 49 1 1 0
./complex_md-fit_203.pdb BC A 7.89959 39.4584 -8.49069 -6.31859 -8.93914 -24.1011 -1.08733 41.4957 -24.8866 6.1244 6.75453 2.1141 0 0 0 0.302748 2.37913 -0.00436973 0 0 0 0 0.0549623 2.384 303 49 0 0 0
./complex_md-fit_204.pdb BC A 9.54862 39.3375 -17.2977 -7.18453 -14.2115 -23.0348 -1.07968 38.182 -23.2978 2.79962 8.18099 1.77041 0 0 0 0.529565 2.14003 -0.00562587 0 0 0 0 0.0535614 2.384 303 48 0 0 0
./complex_md-fit_205.pdb BC A 6.12088 36.8963 -15.9722 -6.86534 -12.9559 -24.0103 -1.00764 40.2462 -24.3038 4.22042 7.20719 1.26855 0 0 0 0.170828 1.95257 0 0 0 0 0 0.0575691 2.384 303 49 1 1 0
./complex_md-fit_206.pdb BC A 10.0192 34.1538 -17.0211 -9.20489 -12.7031 -22.3859 -0.951817 38.4969 -22.7909 2.98477 7.17617 1.95709 0 0 0 0.341158 2.37233 0.00385011 0 0 0 0 0.0555074 2.384 303 49 0 0 0
./complex_md-fit_207.pdb BC A 8.01659 34.0793 -10.4959 -6.36456 -11.8472 -23.4998 -0.869436 40.2283 -23.8907 4.94057 6.69987 3.8311 0 0 0 0.227529 2.41243 0 0 0 0 0 0.0484107 2.384 303 49 1 1 0
./complex_md-fit_208.pdb BC A 9.30414 33.3162 -9.44534 -6.01239 -11.3454 -23.5521 -0.95561 40.7855 -23.5109 4.16314 7.98583 2.72643 0 0 0 0.232286 3.61298 -0.0184309 0 0 0 0 0.0563016 2.384 303 49 0 0 0
./complex_md-fit_209.pdb BC A 7.70853 31.8485 -15.249 -8.54791 -13.5995 -23.067 -0.921497 39.5867 -23.1409 3.76395 8.18799 1.75716 0 0 0 0.666977 3.05317 0.00932363 0 0 0 0 0.0557047 2.384 303 49 2 2 0
./complex_md-fit_20.pdb BC A 10.3797 35.7675 -15.4986 -5.53678 -17.8313 -23.2323 -1.27124 40.8837 -22.7405 4.36262 7.39645 2.20072 0 0 0 0.263851 3.11477 1.11022e-16 0 0 0 0 0.00626882 2.384 303 49 1 1 0
./complex_md-fit_210.pdb BC A 7.11522 28.4889 -12.2266 -6.20109 -12.0085 -22.7876 -1.00645 38.0477 -23.1792 3.57772 7.86092 3.15468 0 0 0 0.26184 2.08722 0.00618666 0 0 0 0 0.0471154 2.384 303 51 0 0 0
./complex_md-fit_211.pdb BC A 8.11711 27.2059 -15.2089 -7.18506 -13.4392 -22.8038 -0.926695 38.4969 -23.2998 1.79336 8.30127 3.47267 0 0 0 0.336898 1.86705 0 0 0 0 0 0.0445615 2.384 303 44 0 0 0
./complex_md-fit_212.pdb BC A 9.61072 32.9463 -9.73588 -5.73338 -11.4734 -23.3572 -0.964231 41.7144 -23.9544 4.27225 7.43762 1.80926 0 0 0 0.458188 1.9845 0 0 0 0 0 0.0549583 2.384 303 51 0 0 0
./complex_md-fit_213.pdb BC A 6.79272 33.4681 -10.1562 -4.70549 -10.679 -22.9782 -1.02492 39.1527 -23.2297 3.78837 6.59493 2.60545 0 0 0 0.264361 2.89708 -2.77556e-17 0 0 0 0 0.0554672 2.384 303 47 1 1 0
./complex_md-fit_214.pdb BC A 5.93915 29.2425 -11.1558 -4.87631 -12.9144 -23.3796 -0.819719 39.9642 -23.8925 4.29906 7.84672 2.06976 0 0 0 0.503723 2.04681 -0.0093219 0 0 0 0 0.0524773 2.384 303 53 0 0 0
./complex_md-fit_215.pdb BC A 8.94983 39.0669 -16.6857 -6.63208 -11.89 -22.8072 -0.926862 38.2404 -23.391 2.12997 6.43823 1.57974 0 0 0 0.550538 1.79437 -0.0140496 0 0 0 0 0.0366794 2.384 303 48 0 0 0
./complex_md-fit_216.pdb BC A 9.04679 35.7772 -14.8592 -5.75133 -12.9475 -23.2196 -0.907145 38.9137 -23.808 2.61853 6.98975 2.4474 0 0 0 0.732142 1.9579 0.0188429 0 0 0 0 0.0539144 2.384 303 50 0 0 0
./complex_md-fit_217.pdb BC A 10.2499 48.8311 -13.0023 -9.54352 -11.6309 -23.3533 -1.05642 39.3148 -24.0595 5.83249 8.03883 3.09098 0 0 0 0.307462 1.964 5.55112e-17 0 0 0 0 0.0567314 2.384 303 49 1 1 0
./complex_md-fit_218.pdb BC A 7.23035 38.2781 -13.4548 -5.51376 -12.4746 -22.4538 -1.04385 38.2497 -22.3234 1.51185 7.31954 2.86607 0 0 0 0.345864 1.83987 0 0 0 0 0 0.0616808 2.384 303 48 0 0 0
./complex_md-fit_219.pdb BC A 9.20269 27.774 -10.0826 -6.27561 -9.34031 -22.1002 -0.953077 37.4107 -22.6765 3.94612 7.73718 1.57817 0 0 0 0.54036 1.64933 0 0 0 0 0 0.0506391 2.384 303 46 0 0 0
./complex_md-fit_21.pdb BC A 8.75072 35.488 -6.93851 -4.65246 -15.5487 -22.7599 -1.32143 40.4799 -22.2282 8.78623 7.87701 1.80227 0 0 0 0.626794 2.02985 0 0 0 0 0 0 2.384 303 52 3 3 0
./complex_md-fit_220.pdb BC A 8.60306 33.5967 -15.2014 -7.67646 -12.7311 -23.4845 -0.939723 39.9813 -23.6026 3.29661 8.12062 1.36594 0 0 0 0.43204 2.3189 -0.0140342 0 0 0 0 0.0505551 2.384 303 48 0 0 0
./complex_md-fit_221.pdb BC A 8.20842 38.451 -13.7517 -6.73888 -12.9071 -22.6594 -0.990069 37.9447 -22.6458 4.51261 7.41063 1.96444 0 0 0 0.327939 1.93947 -0.0101785 0 0 0 0 0.0393714 2.384 303 47 0 0 0
./complex_md-fit_222.pdb BC A 8.71167 32.2664 -11.8057 -6.9543 -10.0995 -21.5971 -0.853717 36.1805 -21.6165 3.66289 7.06717 2.13112 0 0 0 0.249598 1.73662 -0.028672 0 0 0 0 0.0529082 2.384 303 47 1 1 0
./complex_md-fit_223.pdb BC A 6.76132 34.6471 -13.1133 -7.60774 -12.8176 -22.8603 -1.07269 39.2175 -22.8565 3.4924 9.26548 1.8576 0 0 0 0.209914 1.84449 0 0 0 0 0 0.0585859 2.384 303 47 0 0 0
./complex_md-fit_224.pdb BC A 10.5564 37.9535 -15.7768 -8.3192 -13.3179 -22.953 -0.986449 37.6022 -23.1618 3.99715 7.82023 3.00186 0 0 0 0.485616 2.26939 0 0 0 0 0 0.0544866 2.384 303 46 2 2 0
./complex_md-fit_225.pdb BC A 7.868 33.0201 -11.6383 -6.6665 -11.4728 -23.6781 -0.951817 40.093 -23.9386 4.23444 7.50425 1.72531 0 0 0 1.42415 2.00168 0.0186772 0 0 0 0 0.0695709 2.384 303 47 0 0 0
./complex_md-fit_226.pdb BC A 8.82772 31.5286 -15.7301 -7.12772 -14.5933 -23.2898 -0.88174 39.6686 -23.6376 3.4203 7.95186 2.53362 0 0 0 0.179014 2.74954 0 0 0 0 0 0.046545 2.384 303 50 0 0 0
./complex_md-fit_227.pdb BC A 9.21299 32.0287 -10.6367 -8.75088 -10.912 -24.3631 -0.951021 42.8978 -24.7314 5.05262 8.86379 1.94383 0 0 0 0.257925 1.85989 5.55112e-17 0 0 0 0 0.0557831 2.384 303 50 1 1 0
./complex_md-fit_228.pdb BC A 7.40931 29.6949 -10.2333 -6.38732 -9.86167 -24.2327 -0.901549 42.9674 -24.2987 1.78613 8.02387 2.11516 0 0 0 0.5498 2.43485 -0.0425632 0 0 0 0 0.0487501 2.384 303 49 0 0 0
./complex_md-fit_229.pdb BC A 7.49526 27.9673 -6.64637 -6.05508 -10.6185 -24.8349 -0.930907 44.7474 -24.986 5.38535 8.35574 1.70376 0 0 0 0.543545 2.39953 -0.0121185 0 0 0 0 0.0553623 2.384 303 54 2 2 0
./complex_md-fit_22.pdb BC A 7.2227 33.7381 -12.4284 -5.87334 -13.9069 -21.7218 -0.914159 37.1935 -21.2395 4.11555 7.49653 2.00901 0 0 0 0.412817 2.04536 0 0 0 0 0 0 2.384 303 49 1 1 0
./complex_md-fit_230.pdb BC A 10.78 38.8246 -9.17605 -5.34371 -12.6666 -24.6917 -1.11491 44.2588 -24.5727 4.39292 7.62367 2.50047 0 0 0 0.399826 2.99083 -0.0160028 0 0 0 0 0.0539397 2.384 303 53 0 0 0
./complex_md-fit_231.pdb BC A 8.50628 26.7039 -5.26069 -7.2019 -9.73092 -21.8891 -1.04038 38.7026 -21.9172 7.71792 7.9985 1.84453 0 0 0 0.214232 2.09932 -0.00553228 0 0 0 0 0.0466357 2.384 303 51 3 3 0
./complex_md-fit_232.pdb BC A 8.13273 30.1097 -5.3758 -4.58556 -9.34285 -21.4265 -0.886651 38.4825 -21.0625 5.26103 5.86109 1.94459 0 0 0 0.329006 4.02352 0 0 0 0 0 0.0499824 2.384 303 48 0 0 0
./complex_md-fit_233.pdb BC A 9.22385 34.2227 -12.3821 -7.24021 -11.8071 -22.1605 -0.884639 39.09 -22.0936 2.32241 6.42285 3.47151 0 0 0 0.435317 3.904 -0.00690336 0 0 0 0 0.068773 2.384 303 52 0 0 0
./complex_md-fit_234.pdb BC A 7.65086 34.7872 -10.2268 -6.01365 -11.8084 -22.1628 -0.910391 37.4839 -22.7532 4.85203 7.88039 2.10929 0 0 0 1.0484 2.78096 -0.0101753 0 0 0 0 0.0578666 2.384 303 46 1 1 0
./complex_md-fit_235.pdb BC A 8.83296 32.6992 -11.9663 -5.76923 -12.2911 -21.6095 -1.13877 37.632 -21.7897 4.62807 5.82869 1.81333 0 0 0 0.7032 2.08545 -0.0257754 0 0 0 0 0.0525115 2.384 303 48 2 2 0
./complex_md-fit_236.pdb BC A 11.0358 37.1558 -7.51119 -5.77126 -11.2162 -22.5202 -1.03951 40.8287 -22.478 4.60958 7.50515 2.25258 0 0 0 0.264444 2.46443 0 0 0 0 0 0.0534458 2.384 303 50 1 1 0
./complex_md-fit_237.pdb BC A 9.67465 39.0499 -12.6966 -7.84303 -13.5822 -24.5793 -1.18327 42.6992 -24.8684 4.98432 8.72833 2.2523 0 0 0 0.622346 3.41674 0.0206437 0 0 0 0 0.0525488 2.384 303 50 2 2 0
./complex_md-fit_238.pdb BC A 10.102 40.1338 -12.3396 -7.2705 -11.6088 -23.8622 -0.953128 40.2899 -24.7965 4.55287 7.94362 2.80645 0 0 0 0.501688 2.54746 0.00861846 0 0 0 0 0.0483747 2.384 303 47 1 1 0
./complex_md-fit_239.pdb BC A 9.08207 33.3323 -9.49019 -7.50861 -13.4633 -25.3854 -1.10722 44.6538 -25.9263 8.01187 8.32474 2.55061 0 0 0 0.32557 2.20719 -0.0141229 0 0 0 0 0.0481841 2.384 303 52 1 1 0
./complex_md-fit_23.pdb BC A 8.77944 37.5947 -8.67953 -6.64463 -14.7301 -23.6515 -1.40267 42.3456 -23.3744 7.27228 9.14904 1.83613 0 0 0 0.520689 2.24272 0 0 0 0 0 0 2.384 303 54 2 2 0
./complex_md-fit_240.pdb BC A 6.54032 32.2245 -9.09895 -7.65698 -10.6683 -24.0055 -1.12815 41.4692 -24.0976 6.31333 7.31498 3.17445 0 0 0 0.105923 2.00994 0.0224254 0 0 0 0 0.0573007 2.384 303 53 2 2 0
./complex_md-fit_241.pdb BC A 7.48958 33.6747 -11.1632 -8.12792 -12.0282 -23.6203 -1.10992 41.7738 -23.8202 4.73078 7.24803 3.57635 0 0 0 0.16178 2.1207 0 0 0 0 0 0.0526234 2.384 303 50 0 0 0
./complex_md-fit_242.pdb BC A 7.883 31.2579 -12.0977 -8.08784 -11.9391 -24.1498 -0.770058 42.4179 -24.1772 4.26227 7.61338 2.48976 0 0 0 0.209881 2.2266 -0.0177799 0 0 0 0 0.0509568 2.384 303 51 0 0 0
./complex_md-fit_243.pdb BC A 7.66375 40.4908 -15.0866 -8.85933 -13.1474 -24.9502 -1.05799 43.6113 -25.6972 3.28262 8.32413 2.60641 0 0 0 0.701766 2.5896 0.04823 0 0 0 0 0.0510441 2.384 303 54 0 0 0
./complex_md-fit_244.pdb BC A 7.90102 37.9661 -10.2552 -7.51247 -12.977 -24.2845 -0.972712 43.7589 -24.5671 3.60681 9.43349 3.15388 0 0 0 0.0822607 2.28479 -0.0299544 0 0 0 0 0.0533156 2.384 303 50 0 0 0
./complex_md-fit_245.pdb BC A 7.08616 33.6851 -9.52206 -8.25561 -12.3621 -24.597 -0.995947 42.5857 -25.007 7.05791 9.0401 2.71216 0 0 0 0.246152 2.58114 0.0535797 0 0 0 0 0 2.384 303 52 3 3 0
./complex_md-fit_246.pdb BC A 8.30808 37.629 -10.6092 -7.18827 -11.9245 -23.4416 -0.924183 41.4419 -23.6771 4.73448 7.39549 2.78353 0 0 0 0.167885 2.62313 0.0231998 0 0 0 0 0 2.384 303 55 0 0 0
./complex_md-fit_247.pdb BC A 7.78878 37.1498 -11.969 -8.58936 -12.8485 -24.6173 -1.17646 42.7139 -25.0042 6.15154 8.59706 2.39598 0 0 0 0.388253 2.725 0.0201196 0 0 0 0 0 2.384 303 53 2 2 0
./complex_md-fit_248.pdb BC A 6.35663 29.6421 -9.81063 -7.66394 -10.8163 -23.0687 -1.12308 39.8127 -23.4028 5.72043 7.5826 2.51622 0 0 0 0.592659 3.07964 0.0214793 0 0 0 0 0.0180061 2.384 303 50 2 2 0
./complex_md-fit_249.pdb BC A 7.09556 32.1466 -17.7754 -7.99736 -14.719 -23.0243 -1.08718 38.1228 -23.5135 3.17745 8.1662 2.58964 0 0 0 0.49206 3.4465 0 0 0 0 0 0.0176982 2.384 303 51 1 1 0
./complex_md-fit_24.pdb BC A 8.20381 30.4681 -13.3086 -7.64476 -15.5624 -22.6881 -1.09429 39.4194 -22.4445 4.60677 8.68251 2.99896 0 0 0 0.400893 1.71004 0 0 0 0 0 0.0168772 2.384 303 49 1 1 0
./complex_md-fit_250.pdb BC A 7.35077 33.0187 -13.5455 -9.06357 -14.1584 -24.0913 -1.0175 42.063 -23.6608 4.12982 6.93637 4.25983 0 0 0 1.03141 2.56532 0 0 0 0 0 0.025681 2.384 303 53 0 0 0
./complex_md-fit_251.pdb BC A 5.54359 31.9663 -14.0223 -9.15587 -12.5877 -26.0858 -1.14859 43.189 -26.7889 6.88219 7.95216 3.34424 0 0 0 0.327622 2.59682 0.0494447 0 0 0 0 0 2.384 303 54 1 1 0
./complex_md-fit_252.pdb BC A 8.6663 34.7235 -13.0605 -8.25933 -13.9905 -24.2811 -1.07935 42.5057 -24.7471 4.08251 8.9699 3.58586 0 0 0 0.133405 1.65373 0.019462 0 0 0 0 0 2.384 303 52 0 0 0
./complex_md-fit_253.pdb BC A 11.355 28.8448 -15.1629 -8.64713 -13.8924 -24.8911 -0.974623 42.2885 -25.7147 4.1085 9.46454 2.81977 0 0 0 0.254024 2.55607 0.0215584 0 0 0 0 0 2.384 303 53 0 0 0
./complex_md-fit_254.pdb BC A 10.5966 31.6163 -10.2204 -7.39706 -12.3814 -24.1388 -0.974902 42.1567 -24.6605 5.57694 7.85072 3.24816 0 0 0 0.499728 2.21213 0 0 0 0 0 0 2.384 303 52 2 2 0
./complex_md-fit_255.pdb BC A 9.75887 44.0726 -7.50199 -5.06878 -10.6832 -22.7306 -0.853861 39.4713 -22.7593 5.29486 7.63521 1.94338 0 0 0 0.275358 3.22715 -0.0263078 0 0 0 0 0 2.384 303 50 2 2 0
./complex_md-fit_256.pdb BC A 14.0286 30.1328 -11.1518 -7.56307 -12.5438 -22.7624 -0.932665 39.8968 -23.3094 5.14736 8.73697 1.81388 0 0 0 0.380137 3.19661 -0.0157315 0 0 0 0 0 2.384 303 49 1 1 0
./complex_md-fit_257.pdb BC A 9.75812 37.6724 -5.61174 -5.88259 -12.2117 -22.4653 -1.02645 41.0876 -21.9896 6.79047 7.8473 1.90602 0 0 0 0.335872 3.33286 -0.00327591 0 0 0 0 0 2.384 303 47 2 2 0
./complex_md-fit_258.pdb BC A 8.35307 29.012 -4.84716 -6.49325 -8.81031 -24.1921 -0.967064 42.4666 -24.0592 6.69383 6.9177 3.46548 0 0 0 0.171765 2.75152 -0.0406443 0 0 0 0 0 2.384 303 50 1 1 0
./complex_md-fit_259.pdb BC A 11.158 34.6551 -11.8148 -7.90177 -11.5815 -24.7439 -0.843857 43.872 -24.7513 3.1673 8.53365 1.95719 0 0 0 0.466094 3.44316 0.0113914 0 0 0 0 0 2.384 303 51 0 0 0
./complex_md-fit_25.pdb BC A 9.46687 30.3767 -11.8245 -5.76468 -15.0903 -22.561 -1.05136 38.1624 -22.2038 6.2554 7.58799 2.12518 0 0 0 0.71065 1.88156 0 0 0 0 0 0.0051754 2.384 303 50 1 1 0
./complex_md-fit_260.pdb BC A 7.60463 34.2525 -16.4323 -8.04309 -14.1797 -21.8396 -1.00623 36.9205 -21.9282 2.97674 7.1705 3.15226 0 0 0 0.344642 2.05862 0 0 0 0 0 0 2.384 303 50 0 0 0
./complex_md-fit_261.pdb BC A 8.33345 38.4646 -5.79253 -6.58452 -14.8958 -24.6315 -1.16087 44.5681 -24.7443 9.2169 9.19924 2.72701 0 0 0 0.513261 2.17346 1.11022e-16 0 0 0 0 0 2.384 303 49 1 1 0
./complex_md-fit_262.pdb BC A 10.0597 30.7664 -16.1489 -7.99805 -18.4321 -23.6133 -1.14703 41.5169 -23.5737 4.85746 9.61989 2.18163 0 0 0 0.419748 2.11321 0.019706 0 0 0 0 0 2.384 303 50 2 2 0
./complex_md-fit_263.pdb BC A 7.96643 33.0684 -12.6777 -7.15507 -16.5583 -24.6507 -1.07732 43.953 -25.0245 4.40172 10.7472 2.44323 0 0 0 0.198968 3.53929 0.0441415 0 0 0 0 0 2.384 303 51 2 2 0
./complex_md-fit_264.pdb BC A 9.74125 39.9369 -10.9841 -5.32331 -15.6695 -23.8271 -1.16988 42.2486 -23.8387 5.07196 8.8395 2.32939 0 0 0 0.335764 1.97586 0.0191856 0 0 0 0 0 2.384 303 50 2 2 0
./complex_md-fit_265.pdb BC A 7.87286 29.8781 -17.7925 -6.91546 -14.9518 -23.4145 -1.07477 39.3313 -23.5515 4.04732 7.35819 1.06759 0 0 0 0.247731 3.72733 0.0633437 0 0 0 0 0 2.384 303 51 2 2 0
./complex_md-fit_266.pdb BC A 9.5417 31.2525 -16.1505 -7.1146 -12.7816 -22.6472 -0.812752 38.4972 -22.7909 1.94296 7.20907 2.09331 0 0 0 0.244869 3.42448 0.00910069 0 0 0 0 0 2.384 303 50 0 0 0
./complex_md-fit_267.pdb BC A 7.97919 28.9673 -13.921 -5.62445 -15.0776 -23.8603 -1.03278 39.8046 -24.0826 3.98335 8.64541 2.85393 0 0 0 0.378036 3.21812 0.0914585 0 0 0 0 0 2.384 303 48 1 1 0
./complex_md-fit_268.pdb BC A 6.62842 35.3335 -14.235 -6.59646 -16.8543 -24.6994 -1.40756 43.4798 -24.5427 3.36267 10.0162 2.43172 0 0 0 0.523178 1.90759 0.051893 0 0 0 0 0 2.384 303 51 0 0 0
./complex_md-fit_269.pdb BC A 8.2038 34.1145 -15.2286 -6.18401 -16.2419 -24.2944 -1.08043 42.4397 -24.7434 1.99429 9.81276 2.70344 0 0 0 0.365358 2.5573 0 0 0 0 0 0 2.384 303 53 0 0 0
./complex_md-fit_26.pdb BC A 7.41893 42.7207 -13.4329 -6.55921 -15.9131 -22.8845 -1.05828 39.1883 -22.4624 4.92596 8.9962 2.09557 0 0 0 0.244287 3.15095 -0.00568561 0 0 0 0 0 2.384 303 49 0 0 0
./complex_md-fit_270.pdb BC A 8.99898 32.09 -5.26848 -5.82283 -13.7565 -23.439 -1.141 43.5976 -23.2251 8.24585 8.42176 1.32839 0 0 0 0.50346 3.12272 0 0 0 0 0 0.0188612 2.384 303 50 2 2 0
./complex_md-fit_271.pdb BC A 10.1314 38.2242 -10.0064 -7.4171 -13.6375 -23.5532 -1.00381 40.7261 -23.4566 6.34272 9.20945 2.49878 0 0 0 0.284839 2.32132 0 0 0 0 0 0 2.384 303 48 2 2 0
./complex_md-fit_272.pdb BC A 6.77303 36.5192 -10.8238 -3.7455 -15.5848 -24.4155 -1.06807 42.4401 -24.9094 3.91868 8.82784 3.25589 0 0 0 0.468773 2.15952 -0.0117514 0 0 0 0 0 2.384 303 50 0 0 0
./complex_md-fit_273.pdb BC A 7.78087 31.6581 -10.6971 -5.13824 -15.1012 -24.4353 -1.15116 43.7771 -24.8078 4.09428 8.75296 2.67768 0 0 0 0.61314 3.78973 0.0214559 0 0 0 0 0 2.384 303 50 0 0 0
./complex_md-fit_274.pdb BC A 7.62856 33.2699 -15.2428 -7.5162 -15.3913 -23.7785 -1.05102 41.5287 -23.6539 3.47706 8.87185 2.06168 0 0 0 0.134337 1.88165 0.0745322 0 0 0 0 0 2.384 303 54 1 1 0
./complex_md-fit_275.pdb BC A 8.52013 26.8907 -10.8844 -7.9107 -13.7289 -22.4664 -1.04121 38.5106 -22.6639 6.32332 7.46262 4.1801 0 0 0 0.424969 3.52846 0.0250755 0 0 0 0 0 2.384 303 48 1 1 0
./complex_md-fit_276.pdb BC A 10.5433 41.1611 -13.185 -7.57948 -14.5227 -22.7558 -1.0504 40.0092 -22.5325 3.68617 8.22319 2.77314 0 0 0 0.541709 2.67958 0.0225344 0 0 0 0 0 2.384 303 50 0 0 0
./complex_md-fit_277.pdb BC A 6.06965 30.7867 -12.2874 -8.11539 -15.777 -23.3418 -1.19409 41.1149 -23.2982 5.64262 10.8414 1.37848 0 0 0 0.461576 3.45112 0 0 0 0 0 0 2.384 303 51 2 2 0
./complex_md-fit_278.pdb BC A 7.31845 39.1514 -11.9793 -7.05254 -12.3699 -23.1874 -0.994073 38.682 -23.9961 3.05325 8.8065 3.77791 0 0 0 1.30107 2.52158 -2.77556e-17 0 0 0 0 0 2.384 303 49 0 0 0
./complex_md-fit_279.pdb BC A 9.28503 29.8621 -15.9748 -7.36851 -12.4972 -21.127 -1.0329 34.9298 -21.5596 2.53197 6.90791 2.73574 0 0 0 0.505013 1.85778 -1.11022e-16 0 0 0 0 0 2.384 303 54 0 0 0
./complex_md-fit_27.pdb BC A 7.67006 33.492 -8.6606 -6.55514 -11.2074 -22.2419 -0.865752 40.3207 -21.7093 3.1798 7.82126 2.06462 0 0 0 0.5611 1.6585 -0.028586 0 0 0 0 0 2.384 303 53 0 0 0
./complex_md-fit_280.pdb BC A 10.2961 37.8824 -8.6883 -6.99598 -12.6858 -22.8942 -1.02104 40.6266 -22.8797 5.70968 8.93041 2.12421 0 0 0 0.374967 2.59247 0.0225295 0 0 0 0 0 2.384 303 50 0 0 0
./complex_md-fit_281.pdb BC A 8.39033 36.2625 -11.5617 -7.00957 -11.0303 -23.2099 -0.975515 39.2618 -23.4321 3.24507 7.49776 3.14974 0 0 0 0.939094 2.72433 -0.00666119 0 0 0 0 0.00883321 2.384 303 54 0 0 0
./complex_md-fit_282.pdb BC A 8.41945 33.9542 -13.9702 -8.24366 -14.5399 -21.9988 -1.14375 38.0355 -21.9285 4.80146 7.92009 3.02477 0 0 0 0.0821406 2.32684 0.0204461 0 0 0 0 0 2.384 303 50 2 2 0
./complex_md-fit_283.pdb BC A 8.99419 36.2101 -14.1527 -8.49247 -12.1692 -23.8298 -1.00008 38.9435 -24.8614 5.39164 8.45171 3.01877 0 0 0 0.375436 1.85578 0.01919 0 0 0 0 0 2.384 303 50 2 2 0
./complex_md-fit_284.pdb BC A 7.7045 29.8584 -12.9895 -8.4067 -12.455 -22.1665 -0.972908 37.4625 -22.6308 3.87336 8.59269 3.4803 0 0 0 0.211887 2.10457 0.0217254 0 0 0 0 0 2.384 303 49 0 0 0
./complex_md-fit_285.pdb BC A 7.44683 33.5978 -10.6764 -7.18729 -12.9112 -22.7677 -0.979817 39.5011 -22.3608 3.71896 7.9429 4.21643 0 0 0 0.126101 2.15062 0.0248968 0 0 0 0 0 2.384 303 50 0 0 0
./complex_md-fit_286.pdb BC A 6.99824 34.9846 -17.0565 -8.09314 -13.4478 -23.2779 -1.08555 38.5313 -23.3801 2.47494 7.72104 3.13395 0 0 0 0.343888 4.17564 0.0229564 0 0 0 0 0 2.384 303 50 0 0 0
./complex_md-fit_287.pdb BC A 8.21187 29.5236 -11.7001 -8.89198 -11.8172 -21.611 -1.1617 35.9695 -22.4431 6.49565 8.72455 2.84598 0 0 0 0.179359 2.03023 0.00981494 0 0 0 0 0 2.384 303 51 0 0 0
./complex_md-fit_288.pdb BC A 7.81359 29.5568 -10.0736 -7.85252 -10.2925 -22.783 -0.995692 40.4306 -22.7351 3.53126 6.6464 3.87299 0 0 0 0.103913 2.50392 0 0 0 0 0 0 2.384 303 51 1 1 0
./complex_md-fit_289.pdb BC A 10.3314 37.6372 -10.5878 -8.95383 -12.2069 -22.5468 -0.92638 38.0701 -23.0436 6.83028 8.88687 2.79595 0 0 0 0.492579 2.32459 0.013992 0 0 0 0 0 2.384 303 47 2 2 0
./complex_md-fit_28.pdb BC A 8.8415 35.1148 -11.0521 -6.41093 -14.9692 -24.1385 -1.11056 43.0822 -23.7116 5.20776 8.76839 2.03251 0 0 0 0.197803 1.72712 0 0 0 0 0 0 2.384 303 48 0 0 0
./complex_md-fit_290.pdb BC A 8.49826 31.6565 -11.5502 -6.21956 -12.557 -22.5635 -1.04152 39.085 -22.9932 3.1977 7.82531 3.55652 0 0 0 0.159884 2.2736 0 0 0 0 0 0 2.384 303 48 0 0 0
./complex_md-fit_291.pdb BC A 6.96299 27.0148 -13.6431 -7.02759 -12.5174 -22.8106 -0.916432 38.6931 -23.1489 2.24557 8.52385 2.97176 0 0 0 0.334478 2.85061 0.00902355 0 0 0 0 0 2.384 303 46 0 0 0
./complex_md-fit_292.pdb BC A 7.96085 36.2314 -16.1763 -7.91858 -13.6702 -22.183 -1.04283 36.2871 -22.9287 5.12971 6.70348 2.99725 0 0 0 0.428157 2.71954 0.021305 0 0 0 0 0 2.384 303 51 0 0 0
./complex_md-fit_293.pdb BC A 7.78085 38.0825 -12.0382 -6.79491 -12.0262 -21.2712 -0.964198 36.6919 -21.397 3.20743 7.69765 2.1199 0 0 0 0.709367 2.62913 -0.0109585 0 0 0 0 0 2.384 303 48 0 0 0
./complex_md-fit_294.pdb BC A 6.52567 38.5247 -19.519 -11.2854 -15.5422 -23.5094 -1.12241 38.9582 -24.0503 5.00372 8.70955 2.84453 0 0 0 0.494704 2.23638 -0.0200827 0 0 0 0 0 2.384 303 54 2 2 0
./complex_md-fit_295.pdb BC A 7.23395 37.7012 -13.1984 -8.89263 -12.8297 -22.1636 -1.11788 37.2947 -22.5924 5.74799 8.0743 2.88494 0 0 0 0.39608 2.43707 0 0 0 0 0 0 2.384 303 52 2 2 0
./complex_md-fit_296.pdb BC A 7.71338 36.0507 -18.3927 -9.2775 -14.1813 -21.9304 -0.889654 36.7563 -22.3765 3.12348 6.66785 2.86118 0 0 0 0.853854 3.68867 5.55112e-17 0 0 0 0 0 2.384 303 49 0 0 0
./complex_md-fit_297.pdb BC A 8.04381 36.3689 -12.5867 -8.29421 -11.5507 -23.2376 -1.03124 39.7506 -23.5456 2.83354 8.47473 3.64891 0 0 0 0.364768 2.33733 0 0 0 0 0 0 2.384 303 49 0 0 0
./complex_md-fit_298.pdb BC A 6.41104 34.8026 -10.215 -4.85704 -14.4853 -23.1353 -1.03795 39.4153 -23.6761 4.94813 8.33743 3.60636 0 0 0 0.679726 2.25436 -0.0101598 0 0 0 0 0 2.384 303 48 1 1 0
./complex_md-fit_299.pdb BC A 10.4793 28.9825 -12.2531 -7.24662 -13.7843 -23.0195 -1.13213 39.5106 -22.9773 3.93185 8.52922 3.5666 0 0 0 0.325277 2.1916 0.018726 0 0 0 0 0.0245211 2.384 303 48 1 1 0
./complex_md-fit_29.pdb BC A 7.77235 28.7397 -8.50277 -6.38922 -13.9686 -23.3895 -1.11213 42.6409 -23.2513 5.01607 9.05134 2.44485 0 0 0 0.383979 1.73003 0.0708768 0 0 0 0 0 2.384 303 51 0 0 0
./complex_md-fit_2.pdb BC A 6.33506 31.343 -2.55239 -5.98268 -11.1084 -22.5711 -1.04219 41.3101 -21.3167 8.275 6.99393 2.19485 0 0 0 0.694842 3.82691 1.11022e-16 0 0 0 0 0 2.384 303 55 1 1 0
./complex_md-fit_300.pdb BC A 9.74171 29.6734 -11.171 -7.02929 -12.7106 -22.7178 -1.08954 39.9438 -22.878 4.3241 7.39858 3.2043 0 0 0 0.396917 2.69639 -0.0134918 0 0 0 0 0 2.384 303 50 0 0 0
./complex_md-fit_301.pdb BC A 8.00238 36.8588 -10.3285 -7.75384 -12.2609 -23.2796 -0.923028 39.1992 -23.4098 5.01234 9.50311 2.85673 0 0 0 0.743229 3.07844 -0.0159877 0 0 0 0 0 2.384 303 49 0 0 0
./complex_md-fit_302.pdb BC A 8.34824 32.5877 -13.9684 -8.66589 -14.0558 -22.3341 -1.12692 37.6703 -22.0507 3.89295 7.94913 4.44647 0 0 0 0.312337 2.24502 -0.00619875 0 0 0 0 0 2.384 303 46 1 1 0
./complex_md-fit_303.pdb BC A 9.93097 29.4345 -2.76276 -6.55187 -10.8967 -22.8986 -1.08502 41.9616 -22.8095 6.29688 9.4155 3.61234 0 0 0 0.194402 2.18769 -0.00183198 0 0 0 0 0 2.384 303 48 0 0 0
./complex_md-fit_304.pdb BC A 7.27382 28.1358 -12.1549 -7.56302 -14.5087 -23.2206 -1.05212 40.409 -22.7897 4.7301 8.1982 3.48104 0 0 0 0.15235 2.4993 0.0085827 0 0 0 0 0 2.384 303 49 0 0 0
./complex_md-fit_305.pdb BC A 9.90045 33.9327 -0.756298 -2.04565 -8.90584 -23.8017 -0.943056 44.8215 -23.676 5.60693 5.64449 2.23135 0 0 0 0.329841 3.54944 -0.0230252 0 0 0 0 0.00488002 2.384 303 50 0 0 0
./complex_md-fit_306.pdb BC A 7.53241 33.0177 -13.7922 -6.87281 -13.7451 -23.3095 -1.0602 40.0949 -23.2985 1.64787 8.91087 3.22709 0 0 0 0.621055 2.58985 -0.0127417 0 0 0 0 0.00491923 2.384 303 50 0 0 0
./complex_md-fit_307.pdb BC A 8.76463 38.4414 -12.8334 -7.69891 -14.1846 -21.8862 -1.00874 37.8876 -21.9264 2.49623 9.33802 3.79558 0 0 0 0.363597 2.12925 -0.00953165 0 0 0 0 0 2.384 303 47 0 0 0
./complex_md-fit_308.pdb BC A 9.78309 30.0452 -11.272 -8.34278 -14.929 -23.3698 -0.883837 41.4099 -23.2014 4.11747 10.5367 2.89044 0 0 0 0.500299 2.38001 0 0 0 0 0 0 2.384 303 48 0 0 0
./complex_md-fit_309.pdb BC A 7.74907 40.9707 -13.6424 -6.88613 -12.4444 -22.352 -1.01335 37.3734 -22.4548 3.91724 7.93871 2.01223 0 0 0 0.293688 2.41533 -0.0271057 0 0 0 0 0 2.384 303 47 0 0 0
./complex_md-fit_30.pdb BC A 8.63293 31.1484 -11.1065 -6.63698 -12.5561 -22.9535 -0.991015 40.4383 -23.0148 4.36416 7.37537 2.74389 0 0 0 0.106474 2.09483 0 0 0 0 0 0.0176088 2.384 303 49 0 0 0
./complex_md-fit_310.pdb BC A 10.7313 31.7455 -10.0869 -4.77719 -12.8734 -21.4177 -0.942071 37.0402 -21.8208 3.25014 9.16382 2.07102 0 0 0 0.228646 2.34239 -0.00958749 0 0 0 0 0 2.384 303 49 1 1 0
./complex_md-fit_311.pdb BC A 9.21641 45.1449 -8.05476 -6.08767 -12.7604 -23.7929 -1.08901 41.4393 -23.7887 6.52191 8.33291 2.76206 0 0 0 0.407829 2.31965 2.77556e-17 0 0 0 0 0 2.384 303 51 3 3 0
./complex_md-fit_312.pdb BC A 13.1182 40.0473 -11.2785 -7.56051 -14.8786 -25.4849 -1.0554 44.3498 -25.808 6.35769 8.93019 3.58961 0 0 0 0.281642 2.51933 0 0 0 0 0 1.11022e-16 2.384 303 51 0 0 0
./complex_md-fit_313.pdb BC A 7.53791 35.2102 -11.9089 -7.83964 -15.8148 -22.6803 -1.05826 39.6956 -22.8268 4.17187 9.65908 4.29233 0 0 0 0.48647 3.47391 0 0 0 0 0 0.00544157 2.384 303 49 1 1 0
./complex_md-fit_314.pdb BC A 8.22924 30.4808 -10.6208 -4.94182 -14.0555 -23.1483 -0.980055 39.4211 -23.3721 4.44859 8.1076 3.66512 0 0 0 0.2346 2.09815 0 0 0 0 0 0 2.384 303 47 0 0 0
./complex_md-fit_315.pdb BC A 7.58214 36.8752 -6.56151 -6.55133 -13.0152 -22.5308 -0.929369 41.4051 -22.218 5.03517 8.99011 2.77703 0 0 0 0.475735 1.9177 0 0 0 0 0 0 2.384 303 45 0 0 0
./complex_md-fit_316.pdb BC A 8.23725 31.3773 -16.1568 -6.37718 -14.7615 -22.8274 -1.04846 37.5956 -23.1109 3.23166 7.44477 3.39034 0 0 0 0.278846 2.9172 0.0274643 0 0 0 0 0 2.384 303 48 0 0 0
./complex_md-fit_317.pdb BC A 7.53061 33.8707 -4.06469 -4.72152 -11.8936 -21.9939 -0.837396 40.556 -21.8582 5.18466 8.14012 3.09209 0 0 0 0.278043 2.41967 -0.0109269 0 0 0 0 0 2.384 303 49 1 1 0
./complex_md-fit_318.pdb BC A 6.70998 32.4688 -10.6695 -7.13794 -15.105 -23.4684 -0.751349 42.7181 -22.8706 2.12756 10.5959 2.84513 0 0 0 0.377071 2.67189 5.55112e-17 0 0 0 0 0 2.384 303 50 0 0 0
./complex_md-fit_319.pdb BC A 8.34932 28.0051 -12.0637 -6.6634 -16.3368 -23.8069 -1.17656 40.8616 -24.0774 5.17411 9.77326 3.63317 0 0 0 0.56372 2.29432 -0.00839327 0 0 0 0 0 2.384 303 47 1 1 0
./complex_md-fit_31.pdb BC A 7.43439 36.196 -13.719 -6.94186 -14.2432 -23.1794 -1.02128 40.1504 -22.9933 3.97045 7.1787 2.17441 0 0 0 1.13885 2.04313 0.0471493 0 0 0 0 0 2.384 303 50 0 0 0
./complex_md-fit_320.pdb BC A 10.1524 28.6672 -11.42 -7.11062 -14.9992 -23.7744 -1.02441 41.2129 -23.5924 4.50348 8.83364 3.90003 0 0 0 0.60861 2.08437 0.0223942 0 0 0 0 -1.11022e-16 2.384 303 49 2 2 0
./complex_md-fit_321.pdb BC A 8.03757 40.2068 -8.53088 -8.27305 -16.6035 -25.0139 -1.00227 45.3825 -24.5208 5.1701 11.9911 3.734 0 0 0 0.59591 2.7612 0.00898411 0 0 0 0 0 2.384 303 49 0 0 0
./complex_md-fit_322.pdb BC A 8.91502 32.4526 -13.3387 -7.36731 -17.4756 -22.4549 -1.06562 40.5703 -22.1228 2.53392 10.7448 2.96599 0 0 0 0.316173 1.86842 0.0164141 0 0 0 0 0 2.384 303 48 0 0 0
./complex_md-fit_323.pdb BC A 6.83006 33.0594 -13.773 -6.96928 -14.9432 -22.7866 -1.17676 37.8846 -22.5816 3.81947 8.78007 3.18271 0 0 0 1.01636 2.38481 0.00133851 0 0 0 0 0 2.384 303 49 0 0 0
./complex_md-fit_324.pdb BC A 7.88655 31.04 -8.35268 -6.87333 -10.0987 -23.5317 -0.813421 39.5714 -23.8535 6.3606 7.55638 3.07725 0 0 0 0.252308 3.08763 0 0 0 0 0 0 2.384 303 46 2 2 0
./complex_md-fit_325.pdb BC A 7.70315 32.3229 -12.4963 -5.46821 -9.9552 -23.9651 -0.827467 40.0449 -24.7771 2.91444 6.20685 2.90411 0 0 0 0.426406 3.17429 0 0 0 0 0 0 2.384 303 53 0 0 0
./complex_md-fit_326.pdb BC A 8.29003 35.8771 -16.2281 -8.45633 -13.0637 -22.976 -1.00695 38.6223 -23.5396 2.22758 7.74185 3.84937 0 0 0 0.373342 2.98872 0 0 0 0 0 0 2.384 303 49 0 0 0
./complex_md-fit_327.pdb BC A 7.34764 28.6152 -13.0417 -7.41262 -13.7229 -21.9956 -0.955026 36.8908 -22.1213 3.39046 8.38731 4.07691 0 0 0 0.428785 2.46861 -0.00852823 0 0 0 0 0 2.384 303 50 0 0 0
./complex_md-fit_328.pdb BC A 6.92432 33.0209 -13.1054 -8.78881 -12.3815 -23.8475 -0.913794 39.6003 -24.392 3.91669 9.50437 3.63059 0 0 0 0.547699 2.55691 0.0186446 0 0 0 0 0 2.384 303 51 0 0 0
./complex_md-fit_329.pdb BC A 8.19392 24.6104 -15.5228 -6.86878 -15.1321 -23.1927 -1.02242 40.5334 -23.6554 2.60322 7.89387 3.13591 0 0 0 0.182234 2.40214 1.11022e-16 0 0 0 0 0 2.384 303 51 0 0 0
./complex_md-fit_32.pdb BC A 7.07539 35.6929 -20.3583 -7.82576 -16.5311 -22.6013 -1.04255 37.9156 -22.841 2.41453 8.10939 1.85484 0 0 0 0.188935 2.18765 0 0 0 0 0 0 2.384 303 49 0 0 0
./complex_md-fit_330.pdb BC A 8.22152 26.8027 -12.1478 -7.17138 -8.46757 -23.1011 -0.820984 38.6238 -23.7278 3.18686 6.50923 2.68033 0 0 0 0.169006 2.21924 -0.0282371 0 0 0 0 0 2.384 303 47 0 0 0
./complex_md-fit_331.pdb BC A 7.36859 40.1538 -14.0645 -7.16346 -9.85073 -23.6344 -0.824654 39.4092 -24.4995 2.76968 6.65819 2.54898 0 0 0 0.494732 2.47526 0.0275011 0 0 0 0 0 2.384 303 48 0 0 0
./complex_md-fit_332.pdb BC A 9.23352 23.1448 -15.6889 -9.066 -11.6502 -24.5276 -0.894879 41.2689 -25.5517 2.03048 9.34775 3.14861 0 0 0 0.205732 2.32686 -2.77556e-17 0 0 0 0 0 2.384 303 51 0 0 0
./complex_md-fit_333.pdb BC A 8.89496 31.5475 -1.39017 -3.62082 -12.2235 -24.0122 -1.06486 43.7623 -24.6191 9.04035 7.92915 3.14065 0 0 0 0.273621 3.11791 0.00428684 0 0 0 0 0 2.384 303 49 2 2 0
./complex_md-fit_334.pdb BC A 9.79547 36.3898 -11.3996 -7.28558 -10.5801 -22.8455 -0.873876 37.9845 -23.0304 4.03665 6.74938 3.92224 0 0 0 0.500048 2.39416 0.0228817 0 0 0 0 0 2.384 303 47 1 1 0
./complex_md-fit_335.pdb BC A 9.6173 30.9421 -11.424 -6.6136 -12.3705 -23.7129 -0.838039 40.7112 -23.8752 4.32251 7.69405 3.12067 0 0 0 0.145883 2.67513 -0.0145735 0 0 0 0 0.00644826 2.384 303 51 2 2 0
./complex_md-fit_336.pdb BC A 6.8042 30.4154 -12.3807 -9.32129 -13.8313 -24.4335 -0.889802 42.6527 -24.9265 6.73644 8.08263 2.6135 0 0 0 0.947552 2.40824 -0.0112032 0 0 0 0 0 2.384 303 50 1 1 0
./complex_md-fit_337.pdb BC A 9.39689 37.2857 -7.17282 -9.11153 -11.129 -24.9571 -0.93281 44.1739 -25.2315 7.34077 10.0029 2.42443 0 0 0 0.2721 3.05804 -0.0249646 0 0 0 0 0 2.384 303 50 2 2 0
./complex_md-fit_338.pdb BC A 9.31228 34.0748 -11.6395 -9.88239 -11.3523 -23.2233 -0.849237 39.8202 -23.2855 3.69721 8.47354 4.64781 0 0 0 0.314476 2.53718 0 0 0 0 0 0 2.384 303 49 0 0 0
./complex_md-fit_339.pdb BC A 9.20889 39.0164 -10.9263 -5.17733 -10.9003 -23.6249 -0.847509 40.5817 -24.1847 4.55257 5.69446 2.61984 0 0 0 0.385415 3.76564 -0.0255831 0 0 0 0 0 2.384 303 47 0 0 0
./complex_md-fit_33.pdb BC A 8.8692 27.8278 -18.6105 -7.53622 -17.8203 -23.6959 -1.13478 41.5142 -23.6117 2.52197 9.37334 1.33013 0 0 0 0.442494 3.18113 0 0 0 0 0 0.00629289 2.384 303 50 0 0 0
./complex_md-fit_340.pdb BC A 9.58258 28.8849 -10.838 -7.13256 -13.1513 -22.8574 -0.851917 39.628 -23.0664 5.20902 7.45415 3.25543 0 0 0 0.674973 2.46131 0 0 0 0 0 0 2.384 303 48 2 2 0
./complex_md-fit_341.pdb BC A 8.68658 32.352 -15.7395 -6.53142 -17.4408 -24.1636 -1.14463 42.4159 -24.3108 3.33055 9.7397 2.171 0 0 0 0.190308 3.44029 0.00421523 0 0 0 0 0 2.384 303 50 0 0 0
./complex_md-fit_342.pdb BC A 11.0686 32.5051 -13.0234 -6.9674 -11.3183 -22.7427 -0.857592 37.4047 -23.0127 4.9246 6.65822 2.77215 0 0 0 0.115675 2.71758 -1.11022e-16 0 0 0 0 0 2.384 303 50 0 0 0
./complex_md-fit_343.pdb BC A 6.54443 36.0657 -12.2952 -5.10665 -11.7339 -22.8549 -0.903874 38.9112 -23.0559 2.9416 6.22667 3.03784 0 0 0 0.222211 3.88045 0.0204557 0 0 0 0 -1.11022e-16 2.384 303 48 0 0 0
./complex_md-fit_344.pdb BC A 10.3356 32.9677 -12.1154 -7.5906 -11.2477 -24.2904 -0.855141 42.1885 -24.7294 4.13877 7.95104 2.00172 0 0 0 0.304787 3.94329 0.012958 0 0 0 0 0 2.384 303 49 0 0 0
./complex_md-fit_345.pdb BC A 7.72156 31.2746 -12.9984 -8.67092 -15.2186 -24.4499 -1.00678 44.6789 -24.0382 1.45498 10.1383 3.61022 0 0 0 0.484616 2.44205 0.0190681 0 0 0 0 0 2.384 303 50 0 0 0
./complex_md-fit_346.pdb BC A 7.5945 27.2668 -8.45155 -7.34199 -12.8706 -22.9324 -1.08287 40.8319 -22.8413 4.35801 9.02609 3.90932 0 0 0 0.492355 2.45907 0 0 0 0 0 0 2.384 303 47 1 1 0
./complex_md-fit_347.pdb BC A 7.86974 32.3055 -14.8942 -7.4179 -15.225 -23.2567 -1.14655 39.3727 -23.1487 4.74942 7.66601 2.96414 0 0 0 0.548312 2.58799 0 0 0 0 0 0 2.384 303 50 0 0 0
./complex_md-fit_348.pdb BC A 7.41265 36.4496 -18.1161 -8.63473 -16.9245 -24.1116 -1.1366 41.302 -24.248 2.79012 9.83033 2.77148 0 0 0 0.24658 2.55107 -0.00114404 0 0 0 0 0 2.384 303 50 0 0 0
./complex_md-fit_349.pdb BC A 9.14868 32.6746 -8.98892 -7.92557 -13.9644 -25.0233 -1.11924 44.0889 -24.8666 7.24574 8.83865 3.38898 0 0 0 0.34788 4.23222 -1.38778e-17 0 0 0 0 0 2.384 303 48 2 2 0
./complex_md-fit_34.pdb BC A 7.9708 34.7793 -12.318 -7.61844 -13.4371 -23.5346 -0.982496 42.5501 -23.6242 4.43191 7.61625 1.98275 0 0 0 0.297691 3.76988 1.38778e-17 0 0 0 0 0 2.384 303 54 0 0 0
./complex_md-fit_350.pdb BC A 7.42191 32.3113 -13.6083 -6.54113 -14.4267 -24.3285 -1.0455 41.5611 -24.324 3.34826 8.20117 3.33456 0 0 0 0.592859 3.16804 0.0196271 0 0 0 0 0 2.384 303 54 0 0 0
./complex_md-fit_351.pdb BC A 8.52885 37.2363 -11.0182 -7.38635 -12.7379 -22.8881 -1.03465 39.2493 -22.9534 4.19056 8.56913 3.70668 0 0 0 0.266524 2.88011 0 0 0 0 0 0 2.384 303 47 0 0 0
./complex_md-fit_352.pdb BC A 7.80888 30.4183 -13.8908 -8.54624 -13.4645 -22.952 -1.04911 38.9889 -23.1078 4.20023 7.92749 3.8612 0 0 0 0.25101 1.90486 -5.55112e-17 0 0 0 0 0 2.384 303 51 0 0 0
./complex_md-fit_353.pdb BC A 6.50634 36.1478 -13.4577 -7.34787 -11.8904 -22.3538 -0.905189 38.0585 -22.7829 3.52136 6.58681 3.08128 0 0 0 0.564174 2.42405 0.0102265 0 0 0 0 0 2.384 303 52 0 0 0
./complex_md-fit_354.pdb BC A 8.7533 33.1051 -9.81207 -7.79098 -12.5757 -23.0658 -1.06031 41.2493 -22.8466 4.28161 8.18035 3.3527 0 0 0 0.441651 2.79596 0.0216394 0 0 0 0 0 2.384 303 50 1 1 0
./complex_md-fit_355.pdb BC A 7.04599 38.3863 -15.9615 -7.78796 -15.59 -22.2889 -1.19537 37.7574 -22.4744 3.94436 8.23857 2.40681 0 0 0 1.00103 2.29623 0.0224159 0 0 0 0 0.00451439 2.384 303 51 2 2 0
./complex_md-fit_356.pdb BC A 7.01171 38.5101 -11.367 -5.58125 -13.7102 -23.1335 -1.18054 40.08 -22.9281 4.43888 7.37687 2.70746 0 0 0 0.575418 2.59789 -0.0120443 0 0 0 0 0 2.384 303 49 1 1 0
./complex_md-fit_357.pdb BC A 8.64611 34.0713 -15.852 -9.05165 -15.616 -22.7403 -0.967423 39.9724 -22.2182 3.75063 7.0023 3.27084 0 0 0 0.736852 1.88635 0.00857398 0 0 0 0 0 2.384 303 49 0 0 0
./complex_md-fit_358.pdb BC A 9.18106 32.5244 -10.1401 -5.78796 -11.5216 -21.6485 -0.824151 37.9049 -21.7899 3.68783 6.57751 3.09917 0 0 0 0.162668 1.96542 -6.93889e-18 0 0 0 0 0 2.384 303 48 0 0 0
./complex_md-fit_359.pdb BC A 7.24973 30.2294 -13.738 -6.02376 -12.3016 -22.6847 -1.02521 38.3177 -22.7527 3.97564 6.15732 2.45741 0 0 0 0.146377 2.57562 -0.00442752 0 0 0 0 0 2.384 303 51 2 2 0
./complex_md-fit_35.pdb BC A 6.32832 28.7247 -12.3788 -6.70692 -13.3745 -24.0843 -0.908834 42.0544 -23.9129 2.87789 9.13484 2.01737 0 0 0 0.489635 2.67669 -5.55112e-17 0 0 0 0 0.0344841 2.384 303 47 0 0 0
./complex_md-fit_360.pdb BC A 7.65416 30.0801 -9.45111 -6.83727 -9.89492 -21.7307 -0.825156 37.4458 -21.6417 3.31038 6.67517 3.06755 0 0 0 0.973137 3.44365 0 0 0 0 0 0.00651699 2.384 303 52 0 0 0
./complex_md-fit_361.pdb BC A 9.33366 37.5647 -9.65892 -3.67007 -8.62102 -21.1687 -0.93327 34.3103 -21.3069 3.51002 4.17269 3.50024 0 0 0 0.523779 2.72975 0.024053 0 0 0 0 0 2.384 303 47 0 0 0
./complex_md-fit_362.pdb BC A 7.03007 41.4731 -11.2804 -5.28591 -10.9679 -23.1906 -0.993085 39.3193 -23.8034 4.07276 6.01856 2.72824 0 0 0 0.790686 3.53579 0.023082 0 0 0 0 0.00786701 2.384 303 49 1 1 0
./complex_md-fit_363.pdb BC A 12.0412 32.7532 -6.01258 -5.73606 -10.5434 -22.8256 -1.11307 39.9646 -22.9293 7.3326 6.34104 2.79353 0 0 0 0.703098 3.53306 0 0 0 0 0 0 2.384 303 54 1 1 0
./complex_md-fit_364.pdb BC A 8.25912 29.5465 -11.4569 -5.35535 -12.4272 -20.5868 -1.03322 34.8967 -20.8428 4.75479 6.43404 2.35328 0 0 0 0.338382 1.98739 -5.55112e-17 0 0 0 0 0.0113417 2.384 303 49 2 2 0
./complex_md-fit_365.pdb BC A 8.62073 36.0426 -7.09572 -4.77357 -9.50319 -21.0358 -0.936534 36.2764 -21.4341 4.99138 6.10278 2.75909 0 0 0 0.472457 3.32495 -0.014636 0 0 0 0 0 2.384 303 50 1 1 0
./complex_md-fit_366.pdb BC A 7.10862 29.3222 -16.8442 -9.03285 -11.8889 -22.3885 -0.962551 37.768 -22.7232 2.10828 6.20539 3.71249 0 0 0 0.337818 2.5264 0.019885 0 0 0 0 0 2.384 303 48 0 0 0
./complex_md-fit_367.pdb BC A 8.63517 30.4147 -10.8499 -7.96936 -11.6486 -22.1126 -0.922095 36.9987 -22.0676 5.75612 6.25861 4.15797 0 0 0 0.698897 2.28688 -5.55112e-17 0 0 0 0 0 2.384 303 51 1 1 0
./complex_md-fit_368.pdb BC A 7.46591 39.2315 -13.5182 -7.01467 -11.1908 -21.771 -1.08593 36.8837 -21.8864 2.62222 6.46517 3.16952 0 0 0 0.268448 2.24618 0.0214922 0 0 0 0 0 2.384 303 49 0 0 0
./complex_md-fit_369.pdb BC A 9.79283 36.4452 -12.9517 -6.36775 -13.1397 -21.7989 -1.07834 37.5818 -21.746 4.36581 6.97416 1.93394 0 0 0 0.294709 3.2048 0.0268404 0 0 0 0 0.00174272 2.384 303 47 1 1 0
./complex_md-fit_36.pdb BC A 9.93147 34.3903 -11.487 -8.18419 -13.4769 -23.7779 -1.02789 42.7326 -23.4059 4.09555 8.07278 3.27147 0 0 0 0.20916 2.12322 -0.0134247 0 0 0 0 0.0176128 2.384 303 48 1 1 0
./complex_md-fit_370.pdb BC A 7.37196 30.8854 -12.9748 -6.51785 -14.8293 -21.8926 -1.2974 38.6086 -21.734 3.70918 7.93002 2.91057 0 0 0 0.157668 2.2551 -0.0302597 0 0 0 0 0.0105532 2.384 303 50 1 1 0
./complex_md-fit_371.pdb BC A 7.04195 35.3454 -9.35529 -6.88651 -10.7599 -22.0056 -0.974714 38.771 -21.7749 3.33816 6.91731 3.86672 0 0 0 0.118007 2.13938 0.0343515 0 0 0 0 0.000744932 2.384 303 51 0 0 0
./complex_md-fit_372.pdb BC A 7.36398 37.5635 -13.5918 -5.79563 -14.3794 -21.6444 -1.33717 37.4909 -21.5768 3.76036 6.71627 2.93301 0 0 0 0.213735 2.21001 0.0199061 0 0 0 0 0.00733832 2.384 303 48 1 1 0
./complex_md-fit_373.pdb BC A 8.13764 29.9395 -11.6287 -4.16904 -12.112 -23.1561 -1.14835 39.07 -23.56 3.75644 6.80432 2.68766 0 0 0 0.196505 3.65466 0 0 0 0 0 0.00179857 2.384 303 47 1 1 0
./complex_md-fit_374.pdb BC A 8.7315 32.8773 -9.40539 -5.43606 -12.1125 -21.7555 -1.09942 38.7727 -21.5559 5.78315 5.20615 2.36383 0 0 0 0.439186 3.26833 -0.0109694 0 0 0 0 0 2.384 303 46 2 2 0
./complex_md-fit_375.pdb BC A 7.84197 23.8931 -6.49193 -4.22385 -11.5767 -22.5842 -1.13937 39.0225 -22.3797 6.29071 6.41381 2.84397 0 0 0 0.836256 3.71642 0 0 0 0 0 0.00460356 2.384 303 50 1 1 0
./complex_md-fit_376.pdb BC A 9.07095 32.0324 -5.87436 -5.24202 -10.996 -22.4897 -1.15268 40.0564 -22.4259 8.49104 5.77618 1.8059 0 0 0 0.297834 2.10035 0 0 0 0 0 0.00457817 2.384 303 51 2 2 0
./complex_md-fit_377.pdb BC A 8.92347 35.8944 -10.9598 -6.34215 -14.4402 -23.0653 -1.41104 40.5056 -22.9948 6.57249 7.77219 1.85525 0 0 0 0.564604 3.67394 0.0224796 0 0 0 0 0.0012519 2.384 303 54 2 2 0
./complex_md-fit_378.pdb BC A 8.05933 28.3627 -6.0031 -6.29411 -8.76086 -22.3954 -1.19702 38.9557 -22.7696 5.9608 6.65536 3.53172 0 0 0 0.285261 3.8391 0.00489389 0 0 0 0 0.0200415 2.384 303 46 1 1 0
./complex_md-fit_379.pdb BC A 7.99029 37.0667 -15.6673 -7.27739 -11.8671 -22.6033 -0.979879 37.9954 -22.9027 3.42742 6.50054 1.83438 0 0 0 0.207053 1.89769 -0.0109897 0 0 0 0 0.00936714 2.384 303 49 0 0 0
./complex_md-fit_37.pdb BC A 7.59688 28.4664 -11.7127 -6.79658 -11.9709 -24.2016 -0.993726 42.4065 -24.2036 2.91991 7.48021 2.82611 0 0 0 0.820937 3.0819 0 0 0 0 0 0 2.384 303 47 0 0 0
./complex_md-fit_380.pdb BC A 9.12188 39.1927 -16.3322 -7.18717 -12.7203 -22.7978 -1.10619 37.7581 -22.8631 3.74167 6.16065 2.5197 0 0 0 0.137594 2.25659 -0.00349073 0 0 0 0 0.0281464 2.384 303 49 1 1 0
./complex_md-fit_381.pdb BC A 6.83931 33.674 -13.6273 -7.18199 -12.9224 -22.4376 -1.12419 38.0212 -22.752 6.74319 6.23073 1.21882 0 0 0 0.571478 2.61118 0 0 0 0 0 0.00550609 2.384 303 53 2 2 0
./complex_md-fit_382.pdb BC A 7.17572 35.275 -12.7529 -5.77809 -12.2528 -22.4126 -1.14829 38.511 -22.6314 4.0176 6.16722 2.39242 0 0 0 0.363283 2.12625 0.0187404 0 0 0 0 0 2.384 303 48 2 2 0
./complex_md-fit_383.pdb BC A 8.69004 39.8986 -11.4179 -6.08812 -11.5823 -20.7674 -1.1116 34.6498 -20.7676 4.74816 7.25893 1.89343 0 0 0 0.317523 2.02717 0.0312436 0 0 0 0 0 2.384 303 48 1 1 0
./complex_md-fit_384.pdb BC A 7.92124 34.7267 -15.6724 -7.62512 -12.207 -21.8917 -1.15331 35.8326 -22.3869 4.67662 6.83731 1.85677 0 0 0 0.367391 2.28127 0.0209838 0 0 0 0 0 2.384 303 49 1 1 0
./complex_md-fit_385.pdb BC A 8.04427 37.2658 -9.63997 -6.05705 -12.2679 -22.3857 -1.16392 38.9765 -22.1424 6.34332 6.26173 2.29014 0 0 0 0.481855 2.11037 0.0235089 0 0 0 0 0 2.384 303 48 3 3 0
./complex_md-fit_386.pdb BC A 8.11005 32.7277 -9.34203 -6.53917 -15.0434 -23.5886 -1.29817 40.8333 -23.9637 9.53224 7.26794 3.2035 0 0 0 0.225067 2.46813 0.0290338 0 0 0 0 0 2.384 303 50 3 3 0
./complex_md-fit_387.pdb BC A 9.3834 28.4965 -5.56814 -4.21283 -9.83329 -22.7632 -1.07654 40.0291 -23.4141 8.35383 5.24587 1.99897 0 0 0 0.114989 2.01001 -0.0108461 0 0 0 0 0 2.384 303 52 3 3 0
./complex_md-fit_388.pdb BC A 6.42419 33.1696 -11.5921 -6.82334 -12.2949 -21.7691 -1.19324 36.9298 -21.8762 6.0139 7.11289 1.89344 0 0 0 0.390734 2.15413 0.0238253 0 0 0 0 0 2.384 303 51 2 2 0
./complex_md-fit_389.pdb BC A 11.2982 34.5544 -14.4448 -7.19497 -12.4202 -20.5777 -0.935021 35.6389 -20.4694 1.70244 6.71762 2.81734 0 0 0 0.253564 1.85663 0.0226117 0 0 0 0 0 2.384 303 45 0 0 0
./complex_md-fit_38.pdb BC A 9.01477 30.6891 -17.6044 -7.17982 -17.3087 -23.5846 -1.28059 40.3172 -23.7481 3.60011 9.08425 1.74778 0 0 0 0.752726 2.55516 -0.00975241 0 0 0 0 0.00492494 2.384 303 51 0 0 0
./complex_md-fit_390.pdb BC A 6.8496 31.62 -16.2896 -6.1447 -12.4734 -21.1349 -1.15228 34.9151 -21.4513 2.88454 5.7792 2.12498 0 0 0 0.31856 1.80612 0.0399312 0 0 0 0 0.00471994 2.384 303 50 1 1 0
./complex_md-fit_391.pdb BC A 7.56052 35.5795 -10.3338 -6.29265 -13.5383 -20.799 -1.20942 36.1983 -20.5692 5.09421 7.87063 2.5545 0 0 0 0.357062 1.86302 0 0 0 0 0 0 2.384 303 48 0 0 0
./complex_md-fit_392.pdb BC A 7.4949 38.0077 -6.73803 -4.0463 -9.12027 -22.1007 -1.03393 38.9862 -22.2617 3.89123 5.51059 3.13935 0 0 0 0.307998 2.16831 -0.0104195 0 0 0 0 0 2.384 303 49 0 0 0
./complex_md-fit_393.pdb BC A 6.24907 29.529 -18.0887 -7.03211 -13.988 -22.336 -1.13682 37.3293 -22.764 2.2769 6.96738 1.79841 0 0 0 0.796139 3.46458 0 0 0 0 0 0 2.384 303 47 0 0 0
./complex_md-fit_394.pdb BC A 10.7853 31.1195 -19.004 -9.69002 -15.1997 -23.988 -1.12906 39.7689 -24.6764 2.35641 10.2021 2.92034 0 0 0 0.44219 2.42522 -0.0107734 0 0 0 0 0 2.384 303 50 0 0 0
./complex_md-fit_395.pdb BC A 7.47509 28.0664 -7.75468 -5.07485 -8.91919 -23.3528 -0.957241 40.5206 -24.4672 4.32242 7.57616 2.1697 0 0 0 0.444217 2.33669 -0.0164359 0 0 0 0 0 2.384 303 51 0 0 0
./complex_md-fit_396.pdb BC A 6.99623 31.6522 -19.8709 -8.5429 -13.362 -23.4177 -1.08426 37.3572 -24.4113 3.66344 6.52594 2.88404 0 0 0 0.495804 2.0492 0.020895 0 0 0 0 0 2.384 303 51 0 0 0
./complex_md-fit_397.pdb BC A 7.92558 26.7305 -11.3821 -6.94687 -12.4194 -22.2524 -1.25587 38.9774 -22.1672 3.06316 7.86887 3.48161 0 0 0 0.245856 2.03791 0.0228445 0 0 0 0 0 2.384 303 48 1 1 0
./complex_md-fit_398.pdb BC A 9.1142 38.9197 -15.4483 -7.70964 -14.5462 -22.319 -1.20097 37.212 -22.1491 3.33307 7.86485 3.65699 0 0 0 0.366211 1.96888 0.0259892 0 0 0 0 0.0174927 2.384 303 47 2 2 0
./complex_md-fit_399.pdb BC A 6.99033 40.6513 -10.4379 -5.26154 -10.8273 -23.6509 -1.06907 41.3777 -23.9694 3.70463 6.73378 2.10195 0 0 0 0.381053 2.10919 0.0130502 0 0 0 0 0.028122 2.384 303 49 0 0 0
./complex_md-fit_39.pdb BC A 7.76305 39.4348 -5.49317 -6.14635 -12.098 -23.771 -0.946539 43.5033 -23.5836 7.04988 8.94161 1.27545 0 0 0 0.282137 2.34714 0 0 0 0 0 0 2.384 303 51 1 1 0
./complex_md-fit_3.pdb BC A 6.58733 35.2388 -4.17232 -5.21338 -11.1055 -24.4101 -0.96999 43.7984 -23.7819 7.44412 7.44076 2.37313 0 0 0 0.252095 2.33813 0 0 0 0 0 0 2.384 303 52 2 2 0
./complex_md-fit_400.pdb BC A 8.95538 30.5528 -10.9766 -6.03009 -13.8045 -23.6113 -1.04644 38.859 -23.8044 6.08009 8.42314 3.66485 0 0 0 0.303923 2.86266 -0.0190765 0 0 0 0 0.00815935 2.384 303 50 2 2 0
./complex_md-fit_401.pdb BC A 7.71052 23.5161 -9.30824 -7.28596 -11.3132 -23.2819 -1.14038 40.8382 -22.7064 4.46801 6.70549 4.19594 0 0 0 0.23317 2.32501 -0.0338737 0 0 0 0 0.0126587 2.384 303 48 1 1 0
./complex_md-fit_402.pdb BC A 8.18713 28.5482 -9.33301 -5.28395 -12.5762 -20.9602 -1.16898 37.6605 -20.7367 4.09412 7.12482 2.32795 0 0 0 0.177669 2.02484 0.00793158 0 0 0 0 0 2.384 303 49 2 2 0
./complex_md-fit_403.pdb BC A 6.52347 32.9083 -2.98531 -4.7718 -9.51278 -22.9528 -1.19557 41.6326 -22.6664 7.40868 5.99589 2.71043 0 0 0 0.366368 2.67607 0 0 0 0 0 0 2.384 303 48 0 0 0
./complex_md-fit_404.pdb BC A 7.37798 38.9737 -11.5992 -6.82825 -13.3285 -22.4381 -1.15899 38.8551 -22.3339 4.82798 7.25777 3.16178 0 0 0 0.395646 2.46398 -0.00975091 0 0 0 0 0 2.384 303 49 0 0 0
./complex_md-fit_405.pdb BC A 9.386 30.0544 -18.517 -8.01029 -18.1754 -22.264 -1.29647 38.6744 -21.8561 2.99318 7.28662 3.6071 0 0 0 0.483084 2.40592 0.037019 0 0 0 0 0.00400369 2.384 303 49 0 0 0
./complex_md-fit_406.pdb BC A 7.82069 38.0739 -8.8723 -7.31337 -14.1597 -21.833 -1.23471 38.772 -21.4469 5.47868 9.74529 2.79778 0 0 0 0.319141 2.2454 -0.0177522 0 0 0 0 0.0202258 2.384 303 48 2 2 0
./complex_md-fit_407.pdb BC A 8.93596 38.6814 -13.056 -7.48024 -14.1628 -22.6235 -1.22236 40.4555 -22.2949 4.19097 7.5014 2.16296 0 0 0 0.421146 2.40578 -0.00423472 0 0 0 0 0 2.384 303 48 1 1 0
./complex_md-fit_408.pdb BC A 8.71953 31.4807 -7.84446 -4.30764 -11.3823 -22.6278 -1.13872 40.669 -22.2696 4.25935 5.57967 3.14704 0 0 0 0.184356 3.66656 0.0258856 0 0 0 0 0.0163929 2.384 303 50 0 0 0
./complex_md-fit_409.pdb BC A 7.17245 32.8599 -10.2923 -5.84746 -14.3032 -22.3233 -1.19083 38.9586 -22.0278 4.86827 7.67883 3.84047 0 0 0 0.0456911 2.6498 -0.0402882 0 0 0 0 0.0486813 2.384 303 49 0 0 0
./complex_md-fit_40.pdb BC A 7.03461 33.0661 -13.0923 -8.06773 -15.0338 -23.0974 -1.1315 40.0906 -22.9575 6.38374 8.34392 2.27844 0 0 0 0.115623 2.32654 -0.0301743 0 0 0 0 0.0135686 2.384 303 50 2 2 0
./complex_md-fit_410.pdb BC A 8.22874 33.3282 -7.29236 -5.64711 -14.1906 -22.5026 -1.09141 42.06 -22.1523 5.92615 8.1081 2.1091 0 0 0 0.0775585 3.04464 -0.0208868 0 0 0 0 0.0317018 2.384 303 49 1 1 0
./complex_md-fit_411.pdb BC A 8.09908 29.6369 -18.7537 -7.23397 -12.6224 -22.5532 -0.978574 38.0925 -22.5116 0.949897 6.05806 1.61779 0 0 0 0.403226 3.83748 0.0245383 0 0 0 0 0 2.384 303 48 0 0 0
./complex_md-fit_412.pdb BC A 6.61492 31.6334 -5.9604 -6.32024 -14.1072 -22.6134 -1.36654 41.6207 -21.6937 7.74629 7.11707 3.40028 0 0 0 0.21545 2.31389 0.0408722 0 0 0 0 0 2.384 303 47 1 1 0
./complex_md-fit_413.pdb BC A 10.5857 36.2641 -10.9923 -6.91983 -14.2144 -22.602 -1.18706 40.7979 -22.1462 5.40021 7.18396 2.30691 0 0 0 0.40609 2.87875 -0.0178717 0 0 0 0 0 2.384 303 50 1 1 0
./complex_md-fit_414.pdb BC A 6.69263 34.9943 -10.0903 -7.99305 -11.2006 -22.4131 -1.06807 39.9597 -22.1108 5.09791 6.90502 2.57553 0 0 0 0.167393 2.62539 -0.0101656 0 0 0 0 0 2.384 303 50 0 0 0
./complex_md-fit_415.pdb BC A 8.97599 35.0525 -9.95837 -5.78739 -13.188 -22.4809 -1.00658 39.0669 -22.4443 5.14997 7.38048 3.06687 0 0 0 0.283902 2.03991 -0.0160076 0 0 0 0 0.0166492 2.384 303 50 0 0 0
./complex_md-fit_416.pdb BC A 7.38133 32.895 -8.75204 -6.54494 -11.0687 -22.7937 -1.02309 40.7374 -22.356 4.06297 7.0303 3.03084 0 0 0 0.179905 3.15053 -0.00698952 0 0 0 0 0 2.384 303 49 0 0 0
./complex_md-fit_417.pdb BC A 9.54854 33.0571 -5.92039 -6.77752 -9.34125 -23.524 -0.957508 42.361 -23.5402 5.12941 6.41067 4.11742 0 0 0 0.219933 2.70412 -0.0183213 0 0 0 0 0 2.384 303 48 0 0 0
./complex_md-fit_418.pdb BC A 10.9559 40.0798 -2.74623 -7.25508 -12.0532 -23.0449 -1.1061 42.8713 -22.7302 7.76429 10.0263 2.6782 0 0 0 0.11198 2.67771 -0.0168587 0 0 0 0 0.00812198 2.384 303 46 2 2 0
./complex_md-fit_419.pdb BC A 8.279 34.507 -14.3941 -8.8542 -14.0007 -23.5877 -1.30643 40.3592 -23.1162 4.1211 8.03442 3.83062 0 0 0 0.114192 2.97598 0.0115295 0 0 0 0 0 2.384 303 47 1 1 0
./complex_md-fit_41.pdb BC A 8.49479 34.3807 -2.46728 -5.38524 -10.9485 -24.4577 -0.979278 46.4722 -23.9858 5.81119 8.43362 2.20807 0 0 0 0.373379 1.90185 -0.00933809 0 0 0 0 0 2.384 303 54 0 0 0
./complex_md-fit_420.pdb BC A 8.64649 34.1345 -14.4571 -8.52003 -12.4529 -22.4011 -0.920322 38.6163 -22.0696 2.71768 6.9571 3.17385 0 0 0 0.45133 2.53123 -0.00955769 0 0 0 0 0 2.384 303 49 0 0 0
./complex_md-fit_421.pdb BC A 7.86344 35.0415 -13.2587 -7.22665 -12.7077 -21.6101 -1.18191 37.3198 -21.9286 4.68362 6.29819 2.54733 0 0 0 0.535032 2.64268 0 0 0 0 0 0.012339 2.384 303 49 2 2 0
./complex_md-fit_422.pdb BC A 7.17522 36.37 -16.6626 -8.38641 -16.5634 -22.8135 -1.27954 38.9556 -22.5216 4.84404 8.70091 2.18964 0 0 0 0.25062 2.86322 -0.0389387 0 0 0 0 0 2.384 303 49 1 1 0
./complex_md-fit_423.pdb BC A 7.54083 33.4823 -10.4417 -6.13584 -11.3505 -21.0533 -1.036 36.1247 -20.6789 3.46609 6.73761 2.47733 0 0 0 0.980325 2.60361 0.0267477 0 0 0 0 0 2.384 303 52 0 0 0
./complex_md-fit_424.pdb BC A 7.81305 42.2229 -4.21946 -4.87519 -9.88812 -21.5797 -1.12765 38.5306 -21.555 7.06306 6.34405 2.66236 0 0 0 0.206109 3.78624 -3.46945e-18 0 0 0 0 0 2.384 303 47 2 2 0
./complex_md-fit_425.pdb BC A 6.48666 27.1525 -12.8381 -7.35635 -14.5774 -22.7958 -1.25639 39.9925 -22.3631 5.08629 7.65306 2.39117 0 0 0 0.38793 2.08532 0 0 0 0 0 0 2.384 303 50 2 2 0
./complex_md-fit_426.pdb BC A 9.25399 30.552 -5.84072 -5.63965 -11.614 -22.4683 -1.00299 39.2117 -22.6078 7.76216 6.94822 3.44323 0 0 0 0.13609 2.12215 -0.00936631 0 0 0 0 0 2.384 303 51 2 2 0
./complex_md-fit_427.pdb BC A 7.53518 33.3224 -5.0194 -4.83113 -7.52703 -22.4003 -0.88984 38.8571 -22.3495 6.54882 5.01259 2.23105 0 0 0 0.27266 2.55798 0.0406914 0 0 0 0 0.0154152 2.384 303 51 0 0 0
./complex_md-fit_428.pdb BC A 8.36327 34.0533 -5.64905 -7.9105 -11.1361 -22.6071 -0.995337 41.9687 -22.0132 6.91545 7.06598 2.8163 0 0 0 0.218475 2.17072 0.0238969 0 0 0 0 0.00437806 2.384 303 53 3 3 0
./complex_md-fit_429.pdb BC A 8.3226 30.759 -5.55174 -4.66484 -10.2768 -21.9528 -1.01798 39.7417 -21.8334 5.86781 5.71358 2.72217 0 0 0 0.182636 2.39707 -0.0410458 0 0 0 0 0.00718873 2.384 303 50 1 1 0
./complex_md-fit_42.pdb BC A 6.84379 32.1172 -9.66382 -6.43609 -15.178 -23.7355 -1.13003 44.1918 -23.051 4.30965 8.83827 1.94015 0 0 0 0.586956 2.3957 0 0 0 0 0 0 2.384 303 51 0 0 0
./complex_md-fit_430.pdb BC A 9.01881 33.5443 -11.9618 -5.15652 -16.3232 -22.5668 -1.14001 40.7896 -22.3154 2.22132 8.92962 3.38735 0 0 0 0.203859 3.17025 -0.0071759 0 0 0 0 0.015416 2.384 303 54 0 0 0
./complex_md-fit_431.pdb BC A 7.48558 36.2713 -3.64023 -3.83687 -7.12542 -22.2774 -1.11582 39.7982 -21.9548 5.87244 5.37568 1.42711 0 0 0 0.141493 3.14138 0.035686 0 0 0 0 0.0195174 2.384 303 49 2 2 0
./complex_md-fit_432.pdb BC A 7.93734 30.4834 -7.65298 -5.39392 -13.5632 -24.4174 -1.37835 44.9425 -24.1796 5.84343 7.35171 2.667 0 0 0 0.45185 2.80981 0.0143522 0 0 0 0 0.00864002 2.384 303 53 2 2 0
./complex_md-fit_433.pdb BC A 7.46153 37.2076 -12.9694 -5.04127 -12.3556 -23.0647 -1.15834 39.5852 -23.1503 2.67931 7.19396 2.21836 0 0 0 0.145194 2.37338 -0.0243474 0 0 0 0 0.00318479 2.384 303 52 0 0 0
./complex_md-fit_434.pdb BC A 7.34358 28.3248 -9.81723 -7.08516 -10.3694 -21.5522 -1.12798 37.0902 -21.5089 5.63641 6.93555 1.67563 0 0 0 0.462528 2.10945 0.0117497 0 0 0 0 0.0143022 2.384 303 48 1 1 0
./complex_md-fit_435.pdb BC A 10.7397 39.1479 -11.3784 -5.20606 -12.0961 -22.2654 -1.11449 39.0207 -22.4944 3.75378 6.83337 1.62355 0 0 0 0.537661 2.23382 0.0234289 0 0 0 0 0.00550269 2.384 303 48 1 1 0
./complex_md-fit_436.pdb BC A 6.16467 37.5477 -6.66703 -3.79662 -11.3244 -22.5014 -1.21737 39.1069 -22.6732 6.591 6.79566 2.1244 0 0 0 0.197721 3.33574 0.0233029 0 0 0 0 0.00705726 2.384 303 49 2 2 0
./complex_md-fit_437.pdb BC A 8.19322 36.1054 -9.73067 -7.8955 -12.8142 -23.8112 -1.13262 41.1204 -24.1414 7.43735 8.2939 2.9635 0 0 0 0.246791 2.89011 -0.00928878 0 0 0 0 0.0116338 2.384 303 53 2 2 0
./complex_md-fit_438.pdb BC A 7.08228 37.4133 -6.31875 -5.49045 -11.7318 -22.6593 -1.30742 40.9081 -22.317 5.23081 6.8541 3.96356 0 0 0 0.178433 2.33367 0.0220946 0 0 0 0 0.030141 2.384 303 51 1 1 0
./complex_md-fit_439.pdb BC A 7.87899 31.349 -0.398 -4.75103 -7.27235 -22.4455 -1.05737 40.2292 -22.0884 8.75224 5.28954 2.7103 0 0 0 0.206968 2.99046 0.0206444 0 0 0 0 0.00772235 2.384 303 51 3 3 0
./complex_md-fit_43.pdb BC A 8.93742 32.4647 -17.7004 -8.43461 -16.3659 -23.1524 -1.02755 39.955 -23.0851 4.4843 7.96691 1.6671 0 0 0 0.335545 1.95334 -0.043631 0 0 0 0 0 2.384 303 51 2 2 0
./complex_md-fit_440.pdb BC A 8.12234 40.2501 -13.6091 -6.73918 -17.4891 -23.3606 -1.35399 40.3831 -23.0539 7.30988 7.40157 2.74711 0 0 0 0.544307 3.70474 -1.11022e-16 0 0 0 0 0.00169017 2.384 303 51 2 2 0
./complex_md-fit_441.pdb BC A 7.22368 31.8 -7.36882 -5.8399 -11.3035 -21.8316 -0.91323 39.0173 -21.6926 6.79376 5.88368 1.98397 0 0 0 0.534579 3.7264 -0.0013311 0 0 0 0 0 2.384 303 49 2 2 0
./complex_md-fit_442.pdb BC A 8.08859 35.8992 -8.25108 -8.26789 -11.1342 -23.1555 -1.02481 40.9636 -22.6453 5.4683 7.13507 3.66308 0 0 0 0.719989 3.09479 0.0264648 0 0 0 0 0 2.384 303 49 1 1 0
./complex_md-fit_443.pdb BC A 7.55261 35.5866 -4.7995 -5.95547 -10.6369 -21.8326 -1.17718 39.2528 -21.6413 5.74961 8.0974 3.10702 0 0 0 0.222671 2.37416 0.0144928 0 0 0 0 0 2.384 303 48 1 1 0
./complex_md-fit_444.pdb BC A 6.02027 32.33 -6.09563 -5.56335 -11.5456 -23.5283 -0.79712 41.3687 -23.8206 7.5016 7.06535 3.06584 0 0 0 0.122128 2.52802 0.0280875 0 0 0 0 0.00765694 2.384 303 51 2 2 0
./complex_md-fit_445.pdb BC A 7.45286 35.3617 -15.6676 -7.02051 -13.6473 -23.5746 -0.925411 39.3755 -23.7601 4.50177 7.00468 2.0677 0 0 0 0.286904 2.33025 0.0236968 0 0 0 0 8.92581e-05 2.384 303 52 2 2 0
./complex_md-fit_446.pdb BC A 7.83465 29.1029 -5.41863 -6.79646 -12.4741 -22.3858 -1.10561 40.7611 -21.5884 8.28077 7.38226 2.42976 0 0 0 0.0996883 2.19024 -0.030116 0 0 0 0 0.00825286 2.384 303 50 2 2 0
./complex_md-fit_447.pdb BC A 10.305 26.7553 -13.6209 -6.7861 -17.263 -23.4315 -1.34746 41.3821 -22.9898 4.67119 9.31462 2.64051 0 0 0 0.179085 3.28188 0.00941068 0 0 0 0 0 2.384 303 51 0 0 0
./complex_md-fit_448.pdb BC A 8.06812 36.774 -3.94822 -6.92884 -10.8094 -23.019 -1.2913 43.9014 -22.5269 6.26119 7.73399 2.32183 0 0 0 0.431239 2.46366 -0.0225259 0 0 0 0 0 2.384 303 50 1 1 0
./complex_md-fit_449.pdb BC A 8.21294 35.5025 -9.45821 -5.11856 -7.72609 -23.1649 -1.03801 40.0953 -23.5067 3.06795 5.89318 1.47519 0 0 0 0.559333 3.4174 0 0 0 0 0 0.00507206 2.384 303 50 0 0 0
./complex_md-fit_44.pdb BC A 7.09092 38.1613 -8.25837 -6.16404 -12.6571 -22.2835 -0.787981 40.1686 -21.9541 5.91784 6.74852 2.39386 0 0 0 0.369102 1.85209 -0.00952123 0 0 0 0 0 2.384 303 50 1 1 0
./complex_md-fit_450.pdb BC A 7.69308 41.0562 -10.9167 -6.35529 -11.6422 -23.6554 -1.11322 41.8076 -23.7598 5.7425 6.07038 1.73804 0 0 0 0.243663 3.63613 0.00705428 0 0 0 0 0 2.384 303 48 2 2 0
./complex_md-fit_451.pdb BC A 8.56262 35.4724 -8.46283 -6.37806 -10.8542 -23.965 -1.34256 42.5086 -23.673 5.76962 6.66895 2.53913 0 0 0 0.26892 2.33386 -0.0283559 0 0 0 0 0.0230991 2.384 303 52 1 1 0
./complex_md-fit_452.pdb BC A 9.98069 33.3552 -9.11882 -5.14666 -12.6158 -21.8068 -1.15725 39.0949 -21.4747 6.10307 5.84681 1.6909 0 0 0 0.350611 2.54288 -0.00384535 0 0 0 0 0 2.384 303 51 1 1 0
./complex_md-fit_453.pdb BC A 9.24677 35.3581 -8.76919 -6.26709 -14.3126 -23.7947 -1.16159 41.9127 -23.1272 5.64369 7.69704 4.44324 0 0 0 0.190427 2.73014 0.00697805 0 0 0 0 0 2.384 303 52 1 1 0
./complex_md-fit_454.pdb BC A 8.31614 37.1456 -10.1615 -5.77372 -13.0972 -22.4541 -1.1362 38.874 -22.2305 5.77846 6.60374 3.12342 0 0 0 0.147849 2.54002 0 0 0 0 0 0.00267351 2.384 303 49 0 0 0
./complex_md-fit_455.pdb BC A 8.68009 32.781 -4.23577 -5.18003 -9.98593 -21.8926 -1.25853 38.8526 -21.6904 8.4452 6.23749 2.09364 0 0 0 0.0956408 2.60838 0.0399539 0 0 0 0 0.00712738 2.384 303 47 1 1 0
./complex_md-fit_456.pdb BC A 7.11677 38.8878 -14.2287 -7.41933 -14.9389 -23.1962 -1.20944 39.353 -22.678 4.77075 7.96044 2.69619 0 0 0 0.405091 3.54665 0.02761 0 0 0 0 0 2.384 303 46 0 0 0
./complex_md-fit_457.pdb BC A 11.1917 37.8274 -7.17401 -7.05334 -13.145 -22.7802 -1.23918 39.8759 -22.2554 6.46163 9.05922 3.64931 0 0 0 0.223922 3.50055 7.61443e-05 0 0 0 0 0.0290316 2.384 303 48 1 1 0
./complex_md-fit_458.pdb BC A 6.03236 38.7612 -14.6834 -9.15951 -16.6918 -23.1254 -1.21591 39.9208 -22.8948 6.00956 8.97362 2.96043 0 0 0 0.539722 3.54129 0 0 0 0 0 0 2.384 303 51 2 2 0
./complex_md-fit_459.pdb BC A 8.39892 42.7893 -8.03775 -7.40916 -15.9325 -23.1623 -1.23164 42.5808 -22.463 7.06399 8.28343 3.99421 0 0 0 0.252262 2.67334 -0.0138923 0 0 0 0 0 2.384 303 50 2 2 0
./complex_md-fit_45.pdb BC A 7.18431 30.6635 -10.7735 -6.6627 -9.79888 -23.1896 -0.952331 40.6633 -23.5758 2.18605 7.49414 2.92414 0 0 0 0.153555 2.18831 -0.0253832 0 0 0 0 0.00995195 2.384 303 47 0 0 0
./complex_md-fit_460.pdb BC A 9.78243 36.9956 -12.9899 -8.9161 -17.6867 -24.1504 -1.10021 42.6018 -23.7111 4.22809 10.6143 4.77382 0 0 0 0.356562 2.8199 0 0 0 0 0 0 2.384 303 48 0 0 0
./complex_md-fit_461.pdb BC A 7.91629 37.3088 -13.3161 -7.52798 -12.931 -21.1801 -1.05814 37.2886 -20.84 3.5723 6.26653 2.76125 0 0 0 0.303547 2.22564 0.028774 0 0 0 0 1.11022e-16 2.384 303 48 0 0 0
./complex_md-fit_462.pdb BC A 6.46126 26.7775 -5.33839 -5.67079 -12.6749 -23.7626 -1.12982 42.8363 -23.5838 7.54617 7.11878 3.18013 0 0 0 0.810125 4.04225 -0.00804022 0 0 0 0 0 2.384 303 46 2 2 0
./complex_md-fit_463.pdb BC A 9.32156 33.8711 -9.21799 -6.36208 -13.8296 -22.2897 -1.28754 38.938 -21.8794 7.41727 6.7103 3.10769 0 0 0 0.235265 2.58806 0.0218456 0 0 0 0 0 2.384 303 48 2 2 0
./complex_md-fit_464.pdb BC A 8.36698 33.6031 -7.68062 -6.68622 -10.2579 -23.7591 -0.894844 40.4477 -24.0634 6.77164 7.65364 2.78982 0 0 0 0.325067 2.22082 -0.0200925 0 0 0 0 0.0131044 2.384 303 51 1 1 0
./complex_md-fit_465.pdb BC A 7.26288 36.0824 -9.48594 -6.22348 -11.6724 -22.5257 -0.961897 40.6484 -22.361 3.56488 7.02966 2.31439 0 0 0 0.715376 2.2982 -0.0324026 0 0 0 0 0.0180916 2.384 303 50 0 0 0
./complex_md-fit_466.pdb BC A 9.21462 36.6937 -8.89988 -5.88543 -12.4621 -22.5848 -1.00402 40.2092 -22.6734 5.31252 6.62456 2.99257 0 0 0 0.540853 2.27159 0.0300968 0 0 0 0 0 2.384 303 47 1 1 0
./complex_md-fit_467.pdb BC A 7.60598 34.2359 -1.74673 -4.55774 -12.2188 -21.9735 -1.03427 39.7878 -21.5299 8.66829 8.09552 2.87268 0 0 0 0.141141 1.91854 0 0 0 0 0 0.00205825 2.384 303 49 2 2 0
./complex_md-fit_468.pdb BC A 8.68753 41.8341 -9.39359 -7.21301 -13.7561 -21.8377 -1.15981 38.4166 -21.3291 4.51596 8.49222 3.84612 0 0 0 0.642454 3.34732 -0.0113226 0 0 0 0 0 2.384 303 48 1 1 0
./complex_md-fit_469.pdb BC A 9.32858 32.3847 -12.0084 -8.46663 -16.488 -22.8344 -1.10169 41.7184 -22.2281 5.01937 9.34187 2.96611 0 0 0 0.0987271 2.23117 -0.0340414 0 0 0 0 0 2.384 303 48 1 1 0
./complex_md-fit_46.pdb BC A 7.62848 29.4293 -7.57362 -4.38623 -11.8448 -22.6164 -1.1313 40.5815 -22.8146 5.63718 7.19079 1.59772 0 0 0 0.212557 2.15914 0 0 0 0 0 0 2.384 303 50 0 0 0
./complex_md-fit_470.pdb BC A 8.00582 37.6083 -9.60902 -8.18715 -13.5055 -23.0135 -1.0865 40.5579 -23.2229 7.00187 7.74964 3.40115 0 0 0 0.690655 2.30503 0 0 0 0 0 0.00523883 2.384 303 48 2 2 0
./complex_md-fit_471.pdb BC A 10.7483 34.6475 -9.01213 -6.58196 -16.1075 -23.2305 -1.29386 44.1809 -22.9204 2.73489 10.6149 3.18422 0 0 0 0.39867 2.31675 0 0 0 0 0 0.00843509 2.384 303 47 0 0 0
./complex_md-fit_472.pdb BC A 7.22695 41.9594 -8.96517 -7.92677 -15.6263 -25.8321 -1.08761 47.3915 -25.4175 7.06554 10.2381 1.8134 0 0 0 0.453119 3.03902 -0.0365208 0 0 0 0 0 2.384 303 49 3 3 0
./complex_md-fit_473.pdb BC A 6.4305 36.3725 -12.6016 -7.5985 -15.6571 -25.091 -1.08442 43.5019 -24.7746 6.04166 9.68965 2.22666 0 0 0 0.167808 3.4773 -0.0307377 0 0 0 0 0.00715506 2.384 303 48 2 2 0
./complex_md-fit_474.pdb BC A 8.31089 34.1982 -1.59563 -7.36906 -11.3141 -24.4185 -1.0254 45.6548 -24.419 7.89693 10.0527 3.03502 0 0 0 0.293389 2.98915 0.0139844 0 0 0 0 0.00354239 2.384 303 49 2 2 0
./complex_md-fit_475.pdb BC A 6.45155 40.6756 0.253055 -6.11619 -10.5881 -25.2273 -1.20736 44.7114 -25.5987 13.3066 8.75715 1.90507 0 0 0 0.262973 3.64078 0.0476288 0 0 0 0 0 2.384 303 52 3 3 0
./complex_md-fit_476.pdb BC A 7.78595 39.7128 -10.1947 -7.16556 -15.8248 -24.906 -1.23056 44.1528 -24.8842 7.15082 9.65561 2.54931 0 0 0 0.290753 2.37832 0.0170497 0 0 0 0 0 2.384 303 51 2 2 0
./complex_md-fit_477.pdb BC A 6.61118 34.2701 -8.62324 -6.85805 -12.6928 -23.9946 -1.18224 42.2136 -24.2306 7.51544 8.89712 1.61066 0 0 0 0.0982433 2.40036 0 0 0 0 0 0 2.384 303 50 2 2 0
./complex_md-fit_478.pdb BC A 9.83314 29.6753 -5.10994 -6.66181 -10.8313 -24.1024 -1.20204 42.112 -24.8295 10.5219 7.51111 1.95051 0 0 0 0.362043 4.2203 0.0501164 0 0 0 0 0.0094309 2.384 303 51 2 2 0
./complex_md-fit_479.pdb BC A 7.29549 39.6519 -7.78624 -6.89509 -11.112 -23.3723 -1.23036 41.5092 -23.6951 5.77924 8.13219 1.85897 0 0 0 1.24392 2.17569 -0.0131095 0 0 0 0 0.00817661 2.384 303 50 2 2 0
./complex_md-fit_47.pdb BC A 6.93757 34.9206 -12.787 -7.12196 -13.327 -23.2421 -1.00118 40.6472 -22.8767 4.5704 6.38116 2.73232 0 0 0 0.422112 2.61894 0 0 0 0 0 0.0287472 2.384 303 50 0 0 0
./complex_md-fit_480.pdb BC A 11.3169 35.8367 -9.9773 -4.43185 -11.0492 -22.5075 -1.00961 39.5287 -22.5838 3.91733 6.14087 1.76227 0 0 0 0.278799 3.58704 -0.028887 0 0 0 0 0.00553054 2.384 303 47 0 0 0
./complex_md-fit_481.pdb BC A 6.79272 30.2181 -6.62186 -6.10429 -14.1122 -21.7364 -1.17038 39.1265 -21.1721 6.82279 8.68105 2.68919 0 0 0 0.309764 2.18383 0.0439432 0 0 0 0 0.000243083 2.384 303 49 1 1 0
./complex_md-fit_482.pdb BC A 6.53525 33.4227 -12.7458 -6.74436 -17.064 -22.4551 -1.23363 39.1272 -22.1005 4.76758 8.9055 3.52215 0 0 0 0.507284 2.32124 0.0162189 0 0 0 0 0.0058112 2.384 303 46 1 1 0
./complex_md-fit_483.pdb BC A 6.68314 30.8279 -4.21285 -6.33343 -13.3432 -23.3814 -1.50265 43.6074 -22.7783 8.21124 8.43813 2.65766 0 0 0 0.203452 2.59923 0.00342198 0 0 0 0 0.00492006 2.384 303 48 2 2 0
./complex_md-fit_484.pdb BC A 7.84719 40.2837 -13.2327 -8.62728 -14.0858 -23.5466 -1.10269 41.5412 -23.6905 5.56328 8.34658 1.89702 0 0 0 0.483134 2.23133 -0.0109858 0 0 0 0 0 2.384 303 47 1 1 0
./complex_md-fit_485.pdb BC A 8.00825 31.3918 -8.06449 -6.70206 -12.03 -22.7486 -1.26177 40.9987 -22.8166 7.08767 6.49725 2.68598 0 0 0 0.220198 1.97322 0.00465701 0 0 0 0 0 2.384 303 49 0 0 0
./complex_md-fit_486.pdb BC A 7.70649 29.3622 -15.0596 -6.20754 -14.6832 -22.2952 -1.20261 39.2323 -22.0133 2.18277 8.14176 1.42916 0 0 0 0.359033 2.41813 -0.00276463 0 0 0 0 0 2.384 303 50 0 0 0
./complex_md-fit_487.pdb BC A 8.35762 32.067 -6.83716 -6.32373 -13.7052 -22.1118 -1.2964 40.0102 -21.6718 6.70628 7.40483 3.28068 0 0 0 0.873319 2.39896 -0.00355543 0 0 0 0 0 2.384 303 49 2 2 0
./complex_md-fit_488.pdb BC A 8.3922 40.3612 -3.30118 -4.72341 -9.50957 -21.3351 -1.02728 38.3991 -21.7088 6.19982 6.75236 3.08772 0 0 0 0.598467 2.67301 -0.0344598 0 0 0 0 0 2.384 303 47 2 2 0
./complex_md-fit_489.pdb BC A 8.69546 34.7785 -13.8526 -6.61543 -12.9429 -23.237 -1.21193 40.1801 -23.0987 4.37439 6.35241 2.12139 0 0 0 0.225085 2.4329 0 0 0 0 0 0 2.384 303 52 1 1 0
./complex_md-fit_48.pdb BC A 6.4344 34.7459 -17.0712 -9.47538 -14.1671 -22.7235 -0.969542 37.988 -23.2714 4.27958 7.23222 3.81683 0 0 0 0.233566 2.38232 -0.0146173 0 0 0 0 0 2.384 303 49 0 0 0
./complex_md-fit_490.pdb BC A 9.42979 37.188 -11.6696 -6.42839 -13.1767 -23.6299 -1.18847 41.2628 -23.4335 4.55637 6.24535 3.89215 0 0 0 0.194232 2.07465 0.014011 0 0 0 0 0.0225405 2.384 303 51 1 1 0
./complex_md-fit_491.pdb BC A 8.63922 36.523 -10.5389 -5.31107 -12.9356 -21.8681 -0.955664 38.2518 -22.0243 3.99138 7.194 2.63156 0 0 0 0.438006 3.31787 0.0491348 0 0 0 0 0 2.384 303 50 0 0 0
./complex_md-fit_492.pdb BC A 7.34903 38.9735 -14.2247 -7.22133 -13.2288 -22.4186 -1.12993 36.3706 -22.9364 4.47465 6.90045 4.22688 0 0 0 0.708039 2.4423 0.0297702 0 0 0 0 0 2.384 303 48 1 1 0
./complex_md-fit_493.pdb BC A 9.64811 35.2918 -7.0894 -6.65677 -10.2393 -20.9969 -1.0197 36.7836 -20.9776 6.14716 7.45466 2.17058 0 0 0 0.237936 2.33014 0.00694289 0 0 0 0 0 2.384 303 47 2 2 0
./complex_md-fit_494.pdb BC A 7.58523 43.6121 -13.9797 -6.77364 -13.864 -21.5027 -1.21649 36.4599 -21.5125 5.30275 6.03467 2.38625 0 0 0 0.711468 2.04987 -0.00546464 0 0 0 0 0 2.384 303 48 2 2 0
./complex_md-fit_495.pdb BC A 6.61633 32.3616 -7.65253 -4.48296 -11.9556 -23.0042 -1.32715 40.6186 -23.118 6.59996 5.96872 2.69345 0 0 0 0.309743 3.64719 0.0269718 0 0 0 0 0.0179227 2.384 303 50 2 2 0
./complex_md-fit_496.pdb BC A 7.40899 33.0877 -14.1592 -7.38944 -13.9968 -21.555 -1.08413 38.73 -21.6762 2.89246 7.30463 2.5354 0 0 0 0.0798015 2.19723 -6.93889e-18 0 0 0 0 0 2.384 303 46 0 0 0
./complex_md-fit_497.pdb BC A 7.11752 41.2387 -10.7621 -7.87744 -11.5132 -21.629 -1.27035 37.2552 -21.4424 5.83852 6.2194 2.97477 0 0 0 0.705765 2.32128 -0.0233591 0 0 0 0 0 2.384 303 48 1 1 0
./complex_md-fit_498.pdb BC A 7.76424 32.4551 -8.08127 -6.67981 -13.0637 -21.1467 -1.19859 37.7216 -21.0388 9.006 6.17826 1.98622 0 0 0 0.154302 3.20173 0 0 0 0 0 0 2.384 303 47 2 2 0
./complex_md-fit_499.pdb BC A 6.0786 36.851 -12.0041 -5.73554 -12.3996 -21.5756 -1.08801 36.1648 -21.8924 4.23106 6.41415 3.28605 0 0 0 0.568003 2.22113 0.0230358 0 0 0 0 0 2.384 303 45 0 0 0
./complex_md-fit_49.pdb BC A 7.53239 28.5434 -11.1429 -7.93026 -10.9829 -22.5892 -1.00222 38.497 -22.9585 6.26777 6.38133 2.71604 0 0 0 0.46889 1.89444 -0.0108185 0 0 0 0 0 2.384 303 50 2 2 0
./complex_md-fit_4.pdb BC A 7.31264 33.4249 -6.90941 -5.85049 -9.2407 -22.3727 -0.92259 39.4752 -22.3751 3.76551 7.5102 2.87658 0 0 0 0.218827 1.78995 0 0 0 0 0 0.00583464 2.384 303 47 0 0 0
./complex_md-fit_500.pdb BC A 7.74502 26.1159 -13.0728 -7.92643 -11.5513 -21.6845 -1.28485 37.4455 -21.617 3.0742 6.26259 3.96449 0 0 0 0.217358 2.30773 0.0272376 0 0 0 0 0 2.384 303 50 0 0 0
./complex_md-fit_501.pdb BC A 8.45604 36.1973 -10.0599 -6.80119 -10.8849 -20.8725 -1.08635 35.759 -21.1333 5.80016 5.95895 2.67087 0 0 0 0.504265 2.08403 0.0250744 0 0 0 0 0 2.384 303 46 2 2 0
./complex_md-fit_502.pdb BC A 7.90452 29.4153 -7.09131 -6.10905 -12.1952 -21.5705 -1.31576 38.6922 -21.4181 7.67775 5.77146 2.95122 0 0 0 0.395312 2.40471 0.0268655 0 0 0 0 0.00246452 2.384 303 48 2 2 0
./complex_md-fit_503.pdb BC A 8.79616 39.6314 -12.194 -6.33803 -10.8339 -22.2449 -0.853902 37.561 -22.226 3.92101 5.75168 2.49193 0 0 0 0.590816 2.82073 -0.0137159 0 0 0 0 0 2.384 303 49 1 1 0
./complex_md-fit_504.pdb BC A 10.8634 32.5176 -18.8924 -6.57898 -13.8373 -22.7952 -1.20999 37.8076 -23.5399 2.63515 5.92881 2.25728 0 0 0 0.410352 2.57231 0.023906 0 0 0 0 0.00584745 2.384 303 51 0 0 0
./complex_md-fit_505.pdb BC A 7.33537 34.9574 -10.9582 -6.8303 -13.4158 -21.5848 -1.23347 39.5006 -21.1806 3.05898 7.37066 2.89459 0 0 0 0.461892 2.6705 5.55112e-17 0 0 0 0 0 2.384 303 50 0 0 0
./complex_md-fit_506.pdb BC A 8.03259 29.5563 -16.1141 -7.59072 -16.0694 -22.3291 -1.1664 37.8753 -22.7254 4.49116 7.82893 3.0137 0 0 0 0.557968 4.00143 0 0 0 0 0 0 2.384 303 51 2 2 0
./complex_md-fit_507.pdb BC A 7.36251 32.0671 -18.4665 -7.2359 -14.2868 -22.3611 -0.957419 38.1737 -22.3357 2.0198 6.02749 2.23281 0 0 0 0.256514 2.26327 0 0 0 0 0 0 2.384 303 45 0 0 0
./complex_md-fit_508.pdb BC A 8.50272 34.7091 -17.1226 -7.77958 -14.0234 -22.5252 -1.2696 38.2714 -22.8085 3.5635 7.0059 1.88571 0 0 0 0.537881 2.4802 0 0 0 0 0 0.0193915 2.384 303 48 2 2 0
./complex_md-fit_509.pdb BC A 8.44253 41.2104 -11.8517 -7.31892 -13.1905 -22.9333 -1.10377 38.8576 -23.5543 6.24937 8.54268 2.26017 0 0 0 0.315326 3.51606 0.0240455 0 0 0 0 0 2.384 303 48 2 2 0
./complex_md-fit_50.pdb BC A 8.70696 37.0133 -14.446 -6.72322 -12.9065 -22.8969 -0.898929 38.5466 -23.6423 4.77819 6.13672 2.22591 0 0 0 0.936319 2.70002 -0.00491097 0 0 0 0 0.0029979 2.384 303 50 1 1 0
./complex_md-fit_510.pdb BC A 6.79891 33.139 -12.1599 -10.3277 -12.1977 -23.2974 -1.18884 40.1288 -23.787 6.49815 9.26934 2.12968 0 0 0 0.586243 2.21756 0.0265768 0 0 0 0 0 2.384 303 49 2 2 0
./complex_md-fit_511.pdb BC A 9.79465 35.4802 -13.6908 -9.14311 -14.4282 -23.7241 -1.28688 40.6047 -23.7904 6.23151 8.64324 2.71294 0 0 0 0.462085 2.80098 0.0274385 0 0 0 0 0 2.384 303 49 2 2 0
./complex_md-fit_512.pdb BC A 9.12858 34.8459 -9.29948 -6.74371 -12.9015 -22.0978 -1.22412 38.1325 -22.2001 7.37917 7.46424 2.57979 0 0 0 0.311944 2.63042 0 0 0 0 0 0 2.384 303 46 2 2 0
./complex_md-fit_513.pdb BC A 8.3643 38.254 -12.9807 -8.56033 -13.9816 -23.5261 -1.24231 40.2344 -23.5467 4.26549 9.95612 2.8334 0 0 0 0.599436 2.40866 -0.0125295 0 0 0 0 0 2.384 303 47 1 1 0
./complex_md-fit_514.pdb BC A 9.19919 37.0581 -13.2919 -8.01385 -12.1835 -22.7848 -1.23589 38.0385 -23.0938 4.89581 8.60694 2.28835 0 0 0 0.166538 2.59974 0.0239659 0 0 0 0 0 2.384 303 49 1 1 0
./complex_md-fit_515.pdb BC A 6.36814 36.4612 -14.6842 -7.92417 -13.5789 -22.06 -1.29063 38.2878 -22.0565 3.7561 7.11603 2.79913 0 0 0 0.266941 2.12626 0 0 0 0 0 0 2.384 303 48 0 0 0
./complex_md-fit_516.pdb BC A 9.83119 32.1337 -13.5999 -8.24922 -14.7374 -22.0867 -1.18033 38.4874 -21.9928 2.83678 9.37117 3.79356 0 0 0 0.136639 3.67153 0 0 0 0 0 0.0210384 2.384 303 50 0 0 0
./complex_md-fit_517.pdb BC A 11.0232 41.5132 -15.5553 -7.43076 -13.2827 -21.7985 -1.05582 36.6257 -22.0346 1.88373 8.19616 2.77731 0 0 0 0.564163 2.04302 -2.77556e-17 0 0 0 0 0 2.384 303 49 0 0 0
./complex_md-fit_518.pdb BC A 7.06634 33.263 -11.4266 -8.19622 -10.723 -21.6371 -1.08825 38.7742 -21.5391 2.73178 8.06778 1.77374 0 0 0 0.395234 2.21176 0.0144747 0 0 0 0 0 2.384 303 50 0 0 0
./complex_md-fit_519.pdb BC A 7.46643 38.6895 -15.4839 -8.54286 -13.232 -23.3296 -1.26153 40.4335 -23.6052 4.1045 7.14046 2.21411 0 0 0 0.594711 2.56373 0 0 0 0 0 0 2.384 303 52 2 2 0
./complex_md-fit_51.pdb BC A 8.09264 29.8667 -4.6961 -5.19938 -7.68889 -22.8939 -0.714173 40.5636 -23.2159 6.10863 6.02601 2.08223 0 0 0 0.242551 2.82409 -0.00689793 0 0 0 0 0 2.384 303 51 1 1 0
./complex_md-fit_520.pdb BC A 9.67817 30.7441 -10.5816 -6.44684 -11.4614 -21.6934 -1.10969 36.7407 -21.8398 4.51004 6.94106 3.47516 0 0 0 0.277584 2.35202 0.0227559 0 0 0 0 0.0022609 2.384 303 46 1 1 0
./complex_md-fit_521.pdb BC A 5.86372 37.0315 -9.93037 -6.35098 -14.0563 -22.3174 -1.34015 39.3127 -22.2478 5.76782 7.56255 3.48938 0 0 0 0.243494 3.24608 0 0 0 0 0 0.00626406 2.384 303 49 2 2 0
./complex_md-fit_522.pdb BC A 8.04936 43.7619 -9.23906 -6.26221 -11.7027 -21.7394 -1.15014 37.1934 -22.0726 6.32496 5.76113 3.37302 0 0 0 1.00688 2.29346 0.0218834 0 0 0 0 0.00673448 2.384 303 48 1 1 0
./complex_md-fit_523.pdb BC A 6.3435 35.8117 -12.7471 -6.79724 -13.2549 -21.8367 -1.12175 37.454 -21.8854 4.44772 5.75541 3.73687 0 0 0 0.765849 2.09164 -0.0109118 0 0 0 0 0 2.384 303 48 2 2 0
./complex_md-fit_524.pdb BC A 7.75391 31.1102 -8.00439 -5.77656 -14.9005 -22.3309 -1.16824 40.022 -21.8701 8.07836 7.32925 2.35893 0 0 0 0.225307 2.50968 0.0280597 0 0 0 0 0 2.384 303 49 2 2 0
./complex_md-fit_525.pdb BC A 8.94688 40.7719 -9.38245 -6.04173 -12.3784 -22.9863 -1.06629 39.0797 -23.0522 6.12622 6.50918 3.61889 0 0 0 0.77211 1.9489 0.00794376 0 0 0 0 0.0284879 2.384 303 51 2 2 0
./complex_md-fit_526.pdb BC A 10.0307 42.6063 -4.2007 -5.78042 -10.7036 -23.4237 -1.05892 41.9357 -23.5149 8.07767 5.36329 4.38017 0 0 0 0.523981 2.62079 0 0 0 0 0 0 2.384 303 52 3 3 0
./complex_md-fit_527.pdb BC A 9.9053 28.9497 -11.1726 -6.05085 -8.17003 -22.1967 -0.839018 37.3305 -22.5832 3.80548 4.14284 3.09948 0 0 0 0.23968 2.59845 0.049204 0 0 0 0 0 2.384 303 49 0 0 0
./complex_md-fit_528.pdb BC A 7.11542 32.6845 -6.34666 -5.24795 -9.3927 -22.0513 -1.14578 38.2778 -21.96 5.79665 6.19311 2.87013 0 0 0 0.35344 3.25377 -0.039958 0 0 0 0 0 2.384 303 46 1 1 0
./complex_md-fit_529.pdb BC A 9.53663 45.8239 -16.0324 -7.8689 -12.193 -22.5849 -1.05165 38.1511 -22.9955 3.81027 5.78663 2.56838 0 0 0 0.345233 2.5282 0 0 0 0 0 0 2.384 303 50 0 0 0
./complex_md-fit_52.pdb BC A 7.48539 40.6327 -14.147 -7.93082 -11.9415 -22.7926 -1.27316 39.621 -23.2776 3.23291 7.20741 1.60835 0 0 0 1.41105 2.80836 -0.011958 0 0 0 0 0 2.384 303 50 1 1 0
./complex_md-fit_530.pdb BC A 9.67272 34.5166 -10.4638 -7.05491 -12.2703 -21.2038 -1.2227 36.1713 -21.2353 6.01488 6.46234 3.599 0 0 0 0.270402 2.18267 0 0 0 0 0 0.00541073 2.384 303 50 1 1 0
./complex_md-fit_531.pdb BC A 7.49614 35.4022 -13.8544 -6.81662 -12.1342 -22.9746 -0.926059 38.2344 -23.3027 5.0675 5.48401 3.29012 0 0 0 0.213447 3.7653 0.010318 0 0 0 0 0 2.384 303 48 1 1 0
./complex_md-fit_532.pdb BC A 9.3714 39.3253 -11.1003 -5.00611 -12.141 -22.6145 -0.889518 38.4104 -23.0011 5.13231 6.30479 2.27288 0 0 0 0.421808 3.13497 0.00978411 0 0 0 0 0 2.384 303 50 2 2 0
./complex_md-fit_533.pdb BC A 8.45894 41.7401 -11.1401 -6.66008 -12.99 -22.3437 -1.04316 37.8511 -22.3351 4.9876 6.75227 4.02219 0 0 0 0.608036 2.33956 0.010719 0 0 0 0 0 2.384 303 50 1 1 0
./complex_md-fit_534.pdb BC A 5.51843 36.8901 -12.8133 -6.57634 -11.1816 -22.2026 -1.15229 36.7924 -22.6228 4.64944 5.96457 3.16656 0 0 0 0.358781 2.52779 -0.00945648 0 0 0 0 0 2.384 303 49 2 2 0
./complex_md-fit_535.pdb BC A 6.7968 32.4572 -8.42228 -6.03082 -10.6393 -22.4207 -1.10106 39.7655 -22.2051 5.42949 5.99599 2.36663 0 0 0 0.413205 2.39418 -0.00493611 0 0 0 0 0.00883245 2.384 303 48 1 1 0
./complex_md-fit_536.pdb BC A 7.7949 39.4332 -14.3325 -6.39056 -13.8294 -22.176 -1.00739 38.0265 -22.7146 3.724 6.01734 3.22705 0 0 0 0.807268 2.5482 -0.0168381 0 0 0 0 0 2.384 303 46 0 0 0
./complex_md-fit_537.pdb BC A 8.04277 32.9539 -10.3306 -5.26408 -14.7838 -21.9912 -1.04887 39.2782 -21.7341 6.20095 6.57805 2.27203 0 0 0 0.139167 2.7613 0.0231814 0 0 0 0 0 2.384 303 49 2 2 0
./complex_md-fit_538.pdb BC A 10.5497 41.6319 -13.9963 -6.73263 -14.4819 -23.1684 -1.29258 39.8831 -23.2258 5.14252 6.23354 3.07763 0 0 0 0.542537 2.82844 0.0257982 0 0 0 0 0 2.384 303 50 0 0 0
./complex_md-fit_539.pdb BC A 9.6742 37.6247 -16.5775 -7.7935 -14.5881 -22.7331 -1.05522 38.8714 -22.9038 3.5439 6.42382 3.49886 0 0 0 0.158199 2.3856 -1.11022e-16 0 0 0 0 0 2.384 303 51 0 0 0
./complex_md-fit_53.pdb BC A 7.33168 31.4997 -19.5107 -8.9601 -16.4565 -23.4307 -1.0553 39.2885 -24.5166 3.59976 8.32198 3.36975 0 0 0 0.315874 2.26513 0 0 0 0 0 0.0125261 2.384 303 49 0 0 0
./complex_md-fit_540.pdb BC A 7.93629 41.736 -16.5637 -7.48392 -14.6606 -22.816 -1.18637 39.1856 -23.7095 4.20207 6.70556 2.36471 0 0 0 0.887486 2.17202 -0.0528074 0 0 0 0 0 2.384 303 51 0 0 0
./complex_md-fit_541.pdb BC A 8.78722 35.7532 -10.5982 -5.45123 -15.2944 -23.6901 -1.12883 41.9364 -23.4572 5.20723 8.21581 2.59456 0 0 0 0.487086 1.9841 -0.0174958 0 0 0 0 0 2.384 303 50 0 0 0
./complex_md-fit_542.pdb BC A 9.32668 32.7477 -11.0339 -6.45837 -15.0932 -23.9067 -1.29995 42.3457 -23.9313 4.57822 8.00398 4.59315 0 0 0 0.117888 2.3857 -0.0038132 0 0 0 0 0.0205552 2.384 303 51 1 1 0
./complex_md-fit_543.pdb BC A 7.06053 29.8742 1.33566 -5.02132 -9.82275 -24.1757 -1.13919 45.223 -24.1118 8.43392 7.95338 3.6558 0 0 0 0.312814 2.54411 0.0274476 0 0 0 0 0 2.384 303 51 1 1 0
./complex_md-fit_544.pdb BC A 7.91382 35.371 -9.33301 -8.34945 -16.229 -23.8936 -1.30546 41.3168 -24.19 9.30349 10.1615 3.67041 0 0 0 0.190897 2.49536 -0.00860392 0 0 0 0 0 2.384 303 50 2 2 0
./complex_md-fit_545.pdb BC A 7.96965 39.048 -15.1767 -7.18363 -16.8165 -22.307 -1.22771 38.5715 -21.6394 4.1553 8.80195 2.10886 0 0 0 0.340122 3.41227 0.0197729 0 0 0 0 0 2.384 303 50 2 2 0
./complex_md-fit_546.pdb BC A 8.3669 29.906 -14.5978 -7.07876 -13.6113 -22.2341 -1.22288 37.2854 -22.2692 3.81218 7.2969 2.98342 0 0 0 0.443899 2.01968 -0.00334968 0 0 0 0 0 2.384 303 48 0 0 0
./complex_md-fit_547.pdb BC A 7.11826 35.1663 -16.0031 -8.30793 -14.1381 -22.8869 -1.35476 37.9419 -22.9255 4.01346 8.25709 2.79144 0 0 0 0.57811 2.47982 0.0094781 0 0 0 0 0.018661 2.384 303 53 2 2 0
./complex_md-fit_548.pdb BC A 9.84261 39.4915 -10.8102 -7.69634 -12.2691 -22.4609 -1.08552 38.1213 -22.6641 6.9958 7.19694 2.7288 0 0 0 0.32293 2.24859 0 0 0 0 0 0 2.384 303 53 1 1 0
./complex_md-fit_549.pdb BC A 8.33278 36.9858 -12.3965 -7.97144 -13.7021 -23.5564 -1.22706 40.007 -23.5081 5.55048 7.76771 3.53524 0 0 0 0.717947 2.37626 -0.00974965 0 0 0 0 0 2.384 303 52 0 0 0
./complex_md-fit_54.pdb BC A 8.27161 31.8058 -16.1125 -10.4401 -15.1397 -23.2396 -1.06668 40.4543 -23.1805 4.10692 9.45115 2.52305 0 0 0 0.411192 2.08496 -0.0125328 0 0 0 0 0.0200546 2.384 303 48 0 0 0
./complex_md-fit_550.pdb BC A 10.6216 34.7951 -16.8558 -6.32128 -12.7683 -21.933 -1.06495 35.6244 -22.6105 3.59602 6.29556 1.82617 0 0 0 0.441457 2.18547 0.0585805 0 0 0 0 0 2.384 303 48 0 0 0
./complex_md-fit_551.pdb BC A 7.12634 38.7274 -14.8766 -8.61148 -13.2393 -23.032 -1.08224 38.2007 -23.8686 5.23558 8.46642 2.89844 0 0 0 0.115964 2.16721 0.0398684 0 0 0 0 0 2.384 303 51 1 1 0
./complex_md-fit_552.pdb BC A 7.52303 36.276 -8.42744 -7.20118 -8.24006 -22.0951 -0.860506 36.7596 -22.3642 4.35922 6.0176 4.79427 0 0 0 0.39943 2.54167 0.00344911 0 0 0 0 0 2.384 303 49 2 2 0
./complex_md-fit_553.pdb BC A 8.6194 35.6189 -13.686 -6.38887 -9.27013 -22.2688 -0.980973 35.229 -23.4907 5.04351 5.10869 3.18778 0 0 0 0.109697 2.12939 0.0214076 0 0 0 0 0.0133729 2.384 303 48 0 0 0
./complex_md-fit_554.pdb BC A 6.5974 36.7251 -7.311 -5.12576 -11.5146 -23.8884 -1.00651 40.9703 -23.8784 8.1873 5.9705 2.22181 0 0 0 0.752705 2.2787 0 0 0 0 0 0 2.384 303 51 2 2 0
./complex_md-fit_555.pdb BC A 9.20863 44.8813 -11.0973 -7.04028 -9.97054 -23.0007 -1.07145 39.7284 -22.6474 4.48598 5.16386 2.67438 0 0 0 0.542338 2.15427 0.0190129 0 0 0 0 0.0190464 2.384 303 51 1 1 0
./complex_md-fit_556.pdb BC A 9.14266 42.7439 -9.77364 -6.4564 -9.01379 -23.0896 -0.986485 40.7098 -22.9895 3.23423 5.54847 2.62188 0 0 0 0.702489 2.22713 -0.0546606 0 0 0 0 0 2.384 303 47 0 0 0
./complex_md-fit_557.pdb BC A 8.79183 41.4877 -4.61571 -4.96013 -11.5692 -24.0298 -1.00876 41.0418 -24.1534 7.7928 8.29874 3.63774 0 0 0 0.361295 2.45843 -0.0315073 0 0 0 0 0.00467924 2.384 303 52 2 2 0
./complex_md-fit_558.pdb BC A 7.61842 30.3965 -14.5275 -7.36209 -11.8356 -23.9917 -1.07912 39.6115 -24.2468 4.44593 6.55331 3.12214 0 0 0 0.252985 2.77288 -0.00291126 0 0 0 0 0.00492371 2.384 303 50 2 2 0
./complex_md-fit_559.pdb BC A 9.37542 35.799 -7.16913 -5.90269 -7.64695 -23.5623 -0.957757 38.8344 -24.0521 5.74146 6.51812 3.42907 0 0 0 0.458897 2.31597 -0.0292718 0 0 0 0 0 2.384 303 49 1 1 0
./complex_md-fit_55.pdb BC A 6.09964 37.3133 -10.6175 -8.11592 -12.6541 -22.885 -1.02679 39.7322 -23.1461 5.91985 8.34937 2.80217 0 0 0 0.422597 3.05052 -0.0158471 0 0 0 0 0 2.384 303 49 0 0 0
./complex_md-fit_560.pdb BC A 10.5956 38.8636 -5.92592 -5.45305 -8.79753 -23.5862 -1.04462 40.3628 -23.9945 7.82535 6.10123 2.39971 0 0 0 0.26091 2.27752 0 0 0 0 0 0 2.384 303 50 2 2 0
./complex_md-fit_561.pdb BC A 10.3511 37.0444 -3.27874 -6.41512 -9.39296 -24.0602 -1.00143 40.7525 -24.0699 9.47863 7.75523 3.3168 0 0 0 0.399903 2.7268 -0.0422498 0 0 0 0 0 2.384 303 45 2 2 0
./complex_md-fit_562.pdb BC A 7.94547 35.0994 -10.9519 -6.75004 -8.98772 -23.6696 -0.990562 39.2444 -24.1614 3.99802 7.47185 2.57387 0 0 0 0.319288 2.33441 0 0 0 0 0 0 2.384 303 48 0 0 0
./complex_md-fit_563.pdb BC A 8.34326 34.8442 -13.5067 -6.1877 -10.6885 -24.0789 -1.03528 40.2717 -24.095 3.72307 6.01565 1.72063 0 0 0 0.81689 2.40158 0.0308612 0 0 0 0 0 2.384 303 48 0 0 0
./complex_md-fit_564.pdb BC A 7.13712 37.2298 -11.5813 -7.40786 -12.3101 -23.2469 -1.02546 40.8872 -23.0186 5.01335 6.02156 3.14421 0 0 0 0.361362 2.94261 0 0 0 0 0 0 2.384 303 47 0 0 0
./complex_md-fit_565.pdb BC A 7.70162 33.1019 -11.7401 -7.50356 -9.47438 -24.7029 -1.02281 41.7105 -25.2913 5.09398 6.05342 2.79885 0 0 0 0.611 2.29024 -0.0129312 0 0 0 0 0 2.384 303 50 1 1 0
./complex_md-fit_566.pdb BC A 7.89941 32.9641 -10.9144 -9.25375 -9.61815 -24.4582 -0.938898 41.3897 -24.8202 5.08799 8.31797 3.23858 0 0 0 0.190771 2.26583 -0.0501458 0 0 0 0 0 2.384 303 47 1 1 0
./complex_md-fit_567.pdb BC A 8.31781 40.6618 -7.12047 -6.70614 -9.76278 -24.749 -1.10822 42.9825 -25.1659 6.09218 7.22934 3.51885 0 0 0 0.572686 2.62264 -0.0240504 0 0 0 0 0 2.384 303 50 2 2 0
./complex_md-fit_568.pdb BC A 6.92828 32.5829 -6.23486 -6.33399 -7.85174 -24.1579 -0.965192 39.8962 -24.5353 7.83925 5.8235 3.59113 0 0 0 0.465988 2.84806 -0.00683938 0 0 0 0 0 2.384 303 48 1 1 0
./complex_md-fit_569.pdb BC A 7.42969 37.7937 -6.26015 -8.20819 -11.2282 -24.1815 -1.02185 42.1578 -23.8559 7.01851 8.63307 3.64704 0 0 0 0.75221 2.40098 0.026858 0 0 0 0 0 2.384 303 48 1 1 0
./complex_md-fit_56.pdb BC A 6.91708 28.6926 -18.4424 -9.07776 -13.4861 -22.6872 -1.03724 37.8702 -23.221 2.24772 7.41945 2.5857 0 0 0 0.943742 2.02892 -1.11022e-16 0 0 0 0 0 2.384 303 49 0 0 0
./complex_md-fit_570.pdb BC A 7.22155 37.2756 -12.5816 -7.12763 -11.0407 -23.8218 -1.04811 41.258 -24.2767 3.41963 6.61154 3.31354 0 0 0 0.157654 2.22585 -0.0269957 0 0 0 0 0 2.384 303 50 0 0 0
./complex_md-fit_571.pdb BC A 8.57612 33.6024 -14.6452 -7.37628 -11.2959 -23.2751 -0.983426 38.8734 -23.6694 3.86608 7.1446 1.79375 0 0 0 0.279659 2.19895 -0.00266826 0 0 0 0 0 2.384 303 48 1 1 0
./complex_md-fit_572.pdb BC A 6.88485 35.0841 -10.5758 -8.00843 -10.0526 -24.454 -0.98357 40.8717 -25.1239 6.50604 7.03805 3.29784 0 0 0 0.304047 3.78987 5.55112e-17 0 0 0 0 0.0290964 2.384 303 49 2 2 0
./complex_md-fit_573.pdb BC A 9.98214 33.5752 -6.87177 -7.35265 -11.3527 -24.5554 -1.19751 42.9016 -24.5222 7.86528 7.06317 3.95273 0 0 0 0.336041 2.75294 -0.0101489 0 0 0 0 0 2.384 303 46 2 2 0
./complex_md-fit_574.pdb BC A 6.71762 38.1262 -15.207 -9.08804 -12.9716 -24.8971 -1.15783 41.3364 -25.4499 3.61771 8.90896 3.84766 0 0 0 0.646703 2.42221 0 0 0 0 0 0 2.384 303 48 0 0 0
./complex_md-fit_575.pdb BC A 8.30876 36.3603 -7.67653 -7.24355 -9.3944 -24.2007 -1.08589 41.5343 -24.3267 6.58933 7.31097 2.92762 0 0 0 0.216496 2.4496 -0.00397291 0 0 0 0 0 2.384 303 49 1 1 0
./complex_md-fit_576.pdb BC A 8.09006 37.4447 -8.71584 -5.94482 -11.2383 -24.0337 -0.935865 40.6959 -23.8737 5.26169 6.34857 4.79788 0 0 0 0.17954 2.6061 0 0 0 0 0 0.0268839 2.384 303 48 0 0 0
./complex_md-fit_577.pdb BC A 11.6597 31.199 -12.1363 -9.44012 -10.3335 -25.9364 -1.03143 44.1785 -26.4994 4.20403 8.33041 3.96947 0 0 0 0.40157 2.69258 0.0123164 0 0 0 0 0.00828021 2.384 303 50 1 1 0
./complex_md-fit_578.pdb BC A 9.38311 32.251 -11.7279 -9.22703 -10.7806 -24.3716 -0.952284 42.1564 -24.5993 4.23186 7.87102 3.59993 0 0 0 0.37333 2.54846 -0.0296644 0 0 0 0 0 2.384 303 49 0 0 0
./complex_md-fit_579.pdb BC A 6.38032 30.4253 -10.0824 -7.59581 -10.1577 -23.9455 -0.993131 41.1863 -24.1986 5.1801 5.93032 3.44487 0 0 0 1.06681 2.14755 0 0 0 0 0 0 2.384 303 49 0 0 0
./complex_md-fit_57.pdb BC A 7.28844 35.6242 -15.6254 -8.92915 -11.7321 -24.2852 -1.02103 40.9773 -25.0601 4.51302 7.76973 1.68376 0 0 0 0.4555 2.39326 -0.0105955 0 0 0 0 0.0134629 2.384 303 50 0 0 0
./complex_md-fit_580.pdb BC A 8.60782 34.8143 -10.4077 -6.27063 -12.6657 -24.3847 -1.01717 41.9818 -24.7691 4.93701 7.36208 3.97363 0 0 0 0.424923 2.59234 0.020002 0 0 0 0 0 2.384 303 46 0 0 0
./complex_md-fit_581.pdb BC A 8.78285 34.4465 -7.59752 -6.08931 -8.43478 -22.6763 -0.97012 39.4151 -22.6239 4.54376 5.46232 2.91576 0 0 0 0.846418 1.98956 0 0 0 0 0 0.013517 2.384 303 49 2 2 0
./complex_md-fit_582.pdb BC A 9.65655 27.2405 -5.70117 -5.4108 -8.18661 -24.0637 -0.973396 41.1281 -24.6713 5.55202 6.27372 4.20309 0 0 0 0.44778 2.36875 0 0 0 0 0 0 2.384 303 46 1 1 0
./complex_md-fit_583.pdb BC A 7.9038 40.3039 -7.6169 -6.3358 -10.2814 -22.8906 -1.04771 40.0696 -23.3016 5.99135 6.48047 3.37207 0 0 0 0.302534 1.99585 0.0242409 0 0 0 0 0 2.384 303 50 2 2 0
./complex_md-fit_584.pdb BC A 7.33155 38.2583 -10.6083 -6.41052 -8.17894 -22.4882 -0.792439 37.5393 -23.0461 3.98445 5.36729 2.60719 0 0 0 0.809561 2.82715 0.000190615 0 0 0 0 0 2.384 303 46 0 0 0
./complex_md-fit_585.pdb BC A 8.94297 38.5166 -10.1413 -7.14314 -11.0879 -22.1536 -0.829457 38.1986 -22.383 5.39648 6.40935 2.94794 0 0 0 0.466319 2.805 0.0372063 0 0 0 0 0 2.384 303 49 0 0 0
./complex_md-fit_586.pdb BC A 8.71731 28.6801 -6.73962 -6.48046 -8.76489 -22.3671 -0.793626 38.9482 -22.6764 4.78413 5.64761 4.52344 0 0 0 0.401389 2.28042 0.0380937 0 0 0 0 0 2.384 303 49 0 0 0
./complex_md-fit_587.pdb BC A 6.92835 31.6577 -11.865 -7.59011 -11.368 -23.4573 -0.992622 39.9749 -23.7666 3.77946 8.59646 2.51733 0 0 0 0.451918 2.27663 -0.0104186 0 0 0 0 0 2.384 303 49 0 0 0
./complex_md-fit_588.pdb BC A 7.0894 30.0431 -4.47268 -7.64886 -7.41031 -23.3836 -1.02361 40.9763 -23.2585 5.85918 7.01247 3.98692 0 0 0 0.420928 2.45676 -0.00358752 0 0 0 0 0 2.384 303 54 2 2 0
./complex_md-fit_589.pdb BC A 8.407 42.0372 -10.7309 -7.26487 -10.9843 -23.6417 -0.88172 40.1177 -24.3132 5.74154 5.56887 4.32689 0 0 0 0.572324 2.48586 0.0276547 0 0 0 0 0 2.384 303 52 1 1 0
./complex_md-fit_58.pdb BC A 6.78727 27.2713 -13.7974 -7.07628 -12.8997 -22.6637 -1.12806 38.7873 -22.7781 4.83714 7.3003 1.71424 0 0 0 0.112561 2.07955 -0.00310484 0 0 0 0 0 2.384 303 51 0 0 0
./complex_md-fit_590.pdb BC A 8.39922 36.6547 -7.78149 -5.28992 -11.063 -22.8622 -0.903464 40.5072 -22.9145 3.75819 6.89186 3.62136 0 0 0 0.472973 2.08442 0 0 0 0 0 0 2.384 303 47 0 0 0
./complex_md-fit_591.pdb BC A 8.51605 31.4041 -8.9955 -5.64561 -8.69977 -22.2992 -0.986026 37.9431 -22.2692 4.66973 4.723 3.20566 0 0 0 0.33054 3.851 0.0322974 0 0 0 0 0 2.384 303 47 1 1 0
./complex_md-fit_592.pdb BC A 10.0096 37.4236 -7.38416 -5.65996 -8.36725 -20.8948 -0.935223 36.5266 -20.6884 5.09974 4.89941 2.16411 0 0 0 0.47161 2.20974 5.55112e-17 0 0 0 0 0 2.384 303 44 1 1 0
./complex_md-fit_593.pdb BC A 7.41543 35.1743 -10.844 -6.78223 -11.9602 -22.8382 -0.959788 39.7795 -22.7896 7.21311 5.60685 1.56469 0 0 0 0.301599 2.62113 0.0202422 0 0 0 0 0 2.384 303 49 2 2 0
./complex_md-fit_594.pdb BC A 10.1151 30.0812 -4.72651 -6.26394 -8.75911 -21.9521 -0.99692 37.7918 -22.0479 8.21063 5.80286 3.14567 0 0 0 0.320078 2.34873 0.0224135 0 0 0 0 0 2.384 303 47 2 2 0
./complex_md-fit_595.pdb BC A 8.29574 36.0725 -7.48066 -5.22922 -10.1039 -22.5294 -0.938808 38.645 -22.4472 5.00959 5.72336 3.78312 0 0 0 0.595643 2.39619 0.0111549 0 0 0 0 0 2.384 303 50 0 0 0
./complex_md-fit_596.pdb BC A 7.97988 31.0667 -14.084 -6.72837 -9.24657 -22.3636 -0.846704 36.7456 -22.7512 3.37505 4.84513 2.18813 0 0 0 0.698548 2.70401 0 0 0 0 0 0 2.384 303 50 0 0 0
./complex_md-fit_597.pdb BC A 9.17515 36.4393 -8.28876 -5.63013 -11.4471 -21.5975 -0.990327 36.5364 -21.9032 6.56511 6.5204 3.26816 0 0 0 0.389445 2.61601 0 0 0 0 0 0 2.384 303 51 1 1 0
./complex_md-fit_598.pdb BC A 8.47967 38.8906 -7.14095 -5.6826 -11.496 -22.4865 -1.03311 39.7967 -22.2031 6.49798 5.99079 3.27727 0 0 0 0.177754 2.2777 0 0 0 0 0 0.0198079 2.384 303 49 2 2 0
./complex_md-fit_599.pdb BC A 7.22312 39.8392 -11.9474 -6.80879 -13.0489 -22.6462 -1.11564 38.9884 -21.7992 3.82869 6.7373 3.29874 0 0 0 0.595461 2.22993 0.0227587 0 0 0 0 0 2.384 303 48 1 1 0
./complex_md-fit_59.pdb BC A 8.2679 35.0919 -10.4539 -7.74485 -9.5971 -22.4388 -0.952212 39.3972 -22.4399 4.52529 7.03424 1.49924 0 0 0 0.286638 1.97703 -0.0236678 0 0 0 0 0 2.384 303 52 1 1 0
./complex_md-fit_5.pdb BC A 7.69436 35.6434 -10.3942 -7.07049 -14.5217 -22.0198 -1.04903 38.861 -21.627 5.53233 8.68625 2.53292 0 0 0 0.263764 2.32985 -1.11022e-16 0 0 0 0 0.0175667 2.384 303 46 0 0 0
./complex_md-fit_600.pdb BC A 9.6449 33.1021 -3.30107 -4.15951 -11.1321 -21.8501 -1.0839 38.9799 -21.4738 6.52137 7.0771 2.76707 0 0 0 1.00132 1.99711 0.0239254 0 0 0 0 0.0275957 2.384 303 48 0 0 0
./complex_md-fit_601.pdb BC A 7.13347 33.8699 -9.43961 -4.59449 -11.0316 -22.3931 -0.957068 38.6133 -22.5601 3.46144 5.95795 3.67667 0 0 0 0.39984 2.38329 -0.0124955 0 0 0 0 0 2.384 303 48 0 0 0
./complex_md-fit_602.pdb BC A 8.63398 39.4524 -4.54921 -6.93688 -11.0323 -22.3857 -0.940938 39.8272 -22.2836 7.81248 7.38066 3.52166 0 0 0 0.488197 2.37273 0 0 0 0 0 0 2.384 303 47 2 2 0
./complex_md-fit_603.pdb BC A 8.07124 37.854 -5.33697 -6.14583 -12.5858 -23.6106 -0.928183 43.8779 -23.2786 5.47322 7.91732 3.72956 0 0 0 0.167012 2.4438 0.0469987 0 0 0 0 0 2.384 303 52 0 0 0
./complex_md-fit_604.pdb BC A 6.85572 32.7515 -1.58758 -4.70571 -8.63803 -21.7477 -0.974264 38.5632 -21.3042 6.81993 7.22392 2.96394 0 0 0 0.183946 2.05434 0.0273436 0 0 0 0 0 2.384 303 51 1 1 0
./complex_md-fit_605.pdb BC A 8.0909 41.3558 -9.43162 -4.96915 -12.4092 -22.9281 -1.2787 39.2257 -23.4253 4.77591 7.79829 3.44022 0 0 0 0.338627 4.02191 1.11022e-16 0 0 0 0 0 2.384 303 48 0 0 0
./complex_md-fit_606.pdb BC A 8.9883 32.5555 -9.78415 -5.76514 -12.9065 -21.9357 -1.14919 38.7752 -21.5925 4.85702 6.22762 3.09321 0 0 0 0.572256 3.56195 0.0395835 0 0 0 0 0 2.384 303 50 1 1 0
./complex_md-fit_607.pdb BC A 6.6935 32.0608 -10.3515 -5.98983 -11.108 -22.0369 -1.05809 37.3916 -21.9166 4.68114 6.71576 2.75226 0 0 0 0.191951 2.13125 0.0251418 0 0 0 0 0 2.384 303 49 1 1 0
./complex_md-fit_608.pdb BC A 6.21142 37.1561 -9.03408 -5.90665 -12.4974 -22.4939 -1.18654 37.7087 -22.1325 7.7818 6.68224 2.59919 0 0 0 0.420112 2.14863 -0.00926581 0 0 0 0 0 2.384 303 47 3 3 0
./complex_md-fit_609.pdb BC A 7.26108 28.8523 -8.23751 -4.8278 -12.5444 -23.5366 -1.25437 41.196 -23.0704 6.08371 6.44637 2.95882 0 0 0 0.26277 3.0997 0.0343739 0 0 0 0 0.013957 2.384 303 48 3 3 0
./complex_md-fit_60.pdb BC A 10.8688 33.0378 -7.79704 -8.3009 -12.0181 -22.9714 -1.04085 41.8664 -22.7399 5.63842 8.72019 2.46791 0 0 0 0.574272 2.03461 -0.0125777 0 0 0 0 0.0195315 2.384 303 48 2 2 0
./complex_md-fit_610.pdb BC A 8.56126 35.6825 -10.2308 -6.9465 -13.5148 -23.0881 -1.17199 41.1562 -22.9862 4.83371 8.85959 2.38838 0 0 0 0.211601 2.36171 -0.00272203 0 0 0 0 0.0300149 2.384 303 48 0 0 0
./complex_md-fit_611.pdb BC A 7.73806 42.3386 -13.1154 -6.92034 -14.9815 -23.6586 -1.14058 40.9746 -23.5086 3.82554 8.71509 3.06515 0 0 0 0.477279 2.47149 0.036577 0 0 0 0 0 2.384 303 47 0 0 0
./complex_md-fit_612.pdb BC A 8.2354 36.8984 -11.2763 -6.4152 -14.9789 -23.9487 -1.12464 40.6172 -23.7572 5.56852 9.03257 3.18796 0 0 0 0.535725 4.03775 0.00629381 0 0 0 0 0 2.384 303 46 1 1 0
./complex_md-fit_613.pdb BC A 7.02027 30.243 -6.85872 -6.53609 -12.6335 -22.917 -1.07712 39.6802 -22.6343 8.1652 7.46569 3.37439 0 0 0 0.254272 3.09527 -0.000497715 0 0 0 0 0 2.384 303 50 2 2 0
./complex_md-fit_614.pdb BC A 8.23524 41.9634 -13.3207 -6.44864 -13.0429 -24.6253 -1.01933 41.3544 -24.311 4.422 6.73914 2.54414 0 0 0 1.07821 3.07158 -0.0113534 0 0 0 0 0 2.384 303 50 1 1 0
./complex_md-fit_615.pdb BC A 8.32994 32.8981 -14.9948 -7.35324 -14.4539 -24.0942 -1.11706 41.4749 -24.3657 4.29103 7.92728 2.47065 0 0 0 0.229489 2.29836 -0.00414577 0 0 0 0 0 2.384 303 49 0 0 0
./complex_md-fit_616.pdb BC A 6.57721 35.2632 -9.52653 -5.86433 -11.1017 -22.3301 -0.875306 36.1702 -22.7235 7.57684 5.9115 3.2077 0 0 0 0.514975 2.75181 -0.0272046 0 0 0 0 0.0143416 2.384 303 47 3 3 0
./complex_md-fit_617.pdb BC A 8.35911 39.0477 -11.4851 -6.0635 -10.5532 -23.001 -0.90253 38.8511 -23.23 3.62532 5.68475 3.49591 0 0 0 0.6221 2.26042 -0.0141586 0 0 0 0 0 2.384 303 48 0 0 0
./complex_md-fit_618.pdb BC A 10.2421 24.1834 -5.32121 -6.90406 -9.46049 -23.7852 -0.895174 42.7135 -23.742 5.56695 7.20579 3.73738 0 0 0 0.252874 3.69175 -0.0107836 0 0 0 0 0 2.384 303 48 1 1 0
./complex_md-fit_619.pdb BC A 9.95804 33.221 -10.5475 -7.01415 -12.1375 -22.3205 -1.07891 38.3977 -21.8681 3.61741 8.03734 3.49227 0 0 0 0.374335 2.8682 -0.047432 0 0 0 0 0 2.384 303 49 1 1 0
./complex_md-fit_61.pdb BC A 8.33276 39.7891 -11.4458 -8.69771 -11.639 -23.1468 -1.01658 40.1242 -23.6345 5.63681 7.6095 2.85732 0 0 0 0.474465 2.17173 -0.0135038 0 0 0 0 0 2.384 303 49 2 2 0
./complex_md-fit_620.pdb BC A 9.43733 30.0901 -13.9904 -7.0184 -13.132 -22.7601 -1.04312 38.4831 -22.661 3.08141 6.76307 4.06287 0 0 0 0.253979 2.98189 -0.0201684 0 0 0 0 0 2.384 303 48 0 0 0
./complex_md-fit_621.pdb BC A 6.85802 27.4338 -10.6891 -5.4091 -9.05879 -20.9483 -0.973744 35.3916 -21.1758 3.7069 5.99604 1.69386 0 0 0 0.0652573 2.10161 0.0230141 0 0 0 0 0 2.384 303 46 1 1 0
./complex_md-fit_622.pdb BC A 8.84483 40.0454 -14.8083 -7.43648 -12.3376 -21.2026 -0.964365 33.9052 -21.5045 5.06477 7.19868 1.93701 0 0 0 0.521638 2.11389 0.00989717 0 0 0 0 0 2.384 303 46 1 1 0
./complex_md-fit_623.pdb BC A 8.19863 34.3219 -17.2261 -7.47975 -14.8976 -23.7277 -1.25375 38.0413 -24.1163 3.17707 8.3702 3.75944 0 0 0 0.879217 3.79543 0.0217884 0 0 0 0 0 2.384 303 47 0 0 0
./complex_md-fit_624.pdb BC A 8.20369 41.5501 -11.0117 -6.09264 -10.5893 -21.2418 -1.17934 35.2877 -21.0362 4.8948 6.65249 1.56692 0 0 0 0.712648 2.31696 0.0128891 0 0 0 0 0 2.384 303 46 2 2 0
./complex_md-fit_625.pdb BC A 9.06218 38.2346 -8.97966 -6.07239 -13.0705 -20.9747 -1.14062 34.5881 -20.8347 7.66496 7.16229 2.79352 0 0 0 0.871613 2.29101 0.0239824 0 0 0 0 0.00876497 2.384 303 50 2 2 0
./complex_md-fit_626.pdb BC A 6.88533 32.4373 -17.9297 -5.60789 -14.6704 -21.3264 -1.24914 34.0993 -21.4371 3.51569 6.48866 1.94924 0 0 0 0.30817 2.36221 0 0 0 0 0 0 2.384 303 49 0 0 0
./complex_md-fit_627.pdb BC A 6.3938 36.7031 -10.4248 -6.55003 -13.1143 -21.7364 -1.05105 36.2702 -21.8665 4.56221 8.49792 4.16016 0 0 0 0.380375 2.10546 0.0226913 0 0 0 0 0 2.384 303 52 0 0 0
./complex_md-fit_628.pdb BC A 8.40455 35.6512 -15.9991 -8.01391 -16.5464 -21.732 -1.07713 35.2768 -22.0228 5.04254 9.35045 3.1481 0 0 0 0.52101 2.52575 0.0402813 0 0 0 0 0.0138942 2.384 303 49 2 2 0
./complex_md-fit_629.pdb BC A 6.62567 31.6211 -8.20597 -5.87331 -14.9926 -22.4346 -1.31895 41.488 -21.8201 5.45019 7.36816 3.69456 0 0 0 0.207813 1.79963 0.0248146 0 0 0 0 0 2.384 303 51 0 0 0
./complex_md-fit_62.pdb BC A 8.49857 44.398 -6.25294 -9.03298 -8.25637 -22.4292 -0.92719 40.7396 -22.5265 4.79613 7.49107 2.61368 0 0 0 1.28838 2.62208 -0.00963039 0 0 0 0 0 2.384 303 51 2 2 0
./complex_md-fit_630.pdb BC A 7.32984 40.1289 -5.64134 -7.59338 -9.76314 -21.6772 -0.955051 37.7902 -21.8678 5.29905 9.60218 3.26633 0 0 0 0.238787 1.98939 0.0187192 0 0 0 0 0 2.384 303 49 1 1 0
./complex_md-fit_631.pdb BC A 10.3481 34.7222 -10.1698 -8.91755 -13.7981 -22.8162 -1.1625 39.0393 -22.7331 6.9438 8.17332 3.75952 0 0 0 1.29621 2.21048 0.022354 0 0 0 0 0.0232664 2.384 303 51 0 0 0
./complex_md-fit_632.pdb BC A 6.21461 39.5606 -15.7566 -8.53298 -14.1563 -23.6712 -1.25224 39.7569 -23.8718 4.44201 8.08338 2.95663 0 0 0 0.499683 2.84704 -0.0106258 0 0 0 0 0 2.384 303 47 0 0 0
./complex_md-fit_633.pdb BC A 6.85389 38.8961 -7.69888 -6.27225 -13.4065 -23.7753 -1.1956 41.3706 -23.7822 6.91472 8.97342 3.29882 0 0 0 0.16252 2.21098 0.012801 0 0 0 0 0 2.384 303 48 2 2 0
./complex_md-fit_634.pdb BC A 7.97605 39.4202 -13.9957 -7.99826 -13.8938 -23.5976 -1.2523 39.4204 -24.0759 5.11979 8.80503 3.33171 0 0 0 0.149212 3.24894 -0.00401699 0 0 0 0 0 2.384 303 50 0 0 0
./complex_md-fit_635.pdb BC A 6.76847 36.7568 -13.819 -6.95265 -13.214 -23.2764 -1.10988 38.3759 -23.4901 4.9302 7.19 3.30979 0 0 0 0.39681 2.41242 0.0212586 0 0 0 0 0 2.384 303 51 0 0 0
./complex_md-fit_636.pdb BC A 5.6687 32.0976 -11.0691 -8.11171 -14.8066 -24.0344 -1.26068 40.6303 -23.6464 6.85993 9.27166 3.89756 0 0 0 0.131301 2.33074 -5.55112e-17 0 0 0 0 0 2.384 303 49 2 2 0
./complex_md-fit_637.pdb BC A 9.15272 36.5664 -6.27399 -8.29546 -9.13456 -23.3435 -1.06605 41.0439 -23.2907 5.65517 7.77858 3.64939 0 0 0 0.687641 2.48298 0.0415664 0 0 0 0 0 2.384 303 48 1 1 0
./complex_md-fit_638.pdb BC A 6.97377 34.1247 -9.83676 -7.75911 -13.6251 -21.9162 -1.16429 37.9135 -22.1576 6.08051 8.52684 4.00686 0 0 0 0.228429 2.59998 0.0294173 0 0 0 0 0 2.384 303 50 2 2 0
./complex_md-fit_639.pdb BC A 8.37723 39.4611 -4.49551 -5.62844 -11.2603 -22.1425 -1.10575 39.5727 -22.1218 7.79878 7.53897 2.60215 0 0 0 0.258945 2.05451 -0.0145102 0 0 0 0 0.00629295 2.384 303 49 3 3 0
./complex_md-fit_63.pdb BC A 8.02037 33.0772 -18.9529 -9.24227 -15.7102 -22.4949 -0.994988 37.9752 -22.8382 2.6393 8.22516 3.0514 0 0 0 0.448323 2.22193 -0.0117569 0 0 0 0 0 2.384 303 50 0 0 0
./complex_md-fit_640.pdb BC A 6.55381 36.6879 -10.1129 -6.71118 -11.1798 -21.9352 -0.957361 38.3086 -21.9987 3.40871 7.36674 3.50951 0 0 0 0.0698216 3.26121 0.00608665 0 0 0 0 0 2.384 303 49 0 0 0
./complex_md-fit_641.pdb BC A 8.18037 38.4194 -9.82601 -7.05003 -10.16 -22.5503 -0.980524 38.6289 -22.7996 5.6128 6.54588 2.69477 0 0 0 0.219775 2.39162 0 0 0 0 0 0.0122894 2.384 303 49 2 2 0
./complex_md-fit_642.pdb BC A 7.25852 30.9119 -7.41328 -5.66965 -11.0813 -23.2869 -1.08041 39.0193 -23.1644 8.43521 6.40521 2.81431 0 0 0 0.208971 2.12803 -0.0135979 0 0 0 0 0 2.384 303 51 4 4 0
./complex_md-fit_643.pdb BC A 9.88187 33.608 -13.3187 -7.90881 -11.5189 -21.9906 -0.981872 38.3908 -21.5031 3.65812 6.29738 1.87246 0 0 0 0.376713 2.15755 -0.0110111 0 0 0 0 0 2.384 303 48 0 0 0
./complex_md-fit_644.pdb BC A 6.73043 42.0234 -3.78719 -6.05324 -8.63466 -23.0996 -0.96313 41.5176 -22.7331 6.93864 5.90152 3.06304 0 0 0 0.269699 3.23927 0.00596591 0 0 0 0 0 2.384 303 48 2 2 0
./complex_md-fit_645.pdb BC A 9.28318 35.6057 -16.0901 -8.57463 -12.4573 -23.704 -0.990879 40.134 -23.6214 4.19408 6.56146 2.30089 0 0 0 0.0867511 2.2576 -0.0190333 0 0 0 0 0 2.384 303 53 2 2 0
./complex_md-fit_646.pdb BC A 7.19365 38.4173 -16.6014 -7.92663 -14.0675 -22.2854 -0.918385 37.3268 -21.9711 2.56683 8.02355 2.18186 0 0 0 0.458439 2.50847 0.0100431 0 0 0 0 0 2.384 303 48 0 0 0
./complex_md-fit_647.pdb BC A 9.01482 39.5717 -14.3528 -10.2432 -10.939 -22.4273 -0.976306 39.6884 -22.245 2.23835 6.83503 3.42328 0 0 0 0.313502 2.34425 -0.0356577 0 0 0 0 0.0150782 2.384 303 46 0 0 0
./complex_md-fit_648.pdb BC A 6.91231 35.5314 -11.7024 -8.94853 -13.361 -24.1312 -1.06828 41.6145 -23.9652 5.63598 8.16587 4.15275 0 0 0 0.17871 2.23819 0.0238941 0 0 0 0 0 2.384 303 53 1 1 0
./complex_md-fit_649.pdb BC A 9.47325 31.6487 -12.1091 -8.17296 -11.7551 -23.4202 -0.929235 40.7507 -23.0272 2.96578 7.44457 3.5231 0 0 0 0.466517 2.40487 0.0438597 0 0 0 0 0.00105668 2.384 303 49 0 0 0
./complex_md-fit_64.pdb BC A 7.34339 33.5214 -15.2708 -9.39565 -13.9874 -23.5869 -1.21186 40.3936 -23.7386 5.27055 7.83292 2.54347 0 0 0 0.634225 2.72297 -0.025148 0 0 0 0 0 2.384 303 48 0 0 0
./complex_md-fit_650.pdb BC A 6.94203 33.1869 -10.2756 -6.24577 -12.5032 -23.6928 -1.01266 41.3511 -23.9683 4.20592 7.67259 2.93831 0 0 0 1.02265 2.81455 -0.0433937 0 0 0 0 0 2.384 303 49 1 1 0
./complex_md-fit_651.pdb BC A 7.18596 26.536 -8.24663 -8.26324 -8.07643 -23.776 -0.624918 41.6858 -24.0715 4.45066 6.52192 3.28713 0 0 0 0.594707 2.40341 0.0252528 0 0 0 0 0 2.384 303 49 1 1 0
./complex_md-fit_652.pdb BC A 7.91639 26.8507 -16.7492 -8.60503 -14.4257 -23.1055 -0.799218 38.1091 -23.3078 3.64471 8.11953 3.04837 0 0 0 0.615371 2.3432 -0.0430559 0 0 0 0 0 2.384 303 49 0 0 0
./complex_md-fit_653.pdb BC A 6.96235 39.0819 -13.0018 -6.38603 -14.5623 -24.5323 -0.895897 42.1461 -24.5975 4.11076 9.06085 2.45897 0 0 0 0.213677 3.6895 -0.0181085 0 0 0 0 0 2.384 303 49 0 0 0
./complex_md-fit_654.pdb BC A 6.79405 33.7341 -12.828 -7.04621 -12.1522 -23.0536 -1.0569 39.8142 -23.1313 3.34634 6.74921 3.40061 0 0 0 0.316791 3.38617 -0.0149953 0 0 0 0 0 2.384 303 49 0 0 0
./complex_md-fit_655.pdb BC A 9.05145 34.8668 -12.8504 -7.83932 -12.0252 -23.5989 -0.94016 38.9691 -24.2018 5.7476 7.36711 3.29714 0 0 0 0.42906 3.4919 -0.0550393 0 0 0 0 0 2.384 303 48 2 2 0
./complex_md-fit_656.pdb BC A 7.39537 31.6002 -13.6987 -5.25259 -12.1611 -22.6914 -1.04844 38.0102 -22.4784 3.66014 6.29898 1.56871 0 0 0 0.395259 2.18738 0 0 0 0 0 0 2.384 303 51 0 0 0
./complex_md-fit_657.pdb BC A 6.48227 32.2759 -10.6807 -6.08138 -12.7525 -24.1028 -1.12099 40.4076 -24.195 3.9221 9.35629 3.74541 0 0 0 0.127221 2.69494 0.013373 0 0 0 0 0 2.384 303 47 0 0 0
./complex_md-fit_658.pdb BC A 5.60266 38.1578 -11.1745 -6.27171 -8.11802 -24.0625 -0.896175 40.388 -24.722 3.41779 5.72894 3.06699 0 0 0 0.320099 3.66079 -0.0258811 0 0 0 0 0 2.384 303 49 0 0 0
./complex_md-fit_659.pdb BC A 8.48462 27.3765 -9.3066 -7.62948 -12.5661 -24.0061 -0.976934 40.0687 -24.287 8.81785 8.02892 3.13079 0 0 0 0.12086 2.47754 -0.00810703 0 0 0 0 0 2.384 303 45 2 2 0
./complex_md-fit_65.pdb BC A 7.07785 33.537 -14.5588 -8.35076 -10.7098 -22.7039 -1.09329 38.3007 -23.2162 4.92853 6.34059 1.50942 0 0 0 0.443741 1.9537 -0.0144416 0 0 0 0 0.0066912 2.384 303 49 1 1 0
./complex_md-fit_660.pdb BC A 7.25664 34.6739 -10 -7.65798 -13.2827 -23.0704 -1.04717 39.1432 -23.1058 6.04887 7.50774 4.66869 0 0 0 0.805652 3.00139 -0.0101478 0 0 0 0 0 2.384 303 51 2 2 0
./complex_md-fit_661.pdb BC A 9.41819 37.7003 -16.3577 -7.88097 -13.7704 -24.0742 -1.08226 41.1049 -24.4562 3.27953 7.99781 2.38416 0 0 0 0.139841 3.00762 0 0 0 0 0 0 2.384 303 48 1 1 0
./complex_md-fit_662.pdb BC A 7.19884 29.3076 -10.2471 -9.13922 -10.5422 -23.5235 -0.826563 41.044 -23.5643 4.06474 7.9198 4.10641 0 0 0 0.205701 2.19089 0.0080568 0 0 0 0 -1.11022e-16 2.384 303 49 1 1 0
./complex_md-fit_663.pdb BC A 6.79645 31.2235 -10.449 -9.11118 -13.8436 -24.0762 -1.117 42.7852 -24.2804 6.3772 8.43902 4.09167 0 0 0 0.246505 2.52318 0.0398252 0 0 0 0 0 2.384 303 49 2 2 0
./complex_md-fit_664.pdb BC A 7.31124 40.585 -16.6657 -9.23638 -14.072 -23.7907 -1.10275 40.0989 -23.7973 2.67137 8.50285 3.75394 0 0 0 0.296426 2.17829 0.0100194 0 0 0 0 0 2.384 303 49 1 1 0
./complex_md-fit_665.pdb BC A 7.13413 36.7514 -14.3065 -6.9946 -14.056 -23.0257 -0.892642 38.2751 -23.6103 3.86474 7.98092 3.46015 0 0 0 0.695938 2.16127 -0.00410077 0 0 0 0 0 2.384 303 48 1 1 0
./complex_md-fit_666.pdb BC A 8.2194 27.4762 -11.0974 -6.99903 -13.7348 -23.6486 -1.06334 41.435 -23.1918 6.43292 7.24179 2.22511 0 0 0 0.182084 2.57377 0.0231678 0 0 0 0 0 2.384 303 51 2 2 0
./complex_md-fit_667.pdb BC A 8.90812 34.3922 -12.0958 -5.21778 -9.97017 -22.4561 -0.80997 37.0915 -23.1776 3.57595 6.06592 2.7596 0 0 0 0.0723543 2.11804 -0.0382983 0 0 0 0 0.00878112 2.384 303 46 2 2 0
./complex_md-fit_668.pdb BC A 8.11962 38.7337 -11.2476 -7.42993 -11.0347 -22.2773 -1.00782 38.013 -22.213 3.1885 8.51266 2.73565 0 0 0 0.277855 1.94299 -0.0125418 0 0 0 0 0 2.384 303 48 1 1 0
./complex_md-fit_669.pdb BC A 8.03567 43.4456 -10.631 -8.2278 -11.8914 -22.9878 -1.06442 38.9331 -23.2443 5.55073 7.7109 3.96696 0 0 0 0.638766 2.71135 -0.0156904 0 0 0 0 0 2.384 303 50 1 1 0
./complex_md-fit_66.pdb BC A 8.84731 31.6707 -13.2421 -6.65833 -10.3506 -22.9168 -0.93292 39.1741 -23.7251 2.66387 6.09814 3.1977 0 0 0 0.238333 3.36392 -0.0305176 0 0 0 0 0 2.384 303 49 0 0 0
./complex_md-fit_670.pdb BC A 7.00142 36.9896 -14.1534 -6.93906 -11.3651 -24.54 -0.837073 41.6839 -25.2342 2.19875 7.49578 2.97705 0 0 0 0.406544 2.40022 0 0 0 0 0 0 2.384 303 51 0 0 0
./complex_md-fit_671.pdb BC A 7.28989 41.563 -20.6346 -10.2297 -13.4447 -23.6339 -0.952931 39.76 -24.2555 1.53445 6.65024 3.32397 0 0 0 0.620234 1.97086 -0.00674902 0 0 0 0 0 2.384 303 48 0 0 0
./complex_md-fit_672.pdb BC A 6.2807 39.0415 -13.2443 -6.87418 -11.9241 -24.5323 -0.897291 41.6694 -25.2155 3.65285 7.71756 2.80921 0 0 0 0.340605 3.75784 0.00939602 0 0 0 0 0 2.384 303 52 0 0 0
./complex_md-fit_673.pdb BC A 6.59223 35.6848 -13.1284 -8.3981 -9.87161 -23.5569 -0.752664 38.8686 -24.4284 5.6226 6.9337 2.00522 0 0 0 0.449133 2.01814 0 0 0 0 0 0 2.384 303 47 0 0 0
./complex_md-fit_674.pdb BC A 8.17108 34.01 -16.98 -9.04782 -15.2513 -23.2607 -0.976155 39.9618 -23.3896 3.0051 9.20792 2.65874 0 0 0 0.0915702 3.57833 0.0204442 0 0 0 0 0 2.384 303 48 0 0 0
./complex_md-fit_675.pdb BC A 8.83463 30.4815 -13.3088 -7.9491 -11.4998 -23.8523 -1.00859 39.9632 -24.5491 4.81852 7.72103 2.63538 0 0 0 0.411916 2.1916 0 0 0 0 0 0 2.384 303 49 1 1 0
./complex_md-fit_676.pdb BC A 7.03342 44.0325 -12.9317 -8.15469 -12.6714 -22.8946 -1.1025 38.5508 -23.0537 4.5147 6.9557 4.80203 0 0 0 0.151606 2.66854 -0.0296109 0 0 0 0 0 2.384 303 49 2 2 0
./complex_md-fit_677.pdb BC A 9.07454 34.5413 -16.3567 -8.7042 -11.5779 -24.6613 -0.956595 40.1405 -25.1497 3.68413 7.50916 2.98457 0 0 0 0.396394 2.81259 -0.0218152 0 0 0 0 0 2.384 303 48 1 1 0
./complex_md-fit_678.pdb BC A 8.44024 36.8203 -16.7423 -7.52446 -12.3657 -23.1092 -0.968548 37.6992 -23.7392 2.79391 7.77761 2.41768 0 0 0 0.276505 2.95565 0 0 0 0 0 0 2.384 303 48 0 0 0
./complex_md-fit_679.pdb BC A 8.58064 33.5048 -15.8975 -9.00444 -12.1881 -23.1135 -0.858514 37.6835 -23.6944 4.07531 7.3345 3.7895 0 0 0 0.0900131 2.22137 -0.0112732 0 0 0 0 0 2.384 303 46 1 1 0
./complex_md-fit_67.pdb BC A 8.88568 29.384 -16.2518 -7.07895 -11.7104 -23.1192 -0.902074 37.5961 -24.2605 5.23656 6.26013 1.33099 0 0 0 0.389916 3.33393 0.00569907 0 0 0 0 0 2.384 303 50 0 0 0
./complex_md-fit_680.pdb BC A 6.17784 37.7353 -11.0636 -8.71896 -10.9069 -23.7016 -0.967007 40.3974 -23.9522 7.24058 6.01341 3.19653 0 0 0 0.327243 3.71487 -0.0093828 0 0 0 0 0.0173965 2.384 303 51 1 1 0
./complex_md-fit_681.pdb BC A 7.02827 36.2223 -14.7162 -7.20081 -13.5196 -22.3947 -1.00797 38.207 -22.4928 3.56567 7.1414 2.39412 0 0 0 0.604641 2.34415 -0.0131698 0 0 0 0 0 2.384 303 47 1 1 0
./complex_md-fit_682.pdb BC A 8.46331 35.1155 -11.2898 -7.02215 -11.8884 -22.2678 -0.950587 36.6846 -22.9362 5.41546 7.45893 3.95838 0 0 0 0.296011 1.9974 -0.0380701 0 0 0 0 0 2.384 303 48 0 0 0
./complex_md-fit_683.pdb BC A 7.54794 38.0231 -11.4297 -6.76291 -10.6904 -23.118 -1.01057 38.7381 -23.5435 4.14962 7.62808 2.70757 0 0 0 0.44158 2.16507 0.0306687 0 0 0 0 0 2.384 303 49 1 1 0
./complex_md-fit_684.pdb BC A 7.87133 33.7917 -7.20364 -5.49101 -9.71991 -23.5005 -0.851582 41.0859 -23.4208 5.62389 6.76679 2.09984 0 0 0 0.181214 3.32746 0.00957289 0 0 0 0 0.0129577 2.384 303 49 2 2 0
./complex_md-fit_685.pdb BC A 7.51506 39.9981 -11.3588 -7.32853 -11.9896 -21.9091 -0.818259 38.6841 -21.8255 4.60134 6.25168 1.90465 0 0 0 1.04647 2.25159 0.0238655 0 0 0 0 0 2.384 303 47 2 2 0
./complex_md-fit_686.pdb BC A 9.27397 39.141 -9.24171 -7.00658 -9.15988 -22.5805 -0.907601 38.4079 -22.825 6.29019 6.08166 2.00564 0 0 0 0.464513 2.23648 -0.0119907 0 0 0 0 0 2.384 303 45 1 1 0
./complex_md-fit_687.pdb BC A 6.8541 34.9255 -10.8396 -7.83704 -9.81475 -22.8901 -0.811664 39.2505 -23.1922 3.32533 6.43807 4.57658 0 0 0 0.102866 3.0116 0 0 0 0 0 0.012859 2.384 303 50 0 0 0
./complex_md-fit_688.pdb BC A 7.12258 40.9233 -14.7363 -8.95519 -12.2251 -23.0231 -0.849475 38.8651 -23.4222 2.79678 7.85322 3.53391 0 0 0 0.667254 2.15249 0.0225801 0 0 0 0 0 2.384 303 50 1 1 0
./complex_md-fit_689.pdb BC A 7.70071 33.2564 -13.3449 -7.99479 -11.882 -22.3156 -0.953677 39.2029 -22.3087 3.14038 5.82944 2.80165 0 0 0 1.12546 2.15037 0.0100313 0 0 0 0 0 2.384 303 48 0 0 0
./complex_md-fit_68.pdb BC A 9.87143 34.0813 -13.6342 -7.16997 -12.5596 -22.4872 -0.878102 39.1642 -22.3171 3.74877 6.24015 2.12198 0 0 0 0.50266 2.35998 2.77556e-17 0 0 0 0 0 2.384 303 50 0 0 0
./complex_md-fit_690.pdb BC A 8.20455 38.6548 -5.26082 -7.954 -8.81003 -23.8553 -1.10442 42.5717 -23.9342 6.75389 7.62959 3.23278 0 0 0 0.209166 2.19794 0 0 0 0 0 0 2.384 303 49 2 2 0
./complex_md-fit_691.pdb BC A 8.40886 36.9301 -3.98268 -7.05897 -9.38755 -23.9953 -0.966729 42.74 -23.8693 7.61634 7.08437 3.58009 0 0 0 0.251654 2.79357 0.0226477 0 0 0 0 0 2.384 303 50 2 2 0
./complex_md-fit_692.pdb BC A 7.32451 36.9883 -5.55895 -4.34765 -9.65636 -22.919 -1.002 41.0984 -23.3591 4.76849 6.57483 3.11655 0 0 0 0.166789 3.6929 0 0 0 0 0 0 2.384 303 48 1 1 0
./complex_md-fit_693.pdb BC A 9.26458 38.6056 -9.78223 -6.58934 -11.6959 -23.4722 -0.968252 39.9291 -23.9983 5.22582 7.20974 3.82326 0 0 0 0.739761 2.27279 0.0140392 0 0 0 0 0 2.384 303 52 2 2 0
./complex_md-fit_694.pdb BC A 9.70713 36.2892 -8.76215 -5.76469 -9.60712 -21.676 -0.879347 37.9418 -21.903 3.64993 6.33866 2.55464 0 0 0 0.595238 2.61745 -0.0122063 0 0 0 0 0 2.384 303 51 1 1 0
./complex_md-fit_695.pdb BC A 8.92642 32.1873 -13.6938 -7.82226 -10.2748 -22.6215 -1.10227 37.8328 -22.9804 3.65693 6.12233 3.28103 0 0 0 0.214285 2.23526 0 0 0 0 0 0 2.384 303 48 0 0 0
./complex_md-fit_696.pdb BC A 10.3326 26.9716 -0.921531 -3.07531 -8.68064 -23.5033 -0.943991 41.3064 -24.3406 8.47673 5.31761 3.9158 0 0 0 0.585384 2.35913 0.0117691 0 0 0 0 0.00859489 2.384 303 51 4 4 0
./complex_md-fit_697.pdb BC A 7.93179 33.8892 -13.7928 -7.48297 -11.9862 -22.5649 -1.00134 38.6408 -22.9877 2.50335 7.29738 3.25317 0 0 0 0.499375 2.35853 0.0361806 0 0 0 0 0 2.384 303 48 0 0 0
./complex_md-fit_698.pdb BC A 6.18967 36.0073 -14.7278 -6.80515 -12.4037 -22.8958 -0.927213 39.3463 -23.4596 2.40813 6.4649 3.02789 0 0 0 0.46566 2.10408 0.0424157 0 0 0 0 0.00831351 2.384 303 51 0 0 0
./complex_md-fit_699.pdb BC A 7.62674 38.4109 -10.8889 -6.28184 -9.2612 -22.5965 -0.90741 37.851 -23.1347 2.9574 6.58503 3.54972 0 0 0 0.337728 2.17339 0.0118382 0 0 0 0 0 2.384 303 48 1 1 0
./complex_md-fit_69.pdb BC A 9.55964 36.9374 -18.1218 -8.23334 -15.3659 -21.6448 -1.05178 36.3288 -21.6004 3.80094 7.12999 1.48078 0 0 0 1.03397 2.00438 0 0 0 0 0 0 2.384 303 49 2 2 0
./complex_md-fit_6.pdb BC A 8.49048 37.4238 0.860583 -3.79083 -10.202 -22.4898 -1.02413 41.1121 -22.2245 9.23809 7.19851 2.81007 0 0 0 0.247637 3.30534 -0.0145858 0 0 0 0 0 2.384 303 48 3 3 0
./complex_md-fit_700.pdb BC A 8.80933 37.9303 -9.50217 -8.07656 -15.1733 -22.7093 -1.28762 39.9275 -22.8775 7.57626 9.33285 3.22148 0 0 0 0.53941 2.1457 0.0245659 0 0 0 0 0 2.384 303 50 2 2 0
./complex_md-fit_701.pdb BC A 10.7056 39.6933 -7.91571 -7.5777 -10.4901 -22.5729 -0.814413 39.6635 -23.0012 5.47031 8.02916 2.84874 0 0 0 0.510155 2.30645 0 0 0 0 0 0.018925 2.384 303 49 2 2 0
./complex_md-fit_702.pdb BC A 7.08233 34.3667 -14.8666 -7.84105 -12.7992 -21.9568 -0.931954 36.6888 -22.429 4.03334 6.1423 3.86936 0 0 0 0.377643 2.34079 -0.020016 0 0 0 0 0 2.384 303 47 1 1 0
./complex_md-fit_703.pdb BC A 7.29317 43.948 -11.0904 -6.54284 -10.9644 -24.2996 -1.05854 42.1458 -24.7145 4.74565 6.35452 2.72232 0 0 0 0.487832 3.68879 0.0197555 0 0 0 0 0.0136271 2.384 303 50 0 0 0
./complex_md-fit_704.pdb BC A 9.58844 34.7998 -11.4195 -7.40488 -10.8689 -21.9364 -1.03915 37.7128 -22.3048 1.264 8.15112 4.70758 0 0 0 0.299229 1.77223 0 0 0 0 0 0 2.384 303 49 0 0 0
./complex_md-fit_705.pdb BC A 6.76652 28.9341 -13.1432 -6.45351 -11.2009 -22.6271 -1.02676 37.4515 -23.4241 4.75105 7.26498 1.9283 0 0 0 0.193291 2.5027 0 0 0 0 0 0 2.384 303 48 1 1 0
./complex_md-fit_706.pdb BC A 6.19318 32.9612 -10.2873 -6.54624 -11.5941 -22.3551 -1.15026 39.928 -22.653 3.58839 7.45343 2.57156 0 0 0 0.411924 2.33047 0.0424 0 0 0 0 0.0156988 2.384 303 50 0 0 0
./complex_md-fit_707.pdb BC A 8.14868 38.2108 -9.12097 -5.56187 -11.9977 -21.8563 -1.09182 38.1907 -22.0177 4.97563 6.9602 2.80411 0 0 0 0.473748 4.52714 0 0 0 0 0 0 2.384 303 45 2 2 0
./complex_md-fit_708.pdb BC A 8.62038 46.0482 -10.1596 -7.33797 -13.1103 -22.3159 -1.09182 37.6872 -22.3347 7.81549 6.51285 3.69099 0 0 0 0.301438 2.47847 0.023049 0 0 0 0 0 2.384 303 47 2 2 0
./complex_md-fit_709.pdb BC A 8.11509 35.3464 -8.79611 -6.77075 -13.0231 -21.6689 -1.18786 38.7861 -21.6808 5.12462 7.75657 3.18381 0 0 0 0.673741 2.26911 -0.00643777 0 0 0 0 0.0167987 2.384 303 47 1 1 0
./complex_md-fit_70.pdb BC A 9.03807 42.608 -10.3303 -5.36551 -13.2265 -22.6024 -1.09655 40.7431 -22.2516 5.52224 6.80306 0.999004 0 0 0 0.144843 2.91855 0 0 0 0 0 0 2.384 303 48 2 2 0
./complex_md-fit_710.pdb BC A 8.11337 34.4753 -19.9023 -9.30236 -13.0066 -22.0141 -1.02516 35.642 -22.401 2.28548 6.03353 3.41239 0 0 0 0.450347 2.18502 0.0147776 0 0 0 0 0.00842335 2.384 303 49 0 0 0
./complex_md-fit_711.pdb BC A 8.67227 36.9881 -8.60445 -5.6327 -12.7546 -23.8419 -1.1315 41.8223 -24.2055 5.37285 7.67487 3.92476 0 0 0 0.189157 3.75637 -0.0222441 0 0 0 0 0 2.384 303 49 0 0 0
./complex_md-fit_712.pdb BC A 9.04257 44.3774 -14.2442 -7.76009 -13.5467 -22.8122 -1.01393 38.0417 -22.7005 5.97256 6.68681 2.23042 0 0 0 0.656226 2.4824 -0.0106498 0 0 0 0 0.0120844 2.384 303 50 0 0 0
./complex_md-fit_713.pdb BC A 9.89422 32.7363 -11.6963 -6.55266 -14.3246 -23.0123 -1.05508 38.5253 -23.0558 6.90744 7.16853 3.49554 0 0 0 0.204355 2.14346 0 0 0 0 0 0.00307423 2.384 303 50 2 2 0
./complex_md-fit_714.pdb BC A 7.85832 34.6165 -9.1166 -7.20249 -11.2368 -22.3973 -1.19629 39.0643 -22.5089 6.10097 6.39839 3.53538 0 0 0 0.308864 2.59376 0 0 0 0 0 0.0172891 2.384 303 48 1 1 0
./complex_md-fit_715.pdb BC A 7.15709 34.6826 -14.3444 -6.93108 -12.9477 -22.7519 -1.04988 37.7783 -22.9569 4.29477 7.81451 2.15465 0 0 0 0.241952 2.88499 -0.00929247 0 0 0 0 0.018053 2.384 303 49 1 1 0
./complex_md-fit_716.pdb BC A 9.69796 41.159 -11.9308 -5.6348 -14.1994 -22.031 -1.1888 38.7583 -21.9684 3.54041 8.1105 2.48166 0 0 0 0.174289 1.75103 0.0196926 0 0 0 0 0.00672232 2.384 303 48 0 0 0
./complex_md-fit_717.pdb BC A 8.37545 34.9469 -6.30202 -5.43467 -9.71496 -23.0178 -1.11182 39.2625 -23.1921 7.06475 5.89051 2.93654 0 0 0 1.01782 2.60084 -0.00267769 0 0 0 0 0 2.384 303 50 2 2 0
./complex_md-fit_718.pdb BC A 7.4212 30.6571 -13.945 -6.33792 -14.8506 -23.4301 -1.02898 40.9453 -23.4302 2.17962 8.48752 2.93947 0 0 0 0.531725 2.26819 0.0333857 0 0 0 0 0.0157784 2.384 303 48 0 0 0
./complex_md-fit_719.pdb BC A 8.93205 35.8048 -7.35339 -6.30199 -15.1389 -22.3009 -0.995516 40.6445 -21.6189 5.97057 8.38355 3.74574 0 0 0 0.249169 2.25119 0 0 0 0 0 0.00933188 2.384 303 46 0 0 0
./complex_md-fit_71.pdb BC A 6.7537 33.3487 -15.1621 -7.20997 -13.9144 -22.0535 -1.10074 38.1458 -21.8684 2.9385 7.03262 2.47815 0 0 0 0.373076 2.39123 0.0116611 0 0 0 0 0.0051324 2.384 303 49 0 0 0
./complex_md-fit_720.pdb BC A 7.70829 34.7915 -15.5007 -6.56501 -16.7298 -23.5869 -1.15928 41.0373 -23.5153 3.03222 9.16915 2.41296 0 0 0 0.404041 3.78872 0 0 0 0 0 0 2.384 303 48 0 0 0
./complex_md-fit_721.pdb BC A 7.28382 29.0874 -10.7613 -7.78812 -15.0638 -22.6971 -1.32112 39.7019 -23.0581 6.62512 8.47866 4.10277 0 0 0 0.247898 2.32733 0 0 0 0 0 0.0105556 2.384 303 47 2 2 0
./complex_md-fit_722.pdb BC A 7.44794 35.4802 -13.0015 -8.83854 -12.1062 -22.831 -0.865709 39.6099 -23.1362 3.43069 8.41206 2.60933 0 0 0 0.701496 2.41374 0 0 0 0 0 0.0126139 2.384 303 51 1 1 0
./complex_md-fit_723.pdb BC A 7.98283 41.8769 -14.1347 -8.55467 -13.8807 -24.034 -1.18915 41.0852 -24.6282 4.37905 8.06816 3.48002 0 0 0 1.08273 2.63373 0.0567917 0 0 0 0 0 2.384 303 50 1 1 0
./complex_md-fit_724.pdb BC A 6.26763 28.5548 -8.97118 -7.42902 -11.2787 -22.392 -1.0801 39.2213 -22.0981 5.57001 7.43328 2.88183 0 0 0 0.200262 2.20765 0 0 0 0 0 0 2.384 303 51 0 0 0
./complex_md-fit_725.pdb BC A 8.27575 35.6239 -23.8093 -9.19939 -17.141 -24.5747 -1.23382 40.9692 -24.8086 2.86191 6.64396 2.33873 0 0 0 0.309512 3.01233 0.0248232 0 0 0 0 0 2.384 303 53 0 0 0
./complex_md-fit_726.pdb BC A 9.05831 37.6155 -12.9033 -6.21466 -16.1988 -23.1967 -1.31919 41.1215 -23.0477 3.86583 8.08777 3.5926 0 0 0 0.409138 2.07916 -0.00314535 0 0 0 0 0 2.384 303 51 2 2 0
./complex_md-fit_727.pdb BC A 9.96275 38.7099 -7.51778 -7.08226 -13.0966 -21.6086 -1.11875 37.8577 -21.7024 7.3419 7.63766 2.71851 0 0 0 1.56333 2.05215 -0.028298 0 0 0 0 0 2.384 303 50 3 3 0
./complex_md-fit_728.pdb BC A 9.48465 28.6193 -5.54411 -6.09161 -12.7805 -24.391 -1.14297 43.8378 -24.0343 7.58164 7.72341 3.37636 0 0 0 0.377004 2.93266 0 0 0 0 0 0 2.384 303 49 1 1 0
./complex_md-fit_729.pdb BC A 8.40243 37.4329 -10.174 -7.77208 -13.2129 -22.8983 -1.15425 40.1567 -23.1184 5.51541 7.89821 3.86285 0 0 0 0.548821 2.76605 0 0 0 0 0 0 2.384 303 50 1 1 0
./complex_md-fit_72.pdb BC A 6.74468 29.0121 -8.69496 -5.2021 -10.4316 -22.6175 -0.96809 39.8247 -22.7714 3.99205 7.12596 2.19623 0 0 0 0.137738 4.32522 0 0 0 0 0 0.0190713 2.384 303 48 0 0 0
./complex_md-fit_730.pdb BC A 9.62204 36.5968 -12.5381 -6.38026 -11.3153 -20.9738 -1.21296 35.6692 -21.0598 4.31741 5.81906 2.22749 0 0 0 0.36214 2.19877 0 0 0 0 0 0.00868645 2.384 303 47 1 1 0
./complex_md-fit_731.pdb BC A 8.58805 38.6438 -18.477 -7.61463 -13.5793 -23.6573 -1.14452 39.3719 -23.7823 2.78852 5.5212 3.13042 0 0 0 0.498309 2.35383 -0.00924124 0 0 0 0 0 2.384 303 52 0 0 0
./complex_md-fit_732.pdb BC A 8.9385 30.4471 -8.90009 -8.00611 -13.3216 -22.9309 -1.24088 40.4385 -22.9784 7.51946 8.12735 3.24805 0 0 0 0.227004 2.35629 0.0174138 0 0 0 0 0 2.384 303 50 1 1 0
./complex_md-fit_733.pdb BC A 7.86728 37.0456 -15.4571 -8.48979 -14.5909 -22.9299 -1.11167 39.8995 -22.8066 3.22884 6.63998 4.13678 0 0 0 0.543434 2.67146 0.0231939 0 0 0 0 0 2.384 303 51 0 0 0
./complex_md-fit_734.pdb BC A 6.58891 51.3211 -8.38234 -6.522 -13.2923 -22.6121 -1.02633 39.0677 -22.8015 7.70463 6.7146 3.93515 0 0 0 0.440487 2.25346 0.00934696 0 0 0 0 0 2.384 303 53 2 2 0
./complex_md-fit_735.pdb BC A 11.1209 34.8879 -9.25993 -7.5196 -12.3698 -23.2372 -1.02849 41.5775 -23.031 6.10387 6.7909 3.08571 0 0 0 0.337672 2.53857 0.030574 0 0 0 0 0 2.384 303 52 1 1 0
./complex_md-fit_736.pdb BC A 7.36885 40.7735 -12.0785 -6.84274 -13.5558 -23.2144 -1.10725 41.5487 -22.7166 4.12563 6.84358 2.0621 0 0 0 0.735004 2.72429 0.0433031 0 0 0 0 0 2.384 303 49 1 1 0
./complex_md-fit_737.pdb BC A 10.4906 33.3771 -15.6497 -6.69639 -11.7802 -22.5149 -0.954378 37.6394 -22.8996 3.46372 5.22852 2.44562 0 0 0 0.402103 2.36371 -0.0027093 0 0 0 0 0.0191183 2.384 303 47 0 0 0
./complex_md-fit_738.pdb BC A 10.1575 36.9053 -17.0023 -7.81193 -14.529 -21.834 -1.07356 36.2206 -21.7028 4.14801 6.98017 2.36166 0 0 0 0.192907 2.42936 0.0262706 0 0 0 0 0.0194228 2.384 303 50 1 1 0
./complex_md-fit_739.pdb BC A 9.54867 34.9702 -14.6799 -8.40735 -13.5922 -22.4099 -1.07212 38.4455 -22.6259 4.64435 7.23528 2.73618 0 0 0 0.378814 2.6011 -0.0124686 0 0 0 0 1.11022e-16 2.384 303 52 1 1 0
./complex_md-fit_73.pdb BC A 6.8326 38.1165 -14.0641 -7.37678 -14.7352 -22.2659 -1.15899 37.4733 -22.0648 5.37671 7.40277 2.82599 0 0 0 0.453998 2.13143 -1.38778e-17 0 0 0 0 0.00472417 2.384 303 47 1 1 0
./complex_md-fit_740.pdb BC A 10.3809 31.5847 -8.10476 -8.99942 -13.1282 -22.6529 -1.17623 39.2081 -22.7004 9.98514 7.89161 3.22768 0 0 0 0.239896 2.7637 0 0 0 0 0 0 2.384 303 49 3 3 0
./complex_md-fit_741.pdb BC A 7.04598 34.5539 -12.6245 -10.0861 -13.4918 -22.6427 -1.14092 39.2665 -22.5116 4.21483 9.14118 3.81477 0 0 0 0.782952 2.23554 0.0283887 0 0 0 0 0 2.384 303 52 2 2 0
./complex_md-fit_742.pdb BC A 7.42082 32.1704 -11.5543 -8.06296 -12.7965 -23.3115 -1.06202 41.7215 -23.522 3.66137 9.29193 2.00912 0 0 0 0.510436 3.37343 0 0 0 0 0 0.00642759 2.384 303 49 1 1 0
./complex_md-fit_743.pdb BC A 8.08942 27.7925 -8.94168 -7.92267 -11.2923 -22.7886 -1.03169 39.92 -22.9186 4.42323 9.87411 2.19919 0 0 0 0.56363 3.36031 0.026318 0 0 0 0 0.00585898 2.384 303 48 1 1 0
./complex_md-fit_744.pdb BC A 7.55453 33.5474 -14.8431 -9.8247 -15.4318 -24.4903 -1.17661 42.3779 -24.6889 5.70347 10.3855 1.59413 0 0 0 0.718759 3.45658 -0.0105636 0 0 0 0 0 2.384 303 52 1 1 0
./complex_md-fit_745.pdb BC A 7.6524 40.0948 -10.2886 -7.87553 -16.4239 -24.8381 -1.22149 44.8703 -24.6508 7.0038 9.70179 2.77919 0 0 0 0.351036 3.80466 0.00888384 0 0 0 0 0.00625315 2.384 303 49 1 1 0
./complex_md-fit_746.pdb BC A 7.79504 35.5716 -10.1294 -7.96404 -12.42 -23.8668 -1.12504 41.6516 -23.8451 5.12274 8.20505 3.46097 0 0 0 0.610722 2.31994 0.0260615 0 0 0 0 0.0144886 2.384 303 46 1 1 0
./complex_md-fit_747.pdb BC A 9.0938 40.3093 -12.2583 -7.64286 -12.3756 -23.9397 -1.08304 40.657 -23.7473 3.71024 8.27833 3.23465 0 0 0 0.633777 2.23406 0.00997024 0 0 0 0 0.00622329 2.384 303 49 0 0 0
./complex_md-fit_748.pdb BC A 9.12335 34.3686 -10.3529 -6.89819 -12.3997 -23.3909 -1.29669 39.2658 -23.273 5.58603 8.26729 3.52416 0 0 0 0.285278 2.17238 -0.0229893 0 0 0 0 0 2.384 303 48 1 1 0
./complex_md-fit_749.pdb BC A 6.20113 31.221 -13.1476 -8.04782 -14.21 -22.9889 -1.13621 39.4995 -22.6845 3.26758 9.83495 2.97662 0 0 0 0.340917 2.82228 0 0 0 0 0 0.00018477 2.384 303 48 1 1 0
./complex_md-fit_74.pdb BC A 6.86386 31.6705 -17.7817 -8.4066 -14.5169 -22.6154 -0.958159 38.338 -22.4674 3.92075 7.45334 1.24917 0 0 0 0.252814 2.03457 -0.0312891 0 0 0 0 0 2.384 303 50 1 1 0
./complex_md-fit_750.pdb BC A 7.40268 32.5933 -9.33289 -7.47795 -10.5863 -23.8967 -1.15311 40.5402 -24.5097 6.19966 7.84481 3.32284 0 0 0 0.419511 2.21327 -0.0361409 0 0 0 0 0 2.384 303 52 1 1 0
./complex_md-fit_751.pdb BC A 8.14961 37.4946 -10.4731 -8.40216 -13.2147 -25.116 -0.944015 42.4581 -25.413 4.81637 9.76545 5.34292 0 0 0 0.228589 3.44495 0 0 0 0 0 0.00526094 2.384 303 48 0 0 0
./complex_md-fit_752.pdb BC A 8.44765 29.8137 -4.4479 -5.97721 -10.6481 -24.5041 -1.13176 43.0218 -25.0005 6.7723 8.05391 4.2878 0 0 0 0.656075 2.53823 0.0218958 0 0 0 0 0 2.384 303 51 1 1 0
./complex_md-fit_753.pdb BC A 7.02229 34.0572 -13.2425 -8.48595 -12.9972 -23.9012 -1.11008 41.1255 -24.3061 4.34631 8.19252 3.47482 0 0 0 0.395291 2.4024 0.0235615 0 0 0 0 0 2.384 303 50 0 0 0
./complex_md-fit_754.pdb BC A 7.19995 31.3015 -15.4258 -9.24424 -14.2463 -24.3527 -0.914301 41.2455 -24.8342 4.44988 7.90561 4.04392 0 0 0 0.501385 2.67197 0.0194941 0 0 0 0 0 2.384 303 53 1 1 0
./complex_md-fit_755.pdb BC A 7.14894 39.4701 -7.55338 -7.21298 -9.60705 -23.5539 -1.03141 40.245 -24.0463 5.60551 7.7825 3.64315 0 0 0 0.627454 2.21541 -0.00939745 0 0 0 0 0.00408394 2.384 303 53 1 1 0
./complex_md-fit_756.pdb BC A 9.57058 31.5725 -6.58752 -6.21587 -10.9759 -23.3117 -1.25509 40.8816 -22.877 7.63053 6.03428 3.42173 0 0 0 0.0798991 3.47991 0 0 0 0 0 0 2.384 303 50 2 2 0
./complex_md-fit_757.pdb BC A 11.1956 34.3037 -12.9584 -7.09297 -13.3346 -23.5647 -0.945725 39.3141 -23.611 5.67312 6.502 3.52919 0 0 0 0.550175 2.73276 0 0 0 0 0 0.0220011 2.384 303 46 1 1 0
./complex_md-fit_758.pdb BC A 7.85163 32.1111 -11.5877 -7.19918 -13.2607 -23.9212 -1.07727 40.3658 -23.7101 5.3638 7.74807 3.75103 0 0 0 0.315693 2.78285 0.0363544 0 0 0 0 0 2.384 303 48 1 1 0
./complex_md-fit_759.pdb BC A 9.40928 28.8689 -8.338 -5.79693 -15.9582 -23.0451 -1.22457 41.6943 -22.6638 6.84943 8.75235 2.57687 0 0 0 0.477637 2.62001 0 0 0 0 0 0 2.384 303 49 2 2 0
./complex_md-fit_75.pdb BC A 8.02946 29.9753 -9.19118 -7.00345 -12.3797 -22.8026 -1.05301 40.0131 -23.1131 7.2592 6.99339 2.63801 0 0 0 0.284062 2.03338 -0.0324315 0 0 0 0 0.00534135 2.384 303 47 3 3 0
./complex_md-fit_760.pdb BC A 7.35498 37.2728 -13.7556 -8.44511 -16.7325 -22.9888 -1.31627 39.0949 -22.6791 5.3119 11.0546 2.73534 0 0 0 0.188389 2.43684 0 0 0 0 0 0.0210464 2.384 303 46 2 2 0
./complex_md-fit_761.pdb BC A 7.82676 41.3797 -11.0965 -6.67729 -15.1851 -25.3042 -1.24328 43.9797 -25.3628 5.60141 8.7042 3.6753 0 0 0 0.720057 4.00794 -0.0109972 0 0 0 0 0.00659768 2.384 303 53 2 2 0
./complex_md-fit_762.pdb BC A 7.03418 36.6807 -17.6917 -9.4695 -16.7471 -23.6758 -1.20857 39.614 -23.8228 4.81372 9.24025 3.08501 0 0 0 0.475899 2.50382 0.000397462 0 0 0 0 0.00275495 2.384 303 48 2 2 0
./complex_md-fit_763.pdb BC A 7.84442 41.8915 -11.6496 -9.10337 -13.4227 -22.9133 -0.901462 38.704 -22.7949 5.69011 9.79394 2.79783 0 0 0 0.497158 2.30773 0 0 0 0 0 0.00301551 2.384 303 48 1 1 0
./complex_md-fit_764.pdb BC A 7.93501 25.0346 -13.4242 -9.39981 -17.6504 -23.1833 -1.07672 41.1162 -22.4497 5.20035 10.7171 2.87978 0 0 0 0.422246 2.34665 0 0 0 0 0 0 2.384 303 50 1 1 0
./complex_md-fit_765.pdb BC A 7.76623 25.499 -19.3788 -8.80243 -16.8535 -23.9994 -1.06021 40.1466 -23.948 2.67797 8.63786 3.39237 0 0 0 0.430018 2.74413 0 0 0 0 0 0 2.384 303 48 0 0 0
./complex_md-fit_766.pdb BC A 9.93891 37.2411 -10.9329 -7.42173 -16.1399 -24.1441 -1.18516 42.7783 -23.7118 4.91315 9.11939 4.55464 0 0 0 0.281031 2.50264 0.0231866 0 0 0 0 0 2.384 303 50 2 2 0
./complex_md-fit_767.pdb BC A 13.4511 32.4187 -5.04499 -5.43368 -11.1716 -22.9244 -0.852655 38.7817 -23.1984 7.58218 7.88502 4.17462 0 0 0 0.0987 2.87517 0.0136122 0 0 0 0 0 2.384 303 48 2 2 0
./complex_md-fit_768.pdb BC A 7.38943 36.5127 -14.2678 -8.38989 -12.782 -21.9909 -0.920618 36.9891 -22.2168 4.42862 7.02439 3.18337 0 0 0 0.399634 2.3588 0 0 0 0 0 0.00729586 2.384 303 49 2 2 0
./complex_md-fit_769.pdb BC A 7.71316 32.0613 -7.49294 -5.26201 -9.85097 -23.1905 -0.937507 40.2763 -23.1897 4.11841 6.06929 4.25452 0 0 0 0.219214 2.85542 0 0 0 0 0 0 2.384 303 48 2 2 0
./complex_md-fit_76.pdb BC A 6.27469 36.0319 -8.89287 -5.95907 -12.2882 -22.7716 -1.02563 39.753 -22.528 5.9708 7.74203 2.0325 0 0 0 0.170892 2.12178 0 0 0 0 0 0.0104259 2.384 303 49 2 2 0
./complex_md-fit_770.pdb BC A 10.013 31.8011 -5.14245 -7.84068 -13.4564 -23.677 -1.10482 41.8394 -23.9116 9.79729 10.0253 2.86405 0 0 0 0.299085 2.84239 0.0229529 0 0 0 0 0 2.384 303 49 2 2 0
./complex_md-fit_771.pdb BC A 8.35777 33.0663 -5.51811 -6.26017 -12.9088 -23.6072 -1.0968 42.1411 -23.6568 7.31893 8.49402 3.92669 0 0 0 0.155587 2.69223 -0.030792 0 0 0 0 0.00619515 2.384 303 47 1 1 0
./complex_md-fit_772.pdb BC A 7.7393 28.5874 -13.0571 -7.25044 -12.9341 -22.6756 -0.922419 38.8198 -22.7301 4.35702 7.41769 2.29115 0 0 0 0.531985 2.24345 0.0379635 0 0 0 0 0 2.384 303 50 1 1 0
./complex_md-fit_773.pdb BC A 6.89718 35.4575 -5.98349 -6.41395 -13.7593 -23.1183 -1.2073 41.9202 -22.7082 6.81143 9.32112 2.7684 0 0 0 0.410397 2.56112 -0.00796217 0 0 0 0 0 2.384 303 48 1 1 0
./complex_md-fit_774.pdb BC A 9.26837 28.9264 -8.53253 -8.67538 -14.5369 -22.5492 -0.953934 39.4229 -22.1916 6.44414 9.79155 3.68599 0 0 0 1.05829 2.2512 -0.0284621 0 0 0 0 0 2.384 303 46 2 2 0
./complex_md-fit_775.pdb BC A 8.87709 35.7867 -15.9181 -8.25534 -17.56 -24.0114 -1.16837 40.7062 -24.3023 4.94489 10.6627 2.59927 0 0 0 0.484008 2.5292 -0.017898 0 0 0 0 0 2.384 303 50 2 2 0
./complex_md-fit_776.pdb BC A 6.89395 33.4072 -7.37373 -6.82554 -12.7864 -24.2311 -1.20179 42.4267 -23.9051 5.51454 8.98364 4.53949 0 0 0 0.111771 2.58599 0 0 0 0 0 0 2.384 303 48 2 2 0
./complex_md-fit_777.pdb BC A 6.91775 30.09 -16.319 -8.10148 -18.9598 -23.0474 -1.46231 39.8289 -22.513 3.43418 10.5151 3.36542 0 0 0 0.600048 2.23542 0.0213496 0 0 0 0 0 2.384 303 47 2 2 0
./complex_md-fit_778.pdb BC A 6.97764 37.8903 -10.2793 -8.35556 -14.063 -22.5435 -1.21686 39.7657 -21.8135 4.97428 9.84416 2.48717 0 0 0 0.610609 2.98206 0.0247104 0 0 0 0 0.00636743 2.384 303 50 1 1 0
./complex_md-fit_779.pdb BC A 9.14698 27.5702 -11.0633 -6.99395 -13.3603 -24.6987 -1.10419 42.2556 -24.3779 4.60202 8.71969 3.67593 0 0 0 0.218478 2.36123 0 0 0 0 0 0 2.384 303 46 1 1 0
./complex_md-fit_77.pdb BC A 8.05024 30.4783 -17.1634 -7.40495 -12.7104 -22.0548 -1.09682 36.0451 -21.8987 3.24603 5.87654 2.70282 0 0 0 0.131694 1.83532 -5.55112e-17 0 0 0 0 0 2.384 303 47 0 0 0
./complex_md-fit_780.pdb BC A 7.69203 32.7258 -5.56822 -6.64094 -12.3797 -25.0753 -1.30299 44.9518 -24.3563 5.84565 9.83599 3.34565 0 0 0 0.207816 2.49414 -1.11022e-16 0 0 0 0 0 2.384 303 47 2 2 0
./complex_md-fit_781.pdb BC A 11.1626 41.6993 -9.13811 -8.43099 -16.8055 -26.054 -1.05786 46.7174 -25.4315 6.66233 10.8006 3.74494 0 0 0 0.686766 3.12805 0.0240084 0 0 0 0 0.00571113 2.384 303 51 0 0 0
./complex_md-fit_782.pdb BC A 10.0968 36.458 -10.4731 -7.01675 -14.3516 -24.1868 -1.01055 42.8381 -23.7035 5.51267 8.34778 2.68311 0 0 0 0.385472 2.5218 0.0229444 0 0 0 0 0.00605362 2.384 303 51 0 0 0
./complex_md-fit_783.pdb BC A 8.08819 30.2294 -9.10766 -8.69092 -12.9772 -25.4432 -0.817417 45.2688 -24.9751 7.61443 7.82387 2.87067 0 0 0 0.178958 2.64441 0.0395053 0 0 0 0 0 2.384 303 52 2 2 0
./complex_md-fit_784.pdb BC A 6.28692 31.5115 -11.3008 -8.13583 -15.6981 -23.8952 -1.14535 41.4057 -23.6527 5.85277 11.237 2.42156 0 0 0 0.335623 2.11185 -0.0262769 0 0 0 0 0 2.384 303 48 1 1 0
./complex_md-fit_785.pdb BC A 8.37468 33.8462 -8.47073 -7.4545 -11.5609 -22.8136 -1.12452 39.1822 -22.2894 6.45703 8.07284 2.87587 0 0 0 0.157125 2.84443 0.0271259 0 0 0 0 0 2.384 303 49 2 2 0
./complex_md-fit_786.pdb BC A 11.0378 36.8491 -11.5042 -8.45355 -11.8534 -23.8391 -0.932366 41.0125 -24.0129 3.57101 8.75279 3.28442 0 0 0 0.971483 2.47138 -0.00508872 0 0 0 0 0 2.384 303 50 0 0 0
./complex_md-fit_787.pdb BC A 8.20897 35.5363 -15.0553 -8.99656 -15.2634 -25.1637 -0.985223 42.9833 -25.508 4.73924 9.39349 3.06306 0 0 0 0.660627 2.62907 0.021824 0 0 0 0 0 2.384 303 51 1 1 0
./complex_md-fit_788.pdb BC A 7.03584 40.9002 -11.512 -7.76771 -12.3975 -24.0725 -0.972612 40.9125 -24.3301 4.65169 8.16628 3.97837 0 0 0 0.292203 2.20339 0.0272712 0 0 0 0 0 2.384 303 47 1 1 0
./complex_md-fit_789.pdb BC A 9.33595 36.7822 -14.896 -8.29318 -17.1446 -23.6429 -1.31061 41.0788 -23.2516 5.42126 9.62293 2.11223 0 0 0 0.487579 3.26621 0.0218517 0 0 0 0 0.0022224 2.384 303 50 1 1 0
./complex_md-fit_78.pdb BC A 7.37318 39.3829 -15.5216 -9.09093 -14.5019 -21.5569 -1.08791 36.1598 -20.8188 5.74711 6.70354 2.36945 0 0 0 0.555025 2.49372 0 0 0 0 0 0 2.384 303 49 2 2 0
./complex_md-fit_790.pdb BC A 7.61188 38.0667 -7.4804 -7.19327 -14.2719 -24.6697 -1.02228 43.6013 -24.6382 7.73058 8.93366 3.5087 0 0 0 0.569579 2.01992 -0.0288997 0 0 0 0 0 2.384 303 49 1 1 0
./complex_md-fit_791.pdb BC A 11.1716 38.3973 -10.3901 -8.60087 -14.4828 -24.9365 -1.11761 44.3791 -24.7504 4.67724 9.72307 4.07162 0 0 0 0.620965 2.2803 0.0260605 0 0 0 0 0 2.384 303 50 0 0 0
./complex_md-fit_792.pdb BC A 6.60671 33.8696 -9.36277 -6.82863 -14.9976 -24.2356 -1.05622 43.6589 -23.8896 5.35421 9.07194 3.05217 0 0 0 0.535119 2.00227 -0.0273707 0 0 0 0 0 2.384 303 49 0 0 0
./complex_md-fit_793.pdb BC A 9.97808 30.5303 -10.4513 -10.1309 -13.9065 -24.922 -1.32473 44.5663 -24.3428 5.51431 10.3794 3.26566 0 0 0 0.441831 2.47923 0.00817599 0 0 0 0 0 2.384 303 48 1 1 0
./complex_md-fit_794.pdb BC A 8.11859 35.2067 -10.1548 -8.01338 -14.8679 -24.2612 -1.26172 42.65 -24.1309 5.54346 9.28951 4.18623 0 0 0 0.689449 2.59453 0.0216203 0 0 0 0 0 2.384 303 48 0 0 0
./complex_md-fit_795.pdb BC A 8.69132 35.9647 -9.998 -7.68459 -12.5515 -22.9797 -0.964017 39.2661 -22.8297 5.36867 8.27503 3.82787 0 0 0 0.273854 1.90803 0 0 0 0 0 0 2.384 303 48 1 1 0
./complex_md-fit_796.pdb BC A 7.83954 36.2786 -6.51655 -6.56896 -14.3912 -24.2206 -1.4786 44.4805 -23.9908 7.27083 8.75046 3.22793 0 0 0 0.410694 3.51175 -0.00685653 0 0 0 0 0 2.384 303 50 2 2 0
./complex_md-fit_797.pdb BC A 7.92999 31.7801 -18.1382 -8.9753 -19.3126 -23.0667 -1.1635 39.0922 -22.3235 5.30556 8.84364 3.16981 0 0 0 0.326558 2.04918 -0.0343617 0 0 0 0 0 2.384 303 48 2 2 0
./complex_md-fit_798.pdb BC A 6.78027 31.934 -7.91957 -4.67591 -13.1514 -22.6929 -0.929649 39.0452 -22.5417 6.82471 7.32952 2.62775 0 0 0 0.244795 1.65993 0 0 0 0 0 0 2.384 303 49 2 2 0
./complex_md-fit_799.pdb BC A 8.1557 34.0092 -10.0126 -7.32237 -14.1867 -23.6469 -0.859772 41.353 -23.7064 5.60026 7.61932 4.19566 0 0 0 0.900025 2.34513 0.0350525 0 0 0 0 0.0061769 2.384 303 50 0 0 0
./complex_md-fit_79.pdb BC A 9.28159 30.3424 -14.5781 -6.01825 -13.4065 -21.2505 -1.07279 35.1582 -21.3035 4.51034 6.31668 2.16817 0 0 0 0.304355 3.15264 0.00877684 0 0 0 0 0.00681364 2.384 303 48 0 0 0
./complex_md-fit_7.pdb BC A 9.3811 37.6021 -13.2404 -6.53826 -13.4962 -23.2594 -1.13906 40.4308 -23.0969 3.65057 6.99397 2.97313 0 0 0 0.261725 1.85052 -0.0212151 0 0 0 0 0.000367952 2.384 303 51 0 0 0
./complex_md-fit_800.pdb BC A 7.99929 32.0181 -12.576 -10.4535 -12.8243 -25.4675 -1.06538 43.4416 -26.0494 6.8224 8.86369 3.77837 0 0 0 0.377927 2.48247 0 0 0 0 0 0 2.384 303 52 1 1 0
./complex_md-fit_801.pdb BC A 6.63649 27.9666 -7.15772 -9.31304 -10.6921 -24.1301 -1.04188 41.4098 -24.0397 6.60466 9.18335 4.75616 0 0 0 0.105089 2.65382 0 0 0 0 0 0 2.384 303 52 1 1 0
./complex_md-fit_802.pdb BC A 10.3493 39.2334 -10.9138 -8.45012 -13.0163 -23.9496 -1.21327 40.7483 -24.1307 5.77659 8.87885 3.5923 0 0 0 0.849577 2.36266 0 0 0 0 0 0.000550655 2.384 303 50 2 2 0
./complex_md-fit_803.pdb BC A 12.1751 35.4563 -9.66826 -9.69833 -11.9185 -22.2959 -1.21933 40.1484 -22.2037 5.41097 8.52488 3.13523 0 0 0 0.473448 2.10821 -0.0254783 0 0 0 0 0 2.384 303 48 1 1 0
./complex_md-fit_804.pdb BC A 6.19848 30.1306 -14.4906 -7.10171 -15.2729 -23.4885 -1.03444 39.2338 -23.5475 4.62379 7.55256 4.08111 0 0 0 0.452649 2.29513 -0.0251657 0 0 0 0 0.0357814 2.384 303 49 1 1 0
./complex_md-fit_805.pdb BC A 9.57631 30.7601 -4.52038 -6.44495 -10.6064 -23.4048 -0.879483 40.5305 -23.8614 7.42446 8.27345 3.93653 0 0 0 0.511699 4.61916 0 0 0 0 0 0 2.384 303 47 3 3 0
./complex_md-fit_806.pdb BC A 8.58798 36.2505 -5.06647 -5.84856 -10.8042 -23.9037 -1.02697 42.541 -23.1549 7.20545 6.12663 3.63014 0 0 0 0.128329 2.2691 0.0113715 0 0 0 0 0.0290128 2.384 303 49 1 1 0
./complex_md-fit_807.pdb BC A 8.62725 34.3925 -11.543 -6.24003 -11.4633 -23.6551 -0.972612 40.5736 -23.4371 2.73344 7.20896 2.77695 0 0 0 0.90421 3.65273 0.0281202 0 0 0 0 0 2.384 303 47 1 1 0
./complex_md-fit_808.pdb BC A 10.6157 39.1301 -13.5028 -6.27579 -11.6283 -22.4468 -1.0145 37.1515 -22.6813 3.43496 6.80004 2.87784 0 0 0 0.250987 2.19621 0.0239122 0 0 0 0 0.00472741 2.384 303 50 0 0 0
./complex_md-fit_809.pdb BC A 9.29685 37.1829 -11.2006 -7.56045 -12.2906 -23.2404 -1.03868 40.8255 -23.3474 4.90115 6.61754 3.74815 0 0 0 0.184539 2.23161 0 0 0 0 0 0 2.384 303 50 0 0 0
./complex_md-fit_80.pdb BC A 6.35019 30.5126 -10.0036 -7.27868 -14.2829 -22.93 -1.28591 40.7628 -22.8424 5.97954 8.52782 2.84031 0 0 0 0.476713 2.13181 0.0291931 0 0 0 0 0 2.384 303 49 2 2 0
./complex_md-fit_810.pdb BC A 7.40039 36.0376 -7.55241 -6.76151 -11.0231 -23.0862 -0.940231 38.6374 -23.2718 7.23135 8.11284 2.9701 0 0 0 0.552956 2.31374 0.0196242 0 0 0 0 0.00612127 2.384 303 50 1 1 0
./complex_md-fit_811.pdb BC A 6.50463 36.1547 -10.8291 -8.10301 -12.5504 -23.48 -1.1774 40.6275 -23.5689 6.72824 7.89431 2.51205 0 0 0 0.30332 2.40736 -0.0217621 0 0 0 0 0.00694808 2.384 303 50 0 0 0
./complex_md-fit_812.pdb BC A 6.80371 35.2398 -5.44425 -4.81486 -9.57542 -22.7947 -0.939791 38.8354 -22.7171 5.43147 6.56031 4.07156 0 0 0 0.479148 2.21299 0.0196685 0 0 0 0 0 2.384 303 49 1 1 0
./complex_md-fit_813.pdb BC A 8.28868 39.7403 -5.22477 -7.71989 -10.9183 -22.4722 -1.03225 39.7502 -22.5311 8.15536 7.3005 3.73614 0 0 0 0.495437 2.71967 0.0114211 0 0 0 0 0 2.384 303 51 2 2 0
./complex_md-fit_814.pdb BC A 7.9519 34.674 -12.8766 -7.72956 -16.2915 -23.4835 -1.36018 39.8269 -23.6117 7.1411 8.04651 4.00855 0 0 0 0.583972 2.17604 -0.0120303 0 0 0 0 0.00493401 2.384 303 52 3 3 0
./complex_md-fit_815.pdb BC A 10.1423 33.196 -9.99892 -7.11978 -14.4123 -23.2643 -1.21926 39.523 -23.4472 7.62412 8.56235 3.28572 0 0 0 0.486657 3.32521 -0.0180697 0 0 0 0 0 2.384 303 50 2 2 0
./complex_md-fit_816.pdb BC A 8.88897 35.0745 -5.70314 -6.49973 -9.92445 -22.9897 -1.0506 38.8804 -23.3664 6.52297 7.98476 4.04889 0 0 0 0.664093 2.53323 0.0266022 0 0 0 0 0 2.384 303 48 2 2 0
./complex_md-fit_817.pdb BC A 9.76347 34.4331 -6.36565 -7.24297 -9.76294 -22.9498 -1.26822 37.5412 -22.7166 8.19274 8.21055 2.92208 0 0 0 0.707045 2.3685 0 0 0 0 0 0.00112081 2.384 303 46 2 2 0
./complex_md-fit_818.pdb BC A 8.24661 30.0467 -13.8803 -7.59892 -13.69 -22.8716 -1.04738 38.4992 -22.8757 4.76281 6.27873 4.17007 0 0 0 0.473904 2.41285 0.0134922 0 0 0 0 0.005187 2.384 303 51 1 1 0
./complex_md-fit_819.pdb BC A 6.97082 34.5147 -5.22646 -5.56691 -13.1436 -22.5349 -1.16176 39.9236 -22.4596 7.17154 8.09494 4.13806 0 0 0 0.275854 3.45934 0.0293622 0 0 0 0 0.00694981 2.384 303 49 3 3 0
./complex_md-fit_81.pdb BC A 8.27511 34.1134 -13.4208 -7.29821 -14.3525 -22.2635 -1.05788 38.8588 -22.1393 4.18761 8.58639 1.54961 0 0 0 0.488713 2.09316 0.0194883 0 0 0 0 0 2.384 303 52 2 2 0
./complex_md-fit_820.pdb BC A 9.20259 37.4596 -4.7469 -6.54816 -9.55762 -22.6747 -0.985209 41.0886 -22.632 6.34714 7.293 2.61636 0 0 0 0.302521 2.85877 -0.0038727 0 0 0 0 0.00700893 2.384 303 52 2 2 0
./complex_md-fit_821.pdb BC A 7.68572 37.4692 -10.1017 -5.80801 -12.2813 -23.5916 -1.03026 39.5546 -23.838 5.84445 6.78905 3.58517 0 0 0 0.654513 3.07502 0.0134113 0 0 0 0 0.00630688 2.384 303 49 2 2 0
./complex_md-fit_822.pdb BC A 9.45322 35.4585 -13.0405 -7.04828 -15.2995 -22.0697 -1.12907 37.5698 -21.8989 6.14568 8.01213 2.30803 0 0 0 0.361747 3.65391 0.000898822 0 0 0 0 0.0066028 2.384 303 46 1 1 0
./complex_md-fit_823.pdb BC A 7.89272 40.8887 -5.64219 -6.62381 -12.005 -23.1988 -1.14623 40.7394 -22.8567 8.08091 7.93498 3.16504 0 0 0 0.293155 2.44148 -0.0302997 0 0 0 0 0.00516887 2.384 303 48 3 3 0
./complex_md-fit_824.pdb BC A 8.00693 35.9225 -9.41381 -8.05136 -13.164 -23.832 -1.01281 40.2804 -23.2395 6.9882 8.78875 3.42126 0 0 0 0.400323 2.10941 0 0 0 0 0 0.00700756 2.384 303 49 1 1 0
./complex_md-fit_825.pdb BC A 6.96592 37.0868 -1.92179 -7.06856 -11.2974 -23.7119 -1.03612 41.7574 -23.567 10.8657 8.53489 3.23631 0 0 0 0.393429 2.95829 -0.0286295 0 0 0 0 0 2.384 303 47 5 5 0
./complex_md-fit_826.pdb BC A 7.89942 30.4296 -4.33073 -5.01577 -11.2821 -23.933 -1.12064 42.5523 -23.7145 7.84188 7.49455 2.47806 0 0 0 0.35243 2.56561 0.0104044 0 0 0 0 0.00562712 2.384 303 52 1 1 0
./complex_md-fit_827.pdb BC A 9.31724 32.9814 -7.47049 -5.63949 -9.43528 -23.7489 -0.979654 40.1405 -23.7352 5.67658 6.58468 3.38019 0 0 0 0.27709 2.81553 0 0 0 0 0 0.00889465 2.384 303 50 1 1 0
./complex_md-fit_828.pdb BC A 6.97576 35.7579 -5.28228 -6.41726 -10.1721 -24.0227 -1.04036 42.1426 -24.0465 6.42 7.68313 3.54706 0 0 0 0.597161 2.78655 0.0267412 0 0 0 0 0 2.384 303 54 1 1 0
./complex_md-fit_829.pdb BC A 7.03714 26.1819 -11.336 -7.59766 -12.2332 -22.4799 -1.11274 37.2506 -22.283 6.2261 7.57537 3.12373 0 0 0 0.165138 2.09387 0.0228642 0 0 0 0 0.00661016 2.384 303 50 1 1 0
./complex_md-fit_82.pdb BC A 10.114 33.6842 -14.6399 -7.35644 -14.257 -23.571 -1.27018 40.4215 -23.5879 4.06949 7.39584 2.6987 0 0 0 0.819987 2.29439 -0.00289742 0 0 0 0 0 2.384 303 48 2 2 0
./complex_md-fit_830.pdb BC A 12.3189 31.8272 -7.1334 -8.03197 -12.2341 -24.0438 -1.18714 42.5123 -23.7886 6.2812 7.89541 5.19461 0 0 0 0.297644 2.3403 -0.029008 0 0 0 0 0 2.384 303 49 0 0 0
./complex_md-fit_831.pdb BC A 8.89736 34.0846 -15.6569 -8.97597 -14.5339 -22.7672 -1.24834 38.3863 -23.072 4.6368 8.78204 2.73783 0 0 0 0.361367 1.72001 0.0276184 0 0 0 0 0.00865431 2.384 303 45 1 1 0
./complex_md-fit_832.pdb BC A 12.1527 37.8883 -1.63996 -6.7698 -11.3579 -24.2823 -1.18591 43.3757 -24.2481 8.95096 9.58246 3.91011 0 0 0 0.400707 2.6243 -0.0291436 0 0 0 0 0.0132086 2.384 303 56 2 2 0
./complex_md-fit_833.pdb BC A 10.4719 34.3971 -12.3459 -7.2821 -15.6372 -23.3975 -1.2107 41.8518 -22.8305 3.05942 9.57602 2.76299 0 0 0 0.739743 2.32843 0.0220477 0 0 0 0 0 2.384 303 53 0 0 0
./complex_md-fit_834.pdb BC A 6.55473 34.749 -6.79597 -7.17188 -15.7215 -24.4309 -1.17905 43.3585 -24.0933 6.89109 10.3438 4.51276 0 0 0 0.705132 3.70884 -0.0106235 0 0 0 0 0 2.384 303 52 3 3 0
./complex_md-fit_835.pdb BC A 8.53719 42.5093 -7.1444 -7.42653 -13.5869 -23.8163 -1.36839 42.1917 -23.3478 7.29444 10.3796 2.30106 0 0 0 0.233495 2.3238 -0.00703621 0 0 0 0 0.00819057 2.384 303 49 2 2 0
./complex_md-fit_836.pdb BC A 9.16991 35.0354 -10.5372 -8.32703 -14.7592 -24.5567 -1.19734 41.7224 -24.1225 6.49215 9.63007 4.01979 0 0 0 0.574834 2.31526 -0.0136368 0 0 0 0 0 2.384 303 50 1 1 0
./complex_md-fit_837.pdb BC A 8.85952 41.2349 -9.45951 -8.64678 -13.2705 -24.2019 -1.18262 41.1974 -24.2481 7.47469 9.44281 3.44935 0 0 0 0.560774 2.77461 -0.0346633 0 0 0 0 0 2.384 303 51 2 2 0
./complex_md-fit_838.pdb BC A 9.29291 41.5954 -7.76837 -8.97596 -14.2616 -23.3715 -1.10095 40.8179 -23.1932 7.79027 9.81389 4.36212 0 0 0 0.355987 2.39329 -0.00524568 0 0 0 0 0 2.384 303 49 2 2 0
./complex_md-fit_839.pdb BC A 7.61622 41.5557 -15.4834 -8.59585 -15.8542 -24.1012 -1.21547 40.2796 -24.1235 5.48775 9.28479 2.75777 0 0 0 0.585254 2.31721 0.0115813 0 0 0 0 0 2.384 303 48 1 1 0
./complex_md-fit_83.pdb BC A 8.91828 29.5452 -15.5434 -7.21555 -13.576 -23.2374 -1.14682 39.8232 -23.5688 3.79958 7.26136 2.12354 0 0 0 0.224859 2.04767 -0.031484 0 0 0 0 0 2.384 303 48 1 1 0
./complex_md-fit_840.pdb BC A 6.01284 28.9756 -8.26198 -5.77424 -13.0901 -23.232 -1.09638 39.3876 -23.3279 6.14154 9.69099 2.78954 0 0 0 0.280926 2.33779 -0.0384646 0 0 0 0 0.00646203 2.384 303 49 1 1 0
./complex_md-fit_841.pdb BC A 7.40304 31.3461 -13.4326 -7.01928 -15.3739 -22.686 -1.17634 38.0952 -22.8575 4.87373 9.26696 3.00724 0 0 0 0.454437 2.34464 -0.0171063 0 0 0 0 0 2.384 303 49 0 0 0
./complex_md-fit_842.pdb BC A 8.10469 43.8464 -11.3309 -8.52103 -17.3077 -23.5198 -1.15359 40.1717 -23.3984 7.28623 10.4292 4.15564 0 0 0 0.51997 2.21777 0.00697011 0 0 0 0 0 2.384 303 50 2 2 0
./complex_md-fit_843.pdb BC A 7.92006 29.2469 -11.3023 -6.32143 -12.7518 -23.0081 -1.20319 39.8664 -23.2691 4.1629 8.24088 2.48391 0 0 0 0.481686 2.67047 0.0156126 0 0 0 0 0 2.384 303 46 0 0 0
./complex_md-fit_844.pdb BC A 7.27454 37.3026 -17.1119 -10.0539 -14.022 -24.0545 -1.0608 39.8031 -24.0845 4.01069 9.07628 2.8077 0 0 0 0.462851 2.46284 0 0 0 0 0 0.00323763 2.384 303 48 1 1 0
./complex_md-fit_845.pdb BC A 7.88308 40.9397 -8.69582 -7.72758 -11.9202 -23.4247 -1.11816 39.396 -23.6649 7.88964 8.79291 2.54299 0 0 0 0.534871 2.63539 -0.00748536 0 0 0 0 0.0108479 2.384 303 47 1 1 0
./complex_md-fit_846.pdb BC A 7.92846 30.7653 -5.21585 -3.9652 -9.00155 -22.833 -1.03413 39.8554 -23.3786 5.49804 6.69045 2.75281 0 0 0 0.223028 2.30916 -0.0295558 0 0 0 0 0.00646971 2.384 303 52 1 1 0
./complex_md-fit_847.pdb BC A 7.8687 36.8258 -16.792 -11.1395 -16.7153 -23.4011 -1.3736 39.1896 -23.447 5.01528 11.698 2.97101 0 0 0 0.418829 2.07531 -0.00818734 0 0 0 0 0 2.384 303 49 2 2 0
./complex_md-fit_848.pdb BC A 6.92036 38.5542 -11.7316 -7.65352 -14.6331 -22.9442 -1.18965 37.6382 -23.4936 5.18843 10.5482 3.93272 0 0 0 0.855261 2.42213 0.0197367 0 0 0 0 0 2.384 303 47 1 1 0
./complex_md-fit_849.pdb BC A 6.86201 42.4451 -10.2805 -7.83064 -12.3732 -23.0394 -1.22954 40.039 -23.2105 5.78281 8.35092 2.77016 0 0 0 0.42201 2.24427 0.0378003 0 0 0 0 0 2.384 303 49 1 1 0
./complex_md-fit_84.pdb BC A 7.74252 33.7585 -10.0229 -6.54752 -14.7752 -22.7947 -1.16921 40.5636 -22.5146 6.08963 8.63405 1.76544 0 0 0 0.691843 3.23296 0.0283793 0 0 0 0 0.00537845 2.384 303 49 2 2 0
./complex_md-fit_850.pdb BC A 6.60752 38.5868 -8.20649 -4.98921 -11.0606 -22.857 -1.22775 40.1062 -23.0499 4.50897 7.56366 2.1531 0 0 0 0.644474 2.07736 -0.00539066 0 0 0 0 0.00707491 2.384 303 52 0 0 0
./complex_md-fit_851.pdb BC A 8.42387 34.0238 -11.1383 -7.76611 -14.714 -23.0047 -1.14516 39.2556 -22.7932 5.39944 8.89471 3.79528 0 0 0 0.959291 2.46048 -0.0319244 0 0 0 0 0.0125156 2.384 303 50 1 1 0
./complex_md-fit_852.pdb BC A 8.25322 32.2715 -9.32587 -6.87271 -11.8722 -22.476 -1.04766 39.3566 -22.4026 6.18955 7.34944 2.3062 0 0 0 0.105368 3.25712 0.0381898 0 0 0 0 0 2.384 303 48 2 2 0
./complex_md-fit_853.pdb BC A 6.64294 41.7175 -7.40534 -4.82231 -8.92612 -23.0086 -0.765062 39.3632 -23.2928 4.48807 6.38068 2.94601 0 0 0 0.231611 2.86871 0 0 0 0 0 0 2.384 303 49 1 1 0
./complex_md-fit_854.pdb BC A 12.0722 39.476 -6.97784 -5.7243 -12.0692 -24.364 -0.960846 42.0608 -24.413 8.40208 6.8282 3.11719 0 0 0 0.1399 2.96427 -2.77556e-17 0 0 0 0 0.00532545 2.384 303 52 3 3 0
./complex_md-fit_855.pdb BC A 7.1083 39.9081 -12.6043 -6.25769 -15.2947 -24.2007 -1.05808 42.4754 -23.9318 3.63564 8.72506 2.79211 0 0 0 0.511701 2.34198 -0.00122404 0 0 0 0 -1.11022e-16 2.384 303 52 0 0 0
./complex_md-fit_856.pdb BC A 8.69618 38.3706 -12.5656 -6.94949 -14.8913 -23.7248 -1.12727 41.0917 -23.5921 5.12675 7.48027 3.809 0 0 0 0.197074 2.36524 0.0146331 0 0 0 0 0 2.384 303 50 1 1 0
./complex_md-fit_857.pdb BC A 9.8449 40.5676 -9.18751 -6.91565 -10.5272 -22.7298 -0.861766 38.8976 -22.6392 4.7118 6.80115 3.47375 0 0 0 0.601778 2.03919 1.11022e-16 0 0 0 0 0 2.384 303 53 1 1 0
./complex_md-fit_858.pdb BC A 6.84837 38.0858 -3.40475 -4.94604 -12.0463 -22.999 -1.19439 41.6705 -22.875 8.36233 7.20199 2.98522 0 0 0 0.429569 2.22365 0.00625191 0 0 0 0 0 2.384 303 48 1 1 0
./complex_md-fit_859.pdb BC A 8.18693 38.0248 -13.7221 -6.79946 -13.4664 -23.6291 -0.94146 39.5288 -23.987 4.5546 8.59044 1.87233 0 0 0 0.554895 3.26933 0 0 0 0 0 0.000169594 2.384 303 48 0 0 0
./complex_md-fit_85.pdb BC A 8.3947 33.0769 -14.989 -7.76243 -14.0866 -22.3366 -1.03412 36.7288 -22.1238 3.73697 8.68758 2.78905 0 0 0 0.393697 2.00083 0 0 0 0 0 0.0184673 2.384 303 48 0 0 0
./complex_md-fit_860.pdb BC A 8.31177 39.5286 -15.4849 -9.87186 -15.7903 -25.1573 -1.38407 42.5342 -25.5127 5.70198 9.39784 4.04423 0 0 0 0.520176 2.89513 0.0328596 0 0 0 0 0 2.384 303 51 2 2 0
./complex_md-fit_861.pdb BC A 6.31612 33.828 -13.624 -7.88188 -11.9613 -23.7784 -1.21231 40.5665 -23.7265 3.82898 7.41319 2.66559 0 0 0 0.440119 2.22996 0 0 0 0 0 0.0219146 2.384 303 51 0 0 0
./complex_md-fit_862.pdb BC A 7.99758 24.9841 -14.0659 -6.86396 -13.9293 -23.3827 -1.09454 39.6504 -23.8992 3.78544 8.78438 2.37166 0 0 0 0.542401 2.87901 -0.0304253 0 0 0 0 0 2.384 303 47 0 0 0
./complex_md-fit_863.pdb BC A 6.74725 33.5772 -10.2482 -9.3847 -14.1279 -22.833 -1.09554 38.931 -22.9832 7.39051 9.86204 3.65031 0 0 0 0.342213 2.28117 0 0 0 0 0 0 2.384 303 49 1 1 0
./complex_md-fit_864.pdb BC A 7.3787 35.7683 -7.98589 -5.48977 -11.2212 -21.7503 -0.889615 38.2678 -21.4429 4.61373 6.92256 2.53442 0 0 0 0.442346 2.19996 0.020702 0 0 0 0 0.0063246 2.384 303 48 2 2 0
./complex_md-fit_865.pdb BC A 5.78344 44.8725 -10.6327 -7.182 -12.3205 -23.3311 -1.18149 39.0933 -23.2161 5.62822 8.69764 2.52871 0 0 0 0.620232 2.18229 0.0303958 0 0 0 0 0 2.384 303 50 1 1 0
./complex_md-fit_866.pdb BC A 10.6874 39.7953 -5.5283 -6.91568 -10.5805 -23.8373 -1.20621 42.6343 -23.5197 6.7531 7.52403 3.27194 0 0 0 0.326595 2.42204 0.0212521 0 0 0 0 0 2.384 303 48 1 1 0
./complex_md-fit_867.pdb BC A 8.8502 34.9671 -13.3336 -9.52689 -14.8922 -23.624 -1.40675 41.3797 -23.0894 6.07763 8.62013 2.58521 0 0 0 0.519194 2.62038 0.0238166 0 0 0 0 0 2.384 303 51 2 2 0
./complex_md-fit_868.pdb BC A 6.9524 35.6816 -9.04147 -7.46863 -14.4197 -23.9532 -1.14058 41.0283 -23.6403 7.7752 9.83472 2.76814 0 0 0 0.193733 2.24054 -0.0190492 0 0 0 0 0 2.384 303 51 1 1 0
./complex_md-fit_869.pdb BC A 10.6205 45.042 -11.8885 -6.34317 -13.7726 -22.7988 -0.979578 39.7746 -22.305 3.66032 8.14017 2.45051 0 0 0 0.256482 3.68316 0.0285239 0 0 0 0 0 2.384 303 49 0 0 0
./complex_md-fit_86.pdb BC A 7.722 32.5665 -14.9293 -7.32696 -13.7708 -24.1034 -1.1633 40.8277 -24.5671 4.0602 8.03106 2.70278 0 0 0 0.352379 3.67641 0 0 0 0 0 0.0283331 2.384 303 49 0 0 0
./complex_md-fit_870.pdb BC A 5.93811 32.8406 -14.9481 -6.951 -13.2887 -22.1758 -1.01816 36.7969 -22.7956 3.21997 8.02737 3.09194 0 0 0 0.147069 1.79442 -0.0103362 0 0 0 0 0.00826762 2.384 303 47 0 0 0
./complex_md-fit_871.pdb BC A 8.41419 40.0481 -0.882544 -6.19536 -12.5996 -23.022 -1.24056 41.8687 -22.6305 9.96106 9.22639 3.49455 0 0 0 0.234049 2.78509 0.0207827 0 0 0 0 0 2.384 303 47 2 2 0
./complex_md-fit_872.pdb BC A 6.77817 39.059 -6.31373 -6.08649 -15.0012 -22.5271 -1.27196 39.9565 -22.0289 8.42447 7.68501 3.84903 0 0 0 0.686723 2.00299 -0.00163729 0 0 0 0 0.00176969 2.384 303 52 1 1 0
./complex_md-fit_873.pdb BC A 8.53058 42.1011 -6.22596 -7.41855 -13.2923 -23.6456 -1.11704 41.2497 -23.3688 8.7819 8.38007 3.40087 0 0 0 0.779967 2.53629 0.0238242 0 0 0 0 0 2.384 303 48 3 3 0
./complex_md-fit_874.pdb BC A 8.42074 39.616 -10.149 -6.93924 -12.2915 -22.9133 -1.1061 39.7278 -22.5948 5.61072 7.90685 2.27282 0 0 0 0.151923 2.65373 0.0257957 0 0 0 0 0 2.384 303 50 1 1 0
./complex_md-fit_875.pdb BC A 8.56205 38.6395 -10.5752 -8.55481 -14.7224 -23.191 -1.27853 41.3033 -23.0882 5.68986 7.6758 4.85599 0 0 0 0.717046 2.51041 0 0 0 0 0 0.017781 2.384 303 49 1 1 0
./complex_md-fit_876.pdb BC A 10.0066 33.1067 -11.6403 -5.44963 -11.9315 -23.6454 -0.984547 38.9475 -24.0139 4.91736 7.06148 3.25536 0 0 0 0.206658 2.64097 -0.00968552 0 0 0 0 0.00595971 2.384 303 52 0 0 0
./complex_md-fit_877.pdb BC A 7.57015 34.3554 -6.83499 -7.62631 -15.0262 -23.9636 -1.36425 43.5775 -23.6315 7.50373 10.1292 3.25409 0 0 0 0.278431 3.51117 0.0339352 0 0 0 0 0 2.384 303 50 1 1 0
./complex_md-fit_878.pdb BC A 8.66651 37.9889 -7.77616 -7.03804 -10.8808 -23.1841 -1.08557 39.9503 -23.1022 7.22407 7.79421 2.14221 0 0 0 0.406093 2.95035 -0.0119298 0 0 0 0 0.00964452 2.384 303 52 2 2 0
./complex_md-fit_879.pdb BC A 7.02123 42.0268 -12.9935 -7.19927 -13.6333 -23.0302 -1.07697 39.2856 -23.3122 4.58671 7.64998 3.53683 0 0 0 0.199109 3.39839 -0.00665448 0 0 0 0 0.00683632 2.384 303 49 1 1 0
./complex_md-fit_87.pdb BC A 7.95956 41.2837 -17.4167 -9.35391 -12.7099 -24.2224 -1.07309 39.6111 -25.1204 2.94877 8.59249 3.61027 0 0 0 0.246741 2.36776 0.0448445 0 0 0 0 0.00871941 2.384 303 51 0 0 0
./complex_md-fit_880.pdb BC A 8.09271 41.9379 -17.7708 -8.60798 -17.0683 -22.0943 -1.14284 38.1577 -21.2192 3.13668 7.75935 3.0473 0 0 0 0.223749 2.0094 0.0370118 0 0 0 0 0 2.384 303 47 0 0 0
./complex_md-fit_881.pdb BC A 10.2486 31.4579 -5.16273 -7.41316 -10.335 -24.0155 -1.17732 42.8875 -24.158 8.21557 7.5312 2.78364 0 0 0 0.518362 2.39724 0 0 0 0 0 0 2.384 303 50 2 2 0
./complex_md-fit_882.pdb BC A 7.71338 35.8999 -11.3162 -7.89395 -13.5818 -22.2653 -1.03809 39.8051 -22.4208 4.18326 8.636 2.83443 0 0 0 0.38197 2.45251 0.0429378 0 0 0 0 0 2.384 303 51 0 0 0
./complex_md-fit_883.pdb BC A 8.34612 37.4951 -6.83655 -6.77212 -12.3089 -22.2023 -1.0346 37.3418 -22.317 6.9392 9.43052 3.78459 0 0 0 0.302224 2.23254 1.11022e-16 0 0 0 0 0 2.384 303 49 1 1 0
./complex_md-fit_884.pdb BC A 7.5087 30.3881 -10.4043 -5.99441 -11.4631 -22.9903 -1.02415 40.0563 -23.6321 3.09724 6.93829 4.12708 0 0 0 0.480865 2.28375 0 0 0 0 0 0 2.384 303 49 0 0 0
./complex_md-fit_885.pdb BC A 6.96561 38.0454 -13.1168 -8.92142 -14.6569 -24.1267 -1.14721 40.9398 -24.3251 6.09178 9.64424 2.75575 0 0 0 0.607729 2.03341 0.0212181 0 0 0 0 0 2.384 303 52 2 2 0
./complex_md-fit_886.pdb BC A 9.31593 28.4381 -7.23048 -9.34611 -12.7867 -23.3434 -1.2319 41.9244 -22.6116 6.78305 9.87576 3.20179 0 0 0 0.304209 2.42581 0 0 0 0 0 0 2.384 303 49 1 1 0
./complex_md-fit_887.pdb BC A 9.84559 36.49 -12.1429 -6.33433 -14.9973 -23.3443 -1.31887 41.2633 -22.8795 4.0008 8.50019 2.54506 0 0 0 0.390159 2.79411 0.0319589 0 0 0 0 0 2.384 303 51 0 0 0
./complex_md-fit_888.pdb BC A 9.87726 39.9118 -3.82611 -6.54055 -13.6099 -25.6998 -1.31869 46.0225 -25.4307 9.65723 10.6489 2.22359 0 0 0 0.221277 3.12488 0 0 0 0 0 0 2.384 303 52 3 3 0
./complex_md-fit_889.pdb BC A 6.63731 36.314 -16.639 -9.37208 -17.6895 -23.8739 -1.51294 41.5741 -23.4595 4.24143 10.6736 2.64762 0 0 0 0.10045 2.30563 0.0317328 0 0 0 0 0 2.384 303 49 0 0 0
./complex_md-fit_88.pdb BC A 6.41006 32.8852 -12.7413 -9.03812 -14.0571 -23.4935 -0.913101 40.7725 -23.4392 4.97504 9.7757 2.15442 0 0 0 0.522086 2.49207 0 0 0 0 0 0 2.384 303 49 1 1 0
./complex_md-fit_890.pdb BC A 7.70924 39.2979 -12.333 -8.71081 -13.1715 -24.2401 -1.12042 40.891 -24.3412 4.91319 9.76566 3.4272 0 0 0 0.237198 2.86791 0.0166982 0 0 0 0 0 2.384 303 51 1 1 0
./complex_md-fit_891.pdb BC A 8.34969 33.5499 -9.22817 -7.55232 -14.7645 -23.0554 -1.23245 40.9629 -22.6845 6.60239 9.03636 3.31848 0 0 0 0.128555 2.37396 0.0124326 0 0 0 0 0 2.384 303 48 3 3 0
./complex_md-fit_892.pdb BC A 9.76953 35.9911 -8.98928 -7.26991 -13.0445 -23.7016 -1.1186 42.1494 -23.8175 7.16211 7.6492 2.81962 0 0 0 0.182407 2.62227 0 0 0 0 0 0 2.384 303 51 2 2 0
./complex_md-fit_893.pdb BC A 7.49039 40.5264 -14.9321 -9.61452 -14.3137 -24.3294 -1.02896 41.4948 -24.3108 5.02946 8.61341 3.03075 0 0 0 0.442686 3.25912 0.0541665 0 0 0 0 0 2.384 303 50 2 2 0
./complex_md-fit_894.pdb BC A 8.89338 39.2491 -8.28328 -6.54854 -13.7124 -23.575 -0.922452 41.9255 -23.2154 4.69001 9.46578 3.34251 0 0 0 0.280375 2.53529 -0.013639 0 0 0 0 0 2.384 303 48 1 1 0
./complex_md-fit_895.pdb BC A 7.95588 31.2613 -16.4057 -6.70871 -18.1202 -22.9236 -1.18971 40.7993 -22.5701 2.60184 8.12102 3.0277 0 0 0 0.518507 2.31258 0 0 0 0 0 0.0382831 2.384 303 48 0 0 0
./complex_md-fit_896.pdb BC A 8.95448 33.3783 -13.6441 -7.08805 -13.4805 -24.1523 -1.22031 41.5099 -24.4632 4.4258 7.26162 3.00739 0 0 0 0.512359 2.55678 0.0236197 0 0 0 0 0.0196738 2.384 303 52 1 1 0
./complex_md-fit_897.pdb BC A 10.9666 32.8068 -15.1325 -6.51213 -13.3072 -23.5462 -1.17809 39.4549 -24.0398 4.45102 6.90567 2.19355 0 0 0 0.425794 2.49133 0.0199861 0 0 0 0 0 2.384 303 53 0 0 0
./complex_md-fit_898.pdb BC A 8.26195 35.1438 -13.8442 -8.3669 -13.256 -24.3054 -1.2857 41.8411 -24.2985 5.41934 7.83156 2.23539 0 0 0 0.304205 2.91403 0.0155915 0 0 0 0 0.0212345 2.384 303 53 1 1 0
./complex_md-fit_899.pdb BC A 7.69228 36.4594 -10.5233 -7.39192 -13.6501 -24.7332 -1.05786 43.0267 -24.7199 5.81017 7.51334 4.39752 0 0 0 0.296471 2.70402 -0.0144449 0 0 0 0 0 2.384 303 51 1 1 0
./complex_md-fit_89.pdb BC A 7.34046 34.9025 -14.8327 -6.56801 -15.1897 -22.3373 -0.909148 37.5698 -22.358 4.75742 7.85626 1.83809 0 0 0 0.459866 3.33272 0.0480644 0 0 0 0 0 2.384 303 50 0 0 0
./complex_md-fit_8.pdb BC A 9.33272 29.4445 -9.86844 -6.48488 -15.2879 -22.9127 -1.20224 40.5728 -22.2749 6.28439 6.66953 4.04483 0 0 0 0.719351 1.85791 0 0 0 0 0 0.00327673 2.384 303 51 1 1 0
./complex_md-fit_900.pdb BC A 10.5631 33.6805 -9.81771 -8.25167 -10.3381 -23.6954 -1.22252 40.6433 -23.7801 7.30612 7.89038 1.29566 0 0 0 0.334654 2.28609 0 0 0 0 0 0 2.384 303 50 2 2 0
./complex_md-fit_901.pdb BC A 9.5164 38.5792 -10.5297 -7.20819 -16.2986 -23.4028 -1.33401 42.3905 -23.1511 6.35343 9.02481 2.73449 0 0 0 0.363774 2.21521 -0.00212695 0 0 0 0 0 2.384 303 53 2 2 0
./complex_md-fit_902.pdb BC A 10.4714 36.5861 -9.52915 -7.24068 -11.2643 -22.8888 -0.874631 39.1811 -23.1686 5.25934 7.30591 3.50914 0 0 0 0.641436 2.37645 0 0 0 0 0 0.0109334 2.384 303 51 1 1 0
./complex_md-fit_903.pdb BC A 7.10971 35.3552 -15.8825 -7.10518 -15.6587 -22.151 -1.25385 38.1961 -21.8754 2.22043 7.77739 3.73952 0 0 0 0.214747 2.41088 0.0135252 0 0 0 0 0 2.384 303 49 0 0 0
./complex_md-fit_904.pdb BC A 5.7189 37.6615 -13.6168 -7.59755 -17.0244 -23.8579 -1.24557 41.7409 -23.3925 5.18982 8.80127 3.52595 0 0 0 0.194497 2.29246 0.0440838 0 0 0 0 0.00453086 2.384 303 48 1 1 0
./complex_md-fit_905.pdb BC A 8.15695 32.0375 -14.1382 -7.08027 -16.8886 -24.1588 -1.04778 42.6176 -23.7946 3.94391 9.33794 2.57428 0 0 0 0.358077 3.78791 0 0 0 0 0 0 2.384 303 49 0 0 0
./complex_md-fit_906.pdb BC A 12.7359 38.5685 -11.2442 -7.76852 -16.1525 -22.8922 -1.28704 40.5392 -22.7904 5.2964 9.80205 3.81592 0 0 0 0.153167 2.80419 0.0266604 0 0 0 0 0.0131181 2.384 303 51 2 2 0
./complex_md-fit_907.pdb BC A 7.93256 41.3658 -12.964 -7.37433 -16.102 -23.5403 -1.28684 41.8579 -23.1317 3.1762 8.93372 4.08986 0 0 0 0.379159 2.5207 0.0268618 0 0 0 0 0.00741807 2.384 303 50 0 0 0
./complex_md-fit_908.pdb BC A 6.1484 36.0123 -13.6888 -7.23264 -15.3543 -21.8033 -1.11307 38.1619 -21.481 3.07396 8.92317 3.0126 0 0 0 0.0943715 2.0015 0.0114768 0 0 0 0 0.0180381 2.384 303 48 0 0 0
./complex_md-fit_909.pdb BC A 10.7984 33.841 -6.69122 -6.1792 -13.7476 -24.2657 -0.899517 44.3621 -23.5367 5.20577 8.75856 3.18254 0 0 0 0.428469 1.97496 0 0 0 0 0 0 2.384 303 49 1 1 0
./complex_md-fit_90.pdb BC A 6.2551 31.8455 -9.78104 -7.04509 -8.22985 -21.6912 -0.897338 38.7222 -21.4291 3.62454 4.42569 2.18748 0 0 0 0.551573 2.22884 0 0 0 0 0 0 2.384 303 49 0 0 0
./complex_md-fit_910.pdb BC A 7.19271 38.5645 -5.34227 -5.55663 -10.0861 -22.0666 -0.830892 39.7775 -21.5538 5.26565 5.33718 3.77366 0 0 0 0.54833 1.96396 0.0233257 0 0 0 0 0.0260906 2.384 303 49 2 2 0
./complex_md-fit_911.pdb BC A 9.0008 30.4386 -12.157 -7.16854 -14.0886 -21.9351 -1.19088 38.0724 -21.2633 4.49543 7.72307 2.9097 0 0 0 0.28877 3.36475 0 0 0 0 0 0 2.384 303 47 1 1 0
./complex_md-fit_912.pdb BC A 7.64941 34.5706 -11.5654 -8.35351 -13.7616 -23.979 -1.13191 40.8252 -23.8302 6.04969 8.25365 4.02859 0 0 0 0.293216 2.96935 0.00322434 0 0 0 0 0.0372164 2.384 303 49 1 1 0
./complex_md-fit_913.pdb BC A 11.0301 28.1434 -13.0995 -10.9184 -14.2252 -23.3434 -1.27812 40.4923 -23.1533 5.90051 9.69164 3.15654 0 0 0 0.56455 3.12929 0 0 0 0 0 0.0133867 2.384 303 50 1 1 0
./complex_md-fit_914.pdb BC A 12.905 26.0744 -13.1522 -9.75851 -12.3954 -23.8575 -1.03725 40.3595 -23.8214 6.44723 5.84402 4.57928 0 0 0 0.460959 2.8919 0.00675331 0 0 0 0 0.0200075 2.384 303 49 3 3 0
./complex_md-fit_915.pdb BC A 8.79991 29.6235 -16.4943 -8.22795 -14.9016 -22.8967 -1.06853 37.7248 -22.7871 5.29017 6.79628 3.02257 0 0 0 0.537408 2.28215 0 0 0 0 0 0.0163573 2.384 303 48 2 2 0
./complex_md-fit_916.pdb BC A 6.98626 40.1165 -14.5491 -8.31432 -12.3721 -22.4728 -1.10378 37.4072 -22.6343 3.52049 6.99388 4.27243 0 0 0 0.163499 2.89467 -0.00928685 0 0 0 0 0 2.384 303 48 1 1 0
./complex_md-fit_917.pdb BC A 7.96754 39.0674 -12.3476 -8.80297 -13.8299 -22.4245 -1.10694 39.072 -22.3107 4.43412 8.27035 3.64603 0 0 0 0.725449 2.13463 -0.0204925 0 0 0 0 0 2.384 303 50 0 0 0
./complex_md-fit_918.pdb BC A 8.85226 38.1643 -12.8476 -7.75242 -17.0688 -21.7281 -1.20257 38.6388 -21.2264 3.39851 10.4296 3.56098 0 0 0 0.0790731 2.87466 0.0238268 0 0 0 0 0 2.384 303 50 0 0 0
./complex_md-fit_919.pdb BC A 7.96675 37.23 -15.1622 -7.88252 -14.8465 -22.3053 -1.09193 39.4011 -21.6933 1.56102 7.07928 4.10582 0 0 0 0.50106 2.21397 -0.00105143 0 0 0 0 0.0101944 2.384 303 47 0 0 0
./complex_md-fit_91.pdb BC A 9.61984 30.8874 -14.6845 -6.90166 -12.7929 -21.19 -0.992031 36.0026 -21.408 3.55213 5.5522 2.79172 0 0 0 0.688122 2.36154 -0.0031519 0 0 0 0 0.0166404 2.384 303 45 0 0 0
./complex_md-fit_920.pdb BC A 6.85059 31.1462 -10.1305 -2.95414 -10.4988 -21.1354 -1.24839 36.5748 -21.2903 3.79154 4.3274 1.99223 0 0 0 0.285897 3.13419 0.0114061 0 0 0 0 0.0132576 2.384 303 46 1 1 0
./complex_md-fit_921.pdb BC A 9.32128 34.8384 -8.84431 -5.91127 -11.9077 -22.6586 -1.0056 39.8604 -22.656 3.88934 7.39794 3.78234 0 0 0 0.351323 2.47181 0.0134343 0 0 0 0 0 2.384 303 49 1 1 0
./complex_md-fit_922.pdb BC A 8.38485 26.4531 -10.3847 -6.37977 -12.8856 -21.8034 -1.07214 38.5171 -21.2414 3.81388 6.9003 3.53452 0 0 0 0.241155 2.42158 -0.0092535 0 0 0 0 0 2.384 303 50 1 1 0
./complex_md-fit_923.pdb BC A 6.5033 39.0632 -15.3129 -7.30273 -15.9189 -22.8879 -1.10143 37.9833 -22.793 4.42044 9.05838 2.5645 0 0 0 0.637712 2.87568 0.0219569 0 0 0 0 0.00475151 2.384 303 47 2 2 0
./complex_md-fit_924.pdb BC A 6.65052 31.5494 -13.3004 -7.23362 -15.9637 -22.8005 -1.04885 39.8647 -22.5562 3.83283 9.22258 3.00891 0 0 0 0.368477 2.95388 0 0 0 0 0 0.00503566 2.384 303 50 1 1 0
./complex_md-fit_925.pdb BC A 7.47032 30.732 -12.9048 -9.43746 -14.4849 -23.5178 -0.864441 41.0468 -23.2786 4.92867 9.15045 2.76386 0 0 0 0.794578 2.28667 -0.00589739 0 0 0 0 0 2.384 303 47 0 0 0
./complex_md-fit_926.pdb BC A 8.6859 38.9816 -9.74431 -3.41897 -12.5634 -22.4429 -1.10973 38.6063 -22.2134 4.46722 5.99595 2.54546 0 0 0 0.377699 2.52248 0.0113812 0 0 0 0 0 2.384 303 46 2 2 0
./complex_md-fit_927.pdb BC A 9.13325 35.1497 -7.44537 -5.77834 -11.5111 -22.7783 -1.16206 39.3586 -22.6457 5.27398 7.55695 3.51783 0 0 0 0.722659 2.29939 0 0 0 0 0 0 2.384 303 49 0 0 0
./complex_md-fit_928.pdb BC A 10.2368 45.0797 -12.5142 -8.85072 -12.2493 -23.3379 -1.24587 39.8197 -23.2165 3.80836 8.14582 3.84722 0 0 0 0.789563 2.10979 -0.0246543 0 0 0 0 0 2.384 303 51 0 0 0
./complex_md-fit_929.pdb BC A 7.57961 38.5176 -8.86116 -6.52913 -13.6908 -23.9618 -1.20971 40.9254 -24.4993 7.22365 8.20028 3.9181 0 0 0 0.728913 2.94591 0.0203775 0 0 0 0 0.0129107 2.384 303 49 1 1 0
./complex_md-fit_92.pdb BC A 7.24151 30.387 -17.6362 -8.24338 -12.0638 -21.589 -0.882585 36.165 -22.3742 1.61443 7.57123 1.6959 0 0 0 0.464803 1.98475 0 0 0 0 0 0.00529584 2.384 303 49 0 0 0
./complex_md-fit_930.pdb BC A 8.94652 33.1872 -9.23416 -7.5285 -9.92197 -23.9259 -1.22187 41.2389 -24.1977 5.48709 7.23478 3.24291 0 0 0 0.39027 2.89543 -0.0320572 0 0 0 0 0 2.384 303 51 2 2 0
./complex_md-fit_931.pdb BC A 6.84272 37.7061 -12.2305 -6.62658 -12.3644 -23.0774 -1.02444 39.9751 -23.1635 3.83893 6.32675 3.55344 0 0 0 0.286756 2.48902 0.0449549 0 0 0 0 0 2.384 303 55 0 0 0
./complex_md-fit_932.pdb BC A 7.57206 34.4696 -11.5185 -6.72214 -11.5725 -21.566 -0.934955 36.1414 -21.5968 5.39413 6.13083 2.49566 0 0 0 0.682316 1.97599 0.0243371 0 0 0 0 0.00520507 2.384 303 48 1 1 0
./complex_md-fit_933.pdb BC A 8.0728 26.7642 -15.6949 -8.25296 -12.2012 -23.2206 -1.20446 37.9309 -24.0539 3.86987 7.9793 2.95384 0 0 0 0.504315 2.10744 0 0 0 0 0 0 2.384 303 50 0 0 0
./complex_md-fit_934.pdb BC A 8.23503 29.5961 -4.18658 -6.41361 -9.39968 -22.7782 -1.21765 39.7499 -22.507 7.18828 7.4902 3.39955 0 0 0 0.288587 2.72568 0.0130463 0 0 0 0 0 2.384 303 50 2 2 0
./complex_md-fit_935.pdb BC A 7.34016 33.241 -9.72878 -7.71934 -13.3352 -23.9605 -1.2334 42.107 -23.757 5.88841 8.9051 2.68863 0 0 0 0.693742 2.5384 -0.00625981 0 0 0 0 0 2.384 303 53 2 2 0
./complex_md-fit_936.pdb BC A 8.31933 35.3338 -12.4657 -7.8076 -15.112 -24.2395 -1.26957 43.3279 -24.2367 3.42556 9.21819 3.90379 0 0 0 0.294844 3.00815 0.00949307 0 0 0 0 0.0198257 2.384 303 51 0 0 0
./complex_md-fit_937.pdb BC A 8.71887 39.3224 -7.21085 -6.40483 -13.1336 -23.1173 -1.26127 40.4444 -23.1648 8.02104 9.44926 1.77183 0 0 0 0.161227 2.42164 0.0230858 0 0 0 0 0 2.384 303 48 1 1 0
./complex_md-fit_938.pdb BC A 7.4149 37.9447 -6.83623 -7.18664 -12.2085 -24.289 -1.18359 43.5012 -23.9865 6.29076 8.57392 3.01621 0 0 0 0.570115 2.71625 0.0191368 0 0 0 0 0.0465526 2.384 303 49 1 1 0
./complex_md-fit_939.pdb BC A 9.36914 33.5335 -7.59267 -6.19188 -15.3704 -23.1932 -1.03183 42.6509 -22.5956 6.21317 9.29957 2.11395 0 0 0 0.492025 2.524 0.00497736 0 0 0 0 0.0154654 2.384 303 50 0 0 0
./complex_md-fit_93.pdb BC A 8.18274 35.6786 -18.6635 -8.58712 -12.8278 -21.4673 -1.03083 35.7166 -21.3908 2.40029 6.43989 1.40202 0 0 0 0.681518 2.35664 0 0 0 0 0 0 2.384 303 50 0 0 0
./complex_md-fit_940.pdb BC A 8.93304 31.2129 -6.24281 -7.59143 -11.7325 -22.7569 -1.07538 41.5786 -22.1457 5.10162 8.77191 3.2268 0 0 0 0.37431 2.28745 0 0 0 0 0 0.00577145 2.384 303 49 1 1 0
./complex_md-fit_941.pdb BC A 8.21451 36.4054 -16.887 -8.85609 -15.7852 -22.5474 -1.28947 38.7076 -22.2015 3.65428 8.29725 2.53471 0 0 0 0.59886 2.33768 0 0 0 0 0 0 2.384 303 48 1 1 0
./complex_md-fit_942.pdb BC A 6.87866 32.6329 -9.36761 -6.94333 -12.5818 -22.3039 -1.04814 38.3548 -22.4936 6.54686 8.72463 2.26548 0 0 0 0.122048 2.978 -0.0145558 0 0 0 0 0.00380501 2.384 303 50 2 2 0
./complex_md-fit_943.pdb BC A 11.2804 40.6381 -12.8227 -9.12533 -14.4169 -23.1474 -1.0503 39.9637 -23.4525 5.21998 9.18047 3.68521 0 0 0 0.304889 2.45593 0.0154448 0 0 0 0 0 2.384 303 50 1 1 0
./complex_md-fit_944.pdb BC A 8.32702 39.8243 -17.2511 -9.10692 -16.3768 -24.2111 -1.15852 42.2918 -23.9042 3.07675 9.00198 2.6652 0 0 0 0.470717 2.75077 0 0 0 0 0 0 2.384 303 48 0 0 0
./complex_md-fit_945.pdb BC A 6.09393 43.2798 -22.1233 -10.3752 -17.4156 -22.6066 -1.16798 37.9628 -22.3061 3.20349 8.29498 2.18331 0 0 0 0.0909823 2.42038 0.0126106 0 0 0 0 0 2.384 303 52 0 0 0
./complex_md-fit_946.pdb BC A 9.30095 35.7184 -5.95277 -5.81161 -11.698 -24.283 -1.17228 43.6803 -24.4371 6.50056 7.99122 3.19081 0 0 0 0.0929898 3.24051 -0.00669955 0 0 0 0 0 2.384 303 51 1 1 0
./complex_md-fit_947.pdb BC A 8.57327 34.3942 -16.3153 -6.55658 -15.1338 -23.809 -1.12689 39.7364 -24.0832 3.0279 7.48124 3.44411 0 0 0 0.687953 3.61004 0.0165674 0 0 0 0 0 2.384 303 49 0 0 0
./complex_md-fit_948.pdb BC A 7.92791 35.4645 -13.5766 -6.77273 -15.4029 -22.8382 -1.14096 39.7101 -22.6536 4.33411 7.25221 3.58473 0 0 0 0.316405 3.39746 0.0203973 0 0 0 0 0.0137979 2.384 303 51 2 2 0
./complex_md-fit_949.pdb BC A 8.25726 34.6586 -12.6707 -7.13631 -11.9235 -23.4878 -1.21281 38.742 -23.6198 5.14623 7.41851 2.93072 0 0 0 0.40563 2.77524 0.0483947 0 0 0 0 0.0180043 2.384 303 52 1 1 0
./complex_md-fit_94.pdb BC A 7.31085 33.7766 -7.08932 -5.28409 -11.7268 -21.2074 -1.13024 37.2057 -20.8671 6.24472 6.34714 2.9126 0 0 0 0.416139 2.11433 0 0 0 0 0 0 2.384 303 47 1 1 0
./complex_md-fit_950.pdb BC A 7.6127 33.2022 -18.1523 -7.71447 -15.384 -23.0373 -1.06999 38.7233 -23.3769 3.98399 7.89586 1.59762 0 0 0 0.205704 2.25449 0.0230647 0 0 0 0 0.000846732 2.384 303 48 0 0 0
./complex_md-fit_951.pdb BC A 7.70458 34.3204 -10.7749 -7.00571 -11.4583 -22.6857 -1.12123 39.0145 -22.3581 3.949 6.89194 3.09557 0 0 0 0.898958 2.37252 0.0040787 0 0 0 0 0 2.384 303 50 2 2 0
./complex_md-fit_952.pdb BC A 8.80284 37.0545 -11.2717 -7.13853 -12.1329 -23.1232 -1.18672 40.5419 -22.8098 3.54544 7.33464 3.19581 0 0 0 0.501584 2.47665 0 0 0 0 0 0 2.384 303 48 0 0 0
./complex_md-fit_953.pdb BC A 8.13318 38.3887 -1.13031 -6.33527 -11.6998 -24.4056 -1.18023 42.2283 -24.5927 12.0134 8.48392 3.78338 0 0 0 0.579678 3.25758 -0.00533749 0 0 0 0 0 2.384 303 51 3 3 0
./complex_md-fit_954.pdb BC A 8.04356 40.8619 -13.7303 -7.85067 -13.7874 -22.9833 -1.12275 38.6559 -23.1475 5.52742 8.12044 2.26929 0 0 0 0.564296 2.26785 0.0239774 0 0 0 0 0 2.384 303 49 0 0 0
./complex_md-fit_955.pdb BC A 7.15134 37.1653 -15.4371 -6.93237 -13.2583 -21.2484 -1.10101 35.7611 -20.9068 1.7801 6.29803 3.99355 0 0 0 0.138845 1.83529 0.0381468 0 0 0 0 0 2.384 303 49 0 0 0
./complex_md-fit_956.pdb BC A 8.38783 39.598 -15.9505 -7.81837 -15.1822 -23.0462 -1.19202 38.5591 -22.6665 5.09091 7.63638 2.5022 0 0 0 0.16612 2.9062 0 0 0 0 0 0 2.384 303 53 2 2 0
./complex_md-fit_957.pdb BC A 8.82373 34.5263 -12.8636 -6.17695 -15.1676 -23.4792 -1.28352 40.014 -23.4193 3.92444 9.22349 3.23869 0 0 0 0.253432 2.09257 0.00885162 0 0 0 0 0 2.384 303 50 0 0 0
./complex_md-fit_958.pdb BC A 6.61977 39.7329 -5.99202 -8.57379 -13.3718 -23.84 -1.218 41.8464 -23.5942 9.89014 7.57766 4.50461 0 0 0 0.776471 2.30861 -0.00416046 0 0 0 0 0.0146853 2.384 303 55 4 4 0
./complex_md-fit_959.pdb BC A 6.74442 39.7267 -12.735 -6.69393 -13.4018 -23.0237 -0.927392 38.7977 -22.7525 5.47224 6.82955 2.45361 0 0 0 0.518266 3.06489 -0.00708322 0 0 0 0 0 2.384 303 49 2 2 0
./complex_md-fit_95.pdb BC A 6.62019 35.092 -7.80476 -4.46758 -9.8094 -22.8824 -0.858035 39.5805 -23.2475 5.67653 6.78639 1.27872 0 0 0 0.148346 2.24172 -0.0102986 0 0 0 0 0 2.384 303 51 2 2 0
./complex_md-fit_960.pdb BC A 9.36741 26.6155 -9.31459 -7.0505 -11.5789 -22.9154 -0.921384 40.5848 -23.2545 5.34047 6.6054 3.05948 0 0 0 0.790429 2.68112 0.0254629 0 0 0 0 0 2.384 303 47 1 1 0
./complex_md-fit_961.pdb BC A 5.89387 38.2461 -8.33423 -8.38493 -12.79 -23.6156 -1.05512 42.5398 -23.1818 6.66704 7.99996 3.28988 0 0 0 0.192659 2.79753 -0.0371134 0 0 0 0 0.0410676 2.384 303 51 2 2 0
./complex_md-fit_962.pdb BC A 9.20311 26.8788 -17.249 -8.4472 -13.1214 -22.5009 -1.01523 36.7223 -22.9507 3.65108 6.79579 3.03178 0 0 0 0.590022 2.40674 -0.00458583 0 0 0 0 0 2.384 303 49 1 1 0
./complex_md-fit_963.pdb BC A 7.8104 38.364 -10.5275 -7.34232 -11.1754 -22.7456 -0.965028 38.3571 -23.2023 4.45779 7.81243 3.68873 0 0 0 0.577813 2.48155 0.0093741 0 0 0 0 0 2.384 303 45 0 0 0
./complex_md-fit_964.pdb BC A 7.09129 35.9934 -15.6371 -6.99375 -14.192 -22.4203 -0.980318 37.8424 -22.5365 3.48641 6.45686 2.93507 0 0 0 0.757837 1.98327 -0.00964484 0 0 0 0 0.0168885 2.384 303 50 0 0 0
./complex_md-fit_965.pdb BC A 7.38989 36.1004 -5.84439 -6.11846 -9.62361 -23.6799 -1.06591 39.5617 -23.8991 8.45341 7.22406 3.18498 0 0 0 0.118456 2.63041 0 0 0 0 0 0 2.384 303 47 3 3 0
./complex_md-fit_966.pdb BC A 8.86914 30.9715 -13.4966 -7.71106 -11.3647 -22.3555 -0.972196 37.2771 -22.5867 3.90633 5.90772 3.97051 0 0 0 0.409894 2.34821 0.0218862 0 0 0 0 0 2.384 303 49 0 0 0
./complex_md-fit_967.pdb BC A 8.98889 32.9459 -12.9048 -5.76553 -11.5321 -22.5343 -0.989143 37.6384 -22.7089 4.87993 5.11659 2.57773 0 0 0 0.402164 2.45993 0.0104108 0 0 0 0 0 2.384 303 48 1 1 0
./complex_md-fit_968.pdb BC A 6.84046 32.1035 -12.3602 -7.054 -14.5712 -23.0681 -1.09292 39.1794 -23.1386 4.68082 8.89543 3.15 0 0 0 0.668183 2.03711 -0.00932237 0 0 0 0 0 2.384 303 50 1 1 0
./complex_md-fit_969.pdb BC A 8.93593 40.0223 -10.5131 -7.54829 -13.354 -24.7824 -0.990068 44.0249 -24.8796 4.42296 9.22552 3.00214 0 0 0 0.352889 2.66101 0.0127537 0 0 0 0 0 2.384 303 50 0 0 0
./complex_md-fit_96.pdb BC A 8.49933 38.1326 -12.225 -7.13993 -10.0529 -22.5117 -0.910027 38.978 -22.2021 3.35153 5.47532 1.75412 0 0 0 0.952454 3.07504 0.0802564 0 0 0 0 0 2.384 303 49 1 1 0
./complex_md-fit_970.pdb BC A 9.48168 37.4676 -14.0041 -7.70992 -18.0196 -24.2344 -1.20802 43.3829 -23.8955 4.86484 9.48614 2.66575 0 0 0 0.642518 3.18325 0.0212586 0 0 0 0 0 2.384 303 51 0 0 0
./complex_md-fit_971.pdb BC A 6.29969 32.1166 -18.1693 -8.68031 -16.9922 -22.5577 -1.25629 37.6952 -22.4426 2.94289 8.01911 4.94035 0 0 0 0.17198 2.00095 -0.0098781 0 0 0 0 0 2.384 303 49 0 0 0
./complex_md-fit_972.pdb BC A 7.41648 28.4702 -9.94021 -5.993 -14.3863 -23.3042 -1.18451 40.3732 -23.4063 6.85612 8.01711 2.81169 0 0 0 0.237282 2.19886 0.038645 0 0 0 0 0 2.384 303 47 2 2 0
./complex_md-fit_973.pdb BC A 10.5186 35.9319 -5.82906 -6.70361 -10.863 -22.5856 -1.16471 39.8331 -22.4572 5.89605 8.52138 3.25797 0 0 0 0.420673 3.47059 -1.11022e-16 0 0 0 0 0.0158302 2.384 303 49 1 1 0
./complex_md-fit_974.pdb BC A 7.167 34.116 -10.8875 -6.55391 -12.9647 -22.6482 -0.982434 38.5411 -23.0931 6.58722 7.46062 2.28849 0 0 0 0.446191 2.17378 0.014156 0 0 0 0 0.0170954 2.384 303 49 3 3 0
./complex_md-fit_975.pdb BC A 7.38029 36.9324 -9.82374 -6.69619 -13.1293 -23.4759 -1.0183 40.7668 -22.8973 5.02804 6.71342 4.47927 0 0 0 0.381448 2.75023 0.0242418 0 0 0 0 0 2.384 303 51 0 0 0
./complex_md-fit_976.pdb BC A 9.71063 32.6975 -12.4727 -7.94023 -13.1108 -23.0029 -0.926466 38.9045 -23.1645 6.42846 7.0797 2.87917 0 0 0 0.408127 2.23719 -0.027702 0 0 0 0 0 2.384 303 47 0 0 0
./complex_md-fit_977.pdb BC A 7.20833 32.1258 -7.15244 -6.35944 -11.2626 -22.3439 -0.914366 39.067 -22.2365 5.57584 7.94162 3.04267 0 0 0 0.335776 2.74234 0.00154645 0 0 0 0 0 2.384 303 47 1 1 0
./complex_md-fit_978.pdb BC A 6.54898 36.4486 -13.7312 -8.38941 -14.4133 -23.1072 -0.970662 40.708 -22.8822 3.44706 8.58425 2.55373 0 0 0 0.738494 2.5191 0 0 0 0 0 0 2.384 303 48 0 0 0
./complex_md-fit_979.pdb BC A 7.27508 31.4601 -15.1212 -9.15012 -17.0305 -23.224 -1.22749 39.6343 -22.9524 6.08972 8.52432 3.84911 0 0 0 0.341181 2.06757 0.0245923 0 0 0 0 0 2.384 303 47 1 1 0
./complex_md-fit_97.pdb BC A 9.73136 30.9671 -1.26193 -6.26352 -8.3936 -22.438 -0.854928 40.7459 -22.8717 9.48122 5.80033 3.19413 0 0 0 0.367621 1.80342 -0.0293783 0 0 0 0 0 2.384 303 50 2 2 0
./complex_md-fit_980.pdb BC A 7.12208 42.3385 -19.6604 -9.323 -17.5079 -23.2141 -1.10145 38.4795 -23.5272 3.98524 9.95815 2.18307 0 0 0 0.433192 3.52311 -0.025931 0 0 0 0 0 2.384 303 46 1 1 0
./complex_md-fit_981.pdb BC A 10.8737 40.2714 -10.5041 -7.46785 -14.1126 -24.2398 -1.10139 41.1335 -24.5651 4.82455 9.53089 5.00289 0 0 0 0.452986 2.56332 0.0378061 0 0 0 0 0 2.384 303 49 0 0 0
./complex_md-fit_982.pdb BC A 9.39955 30.0962 -13.3872 -7.18135 -15.6655 -23.3557 -1.26933 39.9919 -23.4286 4.20836 8.80224 4.22195 0 0 0 0.271461 2.6965 0.0173211 0 0 0 0 0 2.384 303 51 0 0 0
./complex_md-fit_983.pdb BC A 7.94273 39.7485 -13.2105 -9.10721 -16.6704 -23.9668 -1.36909 40.8013 -23.7936 7.12306 9.55252 3.09864 0 0 0 1.08641 2.25395 0.0347447 0 0 0 0 0 2.384 303 47 2 2 0
./complex_md-fit_984.pdb BC A 8.05583 35.5683 -9.56275 -6.16819 -14.2549 -22.9487 -1.20293 39.6302 -22.8038 6.07319 8.44883 3.4533 0 0 0 0.188178 2.87364 0.0145249 0 0 0 0 0.00746673 2.384 303 50 2 2 0
./complex_md-fit_985.pdb BC A 7.39647 40.6713 -12.4255 -7.01376 -16.7374 -24.4158 -1.24373 42.3109 -24.3727 5.48383 9.13193 4.16567 0 0 0 0.263737 2.34056 -0.00531806 0 0 0 0 0.00714548 2.384 303 52 0 0 0
./complex_md-fit_986.pdb BC A 6.4495 28.2592 -12.7455 -7.20954 -13.0172 -23.4493 -1.10106 38.6538 -23.2784 6.56121 7.44123 2.50756 0 0 0 0.166981 2.66804 -0.0275611 0 0 0 0 0.00692464 2.384 303 53 2 2 0
./complex_md-fit_987.pdb BC A 9.92643 32.6862 -11.9678 -5.65545 -12.988 -22.4898 -1.14773 37.8321 -22.5808 4.8367 6.89448 2.89564 0 0 0 0.462673 2.91431 -0.0275522 0 0 0 0 0 2.384 303 51 1 1 0
./complex_md-fit_988.pdb BC A 9.50712 39.3386 -3.67047 -6.05724 -12.1007 -23.5351 -1.18828 42.1336 -23.4865 7.76061 8.06899 4.31421 0 0 0 0.384913 2.90803 0.0350783 0 0 0 0 0 2.384 303 51 1 1 0
./complex_md-fit_989.pdb BC A 7.78213 27.0285 -10.9512 -6.79621 -15.2657 -22.8747 -1.18005 41.38 -22.3753 3.12339 9.07961 3.76675 0 0 0 0.222785 2.04127 -0.0316665 0 0 0 0 1.11022e-16 2.384 303 51 0 0 0
./complex_md-fit_98.pdb BC A 6.48663 30.7179 -12.6359 -6.0949 -11.7744 -21.9895 -0.928993 37.5902 -21.6853 3.28204 5.49418 3.0096 0 0 0 0.38628 1.85413 0.0747424 0 0 0 0 0 2.384 303 46 0 0 0
./complex_md-fit_990.pdb BC A 6.51623 34.6107 -11.0446 -7.17235 -13.9732 -23.941 -1.15758 42.1154 -23.8343 5.17275 8.341 3.19388 0 0 0 0.176965 2.51354 0.0196146 0 0 0 0 0.014131 2.384 303 53 0 0 0
./complex_md-fit_991.pdb BC A 9.33057 37.1253 -13.9593 -7.04149 -14.4481 -22.8894 -1.20224 39.2508 -22.5897 5.99666 6.34066 2.40283 0 0 0 0.203099 2.35329 0.00930611 0 0 0 0 0.00834472 2.384 303 52 2 2 0
./complex_md-fit_992.pdb BC A 6.81533 36.38 -8.52541 -8.32881 -12.5626 -24.3021 -1.17144 43.4958 -23.9803 4.30648 9.11603 4.09486 0 0 0 0.763119 2.26661 0.0435091 0 0 0 0 0 2.384 303 52 1 1 0
./complex_md-fit_993.pdb BC A 10.0714 28.3482 -9.43098 -6.08379 -14.2186 -24.182 -1.24774 43.3307 -23.7519 6.32428 7.12247 2.81109 0 0 0 0.464455 2.49543 -1.11022e-16 0 0 0 0 0 2.384 303 54 1 1 0
./complex_md-fit_994.pdb BC A 7.66892 26.8733 -13.6668 -8.75054 -14.8898 -22.5181 -1.20862 39.5609 -22.0252 4.29529 8.2536 3.01812 0 0 0 0.57371 2.04009 0.0238488 0 0 0 0 0 2.384 303 51 0 0 0
./complex_md-fit_995.pdb BC A 8.0577 30.9005 -13.1367 -8.30735 -15.427 -23.3201 -1.20824 38.2611 -23.2452 7.67402 7.65533 4.52694 0 0 0 0.261024 1.65717 -0.011944 0 0 0 0 0.004704 2.384 303 48 2 2 0
./complex_md-fit_996.pdb BC A 6.95824 35.8962 -8.36119 -6.94908 -11.4204 -22.7609 -1.0967 39.3724 -22.87 6.39134 6.98965 3.81882 0 0 0 0.198986 2.22265 -0.0352267 0 0 0 0 0 2.384 303 49 1 1 0
./complex_md-fit_997.pdb BC A 7.30919 33.9763 -10.2864 -6.05726 -12.5131 -23.1864 -1.14926 40.3963 -22.7622 5.25499 6.4633 3.12038 0 0 0 0.14422 2.21048 0.00264141 0 0 0 0 0 2.384 303 52 0 0 0
./complex_md-fit_998.pdb BC A 6.87051 38.7538 -9.90834 -7.53809 -11.5495 -22.9629 -1.11981 39.6394 -22.7991 5.67076 6.94435 3.04856 0 0 0 0.757983 2.74522 1.38778e-17 0 0 0 0 0 2.384 303 50 0 0 0
./complex_md-fit_999.pdb BC A 11.2097 38.3741 -10.3333 -8.70341 -13.6906 -23.3998 -1.24214 40.9119 -23.2595 5.75559 8.41686 3.98994 0 0 0 0.904864 2.30042 -0.0258865 0 0 0 0 0.00881301 2.384 303 50 3 3 0
./complex_md-fit_99.pdb BC A 8.65694 34.9846 -13.0607 -7.94766 -14.6327 -22.4867 -0.924976 39.8416 -21.8404 4.51315 7.71016 2.35463 0 0 0 0.352206 1.6488 0 0 0 0 0 0 2.384 303 45 0 0 0
./complex_md-fit_9.pdb BC A 7.53779 31.4004 -4.0034 -4.2401 -13.0484 -22.0616 -1.04417 39.5878 -21.6548 6.53264 8.91208 2.82036 0 0 0 0.192798 2.74217 0 0 0 0 0 0 2.384 303 50 0 0 0
