./complex_md-fit_1000.pdb BC A 8.24171 34.1278 -9.25132 -5.82571 -12.8456 -22.3217 -0.679589 39.9887 -22.1055 3.87396 6.99211 3.31517 0 0 0 0.356852 3.55535 0 0 0 0 0 0 2.384 303 51 0 0 0
./complex_md-fit_1001.pdb BC A 8.36217 33.9254 -9.27475 -5.86082 -12.0406 -24.5842 -0.562849 43.1929 -24.6647 5.14737 7.00841 2.41631 0 0 0 0.683115 2.67287 -0.00965471 0 0 0 0 0 2.384 303 53 1 1 0
./complex_md-fit_100.pdb BC A 7.06246 32.1805 -8.52344 -6.97216 -13.5314 -23.1525 -0.928309 41.3204 -22.7761 7.22788 7.18879 2.4254 0 0 0 0.647402 2.60722 0.027209 0 0 0 0 0 2.384 303 50 1 1 0
./complex_md-fit_101.pdb BC A 7.82393 29.1572 -5.8068 -7.06821 -11.148 -23.1814 -1.11138 42.6016 -22.6403 5.95187 7.52628 2.91157 0 0 0 0.293194 2.22029 0.0579537 0 0 0 0 0 2.384 303 51 2 2 0
./complex_md-fit_102.pdb BC A 7.5924 32.3809 -18.061 -9.32373 -14.0198 -24.4299 -0.887344 41.7326 -24.1876 3.0674 6.45236 3.0371 0 0 0 0.536108 2.48888 -0.0382433 0 0 0 0 0 2.384 303 52 0 0 0
./complex_md-fit_103.pdb BC A 6.50908 34.5023 -12.1197 -6.64582 -13.2488 -23.0716 -0.985018 39.5147 -22.516 4.31583 7.52553 2.72042 0 0 0 0.271083 2.22524 0 0 0 0 0 0 2.384 303 49 1 1 0
./complex_md-fit_104.pdb BC A 8.68178 34.4069 -8.70127 -7.87995 -12.3731 -24.2701 -1.09217 43.4006 -23.5299 4.72029 8.74124 3.24976 0 0 0 0.343553 2.13609 -0.0115047 0 0 0 0 0 2.384 303 52 0 0 0
./complex_md-fit_105.pdb BC A 6.48207 31.8241 -12.0068 -5.72431 -14.9369 -24.2416 -0.879762 42.1251 -23.8332 5.00795 7.74091 2.51089 0 0 0 0.235459 1.8675 -0.0112293 0 0 0 0 0 2.384 303 51 1 1 0
./complex_md-fit_106.pdb BC A 6.8024 29.7734 -9.19452 -5.43782 -14.8722 -23.5967 -0.980519 42.5415 -22.9611 5.32989 7.53676 2.89841 0 0 0 0.347372 2.04344 0 0 0 0 0 0 2.384 303 53 1 1 0
./complex_md-fit_107.pdb BC A 8.26434 37.8399 -13.9201 -7.08185 -13.0089 -23.1615 -0.924485 41.1479 -22.8716 3.23646 5.71851 2.60146 0 0 0 0.415494 2.99031 0.00843145 0 0 0 0 0 2.384 303 50 0 0 0
./complex_md-fit_108.pdb BC A 8.06954 23.8282 -12.7628 -7.62645 -15.2689 -22.9652 -0.902264 39.8971 -22.6779 4.62484 9.13609 2.66349 0 0 0 0.356244 2.1296 0 0 0 0 0 0.000159528 2.384 303 49 0 0 0
./complex_md-fit_109.pdb BC A 6.80179 36.238 -12.5286 -6.38671 -12.8579 -22.5701 -1.03256 38.9559 -22.3951 3.80269 6.59449 3.09519 0 0 0 0.267062 2.25324 -0.00949863 0 0 0 0 0.00786691 2.384 303 48 1 1 0
./complex_md-fit_10.pdb BC A 7.40342 28.509 -13.7999 -7.04705 -15.2048 -22.5051 -1.0388 37.612 -22.2833 5.75401 8.24631 2.25338 0 0 0 0.408951 1.74909 5.55112e-17 0 0 0 0 0.00458936 2.384 303 50 2 2 0
./complex_md-fit_110.pdb BC A 8.02071 33.1195 -12.2675 -6.62315 -14.7708 -22.8007 -1.2303 39.6021 -22.3865 5.20169 7.46375 2.81513 0 0 0 0.496889 2.96075 -0.0356528 0 0 0 0 0 2.384 303 50 1 1 0
./complex_md-fit_111.pdb BC A 9.23648 34.2592 -14.575 -7.37112 -15.3223 -23.9331 -1.11138 42.173 -23.1358 2.533 7.91175 2.91613 0 0 0 0.743173 2.37015 0 0 0 0 0 0.0216892 2.384 303 50 0 0 0
./complex_md-fit_112.pdb BC A 8.27316 35.81 -14.8176 -6.93214 -14.9801 -23.1928 -0.896512 40.4459 -22.5247 2.36855 7.06763 2.90058 0 0 0 0.926074 2.34785 0 0 0 0 0 0 2.384 303 50 0 0 0
./complex_md-fit_113.pdb BC A 6.34665 36.5254 -11.2113 -6.38174 -12.9789 -23.8482 -0.921424 42.7783 -23.5415 5.28147 6.22826 1.95903 0 0 0 0.213391 2.48715 0 0 0 0 0 0 2.384 303 51 0 0 0
./complex_md-fit_114.pdb BC A 8.49828 31.6903 -12.5917 -7.26251 -13.6693 -23.5018 -0.722847 41.4051 -23.0559 4.04125 7.03916 2.54943 0 0 0 0.599879 2.93755 -0.0141358 0 0 0 0 0 2.384 303 52 0 0 0
./complex_md-fit_115.pdb BC A 6.60793 33.3035 -16.2459 -8.19356 -14.8146 -23.2826 -1.02963 39.8548 -22.4601 2.51072 7.09672 3.33154 0 0 0 0.74089 2.61419 0 0 0 0 0 0 2.384 303 48 0 0 0
./complex_md-fit_116.pdb BC A 6.66234 33.3188 -12.2402 -6.21572 -12.9416 -22.1064 -1.03328 38.2219 -21.6588 4.13002 6.40121 2.52888 0 0 0 0.452779 2.66227 -0.0192193 0 0 0 0 0 2.384 303 48 1 1 0
./complex_md-fit_117.pdb BC A 6.18491 34.8099 -11.2435 -5.56717 -12.3556 -22.8241 -0.939215 40.3726 -22.3098 2.77924 6.02057 3.34688 0 0 0 0.244704 1.81805 -0.0115648 0 0 0 0 0 2.384 303 49 0 0 0
./complex_md-fit_118.pdb BC A 9.94425 38.4821 -11.7686 -6.71083 -13.9175 -23.4635 -0.942707 40.8524 -23.3983 4.52601 8.3683 2.62336 0 0 0 0.284814 2.42063 0.00935955 0 0 0 0 0 2.384 303 52 0 0 0
./complex_md-fit_119.pdb BC A 8.0814 31.1894 -7.67741 -5.02463 -13.0459 -22.9397 -0.967149 39.5941 -22.7927 6.65464 7.62947 2.88233 0 0 0 0.332088 1.61271 0 0 0 0 0 0 2.384 303 51 2 2 0
./complex_md-fit_11.pdb BC A 6.21734 34.4831 -9.63607 -6.94459 -10.3854 -21.6669 -0.946593 36.178 -21.5909 5.96161 6.57998 2.62294 0 0 0 0.552628 2.13579 -5.55112e-17 0 0 0 0 0.0032069 2.384 303 50 1 1 0
./complex_md-fit_120.pdb BC A 10.5455 32.5264 -14.7628 -7.41895 -16.8052 -22.8733 -1.08771 41.3959 -22.0824 1.57484 8.78468 3.5349 0 0 0 0.214876 2.45634 -0.0102327 0 0 0 0 0.00990944 2.384 303 51 0 0 0
./complex_md-fit_121.pdb BC A 8.8159 29.6424 -7.48798 -5.36789 -11.2676 -22.8741 -1.02911 40.8459 -22.6121 5.78517 6.64122 1.91199 0 0 0 0.489623 2.21184 -0.0111181 0 0 0 0 0 2.384 303 51 1 1 0
./complex_md-fit_122.pdb BC A 6.56311 34.4174 -9.09691 -7.95541 -14.2549 -24.0583 -1.029 44.9395 -23.2566 4.36599 8.58175 2.93333 0 0 0 0.59317 2.36381 0 0 0 0 0 0.0435225 2.384 303 49 0 0 0
./complex_md-fit_123.pdb BC A 8.74174 31.3309 -16.0125 -6.08349 -15.0147 -22.6548 -1.07831 38.6169 -22.7198 2.82352 7.39082 2.16812 0 0 0 0.501625 2.12658 -0.010372 0 0 0 0 0.0479315 2.384 303 49 0 0 0
./complex_md-fit_124.pdb BC A 10.404 42.7599 -8.76636 -5.17535 -14.0181 -22.751 -0.838207 42.5934 -22.0422 3.95656 6.44771 2.00705 0 0 0 1.00655 2.2193 0 0 0 0 0 0.0472306 2.384 303 50 0 0 0
./complex_md-fit_125.pdb BC A 7.14994 35.0982 -11.1868 -6.60134 -11.7931 -22.6495 -0.965609 41.2619 -22.1862 2.17231 6.65388 2.34744 0 0 0 0.445012 2.36951 0.0670899 0 0 0 0 0.0614519 2.384 303 51 0 0 0
./complex_md-fit_126.pdb BC A 6.87566 29.6982 -5.15085 -7.47001 -11.0539 -23.9622 -0.911393 44.3109 -23.3768 6.68229 7.99091 2.38953 0 0 0 0.188654 2.35912 0 0 0 0 0 0.061212 2.384 303 50 1 1 0
./complex_md-fit_127.pdb BC A 9.82654 34.492 -11.6666 -8.09656 -13.4459 -24.618 -0.762458 44.443 -24.133 3.82104 7.80158 2.72252 0 0 0 0.587074 2.23029 -0.0342858 0 0 0 0 0.0483394 2.384 303 51 1 1 0
./complex_md-fit_128.pdb BC A 7.07211 32.8796 -9.31132 -4.24975 -12.338 -23.3357 -0.847915 41.9941 -22.9563 2.41043 6.82764 2.5447 0 0 0 0.581633 2.15886 -0.00944285 0 0 0 0 0.0672791 2.384 303 53 0 0 0
./complex_md-fit_129.pdb BC A 6.54472 31.6026 -14.5483 -4.8636 -15.7455 -23.479 -1.09115 42.2199 -23.1546 2.24052 7.44975 1.31089 0 0 0 0.539381 2.03111 0 0 0 0 0 0.0252206 2.384 303 50 0 0 0
./complex_md-fit_12.pdb BC A 8.6597 28.9646 -13.3339 -7.13798 -13.4325 -20.8235 -0.889249 34.8206 -20.9455 5.44964 7.08461 2.08143 0 0 0 0.396633 1.58943 0.0495795 0 0 0 0 0.0122698 2.384 303 49 0 0 0
./complex_md-fit_130.pdb BC A 7.73689 26.2686 -11.3696 -6.6981 -14.0744 -23.7277 -0.849867 42.0455 -23.6678 4.89404 7.85176 2.50347 0 0 0 0.36438 1.97962 -0.0109506 0 0 0 0 0 2.384 303 53 1 1 0
./complex_md-fit_131.pdb BC A 8.63739 31.2977 -11.1393 -4.67639 -16.0103 -22.8189 -1.02886 40.1418 -22.8006 5.903 7.7908 2.19054 0 0 0 0.200047 2.82589 -0.0304064 0 0 0 0 0 2.384 303 52 1 1 0
./complex_md-fit_132.pdb BC A 6.9355 24.6074 -7.64234 -5.24947 -11.6857 -23.4095 -1.0084 43.2179 -23.3706 5.4271 5.66191 2.3498 0 0 0 0.445313 2.95184 -0.0262458 0 0 0 0 0.00550669 2.384 303 51 1 1 0
./complex_md-fit_133.pdb BC A 9.82076 38.2872 -12.9917 -6.77668 -15.4295 -24.1398 -1.01164 43.5806 -23.408 6.03227 7.04995 0.583597 0 0 0 0.525043 2.14158 0 0 0 0 0 0.00244856 2.384 303 51 2 2 0
./complex_md-fit_134.pdb BC A 7.18649 33.8831 -8.0533 -5.64025 -14.3538 -24.1326 -0.936933 44.2793 -23.6883 6.56068 6.93791 2.51551 0 0 0 0.405176 2.55094 0 0 0 0 0 0 2.384 303 49 0 0 0
./complex_md-fit_135.pdb BC A 7.8179 30.2116 -13.0927 -5.34926 -16.102 -23.8083 -1.12086 43.6861 -22.895 3.40383 7.19517 1.56329 0 0 0 0.278948 2.02578 0.0553305 0 0 0 0 0 2.384 303 49 0 0 0
./complex_md-fit_136.pdb BC A 6.43405 30.7897 -7.44733 -5.75553 -13.5826 -22.8544 -1.14297 42.8177 -22.0944 4.80338 7.90428 2.38161 0 0 0 0.0755009 1.77493 -1.11022e-16 0 0 0 0 0 2.384 303 52 0 0 0
./complex_md-fit_137.pdb BC A 10.9474 34.4917 -4.54643 -5.26968 -13.947 -24.5241 -0.843092 45.8055 -24.2535 6.97903 8.62621 2.65437 0 0 0 0.255329 2.42045 -0.0294069 0 0 0 0 0 2.384 303 52 2 2 0
./complex_md-fit_138.pdb BC A 9.17372 34.6726 -9.8223 -6.08924 -12.4746 -25.2682 -0.960912 45.3958 -25.3691 5.7521 7.68036 1.2608 0 0 0 0.240817 2.11641 -0.00959916 0 0 0 0 0.0193994 2.384 303 58 2 2 0
./complex_md-fit_139.pdb BC A 8.61085 35.1006 -12.1952 -6.89525 -13.8263 -23.7129 -0.976716 42.46 -23.3172 3.36916 7.34964 3.20229 0 0 0 0.126369 2.19556 0.00810398 0 0 0 0 0.0175392 2.384 303 51 0 0 0
./complex_md-fit_13.pdb BC A 8.17105 28.4623 -13.4762 -4.79492 -13.2803 -21.3959 -0.963974 35.4704 -21.4664 3.02337 7.17176 2.6529 0 0 0 0.0994135 1.49459 0 0 0 0 0 0.00732997 2.384 303 45 0 0 0
./complex_md-fit_140.pdb BC A 6.80516 38.4549 -9.40335 -5.57226 -13.6675 -22.9113 -1.12774 42.2733 -22.3828 3.24745 8.4735 2.17958 0 0 0 0.106739 2.60044 -0.0236216 0 0 0 0 0.00131291 2.384 303 50 0 0 0
./complex_md-fit_141.pdb BC A 9.96836 37.3825 -7.18776 -5.99917 -10.5198 -23.5417 -0.869747 42.3247 -23.517 6.28279 6.70567 1.61162 0 0 0 0.322101 3.62956 -0.0108875 0 0 0 0 0.0237456 2.384 303 51 0 0 0
./complex_md-fit_142.pdb BC A 7.66963 29.8639 -9.34711 -6.59072 -11.8573 -24.0348 -0.852504 43.3961 -23.7877 4.46784 6.57863 3.24699 0 0 0 0.0574717 2.44565 0.00870321 0 0 0 0 0.0201667 2.384 303 54 0 0 0
./complex_md-fit_143.pdb BC A 6.57761 36.6806 -7.64802 -5.07519 -12.3276 -24.4016 -0.983244 44.837 -24.1937 5.29831 6.90303 1.77355 0 0 0 0.477355 2.06196 0.0441579 0 0 0 0 0 2.384 303 53 1 1 0
./complex_md-fit_144.pdb BC A 9.23252 34.4871 -12.0795 -5.81566 -14.8308 -23.5902 -0.9365 42.0025 -23.6506 4.21653 7.02486 3.22429 0 0 0 0.312984 2.62764 -0.0368511 0 0 0 0 0 2.384 303 50 0 0 0
./complex_md-fit_145.pdb BC A 8.22468 32.6176 -6.99061 -6.17111 -11.3437 -23.0212 -1.04293 42.6339 -22.7423 4.79901 7.80082 1.91522 0 0 0 0.18613 2.22235 -0.01344 0 0 0 0 0.0089483 2.384 303 51 0 0 0
./complex_md-fit_146.pdb BC A 10.2139 35.2508 -8.05473 -5.35872 -11.7814 -22.9083 -0.851856 40.1143 -22.5836 5.43421 7.18367 2.43645 0 0 0 0.260476 1.84395 0 0 0 0 0 0 2.384 303 48 0 0 0
./complex_md-fit_147.pdb BC A 7.30027 36.9133 -9.28688 -6.14365 -13.3014 -24.1437 -1.03635 43.6083 -23.1496 5.89978 7.1721 1.60954 0 0 0 0.196451 2.37144 0 0 0 0 0 0.00166452 2.384 303 49 1 1 0
./complex_md-fit_148.pdb BC A 6.67616 28.0684 -7.20932 -5.76447 -12.8294 -23.7418 -1.08375 43.2723 -22.9707 5.73618 7.71891 2.23949 0 0 0 0.196124 2.61606 -0.0102915 0 0 0 0 0.0280188 2.384 303 53 0 0 0
./complex_md-fit_149.pdb BC A 9.17098 32.5464 -9.53864 -6.00963 -12.1189 -23.7986 -0.974649 41.2991 -23.6616 5.29493 6.95218 2.85929 0 0 0 0.651408 2.13624 -0.0321188 0 0 0 0 0 2.384 303 49 0 0 0
./complex_md-fit_14.pdb BC A 7.79386 35.9326 -11.3592 -5.10807 -13.6927 -21.8444 -0.943603 37.6789 -21.3734 4.35586 7.41236 2.02028 0 0 0 0.129235 2.04798 0 0 0 0 0 0.00635925 2.384 303 47 0 0 0
./complex_md-fit_150.pdb BC A 7.65964 37.1244 -10.4434 -5.6692 -11.8186 -23.066 -0.977347 40.7217 -22.8755 4.68488 6.77559 1.50837 0 0 0 0.283913 2.53247 -0.0113019 0 0 0 0 0 2.384 303 48 0 0 0
./complex_md-fit_151.pdb BC A 7.60229 33.2998 -16.1547 -7.28744 -15.2432 -23.0211 -0.795542 39.4772 -22.5036 2.85708 7.58389 2.55991 0 0 0 0.210424 1.95075 -0.0114758 0 0 0 0 0.0192077 2.384 303 51 0 0 0
./complex_md-fit_152.pdb BC A 6.60631 33.5137 -7.28477 -4.6533 -11.9258 -22.3901 -0.913569 41.0698 -21.624 4.46641 5.71722 2.77651 0 0 0 0.208221 2.06098 -0.0162785 0 0 0 0 0 2.384 303 48 0 0 0
./complex_md-fit_153.pdb BC A 8.30393 36.4271 -13.1184 -6.49572 -14.1423 -22.1493 -0.976013 37.7323 -21.3172 4.55819 6.71194 2.83545 0 0 0 0.116861 1.73025 0 0 0 0 0 0.0074905 2.384 303 51 2 2 0
./complex_md-fit_154.pdb BC A 6.90275 31.035 -13.4929 -7.27045 -15.28 -23.2855 -0.897747 40.7885 -22.7333 5.31693 7.29712 1.83475 0 0 0 0.736816 2.01974 0 0 0 0 0 0 2.384 303 49 2 2 0
./complex_md-fit_155.pdb BC A 7.43391 34.7226 -3.55576 -6.15456 -11.8871 -22.7789 -0.923584 39.8905 -21.9141 10.0731 7.30666 2.54103 0 0 0 0.233768 1.59426 0.0573159 0 0 0 0 0 2.384 303 48 4 4 0
./complex_md-fit_156.pdb BC A 9.10062 36.6931 -12.3007 -6.59259 -13.3183 -23.0486 -1.03326 41.0509 -22.6869 3.53099 7.0367 2.1453 0 0 0 0.626691 1.80195 -0.0115647 0 0 0 0 0 2.384 303 49 0 0 0
./complex_md-fit_157.pdb BC A 6.36739 30.6088 -9.04757 -8.24236 -11.3187 -23.8452 -1.00807 42.8224 -23.1331 4.86405 6.98532 3.49189 0 0 0 0.404465 2.37019 -0.0683318 0 0 0 0 0 2.384 303 48 0 0 0
./complex_md-fit_158.pdb BC A 11.4804 31.8506 -11.9836 -7.08039 -15.1694 -22.4247 -1.02532 40.3804 -21.6919 3.13705 8.43462 3.08783 0 0 0 0.379602 1.58647 -0.0112574 0 0 0 0 0 2.384 303 46 0 0 0
./complex_md-fit_159.pdb BC A 8.91143 28.2301 -10.5466 -7.03676 -13.3977 -23.0026 -0.806295 41.6835 -22.6587 5.19675 7.7878 1.45413 0 0 0 0.233263 2.08678 -5.55112e-17 0 0 0 0 0 2.384 303 49 1 1 0
./complex_md-fit_15.pdb BC A 8.76144 29.7791 -13.4089 -7.17494 -18.2983 -22.8815 -1.1105 41.3053 -22.2781 4.06254 9.47611 3.22895 0 0 0 0.244666 2.84099 0 0 0 0 0 0.0169886 2.384 303 48 0 0 0
./complex_md-fit_160.pdb BC A 10.1405 29.9775 -15.1391 -8.44711 -16.5642 -24.5576 -1.03186 44.36 -23.8253 3.99282 8.5824 2.13976 0 0 0 0.165167 2.4383 0.0467394 0 0 0 0 0 2.384 303 52 0 0 0
./complex_md-fit_161.pdb BC A 7.35738 36.9804 -11.1622 -6.91582 -13.9739 -23.4085 -0.923221 43.3636 -22.4512 2.22111 7.88145 2.62259 0 0 0 0.434096 1.88941 -0.0123132 0 0 0 0 0 2.384 303 49 0 0 0
./complex_md-fit_162.pdb BC A 12.1179 27.0037 -12.6896 -6.55082 -14.9464 -23.36 -0.922503 41.0655 -23.3589 3.79135 7.93275 3.42896 0 0 0 0.230447 1.85772 0 0 0 0 0 0 2.384 303 50 0 0 0
./complex_md-fit_163.pdb BC A 6.72313 33.7665 1.80217 -4.94176 -9.69819 -22.7505 -0.996929 41.052 -22.1558 9.98658 7.7607 3.33073 0 0 0 0.215292 1.75954 0 0 0 0 0 0 2.384 303 48 3 3 0
./complex_md-fit_164.pdb BC A 7.17103 26.5486 -14.2131 -6.42658 -15.9288 -23.2771 -0.82308 40.2298 -23.0602 3.46978 8.58996 2.98152 0 0 0 0.0729396 1.64961 -0.0429053 0 0 0 0 0.00158237 2.384 303 50 0 0 0
./complex_md-fit_165.pdb BC A 7.95356 30.7655 -13.6518 -6.64182 -15.2692 -23.0305 -0.999304 39.6951 -22.6724 3.74447 8.49501 2.72773 0 0 0 0.332481 1.90225 -0.0332768 0 0 0 0 0 2.384 303 50 0 0 0
./complex_md-fit_166.pdb BC A 7.5529 35.557 -12.7781 -6.24977 -13.0362 -22.9858 -0.784033 40.7895 -22.48 2.71883 5.26334 2.59558 0 0 0 1.4 2.10488 -0.00952864 0 0 0 0 0 2.384 303 50 0 0 0
./complex_md-fit_167.pdb BC A 12.0774 37.5706 -11.5072 -6.55007 -13.0365 -23.0683 -0.648004 40.3482 -23.241 4.24362 8.3663 1.64928 0 0 0 0.429239 1.88244 0 0 0 0 0 0 2.384 303 54 0 0 0
./complex_md-fit_168.pdb BC A 11.9783 33.7662 -10.6827 -6.33302 -12.7049 -23.6818 -0.707603 42.1214 -23.7706 4.07868 7.3299 2.64886 0 0 0 0.402256 2.55643 -0.0657738 0 0 0 0 0 2.384 303 52 1 1 0
./complex_md-fit_169.pdb BC A 6.58444 39.0893 -12.0909 -6.76585 -12.971 -23.7258 -0.80474 41.7421 -23.6315 4.06511 7.41961 2.31756 0 0 0 0.273602 1.99206 -0.0100347 0 0 0 0 0 2.384 303 54 1 1 0
./complex_md-fit_16.pdb BC A 7.43663 40.0037 -12.8381 -5.98625 -17.9812 -22.7225 -1.19703 39.4665 -22.2021 5.37575 8.47781 3.62031 0 0 0 0.310515 1.73971 0 0 0 0 0 0 2.384 303 51 0 0 0
./complex_md-fit_170.pdb BC A 8.92411 35.7229 -9.04798 -6.88007 -10.6801 -22.584 -0.843488 40.5484 -22.6544 4.29999 7.46785 2.0175 0 0 0 0.256356 2.01861 -1.11022e-16 0 0 0 0 0.00402828 2.384 303 48 0 0 0
./complex_md-fit_171.pdb BC A 6.3448 35.922 -14.3983 -6.43757 -12.1614 -23.4855 -0.899869 40.4781 -23.3562 2.41751 7.37751 1.49793 0 0 0 0.208069 3.30555 -0.0368078 0 0 0 0 0 2.384 303 53 0 0 0
./complex_md-fit_172.pdb BC A 9.73534 33.2969 -19.0486 -8.08326 -15.9104 -23.2437 -0.898536 41.0101 -23.1975 2.34928 6.73145 1.86749 0 0 0 0.326444 3.27106 0 0 0 0 0 0 2.384 303 52 0 0 0
./complex_md-fit_173.pdb BC A 8.3353 33.1119 -11.3931 -6.64817 -12.67 -23.7618 -0.882353 42.2014 -23.7736 4.73777 7.13497 2.11495 0 0 0 0.153665 2.2931 0 0 0 0 0 0 2.384 303 54 1 1 0
./complex_md-fit_174.pdb BC A 7.52485 39.6367 -15.0854 -9.50833 -13.0332 -24.6441 -1.03443 41.907 -24.8036 4.95797 7.1384 3.45855 0 0 0 0.47629 2.23574 0 0 0 0 0 0 2.384 303 52 0 0 0
./complex_md-fit_175.pdb BC A 7.66945 28.1243 -10.2601 -8.80784 -10.1532 -24.106 -0.705029 41.2332 -24.4878 6.60396 7.67187 2.01803 0 0 0 0.472709 1.80997 0 0 0 0 0 0 2.384 303 57 2 2 0
./complex_md-fit_176.pdb BC A 7.27791 37.703 -14.1484 -10.164 -12.9417 -25.5129 -0.967336 44.9353 -25.8503 4.94172 8.40732 2.71114 0 0 0 0.292365 1.81279 0 0 0 0 0 0 2.384 303 53 0 0 0
./complex_md-fit_177.pdb BC A 7.63061 32.1371 -8.70887 -7.76216 -10.118 -25.2129 -0.860015 43.8724 -25.427 5.48735 8.24646 2.76242 0 0 0 0.302558 2.4203 -5.55112e-17 0 0 0 0 0 2.384 303 54 1 1 0
./complex_md-fit_178.pdb BC A 6.57347 38.8824 -16.864 -11.3659 -12.2002 -25.0394 -0.925167 41.9888 -25.7592 5.35737 7.97807 2.69359 0 0 0 0.408085 2.10948 0 0 0 0 0 0 2.384 303 54 0 0 0
./complex_md-fit_179.pdb BC A 9.17875 37.9105 -17.2496 -9.43904 -12.8054 -24.4151 -0.871453 40.4928 -24.5317 4.65998 6.40942 3.01081 0 0 0 0.240142 2.6908 0 0 0 0 0 0 2.384 303 53 0 0 0
./complex_md-fit_17.pdb BC A 7.98568 30.8444 -14.3998 -6.97607 -17.1919 -22.1466 -1.27327 38.6883 -21.265 4.81284 9.0459 1.8316 0 0 0 0.0669428 1.9172 0 0 0 0 0 0.00740769 2.384 303 52 0 0 0
./complex_md-fit_180.pdb BC A 10.5912 34.403 -13.4487 -8.92379 -12.8278 -24.3209 -1.02941 42.2721 -24.7908 5.39408 6.6134 3.26197 0 0 0 0.859675 2.61221 0.0189946 0 0 0 0 0.0237987 2.384 303 53 1 1 0
./complex_md-fit_181.pdb BC A 7.93935 30.0371 -14.1683 -7.35577 -12.8612 -24.791 -0.859733 42.4876 -25.0764 4.18663 7.59558 2.01065 0 0 0 0.495383 2.32846 -2.77556e-17 0 0 0 0 0 2.384 303 53 0 0 0
./complex_md-fit_182.pdb BC A 6.49956 35.8397 -11.7287 -7.49496 -11.6177 -21.9136 -0.874504 38.067 -21.7883 3.90387 5.84937 3.81187 0 0 0 0.328236 2.00073 -1.11022e-16 0 0 0 0 0 2.384 303 51 1 1 0
./complex_md-fit_183.pdb BC A 11.7762 28.9176 -8.52362 -6.732 -8.87989 -21.8041 -1.03287 38.6331 -21.4659 5.02653 5.08966 2.09393 0 0 0 0.54786 1.7308 0 0 0 0 0 0 2.384 303 46 1 1 0
./complex_md-fit_184.pdb BC A 10.8646 38.0674 -8.15405 -8.69725 -8.83959 -22.3787 -0.724142 39.8723 -22.0242 5.14207 6.42116 2.88257 0 0 0 0.19171 2.10936 0 0 0 0 0 0 2.384 303 49 0 0 0
./complex_md-fit_185.pdb BC A 10.5457 35.7529 -8.36076 -7.3091 -11.8996 -22.9098 -0.953993 41.3346 -22.7155 6.13603 6.51528 3.04786 0 0 0 0.385182 2.76165 0 0 0 0 0 0.00833998 2.384 303 49 2 2 0
./complex_md-fit_186.pdb BC A 7.32611 38.6106 -18.8799 -9.24695 -14.6443 -22.6185 -0.708189 38.1542 -22.4616 1.87197 7.46219 2.85369 0 0 0 0.457615 1.87365 0 0 0 0 0 0 2.384 303 54 0 0 0
./complex_md-fit_187.pdb BC A 8.42737 30.84 -5.02382 -4.30155 -9.41081 -22.8536 -0.858543 40.9662 -22.6495 5.20531 4.74796 3.45527 0 0 0 0.675479 2.47397 -5.55112e-17 0 0 0 0 0 2.384 303 49 0 0 0
./complex_md-fit_188.pdb BC A 9.22955 28.2327 -11.421 -8.02397 -10.5543 -23.6827 -0.92538 39.9815 -23.9872 4.27658 6.50823 4.62503 0 0 0 0.36121 2.9987 0 0 0 0 0 0 2.384 303 51 1 1 0
./complex_md-fit_189.pdb BC A 9.07267 31.8891 -14.3593 -8.9766 -15.7214 -24.2606 -1.03223 41.4031 -24.6924 5.63308 9.50482 3.6481 0 0 0 0.120768 2.82831 -0.0354239 0 0 0 0 0.049481 2.384 303 52 0 0 0
./complex_md-fit_18.pdb BC A 7.41856 32.7251 -15.1522 -6.55975 -16.7506 -23.0849 -1.07874 39.4806 -22.5606 4.10881 8.14118 2.81965 0 0 0 0.310476 1.94901 0.0187898 0 0 0 0 0.00299756 2.384 303 51 0 0 0
./complex_md-fit_190.pdb BC A 7.75266 31.3037 -16.7753 -9.40587 -15.9983 -23.7662 -0.987391 41.3767 -23.7319 2.69806 9.13828 3.2243 0 0 0 0.622136 2.10431 -1.11022e-16 0 0 0 0 0.0548468 2.384 303 49 0 0 0
./complex_md-fit_191.pdb BC A 10.0573 30.9007 -9.79175 -7.43877 -12.5388 -24.8052 -1.01268 44.8735 -24.8329 6.40711 7.36961 1.8517 0 0 0 0.278306 4.50106 0 0 0 0 0 0.0563041 2.384 303 51 2 2 0
./complex_md-fit_192.pdb BC A 6.43268 38.7508 -12.9651 -9.19324 -14.8944 -24.4382 -0.877144 41.5758 -24.3988 6.31869 9.18018 3.30781 0 0 0 0.397686 2.0389 0 0 0 0 0 0.0565576 2.384 303 50 0 0 0
./complex_md-fit_193.pdb BC A 6.95371 33.2137 -11.3871 -6.37163 -14.1303 -24.3311 -0.89068 42.465 -24.0309 5.22884 7.20968 3.05611 0 0 0 0.351764 2.43268 0 0 0 0 0 0.0561505 2.384 303 50 1 1 0
./complex_md-fit_194.pdb BC A 7.21026 33.5202 -14.1752 -8.56827 -13.5019 -24.0245 -0.745745 41.0416 -23.669 3.05056 7.94755 3.04541 0 0 0 1.19644 2.36088 -0.00987517 0 0 0 0 0.0625405 2.384 303 48 0 0 0
./complex_md-fit_195.pdb BC A 7.94349 37.1566 -14.7659 -8.00896 -12.598 -23.5887 -0.819541 39.6041 -23.7697 3.69968 6.7754 3.51533 0 0 0 0.389116 2.76775 -0.0156996 0 0 0 0 0.0510943 2.384 303 51 0 0 0
./complex_md-fit_196.pdb BC A 6.86831 34.6739 -14.2089 -8.23929 -10.5875 -22.7326 -0.776676 39.0164 -22.2785 1.8816 5.77235 3.32028 0 0 0 0.347315 2.35797 0.0108987 0 0 0 0 0.0566783 2.384 303 50 0 0 0
./complex_md-fit_197.pdb BC A 8.07074 37.1356 -13.6043 -7.49346 -14.2572 -24.1325 -0.660636 42.7359 -23.6758 4.21838 7.70193 1.71394 0 0 0 0.21126 4.969 -0.0132647 0 0 0 0 0.0472302 2.384 303 51 0 0 0
./complex_md-fit_198.pdb BC A 7.12193 26.9531 -11.6824 -9.25784 -10.1451 -23.4536 -0.622979 41.4598 -22.847 3.02672 6.92573 2.96779 0 0 0 0.23175 2.07215 -0.00994693 0 0 0 0 0.0424011 2.384 303 51 0 0 0
./complex_md-fit_199.pdb BC A 7.41079 35.9096 -16.882 -8.97067 -15.6003 -24.967 -0.770405 42.9299 -24.6035 5.05411 7.18571 2.4329 0 0 0 0.378856 2.84165 -0.00950221 0 0 0 0 0.0578583 2.384 303 49 1 1 0
./complex_md-fit_19.pdb BC A 8.24548 37.9027 -12.8856 -6.9017 -15.3933 -22.5458 -1.18161 39.2129 -22.0866 5.05411 8.05639 2.66149 0 0 0 0.232157 2.02032 0 0 0 0 0 0.00633272 2.384 303 48 1 1 0
./complex_md-fit_1.pdb BC A 9.31288 28.34 -4.47938 -6.67711 -10.1628 -23.3216 -1.07827 42.917 -22.8257 5.84949 7.4233 3.19575 0 0 0 0.200562 3.23033 0 0 0 0 0 0 2.384 303 53 2 2 0
./complex_md-fit_200.pdb BC A 8.63562 32.3037 -12.4848 -7.83857 -13.5033 -23.5399 -0.658555 42.0541 -23.7176 4.17713 7.44104 2.50604 0 0 0 0.540548 2.40423 0 0 0 0 0 0.0542862 2.384 303 49 0 0 0
./complex_md-fit_201.pdb BC A 5.94841 34.7916 -11.8879 -6.99255 -10.6833 -23.6819 -0.665708 40.3334 -23.7422 3.88643 7.02612 2.39378 0 0 0 0.187772 2.06156 0 0 0 0 0 0.0502511 2.384 303 49 0 0 0
./complex_md-fit_202.pdb BC A 7.25885 37.1799 -14.6384 -7.60645 -11.3422 -24.262 -0.836156 40.9949 -24.528 3.80923 6.40038 2.45421 0 0 0 0.234738 2.18245 -0.013005 0 0 0 0 0.0559665 2.384 303 53 0 0 0
./complex_md-fit_203.pdb BC A 7.00748 30.4258 -10.8456 -6.79061 -11.6989 -23.7488 -0.932485 41.2589 -23.6016 4.48505 6.43431 3.49269 0 0 0 0.202849 2.42855 0 0 0 0 0 0.052981 2.384 303 49 1 1 0
./complex_md-fit_204.pdb BC A 10.3631 33.6877 -14.0331 -8.28315 -13.1093 -23.5239 -0.971865 40.1227 -23.29 5.48362 6.19102 3.00193 0 0 0 0.325168 2.75996 -0.0342688 0 0 0 0 0.0548814 2.384 303 48 1 1 0
./complex_md-fit_205.pdb BC A 8.11781 36.9458 -10.0515 -6.60677 -13.5512 -23.9165 -0.81583 43.56 -23.4103 3.33416 8.13498 2.95819 0 0 0 0.223513 2.36455 -0.0159493 0 0 0 0 0.0542602 2.384 303 51 0 0 0
./complex_md-fit_206.pdb BC A 5.68097 31.0146 -10.7507 -7.61763 -12.1776 -23.1075 -1.07416 41.5374 -22.866 3.14425 7.72109 3.19683 0 0 0 0.438335 2.30447 0 0 0 0 0 0.0542144 2.384 303 55 0 0 0
./complex_md-fit_207.pdb BC A 8.6432 30.3829 -10.9998 -7.07382 -13.0264 -23.9518 -1.13054 41.9413 -23.6474 4.0641 7.58535 3.64421 0 0 0 0.580747 2.54559 -0.0218765 0 0 0 0 0.0364533 2.384 303 54 0 0 0
./complex_md-fit_208.pdb BC A 9.22358 29.5196 -10.3369 -7.56789 -10.2509 -24.8976 -0.787033 44.0093 -24.598 3.41127 6.79096 3.40417 0 0 0 0.111617 2.48733 -0.0107087 0 0 0 0 0.0478768 2.384 303 50 0 0 0
./complex_md-fit_209.pdb BC A 6.19093 40.8476 -14.928 -8.46143 -15.2828 -24.101 -1.01028 41.4558 -24.3325 3.19446 8.59428 4.0922 0 0 0 0.875842 2.70211 0 0 0 0 0 0.0473377 2.384 303 51 0 0 0
./complex_md-fit_20.pdb BC A 7.87221 30.9664 -11.0021 -5.9571 -17.294 -22.2752 -1.20048 39.3572 -21.6051 5.34169 9.0504 3.0314 0 0 0 0.549196 1.92855 0 0 0 0 0 0 2.384 303 51 1 1 0
./complex_md-fit_210.pdb BC A 5.18379 34.8437 -9.45005 -8.20046 -9.96996 -24.3895 -0.748377 43.1587 -24.3974 3.36856 6.82428 4.04272 0 0 0 0.837025 3.88652 -0.0318674 0 0 0 0 0.0562772 2.384 303 51 0 0 0
./complex_md-fit_211.pdb BC A 6.64343 40.6973 -10.2529 -8.26902 -12.339 -23.8508 -0.8355 40.6227 -24.357 6.93147 7.83591 3.71578 0 0 0 0.240256 2.36075 0 0 0 0 0 0.0523737 2.384 303 51 0 0 0
./complex_md-fit_212.pdb BC A 10.6685 34.9704 -9.58402 -9.34263 -10.2145 -25.3994 -0.763051 44.8516 -25.431 5.23225 7.6851 3.57783 0 0 0 0.202607 2.51734 -0.038106 0 0 0 0 0.0552934 2.384 303 51 0 0 0
./complex_md-fit_213.pdb BC A 8.13374 28.3238 -8.17131 -7.98584 -11.2378 -24.6264 -0.714847 42.7483 -24.5901 6.36531 8.19783 3.45583 0 0 0 0.168909 2.60024 -2.77556e-17 0 0 0 0 0.0474184 2.384 303 51 0 0 0
./complex_md-fit_214.pdb BC A 7.01678 32.3591 -13.3217 -8.18621 -13.0632 -23.8056 -0.797397 39.6478 -23.682 5.54073 6.77773 4.09838 0 0 0 0.0926896 2.84416 -5.55112e-17 0 0 0 0 0.0553784 2.384 303 51 1 1 0
./complex_md-fit_215.pdb BC A 7.94497 35.5357 -9.84301 -8.55802 -13.1589 -25.7199 -0.676325 45.9619 -25.241 6.48422 6.75435 4.08949 0 0 0 0.167128 3.49118 0 0 0 0 0 0.054057 2.384 303 55 0 0 0
./complex_md-fit_216.pdb BC A 6.86745 35.8487 -12.7102 -9.11787 -15.0941 -25.3106 -0.853325 45.639 -24.5992 5.46664 7.8055 2.68809 0 0 0 0.620517 2.47329 -0.00997088 0 0 0 0 0.0552229 2.384 303 53 1 1 0
./complex_md-fit_217.pdb BC A 6.55573 36.0388 -14.2492 -9.85693 -14.9908 -24.0401 -0.941457 43.0529 -23.6132 4.83373 8.21286 2.85027 0 0 0 0.201771 2.2092 -5.55112e-17 0 0 0 0 0.0417184 2.384 303 49 1 1 0
./complex_md-fit_218.pdb BC A 9.14948 35.6304 -8.26338 -9.42803 -12.0014 -24.1425 -0.820059 43.0336 -24.2965 5.49975 9.07837 4.61266 0 0 0 0.147236 2.66138 0 0 0 0 0 0.0534516 2.384 303 54 0 0 0
./complex_md-fit_219.pdb BC A 8.45891 32.7465 -14.1413 -11.6334 -13.2777 -23.9375 -0.840021 42.546 -23.7807 4.77807 9.2802 2.21548 0 0 0 0.456434 2.06235 1.38778e-17 0 0 0 0 0.0517755 2.384 303 51 0 0 0
./complex_md-fit_21.pdb BC A 9.70846 30.3992 -8.12248 -6.06449 -12.8762 -23.3228 -0.761041 40.8288 -23.0181 5.97911 7.0937 3.48362 0 0 0 0.526082 2.01862 -1.11022e-16 0 0 0 0 0.00887756 2.384 303 50 1 1 0
./complex_md-fit_220.pdb BC A 7.43821 28.5302 -11.9284 -9.53751 -11.6325 -23.5153 -0.907541 40.4699 -23.4997 3.50046 7.94719 4.77807 0 0 0 0.457881 2.10755 -0.0365929 0 0 0 0 0.0472837 2.384 303 51 0 0 0
./complex_md-fit_221.pdb BC A 9.48541 32.4902 -9.83711 -9.07069 -11.2574 -24.2809 -0.795027 41.7439 -24.4373 6.40522 8.42446 3.20337 0 0 0 0.183032 3.02075 -0.0118727 0 0 0 0 0.0561411 2.384 303 48 1 1 0
./complex_md-fit_222.pdb BC A 6.64703 38.2466 -9.22199 -6.6584 -9.39147 -23.9617 -0.614435 41.0594 -24.1543 5.34494 5.15264 3.75498 0 0 0 0.190569 2.60161 -1.11022e-16 0 0 0 0 0.0557894 2.384 303 51 0 0 0
./complex_md-fit_223.pdb BC A 6.83135 36.1394 -12.0306 -7.80199 -14.082 -23.7696 -0.771938 42.0365 -23.5064 5.98476 7.15613 2.57823 0 0 0 0.123339 2.8338 -0.0306629 0 0 0 0 0.0530292 2.384 303 52 0 0 0
./complex_md-fit_224.pdb BC A 8.18215 27.3829 -10.473 -9.06033 -12.7271 -24.0251 -0.809784 43.1184 -23.5463 4.53438 7.33779 4.56218 0 0 0 0.0952087 2.32607 -0.00983786 0 0 0 0 0.057482 2.384 303 49 0 0 0
./complex_md-fit_225.pdb BC A 7.78109 26.3621 -19.369 -9.52478 -14.3985 -25.3851 -0.76927 41.3437 -25.6508 3.37384 7.56233 3.77988 0 0 0 0.242219 3.30817 0 0 0 0 0 0.0574785 2.384 303 52 0 0 0
./complex_md-fit_226.pdb BC A 8.61482 30.998 -19.4288 -10.2794 -14.6118 -24.0848 -0.70873 39.529 -24.2708 2.91093 8.41468 3.35851 0 0 0 0.254746 2.8135 0 0 0 0 0 0.0589503 2.384 303 49 0 0 0
./complex_md-fit_227.pdb BC A 7.14489 22.8205 -13.5275 -8.14135 -12.4811 -25.1816 -0.756623 44.1213 -24.8517 2.51654 7.5784 3.28171 0 0 0 0.353035 3.09225 -0.0145039 0 0 0 0 0.0484336 2.384 303 51 0 0 0
./complex_md-fit_228.pdb BC A 9.02743 26.7133 -9.31697 -7.96921 -11.3077 -25.0515 -0.80002 43.7826 -24.9929 4.71339 7.00605 4.90436 0 0 0 0.347423 3.668 0 0 0 0 0 0.0505772 2.384 303 52 0 0 0
./complex_md-fit_229.pdb BC A 7.95697 33.2601 -14.9725 -8.00077 -14.1566 -24.096 -0.851682 40.9483 -23.9902 3.72382 7.92174 3.23702 0 0 0 0.255809 2.37026 -0.012699 0 0 0 0 0.0487573 2.384 303 49 0 0 0
./complex_md-fit_22.pdb BC A 6.4203 28.5545 -12.8413 -7.25589 -14.5365 -23.5756 -1.09397 39.2123 -23.3135 7.22378 7.61117 2.51467 0 0 0 0.355614 1.8144 0 0 0 0 0 0.0165634 2.384 303 50 2 2 0
./complex_md-fit_230.pdb BC A 8.18713 37.2328 -10.7235 -9.61845 -10.8873 -23.7929 -0.862089 42.026 -23.7094 3.93083 8.98347 2.15897 0 0 0 0.990638 2.40206 0 0 0 0 0 0.056683 2.384 303 48 1 1 0
./complex_md-fit_231.pdb BC A 6.72849 29.4561 -11.3042 -6.00129 -14.3128 -23.5301 -0.939895 41.0267 -23.1315 5.25764 6.9139 3.17747 0 0 0 0.21579 2.46587 -0.0311746 0 0 0 0 0.0510706 2.384 303 49 1 1 0
./complex_md-fit_232.pdb BC A 7.46349 29.3487 -16.5726 -8.88907 -16.8511 -23.3591 -1.0191 40.4518 -23.1149 4.2362 8.42345 3.41506 0 0 0 0.0943436 2.71269 0 0 0 0 0 0.039755 2.384 303 52 1 1 0
./complex_md-fit_233.pdb BC A 6.8964 29.0229 -11.4188 -8.70189 -12.4212 -23.5343 -0.728288 42.7501 -22.9692 2.01397 7.06808 4.75537 0 0 0 0.36104 2.75071 -0.0272827 0 0 0 0 0.0148648 2.384 303 48 0 0 0
./complex_md-fit_234.pdb BC A 6.8294 25.4382 -7.76424 -6.4652 -11.593 -24.3319 -0.823426 43.3059 -23.957 4.33856 7.43414 3.77593 0 0 0 0.512451 2.47706 -0.0150862 0 0 0 0 0.0544053 2.384 303 50 0 0 0
./complex_md-fit_235.pdb BC A 7.13092 29.9905 -9.88974 -6.76767 -10.8281 -23.9001 -0.639959 41.7317 -23.79 2.62717 8.12896 3.1 0 0 0 0.391497 3.29664 0 0 0 0 0 0.0568527 2.384 303 51 0 0 0
./complex_md-fit_236.pdb BC A 8.76462 30.5245 -10.9642 -7.74471 -10.9175 -23.8237 -0.788461 40.742 -24.1536 4.85393 7.42754 3.19448 0 0 0 0.229319 3.65701 -0.0363492 0 0 0 0 0.0527864 2.384 303 49 1 1 0
./complex_md-fit_237.pdb BC A 10.3134 30.527 -11.6224 -9.54291 -11.1429 -23.5681 -0.817575 41.6143 -23.4477 3.16235 8.97396 2.63625 0 0 0 0.478324 2.60013 -0.0211427 0 0 0 0 0.0527797 2.384 303 49 1 1 0
./complex_md-fit_238.pdb BC A 7.8702 30.109 -8.06559 -5.72078 -10.3331 -24.9506 -0.798182 44.4577 -25.3043 4.99668 6.4177 2.91443 0 0 0 0.203891 3.53547 0 0 0 0 0 0.0509772 2.384 303 52 0 0 0
./complex_md-fit_239.pdb BC A 8.92829 22.9823 -9.66422 -7.95654 -10.6729 -24.0316 -0.834484 41.889 -24.2519 4.55197 7.36314 4.11601 0 0 0 0.119114 2.61074 -0.00993435 0 0 0 0 0.0538258 2.384 303 50 0 0 0
./complex_md-fit_23.pdb BC A 6.33741 35.4714 -12.137 -8.13833 -12.9757 -23.0159 -1.09341 39.3005 -22.4883 5.10856 8.0816 2.75246 0 0 0 0.259112 2.12458 0.0656608 0 0 0 0 0.0067806 2.384 303 48 2 2 0
./complex_md-fit_240.pdb BC A 8.18194 31.6467 -11.1163 -7.58912 -12.5067 -24.3303 -0.738988 42.5778 -24.4913 5.30945 7.48249 3.04627 0 0 0 0.0763121 2.26059 -0.00968872 0 0 0 0 0.0573406 2.384 303 48 0 0 0
./complex_md-fit_241.pdb BC A 10.1119 33.0864 -16.3368 -9.3273 -11.688 -23.9317 -0.896728 39.7094 -23.8394 2.39406 7.31371 3.39156 0 0 0 0.490311 2.29499 0 0 0 0 0 0.0472594 2.384 303 51 0 0 0
./complex_md-fit_242.pdb BC A 7.41511 29.565 -15.7143 -8.90792 -11.4885 -23.2637 -0.880351 38.6907 -23.2701 3.69875 6.48021 3.01188 0 0 0 0.183171 2.03048 -0.0188463 0 0 0 0 0.0504641 2.384 303 48 0 0 0
./complex_md-fit_243.pdb BC A 7.6188 29.93 -16.2503 -7.29149 -13.2529 -22.7815 -0.988511 37.4418 -23.0328 3.35838 6.59139 3.19083 0 0 0 0.465433 1.94411 0 0 0 0 0 0.0490993 2.384 303 49 0 0 0
./complex_md-fit_244.pdb BC A 6.77359 34.7697 -11.9903 -8.31791 -13.7036 -24.0834 -1.08677 41.1191 -23.7801 4.40419 8.28453 4.58628 0 0 0 0.527274 2.27374 0 0 0 0 0 0.0601989 2.384 303 53 0 0 0
./complex_md-fit_245.pdb BC A 7.26092 38.7271 -15.3921 -9.18067 -15.5503 -24.3358 -1.07064 42.6214 -24.2264 4.25047 8.47135 2.93896 0 0 0 0.668559 2.06534 -0.0345569 0 0 0 0 0.0554857 2.384 303 52 0 0 0
./complex_md-fit_246.pdb BC A 8.58566 24.4978 -14.9047 -8.58982 -14.0868 -24.3701 -0.756654 41.1486 -24.389 4.75801 8.52982 2.5781 0 0 0 0.216396 3.51132 0 0 0 0 0 0.0568725 2.384 303 50 0 0 0
./complex_md-fit_247.pdb BC A 6.46245 34.8779 -15.6189 -8.86314 -14.2457 -23.6607 -0.993194 40.0377 -23.5127 2.99369 8.21052 4.02014 0 0 0 0.338955 3.03331 0 0 0 0 0 0.0554128 2.384 303 51 0 0 0
./complex_md-fit_248.pdb BC A 8.01332 33.4024 -17.2216 -9.7076 -16.1742 -24.9159 -1.04519 41.0436 -25.3524 4.83151 9.04059 4.69843 0 0 0 0.308208 2.49421 0 0 0 0 0 0.0513098 2.384 303 53 2 2 0
./complex_md-fit_249.pdb BC A 7.85867 29.9682 -8.60291 -6.79999 -10.7272 -22.991 -0.878419 40.9734 -22.8124 5.13461 6.59418 2.80212 0 0 0 0.0469765 2.12991 -0.00922388 0 0 0 0 0.0640222 2.384 303 50 2 2 0
./complex_md-fit_24.pdb BC A 6.43016 30.4862 -11.215 -6.78828 -13.0131 -22.5603 -1.02837 39.6264 -22.0893 4.70942 6.77808 2.59793 0 0 0 0.533305 1.98032 0.0192028 0 0 0 0 0 2.384 303 48 0 0 0
./complex_md-fit_250.pdb BC A 8.6837 31.8103 -5.04525 -6.90654 -11.4307 -23.5475 -0.937669 43.3754 -23.1779 6.89631 7.76229 2.65619 0 0 0 0.227903 2.60297 -0.0105032 0 0 0 0 0.0474157 2.384 303 50 2 2 0
./complex_md-fit_251.pdb BC A 11.7307 39.1776 -10.6446 -6.981 -14.4963 -23.7496 -0.934472 42.8642 -23.7615 3.07485 8.39458 4.08041 0 0 0 0.789134 4.17842 0.0250439 0 0 0 0 0.0500927 2.384 303 53 0 0 0
./complex_md-fit_252.pdb BC A 7.02553 31.7072 -6.891 -6.0139 -11.9151 -23.5911 -0.786231 42.9136 -23.1702 3.15395 9.25849 2.98018 0 0 0 0.223292 2.25639 0 0 0 0 0 0.0559934 2.384 303 49 0 0 0
./complex_md-fit_253.pdb BC A 10.1851 27.2373 -12.1141 -8.45534 -14.1355 -24.4737 -1.02779 42.0095 -24.746 6.72955 8.36019 3.15076 0 0 0 0.437633 3.61404 -0.0108944 0 0 0 0 0.0473845 2.384 303 52 1 1 0
./complex_md-fit_254.pdb BC A 7.37005 36.8008 -8.42506 -5.84183 -13.1695 -24.7312 -0.869562 44.7154 -24.6455 5.84222 6.72938 3.23946 0 0 0 0.275643 4.67729 -0.0125442 0 0 0 0 0.0429857 2.384 303 54 1 1 0
./complex_md-fit_255.pdb BC A 7.95599 29.1034 -10.3995 -8.12669 -12.053 -23.7926 -0.745921 40.9537 -23.5774 5.47731 8.41108 2.85589 0 0 0 0.14943 2.83388 0 0 0 0 0 0.0485605 2.384 303 54 1 1 0
./complex_md-fit_256.pdb BC A 9.91359 31.9941 -5.85961 -6.36359 -10.4468 -24.0605 -0.842231 41.3308 -23.7941 7.05128 7.4124 2.89985 0 0 0 0.91251 2.46007 -0.00965439 0 0 0 0 0.0504071 2.384 303 51 2 2 0
./complex_md-fit_257.pdb BC A 8.30364 38.015 -15.1116 -9.16968 -13.9459 -24.248 -0.877158 41.3301 -24.0559 4.26173 8.33039 3.03918 0 0 0 0.183984 2.95857 -0.0135379 0 0 0 0 0.0531274 2.384 303 52 1 1 0
./complex_md-fit_258.pdb BC A 7.47493 30.9416 -13.1639 -7.99445 -14.937 -24.4065 -0.823877 44.7214 -24.0412 3.27837 7.88985 2.7114 0 0 0 0.390776 2.90358 0 0 0 0 0 0.0473359 2.384 303 51 0 0 0
./complex_md-fit_259.pdb BC A 9.55884 29.3997 -6.455 -8.01673 -10.8024 -23.7906 -0.913506 42.223 -23.335 6.77688 6.61184 4.33131 0 0 0 0.443981 2.24201 -0.0319326 0 0 0 0 0.0481141 2.384 303 47 1 1 0
./complex_md-fit_25.pdb BC A 7.8248 28.869 -12.2752 -7.25405 -15.3935 -23.4139 -1.04195 40.0786 -23.1521 5.53725 7.69976 4.01942 0 0 0 0.57507 2.36875 0.0659238 0 0 0 0 0.00426353 2.384 303 45 0 0 0
./complex_md-fit_260.pdb BC A 7.0203 27.9671 -9.6281 -7.32865 -14.3281 -25.3119 -0.848613 45.8769 -25.156 4.26637 7.66846 4.77125 0 0 0 0.725333 3.86559 -0.0175856 0 0 0 0 0.0544023 2.384 303 50 0 0 0
./complex_md-fit_261.pdb BC A 6.59482 34.7648 -12.8213 -6.71226 -15.2009 -23.8579 -0.957179 42.469 -23.322 3.03306 8.21413 2.86991 0 0 0 0.604385 2.82941 -0.00956412 0 0 0 0 0.0479949 2.384 303 50 0 0 0
./complex_md-fit_262.pdb BC A 8.53259 30.6213 -13.752 -7.25678 -16.0709 -24.2818 -0.745007 42.0811 -24.2801 4.25638 7.81448 4.17766 0 0 0 0.482607 2.02282 0.0216301 0 0 0 0 0.0488518 2.384 303 51 0 0 0
./complex_md-fit_263.pdb BC A 7.65151 34.6586 -5.9726 -7.78062 -12.1969 -24.1991 -0.82432 44.8178 -23.7821 5.22346 10.3206 2.11909 0 0 0 0.280867 2.04629 1.11022e-16 0 0 0 0 0.0486044 2.384 303 51 0 0 0
./complex_md-fit_264.pdb BC A 8.67911 31.1994 -6.8439 -4.83664 -12.7508 -23.3505 -0.887576 42.8526 -22.5215 4.69279 6.77521 3.00902 0 0 0 0.10324 3.28602 0.0196206 0 0 0 0 0.0506675 2.384 303 51 1 1 0
./complex_md-fit_265.pdb BC A 5.41412 32.3399 -13.6413 -6.42213 -15.7962 -23.8491 -1.11091 42.2623 -23.5777 3.35227 9.61317 1.81663 0 0 0 0.0591716 2.12243 -0.0374549 0 0 0 0 0.0486866 2.384 303 51 1 1 0
./complex_md-fit_266.pdb BC A 7.15625 27.2719 -14.9546 -7.10312 -16.5898 -23.9594 -0.890391 41.5277 -23.5522 3.95974 9.17052 1.9552 0 0 0 0.487671 2.1545 -0.0132866 0 0 0 0 0.0528079 2.384 303 51 0 0 0
./complex_md-fit_267.pdb BC A 6.94797 27.4931 -8.89832 -8.17338 -12.1887 -25.8963 -0.858301 45.6025 -25.7734 7.53312 7.0335 2.95273 0 0 0 0.807342 2.99028 0 0 0 0 0 0.0626542 2.384 303 55 2 2 0
./complex_md-fit_268.pdb BC A 6.67889 35.6273 -0.474976 -5.6019 -11.6813 -25.1028 -0.870347 47.476 -24.4023 7.34851 8.47023 3.524 0 0 0 0.358766 2.8163 -0.0498714 0 0 0 0 0.0560704 2.384 303 54 3 3 0
./complex_md-fit_269.pdb BC A 9.33085 27.9934 -15.4157 -8.74274 -17.8543 -25.7494 -0.836653 45.6778 -24.6132 5.43781 8.56003 2.16009 0 0 0 0.486083 2.47636 0.00523218 0 0 0 0 0.0535724 2.384 303 51 0 0 0
./complex_md-fit_26.pdb BC A 7.20304 35.9363 -12.4717 -6.70875 -15.6795 -23.6968 -1.12063 40.7442 -23.4905 6.07828 7.72796 3.35741 0 0 0 0.337171 2.20026 -0.0219641 0 0 0 0 0.00143546 2.384 303 48 0 0 0
./complex_md-fit_270.pdb BC A 5.97276 33.1019 -2.20645 -7.20891 -10.3135 -24.1829 -0.920533 44.6565 -23.4541 5.51497 8.24095 4.98825 0 0 0 0.415794 2.15612 0 0 0 0 0 0.0570585 2.384 303 50 1 1 0
./complex_md-fit_271.pdb BC A 8.85855 26.9868 -6.77078 -7.351 -14.1738 -23.6849 -0.80052 44.4324 -22.611 5.86073 8.10861 2.98816 0 0 0 0.418546 2.18121 -0.01422 0 0 0 0 0.0562218 2.384 303 47 1 1 0
./complex_md-fit_272.pdb BC A 6.77635 36.9315 -10.4438 -8.16047 -15.9215 -24.6811 -0.899619 44.6345 -24.2121 6.78629 9.01086 2.6793 0 0 0 0.264782 2.77164 0 0 0 0 0 0.0552325 2.384 303 51 2 2 0
./complex_md-fit_273.pdb BC A 8.99965 43.3665 -2.39381 -6.17708 -11.7674 -24.1656 -0.863245 46.8817 -22.8839 5.05666 8.63595 2.65851 0 0 0 0.208787 2.28932 -0.0265693 0 0 0 0 0.048386 2.384 303 49 0 0 0
./complex_md-fit_274.pdb BC A 6.3141 29.0076 -12.2479 -8.07545 -16.4432 -24.0744 -0.844357 44.4079 -23.0108 3.97389 7.94026 3.55997 0 0 0 0.257513 2.19554 0.00859362 0 0 0 0 0.0522253 2.384 303 53 0 0 0
./complex_md-fit_275.pdb BC A 7.38854 27.2062 -10.047 -7.26805 -14.4708 -24.6407 -0.694867 44.9571 -24.1295 5.20082 8.18156 2.45862 0 0 0 0.338669 2.66054 -0.0353896 0 0 0 0 0.0554059 2.384 303 48 1 1 0
./complex_md-fit_276.pdb BC A 9.12441 39.4045 -7.58927 -7.17002 -14.1287 -24.2939 -1.04498 44.3752 -23.8616 5.03773 8.93544 4.30862 0 0 0 0.203049 2.21005 0 0 0 0 0 0.0498273 2.384 303 48 0 0 0
./complex_md-fit_277.pdb BC A 8.00092 29.9451 -15.712 -9.12125 -15.918 -24.6327 -0.833808 43.2571 -24.1189 4.15294 7.5503 3.56767 0 0 0 0.345112 2.47915 -0.0109987 0 0 0 0 0.050588 2.384 303 49 0 0 0
./complex_md-fit_278.pdb BC A 7.00676 36.0761 -10.6481 -6.89593 -15.911 -25.4328 -0.921266 46.2075 -25.2637 4.73992 8.79219 3.57126 0 0 0 0.421469 2.71201 0 0 0 0 0 0.0443059 2.384 303 51 0 0 0
./complex_md-fit_279.pdb BC A 7.18469 37.3327 -9.95854 -7.17542 -13.8653 -24.1036 -0.876519 43.2976 -23.4005 4.40053 8.21735 3.31164 0 0 0 0.190107 2.58688 -0.010931 0 0 0 0 0.0565387 2.384 303 48 0 0 0
./complex_md-fit_27.pdb BC A 7.12962 34.7825 -8.03011 -5.67104 -12.5194 -21.68 -0.955538 37.813 -21.3034 4.59593 7.99754 3.28874 0 0 0 0.344165 2.31713 0.054451 0 0 0 0 0.00545023 2.384 303 47 0 0 0
./complex_md-fit_280.pdb BC A 7.19072 30.44 -7.59672 -6.82739 -13.6567 -22.8854 -0.88205 42.1529 -21.9087 4.83761 7.71231 3.37388 0 0 0 0.419431 2.00673 -1.11022e-16 0 0 0 0 0.0673605 2.384 303 48 0 0 0
./complex_md-fit_281.pdb BC A 10.0638 34.7044 -10.8419 -6.57943 -13.0115 -25.5699 -0.673332 46.1464 -25.4301 2.87458 7.65263 3.24116 0 0 0 0.501967 3.8776 -0.0509696 0 0 0 0 0.0567622 2.384 303 48 0 0 0
./complex_md-fit_282.pdb BC A 9.30727 39.7655 -9.18535 -6.03465 -13.5443 -24.3808 -0.911221 44.3996 -23.8554 3.62336 8.47772 2.58515 0 0 0 0.384476 2.26223 0.0136842 0 0 0 0 0.0569919 2.384 303 50 0 0 0
./complex_md-fit_283.pdb BC A 7.36805 33.6427 -3.73531 -7.16306 -13.0854 -24.2678 -0.968886 43.8885 -23.5328 6.70088 10.3134 4.05716 0 0 0 0.276818 2.42494 -0.0271625 0 0 0 0 0.0729888 2.384 303 50 1 1 0
./complex_md-fit_284.pdb BC A 7.60485 34.2432 -15.7637 -7.73557 -15.759 -23.8204 -0.912932 41.3008 -23.3085 3.14571 7.73996 3.08728 0 0 0 0.476951 3.74049 -0.035339 0 0 0 0 0.0573873 2.384 303 49 0 0 0
./complex_md-fit_285.pdb BC A 7.83819 29.0525 -7.35829 -6.2689 -14.1481 -23.7556 -1.02032 44.2529 -22.8724 4.51535 7.63735 3.82918 0 0 0 0.397343 2.57427 0.0189591 0 0 0 0 0.0559018 2.384 303 51 1 1 0
./complex_md-fit_286.pdb BC A 8.61488 28.2611 -12.0413 -8.07103 -11.3508 -24.2063 -0.873253 41.6328 -24.3772 3.81399 6.7314 4.12783 0 0 0 0.473073 2.81162 0 0 0 0 0 0.0582792 2.384 303 51 1 1 0
./complex_md-fit_287.pdb BC A 7.50391 36.8999 -7.40444 -6.75789 -10.6651 -22.8541 -0.781943 40.4775 -22.6119 5.96142 5.8496 3.7249 0 0 0 0.216232 3.49493 -0.0108983 0 0 0 0 0.0476763 2.384 303 49 2 2 0
./complex_md-fit_288.pdb BC A 7.63147 34.6629 -2.41811 -5.98326 -9.86555 -24.1411 -0.989326 43.443 -23.8278 7.45632 7.39777 3.84353 0 0 0 0.19236 3.82008 0 0 0 0 0 0.05592 2.384 303 49 1 1 0
./complex_md-fit_289.pdb BC A 8.04664 28.1852 -11.054 -6.55011 -12.1856 -24.311 -0.975211 41.6128 -24.201 4.83305 7.53096 2.97803 0 0 0 0.181209 2.22069 -0.0159017 0 0 0 0 0.0487935 2.384 303 51 0 0 0
./complex_md-fit_28.pdb BC A 8.93585 36.3533 2.24022 -4.91799 -11.0583 -24.1367 -1.22368 46.1667 -23.7733 9.97894 8.89864 1.9302 0 0 0 0.410755 2.32545 -0.0350678 0 0 0 0 0 2.384 303 49 2 2 0
./complex_md-fit_290.pdb BC A 7.66298 39.5839 -8.60267 -7.81812 -9.44161 -23.5715 -0.723004 42.292 -23.6468 3.81277 6.80805 3.51537 0 0 0 0.114092 2.06585 -5.55112e-17 0 0 0 0 0.0561009 2.384 303 49 0 0 0
./complex_md-fit_291.pdb BC A 7.86387 41.4643 -6.33459 -6.38677 -12.4826 -24.2209 -1.13121 44.082 -23.6686 4.92023 9.26577 2.89707 0 0 0 0.344368 2.52358 0 0 0 0 0 0.0460605 2.384 303 49 0 0 0
./complex_md-fit_292.pdb BC A 6.93457 31.5095 -8.30373 -6.5098 -13.0538 -24.9879 -0.789811 47.0556 -24.7689 2.53166 9.52834 2.41723 0 0 0 0.227354 3.88081 -0.00921501 0 0 0 0 0.0555447 2.384 303 52 0 0 0
./complex_md-fit_293.pdb BC A 8.51798 33.2386 -11.5306 -6.67017 -10.457 -24.489 -0.589153 41.5021 -24.8596 4.07356 6.38879 3.33609 0 0 0 0.178219 2.40774 0 0 0 0 0 0.0555517 2.384 303 49 0 0 0
./complex_md-fit_294.pdb BC A 9.22753 31.1438 -10.439 -7.25719 -10.9347 -23.2783 -0.759917 40.0538 -23.2403 4.81323 6.69733 3.38316 0 0 0 0.0540203 2.13332 -0.0203398 0 0 0 0 0.0503262 2.384 303 52 2 2 0
./complex_md-fit_295.pdb BC A 8.34965 39.5932 -6.00994 -6.81145 -10.7174 -23.5801 -0.560714 41.9307 -23.1457 5.75104 7.41741 3.06646 0 0 0 0.605275 2.75618 -0.0332108 0 0 0 0 0.0677226 2.384 303 50 1 1 0
./complex_md-fit_296.pdb BC A 5.66028 32.3082 -9.48077 -8.24101 -12.712 -25.1348 -0.842006 45.5911 -24.9114 7.19789 6.88187 2.38976 0 0 0 0.256832 2.20929 -0.0101336 0 0 0 0 0.0531728 2.384 303 51 2 2 0
./complex_md-fit_297.pdb BC A 7.49399 32.7998 -14.5707 -7.03202 -12.1218 -24.0357 -0.693292 41.2309 -24.6674 3.16597 6.98363 2.4009 0 0 0 0.140284 2.08551 0 0 0 0 0 0.0578609 2.384 303 48 0 0 0
./complex_md-fit_298.pdb BC A 6.395 35.751 -14.0652 -7.66244 -10.7909 -23.6501 -0.737809 39.7336 -23.7111 3.97372 5.88024 2.61291 0 0 0 0.279463 3.21892 -0.0413102 0 0 0 0 0.0485893 2.384 303 50 0 0 0
./complex_md-fit_299.pdb BC A 6.98932 35.3146 -7.56228 -8.24582 -12.4179 -23.6613 -0.850477 43.0873 -22.8351 5.94671 8.25121 2.66975 0 0 0 0.488415 2.51302 -0.0422387 0 0 0 0 0.0472735 2.384 303 51 2 2 0
./complex_md-fit_29.pdb BC A 6.88814 32.0133 -8.0531 -6.18823 -12.7517 -23.5365 -0.728138 41.6109 -23.0385 5.51051 7.48278 3.03087 0 0 0 0.497563 2.14632 0.0573949 0 0 0 0 0 2.384 303 49 0 0 0
./complex_md-fit_2.pdb BC A 7.21826 34.5553 -10.1341 -6.75079 -14.0578 -21.8215 -1.15477 38.4591 -21.0177 5.10943 8.5477 2.43186 0 0 0 0.0703182 2.09488 0.0501392 0 0 0 0 0 2.384 303 50 2 2 0
./complex_md-fit_300.pdb BC A 7.91296 47.6477 -20.5891 -10.9976 -16.3958 -24.547 -0.751546 41.8996 -24.4232 2.35277 8.73663 3.36451 0 0 0 0.122734 2.93945 0 0 0 0 0 0.0497209 2.384 303 50 0 0 0
./complex_md-fit_301.pdb BC A 7.36128 38.9204 -12.0753 -7.01408 -13.2853 -23.5633 -0.735491 40.5201 -23.8241 3.93652 8.62142 2.7353 0 0 0 0.493392 3.15281 -0.0139132 0 0 0 0 0.0541113 2.384 303 49 1 1 0
./complex_md-fit_302.pdb BC A 8.26587 35.5953 -6.12841 -7.64432 -9.68061 -24.9883 -0.796341 44.4188 -25.2379 5.86526 7.20712 4.31519 0 0 0 0.389355 2.15552 -0.0264655 0 0 0 0 0.0497334 2.384 303 49 1 1 0
./complex_md-fit_303.pdb BC A 6.84207 28.7094 -9.69418 -5.47207 -11.2939 -24.3944 -0.743513 42.9274 -24.6838 3.14559 7.23527 3.1259 0 0 0 0.429751 2.92163 -0.0172945 0 0 0 0 0.0468717 2.384 303 48 0 0 0
./complex_md-fit_304.pdb BC A 9.50988 25.3205 -9.17749 -8.43559 -13.1147 -24.3096 -0.642019 43.7082 -23.8924 6.10485 7.55357 3.20685 0 0 0 0.588472 3.5916 -1.11022e-16 0 0 0 0 0.0549585 2.384 303 54 2 2 0
./complex_md-fit_305.pdb BC A 6.50806 29.9667 -9.64686 -7.34408 -11.9175 -24.6573 -0.759321 44.4489 -24.581 3.70048 6.80213 3.93508 0 0 0 0.680393 2.50789 0.00612149 0 0 0 0 0.0392116 2.384 303 50 0 0 0
./complex_md-fit_306.pdb BC A 10.8614 39.0391 -4.79188 -6.02876 -7.79822 -23.511 -0.618117 41.5331 -23.62 6.93236 4.62426 3.0207 0 0 0 0.62868 3.55025 -0.0122774 0 0 0 0 0.0574082 2.384 303 49 1 1 0
./complex_md-fit_307.pdb BC A 8.0008 41.8485 -14.6839 -9.03008 -13.7777 -23.8311 -0.814551 41.4228 -23.8842 3.32301 7.79147 3.05089 0 0 0 1.01805 2.7846 0 0 0 0 0 0.0475695 2.384 303 52 0 0 0
./complex_md-fit_308.pdb BC A 8.60865 34.2073 -7.69743 -8.01293 -12.28 -23.7425 -0.901442 42.8647 -23.5826 5.83974 8.43299 3.51614 0 0 0 0.119181 2.58939 0 0 0 0 0 0.0492738 2.384 303 53 0 0 0
./complex_md-fit_309.pdb BC A 7.60407 34.2965 -9.83066 -7.80558 -13.3255 -25.2931 -0.74667 43.9892 -25.1355 6.79055 8.5509 2.98135 0 0 0 0.114378 4.17475 0 0 0 0 0 0.0492493 2.384 303 49 2 2 0
./complex_md-fit_30.pdb BC A 7.19838 34.2838 -11.3511 -7.25565 -13.4683 -23.0238 -0.821926 39.7355 -22.6401 5.18019 7.61599 3.10146 0 0 0 0.150071 2.94687 0.0754371 0 0 0 0 0 2.384 303 47 0 0 0
./complex_md-fit_310.pdb BC A 8.25115 29.3367 -18.8167 -7.67231 -16.1998 -24.1632 -0.718487 40.0743 -24.493 2.74759 7.55265 3.76751 0 0 0 0.256889 3.77311 0 0 0 0 0 0.0310572 2.384 303 54 0 0 0
./complex_md-fit_311.pdb BC A 7.99773 29.2172 -12.189 -6.14799 -11.6225 -23.6123 -0.755529 40.0327 -23.6904 3.46049 4.99806 4.46843 0 0 0 0.633886 2.25881 0 0 0 0 0 0.0461421 2.384 303 50 0 0 0
./complex_md-fit_312.pdb BC A 6.62801 32.4494 -5.20488 -8.33809 -7.76127 -24.3739 -0.846178 43.6855 -24.274 5.67727 7.70994 3.07152 0 0 0 0.216842 2.88214 -0.0173354 0 0 0 0 0.0447649 2.384 303 49 0 0 0
./complex_md-fit_313.pdb BC A 7.39074 35.8451 -14.2041 -8.97327 -14.9508 -24.5397 -1.03619 42.5938 -23.9647 4.17833 9.05168 3.10604 0 0 0 0.281704 1.95081 0 0 0 0 0 0.0490047 2.384 303 52 2 2 0
./complex_md-fit_314.pdb BC A 6.80633 34.4407 -14.7169 -10.0052 -12.1897 -24.1968 -0.828488 39.9169 -24.5595 5.28393 8.05962 3.32958 0 0 0 0.421719 2.26881 0 0 0 0 0 0.0509198 2.384 303 51 0 0 0
./complex_md-fit_315.pdb BC A 7.4533 30.3383 -14.8939 -10.1266 -12.2987 -23.6544 -0.902073 39.3504 -23.4961 4.70404 7.24494 3.97282 0 0 0 0.261861 2.59194 0 0 0 0 0 0.0498703 2.384 303 50 0 0 0
./complex_md-fit_316.pdb BC A 6.26751 31.5917 -3.82999 -6.11512 -7.95791 -23.9046 -0.718924 42.4063 -23.5485 6.71147 6.16352 2.58377 0 0 0 0.494402 2.77429 0 0 0 0 0 0.0555952 2.384 303 51 0 0 0
./complex_md-fit_317.pdb BC A 7.20005 32.9936 -3.90632 -7.97137 -9.9124 -24.2278 -0.733493 42.877 -24.3359 9.53248 6.4177 4.16953 0 0 0 0.230193 2.54828 -1.11022e-16 0 0 0 0 0.0477579 2.384 303 50 4 4 0
./complex_md-fit_318.pdb BC A 9.43245 30.797 -15.3807 -9.52885 -13.3758 -24.995 -0.728209 42.5366 -25.1309 3.07144 8.48147 4.00437 0 0 0 0.238765 2.43867 -0.0110736 0 0 0 0 0.0564892 2.384 303 52 0 0 0
./complex_md-fit_319.pdb BC A 7.75263 26.3038 -3.77225 -6.89304 -9.07009 -24.8172 -0.705911 44.7828 -24.872 5.35078 8.01298 4.17964 0 0 0 0.195314 2.12992 0.0190776 0 0 0 0 0.0454726 2.384 303 52 1 1 0
./complex_md-fit_31.pdb BC A 9.51522 35.5825 -11.745 -7.19815 -16.3816 -23.0866 -1.04777 41.1441 -22.2832 4.68122 8.39095 3.70568 0 0 0 0.330405 2.22079 0 0 0 0 0 0 2.384 303 51 1 1 0
./complex_md-fit_320.pdb BC A 9.45505 33.1217 -6.12911 -8.13052 -10.9162 -24.2853 -0.833135 45.1039 -23.933 5.14571 8.21785 2.90226 0 0 0 0.559355 5.19737 -0.0105148 0 0 0 0 0.0504688 2.384 303 52 1 1 0
./complex_md-fit_321.pdb BC A 6.22321 25.6908 -10.9414 -7.1242 -12.5497 -23.9507 -0.931824 42.3235 -23.6809 5.20628 7.16939 2.42133 0 0 0 0.138494 2.58807 -0.0147501 0 0 0 0 0.0516501 2.384 303 52 0 0 0
./complex_md-fit_322.pdb BC A 8.00076 34.6443 -8.15357 -8.84081 -12.485 -24.1249 -0.964155 44.3398 -23.2605 6.00249 7.41904 2.97465 0 0 0 0.753935 2.39279 -0.0226698 0 0 0 0 0.0545635 2.384 303 51 2 2 0
./complex_md-fit_323.pdb BC A 8.70165 28.513 -14.1199 -8.99859 -12.6987 -24.0045 -0.766421 40.9066 -23.7806 3.64744 8.58845 2.60592 0 0 0 0.369586 2.41076 -0.0364467 0 0 0 0 0.0472782 2.384 303 50 0 0 0
./complex_md-fit_324.pdb BC A 7.97327 30.4865 -11.4891 -9.69919 -12.7836 -24.5124 -0.95448 42.8902 -24.4919 5.98488 7.22395 4.41334 0 0 0 0.407587 3.83278 -0.0158797 0 0 0 0 0.0482697 2.384 303 51 1 1 0
./complex_md-fit_325.pdb BC A 9.09509 35.2006 -8.9125 -6.06796 -13.0816 -25.0404 -0.936427 44.8754 -25.2788 5.6497 7.16328 3.38085 0 0 0 0.371437 3.91528 0 0 0 0 0 0.0520142 2.384 303 53 0 0 0
./complex_md-fit_326.pdb BC A 7.46866 32.8302 -13.2138 -10.4132 -14.4736 -23.9313 -0.966159 42.2399 -23.5215 3.84276 9.67127 3.91963 0 0 0 0.369488 2.17373 0 0 0 0 0 0.0488823 2.384 303 52 1 1 0
./complex_md-fit_327.pdb BC A 6.53509 37.8361 -10.077 -6.49946 -10.8107 -23.9517 -0.838636 40.8085 -24.0022 5.84203 6.13628 2.89248 0 0 0 0.302035 3.0135 0 0 0 0 0 0.0444846 2.384 303 50 1 1 0
./complex_md-fit_328.pdb BC A 10.3752 37.2005 -7.62726 -7.03405 -10.8339 -24.321 -0.794735 42.9786 -24.4126 6.75819 6.5167 3.21135 0 0 0 0.350526 3.6374 -0.0463076 0 0 0 0 0 2.384 303 49 2 2 0
./complex_md-fit_329.pdb BC A 5.85463 30.4626 -7.3845 -7.5239 -7.75409 -23.5149 -0.795885 41.1985 -23.4557 6.38879 4.72982 2.90457 0 0 0 0.431766 2.52438 5.55112e-17 0 0 0 0 0.00652444 2.384 303 49 1 1 0
./complex_md-fit_32.pdb BC A 8.28764 34.2307 -15.103 -9.0081 -14.3388 -24.0035 -0.641611 42.1094 -24.0912 3.03872 8.46982 3.12563 0 0 0 0.27239 2.07963 -0.0358006 0 0 0 0 0 2.384 303 50 0 0 0
./complex_md-fit_330.pdb BC A 6.31551 28.5535 -11.3974 -7.75531 -10.0814 -23.7203 -0.785537 40.4302 -23.8716 3.6419 6.4304 3.85889 0 0 0 0.434777 2.32529 0.0206339 0 0 0 0 0 2.384 303 48 0 0 0
./complex_md-fit_331.pdb BC A 8.12493 30.5255 -7.69764 -6.46499 -10.3301 -23.4555 -0.941562 40.8767 -23.7077 5.70249 6.10735 4.24563 0 0 0 0.270085 2.319 -2.22045e-16 0 0 0 0 0 2.384 303 50 0 0 0
./complex_md-fit_332.pdb BC A 9.47813 34.4568 -13.8042 -9.66691 -11.3732 -23.3705 -0.873108 39.7186 -23.5518 3.63859 7.38414 3.67133 0 0 0 0.597382 2.25253 0.0212862 0 0 0 0 0 2.384 303 51 0 0 0
./complex_md-fit_333.pdb BC A 6.73343 32.0587 -11.4359 -8.53945 -9.61922 -24.4935 -0.762154 41.5635 -25.112 4.34818 7.24924 3.32947 0 0 0 0.600121 2.59739 0 0 0 0 0 0 2.384 303 49 0 0 0
./complex_md-fit_334.pdb BC A 7.98826 32.314 -10.4884 -7.777 -11.5911 -22.0816 -0.998763 36.808 -22.409 5.61585 7.91631 3.65889 0 0 0 0.370076 2.18122 0 0 0 0 0 0 2.384 303 52 0 0 0
./complex_md-fit_335.pdb BC A 8.46324 32.1999 -11.1132 -9.34953 -11.8067 -23.1429 -0.709695 39.3926 -23.2072 6.47284 6.83613 3.91296 0 0 0 0.488304 2.25208 0 0 0 0 0 0 2.384 303 49 0 0 0
./complex_md-fit_336.pdb BC A 7.91063 34.0728 -14.0041 -8.03868 -12.266 -23.4304 -0.816975 40.4602 -23.3666 4.96984 5.24052 2.95365 0 0 0 0.290255 2.88832 0 0 0 0 0 0 2.384 303 49 1 1 0
./complex_md-fit_337.pdb BC A 6.28587 32.4525 -11.6019 -7.03423 -11.0247 -22.3814 -0.708421 38.7034 -22.4099 3.94417 5.70242 3.4621 0 0 0 0.144661 2.6694 0 0 0 0 0 0 2.384 303 51 2 2 0
./complex_md-fit_338.pdb BC A 7.74362 28.0444 -12.1385 -8.70701 -11.1249 -23.9521 -0.882504 40.7577 -23.7513 5.14309 6.34754 3.60253 0 0 0 0.428462 2.63168 0 0 0 0 0 0 2.384 303 51 0 0 0
./complex_md-fit_339.pdb BC A 10.4195 26.4153 -12.6587 -7.72465 -10.9093 -24.4217 -0.785009 41.8365 -24.9902 3.69602 6.99938 3.56367 0 0 0 0.0765532 2.12067 0 0 0 0 0 0 2.384 303 52 0 0 0
./complex_md-fit_33.pdb BC A 7.01554 31.7827 -13.5851 -7.6545 -14.5678 -23.4894 -0.803951 41.3524 -22.9789 2.68327 7.69002 3.45468 0 0 0 0.739531 2.29267 -0.0104556 0 0 0 0 0 2.384 303 53 0 0 0
./complex_md-fit_340.pdb BC A 8.61036 37.1346 -7.01996 -7.54394 -10.6673 -24.0108 -1.05843 40.6835 -24.5463 9.93208 6.81367 3.03326 0 0 0 0.344325 2.07404 0 0 0 0 0 0 2.384 303 52 2 2 0
./complex_md-fit_341.pdb BC A 6.95257 37.0938 -11.7131 -7.59919 -13.2208 -24.6364 -0.91486 42.5276 -24.3877 5.11485 7.74248 3.44986 0 0 0 0.21094 2.46213 0 0 0 0 0 0 2.384 303 54 0 0 0
./complex_md-fit_342.pdb BC A 7.38575 32.1978 -10.1227 -7.73656 -11.0286 -23.3272 -0.911997 39.604 -23.4827 5.90932 7.3161 3.36558 0 0 0 0.16936 2.16896 0 0 0 0 0 0 2.384 303 51 0 0 0
./complex_md-fit_343.pdb BC A 9.75822 37.4551 -19.7777 -8.32766 -14.3627 -23.8054 -1.0432 37.9813 -24.5239 2.98261 7.30867 3.83929 0 0 0 0.17338 2.1233 0 0 0 0 0 0 2.384 303 50 0 0 0
./complex_md-fit_344.pdb BC A 7.68954 31.4337 -11.9631 -6.26955 -12.5153 -24.1216 -0.766267 43.2692 -23.8787 2.66868 6.1131 3.31535 0 0 0 0.232106 2.11516 -0.0101706 0 0 0 0 0 2.384 303 50 0 0 0
./complex_md-fit_345.pdb BC A 10.1364 27.0084 -9.51538 -7.29389 -11.0981 -25.211 -0.962062 45.0247 -25.3225 6.12715 6.96213 1.81926 0 0 0 0.438926 3.91974 0 0 0 0 0 0 2.384 303 56 2 2 0
./complex_md-fit_346.pdb BC A 8.44674 33.42 -6.41816 -5.03952 -12.7481 -24.6402 -0.749978 45.3805 -24.4304 5.63865 6.18099 3.68987 0 0 0 0.309453 2.65751 -0.00937167 0 0 0 0 0 2.384 303 53 0 0 0
./complex_md-fit_347.pdb BC A 7.27835 32.5215 -8.0071 -8.15977 -9.90275 -24.4843 -0.889548 41.8856 -24.7051 7.55586 6.0552 4.03521 0 0 0 0.594429 2.56782 0 0 0 0 0 0.00805208 2.384 303 53 1 1 0
./complex_md-fit_348.pdb BC A 8.62707 40.5557 -16.0964 -8.6464 -12.7469 -24.1742 -0.848781 40.83 -25.0088 3.09598 6.43894 4.07179 0 0 0 0.867776 2.20363 0 0 0 0 0 0.0241934 2.384 303 53 0 0 0
./complex_md-fit_349.pdb BC A 6.97148 32.5082 -16.4171 -9.15286 -15.8005 -24.9294 -0.949049 42.9032 -24.7308 3.71053 8.51118 3.7522 0 0 0 0.270213 2.67798 -0.0018118 0 0 0 0 0 2.384 303 53 1 1 0
./complex_md-fit_34.pdb BC A 10.0788 31.3456 -6.38256 -7.37255 -14.3834 -23.8514 -1.0389 43.7905 -23.2731 8.22815 7.65864 2.86478 0 0 0 0.965264 2.33942 0.0294817 0 0 0 0 0 2.384 303 52 1 1 0
./complex_md-fit_350.pdb BC A 10.1327 30.4967 -13.054 -8.68288 -15.0341 -24.4204 -0.775395 42.647 -24.4003 5.66765 8.61422 2.68066 0 0 0 0.668418 2.35599 -0.0188034 0 0 0 0 0 2.384 303 50 1 1 0
./complex_md-fit_351.pdb BC A 9.69519 34.6752 -13.8604 -8.13944 -12.1375 -23.5386 -0.705685 39.8843 -23.776 4.28344 6.57668 3.53362 0 0 0 0.158819 2.17482 0 0 0 0 0 0 2.384 303 49 0 0 0
./complex_md-fit_352.pdb BC A 7.23002 32.8896 -13.0687 -8.99346 -14.3518 -24.1218 -0.920315 40.7313 -24.3937 6.24931 7.96557 4.01815 0 0 0 0.747908 2.10077 0 0 0 0 0 0 2.384 303 55 0 0 0
./complex_md-fit_353.pdb BC A 6.87939 35.0392 -10.0669 -7.88905 -11.6618 -23.7097 -0.907281 40.7309 -23.6428 7.72978 5.79682 2.89395 0 0 0 0.592325 2.62233 0 0 0 0 0 0 2.384 303 53 2 2 0
./complex_md-fit_354.pdb BC A 7.09956 34.5556 -11.6534 -6.99151 -10.1984 -24.0597 -0.853612 40.5708 -24.4103 4.96369 6.07126 3.04261 0 0 0 0.211835 2.39154 0 0 0 0 0 0 2.384 303 54 1 1 0
./complex_md-fit_355.pdb BC A 9.24648 36.7282 -16.3498 -10.7583 -13.7927 -24.7315 -0.743911 42.2838 -25.1787 4.68373 8.60283 2.86741 0 0 0 0.39752 2.26011 -2.22045e-16 0 0 0 0 0.0200068 2.384 303 52 0 0 0
./complex_md-fit_356.pdb BC A 7.06252 29.3875 -13.7557 -8.12893 -11.324 -24.0196 -0.801745 40.7887 -24.3032 3.19322 6.93335 3.53565 0 0 0 0.370847 2.93654 0 0 0 0 0 0 2.384 303 50 0 0 0
./complex_md-fit_357.pdb BC A 5.90652 42.9978 -15.4313 -7.83882 -14.2016 -23.8553 -0.942848 41.2634 -24.3012 2.20711 8.19041 3.97114 0 0 0 0.0763795 2.47192 0 0 0 0 0 0 2.384 303 52 0 0 0
./complex_md-fit_358.pdb BC A 7.7301 35.3965 -15.3564 -9.18961 -11.8735 -24.0267 -0.728843 39.6311 -24.5595 3.65811 7.50891 3.91308 0 0 0 0.32115 2.33457 -0.0194578 0 0 0 0 0.00885851 2.384 303 49 0 0 0
./complex_md-fit_359.pdb BC A 7.02496 39.3656 -12.551 -7.51852 -10.3443 -24.6099 -0.971568 42.1684 -24.8651 3.23564 6.38107 3.38873 0 0 0 0.605212 2.41025 -0.020637 0 0 0 0 0 2.384 303 49 0 0 0
./complex_md-fit_35.pdb BC A 7.52241 26.6713 -6.72674 -6.60054 -13.0199 -23.1044 -0.925285 42.1371 -22.8169 6.62875 7.55618 3.20031 0 0 0 0.275448 2.50695 -0.0574774 0 0 0 0 0 2.384 303 50 2 2 0
./complex_md-fit_360.pdb BC A 8.9148 29.5351 -8.03727 -7.03672 -10.852 -23.5044 -0.75663 40.3306 -23.8637 6.86333 6.6497 3.93556 0 0 0 0.181036 2.8371 0 0 0 0 0 0.0159098 2.384 303 53 0 0 0
./complex_md-fit_361.pdb BC A 9.04395 30.8342 -15.6869 -7.82524 -14.9642 -23.7721 -0.882343 40.1684 -24.0409 3.88417 7.52267 3.41876 0 0 0 0.746916 2.46077 0 0 0 0 0 0.0570035 2.384 303 51 1 1 0
./complex_md-fit_362.pdb BC A 8.65953 35.1645 -6.70422 -7.41736 -12.0889 -23.7478 -0.756532 43.0919 -23.7219 5.89756 7.62921 4.14835 0 0 0 0.209486 2.54854 -6.93889e-18 0 0 0 0 0.0517202 2.384 303 52 0 0 0
./complex_md-fit_363.pdb BC A 7.60338 30.6021 -15.2721 -9.74548 -11.7307 -24.3335 -0.881671 41.2672 -24.4895 4.65485 7.81156 1.96229 0 0 0 0.166052 2.99175 -0.00978454 0 0 0 0 0.0566483 2.384 303 52 1 1 0
./complex_md-fit_364.pdb BC A 7.2779 30.4103 -14.7503 -7.87764 -12.6264 -23.7665 -0.757918 40.3405 -23.794 3.71099 6.98578 2.73833 0 0 0 0.26266 2.37591 -0.0143027 0 0 0 0 0.0482368 2.384 303 50 0 0 0
./complex_md-fit_365.pdb BC A 7.59464 37.3622 -12.3878 -7.48368 -13.3045 -23.1112 -0.779052 40.5917 -22.9008 3.70968 7.60463 2.95722 0 0 0 0.265994 2.55091 0.018711 0 0 0 0 0.0433884 2.384 303 51 1 1 0
./complex_md-fit_366.pdb BC A 7.93964 31.085 -10.5921 -9.00238 -11.3134 -24.4496 -0.768359 42.4443 -23.8692 5.72848 6.53864 3.83988 0 0 0 0.216995 2.47863 -0.0117733 0 0 0 0 0.0543352 2.384 303 51 1 1 0
./complex_md-fit_367.pdb BC A 7.04957 33.4187 -10.0302 -7.84578 -13.1291 -25.1615 -0.941457 44.5157 -24.355 5.3021 7.9211 2.98702 0 0 0 0.621391 3.62152 0 0 0 0 0 0.0552775 2.384 303 52 0 0 0
./complex_md-fit_368.pdb BC A 7.7132 31.078 -19.4504 -10.8547 -17.3104 -24.4866 -0.833743 42.5159 -24.0998 2.53077 10.1645 2.52526 0 0 0 0.341623 4.24166 0 0 0 0 0 0.0566926 2.384 303 51 0 0 0
./complex_md-fit_369.pdb BC A 7.42411 31.6818 -14.5368 -8.06691 -12.8793 -23.6007 -0.806235 40.713 -23.5476 2.98953 6.64195 3.39771 0 0 0 0.576221 1.9572 -0.00947756 0 0 0 0 0.0550466 2.384 303 48 0 0 0
./complex_md-fit_36.pdb BC A 8.03805 32.0639 -13.2 -6.75309 -16.42 -23.5515 -1.10191 41.9387 -22.6625 5.10862 5.87911 3.33129 0 0 0 1.04406 2.85245 -0.0198293 0 0 0 0 0.0070206 2.384 303 48 2 2 0
./complex_md-fit_370.pdb BC A 7.40502 28.077 -10.7818 -8.23824 -10.1861 -24.7525 -0.937505 41.8385 -24.7262 4.30477 7.51525 4.11743 0 0 0 0.228203 2.21402 -0.00948606 0 0 0 0 0.0642416 2.384 303 51 0 0 0
./complex_md-fit_371.pdb BC A 9.12518 28.8692 -16.7573 -9.87128 -14.1463 -24.2314 -1.03664 41.6339 -24.0139 3.67066 8.0524 2.69916 0 0 0 0.434744 2.50012 0 0 0 0 0 0.0513943 2.384 303 49 0 0 0
./complex_md-fit_372.pdb BC A 7.12031 27.3629 -15.4802 -9.95924 -12.2772 -24.7735 -0.919693 42.4449 -25.2814 4.26029 8.47281 2.11019 0 0 0 0.398058 2.03651 -0.0112039 0 0 0 0 0.0558976 2.384 303 52 0 0 0
./complex_md-fit_373.pdb BC A 6.88257 38.0088 -12.558 -8.20165 -12.9104 -24.3497 -0.719272 42.6298 -24.0749 4.68013 7.02413 3.0652 0 0 0 0.264783 2.39363 -0.012607 0 0 0 0 0.046487 2.384 303 50 1 1 0
./complex_md-fit_374.pdb BC A 8.29833 30.4653 -8.90265 -7.91431 -9.42915 -23.6831 -0.903881 41.1584 -23.502 5.32373 6.28556 3.16001 0 0 0 0.554392 1.7311 -0.0117908 0 0 0 0 0.0594056 2.384 303 49 1 1 0
./complex_md-fit_375.pdb BC A 7.55644 31.7778 -6.283 -7.54123 -9.98488 -24.5752 -0.89163 43.3245 -24.5953 7.17052 7.18641 3.41177 0 0 0 0.165914 2.41084 -0.0111888 0 0 0 0 0.057339 2.384 303 49 2 2 0
./complex_md-fit_376.pdb BC A 8.14637 27.0775 -18.1019 -9.58849 -15.9171 -23.8175 -0.871787 40.3609 -23.6395 2.09329 9.25321 3.65725 0 0 0 0.33425 3.56464 -0.0197258 0 0 0 0 0.0533437 2.384 303 49 0 0 0
./complex_md-fit_377.pdb BC A 6.8421 33.2817 -15.7069 -8.30585 -13.3783 -23.272 -0.739269 39.7325 -22.8205 2.22415 7.3773 3.07697 0 0 0 0.343378 2.31932 -2.77556e-17 0 0 0 0 0.0547665 2.384 303 51 0 0 0
./complex_md-fit_378.pdb BC A 7.44031 27.0424 -22.3185 -8.88446 -17.083 -22.9297 -0.79257 39.2591 -22.5645 1.51602 6.84532 2.09167 0 0 0 0.168263 1.98886 0 0 0 0 0 0.0553195 2.384 303 47 0 0 0
./complex_md-fit_379.pdb BC A 7.04602 34.1868 -16.1143 -9.43016 -13.5217 -23.5123 -0.783141 40.0824 -23.3363 4.01518 7.19268 2.94479 0 0 0 0.176234 2.19469 0 0 0 0 0 0.0580014 2.384 303 49 0 0 0
./complex_md-fit_37.pdb BC A 6.549 35.1544 -7.35087 -5.53898 -14.4141 -23.5294 -0.833668 40.2885 -23.0615 5.65814 9.68871 3.78209 0 0 0 0.601405 3.69239 0 0 0 0 0 0.00785996 2.384 303 48 0 0 0
./complex_md-fit_380.pdb BC A 7.38185 36.2103 -17.366 -10.4912 -14.328 -23.2721 -0.975259 39.6285 -23.2951 4.52845 8.28767 2.35783 0 0 0 0.142755 2.12792 0 0 0 0 0 0.0504447 2.384 303 49 0 0 0
./complex_md-fit_381.pdb BC A 7.99079 27.7223 -13.624 -8.84661 -13.4366 -23.3367 -0.716203 39.8974 -23.4803 3.98702 8.0488 3.68309 0 0 0 0.519707 1.79754 5.55112e-17 0 0 0 0 0.0563797 2.384 303 49 0 0 0
./complex_md-fit_382.pdb BC A 7.39153 34.779 -11.7324 -9.62781 -14.4002 -25.1748 -0.867677 44.7302 -25.0433 7.60943 7.82193 2.69682 0 0 0 0.491058 2.26785 -0.0238448 0 0 0 0 0.0557499 2.384 303 51 3 3 0
./complex_md-fit_383.pdb BC A 7.3724 26.87 -12.4737 -7.35921 -10.3339 -26.8394 -1.0992 45.4251 -27.1954 3.32097 7.35516 3.88182 0 0 0 0.327152 3.02044 -0.013536 0 0 0 0 0.0568105 2.384 303 53 0 0 0
./complex_md-fit_384.pdb BC A 8.01359 33.1252 -16.8425 -9.63061 -15.0406 -23.5954 -0.853892 40.2668 -23.3103 2.66065 8.37732 4.025 0 0 0 0.217965 1.97044 -0.0149222 0 0 0 0 0.0555293 2.384 303 51 0 0 0
./complex_md-fit_385.pdb BC A 6.45419 26.5773 -11.7743 -7.42091 -11.2888 -23.7526 -0.968107 41.8324 -23.5872 4.43814 6.14103 2.55715 0 0 0 0.222095 3.53599 0 0 0 0 0 0.0524679 2.384 303 51 0 0 0
./complex_md-fit_386.pdb BC A 6.18099 32.4036 -14.0697 -8.59359 -11.5541 -24.1232 -0.800018 40.5031 -24.3134 5.00206 6.64994 2.9909 0 0 0 0.114032 2.20943 -2.77556e-17 0 0 0 0 0.0546338 2.384 303 50 0 0 0
./complex_md-fit_387.pdb BC A 8.59741 28.8792 -9.67364 -6.32252 -11.8434 -23.6559 -0.859128 40.806 -23.6469 4.82044 7.96863 2.72412 0 0 0 0.260692 2.78601 0.0203561 0 0 0 0 0.0539915 2.384 303 52 1 1 0
./complex_md-fit_388.pdb BC A 8.45578 38.5054 -13.8639 -7.44698 -12.9088 -22.9965 -0.922017 39.1727 -23.1268 2.87188 8.76586 2.44943 0 0 0 0.215054 1.79143 0.0105632 0 0 0 0 0.0516997 2.384 303 49 0 0 0
./complex_md-fit_389.pdb BC A 6.15076 36.5367 -9.1135 -8.73185 -10.6969 -23.2527 -0.716534 40.8374 -23.4532 6.12637 8.21969 2.07076 0 0 0 0.445849 2.27468 -0.00910285 0 0 0 0 0.0466268 2.384 303 48 3 3 0
./complex_md-fit_38.pdb BC A 8.48761 34.8359 -6.43842 -7.36331 -11.1485 -24.4109 -1.01166 43.6321 -23.7542 5.37936 8.51897 3.24763 0 0 0 0.472068 2.39821 0 0 0 0 0 0 2.384 303 47 0 0 0
./complex_md-fit_390.pdb BC A 8.84414 33.2689 -13.0877 -6.843 -14.6686 -24.4228 -0.745504 43.3602 -23.8801 4.19877 6.99648 2.60939 0 0 0 0.248214 3.86005 0.00316926 0 0 0 0 0.0561925 2.384 303 51 0 0 0
./complex_md-fit_391.pdb BC A 10.8764 32.3552 -11.2606 -7.61961 -11.4438 -24.2581 -0.60792 42.6041 -24.3454 2.84233 7.82891 3.48838 0 0 0 0.211585 2.05857 -0.00989774 0 0 0 0 0.0486964 2.384 303 51 0 0 0
./complex_md-fit_392.pdb BC A 6.46166 31.9892 -13.3239 -8.92273 -12.4598 -23.9529 -0.851485 42.621 -23.6016 3.28885 8.25597 2.04966 0 0 0 0.203022 2.10377 -0.012191 0 0 0 0 0.0583045 2.384 303 53 0 0 0
./complex_md-fit_393.pdb BC A 7.07732 27.101 -13.6232 -8.93254 -14.2024 -24.2683 -0.772316 42.5997 -24.2018 5.35955 8.90091 1.58111 0 0 0 0.269815 2.24295 -0.0106639 0 0 0 0 0.0536823 2.384 303 49 1 1 0
./complex_md-fit_394.pdb BC A 8.59869 28.0225 -12.175 -7.72365 -11.7437 -24.4356 -0.732573 41.8493 -24.4566 4.77 6.97242 2.64109 0 0 0 0.628668 4.78216 0 0 0 0 0 0.0557047 2.384 303 50 0 0 0
./complex_md-fit_395.pdb BC A 6.27658 39.5263 -15.0579 -6.93244 -12.3406 -24.5829 -0.675994 41.741 -25.1637 4.00154 6.05243 2.22213 0 0 0 0.563188 3.6345 0 0 0 0 0 0.0575469 2.384 303 51 0 0 0
./complex_md-fit_396.pdb BC A 7.57387 36.8356 -15.3781 -7.65459 -12.7448 -23.8132 -0.865671 41.7431 -24.1142 2.43878 7.33602 1.75968 0 0 0 0.479309 3.24255 5.55112e-17 0 0 0 0 0.0573976 2.384 303 47 0 0 0
./complex_md-fit_397.pdb BC A 9.14129 30.9655 -4.82928 -6.43204 -9.65915 -22.2035 -0.57601 39.7618 -21.9371 6.33995 6.95694 2.73945 0 0 0 0.116442 2.51124 0 0 0 0 0 0.063892 2.384 303 48 1 1 0
./complex_md-fit_398.pdb BC A 7.49731 32.867 -12.6302 -8.15534 -12.99 -24.4109 -0.617982 42.6966 -24.4416 3.90053 8.25581 2.80093 0 0 0 0.258326 3.35309 0.0191386 0 0 0 0 0.0542022 2.384 303 50 1 1 0
./complex_md-fit_399.pdb BC A 8.97654 31.5872 -10.9645 -7.30973 -9.94633 -24.3656 -0.593623 41.7234 -24.9148 4.12018 8.11619 2.04192 0 0 0 0.163944 2.21211 2.22045e-16 0 0 0 0 0 2.384 303 52 0 0 0
./complex_md-fit_39.pdb BC A 5.81086 28.3913 -10.6677 -7.67416 -11.0766 -24.2599 -0.672655 43.4173 -23.7098 4.35699 5.75305 2.79914 0 0 0 0.341067 2.15862 0.0197303 0 0 0 0 0.0382273 2.384 303 51 1 1 0
./complex_md-fit_3.pdb BC A 6.92088 31.2987 -5.89471 -5.45784 -13.4571 -24.409 -1.06209 44.3683 -23.5816 6.75555 8.85596 1.85406 0 0 0 0.209727 3.04165 0.0293311 0 0 0 0 0 2.384 303 52 2 2 0
./complex_md-fit_400.pdb BC A 7.25128 38.2808 -12.5237 -7.57254 -9.65497 -24.5364 -0.468114 41.6942 -25.1001 2.64163 7.19037 2.79546 0 0 0 0.486768 2.11398 -5.55112e-17 0 0 0 0 0 2.384 303 51 0 0 0
./complex_md-fit_401.pdb BC A 6.33565 38.0779 -9.78489 -8.69516 -10.5536 -23.7287 -0.820885 42.6315 -23.4275 5.01278 6.19105 3.36485 0 0 0 0.26834 2.75129 -0.0275068 0 0 0 0 0 2.384 303 51 0 0 0
./complex_md-fit_402.pdb BC A 7.99708 32.5429 -19.1063 -10.151 -14.5719 -24.4884 -0.924694 40.9513 -24.7369 3.67544 8.4851 2.39481 0 0 0 0.310497 1.89887 -0.0505402 0 0 0 0 0 2.384 303 51 0 0 0
./complex_md-fit_403.pdb BC A 8.07951 33.4039 -15.3703 -7.96309 -14.3521 -24.086 -1.02828 40.6349 -23.689 4.52309 7.82527 2.36914 0 0 0 0.395774 2.07867 -1.11022e-16 0 0 0 0 0 2.384 303 48 2 2 0
./complex_md-fit_404.pdb BC A 8.04002 27.1086 -7.5588 -6.19673 -11.3079 -23.5265 -0.841023 41.0223 -23.7305 6.55412 8.19989 1.91694 0 0 0 0.353686 2.1767 -0.00989629 0 0 0 0 0.00686882 2.384 303 49 0 0 0
./complex_md-fit_405.pdb BC A 6.81598 31.1522 -15.7631 -7.74677 -12.3707 -23.0661 -0.721025 40.0456 -23.0943 1.51891 6.93204 2.54509 0 0 0 0.182171 2.14085 -0.00951682 0 0 0 0 0.0215176 2.384 303 49 0 0 0
./complex_md-fit_406.pdb BC A 9.39947 32.3671 -5.31622 -5.85685 -10.4001 -23.5187 -0.810216 40.3941 -23.4612 7.62796 7.51607 2.60997 0 0 0 0.601678 3.70734 -0.0188539 0 0 0 0 0 2.384 303 50 1 1 0
./complex_md-fit_407.pdb BC A 8.66357 31.4387 -14.3023 -9.0031 -13.7496 -24.629 -0.873326 42.0409 -24.8281 5.32651 8.0771 2.83465 0 0 0 0.501629 2.22845 -6.93889e-18 0 0 0 0 0 2.384 303 52 0 0 0
./complex_md-fit_408.pdb BC A 8.98731 28.5465 -13.8666 -6.91225 -10.3684 -24.3936 -0.855601 42.6675 -24.717 2.60916 6.2118 1.78312 0 0 0 0.154116 2.01481 -0.045419 0 0 0 0 0 2.384 303 53 0 0 0
./complex_md-fit_409.pdb BC A 8.45768 37.7643 -5.29629 -6.80916 -9.06989 -22.9056 -0.881425 40.449 -22.3659 4.8148 7.55969 3.29343 0 0 0 0.613198 2.01212 0 0 0 0 0 0.00547949 2.384 303 49 0 0 0
./complex_md-fit_40.pdb BC A 8.2264 30.5732 -14.0003 -7.12956 -15.918 -23.3978 -0.976878 41.2848 -22.5115 3.97463 6.96123 3.32615 0 0 0 0.360409 2.39004 1.11022e-16 0 0 0 0 0.0262125 2.384 303 50 0 0 0
./complex_md-fit_410.pdb BC A 6.77463 34.7211 -11.7477 -7.09357 -10.4592 -23.2441 -0.893098 38.4017 -23.3043 6.4182 6.60967 1.75463 0 0 0 0.0624015 2.338 0 0 0 0 0 0 2.384 303 49 0 0 0
./complex_md-fit_411.pdb BC A 6.15187 34.6067 -12.6692 -6.42569 -10.2898 -23.4578 -0.959215 39.7731 -23.7777 5.11354 4.9313 1.94905 0 0 0 0.454794 2.32046 0.0193673 0 0 0 0 0 2.384 303 51 1 1 0
./complex_md-fit_412.pdb BC A 7.02128 43.1 -9.6014 -7.05128 -12.9556 -23.0866 -0.91435 41.7903 -22.522 4.70772 8.62113 1.55556 0 0 0 0.302328 3.44167 -0.0485623 0 0 0 0 0 2.384 303 51 1 1 0
./complex_md-fit_413.pdb BC A 10.9666 36.9944 -8.47478 -7.14404 -9.11655 -21.9175 -0.909624 38.7817 -22.0187 5.14041 6.30319 2.34008 0 0 0 0.0797025 2.29149 -0.0135759 0 0 0 0 0 2.384 303 51 1 1 0
./complex_md-fit_414.pdb BC A 8.18312 38.1744 -14.1292 -7.76835 -12.1703 -22.891 -0.936025 39.1425 -22.8978 3.03908 7.67084 2.42971 0 0 0 0.301084 2.03254 -0.0488564 0 0 0 0 0 2.384 303 50 0 0 0
./complex_md-fit_415.pdb BC A 8.22065 31.9437 -13.9993 -7.5762 -13.2135 -22.9111 -0.87115 39.1227 -22.7015 4.38674 7.58864 2.09349 0 0 0 0.0826208 2.74844 0 0 0 0 0 0 2.384 303 48 0 0 0
./complex_md-fit_416.pdb BC A 9.29668 33.6713 -13.2341 -10.0648 -11.3507 -24.0075 -0.806511 41.5299 -24.0195 5.93484 6.97813 2.31675 0 0 0 0.306265 2.22953 -0.0561995 0 0 0 0 0.00520923 2.384 303 49 1 1 0
./complex_md-fit_417.pdb BC A 7.41582 33.879 -12.6977 -7.67327 -10.572 -24.7687 -0.941397 41.6083 -25.0038 4.98084 6.76329 2.65557 0 0 0 0.26692 2.47963 -0.0244587 0 0 0 0 0.0111005 2.384 303 51 0 0 0
./complex_md-fit_418.pdb BC A 7.72471 31.9569 -8.8033 -6.14096 -10.1735 -23.1166 -0.74211 39.3225 -23.3821 7.15903 6.3882 1.7317 0 0 0 0.164865 3.23761 -0.0143409 0 0 0 0 0 2.384 303 50 2 2 0
./complex_md-fit_419.pdb BC A 8.4615 31.4278 -13.7908 -8.47696 -13.7661 -24.5258 -0.962587 41.4471 -24.364 5.41718 7.38076 3.58299 0 0 0 0.509283 2.33662 -0.0326849 0 0 0 0 0 2.384 303 51 0 0 0
./complex_md-fit_41.pdb BC A 8.55997 31.1466 -13.1924 -6.70958 -12.157 -22.6421 -0.982561 39.2437 -22.6638 3.32164 6.6395 2.60782 0 0 0 0.153137 2.07422 -0.00976204 0 0 0 0 0.00658851 2.384 303 53 0 0 0
./complex_md-fit_420.pdb BC A 7.44008 29.7932 -17.4023 -8.61996 -14.3437 -24.3719 -0.920512 41.0471 -24.5665 3.39254 7.72145 3.1187 0 0 0 0.118136 2.31558 0.0223939 0 0 0 0 0 2.384 303 51 0 0 0
./complex_md-fit_421.pdb BC A 8.14966 38.8403 -14.9249 -6.70119 -12.0984 -23.5248 -0.896878 39.6535 -23.8171 3.53723 6.20862 2.43511 0 0 0 0.328225 2.31111 -0.0491995 0 0 0 0 0 2.384 303 51 0 0 0
./complex_md-fit_422.pdb BC A 6.58674 24.836 -7.92547 -7.22375 -8.95159 -24.2437 -0.882065 42.249 -24.1329 5.6515 6.2179 3.20406 0 0 0 0.186045 2.68023 0 0 0 0 0 0 2.384 303 49 1 1 0
./complex_md-fit_423.pdb BC A 11.5005 40.463 -10.0105 -7.84756 -8.43558 -24.3758 -0.879448 43.0681 -24.7531 4.77392 6.35984 1.81962 0 0 0 0.290198 2.5721 -0.0388681 0 0 0 0 0.00823177 2.384 303 50 0 0 0
./complex_md-fit_424.pdb BC A 8.37122 21.6464 -13.4492 -7.23005 -11.2929 -23.6484 -0.878627 40.3683 -23.2875 4.48842 5.52579 2.34273 0 0 0 0.163087 2.00069 0 0 0 0 0 0 2.384 303 50 0 0 0
./complex_md-fit_425.pdb BC A 7.69075 34.7159 -16.9811 -8.79925 -12.7117 -24.078 -0.877852 39.7572 -24.5975 5.32814 5.40666 3.27722 0 0 0 0.366115 2.7495 -0.0521003 0 0 0 0 0 2.384 303 53 1 1 0
./complex_md-fit_426.pdb BC A 8.1118 36.7088 -12.2805 -7.9458 -10.8534 -24.9453 -0.569373 42.4553 -24.875 5.58975 5.59966 2.97855 0 0 0 0.336501 2.46199 -0.0513156 0 0 0 0 0 2.384 303 53 0 0 0
./complex_md-fit_427.pdb BC A 7.11675 32.5933 -12.9901 -8.44591 -10.1401 -24.5816 -0.626096 41.5977 -25.3666 4.90189 6.66785 2.65964 0 0 0 0.317003 3.26947 0.0260849 0 0 0 0 0 2.384 303 53 0 0 0
./complex_md-fit_428.pdb BC A 8.27942 33.2342 -10.7468 -6.87454 -10.2203 -21.7218 -0.665519 38.7051 -21.7961 2.97252 6.02124 2.36586 0 0 0 0.466673 1.99542 0 0 0 0 0 0 2.384 303 48 0 0 0
./complex_md-fit_429.pdb BC A 8.17269 29.917 -4.95383 -5.80267 -8.45203 -22.15 -0.640255 41.1131 -21.8708 4.35974 6.10081 2.15225 0 0 0 0.235985 2.72967 0 0 0 0 0 0 2.384 303 49 0 0 0
./complex_md-fit_42.pdb BC A 7.13249 27.3246 -16.1852 -7.9187 -17.9954 -24.6781 -1.01129 42.8453 -24.1027 4.01804 8.48165 3.39784 0 0 0 0.82422 2.52361 -0.0480198 0 0 0 0 0.00203755 2.384 303 50 0 0 0
./complex_md-fit_430.pdb BC A 8.54291 39.8734 -9.62455 -7.28202 -11.3079 -23.0388 -0.84868 41.0856 -22.5099 4.10031 6.24981 3.14759 0 0 0 0.795122 2.12843 -0.0157706 0 0 0 0 0 2.384 303 54 1 1 0
./complex_md-fit_431.pdb BC A 8.74035 34.5272 -12.4821 -8.21874 -11.6986 -24.5217 -0.882626 42.0831 -24.7862 5.56902 6.92399 2.79202 0 0 0 0.263783 3.12835 -0.0120721 0 0 0 0 0.0059175 2.384 303 51 0 0 0
./complex_md-fit_432.pdb BC A 7.9699 28.136 -5.87692 -7.2949 -10.1021 -24.4209 -1.01483 43.0785 -24.5624 7.15639 8.52748 2.65802 0 0 0 0.15129 3.53852 -0.0535358 0 0 0 0 0 2.384 303 54 2 2 0
./complex_md-fit_433.pdb BC A 7.10917 29.9791 -17.3525 -8.51011 -13.0825 -23.3458 -0.79661 38.7311 -23.7669 3.14411 7.217 2.93398 0 0 0 0.167185 2.08267 -0.0522083 0 0 0 0 0.00829016 2.384 303 48 0 0 0
./complex_md-fit_434.pdb BC A 8.71765 35.7245 -13.8909 -8.70606 -11.1182 -24.1734 -0.799764 42.0205 -24.0518 3.80747 4.8141 3.60125 0 0 0 0.714168 2.56386 -0.0163234 0 0 0 0 0.0170802 2.384 303 49 0 0 0
./complex_md-fit_435.pdb BC A 8.61873 37.8557 -11.6556 -8.79752 -11.0388 -23.7154 -0.872768 42.096 -23.6599 4.86223 6.8377 2.56383 0 0 0 0.114054 2.29131 -0.0450298 0 0 0 0 0 2.384 303 56 0 0 0
./complex_md-fit_436.pdb BC A 7.52868 35.3912 -12.0097 -9.76959 -10.1471 -24.0088 -0.739263 40.4217 -24.6529 6.31446 8.67285 1.34126 0 0 0 0.540494 2.0707 0.0106688 0 0 0 0 0.00663785 2.384 303 49 2 2 0
./complex_md-fit_437.pdb BC A 7.52435 35.2722 -13.7691 -9.4601 -12.3472 -23.8984 -0.741524 42.1799 -23.9913 2.92643 8.50295 2.64136 0 0 0 0.437231 2.06448 -0.0183363 0 0 0 0 0 2.384 303 51 1 1 0
./complex_md-fit_438.pdb BC A 6.47095 37.9201 -13.5749 -10.1269 -11.7178 -23.043 -0.79788 39.8732 -23.3635 4.93967 7.16164 3.14711 0 0 0 0.388682 1.97243 -0.0360702 0 0 0 0 0 2.384 303 49 0 0 0
./complex_md-fit_439.pdb BC A 8.26695 35.4342 -11.823 -8.18096 -11.8576 -24.0626 -0.793728 42.0399 -23.7762 5.03335 6.53699 2.91318 0 0 0 0.364338 2.27711 -0.0397485 0 0 0 0 0 2.384 303 51 1 1 0
./complex_md-fit_43.pdb BC A 8.04638 28.5364 -11.5015 -7.26423 -14.7963 -24.7146 -0.8812 43.5507 -24.21 5.20593 8.05619 3.39028 0 0 0 0.172515 3.31502 -0.0108342 0 0 0 0 0 2.384 303 52 1 1 0
./complex_md-fit_440.pdb BC A 9.90879 31.3667 -12.0129 -6.48614 -13.0866 -23.3428 -0.916853 39.151 -23.2771 5.88288 7.16839 2.68499 0 0 0 0.226135 2.12547 -0.0168098 0 0 0 0 0 2.384 303 47 0 0 0
./complex_md-fit_441.pdb BC A 8.14876 34.1905 -12.8856 -7.89327 -12.9341 -23.0893 -0.962129 37.9956 -23.1456 4.81273 8.3438 3.47605 0 0 0 0.514689 2.03768 -0.0117976 0 0 0 0 0.00775833 2.384 303 51 0 0 0
./complex_md-fit_442.pdb BC A 6.80727 27.6685 -12.4198 -7.82697 -11.9253 -23.0744 -0.930489 40.2924 -22.7777 4.02182 6.96618 2.64729 0 0 0 0.18744 1.9109 0 0 0 0 0 0 2.384 303 52 0 0 0
./complex_md-fit_443.pdb BC A 6.676 33.749 -18.141 -7.07136 -12.7181 -23.2787 -0.761122 37.9549 -23.3127 1.57629 5.46561 3.5823 0 0 0 0.42187 2.18248 0 0 0 0 0 0 2.384 303 45 0 0 0
./complex_md-fit_444.pdb BC A 5.13364 31.5266 -9.30187 -6.45591 -11.2856 -23.1598 -0.714411 38.3943 -22.8514 7.7476 7.38542 1.50127 0 0 0 0.136711 1.91515 0 0 0 0 0 0 2.384 303 47 3 3 0
./complex_md-fit_445.pdb BC A 7.32898 30.6613 -15.2136 -7.0865 -13.3478 -22.9581 -0.689478 39.012 -23.2309 3.37916 7.31504 2.26624 0 0 0 0.130553 2.02264 -0.00379747 0 0 0 0 0 2.384 303 47 1 1 0
./complex_md-fit_446.pdb BC A 7.72063 30.4671 -10.4769 -5.68132 -8.20297 -21.3307 -0.712692 33.9173 -21.4082 6.15604 4.90654 1.51927 0 0 0 0.359956 1.94716 1.11022e-16 0 0 0 0 0 2.384 303 48 1 1 0
./complex_md-fit_447.pdb BC A 6.43414 30.3101 -13.8955 -6.73665 -10.1129 -23.3731 -0.839348 39.8394 -23.4833 2.68601 5.82003 2.02011 0 0 0 0.284135 2.33269 -5.55112e-17 0 0 0 0 0 2.384 303 50 0 0 0
./complex_md-fit_448.pdb BC A 5.94164 26.3531 -7.99123 -6.19174 -11.0449 -23.4717 -0.730251 41.7868 -23.3236 3.95772 7.39452 3.33008 0 0 0 0.349587 2.25407 -0.0477033 0 0 0 0 0 2.384 303 49 0 0 0
./complex_md-fit_449.pdb BC A 11.0063 32.4254 -8.20825 -7.5158 -11.2805 -23.2794 -0.96441 41.0013 -23.1791 6.83221 7.08388 2.48678 0 0 0 0.65839 2.53375 -0.0515104 0 0 0 0 0 2.384 303 52 3 3 0
./complex_md-fit_44.pdb BC A 8.26666 25.7162 -18.3054 -8.10483 -18.2328 -24.4255 -0.997537 41.3706 -23.6231 3.30393 9.4037 2.798 0 0 0 0.202104 2.53033 0 0 0 0 0 0 2.384 303 47 1 1 0
./complex_md-fit_450.pdb BC A 8.59675 38.6841 -11.0829 -8.48968 -11.1175 -24.4046 -0.771657 42.9204 -24.0716 4.12351 7.93425 2.11689 0 0 0 0.692303 2.55411 -0.015217 0 0 0 0 0 2.384 303 49 0 0 0
./complex_md-fit_451.pdb BC A 8.39314 30.2968 -11.6561 -7.19619 -11.0736 -23.7777 -0.65844 41.8031 -24.0061 4.43882 6.72425 1.62354 0 0 0 0.507618 2.93872 -0.0460089 0 0 0 0 0.00465506 2.384 303 54 1 1 0
./complex_md-fit_452.pdb BC A 8.30422 30.6613 -8.81547 -5.69079 -10.1119 -24.117 -0.57178 42.5483 -24.114 5.19988 6.47504 1.32412 0 0 0 0.256741 2.54309 -0.0195246 0 0 0 0 0.00544882 2.384 303 48 2 2 0
./complex_md-fit_453.pdb BC A 7.85325 34.9426 -5.19255 -6.17795 -9.47171 -23.806 -0.789507 42.8819 -24.0257 4.92823 7.91248 2.73442 0 0 0 0.633871 2.29676 -0.0124744 0 0 0 0 0 2.384 303 53 0 0 0
./complex_md-fit_454.pdb BC A 8.12223 31.761 -10.7344 -5.72616 -12.6266 -23.5331 -0.748622 40.5969 -23.4104 5.29924 7.25 1.71232 0 0 0 0.483359 3.11863 -0.0313364 0 0 0 0 0 2.384 303 48 1 1 0
./complex_md-fit_455.pdb BC A 7.30779 36.7523 -9.78349 -5.22921 -8.51178 -24.8971 -0.872372 42.6779 -25.0507 4.53606 5.64693 1.78036 0 0 0 0.115384 2.48497 0.0210371 0 0 0 0 0 2.384 303 54 1 1 0
./complex_md-fit_456.pdb BC A 8.83748 32.7314 -9.89133 -5.93912 -10.7124 -23.2569 -0.800943 40.5123 -23.118 5.0681 6.28506 1.4237 0 0 0 0.641276 2.10176 0.00552485 0 0 0 0 0 2.384 303 47 1 1 0
./complex_md-fit_457.pdb BC A 9.29735 30.2685 -12.8392 -9.42509 -13.5354 -25.1818 -0.73949 44.9397 -25.1359 5.87951 7.9289 2.19652 0 0 0 0.251303 3.72426 -0.0174633 0 0 0 0 0 2.384 303 54 0 0 0
./complex_md-fit_458.pdb BC A 8.7648 37.1979 -14.4247 -7.91408 -13.267 -24.8036 -0.721677 42.9199 -24.7791 4.42947 6.62076 2.73493 0 0 0 0.349199 2.6467 0 0 0 0 0 0.00657518 2.384 303 49 1 1 0
./complex_md-fit_459.pdb BC A 7.2623 35.935 -11.4755 -9.09385 -7.7765 -24.5336 -0.772557 41.0167 -25.344 6.18641 5.67983 2.97821 0 0 0 0.199667 2.3961 -0.0158187 0 0 0 0 0 2.384 303 49 0 0 0
./complex_md-fit_45.pdb BC A 6.87893 26.5182 -11.0714 -7.74628 -15.4925 -23.534 -1.05606 41.6796 -22.5989 5.04231 9.56948 2.89572 0 0 0 0.169224 2.18084 1.11022e-16 0 0 0 0 0 2.384 303 53 0 0 0
./complex_md-fit_460.pdb BC A 5.58472 33.8077 -15.3223 -9.14199 -10.6784 -24.1526 -0.702146 41.0034 -24.5949 3.86171 5.98953 3.04887 0 0 0 0.0442083 1.96104 0 0 0 0 0 0 2.384 303 54 0 0 0
./complex_md-fit_461.pdb BC A 8.20427 33.8076 -21.9209 -9.69703 -17.929 -25.893 -0.867741 43.8487 -26.3855 2.20771 9.69653 2.71225 0 0 0 0.386277 2.37159 0 0 0 0 0 0 2.384 303 51 0 0 0
./complex_md-fit_462.pdb BC A 7.27125 35.4191 -15.3045 -10.5157 -10.0288 -25.4086 -0.8661 42.8585 -26.0439 4.29487 7.70106 2.35098 0 0 0 0.330305 2.76729 0 0 0 0 0 0.0228968 2.384 303 53 1 1 0
./complex_md-fit_463.pdb BC A 8.93083 36.6274 -13.924 -9.8124 -13.0055 -26.5753 -0.889496 45.6099 -27.2026 6.94456 7.65115 2.77081 0 0 0 0.600042 2.25184 -0.015251 0 0 0 0 1.11022e-16 2.384 303 52 1 1 0
./complex_md-fit_464.pdb BC A 8.11352 33.1987 -17.6534 -10.1048 -17.2342 -26.5142 -0.872756 46.0498 -26.7698 5.98371 8.23138 2.79909 0 0 0 0.83928 3.58633 -0.0648574 0 0 0 0 0.0040221 2.384 303 54 0 0 0
./complex_md-fit_465.pdb BC A 5.93149 32.0682 -18.981 -9.16428 -12.7141 -25.1604 -0.838525 43.6434 -26.0127 1.87436 6.45135 2.26906 0 0 0 0.678286 2.46518 -0.0133536 0 0 0 0 0.00599195 2.384 303 51 0 0 0
./complex_md-fit_466.pdb BC A 6.03179 33.5277 -10.9042 -9.49724 -11.613 -24.9171 -0.888667 43.2435 -25.4911 7.0776 8.54528 2.19891 0 0 0 0.469839 2.51193 -0.032263 0 0 0 0 0 2.384 303 51 1 1 0
./complex_md-fit_467.pdb BC A 6.68388 30.81 -12.4853 -9.42377 -10.1342 -25.2926 -0.888601 43.217 -25.9595 6.06362 7.19345 2.65751 0 0 0 0.0818626 2.91212 0 0 0 0 0 0 2.384 303 51 1 1 0
./complex_md-fit_468.pdb BC A 5.8226 29.7098 -12.3201 -8.97004 -8.69964 -24.501 -1.00189 40.8454 -25.3219 7.05562 6.50768 1.57114 0 0 0 0.215613 2.45465 -0.0210019 0 0 0 0 0 2.384 303 54 0 0 0
./complex_md-fit_469.pdb BC A 7.70341 33.9952 -7.17197 -8.14643 -7.74171 -24.817 -0.805114 43.6035 -25.0355 6.29124 7.23215 1.90777 0 0 0 0.31437 3.16905 0.0247892 0 0 0 0 0 2.384 303 54 1 1 0
./complex_md-fit_46.pdb BC A 8.31347 32.8883 -9.58219 -7.29523 -16.842 -23.8566 -1.12717 42.2094 -23.4122 7.95959 9.6772 2.88058 0 0 0 0.264927 2.37257 -0.0501502 0 0 0 0 0.00950235 2.384 303 49 1 1 0
./complex_md-fit_470.pdb BC A 7.8573 34.6878 -11.7558 -8.18562 -10.6794 -23.4749 -0.872449 41.0452 -23.9862 4.9242 6.58513 2.73048 0 0 0 0.156052 2.33885 0 0 0 0 0 0.0017558 2.384 303 52 1 1 0
./complex_md-fit_471.pdb BC A 8.70538 44.4337 -7.58422 -8.33533 -10.4226 -24.5582 -0.826393 42.7561 -24.5488 7.39926 7.70448 2.95069 0 0 0 0.316205 2.39779 -0.0196422 0 0 0 0 0 2.384 303 49 1 1 0
./complex_md-fit_472.pdb BC A 6.90832 35.7978 -19.4855 -8.8273 -13.3188 -25.3795 -0.777526 42.8266 -25.7647 3.03616 5.83815 2.73876 0 0 0 0.148766 2.3554 -0.0134219 0 0 0 0 0.00731834 2.384 303 52 0 0 0
./complex_md-fit_473.pdb BC A 7.56438 31.0841 -4.03456 -6.16579 -10.7159 -24.88 -0.805354 45.1775 -24.8335 8.87031 6.79269 2.23848 0 0 0 0.287165 2.58422 0 0 0 0 0 0 2.384 303 53 3 3 0
./complex_md-fit_474.pdb BC A 7.7311 26.8194 -14.2314 -10.6067 -10.3778 -25.1323 -0.951916 44.1379 -25.2505 4.09257 6.94339 2.42408 0 0 0 0.526725 2.70457 -0.0368768 0 0 0 0 0 2.384 303 52 0 0 0
./complex_md-fit_475.pdb BC A 7.43195 38.3726 -13.3522 -9.52925 -12.9297 -25.378 -0.935724 43.8786 -25.4185 4.9826 8.36057 3.17539 0 0 0 0.475644 2.70957 -0.0338522 0 0 0 0 0 2.384 303 52 0 0 0
./complex_md-fit_476.pdb BC A 8.76915 35.0989 -11.5735 -9.85208 -10.6015 -25.3157 -0.789018 43.2689 -25.6422 5.57908 8.12182 2.9705 0 0 0 0.699495 1.90581 -0.01264 0 0 0 0 0 2.384 303 52 1 1 0
./complex_md-fit_477.pdb BC A 8.14737 31.1349 -13.4533 -11.3958 -11.2118 -26.1333 -0.940078 45.204 -26.6498 6.24611 7.9165 3.21746 0 0 0 0.306933 2.34343 -0.0134782 0 0 0 0 0 2.384 303 52 2 2 0
./complex_md-fit_478.pdb BC A 10.032 36.5533 -8.6225 -10.781 -11.0802 -25.0766 -1.02917 45.7025 -24.8949 6.59985 8.41335 3.4288 0 0 0 0.133207 2.37859 -0.038406 0 0 0 0 0 2.384 303 54 2 2 0
./complex_md-fit_479.pdb BC A 8.68392 34.0183 -11.873 -10.7191 -12.5523 -26.5834 -0.869115 46.2353 -26.9419 7.80618 8.19727 3.14033 0 0 0 0.413741 2.40207 0 0 0 0 0 0 2.384 303 52 2 2 0
./complex_md-fit_47.pdb BC A 8.07943 33.183 -11.0093 -6.96505 -14.4081 -24.9998 -0.986939 44.0954 -24.0764 4.99792 8.43442 2.21253 0 0 0 0.687726 2.74807 -0.0136855 0 0 0 0 0.0126958 2.384 303 51 0 0 0
./complex_md-fit_480.pdb BC A 6.6332 33.0095 -11.6808 -10.1939 -10.9851 -25.2855 -0.773848 43.0564 -25.7913 7.23706 8.23467 2.58057 0 0 0 0.254277 3.24512 -0.0141272 0 0 0 0 0 2.384 303 53 3 3 0
./complex_md-fit_481.pdb BC A 10.0921 34.1437 -20.5414 -13.2852 -15.471 -24.9914 -0.964211 42.9442 -25.4673 4.40544 8.80616 3.25442 0 0 0 0.258095 2.49004 -0.0306583 0 0 0 0 0 2.384 303 51 1 1 0
./complex_md-fit_482.pdb BC A 10.0338 42.8933 -18.4172 -11.2497 -15.2367 -25.3659 -1.05575 43.2013 -25.6931 4.57676 8.76811 3.08724 0 0 0 0.568123 2.3287 -0.0176388 0 0 0 0 0 2.384 303 54 0 0 0
./complex_md-fit_483.pdb BC A 7.5799 36.3012 -16.9563 -10.8569 -12.229 -25.1754 -0.924037 42.8821 -25.874 4.42085 7.12576 3.42581 0 0 0 0.263009 2.0263 -0.0144633 0 0 0 0 0 2.384 303 51 1 1 0
./complex_md-fit_484.pdb BC A 8.99643 37.145 -14.8011 -9.98707 -12.225 -25.2211 -0.994152 43.5109 -25.4024 4.62459 8.81555 1.86672 0 0 0 0.226435 2.78609 -0.0154501 0 0 0 0 0 2.384 303 53 0 0 0
./complex_md-fit_485.pdb BC A 6.64719 41.0072 -18.9815 -12.0292 -15.2034 -25.3742 -1.12263 43.4326 -25.8654 5.2617 9.14407 2.15246 0 0 0 0.622347 2.56769 -5.55112e-17 0 0 0 0 0 2.384 303 52 1 1 0
./complex_md-fit_486.pdb BC A 8.06431 36.4393 -15.414 -8.78903 -15.1334 -24.7073 -0.931785 43.2986 -25.0352 3.51517 9.93614 2.24119 0 0 0 0.207473 2.01677 -0.0214756 0 0 0 0 0.00558638 2.384 303 51 0 0 0
./complex_md-fit_487.pdb BC A 7.66677 31.6694 -13.3642 -6.86377 -10.4104 -24.5951 -0.845511 42.8654 -25.1194 4.13004 5.33991 2.04149 0 0 0 0.101517 1.7633 -0.0138425 0 0 0 0 0.00554017 2.384 303 51 1 1 0
./complex_md-fit_488.pdb BC A 6.47334 34.2828 -14.0863 -8.99977 -12.9253 -24.9071 -0.946842 44.1747 -25.0371 3.48382 8.2591 2.63254 0 0 0 0.179618 2.48403 -1.11022e-16 0 0 0 0 0 2.384 303 48 0 0 0
./complex_md-fit_489.pdb BC A 10.1944 45.0167 -14.3692 -9.90313 -12.0243 -24.8134 -0.949012 43.5001 -25.5689 4.48399 9.40647 1.27243 0 0 0 0.238562 1.90418 -0.0120023 0 0 0 0 0 2.384 303 50 1 1 0
./complex_md-fit_48.pdb BC A 10.4174 34.7549 -4.32868 -6.63761 -14.9025 -23.0851 -1.08549 42.3783 -22.3484 5.72736 10.7909 4.45356 0 0 0 0.384169 2.25242 -0.00951957 0 0 0 0 0.00564146 2.384 303 49 1 1 0
./complex_md-fit_490.pdb BC A 6.8799 29.532 -19.0529 -9.49613 -15.1888 -25.5941 -1.08533 44.4757 -25.6886 3.59229 7.14874 2.2778 0 0 0 0.500242 2.66481 0 0 0 0 0 0.00526386 2.384 303 51 0 0 0
./complex_md-fit_491.pdb BC A 6.28071 32.9392 -11.7872 -9.84727 -13.0631 -26.3545 -1.03747 47.73 -26.6733 6.85678 7.42959 2.90601 0 0 0 0.283656 2.45732 -0.0175916 0 0 0 0 0 2.384 303 53 1 1 0
./complex_md-fit_492.pdb BC A 7.81364 33.2496 -14.0303 -10.3907 -10.4032 -24.7627 -0.882512 43.2274 -25.4423 4.3806 7.54717 2.22821 0 0 0 0.450656 3.95485 5.55112e-17 0 0 0 0 0.0171237 2.384 303 50 0 0 0
./complex_md-fit_493.pdb BC A 5.7711 37.4528 -18.0183 -10.5525 -13.3306 -24.3486 -0.723253 42.1654 -24.8017 3.66163 7.49989 2.21241 0 0 0 0.212456 2.40595 -0.0135302 0 0 0 0 0 2.384 303 54 0 0 0
./complex_md-fit_494.pdb BC A 7.52489 30.2504 -12.0101 -8.67168 -14.57 -25.1816 -0.734673 43.1019 -25.414 7.1233 8.74619 3.24512 0 0 0 0.351677 2.72814 -0.0132119 0 0 0 0 0.0069312 2.384 303 55 1 1 0
./complex_md-fit_495.pdb BC A 6.83019 42.497 -12.5204 -9.01389 -11.8523 -24.7608 -0.830778 41.939 -25.1131 7.02119 7.39165 2.31924 0 0 0 0.393004 2.40086 -0.0135676 0 0 0 0 0 2.384 303 52 2 2 0
./complex_md-fit_496.pdb BC A 7.37764 29.1872 -4.69026 -6.30638 -9.9934 -23.7923 -0.744624 42.5021 -24.0183 7.02989 7.50344 2.98247 0 0 0 0.146799 2.4505 -2.22045e-16 0 0 0 0 0 2.384 303 53 0 0 0
./complex_md-fit_497.pdb BC A 7.58158 33.6622 -9.69079 -6.79134 -13.5582 -25.105 -0.674739 45.7475 -25.0721 4.87465 7.35401 3.28868 0 0 0 0.217391 2.47384 0.0229241 0 0 0 0 0.00546315 2.384 303 54 1 1 0
./complex_md-fit_498.pdb BC A 7.95972 30.3776 -12.9952 -5.60976 -13.8844 -23.0125 -0.536054 40.5481 -22.9475 1.76926 7.74049 2.65415 0 0 0 0.294682 2.05476 -0.0116737 0 0 0 0 0 2.384 303 52 0 0 0
./complex_md-fit_499.pdb BC A 6.61789 29.3655 -17.9685 -6.49213 -14.7023 -23.4219 -0.635362 40.8598 -23.7012 1.56574 7.26269 0.915971 0 0 0 0.389296 2.58148 -0.00915543 0 0 0 0 0 2.384 303 53 0 0 0
./complex_md-fit_49.pdb BC A 9.87709 33.504 -9.13038 -6.36251 -15.133 -23.8499 -1.10833 42.2104 -23.0181 5.35558 10.4057 2.20496 0 0 0 0.183004 2.18503 -0.0181784 0 0 0 0 0 2.384 303 51 0 0 0
./complex_md-fit_4.pdb BC A 7.93518 23.766 -4.73042 -4.93295 -14.0523 -24.7482 -1.19599 45.2133 -23.7537 7.12119 8.91565 2.17477 0 0 0 0.463316 3.61092 0.0442965 0 0 0 0 0.0202401 2.384 303 51 1 1 0
./complex_md-fit_500.pdb BC A 6.4733 37.5074 -12.9041 -7.97356 -12.2559 -24.1434 -0.543603 42.4161 -24.2625 5.05178 6.66017 1.89821 0 0 0 0.262289 2.41544 -0.0136974 0 0 0 0 0 2.384 303 51 0 0 0
./complex_md-fit_501.pdb BC A 8.18379 35.1621 -16.4967 -6.95266 -14.8684 -23.0951 -0.839413 39.1977 -23.2495 3.31962 7.10846 2.54921 0 0 0 0.348553 2.9655 -0.0151726 0 0 0 0 0 2.384 303 50 0 0 0
./complex_md-fit_502.pdb BC A 5.39144 32.9272 -12.7365 -7.27996 -12.1719 -23.6171 -0.568686 41.8472 -23.439 3.48905 6.76064 2.01279 0 0 0 0.280531 3.18996 -0.050066 0 0 0 0 0 2.384 303 49 0 0 0
./complex_md-fit_503.pdb BC A 6.07499 37.8257 -9.68081 -6.97523 -12.2551 -23.6472 -0.709535 41.7671 -23.6513 4.89121 8.32882 2.43241 0 0 0 0.147687 2.23637 -0.0147751 0 0 0 0 0.0050709 2.384 303 51 1 1 0
./complex_md-fit_504.pdb BC A 8.70604 33.8541 -18.0955 -8.22514 -15.792 -23.5917 -0.864956 41.7019 -23.7504 2.60187 7.42571 1.93228 0 0 0 0.466948 2.51521 0 0 0 0 0 0 2.384 303 49 0 0 0
./complex_md-fit_505.pdb BC A 8.21276 36.0677 -14.3664 -7.81464 -12.7304 -23.2051 -0.812928 39.0722 -23.4575 4.19999 7.80403 2.49599 0 0 0 0.0887814 2.01506 -0.0121235 0 0 0 0 0.00536256 2.384 303 53 0 0 0
./complex_md-fit_506.pdb BC A 8.0945 33.5765 -12.3982 -8.25328 -11.3372 -23.6772 -0.740189 41.1365 -23.711 4.39768 6.39456 2.94827 0 0 0 0.413222 2.33853 0.0242729 0 0 0 0 0.00622822 2.384 303 51 0 0 0
./complex_md-fit_507.pdb BC A 6.4463 28.6956 -13.3348 -8.61947 -11.5252 -23.6014 -0.831531 40.036 -23.627 4.09564 7.94266 2.17861 0 0 0 0.629603 1.96476 -0.0128499 0 0 0 0 0 2.384 303 51 0 0 0
./complex_md-fit_508.pdb BC A 7.65074 32.2967 -5.51593 -6.76916 -10.1017 -23.9861 -0.590518 41.8393 -23.9816 6.18153 7.96235 3.76097 0 0 0 0.225027 3.33275 -0.0559661 0 0 0 0 0 2.384 303 51 0 0 0
./complex_md-fit_509.pdb BC A 8.99275 37.1849 -12.8929 -7.69073 -12.4083 -25.2214 -0.867568 42.8897 -25.5 3.80111 8.39152 3.45747 0 0 0 0.261391 2.46083 -0.0128083 0 0 0 0 0.00666244 2.384 303 56 0 0 0
./complex_md-fit_50.pdb BC A 9.40539 28.3946 -13.0276 -5.4084 -13.6971 -23.159 -1.00869 39.4605 -23.0173 3.65372 7.10176 2.71178 0 0 0 0.322062 3.50882 0.00690807 0 0 0 0 0.00617503 2.384 303 50 0 0 0
./complex_md-fit_510.pdb BC A 8.34501 33.3975 -16.6979 -7.58071 -11.3376 -23.1455 -0.706399 38.6771 -23.706 2.31263 5.92711 2.49131 0 0 0 0.376145 2.33555 -0.0118677 0 0 0 0 0.00584978 2.384 303 51 0 0 0
./complex_md-fit_511.pdb BC A 9.29141 37.5768 -15.5312 -9.10122 -12.5219 -24.2977 -0.637617 41.7966 -24.5141 3.52048 6.74038 2.88189 0 0 0 0.638897 2.07944 -0.0369421 0 0 0 0 0 2.384 303 50 0 0 0
./complex_md-fit_512.pdb BC A 6.33151 33.3959 -13.441 -8.95739 -9.88465 -24.6295 -0.495359 42.2 -24.7838 3.87763 6.16829 2.60867 0 0 0 0.471936 2.31764 -0.016734 0 0 0 0 0 2.384 303 53 0 0 0
./complex_md-fit_513.pdb BC A 6.52152 27.7014 -11.219 -5.34542 -10.1212 -23.3535 -0.49192 40.7358 -23.2491 3.23482 5.33858 1.29632 0 0 0 0.749431 3.67926 -0.0157754 0 0 0 0 0.00297019 2.384 303 50 0 0 0
./complex_md-fit_514.pdb BC A 6.14945 39.8721 -15.5237 -5.52548 -10.5946 -22.4037 -0.531312 37.1215 -23.0367 1.56941 5.68056 1.5082 0 0 0 0.718306 1.99668 -0.0298736 0 0 0 0 0 2.384 303 51 0 0 0
./complex_md-fit_515.pdb BC A 6.72902 34.0199 -14.3818 -9.75495 -13.1517 -23.9427 -0.916199 40.3689 -24.4365 5.83211 8.26308 3.11976 0 0 0 0.231807 2.2977 -5.55112e-17 0 0 0 0 0.00457214 2.384 303 52 1 1 0
./complex_md-fit_516.pdb BC A 8.18161 34.5728 -18.3327 -8.02564 -13.6785 -23.4086 -0.69939 39.7143 -23.7428 1.51621 7.83864 1.84831 0 0 0 0.296198 3.37764 -0.0120578 0 0 0 0 0.0206744 2.384 303 52 0 0 0
./complex_md-fit_517.pdb BC A 7.74753 30.1757 -15.4649 -8.80418 -11.7985 -23.4275 -0.691985 39.1221 -23.8164 3.71585 7.74111 2.0385 0 0 0 0.432364 2.44512 0.0238166 0 0 0 0 0 2.384 303 51 0 0 0
./complex_md-fit_518.pdb BC A 7.23181 29.0869 -9.88403 -8.13991 -11.2611 -23.8128 -0.845327 41.3387 -23.6952 5.29678 8.38697 2.18134 0 0 0 0.689199 2.59923 -0.0226562 0 0 0 0 1.11022e-16 2.384 303 52 0 0 0
./complex_md-fit_519.pdb BC A 7.60491 30.0814 -14.3057 -8.02344 -11.8254 -24.5472 -0.616562 42.0715 -25.0913 3.13108 7.88998 2.54408 0 0 0 0.176033 2.33645 -0.0144465 0 0 0 0 0 2.384 303 52 0 0 0
./complex_md-fit_51.pdb BC A 8.64221 29.2571 -9.40458 -5.133 -12.3761 -23.4596 -1.03938 41.9988 -23.0552 2.55236 6.81102 3.84203 0 0 0 0.450259 2.44157 -0.00101138 0 0 0 0 0.00525457 2.384 303 51 0 0 0
./complex_md-fit_520.pdb BC A 11.0057 29.083 -17.1285 -6.17499 -13.5899 -23.2921 -0.726481 38.6194 -23.8546 1.83317 6.35853 3.24825 0 0 0 0.450112 1.8367 0 0 0 0 0 0 2.384 303 50 0 0 0
./complex_md-fit_521.pdb BC A 6.52114 27.4665 -16.4847 -9.14945 -11.9266 -24.7893 -0.752918 43.219 -25.1546 3.69623 6.34055 1.49406 0 0 0 0.552044 2.14074 -0.0522529 0 0 0 0 0.038445 2.384 303 55 0 0 0
./complex_md-fit_522.pdb BC A 7.81183 41.7047 -14.243 -7.91892 -12.4619 -24.4645 -0.897594 42.0055 -24.7314 3.22739 8.30246 2.45327 0 0 0 0.215621 2.31409 0 0 0 0 0 0.0270827 2.384 303 51 0 0 0
./complex_md-fit_523.pdb BC A 6.45871 37.613 -7.04984 -7.69817 -10.5203 -24.2549 -0.823373 43.3454 -23.9881 7.38752 6.07525 3.23204 0 0 0 0.175397 2.29828 0.0193664 0 0 0 0 0 2.384 303 53 1 1 0
./complex_md-fit_524.pdb BC A 7.28159 32.199 -21.809 -9.46635 -13.9871 -24.1649 -0.684344 40.0112 -24.7627 1.44796 7.21444 2.13057 0 0 0 0.463634 1.92716 -0.0115449 0 0 0 0 0 2.384 303 52 0 0 0
./complex_md-fit_525.pdb BC A 9.60026 30.2997 -14.212 -6.57415 -15.9758 -25.5162 -0.736557 44.2402 -25.8882 5.67977 8.16825 2.00575 0 0 0 0.39556 3.83676 -0.0107059 0 0 0 0 0 2.384 303 55 0 0 0
./complex_md-fit_526.pdb BC A 5.81557 40.1337 -16.5052 -8.75522 -13.658 -24.5994 -0.785003 40.8179 -25.4193 5.12382 8.18328 2.40892 0 0 0 0.15305 2.22088 0.024731 0 0 0 0 0 2.384 303 54 0 0 0
./complex_md-fit_527.pdb BC A 6.62165 25.2775 -19.4345 -9.37479 -16.2629 -23.4914 -0.891743 40.0256 -23.5693 2.77115 8.6795 2.31076 0 0 0 0.397569 2.55045 -0.0288935 0 0 0 0 0 2.384 303 53 0 0 0
./complex_md-fit_528.pdb BC A 6.24629 35.6784 -15.035 -8.62607 -15.0806 -23.8664 -0.732821 41.9223 -23.9923 4.35258 7.79247 2.8204 0 0 0 0.375386 2.58321 0 0 0 0 0 0 2.384 303 52 1 1 0
./complex_md-fit_529.pdb BC A 8.41606 35.2738 -14.4423 -8.67991 -13.7351 -24.422 -0.72075 42.5079 -25.0164 5.09929 7.09457 3.01438 0 0 0 0.451145 2.93046 -0.035426 0 0 0 0 0 2.384 303 52 0 0 0
./complex_md-fit_52.pdb BC A 8.18793 37.2294 -13.2051 -7.4642 -16.806 -25.1698 -1.01825 43.0009 -24.8261 5.26824 9.42595 3.93068 0 0 0 0.465413 2.80879 -0.0164957 0 0 0 0 0.00460433 2.384 303 50 0 0 0
./complex_md-fit_530.pdb BC A 6.58903 29.575 -14.1225 -7.29386 -12.9087 -25.1575 -0.832456 43.6703 -25.6405 2.65658 8.85905 1.65936 0 0 0 0.885814 2.22216 -0.0206703 0 0 0 0 0 2.384 303 51 0 0 0
./complex_md-fit_531.pdb BC A 7.24328 34.0797 -13.9777 -7.5595 -12.2377 -24.8978 -0.695373 41.8741 -25.8227 3.61963 8.03529 3.08526 0 0 0 0.621143 2.33167 0 0 0 0 0 0 2.384 303 53 1 1 0
./complex_md-fit_532.pdb BC A 8.18348 30.5713 -19.8928 -8.18635 -14.9522 -23.9093 -0.859821 40.3413 -24.504 0.869854 8.51205 2.54415 0 0 0 0.249597 2.36604 0 0 0 0 0 0.00195907 2.384 303 52 0 0 0
./complex_md-fit_533.pdb BC A 7.95362 34.6843 -18.9129 -9.908 -13.6765 -24.9537 -0.879836 42.315 -25.2418 3.12586 7.76299 2.22667 0 0 0 0.330968 1.81834 -0.0146155 0 0 0 0 0 2.384 303 53 0 0 0
./complex_md-fit_534.pdb BC A 7.42987 33.74 -18.1689 -8.77079 -15.6223 -24.7057 -0.539692 40.9893 -25.2512 2.84811 8.99834 3.44355 0 0 0 0.422503 3.42558 0.0189408 0 0 0 0 0 2.384 303 53 0 0 0
./complex_md-fit_535.pdb BC A 7.17376 37.3687 -18.803 -8.93396 -15.294 -24.4161 -0.802555 41.265 -24.7709 2.34199 9.05338 2.48019 0 0 0 0.2915 1.82095 -0.0175585 0 0 0 0 0 2.384 303 50 0 0 0
./complex_md-fit_536.pdb BC A 7.65681 36.4835 -15.0714 -8.59767 -13.8697 -24.5406 -0.655733 42.2089 -24.7951 2.13339 8.73968 3.80568 0 0 0 0.47642 2.27205 0 0 0 0 0 0.0233852 2.384 303 57 0 0 0
./complex_md-fit_537.pdb BC A 7.66501 37.5551 -17.8401 -8.70335 -14.3801 -23.7787 -0.874002 38.3948 -24.3773 4.27604 8.33788 2.93574 0 0 0 0.297268 2.2218 0.0179556 0 0 0 0 0.0136427 2.384 303 50 0 0 0
./complex_md-fit_538.pdb BC A 6.23939 36.8864 -15.2381 -9.00418 -12.6091 -23.9503 -0.676162 40.9932 -24.4361 2.36947 9.12599 2.65639 0 0 0 0.306645 1.89575 -0.0139731 0 0 0 0 0 2.384 303 53 0 0 0
./complex_md-fit_539.pdb BC A 8.02849 29.8473 -14.6227 -6.95171 -12.5139 -23.2643 -0.692736 39.1726 -23.9264 2.99081 7.71873 2.6221 0 0 0 0.260361 1.60093 -0.0383254 0 0 0 0 0 2.384 303 53 0 0 0
./complex_md-fit_53.pdb BC A 5.90846 34.1171 -8.87269 -5.35302 -12.9176 -23.1265 -0.897958 42.1216 -22.6671 4.66034 6.56849 2.65896 0 0 0 0.0954469 2.30676 -0.0235891 0 0 0 0 0.00823206 2.384 303 51 1 1 0
./complex_md-fit_540.pdb BC A 7.12771 26.0063 -19.9537 -7.43512 -13.9772 -23.6498 -0.594307 39.432 -23.704 1.07124 6.47801 1.98394 0 0 0 0.463453 3.39738 -0.0218941 0 0 0 0 0 2.384 303 47 0 0 0
./complex_md-fit_541.pdb BC A 8.02219 36.3037 -14.0369 -7.07644 -10.714 -23.9667 -0.649633 40.847 -24.2412 2.18453 7.22348 1.71573 0 0 0 0.640329 3.24201 5.55112e-17 0 0 0 0 0 2.384 303 51 0 0 0
./complex_md-fit_542.pdb BC A 8.91104 29.2844 -21.4393 -8.14963 -15.9973 -23.3296 -0.801547 38.1261 -23.871 1.97775 7.68966 2.60191 0 0 0 0.312579 3.19022 -0.0195337 0 0 0 0 0.0212818 2.384 303 48 0 0 0
./complex_md-fit_543.pdb BC A 8.64166 39.1515 -11.3182 -7.95591 -14.127 -24.4267 -0.901281 43.2346 -24.3557 4.54033 9.62972 2.65529 0 0 0 0.401256 3.74877 -0.0128116 0 0 0 0 0 2.384 303 50 0 0 0
./complex_md-fit_544.pdb BC A 8.41559 37.3185 -11.0582 -6.76313 -12.853 -24.0066 -0.933136 41.533 -23.7916 5.09294 6.84991 3.46138 0 0 0 0.347363 3.50235 -0.0149538 0 0 0 0 0.0196587 2.384 303 50 0 0 0
./complex_md-fit_545.pdb BC A 8.86008 37.1553 -14.0331 -7.06769 -14.0328 -23.9772 -0.731182 41.2053 -24.1585 4.01657 7.81594 2.16307 0 0 0 0.749056 3.6972 -0.0157052 0 0 0 0 0 2.384 303 55 0 0 0
./complex_md-fit_546.pdb BC A 10.29 37.1725 -15.6956 -7.06906 -14.3387 -22.9839 -0.864664 38.8504 -23.6397 4.18635 7.17634 2.38139 0 0 0 0.62457 1.99235 -0.0186354 0 0 0 0 0 2.384 303 51 0 0 0
./complex_md-fit_547.pdb BC A 8.1276 23.6431 -15.9084 -6.43171 -13.7547 -23.9534 -0.815526 41.1589 -24.0148 1.31532 7.42316 2.89445 0 0 0 0.284623 3.62382 -0.0147844 0 0 0 0 0 2.384 303 52 0 0 0
./complex_md-fit_548.pdb BC A 8.78268 23.2576 -21.2476 -9.11851 -17.0757 -23.1395 -0.917328 39.0654 -22.9602 2.26524 7.97562 2.63632 0 0 0 0.059924 1.85298 -0.0397475 0 0 0 0 0.000849964 2.384 303 51 0 0 0
./complex_md-fit_549.pdb BC A 6.05218 40.5215 -13.4557 -7.23041 -14.248 -24.3659 -0.722727 41.0616 -24.7128 5.29293 7.01896 3.99317 0 0 0 0.467858 2.25671 -0.0103904 0 0 0 0 0 2.384 303 56 0 0 0
./complex_md-fit_54.pdb BC A 11.8058 27.4709 -12.1723 -5.82867 -14.1894 -23.0661 -0.955399 38.5114 -22.5604 5.42428 6.69537 3.51393 0 0 0 0.244793 2.18702 0 0 0 0 0 0.0378212 2.384 303 49 0 0 0
./complex_md-fit_550.pdb BC A 7.60154 31.7558 -14.2799 -7.14622 -12.581 -24.1507 -0.674388 41.6446 -24.4604 3.47425 6.71347 2.73734 0 0 0 0.173548 2.10831 -0.0104756 0 0 0 0 0 2.384 303 52 0 0 0
./complex_md-fit_551.pdb BC A 8.18438 36.8833 -15.058 -6.91086 -10.5162 -23.704 -0.609783 39.2105 -24.2224 2.88599 5.91093 2.43133 0 0 0 0.45101 2.37914 0.0154214 0 0 0 0 0 2.384 303 53 0 0 0
./complex_md-fit_552.pdb BC A 7.3023 32.4721 -18.0742 -8.74254 -14.1972 -24.7502 -0.701018 41.5929 -24.9459 3.27349 7.21919 2.77001 0 0 0 0.422011 2.05078 -0.0149263 0 0 0 0 0 2.384 303 53 0 0 0
./complex_md-fit_553.pdb BC A 8.37586 34.4678 -16.7355 -10.1463 -12.9679 -24.4331 -0.631365 41.3276 -25.0961 4.5042 6.79225 3.41612 0 0 0 0.499025 2.17703 0 0 0 0 0 0 2.384 303 56 1 1 0
./complex_md-fit_554.pdb BC A 8.17641 30.3481 -17.7474 -9.28363 -10.931 -24.5169 -0.480342 40.3793 -25.0259 3.19835 6.58722 2.24766 0 0 0 0.134267 1.97064 -0.0563463 0 0 0 0 0 2.384 303 52 1 1 0
./complex_md-fit_555.pdb BC A 6.35371 28.0776 -11.912 -6.30774 -9.02138 -23.3333 -0.642724 40.1132 -24.1072 2.55926 6.97285 1.7185 0 0 0 0.153854 1.86801 -0.0172542 0 0 0 0 0 2.384 303 51 0 0 0
./complex_md-fit_556.pdb BC A 9.7638 37.2052 -15.2379 -8.6107 -11.7915 -24.1284 -0.686084 40.2874 -24.8653 3.58004 6.95848 3.67366 0 0 0 0.33893 3.3648 0 0 0 0 0 0.00561452 2.384 303 55 0 0 0
./complex_md-fit_557.pdb BC A 8.95859 34.7145 -12.149 -6.61119 -13.3305 -23.8651 -0.788844 40.5174 -24.2997 5.90089 6.84194 3.34525 0 0 0 0.140766 2.67874 1.66533e-16 0 0 0 0 0 2.384 303 49 1 1 0
./complex_md-fit_558.pdb BC A 8.93667 38.5747 -14.7034 -8.05035 -13.2504 -24.1295 -0.848821 42.9489 -24.0926 2.72912 7.43644 2.26973 0 0 0 0.287061 2.27416 -0.00955906 0 0 0 0 0.00649542 2.384 303 52 0 0 0
./complex_md-fit_559.pdb BC A 7.3898 40.7653 -16.8823 -7.94244 -11.9969 -23.3228 -0.604907 39.0451 -24.0418 0.845599 6.65164 3.91944 0 0 0 0.564779 3.48569 0 0 0 0 0 0 2.384 303 50 0 0 0
./complex_md-fit_55.pdb BC A 6.70589 34.1369 -12.8021 -5.568 -14.267 -22.9826 -1.05995 39.4925 -22.7001 4.63217 6.01182 3.09491 0 0 0 0.50425 2.01992 0.0238697 0 0 0 0 0.0159668 2.384 303 50 2 2 0
./complex_md-fit_560.pdb BC A 7.42581 33.2354 -17.5904 -8.45281 -13.6451 -24.3337 -0.959433 39.9628 -24.6377 4.33461 7.51516 2.29502 0 0 0 0.327491 2.95108 0 0 0 0 0 0.00321878 2.384 303 49 1 1 0
./complex_md-fit_561.pdb BC A 5.85553 36.6531 -1.44495 -5.6963 -7.76964 -21.9508 -0.688497 39.3764 -21.9171 8.40141 6.56223 2.05496 0 0 0 0.158416 1.78257 0.0239568 0 0 0 0 0 2.384 303 47 3 3 0
./complex_md-fit_562.pdb BC A 9.5601 33.2979 -17.0881 -7.80337 -15.6042 -23.7899 -0.771422 40.0671 -23.4593 4.19243 7.26643 2.61043 0 0 0 0.203702 3.54069 0 0 0 0 0 0 2.384 303 51 0 0 0
./complex_md-fit_563.pdb BC A 6.27544 32.46 -13.2717 -6.74644 -11.0122 -24.3653 -0.637841 42.0712 -24.2781 2.34976 6.96159 1.83378 0 0 0 0.578807 2.2058 -0.0370714 0 0 0 0 0.00998752 2.384 303 53 0 0 0
./complex_md-fit_564.pdb BC A 8.12805 27.496 -19.6914 -8.6636 -15.1187 -23.7344 -0.593439 38.9209 -24.1838 2.9634 8.40717 1.96803 0 0 0 0.343134 1.88644 0 0 0 0 0 0 2.384 303 47 0 0 0
./complex_md-fit_565.pdb BC A 6.82839 34.0237 -13.3255 -7.41413 -13.3876 -23.9325 -0.899823 40.8876 -23.6306 4.29773 7.69299 2.66306 0 0 0 0.397742 2.34025 0 0 0 0 0 0 2.384 303 53 1 1 0
./complex_md-fit_566.pdb BC A 12.6145 34.1992 -12.0219 -6.89732 -10.7734 -21.2414 -0.747956 36.9157 -21.3646 4.968 4.94236 1.84452 0 0 0 0.310993 1.68512 0.0211965 0 0 0 0 0 2.384 303 49 0 0 0
./complex_md-fit_567.pdb BC A 8.728 35.9975 -15.4522 -7.75925 -12.5521 -22.46 -0.740344 36.6124 -23.0686 4.16166 7.45176 2.08743 0 0 0 0.81489 1.85213 0 0 0 0 0 0 2.384 303 51 0 0 0
./complex_md-fit_568.pdb BC A 6.92175 32.3693 -10.2474 -6.30142 -12.2575 -23.4616 -0.684002 40.9633 -23.5925 4.60066 7.88073 2.35586 0 0 0 0.223948 2.28278 0.0251395 0 0 0 0 0 2.384 303 52 0 0 0
./complex_md-fit_569.pdb BC A 8.289 34.2815 -16.9161 -9.00506 -11.6451 -22.4153 -0.616025 37.7705 -22.912 2.37465 7.16805 1.98418 0 0 0 0.38 1.99162 -2.77556e-17 0 0 0 0 0 2.384 303 52 0 0 0
./complex_md-fit_56.pdb BC A 8.36554 30.6189 -12.1164 -6.79296 -14.9403 -22.861 -1.05803 40.0748 -22.0715 5.8965 7.72144 1.65741 0 0 0 0.257282 2.53331 0 0 0 0 0 0 2.384 303 50 2 2 0
./complex_md-fit_570.pdb BC A 9.09178 28.4039 -9.13367 -6.94298 -11.6693 -21.6974 -0.741081 38.1148 -21.3412 4.64225 6.88865 3.09778 0 0 0 0.49564 2.21413 0 0 0 0 0 0.0192345 2.384 303 49 2 2 0
./complex_md-fit_571.pdb BC A 8.39305 34.9288 -20.489 -9.4808 -13.2758 -22.7337 -0.740617 36.9905 -23.0982 2.07147 7.45071 2.05478 0 0 0 0.272635 2.58556 0 0 0 0 0 0 2.384 303 48 0 0 0
./complex_md-fit_572.pdb BC A 7.74655 29.9877 -14.8964 -7.44595 -12.0941 -23.7903 -0.61163 40.9795 -23.9575 2.66754 6.67777 2.11358 0 0 0 0.544061 2.17822 1.11022e-16 0 0 0 0 0.0206546 2.384 303 51 0 0 0
./complex_md-fit_573.pdb BC A 7.1991 37.2644 -8.76953 -7.38836 -9.72655 -22.424 -0.605067 38.8078 -22.5481 3.93302 8.32618 2.35547 0 0 0 0.474153 1.80386 0.0259095 0 0 0 0 0 2.384 303 51 0 0 0
./complex_md-fit_574.pdb BC A 8.41296 32.0619 -12.6114 -8.22214 -9.47604 -22.7119 -0.760334 40.1083 -23.0239 3.32826 5.96064 1.88913 0 0 0 0.296585 2.47742 0 0 0 0 0 0 2.384 303 52 0 0 0
./complex_md-fit_575.pdb BC A 6.82706 42.3552 -10.1313 -5.7045 -10.4759 -22.0905 -0.726832 38.1409 -22.1138 3.73933 7.59776 1.30161 0 0 0 0.18202 1.64654 0.018637 0 0 0 0 0 2.384 303 52 0 0 0
./complex_md-fit_576.pdb BC A 6.51302 31.9605 -13.1261 -10.8653 -13.0705 -23.6882 -0.687816 41.6075 -23.1095 3.53747 9.29526 3.35423 0 0 0 0.500675 2.11252 0 0 0 0 0 0 2.384 303 49 0 0 0
./complex_md-fit_577.pdb BC A 8.72356 40.7465 -9.26584 -5.769 -11.2435 -23.8647 -0.547918 42.1018 -23.9331 4.17619 6.50242 3.03584 0 0 0 0.263859 3.49611 0 0 0 0 0 0.0122839 2.384 303 50 0 0 0
./complex_md-fit_578.pdb BC A 7.84306 31.0938 -11.577 -6.42938 -11.9652 -24.2806 -0.447987 41.5873 -24.3026 3.7137 6.23082 4.06002 0 0 0 0.243583 2.20265 0 0 0 0 0 0.0132353 2.384 303 55 0 0 0
./complex_md-fit_579.pdb BC A 8.37151 35.0798 -12.0575 -7.24937 -11.2233 -22.3727 -0.374841 39.1105 -22.1164 3.14203 5.57043 3.13733 0 0 0 0.341301 2.58424 -0.0224876 0 0 0 0 0 2.384 303 50 0 0 0
./complex_md-fit_57.pdb BC A 6.62396 37.6761 -14.8916 -7.58515 -14.4845 -23.3682 -0.940751 39.1256 -23.0274 4.35904 7.4656 3.07243 0 0 0 0.504529 2.30932 -0.0128402 0 0 0 0 0 2.384 303 50 0 0 0
./complex_md-fit_580.pdb BC A 7.13507 30.779 -7.44371 -7.76032 -10.7282 -23.6457 -0.570947 41.8384 -23.5597 5.20164 8.15573 3.19291 0 0 0 0.441589 1.8514 -0.00903118 0 0 0 0 0 2.384 303 49 0 0 0
./complex_md-fit_581.pdb BC A 6.52475 37.106 -13.6015 -9.97642 -13.8947 -24.0793 -0.420851 40.7361 -23.8353 6.2057 8.13898 3.11065 0 0 0 0.39344 1.96868 0 0 0 0 0 0.0202792 2.384 303 48 1 1 0
./complex_md-fit_582.pdb BC A 6.40184 39.8877 -7.81427 -7.68633 -12.7279 -23.8898 -0.566432 43.4172 -23.4231 5.06496 8.11897 3.52438 0 0 0 0.364668 2.23331 -0.0109241 0 0 0 0 0 2.384 303 50 1 1 0
./complex_md-fit_583.pdb BC A 6.80785 33.4165 -13.5679 -6.9384 -11.0089 -24.2049 -0.628343 41.9944 -23.9845 1.48901 6.46468 2.80935 0 0 0 0.480298 3.08068 -0.0407211 0 0 0 0 0 2.384 303 51 0 0 0
./complex_md-fit_584.pdb BC A 9.08751 30.2701 -11.2465 -7.06134 -11.7794 -22.8664 -0.686017 40.25 -22.3791 3.02216 6.38093 3.55576 0 0 0 0.316852 1.84081 0 0 0 0 0 0 2.384 303 51 0 0 0
./complex_md-fit_585.pdb BC A 7.69953 32.9241 -10.9375 -8.24151 -11.063 -24.0475 -0.603532 40.396 -24.3099 5.04896 8.36352 3.16203 0 0 0 0.379213 2.37409 -0.0218081 0 0 0 0 0 2.384 303 50 1 1 0
./complex_md-fit_586.pdb BC A 7.58125 33.1947 -7.8451 -6.80538 -9.38544 -24.1065 -0.520431 41.1768 -24.4175 3.92861 7.1284 4.13811 0 0 0 1.04008 2.19804 -0.0217983 0 0 0 0 0 2.384 303 48 0 0 0
./complex_md-fit_587.pdb BC A 8.18035 43.4314 -18.8447 -7.88257 -14.4711 -24.6559 -0.739968 41.2472 -25.1988 2.7768 7.04786 2.66293 0 0 0 0.368815 2.02199 5.55112e-17 0 0 0 0 0 2.384 303 53 0 0 0
./complex_md-fit_588.pdb BC A 7.89206 36.6538 -10.1619 -6.16743 -10.7375 -24.4528 -0.613169 42.0467 -24.9064 3.90803 7.77538 2.55512 0 0 0 0.430084 2.22149 0 0 0 0 0 0 2.384 303 53 0 0 0
./complex_md-fit_589.pdb BC A 7.23795 29.2853 -13.8376 -7.99883 -11.5263 -24.0645 -0.697819 41.9459 -24.5545 2.80241 7.62592 2.31552 0 0 0 0.294238 2.46167 0.0204044 0 0 0 0 0 2.384 303 51 0 0 0
./complex_md-fit_58.pdb BC A 12.2116 29.342 -13.7415 -5.92014 -15.7454 -23.4831 -1.02272 40.5451 -23.2997 3.7952 6.69086 4.11588 0 0 0 0.596495 2.49754 -0.0139762 0 0 0 0 0 2.384 303 51 0 0 0
./complex_md-fit_590.pdb BC A 6.68325 40.8187 -14.1532 -7.49324 -12.626 -23.6754 -0.559296 42.569 -23.3992 1.61934 5.87506 3.29658 0 0 0 0.28843 3.11437 -0.0485301 0 0 0 0 0 2.384 303 55 0 0 0
./complex_md-fit_591.pdb BC A 6.51956 34.6483 -13.0053 -6.83298 -14.0621 -23.5528 -0.611199 43.0554 -22.989 3.00777 6.72658 1.99628 0 0 0 0.224946 2.82694 0.0318083 0 0 0 0 0 2.384 303 53 0 0 0
./complex_md-fit_592.pdb BC A 10.5828 32.5527 -7.52982 -6.44319 -9.73208 -22.6656 -0.651168 40.5486 -22.8091 5.58205 5.4878 2.7827 0 0 0 0.370173 2.16734 0 0 0 0 0 0 2.384 303 54 1 1 0
./complex_md-fit_593.pdb BC A 7.31142 40.2225 -10.5332 -6.41695 -13.129 -23.951 -0.463948 43.2789 -23.855 3.83658 7.94502 1.71343 0 0 0 0.518701 1.93501 -0.00982244 0 0 0 0 0 2.384 303 50 0 0 0
./complex_md-fit_594.pdb BC A 8.27911 31.2382 -4.79747 -4.09147 -9.81301 -24.0805 -0.391796 42.9112 -24.5765 6.06689 7.02126 2.02578 0 0 0 0.164727 2.24923 -0.0340768 0 0 0 0 0 2.384 303 55 0 0 0
./complex_md-fit_595.pdb BC A 9.77839 30.7807 -13.5616 -7.10489 -12.1227 -22.3303 -0.550051 38.728 -22.2996 1.20256 7.47793 3.19476 0 0 0 0.233775 2.19605 0 0 0 0 0 0.00892774 2.384 303 49 0 0 0
./complex_md-fit_596.pdb BC A 8.04456 32.3248 -11.4652 -6.7179 -10.3656 -22.2819 -0.672599 39.5922 -22.3071 3.06682 4.97332 2.95808 0 0 0 0.289506 1.89195 0 0 0 0 0 0 2.384 303 51 0 0 0
./complex_md-fit_597.pdb BC A 6.86707 39.6222 -12.9452 -7.55921 -10.4418 -25.5794 -0.681346 44.1372 -26.208 3.29199 6.34637 3.31815 0 0 0 0.422748 2.43429 0.0037333 0 0 0 0 0.00447839 2.384 303 54 0 0 0
./complex_md-fit_598.pdb BC A 5.92901 31.1805 -14.0572 -10.35 -11.0775 -25.8334 -0.533089 43.8821 -26.4287 6.02295 6.91417 2.96958 0 0 0 0.369993 1.88051 0 0 0 0 0 0.00669149 2.384 303 53 1 1 0
./complex_md-fit_599.pdb BC A 7.06983 35.5069 -15.4933 -9.24323 -12.6931 -24.146 -0.601785 41.6689 -24.3106 3.39638 7.63475 2.56328 0 0 0 0.237138 3.40022 1.38778e-17 0 0 0 0 0.000951357 2.384 303 53 0 0 0
./complex_md-fit_59.pdb BC A 9.01527 35.9476 -10.9236 -6.23071 -12.5942 -25.3257 -0.909052 42.8511 -25.0357 5.65096 7.73255 2.65674 0 0 0 0.28052 2.74903 0 0 0 0 0 0 2.384 303 48 1 1 0
./complex_md-fit_5.pdb BC A 6.50605 33.5597 -11.6928 -6.36474 -17.4091 -24.0122 -1.39282 42.8613 -23.6476 7.11155 9.08156 1.99569 0 0 0 0.0472047 3.35858 0.0363976 0 0 0 0 0 2.384 303 49 2 2 0
./complex_md-fit_600.pdb BC A 6.75836 41.5643 -14.7897 -8.14684 -12.0864 -24.3876 -0.532543 41.1832 -24.7782 2.62609 8.65323 2.16356 0 0 0 0.515882 2.214 0 0 0 0 0 0 2.384 303 53 0 0 0
./complex_md-fit_601.pdb BC A 8.83237 43.7421 -19.6168 -9.99202 -14.4608 -24.7681 -0.715946 42.5392 -24.7259 2.48084 7.76921 2.0725 0 0 0 0.184245 2.23579 -5.55112e-17 0 0 0 0 0 2.384 303 54 0 0 0
./complex_md-fit_602.pdb BC A 7.22314 34.1881 -6.07564 -6.67246 -9.56979 -24.5735 -0.581428 43.2163 -24.6521 4.64835 7.52466 3.80478 0 0 0 0.744997 1.98597 0.034568 0 0 0 0 0 2.384 303 50 0 0 0
./complex_md-fit_603.pdb BC A 9.79831 32.3316 -12.753 -7.7181 -12.1483 -24.3559 -0.549703 42.0845 -24.6869 3.81856 7.82693 2.69499 0 0 0 0.264698 3.03291 0.0162334 0 0 0 0 0 2.384 303 52 1 1 0
./complex_md-fit_604.pdb BC A 6.69998 40.4326 -13.6754 -8.66549 -13.3886 -24.6324 -0.671124 43.2081 -24.6457 2.41738 8.12693 3.86627 0 0 0 0.659447 2.35066 0.0192335 0 0 0 0 0.0304623 2.384 303 51 0 0 0
./complex_md-fit_605.pdb BC A 5.57057 28.8449 -10.0348 -8.78548 -11.3575 -24.7355 -0.619928 43.1389 -24.9919 4.98737 8.13386 3.92702 0 0 0 0.240422 3.02601 0 0 0 0 0 0.0280174 2.384 303 51 0 0 0
./complex_md-fit_606.pdb BC A 8.54582 31.6 -8.42539 -6.31307 -13.2832 -23.3942 -0.699057 41.2402 -23.4593 7.32993 8.19185 1.0225 0 0 0 0.938962 2.46933 5.55112e-17 0 0 0 0 0 2.384 303 51 3 3 0
./complex_md-fit_607.pdb BC A 6.07402 33.496 -5.1838 -4.78715 -8.41806 -22.8384 -0.348175 40.4874 -23.0307 5.29674 5.48127 2.84484 0 0 0 0.128479 3.45577 0 0 0 0 0 0 2.384 303 55 2 2 0
./complex_md-fit_608.pdb BC A 10.9755 40.132 -11.5855 -7.14887 -11.1803 -24.0487 -0.725927 41.3397 -24.4974 4.23054 8.11978 1.99176 0 0 0 0.311558 2.64285 0.0223781 0 0 0 0 0 2.384 303 51 0 0 0
./complex_md-fit_609.pdb BC A 7.42344 40.9103 -11.1489 -6.99508 -9.39371 -24.2714 -0.490248 41.4709 -24.5948 4.84015 6.2695 1.50302 0 0 0 0.454139 2.27407 0.0331216 0 0 0 0 0.0254561 2.384 303 54 1 1 0
./complex_md-fit_60.pdb BC A 7.30169 28.5335 -8.91631 -7.29256 -13.4994 -23.6072 -1.13047 42.2589 -22.8995 6.9264 6.78094 3.23997 0 0 0 0.318323 3.05302 -0.0117832 0 0 0 0 0 2.384 303 52 2 2 0
./complex_md-fit_610.pdb BC A 7.80466 42.0205 -13.3882 -11.3404 -12.681 -24.9922 -0.580489 43.083 -25.2499 4.72942 9.16403 3.85519 0 0 0 0.619191 1.82122 0 0 0 0 0 0.0050537 2.384 303 53 0 0 0
./complex_md-fit_611.pdb BC A 6.27905 33.3873 -6.40097 -6.89296 -7.86405 -24.9941 -0.683729 44.1141 -25.1585 5.3116 7.00409 2.57158 0 0 0 0.165381 2.36761 0 0 0 0 0 0.0255684 2.384 303 52 1 1 0
./complex_md-fit_612.pdb BC A 7.99116 34.2211 -13.0922 -8.85529 -11.3645 -24.0021 -0.610075 42.4824 -24.3815 4.90395 6.30222 2.01642 0 0 0 0.3861 2.34056 0.0302259 0 0 0 0 0 2.384 303 53 0 0 0
./complex_md-fit_613.pdb BC A 7.91433 32.867 -9.6986 -8.14423 -10.6697 -24.319 -0.651434 44.1256 -24.5844 4.65526 7.75516 1.7255 0 0 0 0.387175 3.51149 0.0214267 0 0 0 0 0 2.384 303 53 0 0 0
./complex_md-fit_614.pdb BC A 9.4725 33.8954 -14.8448 -9.05435 -12.5887 -24.2107 -0.916964 42.3674 -24.2941 5.30971 5.74143 2.66048 0 0 0 0.14106 2.26976 0 0 0 0 0 0 2.384 303 51 0 0 0
./complex_md-fit_615.pdb BC A 12.4619 36.1983 -15.3166 -8.60147 -13.2722 -25.0752 -0.646641 43.5657 -25.496 3.11443 8.58022 2.25002 0 0 0 0.183467 2.1904 0.0236378 0 0 0 0 0.0573587 2.384 303 55 0 0 0
./complex_md-fit_616.pdb BC A 9.1493 38.9171 -21.0205 -9.85773 -14.6486 -24.5189 -0.658854 41.9182 -24.676 1.98206 6.37389 2.49063 0 0 0 0.554948 2.12848 0.0198133 0 0 0 0 0 2.384 303 54 0 0 0
./complex_md-fit_617.pdb BC A 8.2398 34.1569 -12.1786 -8.62916 -11.2119 -23.2703 -0.784033 41.0513 -23.4738 3.8472 6.54181 3.42089 0 0 0 0.309048 1.95761 0.0203528 0 0 0 0 0 2.384 303 51 2 2 0
./complex_md-fit_618.pdb BC A 10.7693 34.5474 -11.0463 -6.40077 -12.7589 -23.1744 -0.849257 40.3676 -23.234 5.43064 6.96456 2.25521 0 0 0 0.327538 2.60545 0.0255039 0 0 0 0 0 2.384 303 54 0 0 0
./complex_md-fit_619.pdb BC A 6.03118 36.1896 -15.0004 -9.92666 -11.5326 -23.5499 -0.746541 40.4666 -24.0214 2.68475 8.48574 2.56089 0 0 0 0.464915 2.05568 0.100375 0 0 0 0 0.0133843 2.384 303 53 0 0 0
./complex_md-fit_61.pdb BC A 8.10368 37.6256 -10.1249 -6.5942 -13.2709 -23.851 -0.916214 40.4404 -23.7173 7.69 5.82073 4.07522 0 0 0 0.198367 2.31768 0 0 0 0 0 0 2.384 303 49 1 1 0
./complex_md-fit_620.pdb BC A 8.97694 39.583 -10.7081 -7.21399 -11.2602 -24.132 -0.422188 43.0144 -24.3134 4.42532 6.97563 1.94328 0 0 0 0.310967 2.98508 -0.0359187 0 0 0 0 0 2.384 303 52 0 0 0
./complex_md-fit_621.pdb BC A 6.84386 28.485 -13.9028 -9.52653 -13.5222 -25.2293 -0.609393 43.3784 -25.1026 4.92264 7.32392 4.0169 0 0 0 0.445308 2.12179 -5.55112e-17 0 0 0 0 0 2.384 303 56 1 1 0
./complex_md-fit_622.pdb BC A 7.09134 37.33 -9.83293 -7.4788 -12.2891 -23.1382 -0.977453 40.4571 -22.7147 5.65469 7.84254 2.41356 0 0 0 0.397415 2.12364 0 0 0 0 0 0 2.384 303 52 1 1 0
./complex_md-fit_623.pdb BC A 8.53687 39.9703 -15.8279 -8.39087 -12.4446 -23.1234 -0.647474 39.729 -23.0876 1.87232 6.09233 3.85655 0 0 0 0.272294 1.87233 0.0375071 0 0 0 0 0.00605424 2.384 303 58 0 0 0
./complex_md-fit_624.pdb BC A 11.666 30.8254 -13.926 -7.81614 -11.5788 -21.7784 -0.882295 37.7561 -21.0556 3.77623 5.89536 1.5204 0 0 0 0.237116 1.83834 1.11022e-16 0 0 0 0 0 2.384 303 51 0 0 0
./complex_md-fit_625.pdb BC A 11.5465 43.2569 -14.3917 -7.53499 -13.2141 -21.9823 -0.985569 38.3412 -21.1433 2.83943 6.3146 2.47981 0 0 0 0.426364 1.66788 0.0672746 0 0 0 0 0 2.384 303 52 0 0 0
./complex_md-fit_626.pdb BC A 7.00568 41.944 -7.6636 -5.90154 -13.0731 -23.9221 -1.05936 42.2522 -23.3106 5.03221 8.84832 3.07703 0 0 0 0.393248 2.20138 0 0 0 0 0 0 2.384 303 56 0 0 0
./complex_md-fit_627.pdb BC A 8.11569 33.2109 -14.5316 -7.83153 -14.4184 -23.752 -0.718664 39.9805 -23.9066 4.91136 8.36262 2.68593 0 0 0 0.155048 2.05384 0 0 0 0 0 0 2.384 303 56 0 0 0
./complex_md-fit_628.pdb BC A 10.2444 36.6876 -10.3977 -6.98091 -12.3915 -23.0005 -0.834292 39.8432 -23.2066 4.73373 7.42487 3.47485 0 0 0 0.501661 1.78539 0.0253737 0 0 0 0 0.012431 2.384 303 54 0 0 0
./complex_md-fit_629.pdb BC A 6.05115 41.3709 -12.344 -5.72915 -10.584 -22.9514 -0.732212 38.7895 -22.8553 2.67983 6.25614 1.76305 0 0 0 0.907002 2.06943 0.0988921 0 0 0 0 0.0137214 2.384 303 54 0 0 0
./complex_md-fit_62.pdb BC A 7.05838 32.6552 -11.3673 -5.94326 -11.48 -22.3815 -0.837474 38.9631 -21.9561 4.10209 5.96921 1.94363 0 0 0 0.300674 2.41838 -0.0475508 0 0 0 0 0 2.384 303 47 1 1 0
./complex_md-fit_630.pdb BC A 7.82975 38.7486 -11.9569 -6.3053 -12.4113 -21.5589 -0.834508 36.3634 -21.5334 5.14078 6.52532 2.06006 0 0 0 0.597032 3.0662 0 0 0 0 0 0 2.384 303 49 0 0 0
./complex_md-fit_631.pdb BC A 7.18445 39.1344 -13.0367 -6.86432 -14.0481 -22.7987 -0.969615 39.907 -22.4513 4.46119 7.37738 1.77362 0 0 0 0.576151 1.67166 0 0 0 0 0 0 2.384 303 52 0 0 0
./complex_md-fit_632.pdb BC A 10.6674 34.292 -15.764 -6.16252 -15.9216 -23.6084 -0.8506 40.838 -23.6279 4.19305 6.6249 2.21947 0 0 0 0.531554 1.54337 0 0 0 0 0 0 2.384 303 55 0 0 0
./complex_md-fit_633.pdb BC A 7.38085 34.5379 -12.672 -6.60362 -12.9815 -23.1657 -0.769778 39.2751 -23.1364 4.95793 7.11518 2.37338 0 0 0 0.26341 2.00692 0 0 0 0 0 0 2.384 303 54 0 0 0
./complex_md-fit_634.pdb BC A 7.00713 40.336 -13.6256 -6.09511 -15.0655 -24.0204 -0.959961 41.5754 -23.993 3.85916 8.1864 2.37254 0 0 0 0.487949 2.45061 0.0268843 0 0 0 0 0 2.384 303 52 0 0 0
./complex_md-fit_635.pdb BC A 8.99815 30.5863 -4.01717 -5.76046 -12.1882 -21.8885 -0.993626 39.2573 -21.5555 7.65346 8.01084 3.06738 0 0 0 0.354965 1.87404 0.0252072 0 0 0 0 0 2.384 303 51 1 1 0
./complex_md-fit_636.pdb BC A 10.9261 31.0474 -13.5023 -6.44501 -15.7113 -23.2596 -0.989554 39.3744 -22.9093 5.5083 8.26237 2.40862 0 0 0 0.258882 2.03628 -5.55112e-17 0 0 0 0 0 2.384 303 52 0 0 0
./complex_md-fit_637.pdb BC A 8.63585 33.0516 -9.24533 -5.82883 -15.2388 -23.2917 -1.14829 42.8665 -22.159 4.12403 8.0266 2.8986 0 0 0 0.465797 2.02602 0.021015 0 0 0 0 0.0187952 2.384 303 52 0 0 0
./complex_md-fit_638.pdb BC A 7.44933 35.9836 -11.4029 -6.88067 -13.9284 -24.0251 -0.932554 41.7169 -23.4785 2.47013 10.1425 3.24427 0 0 0 0.26857 1.89793 0 0 0 0 0 0 2.384 303 51 0 0 0
./complex_md-fit_639.pdb BC A 7.44816 29.0216 -14.09 -6.29539 -15.6945 -22.3341 -0.99414 38.6609 -22.2354 2.94428 8.69774 2.82702 0 0 0 0.333585 2.06712 0 0 0 0 0 0 2.384 303 51 0 0 0
./complex_md-fit_63.pdb BC A 6.39941 34.0012 -10.3338 -6.12473 -14.6895 -23.7659 -1.0712 41.9939 -22.9445 3.98863 7.92181 3.47723 0 0 0 0.895925 2.58085 -0.0154042 0 0 0 0 0 2.384 303 52 1 1 0
./complex_md-fit_640.pdb BC A 6.81117 33.9289 -14.0108 -5.11981 -13.8128 -21.6297 -0.78799 36.418 -21.6529 3.63413 6.04564 1.98167 0 0 0 0.890839 1.87244 0.0221617 0 0 0 0 0 2.384 303 53 0 0 0
./complex_md-fit_641.pdb BC A 7.73811 31.2064 -9.66933 -5.786 -12.4464 -23.0711 -0.904229 39.7872 -22.9417 7.05476 6.31335 2.02899 0 0 0 0.295784 1.86261 5.55112e-17 0 0 0 0 0 2.384 303 54 0 0 0
./complex_md-fit_642.pdb BC A 8.48085 36.553 -18.4818 -6.89454 -15.8168 -22.1472 -0.979044 36.8579 -22.2257 2.91356 7.29224 1.76274 0 0 0 0.732631 1.96625 0.0223547 0 0 0 0 0 2.384 303 48 0 0 0
./complex_md-fit_643.pdb BC A 7.27112 37.0521 -11.2916 -6.16214 -12.2913 -22.6462 -0.800549 39.1637 -22.2717 4.74497 6.00949 2.52907 0 0 0 0.433072 1.81872 0 0 0 0 0 0 2.384 303 52 0 0 0
./complex_md-fit_644.pdb BC A 6.87004 36.3645 -14.0568 -5.50753 -12.662 -22.8256 -0.911745 39.0239 -22.8002 3.39064 6.98227 1.00175 0 0 0 0.223243 2.04551 0.0285901 0 0 0 0 0 2.384 303 52 0 0 0
./complex_md-fit_645.pdb BC A 8.86124 36.9491 -9.77135 -5.02757 -11.9207 -22.5038 -0.811115 38.9716 -22.2808 3.87561 5.98424 2.71202 0 0 0 1.22914 1.79263 0 0 0 0 0 0 2.384 303 51 0 0 0
./complex_md-fit_646.pdb BC A 9.20691 35.6548 -16.2012 -6.12079 -15.3683 -21.7634 -1.02841 37.3159 -21.1279 2.67399 7.33581 1.58643 0 0 0 0.275963 2.06387 0.0194524 0 0 0 0 0 2.384 303 52 0 0 0
./complex_md-fit_647.pdb BC A 7.91632 39.2874 -13.4284 -5.54376 -12.9858 -22.4281 -0.882741 38.3053 -22.3202 2.80406 6.50064 2.58078 0 0 0 0.536783 1.95608 0 0 0 0 0 0.00468629 2.384 303 53 0 0 0
./complex_md-fit_648.pdb BC A 7.70489 38.5771 -12.0748 -6.69516 -9.9758 -22.4269 -0.670671 38.064 -22.7024 3.75463 6.12765 2.26116 0 0 0 0.168663 2.26223 0.0200138 0 0 0 0 0 2.384 303 52 0 0 0
./complex_md-fit_649.pdb BC A 6.67249 30.4425 -4.75635 -4.22194 -10.8528 -22.37 -0.764633 40.301 -21.7987 6.20378 6.41177 2.20491 0 0 0 0.130293 2.77834 0 0 0 0 0 0 2.384 303 53 1 1 0
./complex_md-fit_64.pdb BC A 10.2983 32.2362 -6.54701 -4.78163 -13.603 -22.9244 -0.973555 40.4754 -22.1739 7.54851 6.44344 2.6317 0 0 0 0.810356 2.50709 0 0 0 0 0 0 2.384 303 52 2 2 0
./complex_md-fit_650.pdb BC A 7.42348 28.632 -6.24276 -4.80936 -9.89868 -22.7866 -0.91693 39.4023 -22.5315 6.73755 6.54692 1.91755 0 0 0 0.0766893 1.83344 0.0192037 0 0 0 0 0 2.384 303 53 1 1 0
./complex_md-fit_651.pdb BC A 7.54446 27.9245 -13.7064 -5.69122 -14.5216 -22.9335 -0.952607 40.6844 -22.7049 2.75687 7.16895 2.27383 0 0 0 0.213424 2.52556 6.93889e-18 0 0 0 0 0 2.384 303 53 0 0 0
./complex_md-fit_652.pdb BC A 8.91117 33.7335 -10.4604 -5.64464 -15.2144 -21.9721 -0.755323 40.3353 -21.2362 4.69259 7.47944 1.57482 0 0 0 0.252198 1.6555 0.0279367 0 0 0 0 0 2.384 303 55 1 1 0
./complex_md-fit_653.pdb BC A 8.26282 28.1554 -12.0691 -5.73735 -16.2154 -23.6753 -0.928979 41.7451 -23.3106 5.02051 8.3525 2.10084 0 0 0 0.553219 2.64142 0.0263983 0 0 0 0 0 2.384 303 52 0 0 0
./complex_md-fit_654.pdb BC A 8.66237 39.5443 -12.4162 -5.45777 -15.8619 -22.3275 -0.753747 40.5521 -21.7507 3.60047 8.09521 1.20119 0 0 0 0.257085 2.75519 0.0223148 0 0 0 0 0.00707136 2.384 303 51 0 0 0
./complex_md-fit_655.pdb BC A 7.37154 34.6142 -11.8058 -6.66076 -13.6507 -23.1972 -0.685647 39.6801 -22.6572 4.80832 8.00835 2.29342 0 0 0 0.255489 2.13723 0 0 0 0 0 0 2.384 303 54 0 0 0
./complex_md-fit_656.pdb BC A 8.03709 39.505 -11.5949 -7.69803 -11.0885 -21.2084 -0.788814 35.1841 -21.024 5.47418 7.77888 1.48284 0 0 0 0.279877 1.84293 -5.55112e-17 0 0 0 0 0.0129076 2.384 303 49 0 0 0
./complex_md-fit_657.pdb BC A 6.89512 29.3519 -8.37891 -6.11122 -11.6216 -23.1683 -0.716947 39.6199 -23.4919 6.71265 6.99438 3.2217 0 0 0 0.182478 1.941 0 0 0 0 0 0 2.384 303 53 1 1 0
./complex_md-fit_658.pdb BC A 10.4331 30.6813 -9.65084 -8.26135 -9.87002 -20.8722 -0.825781 36.5071 -20.9517 5.3111 6.26712 2.62114 0 0 0 0.423839 1.54491 0 0 0 0 0 0 2.384 303 50 1 1 0
./complex_md-fit_659.pdb BC A 8.62966 46.9895 -12.1733 -6.17515 -14.8589 -21.7379 -0.959254 36.6751 -21.559 7.08517 6.67039 1.98358 0 0 0 0.675972 1.94848 0.0190404 0 0 0 0 0.0076994 2.384 303 54 1 1 0
./complex_md-fit_65.pdb BC A 9.81015 31.0299 -13.2338 -7.80983 -16.5745 -24.8344 -0.975615 43.1136 -24.5231 4.93477 9.98383 2.79973 0 0 0 0.651801 2.61227 -5.55112e-17 0 0 0 0 0 2.384 303 50 0 0 0
./complex_md-fit_660.pdb BC A 7.16462 29.6169 -11.7835 -5.15308 -13.465 -21.6262 -0.650746 36.5439 -21.5255 5.21592 7.07225 1.61008 0 0 0 0.194755 2.73416 0 0 0 0 0 0 2.384 303 53 1 1 0
./complex_md-fit_661.pdb BC A 8.51066 36.1068 -11.294 -5.81185 -13.1811 -22.36 -0.96852 38.9625 -22.1239 4.85152 7.34821 1.80322 0 0 0 0.185996 1.91787 0 0 0 0 0 0 2.384 303 55 0 0 0
./complex_md-fit_662.pdb BC A 12.1762 37.1385 -9.61417 -5.70315 -11.9251 -22.1283 -0.946644 37.044 -22.0087 6.26505 6.79198 2.15723 0 0 0 0.797752 2.64598 0.0216098 0 0 0 0 0.0201602 2.384 303 55 2 2 0
./complex_md-fit_663.pdb BC A 6.85786 36.4397 -15.7172 -8.30337 -18.4081 -24.0925 -1.00114 42.7034 -23.602 4.6903 8.97624 2.77323 0 0 0 0.546769 2.3287 5.55112e-17 0 0 0 0 0 2.384 303 54 0 0 0
./complex_md-fit_664.pdb BC A 8.06536 40.3203 -8.17777 -3.55777 -14.7775 -21.7124 -1.15411 39.6561 -21.3658 4.8065 7.83683 1.89763 0 0 0 0.192738 1.7108 0 0 0 0 0 0 2.384 303 54 0 0 0
./complex_md-fit_665.pdb BC A 7.9749 45.1912 -11.509 -6.8304 -13.527 -22.2721 -0.941044 38.9189 -21.812 4.3533 7.49145 2.09215 0 0 0 0.986699 2.03082 0.0310089 0 0 0 0 0 2.384 303 51 0 0 0
./complex_md-fit_666.pdb BC A 7.43341 36.7187 -16.7883 -8.95755 -16.6726 -22.5168 -1.08949 39.5192 -21.8971 4.85154 6.92409 2.32428 0 0 0 0.697031 1.86921 0 0 0 0 0 0.0291011 2.384 303 52 0 0 0
./complex_md-fit_667.pdb BC A 8.67982 38.1875 -13.7634 -6.86275 -12.8537 -22.502 -0.615069 36.974 -22.2472 5.00321 5.52714 2.66517 0 0 0 1.15722 1.90134 -0.00938751 0 0 0 0 0 2.384 303 52 0 0 0
./complex_md-fit_668.pdb BC A 6.31316 41.965 -12.6206 -6.91208 -12.8251 -22.4088 -0.92782 38.5048 -22.4209 3.92074 7.50881 2.4634 0 0 0 0.46976 2.91578 0 0 0 0 0 0.00658802 2.384 303 53 0 0 0
./complex_md-fit_669.pdb BC A 7.46787 30.7001 -13.4019 -6.40083 -13.884 -22.0501 -0.954752 37.7297 -22.2578 4.81255 7.30374 1.84888 0 0 0 0.450703 2.23025 0 0 0 0 0 0 2.384 303 50 2 2 0
./complex_md-fit_66.pdb BC A 7.56681 39.8752 -11.4421 -5.56914 -13.6742 -23.7519 -1.05179 41.6672 -23.4038 3.46045 7.07487 3.26822 0 0 0 0.515767 2.43349 0.0222296 0 0 0 0 0 2.384 303 50 1 1 0
./complex_md-fit_670.pdb BC A 8.55111 23.228 -15.6132 -6.23105 -13.3318 -22.9135 -0.938158 38.568 -23.0096 3.03451 6.533 2.44274 0 0 0 0.205058 1.84646 0.0276565 0 0 0 0 0 2.384 303 51 0 0 0
./complex_md-fit_671.pdb BC A 8.31506 32.2749 -17.2308 -8.13287 -14.2664 -22.415 -0.606229 37.6758 -22.7536 3.22404 6.94358 2.9305 0 0 0 0.16949 1.92919 -2.77556e-17 0 0 0 0 0 2.384 303 53 0 0 0
./complex_md-fit_672.pdb BC A 8.6363 33.0012 -17.8975 -8.06504 -12.3972 -21.2184 -0.563683 35.1929 -21.6445 2.8248 6.67986 0.841014 0 0 0 0.44661 1.63122 -4.16334e-17 0 0 0 0 0.00616997 2.384 303 54 0 0 0
./complex_md-fit_673.pdb BC A 8.28167 44.3514 -7.11583 -6.81145 -13.8322 -22.9376 -0.869419 41.0084 -22.641 6.13184 8.38818 3.87535 0 0 0 0.548583 2.0459 0.0235603 0 0 0 0 0 2.384 303 54 1 1 0
./complex_md-fit_674.pdb BC A 9.30164 33.2031 -10.5855 -5.1448 -12.0155 -22.9349 -0.870241 39.9181 -22.7928 3.46531 7.03637 2.28067 0 0 0 0.446732 1.75015 0.0255252 0 0 0 0 0 2.384 303 50 0 0 0
./complex_md-fit_675.pdb BC A 8.12527 31.0476 -8.26898 -5.39274 -12.175 -22.8712 -0.928583 40.9146 -22.4349 3.84491 7.60514 2.5096 0 0 0 0.624425 1.60238 0.0347351 0 0 0 0 0 2.384 303 53 0 0 0
./complex_md-fit_676.pdb BC A 7.75651 35.596 -13.3151 -5.32715 -16.7311 -23.3003 -1.1746 40.9602 -22.7903 4.38995 8.01876 2.17809 0 0 0 0.454956 2.06297 0 0 0 0 0 0.0063863 2.384 303 52 1 1 0
./complex_md-fit_677.pdb BC A 7.60315 27.4056 -9.94319 -6.5232 -14.2025 -23.1816 -0.951329 40.5957 -22.8823 3.83137 9.25375 3.62756 0 0 0 0.489343 2.08958 0 0 0 0 0 0 2.384 303 51 1 1 0
./complex_md-fit_678.pdb BC A 7.56215 28.625 -13.5002 -5.75924 -17.6194 -24.5014 -0.966773 44.122 -24.3714 4.94821 8.7824 1.48466 0 0 0 0.380771 2.01782 0 0 0 0 0 0 2.384 303 53 0 0 0
./complex_md-fit_679.pdb BC A 8.21132 36.9554 -12.2865 -5.81919 -13.6114 -23.155 -0.725481 40.3196 -22.7508 4.69382 7.18651 1.12892 0 0 0 0.44613 2.33345 -5.55112e-17 0 0 0 0 0.000293316 2.384 303 56 1 1 0
./complex_md-fit_67.pdb BC A 7.86229 31.7813 -12.4431 -8.17695 -16.6238 -24.0056 -1.2101 41.2803 -23.1881 5.71062 8.69429 4.59947 0 0 0 0.502518 2.52241 -0.0257603 0 0 0 0 0 2.384 303 53 2 2 0
./complex_md-fit_680.pdb BC A 8.31646 32.0594 -9.45031 -5.62362 -14.8743 -23.5435 -1.12026 42.0248 -22.838 4.7509 8.97304 2.37186 0 0 0 0.428703 1.83424 -1.11022e-16 0 0 0 0 0 2.384 303 50 0 0 0
./complex_md-fit_681.pdb BC A 6.58941 35.6188 -6.85117 -6.18027 -11.8098 -23.0918 -1.03569 42.046 -22.7161 5.07775 8.08711 2.05857 0 0 0 0.677373 1.88076 0.0279269 0 0 0 0 0.00772008 2.384 303 53 1 1 0
./complex_md-fit_682.pdb BC A 8.73625 28.2919 -11.48 -7.24423 -13.3092 -23.5034 -1.08675 40.6918 -23.3293 4.89775 7.93913 2.81263 0 0 0 0.628401 1.99045 0.0231997 0 0 0 0 0 2.384 303 50 1 1 0
./complex_md-fit_683.pdb BC A 7.31757 31.9851 -12.38 -5.649 -14.8008 -22.9874 -1.09342 41.5611 -22.4189 2.82162 8.53697 1.23908 0 0 0 0.381465 1.93316 0.0222749 0 0 0 0 0.00702829 2.384 303 53 0 0 0
./complex_md-fit_684.pdb BC A 8.12283 36.0444 0.981334 -5.22602 -8.6567 -22.3763 -0.882497 40.75 -21.8665 9.56409 6.3286 3.13213 0 0 0 0.20908 2.2846 5.55112e-17 0 0 0 0 0.00535324 2.384 303 55 2 2 0
./complex_md-fit_685.pdb BC A 7.88 39.9705 -4.34235 -3.27978 -11.2348 -22.5586 -0.758279 40.5506 -22.0065 4.20716 8.04505 2.24737 0 0 0 0.445535 2.86215 0 0 0 0 0 0 2.384 303 52 0 0 0
./complex_md-fit_686.pdb BC A 6.23615 29.6755 -15.2097 -5.98431 -17.2456 -23.5359 -1.07132 41.7522 -23.2273 3.25027 7.67405 2.96496 0 0 0 0.213322 2.01193 0 0 0 0 0 0 2.384 303 53 0 0 0
./complex_md-fit_687.pdb BC A 6.84942 33.6665 -10.664 -5.47644 -13.8558 -23.0004 -0.953989 41.6318 -22.5056 2.47878 8.97095 1.70281 0 0 0 0.305627 1.92294 0.0331131 0 0 0 0 0.00517195 2.384 303 55 0 0 0
./complex_md-fit_688.pdb BC A 9.34925 35.1388 -11.4512 -6.09158 -16.3698 -22.2758 -1.05964 39.0364 -21.8888 6.39349 9.25693 1.44827 0 0 0 0.0689361 1.50448 0 0 0 0 0 0.030512 2.384 303 53 0 0 0
./complex_md-fit_689.pdb BC A 11.2557 34.0993 -13.0991 -6.62348 -15.4951 -23.0752 -0.636687 39.4828 -22.689 4.82805 7.98831 2.80206 0 0 0 0.313912 1.89878 0 0 0 0 0 0.00519479 2.384 303 53 0 0 0
./complex_md-fit_68.pdb BC A 7.6202 36.1935 -2.9397 -3.33348 -11.6414 -23.2326 -0.879013 42.1703 -22.9378 5.7143 7.70088 3.17811 0 0 0 0.343257 2.34315 -0.028178 0 0 0 0 0.00599647 2.384 303 51 2 2 0
./complex_md-fit_690.pdb BC A 7.94719 33.3355 -16.5661 -7.7917 -11.7007 -21.9136 -0.824134 36.8899 -22.1385 3.10777 5.55809 1.83921 0 0 0 0.400606 1.77127 0 0 0 0 0 0.00686848 2.384 303 52 0 0 0
./complex_md-fit_691.pdb BC A 7.63392 29.1281 -5.46543 -3.90054 -12.0649 -23.3555 -0.772277 41.5475 -22.8081 6.71635 7.19222 1.52452 0 0 0 0.415988 2.28038 0.0393312 0 0 0 0 0 2.384 303 56 1 1 0
./complex_md-fit_692.pdb BC A 7.81248 35.4317 -15.6083 -7.73339 -14.9221 -22.6051 -0.881375 38.7146 -22.022 2.83626 7.97228 2.44894 0 0 0 0.583568 1.57634 0 0 0 0 0 0 2.384 303 51 1 1 0
./complex_md-fit_693.pdb BC A 8.59395 32.6935 -10.6535 -6.17102 -15.2198 -22.5782 -0.999927 40.228 -21.7755 3.62662 8.42443 3.27411 0 0 0 0.537823 1.89239 0 0 0 0 0 0 2.384 303 54 0 0 0
./complex_md-fit_694.pdb BC A 9.25598 37.965 -6.24504 -6.15274 -13.9014 -21.6479 -1.05197 39.2717 -21.1452 6.89714 8.7669 2.29841 0 0 0 0.420022 2.66309 -1.11022e-16 0 0 0 0 0 2.384 303 52 2 2 0
./complex_md-fit_695.pdb BC A 6.81109 33.6383 -10.385 -6.24573 -12.7367 -21.5225 -0.722731 37.2225 -21.2931 5.26769 6.76693 2.50025 0 0 0 0.373608 2.74968 0 0 0 0 0 0.00477938 2.384 303 54 1 1 0
./complex_md-fit_696.pdb BC A 8.19052 30.6064 -15.0478 -7.55941 -12.5622 -21.6199 -0.662203 37.163 -21.4491 1.87925 7.53115 2.03847 0 0 0 0.193172 1.6157 0 0 0 0 0 0 2.384 303 54 0 0 0
./complex_md-fit_697.pdb BC A 6.29428 28.7604 -9.36255 -5.79387 -9.22232 -21.7856 -0.557945 37.7775 -21.804 3.50909 6.36222 1.92264 0 0 0 0.210587 1.9424 0.0191917 0 0 0 0 0 2.384 303 51 0 0 0
./complex_md-fit_698.pdb BC A 9.63967 42.3064 -12.3702 -7.70254 -13.4331 -23.7438 -0.784686 41.2586 -23.7686 4.1767 8.73999 2.40529 0 0 0 0.477056 1.89836 0 0 0 0 0 0.00484076 2.384 303 54 0 0 0
./complex_md-fit_699.pdb BC A 7.91338 32.2829 -9.3603 -6.16396 -9.46479 -23.1866 -0.703151 39.2297 -23.4631 5.30082 5.02862 3.38424 0 0 0 0.668766 2.13014 0.00914424 0 0 0 0 0 2.384 303 52 0 0 0
./complex_md-fit_69.pdb BC A 6.75595 28.2864 -2.16492 -5.53054 -10.6875 -23.8773 -1.14631 41.8168 -23.3548 8.76575 8.14355 2.998 0 0 0 0.637121 2.4109 0.0703136 0 0 0 0 0 2.384 303 50 2 2 0
./complex_md-fit_6.pdb BC A 6.74561 30.8198 -12.7873 -6.88601 -17.3891 -23.3794 -1.25268 41.0396 -22.7645 4.78986 8.62747 3.76083 0 0 0 0.596084 2.00401 0.0528445 0 0 0 0 0.0176904 2.384 303 48 1 1 0
./complex_md-fit_700.pdb BC A 6.51371 27.2667 -11.5032 -8.63835 -10.0464 -21.8445 -0.825511 37.8649 -21.6555 5.34832 5.52224 2.55612 0 0 0 0.176812 2.0376 0.0263729 0 0 0 0 0.0123307 2.384 303 54 1 1 0
./complex_md-fit_701.pdb BC A 5.97398 30.579 -17.8534 -8.83643 -14.0447 -22.1693 -0.786339 37.4533 -22.1552 2.83658 6.92892 2.5003 0 0 0 0.419651 1.76372 0 0 0 0 0 0 2.384 303 51 0 0 0
./complex_md-fit_702.pdb BC A 10.4545 33.5506 -11.9997 -7.5333 -12.7918 -22.474 -0.906549 38.5648 -22.6249 5.80256 7.95043 1.75835 0 0 0 0.221037 1.95665 0.0337257 0 0 0 0 0 2.384 303 55 0 0 0
./complex_md-fit_703.pdb BC A 6.24728 29.5455 -14.175 -7.47324 -13.5814 -22.2891 -0.728061 37.554 -22.215 3.57304 7.15513 2.97697 0 0 0 0.83989 2.13402 0.0127332 0 0 0 0 0 2.384 303 51 0 0 0
./complex_md-fit_704.pdb BC A 7.48477 35.8064 -14.6488 -6.99387 -15.564 -23.5103 -0.717532 40.2466 -23.0901 3.40541 8.62834 2.57707 0 0 0 0.350418 1.89341 -1.11022e-16 0 0 0 0 0.0190051 2.384 303 53 0 0 0
./complex_md-fit_705.pdb BC A 6.18583 37.0068 -12.7743 -8.15673 -13.2776 -22.6538 -0.770614 39.2348 -22.2443 4.61884 7.92866 2.23084 0 0 0 0.31552 1.80245 0 0 0 0 0 0 2.384 303 50 1 1 0
./complex_md-fit_706.pdb BC A 7.10859 29.5009 -10.8916 -6.90614 -13.0397 -23.7926 -0.853409 41.9035 -23.2805 5.59736 6.99491 1.86282 0 0 0 0.622112 2.30187 0 0 0 0 0 0 2.384 303 52 0 0 0
./complex_md-fit_707.pdb BC A 8.40165 37.1935 -10.7369 -6.44322 -14.9087 -22.9525 -0.863619 40.2843 -22.6656 3.73526 9.3306 2.97492 0 0 0 0.771688 2.24878 0 0 0 0 0 0 2.384 303 54 0 0 0
./complex_md-fit_708.pdb BC A 6.72813 30.6622 -15.2408 -7.82534 -13.336 -21.8167 -0.816298 36.0355 -21.906 4.19889 7.42125 2.63634 0 0 0 0.181547 1.9693 -0.0139159 0 0 0 0 0 2.384 303 51 0 0 0
./complex_md-fit_709.pdb BC A 9.52299 42.9364 -7.0282 -6.77366 -10.0276 -22.9588 -1.02411 39.2737 -23.3313 7.12711 7.7099 2.52613 0 0 0 0.430858 2.00554 0 0 0 0 0 0.0195572 2.384 303 52 0 0 0
./complex_md-fit_70.pdb BC A 7.48055 34.7651 -9.20619 -6.25847 -13.058 -23.4174 -1.13087 43.292 -22.8185 4.86302 7.22647 1.93215 0 0 0 0.166952 2.29262 -0.0110694 0 0 0 0 0.00749696 2.384 303 51 2 2 0
./complex_md-fit_710.pdb BC A 6.54222 34.5077 -7.8138 -5.30281 -9.63032 -21.7894 -0.718057 36.407 -22.2608 5.72792 6.75112 2.51173 0 0 0 0.462253 1.8442 0.0275517 0 0 0 0 0 2.384 303 52 0 0 0
./complex_md-fit_711.pdb BC A 9.38377 32.6294 -10.8226 -5.77749 -9.06237 -22.0059 -0.766082 36.7709 -22.0903 4.57641 4.70336 2.40817 0 0 0 0.405948 1.75228 -0.0138765 0 0 0 0 0.0285494 2.384 303 51 1 1 0
./complex_md-fit_712.pdb BC A 10.0131 28.1325 -13.4922 -4.31189 -16.1188 -21.8689 -0.897811 37.7192 -21.6215 2.859 9.05891 1.42241 0 0 0 0.257738 2.44609 0 0 0 0 0 0.00959521 2.384 303 51 0 0 0
./complex_md-fit_713.pdb BC A 8.32461 28.6703 -13.511 -8.34829 -15.3576 -22.5555 -0.809745 40.0389 -22.1378 4.75171 8.05504 2.59812 0 0 0 0.209787 1.74927 0.0258806 0 0 0 0 0.0184961 2.384 303 48 1 1 0
./complex_md-fit_714.pdb BC A 5.76883 29.0805 -18.4332 -6.99715 -14.5026 -21.7525 -0.884372 35.8364 -21.8024 2.25891 6.97494 2.22524 0 0 0 0.190565 1.6773 0.0196916 0 0 0 0 0 2.384 303 49 0 0 0
./complex_md-fit_715.pdb BC A 7.82675 29.21 -7.50755 -6.13365 -10.4957 -22.4187 -0.790466 39.5006 -22.2477 4.47258 7.64742 1.94389 0 0 0 1.0095 1.6506 0 0 0 0 0 0.00463558 2.384 303 54 1 1 0
./complex_md-fit_716.pdb BC A 8.54765 24.752 -6.30323 -4.445 -10.3026 -23.189 -1.06089 40.716 -23.0805 6.74324 6.24308 1.86047 0 0 0 0.211944 2.90078 0 0 0 0 0 0 2.384 303 51 2 2 0
./complex_md-fit_717.pdb BC A 7.01261 36.7963 -16.107 -6.55728 -13.9007 -22.4677 -0.911846 38.3038 -22.8435 2.56206 7.44401 1.63243 0 0 0 0.622004 1.90176 0 0 0 0 0 0.00970899 2.384 303 54 0 0 0
./complex_md-fit_718.pdb BC A 9.33938 32.4687 -19.7425 -7.12023 -11.3641 -21.1909 -0.644073 34.4204 -21.8231 1.29358 5.04785 1.4747 0 0 0 0.136272 2.48393 0.0270622 0 0 0 0 0 2.384 303 48 0 0 0
./complex_md-fit_719.pdb BC A 9.71475 26.4373 -14.4631 -8.32744 -11.4029 -22.6052 -0.684413 37.6829 -23.0611 4.06764 6.76657 2.46207 0 0 0 0.613114 1.75722 0.0256865 0 0 0 0 0 2.384 303 53 0 0 0
./complex_md-fit_71.pdb BC A 7.10613 34.2025 -17.9367 -6.95948 -15.3805 -23.9029 -0.879376 40.7393 -23.3757 1.82452 7.59495 2.3053 0 0 0 0.122254 2.48572 -0.032299 0 0 0 0 0.00719936 2.384 303 51 0 0 0
./complex_md-fit_720.pdb BC A 8.70216 36.8093 -14.0367 -7.71296 -11.1995 -22.6178 -0.76866 38.1566 -22.8488 3.92102 6.39672 2.43382 0 0 0 0.202892 1.75112 0 0 0 0 0 0 2.384 303 55 0 0 0
./complex_md-fit_721.pdb BC A 6.74696 30.6334 -10.3697 -6.27884 -13.3551 -24.1393 -1.02818 42.5422 -24.5155 4.45863 8.31971 2.75641 0 0 0 0.844027 2.08586 0.0262785 0 0 0 0 0 2.384 303 57 0 0 0
./complex_md-fit_722.pdb BC A 7.01654 29.9834 -17.825 -8.41239 -11.505 -23.5122 -0.683317 38.1584 -24.1057 2.3842 7.5418 2.08546 0 0 0 0.223762 2.05738 0 0 0 0 0 0 2.384 303 56 0 0 0
./complex_md-fit_723.pdb BC A 8.19522 34.203 -12.8811 -7.74582 -12.1902 -22.5921 -0.770641 37.964 -22.8874 4.14693 8.46357 2.54441 0 0 0 0.186077 2.03292 0 0 0 0 0 0 2.384 303 54 0 0 0
./complex_md-fit_724.pdb BC A 8.72579 33.786 -20.2423 -8.30041 -16.4151 -23.0771 -0.838812 38.6949 -23.1526 2.16229 8.01563 2.19887 0 0 0 0.470079 2.13013 0 0 0 0 0 0 2.384 303 54 0 0 0
./complex_md-fit_725.pdb BC A 9.97993 33.1053 -7.01084 -6.26947 -7.2424 -21.5608 -0.533523 35.9972 -21.4931 4.94857 5.91028 2.45053 0 0 0 0.775196 1.68078 5.55112e-17 0 0 0 0 0.00667699 2.384 303 51 0 0 0
./complex_md-fit_726.pdb BC A 6.17725 31.5715 -13.7002 -8.692 -11.1874 -22.1134 -0.746156 38.001 -22.0995 3.88501 6.56657 2.34658 0 0 0 0.339047 1.75588 0 0 0 0 0 0 2.384 303 52 0 0 0
./complex_md-fit_727.pdb BC A 8.2524 35.2478 -11.1805 -7.02118 -11.7884 -22.963 -0.782709 38.7951 -23.0208 5.68885 8.03258 1.73511 0 0 0 0.14394 1.68646 0 0 0 0 0 0 2.384 303 52 0 0 0
./complex_md-fit_728.pdb BC A 8.25154 31.7198 -9.87525 -7.32783 -13.4159 -23.9391 -1.04237 42.9293 -23.0793 6.0685 7.06971 2.32797 0 0 0 0.533689 2.20332 -5.55112e-17 0 0 0 0 0 2.384 303 55 0 0 0
./complex_md-fit_729.pdb BC A 8.41394 36.3949 -8.69462 -5.90223 -11.3915 -22.0838 -0.86454 39.1622 -21.8134 3.48893 7.28355 2.84954 0 0 0 0.57202 1.88661 0 0 0 0 0 0.00468073 2.384 303 52 0 0 0
./complex_md-fit_72.pdb BC A 7.3644 32.4562 -11.0766 -7.36614 -16.0543 -23.5473 -1.08817 44.057 -22.5547 3.02508 8.71235 3.12041 0 0 0 0.628967 3.78768 -0.009833 0 0 0 0 0 2.384 303 51 0 0 0
./complex_md-fit_730.pdb BC A 7.29483 31.5437 -12.3523 -6.81428 -15.2154 -21.8073 -0.89539 37.5972 -21.4618 4.0409 9.01791 2.97986 0 0 0 0.206062 2.39281 -5.55112e-17 0 0 0 0 0 2.384 303 53 0 0 0
./complex_md-fit_731.pdb BC A 8.86236 40.3294 -5.42698 -6.27126 -10.9083 -23.2422 -0.749864 42.9022 -22.4681 4.78304 7.84403 2.30605 0 0 0 0.363162 2.26408 0 0 0 0 0 0.014193 2.384 303 56 1 1 0
./complex_md-fit_732.pdb BC A 7.46317 38.3994 -10.6783 -6.43207 -15.5999 -22.5979 -1.03156 39.6607 -22.2353 4.15213 9.98245 2.92444 0 0 0 0.463968 1.7603 0.0273023 0 0 0 0 0.00756696 2.384 303 54 1 1 0
./complex_md-fit_733.pdb BC A 8.19888 35.8076 -2.57245 -5.17531 -10.4329 -22.9377 -0.986279 41.2727 -22.6039 7.72696 8.09638 2.19408 0 0 0 0.261338 2.87537 0 0 0 0 0 0.012284 2.384 303 49 2 2 0
./complex_md-fit_734.pdb BC A 6.19839 37.4724 -14.0697 -6.82154 -13.3475 -22.1682 -0.656078 37.5144 -22.127 3.95152 6.64981 2.52948 0 0 0 0.405378 1.86965 0 0 0 0 0 0 2.384 303 52 1 1 0
./complex_md-fit_735.pdb BC A 8.98343 29.1974 -11.951 -6.63742 -13.1881 -22.4011 -0.724393 38.071 -22.185 4.87361 7.40347 2.43244 0 0 0 0.404496 1.83194 1.11022e-16 0 0 0 0 0 2.384 303 51 1 1 0
./complex_md-fit_736.pdb BC A 7.9187 32.35 -6.36339 -5.92474 -10.5841 -22.0659 -0.874941 40.5751 -21.6352 5.14615 7.08496 1.64683 0 0 0 0.261263 1.94035 5.55112e-17 0 0 0 0 0.00717946 2.384 303 51 0 0 0
./complex_md-fit_737.pdb BC A 7.37231 34.5831 -9.69521 -5.84894 -16.0943 -23.0761 -0.878592 40.9561 -22.5829 7.10171 8.63034 2.01214 0 0 0 0.0853601 1.73275 0 0 0 0 0 0 2.384 303 53 1 1 0
./complex_md-fit_738.pdb BC A 9.37305 33.4494 -11.6159 -5.78669 -12.7107 -22.2462 -0.852886 38.9476 -22.091 2.81897 7.51112 2.31981 0 0 0 0.467873 1.8504 8.32667e-17 0 0 0 0 0.00625027 2.384 303 53 0 0 0
./complex_md-fit_739.pdb BC A 6.70531 34.0331 -12.9291 -6.62894 -12.3467 -22.3615 -0.901997 38.6245 -22.4786 3.04104 7.50507 2.1387 0 0 0 0.479344 1.82412 0 0 0 0 0 0 2.384 303 52 0 0 0
./complex_md-fit_73.pdb BC A 8.03003 31.1334 -0.7741 -6.84326 -10.643 -24.1782 -1.04669 44.9434 -23.4989 7.38368 8.94162 4.00587 0 0 0 0.161367 2.55362 0 0 0 0 0 0 2.384 303 52 2 2 0
./complex_md-fit_740.pdb BC A 11.024 33.1506 -12.9994 -5.93503 -13.0493 -20.5714 -0.699033 34.2448 -20.9205 3.7474 7.48172 2.4895 0 0 0 0.212483 1.69815 -5.55112e-17 0 0 0 0 0 2.384 303 48 1 1 0
./complex_md-fit_741.pdb BC A 9.30559 28.5327 -12.642 -7.96889 -13.0458 -22.6111 -0.710175 39.9798 -22.1154 3.90362 7.62403 2.00887 0 0 0 0.285865 1.8927 0 0 0 0 0 0.00723075 2.384 303 50 0 0 0
./complex_md-fit_742.pdb BC A 8.3273 39.1217 -2.16657 -5.40549 -11.1438 -21.4222 -0.826352 39.6931 -21.2151 6.34841 8.56346 2.72134 0 0 0 0.535621 1.88351 -0.0154918 0 0 0 0 0 2.384 303 52 2 2 0
./complex_md-fit_743.pdb BC A 7.19027 29.5274 -11.4898 -5.7618 -12.7779 -23.3211 -0.911812 40.5952 -22.949 3.96948 6.71587 2.8505 0 0 0 0.0926001 2.40044 0 0 0 0 0 0.00810947 2.384 303 56 0 0 0
./complex_md-fit_744.pdb BC A 8.61448 41.545 -7.38369 -7.9494 -12.586 -23.0115 -0.79916 41.5369 -22.8834 7.21469 7.47148 3.15581 0 0 0 0.436618 2.1732 0 0 0 0 0 0.0302325 2.384 303 55 2 2 0
./complex_md-fit_745.pdb BC A 9.42033 34.4959 -14.3639 -7.39344 -14.4609 -22.5923 -0.69838 38.4863 -22.6409 5.18396 7.50466 2.06901 0 0 0 0.178191 1.84715 0 0 0 0 0 0 2.384 303 50 0 0 0
./complex_md-fit_746.pdb BC A 8.39879 30.5857 -14.3295 -8.01344 -15.0154 -23.4689 -0.71014 41.6405 -23.3992 4.04336 8.88146 1.43441 0 0 0 0.277746 2.0941 1.38778e-17 0 0 0 0 0 2.384 303 53 0 0 0
./complex_md-fit_747.pdb BC A 10.8053 35.9832 -17.5325 -8.77861 -14.2763 -22.9561 -0.75157 40.2327 -22.5406 1.01252 8.35605 1.75899 0 0 0 0.387107 1.76832 0 0 0 0 0 0.0233024 2.384 303 55 0 0 0
./complex_md-fit_748.pdb BC A 11.6078 32.2133 -6.6962 -5.98556 -10.5054 -21.3757 -1.05332 37.595 -21.0396 5.28264 7.97396 2.20436 0 0 0 0.188466 2.36172 0.0189888 0 0 0 0 0 2.384 303 52 1 1 0
./complex_md-fit_749.pdb BC A 8.99317 29.4704 -10.3217 -7.15544 -12.1379 -23.276 -0.873984 40.4645 -23.4153 5.24765 7.68864 2.7085 0 0 0 0.425231 1.90936 0 0 0 0 0 0.00228667 2.384 303 58 1 1 0
./complex_md-fit_74.pdb BC A 7.99842 35.911 -7.93077 -6.53625 -12.5032 -24.0235 -0.871113 43.1746 -23.6092 4.96633 8.05921 3.28332 0 0 0 0.128934 2.29341 0 0 0 0 0 0 2.384 303 49 1 1 0
./complex_md-fit_750.pdb BC A 7.02135 31.9809 -14.7264 -8.77512 -11.1868 -22.5281 -0.749907 38.7476 -22.9206 1.85514 8.04427 2.41013 0 0 0 0.371661 1.60994 0 0 0 0 0 0.00531509 2.384 303 50 0 0 0
./complex_md-fit_751.pdb BC A 6.99254 34.1925 -18.8768 -9.69547 -13.1695 -22.7907 -0.760739 38.4502 -22.8538 1.71028 7.17975 2.54502 0 0 0 0.47339 2.08363 0.019621 0 0 0 0 0.0151021 2.384 303 49 0 0 0
./complex_md-fit_752.pdb BC A 8.46738 31.1467 -12.0628 -9.09426 -13.8817 -23.3836 -0.674535 40.2707 -23.0899 6.31445 8.28975 2.75697 0 0 0 0.419837 2.06315 0 0 0 0 0 0.00951742 2.384 303 53 0 0 0
./complex_md-fit_753.pdb BC A 8.41221 38.1765 -9.764 -6.67562 -10.5414 -22.4716 -0.828211 39.612 -22.2674 4.83563 6.65573 1.55717 0 0 0 0.359603 3.17226 0 0 0 0 0 1.4944e-05 2.384 303 48 0 0 0
./complex_md-fit_754.pdb BC A 8.71527 39.4525 -15.7046 -7.4782 -11.6807 -21.4737 -0.830336 35.4223 -21.2555 1.60112 6.70476 2.98242 0 0 0 0.298436 2.05219 0 0 0 0 0 0.00480438 2.384 303 45 0 0 0
./complex_md-fit_755.pdb BC A 7.77313 32.0689 -11.0492 -5.16693 -11.4268 -22.4142 -0.664956 38.8126 -22.433 3.60089 5.99842 1.78537 0 0 0 0.838948 2.27673 0.0205025 0 0 0 0 0 2.384 303 53 0 0 0
./complex_md-fit_756.pdb BC A 7.77168 28.6461 -9.20412 -6.28758 -11.782 -23.0559 -0.700825 42.0245 -22.8685 5.54213 5.64124 2.13794 0 0 0 0.125881 1.79186 0.0189631 0 0 0 0 0 2.384 303 53 1 1 0
./complex_md-fit_757.pdb BC A 6.99693 27.7327 -18.4751 -7.80228 -15.1018 -22.2155 -0.80715 38.1933 -21.8501 2.12102 7.48646 1.17988 0 0 0 0.295145 1.83321 0 0 0 0 0 0.0258416 2.384 303 53 0 0 0
./complex_md-fit_758.pdb BC A 8.61502 36.8806 -9.7995 -6.12231 -11.2597 -25.0275 -0.657803 44.1705 -25.16 3.61334 6.9756 3.16712 0 0 0 0.495053 2.09206 0.00621002 0 0 0 0 0 2.384 303 57 0 0 0
./complex_md-fit_759.pdb BC A 9.44579 31.8136 -5.1445 -4.7602 -8.63624 -22.9734 -0.702655 42.5869 -23.1128 2.6076 7.84026 1.90417 0 0 0 0.101885 1.74935 0 0 0 0 0 0 2.384 303 52 0 0 0
./complex_md-fit_75.pdb BC A 9.36183 33.5822 -11.4253 -6.51695 -12.7381 -23.9864 -0.680349 42.8706 -23.6336 2.76988 8.38332 1.81303 0 0 0 0.308011 2.26029 -0.0363555 0 0 0 0 0.0216147 2.384 303 48 0 0 0
./complex_md-fit_760.pdb BC A 6.96173 36.4026 -9.49763 -6.98003 -11.3346 -24.403 -0.708827 43.7013 -24.6603 3.51508 7.55656 2.90585 0 0 0 0.910328 2.32482 0 0 0 0 0 0 2.384 303 57 0 0 0
./complex_md-fit_761.pdb BC A 7.15421 28.9962 -9.77647 -6.72588 -10.9489 -22.6692 -0.656273 39.6434 -22.5026 3.8673 8.22517 1.55785 0 0 0 0.452759 2.50908 -0.0201585 0 0 0 0 0 2.384 303 50 2 2 0
./complex_md-fit_762.pdb BC A 10.1918 33.9556 -11.9354 -7.18521 -10.4272 -23.085 -0.458331 40.4115 -23.038 2.85137 6.00446 2.46287 0 0 0 0.496939 3.00254 0.031111 0 0 0 0 0 2.384 303 51 0 0 0
./complex_md-fit_763.pdb BC A 7.43614 32.9345 -14.7952 -7.42271 -13.7108 -25.4864 -0.692037 46.1361 -25.6583 1.53545 7.17207 3.14182 0 0 0 0.154269 3.11704 0.0253156 0 0 0 0 0.0100187 2.384 303 55 0 0 0
./complex_md-fit_764.pdb BC A 7.49535 31.4391 -10.2476 -5.63753 -9.68372 -23.4537 -0.402035 41.0731 -24.0382 2.4314 6.85833 2.21279 0 0 0 0.370589 2.09644 0.0201484 0 0 0 0 0.00119137 2.384 303 49 0 0 0
./complex_md-fit_765.pdb BC A 8.52426 35.0904 -12.706 -7.75833 -12.6573 -22.967 -0.546921 41.0957 -22.941 2.03403 7.78015 3.03061 0 0 0 0.224039 2.32674 1.11022e-16 0 0 0 0 0 2.384 303 51 0 0 0
./complex_md-fit_766.pdb BC A 8.35508 40.675 -9.44069 -8.32006 -10.2987 -23.3911 -0.783835 42.4117 -23.4914 4.30963 6.18129 3.45503 0 0 0 0.486722 2.27644 0 0 0 0 0 0 2.384 303 49 0 0 0
./complex_md-fit_767.pdb BC A 10.0931 31.5343 -12.4054 -6.78924 -9.12832 -23.4163 -0.593554 40.8128 -23.8829 3.38963 5.41325 1.23329 0 0 0 0.58939 1.79868 -0.0334626 0 0 0 0 0 2.384 303 51 0 0 0
./complex_md-fit_768.pdb BC A 6.45803 29.5442 -7.32287 -5.6599 -9.58468 -22.9598 -0.527435 41.7103 -23.078 3.32802 6.19796 2.78175 0 0 0 0.468969 1.79129 -5.55112e-17 0 0 0 0 0 2.384 303 53 0 0 0
./complex_md-fit_769.pdb BC A 8.82059 26.946 -10.9664 -6.87189 -11.4352 -24.4971 -0.524472 42.1034 -24.5939 4.62446 6.84406 2.75111 0 0 0 0.585126 2.22307 0.0238964 0 0 0 0 0.024099 2.384 303 57 0 0 0
./complex_md-fit_76.pdb BC A 9.8472 34.2162 -6.78451 -5.98405 -13.0157 -23.683 -0.956771 43.4777 -22.768 6.01611 7.96691 1.94537 0 0 0 0.21684 2.46853 0 0 0 0 0 0 2.384 303 51 0 0 0
./complex_md-fit_770.pdb BC A 9.48989 32.6968 -12.8462 -8.44534 -8.66219 -24.0579 -0.374749 41.4077 -24.3601 2.8153 6.05765 2.43445 0 0 0 0.338921 2.30139 0 0 0 0 0 0 2.384 303 50 0 0 0
./complex_md-fit_771.pdb BC A 8.477 29.6413 -10.2033 -7.19629 -10.3004 -24.0771 -0.733392 41.1976 -24.5424 5.06089 6.30499 3.26752 0 0 0 0.822755 2.17366 -0.00745708 0 0 0 0 0 2.384 303 54 0 0 0
./complex_md-fit_772.pdb BC A 6.77267 32.0586 -11.8291 -6.53411 -9.99261 -24.1475 -0.830575 42.3941 -24.175 3.09085 6.01196 2.07787 0 0 0 0.244 3.27703 0.0319327 0 0 0 0 0 2.384 303 54 0 0 0
./complex_md-fit_773.pdb BC A 6.74913 32.7554 -6.47185 -6.98548 -9.08296 -24.1293 -0.615713 42.6489 -24.253 6.16962 6.09313 3.11224 0 0 0 0.543519 2.03398 0 0 0 0 0 0.0271918 2.384 303 52 0 0 0
./complex_md-fit_774.pdb BC A 7.87291 30.9762 -12.407 -6.88708 -9.38583 -24.6017 -0.471355 42.5669 -24.4748 3.25406 5.37428 1.53323 0 0 0 0.675963 2.12391 0 0 0 0 0 0.00934478 2.384 303 57 0 0 0
./complex_md-fit_775.pdb BC A 8.3231 33.9617 -11.3344 -6.41784 -11.4372 -25.0197 -0.670079 44.5514 -24.9809 2.63821 6.35832 3.02671 0 0 0 0.605713 2.40017 0 0 0 0 0 0.0109149 2.384 303 54 0 0 0
./complex_md-fit_776.pdb BC A 6.32197 27.6041 -14.6153 -8.17657 -11.098 -23.7331 -0.524649 41.4571 -23.8132 1.51691 7.07736 2.45175 0 0 0 0.227162 2.0738 0 0 0 0 0 0 2.384 303 55 0 0 0
./complex_md-fit_777.pdb BC A 6.13057 33.3734 -5.4392 -6.09729 -9.85275 -24.9503 -0.748791 44.7001 -25.1114 8.04189 5.70285 2.42754 0 0 0 0.443736 3.42817 0 0 0 0 0 0.00531723 2.384 303 57 3 3 0
./complex_md-fit_778.pdb BC A 7.01528 36.3233 -11.6671 -4.58561 -9.73124 -23.8321 -0.388968 41.4044 -24.1847 1.8902 5.08704 2.49809 0 0 0 0.175799 1.93114 0 0 0 0 0 0 2.384 303 56 0 0 0
./complex_md-fit_779.pdb BC A 7.37332 35.1832 -8.67109 -7.99443 -7.94661 -23.7467 -0.602173 41.7953 -24.1825 4.24241 6.1027 3.51897 0 0 0 0.141971 1.73603 0 0 0 0 0 0 2.384 303 52 0 0 0
./complex_md-fit_77.pdb BC A 7.13008 32.509 -2.91615 -6.37727 -12.0677 -23.2032 -0.967723 41.2089 -23.1278 8.35467 9.31746 3.74766 0 0 0 0.198806 3.30414 0 0 0 0 0 0 2.384 303 52 2 2 0
./complex_md-fit_780.pdb BC A 9.27619 37.526 -17.0063 -7.41142 -12.3444 -23.4351 -0.593633 39.3288 -23.749 1.361 6.50073 2.79218 0 0 0 0.517354 1.76882 0.0229529 0 0 0 0 0.00417218 2.384 303 53 0 0 0
./complex_md-fit_781.pdb BC A 8.42208 30.4713 -12.1363 -7.08644 -7.62704 -23.4174 -0.54921 41.462 -23.692 1.71912 5.51464 1.22398 0 0 0 0.298586 1.91071 0 0 0 0 0 0.0174752 2.384 303 52 0 0 0
./complex_md-fit_782.pdb BC A 7.23539 37.7748 -12.7942 -6.98843 -13.3343 -23.8966 -0.745991 40.8047 -23.7552 3.28553 8.34209 2.95138 0 0 0 0.514978 3.33782 0.0217659 0 0 0 0 0.00594364 2.384 303 49 0 0 0
./complex_md-fit_783.pdb BC A 6.76962 31.2842 -5.58089 -5.82614 -8.52594 -21.4232 -0.622467 37.3271 -21.231 6.01353 5.60802 2.16414 0 0 0 0.934998 2.02532 0 0 0 0 0 0 2.384 303 48 0 0 0
./complex_md-fit_784.pdb BC A 9.44165 27.4139 -15.7617 -7.96661 -11.0608 -22.2533 -0.794518 36.9946 -22.3011 3.27394 5.46778 2.48683 0 0 0 0.391418 1.39733 0 0 0 0 0 0 2.384 303 50 1 1 0
./complex_md-fit_785.pdb BC A 10.5732 32.0958 -10.1687 -6.82641 -10.4168 -22.811 -0.758644 40.4459 -22.8735 4.51878 5.6212 2.50206 0 0 0 0.429721 3.17274 0 0 0 0 0 0 2.384 303 54 1 1 0
./complex_md-fit_786.pdb BC A 7.66256 44.4503 -11.0325 -5.60173 -11.7771 -23.268 -0.705391 39.6707 -23.6008 6.15013 5.80291 1.52148 0 0 0 0.745639 3.00318 0.024335 0 0 0 0 0.0053761 2.384 303 49 1 1 0
./complex_md-fit_787.pdb BC A 9.35097 30.0879 -12.3832 -5.88523 -10.8852 -23.9594 -0.662172 41.2828 -24.25 3.44466 6.17835 1.83761 0 0 0 0.515231 2.46509 -5.55112e-17 0 0 0 0 0 2.384 303 52 0 0 0
./complex_md-fit_788.pdb BC A 8.73061 27.6724 -11.6974 -5.2491 -10.9533 -22.8901 -0.739664 39.9061 -22.9955 3.24939 6.21878 1.54128 0 0 0 0.214851 2.62836 0 0 0 0 0 0 2.384 303 52 0 0 0
./complex_md-fit_789.pdb BC A 8.12617 29.0531 -17.063 -8.83682 -13.2124 -21.8885 -0.854834 37.5173 -22.2898 3.28151 7.34811 1.2114 0 0 0 0.699302 1.97391 -0.038209 0 0 0 0 0 2.384 303 50 1 1 0
./complex_md-fit_78.pdb BC A 8.26683 33.7342 -8.91613 -5.20447 -16.767 -23.6107 -1.28934 42.5854 -22.8263 7.46899 8.2418 2.3109 0 0 0 0.150258 1.97408 0.0242867 0 0 0 0 0 2.384 303 53 2 2 0
./complex_md-fit_790.pdb BC A 9.03057 36.5744 -13.8629 -9.10446 -11.2694 -23.3144 -0.660957 40.3477 -23.0587 2.36381 7.24417 3.08119 0 0 0 0.508043 1.82592 -5.55112e-17 0 0 0 0 0 2.384 303 49 0 0 0
./complex_md-fit_791.pdb BC A 6.63334 39.7171 -16.2493 -8.20881 -9.95166 -22.9996 -0.611574 38.8695 -23.455 1.83055 5.49545 2.25066 0 0 0 0.53125 1.78712 0 0 0 0 0 0 2.384 303 51 0 0 0
./complex_md-fit_792.pdb BC A 8.57541 28.8315 -12.487 -7.06733 -10.9318 -22.7799 -0.496099 39.5049 -23.072 4.11798 6.51899 1.49799 0 0 0 0.223405 1.97294 -0.00311217 0 0 0 0 0 2.384 303 53 1 1 0
./complex_md-fit_793.pdb BC A 6.78206 37.0993 -10.5137 -6.66581 -10.2281 -23.5796 -0.623834 40.9054 -23.573 4.92942 6.16548 1.77332 0 0 0 0.391939 2.1651 -0.00894157 0 0 0 0 0 2.384 303 49 2 2 0
./complex_md-fit_794.pdb BC A 7.82573 35.6024 -14.3252 -7.42025 -11.1782 -23.9401 -0.632283 41.2265 -24.3195 2.07285 6.48979 2.8797 0 0 0 0.42753 2.09909 0.0687239 0 0 0 0 0 2.384 303 49 0 0 0
./complex_md-fit_795.pdb BC A 8.63882 34.2799 -18.2982 -8.59813 -13.9982 -23.1192 -0.626738 38.4247 -23.5571 2.86726 7.6462 1.98101 0 0 0 0.70415 1.87057 -0.0220852 0 0 0 0 0 2.384 303 50 0 0 0
./complex_md-fit_796.pdb BC A 8.30893 39.7633 -7.23146 -6.33224 -8.23651 -23.4174 -0.727365 40.9708 -23.4375 5.90957 4.79458 2.51961 0 0 0 0.724934 1.75258 0 0 0 0 0 0 2.384 303 51 1 1 0
./complex_md-fit_797.pdb BC A 7.14835 30.6715 -12.8286 -4.24184 -11.9873 -22.4974 -0.711784 38.7542 -22.6332 2.06227 6.03199 2.16724 0 0 0 0.20255 1.71593 0.0246266 0 0 0 0 0 2.384 303 49 0 0 0
./complex_md-fit_798.pdb BC A 8.70856 31.1841 -12.1129 -7.574 -8.94565 -23.2824 -0.631859 40.9471 -23.5059 2.78203 5.02855 2.36997 0 0 0 0.699287 1.78123 0 0 0 0 0 0 2.384 303 51 0 0 0
./complex_md-fit_799.pdb BC A 8.29605 31.1024 -13.668 -5.47498 -8.91501 -23.2351 -0.689231 38.9104 -23.9793 2.93559 4.87395 1.36605 0 0 0 0.565968 2.35624 -0.0264111 0 0 0 0 0 2.384 303 52 0 0 0
./complex_md-fit_79.pdb BC A 6.38412 27.6292 -13.0857 -5.9492 -17.9818 -24.0765 -1.26249 41.1795 -23.6959 4.94506 9.00743 4.55228 0 0 0 0.195957 2.11135 0 0 0 0 0 0 2.384 303 50 1 1 0
./complex_md-fit_7.pdb BC A 9.69281 26.5505 -12.259 -5.30582 -14.0561 -20.966 -1.01462 35.5133 -20.7146 3.43069 7.9358 2.27527 0 0 0 0.541852 1.8063 0.0813557 0 0 0 0 0.0199488 2.384 303 50 1 1 0
./complex_md-fit_800.pdb BC A 5.74231 36.7525 -15.2666 -5.65047 -11.7955 -23.9905 -0.71335 40.3123 -24.5671 2.40892 5.90266 2.23934 0 0 0 0.607679 2.25759 -0.0243709 0 0 0 0 0.00374812 2.384 303 52 0 0 0
./complex_md-fit_801.pdb BC A 6.92741 35.9 -10.0498 -6.43398 -10.1276 -23.5293 -0.830717 39.9791 -24.2616 6.54327 5.35657 2.3759 0 0 0 0.878539 1.83474 0 0 0 0 0 0 2.384 303 52 1 1 0
./complex_md-fit_802.pdb BC A 6.52123 34.7147 -12.1534 -7.19418 -10.9305 -23.3617 -0.741354 39.9317 -23.5496 4.736 6.28554 2.26873 0 0 0 0.401879 1.92984 0 0 0 0 0 0 2.384 303 50 0 0 0
./complex_md-fit_803.pdb BC A 9.17355 33.2322 -11.2217 -7.13728 -9.9133 -22.8126 -0.661881 39.2639 -23.0155 5.16576 6.06123 1.3736 0 0 0 0.432939 2.24106 0.0213223 0 0 0 0 0 2.384 303 53 1 1 0
./complex_md-fit_804.pdb BC A 7.37921 30.602 -10.9108 -7.48849 -10.2016 -23.4916 -0.73779 39.6743 -23.5352 6.30036 5.15431 3.19691 0 0 0 0.217989 1.7644 0 0 0 0 0 0 2.384 303 50 1 1 0
./complex_md-fit_805.pdb BC A 8.8503 28.7692 -15.6979 -7.34411 -12.1753 -23.4049 -0.658488 40.5995 -24.2242 1.97893 7.2851 2.00654 0 0 0 0.262524 2.35704 -0.0235609 0 0 0 0 0 2.384 303 53 0 0 0
./complex_md-fit_806.pdb BC A 9.49503 38.6903 -15.5514 -7.81048 -12.0433 -22.7545 -0.772057 37.3745 -23.1727 2.89114 7.46599 2.8811 0 0 0 0.388849 2.08834 1.11022e-16 0 0 0 0 0 2.384 303 48 0 0 0
./complex_md-fit_807.pdb BC A 9.20327 29.4002 -17.8175 -9.89398 -12.9633 -24.5366 -0.792922 42.5201 -24.3505 2.48754 6.33664 2.77762 0 0 0 0.597915 1.93373 0 0 0 0 0 0 2.384 303 55 0 0 0
./complex_md-fit_808.pdb BC A 6.88113 29.2974 -16.2688 -6.0788 -10.6868 -23.3691 -0.647282 39.5732 -23.8042 2.34732 4.15263 1.87285 0 0 0 0.371392 1.96481 -1.11022e-16 0 0 0 0 0 2.384 303 54 0 0 0
./complex_md-fit_809.pdb BC A 7.36117 37.4241 -11.504 -5.17582 -6.9547 -22.1913 -0.622121 37.2443 -22.5503 1.85174 4.78362 1.59398 0 0 0 0.516472 2.91999 -2.77556e-17 0 0 0 0 0 2.384 303 51 0 0 0
./complex_md-fit_80.pdb BC A 7.08711 29.4926 -6.29054 -5.24201 -14.3563 -24.8672 -1.14615 46.4076 -24.126 7.32343 7.60392 1.5727 0 0 0 0.539433 2.24867 0 0 0 0 0 0 2.384 303 53 1 1 0
./complex_md-fit_810.pdb BC A 6.91721 29.9722 -6.30014 -3.99964 -11.3265 -22.1854 -1.02576 39.3713 -22.4462 6.21463 6.2339 2.53327 0 0 0 0.344407 1.88645 -0.0140943 0 0 0 0 0 2.384 303 52 2 2 0
./complex_md-fit_811.pdb BC A 7.09124 27.5256 -15.6091 -7.07385 -11.4249 -23.3333 -0.61686 39.4504 -23.3824 3.16631 5.23723 2.08178 0 0 0 0.286513 1.98348 0 0 0 0 0 0 2.384 303 48 1 1 0
./complex_md-fit_812.pdb BC A 8.83751 35.4204 -17.6967 -9.22522 -11.4345 -23.4026 -0.71838 38.7524 -24.0799 2.93045 6.09093 2.53182 0 0 0 0.90064 1.70327 -0.0423171 0 0 0 0 0 2.384 303 53 0 0 0
./complex_md-fit_813.pdb BC A 7.18247 29.7414 -16.9964 -5.67986 -13.1369 -22.0898 -0.693775 36.8251 -22.3041 2.87364 4.70992 1.71652 0 0 0 0.782853 2.16529 0 0 0 0 0 0 2.384 303 48 0 0 0
./complex_md-fit_814.pdb BC A 8.22432 30.961 -11.5111 -5.70088 -7.82446 -21.5371 -0.632303 37.4446 -21.4504 2.34538 3.99887 1.51134 0 0 0 0.358076 1.84581 -0.0241155 0 0 0 0 0 2.384 303 49 0 0 0
./complex_md-fit_815.pdb BC A 9.87075 32.7634 -13.8562 -5.9053 -8.78403 -23.4494 -0.656655 40.1423 -23.9054 1.41107 5.24523 1.73751 0 0 0 0.286765 2.43586 0.0216276 0 0 0 0 8.77646e-05 2.384 303 55 0 0 0
./complex_md-fit_816.pdb BC A 7.16771 34.5783 -17.3633 -7.30291 -12.2694 -23.2288 -0.445228 38.5491 -23.5023 3.39673 5.20219 2.11466 0 0 0 0.122681 2.17914 0 0 0 0 0 0 2.384 303 50 0 0 0
./complex_md-fit_817.pdb BC A 8.55211 35.8964 -9.17409 -6.03625 -10.8112 -23.5925 -0.859309 39.6096 -23.9568 6.18372 5.89062 3.81965 0 0 0 0.578328 2.03299 0 0 0 0 0 0 2.384 303 51 2 2 0
./complex_md-fit_818.pdb BC A 8.04713 48.8535 -8.75303 -5.39533 -9.76616 -23.1801 -0.579144 41.2468 -23.7302 4.77313 5.05211 2.50361 0 0 0 0.329347 1.82271 -0.013906 0 0 0 0 0.00684936 2.384 303 55 1 1 0
./complex_md-fit_819.pdb BC A 9.42305 31.7897 -6.65736 -5.77498 -7.39791 -22.1367 -0.737029 39.3521 -22.536 4.32097 5.39048 2.31204 0 0 0 0.549758 2.66161 5.55112e-17 0 0 0 0 0 2.384 303 52 0 0 0
./complex_md-fit_81.pdb BC A 9.14067 33.9225 -5.38138 -6.97381 -12.2501 -23.4503 -0.95453 43.4889 -22.6039 5.99297 8.41729 2.50408 0 0 0 0.447987 2.08849 0 0 0 0 0 0 2.384 303 52 1 1 0
./complex_md-fit_820.pdb BC A 6.60816 36.8487 -9.34376 -7.15025 -9.44424 -22.1994 -1.05157 38.4968 -22.6322 6.99399 5.76979 1.55167 0 0 0 0.321616 2.06871 0 0 0 0 0 0 2.384 303 51 1 1 0
./complex_md-fit_821.pdb BC A 6.17293 38.1887 -7.73262 -6.92194 -10.2927 -21.0516 -1.00142 38.0919 -20.8748 5.69012 6.21244 1.9213 0 0 0 0.494155 1.58709 0 0 0 0 0 0 2.384 303 48 1 1 0
./complex_md-fit_822.pdb BC A 6.93445 31.7293 -10.66 -5.87433 -10.2498 -22.2151 -0.618187 37.9347 -22.1427 4.19001 4.3467 3.5446 0 0 0 0.424092 1.98686 0 0 0 0 0 0 2.384 303 54 0 0 0
./complex_md-fit_823.pdb BC A 7.74845 29.554 -13.3267 -4.79204 -9.33514 -22.0614 -0.664742 37.8795 -22.4143 1.42696 4.57014 1.54984 0 0 0 0.531267 2.15198 -0.0168113 0 0 0 0 0 2.384 303 48 0 0 0
./complex_md-fit_824.pdb BC A 7.52444 31.4769 -10.9209 -5.96125 -11.4961 -21.6836 -0.823581 37.6979 -21.6494 3.68798 5.5167 3.39531 0 0 0 0.395175 1.72316 0 0 0 0 0 0 2.384 303 50 0 0 0
./complex_md-fit_825.pdb BC A 8.17586 33.2464 -11.9276 -6.95605 -11.2835 -22.8657 -0.644271 40.8094 -22.472 2.08383 6.58557 2.33385 0 0 0 0.495576 1.73955 -0.0141574 0 0 0 0 0 2.384 303 53 0 0 0
./complex_md-fit_826.pdb BC A 8.12858 35.2289 -5.94971 -4.49837 -8.77117 -21.225 -0.722885 37.6625 -21.1648 5.29588 5.11219 1.79365 0 0 0 0.568217 3.03056 0 0 0 0 0 0 2.384 303 50 1 1 0
./complex_md-fit_827.pdb BC A 7.92081 35.7292 -9.0253 -5.51653 -9.84624 -22.6115 -0.515699 40.7865 -22.467 3.51658 5.14313 1.87259 0 0 0 0.591758 3.2209 0.021115 0 0 0 0 0 2.384 303 53 1 1 0
./complex_md-fit_828.pdb BC A 8.63345 35.9522 -15.7861 -6.7464 -12.7307 -20.5785 -0.768648 35.52 -20.1476 1.11738 6.04607 2.06437 0 0 0 0.437884 1.55042 0 0 0 0 0 0 2.384 303 51 0 0 0
./complex_md-fit_829.pdb BC A 8.56486 34.834 -11.9334 -6.25241 -10.2291 -21.7631 -0.691798 38.0212 -21.9233 3.78252 4.99707 2.04872 0 0 0 0.0578723 2.19568 0.0189323 0 0 0 0 0 2.384 303 49 0 0 0
./complex_md-fit_82.pdb BC A 5.88649 40.8079 -12.6963 -5.75708 -14.5551 -23.7447 -0.91202 41.8835 -23.4675 2.63454 8.63429 2.36983 0 0 0 0.227387 2.32758 -0.00942059 0 0 0 0 0 2.384 303 49 0 0 0
./complex_md-fit_830.pdb BC A 8.48122 28.4336 -9.14073 -6.88041 -9.71524 -22.2954 -0.711504 39.9234 -21.8079 3.93626 6.62837 1.48181 0 0 0 0.299868 2.38399 0 0 0 0 0 0 2.384 303 50 1 1 0
./complex_md-fit_831.pdb BC A 7.38442 26.031 -11.4873 -5.64348 -9.33319 -23.0505 -0.784275 39.6421 -23.623 3.68623 4.84822 2.62432 0 0 0 0.146306 2.16533 0 0 0 0 0 0 2.384 303 53 0 0 0
./complex_md-fit_832.pdb BC A 9.22321 39.5115 -10.4273 -6.65924 -9.18929 -24.2864 -0.512198 43.0621 -24.3893 4.18256 4.60603 2.15073 0 0 0 0.607749 2.23811 3.46945e-18 0 0 0 0 0 2.384 303 54 0 0 0
./complex_md-fit_833.pdb BC A 6.98356 33.391 -17.4934 -6.81116 -12.1686 -22.8623 -0.749051 38.5756 -23.4953 2.2636 4.76488 2.36272 0 0 0 0.538848 2.08342 0.0872884 0 0 0 0 0 2.384 303 54 0 0 0
./complex_md-fit_834.pdb BC A 7.43934 38.4348 -13.2534 -5.50202 -10.1124 -22.469 -0.536644 39.1068 -22.7332 1.76079 4.6374 1.94247 0 0 0 0.652375 2.31268 0 0 0 0 0 0 2.384 303 52 0 0 0
./complex_md-fit_835.pdb BC A 8.12877 35.3214 -14.2663 -8.25008 -9.30705 -21.9333 -0.668644 38.1403 -22.5449 3.53713 4.51184 1.97422 0 0 0 0.274225 1.81971 0 0 0 0 0 0 2.384 303 52 0 0 0
./complex_md-fit_836.pdb BC A 7.58848 36.3236 -15.566 -6.74556 -13.5378 -23.0342 -0.750651 39.8997 -23.1853 3.50833 5.9856 1.8478 0 0 0 0.446037 2.72793 0 0 0 0 0 0 2.384 303 55 0 0 0
./complex_md-fit_837.pdb BC A 9.31327 30.5311 -17.1936 -7.08213 -12.8235 -23.0751 -0.761915 39.6393 -23.2421 1.67056 6.54932 1.50993 0 0 0 0.422048 2.34539 0 0 0 0 0 0 2.384 303 54 0 0 0
./complex_md-fit_838.pdb BC A 9.96667 30.9349 -9.77288 -6.40684 -10.4251 -21.0891 -0.827332 37.4795 -21.1248 3.87422 5.97668 2.61008 0 0 0 0.140771 1.69121 0.0190163 0 0 0 0 0 2.384 303 52 0 0 0
./complex_md-fit_839.pdb BC A 7.02565 36.5552 -8.60403 -6.8954 -10.8561 -23.2519 -1.00617 41.5428 -22.9536 5.99974 5.82801 2.11849 0 0 0 0.863443 1.91795 0 0 0 0 0 0.00660029 2.384 303 54 2 2 0
./complex_md-fit_83.pdb BC A 10.2707 34.0139 -9.42543 -6.54938 -15.4352 -24.1105 -1.02407 43.0622 -23.2213 5.70252 9.23693 2.62956 0 0 0 0.306153 2.17933 -0.0222971 0 0 0 0 0 2.384 303 51 1 1 0
./complex_md-fit_840.pdb BC A 8.37185 29.3784 -11.3271 -7.59463 -11.2673 -22.28 -0.723853 39.2472 -21.8411 5.12411 5.53663 2.04688 0 0 0 0.404468 1.99261 0.0205807 0 0 0 0 0 2.384 303 51 0 0 0
./complex_md-fit_841.pdb BC A 8.00299 31.4102 -12.9418 -5.7367 -14.2944 -22.8211 -0.763386 40.5874 -22.4482 4.15417 6.65855 1.33137 0 0 0 0.370099 2.85874 0.0203945 0 0 0 0 0 2.384 303 50 1 1 0
./complex_md-fit_842.pdb BC A 7.15213 28.5573 -16.2628 -6.40501 -11.5893 -22.6424 -0.480199 38.8284 -22.4439 1.64642 4.72464 1.88582 0 0 0 0.232657 2.12949 -0.0199824 0 0 0 0 0 2.384 303 49 0 0 0
./complex_md-fit_843.pdb BC A 6.16296 38.8493 -12.0342 -6.55254 -11.748 -20.9661 -0.772134 36.9694 -20.9497 3.73956 6.59381 1.31944 0 0 0 0.331992 1.72943 0 0 0 0 0 0 2.384 303 50 1 1 0
./complex_md-fit_844.pdb BC A 10.8683 31.2823 -6.29294 -4.86471 -9.71673 -22.7634 -0.815063 41.6351 -22.6854 4.42548 5.86017 2.37298 0 0 0 0.272196 2.03163 -0.0135201 0 0 0 0 0 2.384 303 54 1 1 0
./complex_md-fit_845.pdb BC A 8.91134 32.8683 -11.1806 -4.53253 -11.5751 -23.2248 -0.545535 40.3828 -23.4126 3.4753 4.95628 2.71321 0 0 0 0.582457 2.31078 1.11022e-16 0 0 0 0 0 2.384 303 54 0 0 0
./complex_md-fit_846.pdb BC A 8.31812 26.0305 -14.2431 -6.94066 -11.6063 -21.9707 -0.834072 38.712 -21.6 0.704491 6.51162 2.65068 0 0 0 0.106352 2.10105 0.0233737 0 0 0 0 0 2.384 303 51 0 0 0
./complex_md-fit_847.pdb BC A 9.94247 28.9 -13.8547 -7.19418 -11.9806 -22.6286 -0.880437 39.823 -22.4429 3.12684 6.05304 1.73891 0 0 0 0.530196 2.53222 0 0 0 0 0 0 2.384 303 53 1 1 0
./complex_md-fit_848.pdb BC A 8.23064 35.0479 -10.5949 -7.39259 -12.2597 -21.9372 -0.852826 39.3521 -21.789 5.61478 5.80391 2.60221 0 0 0 0.263349 2.18253 0 0 0 0 0 0 2.384 303 52 0 0 0
./complex_md-fit_849.pdb BC A 9.34291 31.0535 -14.2067 -5.19629 -13.6612 -22.808 -0.610842 39.0771 -23.1099 5.26536 4.61492 1.6101 0 0 0 0.649516 2.31907 -0.0374039 0 0 0 0 0 2.384 303 52 0 0 0
./complex_md-fit_84.pdb BC A 8.94417 27.8384 -6.68035 -5.87062 -11.4123 -23.9071 -0.883978 44.0113 -23.5393 5.38961 7.53878 1.83259 0 0 0 0.160675 2.32033 2.77556e-17 0 0 0 0 0 2.384 303 51 2 2 0
./complex_md-fit_850.pdb BC A 7.6627 38.1609 -15.9975 -6.75612 -14.9307 -23.8122 -0.795369 40.9603 -23.9364 4.00086 6.51951 2.43775 0 0 0 0.314874 3.56163 -5.55112e-17 0 0 0 0 0 2.384 303 52 0 0 0
./complex_md-fit_851.pdb BC A 9.59952 36.5422 -12.5065 -7.57718 -11.8369 -22.8124 -0.683253 40.6945 -22.6959 3.48075 5.94243 2.65314 0 0 0 0.320318 2.90028 -2.77556e-17 0 0 0 0 0.00810444 2.384 303 52 0 0 0
./complex_md-fit_852.pdb BC A 10.3372 31.0386 -15.6866 -6.38456 -10.702 -22.4204 -0.785468 38.1291 -22.4357 1.89418 4.77192 1.64544 0 0 0 0.615875 1.93729 -0.0149433 0 0 0 0 0 2.384 303 52 0 0 0
./complex_md-fit_853.pdb BC A 6.93856 33.1391 -13.1826 -6.49233 -10.1617 -23.0924 -0.697672 39.6213 -23.371 3.99637 4.98077 1.84008 0 0 0 0.186891 2.35269 0.00716194 0 0 0 0 0 2.384 303 50 1 1 0
./complex_md-fit_854.pdb BC A 8.83593 38.1528 -5.99231 -6.25211 -8.87973 -23.3529 -0.7901 43.4195 -23.3171 4.94283 5.48269 2.38533 0 0 0 0.369243 2.32631 0 0 0 0 0 0 2.384 303 54 2 2 0
./complex_md-fit_855.pdb BC A 6.15177 38.9303 -10.4851 -5.92311 -8.84667 -23.6871 -0.549396 40.7624 -24.1987 5.3531 4.91099 1.02256 0 0 0 0.655796 2.51891 0.0149948 0 0 0 0 0 2.384 303 53 1 1 0
./complex_md-fit_856.pdb BC A 8.41288 32.0035 -15.5089 -6.19142 -11.8978 -22.8676 -0.631433 38.4118 -22.8851 2.22457 6.16904 1.68656 0 0 0 0.47247 2.02322 5.55112e-17 0 0 0 0 0 2.384 303 53 0 0 0
./complex_md-fit_857.pdb BC A 8.09378 26.1748 -13.4694 -6.57619 -12.977 -23.3217 -0.970343 41.5354 -23.3197 2.81415 6.80663 2.41215 0 0 0 0.13243 2.91272 -0.0173485 0 0 0 0 0.0120585 2.384 303 55 0 0 0
./complex_md-fit_858.pdb BC A 8.49243 33.0433 -11.105 -6.92371 -11.2174 -23.9176 -0.896828 41.8745 -23.9924 4.62201 6.99009 1.81171 0 0 0 0.589934 3.09332 -0.0542765 0 0 0 0 0.00895655 2.384 303 53 2 2 0
./complex_md-fit_859.pdb BC A 6.45153 31.6694 -10.6793 -8.26678 -11.9117 -24.0542 -1.12815 41.6332 -23.9931 6.22752 7.75298 2.72209 0 0 0 0.327325 2.0432 0.0115455 0 0 0 0 0 2.384 303 54 1 1 0
./complex_md-fit_85.pdb BC A 8.19436 26.1702 -10.1172 -7.02671 -14.4151 -23.6121 -1.15813 42.3268 -22.7686 3.6047 9.21075 3.31799 0 0 0 0.437777 2.10915 -0.0345787 0 0 0 0 0 2.384 303 50 0 0 0
./complex_md-fit_860.pdb BC A 8.66317 32.5871 -15.0054 -7.37672 -13.6312 -23.2077 -0.919 39.2935 -23.3512 4.73177 5.65628 3.31749 0 0 0 0.496749 3.55095 -0.0207588 0 0 0 0 0.00536448 2.384 303 54 0 0 0
./complex_md-fit_861.pdb BC A 9.06384 38.3138 -17.6445 -8.39017 -14.8324 -24.2479 -0.986859 42.4153 -24.528 2.21007 7.60933 2.83409 0 0 0 0.272016 2.33179 0 0 0 0 0 0 2.384 303 54 0 0 0
./complex_md-fit_862.pdb BC A 5.68803 31.4753 -12.1998 -6.92873 -11.61 -24.4413 -0.757639 42.8249 -25.1752 4.00876 6.45827 3.08755 0 0 0 0.353915 2.06471 -0.0202613 0 0 0 0 0 2.384 303 55 0 0 0
./complex_md-fit_863.pdb BC A 8.37639 31.1709 -11.7581 -8.63468 -12.2801 -24.499 -1.01313 44.5872 -24.5073 3.21664 8.26002 2.60427 0 0 0 0.531548 2.09978 -0.0236038 0 0 0 0 0 2.384 303 54 0 0 0
./complex_md-fit_864.pdb BC A 7.68015 36.0753 -14.8055 -7.67403 -11.3905 -24.6292 -0.940584 42.6719 -25.0555 4.17588 6.1547 1.19866 0 0 0 0.695844 3.03724 -0.0184598 0 0 0 0 0.00578593 2.384 303 54 1 1 0
./complex_md-fit_865.pdb BC A 9.6926 40.5142 -11.1681 -6.10537 -10.5326 -25.8209 -0.995641 45.4832 -26.2478 4.26795 5.75324 2.84075 0 0 0 0.188991 3.40916 0 0 0 0 0 0 2.384 303 58 1 1 0
./complex_md-fit_866.pdb BC A 6.4951 33.0613 -10.2009 -8.02902 -9.17129 -24.1424 -0.900525 42.1348 -24.9832 4.19699 6.18699 3.82652 0 0 0 0.701077 2.59253 -0.0208115 0 0 0 0 0 2.384 303 53 1 1 0
./complex_md-fit_867.pdb BC A 8.95474 35.5749 -9.76669 -5.36664 -13.2856 -23.1803 -1.17289 41.0228 -22.9488 6.09603 6.88944 1.73326 0 0 0 0.444501 1.99138 -0.0168531 0 0 0 0 0.0184674 2.384 303 53 2 2 0
./complex_md-fit_868.pdb BC A 7.06954 34.1126 -11.9056 -6.13616 -10.0285 -23.3463 -1.0829 39.5672 -23.2295 4.88445 5.54135 1.641 0 0 0 0.295609 1.98028 -0.0206245 0 0 0 0 0.00881942 2.384 303 54 1 1 0
./complex_md-fit_869.pdb BC A 7.9075 32.5646 -14.2645 -7.02889 -14.9014 -22.9004 -0.977032 40.3401 -23.261 3.77221 7.28039 3.02808 0 0 0 0.344355 1.99634 0.0390244 0 0 0 0 0 2.384 303 55 0 0 0
./complex_md-fit_86.pdb BC A 6.63348 31.2405 -12.2238 -6.19101 -15.5222 -23.6628 -0.942369 41.7187 -23.0493 3.9889 8.60379 2.53838 0 0 0 0.265421 2.28357 0 0 0 0 0 0.028638 2.384 303 55 0 0 0
./complex_md-fit_870.pdb BC A 6.88166 25.8772 -11.2668 -9.40174 -10.1498 -23.8519 -0.911742 41.8773 -23.9171 5.0624 7.35304 2.28399 0 0 0 0.367346 1.95722 0.021398 0 0 0 0 0 2.384 303 55 1 1 0
./complex_md-fit_871.pdb BC A 8.8096 35.0104 -15.3134 -7.49353 -14.1613 -24.398 -0.867839 43.0233 -24.4564 3.38374 6.89166 2.03447 0 0 0 0.729459 2.42515 0.000999089 0 0 0 0 0 2.384 303 55 0 0 0
./complex_md-fit_872.pdb BC A 7.91178 37.936 -10.8062 -7.19274 -11.955 -24.1056 -0.863818 42.5814 -24.0839 4.51868 6.86343 2.70338 0 0 0 0.750607 2.16358 -0.0226595 0 0 0 0 0 2.384 303 55 0 0 0
./complex_md-fit_873.pdb BC A 7.3982 26.6761 -14.6072 -8.96764 -11.0416 -23.8121 -0.60688 41.8594 -23.663 2.82313 5.52121 2.79197 0 0 0 0.483712 2.31236 0.00470858 0 0 0 0 0 2.384 303 57 0 0 0
./complex_md-fit_874.pdb BC A 7.97711 32.7941 -11.7382 -8.17647 -10.2971 -22.8904 -0.544417 39.3995 -23.1652 4.87947 6.42394 1.90632 0 0 0 0.721416 1.9612 0 0 0 0 0 0.00472158 2.384 303 53 0 0 0
./complex_md-fit_875.pdb BC A 7.24135 35.7066 -18.2962 -8.01868 -13.1006 -23.9907 -0.810656 41.1684 -24.0219 2.29827 6.78034 0.722225 0 0 0 0.698758 2.60542 -0.0217857 0 0 0 0 0 2.384 303 50 0 0 0
./complex_md-fit_876.pdb BC A 9.55058 41.4632 -10.8582 -7.64918 -12.2908 -24.9031 -0.752828 44.1358 -25.076 5.72156 7.16755 2.05245 0 0 0 0.740125 2.99015 -0.0037149 0 0 0 0 0 2.384 303 52 1 1 0
./complex_md-fit_877.pdb BC A 9.618 32.3498 -7.28107 -8.44647 -9.53152 -22.7815 -0.821956 40.5812 -22.8288 6.2176 6.7459 2.86446 0 0 0 0.743785 2.75097 -0.0236867 0 0 0 0 0 2.384 303 54 1 1 0
./complex_md-fit_878.pdb BC A 8.59383 38.5257 -15.3554 -9.42917 -13.5646 -23.8924 -0.924267 41.3202 -24.1341 5.3931 8.01012 1.72154 0 0 0 0.110419 2.00398 0.0337939 0 0 0 0 0 2.384 303 52 0 0 0
./complex_md-fit_879.pdb BC A 8.45475 34.1116 -18.7399 -10.1075 -15.2121 -24.4398 -1.14716 42.2088 -24.44 4.26029 7.71239 2.05178 0 0 0 0.394554 2.01331 -0.0211313 0 0 0 0 0 2.384 303 54 0 0 0
./complex_md-fit_87.pdb BC A 11.5993 31.1846 -7.91558 -7.40895 -13.8176 -23.5053 -0.891226 42.0888 -23.1313 6.05732 8.51968 3.62672 0 0 0 0.557348 2.02756 -0.0111307 0 0 0 0 0 2.384 303 52 2 2 0
./complex_md-fit_880.pdb BC A 6.81315 28.2401 -12.8343 -7.42417 -11.676 -21.4145 -0.951168 36.089 -21.6022 2.71395 7.80142 3.04096 0 0 0 0.61143 1.62269 -0.0231398 0 0 0 0 1.11022e-16 2.384 303 52 0 0 0
./complex_md-fit_881.pdb BC A 9.66962 29.056 -16.4912 -7.59627 -14.4632 -21.5912 -0.954359 37.8676 -21.7017 2.11167 7.76826 1.80218 0 0 0 0.265787 1.46562 0 0 0 0 0 0 2.384 303 49 0 0 0
./complex_md-fit_882.pdb BC A 9.25062 37.6988 -8.85679 -5.53311 -9.01849 -21.0422 -0.675687 36.7573 -21.231 4.23174 5.80998 1.51092 0 0 0 0.333736 1.79705 0 0 0 0 0 0 2.384 303 52 0 0 0
./complex_md-fit_883.pdb BC A 10.6635 30.8763 -7.82837 -6.18906 -11.1331 -23.7882 -1.06941 42.8853 -23.8771 5.20708 7.04661 2.41281 0 0 0 0.676648 3.4135 -1.11022e-16 0 0 0 0 0 2.384 303 54 0 0 0
./complex_md-fit_884.pdb BC A 9.64208 36.7769 -12.6625 -7.24684 -12.4984 -23.388 -0.757391 40.7817 -23.6563 5.27256 7.24507 1.24963 0 0 0 0.335551 1.73841 0 0 0 0 0 0 2.384 303 57 1 1 0
./complex_md-fit_885.pdb BC A 7.46474 40.1186 -16.4751 -8.69416 -11.8596 -23.031 -0.611228 39.3767 -23.8395 1.54123 7.51076 2.35843 0 0 0 0.771663 1.96445 0 0 0 0 0 0.00158352 2.384 303 54 0 0 0
./complex_md-fit_886.pdb BC A 7.07343 39.4946 -12.7229 -7.86892 -13.115 -25.0533 -0.919615 44.6021 -25.0869 4.60345 7.15737 2.32544 0 0 0 0.615653 1.82836 0 0 0 0 0 0.0167813 2.384 303 58 0 0 0
./complex_md-fit_887.pdb BC A 7.46792 36.213 -12.3826 -7.38657 -8.66856 -23.0058 -0.908609 38.536 -23.5501 4.05905 4.54452 3.58435 0 0 0 0.413222 2.0144 0 0 0 0 0 0 2.384 303 57 0 0 0
./complex_md-fit_888.pdb BC A 9.5002 34.6293 -7.36945 -5.9539 -13.0121 -23.343 -1.06765 42.9702 -23.2652 5.80433 7.34376 2.67927 0 0 0 0.488504 2.34209 -0.0137099 0 0 0 0 0 2.384 303 59 1 1 0
./complex_md-fit_889.pdb BC A 6.05092 38.5246 -7.50792 -9.2439 -12.6832 -24.2776 -0.899277 43.6836 -24.0378 8.45692 8.6175 2.70808 0 0 0 0.187136 2.03782 -0.0193775 0 0 0 0 0 2.384 303 54 0 0 0
./complex_md-fit_88.pdb BC A 8.96954 34.2227 -14.5143 -6.69197 -14.5033 -23.4586 -0.91325 39.4213 -23.3369 3.7128 7.00971 3.9274 0 0 0 0.318447 2.43572 0 0 0 0 0 0 2.384 303 52 0 0 0
./complex_md-fit_890.pdb BC A 8.47608 30.0409 -14.0983 -6.91837 -13.7998 -24.3591 -1.01722 42.8767 -24.397 2.93678 7.9989 2.22651 0 0 0 0.34741 3.52575 -5.55112e-17 0 0 0 0 0.00691822 2.384 303 54 0 0 0
./complex_md-fit_891.pdb BC A 9.40393 37.0017 -12.7414 -7.31802 -13.0382 -24.7007 -0.614791 44.2062 -24.9937 3.65579 6.67125 2.88922 0 0 0 0.501667 2.18311 -1.11022e-16 0 0 0 0 0 2.384 303 54 0 0 0
./complex_md-fit_892.pdb BC A 8.86957 39.6415 -3.96449 -7.82266 -7.76069 -23.7023 -0.855605 42.1867 -23.8637 8.46297 6.38641 2.75458 0 0 0 0.272202 2.15945 -0.0223706 0 0 0 0 0 2.384 303 55 1 1 0
./complex_md-fit_893.pdb BC A 6.57419 32.4938 -16.4352 -8.1647 -15.5925 -24.6571 -0.817474 42.3118 -24.64 5.26031 7.17436 1.912 0 0 0 0.778162 2.38675 0 0 0 0 0 0 2.384 303 56 1 1 0
./complex_md-fit_894.pdb BC A 7.50964 34.3477 -11.0812 -6.5035 -12.7197 -22.7905 -0.840737 39.9702 -22.5748 5.07967 6.7702 2.09458 0 0 0 0.433322 2.0843 0 0 0 0 0 0 2.384 303 58 1 1 0
./complex_md-fit_895.pdb BC A 6.31434 36.3815 -8.29115 -5.25058 -11.4678 -24.128 -0.534958 42.7484 -24.6094 4.31622 7.702 2.53496 0 0 0 0.415308 3.25053 -0.0173386 0 0 0 0 0 2.384 303 57 0 0 0
./complex_md-fit_896.pdb BC A 10.1624 30.649 -11.8305 -7.73388 -10.6113 -23.2077 -0.757245 41.5274 -23.3829 2.21327 7.0573 2.29379 0 0 0 0.770781 1.99184 0 0 0 0 0 0 2.384 303 52 0 0 0
./complex_md-fit_897.pdb BC A 8.29617 41.9895 -7.533 -6.46965 -9.68051 -22.3011 -0.535113 40.172 -21.995 4.8716 5.87723 2.41611 0 0 0 0.111493 2.28896 -1.11022e-16 0 0 0 0 0 2.384 303 54 0 0 0
./complex_md-fit_898.pdb BC A 6.81843 36.4285 -11.0208 -5.47293 -8.997 -23.3668 -0.617011 40.703 -23.8659 4.4983 4.75481 0.78315 0 0 0 0.582588 2.07715 -0.0230543 0 0 0 0 0 2.384 303 53 0 0 0
./complex_md-fit_899.pdb BC A 6.73683 31.3169 -7.95186 -4.03712 -8.88988 -24.0321 -0.770685 41.3909 -24.7924 6.89047 4.24675 1.79263 0 0 0 0.277526 3.46079 -0.0278564 0 0 0 0 0 2.384 303 52 1 1 0
./complex_md-fit_89.pdb BC A 6.74047 31.0237 -15.516 -7.22361 -15.9416 -23.1394 -1.03136 40.443 -22.5321 3.69757 7.10008 2.80152 0 0 0 0.323184 2.16386 -0.0341233 0 0 0 0 0.0208117 2.384 303 48 0 0 0
./complex_md-fit_8.pdb BC A 6.50253 24.9959 -3.16011 -5.01371 -15.7974 -24.45 -1.09183 44.4314 -23.9897 10.3906 9.80137 2.14945 0 0 0 0.409735 3.51248 0 0 0 0 0 0 2.384 303 55 3 3 0
./complex_md-fit_900.pdb BC A 8.11236 32.3773 -10.0887 -8.88613 -10.3424 -24.1684 -0.72933 43.9088 -24.3188 4.9555 6.33478 2.92646 0 0 0 0.25292 3.23045 -0.0221099 0 0 0 0 0 2.384 303 55 0 0 0
./complex_md-fit_901.pdb BC A 7.24177 40.6246 -4.25751 -6.61936 -10.2691 -24.6702 -0.707126 43.9288 -24.5367 8.3831 5.875 3.10333 0 0 0 1.25478 2.22388 0 0 0 0 0 0 2.384 303 54 1 1 0
./complex_md-fit_902.pdb BC A 6.68118 32.5767 -11.9332 -6.81515 -10.7261 -24.927 -0.544043 42.8407 -25.2432 3.88266 6.37429 2.26963 0 0 0 0.974182 2.45254 -0.0191176 0 0 0 0 0 2.384 303 55 0 0 0
./complex_md-fit_903.pdb BC A 10.3873 34.0126 -16.2712 -6.37873 -12.6446 -23.7348 -0.552604 40.8356 -24.1184 1.69092 6.44975 1.44168 0 0 0 0.717599 2.44595 0.0224126 0 0 0 0 0 2.384 303 53 0 0 0
./complex_md-fit_904.pdb BC A 8.28373 36.6516 -16.8916 -8.13588 -14.8899 -24.1109 -0.702487 41.1778 -24.2671 1.74468 8.77319 3.04027 0 0 0 0.434329 2.01377 0.0268537 0 0 0 0 0.0175935 2.384 303 54 0 0 0
./complex_md-fit_905.pdb BC A 7.2509 30.724 -18.7118 -7.99452 -13.7814 -23.1081 -0.780536 38.6786 -23.623 2.59319 6.38806 2.5096 0 0 0 0.419752 2.07429 -0.0133087 0 0 0 0 0 2.384 303 51 0 0 0
./complex_md-fit_906.pdb BC A 11.0255 36.8871 -7.76899 -6.68808 -10.9597 -24.3009 -0.650381 43.9617 -24.356 5.23204 6.67701 2.71014 0 0 0 0.643928 1.96206 -0.0387012 0 0 0 0 0 2.384 303 58 1 1 0
./complex_md-fit_907.pdb BC A 6.30464 31.2537 -10.2494 -6.99111 -11.8463 -24.704 -0.455967 43.4498 -25.0518 5.71104 7.73891 1.32506 0 0 0 0.575007 3.19632 0 0 0 0 0 0 2.384 303 58 1 1 0
./complex_md-fit_908.pdb BC A 6.37035 46.7396 -11.0975 -7.23517 -11.2724 -24.3425 -0.685426 42.6204 -24.6544 3.90952 6.75673 2.79075 0 0 0 1.0414 2.08655 -0.0403987 0 0 0 0 0.013938 2.384 303 51 1 1 0
./complex_md-fit_909.pdb BC A 6.62636 43.3791 -12.1368 -6.14966 -13.8544 -23.2654 -0.442187 41.6161 -22.9265 2.09629 7.50237 2.61537 0 0 0 0.643136 3.20706 0.0279712 0 0 0 0 0 2.384 303 55 0 0 0
./complex_md-fit_90.pdb BC A 7.49905 38.0219 -12.6667 -6.3887 -13.6719 -22.9999 -1.1484 40.434 -22.4516 4.06312 6.11403 3.06737 0 0 0 0.315271 2.29277 0 0 0 0 0 0 2.384 303 49 0 0 0
./complex_md-fit_910.pdb BC A 7.84919 41.3551 -5.65072 -4.07425 -10.5734 -22.2977 -0.668511 39.9146 -22.3937 4.88216 6.63832 2.55915 0 0 0 0.343358 2.97105 0.0191982 0 0 0 0 0 2.384 303 48 2 2 0
./complex_md-fit_911.pdb BC A 7.15412 35.8812 -11.251 -5.87674 -9.50836 -23.5746 -0.521291 41.0744 -24.0795 2.89556 6.20977 1.53793 0 0 0 0.589198 2.16272 0 0 0 0 0 0.00253931 2.384 303 52 0 0 0
./complex_md-fit_912.pdb BC A 8.81991 31.7389 -16.9919 -6.75536 -12.3792 -22.131 -0.671978 36.8303 -22.3503 1.96427 5.10825 2.72224 0 0 0 0.671014 1.79628 0 0 0 0 0 0 2.384 303 52 0 0 0
./complex_md-fit_913.pdb BC A 7.07949 40.9507 -14.4241 -8.33256 -13.8063 -21.7828 -0.822906 38.6098 -21.0563 3.4001 6.3633 2.63707 0 0 0 0.366452 1.69148 0 0 0 0 0 0 2.384 303 48 2 2 0
./complex_md-fit_914.pdb BC A 7.39135 41.0884 -15.2304 -6.30984 -14.1919 -22.4505 -0.829774 37.9611 -22.4046 2.94372 6.52977 3.26179 0 0 0 0.253553 2.10051 0 0 0 0 0 0.00629569 2.384 303 49 0 0 0
./complex_md-fit_915.pdb BC A 8.73882 35.0719 -13.1747 -7.31754 -10.6764 -22.6758 -0.592733 38.9859 -22.9773 2.0283 6.4558 3.05747 0 0 0 0.537607 1.81857 0 0 0 0 0 0 2.384 303 50 0 0 0
./complex_md-fit_916.pdb BC A 7.89425 34.4247 -7.80813 -5.57155 -9.23418 -22.4407 -0.783944 40.3494 -22.0412 3.45207 5.13191 2.60282 0 0 0 0.708308 2.18858 0.01906 0 0 0 0 0 2.384 303 52 0 0 0
./complex_md-fit_917.pdb BC A 5.92416 39.8993 -12.6609 -5.66163 -11.1025 -23.3002 -0.511073 39.5931 -23.4994 3.35223 5.09172 1.88577 0 0 0 1.41542 2.49018 0.0756159 0 0 0 0 0 2.384 303 51 0 0 0
./complex_md-fit_918.pdb BC A 8.31553 33.8947 -9.33948 -7.76541 -10.7965 -23.8852 -0.703722 42.8009 -23.5802 5.57376 6.40406 2.11045 0 0 0 0.560789 3.92598 -0.0584013 0 0 0 0 0 2.384 303 49 0 0 0
./complex_md-fit_919.pdb BC A 10.6423 40.2821 -16.1307 -8.45127 -14.1408 -23.5291 -0.452205 41.9066 -23.315 1.9894 7.27131 1.85097 0 0 0 0.73939 2.0745 0 0 0 0 0 0 2.384 303 54 0 0 0
./complex_md-fit_91.pdb BC A 9.59115 28.3516 -8.61156 -6.95667 -13.2023 -22.5267 -1.11877 41.5317 -21.5799 4.36703 7.4809 3.06486 0 0 0 0.337387 2.27154 -0.00915495 0 0 0 0 0 2.384 303 49 0 0 0
./complex_md-fit_920.pdb BC A 7.06681 36.9536 -12.4343 -8.13519 -11.6519 -23.0604 -0.562971 40.6587 -22.6669 4.56318 5.79137 2.03509 0 0 0 0.582271 1.9637 0 0 0 0 0 0.0125173 2.384 303 51 0 0 0
./complex_md-fit_921.pdb BC A 8.40009 26.6623 -10.0865 -7.57536 -10.5726 -22.7358 -0.622594 40.8431 -22.4511 4.41396 5.2621 2.63675 0 0 0 0.694488 2.11132 0.020672 0 0 0 0 0 2.384 303 51 0 0 0
./complex_md-fit_922.pdb BC A 8.98584 37.5321 -4.62748 -5.77154 -11.6531 -25.3208 -0.902936 46.0238 -25.4323 6.91245 7.53293 3.49346 0 0 0 0.490534 2.32893 0 0 0 0 0 0 2.384 303 54 0 0 0
./complex_md-fit_923.pdb BC A 8.42945 30.2013 -7.31136 -6.76559 -9.2541 -22.1341 -0.653867 39.6285 -22.0738 5.70035 5.50909 2.11276 0 0 0 0.61937 1.81305 1.11022e-16 0 0 0 0 0 2.384 303 51 1 1 0
./complex_md-fit_924.pdb BC A 10.8799 32.6927 -7.81206 -5.12223 -9.43221 -24.4576 -0.553192 44.2557 -24.3621 3.78086 5.58818 2.14182 0 0 0 0.396941 2.40076 -0.0481775 0 0 0 0 0 2.384 303 53 0 0 0
./complex_md-fit_925.pdb BC A 9.79379 38.9057 -11.6363 -8.46197 -11.9721 -24.0018 -0.573251 43.9606 -23.602 3.73435 6.66885 1.72152 0 0 0 0.859312 2.77106 0.0302451 0 0 0 0 0 2.384 303 54 0 0 0
./complex_md-fit_926.pdb BC A 7.94805 35.5012 -11.675 -6.77936 -11.7161 -23.9704 -0.752491 42.901 -24.0653 4.6038 6.45786 1.17809 0 0 0 0.5041 2.25836 -0.0361748 0 0 0 0 0 2.384 303 54 1 1 0
./complex_md-fit_927.pdb BC A 5.99188 33.6851 -12.8803 -7.87667 -10.7774 -22.563 -0.772887 39.8958 -22.6047 2.93751 6.40974 2.1443 0 0 0 0.233639 1.72629 0.0935015 0 0 0 0 0 2.384 303 50 0 0 0
./complex_md-fit_928.pdb BC A 8.91861 34.0038 -14.9972 -6.42984 -13.0907 -24.7634 -0.636329 43.2523 -24.8301 3.12349 5.80717 2.06916 0 0 0 0.474207 2.70001 0.0268058 0 0 0 0 0 2.384 303 58 0 0 0
./complex_md-fit_929.pdb BC A 11.0897 42.191 -14.776 -8.6037 -10.4893 -22.7519 -0.734175 38.3002 -22.9373 5.05232 4.89362 2.32999 0 0 0 0.164298 1.9202 0 0 0 0 0 0 2.384 303 55 1 1 0
./complex_md-fit_92.pdb BC A 8.76364 28.9835 -6.73565 -7.09545 -16.0971 -23.2225 -1.30296 42.4907 -21.9703 5.49365 10.8586 3.75235 0 0 0 0.357356 2.31246 0 0 0 0 0 0 2.384 303 54 0 0 0
./complex_md-fit_930.pdb BC A 10.5988 37.4314 -13.038 -4.9659 -9.73502 -22.4061 -0.698873 38.4202 -22.944 3.29792 4.3639 1.07861 0 0 0 0.55119 2.7036 0 0 0 0 0 0 2.384 303 52 0 0 0
./complex_md-fit_931.pdb BC A 8.09782 37.1525 -12.454 -8.03062 -13.1814 -22.8937 -0.900629 41.2528 -22.5445 3.62734 7.40549 2.54672 0 0 0 0.264495 2.10488 0 0 0 0 0 0 2.384 303 50 0 0 0
./complex_md-fit_932.pdb BC A 6.58638 33.1359 -17.3523 -8.61106 -12.23 -22.9739 -0.84466 39.4925 -23.3631 2.47519 6.52119 1.68646 0 0 0 0.476093 2.09332 0 0 0 0 0 0.0190018 2.384 303 55 0 0 0
./complex_md-fit_933.pdb BC A 5.42159 35.1238 -12.7276 -6.91377 -10.9874 -21.7958 -0.699526 37.9474 -21.8411 3.11774 5.76128 2.29388 0 0 0 0.38965 2.4069 0 0 0 0 0 0 2.384 303 54 1 1 0
./complex_md-fit_934.pdb BC A 7.89376 40.7808 -20.7497 -8.64055 -14.8099 -22.7653 -0.77445 38.5624 -22.821 1.26241 6.76729 2.34607 0 0 0 0.123321 3.35379 0 0 0 0 0 0 2.384 303 51 0 0 0
./complex_md-fit_935.pdb BC A 6.73645 28.5744 -5.69589 -5.12674 -9.23566 -23.4095 -0.739153 42.8939 -23.2639 4.56174 6.42186 1.79853 0 0 0 0.370522 2.47264 0.0235177 0 0 0 0 0.00899467 2.384 303 53 1 1 0
./complex_md-fit_936.pdb BC A 10.688 30.3772 -13.3866 -7.40677 -11.166 -24.3017 -0.530073 43.6361 -24.1069 3.0953 5.52777 1.26419 0 0 0 0.627102 2.12579 -0.025671 0 0 0 0 0 2.384 303 56 0 0 0
./complex_md-fit_937.pdb BC A 8.05875 35.7756 -11.7297 -8.51159 -11.3289 -23.7679 -0.555471 43.2954 -23.2708 3.23065 6.87022 1.65565 0 0 0 0.653063 2.07935 0 0 0 0 0 0 2.384 303 52 0 0 0
./complex_md-fit_938.pdb BC A 8.84358 31.5749 -15.0372 -6.74295 -13.9444 -23.3081 -0.792582 40.3603 -23.3856 3.44504 7.57284 1.52342 0 0 0 0.145251 2.65368 0.0897711 0 0 0 0 0 2.384 303 55 0 0 0
./complex_md-fit_939.pdb BC A 6.06138 34.1647 -15.7027 -8.9319 -14.0125 -24.0092 -0.748571 41.7624 -24.0495 3.63553 7.97721 2.18204 0 0 0 0.418892 2.14398 0.0729042 0 0 0 0 0 2.384 303 54 0 0 0
./complex_md-fit_93.pdb BC A 6.12859 27.6156 -10.6185 -6.98264 -13.5979 -23.5745 -0.863431 41.7473 -22.911 4.14131 8.2469 2.86884 0 0 0 0.272878 2.33227 0.0268569 0 0 0 0 0.00686119 2.384 303 51 2 2 0
./complex_md-fit_940.pdb BC A 6.89589 33.108 -5.0583 -6.84941 -9.32132 -23.6923 -0.378501 43.0319 -23.7572 7.18941 5.85555 2.39523 0 0 0 0.468417 2.2907 -5.55112e-17 0 0 0 0 0 2.384 303 56 1 1 0
./complex_md-fit_941.pdb BC A 8.10792 37.7815 -12.827 -4.71512 -12.8855 -23.0929 -0.638559 41.1664 -23.1184 1.18747 7.26404 1.52715 0 0 0 0.478335 2.52811 0 0 0 0 0 0 2.384 303 54 0 0 0
./complex_md-fit_942.pdb BC A 7.86626 38.1677 -9.07711 -6.18364 -9.70678 -23.0899 -0.593911 41.6485 -23.249 2.93654 5.67559 3.10048 0 0 0 0.38501 2.74519 0 0 0 0 0 0 2.384 303 53 0 0 0
./complex_md-fit_943.pdb BC A 7.63204 36.8897 -3.31047 -4.6859 -8.38094 -24.183 -0.834672 42.148 -24.4922 9.60639 4.47623 2.89981 0 0 0 0.135902 2.35208 0 0 0 0 0 0 2.384 303 59 2 2 0
./complex_md-fit_944.pdb BC A 8.21952 28.0378 -12.3769 -8.05576 -10.8797 -23.1222 -0.632498 40.2366 -23.1577 3.55481 7.08005 2.12966 0 0 0 0.484025 1.89334 -0.014105 0 0 0 0 0 2.384 303 53 0 0 0
./complex_md-fit_945.pdb BC A 9.03701 37.487 -12.4426 -8.48847 -13.8147 -23.4076 -0.855804 42.4318 -23.1836 3.43564 7.99955 3.12858 0 0 0 0.305847 2.18448 0 0 0 0 0 0.00614571 2.384 303 52 0 0 0
./complex_md-fit_946.pdb BC A 6.9872 35.7095 -13.766 -9.13137 -10.8089 -24.2059 -0.832795 42.8766 -24.3084 2.96624 7.36179 1.71303 0 0 0 0.603654 1.95909 0 0 0 0 0 0 2.384 303 56 0 0 0
./complex_md-fit_947.pdb BC A 8.67964 39.1209 -10.557 -7.3019 -9.01672 -22.4901 -0.532625 39.3651 -22.7325 4.65669 4.56847 2.60564 0 0 0 0.298669 2.01821 0.0223376 0 0 0 0 0 2.384 303 53 1 1 0
./complex_md-fit_948.pdb BC A 8.44333 33.7829 -14.775 -7.78939 -12.1674 -22.1485 -0.725917 38.365 -22.0721 3.01462 6.65485 1.73162 0 0 0 0.362189 2.05466 0 0 0 0 0 0 2.384 303 54 1 1 0
./complex_md-fit_949.pdb BC A 9.31582 33.5855 -12.9261 -5.63274 -10.2676 -23.0591 -0.658491 40.7374 -22.9547 2.77122 4.67356 1.11676 0 0 0 0.381867 2.22961 -0.034247 0 0 0 0 0 2.384 303 55 0 0 0
./complex_md-fit_94.pdb BC A 6.69853 29.0696 -14.5246 -8.12884 -16.9987 -25.006 -1.11371 42.8285 -24.7017 4.64274 9.55208 4.11437 0 0 0 0.337243 2.63281 -0.0505745 0 0 0 0 0 2.384 303 50 0 0 0
./complex_md-fit_950.pdb BC A 9.83716 30.4763 -11.2201 -7.46514 -10.4852 -22.5812 -0.614122 41.3033 -22.3447 2.67596 6.25073 1.37542 0 0 0 0.665003 1.87212 -5.55112e-17 0 0 0 0 0 2.384 303 52 0 0 0
./complex_md-fit_951.pdb BC A 8.14786 32.5444 -12.9528 -8.73955 -11.7774 -23.1886 -0.645626 41.6284 -22.9706 1.6042 8.07545 2.53246 0 0 0 0.528589 2.00496 0 0 0 0 0 0 2.384 303 53 0 0 0
./complex_md-fit_952.pdb BC A 8.37671 36.0273 -10.6878 -5.8862 -10.4473 -23.2552 -0.533766 41.6812 -22.6804 3.74448 5.34132 1.09124 0 0 0 0.247196 2.89023 0 0 0 0 0 0.00968609 2.384 303 52 0 0 0
./complex_md-fit_953.pdb BC A 9.15951 43.8166 -14.7528 -6.62863 -12.73 -23.6773 -0.700642 41.6773 -23.4323 2.65124 6.75281 1.10536 0 0 0 0.210614 2.74668 0.0186921 0 0 0 0 0 2.384 303 54 0 0 0
./complex_md-fit_954.pdb BC A 7.8174 32.4907 -14.2948 -7.87387 -12.1401 -22.6512 -0.626729 40.6591 -22.5119 2.0327 6.87543 1.44566 0 0 0 0.496128 1.88139 0 0 0 0 0 0 2.384 303 53 0 0 0
./complex_md-fit_955.pdb BC A 9.73831 38.7493 -12.0243 -7.69544 -12.1774 -22.946 -0.420152 39.873 -23.0711 5.66682 7.01609 1.24878 0 0 0 0.451696 2.0085 0.0293557 0 0 0 0 0 2.384 303 55 0 0 0
./complex_md-fit_956.pdb BC A 6.7313 27.702 -12.2652 -7.49966 -10.9831 -21.9662 -0.861175 38.6125 -21.96 3.57844 6.12746 2.06943 0 0 0 0.617075 2.4389 0 0 0 0 0 0 2.384 303 51 0 0 0
./complex_md-fit_957.pdb BC A 8.77709 32.8188 -9.39788 -7.3647 -10.3165 -22.3611 -0.649073 38.9662 -22.7406 7.32093 5.4268 1.66787 0 0 0 0.584284 1.61588 0.0680501 0 0 0 0 0 2.384 303 47 2 2 0
./complex_md-fit_958.pdb BC A 6.73093 35.5889 -11.6386 -7.64393 -13.5763 -24.5297 -0.574543 44.0526 -24.4477 5.46302 7.03278 2.31461 0 0 0 0.270557 2.3014 0 0 0 0 0 0 2.384 303 55 0 0 0
./complex_md-fit_959.pdb BC A 7.3249 29.8439 -12.8955 -8.01889 -12.5381 -23.6999 -0.645573 42.4866 -23.4822 3.45141 7.80322 1.25421 0 0 0 0.472147 2.30083 0.0215356 0 0 0 0 0 2.384 303 52 1 1 0
./complex_md-fit_95.pdb BC A 9.87718 32.3335 -12.5135 -7.58109 -17.1229 -24.4061 -1.18772 44.6685 -23.6504 5.71389 8.27404 2.29416 0 0 0 0.484096 2.34538 0 0 0 0 0 0 2.384 303 52 1 1 0
./complex_md-fit_960.pdb BC A 6.16113 29.5496 -11.4192 -8.23967 -10.9926 -23.0983 -0.679554 40.5273 -23.2985 3.93764 7.10198 2.9256 0 0 0 0.396837 1.84291 0 0 0 0 0 0 2.384 303 52 1 1 0
./complex_md-fit_961.pdb BC A 7.29802 31.3735 -11.4793 -6.92776 -12.8881 -22.2674 -0.664449 38.6026 -22.3799 4.99406 7.03646 2.26767 0 0 0 0.747617 3.54034 -2.77556e-17 0 0 0 0 0 2.384 303 49 1 1 0
./complex_md-fit_962.pdb BC A 9.6846 34.8241 -14.0947 -7.72215 -11.3606 -25.0429 -0.625581 43.0747 -25.5796 3.68394 6.5766 2.41331 0 0 0 0.487659 3.36927 0 0 0 0 0 0 2.384 303 56 1 1 0
./complex_md-fit_963.pdb BC A 6.29026 29.7298 -2.76983 -5.19546 -9.77909 -23.9633 -0.58137 43.3412 -23.8284 6.30036 7.49515 2.60709 0 0 0 0.807967 3.94469 0.0259751 0 0 0 0 0 2.384 303 54 3 3 0
./complex_md-fit_964.pdb BC A 6.9662 36.6236 -7.64905 -6.80031 -10.4397 -22.0999 -0.90673 40.0446 -21.5733 5.17197 7.09126 1.66478 0 0 0 0.198384 1.77097 0 0 0 0 0 0 2.384 303 51 1 1 0
./complex_md-fit_965.pdb BC A 5.59341 31.9999 -10.9867 -7.10015 -10.854 -24.6528 -0.51894 42.7487 -25.0466 5.43768 5.61583 2.8699 0 0 0 0.51669 2.80465 -0.00302744 0 0 0 0 0 2.384 303 55 0 0 0
./complex_md-fit_966.pdb BC A 8.36401 30.7736 -13.5382 -5.46216 -11.801 -23.7909 -0.823763 41.0727 -24.0315 3.8019 4.47761 2.36066 0 0 0 0.635835 2.4931 0.0225115 0 0 0 0 0 2.384 303 55 0 0 0
./complex_md-fit_967.pdb BC A 6.99561 33.4913 -10.3045 -4.85556 -8.66937 -23.9318 -0.505731 41.3446 -24.5279 3.65636 5.06196 1.77589 0 0 0 0.357511 3.07841 -0.0103978 0 0 0 0 0 2.384 303 59 0 0 0
./complex_md-fit_968.pdb BC A 10.5543 37.9242 -8.9276 -7.53307 -9.86018 -24.2986 -0.543541 42.1165 -24.7159 6.49392 6.62913 2.34588 0 0 0 0.477604 2.04172 -0.0394526 0 0 0 0 0 2.384 303 55 0 0 0
./complex_md-fit_969.pdb BC A 6.30266 32.4068 -5.27025 -5.50097 -9.93107 -23.7954 -0.668977 42.4154 -24.0252 6.36529 7.01052 2.35551 0 0 0 0.538192 2.35664 -0.0381102 0 0 0 0 0.00459774 2.384 303 51 0 0 0
./complex_md-fit_96.pdb BC A 7.29806 34.2174 -7.59464 -5.37217 -12.6082 -24.2594 -0.960308 44.4617 -23.9386 5.41203 7.24224 1.9762 0 0 0 0.461881 4.09074 -0.0100452 0 0 0 0 0 2.384 303 51 1 1 0
./complex_md-fit_970.pdb BC A 7.38991 34.1477 -20.0458 -9.17758 -12.0426 -24.7036 -0.681248 40.6853 -25.6709 2.49032 5.64279 2.69518 0 0 0 0.71692 2.92874 -0.0195502 0 0 0 0 0.0191259 2.384 303 57 0 0 0
./complex_md-fit_971.pdb BC A 6.16637 33.6356 -19.7063 -10.0896 -12.7108 -25.2546 -0.60999 42.2774 -26.1536 3.46229 5.7126 3.2375 0 0 0 0.401534 2.2186 0.0209032 0 0 0 0 0 2.384 303 55 0 0 0
./complex_md-fit_972.pdb BC A 6.74675 35.9794 -14.6169 -9.06604 -13.3464 -25.6884 -0.800057 44.7979 -26.08 3.99511 8.43171 2.7257 0 0 0 0.413616 2.52199 0 0 0 0 0 0 2.384 303 56 0 0 0
./complex_md-fit_973.pdb BC A 8.1479 30.6525 -14.4649 -11.2569 -13.6275 -25.7986 -0.573785 44.8556 -26.1549 5.15698 7.57359 4.57399 0 0 0 0.756326 2.64216 0.0303202 0 0 0 0 0 2.384 303 56 1 1 0
./complex_md-fit_974.pdb BC A 7.07315 31.1209 -15.1804 -9.44784 -11.7715 -24.2206 -0.922208 42.5239 -24.6725 4.51769 6.3198 2.02234 0 0 0 0.481576 2.4261 -0.0110648 0 0 0 0 0 2.384 303 54 0 0 0
./complex_md-fit_975.pdb BC A 7.45726 35.1478 -15.7501 -9.29902 -11.6459 -25.6736 -0.848883 42.2264 -26.7728 6.15817 6.64373 3.12721 0 0 0 0.334601 2.38252 0 0 0 0 0 0 2.384 303 53 1 1 0
./complex_md-fit_976.pdb BC A 8.04912 39.7918 -12.0313 -9.44716 -9.57897 -25.772 -0.576042 44.6038 -26.5071 5.92939 6.71054 2.09963 0 0 0 0.501604 2.76115 0.0050182 0 0 0 0 0 2.384 303 55 0 0 0
./complex_md-fit_977.pdb BC A 7.60393 31.4606 -19.1535 -8.9937 -12.3893 -25.9609 -0.730206 43.6188 -26.5475 3.70189 6.18726 1.60942 0 0 0 0.273951 2.59652 0.0768548 0 0 0 0 0 2.384 303 53 0 0 0
./complex_md-fit_978.pdb BC A 7.34149 36.5994 -16.1169 -8.37388 -12.0189 -24.871 -0.547132 43.6483 -25.0608 3.33064 5.73061 1.55391 0 0 0 0.468457 3.3031 0.0229037 0 0 0 0 0 2.384 303 51 0 0 0
./complex_md-fit_979.pdb BC A 8.92344 29.8391 -8.15206 -6.08194 -8.51716 -22.5767 -0.493958 39.36 -22.6679 5.15695 4.84868 2.11675 0 0 0 0.627039 2.3175 0.0761421 0 0 0 0 0 2.384 303 54 0 0 0
./complex_md-fit_97.pdb BC A 7.08173 29.72 -12.7207 -7.81183 -14.2469 -23.1022 -0.956527 40.1046 -22.6375 3.94357 7.74179 3.85236 0 0 0 0.391988 2.23932 -5.55112e-17 0 0 0 0 0 2.384 303 52 0 0 0
./complex_md-fit_980.pdb BC A 8.60381 32.9285 -12.4047 -7.69563 -10.3767 -24.1495 -0.74639 42.7543 -24.1051 3.00728 6.52297 2.07235 0 0 0 0.31166 1.91455 0 0 0 0 0 0 2.384 303 54 0 0 0
./complex_md-fit_981.pdb BC A 6.83084 32.5113 -13.3065 -8.61506 -11.5503 -23.5551 -0.685087 41.4391 -23.9323 3.94723 6.9865 1.93754 0 0 0 0.649624 1.95931 0.0712557 0 0 0 0 9.40718e-05 2.384 303 52 1 1 0
./complex_md-fit_982.pdb BC A 6.27719 32.2722 -13.3647 -6.58325 -11.5329 -23.4265 -0.613996 40.6569 -24.0146 3.10278 6.65718 1.98768 0 0 0 0.322846 3.6078 0.0790734 0 0 0 0 0 2.384 303 52 0 0 0
./complex_md-fit_983.pdb BC A 8.05704 33.7853 -14.0451 -7.80045 -13.414 -24.1173 -0.595636 42.154 -24.421 2.88285 7.51524 3.00555 0 0 0 0.745623 2.85706 1.11022e-16 0 0 0 0 0 2.384 303 51 0 0 0
./complex_md-fit_984.pdb BC A 6.98851 31.5448 -11.2944 -6.92048 -11.6148 -24.0151 -0.528205 42.0841 -24.1087 4.98526 6.07012 2.25805 0 0 0 0.511933 2.37943 -0.0166238 0 0 0 0 0 2.384 303 53 0 0 0
./complex_md-fit_985.pdb BC A 6.89569 31.8327 -12.6916 -7.5893 -11.7338 -24.202 -0.809989 43.107 -24.0967 3.44467 6.27914 2.57965 0 0 0 0.329817 2.17806 0 0 0 0 0 0 2.384 303 52 1 1 0
./complex_md-fit_986.pdb BC A 6.69808 40.8447 -16.9261 -6.85923 -13.0098 -22.8072 -0.36922 37.3291 -23.06 2.11892 6.82929 2.01833 0 0 0 0.878607 2.16445 0.00514251 0 0 0 0 0 2.384 303 50 0 0 0
./complex_md-fit_987.pdb BC A 7.87532 33.0898 -15.048 -6.93909 -10.5448 -24.0977 -0.769751 41.4085 -24.4475 2.39291 6.01591 1.79416 0 0 0 0.139314 2.65516 0 0 0 0 0 0 2.384 303 53 0 0 0
./complex_md-fit_988.pdb BC A 9.36016 36.6914 -9.8287 -7.58997 -12.4669 -24.7512 -0.691896 45.4857 -24.2925 3.6424 7.29528 2.81598 0 0 0 0.765507 2.46902 -0.0410791 0 0 0 0 0 2.384 303 55 0 0 0
./complex_md-fit_989.pdb BC A 8.3478 28.3352 -14.2085 -8.42863 -11.8158 -23.5204 -0.772095 40.3271 -23.77 3.93161 6.40292 3.16357 0 0 0 0.314922 2.0723 -0.0417312 0 0 0 0 0 2.384 303 51 1 1 0
./complex_md-fit_98.pdb BC A 7.98975 25.9118 -9.572 -6.61583 -15.3433 -24.0025 -1.02243 43.4835 -23.5469 7.05517 7.96106 2.11652 0 0 0 0.342758 2.38017 0 0 0 0 0 0 2.384 303 51 2 2 0
./complex_md-fit_990.pdb BC A 9.0598 36.1037 -12.9866 -8.29457 -14.3705 -23.4554 -0.854399 41.9079 -23.1272 4.55607 6.64148 3.09782 0 0 0 0.912189 2.8134 0 0 0 0 0 0 2.384 303 51 0 0 0
./complex_md-fit_991.pdb BC A 7.3319 31.1569 -10.9552 -5.62153 -10.0813 -22.6412 -0.849885 39.699 -22.3614 2.92786 5.99348 1.52643 0 0 0 0.45327 3.10688 0 0 0 0 0 0 2.384 303 52 0 0 0
./complex_md-fit_992.pdb BC A 10.0202 26.7743 -12.685 -7.82535 -11.4121 -23.1254 -0.633229 40.1348 -22.9484 3.10668 7.17019 2.06897 0 0 0 0.778907 2.3188 -1.11022e-16 0 0 0 0 0 2.384 303 48 0 0 0
./complex_md-fit_993.pdb BC A 7.03723 34.6293 -6.79775 -6.71849 -9.72204 -23.41 -0.559038 42.2221 -23.6928 6.1933 5.64218 2.82169 0 0 0 0.425451 2.45845 0 0 0 0 0 0 2.384 303 52 1 1 0
./complex_md-fit_994.pdb BC A 7.84917 30.9049 -17.0565 -7.89081 -14.5449 -22.0781 -0.722174 38.4762 -21.9532 2.03882 7.07192 2.15626 0 0 0 0.389421 3.24412 0 0 0 0 0 0 2.384 303 52 0 0 0
./complex_md-fit_995.pdb BC A 8.55411 29.3261 -12.453 -6.27363 -10.0854 -22.3261 -0.790049 38.2801 -22.5026 2.90075 5.73652 2.03869 0 0 0 0.568694 3.86348 0 0 0 0 0 0 2.384 303 48 0 0 0
./complex_md-fit_996.pdb BC A 7.56843 30.3608 -10.3705 -6.03411 -10.0066 -22.9273 -0.635386 41.1438 -23.2942 5.19687 4.30762 1.34638 0 0 0 0.532374 2.76463 0 0 0 0 0 0 2.384 303 51 1 1 0
./complex_md-fit_997.pdb BC A 8.9321 33.6601 -11.3599 -6.89086 -13.4836 -23.4314 -0.619448 40.3628 -23.5483 7.05019 5.32683 3.32069 0 0 0 0.553214 2.35988 0 0 0 0 0 0 2.384 303 57 1 1 0
./complex_md-fit_998.pdb BC A 7.71888 34.3178 -6.87769 -6.78063 -11.7177 -22.3774 -0.752283 41.8348 -21.139 3.7852 8.0667 1.62031 0 0 0 0.591536 2.01276 -0.00919735 0 0 0 0 0 2.384 303 54 0 0 0
./complex_md-fit_999.pdb BC A 7.62229 33.8719 -13.6144 -7.64191 -13.6158 -22.8654 -0.525162 38.8776 -22.8391 5.21794 7.04824 2.03613 0 0 0 0.693098 2.30011 -5.55112e-17 0 0 0 0 0 2.384 303 54 1 1 0
./complex_md-fit_99.pdb BC A 8.92425 25.9317 -10.4884 -5.55079 -14.4253 -22.6618 -0.856093 40.5962 -22.1254 4.46335 7.17281 1.99728 0 0 0 0.832344 3.05387 0.0690529 0 0 0 0 0 2.384 303 49 0 0 0
./complex_md-fit_9.pdb BC A 6.84711 32.1475 -13.3024 -8.1276 -14.5443 -21.1669 -0.923795 35.8718 -20.8605 3.71765 8.09274 3.89165 0 0 0 0.746869 1.63528 0 0 0 0 0 0 2.384 303 48 2 2 0
