./complex_md-fit_1000.pdb BC A 5.85208 36.0115 -7.16125 -9.99668 -12.8954 -26.9607 -0.445973 47.7406 -26.1213 7.06102 9.52429 4.26226 0 0 0 0.63704 2.70764 0 0 0 0 0 0.0335541 2.384 303 50 1 1 0
./complex_md-fit_1001.pdb BC A 9.76604 33.2336 -11.4067 -11.7701 -14.2806 -27.0951 -0.624707 47.7922 -26.3263 6.41733 11.3441 2.65886 0 0 0 0.477612 2.39446 5.55112e-17 0 0 0 0 0 2.384 303 55 1 1 0
./complex_md-fit_100.pdb BC A 8.99668 28.5491 -13.2054 -5.52245 -14.9266 -24.3467 -0.839185 43.0772 -24.2279 3.61119 8.72651 0.839337 0 0 0 0.360749 2.25543 -0.0121898 0 0 0 0 0.0546327 2.384 303 50 0 0 0
./complex_md-fit_101.pdb BC A 8.64341 39.4258 -13.4435 -4.68232 -13.964 -23.2462 -0.583884 39.8579 -23.3119 3.36015 6.83308 1.98554 0 0 0 0.17934 2.94333 0.0712856 0 0 0 0 0.0575896 2.384 303 49 0 0 0
./complex_md-fit_102.pdb BC A 7.65903 37.244 -12.3998 -6.1059 -15.0469 -23.9531 -0.905977 41.8133 -23.9985 5.53084 8.09538 1.86341 0 0 0 0.257373 2.25392 0 0 0 0 0 0.0503114 2.384 303 53 0 0 0
./complex_md-fit_103.pdb BC A 8.16748 34.3028 -10.2075 -7.90757 -10.6812 -23.4516 -0.859583 42.1014 -23.0531 5.18496 6.49187 1.57669 0 0 0 0.401525 2.36851 -0.0107771 0 0 0 0 0 2.384 303 48 1 1 0
./complex_md-fit_104.pdb BC A 6.33713 32.625 -14.1403 -7.7986 -14.4298 -24.6482 -0.856223 43.3536 -24.2759 2.97665 8.37336 2.9144 0 0 0 0.2596 3.45095 -0.00914666 0 0 0 0 0 2.384 303 52 0 0 0
./complex_md-fit_105.pdb BC A 12.0719 26.0685 -13.9654 -6.5449 -12.5458 -23.2596 -0.922186 40.4198 -23.243 3.49406 7.01956 1.1151 0 0 0 0.501651 2.42846 0 0 0 0 0 0 2.384 303 52 0 0 0
./complex_md-fit_106.pdb BC A 8.53742 37.0598 -13.9205 -6.02006 -12.1017 -22.9354 -0.651782 38.8734 -22.8427 2.12054 7.00514 1.99779 0 0 0 0.574277 2.51864 0 0 0 0 0 0.0600255 2.384 303 46 0 0 0
./complex_md-fit_107.pdb BC A 7.54092 42.978 -12.196 -5.07206 -13.7395 -25.3045 -0.812398 43.9661 -25.633 4.44374 7.60907 1.99554 0 0 0 0.291139 2.41677 -0.0111993 0 0 0 0 0.0710401 2.384 303 49 0 0 0
./complex_md-fit_108.pdb BC A 6.73621 35.1172 -8.84625 -5.94878 -14.2167 -23.0223 -0.829146 40.2169 -22.7698 6.28376 8.95564 1.88452 0 0 0 0.528006 2.08265 0 0 0 0 0 0.0718289 2.384 303 52 0 0 0
./complex_md-fit_109.pdb BC A 8.43658 27.7314 -10.6677 -5.87173 -12.7497 -22.7246 -0.81215 38.9213 -22.7703 6.53115 6.45174 1.96899 0 0 0 0.314948 2.14339 1.11022e-16 0 0 0 0 0.072544 2.384 303 49 2 2 0
./complex_md-fit_10.pdb BC A 6.69641 33.6887 -14.4573 -7.69759 -19.4735 -24.8352 -1.08025 43.4076 -24.4014 5.11058 10.3088 3.40598 0 0 0 0.777499 3.53039 0.0202096 0 0 0 0 0 2.384 303 54 1 1 0
./complex_md-fit_110.pdb BC A 8.07646 34.633 -13.0955 -7.3492 -12.2858 -23.5139 -0.80632 40.9971 -23.9169 4.42321 6.85764 2.03796 0 0 0 0.392645 1.99582 0 0 0 0 0 0.0681111 2.384 303 49 0 0 0
./complex_md-fit_111.pdb BC A 7.86973 31.0622 -11.5086 -5.67409 -14.249 -24.7589 -0.887829 43.4499 -24.4878 4.16829 8.53153 1.88124 0 0 0 0.431376 2.30753 0.0225944 0 0 0 0 0.0641547 2.384 303 49 0 0 0
./complex_md-fit_112.pdb BC A 8.95501 21.7297 -12.79 -7.89687 -13.3281 -24.4517 -0.823462 43.33 -24.424 2.56935 8.06347 3.76233 0 0 0 0.362025 2.59614 0 0 0 0 0 0.0470208 2.384 303 48 0 0 0
./complex_md-fit_113.pdb BC A 6.76683 39.7207 -11.4476 -4.91836 -15.0311 -24.1044 -0.715677 41.8497 -24.1708 5.44515 7.2699 2.70729 0 0 0 0.220734 2.05614 -5.55112e-17 0 0 0 0 0 2.384 303 51 0 0 0
./complex_md-fit_114.pdb BC A 8.08957 35.4784 -14.2922 -6.96946 -13.9807 -23.3208 -0.669188 41.6589 -23.6049 2.7187 6.67541 2.61349 0 0 0 0.562169 1.91634 0.0240396 0 0 0 0 0 2.384 303 50 0 0 0
./complex_md-fit_115.pdb BC A 6.8744 36.9903 -14.2217 -6.82461 -14.0026 -24.7474 -0.750228 44.0283 -24.7631 2.53345 8.44676 1.28503 0 0 0 0.552531 1.87293 0.0200661 0 0 0 0 0 2.384 303 52 0 0 0
./complex_md-fit_116.pdb BC A 6.47167 37.849 -14.6904 -6.64381 -15.936 -23.5327 -0.632966 41.1722 -23.1445 4.49021 7.27669 1.67135 0 0 0 0.612439 1.85919 -0.0232588 0 0 0 0 0 2.384 303 47 0 0 0
./complex_md-fit_117.pdb BC A 6.65714 33.1487 -11.9468 -5.58346 -13.0179 -24.3115 -0.858189 43.153 -24.6493 4.95813 6.64626 1.54167 0 0 0 0.139799 1.97589 0.0265123 0 0 0 0 0.00824858 2.384 303 52 1 1 0
./complex_md-fit_118.pdb BC A 7.21697 36.6123 -16.919 -6.49543 -14.868 -23.266 -0.709583 40.2993 -23.3189 1.45611 7.34967 2.00205 0 0 0 0.631755 2.10447 0 0 0 0 0 0 2.384 303 50 0 0 0
./complex_md-fit_119.pdb BC A 8.82098 37.6996 -13.7622 -6.47264 -12.9277 -22.4417 -0.597612 39.3833 -22.5306 3.44816 5.96002 2.20138 0 0 0 0.215167 3.2092 0 0 0 0 0 0 2.384 303 53 1 1 0
./complex_md-fit_11.pdb BC A 6.53503 39.2791 -15.6672 -8.17747 -17.4923 -24.8285 -0.93317 42.1302 -24.4911 4.47356 10.5528 2.83544 0 0 0 0.263345 2.72847 0 0 0 0 0 0 2.384 303 52 0 0 0
./complex_md-fit_120.pdb BC A 7.46967 34.405 -9.08878 -5.55791 -9.9939 -24.0596 -0.337844 41.7007 -24.7837 5.35029 5.77559 2.26406 0 0 0 0.461067 2.49078 0.0910771 0 0 0 0 0.00135607 2.384 303 53 1 1 0
./complex_md-fit_121.pdb BC A 8.04472 33.5875 -9.38394 -6.82699 -10.9371 -23.3391 -0.728496 41.5534 -23.3921 4.9996 6.58174 2.33899 0 0 0 0.366075 2.28434 0 0 0 0 0 0 2.384 303 54 1 1 0
./complex_md-fit_122.pdb BC A 7.79779 29.8445 -21.2408 -7.52961 -18.1973 -25.2925 -0.670151 42.8934 -25.5595 2.83099 6.89881 2.56576 0 0 0 0.819237 2.06209 0 0 0 0 0 0 2.384 303 49 0 0 0
./complex_md-fit_123.pdb BC A 8.43972 34.1325 -9.19728 -5.67692 -12.6863 -23.8656 -0.941587 42.633 -23.5684 4.32766 8.35896 1.93171 0 0 0 0.328653 1.81741 -0.0384464 0 0 0 0 0 2.384 303 52 0 0 0
./complex_md-fit_124.pdb BC A 8.97175 29.4914 -15.7902 -5.71492 -16.0411 -24.3613 -0.672828 41.6536 -24.2324 3.80245 7.31906 1.82738 0 0 0 0.598094 2.42488 0.0317632 0 0 0 0 0 2.384 303 53 0 0 0
./complex_md-fit_125.pdb BC A 8.63196 35.5954 -11.5084 -6.57342 -14.7746 -23.8885 -0.825026 41.0547 -23.6846 5.93143 8.45087 2.50642 0 0 0 0.294341 1.88621 0 0 0 0 0 0 2.384 303 53 1 1 0
./complex_md-fit_126.pdb BC A 10.8087 38.0471 -12.0764 -5.41487 -13.9674 -24.065 -0.585836 42.2032 -24.0859 3.64796 8.4146 1.53068 0 0 0 0.246296 3.05204 0 0 0 0 0 0 2.384 303 51 0 0 0
./complex_md-fit_127.pdb BC A 7.3482 28.7203 -13.1735 -5.35241 -13.4288 -23.6065 -0.754923 41.5116 -23.6365 3.76814 6.95531 1.27278 0 0 0 0.0977091 1.98899 0 0 0 0 0 0 2.384 303 47 0 0 0
./complex_md-fit_128.pdb BC A 8.36139 40.729 -16.4423 -6.87735 -12.8811 -23.257 -0.671212 39.778 -23.4396 1.67828 7.08877 1.84116 0 0 0 0.267936 1.8463 0.0242147 0 0 0 0 0.00562293 2.384 303 53 0 0 0
./complex_md-fit_129.pdb BC A 7.54393 37.8245 -7.99414 -6.43834 -9.23177 -23.4431 -0.833932 41.9315 -23.4108 5.53792 5.55154 1.66063 0 0 0 0.678228 2.37436 0 0 0 0 0 0.00397444 2.384 303 54 1 1 0
./complex_md-fit_12.pdb BC A 6.72174 31.2015 -15.0982 -7.7912 -16.0521 -24.2676 -0.910252 41.7539 -24.0619 4.28715 8.80476 2.39022 0 0 0 0.729729 2.36588 -1.11022e-16 0 0 0 0 0.0190386 2.384 303 53 0 0 0
./complex_md-fit_130.pdb BC A 6.41675 35.3688 -13.5198 -5.07449 -14.7311 -24.1706 -0.711094 41.8612 -24.7163 4.74883 7.32473 1.62122 0 0 0 0.321471 3.25978 0 0 0 0 0 0.00639663 2.384 303 52 2 2 0
./complex_md-fit_131.pdb BC A 6.01076 35.7319 -10.0751 -4.33252 -10.3477 -22.6247 -0.616032 40.2064 -22.61 1.78298 5.99409 2.00946 0 0 0 0.444805 2.30921 5.55112e-17 0 0 0 0 0.0180414 2.384 303 52 0 0 0
./complex_md-fit_132.pdb BC A 9.2608 34.8253 -7.4219 -6.66745 -9.03698 -24.379 -0.76125 42.6215 -24.1843 3.8778 6.70956 3.31711 0 0 0 1.08106 2.41467 0 0 0 0 0 0 2.384 303 51 0 0 0
./complex_md-fit_133.pdb BC A 6.73845 31.4391 -12.8045 -7.48341 -10.8671 -24.1523 -0.588789 40.212 -24.4812 5.43442 6.06378 2.56453 0 0 0 0.493581 2.5231 0 0 0 0 0 0 2.384 303 53 1 1 0
./complex_md-fit_134.pdb BC A 8.14169 29.15 -17.251 -6.07049 -15.993 -24.5151 -0.773536 41.5836 -25.1885 3.61062 7.25964 2.41205 0 0 0 0.400766 2.4832 1.11022e-16 0 0 0 0 0.022908 2.384 303 51 0 0 0
./complex_md-fit_135.pdb BC A 6.7315 31.0228 -8.04071 -7.02038 -11.5354 -24.0767 -0.778484 43.4014 -23.9982 6.70501 7.1621 1.76674 0 0 0 0.325448 2.11669 0 0 0 0 0 0.00771702 2.384 303 54 1 1 0
./complex_md-fit_136.pdb BC A 6.71143 31.8547 -15.6597 -6.62384 -16.4362 -24.0182 -1.05852 42.2577 -23.7149 3.0608 9.1865 1.03798 0 0 0 0.660018 2.13474 -0.0109478 0 0 0 0 0 2.384 303 51 0 0 0
./complex_md-fit_137.pdb BC A 9.85638 33.855 -13.7679 -6.38533 -12.9125 -23.9998 -0.580881 40.5381 -24.6667 3.98791 8.49478 1.25342 0 0 0 0.503088 2.74763 5.55112e-17 0 0 0 0 0 2.384 303 51 1 1 0
./complex_md-fit_138.pdb BC A 8.83991 34.7277 -14.9613 -6.59324 -15.3904 -24.4202 -0.691515 42.4426 -24.7038 4.36542 7.16875 2.2462 0 0 0 0.614806 3.40772 0 0 0 0 0 0 2.384 303 52 0 0 0
./complex_md-fit_139.pdb BC A 7.04165 34.3682 -14.8319 -7.561 -14.8861 -24.3013 -0.67452 42.1691 -24.0426 3.34001 8.34354 2.43769 0 0 0 0.378091 3.56288 -0.0347805 0 0 0 0 0 2.384 303 52 0 0 0
./complex_md-fit_13.pdb BC A 6.76558 36.3714 -13.9228 -7.3743 -16.5178 -24.4221 -1.16351 43.502 -24.0346 4.30897 9.37619 1.77472 0 0 0 0.627525 2.57763 0 0 0 0 0 0.000188278 2.384 303 53 0 0 0
./complex_md-fit_140.pdb BC A 8.76496 28.4213 -9.31714 -5.21716 -11.228 -24.3255 -0.665234 43.6217 -24.2275 2.52753 7.22758 2.58012 0 0 0 0.38946 3.06933 3.46945e-18 0 0 0 0 0 2.384 303 55 0 0 0
./complex_md-fit_141.pdb BC A 7.7231 42.1791 -16.08 -8.76431 -15.2442 -24.3046 -0.816633 40.8145 -24.3434 5.78553 9.0559 1.27203 0 0 0 0.454867 2.34129 0 0 0 0 0 0.0103404 2.384 303 51 0 0 0
./complex_md-fit_142.pdb BC A 8.10975 33.8351 -12.9553 -5.99788 -11.3695 -23.334 -0.554909 40.5554 -23.5566 1.90625 6.73378 2.24589 0 0 0 0.416251 2.16077 0 0 0 0 0 0 2.384 303 53 0 0 0
./complex_md-fit_143.pdb BC A 6.4804 35.6647 -10.6182 -6.86757 -10.8765 -23.8532 -0.742207 42.1014 -23.6757 4.41023 6.40716 2.26023 0 0 0 0.218067 2.14546 0 0 0 0 0 0 2.384 303 50 1 1 0
./complex_md-fit_144.pdb BC A 7.955 36.067 -13.2395 -6.90493 -11.128 -22.3645 -0.77605 39.4174 -22.6507 2.39155 6.73563 1.60821 0 0 0 0.431861 1.84544 0 0 0 0 0 0 2.384 303 51 0 0 0
./complex_md-fit_145.pdb BC A 9.06144 37.1981 -11.6426 -5.39528 -13.9828 -23.5155 -0.61776 41.9044 -23.4207 4.11728 7.38691 1.59109 0 0 0 0.327227 2.24376 -0.0376095 0 0 0 0 0 2.384 303 52 0 0 0
./complex_md-fit_146.pdb BC A 9.99142 34.5859 -13.5216 -7.13244 -13.8367 -23.3002 -0.727527 40.4406 -23.1009 3.3962 7.7105 2.42367 0 0 0 0.605142 2.03637 2.77556e-17 0 0 0 0 0 2.384 303 50 0 0 0
./complex_md-fit_147.pdb BC A 6.77562 27.4195 -13.2935 -6.07723 -12.2693 -23.0932 -0.724714 39.8627 -23.5544 1.81077 7.79939 2.68578 0 0 0 0.266835 2.59398 0 0 0 0 0 0 2.384 303 46 0 0 0
./complex_md-fit_148.pdb BC A 7.30058 35.5874 -12.6147 -5.22376 -13.9205 -22.4362 -0.820354 38.7876 -22.3139 4.85086 6.97627 1.17113 0 0 0 0.314231 2.08086 0 0 0 0 0 0 2.384 303 50 1 1 0
./complex_md-fit_149.pdb BC A 7.25024 29.8194 -15.4308 -7.35968 -15.8067 -23.9808 -0.877317 44.2039 -23.4768 0.944502 8.36079 2.25381 0 0 0 0.296257 2.35639 -0.00938242 0 0 0 0 0.0205244 2.384 303 52 0 0 0
./complex_md-fit_14.pdb BC A 6.82036 32.3343 -11.24 -8.59396 -16.5341 -25.783 -1.07709 45.5833 -24.9771 6.31444 10.74 2.83796 0 0 0 0.249431 2.9488 0 0 0 0 0 0 2.384 303 51 1 1 0
./complex_md-fit_150.pdb BC A 8.36629 37.0414 -17.9167 -7.409 -16.8319 -24.0969 -0.780039 42.1349 -24.174 2.08421 9.14566 1.30865 0 0 0 0.701765 2.39164 0 0 0 0 0 0 2.384 303 55 0 0 0
./complex_md-fit_151.pdb BC A 5.75157 36.6435 -16.0753 -6.4458 -13.8253 -24.4106 -0.942038 42.1746 -24.2689 3.02425 6.92239 1.30848 0 0 0 0.387634 3.51838 0 0 0 0 0 0 2.384 303 52 0 0 0
./complex_md-fit_152.pdb BC A 7.38555 33.089 -15.0246 -5.96825 -17.1997 -24.09 -0.894965 42.089 -24.1755 4.26631 8.31251 2.2694 0 0 0 0.343395 3.39322 0.0231434 0 0 0 0 0 2.384 303 51 0 0 0
./complex_md-fit_153.pdb BC A 6.2441 41.4094 -14.0831 -5.32199 -17.0232 -23.9298 -0.782214 41.1242 -24.2332 3.92022 8.54196 3.25256 0 0 0 0.361484 2.15773 1.38778e-17 0 0 0 0 0.00687617 2.384 303 52 0 0 0
./complex_md-fit_154.pdb BC A 8.70715 33.4997 -15.1413 -6.34271 -17.2214 -23.1466 -0.922721 40.112 -23.3807 3.85978 8.4029 3.01355 0 0 0 0.450917 1.94511 0.033678 0 0 0 0 0 2.384 303 52 0 0 0
./complex_md-fit_155.pdb BC A 8.88457 31.4045 -17.3097 -6.02455 -17.8069 -24.2916 -1.00489 42.4093 -24.4415 3.91604 8.287 1.36459 0 0 0 0.282747 2.25088 0 0 0 0 0 0 2.384 303 51 0 0 0
./complex_md-fit_156.pdb BC A 10.0711 34.4242 -12.7712 -7.63838 -13.8399 -23.214 -1.03542 39.8448 -23.3844 4.59026 8.6356 2.82375 0 0 0 0.446532 1.86751 0 0 0 0 0 0 2.384 303 51 0 0 0
./complex_md-fit_157.pdb BC A 8.0326 33.7194 -10.533 -5.61031 -12.7581 -24.0387 -0.962223 42.8708 -24.5035 4.58927 7.87236 1.76504 0 0 0 0.239884 2.1731 0 0 0 0 0 0.00240854 2.384 303 54 0 0 0
./complex_md-fit_158.pdb BC A 6.52377 38.1093 -13.1307 -7.00264 -12.7687 -23.3352 -0.735407 40.0236 -23.3287 3.16892 7.66943 2.551 0 0 0 0.637769 2.41108 -0.0107546 0 0 0 0 0 2.384 303 52 0 0 0
./complex_md-fit_159.pdb BC A 7.18863 34.5477 -13.4336 -5.63119 -13.2766 -23.7863 -0.625841 41.7597 -23.9736 3.96418 5.95793 1.7478 0 0 0 0.451154 2.33716 -0.0207924 0 0 0 0 0 2.384 303 53 1 1 0
./complex_md-fit_15.pdb BC A 6.99229 32.8016 -12.0672 -7.78047 -16.7017 -24.4478 -1.14849 43.4037 -23.8229 4.30972 10.6893 3.20141 0 0 0 0.229883 2.66072 0 0 0 0 0 0 2.384 303 54 2 2 0
./complex_md-fit_160.pdb BC A 9.49997 28.4913 -12.1594 -6.22748 -12.5777 -23.2693 -1.0233 39.5643 -23.1781 4.57543 7.43638 1.78782 0 0 0 0.752507 2.07754 5.55112e-17 0 0 0 0 0 2.384 303 50 1 1 0
./complex_md-fit_161.pdb BC A 7.2133 37.4571 -14.013 -6.14825 -15.73 -24.5482 -0.931571 42.8241 -24.5711 4.33132 8.4725 1.96556 0 0 0 0.293751 2.74197 0.0289393 0 0 0 0 0 2.384 303 52 0 0 0
./complex_md-fit_162.pdb BC A 5.88114 31.5073 -17.4374 -5.6321 -14.976 -23.9307 -0.704109 40.2208 -24.426 1.19188 7.73292 2.5898 0 0 0 0.496178 2.33165 0 0 0 0 0 0 2.384 303 55 0 0 0
./complex_md-fit_163.pdb BC A 9.08382 40.466 -8.38565 -5.06407 -10.9303 -22.4076 -0.467391 38.2055 -22.5502 4.87576 7.28458 2.2161 0 0 0 0.424452 2.12435 0.0274644 0 0 0 0 0 2.384 303 48 0 0 0
./complex_md-fit_164.pdb BC A 6.44143 35.7606 -16.766 -8.1253 -13.5409 -24.1017 -0.678961 42.1279 -23.8053 2.18707 6.91954 1.75713 0 0 0 0.494557 2.27707 0 0 0 0 0 0 2.384 303 51 0 0 0
./complex_md-fit_165.pdb BC A 7.3376 30.8827 -9.82413 -4.67838 -14.0168 -24.325 -1.0879 43.4189 -24.7429 5.40146 8.17065 1.94862 0 0 0 0.0873141 2.98467 0 0 0 0 0 0 2.384 303 54 0 0 0
./complex_md-fit_166.pdb BC A 6.93391 23.3467 -15.637 -6.9254 -12.5642 -23.496 -0.604296 39.8225 -23.9044 2.87091 7.27536 1.54656 0 0 0 0.34202 2.02865 -1.38778e-17 0 0 0 0 0 2.384 303 48 0 0 0
./complex_md-fit_167.pdb BC A 6.08745 30.5507 -10.8026 -5.90292 -11.4693 -24.4854 -0.620864 42.4587 -24.652 3.18857 6.84973 3.25709 0 0 0 0.584289 2.98405 -0.0104318 0 0 0 0 0 2.384 303 53 0 0 0
./complex_md-fit_168.pdb BC A 8.39514 36.1902 -14.8179 -6.89127 -14.5894 -24.6014 -0.765652 42.9615 -24.4798 3.60717 7.38516 2.34425 0 0 0 0.26017 2.47455 -0.0486262 0 0 0 0 0 2.384 303 50 0 0 0
./complex_md-fit_169.pdb BC A 6.65273 38.3228 -10.0927 -5.42734 -11.6287 -24.3966 -0.917061 42.9424 -24.5536 3.72908 7.2909 2.4915 0 0 0 0.37682 2.30106 0 0 0 0 0 0 2.384 303 52 0 0 0
./complex_md-fit_16.pdb BC A 7.45764 35.8491 -12.1694 -9.13846 -17.1696 -24.2317 -0.830596 42.3226 -23.3784 4.24363 12.0882 3.70635 0 0 0 0.181599 2.36012 0.0238091 0 0 0 0 0.0133254 2.384 303 53 0 0 0
./complex_md-fit_170.pdb BC A 7.88048 36.7398 -15.0265 -5.71138 -13.3531 -24.071 -0.700284 41.136 -24.0714 2.9789 6.8176 1.69428 0 0 0 0.308979 2.31701 -0.0550048 0 0 0 0 0 2.384 303 46 0 0 0
./complex_md-fit_171.pdb BC A 6.23162 31.7151 -13.9002 -7.0009 -15.4515 -24.3251 -0.654286 42.2423 -24.2935 4.88019 7.88056 2.06432 0 0 0 0.75764 2.46629 0 0 0 0 0 0 2.384 303 53 1 1 0
./complex_md-fit_172.pdb BC A 6.8524 37.9543 -13.1255 -5.41886 -14.7214 -24.2278 -1.15273 43.5618 -24.2117 3.02513 8.24923 1.43395 0 0 0 0.347666 2.63656 -0.0108426 0 0 0 0 0 2.384 303 48 0 0 0
./complex_md-fit_173.pdb BC A 7.79298 33.2128 -6.6311 -7.22074 -12.1651 -24.1403 -0.866763 43.7514 -24.1802 5.97672 8.77249 2.77028 0 0 0 0.683396 2.25718 -0.0122086 0 0 0 0 0 2.384 303 54 0 0 0
./complex_md-fit_174.pdb BC A 7.219 33.3116 -17.9967 -8.15587 -15.7018 -23.7814 -0.759109 40.1065 -23.9389 3.58963 8.60737 1.85238 0 0 0 0.197615 2.20852 -0.0131317 0 0 0 0 0 2.384 303 51 0 0 0
./complex_md-fit_175.pdb BC A 7.70089 37.3578 -12.1345 -7.25128 -11.3304 -24.4868 -0.867732 42.9345 -24.8747 3.3531 7.65227 1.96217 0 0 0 0.77441 2.10633 0 0 0 0 0 0 2.384 303 50 0 0 0
./complex_md-fit_176.pdb BC A 7.75783 35.2014 -14.1301 -6.41823 -11.6921 -23.5355 -0.851785 39.6874 -23.7883 2.87156 6.74436 2.36202 0 0 0 0.476514 2.56627 0.013959 0 0 0 0 0 2.384 303 50 0 0 0
./complex_md-fit_177.pdb BC A 6.53851 31.184 -11.2296 -4.8196 -11.5146 -23.3287 -0.588231 40.4602 -23.5307 4.63862 5.5049 1.65759 0 0 0 0.311425 3.27889 -0.0251777 0 0 0 0 0.00475126 2.384 303 47 0 0 0
./complex_md-fit_178.pdb BC A 6.61066 35.3327 -13.4431 -6.45876 -10.9741 -23.9804 -0.735749 40.8988 -24.2344 3.49351 6.02051 2.19156 0 0 0 0.335834 2.16397 2.77556e-17 0 0 0 0 0 2.384 303 54 0 0 0
./complex_md-fit_179.pdb BC A 5.899 37.6489 -15.0535 -7.50787 -11.5626 -23.2901 -0.668695 40.3827 -23.3249 2.35762 5.9204 1.9753 0 0 0 0.664709 2.21001 0 0 0 0 0 0 2.384 303 52 0 0 0
./complex_md-fit_17.pdb BC A 7.48246 23.7234 -16.7509 -7.02119 -17.1133 -23.5056 -1.03893 40.3451 -23.4769 4.16749 8.43014 2.23699 0 0 0 0.225303 2.56356 0 0 0 0 0 0 2.384 303 50 0 0 0
./complex_md-fit_180.pdb BC A 6.72548 35.9849 -13.8472 -5.21767 -15.7483 -23.4669 -0.769386 40.5256 -23.484 4.716 7.50385 1.98694 0 0 0 0.106593 3.20376 0 0 0 0 0 0 2.384 303 48 0 0 0
./complex_md-fit_181.pdb BC A 6.30667 34.0092 -17.2689 -7.0544 -15.4172 -23.7074 -0.722456 39.8289 -23.6163 4.38394 8.04666 0.885411 0 0 0 0.104001 2.11967 0 0 0 0 0 0 2.384 303 52 0 0 0
./complex_md-fit_182.pdb BC A 7.13999 36.8135 -12.2267 -7.13423 -16.4819 -24.0776 -0.933421 42.8569 -23.4077 5.46053 8.87747 2.07018 0 0 0 0.543038 3.7553 0 0 0 0 0 0 2.384 303 52 0 0 0
./complex_md-fit_183.pdb BC A 7.44772 35.3906 -10.7546 -6.66036 -13.9271 -23.1024 -1.0286 42.135 -22.7462 3.98063 8.53998 1.6446 0 0 0 0.407511 2.08927 0 0 0 0 0 0.00227688 2.384 303 53 0 0 0
./complex_md-fit_184.pdb BC A 6.56775 33.6484 -9.86476 -5.51784 -14.1212 -24.5303 -0.675879 42.6208 -24.79 5.94122 8.80598 1.87912 0 0 0 0.558615 2.36754 -0.035237 0 0 0 0 0 2.384 303 55 0 0 0
./complex_md-fit_185.pdb BC A 6.93386 30.525 -10.5177 -6.25391 -12.9249 -25.0741 -0.587646 43.7086 -25.1448 4.90212 7.9699 2.3859 0 0 0 0.501046 3.96091 0 0 0 0 0 0 2.384 303 53 0 0 0
./complex_md-fit_186.pdb BC A 6.78597 36.3971 -13.9655 -5.4082 -14.3308 -24.0379 -0.741464 42.4471 -24.0802 2.89099 6.2739 2.87318 0 0 0 0.147956 3.65664 0 0 0 0 0 0 2.384 303 54 0 0 0
./complex_md-fit_187.pdb BC A 6.74094 42.4042 -7.29806 -6.36992 -12.865 -24.5452 -0.764143 45.7471 -23.8818 4.54133 8.0916 2.35811 0 0 0 0.457377 2.60386 -0.0674902 0 0 0 0 0 2.384 303 51 0 0 0
./complex_md-fit_188.pdb BC A 8.54711 37.1995 -7.53523 -5.88081 -14.0579 -23.9885 -0.675094 44.2024 -23.3789 2.98233 8.74476 3.53859 0 0 0 0.99674 3.5519 -0.0189794 0 0 0 0 0 2.384 303 52 0 0 0
./complex_md-fit_189.pdb BC A 8.47412 39.6592 -18.8178 -8.84939 -17.7931 -24.1175 -0.996521 42.3664 -23.6646 3.74242 8.15423 1.79929 0 0 0 0.549879 2.79716 -0.0136616 0 0 0 0 0.00477072 2.384 303 51 0 0 0
./complex_md-fit_18.pdb BC A 6.81273 33.1619 -9.44407 -5.07757 -15.6907 -24.1256 -1.04631 42.4498 -23.8315 4.40934 9.00713 3.75913 0 0 0 0.698555 3.56544 0 0 0 0 0 0.0036682 2.384 303 54 0 0 0
./complex_md-fit_190.pdb BC A 7.58524 34.3092 -10.404 -7.57665 -16.0633 -23.9454 -0.968932 43.1632 -23.0719 4.41707 9.6991 3.51671 0 0 0 0.419204 3.53447 5.55112e-17 0 0 0 0 0.00682411 2.384 303 58 0 0 0
./complex_md-fit_191.pdb BC A 7.21948 40.8074 -10.0672 -5.24597 -12.1521 -23.2259 -0.637747 42.1524 -22.8833 1.73544 7.44076 2.07175 0 0 0 0.686653 3.50209 -0.0091208 0 0 0 0 0 2.384 303 53 0 0 0
./complex_md-fit_192.pdb BC A 6.33976 29.4369 -9.53108 -7.27295 -14.095 -24.6758 -0.912477 45.7141 -24.0758 4.8552 8.77761 1.81159 0 0 0 0.396039 4.23183 -0.0536109 0 0 0 0 0 2.384 303 52 1 1 0
./complex_md-fit_193.pdb BC A 8.07892 33.984 -10.374 -5.7283 -14.043 -24.4775 -0.704885 43.4231 -24.5668 5.85397 7.66076 2.09235 0 0 0 0.139233 2.0383 -0.025609 0 0 0 0 0.00265484 2.384 303 54 1 1 0
./complex_md-fit_194.pdb BC A 8.67524 32.4607 -5.1107 -5.03401 -10.6702 -23.0952 -0.788212 42.1375 -22.8768 5.73047 7.10048 1.99063 0 0 0 0.39477 2.24553 0 0 0 0 0 0 2.384 303 54 1 1 0
./complex_md-fit_195.pdb BC A 7.61 33.7506 -10.8148 -8.46694 -14.3507 -23.654 -0.885825 42.901 -23.0624 5.38329 8.39673 2.70428 0 0 0 0.244618 2.01254 -0.0248742 0 0 0 0 0 2.384 303 55 2 2 0
./complex_md-fit_196.pdb BC A 7.6767 40.7634 -13.0762 -6.76641 -15.068 -23.833 -0.617687 43.9569 -23.5309 1.88351 9.08767 1.53529 0 0 0 0.310875 2.36388 -0.0344259 0 0 0 0 0 2.384 303 54 0 0 0
./complex_md-fit_197.pdb BC A 7.45627 36.6938 -5.04898 -6.14928 -15.2013 -24.4327 -0.913177 47.0707 -23.6611 4.36795 9.83933 3.53487 0 0 0 0.495727 3.80942 0 0 0 0 0 0 2.384 303 50 0 0 0
./complex_md-fit_198.pdb BC A 6.84358 34.0516 -9.27253 -7.33505 -14.929 -23.9699 -0.917322 43.1032 -23.5289 5.78683 9.32654 2.57054 0 0 0 0.592576 1.98355 0.0279774 0 0 0 0 0 2.384 303 48 1 1 0
./complex_md-fit_199.pdb BC A 7.01154 37.7199 -8.82722 -6.23971 -13.87 -23.5342 -0.846151 42.3232 -22.5893 5.37092 7.38994 2.9194 0 0 0 0.21959 1.88567 0.0290681 0 0 0 0 0 2.384 303 50 0 0 0
./complex_md-fit_19.pdb BC A 10.6165 29.1909 -10.6058 -5.1212 -15.2738 -24.9906 -0.993878 43.2376 -25.4058 6.76259 8.17408 2.80477 0 0 0 0.112055 2.70363 0.0883043 0 0 0 0 0 2.384 303 51 2 2 0
./complex_md-fit_1.pdb BC A 7.82733 30.6345 -12.9819 -8.0859 -16.0063 -24.4077 -0.882331 43.8751 -24.1166 6.54247 7.84291 1.98865 0 0 0 0.273206 2.10084 -0.016769 0 0 0 0 0.0113793 2.384 303 54 3 3 0
./complex_md-fit_200.pdb BC A 6.80787 30.9826 -4.87363 -5.39392 -11.7974 -23.9893 -0.87884 44.8707 -23.3328 4.70442 7.89362 2.81294 0 0 0 0.255006 3.18586 -0.0181553 0 0 0 0 0 2.384 303 52 0 0 0
./complex_md-fit_201.pdb BC A 6.31782 38.0025 -7.23905 -7.08179 -12.2906 -23.8301 -0.683928 42.6505 -23.345 4.54242 8.22456 4.41771 0 0 0 0.157206 1.99745 -1.11022e-16 0 0 0 0 0 2.384 303 51 0 0 0
./complex_md-fit_202.pdb BC A 8.03648 30.2772 -13.1855 -8.26343 -16.5802 -23.4076 -0.677677 43.3199 -22.2712 2.78643 8.04095 3.39339 0 0 0 0.468799 1.87278 0 0 0 0 0 0.00513667 2.384 303 50 0 0 0
./complex_md-fit_203.pdb BC A 6.95814 38.5107 -5.7181 -6.22666 -10.8743 -22.7142 -0.65935 41.5246 -22.1384 4.74247 7.81042 2.59296 0 0 0 0.22434 1.90242 0 0 0 0 0 0 2.384 303 50 0 0 0
./complex_md-fit_204.pdb BC A 6.86313 38.3532 -15.1666 -9.27443 -16.5544 -24.0524 -0.873701 44.1723 -22.9769 1.71078 8.91669 3.2175 0 0 0 0.542794 1.94733 -1.11022e-16 0 0 0 0 0.00508245 2.384 303 53 0 0 0
./complex_md-fit_205.pdb BC A 8.22348 35.8017 -11.2355 -9.15304 -15.8524 -24.5639 -0.616579 46.6449 -23.5682 2.57359 9.0627 3.77478 0 0 0 0.462618 3.63777 0 0 0 0 0 0 2.384 303 50 0 0 0
./complex_md-fit_206.pdb BC A 8.8662 37.9232 -10.647 -8.46297 -15.2806 -24.1783 -0.836979 45.0565 -23.053 3.69183 9.30448 2.61405 0 0 0 0.519271 2.29341 -0.0212671 0 0 0 0 0 2.384 303 51 2 2 0
./complex_md-fit_207.pdb BC A 6.90595 28.5223 -6.66481 -8.25362 -11.0372 -23.8681 -0.822426 44.4784 -22.8567 4.62284 8.63431 2.05668 0 0 0 0.38099 1.92782 -1.11022e-16 0 0 0 0 0 2.384 303 52 0 0 0
./complex_md-fit_208.pdb BC A 6.24636 33.0639 -7.26539 -6.59669 -13.3837 -22.3618 -0.637248 43.1337 -21.1264 3.23524 7.82494 2.16758 0 0 0 0.478925 1.87412 5.55112e-17 0 0 0 0 0 2.384 303 49 0 0 0
./complex_md-fit_209.pdb BC A 7.41481 33.7542 -5.31678 -6.87568 -14.3123 -22.8003 -0.691365 41.8043 -22.1099 6.57052 8.69394 4.12195 0 0 0 0.271332 2.34911 0.0107356 0 0 0 0 0 2.384 303 50 2 2 0
./complex_md-fit_20.pdb BC A 9.43281 33.5478 -15.6974 -7.07745 -15.7451 -23.338 -1.00282 40.2487 -23.4443 2.63846 7.87609 3.90292 0 0 0 0.203639 2.18944 0.0279349 0 0 0 0 0.0125873 2.384 303 52 0 0 0
./complex_md-fit_210.pdb BC A 8.06053 36.2724 -10.76 -6.36818 -13.5053 -22.2974 -0.888151 39.9869 -21.5309 2.82952 7.68685 3.17271 0 0 0 0.215394 3.20189 -0.0615479 0 0 0 0 0 2.384 303 51 0 0 0
./complex_md-fit_211.pdb BC A 7.59612 34.935 -11.4429 -5.23063 -15.0656 -23.2627 -0.774752 40.7671 -22.5507 4.14564 7.43809 2.93575 0 0 0 0.177073 3.71478 -0.0221938 0 0 0 0 0 2.384 303 51 2 2 0
./complex_md-fit_212.pdb BC A 6.68475 31.7416 -10.7433 -7.39614 -14.9775 -23.0231 -0.607335 42.0521 -22.3897 4.29999 7.98757 3.07734 0 0 0 0.244384 2.08938 -0.0115126 0 0 0 0 0.000608541 2.384 303 47 1 1 0
./complex_md-fit_213.pdb BC A 7.02958 35.9226 -9.03681 -6.99543 -14.9194 -22.0532 -0.607452 40.1594 -20.915 4.11627 8.2931 3.63008 0 0 0 0.260789 1.89526 -0.00599026 0 0 0 0 0 2.384 303 49 2 2 0
./complex_md-fit_214.pdb BC A 8.05858 39.037 -9.09188 -7.79863 -13.8585 -23.5839 -0.346109 42.6353 -23.1797 5.43922 8.14481 3.26612 0 0 0 0.204472 1.90057 -0.0205831 0 0 0 0 0.00563649 2.384 303 49 0 0 0
./complex_md-fit_215.pdb BC A 7.63375 33.0459 -3.75323 -4.2162 -10.4739 -24.6861 -0.609551 45.9348 -24.4926 5.72478 6.80828 1.94936 0 0 0 0.321704 3.35037 -0.0137243 0 0 0 0 0 2.384 303 50 2 2 0
./complex_md-fit_216.pdb BC A 7.47687 36.0257 -14.8519 -8.06591 -14.088 -24.6737 -0.776844 43.695 -24.5855 1.9116 8.83049 2.50303 0 0 0 0.408346 2.10771 -0.0103291 0 0 0 0 0 2.384 303 51 0 0 0
./complex_md-fit_217.pdb BC A 6.10231 35.6426 -2.48957 -4.72787 -10.6302 -22.207 -0.791944 41.253 -21.9841 4.57621 9.24016 2.59087 0 0 0 0.19246 2.07588 -0.00966536 0 0 0 0 0.00853347 2.384 303 50 1 1 0
./complex_md-fit_218.pdb BC A 7.61455 31.5628 -4.73059 -6.80244 -11.1249 -23.716 -0.642598 44.2725 -22.7811 5.03889 7.57644 3.21421 0 0 0 0.252105 2.42137 -0.0177602 0 0 0 0 0 2.384 303 50 2 2 0
./complex_md-fit_219.pdb BC A 6.70775 38.1573 -9.23951 -6.61075 -14.4969 -23.6762 -0.737975 43.7617 -23.213 5.6681 6.99359 2.61188 0 0 0 0.473754 1.75233 -0.0136728 0 0 0 0 0 2.384 303 48 0 0 0
./complex_md-fit_21.pdb BC A 7.31916 33.9646 -15.184 -6.96532 -17.4343 -23.287 -0.989774 39.2942 -23.2167 4.99599 9.44426 2.87059 0 0 0 0.104125 3.52934 0 0 0 0 0 0 2.384 303 49 1 1 0
./complex_md-fit_220.pdb BC A 6.13209 33.2889 -11.1962 -7.11369 -15.3468 -24.261 -0.796448 44.5114 -23.7796 2.74129 8.69311 3.72529 0 0 0 0.411266 1.95957 0.0190153 0 0 0 0 0 2.384 303 52 0 0 0
./complex_md-fit_221.pdb BC A 9.14494 33.3037 -14.3734 -6.90997 -16.8674 -23.3244 -0.733825 42.7534 -22.5249 2.42265 8.40087 1.94855 0 0 0 0.474294 1.91635 -0.0126617 0 0 0 0 0 2.384 303 49 0 0 0
./complex_md-fit_222.pdb BC A 10.546 34.8798 -10.1479 -8.4357 -14.4441 -23.5901 -0.597084 43.279 -23.0238 3.7776 8.50226 3.93223 0 0 0 0.463069 2.41935 -0.0113187 0 0 0 0 0 2.384 303 50 0 0 0
./complex_md-fit_223.pdb BC A 7.18228 35.2049 -3.42054 -5.66484 -11.2332 -23.5483 -0.566767 45.4333 -22.4498 5.41134 6.45616 2.67319 0 0 0 0.0683525 2.48567 0 0 0 0 0 0 2.384 303 50 0 0 0
./complex_md-fit_224.pdb BC A 8.74142 30.9635 -10.2576 -6.6523 -15.7535 -22.904 -0.998462 41.3671 -22.135 4.51512 8.52303 3.38914 0 0 0 0.413875 1.88454 -0.0226148 0 0 0 0 0 2.384 303 49 0 0 0
./complex_md-fit_225.pdb BC A 5.6477 35.4316 -3.73791 -7.98991 -11.6323 -24.4799 -0.561131 46.8322 -23.5508 6.23111 6.80272 3.92273 0 0 0 0.700644 1.9378 -0.0133352 0 0 0 0 0 2.384 303 50 1 1 0
./complex_md-fit_226.pdb BC A 9.74865 39.065 -8.58994 -7.84764 -12.7104 -23.9477 -0.464906 44.5828 -23.2905 5.52038 6.24751 2.68508 0 0 0 0.635449 2.13494 0 0 0 0 0 0 2.384 303 48 2 2 0
./complex_md-fit_227.pdb BC A 6.61221 34.3705 -10.9071 -7.65214 -16.9123 -24.4659 -0.857983 45.135 -23.5469 4.06366 9.77185 2.93904 0 0 0 0.627881 2.47771 -0.00929673 0 0 0 0 0 2.384 303 50 0 0 0
./complex_md-fit_228.pdb BC A 8.5895 36.4883 -6.11565 -7.26032 -12.0791 -24.5429 -0.504927 44.9172 -23.9693 6.07454 7.61635 3.20477 0 0 0 0.437736 2.45724 -0.00960364 0 0 0 0 0 2.384 303 50 1 1 0
./complex_md-fit_229.pdb BC A 8.18578 39.7167 -5.59823 -6.91618 -13.3686 -24.278 -0.741133 43.6757 -23.2466 7.80691 8.43244 2.83104 0 0 0 0.206195 1.97082 0 0 0 0 0 0 2.384 303 50 3 3 0
./complex_md-fit_22.pdb BC A 8.28939 28.8578 -11.1638 -5.15359 -15.0366 -22.9282 -0.919886 38.2526 -23.1203 5.28467 7.81686 4.02498 0 0 0 0.581334 2.99276 0.0220931 0 0 0 0 0.0122463 2.384 303 49 1 1 0
./complex_md-fit_230.pdb BC A 6.97663 39.3428 -4.53188 -7.00181 -13.3429 -24.5729 -0.874427 48.2215 -23.5075 4.27608 9.47493 2.26052 0 0 0 0.534655 2.29089 0 0 0 0 0 0 2.384 303 50 0 0 0
./complex_md-fit_231.pdb BC A 8.61381 32.4035 -9.87421 -6.56285 -18.3433 -25.1677 -0.806828 45.5222 -24.2027 6.24627 9.74609 2.98039 0 0 0 0.744175 4.38889 -0.0299395 0 0 0 0 0 2.384 303 49 2 2 0
./complex_md-fit_232.pdb BC A 6.51044 28.9122 -9.49036 -9.12093 -15.0813 -25.4413 -0.662786 47.4184 -24.6762 5.77974 8.50874 3.00485 0 0 0 0.812657 2.24837 -0.032266 0 0 0 0 0 2.384 303 50 0 0 0
./complex_md-fit_233.pdb BC A 7.86515 34.4916 -1.35019 -6.50149 -11.8527 -24.0453 -0.862735 45.6278 -23.2011 8.40428 8.05446 2.67799 0 0 0 0.359353 1.8987 -0.0108363 0 0 0 0 0 2.384 303 50 4 4 0
./complex_md-fit_234.pdb BC A 9.60824 35.6144 -17.8003 -9.21303 -17.5525 -24.7872 -0.720557 43.0081 -24.5583 3.02687 9.49398 2.95561 0 0 0 0.559472 1.99599 -0.0127838 0 0 0 0 0 2.384 303 50 0 0 0
./complex_md-fit_235.pdb BC A 11.2306 37.981 -12.5624 -7.56615 -14.5025 -24.0487 -0.745504 43.9219 -23.1708 2.8532 8.28934 1.83984 0 0 0 0.600685 2.17239 -0.0337184 0 0 0 0 0 2.384 303 48 0 0 0
./complex_md-fit_236.pdb BC A 7.31883 37.8197 -9.65485 -7.30693 -13.2726 -24.0802 -0.582399 44.9604 -22.9494 3.28152 7.92721 2.11082 0 0 0 0.297975 2.62617 -0.041186 0 0 0 0 0 2.384 303 48 0 0 0
./complex_md-fit_237.pdb BC A 9.11738 30.915 -10.7512 -8.25839 -16.3039 -23.8014 -0.819346 43.4501 -22.9069 5.08448 8.45299 3.4055 0 0 0 0.955798 3.66126 -0.0101407 0 0 0 0 0 2.384 303 47 0 0 0
./complex_md-fit_238.pdb BC A 8.23203 37.9881 -6.92618 -7.77325 -11.6051 -24.2741 -0.757696 43.1496 -23.3819 6.69924 6.25746 4.0496 0 0 0 0.767076 2.1185 -0.0572424 0 0 0 0 0 2.384 303 50 0 0 0
./complex_md-fit_239.pdb BC A 7.81558 37.4314 -5.94988 -5.37019 -12.7764 -22.9947 -0.978092 43.6047 -21.9949 4.35733 7.8781 2.1194 0 0 0 0.204844 3.38377 0 0 0 0 0 0 2.384 303 49 0 0 0
./complex_md-fit_23.pdb BC A 8.36788 36.5037 -10.818 -6.72075 -15.7909 -22.7723 -0.812489 39.33 -22.6142 7.09923 7.79438 3.45633 0 0 0 0.212587 2.72691 0 0 0 0 0 0 2.384 303 51 1 1 0
./complex_md-fit_240.pdb BC A 12.1093 40.5603 -12.3225 -7.61396 -16.9415 -23.6143 -0.721958 42.1702 -22.9625 5.32171 8.65766 2.78533 0 0 0 0.630648 2.54168 -0.0337867 0 0 0 0 0 2.384 303 46 0 0 0
./complex_md-fit_241.pdb BC A 6.71653 36.2636 -15.1735 -6.92598 -17.5239 -22.9256 -0.855002 39.9144 -22.3345 2.6861 9.29054 2.92581 0 0 0 0.586046 2.10377 -0.0113656 0 0 0 0 0 2.384 303 46 0 0 0
./complex_md-fit_242.pdb BC A 6.17023 41.1115 -9.52827 -7.04342 -17.0623 -24.6197 -1.07625 45.1874 -23.9249 6.46181 9.16813 2.92046 0 0 0 0.505633 3.92964 -0.0451645 0 0 0 0 0 2.384 303 51 2 2 0
./complex_md-fit_243.pdb BC A 9.99898 35.7947 -7.97998 -5.74607 -12.586 -23.8147 -0.835702 43.3854 -23.4033 4.23586 7.37579 2.88973 0 0 0 0.481866 2.67226 0.0305749 0 0 0 0 0.00653155 2.384 303 48 0 0 0
./complex_md-fit_244.pdb BC A 8.55711 30.574 -16.6868 -8.36007 -16.7466 -23.3132 -0.641018 41.2096 -22.7764 1.99715 8.23821 3.39269 0 0 0 0.345669 2.14896 -0.0329507 0 0 0 0 0 2.384 303 48 0 0 0
./complex_md-fit_245.pdb BC A 7.87741 33.4053 -16.489 -7.06713 -18.2288 -23.4051 -0.8241 41.0346 -22.7082 1.11228 9.48413 3.65305 0 0 0 0.480518 2.25741 -0.0202583 0 0 0 0 0 2.384 303 49 0 0 0
./complex_md-fit_246.pdb BC A 9.19109 38.8517 -8.4935 -8.91631 -15.0554 -23.1521 -0.944896 42.1369 -22.742 5.96936 10.2942 3.68319 0 0 0 0.237504 2.86141 -0.0117896 0 0 0 0 0.00775153 2.384 303 45 0 0 0
./complex_md-fit_247.pdb BC A 8.66946 36.3985 -5.51663 -6.68847 -13.6544 -23.9146 -0.771339 44.696 -23.4493 6.01188 8.56963 3.30905 0 0 0 0.410267 2.23076 -0.0353226 0 0 0 0 0 2.384 303 48 1 1 0
./complex_md-fit_248.pdb BC A 8.84123 39.9645 -17.6355 -6.70095 -19.2875 -23.2356 -0.844755 39.6057 -22.9668 3.99709 8.75712 2.34397 0 0 0 0.707829 2.22997 -0.0115312 0 0 0 0 0 2.384 303 47 0 0 0
./complex_md-fit_249.pdb BC A 8.1898 34.4577 -13.7345 -8.14603 -16.1454 -24.3296 -0.989089 42.7736 -24.0735 4.78276 9.15626 2.98169 0 0 0 0.240237 3.49237 0.0145799 0 0 0 0 0 2.384 303 50 0 0 0
./complex_md-fit_24.pdb BC A 7.78085 35.7901 -7.92381 -3.82706 -14.4093 -23.5664 -0.952472 40.9582 -23.7554 5.22447 8.36598 3.76638 0 0 0 0.245862 3.72871 0.025871 0 0 0 0 0 2.384 303 52 1 1 0
./complex_md-fit_250.pdb BC A 7.81926 32.0037 -8.53161 -4.07649 -12.1281 -23.915 -0.52616 42.4856 -23.8542 4.6529 6.21189 2.33838 0 0 0 0.263575 2.7377 0.0159994 0 0 0 0 0 2.384 303 50 1 1 0
./complex_md-fit_251.pdb BC A 8.7715 35.6925 -10.6527 -7.12114 -15.3604 -23.6387 -0.912407 42.1068 -23.0951 5.39553 8.28814 2.83884 0 0 0 0.814432 2.04921 0.0312843 0 0 0 0 0 2.384 303 48 1 1 0
./complex_md-fit_252.pdb BC A 7.3399 31.0519 -11.5024 -8.0991 -14.686 -23.4368 -1.08389 41.4931 -23.0406 3.90135 9.73018 3.25412 0 0 0 0.45916 1.77389 0.0060512 0 0 0 0 0 2.384 303 48 0 0 0
./complex_md-fit_253.pdb BC A 7.4213 36.2001 -13.9757 -8.254 -17.1995 -23.6718 -0.695538 42.0891 -22.9004 4.68636 8.66536 2.98598 0 0 0 0.331124 2.07842 -0.0123586 0 0 0 0 0 2.384 303 48 0 0 0
./complex_md-fit_254.pdb BC A 9.69627 38.2635 -17.5081 -7.98247 -19.2529 -24.8655 -1.06637 43.7551 -24.6048 3.85186 9.63888 2.37999 0 0 0 0.618711 2.01551 0.0193686 0 0 0 0 0 2.384 303 51 2 2 0
./complex_md-fit_255.pdb BC A 6.84379 30.6966 -13.9507 -8.72747 -17.1667 -24.9199 -0.800034 45.6959 -24.3711 3.0064 8.94807 3.76506 0 0 0 0.58576 3.17871 0.0333109 0 0 0 0 0 2.384 303 52 0 0 0
./complex_md-fit_256.pdb BC A 8.98323 32.3795 -9.1882 -8.56968 -13.0129 -23.6296 -0.672748 43.0583 -22.733 4.01807 8.76085 3.01982 0 0 0 0.584042 2.16303 -0.0113815 0 0 0 0 0 2.384 303 47 1 1 0
./complex_md-fit_257.pdb BC A 7.12139 33.5696 -12.6903 -7.57773 -16.401 -23.3711 -0.642562 41.9138 -23.3046 3.8908 9.59555 2.97663 0 0 0 0.265737 3.42842 -0.0357722 0 0 0 0 0 2.384 303 48 0 0 0
./complex_md-fit_258.pdb BC A 7.7903 36.1564 -15.1519 -6.10458 -16.998 -23.9939 -0.744697 42.0763 -24.0309 2.87186 7.97804 3.32839 0 0 0 0.465602 3.35087 0 0 0 0 0 0 2.384 303 51 0 0 0
./complex_md-fit_259.pdb BC A 7.68579 31.1979 -12.4384 -6.44314 -14.5297 -23.1772 -0.789169 41.1184 -22.8171 2.4369 9.1158 2.5007 0 0 0 0.146163 1.94507 0 0 0 0 0 0 2.384 303 50 0 0 0
./complex_md-fit_25.pdb BC A 10.1607 36.7711 -10.3838 -6.17824 -10.5929 -22.6044 -0.782893 38.176 -22.8116 4.36137 7.0763 2.71568 0 0 0 0.2358 2.18477 0.0211858 0 0 0 0 0 2.384 303 50 0 0 0
./complex_md-fit_260.pdb BC A 6.5627 36.601 -7.56374 -6.94924 -13.9596 -22.6473 -0.765467 41.72 -21.7926 3.907 9.00765 3.62276 0 0 0 0.290626 1.95669 -0.010081 0 0 0 0 0.0124841 2.384 303 49 1 1 0
./complex_md-fit_261.pdb BC A 7.53905 30.7622 -9.13692 -7.79462 -11.9488 -24.2024 -0.625769 42.9238 -24.1653 4.61724 8.1738 3.06977 0 0 0 0.815348 1.83093 5.55112e-17 0 0 0 0 1.11022e-16 2.384 303 49 0 0 0
./complex_md-fit_262.pdb BC A 6.59993 32.0658 -11.28 -7.47912 -14.0073 -23.9959 -0.659249 43.2327 -23.2932 4.62733 7.29056 2.3591 0 0 0 0.680654 3.53988 -0.0355741 0 0 0 0 0 2.384 303 49 2 2 0
./complex_md-fit_263.pdb BC A 9.45985 41.5701 -12.9703 -7.19862 -15.0139 -24.7754 -0.643718 44.138 -24.6995 4.31878 6.945 3.77617 0 0 0 0.182952 3.47467 0 0 0 0 0 0 2.384 303 49 1 1 0
./complex_md-fit_264.pdb BC A 7.91012 36.4177 -3.96624 -6.33921 -11.08 -25.6311 -0.692257 45.1865 -25.5612 7.80647 8.12912 3.5815 0 0 0 0.599903 2.53807 0.0340123 0 0 0 0 0 2.384 303 53 3 3 0
./complex_md-fit_265.pdb BC A 8.68421 27.3578 -5.49942 -7.0073 -11.7337 -25.2169 -0.919984 46.2918 -24.8742 6.42001 7.67776 3.49775 0 0 0 0.365385 2.73803 0 0 0 0 0 0 2.384 303 50 1 1 0
./complex_md-fit_266.pdb BC A 7.1025 32.9127 -16.4078 -8.24479 -18.688 -23.7985 -0.623451 40.6745 -23.5147 4.46023 9.6353 3.18355 0 0 0 0.50806 2.31418 0 0 0 0 0 0 2.384 303 46 0 0 0
./complex_md-fit_267.pdb BC A 7.34468 40.6189 -14.9115 -8.45927 -18.485 -24.5106 -0.841867 44.4173 -24.0187 3.06975 11.0597 2.27997 0 0 0 0.586195 1.64908 -0.00910166 0 0 0 0 0 2.384 303 52 1 1 0
./complex_md-fit_268.pdb BC A 7.59395 37.3979 -10.3087 -7.50982 -14.2715 -27.194 -0.830852 49.1481 -26.8418 4.32884 8.9124 3.51299 0 0 0 0.436837 3.50969 0 0 0 0 0 0 2.384 303 53 2 2 0
./complex_md-fit_269.pdb BC A 7.6204 31.643 -12.075 -6.35451 -14.31 -23.3515 -0.817173 42.1679 -23.0845 3.22244 7.00427 2.62203 0 0 0 0.862573 1.85258 -0.0402262 0 0 0 0 0.00371826 2.384 303 46 0 0 0
./complex_md-fit_26.pdb BC A 10.4912 34.5394 -6.25656 -4.33379 -11.201 -23.191 -0.926176 39.8318 -22.8539 7.49043 6.71549 1.75505 0 0 0 0.432593 3.44546 0.0239306 0 0 0 0 0 2.384 303 48 1 1 0
./complex_md-fit_270.pdb BC A 8.66652 36.6643 -13.0825 -8.00163 -15.0561 -24.9008 -0.882401 44.5349 -24.1332 4.30199 8.21805 2.4772 0 0 0 0.338604 3.62711 0 0 0 0 0 0.020837 2.384 303 50 0 0 0
./complex_md-fit_271.pdb BC A 7.64235 40.2309 -6.75424 -4.2074 -14.8423 -24.6735 -0.812976 45.5417 -24.0856 4.60634 8.66168 2.91626 0 0 0 0.141539 3.69337 0 0 0 0 0 0 2.384 303 46 0 0 0
./complex_md-fit_272.pdb BC A 6.22268 29.1285 -13.1157 -7.0609 -17.1888 -23.954 -0.596058 43.0403 -23.3533 3.89365 9.05338 2.94749 0 0 0 0.139136 3.5333 -0.0366476 0 0 0 0 0 2.384 303 45 0 0 0
./complex_md-fit_273.pdb BC A 7.29895 34.0816 -11.4421 -8.29457 -15.6056 -23.5415 -0.743703 42.4843 -23.0029 4.78761 8.76958 3.15197 0 0 0 0.590492 2.19244 -0.0377045 0 0 0 0 0 2.384 303 51 0 0 0
./complex_md-fit_274.pdb BC A 6.69743 41.6899 -8.43123 -6.89255 -11.697 -23.974 -0.562624 43.8672 -22.9401 3.38212 6.8324 2.52507 0 0 0 1.05943 2.69964 -0.0310461 0 0 0 0 0 2.384 303 50 0 0 0
./complex_md-fit_275.pdb BC A 7.44642 43.9128 -9.24112 -6.76078 -14.7105 -23.6938 -0.703349 43.303 -22.8922 4.82466 7.94683 2.94074 0 0 0 0.508196 2.23637 -0.00377496 0 0 0 0 0 2.384 303 51 0 0 0
./complex_md-fit_276.pdb BC A 6.73144 31.5418 -11.8934 -7.11477 -14.1021 -23.3865 -0.808074 40.4724 -22.989 3.29069 8.7882 3.7367 0 0 0 0.218758 2.0204 0 0 0 0 0 0.000320214 2.384 303 49 0 0 0
./complex_md-fit_277.pdb BC A 6.49088 42.2838 -11.6725 -7.49464 -15.5517 -23.9515 -0.63589 42.9864 -23.4366 3.88318 7.6314 3.9618 0 0 0 0.971589 3.22502 -0.0366364 0 0 0 0 0 2.384 303 50 0 0 0
./complex_md-fit_278.pdb BC A 6.97263 36.485 -13.5964 -7.52292 -17.6424 -23.0785 -0.75384 41.6355 -22.6848 3.01825 9.28488 3.44394 0 0 0 0.703384 2.05257 0 0 0 0 0 0 2.384 303 50 0 0 0
./complex_md-fit_279.pdb BC A 7.64475 32.9961 -3.29574 -5.98729 -14.6644 -23.8521 -0.812232 44.6767 -23.061 6.37921 10.3496 3.46138 0 0 0 0.212127 3.81837 1.11022e-16 0 0 0 0 0.00224511 2.384 303 50 1 1 0
./complex_md-fit_27.pdb BC A 6.78056 35.0265 -10.5757 -5.545 -17.0331 -23.0641 -1.06743 39.1139 -22.8374 6.36262 9.08979 3.9701 0 0 0 0.453748 2.47 -0.0187744 0 0 0 0 0 2.384 303 49 1 1 0
./complex_md-fit_280.pdb BC A 8.47037 39.9346 -17.2179 -7.82378 -14.1412 -24.8424 -0.563821 42.4283 -24.9562 1.99608 7.93284 2.36833 0 0 0 0.383996 2.04156 0 0 0 0 0 0 2.384 303 52 0 0 0
./complex_md-fit_281.pdb BC A 7.47177 32.8044 -10.3065 -6.62968 -11.712 -23.6677 -0.724492 40.9022 -23.6472 3.49733 8.32175 2.85006 0 0 0 0.503361 3.88878 1.11022e-16 0 0 0 0 0 2.384 303 53 0 0 0
./complex_md-fit_282.pdb BC A 9.61463 34.1656 -10.9591 -8.10002 -15.1769 -22.5261 -0.749765 40.7344 -22.0507 6.07466 7.53564 2.7224 0 0 0 0.577348 3.31795 0 0 0 0 0 0 2.384 303 50 1 1 0
./complex_md-fit_283.pdb BC A 6.70353 34.4945 -10.8862 -7.23374 -14.2554 -22.7746 -0.711559 39.7745 -22.306 6.58698 6.70078 2.32791 0 0 0 1.00482 2.15636 0 0 0 0 0 0 2.384 303 50 2 2 0
./complex_md-fit_284.pdb BC A 7.80025 35.5173 -9.54304 -3.98277 -12.2755 -23.7573 -0.746191 40.5001 -23.6221 5.00509 5.41782 3.56519 0 0 0 0.315228 1.97909 0.022779 0 0 0 0 0.0144717 2.384 303 55 0 0 0
./complex_md-fit_285.pdb BC A 7.49761 42.9639 -10.7446 -6.23304 -12.7148 -25.2238 -0.834926 44.6842 -24.7535 2.92632 8.30438 2.97472 0 0 0 0.125897 2.34302 0 0 0 0 0 0 2.384 303 51 0 0 0
./complex_md-fit_286.pdb BC A 9.55874 34.9366 -5.91604 -6.56244 -11.9553 -24.0188 -0.824313 43.0072 -24.1787 8.02267 6.56733 3.54725 0 0 0 0.479049 2.36249 0 0 0 0 0 0 2.384 303 52 1 1 0
./complex_md-fit_287.pdb BC A 6.57362 33.2328 -14.8035 -9.31581 -13.3309 -24.4132 -0.787578 41.3609 -24.6073 4.45941 8.78647 2.3541 0 0 0 0.66399 2.18857 0.0264407 0 0 0 0 0 2.384 303 50 1 1 0
./complex_md-fit_288.pdb BC A 7.84613 36.7226 -7.84408 -8.56955 -9.92662 -24.5893 -0.569362 42.0974 -24.6922 6.71446 8.4887 2.71211 0 0 0 0.535325 2.02596 -0.0449553 0 0 0 0 0 2.384 303 49 3 3 0
./complex_md-fit_289.pdb BC A 8.12376 29.2998 -13.71 -8.94878 -14.0312 -24.091 -0.643398 42.5455 -24.0608 3.62717 7.5973 3.59837 0 0 0 0.737052 3.59841 -0.0402935 0 0 0 0 0 2.384 303 50 0 0 0
./complex_md-fit_28.pdb BC A 8.67148 30.9308 -5.8999 -3.28167 -14.1577 -22.3728 -1.01614 40.0439 -21.7641 6.1949 7.46952 2.70262 0 0 0 0.281419 2.0987 0 0 0 0 0 0 2.384 303 51 1 1 0
./complex_md-fit_290.pdb BC A 7.27697 27.7399 -9.06326 -6.76256 -12.3985 -23.7077 -0.590224 40.8661 -23.6626 6.60839 7.34017 2.73921 0 0 0 0.504479 3.80192 0 0 0 0 0 0 2.384 303 48 3 3 0
./complex_md-fit_291.pdb BC A 9.72314 35.1839 -17.456 -7.45556 -13.5045 -23.2748 -0.932342 39.572 -23.1489 3.0132 6.52935 1.27768 0 0 0 0.512051 3.13762 -0.0441646 0 0 0 0 0 2.384 303 50 0 0 0
./complex_md-fit_292.pdb BC A 7.01208 33.5425 -15.6736 -8.64328 -14.3197 -22.3427 -0.757218 38.2183 -22.2795 4.10786 7.41509 2.63382 0 0 0 0.304029 3.18286 -0.0103112 0 0 0 0 0 2.384 303 48 1 1 0
./complex_md-fit_293.pdb BC A 8.26456 36.4531 -13.632 -7.30909 -13.6084 -23.9139 -0.547622 41.1326 -23.8132 3.61707 7.45854 1.90723 0 0 0 1.46792 4.02664 -0.0231908 0 0 0 0 0 2.384 303 51 0 0 0
./complex_md-fit_294.pdb BC A 8.45413 29.9816 -15.6065 -8.01477 -12.7016 -22.7774 -0.594199 38.7883 -22.5761 2.35004 7.74033 2.09285 0 0 0 0.124252 1.62001 -0.0403968 0 0 0 0 0.00227835 2.384 303 51 0 0 0
./complex_md-fit_295.pdb BC A 5.85391 37.0767 -18.8484 -9.36434 -15.5786 -24.536 -0.777692 41.5339 -24.9802 2.46891 8.85265 3.20811 0 0 0 0.324976 1.77044 0 0 0 0 0 0 2.384 303 51 0 0 0
./complex_md-fit_296.pdb BC A 8.46177 41.6983 -10.4472 -7.96963 -10.0331 -23.3151 -0.589826 40.1597 -23.253 3.93048 7.32019 2.90518 0 0 0 0.397897 2.39478 -2.77556e-17 0 0 0 0 0 2.384 303 47 2 2 0
./complex_md-fit_297.pdb BC A 8.28697 41.2603 -7.91305 -6.68287 -9.9989 -22.6967 -0.46238 41.1044 -22.6026 6.1192 4.76225 2.06466 0 0 0 0.479842 2.14376 0 0 0 0 0 0 2.384 303 48 1 1 0
./complex_md-fit_298.pdb BC A 8.88273 35.9631 -7.85607 -7.23347 -11.8493 -22.2002 -0.672845 39.0636 -21.6669 6.1526 7.75178 2.47995 0 0 0 0.327976 1.56651 -0.0091801 0 0 0 0 0 2.384 303 43 2 2 0
./complex_md-fit_299.pdb BC A 9.90731 36.7419 -18.726 -9.54865 -16.4898 -23.5972 -0.281109 40.7997 -23.5584 2.56716 8.05819 2.62058 0 0 0 0.703469 2.12114 0 0 0 0 0 0 2.384 303 51 0 0 0
./complex_md-fit_29.pdb BC A 7.1217 42.5205 -15.3448 -6.18395 -14.9837 -22.8053 -0.901091 38.1075 -22.5856 2.57242 8.47925 2.85018 0 0 0 0.0935468 1.98673 -1.11022e-16 0 0 0 0 0.0119738 2.384 303 50 0 0 0
./complex_md-fit_2.pdb BC A 7.04416 28.2557 -2.34158 -6.57336 -13.8562 -25.2851 -1.09667 45.6046 -24.4915 10.0309 9.55225 3.47341 0 0 0 0.327521 2.15156 -0.0334165 0 0 0 0 0.00589189 2.384 303 49 3 3 0
./complex_md-fit_300.pdb BC A 7.46135 32.3316 -9.22496 -8.00948 -10.1812 -22.6631 -0.602237 39.9724 -22.8378 5.07676 7.15917 2.52244 0 0 0 0.367343 3.2342 -0.0292721 0 0 0 0 0 2.384 303 48 1 1 0
./complex_md-fit_301.pdb BC A 9.87444 29.0748 -19.0237 -11.2619 -14.6412 -23.5531 -0.575562 39.9945 -23.4492 2.70833 8.58376 2.80878 0 0 0 0.361871 2.34262 0 0 0 0 0 0 2.384 303 47 0 0 0
./complex_md-fit_302.pdb BC A 6.94307 29.0359 -16.5049 -10.4556 -12.676 -23.9106 -0.624814 40.8537 -24.1043 2.36011 8.03394 3.29756 0 0 0 0.73183 2.46134 -0.0109146 0 0 0 0 0 2.384 303 52 0 0 0
./complex_md-fit_303.pdb BC A 8.34351 35.5188 -9.2244 -7.5313 -13.8823 -23.4964 -0.785147 41.0434 -23.5929 7.67102 7.8885 2.72598 0 0 0 0.734876 3.94785 0 0 0 0 0 0 2.384 303 48 1 1 0
./complex_md-fit_304.pdb BC A 7.08759 34.6555 -9.89553 -7.92365 -12.7423 -22.2426 -0.740339 38.6568 -22.2802 4.58076 9.07745 3.28687 0 0 0 0.464649 1.70411 -0.0329687 0 0 0 0 0 2.384 303 49 2 2 0
./complex_md-fit_305.pdb BC A 8.32935 29.6104 -17.8923 -10.0832 -14.8054 -23.7946 -0.777713 40.1742 -23.8419 3.27948 7.344 3.77454 0 0 0 0.861324 1.8655 -0.0229417 0 0 0 0 0 2.384 303 52 0 0 0
./complex_md-fit_306.pdb BC A 7.91608 31.2996 -14.1483 -7.47844 -14.2139 -23.0636 -0.63851 40.313 -22.558 5.31006 5.53364 2.25989 0 0 0 0.365948 2.25253 0.0216684 0 0 0 0 0 2.384 303 53 1 1 0
./complex_md-fit_307.pdb BC A 6.76925 35.0912 -17.884 -9.97274 -16.129 -23.4992 -0.439451 40.5357 -23.2682 4.72657 7.63525 2.4245 0 0 0 0.102602 2.38035 0 0 0 0 0 0 2.384 303 49 1 1 0
./complex_md-fit_308.pdb BC A 8.26695 33.1457 -10.5357 -10.3196 -13.3991 -23.9359 -0.759029 41.4949 -23.8627 8.15155 8.1145 3.28487 0 0 0 0.720609 2.8044 -0.0258191 0 0 0 0 0 2.384 303 52 3 3 0
./complex_md-fit_309.pdb BC A 8.72225 31.6341 -14.6757 -8.65381 -14.9993 -25.1379 -0.727161 44.1604 -24.5548 4.83486 7.26702 2.71699 0 0 0 0.417974 3.13727 0 0 0 0 0 0 2.384 303 51 0 0 0
./complex_md-fit_30.pdb BC A 8.07034 33.8054 -9.75362 -5.89884 -14.2992 -22.2267 -1.04894 37.7141 -22.186 5.57189 9.05301 3.06388 0 0 0 0.503147 1.89005 0 0 0 0 0 0 2.384 303 50 0 0 0
./complex_md-fit_310.pdb BC A 6.12647 39.8509 -12.1424 -6.56017 -15.2978 -23.5052 -0.868317 40.5022 -23.2632 5.61074 8.20148 2.81993 0 0 0 0.265361 2.49254 -0.0473428 0 0 0 0 0 2.384 303 47 1 1 0
./complex_md-fit_311.pdb BC A 7.96026 36.1148 -13.243 -8.83579 -15.1475 -23.8836 -0.770171 42.2537 -23.5609 4.78601 8.10594 3.54689 0 0 0 0.262451 2.5299 0 0 0 0 0 0 2.384 303 50 0 0 0
./complex_md-fit_312.pdb BC A 10.0626 36.6503 -15.054 -7.43937 -14.9 -22.4291 -0.697319 39.4611 -22.0474 2.78671 7.74785 2.14411 0 0 0 0.319366 3.05818 0 0 0 0 0 0 2.384 303 49 0 0 0
./complex_md-fit_313.pdb BC A 7.119 32.3921 -10.078 -6.77766 -13.5729 -23.7209 -0.582694 42.0955 -23.3687 6.99862 5.73192 2.60752 0 0 0 0.52561 2.29092 -0.0144157 0 0 0 0 0 2.384 303 53 0 0 0
./complex_md-fit_314.pdb BC A 6.88644 36.2664 -13.6064 -7.54799 -13.8763 -23.577 -0.668976 41.5592 -23.0464 3.99299 7.10001 2.25988 0 0 0 0.253336 2.28243 -0.0551804 0 0 0 0 0 2.384 303 49 1 1 0
./complex_md-fit_315.pdb BC A 8.92695 35.4928 -9.75732 -7.30624 -11.1881 -23.1729 -0.638376 40.6783 -23.0606 6.39778 5.61504 2.71938 0 0 0 0.198422 2.5542 0 0 0 0 0 0 2.384 303 48 0 0 0
./complex_md-fit_316.pdb BC A 9.88331 31.2979 -14.7564 -8.32928 -13.219 -23.7481 -0.641686 39.8612 -23.1419 4.46756 6.57122 2.65393 0 0 0 0.804351 2.55709 -0.0346103 0 0 0 0 0 2.384 303 47 1 1 0
./complex_md-fit_317.pdb BC A 7.42146 33.8501 -11.1715 -9.63389 -11.1422 -23.9709 -1.00643 42.3063 -23.7061 5.45668 8.12154 2.1163 0 0 0 0.287123 2.39624 0 0 0 0 0 0 2.384 303 51 1 1 0
./complex_md-fit_318.pdb BC A 8.04617 35.0639 -15.4884 -10.3225 -13.7673 -23.4962 -0.580661 40.592 -23.4833 3.43857 9.15375 2.62893 0 0 0 0.369169 2.39868 -0.0209153 0 0 0 0 0 2.384 303 52 1 1 0
./complex_md-fit_319.pdb BC A 5.67282 36.6551 -8.16351 -9.38485 -14.1635 -24.1114 -0.854029 42.9362 -23.8234 8.15283 10.063 2.87352 0 0 0 0.14808 2.6699 0 0 0 0 0 0 2.384 303 52 2 2 0
./complex_md-fit_31.pdb BC A 8.48262 28.9141 -17.9982 -8.34127 -14.8909 -22.3069 -0.826301 38.0671 -22.1668 1.50621 7.77803 3.00009 0 0 0 0.182534 2.33073 1.11022e-16 0 0 0 0 0 2.384 303 54 0 0 0
./complex_md-fit_320.pdb BC A 8.54715 35.6273 -11.927 -7.37743 -11.6321 -22.6072 -0.605792 39.0221 -22.4263 4.71491 7.43704 1.34494 0 0 0 0.202814 1.84646 0 0 0 0 0 0 2.384 303 50 0 0 0
./complex_md-fit_321.pdb BC A 8.14143 34.9855 -12.9423 -8.38442 -14.1131 -23.2328 -0.842427 40.1366 -22.7214 4.41955 9.35957 1.97462 0 0 0 0.470985 2.35318 -0.00943067 0 0 0 0 0 2.384 303 52 1 1 0
./complex_md-fit_322.pdb BC A 8.03978 38.3995 -14.2985 -10.149 -13.361 -24.2506 -0.862279 41.2079 -24.1392 5.97176 7.9815 2.69926 0 0 0 0.603092 2.88208 -5.55112e-17 0 0 0 0 0 2.384 303 51 2 2 0
./complex_md-fit_323.pdb BC A 10.0965 30.5208 -14.6984 -8.46597 -15.2967 -23.1674 -0.784223 38.8058 -22.7828 5.12082 7.7956 3.61452 0 0 0 0.496394 2.02424 -0.034393 0 0 0 0 0 2.384 303 50 0 0 0
./complex_md-fit_324.pdb BC A 6.84791 40.5993 -16.2302 -8.87543 -14.8029 -23.6527 -0.713979 39.5559 -23.3109 4.01242 7.23071 3.36541 0 0 0 0.961292 2.58404 0 0 0 0 0 0 2.384 303 52 0 0 0
./complex_md-fit_325.pdb BC A 6.92104 33.2001 -21.1259 -11.0816 -15.7017 -24.0078 -0.896311 39.64 -24.0464 3.14227 8.47039 2.85138 0 0 0 0.52282 2.609 -0.0190003 0 0 0 0 0 2.384 303 52 0 0 0
./complex_md-fit_326.pdb BC A 7.00978 45.547 -13.531 -7.27468 -13.8319 -23.1725 -0.691233 39.2109 -23.1089 4.82947 7.37921 3.01652 0 0 0 0.128871 2.29852 -0.0231973 0 0 0 0 0.00636995 2.384 303 51 0 0 0
./complex_md-fit_327.pdb BC A 8.56453 34.6754 -11.7295 -8.65639 -13.2098 -24.2437 -0.782409 40.6959 -24.6944 6.25483 9.39597 2.21945 0 0 0 1.312 2.70139 -0.0209599 0 0 0 0 0 2.384 303 49 2 2 0
./complex_md-fit_328.pdb BC A 7.34174 38.6136 -15.5832 -7.79618 -13.2102 -23.5513 -0.744778 39.8889 -23.6142 2.04197 7.55942 3.15826 0 0 0 0.679129 2.09987 0 0 0 0 0 0.00576521 2.384 303 50 0 0 0
./complex_md-fit_329.pdb BC A 8.57382 32.2508 -6.6519 -6.45414 -11.1106 -22.8737 -0.900539 40.9671 -22.5738 5.65408 7.36839 3.10936 0 0 0 0.161918 2.69812 1.11022e-16 0 0 0 0 0 2.384 303 54 1 1 0
./complex_md-fit_32.pdb BC A 7.8307 35.5542 -11.359 -6.2993 -13.7867 -22.0166 -1.00105 38.8446 -22.0013 5.98908 6.59289 1.70259 0 0 0 0.611036 2.20281 0 0 0 0 0 0.00591632 2.384 303 53 1 1 0
./complex_md-fit_330.pdb BC A 6.99835 29.0123 -13.8461 -8.54144 -13.373 -23.5752 -0.425306 41.7189 -23.1842 3.15789 7.05982 2.66695 0 0 0 0.658609 3.61499 -0.00919684 0 0 0 0 0 2.384 303 50 0 0 0
./complex_md-fit_331.pdb BC A 8.09292 36.153 -8.07602 -7.79326 -11.4182 -22.0946 -0.916251 39.7376 -21.6779 6.12817 8.26217 1.49816 0 0 0 0.209626 1.91443 -0.0115044 0 0 0 0 0 2.384 303 49 1 1 0
./complex_md-fit_332.pdb BC A 7.24744 33.6361 -13.9118 -8.82315 -14.6944 -23.4784 -0.723018 41.2294 -23.2602 5.78661 7.44263 2.3945 0 0 0 0.226985 2.03137 -0.0127279 0 0 0 0 0 2.384 303 51 1 1 0
./complex_md-fit_333.pdb BC A 8.57682 38.5751 -10.3224 -9.11163 -14.7974 -25.2886 -1.01778 46.3415 -24.6316 7.56207 7.88378 2.53023 0 0 0 0.20694 2.60951 0 0 0 0 0 0 2.384 303 53 2 2 0
./complex_md-fit_334.pdb BC A 7.88378 41.8171 -13.8473 -10.1999 -12.8693 -24.6542 -0.738649 42.8239 -24.7795 3.43084 8.98607 3.69751 0 0 0 0.497786 2.73185 -0.0418928 0 0 0 0 0 2.384 303 51 0 0 0
./complex_md-fit_335.pdb BC A 10.3103 31.8435 -17.7912 -9.56389 -17.6993 -23.4484 -0.822159 41.5502 -23.0269 4.70208 6.8325 2.91391 0 0 0 0.783146 2.36571 -0.0123992 0 0 0 0 0 2.384 303 50 1 1 0
./complex_md-fit_336.pdb BC A 6.91125 32.8276 -7.67595 -6.90331 -12.8507 -24.0933 -0.803773 42.9672 -23.7618 6.85461 7.49407 3.01265 0 0 0 0.441461 3.10434 -0.0329942 0 0 0 0 0 2.384 303 52 1 1 0
./complex_md-fit_337.pdb BC A 8.98462 32.5933 -15.0758 -8.87711 -14.162 -23.9804 -0.783346 42.979 -23.8239 3.84077 7.18454 2.39507 0 0 0 0.17141 2.56536 -0.0200056 0 0 0 0 0 2.384 303 51 0 0 0
./complex_md-fit_338.pdb BC A 10.474 41.2681 -16.309 -9.17976 -14.7843 -22.4348 -0.806209 39.658 -21.9919 2.85894 8.07222 1.94855 0 0 0 0.35033 3.07254 0 0 0 0 0 0 2.384 303 53 0 0 0
./complex_md-fit_339.pdb BC A 8.41941 33.562 -16.2174 -9.13811 -13.4285 -23.8073 -1.07797 41.3704 -23.6426 3.91892 7.77782 1.36066 0 0 0 0.449243 2.58302 0 0 0 0 0 0 2.384 303 52 1 1 0
./complex_md-fit_33.pdb BC A 8.53891 32.9343 -10.8057 -7.77807 -15.1066 -23.4667 -0.999336 40.8449 -22.8593 4.03972 10.2963 3.69276 0 0 0 0.530612 2.46739 0 0 0 0 0 0 2.384 303 54 0 0 0
./complex_md-fit_340.pdb BC A 7.89041 31.053 -16.6297 -7.68401 -13.8511 -22.4652 -0.833778 38.55 -22.1565 2.33137 7.57806 1.71115 0 0 0 0.190316 2.4943 0 0 0 0 0 0 2.384 303 50 0 0 0
./complex_md-fit_341.pdb BC A 7.64923 31.242 -11.7291 -8.92964 -13.8005 -24.6807 -1.003 42.4202 -24.1034 8.15711 6.91464 2.70468 0 0 0 0.591489 2.44473 5.55112e-17 0 0 0 0 0 2.384 303 54 1 1 0
./complex_md-fit_342.pdb BC A 7.7238 39.4047 -8.1642 -9.01333 -11.94 -23.5037 -0.871505 42.0902 -22.9843 7.49203 7.1169 3.11541 0 0 0 0.369627 2.53156 -0.0355686 0 0 0 0 0 2.384 303 52 1 1 0
./complex_md-fit_343.pdb BC A 7.51771 38.0552 -14.8919 -7.29948 -14.9687 -23.3028 -1.04824 39.6862 -23.0487 5.04302 7.67426 1.70244 0 0 0 0.690652 3.45721 -0.0206138 0 0 0 0 0 2.384 303 52 0 0 0
./complex_md-fit_344.pdb BC A 10.5188 33.1925 -6.60268 -6.66576 -13.8929 -22.9645 -0.804341 41.6873 -22.394 7.62551 6.98572 3.14664 0 0 0 0.673614 2.51677 0 0 0 0 0 0 2.384 303 52 1 1 0
./complex_md-fit_345.pdb BC A 8.28772 41.4368 -14.4012 -9.42862 -14.9377 -23.5735 -0.803438 39.9122 -23.7543 5.32278 9.40413 2.90611 0 0 0 0.551099 3.91119 0 0 0 0 0 0 2.384 303 52 1 1 0
./complex_md-fit_346.pdb BC A 7.73681 29.0757 -11.3078 -7.14188 -11.5943 -23.6971 -0.567463 41.9019 -23.7834 4.54831 7.24651 1.55492 0 0 0 0.224722 3.39265 0 0 0 0 0 0 2.384 303 52 0 0 0
./complex_md-fit_347.pdb BC A 9.49581 41.3149 -11.7836 -7.23574 -14.1388 -22.8536 -0.98242 40.6725 -22.4186 4.08222 8.38679 2.10564 0 0 0 0.598372 3.32843 -5.55112e-17 0 0 0 0 0 2.384 303 51 1 1 0
./complex_md-fit_348.pdb BC A 8.37311 33.8324 -9.74032 -9.04073 -13.5122 -22.5302 -0.71776 39.0525 -21.9272 7.39506 8.16927 2.72807 0 0 0 0.662926 2.08393 -0.020087 0 0 0 0 0 2.384 303 51 0 0 0
./complex_md-fit_349.pdb BC A 7.22948 32.6601 -17.4215 -10.2778 -14.9361 -23.5008 -0.755657 40.8328 -22.7477 3.36624 8.0796 1.9978 0 0 0 0.520131 2.18873 0 0 0 0 0 0 2.384 303 49 0 0 0
./complex_md-fit_34.pdb BC A 9.75576 30.3363 -11.4246 -6.67679 -14.7717 -22.7803 -1.25979 40.6654 -21.5145 4.27028 8.37109 2.13612 0 0 0 0.135525 3.32217 0 0 0 0 0 0 2.384 303 53 0 0 0
./complex_md-fit_350.pdb BC A 7.40119 33.1557 -14.1849 -7.86513 -14.4643 -24.3396 -0.679661 41.7065 -24.6706 3.55333 9.24005 2.61064 0 0 0 0.724315 2.25244 -0.0124895 0 0 0 0 0.0121171 2.384 303 49 1 1 0
./complex_md-fit_351.pdb BC A 9.00507 36.9687 -10.7369 -9.81781 -11.3426 -24.7355 -0.702994 43.6862 -25.0429 4.93891 8.2409 3.63242 0 0 0 0.393905 2.06792 5.55112e-17 0 0 0 0 0.0125791 2.384 303 54 0 0 0
./complex_md-fit_352.pdb BC A 9.16615 39.9294 -12.5554 -8.43197 -13.4045 -24.8846 -0.768648 43.2386 -24.6914 5.91523 7.84429 2.24838 0 0 0 0.379276 3.38836 0 0 0 0 0 0 2.384 303 53 0 0 0
./complex_md-fit_353.pdb BC A 6.4916 32.1802 -6.99664 -6.82157 -13.1907 -23.5341 -0.970937 43.0493 -23.2665 7.79238 6.92687 2.77578 0 0 0 0.242835 3.08407 0 0 0 0 0 0 2.384 303 51 3 3 0
./complex_md-fit_354.pdb BC A 5.76638 32.5549 -19.5668 -10.6921 -17.6726 -24.6087 -0.803079 42.5949 -24.384 4.05751 9.71614 1.917 0 0 0 0.327092 2.20194 -0.0189716 0 0 0 0 0 2.384 303 51 0 0 0
./complex_md-fit_355.pdb BC A 8.15053 33.1966 -4.67796 -6.38339 -10.7356 -24.1049 -0.778192 42.5061 -23.3969 8.87467 6.58445 2.60215 0 0 0 0.144823 1.81917 0 0 0 0 0 0.00886972 2.384 303 50 1 1 0
./complex_md-fit_356.pdb BC A 7.19553 35.4926 -7.28335 -7.14306 -10.531 -23.5735 -0.667095 41.1362 -23.489 6.22316 7.34273 3.31719 0 0 0 0.101004 2.10469 0 0 0 0 0 0 2.384 303 49 1 1 0
./complex_md-fit_357.pdb BC A 7.74618 44.844 -4.27816 -3.8258 -11.6722 -23.2735 -0.665045 42.0747 -22.8321 5.45726 7.75906 2.26794 0 0 0 0.42505 2.10305 -5.55112e-17 0 0 0 0 0.00650203 2.384 303 46 0 0 0
./complex_md-fit_358.pdb BC A 6.83575 31.923 -12.8488 -8.42978 -18.5786 -24.3336 -0.941088 44.1158 -23.7911 5.09868 10.2288 3.374 0 0 0 0.407296 2.25993 0 0 0 0 0 0.000804405 2.384 303 47 0 0 0
./complex_md-fit_359.pdb BC A 6.86624 33.9518 -13.1932 -7.17213 -16.2812 -25.2928 -1.08907 45.8121 -24.3306 3.12608 8.5098 3.18075 0 0 0 0.343851 2.4402 0 0 0 0 0 0 2.384 303 52 0 0 0
./complex_md-fit_35.pdb BC A 7.90574 34.0642 -12.199 -7.56156 -14.9058 -22.4973 -1.04928 39.4026 -21.4651 3.66196 9.5465 2.41062 0 0 0 0.216344 2.19418 0.0420644 0 0 0 0 0 2.384 303 53 0 0 0
./complex_md-fit_360.pdb BC A 7.30936 37.7101 -8.96694 -8.03921 -15.1399 -25.1112 -1.06711 46.114 -24.6382 7.41421 8.80529 2.29773 0 0 0 0.408673 2.25473 -0.0112689 0 0 0 0 0 2.384 303 50 2 2 0
./complex_md-fit_361.pdb BC A 7.23336 36.7087 -13.6697 -7.10635 -18.1963 -25.1459 -0.997405 43.4414 -24.7871 5.74479 8.95369 3.97053 0 0 0 0.465334 1.87227 -0.0123624 0 0 0 0 0 2.384 303 52 1 1 0
./complex_md-fit_362.pdb BC A 6.64342 34.5387 -13.5565 -9.0706 -15.2438 -25.3227 -0.864151 44.7801 -24.7959 3.94399 9.05309 3.59901 0 0 0 0.369303 2.5246 -0.011214 0 0 0 0 0.0063511 2.384 303 47 0 0 0
./complex_md-fit_363.pdb BC A 5.60083 31.9239 -9.33917 -6.92073 -15.8456 -23.6977 -0.8701 42.2674 -23.1696 5.21962 9.46741 3.74969 0 0 0 0.460393 1.98872 0 0 0 0 0 0 2.384 303 52 0 0 0
./complex_md-fit_364.pdb BC A 8.30211 39.4243 -9.72457 -6.20882 -15.7062 -24.2333 -1.06349 44.5311 -23.4224 5.59777 8.28737 2.08075 0 0 0 0.421956 2.19815 -0.00941339 0 0 0 0 0 2.384 303 51 0 0 0
./complex_md-fit_365.pdb BC A 7.12255 36.3817 -6.80636 -4.82177 -11.1281 -24.1506 -0.632008 43.7349 -23.6012 3.31339 7.46429 2.73568 0 0 0 0.266492 3.413 0.0124938 0 0 0 0 0 2.384 303 49 0 0 0
./complex_md-fit_366.pdb BC A 8.61445 31.2254 -4.51401 -6.46634 -14.5753 -24.7765 -0.949243 44.713 -24.2775 9.19174 10.0412 2.21771 0 0 0 0.339816 3.57138 0.0273354 0 0 0 0 0 2.384 303 52 2 2 0
./complex_md-fit_367.pdb BC A 7.99521 35.1833 -13.5731 -7.7047 -13.8051 -24.1145 -0.860454 42.2039 -23.7841 2.89459 8.81778 2.18229 0 0 0 0.637716 2.10746 -0.0405764 0 0 0 0 0 2.384 303 51 0 0 0
./complex_md-fit_368.pdb BC A 7.71719 34.3922 -10.9222 -6.90225 -15.7928 -23.2686 -1.12304 40.9801 -22.9015 5.37023 10.1312 2.26423 0 0 0 0.320229 2.47886 0 0 0 0 0 0 2.384 303 47 0 0 0
./complex_md-fit_369.pdb BC A 8.00714 31.1566 -15.5574 -8.6889 -20.4139 -24.1385 -1.05251 44.4967 -23.4061 3.71333 10.9841 2.48375 0 0 0 0.446148 4.27848 0 0 0 0 0 0.0183705 2.384 303 50 1 1 0
./complex_md-fit_36.pdb BC A 7.56931 34.2141 -7.13212 -6.42148 -14.6369 -22.6835 -1.06888 40.3861 -21.9722 7.43031 7.06143 4.54603 0 0 0 0.197025 1.74821 0.0299329 0 0 0 0 0 2.384 303 52 1 1 0
./complex_md-fit_370.pdb BC A 7.13152 34.4837 -12.5746 -6.59209 -18.183 -24.8603 -0.904772 44.8763 -24.3555 5.13966 9.32173 2.58124 0 0 0 0.402085 4.27872 0 0 0 0 0 0 2.384 303 49 1 1 0
./complex_md-fit_371.pdb BC A 6.11469 37.8583 -8.69052 -7.7963 -11.8284 -22.7737 -1.07261 41.545 -22.0652 3.5355 9.0219 2.54784 0 0 0 0.195443 2.18108 0 0 0 0 0 0 2.384 303 47 0 0 0
./complex_md-fit_372.pdb BC A 7.09355 42.3321 -8.70454 -6.40651 -12.7469 -24.0484 -0.801895 42.6629 -23.8623 6.01681 8.04371 2.09131 0 0 0 0.357574 2.02005 -0.0108424 0 0 0 0 0 2.384 303 52 2 2 0
./complex_md-fit_373.pdb BC A 8.25096 43.3118 -15.227 -6.99451 -16.9995 -22.913 -0.869764 39.6907 -22.5205 3.49971 8.62867 2.44911 0 0 0 0.821181 3.69589 -0.0190875 0 0 0 0 0 2.384 303 49 1 1 0
./complex_md-fit_374.pdb BC A 7.21341 32.8298 -14.4896 -7.40525 -13.1565 -22.6247 -0.983598 38.0042 -22.6312 4.38534 7.13537 2.39219 0 0 0 0.413245 2.2586 -0.0186475 0 0 0 0 0 2.384 303 52 1 1 0
./complex_md-fit_375.pdb BC A 6.53493 35.7578 -11.2859 -7.41636 -11.376 -23.5427 -0.746865 41.1242 -23.3464 4.17042 6.79736 2.33619 0 0 0 0.76094 2.6543 -0.0490009 0 0 0 0 0.00231527 2.384 303 49 1 1 0
./complex_md-fit_376.pdb BC A 7.74248 35.1963 -5.49723 -5.15524 -12.4306 -24.1655 -0.880079 43.8018 -23.7487 5.94621 7.89482 2.72933 0 0 0 0.510783 3.37088 0 0 0 0 0 0 2.384 303 48 0 0 0
./complex_md-fit_377.pdb BC A 7.59053 35.1234 -13.11 -6.96104 -13.5733 -23.3739 -0.625314 41.456 -22.9769 3.11242 6.7455 2.68112 0 0 0 0.417605 2.56257 -0.0122182 0 0 0 0 0 2.384 303 52 0 0 0
./complex_md-fit_378.pdb BC A 7.6677 39.1981 -13.3323 -7.11685 -14.2025 -21.7447 -0.849056 38.922 -20.9365 2.97624 6.98914 2.39028 0 0 0 0.258582 1.96757 -0.0190256 0 0 0 0 0 2.384 303 48 0 0 0
./complex_md-fit_379.pdb BC A 9.69037 29.749 -15.0887 -7.43647 -16.4372 -23.9203 -0.887824 42.0512 -23.6354 4.1175 8.5422 1.96179 0 0 0 0.602266 3.98154 -0.0464428 0 0 0 0 0 2.384 303 51 1 1 0
./complex_md-fit_37.pdb BC A 9.14267 29.9247 -12.8357 -4.96121 -17.0288 -23.8542 -1.04955 41.2545 -23.7999 5.8804 8.77516 1.59054 0 0 0 0.357375 2.61378 0 0 0 0 0 0 2.384 303 52 0 0 0
./complex_md-fit_380.pdb BC A 9.08323 31.1946 -13.2332 -7.35852 -13.1362 -22.9442 -0.706976 40.3042 -22.2976 3.11072 6.61442 2.6261 0 0 0 0.552795 2.51582 -0.0102917 0 0 0 0 0.0124884 2.384 303 49 0 0 0
./complex_md-fit_381.pdb BC A 8.26127 37.3234 -13.4536 -9.5642 -15.253 -24.9438 -0.780857 44.124 -24.6158 6.36453 9.03359 1.82174 0 0 0 0.393414 3.92203 -0.0430736 0 0 0 0 0.00991868 2.384 303 50 3 3 0
./complex_md-fit_382.pdb BC A 8.72159 37.9819 -12.9686 -8.8738 -15.7691 -24.5338 -0.56825 44.3538 -23.9729 5.00352 7.98902 2.73144 0 0 0 0.67141 2.67675 0 0 0 0 0 0 2.384 303 51 2 2 0
./complex_md-fit_383.pdb BC A 7.59973 37.7834 -7.58197 -6.57124 -12.9401 -23.6597 -0.792163 42.8031 -23.0898 6.1878 7.49917 2.55652 0 0 0 0.421623 2.04335 0 0 0 0 0 0.00279088 2.384 303 54 2 2 0
./complex_md-fit_384.pdb BC A 8.17888 33.8951 -9.58187 -5.65786 -14.7787 -22.6092 -0.711557 40.228 -21.5584 4.98504 8.01596 2.22126 0 0 0 0.283655 3.27769 1.38778e-17 0 0 0 0 0 2.384 303 53 1 1 0
./complex_md-fit_385.pdb BC A 10.0848 37.2648 -17.1907 -8.11094 -17.3601 -24.3386 -0.932579 42.5218 -24.0596 3.01219 9.3118 2.11144 0 0 0 0.653853 2.03614 1.11022e-16 0 0 0 0 0 2.384 303 51 0 0 0
./complex_md-fit_386.pdb BC A 6.85382 32.6058 -11.485 -5.85721 -14.7932 -24.8099 -0.63517 44.5053 -24.0839 2.67263 8.12375 3.1115 0 0 0 0.291817 3.03495 -0.0106152 0 0 0 0 0 2.384 303 51 0 0 0
./complex_md-fit_387.pdb BC A 5.89203 28.8068 -11.4212 -7.49011 -14.3305 -24.0126 -0.56587 42.5593 -23.3453 4.61952 7.53435 3.30803 0 0 0 0.301957 1.8945 0 0 0 0 0 0 2.384 303 48 1 1 0
./complex_md-fit_388.pdb BC A 9.33279 36.8799 -0.383499 -5.96761 -12.2213 -24.6289 -0.441035 45.9227 -23.8647 8.25819 8.142 3.84344 0 0 0 0.582801 2.15051 -0.00918484 0 0 0 0 0 2.384 303 50 3 3 0
./complex_md-fit_389.pdb BC A 8.68116 36.4342 -8.28627 -7.94808 -13.8325 -24.6542 -0.881522 43.7008 -23.8513 6.62126 9.05094 3.13211 0 0 0 0.376293 3.26921 0 0 0 0 0 0 2.384 303 49 2 2 0
./complex_md-fit_38.pdb BC A 9.23958 30.5266 -19.2487 -7.21262 -16.3198 -23.3779 -1.00645 38.6732 -23.1558 2.66917 8.30781 1.8292 0 0 0 0.344511 2.15259 0 0 0 0 0 0 2.384 303 49 0 0 0
./complex_md-fit_390.pdb BC A 7.26932 31.8985 -6.40422 -6.12894 -12.2137 -23.5276 -0.494169 42.4844 -22.7939 5.63126 7.49799 2.54408 0 0 0 0.596268 2.0476 5.55112e-17 0 0 0 0 0 2.384 303 45 1 1 0
./complex_md-fit_391.pdb BC A 7.02095 36.7799 -14.934 -7.53606 -15.74 -22.6846 -0.643863 39.34 -22.0044 4.28231 7.33902 2.52454 0 0 0 0.199086 1.99642 -0.0100665 0 0 0 0 0 2.384 303 46 0 0 0
./complex_md-fit_392.pdb BC A 7.42529 40.5025 -14.0165 -7.44434 -18.1714 -24.1494 -0.88851 41.1233 -23.8385 6.33774 8.99583 3.05656 0 0 0 0.96229 3.18247 0 0 0 0 0 0 2.384 303 48 1 1 0
./complex_md-fit_393.pdb BC A 7.2337 41.1072 -5.43437 -7.1891 -11.6997 -24.0093 -0.901119 43.2443 -23.7367 6.33946 9.48111 2.47594 0 0 0 0.554968 1.88197 0 0 0 0 0 0.00566599 2.384 303 47 2 2 0
./complex_md-fit_394.pdb BC A 9.39084 34.5276 -14.749 -7.93836 -18.2814 -23.6662 -1.06226 43.1345 -22.9529 2.78323 9.67559 3.19273 0 0 0 0.365973 1.86394 5.55112e-17 0 0 0 0 0 2.384 303 51 0 0 0
./complex_md-fit_395.pdb BC A 6.43853 34.3871 -4.00835 -5.82136 -10.6093 -24.4617 -0.862727 43.9806 -24.0531 6.74484 7.46582 3.02136 0 0 0 0.58717 2.30438 0 0 0 0 0 0 2.384 303 48 0 0 0
./complex_md-fit_396.pdb BC A 7.17983 37.4269 -8.13982 -8.06981 -17.7793 -24.3963 -1.01623 45.0676 -23.5727 6.24021 11.1107 3.60538 0 0 0 0.670669 2.03854 5.55112e-17 0 0 0 0 0 2.384 303 51 1 1 0
./complex_md-fit_397.pdb BC A 5.68158 31.0673 -6.46433 -6.28892 -12.2029 -24.9211 -0.858252 45.2733 -24.6124 6.18402 7.50592 2.95201 0 0 0 0.526807 1.73217 -0.0227826 0 0 0 0 0 2.384 303 49 1 1 0
./complex_md-fit_398.pdb BC A 10.7117 25.3957 -8.50881 -7.27968 -15.3516 -24.5893 -0.90069 43.619 -24.0253 8.21046 7.63499 3.37597 0 0 0 0.806526 3.24548 -0.00921843 0 0 0 0 0 2.384 303 50 3 3 0
./complex_md-fit_399.pdb BC A 9.42366 34.8868 -10.4164 -7.91879 -16.8115 -23.7395 -0.756985 42.6168 -22.6471 7.049 8.17154 3.10974 0 0 0 0.51968 1.94413 -0.00936197 0 0 0 0 0 2.384 303 49 2 2 0
./complex_md-fit_39.pdb BC A 9.83689 37.4745 -10.6837 -5.53709 -13.083 -21.8339 -0.966953 37.1649 -21.8994 5.05829 7.60713 2.37996 0 0 0 0.426318 2.26915 0 0 0 0 0 0 2.384 303 48 0 0 0
./complex_md-fit_3.pdb BC A 8.04026 28.6934 -17.2873 -8.12109 -19.2973 -24.7393 -1.39176 42.227 -24.1073 6.00597 9.02043 2.61917 0 0 0 0.460623 2.49631 0.0361846 0 0 0 0 0 2.384 303 48 3 3 0
./complex_md-fit_400.pdb BC A 7.97657 31.6993 -10.7904 -7.93709 -14.9773 -23.301 -0.775324 42.3617 -22.5893 5.6929 7.77143 2.21354 0 0 0 0.750048 2.28872 0 0 0 0 0 0 2.384 303 49 2 2 0
./complex_md-fit_401.pdb BC A 7.30425 31.7086 -11.5398 -7.53875 -15.4598 -24.7076 -0.784526 43.0358 -24.0964 4.76721 9.02346 3.42252 0 0 0 0.798732 3.47754 -0.000415147 0 0 0 0 0 2.384 303 47 1 1 0
./complex_md-fit_402.pdb BC A 8.16724 29.9573 -13.8404 -8.58678 -16.988 -24.2054 -0.631089 43.3998 -23.6004 5.36204 8.56371 2.41798 0 0 0 0.427823 1.8893 0 0 0 0 0 0 2.384 303 50 1 1 0
./complex_md-fit_403.pdb BC A 6.10516 42.708 -8.83944 -7.65108 -14.4079 -24.3956 -0.716119 44.8137 -23.6402 4.44442 9.03806 3.20936 0 0 0 0.494057 2.21626 -0.0281517 0 0 0 0 0 2.384 303 47 1 1 0
./complex_md-fit_404.pdb BC A 11.1628 35.6715 -1.55548 -7.03167 -11.2914 -24.0895 -0.932648 45.1691 -23.1216 5.99748 10.2329 3.22277 0 0 0 0.317292 2.5893 -0.0282312 0 0 0 0 0 2.384 303 50 2 2 0
./complex_md-fit_405.pdb BC A 8.32387 37.2603 -8.91166 -7.70686 -13.9809 -23.786 -0.643016 42.1258 -22.9912 5.63004 8.96568 2.98188 0 0 0 0.522687 2.13915 -0.0297685 0 0 0 0 0 2.384 303 53 1 1 0
./complex_md-fit_406.pdb BC A 6.86557 48.277 -13.7243 -9.10106 -14.2879 -23.2711 -0.451729 41.0704 -22.4236 4.09589 7.34869 2.65387 0 0 0 0.680621 2.43437 -0.0382645 0 0 0 0 0 2.384 303 45 1 1 0
./complex_md-fit_407.pdb BC A 8.42482 36.8476 -4.29128 -6.226 -12.6811 -25.0216 -0.643748 46.2595 -24.2048 7.39614 7.15075 2.90973 0 0 0 0.783853 2.81135 -0.0139633 0 0 0 0 0 2.384 303 52 2 2 0
./complex_md-fit_408.pdb BC A 7.5345 39.1331 -14.37 -8.76699 -17.5471 -23.508 -0.961102 41.8176 -22.4629 4.04104 9.96509 2.61942 0 0 0 0.46762 1.88058 -0.0347179 0 0 0 0 0 2.384 303 47 0 0 0
./complex_md-fit_409.pdb BC A 7.28645 38.6893 -7.62257 -6.5253 -11.0542 -22.9789 -0.802772 41.1926 -22.1212 2.88435 9.38577 2.01134 0 0 0 0.385698 2.40592 -2.77556e-17 0 0 0 0 0 2.384 303 46 0 0 0
./complex_md-fit_40.pdb BC A 6.50313 36.906 -13.4699 -5.73696 -13.3412 -21.3409 -0.962112 35.8417 -20.6314 2.54572 7.5938 2.12232 0 0 0 0.439106 2.04292 0 0 0 0 0 0 2.384 303 53 0 0 0
./complex_md-fit_410.pdb BC A 7.50749 31.4598 -13.9067 -7.56109 -14.9399 -24.4835 -0.799699 43.8676 -23.2823 3.23137 7.15761 2.33731 0 0 0 0.584723 2.01339 -0.0370071 0 0 0 0 0.018069 2.384 303 49 0 0 0
./complex_md-fit_411.pdb BC A 6.51171 27.0499 -10.8524 -8.89344 -17.6528 -25.7333 -0.795547 46.2768 -25.2024 7.79398 9.63848 3.35976 0 0 0 0.36801 2.25584 -0.0119842 0 0 0 0 0 2.384 303 49 1 1 0
./complex_md-fit_412.pdb BC A 8.57651 38.2263 -16.4173 -8.91365 -18.4972 -23.9947 -1.02576 41.8774 -23.6073 6.06604 8.46276 2.17937 0 0 0 1.05735 2.4731 -0.0216012 0 0 0 0 0 2.384 303 47 1 1 0
./complex_md-fit_413.pdb BC A 6.96515 45.5641 -13.5462 -7.53628 -15.8581 -22.7867 -0.903542 39.9289 -22.2513 4.34251 8.88471 2.16295 0 0 0 0.470468 3.40051 2.77556e-17 0 0 0 0 0 2.384 303 48 1 1 0
./complex_md-fit_414.pdb BC A 6.81431 34.0905 -12.2438 -7.93838 -15.0517 -23.9987 -0.93325 42.9861 -23.3102 3.29047 8.76104 3.15664 0 0 0 0.805545 3.45544 -0.0113968 0 0 0 0 0 2.384 303 50 2 2 0
./complex_md-fit_415.pdb BC A 9.87903 40.556 -12.254 -8.50745 -15.7686 -23.1194 -0.848362 40.7255 -22.0232 5.81492 8.4282 2.60181 0 0 0 0.481153 2.49705 -0.038674 0 0 0 0 0 2.384 303 48 2 2 0
./complex_md-fit_416.pdb BC A 8.24672 38.2454 -7.13761 -9.3689 -13.3413 -24.503 -0.896871 43.4792 -23.8906 9.59713 7.90269 3.2692 0 0 0 0.626912 2.47057 -0.0120107 0 0 0 0 0 2.384 303 47 2 2 0
./complex_md-fit_417.pdb BC A 7.71786 30.879 -16.4735 -8.71356 -14.0144 -23.2141 -0.522658 39.9282 -23.072 4.14044 6.30665 2.39572 0 0 0 0.32657 2.52949 -0.0342838 0 0 0 0 0 2.384 303 50 0 0 0
./complex_md-fit_418.pdb BC A 8.05286 24.6064 -9.4026 -5.55311 -12.8137 -23.7068 -0.581837 42.0405 -23.7944 5.07261 6.46495 3.20361 0 0 0 0.314029 3.7088 -0.0485071 0 0 0 0 0 2.384 303 48 0 0 0
./complex_md-fit_419.pdb BC A 7.25308 36.5031 -11.2705 -6.94005 -11.5388 -23.2573 -0.793741 40.46 -22.7306 3.14538 7.26332 2.54597 0 0 0 0.575323 2.18582 0 0 0 0 0 0 2.384 303 50 0 0 0
./complex_md-fit_41.pdb BC A 8.03873 37.7276 -6.54169 -6.53912 -13.9285 -23.6518 -0.996046 41.6467 -22.5525 7.05723 9.67705 2.29794 0 0 0 0.44734 3.24221 0 0 0 0 0 0 2.384 303 54 2 2 0
./complex_md-fit_420.pdb BC A 7.56684 38.0986 -11.5269 -8.18799 -14.65 -22.2918 -1.01107 40.2163 -21.1536 3.39213 8.32913 3.34962 0 0 0 0.52675 1.80232 -0.0498311 0 0 0 0 0.00333432 2.384 303 48 0 0 0
./complex_md-fit_421.pdb BC A 8.97602 39.4897 -14.4224 -7.79463 -17.4799 -23.301 -0.976814 40.6634 -22.9092 4.86938 9.99159 2.38646 0 0 0 0.138479 2.98173 -0.0102134 0 0 0 0 0 2.384 303 49 1 1 0
./complex_md-fit_422.pdb BC A 8.1724 30.4161 -15.3729 -7.70455 -18.199 -23.3818 -1.33399 39.8981 -22.8956 6.93465 9.04829 2.07686 0 0 0 0.19548 2.52219 -0.0112627 0 0 0 0 0 2.384 303 49 1 1 0
./complex_md-fit_423.pdb BC A 7.57083 26.6565 -10.3574 -7.6281 -14.8367 -23.6902 -1.15745 41.9241 -23.1016 5.81285 8.93142 3.17666 0 0 0 0.239775 2.58106 -0.0345991 0 0 0 0 0.00636561 2.384 303 48 0 0 0
./complex_md-fit_424.pdb BC A 6.99995 37.239 -7.40147 -5.88772 -16.405 -23.4165 -0.887687 42.2642 -22.4368 6.36505 10.5926 2.33954 0 0 0 0.116882 3.83426 -0.0488755 0 0 0 0 0.00280814 2.384 303 51 0 0 0
./complex_md-fit_425.pdb BC A 5.36596 33.6875 -12.7045 -7.39905 -16.2717 -23.4583 -0.893815 41.1084 -22.6964 5.48036 8.49784 2.78496 0 0 0 0.174585 2.53519 -0.0313816 0 0 0 0 0 2.384 303 49 0 0 0
./complex_md-fit_426.pdb BC A 6.93274 34.547 -9.37138 -6.71804 -11.3918 -24.5519 -0.824291 43.9097 -24.1514 4.56556 8.18273 1.22906 0 0 0 0.401362 3.63628 -0.0223443 0 0 0 0 0 2.384 303 51 1 1 0
./complex_md-fit_427.pdb BC A 7.30418 35.3999 -14.5791 -7.86731 -16.6694 -24.0735 -0.785802 42.4812 -23.4197 4.19633 8.42119 2.96434 0 0 0 0.220752 2.72009 -0.0472724 0 0 0 0 0 2.384 303 50 0 0 0
./complex_md-fit_428.pdb BC A 8.93551 37.4159 -12.1561 -7.63381 -18.391 -24.4572 -0.90732 43.5205 -23.9067 6.51705 9.47532 3.0156 0 0 0 0.604785 3.62929 0 0 0 0 0 0.00672193 2.384 303 48 1 1 0
./complex_md-fit_429.pdb BC A 8.82585 34.4907 -9.52985 -8.26113 -14.3177 -23.5222 -0.873584 41.6409 -22.7467 5.15749 9.36491 3.78341 0 0 0 0.241532 2.46372 -0.0147836 0 0 0 0 0.0180408 2.384 303 49 0 0 0
./complex_md-fit_42.pdb BC A 7.55253 39.0654 -9.99166 -5.44914 -15.9119 -22.657 -1.14062 39.4306 -21.8095 5.96123 8.64357 2.79247 0 0 0 0.16059 2.28133 -0.0119953 0 0 0 0 0 2.384 303 50 1 1 0
./complex_md-fit_430.pdb BC A 8.70978 34.0516 -14.6655 -8.47193 -15.6339 -23.5629 -0.935855 40.9294 -23.3592 3.61262 9.08968 3.33394 0 0 0 0.334338 2.34246 -0.0104373 0 0 0 0 0.0088116 2.384 303 49 0 0 0
./complex_md-fit_431.pdb BC A 10.2969 34.7936 -6.79987 -7.6153 -12.3972 -22.4167 -0.781675 40.7713 -21.8556 4.42847 9.71857 2.87851 0 0 0 0.469722 3.83504 0 0 0 0 0 0.000126333 2.384 303 51 0 0 0
./complex_md-fit_432.pdb BC A 8.23425 38.2156 -10.7172 -7.79821 -15.7317 -23.562 -1.11888 42.6519 -22.9619 5.03499 8.76488 3.61977 0 0 0 0.383838 2.68635 0 0 0 0 0 0 2.384 303 51 0 0 0
./complex_md-fit_433.pdb BC A 7.49602 45.9698 -10.9455 -7.16333 -16.12 -24.2264 -0.960577 43.4543 -23.4888 5.86716 8.09169 2.67281 0 0 0 0.9687 2.61515 -0.0410046 0 0 0 0 0 2.384 303 49 1 1 0
./complex_md-fit_434.pdb BC A 8.31449 39.8031 -12.0292 -7.15307 -14.9812 -23.911 -1.00416 43.5188 -23.3412 3.50299 7.93884 3.19974 0 0 0 0.211386 2.66132 -0.0104434 0 0 0 0 0 2.384 303 51 0 0 0
./complex_md-fit_435.pdb BC A 7.49089 33.2598 -19.2547 -8.56639 -15.9029 -23.7554 -0.635961 40.5613 -23.2471 2.13899 7.97421 1.67399 0 0 0 0.514454 2.21039 -0.00992557 0 0 0 0 0 2.384 303 48 0 0 0
./complex_md-fit_436.pdb BC A 6.52393 41.5996 -13.2643 -8.5545 -16.3189 -24.9436 -0.93589 45.01 -24.1737 4.99496 8.70072 2.61584 0 0 0 0.340766 2.58632 0 0 0 0 0 0 2.384 303 49 0 0 0
./complex_md-fit_437.pdb BC A 9.48458 37.1484 -10.942 -7.80829 -15.7348 -23.8264 -0.960863 43.7484 -23.0129 5.16467 8.77075 2.45069 0 0 0 0.266606 2.1086 0 0 0 0 0 0 2.384 303 49 0 0 0
./complex_md-fit_438.pdb BC A 7.70692 37.0079 -7.25059 -6.70548 -14.0758 -23.3915 -1.14404 44.6881 -22.489 6.05751 7.03475 2.48318 0 0 0 0.291716 2.71296 0 0 0 0 0 0 2.384 303 50 2 2 0
./complex_md-fit_439.pdb BC A 7.99727 27.236 -11.9893 -9.38482 -16.1914 -24.1001 -1.14201 42.4191 -23.1213 6.26035 9.20197 3.64957 0 0 0 0.469343 2.58459 -0.0500885 0 0 0 0 0 2.384 303 50 2 2 0
./complex_md-fit_43.pdb BC A 9.33064 31.1943 -6.52978 -4.91603 -12.9803 -23.0833 -1.06215 40.2744 -22.5547 5.55836 9.82469 2.24806 0 0 0 0.161188 2.10273 0 0 0 0 0 0 2.384 303 54 1 1 0
./complex_md-fit_440.pdb BC A 8.63622 37.2608 -13.9431 -8.03136 -17.5619 -23.9695 -0.749029 42.5436 -22.8523 3.99598 9.09567 2.98389 0 0 0 0.571466 3.75284 0 0 0 0 0 0.0303333 2.384 303 48 0 0 0
./complex_md-fit_441.pdb BC A 5.62832 26.0608 -15.5815 -7.41203 -17.372 -23.8234 -0.656659 42.1487 -23.2886 4.8738 8.52181 1.2466 0 0 0 0.183195 2.69627 -0.0220138 0 0 0 0 0.0191068 2.384 303 49 0 0 0
./complex_md-fit_442.pdb BC A 8.67432 32.2649 -14.5794 -8.57524 -14.5421 -23.5359 -0.822135 41.1171 -22.9798 2.98255 8.88553 2.75089 0 0 0 0.149163 2.24271 -0.00955984 0 0 0 0 0 2.384 303 48 0 0 0
./complex_md-fit_443.pdb BC A 7.31775 32.5534 -9.62518 -6.69497 -14.1098 -23.4184 -0.766214 41.3965 -22.8035 5.67074 7.85781 2.79864 0 0 0 0.42517 3.4336 0 0 0 0 0 0.0188133 2.384 303 48 0 0 0
./complex_md-fit_444.pdb BC A 8.02188 41.994 -12.9855 -8.35231 -16.3338 -22.8859 -0.980808 39.8696 -22.4528 5.73681 9.88188 1.86242 0 0 0 0.675405 2.26866 -0.00987934 0 0 0 0 0.00379022 2.384 303 46 0 0 0
./complex_md-fit_445.pdb BC A 6.74242 40.7285 -16.3742 -8.48674 -16.7855 -24.0524 -0.924479 41.4249 -23.8506 4.26673 9.11464 2.41649 0 0 0 0.502707 3.86531 0 0 0 0 0 0 2.384 303 49 1 1 0
./complex_md-fit_446.pdb BC A 8.0647 35.1499 -13.1592 -5.83888 -15.5244 -22.9214 -0.982671 39.8955 -22.4637 3.79859 8.0406 2.33662 0 0 0 0.500548 1.96736 0 0 0 0 0 0 2.384 303 49 0 0 0
./complex_md-fit_447.pdb BC A 7.77425 33.6376 -8.23334 -6.75236 -11.9603 -23.6114 -0.828321 42.119 -22.8287 4.19364 8.75595 2.08693 0 0 0 0.602331 2.24465 -0.0225439 0 0 0 0 0.0124704 2.384 303 47 0 0 0
./complex_md-fit_448.pdb BC A 11.4377 34.667 -7.52578 -8.19152 -13.3985 -23.8977 -0.554108 44.8021 -23.0916 5.19618 7.95075 3.42464 0 0 0 0.273003 2.60109 -0.0389538 0 0 0 0 0 2.384 303 49 1 1 0
./complex_md-fit_449.pdb BC A 6.42384 40.2298 -10.9304 -7.90012 -11.1196 -23.2917 -0.672021 40.9284 -23.1317 4.5857 7.44395 1.79118 0 0 0 0.435631 3.64865 0 0 0 0 0 0 2.384 303 51 0 0 0
./complex_md-fit_44.pdb BC A 7.30878 40.6036 -14.526 -6.73428 -16.1686 -24.4408 -1.03957 42.3278 -23.6538 5.02774 7.79478 2.03858 0 0 0 0.322167 2.46324 0 0 0 0 0 0 2.384 303 53 0 0 0
./complex_md-fit_450.pdb BC A 6.87122 43.5492 -8.03326 -7.26098 -12.8396 -23.0661 -0.838874 41.8306 -22.5363 5.9618 8.39112 1.67563 0 0 0 0.622647 2.62397 0.00803082 0 0 0 0 0.0187626 2.384 303 49 1 1 0
./complex_md-fit_451.pdb BC A 10.1504 35.6512 -10.9596 -6.90387 -14.3505 -23.504 -0.771 40.5567 -23.0946 5.5825 8.07532 2.77767 0 0 0 0.672269 2.33145 0 0 0 0 0 0 2.384 303 50 1 1 0
./complex_md-fit_452.pdb BC A 7.66118 40.0376 -11.4035 -7.69997 -15.4256 -24.5984 -0.875426 44.6041 -23.5677 4.77108 7.84897 2.98433 0 0 0 0.564333 2.2303 -0.00926263 0 0 0 0 0 2.384 303 53 1 1 0
./complex_md-fit_453.pdb BC A 7.34811 32.8787 -11.0938 -7.93501 -12.8518 -23.8036 -0.726638 41.1684 -23.4544 5.68146 7.27845 3.00102 0 0 0 0.548419 3.5193 0 0 0 0 0 0 2.384 303 50 2 2 0
./complex_md-fit_454.pdb BC A 8.65859 33.6008 -10.6322 -8.60758 -14.7413 -24.8278 -0.659918 44.6908 -24.1253 6.59488 8.47708 1.86165 0 0 0 0.705317 2.22676 0 0 0 0 0 0 2.384 303 50 2 2 0
./complex_md-fit_455.pdb BC A 9.61687 32.5504 -8.75272 -7.7462 -14.2785 -23.8016 -0.894881 43.5946 -23.0697 6.12822 8.26659 2.75442 0 0 0 0.333369 1.6675 -0.0390611 0 0 0 0 0 2.384 303 47 2 2 0
./complex_md-fit_456.pdb BC A 6.81728 40.7571 -10.1375 -8.45003 -13.0155 -23.9288 -0.709136 42.3175 -23.231 3.88186 9.57198 2.61603 0 0 0 0.867804 2.18298 -0.0582506 0 0 0 0 0 2.384 303 50 0 0 0
./complex_md-fit_457.pdb BC A 8.71204 30.7941 -12.3646 -7.40114 -12.8618 -23.1969 -0.565095 40.3937 -22.7828 4.38136 6.9838 2.48443 0 0 0 0.210899 2.29383 -0.0110853 0 0 0 0 0.000148198 2.384 303 49 0 0 0
./complex_md-fit_458.pdb BC A 9.01922 33.2829 -13.749 -8.19796 -13.9399 -23.8943 -0.851898 41.2589 -23.6996 3.28919 8.13607 3.46874 0 0 0 0.701079 3.49671 -0.0193653 0 0 0 0 0 2.384 303 51 0 0 0
./complex_md-fit_459.pdb BC A 7.73158 35.0724 -13.3837 -6.74319 -16.6314 -23.3603 -1.00058 40.6445 -23.0555 6.44372 7.33242 2.72722 0 0 0 0.254034 3.82783 0 0 0 0 0 0.00546792 2.384 303 49 1 1 0
./complex_md-fit_45.pdb BC A 9.41453 38.3304 -11.7537 -5.30146 -14.7354 -23.082 -1.15168 39.5323 -22.5283 5.13502 8.13678 2.0525 0 0 0 0.165255 2.37835 0.0232062 0 0 0 0 0 2.384 303 51 2 2 0
./complex_md-fit_460.pdb BC A 8.34125 28.3561 -15.3042 -9.98399 -12.8774 -22.6912 -0.707287 37.7832 -22.455 4.37458 7.79935 2.99521 0 0 0 0.458349 2.41628 0 0 0 0 0 0 2.384 303 50 0 0 0
./complex_md-fit_461.pdb BC A 7.37309 35.7472 -15.5932 -8.6705 -13.8254 -23.6803 -0.569585 39.7605 -23.7201 5.76843 7.11001 1.5938 0 0 0 0.639941 2.47632 0 0 0 0 0 0 2.384 303 51 1 1 0
./complex_md-fit_462.pdb BC A 8.86001 33.7894 -11.3969 -9.29124 -13.8154 -24.1291 -0.842498 43.2281 -23.6903 5.56994 7.6108 3.56318 0 0 0 0.408894 2.61434 -0.00930927 0 0 0 0 0 2.384 303 52 0 0 0
./complex_md-fit_463.pdb BC A 7.43033 38.0533 -8.17881 -7.52217 -14.7649 -23.5004 -0.4384 42.5563 -23.0635 7.3952 8.22591 2.16664 0 0 0 0.766473 2.67643 0 0 0 0 0 0 2.384 303 49 1 1 0
./complex_md-fit_464.pdb BC A 9.68145 31.5749 -11.7819 -9.16865 -13.5405 -24.6525 -0.639152 43.3563 -24.4906 5.65603 8.1337 2.96908 0 0 0 0.628455 2.40911 -0.0340345 0 0 0 0 0 2.384 303 49 0 0 0
./complex_md-fit_465.pdb BC A 6.09333 38.4769 -14.4002 -9.46538 -15.0101 -24.3333 -0.795824 42.4393 -23.9523 5.29215 7.77639 3.42268 0 0 0 0.226092 3.50323 0 0 0 0 0 0 2.384 303 53 1 1 0
./complex_md-fit_466.pdb BC A 10.5547 37.8704 -18.3321 -8.03769 -16.5477 -24.7762 -0.907889 42.6737 -24.7888 2.95791 8.63042 2.13519 0 0 0 0.329026 2.69312 0 0 0 0 0 0 2.384 303 53 0 0 0
./complex_md-fit_467.pdb BC A 6.74952 44.1254 -14.3689 -7.93874 -13.8088 -23.1398 -0.980176 40.5933 -23.0104 4.07228 7.67898 1.97174 0 0 0 0.202049 3.78448 -0.00938498 0 0 0 0 0 2.384 303 49 0 0 0
./complex_md-fit_468.pdb BC A 7.80845 29.9821 -13.3152 -9.05611 -12.9907 -22.6155 -0.900574 39.6368 -22.2906 2.79436 8.60164 3.1574 0 0 0 0.348153 2.05859 0 0 0 0 0 0 2.384 303 50 0 0 0
./complex_md-fit_469.pdb BC A 5.89916 40.6851 -12.1737 -8.45861 -12.318 -23.5965 -0.846994 41.441 -23.5091 4.57358 7.47562 2.69068 0 0 0 0.38423 2.31994 -0.00959649 0 0 0 0 0 2.384 303 50 2 2 0
./complex_md-fit_46.pdb BC A 7.13554 34.817 -14.6394 -5.66492 -15.0416 -24.197 -1.00628 41.7332 -23.7421 3.27848 7.77994 2.06983 0 0 0 0.131401 2.81481 0.0195799 0 0 0 0 0 2.384 303 48 0 0 0
./complex_md-fit_470.pdb BC A 7.93344 37.3349 -12.984 -9.72711 -12.6708 -23.472 -0.637011 39.8878 -23.4744 4.58966 9.52325 2.09693 0 0 0 0.899784 1.91914 0 0 0 0 0 0 2.384 303 52 0 0 0
./complex_md-fit_471.pdb BC A 7.94099 31.9482 -11.1885 -9.92068 -13.3435 -24.5516 -0.711384 42.6778 -24.5537 7.0848 8.15094 3.20112 0 0 0 0.787735 2.74871 -0.0100339 0 0 0 0 0 2.384 303 52 1 1 0
./complex_md-fit_472.pdb BC A 6.1002 27.4086 -6.57797 -6.69336 -13.4871 -24.6211 -0.920836 44.5242 -24.2574 8.36178 7.48772 2.38301 0 0 0 0.677374 3.31308 -0.0374764 0 0 0 0 0.0053373 2.384 303 52 3 3 0
./complex_md-fit_473.pdb BC A 7.42061 23.0689 -6.64042 -7.86275 -10.2375 -24.7161 -0.706735 42.9634 -24.8474 5.37357 7.92327 4.45936 0 0 0 1.01045 3.34516 0 0 0 0 0 0 2.384 303 55 2 2 0
./complex_md-fit_474.pdb BC A 9.78728 40.7165 -8.92295 -7.99894 -14.7943 -24.0593 -0.864911 42.7123 -23.6448 8.15878 8.17294 3.17952 0 0 0 0.215706 3.12636 0 0 0 0 0 0 2.384 303 51 1 1 0
./complex_md-fit_475.pdb BC A 6.92873 36.0864 -11.1133 -7.50277 -14.4643 -23.7775 -0.790385 42.197 -23.697 5.66503 8.40907 2.78423 0 0 0 0.0870529 3.80547 -0.0236677 0 0 0 0 0 2.384 303 51 1 1 0
./complex_md-fit_476.pdb BC A 5.44745 29.2496 -19.08 -8.066 -16.0345 -23.425 -0.813987 40.072 -23.076 1.62102 7.57342 2.67491 0 0 0 0.394008 1.80424 0 0 0 0 0 0 2.384 303 49 0 0 0
./complex_md-fit_477.pdb BC A 7.21634 32.53 -13.4499 -6.42607 -15.2073 -22.95 -0.907866 40.5233 -22.7204 2.77394 8.2933 3.03409 0 0 0 0.148034 1.88705 -0.010878 0 0 0 0 0 2.384 303 49 0 0 0
./complex_md-fit_478.pdb BC A 6.9466 31.4145 -19.8996 -8.019 -18.6318 -24.5157 -0.676342 42.1203 -24.7144 2.79407 8.88503 1.96557 0 0 0 0.913686 1.86642 -0.0209962 0 0 0 0 0 2.384 303 53 0 0 0
./complex_md-fit_479.pdb BC A 6.23813 35.1706 -7.88892 -6.87604 -12.0455 -22.5652 -0.758676 39.637 -22.223 6.55641 7.30498 2.60467 0 0 0 0.476487 3.58382 0 0 0 0 0 0 2.384 303 50 1 1 0
./complex_md-fit_47.pdb BC A 7.84951 29.5919 -9.43298 -6.37109 -13.0452 -23.6321 -0.892105 41.3235 -23.093 6.26655 7.56519 2.38795 0 0 0 0.0762614 2.18241 -0.018974 0 0 0 0 0 2.384 303 47 1 1 0
./complex_md-fit_480.pdb BC A 7.11462 40.5907 -11.7139 -7.91867 -13.3794 -24.7378 -0.857665 42.7902 -24.7774 5.03462 7.30776 3.9558 0 0 0 0.868811 2.04032 0 0 0 0 0 0 2.384 303 53 0 0 0
./complex_md-fit_481.pdb BC A 10.3935 31.858 -6.52811 -7.01803 -13.4193 -24.0642 -0.845761 42.6385 -23.9738 8.15261 9.25959 2.52758 0 0 0 0.214751 2.17426 5.55112e-17 0 0 0 0 0 2.384 303 51 1 1 0
./complex_md-fit_482.pdb BC A 7.60959 37.3773 -11.1985 -7.71005 -11.9593 -22.8125 -0.628489 38.9224 -22.676 5.2949 6.52423 3.36007 0 0 0 0.486238 2.13125 0 0 0 0 0 0 2.384 303 50 1 1 0
./complex_md-fit_483.pdb BC A 7.37265 33.9657 -9.4025 -8.18844 -11.0773 -23.0048 -0.822074 40.658 -23.1202 5.10808 7.97122 2.66139 0 0 0 0.424849 1.94261 -0.0132748 0 0 0 0 0 2.384 303 49 1 1 0
./complex_md-fit_484.pdb BC A 8.94458 33.7815 -16.1732 -9.74766 -16.1358 -23.7486 -0.676224 41.4997 -23.9081 4.28457 9.0014 2.6515 0 0 0 0.6177 2.72385 -0.0116494 0 0 0 0 0 2.384 303 52 1 1 0
./complex_md-fit_485.pdb BC A 7.65606 35.2285 -19.3858 -9.26514 -18.1931 -24.8868 -0.931086 43.0045 -25.1873 4.07539 8.66406 3.05646 0 0 0 0.277189 4.00476 0 0 0 0 0 0 2.384 303 51 0 0 0
./complex_md-fit_486.pdb BC A 6.78778 46.2677 -15.9199 -9.47309 -14.6325 -22.7314 -0.844682 38.0459 -22.8053 5.21855 8.06476 2.08229 0 0 0 1.06376 2.16017 0.091917 0 0 0 0 0 2.384 303 48 1 1 0
./complex_md-fit_487.pdb BC A 9.71719 29.6159 -12.4537 -7.76854 -13.2129 -23.7138 -0.923508 40.4774 -23.9722 4.82385 7.94629 3.50351 0 0 0 0.386227 2.11777 -5.55112e-17 0 0 0 0 0 2.384 303 50 1 1 0
./complex_md-fit_488.pdb BC A 11.0239 39.0844 -10.4223 -9.93152 -12.0051 -25.0895 -0.647714 44.1018 -24.7634 4.88863 8.72995 3.57795 0 0 0 0.716655 2.8863 5.55112e-17 0 0 0 0 0 2.384 303 51 1 1 0
./complex_md-fit_489.pdb BC A 8.04089 31.3773 -13.8114 -8.48365 -13.0625 -23.3302 -0.701795 40.3763 -23.1745 6.40955 6.31177 1.54112 0 0 0 0.302499 2.15445 -2.77556e-17 0 0 0 0 0 2.384 303 53 1 1 0
./complex_md-fit_48.pdb BC A 8.84033 29.9382 -7.2346 -8.31401 -12.3256 -23.198 -0.94205 41.7702 -22.0148 5.72393 9.48972 2.29428 0 0 0 0.281773 2.26172 0 0 0 0 0 0 2.384 303 52 1 1 0
./complex_md-fit_490.pdb BC A 5.80029 38.1318 -6.3123 -7.79867 -9.05669 -23.4848 -0.546657 42.6453 -23.2046 6.73339 6.12009 1.62906 0 0 0 0.651313 1.94007 5.55112e-17 0 0 0 0 0 2.384 303 49 2 2 0
./complex_md-fit_491.pdb BC A 7.65767 39.9042 -5.48074 -5.2108 -12.1729 -23.2998 -0.595243 42.6177 -22.9173 7.00645 7.0275 1.63047 0 0 0 0.4426 4.5633 -0.00944415 0 0 0 0 0 2.384 303 48 1 1 0
./complex_md-fit_492.pdb BC A 6.93968 31.4274 -9.14526 -6.64301 -8.47604 -23.018 -0.569768 39.4992 -22.8692 4.82245 5.34335 2.65623 0 0 0 0.112489 1.93104 -0.00296591 0 0 0 0 0 2.384 303 48 0 0 0
./complex_md-fit_493.pdb BC A 8.31299 32.193 -12.961 -8.09245 -14.3653 -23.301 -0.790003 41.362 -22.2511 5.10517 7.32317 1.59535 0 0 0 0.488123 2.73305 -0.0349044 0 0 0 0 0 2.384 303 49 0 0 0
./complex_md-fit_494.pdb BC A 5.81969 37.6734 -12.2434 -7.6749 -11.8192 -23.0744 -0.440209 41.0395 -22.6798 3.75276 6.25025 1.98863 0 0 0 0.427393 2.20572 -0.0133793 0 0 0 0 0 2.384 303 48 0 0 0
./complex_md-fit_495.pdb BC A 7.07535 39.3846 -11.8407 -7.9792 -14.1363 -22.3413 -0.582004 39.274 -21.8269 5.53296 7.28332 2.44583 0 0 0 0.488997 1.94545 0 0 0 0 0 0 2.384 303 47 2 2 0
./complex_md-fit_496.pdb BC A 8.08998 33.1968 -11.067 -9.21754 -14.4209 -24.1292 -0.659751 41.7933 -23.3438 6.21141 9.18125 3.0057 0 0 0 0.512628 2.20451 0 0 0 0 0 0 2.384 303 47 1 1 0
./complex_md-fit_497.pdb BC A 7.4015 29.4291 -13.2712 -7.85766 -17.4224 -23.1111 -0.884115 40.88 -22.2083 5.77928 8.76193 2.57863 0 0 0 0.229159 2.45433 -0.0166581 0 0 0 0 0 2.384 303 47 1 1 0
./complex_md-fit_498.pdb BC A 7.276 38.9296 -10.794 -6.22325 -12.9976 -23.3365 -0.789817 41.2175 -22.9147 5.08922 7.08224 1.74807 0 0 0 0.37785 2.66591 -0.0470516 0 0 0 0 0 2.384 303 49 0 0 0
./complex_md-fit_499.pdb BC A 7.23627 31.075 -9.96066 -6.05002 -12.9241 -23.747 -0.858589 43.719 -23.0532 2.19989 7.93267 2.40442 0 0 0 0.418946 3.50228 -0.0101744 0 0 0 0 0.00745321 2.384 303 49 0 0 0
./complex_md-fit_49.pdb BC A 9.10944 26.7654 -9.37224 -6.50782 -13.7449 -23.042 -1.01663 39.8781 -22.4379 5.93763 7.40237 3.89256 0 0 0 0.266373 1.93747 0 0 0 0 0 0 2.384 303 50 1 1 0
./complex_md-fit_4.pdb BC A 7.28197 33.8556 -12.558 -6.386 -14.5609 -23.3232 -0.780873 39.7672 -23.1205 4.54041 7.98377 2.65041 0 0 0 0.617619 2.54998 0.0541143 0 0 0 0 0 2.384 303 48 1 1 0
./complex_md-fit_500.pdb BC A 9.09167 34.277 -10.5311 -5.56407 -13.8463 -22.8404 -0.686116 40.7713 -22.4996 3.85947 7.58578 2.45666 0 0 0 0.2658 2.34499 -0.0335451 0 0 0 0 0 2.384 303 50 0 0 0
./complex_md-fit_501.pdb BC A 6.88711 30.7266 -19.8798 -9.17356 -19.3522 -24.1486 -0.823681 41.8898 -23.3612 2.31182 9.37394 2.9146 0 0 0 0.489295 2.31428 0 0 0 0 0 0 2.384 303 47 0 0 0
./complex_md-fit_502.pdb BC A 6.5733 29.1523 -9.95131 -6.80641 -12.5061 -24.1856 -0.94577 42.7678 -23.6888 4.47689 7.79392 2.68958 0 0 0 0.471109 2.4674 -0.0232238 0 0 0 0 0.00527646 2.384 303 49 1 1 0
./complex_md-fit_503.pdb BC A 7.96548 38.2902 -16.1292 -7.92612 -17.782 -22.8216 -1.05838 41.5485 -21.7216 2.53514 8.19459 2.02831 0 0 0 0.904168 2.59771 -0.0302051 0 0 0 0 0 2.384 303 50 0 0 0
./complex_md-fit_504.pdb BC A 8.14008 37.676 -20.9574 -8.34472 -17.5588 -23.6106 -0.577135 40.0038 -23.0841 1.96453 7.47916 2.24124 0 0 0 0.548013 3.86811 -0.0187897 0 0 0 0 0 2.384 303 45 0 0 0
./complex_md-fit_505.pdb BC A 6.76205 27.8395 -12.7785 -7.35775 -15.7307 -22.3956 -0.854761 38.1185 -21.9744 4.74012 8.59855 3.08037 0 0 0 0.997085 2.62345 0 0 0 0 0 0 2.384 303 47 1 1 0
./complex_md-fit_506.pdb BC A 8.93587 34.0729 -13.3732 -6.6858 -15.603 -23.917 -0.795735 42.4665 -22.9546 3.59259 7.61556 2.54466 0 0 0 0.375296 3.77738 -0.0116933 0 0 0 0 0 2.384 303 48 1 1 0
./complex_md-fit_507.pdb BC A 7.20223 36.4048 -13.2206 -8.18821 -18.0867 -23.1665 -0.95627 42.0621 -21.8749 4.97733 8.64488 2.80263 0 0 0 0.571775 2.14782 -0.0127708 0 0 0 0 0.00598498 2.384 303 48 0 0 0
./complex_md-fit_508.pdb BC A 8.65149 32.2329 -11.952 -8.22497 -14.2062 -24.0988 -0.888319 40.8751 -23.5213 4.99826 9.2725 3.22167 0 0 0 0.634156 2.30248 -0.0140726 0 0 0 0 0 2.384 303 49 1 1 0
./complex_md-fit_509.pdb BC A 9.35733 37.708 -14.011 -8.66708 -14.7538 -22.3313 -0.966135 39.958 -21.3868 3.43942 8.05346 2.08728 0 0 0 0.565635 2.26302 -0.00966787 0 0 0 0 0 2.384 303 47 0 0 0
./complex_md-fit_50.pdb BC A 8.88726 37.1765 -13.9098 -7.01206 -13.9371 -23.912 -0.874345 40.4241 -23.6434 3.41187 8.2941 3.18047 0 0 0 0.177267 2.30331 -0.0186661 0 0 0 0 0 2.384 303 51 0 0 0
./complex_md-fit_510.pdb BC A 7.29138 41.6932 -7.97887 -6.66041 -15.1127 -24.6641 -0.617854 44.7118 -24.1434 5.69588 7.9434 4.09156 0 0 0 0.776891 3.67644 0 0 0 0 0 0 2.384 303 47 1 1 0
./complex_md-fit_511.pdb BC A 9.40029 30.6042 -12.5805 -6.30445 -13.3904 -22.5458 -0.86921 39.3062 -22.1222 3.27673 7.39341 2.11144 0 0 0 0.582566 3.73714 -0.0187043 0 0 0 0 0 2.384 303 46 0 0 0
./complex_md-fit_512.pdb BC A 7.65827 43.9211 -7.07628 -5.56543 -11.3232 -23.785 -1.02376 42.0283 -23.0568 5.4261 7.21135 2.64024 0 0 0 0.369006 2.11878 0 0 0 0 0 0.0028418 2.384 303 48 1 1 0
./complex_md-fit_513.pdb BC A 7.10249 42.6648 -12.3609 -6.67597 -12.238 -23.2477 -0.894542 39.798 -23.0491 5.45361 6.45602 1.55074 0 0 0 0.47267 3.76291 0 0 0 0 0 0.0134492 2.384 303 48 0 0 0
./complex_md-fit_514.pdb BC A 8.14949 33.0374 -10.6203 -6.18532 -11.2527 -22.4886 -0.7575 38.6219 -22.0522 3.6652 5.95635 3.49992 0 0 0 0.372608 2.42304 0 0 0 0 0 0 2.384 303 48 0 0 0
./complex_md-fit_515.pdb BC A 6.34016 31.9526 -14.6315 -7.96873 -16.6576 -23.8748 -0.826998 42.5567 -23.3079 2.79691 8.92739 3.04632 0 0 0 0.677119 2.15947 0 0 0 0 0 0 2.384 303 48 0 0 0
./complex_md-fit_516.pdb BC A 6.19379 37.6018 -9.49797 -6.94061 -14.6696 -23.9974 -0.717923 42.5351 -23.2771 6.75543 8.39768 2.06188 0 0 0 0.343881 1.8887 0.0106336 0 0 0 0 0 2.384 303 47 2 2 0
./complex_md-fit_517.pdb BC A 7.57077 29.9635 -12.59 -7.71006 -15.7628 -23.2233 -0.788564 41.7129 -22.5727 4.07754 9.0424 1.87055 0 0 0 0.77496 2.09381 -0.0107275 0 0 0 0 0 2.384 303 48 0 0 0
./complex_md-fit_518.pdb BC A 6.41455 36.1036 -11.1125 -7.49594 -13.2212 -23.6389 -0.685045 41.7217 -23.019 3.01913 9.30234 2.56925 0 0 0 0.347399 2.85681 -0.0122545 0 0 0 0 0 2.384 303 49 0 0 0
./complex_md-fit_519.pdb BC A 7.51556 34.6765 -12.2466 -8.28055 -14.8385 -23.262 -0.849559 40.5992 -22.4629 5.59214 8.8789 2.01865 0 0 0 0.364833 2.11944 -0.00997064 0 0 0 0 0.00315866 2.384 303 47 1 1 0
./complex_md-fit_51.pdb BC A 7.25753 32.3082 -11.4164 -6.70967 -14.6613 -24.544 -0.988057 42.9508 -23.9865 5.187 8.59785 2.16968 0 0 0 0.545391 2.46585 0.0225052 0 0 0 0 0 2.384 303 51 1 1 0
./complex_md-fit_520.pdb BC A 8.65988 34.8979 -14.0221 -8.98551 -14.8542 -24.0632 -0.929162 43.3173 -23.2542 3.56573 8.82618 1.73733 0 0 0 0.608995 2.32588 0 0 0 0 0 0.0086416 2.384 303 46 0 0 0
./complex_md-fit_521.pdb BC A 11.9378 50.0429 -11.404 -7.97046 -15.4748 -24.9386 -0.624404 45.4069 -24.3365 4.28378 8.36631 3.17385 0 0 0 0.740833 2.74831 -0.0308564 0 0 0 0 0 2.384 303 46 0 0 0
./complex_md-fit_522.pdb BC A 10.4135 34.3673 -6.96927 -7.45521 -14.732 -22.8254 -0.983644 42.4156 -21.8354 6.42919 9.62017 2.25513 0 0 0 0.142313 1.91742 5.55112e-17 0 0 0 0 0 2.384 303 52 2 2 0
./complex_md-fit_523.pdb BC A 6.20232 32.0275 -6.24196 -7.44714 -10.5953 -23.8913 -0.739716 42.4482 -23.3892 5.05941 8.32236 3.17354 0 0 0 0.862223 2.45034 -0.0450774 0 0 0 0 0 2.384 303 48 1 1 0
./complex_md-fit_524.pdb BC A 9.22321 29.0653 -10.1133 -6.54784 -13.526 -23.4514 -0.88788 42.7947 -22.8874 3.59477 8.1484 2.10877 0 0 0 0.516133 3.09103 0.0245231 0 0 0 0 0 2.384 303 47 1 1 0
./complex_md-fit_525.pdb BC A 8.11865 34.2876 -12.7509 -6.61828 -13.8675 -21.5886 -0.766895 38.4992 -20.8787 2.77343 7.33839 1.95265 0 0 0 0.405351 3.70529 -5.55112e-17 0 0 0 0 0 2.384 303 48 0 0 0
./complex_md-fit_526.pdb BC A 7.39934 33.218 -6.72634 -6.90396 -11.0868 -22.9659 -0.738525 40.3038 -22.2496 8.63497 5.12321 2.66547 0 0 0 0.490958 2.14806 0 0 0 0 0 0 2.384 303 47 2 2 0
./complex_md-fit_527.pdb BC A 8.67094 39.8324 -12.8733 -6.74298 -17.066 -23.7572 -0.658358 40.9455 -23.3176 4.70767 8.91185 3.48753 0 0 0 0.632479 2.51048 -0.0160718 0 0 0 0 0 2.384 303 51 0 0 0
./complex_md-fit_528.pdb BC A 6.3514 39.8687 -4.99982 -6.50908 -9.40171 -23.2306 -0.752214 40.6063 -23.006 7.20342 7.02324 2.74378 0 0 0 0.341257 3.61544 -0.0181842 0 0 0 0 0 2.384 303 47 1 1 0
./complex_md-fit_529.pdb BC A 7.47447 26.9726 -10.7198 -6.36659 -13.2525 -23.2251 -0.728169 41.3707 -22.7705 4.35048 6.37401 3.07127 0 0 0 0.466994 3.75257 -0.0103 0 0 0 0 0 2.384 303 50 0 0 0
./complex_md-fit_52.pdb BC A 9.13198 44.8561 -16.1239 -6.7334 -15.5544 -24.6067 -0.623845 42.4734 -24.6463 3.42097 8.19891 1.61075 0 0 0 0.336728 2.26969 0 0 0 0 0 0 2.384 303 49 0 0 0
./complex_md-fit_530.pdb BC A 8.92769 32.8831 -14.3445 -7.31319 -14.4174 -24.3879 -0.453348 42.7012 -23.6278 2.98284 6.74205 3.00893 0 0 0 0.428628 1.97448 -0.0372297 0 0 0 0 0.0287433 2.384 303 48 0 0 0
./complex_md-fit_531.pdb BC A 6.29656 39.8626 -11.809 -8.58843 -16.8361 -23.4687 -1.00339 41.8384 -22.5253 7.18501 8.45254 2.28867 0 0 0 0.848298 2.48454 0 0 0 0 0 0 2.384 303 49 1 1 0
./complex_md-fit_532.pdb BC A 7.16427 33.6111 -12.5341 -7.31036 -15.7995 -24.0233 -0.65406 41.5239 -23.4802 6.06886 7.18845 3.10175 0 0 0 0.809653 2.53144 0.028684 0 0 0 0 0.0120662 2.384 303 48 2 2 0
./complex_md-fit_533.pdb BC A 8.46295 35.5649 -14.1727 -8.23439 -17.9283 -24.514 -0.657904 42.991 -23.7494 6.41738 7.91159 3.18971 0 0 0 0.401595 2.5876 0 0 0 0 0 0 2.384 303 48 0 0 0
./complex_md-fit_534.pdb BC A 8.85068 32.2701 -14.3735 -7.56097 -15.8619 -24.9593 -0.649409 43.8406 -24.4023 4.56078 7.44385 2.80298 0 0 0 0.405935 2.786 0 0 0 0 0 0.0061518 2.384 303 49 0 0 0
./complex_md-fit_535.pdb BC A 10.0687 39.2733 -8.83312 -6.17489 -16.1787 -24.2467 -0.584757 45.5771 -22.9636 5.53938 8.1242 1.41652 0 0 0 0.680234 3.30505 -0.0218842 0 0 0 0 0 2.384 303 49 0 0 0
./complex_md-fit_536.pdb BC A 6.89258 33.2997 -13.3671 -6.8577 -16.9539 -24.2019 -0.631569 43.2713 -23.4366 3.86411 7.50651 3.38559 0 0 0 0.68711 3.85251 5.55112e-17 0 0 0 0 0 2.384 303 47 0 0 0
./complex_md-fit_537.pdb BC A 8.87646 38.9356 -16.4384 -7.57548 -19.1328 -24.367 -0.790653 41.933 -23.8206 4.56618 9.137 3.05473 0 0 0 0.567836 2.31787 -0.0105528 0 0 0 0 0 2.384 303 48 0 0 0
./complex_md-fit_538.pdb BC A 8.50208 33.0199 -12.9514 -7.32431 -14.4967 -24.3825 -1.06513 42.1158 -24.1369 4.73132 7.89922 2.83465 0 0 0 0.873187 2.43023 0 0 0 0 0 0 2.384 303 50 0 0 0
./complex_md-fit_539.pdb BC A 8.30095 41.365 -8.78134 -7.43892 -15.154 -23.681 -1.06091 42.4564 -23.0931 6.78206 8.28795 3.27422 0 0 0 0.867604 2.68701 -0.0216746 0 0 0 0 0 2.384 303 48 1 1 0
./complex_md-fit_53.pdb BC A 6.53714 34.5733 -14.0704 -5.40876 -12.2647 -24.8337 -0.759329 42.4456 -25.256 1.56683 7.25803 2.74452 0 0 0 0.417282 3.38801 0.0199017 0 0 0 0 0 2.384 303 52 0 0 0
./complex_md-fit_540.pdb BC A 7.90517 34.4182 -12.1328 -7.51897 -15.1322 -23.7323 -0.760174 42.0686 -22.5958 4.52054 7.99273 2.4419 0 0 0 0.58568 2.0828 -0.00284858 0 0 0 0 0 2.384 303 49 0 0 0
./complex_md-fit_541.pdb BC A 6.57366 28.0188 -9.06175 -7.37181 -12.7448 -23.9854 -0.7657 42.5776 -23.1635 6.69045 6.17253 2.99598 0 0 0 0.530277 2.60645 0 0 0 0 0 0.00252909 2.384 303 53 0 0 0
./complex_md-fit_542.pdb BC A 7.45283 31.7721 -9.69319 -7.45619 -11.8995 -24.9774 -0.87413 44.1012 -24.5704 6.07253 6.82555 2.60061 0 0 0 0.53362 2.65776 -0.0490965 0 0 0 0 0 2.384 303 54 1 1 0
./complex_md-fit_543.pdb BC A 8.83844 33.2818 -12.9588 -7.53862 -13.2166 -24.3882 -0.856007 43.1967 -23.6991 4.08134 7.32135 2.00568 0 0 0 0.186225 2.19053 -0.0678672 0 0 0 0 0.0163117 2.384 303 53 0 0 0
./complex_md-fit_544.pdb BC A 6.23146 36.7516 -16.2327 -6.79232 -17.9059 -24.6016 -0.93307 42.859 -23.702 3.84247 7.94416 2.7691 0 0 0 0.300835 3.10916 -0.0133284 0 0 0 0 0 2.384 303 47 0 0 0
./complex_md-fit_545.pdb BC A 8.03594 36.5989 -12.0844 -7.69933 -15.5093 -25.7424 -0.788456 45.9599 -24.8589 4.3254 8.59048 3.3011 0 0 0 0.339774 2.84471 -0.01348 0 0 0 0 0.0108412 2.384 303 53 0 0 0
./complex_md-fit_546.pdb BC A 6.79939 36.3905 -14.3977 -6.54278 -18.4032 -25.8545 -0.932078 46.1989 -25.2591 5.01605 8.07953 2.76047 0 0 0 0.540313 2.6267 -0.0206873 0 0 0 0 0.0194951 2.384 303 53 0 0 0
./complex_md-fit_547.pdb BC A 6.7672 37.9538 -12.8189 -8.68269 -15.245 -25.5172 -0.89141 45.2697 -24.5109 7.07279 7.11796 2.15843 0 0 0 0.381435 2.32243 0.0105373 0 0 0 0 0.017488 2.384 303 54 2 2 0
./complex_md-fit_548.pdb BC A 9.3254 36.3279 -12.4612 -6.93556 -16.0002 -25.4371 -1.09648 45.3161 -24.835 5.1118 8.69417 2.19537 0 0 0 0.544368 4.10375 -0.0186694 0 0 0 0 0 2.384 303 51 0 0 0
./complex_md-fit_549.pdb BC A 6.55083 41.3737 -13.2315 -6.96117 -15.4899 -23.4822 -0.988625 40.7198 -22.7119 6.05439 7.11612 2.28421 0 0 0 0.227785 2.26321 0 0 0 0 0 0 2.384 303 50 1 1 0
./complex_md-fit_54.pdb BC A 8.23276 28.2099 -6.93401 -5.4633 -14.7494 -24.3614 -0.712635 43.5726 -23.9845 6.74158 9.41499 2.44454 0 0 0 0.163555 3.12293 0 0 0 0 0 0 2.384 303 53 0 0 0
./complex_md-fit_550.pdb BC A 13.2443 34.4357 -19.2124 -6.77311 -17.4221 -23.3958 -0.861918 40.9417 -22.9201 1.43418 6.61608 2.72985 0 0 0 0.438827 3.23359 0 0 0 0 0 0 2.384 303 50 0 0 0
./complex_md-fit_551.pdb BC A 8.05921 28.2614 -20.0526 -8.48865 -18.1479 -23.6507 -0.568034 38.9927 -23.1708 3.38565 8.30803 2.99039 0 0 0 0.309649 2.41129 -0.0129445 0 0 0 0 0 2.384 303 47 0 0 0
./complex_md-fit_552.pdb BC A 7.02804 34.048 -2.09751 -7.29826 -9.70459 -24.2488 -0.524272 43.3982 -23.998 9.89117 7.14937 3.07542 0 0 0 0.207663 3.1821 -0.0454007 0 0 0 0 0 2.384 303 52 2 2 0
./complex_md-fit_553.pdb BC A 7.82038 33.5243 -16.4416 -7.74615 -14.594 -23.6201 -0.784721 40.5911 -22.8383 3.62953 4.5526 3.73484 0 0 0 0.674911 2.34743 -0.0412569 0 0 0 0 0 2.384 303 50 1 1 0
./complex_md-fit_554.pdb BC A 7.03829 30.8174 -10.7292 -6.78382 -11.839 -23.4377 -0.880618 40.8231 -22.4649 5.07966 6.06136 2.47565 0 0 0 0.287386 1.94352 -0.0502863 0 0 0 0 0 2.384 303 52 0 0 0
./complex_md-fit_555.pdb BC A 8.73889 32.659 -12.3577 -9.31257 -16.0654 -24.4792 -0.754103 42.7127 -23.6211 7.00041 8.10812 3.15189 0 0 0 0.914371 2.95902 -0.0127204 0 0 0 0 0 2.384 303 49 1 1 0
./complex_md-fit_556.pdb BC A 6.04107 36.4784 -2.97087 -6.77898 -12.1436 -24.8807 -0.86363 45.3785 -23.7855 9.92909 6.5776 3.1079 0 0 0 0.504531 2.8486 -0.0161746 0 0 0 0 0 2.384 303 53 4 4 0
./complex_md-fit_557.pdb BC A 6.19195 40.2354 -12.8877 -6.87708 -13.319 -24.008 -0.678802 40.3276 -23.2521 6.79989 5.32007 2.44584 0 0 0 0.366359 2.55364 -0.0124534 0 0 0 0 0 2.384 303 50 4 4 0
./complex_md-fit_558.pdb BC A 7.58607 38.9067 -8.17153 -6.88075 -17.2426 -24.9697 -0.861795 45.2349 -23.9132 7.96521 8.31216 3.23063 0 0 0 1.0116 2.51627 -0.0578793 0 0 0 0 0 2.384 303 49 2 2 0
./complex_md-fit_559.pdb BC A 7.19498 28.6691 -9.88925 -6.9312 -17.7065 -25.041 -0.673044 45.2715 -24.3945 5.27432 9.50322 4.35897 0 0 0 0.449051 2.30434 0 0 0 0 0 0 2.384 303 49 1 1 0
./complex_md-fit_55.pdb BC A 7.05855 34.5939 -12.151 -7.74373 -14.196 -24.3295 -0.790588 42.9412 -24.1569 2.77736 9.03375 3.63828 0 0 0 0.656136 3.43997 0.0189751 0 0 0 0 0 2.384 303 50 0 0 0
./complex_md-fit_560.pdb BC A 7.59789 33.1161 -10.0803 -5.29723 -15.6798 -24.9891 -0.852796 43.8311 -24.3984 6.41544 7.79988 2.61965 0 0 0 0.471037 3.79452 0 0 0 0 0 0 2.384 303 46 0 0 0
./complex_md-fit_561.pdb BC A 8.45454 36.3941 -9.88907 -6.22036 -14.6578 -25.2604 -0.724485 44.0997 -24.7142 4.57279 8.89393 3.91956 0 0 0 0.235811 2.30847 -0.0335823 0 0 0 0 0 2.384 303 47 0 0 0
./complex_md-fit_562.pdb BC A 7.74834 31.8364 -6.59747 -7.83984 -15.2512 -24.3877 -0.785126 45.3868 -23.1724 7.59643 7.38445 3.37576 0 0 0 1.13253 2.119 -0.0654808 0 0 0 0 0.0284618 2.384 303 46 2 2 0
./complex_md-fit_563.pdb BC A 9.98411 30.3976 -10.6062 -6.85967 -15.4723 -24.8992 -0.850381 44.6433 -24.2345 6.47608 7.9501 2.28403 0 0 0 0.370371 4.01858 -0.0140219 0 0 0 0 0 2.384 303 48 1 1 0
./complex_md-fit_564.pdb BC A 7.5796 34.0562 -8.28186 -6.32615 -13.6217 -24.2144 -0.81853 43.203 -23.5259 6.69196 7.65932 2.24959 0 0 0 0.43161 3.7095 -0.0106853 0 0 0 0 0 2.384 303 49 0 0 0
./complex_md-fit_565.pdb BC A 8.28722 32.8715 -14.5251 -7.1954 -16.9759 -23.6626 -0.784932 41.8626 -22.7954 3.13245 7.71698 3.74605 0 0 0 0.431024 2.63672 0 0 0 0 0 0 2.384 303 47 0 0 0
./complex_md-fit_566.pdb BC A 7.03556 30.356 -17.4843 -8.1208 -19.5772 -24.4062 -0.760915 42.3077 -23.7848 3.75259 9.64741 3.00915 0 0 0 0.44867 4.05977 0 0 0 0 0 0 2.384 303 49 0 0 0
./complex_md-fit_567.pdb BC A 10.1994 40.1022 -16.9267 -7.06678 -16.1883 -24.0483 -0.881058 41.4242 -23.4486 2.62569 7.42414 2.5381 0 0 0 0.73872 3.8536 -0.0445545 0 0 0 0 0 2.384 303 47 0 0 0
./complex_md-fit_568.pdb BC A 7.2403 37.7146 -7.75611 -4.71397 -15.0834 -24.0145 -0.794817 41.3412 -23.5363 9.71808 6.45857 2.49213 0 0 0 0.387486 2.5329 -0.0105438 0 0 0 0 0 2.384 303 49 3 3 0
./complex_md-fit_569.pdb BC A 9.10776 41.9422 -14.695 -9.24346 -14.4183 -23.7977 -0.805011 41.6785 -22.8948 4.65883 6.38928 2.6713 0 0 0 1.09711 2.64527 -0.0369941 0 0 0 0 0.00623961 2.384 303 50 1 1 0
./complex_md-fit_56.pdb BC A 7.51251 33.9336 -17.0834 -8.64721 -14.5452 -24.8963 -0.512348 43.4043 -24.5965 3.76058 6.63744 1.73686 0 0 0 0.577193 2.22094 -0.0239637 0 0 0 0 0.0217058 2.384 303 54 0 0 0
./complex_md-fit_570.pdb BC A 8.08634 30.0516 -16.4634 -8.14962 -18.6486 -23.9071 -0.736474 41.8064 -23.2293 3.75254 9.40167 3.00743 0 0 0 0.262474 4.01212 -0.0229052 0 0 0 0 0 2.384 303 48 0 0 0
./complex_md-fit_571.pdb BC A 7.44271 32.5455 -12.1335 -8.2704 -16.4458 -24.5765 -0.737303 43.5778 -23.9096 8.31647 7.83004 1.69839 0 0 0 0.383344 2.87174 0 0 0 0 0 0 2.384 303 50 3 3 0
./complex_md-fit_572.pdb BC A 9.84384 31.3528 -16.4255 -7.61222 -18.1818 -24.7638 -1.08049 43.564 -24.2191 4.31621 9.93877 1.53972 0 0 0 0.129292 4.00541 -0.0560613 0 0 0 0 0 2.384 303 50 0 0 0
./complex_md-fit_573.pdb BC A 8.14624 32.0266 -16.1359 -7.65288 -16.0653 -24.3489 -0.911267 41.1127 -23.8647 3.17162 9.46631 2.78154 0 0 0 0.207278 2.72285 -0.0358839 0 0 0 0 0.00359211 2.384 303 49 1 1 0
./complex_md-fit_574.pdb BC A 8.9669 28.4077 -7.17299 -5.47451 -15.1939 -23.883 -0.725518 44.1752 -23.358 5.82312 8.41327 2.94128 0 0 0 0.140359 3.41524 -0.0313318 0 0 0 0 0 2.384 303 48 0 0 0
./complex_md-fit_575.pdb BC A 11.0061 32.8163 -17.4885 -7.07587 -20.9417 -24.3167 -1.04155 42.178 -23.8402 4.46973 10.1336 2.83592 0 0 0 0.110246 4.08891 0 0 0 0 0 0 2.384 303 48 0 0 0
./complex_md-fit_576.pdb BC A 7.96897 31.4137 -18.2407 -8.41358 -18.992 -24.3833 -0.850988 44.2296 -23.6832 2.67023 7.82495 2.82249 0 0 0 0.538817 2.47322 -0.0124237 0 0 0 0 0.00860811 2.384 303 53 0 0 0
./complex_md-fit_577.pdb BC A 7.99143 30.0111 -13.5496 -8.7801 -15.8219 -23.4354 -0.762173 41.8437 -22.7741 4.8696 8.09864 2.91044 0 0 0 0.315762 1.90989 -0.0140486 0 0 0 0 0 2.384 303 48 0 0 0
./complex_md-fit_578.pdb BC A 7.55293 35.0693 -7.78527 -6.39859 -16.9335 -23.9892 -0.839723 44.3472 -23.089 6.91722 9.18774 2.72187 0 0 0 0.303314 2.5864 -0.0124807 0 0 0 0 0 2.384 303 50 0 0 0
./complex_md-fit_579.pdb BC A 8.74813 36.2771 -14.8239 -7.07231 -19.2381 -24.0799 -0.736644 42.7204 -23.0803 3.7926 9.09505 3.28341 0 0 0 0.508643 4.28418 -0.0168321 0 0 0 0 0 2.384 303 46 1 1 0
./complex_md-fit_57.pdb BC A 8.46126 34.7892 -12.7714 -6.08776 -12.114 -23.1049 -0.544779 39.1263 -23.2378 3.15749 7.55567 1.9381 0 0 0 0.510859 3.36002 0.0295196 0 0 0 0 0 2.384 303 51 0 0 0
./complex_md-fit_580.pdb BC A 9.99008 37.5994 -11.7767 -6.43238 -17.6299 -23.8648 -0.7175 42.4242 -23.3511 5.86034 8.70689 2.81629 0 0 0 0.439474 3.8976 -0.028175 0 0 0 0 0 2.384 303 48 1 1 0
./complex_md-fit_581.pdb BC A 8.51671 34.4296 -15.9922 -8.52408 -17.8962 -24.123 -0.812672 42.2266 -23.351 3.9594 8.25462 3.40023 0 0 0 0.885408 2.30672 -0.0114131 0 0 0 0 0 2.384 303 49 1 1 0
./complex_md-fit_582.pdb BC A 8.45705 34.4484 -18.1779 -8.88761 -20.3811 -23.9661 -0.724182 42.0002 -23.3351 4.19074 9.22463 2.72674 0 0 0 0.973945 3.0802 0 0 0 0 0 0 2.384 303 50 0 0 0
./complex_md-fit_583.pdb BC A 7.81458 37.5878 -10.2172 -8.4223 -13.9945 -25.1186 -0.67454 45.4672 -24.9492 4.96831 8.98677 3.05674 0 0 0 0.462893 2.19557 0 0 0 0 0 0 2.384 303 49 1 1 0
./complex_md-fit_584.pdb BC A 13.5915 40.4434 -2.9221 -8.67856 -14.508 -24.3926 -0.901665 45.5688 -23.5022 9.39428 8.88944 4.23165 0 0 0 1.02354 2.2839 -0.0468141 0 0 0 0 0 2.384 303 50 2 2 0
./complex_md-fit_585.pdb BC A 7.48252 33.158 -14.821 -9.7924 -16.0953 -23.9995 -0.831656 41.9338 -23.5256 5.83861 8.11326 3.03707 0 0 0 0.512429 2.11086 -0.0116837 0 0 0 0 0 2.384 303 49 0 0 0
./complex_md-fit_586.pdb BC A 6.4941 29.0977 -13.3494 -8.1233 -12.6753 -22.9495 -0.708556 39.3562 -22.7361 5.04682 6.46748 2.70044 0 0 0 0.267454 2.31446 -0.0101065 0 0 0 0 0.0150936 2.384 303 50 0 0 0
./complex_md-fit_587.pdb BC A 8.44585 31.3019 -13.0937 -7.16195 -18.3041 -23.9177 -0.966061 43.4793 -22.8659 4.10091 8.44343 3.65006 0 0 0 0.459762 3.21902 -0.0114433 0 0 0 0 0 2.384 303 53 1 1 0
./complex_md-fit_588.pdb BC A 7.57411 27.3895 -20.477 -8.32848 -16.2655 -23.6916 -0.850694 39.9704 -23.0556 2.18111 6.75219 2.5295 0 0 0 0.295803 3.99014 -0.0142636 0 0 0 0 0 2.384 303 51 0 0 0
./complex_md-fit_589.pdb BC A 6.27601 29.9199 -19.0207 -7.50546 -15.5396 -23.2647 -0.875814 38.3336 -22.8586 2.11422 7.40403 2.87072 0 0 0 0.3009 2.74601 0 0 0 0 0 0 2.384 303 51 0 0 0
./complex_md-fit_58.pdb BC A 8.9342 28.1102 -12.2519 -6.13127 -12.4027 -24.4126 -0.62972 42.6625 -24.4718 2.75913 7.30016 2.76899 0 0 0 0.320165 2.90313 -0.0148215 0 0 0 0 0 2.384 303 51 0 0 0
./complex_md-fit_590.pdb BC A 7.88053 31.1101 -11.5173 -8.33387 -15.4262 -25.1315 -0.854153 44.7815 -24.2516 6.77684 7.95456 2.71929 0 0 0 0.247668 2.47586 0 0 0 0 0 0 2.384 303 52 2 2 0
./complex_md-fit_591.pdb BC A 7.05255 32.1801 -14.7914 -7.82491 -16.6571 -23.4257 -0.848841 39.6165 -22.792 7.37662 7.64118 1.60974 0 0 0 0.527451 2.61581 -0.0144223 0 0 0 0 0 2.384 303 49 2 2 0
./complex_md-fit_592.pdb BC A 7.59477 35.8594 -9.88753 -7.12495 -13.4694 -22.8458 -0.911823 39.5935 -22.4386 7.25882 7.06969 2.53566 0 0 0 0.459022 2.61361 -0.0136318 0 0 0 0 0 2.384 303 49 1 1 0
./complex_md-fit_593.pdb BC A 7.97657 35.3015 -12.6657 -7.18698 -13.6979 -23.4492 -0.558948 39.4554 -23.2672 4.52832 7.78702 3.48636 0 0 0 0.274411 3.02093 -0.0370321 0 0 0 0 0 2.384 303 49 0 0 0
./complex_md-fit_594.pdb BC A 9.73832 33.1612 -11.1439 -9.39622 -14.0638 -24.062 -0.751915 42.5762 -23.5271 6.20971 8.23979 3.34938 0 0 0 0.291376 2.68061 -0.00931868 0 0 0 0 0 2.384 303 51 3 3 0
./complex_md-fit_595.pdb BC A 8.07526 35.6159 -12.1499 -9.14799 -14.4827 -24.7103 -0.755111 42.8977 -24.1158 6.04601 9.98011 2.01507 0 0 0 0.137964 2.64945 -0.0147857 0 0 0 0 0 2.384 303 50 1 1 0
./complex_md-fit_596.pdb BC A 8.67374 36.7567 -12.4589 -7.81894 -13.7907 -23.9957 -0.769742 41.458 -24.0753 4.54612 8.64707 3.22995 0 0 0 0.110487 2.74428 0 0 0 0 0 0 2.384 303 50 0 0 0
./complex_md-fit_597.pdb BC A 7.02073 32.2644 -16.5849 -9.59893 -13.0017 -23.9043 -0.733484 40.9176 -24.0298 2.64702 8.03393 2.68165 0 0 0 0.434424 2.74805 -0.0313095 0 0 0 0 0 2.384 303 49 0 0 0
./complex_md-fit_598.pdb BC A 7.38141 31.9332 -15.1973 -7.63038 -15.0742 -23.6011 -0.825716 40.2143 -23.4284 5.23267 6.85306 2.92278 0 0 0 0.144517 2.64971 -0.0113762 0 0 0 0 0.00649367 2.384 303 50 1 1 0
./complex_md-fit_599.pdb BC A 8.04523 32.428 -16.5755 -9.54315 -14.5603 -24.01 -0.742828 41.0535 -23.5187 4.24346 7.5573 2.48326 0 0 0 0.472041 2.86918 -0.0101188 0 0 0 0 0 2.384 303 51 0 0 0
./complex_md-fit_59.pdb BC A 6.27325 31.3104 -11.6949 -5.6728 -14.4542 -23.4412 -0.811594 40.3364 -22.7335 4.93984 7.0905 2.52515 0 0 0 0.51852 2.5655 -0.000398742 0 0 0 0 0.00842707 2.384 303 50 1 1 0
./complex_md-fit_5.pdb BC A 7.03016 29.2661 -12.7821 -7.19655 -13.2108 -23.9845 -0.907629 41.2767 -23.7514 4.27859 7.5592 2.80722 0 0 0 0.305932 2.30174 0.0411026 0 0 0 0 0 2.384 303 54 0 0 0
./complex_md-fit_600.pdb BC A 7.76282 37.8015 -12.2301 -8.06654 -14.0094 -23.3754 -0.70705 40.3855 -22.9641 5.87182 8.38683 1.82471 0 0 0 0.454872 2.3886 -0.0312809 0 0 0 0 0 2.384 303 51 1 1 0
./complex_md-fit_601.pdb BC A 8.80349 28.0269 -16.4702 -9.40142 -13.9752 -22.8777 -0.829161 38.0356 -23.1393 4.17269 8.42865 2.63015 0 0 0 0.469102 2.12332 0.0163816 0 0 0 0 0 2.384 303 49 0 0 0
./complex_md-fit_602.pdb BC A 5.95342 43.9321 -20.1778 -11.2102 -16.8274 -25.3316 -0.715334 42.9919 -25.4075 3.61033 8.32189 4.01877 0 0 0 0.384101 2.61623 -0.0127293 0 0 0 0 0 2.384 303 51 0 0 0
./complex_md-fit_603.pdb BC A 7.77518 31.3519 -10.0132 -8.72919 -12.8768 -24.0616 -0.677834 42.2101 -23.8776 5.47447 8.93913 2.92281 0 0 0 0.655322 2.48348 0 0 0 0 0 0.00801689 2.384 303 50 2 2 0
./complex_md-fit_604.pdb BC A 7.49161 33.5731 -14.3139 -9.1217 -13.2456 -23.5963 -0.830158 39.9268 -23.5921 3.63471 8.39229 3.70029 0 0 0 0.432139 2.68899 -0.0143396 0 0 0 0 0 2.384 303 50 0 0 0
./complex_md-fit_605.pdb BC A 5.61632 32.0519 -14.4591 -9.56704 -14.026 -23.2697 -0.483174 40.3943 -22.7408 3.75946 8.00646 3.29037 0 0 0 0.222136 2.45361 -0.0450972 0 0 0 0 0 2.384 303 50 0 0 0
./complex_md-fit_606.pdb BC A 7.9474 37.5638 -14.124 -8.04937 -13.5961 -23.5052 -0.546543 41.3213 -23.3256 2.80326 6.67136 3.27609 0 0 0 0.845752 3.71812 -0.018885 0 0 0 0 0 2.384 303 51 0 0 0
./complex_md-fit_607.pdb BC A 7.06174 37.3204 -14.2207 -7.64041 -15.8384 -23.3976 -0.727062 40.8833 -22.958 4.88334 7.43561 2.53952 0 0 0 0.610502 3.66601 -0.0113686 0 0 0 0 0 2.384 303 50 1 1 0
./complex_md-fit_608.pdb BC A 7.91241 36.3806 -8.09852 -7.39942 -10.3421 -23.0911 -0.678417 40.3412 -23.0233 5.92818 6.97637 2.34063 0 0 0 0.849476 2.02278 0 0 0 0 0 0 2.384 303 51 2 2 0
./complex_md-fit_609.pdb BC A 6.41904 32.317 -10.6949 -6.32326 -12.755 -23.1136 -0.72898 39.828 -22.9817 5.23362 6.78867 3.21336 0 0 0 0.15424 2.60791 -0.0102138 0 0 0 0 0 2.384 303 47 1 1 0
./complex_md-fit_60.pdb BC A 8.82238 39.3294 -8.47291 -6.04326 -9.7191 -23.9263 -0.591025 40.7329 -23.8511 5.13909 6.90449 2.70886 0 0 0 0.159609 2.66041 0 0 0 0 0 0.0129342 2.384 303 53 1 1 0
./complex_md-fit_610.pdb BC A 8.25073 37.2813 -13.3168 -7.4045 -13.8108 -22.9306 -0.798644 38.7538 -22.6589 5.2566 6.20426 2.82225 0 0 0 1.24981 2.34711 0 0 0 0 0 0 2.384 303 50 0 0 0
./complex_md-fit_611.pdb BC A 8.23821 36.6513 -10.6529 -8.29909 -12.113 -24.0452 -0.629866 41.3888 -23.9393 4.53214 9.08587 2.82084 0 0 0 0.545891 2.47135 0 0 0 0 0 0 2.384 303 53 1 1 0
./complex_md-fit_612.pdb BC A 6.7569 31.973 -12.7279 -9.41811 -11.8785 -23.9472 -0.661943 40.7674 -23.9025 5.24567 7.56529 3.37365 0 0 0 0.160557 2.24135 -0.0322354 0 0 0 0 0 2.384 303 51 2 2 0
./complex_md-fit_613.pdb BC A 7.36424 34.0605 -17.3948 -9.80642 -14.974 -23.3823 -0.580377 39.3645 -22.9495 2.8998 8.33312 3.11438 0 0 0 0.586057 2.54754 0 0 0 0 0 0 2.384 303 54 1 1 0
./complex_md-fit_614.pdb BC A 8.8408 28.7763 -9.6584 -7.31902 -14.5853 -24.2519 -0.663567 43.6995 -24.1051 5.61637 8.85094 2.38078 0 0 0 0.711415 4.15273 0 0 0 0 0 0.00749256 2.384 303 53 2 2 0
./complex_md-fit_615.pdb BC A 6.21868 39.9831 -13.1796 -8.53836 -15.1627 -24.0301 -1.00281 41.5792 -23.508 4.19283 8.64719 3.89821 0 0 0 0.755328 3.77436 -0.010389 0 0 0 0 0 2.384 303 52 0 0 0
./complex_md-fit_616.pdb BC A 8.34509 34.4761 -12.5565 -8.31065 -11.9014 -23.3732 -0.680051 39.9575 -23.1222 5.60565 6.691 2.02296 0 0 0 0.55387 2.68918 0 0 0 0 0 0 2.384 303 50 0 0 0
./complex_md-fit_617.pdb BC A 8.17669 34.1592 -15.9076 -9.78971 -12.0082 -24.3675 -0.611505 41.1272 -24.3013 4.31931 6.66265 2.50937 0 0 0 0.575644 2.63846 -0.026717 0 0 0 0 0.00324935 2.384 303 55 0 0 0
./complex_md-fit_618.pdb BC A 9.29253 29.5571 -5.71014 -9.49807 -11.3349 -23.6698 -0.380858 43.0537 -23.0592 8.31865 8.19639 2.14452 0 0 0 0.531527 2.62828 -0.012218 0 0 0 0 0 2.384 303 49 2 2 0
./complex_md-fit_619.pdb BC A 8.28456 32.9578 -18.6211 -8.30152 -15.3736 -23.8452 -0.531189 40.0374 -24.2477 3.61159 7.34951 2.46933 0 0 0 0.210303 2.64168 0 0 0 0 0 0 2.384 303 49 0 0 0
./complex_md-fit_61.pdb BC A 6.42549 33.8426 -6.8722 -6.00417 -9.29756 -23.2706 -0.578386 41.3574 -23.3854 3.20769 6.99038 3.69576 0 0 0 0.412707 1.72539 0 0 0 0 0 0 2.384 303 47 0 0 0
./complex_md-fit_620.pdb BC A 7.97382 35.419 -18.8571 -10.0012 -15.2256 -24.4021 -0.506968 41.2074 -23.965 3.16984 6.97324 3.51343 0 0 0 0.390311 2.2745 -0.0105257 0 0 0 0 0 2.384 303 50 0 0 0
./complex_md-fit_621.pdb BC A 9.46146 38.6715 -14.719 -8.12247 -14.8074 -24.1149 -0.488693 41.4633 -23.6821 4.24086 7.74201 2.43733 0 0 0 0.61311 3.53061 0 0 0 0 0 0 2.384 303 46 0 0 0
./complex_md-fit_622.pdb BC A 7.58997 28.4578 -18.231 -8.83104 -12.5638 -23.9806 -0.639888 40.5472 -23.5847 1.55156 5.7711 3.04647 0 0 0 0.466268 2.36038 -0.0136708 0 0 0 0 0 2.384 303 50 0 0 0
./complex_md-fit_623.pdb BC A 8.19008 36.3614 -13.6476 -8.8894 -16.1444 -23.8638 -0.895196 40.6821 -23.3776 7.29506 7.26466 3.9942 0 0 0 0.307787 2.71601 -0.0210406 0 0 0 0 0 2.384 303 50 1 1 0
./complex_md-fit_624.pdb BC A 6.46345 29.6537 -18.2738 -10.5072 -16.0858 -24.0908 -0.933769 41.0938 -23.2985 6.22246 6.70951 2.10305 0 0 0 0.531143 3.77496 -0.0176343 0 0 0 0 0 2.384 303 52 1 1 0
./complex_md-fit_625.pdb BC A 7.63232 31.3722 -5.47543 -7.8347 -11.5036 -24.2676 -0.851773 44.2577 -23.829 7.87558 6.90961 3.28876 0 0 0 0.479673 2.94128 0 0 0 0 0 0 2.384 303 49 2 2 0
./complex_md-fit_626.pdb BC A 9.34905 29.8695 -11.8778 -7.01922 -10.8969 -23.0492 -0.596455 38.9249 -22.6973 3.09908 7.44006 2.71159 0 0 0 0.218946 2.21636 -0.0132942 0 0 0 0 0 2.384 303 50 1 1 0
./complex_md-fit_627.pdb BC A 7.43148 36.8793 -13.3331 -8.64781 -12.1619 -24.0738 -0.649491 41.5231 -23.6219 3.33967 7.64072 2.67063 0 0 0 0.664864 2.49387 -0.0171559 0 0 0 0 0 2.384 303 51 0 0 0
./complex_md-fit_628.pdb BC A 6.85528 30.6239 -13.8392 -8.93807 -14.1976 -23.5108 -0.768189 40.8734 -23.0981 4.49466 8.32037 2.60402 0 0 0 0.431434 2.29902 -0.0503114 0 0 0 0 0 2.384 303 49 1 1 0
./complex_md-fit_629.pdb BC A 8.36194 27.4892 -14.5998 -9.01251 -14.6561 -23.8011 -0.583881 40.9576 -23.2501 3.79175 8.52216 2.91818 0 0 0 0.514253 2.64337 1.11022e-16 0 0 0 0 0 2.384 303 51 0 0 0
./complex_md-fit_62.pdb BC A 9.75744 36.5936 -12.7417 -4.3134 -14.6969 -23.607 -0.728991 42.2016 -23.8433 3.91586 6.57892 1.45949 0 0 0 0.291911 2.14514 -1.11022e-16 0 0 0 0 0 2.384 303 53 0 0 0
./complex_md-fit_630.pdb BC A 9.90572 31.9386 -10.5892 -7.89716 -12.478 -23.0221 -0.779685 40.7212 -22.5724 3.86738 8.21565 3.12323 0 0 0 0.23265 2.5177 -5.55112e-17 0 0 0 0 0 2.384 303 49 2 2 0
./complex_md-fit_631.pdb BC A 8.70364 32.7016 -14.5194 -8.76232 -14.5177 -23.4754 -0.809256 40.8388 -22.936 4.79121 7.64703 2.36949 0 0 0 0.384763 4.0898 -0.0499811 0 0 0 0 0 2.384 303 49 1 1 0
./complex_md-fit_632.pdb BC A 6.41322 30.9174 -13.7597 -9.07946 -14.4437 -23.422 -0.837276 40.9433 -23.385 3.73214 9.52063 3.05641 0 0 0 0.187382 2.61475 -0.0321454 0 0 0 0 0 2.384 303 49 0 0 0
./complex_md-fit_633.pdb BC A 7.04654 36.7193 -7.39773 -7.92056 -10.9933 -23.713 -0.734365 42.2195 -23.3107 7.02484 7.50146 2.10042 0 0 0 0.427989 3.53641 0 0 0 0 0 0 2.384 303 50 1 1 0
./complex_md-fit_634.pdb BC A 7.6836 33.8796 -12.9267 -8.99006 -14.1399 -25.2911 -0.589608 44.5714 -25.1426 4.8561 8.39069 2.98682 0 0 0 0.430864 2.36257 -0.00926943 0 0 0 0 0 2.384 303 51 1 1 0
./complex_md-fit_635.pdb BC A 9.19676 27.6847 -1.7105 -6.28567 -10.6711 -24.2045 -0.74224 43.3445 -23.6175 9.72428 6.40393 3.61673 0 0 0 0.754644 2.35805 -0.0336794 0 0 0 0 0 2.384 303 50 2 2 0
./complex_md-fit_636.pdb BC A 10.3392 30.7254 -12.8709 -9.77157 -12.3434 -23.6089 -0.843535 40.5232 -22.99 4.68948 8.39238 2.4716 0 0 0 0.609804 2.68787 -2.22045e-16 0 0 0 0 0 2.384 303 51 1 1 0
./complex_md-fit_637.pdb BC A 7.41401 35.7447 -7.3602 -8.37346 -11.1798 -24.236 -0.754309 43.0691 -23.9104 6.42224 7.49704 3.46592 0 0 0 0.687855 2.60971 -0.0483723 0 0 0 0 0 2.384 303 51 1 1 0
./complex_md-fit_638.pdb BC A 6.07861 35.9405 -15.6627 -8.57593 -14.2387 -22.8558 -0.655614 37.823 -22.3996 4.06821 7.35934 3.2571 0 0 0 0.564532 2.2153 -0.0092939 0 0 0 0 0 2.384 303 48 1 1 0
./complex_md-fit_639.pdb BC A 9.23331 30.5791 -16.4342 -7.38966 -13.3725 -22.6513 -0.594082 38.9156 -22.2339 1.37489 6.26443 2.53335 0 0 0 0.748089 3.49597 -0.0292338 0 0 0 0 0 2.384 303 46 0 0 0
./complex_md-fit_63.pdb BC A 7.47919 38.5794 -11.3012 -5.81193 -13.9993 -23.1865 -0.815926 39.6345 -23.3609 4.9945 8.15195 2.84242 0 0 0 0.249927 2.16941 0 0 0 0 0 0 2.384 303 49 1 1 0
./complex_md-fit_640.pdb BC A 6.94884 37.2159 -5.82723 -6.67405 -11.1552 -22.0509 -0.855575 38.6399 -21.7448 7.06258 6.53882 3.6725 0 0 0 0.739544 3.43518 0 0 0 0 0 0 2.384 303 50 1 1 0
./complex_md-fit_641.pdb BC A 7.27826 28.7683 -18.5584 -8.05468 -16.9989 -21.5832 -0.67415 35.7383 -21.3856 3.84736 6.78041 3.12742 0 0 0 0.644602 2.41578 0 0 0 0 0 0 2.384 303 48 0 0 0
./complex_md-fit_642.pdb BC A 9.79565 35.0215 -15.8204 -7.9338 -14.0047 -22.9628 -0.785411 39.8833 -22.9523 3.32799 6.34167 2.92099 0 0 0 0.359315 2.15509 -0.0145746 0 0 0 0 0 2.384 303 49 0 0 0
./complex_md-fit_643.pdb BC A 7.47726 36.3289 -11.531 -9.04821 -15.0394 -24.5549 -0.721979 44.0937 -24.2588 7.17716 7.71979 2.82634 0 0 0 0.275448 2.38688 0 0 0 0 0 0 2.384 303 52 2 2 0
./complex_md-fit_644.pdb BC A 9.32437 37.0073 -13.5103 -7.85539 -13.5282 -24.1003 -0.692814 41.9142 -24.3442 3.88306 6.9623 3.53958 0 0 0 0.691916 1.74667 0 0 0 0 0 0.0194611 2.384 303 52 0 0 0
./complex_md-fit_645.pdb BC A 6.60667 28.7714 -12.3165 -8.46414 -12.4917 -24.2051 -0.486761 42.5358 -23.8358 4.27369 7.2965 2.67559 0 0 0 0.385364 2.10377 0 0 0 0 0 0 2.384 303 50 2 2 0
./complex_md-fit_646.pdb BC A 8.74409 31.7511 -10.6948 -8.0483 -13.5692 -22.8418 -0.798711 40.04 -22.6815 5.74045 7.44777 3.59475 0 0 0 0.42173 1.62969 0 0 0 0 0 0 2.384 303 50 0 0 0
./complex_md-fit_647.pdb BC A 6.15609 28.8642 -16.4465 -9.26841 -13.5313 -23.2656 -0.737969 39.7922 -23.3322 2.12593 8.60964 2.81277 0 0 0 0.363701 1.79185 -0.0152573 0 0 0 0 0 2.384 303 51 0 0 0
./complex_md-fit_648.pdb BC A 7.60607 38.0162 -10.782 -7.73508 -17.1524 -24.4446 -0.777343 42.875 -23.8668 8.39686 8.483 2.95621 0 0 0 0.473698 2.91498 0.00947467 0 0 0 0 0 2.384 303 50 3 3 0
./complex_md-fit_649.pdb BC A 8.37752 43.8088 -9.62209 -6.71606 -15.1211 -24.3437 -0.701943 42.8829 -24.1506 7.10048 7.39866 3.56192 0 0 0 0.489178 2.56869 -0.0218098 0 0 0 0 0 2.384 303 53 2 2 0
./complex_md-fit_64.pdb BC A 7.10467 35.2455 -7.33497 -3.4583 -12.6414 -23.6395 -0.850755 43.335 -23.6955 3.75049 6.96391 2.6728 0 0 0 0.22833 2.73832 0 0 0 0 0 0 2.384 303 51 0 0 0
./complex_md-fit_650.pdb BC A 7.30604 35.3223 -9.03358 -8.93141 -14.168 -23.5377 -0.912816 43.3253 -22.8724 6.0221 8.50783 2.72705 0 0 0 0.792332 1.95194 0 0 0 0 0 0.0141789 2.384 303 50 1 1 0
./complex_md-fit_651.pdb BC A 7.74336 32.6351 -19.1573 -11.1013 -18.147 -25.6292 -0.840596 43.9422 -25.0642 3.79108 10.1413 3.29914 0 0 0 0.451285 3.52643 0 0 0 0 0 0 2.384 303 53 1 1 0
./complex_md-fit_652.pdb BC A 8.40234 30.8894 -13.4145 -6.31794 -13.1501 -22.3492 -0.816611 38.187 -22.029 4.75692 6.21165 1.94904 0 0 0 0.143766 3.22056 0 0 0 0 0 0 2.384 303 48 0 0 0
./complex_md-fit_653.pdb BC A 6.4173 32.4666 -3.53813 -5.87196 -10.3102 -24.1702 -0.774589 42.9526 -23.7103 8.99736 6.5661 2.58719 0 0 0 0.195814 2.48726 5.55112e-17 0 0 0 0 0 2.384 303 50 1 1 0
./complex_md-fit_654.pdb BC A 5.44016 39.6866 -13.4767 -7.19583 -16.676 -23.189 -0.922507 39.9123 -22.5438 6.23581 8.09172 2.54366 0 0 0 0.302847 2.70324 -0.036 0 0 0 0 0 2.384 303 51 0 0 0
./complex_md-fit_655.pdb BC A 10.0367 42.6857 -11.0695 -7.29475 -15.2808 -23.3867 -0.767432 40.8355 -23.2447 5.35525 9.21137 3.02954 0 0 0 0.450063 2.60479 0.023205 0 0 0 0 0 2.384 303 48 1 1 0
./complex_md-fit_656.pdb BC A 7.09298 33.3112 -9.63158 -7.11556 -13.9789 -24.6567 -0.678556 42.6788 -24.3631 7.59039 7.88142 2.3353 0 0 0 0.675363 4.50995 0 0 0 0 0 0 2.384 303 49 1 1 0
./complex_md-fit_657.pdb BC A 8.21489 33.4644 -15.1629 -8.91553 -19.9878 -23.9253 -1.37523 42.4353 -23.0693 5.19963 10.728 3.63646 0 0 0 0.104899 2.78957 0 0 0 0 0 0.00597076 2.384 303 51 1 1 0
./complex_md-fit_658.pdb BC A 9.41745 31.6417 -12.6685 -8.67101 -15.1725 -24.5176 -0.944994 44.6652 -23.6321 4.06913 8.47471 2.47292 0 0 0 0.597438 2.64569 -0.00959958 0 0 0 0 0 2.384 303 51 1 1 0
./complex_md-fit_659.pdb BC A 8.01772 39.9282 -15.5319 -7.93656 -17.2988 -23.795 -0.908332 41.6857 -22.8812 3.13848 8.88051 3.14905 0 0 0 0.434266 2.8854 0 0 0 0 0 0 2.384 303 49 0 0 0
./complex_md-fit_65.pdb BC A 7.11279 38.7674 -12.8278 -6.95708 -14.4508 -24.3685 -0.692797 43.5549 -24.503 2.67327 9.52582 2.17436 0 0 0 0.21607 3.59738 0 0 0 0 0 0 2.384 303 49 0 0 0
./complex_md-fit_660.pdb BC A 6.81351 34.9543 -9.07927 -6.6028 -16.5449 -23.6603 -1.07829 43.0237 -23.1791 7.69084 8.50384 2.32428 0 0 0 0.44343 2.5581 0 0 0 0 0 0 2.384 303 51 2 2 0
./complex_md-fit_661.pdb BC A 8.25241 39.6643 -14.483 -6.17347 -19.7738 -23.0293 -0.857158 40.2561 -22.3939 4.51657 10.2116 2.21095 0 0 0 0.549386 1.79477 0 0 0 0 0 0 2.384 303 51 2 2 0
./complex_md-fit_662.pdb BC A 6.81855 35.5066 -14.3752 -8.4744 -15.7824 -23.9637 -0.882672 43.3009 -23.2312 4.22505 8.09419 1.19026 0 0 0 1.18558 2.07157 -0.036887 0 0 0 0 0 2.384 303 51 1 1 0
./complex_md-fit_663.pdb BC A 6.34938 33.9966 -15.1614 -7.77 -15.6073 -24.512 -0.922502 43.123 -23.898 4.02461 8.42076 1.56764 0 0 0 0.412305 2.64729 0 0 0 0 0 0 2.384 303 50 1 1 0
./complex_md-fit_664.pdb BC A 7.49536 28.7212 -14.7205 -8.71791 -18.9653 -24.0358 -0.928044 42.8448 -23.6242 4.19385 10.8321 3.38473 0 0 0 0.288778 2.84908 0 0 0 0 0 0.00658911 2.384 303 49 0 0 0
./complex_md-fit_665.pdb BC A 8.67922 31.1833 -15.7064 -7.6925 -17.0663 -23.9808 -0.978636 43.5214 -23.5114 1.94655 9.16736 2.53004 0 0 0 0.352299 3.72537 0 0 0 0 0 0.00553626 2.384 303 49 0 0 0
./complex_md-fit_666.pdb BC A 8.7259 36.1934 -15.2294 -9.37724 -16.5955 -23.3432 -0.888058 40.9546 -22.8511 4.08975 9.11968 3.05149 0 0 0 0.610187 2.18897 0 0 0 0 0 0 2.384 303 46 0 0 0
./complex_md-fit_667.pdb BC A 6.88664 30.293 -17.6185 -7.50869 -20.5815 -24.3162 -1.02007 42.2584 -24.0783 4.11542 9.75307 3.28065 0 0 0 0.478715 2.35462 0 0 0 0 0 0 2.384 303 49 0 0 0
./complex_md-fit_668.pdb BC A 7.32733 32.7607 -13.5767 -7.46058 -16.3975 -23.2712 -0.885849 41.1485 -22.8901 4.2246 9.05883 2.6617 0 0 0 0.234873 2.30588 0 0 0 0 0 0 2.384 303 48 1 1 0
./complex_md-fit_669.pdb BC A 7.83386 35.5467 -12.2136 -7.83377 -17.2215 -24.7216 -0.896979 44.9986 -23.9545 5.091 8.85685 2.95954 0 0 0 0.514064 3.8977 -0.00543514 0 0 0 0 1.11022e-16 2.384 303 49 0 0 0
./complex_md-fit_66.pdb BC A 8.6975 38.2076 -12.2309 -7.18307 -13.9832 -24.3435 -0.803923 41.8702 -24.8411 5.62636 8.25756 2.91968 0 0 0 0.250038 2.7222 0 0 0 0 0 0 2.384 303 50 0 0 0
./complex_md-fit_670.pdb BC A 7.07041 27.5021 -8.46309 -8.19845 -15.874 -24.5628 -0.980195 43.4813 -23.894 7.67182 9.78416 3.76091 0 0 0 0.348098 2.10627 0 0 0 0 0 0 2.384 303 51 1 1 0
./complex_md-fit_671.pdb BC A 8.20506 33.8174 -14.3027 -8.86443 -16.1779 -24.1482 -0.922485 42.2607 -23.7482 4.20016 9.54965 3.06411 0 0 0 0.483922 2.89567 0 0 0 0 0 0 2.384 303 50 2 2 0
./complex_md-fit_672.pdb BC A 8.77812 31.4649 -13.9278 -9.09068 -16.1111 -24.066 -0.978111 42.0877 -23.646 5.04118 8.73692 3.65454 0 0 0 0.443715 2.59472 0 0 0 0 0 0 2.384 303 49 0 0 0
./complex_md-fit_673.pdb BC A 6.83468 32.1203 -12.6286 -8.92523 -15.9087 -24.1353 -0.797289 43.343 -23.8163 6.40811 7.51304 3.13084 0 0 0 0.594133 2.33238 -0.0348804 0 0 0 0 0 2.384 303 50 0 0 0
./complex_md-fit_674.pdb BC A 9.10796 35.0447 -10.6508 -8.86011 -18.0471 -23.3636 -0.663128 41.854 -23.0916 7.28771 9.5438 4.43459 0 0 0 0.25461 2.36666 1.38778e-17 0 0 0 0 0 2.384 303 51 1 1 0
./complex_md-fit_675.pdb BC A 8.76414 31.3076 -16.7063 -8.36863 -20.5222 -23.5949 -0.932275 41.9237 -23.1354 4.39736 11.8126 1.27911 0 0 0 0.43424 2.62222 0 0 0 0 0 0 2.384 303 52 0 0 0
./complex_md-fit_676.pdb BC A 7.01131 30.3089 -20.3836 -8.4092 -19.2757 -25.4574 -0.875636 44.1024 -25.2715 2.9088 8.80532 2.41866 0 0 0 0.670722 2.80098 0 0 0 0 0 0 2.384 303 52 0 0 0
./complex_md-fit_677.pdb BC A 7.25912 27.1604 -10.9153 -9.10564 -16.8807 -25.2422 -0.757204 45.8112 -24.4748 6.79725 8.88022 3.34254 0 0 0 0.739617 2.52903 -0.0256054 0 0 0 0 0 2.384 303 49 1 1 0
./complex_md-fit_678.pdb BC A 8.15046 41.2078 -14.8467 -8.47186 -17.1447 -23.2787 -0.929743 41.2222 -22.5023 4.9858 8.00022 2.7076 0 0 0 0.564828 2.25014 0 0 0 0 0 0 2.384 303 51 1 1 0
./complex_md-fit_679.pdb BC A 8.51314 32.1193 -13.3343 -7.916 -18.2243 -24.3593 -0.917263 43.4168 -23.9368 6.20395 9.09211 2.96915 0 0 0 0.361922 2.46436 -0.0245771 0 0 0 0 0 2.384 303 51 2 2 0
./complex_md-fit_67.pdb BC A 7.16418 35.4758 -14.7635 -8.01946 -14.2164 -24.6063 -0.811664 42.3256 -24.8502 3.96859 8.29337 2.61538 0 0 0 0.508214 2.58029 0.0294902 0 0 0 0 0 2.384 303 49 0 0 0
./complex_md-fit_680.pdb BC A 8.54517 32.0449 -8.90234 -8.70924 -12.9641 -23.67 -0.730953 41.8478 -23.5175 5.42442 9.35721 3.58796 0 0 0 0.472074 2.67765 1.11022e-16 0 0 0 0 0 2.384 303 49 2 2 0
./complex_md-fit_681.pdb BC A 6.91949 28.2164 -11.195 -8.41928 -14.7385 -24.0594 -0.927922 43.2563 -23.1179 5.96637 7.99632 2.13167 0 0 0 0.715668 2.43094 0 0 0 0 0 0.0015214 2.384 303 52 2 2 0
./complex_md-fit_682.pdb BC A 6.71424 25.6305 -3.88118 -7.01171 -11.3237 -24.151 -0.651575 42.4054 -23.8643 8.55991 8.72361 3.08295 0 0 0 0.349204 3.76876 0 0 0 0 0 0 2.384 303 50 2 2 0
./complex_md-fit_683.pdb BC A 6.60871 30.7423 -11.3926 -9.07014 -15.9547 -24.9559 -1.02485 44.3208 -24.5632 6.00918 10.8494 2.67365 0 0 0 0.323189 2.71325 0 0 0 0 0 0 2.384 303 51 1 1 0
./complex_md-fit_684.pdb BC A 8.05419 37.7903 -11.0682 -7.80613 -15.1449 -24.4602 -0.807784 44.3698 -23.8956 5.02606 8.42104 3.05715 0 0 0 0.207893 4.13391 -0.0376265 0 0 0 0 0.0020783 2.384 303 48 1 1 0
./complex_md-fit_685.pdb BC A 8.39874 35.5536 -11.5006 -8.12214 -16.5339 -23.1552 -1.0412 40.9956 -22.2345 6.19465 9.66642 2.47497 0 0 0 0.254656 2.69259 0 0 0 0 0 0 2.384 303 51 1 1 0
./complex_md-fit_686.pdb BC A 8.18608 27.4482 -15.4349 -8.48792 -20.4074 -23.6722 -0.953851 41.6943 -23.171 5.61772 10.0632 3.32794 0 0 0 0.559727 3.94807 -0.0113512 0 0 0 0 0.00593523 2.384 303 48 0 0 0
./complex_md-fit_687.pdb BC A 7.8827 38.7852 -9.21478 -8.67565 -15.4916 -24.6851 -0.991784 43.6087 -23.9959 6.24491 9.65483 4.32904 0 0 0 0.787729 2.75413 0 0 0 0 0 0 2.384 303 48 1 1 0
./complex_md-fit_688.pdb BC A 8.17754 37.0863 -2.17345 -7.30654 -12.2916 -23.6151 -1.02177 44.2552 -22.781 7.0939 9.03889 3.66581 0 0 0 0.788642 2.4099 5.55112e-17 0 0 0 0 0 2.384 303 51 2 2 0
./complex_md-fit_689.pdb BC A 7.43816 35.7465 -12.6532 -7.42895 -17.9745 -23.9497 -1.07563 42.593 -23.5965 5.86634 10.3086 2.43361 0 0 0 0.180918 3.55501 -0.0103748 0 0 0 0 0 2.384 303 47 1 1 0
./complex_md-fit_68.pdb BC A 5.19587 34.9975 -13.0478 -6.99625 -15.8397 -24.1189 -0.932599 42.202 -23.4215 3.81721 9.29737 2.58393 0 0 0 0.360666 2.83481 0 0 0 0 0 0 2.384 303 50 0 0 0
./complex_md-fit_690.pdb BC A 7.16905 32.5118 -14.4548 -6.45742 -19.1096 -24.9983 -0.916805 44.7158 -24.3359 2.69944 10.2188 3.25073 0 0 0 0.478458 4.44278 0 0 0 0 0 0 2.384 303 51 0 0 0
./complex_md-fit_691.pdb BC A 10.2139 36.1456 -15.2628 -6.84979 -18.5854 -24.4979 -1.02236 43.1034 -23.6429 4.05241 8.60752 3.00978 0 0 0 0.562385 2.54129 0 0 0 0 0 0 2.384 303 47 0 0 0
./complex_md-fit_692.pdb BC A 7.92415 34.8629 -13.6987 -8.67973 -15.3185 -24.5129 -0.868139 43.1988 -24.2843 4.12813 9.59147 2.43694 0 0 0 0.644135 2.7161 -0.0345892 0 0 0 0 0 2.384 303 50 1 1 0
./complex_md-fit_693.pdb BC A 7.37244 30.222 -12.8248 -7.00191 -15.3012 -24.6062 -0.785862 42.6894 -24.4027 5.11852 7.86319 2.84536 0 0 0 0.793905 2.15197 -0.0373259 0 0 0 0 0 2.384 303 50 1 1 0
./complex_md-fit_694.pdb BC A 7.08735 29.2989 -11.4167 -6.91241 -16.3805 -23.9709 -0.706865 42.8952 -23.8065 5.39567 9.49393 2.26781 0 0 0 0.299625 4.32707 0 0 0 0 0 0.00829741 2.384 303 50 1 1 0
./complex_md-fit_695.pdb BC A 8.17547 28.283 -17.7555 -8.70859 -19.4083 -24.7528 -0.932606 43.5534 -24.1665 4.27217 8.68497 3.29035 0 0 0 0.412358 2.7127 0 0 0 0 0 0 2.384 303 49 1 1 0
./complex_md-fit_696.pdb BC A 11.8634 39.9702 -13.4016 -8.48098 -16.6658 -24.1532 -0.865902 42.5429 -23.2599 4.16087 9.31629 3.21479 0 0 0 0.809725 2.60437 -0.0228901 0 0 0 0 0.00256444 2.384 303 51 0 0 0
./complex_md-fit_697.pdb BC A 7.85954 27.711 -14.7484 -6.33039 -16.7357 -24.1327 -0.833102 42.2215 -23.6881 2.76022 9.16744 2.4246 0 0 0 0.419118 2.69337 -0.0211917 0 0 0 0 0 2.384 303 49 0 0 0
./complex_md-fit_698.pdb BC A 5.08757 34.62 -5.3896 -7.22613 -11.7393 -24.2083 -0.896904 43.5594 -23.6491 5.39883 9.47827 3.39955 0 0 0 0.507691 2.18709 -0.0135396 0 0 0 0 0 2.384 303 47 0 0 0
./complex_md-fit_699.pdb BC A 6.4853 31.3928 -12.2594 -8.8369 -15.2458 -24.6984 -1.06254 43.4005 -24.2845 6.63741 9.04252 2.38567 0 0 0 0.402623 2.41001 0 0 0 0 0 0 2.384 303 52 2 2 0
./complex_md-fit_69.pdb BC A 6.45769 28.8064 -11.1304 -6.84241 -11.0054 -24.1292 -0.428161 42.1332 -24.4508 4.07814 5.64887 3.00943 0 0 0 0.825562 2.50473 0.0302571 0 0 0 0 0 2.384 303 56 0 0 0
./complex_md-fit_6.pdb BC A 9.74657 32.5607 -12.2956 -6.49556 -10.775 -21.9759 -0.659659 38.401 -21.8864 2.39029 4.90172 3.30469 0 0 0 0.46898 2.15898 0.0303113 0 0 0 0 0 2.384 303 56 0 0 0
./complex_md-fit_700.pdb BC A 8.10776 36.32 -9.66622 -7.4947 -16.6835 -24.9544 -1.03475 45.01 -24.5896 7.67824 8.96264 3.13998 0 0 0 0.29984 2.21552 0 0 0 0 0 0 2.384 303 51 2 2 0
./complex_md-fit_701.pdb BC A 6.48504 34.6658 -16.9568 -8.67873 -17.9638 -25.3835 -1.09306 44.2912 -24.9844 5.3291 8.87577 2.27337 0 0 0 0.386891 2.44687 -0.00968595 0 0 0 0 0 2.384 303 50 0 0 0
./complex_md-fit_702.pdb BC A 8.46976 31.6829 -9.31149 -6.67008 -15.4095 -24.1955 -0.887666 42.7897 -23.4583 5.57934 9.68175 2.71975 0 0 0 0.538974 2.67986 0 0 0 0 0 0 2.384 303 51 1 1 0
./complex_md-fit_703.pdb BC A 7.35067 34.7026 -12.6369 -7.3514 -14.3903 -24.5706 -0.839392 43.0014 -24.0689 4.02018 8.96358 2.19586 0 0 0 0.402741 2.8484 0 0 0 0 0 0 2.384 303 50 0 0 0
./complex_md-fit_704.pdb BC A 6.84397 32.2656 -10.8955 -6.42308 -15.7752 -24.4078 -0.890016 43.7129 -23.7873 5.61026 7.45511 3.17264 0 0 0 0.458313 2.95898 -0.0214346 0 0 0 0 0 2.384 303 49 0 0 0
./complex_md-fit_705.pdb BC A 8.60278 32.434 -8.87535 -7.25647 -16.5092 -24.2414 -0.831964 43.3576 -23.4786 6.99733 9.35875 3.05212 0 0 0 0.676358 2.28598 0 0 0 0 0 0 2.384 303 50 3 3 0
./complex_md-fit_706.pdb BC A 5.69338 35.3415 -9.92514 -5.73685 -16.5143 -23.8934 -0.775921 42.2928 -23.4307 6.22915 9.30762 2.21893 0 0 0 0.377487 2.30761 0 0 0 0 0 0 2.384 303 47 1 1 0
./complex_md-fit_707.pdb BC A 8.53254 35.6037 -11.4869 -8.40527 -13.8806 -24.5618 -1.03503 43.0355 -23.6329 6.39548 7.66057 2.71011 0 0 0 0.236555 2.74989 -0.00953671 0 0 0 0 0 2.384 303 52 1 1 0
./complex_md-fit_708.pdb BC A 6.86009 40.1076 -13.8971 -8.93502 -18.1635 -24.9545 -0.711976 43.5146 -24.4726 7.34675 9.78391 2.42052 0 0 0 0.266402 2.78328 0 0 0 0 0 0.00832947 2.384 303 49 1 1 0
./complex_md-fit_709.pdb BC A 6.78226 33.7743 -10.5503 -6.90558 -16.1664 -24.6608 -0.896474 43.6675 -23.961 5.81452 8.78375 3.53573 0 0 0 0.26425 2.33173 -0.0372802 0 0 0 0 0.011591 2.384 303 51 1 1 0
./complex_md-fit_70.pdb BC A 6.2412 33.4815 -15.144 -6.25991 -12.5843 -23.7987 -0.627967 40.0398 -24.0862 1.92761 7.94917 1.66476 0 0 0 0.648389 2.14838 -0.0165004 0 0 0 0 0 2.384 303 54 0 0 0
./complex_md-fit_710.pdb BC A 8.83221 42.2418 -4.58739 -6.80674 -13.5923 -25.8108 -0.945809 46.8029 -25.3196 9.25647 9.69894 1.80696 0 0 0 0.322505 4.53588 0 0 0 0 0 0 2.384 303 51 3 3 0
./complex_md-fit_711.pdb BC A 6.56807 35.8609 -10.523 -7.35244 -15.2918 -24.1562 -1.14765 43.4743 -23.0033 4.3045 9.54585 2.70677 0 0 0 0.385342 3.96974 1.11022e-16 0 0 0 0 0.0116021 2.384 303 53 0 0 0
./complex_md-fit_712.pdb BC A 6.50905 37.7788 -14.6986 -6.57665 -16.884 -24.7209 -0.868764 41.5869 -24.5551 5.25361 8.3403 3.1329 0 0 0 0.667763 3.58492 -0.0776989 0 0 0 0 0.00295859 2.384 303 50 0 0 0
./complex_md-fit_713.pdb BC A 6.89776 35.106 -11.253 -9.34827 -14.8591 -25.728 -0.787431 45.0366 -25.2928 8.51679 7.88132 2.32296 0 0 0 1.02696 2.51263 -0.0231713 0 0 0 0 0.0012029 2.384 303 53 3 3 0
./complex_md-fit_714.pdb BC A 8.28886 35.8402 -9.37123 -6.26925 -14.7518 -26.2015 -0.459652 45.6181 -25.4474 6.75428 8.48655 2.25407 0 0 0 0.658632 2.48035 -0.0132061 0 0 0 0 0 2.384 303 55 0 0 0
./complex_md-fit_715.pdb BC A 7.28671 34.143 -7.18524 -7.54639 -13.1504 -25.4012 -0.848527 44.3134 -24.6937 8.97934 9.08867 1.83964 0 0 0 0.266829 2.48377 -0.0328686 0 0 0 0 0 2.384 303 51 1 1 0
./complex_md-fit_716.pdb BC A 6.5289 33.2048 -7.36594 -5.72471 -13.6382 -24.5565 -0.771429 43.6049 -23.552 6.70724 7.24728 3.1256 0 0 0 0.180149 3.0041 -1.11022e-16 0 0 0 0 0.0117665 2.384 303 50 1 1 0
./complex_md-fit_717.pdb BC A 8.66103 35.6572 -12.7187 -5.94849 -13.2508 -25.1028 -0.732664 43.4414 -24.7752 4.79576 6.37396 2.15621 0 0 0 0.33037 2.96694 -0.019379 0 0 0 0 0.0130651 2.384 303 50 0 0 0
./complex_md-fit_718.pdb BC A 8.48302 34.0508 -11.9461 -8.86476 -15.0643 -25.096 -0.885532 43.2957 -24.6032 7.23097 8.40815 2.99378 0 0 0 0.660751 2.76098 -0.0237153 0 0 0 0 0.00201545 2.384 303 54 0 0 0
./complex_md-fit_719.pdb BC A 6.44276 27.9614 -11.5556 -7.34971 -15.9519 -25.2398 -0.612379 43.1124 -24.4261 7.00035 9.48141 2.25398 0 0 0 0.19593 3.80372 -0.0197904 0 0 0 0 0 2.384 303 48 1 1 0
./complex_md-fit_71.pdb BC A 6.18057 24.6397 -15.8499 -8.00546 -14.4483 -24.4119 -0.822477 41.2102 -24.4261 4.45013 7.66703 2.49934 0 0 0 0.437614 2.95698 0 0 0 0 0 0 2.384 303 54 0 0 0
./complex_md-fit_720.pdb BC A 7.11892 33.8045 -4.16002 -4.41747 -11.7543 -26.3212 -0.506356 45.1576 -25.832 9.5135 6.65303 2.54353 0 0 0 0.831022 2.46611 -0.0359193 0 0 0 0 0.00847573 2.384 303 49 2 2 0
./complex_md-fit_721.pdb BC A 6.86596 35.9009 -10.2606 -7.07914 -9.62634 -25.0701 -0.846364 42.5549 -25.1524 6.2258 7.15568 1.37904 0 0 0 0.245436 2.43321 -0.0471115 0 0 0 0 0 2.384 303 50 0 0 0
./complex_md-fit_722.pdb BC A 7.30727 29.6839 -8.15913 -6.16651 -12.383 -25.1552 -0.635518 43.0023 -24.5274 6.24827 8.0913 2.9573 0 0 0 0.41515 2.70827 -0.0109357 0 0 0 0 0.00507606 2.384 303 49 0 0 0
./complex_md-fit_723.pdb BC A 7.75461 36.8586 -14.8755 -9.21874 -12.3786 -25.0861 -0.896758 42.9256 -24.4924 4.48612 7.8848 1.5455 0 0 0 0.375762 2.70613 -0.0481845 0 0 0 0 0.0275128 2.384 303 56 0 0 0
./complex_md-fit_724.pdb BC A 8.17519 31.9692 -9.93909 -7.76894 -13.6903 -24.4635 -0.691592 43.3899 -23.9324 6.33079 7.88268 2.54144 0 0 0 0.462899 2.86879 0 0 0 0 0 0 2.384 303 56 2 2 0
./complex_md-fit_725.pdb BC A 7.89272 32.1763 -11.7233 -6.21525 -14.3163 -24.3941 -0.534824 42.2814 -23.7051 5.38635 6.96268 2.70298 0 0 0 0.10893 2.59888 0 0 0 0 0 0 2.384 303 49 1 1 0
./complex_md-fit_726.pdb BC A 7.32248 40.9434 -12.4583 -7.98725 -13.8542 -25.0894 -0.815067 42.3394 -25.0233 6.27379 8.32056 2.69456 0 0 0 0.707273 3.77962 -0.0245096 0 0 0 0 0 2.384 303 51 0 0 0
./complex_md-fit_727.pdb BC A 9.19448 39.4287 -11.097 -6.67997 -14.9777 -25.4493 -0.654489 44.1178 -25.1745 6.33903 8.16847 2.71079 0 0 0 0.537848 2.42272 -0.0350133 0 0 0 0 0 2.384 303 52 1 1 0
./complex_md-fit_728.pdb BC A 8.22739 29.2538 -13.4184 -6.78221 -11.7953 -24.7869 -0.729684 41.7023 -24.4913 5.16577 6.49069 1.56481 0 0 0 0.23069 1.93819 -0.0153759 0 0 0 0 0.0281098 2.384 303 53 0 0 0
./complex_md-fit_729.pdb BC A 9.66217 38.6834 -9.63032 -7.39615 -14.8128 -25.8244 -0.821498 44.8958 -25.1621 8.08255 9.49267 1.38452 0 0 0 0.540525 3.51125 -0.00944894 0 0 0 0 0 2.384 303 51 2 2 0
./complex_md-fit_72.pdb BC A 8.35194 38.9293 -18.4377 -7.04566 -16.282 -24.8931 -0.827238 43.5752 -24.7594 1.31056 7.88525 2.27099 0 0 0 0.327699 3.71522 5.55112e-17 0 0 0 0 0 2.384 303 54 0 0 0
./complex_md-fit_730.pdb BC A 6.46598 38.9655 -12.3863 -6.00856 -15.4526 -25.5373 -0.861754 43.9122 -25.1108 5.5485 8.81334 2.02466 0 0 0 0.312476 2.37372 -0.0460762 0 0 0 0 0.0196689 2.384 303 52 2 2 0
./complex_md-fit_731.pdb BC A 7.10129 33.9435 -8.92795 -6.67315 -12.9013 -26.8889 -0.770487 46.2495 -26.5655 8.83253 8.51952 0.975065 0 0 0 0.316885 2.59621 -0.0220686 0 0 0 0 0 2.384 303 53 3 3 0
./complex_md-fit_732.pdb BC A 5.27323 38.8112 -16.3795 -7.3204 -14.7968 -25.0277 -0.824378 41.5616 -24.9448 4.93087 7.53985 1.94973 0 0 0 0.596829 2.12698 -0.0443615 0 0 0 0 0 2.384 303 50 0 0 0
./complex_md-fit_733.pdb BC A 6.95653 34.3168 -9.71631 -8.29094 -13.4968 -25.234 -0.96111 44.4792 -24.1489 7.5618 8.00741 1.91099 0 0 0 0.486309 1.85335 -0.0302409 0 0 0 0 0 2.384 303 52 2 2 0
./complex_md-fit_734.pdb BC A 7.55123 26.8027 -14.0163 -8.48687 -12.4868 -25.8564 -0.730079 43.0984 -25.2301 3.48602 9.52354 2.27155 0 0 0 0.419726 2.18309 -0.0251485 0 0 0 0 0 2.384 303 54 0 0 0
./complex_md-fit_735.pdb BC A 7.76374 35.7368 -9.78867 -6.23629 -11.2159 -25.887 -0.857483 44.206 -25.4212 6.27222 7.88766 1.08543 0 0 0 0.424203 3.75772 -0.0462454 0 0 0 0 0 2.384 303 53 1 1 0
./complex_md-fit_736.pdb BC A 8.42266 35.5194 -7.58089 -6.48631 -10.4999 -25.0552 -0.470516 42.208 -24.7215 7.71201 7.64779 1.60651 0 0 0 0.478268 2.46828 0 0 0 0 0 0 2.384 303 53 1 1 0
./complex_md-fit_737.pdb BC A 7.00384 36.1605 -13.4912 -8.65633 -13.209 -24.6171 -0.7299 40.4125 -23.9622 5.61175 8.45346 2.9429 0 0 0 0.297685 2.22159 -0.035088 0 0 0 0 0 2.384 303 51 0 0 0
./complex_md-fit_738.pdb BC A 6.98469 35.8162 -10.7405 -8.06676 -13.5733 -25.2295 -0.722778 43.1352 -24.9302 8.01265 7.72697 2.43974 0 0 0 0.467464 2.61471 1.11022e-16 0 0 0 0 0 2.384 303 52 0 0 0
./complex_md-fit_739.pdb BC A 13.2675 28.7399 -8.66452 -7.14862 -11.215 -24.4849 -0.743992 41.8597 -24.2213 7.3424 7.9223 1.90222 0 0 0 0.146073 2.22669 -0.0234406 0 0 0 0 0 2.384 303 48 1 1 0
./complex_md-fit_73.pdb BC A 7.50006 28.4001 -13.7573 -7.72589 -13.5098 -23.8149 -0.72611 41.2601 -23.8584 3.54972 8.80062 1.8846 0 0 0 0.406439 1.5408 -0.0236116 0 0 0 0 0 2.384 303 53 0 0 0
./complex_md-fit_740.pdb BC A 9.75637 34.105 -12.2322 -7.45125 -14.266 -26.5325 -0.84218 45.258 -26.3822 6.35232 8.46358 2.52132 0 0 0 0.684918 2.47443 -0.0381065 0 0 0 0 0 2.384 303 53 1 1 0
./complex_md-fit_741.pdb BC A 6.4969 26.6457 -15.5139 -6.66767 -13.7004 -24.4658 -0.783514 40.2134 -24.1571 4.75574 7.32785 1.60142 0 0 0 0.3811 3.70092 -0.0187969 0 0 0 0 0 2.384 303 52 0 0 0
./complex_md-fit_742.pdb BC A 9.46882 34.8081 -13.5156 -8.8756 -16.7172 -25.0399 -0.838175 43.4319 -24.622 7.45108 10.0473 1.07284 0 0 0 0.635961 2.24239 -0.0618906 0 0 0 0 0 2.384 303 52 2 2 0
./complex_md-fit_743.pdb BC A 8.52318 37.4305 -17.7373 -8.96703 -18.2425 -25.7202 -0.649886 43.5189 -25.2855 5.02698 10.7031 1.72612 0 0 0 0.174784 2.56202 -0.0220955 0 0 0 0 1.11022e-16 2.384 303 50 0 0 0
./complex_md-fit_744.pdb BC A 8.58468 34.571 -10.7256 -8.03641 -12.9794 -25.4919 -0.724433 44.4469 -25.173 4.8275 8.97014 2.94162 0 0 0 0.481121 2.79986 -0.0123604 0 0 0 0 0.0246476 2.384 303 46 2 2 0
./complex_md-fit_745.pdb BC A 10.1215 36.0452 -9.28155 -9.4617 -13.0193 -25.4701 -0.774383 43.3017 -24.8182 8.12343 9.18699 3.18879 0 0 0 0.49307 2.3934 -0.0319397 0 0 0 0 0 2.384 303 49 4 4 0
./complex_md-fit_746.pdb BC A 7.79392 32.8627 -15.8032 -9.9966 -17.011 -26.2261 -0.889981 44.3971 -25.9695 5.14736 10.9244 3.11917 0 0 0 0.7141 2.59638 -0.0121849 0 0 0 0 0 2.384 303 51 0 0 0
./complex_md-fit_747.pdb BC A 8.38776 24.3773 -8.38177 -8.75845 -14.9891 -26.7257 -0.862861 48.2902 -25.7202 6.40802 11.7924 2.0928 0 0 0 0.107259 3.85786 -0.0375737 0 0 0 0 0.0214906 2.384 303 51 1 1 0
./complex_md-fit_748.pdb BC A 7.18891 41.8749 -11.6865 -9.50331 -14.1462 -26.6609 -0.926212 45.9734 -25.7918 4.69075 10.8585 2.6721 0 0 0 1.14717 4.1536 0 0 0 0 0 0 2.384 303 48 1 1 0
./complex_md-fit_749.pdb BC A 8.02491 25.8648 -3.69616 -8.0456 -13.3189 -26.9079 -0.661359 48.875 -26.1832 8.51854 10.5452 2.89968 0 0 0 0.596016 3.98465 -0.0216915 0 0 0 0 0.00797113 2.384 303 52 3 3 0
./complex_md-fit_74.pdb BC A 7.56111 30.7143 -13.8791 -7.70438 -12.7482 -22.0294 -0.68695 37.7509 -22.2388 2.67706 8.33364 2.15405 0 0 0 0.612996 1.85219 0 0 0 0 0 0 2.384 303 47 0 0 0
./complex_md-fit_750.pdb BC A 9.6081 37.1377 -13.45 -9.44434 -12.6906 -25.2027 -0.580715 43.056 -24.7101 3.82867 9.46201 2.18907 0 0 0 0.645718 2.86486 -0.0222165 0 0 0 0 0.0193085 2.384 303 47 0 0 0
./complex_md-fit_751.pdb BC A 9.35798 28.0955 -3.25377 -6.65226 -12.1149 -25.9107 -0.448914 48.0055 -25.7339 8.50144 8.43255 2.38833 0 0 0 0.282687 2.53111 -0.0207785 0 0 0 0 0.0171822 2.384 303 53 2 2 0
./complex_md-fit_752.pdb BC A 7.29095 31.4655 -6.70291 -9.18335 -11.198 -25.5895 -0.541591 46.1906 -24.8057 5.16257 8.90795 3.67059 0 0 0 0.719872 3.09094 -0.0362263 0 0 0 0 0 2.384 303 52 0 0 0
./complex_md-fit_753.pdb BC A 7.07605 37.2121 -10.7079 -8.36261 -14.1156 -25.9895 -0.788669 45.532 -25.4566 6.23651 8.8459 2.82218 0 0 0 0.577258 2.70426 -0.0326544 0 0 0 0 0.0237988 2.384 303 53 2 2 0
./complex_md-fit_754.pdb BC A 6.79503 31.7036 -16.1538 -8.08445 -14.9603 -24.9875 -0.770092 42.3753 -24.6796 2.07883 9.31689 3.2435 0 0 0 0.313511 3.86703 0 0 0 0 0 0 2.384 303 48 0 0 0
./complex_md-fit_755.pdb BC A 9.1744 31.8209 -7.87965 -9.4068 -11.4379 -24.8697 -0.657182 44.7737 -24.282 5.14215 9.2459 2.98169 0 0 0 0.67025 2.25769 -0.0397081 0 0 0 0 0 2.384 303 50 2 2 0
./complex_md-fit_756.pdb BC A 14.4185 34.864 -12.4228 -9.82811 -15.1145 -25.9998 -0.866927 45.2236 -25.5601 7.73038 9.24999 2.28177 0 0 0 0.460765 3.23273 0 0 0 0 0 0 2.384 303 52 1 1 0
./complex_md-fit_757.pdb BC A 7.18026 36.574 -10.0584 -7.9876 -14.2298 -25.4737 -0.684619 44.4836 -24.7773 4.81181 9.32413 3.47592 0 0 0 0.980074 3.92773 0 0 0 0 0 0.0191734 2.384 303 51 0 0 0
./complex_md-fit_758.pdb BC A 8.07225 33.0683 -13.2227 -10.7207 -13.5187 -25.3872 -0.674945 44.5439 -24.8498 5.82821 8.57904 2.28737 0 0 0 0.672927 3.89762 0 0 0 0 0 0.017208 2.384 303 50 2 2 0
./complex_md-fit_759.pdb BC A 6.48438 38.8454 -12.2628 -10.4036 -17.7889 -26.5263 -0.729815 48.359 -25.547 5.70699 11.6953 2.26428 0 0 0 0.681276 3.87742 0 0 0 0 0 0.0258873 2.384 303 53 0 0 0
./complex_md-fit_75.pdb BC A 7.52671 41.9905 -12.9356 -6.91186 -10.0134 -22.9565 -0.742519 40.1977 -22.4642 1.12874 7.22654 1.41842 0 0 0 0.181523 2.03093 0 0 0 0 0 0 2.384 303 51 0 0 0
./complex_md-fit_760.pdb BC A 7.14087 38.8341 -5.04625 -9.30143 -12.8756 -25.9177 -0.757106 45.9218 -25.1233 9.39009 9.72505 2.97533 0 0 0 0.969647 2.8804 -0.0530076 0 0 0 0 0 2.384 303 50 3 3 0
./complex_md-fit_761.pdb BC A 6.42489 37.5378 -8.04377 -10.313 -13.8746 -26.0132 -0.838241 46.5353 -25.1485 6.62042 10.1541 3.80921 0 0 0 1.08379 2.54726 -0.0591073 0 0 0 0 0 2.384 303 51 2 2 0
./complex_md-fit_762.pdb BC A 6.52014 32.1927 -12.6111 -8.82777 -14.2323 -25.8367 -0.499768 45.6432 -25.2273 4.76309 8.998 2.33183 0 0 0 0.292604 2.42057 -0.0160852 0 0 0 0 0 2.384 303 52 0 0 0
./complex_md-fit_763.pdb BC A 7.87445 36.697 -4.30376 -6.39115 -13.4366 -26.7089 -1.06833 49.5299 -25.3065 5.99958 10.4418 1.58922 0 0 0 1.01436 3.84501 0 0 0 0 0 0.0326982 2.384 303 50 2 2 0
./complex_md-fit_764.pdb BC A 7.50093 31.8053 -9.61654 -8.9615 -12.533 -24.732 -0.781148 45.2965 -23.8178 4.60821 9.17294 1.83108 0 0 0 0.319987 3.90184 -0.0197983 0 0 0 0 0 2.384 303 51 2 2 0
./complex_md-fit_765.pdb BC A 5.6681 36.8562 -6.55426 -8.31407 -9.47227 -26.9104 -0.740885 47.8681 -26.1134 5.87498 8.29867 2.57381 0 0 0 0.419452 2.55638 -0.0381809 0 0 0 0 0 2.384 303 50 1 1 0
./complex_md-fit_766.pdb BC A 7.91509 32.7123 -4.62194 -8.2144 -8.06566 -25.6151 -0.747456 45.0453 -24.9874 6.76898 8.75661 2.15209 0 0 0 0.321448 2.43795 -0.0363707 0 0 0 0 0 2.384 303 49 2 2 0
./complex_md-fit_767.pdb BC A 7.84677 37.7428 -11.4751 -8.6709 -12.4382 -25.0378 -0.589241 44.3785 -24.411 3.9622 8.22737 2.83604 0 0 0 0.320442 2.7521 -0.0524771 0 0 0 0 0 2.384 303 50 0 0 0
./complex_md-fit_768.pdb BC A 7.7216 40.0341 -7.13171 -8.97802 -12.0224 -26.4874 -0.804627 49.0109 -25.6545 5.39913 9.36168 2.58105 0 0 0 0.457612 4.05728 0 0 0 0 0 0.00486623 2.384 303 53 2 2 0
./complex_md-fit_769.pdb BC A 7.08902 41.9963 0.0762807 -6.5684 -10.7124 -26.9866 -0.628686 48.683 -26.3534 10.5755 9.17169 2.37029 0 0 0 0.525208 4.06421 -5.55112e-17 0 0 0 0 0 2.384 303 53 3 3 0
./complex_md-fit_76.pdb BC A 6.58118 28.5402 -13.8771 -6.50682 -10.1336 -23.2267 -0.623226 40.362 -23.3686 2.36441 5.47945 1.24505 0 0 0 0.530858 1.99725 0 0 0 0 0 0 2.384 303 52 0 0 0
./complex_md-fit_770.pdb BC A 8.43442 40.0531 -11.1414 -9.51532 -15.1189 -26.6885 -0.771352 48.1608 -26.0105 6.75598 9.31458 2.28142 0 0 0 0.485378 2.71961 -0.0349625 0 0 0 0 0 2.384 303 52 1 1 0
./complex_md-fit_771.pdb BC A 6.75087 36.1774 0.512052 -8.59113 -9.41326 -25.807 -0.645687 47.2342 -25.0285 8.80389 9.45417 4.12544 0 0 0 0.417603 2.86951 -0.0376225 0 0 0 0 0 2.384 303 51 3 3 0
./complex_md-fit_772.pdb BC A 8.3072 41.1479 -5.35915 -9.49493 -13.7198 -25.9384 -0.779669 46.9903 -24.9527 9.12993 9.78555 3.32513 0 0 0 0.330344 2.33514 -0.0367851 0 0 0 0 0.00184856 2.384 303 53 3 3 0
./complex_md-fit_773.pdb BC A 8.51412 33.9198 -10.2093 -9.87741 -16.1264 -27.5847 -0.782505 49.179 -26.995 7.01993 11.506 2.84808 0 0 0 0.590329 2.99004 -0.0279413 0 0 0 0 0.0412622 2.384 303 53 2 2 0
./complex_md-fit_774.pdb BC A 7.03918 35.0408 -11.6845 -10.8143 -15.2285 -26.7311 -0.955905 48.6257 -25.2393 4.4245 10.0084 3.74198 0 0 0 0.452771 2.64533 0 0 0 0 0 0.0313214 2.384 303 50 0 0 0
./complex_md-fit_775.pdb BC A 9.45778 37.1934 -14.8364 -11.1864 -16.8266 -26.7593 -0.96764 48.3164 -25.8231 3.72035 11.3615 2.85782 0 0 0 0.443113 2.7038 0 0 0 0 0 0.027346 2.384 303 53 0 0 0
./complex_md-fit_776.pdb BC A 7.50208 35.421 -10.9873 -9.13333 -13.6661 -25.1332 -0.81297 43.9315 -24.5669 6.44523 9.41902 2.2405 0 0 0 0.289075 3.78852 -0.0189384 0 0 0 0 0.0188218 2.384 303 54 2 2 0
./complex_md-fit_777.pdb BC A 9.32615 37.8898 -5.74903 -7.5527 -14.9417 -27.3707 -0.765219 49.4328 -26.3702 7.92857 10.3217 2.79398 0 0 0 0.802495 4.34679 -0.0281234 0 0 0 0 0 2.384 303 51 2 2 0
./complex_md-fit_778.pdb BC A 5.77464 38.7737 -5.7293 -5.92343 -12.9879 -26.3346 -0.87615 47.7174 -25.5649 4.83168 9.98613 3.05914 0 0 0 0.402168 5.24863 -0.0387977 0 0 0 0 0 2.384 303 54 0 0 0
./complex_md-fit_779.pdb BC A 6.973 34.122 -2.89365 -8.17443 -13.7202 -26.8364 -0.890371 51.4699 -25.2864 5.75745 11.3852 2.94859 0 0 0 0.48766 5.33941 -0.0346258 0 0 0 0 0 2.384 303 51 2 2 0
./complex_md-fit_77.pdb BC A 7.4823 33.8618 -15.0481 -8.54756 -10.9433 -22.9507 -0.83757 38.8255 -23.396 4.43948 6.34401 1.72182 0 0 0 0.296195 2.00165 0 0 0 0 0 0 2.384 303 51 1 1 0
./complex_md-fit_780.pdb BC A 8.28776 35.6159 -4.27873 -8.14629 -14.0578 -26.1037 -0.904052 47.1159 -25.4236 8.80688 10.5968 3.48226 0 0 0 0.354912 2.32393 0 0 0 0 0 0 2.384 303 53 1 1 0
./complex_md-fit_781.pdb BC A 7.17524 31.4745 -1.63973 -7.94192 -12.4229 -27.6381 -0.773093 49.9834 -26.559 9.59644 10.2251 3.58017 0 0 0 0.29953 3.92426 -0.0162862 0 0 0 0 0.0269509 2.384 303 54 3 3 0
./complex_md-fit_782.pdb BC A 6.17985 30.4331 -9.08569 -9.49498 -17.6832 -26.5194 -0.814328 47.7932 -26.2091 9.10763 11.5918 2.38391 0 0 0 0.758759 4.17627 0 0 0 0 0 0 2.384 303 53 2 2 0
./complex_md-fit_783.pdb BC A 8.89981 37.7267 -5.67837 -9.13232 -15.6104 -26.8899 -0.966404 49.5041 -25.9434 9.13718 10.2305 3.50043 0 0 0 0.471616 3.23743 0 0 0 0 0 0.0202447 2.384 303 51 3 3 0
./complex_md-fit_784.pdb BC A 6.93632 35.2991 -10.0587 -8.59017 -15.1698 -26.4335 -0.912641 48.7341 -25.7193 4.56182 10.5656 2.48987 0 0 0 0.454986 2.6113 -0.0397656 0 0 0 0 0 2.384 303 55 0 0 0
./complex_md-fit_785.pdb BC A 10.2854 41.4419 -2.56632 -8.83898 -11.7637 -26.5139 -0.799137 49.6263 -25.7819 8.65049 9.86676 2.40969 0 0 0 0.556881 3.90221 0.000133203 0 0 0 0 0.021007 2.384 303 51 2 2 0
./complex_md-fit_786.pdb BC A 7.51993 39.4531 -10.0975 -10.2961 -15.718 -27.011 -0.807234 47.6994 -26.0997 7.29298 11.2054 2.83145 0 0 0 0.819308 2.96822 -0.0140522 0 0 0 0 0 2.384 303 54 1 1 0
./complex_md-fit_787.pdb BC A 7.46323 37.2626 -7.97931 -9.05292 -14.1551 -27.0569 -0.864336 47.9127 -25.7995 9.14243 9.18599 2.33854 0 0 0 0.40438 3.45686 -0.034664 0 0 0 0 0 2.384 303 52 3 3 0
./complex_md-fit_788.pdb BC A 8.43318 35.0841 -4.76875 -8.06256 -14.2268 -27.5907 -0.673489 48.8869 -26.5917 8.90426 10.2239 2.8449 0 0 0 1.55429 4.44006 -0.0378052 0 0 0 0 0 2.384 303 51 4 4 0
./complex_md-fit_789.pdb BC A 8.04884 34.8001 -10.6262 -10.3314 -16.117 -27.5837 -0.61822 50.0451 -26.6929 5.41559 11.3865 3.16424 0 0 0 0.716842 2.87272 -0.0112235 0 0 0 0 0 2.384 303 52 1 1 0
./complex_md-fit_78.pdb BC A 7.81708 31.3707 -9.63439 -5.58876 -9.61478 -21.6569 -0.561738 38.3588 -21.7811 2.99957 5.58501 2.12523 0 0 0 0.479248 2.74192 0.0209513 0 0 0 0 0 2.384 303 45 0 0 0
./complex_md-fit_790.pdb BC A 6.66912 37.1307 -7.05158 -7.08851 -10.9265 -26.633 -0.786205 47.3323 -26.1489 4.19536 9.06259 3.2256 0 0 0 0.715668 4.2474 0 0 0 0 0 0 2.384 303 51 1 1 0
./complex_md-fit_791.pdb BC A 7.70685 33.8766 1.36577 -6.87039 -9.7578 -25.8701 -0.726132 48.9386 -24.8363 9.21323 8.27352 2.32995 0 0 0 0.72885 4.19416 -0.0577287 0 0 0 0 0 2.384 303 51 3 3 0
./complex_md-fit_792.pdb BC A 8.37413 34.2591 -1.31311 -7.82682 -12.8346 -27.0633 -0.622378 51.959 -25.5125 6.34099 11.1076 2.78044 0 0 0 0.424357 3.59793 -0.0659904 0 0 0 0 1.11022e-16 2.384 303 51 0 0 0
./complex_md-fit_793.pdb BC A 7.02014 40.4255 -5.97508 -8.43008 -12.7969 -26.8775 -0.872154 46.7179 -25.9947 8.50242 10.169 2.76227 0 0 0 0.908389 2.63835 -0.0638083 0 0 0 0 0 2.384 303 53 1 1 0
./complex_md-fit_794.pdb BC A 9.16832 28.0922 -8.22074 -9.10339 -12.7444 -26.3619 -0.571441 47.6768 -25.3694 5.29232 9.65195 2.91565 0 0 0 0.392956 2.55732 0 0 0 0 0 0 2.384 303 50 2 2 0
./complex_md-fit_795.pdb BC A 10.9592 37.3457 -2.2261 -8.74763 -10.4254 -27.1219 -0.709104 48.6718 -26.1677 10.2204 9.34125 2.1191 0 0 0 0.578152 2.47137 -0.0126181 0 0 0 0 0.02758 2.384 303 51 3 3 0
./complex_md-fit_796.pdb BC A 8.42574 41.0202 -14.2937 -9.7832 -12.8469 -27.3793 -0.853993 46.3856 -26.4191 3.94433 9.21156 2.70249 0 0 0 0.744778 2.4739 0 0 0 0 0 0 2.384 303 51 1 1 0
./complex_md-fit_797.pdb BC A 7.24469 33.764 -10.9948 -7.96781 -14.913 -26.6741 -0.807278 46.4673 -25.986 4.59372 10.4224 3.14204 0 0 0 0.712486 2.5957 0 0 0 0 0 0.0154356 2.384 303 50 0 0 0
./complex_md-fit_798.pdb BC A 9.65258 42.7695 -9.41975 -9.03981 -11.1622 -25.4251 -0.652066 44.4147 -24.4181 5.69614 8.21172 2.32702 0 0 0 0.628503 2.80307 -0.0330965 0 0 0 0 0.0325131 2.384 303 53 1 1 0
./complex_md-fit_799.pdb BC A 7.47805 35.7923 -0.495755 -6.96932 -11.0986 -25.7649 -0.811481 46.9235 -25.0655 9.18878 9.26144 2.92495 0 0 0 0.897229 4.89248 -0.010383 0 0 0 0 0.0284428 2.384 303 51 2 2 0
./complex_md-fit_79.pdb BC A 6.75734 28.8725 -11 -6.98397 -11.616 -22.0027 -0.73026 38.6708 -21.6042 4.26889 5.45567 2.66681 0 0 0 0.847027 2.20495 0.0278381 0 0 0 0 0 2.384 303 50 1 1 0
./complex_md-fit_7.pdb BC A 8.53594 32.8115 -11.3539 -6.79161 -16.4252 -23.9176 -0.935602 43.015 -23.5709 5.56249 7.79022 3.57991 0 0 0 0.3394 2.37171 0 0 0 0 0 0 2.384 303 50 1 1 0
./complex_md-fit_800.pdb BC A 9.99436 35.7626 -13.1135 -10.3461 -14.6636 -26.2543 -0.964155 45.7446 -25.5703 4.44856 10.0462 4.2019 0 0 0 0.217907 2.48615 0 0 0 0 0 0.025816 2.384 303 53 0 0 0
./complex_md-fit_801.pdb BC A 9.33117 33.7101 -9.58636 -7.62118 -11.8819 -26.0888 -0.85415 45.384 -25.3329 3.00587 9.44478 3.72856 0 0 0 0.630602 2.32368 -0.0122584 0 0 0 0 0.0109743 2.384 303 51 0 0 0
./complex_md-fit_802.pdb BC A 7.26313 26.6144 -10.48 -9.61091 -11.0737 -26.4883 -0.682608 47.0789 -25.9153 2.84984 9.51221 3.5803 0 0 0 0.283943 2.40367 -0.0212321 0 0 0 0 0.00684365 2.384 303 52 0 0 0
./complex_md-fit_803.pdb BC A 7.91672 35.6824 -11.8018 -10.4362 -12.7145 -27.1334 -0.81491 46.7959 -26.6412 5.0314 10.2574 3.33246 0 0 0 0.498379 2.59759 0 0 0 0 0 0.0229551 2.384 303 53 1 1 0
./complex_md-fit_804.pdb BC A 7.37063 33.5944 -12.824 -8.60641 -14.3003 -27.3435 -0.833797 48.2267 -26.5511 4.82456 10.4142 1.0733 0 0 0 0.263528 2.51019 -0.0355729 0 0 0 0 0.0443779 2.384 303 52 1 1 0
./complex_md-fit_805.pdb BC A 10.4582 36.8692 -9.08497 -7.07003 -15.6468 -26.1339 -0.998939 47.0525 -25.4722 6.10042 9.52283 3.15152 0 0 0 0.442465 2.57725 -0.0357659 0 0 0 0 0.00293845 2.384 303 51 0 0 0
./complex_md-fit_806.pdb BC A 7.75513 35.5575 -7.3257 -7.69843 -12.1171 -25.7075 -0.807722 45.6517 -25.0083 6.32501 9.16328 2.0946 0 0 0 0.778872 3.45098 0 0 0 0 0 0 2.384 303 53 1 1 0
./complex_md-fit_807.pdb BC A 9.41915 40.3286 -6.86412 -7.94407 -12.1522 -26.0319 -0.632172 45.1411 -25.4879 8.50461 9.15445 2.33446 0 0 0 0.242872 2.66621 5.55112e-17 0 0 0 0 0.00650526 2.384 303 51 2 2 0
./complex_md-fit_808.pdb BC A 6.20386 33.6215 -5.96529 -6.85695 -12.3393 -26.6241 -0.826948 47.3529 -26.1658 7.64845 8.49039 2.86407 0 0 0 0.475184 3.91321 -0.00925783 0 0 0 0 0.0262138 2.384 303 50 2 2 0
./complex_md-fit_809.pdb BC A 7.88093 35.6444 -3.39497 -7.07656 -11.9746 -25.6645 -0.704579 45.2475 -24.7857 8.3439 9.12979 3.89566 0 0 0 0.194102 3.94992 0 0 0 0 0 0 2.384 303 50 1 1 0
./complex_md-fit_80.pdb BC A 7.67829 41.0711 -10.5536 -4.03522 -11.0875 -22.5564 -0.80075 38.5725 -22.9909 4.13945 6.35528 1.497 0 0 0 0.323604 3.66065 0.0294327 0 0 0 0 0 2.384 303 45 0 0 0
./complex_md-fit_810.pdb BC A 7.61461 29.7035 -12.3688 -9.40708 -13.0327 -24.935 -0.520598 42.5934 -24.4991 4.47849 8.67121 3.77436 0 0 0 0.508191 2.69398 0 0 0 0 0 0 2.384 303 49 0 0 0
./complex_md-fit_811.pdb BC A 7.9096 47.6921 -7.64182 -7.97086 -12.3345 -25.4709 -0.767233 44.4104 -24.9026 6.06188 9.61204 3.28967 0 0 0 0.455845 3.96545 -0.0255707 0 0 0 0 0 2.384 303 50 1 1 0
./complex_md-fit_812.pdb BC A 8.21948 35.1405 -7.98774 -7.48053 -13.185 -23.8845 -0.803575 42.2958 -22.534 5.43747 9.06783 2.7507 0 0 0 0.348089 2.40868 -5.55112e-17 0 0 0 0 0 2.384 303 52 2 2 0
./complex_md-fit_813.pdb BC A 7.75535 38.6138 -9.11596 -8.98368 -14.2215 -26.7334 -0.670522 46.5768 -26.3141 8.59913 9.15214 3.14268 0 0 0 0.375544 2.6585 -0.0390157 0 0 0 0 0 2.384 303 54 2 2 0
./complex_md-fit_814.pdb BC A 10.4669 34.2692 -10.9229 -8.6779 -14.1478 -24.7527 -0.584688 42.8976 -24.0866 6.30149 8.69479 3.02291 0 0 0 0.424482 2.32923 -0.0145374 0 0 0 0 0 2.384 303 53 0 0 0
./complex_md-fit_815.pdb BC A 7.72184 34.913 -7.5275 -9.26256 -13.1028 -27.1235 -0.509257 48.2824 -25.9847 5.73243 9.5738 3.76622 0 0 0 1.07014 3.17511 0.019219 0 0 0 0 0.0111316 2.384 303 52 0 0 0
./complex_md-fit_816.pdb BC A 7.95259 29.2633 -8.7104 -6.27481 -15.7607 -26.6802 -0.89237 48.0748 -25.7394 5.07603 10.6836 2.68422 0 0 0 0.13486 3.96667 -0.037204 0 0 0 0 0.0206914 2.384 303 51 1 1 0
./complex_md-fit_817.pdb BC A 6.75804 25.6588 -17.9087 -11.2218 -17.32 -27.4508 -1.08866 46.2293 -26.6931 4.71742 11.8513 2.39074 0 0 0 0.658287 2.89497 0 0 0 0 0 0.0185945 2.384 303 49 0 0 0
./complex_md-fit_818.pdb BC A 8.69732 33.6282 -13.0557 -9.20737 -15.2876 -26.5575 -0.741276 46.168 -25.7969 5.45551 10.1371 2.14177 0 0 0 0.627361 2.89278 -0.0213365 0 0 0 0 0.0265395 2.384 303 50 1 1 0
./complex_md-fit_819.pdb BC A 9.46431 35.0885 -11.3055 -10.0275 -15.7748 -26.3473 -0.81369 46.8463 -25.403 6.01924 10.1662 3.18826 0 0 0 0.84151 3.22846 -0.022723 0 0 0 0 0.0219829 2.384 303 48 1 1 0
./complex_md-fit_81.pdb BC A 8.08602 30.561 -14.0935 -6.08553 -13.9542 -23.1519 -0.678914 40.5148 -23.5652 3.33123 7.05432 2.04136 0 0 0 0.371512 2.62006 0.0289667 0 0 0 0 0 2.384 303 55 0 0 0
./complex_md-fit_820.pdb BC A 8.17357 29.9818 -9.5861 -8.79304 -12.3466 -26.1547 -0.813146 45.3473 -25.5171 5.85653 9.89038 2.55595 0 0 0 0.403947 2.80875 -0.0175006 0 0 0 0 0.00190303 2.384 303 48 1 1 0
./complex_md-fit_821.pdb BC A 6.15276 24.1342 -8.90215 -8.6488 -10.5275 -26.4695 -0.679727 45.2687 -25.813 5.12398 9.03269 3.38361 0 0 0 0.430943 2.53299 -0.0207737 0 0 0 0 0.0171789 2.384 303 48 1 1 0
./complex_md-fit_822.pdb BC A 6.67094 37.8225 -1.2099 -8.43057 -11.5404 -26.5119 -0.893263 46.2791 -25.8933 11.9266 10.2691 3.16854 0 0 0 0.416184 4.25511 0 0 0 0 0 0 2.384 303 48 4 4 0
./complex_md-fit_823.pdb BC A 7.8525 28.5012 -4.35552 -7.89869 -11.8759 -26.3154 -0.776573 45.9055 -25.5677 9.4563 8.84395 3.32362 0 0 0 0.597973 2.4528 -0.0485318 0 0 0 0 0 2.384 303 50 3 3 0
./complex_md-fit_824.pdb BC A 7.01944 38.8054 -6.97911 -6.48788 -14.1615 -26.4559 -0.939474 47.5996 -25.635 5.30982 10.8205 2.82739 0 0 0 0.188429 4.04795 -0.045075 0 0 0 0 0 2.384 303 53 1 1 0
./complex_md-fit_825.pdb BC A 6.79393 38.3124 -6.42198 -7.50326 -12.0902 -26.9471 -0.613202 48.1997 -26.1544 6.58681 9.02818 2.48997 0 0 0 0.577005 2.54703 0 0 0 0 0 0.00456091 2.384 303 51 1 1 0
./complex_md-fit_826.pdb BC A 9.1687 34.7914 -3.72369 -7.01864 -13.7315 -26.4244 -0.796379 49.6827 -25.6005 6.16225 10.5259 2.99391 0 0 0 0.470177 4.51314 5.55112e-17 0 0 0 0 0.0127463 2.384 303 52 0 0 0
./complex_md-fit_827.pdb BC A 8.51244 35.5234 -5.28403 -6.79294 -10.545 -25.2559 -0.964471 43.1086 -24.6705 7.50858 8.58786 2.99117 0 0 0 0.784963 3.56844 -0.0363829 0 0 0 0 0 2.384 303 49 2 2 0
./complex_md-fit_828.pdb BC A 8.49048 30.7583 -12.1535 -9.84701 -14.9486 -25.534 -0.874702 45.0259 -24.2168 7.45991 8.76674 1.69199 0 0 0 0.31312 2.84474 -2.77556e-17 0 0 0 0 0.00985502 2.384 303 54 1 1 0
./complex_md-fit_829.pdb BC A 7.81197 33.8461 -3.83757 -7.2659 -12.0434 -25.6382 -0.906741 46.4315 -24.9392 6.73131 10.6123 2.97467 0 0 0 0.196566 3.92882 -0.0169655 0 0 0 0 0.0264886 2.384 303 53 2 2 0
./complex_md-fit_82.pdb BC A 6.42896 41.7529 -12.8476 -7.01395 -16.1143 -22.7223 -0.855286 38.8915 -23.1009 5.9783 9.59209 2.18638 0 0 0 0.310857 1.93519 0 0 0 0 0 0 2.384 303 50 0 0 0
./complex_md-fit_830.pdb BC A 7.16068 40.8994 -11.7645 -7.70782 -12.8919 -26.1091 -0.795795 43.9959 -25.5475 4.69733 9.35375 3.0349 0 0 0 0.216555 2.7917 -0.0120662 0 0 0 0 0.0013865 2.384 303 49 1 1 0
./complex_md-fit_831.pdb BC A 6.83607 38.8148 -8.54078 -9.35734 -15.3394 -27.462 -0.88433 49.824 -26.3097 8.06693 9.73857 2.2801 0 0 0 0.943741 2.55023 -0.0414365 0 0 0 0 0 2.384 303 51 2 2 0
./complex_md-fit_832.pdb BC A 10.7631 31.0514 -10.0474 -8.78412 -16.3895 -24.7348 -0.849391 43.4529 -23.9592 5.17292 11.8627 3.13056 0 0 0 1.08606 4.00648 -0.0354653 0 0 0 0 0 2.384 303 47 1 1 0
./complex_md-fit_833.pdb BC A 8.13943 35.0264 -8.01356 -8.03323 -15.0102 -24.7372 -1.0112 44.5737 -23.7098 5.35595 10.3561 3.08868 0 0 0 1.11359 3.97211 5.55112e-17 0 0 0 0 0 2.384 303 51 1 1 0
./complex_md-fit_834.pdb BC A 7.20658 30.8553 -3.23346 -5.79674 -11.9884 -25.2044 -1.09261 46.3158 -24.0337 6.73399 9.0073 2.46875 0 0 0 0.356621 4.83134 0 0 0 0 0 0 2.384 303 49 2 2 0
./complex_md-fit_835.pdb BC A 9.35325 31.2582 -3.62714 -6.488 -13.1973 -24.9149 -0.943687 46.1277 -23.9945 6.3605 9.71498 3.10712 0 0 0 0.601136 3.77072 0 0 0 0 0 0 2.384 303 48 2 2 0
./complex_md-fit_836.pdb BC A 11.0582 32.2014 -13.1105 -8.71261 -15.3054 -25.0598 -0.760219 43.4314 -24.2289 3.36469 9.68006 3.45048 0 0 0 1.03967 4.09498 -0.00989027 0 0 0 0 0 2.384 303 52 0 0 0
./complex_md-fit_837.pdb BC A 6.7544 31.4888 -6.39276 -8.68781 -11.3242 -26.2339 -0.730841 46.9973 -25.9434 7.11616 8.86237 3.016 0 0 0 0.568483 3.3318 -0.0329407 0 0 0 0 0 2.384 303 51 3 3 0
./complex_md-fit_838.pdb BC A 7.7473 34.3775 -13.1686 -9.47187 -12.7585 -26.323 -0.927662 44.8651 -25.31 4.8881 8.93862 2.67832 0 0 0 0.268398 2.62574 -0.0194027 0 0 0 0 0.00326436 2.384 303 53 1 1 0
./complex_md-fit_839.pdb BC A 8.89313 41.8273 -8.0908 -7.58069 -15.1602 -25.4035 -1.0707 45.6966 -24.5902 7.48662 9.3024 2.6709 0 0 0 0.568177 3.87209 -0.0101751 0 0 0 0 0 2.384 303 51 0 0 0
./complex_md-fit_83.pdb BC A 6.41789 33.7009 -12.1509 -4.32102 -14.3664 -22.4744 -0.881895 39.9544 -22.6092 2.62264 8.1399 1.64207 0 0 0 0.135446 1.95887 0 0 0 0 0 0.00752612 2.384 303 51 0 0 0
./complex_md-fit_840.pdb BC A 7.00855 31.9063 -4.94691 -5.376 -10.2116 -25.5936 -0.882861 45.7394 -24.9678 4.65091 7.8062 3.40733 0 0 0 0.481057 5.44224 0 0 0 0 0 0 2.384 303 49 0 0 0
./complex_md-fit_841.pdb BC A 8.47544 33.3467 -8.62182 -6.91187 -11.7937 -25.1376 -0.78791 43.8925 -24.5625 4.37938 8.83596 3.16499 0 0 0 0.298868 4.93872 0 0 0 0 0 0 2.384 303 49 1 1 0
./complex_md-fit_842.pdb BC A 6.8353 30.7913 -2.47752 -7.06985 -12.6722 -25.3466 -0.885075 46.1394 -24.599 8.8235 9.45757 2.98212 0 0 0 0.692668 3.25856 0 0 0 0 0 0 2.384 303 49 1 1 0
./complex_md-fit_843.pdb BC A 8.61045 33.8789 -11.4874 -8.7679 -16.4445 -25.8597 -0.968756 46.468 -24.344 6.09458 10.0155 2.08944 0 0 0 0.244177 2.38058 -0.0141506 0 0 0 0 0 2.384 303 53 1 1 0
./complex_md-fit_844.pdb BC A 9.04763 33.085 -13.7024 -8.99432 -15.3302 -25.6168 -1.07757 43.5434 -24.9838 4.13429 10.3926 3.75145 0 0 0 0.52499 2.65443 -0.0463379 0 0 0 0 0 2.384 303 52 0 0 0
./complex_md-fit_845.pdb BC A 10.0982 43.1113 -8.56976 -8.14446 -15.7964 -27.2212 -0.865258 49.2951 -26.2053 7.09278 10.1482 2.48921 0 0 0 0.605133 4.00375 0 0 0 0 0 0.0323665 2.384 303 51 1 1 0
./complex_md-fit_846.pdb BC A 6.11197 32.1727 -10.423 -8.45304 -16.2468 -26.3505 -0.810846 46.9879 -25.4892 6.06216 11.0316 2.41881 0 0 0 0.402375 4.39386 -0.0115256 0 0 0 0 0.0361033 2.384 303 52 0 0 0
./complex_md-fit_847.pdb BC A 6.76903 31.8934 -15.0537 -9.60241 -16.6039 -27.065 -0.801062 47.0865 -26.0756 4.35215 10.7904 2.62844 0 0 0 0.236834 2.84465 -5.55112e-17 0 0 0 0 0 2.384 303 50 0 0 0
./complex_md-fit_848.pdb BC A 7.56171 36.7138 -10.8797 -8.54273 -11.9377 -25.4572 -0.864572 43.3888 -24.973 5.94128 8.45596 2.52808 0 0 0 0.612007 2.66392 -0.0355709 0 0 0 0 0.00495311 2.384 303 52 0 0 0
./complex_md-fit_849.pdb BC A 6.39091 29.4391 -7.35993 -9.14726 -10.9842 -24.7433 -0.944787 43.7545 -24.512 7.27112 8.14907 3.17017 0 0 0 0.618485 2.70073 0 0 0 0 0 0.00830092 2.384 303 51 2 2 0
./complex_md-fit_84.pdb BC A 5.48574 25.8142 -11.5074 -5.47074 -13.3228 -23.3635 -0.785181 39.4057 -23.6257 5.23903 7.91292 2.4138 0 0 0 0.0891094 2.25812 0 0 0 0 0 0 2.384 303 51 2 2 0
./complex_md-fit_850.pdb BC A 7.89689 25.9474 -7.65676 -4.25451 -14.3657 -24.927 -0.903636 44.4674 -23.9187 3.80651 9.70927 2.41327 0 0 0 0.312868 2.55277 -0.0192092 0 0 0 0 0.0227456 2.384 303 50 0 0 0
./complex_md-fit_851.pdb BC A 8.75638 40.8178 -12.8076 -7.60212 -14.2722 -26.1614 -0.91582 45.1628 -25.3576 4.81455 10.2443 0.985669 0 0 0 0.340729 4.04205 -0.0464679 0 0 0 0 0 2.384 303 51 0 0 0
./complex_md-fit_852.pdb BC A 7.75666 31.7497 -11.8104 -8.41048 -14.6031 -25.2669 -0.855456 43.9315 -24.4125 3.74962 9.58636 3.82842 0 0 0 0.616503 2.86604 -6.93889e-18 0 0 0 0 0.0256261 2.384 303 52 0 0 0
./complex_md-fit_853.pdb BC A 9.13714 35.7102 -7.2283 -8.7943 -11.7829 -26.5603 -0.811851 46.2717 -25.6828 7.5939 8.62819 3.15664 0 0 0 0.765892 2.81382 -0.0298113 0 0 0 0 0.0173969 2.384 303 52 2 2 0
./complex_md-fit_854.pdb BC A 7.14945 37.8846 -11.9677 -7.36785 -12.1724 -25.7874 -0.626327 44.4496 -25.0436 3.00193 8.47819 2.63754 0 0 0 0.453555 3.19918 0 0 0 0 0 0.00904079 2.384 303 47 0 0 0
./complex_md-fit_855.pdb BC A 7.40993 30.6402 -2.85795 -8.43233 -10.4911 -26.3305 -0.956376 46.0654 -25.7409 10.3043 9.17839 2.87695 0 0 0 0.690052 2.66727 -0.0218055 0 0 0 0 0 2.384 303 50 2 2 0
./complex_md-fit_856.pdb BC A 9.15288 31.8828 -10.4596 -7.51289 -12.674 -25.3662 -0.817535 42.7789 -25.028 5.29835 9.04662 3.55832 0 0 0 0.237895 4.10763 0 0 0 0 0 0.0189193 2.384 303 51 0 0 0
./complex_md-fit_857.pdb BC A 8.2031 32.3314 -9.79561 -7.86983 -9.59232 -24.9143 -0.783118 43.5646 -24.1453 4.80183 6.43206 2.50064 0 0 0 0.204512 2.57003 0 0 0 0 0 0.00556932 2.384 303 49 0 0 0
./complex_md-fit_858.pdb BC A 11.3712 40.924 -9.67868 -8.97221 -14.1246 -26.5638 -0.620652 48.5497 -25.3777 3.57675 10.2649 2.9065 0 0 0 0.682361 2.81049 0 0 0 0 0 0 2.384 303 52 0 0 0
./complex_md-fit_859.pdb BC A 8.07272 36.3963 -2.19398 -6.10025 -10.6914 -25.6563 -0.609044 46.4246 -24.626 6.99402 7.96989 3.24367 0 0 0 0.875538 3.65379 -0.0187461 0 0 0 0 0 2.384 303 50 0 0 0
./complex_md-fit_85.pdb BC A 8.11424 30.7319 -6.06876 -6.03919 -11.7114 -24.097 -0.721251 42.575 -24.0968 7.61928 7.74054 2.27071 0 0 0 0.385124 2.15424 0 0 0 0 0 0.00627092 2.384 303 51 2 2 0
./complex_md-fit_860.pdb BC A 8.16943 36.9678 -6.05062 -6.89177 -13.0875 -26.8781 -0.944788 48.4168 -26.1607 6.02392 10.772 2.47414 0 0 0 0.23994 3.96092 -0.0145324 0 0 0 0 0 2.384 303 53 1 1 0
./complex_md-fit_861.pdb BC A 8.88431 41.8791 -11.9252 -11.1284 -15.855 -25.2973 -0.631266 44.4783 -24.0451 5.53157 11.0435 2.94396 0 0 0 1.00306 2.32504 0.0270708 0 0 0 0 0.00428688 2.384 303 52 1 1 0
./complex_md-fit_862.pdb BC A 5.65668 34.3802 -9.68523 -7.84419 -11.5342 -25.735 -0.893531 44.0649 -24.9472 4.11617 10.215 2.54998 0 0 0 0.299634 2.48123 0 0 0 0 0 0.0230996 2.384 303 51 0 0 0
./complex_md-fit_863.pdb BC A 7.45549 31.623 -9.66414 -9.3845 -13.4659 -26.2064 -0.795444 46.975 -25.1418 5.45712 10.219 2.44844 0 0 0 0.186447 2.43332 0 0 0 0 0 0.0438976 2.384 303 51 1 1 0
./complex_md-fit_864.pdb BC A 9.83379 32.6858 -12.1755 -9.68225 -11.2526 -25.112 -0.612088 43.1948 -24.4649 4.7748 8.16067 2.67616 0 0 0 0.125762 2.55712 -0.0151029 0 0 0 0 0.0312328 2.384 303 55 0 0 0
./complex_md-fit_865.pdb BC A 7.14973 42.9496 -11.1434 -8.16986 -15.3942 -25.5112 -0.678088 46.1037 -24.6643 4.9807 8.61574 2.11232 0 0 0 1.45303 3.99114 0 0 0 0 0 0.00878679 2.384 303 52 0 0 0
./complex_md-fit_866.pdb BC A 6.48059 34.3663 -2.46118 -8.04701 -8.19995 -26.0854 -0.505798 46.1029 -25.4722 6.69289 8.66685 3.81292 0 0 0 0.557288 2.28424 -0.0206443 0 0 0 0 0.036981 2.384 303 51 1 1 0
./complex_md-fit_867.pdb BC A 8.28522 35.1746 -8.93545 -7.94562 -14.5212 -26.6176 -0.904929 47.5339 -26.027 6.22938 9.72622 2.63182 0 0 0 0.966763 4.12407 -0.034237 0 0 0 0 0.0270141 2.384 303 49 1 1 0
./complex_md-fit_868.pdb BC A 7.89803 37.4895 -7.42966 -8.23989 -16.5032 -26.3527 -0.989562 46.5674 -25.138 9.67378 10.1996 2.88794 0 0 0 0.481688 3.70293 -0.0207248 0 0 0 0 0.00405594 2.384 303 50 3 3 0
./complex_md-fit_869.pdb BC A 7.35016 32.8578 -7.48317 -9.24747 -17.0359 -27.1468 -0.881545 49.6112 -26.1775 8.56269 10.8257 3.16722 0 0 0 0.825584 2.76157 -0.00915807 0 0 0 0 0.0228885 2.384 303 52 2 2 0
./complex_md-fit_86.pdb BC A 10.899 34.6496 -13.4394 -6.27028 -15.4134 -23.0174 -0.921273 39.3447 -23.1044 4.20041 8.68616 2.70367 0 0 0 0.352378 1.77836 0 0 0 0 0 0 2.384 303 49 0 0 0
./complex_md-fit_870.pdb BC A 8.10308 29.1966 -10.8577 -9.25542 -15.0752 -27.3515 -0.705152 49.2693 -26.107 5.48709 11.196 1.44716 0 0 0 0.220684 3.16014 -0.0107374 0 0 0 0 0.0269475 2.384 303 52 2 2 0
./complex_md-fit_871.pdb BC A 7.86186 35.7192 -5.10901 -7.66184 -9.22298 -26.6377 -0.81521 46.1872 -25.9408 7.36836 9.08339 1.94008 0 0 0 0.586287 3.04049 -0.0117654 0 0 0 0 0.0158497 2.384 303 51 3 3 0
./complex_md-fit_872.pdb BC A 7.7099 33.133 -8.04658 -9.59324 -12.6197 -25.6069 -0.854171 44.681 -24.3271 6.13509 9.89189 3.91742 0 0 0 0.326382 2.26805 -0.00921433 0 0 0 0 0.0120214 2.384 303 51 1 1 0
./complex_md-fit_873.pdb BC A 11.4085 36.6513 -7.91363 -9.1055 -12.8153 -26.2153 -0.698277 48.081 -25.2761 4.74426 9.25258 3.70939 0 0 0 0.439453 4.10401 -0.0355767 0 0 0 0 0.00565308 2.384 303 55 0 0 0
./complex_md-fit_874.pdb BC A 10.3115 35.1183 -5.57966 -8.13156 -12.737 -25.54 -0.829497 44.6682 -24.8921 7.03664 9.32105 4.26425 0 0 0 1.26043 2.52293 0 0 0 0 0 0 2.384 303 50 2 2 0
./complex_md-fit_875.pdb BC A 6.92645 39.122 -7.12301 -8.2948 -10.9485 -27.6005 -0.320981 48.9069 -26.7916 4.13853 8.79591 3.6446 0 0 0 1.36971 2.39426 -0.0222473 0 0 0 0 0 2.384 303 50 0 0 0
./complex_md-fit_876.pdb BC A 9.48168 37.9161 -12.0412 -7.86212 -16.3223 -25.2886 -0.86381 42.8749 -24.2033 5.69606 9.85011 3.59992 0 0 0 0.478044 2.6812 -5.55112e-17 0 0 0 0 0 2.384 303 49 1 1 0
./complex_md-fit_877.pdb BC A 6.31972 38.5085 -1.8622 -7.38447 -10.713 -25.3526 -0.887282 46.7374 -24.4205 6.4902 9.63376 3.68895 0 0 0 0.358928 3.90141 -0.0136888 0 0 0 0 0 2.384 303 51 1 1 0
./complex_md-fit_878.pdb BC A 6.99239 35.2575 -5.71389 -9.22314 -11.7571 -26.0961 -0.696587 47.1835 -25.1982 6.05574 9.82455 3.2667 0 0 0 0.926854 2.39584 -1.11022e-16 0 0 0 0 0 2.384 303 54 3 3 0
./complex_md-fit_879.pdb BC A 8.19224 29.7417 -11.1361 -9.04239 -15.307 -26.8179 -0.790734 48.1955 -25.8528 5.17658 9.97813 2.95457 0 0 0 0.369927 2.73764 0 0 0 0 0 0 2.384 303 52 2 2 0
./complex_md-fit_87.pdb BC A 7.46383 32.7857 -9.94323 -5.02049 -12.2954 -22.9184 -0.937104 40.3535 -22.2647 4.65473 6.14989 2.14018 0 0 0 0.192022 1.70588 0 0 0 0 0 0.00257074 2.384 303 50 0 0 0
./complex_md-fit_880.pdb BC A 7.13971 36.18 -6.18418 -7.18701 -15.3366 -27.2242 -0.812825 49.3792 -25.9446 8.21888 10.1423 1.73385 0 0 0 0.857359 3.89625 -0.0106101 0 0 0 0 0 2.384 303 51 2 2 0
./complex_md-fit_881.pdb BC A 8.52713 39.7599 -10.3885 -9.77509 -16.7362 -26.0937 -1.00207 46.4373 -24.9817 6.35697 11.692 3.35636 0 0 0 0.367009 2.60962 -0.00928256 0 0 0 0 0 2.384 303 51 2 2 0
./complex_md-fit_882.pdb BC A 8.56039 27.801 -3.98563 -8.57668 -10.6733 -25.9645 -0.909132 45.4734 -25.6351 8.99475 9.40939 3.44012 0 0 0 0.451145 4.11135 0 0 0 0 0 0.00427068 2.384 303 51 2 2 0
./complex_md-fit_883.pdb BC A 11.7988 28.8727 -7.12203 -7.09819 -13.4906 -25.9277 -1.03385 46.7598 -25.3336 7.01385 8.39127 3.08009 0 0 0 0.516986 4.34345 0 0 0 0 0 0 2.384 303 50 1 1 0
./complex_md-fit_884.pdb BC A 10.1237 30.1752 -10.1002 -7.97747 -12.8475 -26.2264 -0.706295 47.0291 -25.6428 3.9906 8.95761 3.07213 0 0 0 0.283435 3.97584 -0.0325969 0 0 0 0 0 2.384 303 52 0 0 0
./complex_md-fit_885.pdb BC A 7.04228 24.4945 -5.13973 -7.18742 -14.6739 -27.337 -0.816212 49.5253 -26.3615 8.45402 9.38307 2.99528 0 0 0 0.909891 4.61354 -0.0313843 0 0 0 0 0 2.384 303 50 2 2 0
./complex_md-fit_886.pdb BC A 7.90727 29.093 -8.72766 -7.83482 -14.5674 -25.4884 -0.734783 46.4641 -24.7487 5.72251 8.89841 2.90912 0 0 0 0.689423 3.64493 -0.0371335 0 0 0 0 0 2.384 303 51 1 1 0
./complex_md-fit_887.pdb BC A 9.00981 31.0801 -8.12124 -7.81453 -13.1931 -25.9322 -0.813139 46.5041 -25.1501 5.22532 9.74343 2.66832 0 0 0 0.624462 2.38273 -0.0107642 0 0 0 0 0.0269154 2.384 303 49 0 0 0
./complex_md-fit_888.pdb BC A 8.94351 42.0065 -7.58045 -10.8725 -13.9798 -24.4687 -0.865141 43.2894 -23.9309 7.98905 10.0382 4.34893 0 0 0 0.871002 2.74643 0 0 0 0 0 0 2.384 303 53 2 2 0
./complex_md-fit_889.pdb BC A 8.3051 38.7774 -11.5872 -7.54795 -14.5016 -25.9395 -0.5386 46.5428 -25.1902 3.97354 7.99833 3.30597 0 0 0 0.304696 5.25472 -0.0229154 0 0 0 0 0.0281952 2.384 303 53 0 0 0
./complex_md-fit_88.pdb BC A 7.65596 28.9188 -12.6936 -6.77602 -14.4042 -25.2118 -0.868266 43.8084 -25.3347 3.85264 9.25873 2.34347 0 0 0 0.648117 2.53122 -0.00998574 0 0 0 0 0 2.384 303 57 0 0 0
./complex_md-fit_890.pdb BC A 7.26816 41.6254 -4.15666 -7.77675 -8.50162 -25.2648 -0.951254 44.2064 -24.8744 6.48309 9.24348 2.81346 0 0 0 0.477426 2.97354 -0.0116815 0 0 0 0 0 2.384 303 55 1 1 0
./complex_md-fit_891.pdb BC A 8.28083 34.4091 -10.2717 -7.53327 -11.8447 -24.4078 -0.517473 41.8629 -24.0088 4.82538 8.16079 2.61556 0 0 0 0.57582 2.30918 0 0 0 0 0 0 2.384 303 49 1 1 0
./complex_md-fit_892.pdb BC A 7.9058 41.0366 -11.2496 -7.4092 -15.5693 -25.8184 -0.804548 45.8487 -25.0137 5.44245 9.02122 2.50526 0 0 0 0.531036 4.26581 -0.0248523 0 0 0 0 0.0417084 2.384 303 50 1 1 0
./complex_md-fit_893.pdb BC A 6.81757 33.8348 -7.71421 -8.74148 -10.4344 -26.734 -0.890353 47.1267 -25.8732 6.16638 8.14102 3.29008 0 0 0 0.210817 3.03988 0.024258 0 0 0 0 0 2.384 303 52 0 0 0
./complex_md-fit_894.pdb BC A 7.39812 34.177 -10.7514 -5.8329 -14.6407 -24.9087 -0.663192 44.1036 -24.1909 3.6673 8.45881 2.98165 0 0 0 0.310349 3.91033 -0.0367302 0 0 0 0 0 2.384 303 50 0 0 0
./complex_md-fit_895.pdb BC A 6.71272 35.989 -6.28677 -8.28138 -11.6469 -26.7806 -0.565695 47.1135 -25.7525 7.60337 8.25426 3.59914 0 0 0 0.205782 2.5014 -0.0357345 0 0 0 0 0 2.384 303 50 1 1 0
./complex_md-fit_896.pdb BC A 6.33805 30.0206 -7.38205 -5.91655 -12.4809 -25.4563 -0.670975 45.7315 -24.833 4.93356 8.04861 2.82107 0 0 0 0.440886 6.41665 0 0 0 0 0 1.11022e-16 2.384 303 51 0 0 0
./complex_md-fit_897.pdb BC A 6.65826 42.4757 -6.24938 -6.82325 -11.1387 -25.8842 -0.601138 46.0725 -25.4501 6.71515 8.24408 2.05572 0 0 0 0.583022 4.1563 -0.0225158 0 0 0 0 0 2.384 303 52 1 1 0
./complex_md-fit_898.pdb BC A 8.88438 38.3004 -6.64993 -7.18429 -12.021 -25.9259 -0.817848 45.8223 -25.2559 7.07428 8.61373 2.46321 0 0 0 0.581504 3.53205 0 0 0 0 0 0 2.384 303 52 1 1 0
./complex_md-fit_899.pdb BC A 6.83912 29.7253 -4.98832 -7.33154 -11.5191 -26.7373 -0.776465 49.2826 -25.5141 5.27391 8.86035 3.12398 0 0 0 0.370618 3.20084 -0.0212766 0 0 0 0 0 2.384 303 52 1 1 0
./complex_md-fit_89.pdb BC A 7.95549 34.4783 -11.8501 -5.19677 -14.721 -24.1218 -0.796437 42.8515 -24.3357 5.51414 7.52223 0.832629 0 0 0 0.616137 3.33712 -0.0149788 0 0 0 0 0 2.384 303 51 0 0 0
./complex_md-fit_8.pdb BC A 9.01532 34.6996 -13.6029 -7.73408 -15.9126 -24.3616 -0.892922 42.0148 -24.5842 3.604 9.32762 4.10084 0 0 0 0.814693 3.00162 0.0206241 0 0 0 0 0 2.384 303 52 0 0 0
./complex_md-fit_900.pdb BC A 8.4022 35.6501 -5.50748 -7.17834 -11.1429 -25.9766 -0.664384 45.3202 -24.8876 5.9536 9.53988 3.19222 0 0 0 0.336458 2.73751 0 0 0 0 0 0 2.384 303 48 1 1 0
./complex_md-fit_901.pdb BC A 8.33897 38.1895 -8.5867 -8.33408 -14.8918 -26.5357 -0.672133 47.5408 -25.5976 5.96883 10.1339 3.14982 0 0 0 0.645778 2.15241 -0.0209622 0 0 0 0 0.0264345 2.384 303 52 2 2 0
./complex_md-fit_902.pdb BC A 8.78036 38.8652 -6.91914 -9.03665 -14.0848 -26.968 -0.888225 48.9574 -26.3502 7.61739 11.0498 2.04799 0 0 0 0.736019 2.49389 0 0 0 0 0 0 2.384 303 54 1 1 0
./complex_md-fit_903.pdb BC A 7.43628 44.5036 -8.61866 -7.7898 -12.9975 -27.8804 -0.453853 49.5803 -27.0074 4.84611 9.93119 2.75982 0 0 0 0.36152 3.0151 0 0 0 0 0 0.0314143 2.384 303 52 2 2 0
./complex_md-fit_904.pdb BC A 9.51364 36.4577 -12.4575 -8.58185 -17.6534 -27.4447 -0.892365 49.6172 -26.6229 4.51602 11.8085 1.97485 0 0 0 0.794715 3.97687 0 0 0 0 0 0.0263783 2.384 303 54 1 1 0
./complex_md-fit_905.pdb BC A 6.64997 31.2505 -10.033 -8.89168 -14.0777 -26.4158 -0.751185 45.2776 -25.5815 5.48371 10.2135 4.04857 0 0 0 0.656715 2.59805 0.00474923 0 0 0 0 0 2.384 303 50 1 1 0
./complex_md-fit_906.pdb BC A 6.51704 32.9168 -1.24907 -6.94349 -11.2927 -25.8737 -0.641953 48.4434 -24.814 6.24353 9.48944 3.78298 0 0 0 0.357471 3.22711 0 0 0 0 0 0 2.384 303 51 2 2 0
./complex_md-fit_907.pdb BC A 6.06872 40.3056 -12.6482 -8.08791 -13.7854 -26.8698 -0.496654 46.3715 -26.1187 3.5196 9.03407 2.82124 0 0 0 0.968283 4.00617 -0.0217762 0 0 0 0 0.0174259 2.384 303 50 0 0 0
./complex_md-fit_908.pdb BC A 9.80526 26.5461 -7.04045 -8.87295 -13.3488 -25.4356 -0.932305 46.8578 -24.4116 7.78447 8.60398 2.19847 0 0 0 0.516069 2.48866 0 0 0 0 0 0 2.384 303 53 1 1 0
./complex_md-fit_909.pdb BC A 7.68965 26.7831 -2.37287 -7.64387 -11.0469 -27.3223 -0.65696 51.2642 -26.1533 5.89217 9.805 2.84597 0 0 0 0.649691 3.82158 -0.0101117 0 0 0 0 0.00366927 2.384 303 52 2 2 0
./complex_md-fit_90.pdb BC A 7.18988 26.7912 -14.0754 -6.60386 -14.9651 -24.7678 -0.955503 43.2714 -24.8774 3.79807 7.43297 3.33702 0 0 0 0.178299 2.6627 0.0207786 0 0 0 0 0.0557623 2.384 303 52 0 0 0
./complex_md-fit_910.pdb BC A 10.1961 38.1727 -12.9408 -8.80887 -12.501 -26.1913 -0.58441 45.7113 -26.0019 2.62786 8.61302 3.40409 0 0 0 0.809342 4.07559 -0.0188225 0 0 0 0 0 2.384 303 50 0 0 0
./complex_md-fit_911.pdb BC A 8.40542 31.203 -11.217 -8.04396 -11.3804 -25.7521 -0.503337 44.0457 -25.2834 2.94744 7.98157 3.87796 0 0 0 0.879007 2.26883 5.55112e-17 0 0 0 0 0.0144758 2.384 303 50 0 0 0
./complex_md-fit_912.pdb BC A 7.46988 33.1349 -10.5251 -9.52364 -14.9309 -25.7881 -0.830129 46.0223 -24.7021 5.85597 9.1197 3.43787 0 0 0 0.813919 2.46314 0 0 0 0 0 0 2.384 303 52 0 0 0
./complex_md-fit_913.pdb BC A 6.40099 35.7346 -7.52051 -8.34969 -12.1626 -25.2219 -0.876967 43.9458 -24.1939 5.69066 10.1646 2.99606 0 0 0 0.476344 2.44143 -0.0228467 0 0 0 0 0.0339097 2.384 303 49 1 1 0
./complex_md-fit_914.pdb BC A 8.2615 33.2045 -5.76926 -9.55383 -13.5262 -26.8527 -0.872216 49.0104 -25.9338 9.13499 10.5312 1.9035 0 0 0 0.407967 3.13218 -0.0185289 0 0 0 0 0 2.384 303 52 2 2 0
./complex_md-fit_915.pdb BC A 8.41891 24.3796 -8.46947 -7.6091 -13.7709 -26.3397 -0.832703 47.3339 -25.6947 4.5902 9.68488 3.28772 0 0 0 0.851782 4.21234 0 0 0 0 0 0.0291834 2.384 303 51 2 2 0
./complex_md-fit_916.pdb BC A 8.17753 31.1163 -4.1152 -9.57319 -14.7915 -26.8936 -0.758274 49.545 -25.6969 9.9554 10.4274 3.34971 0 0 0 0.320779 2.79028 2.77556e-17 0 0 0 0 0 2.384 303 53 3 3 0
./complex_md-fit_917.pdb BC A 8.62234 31.3229 -5.21889 -9.07207 -12.302 -26.6311 -0.809131 47.7244 -25.6024 8.29213 9.39126 3.5679 0 0 0 0.250967 4.23398 -0.0556416 0 0 0 0 0.0268506 2.384 303 54 2 2 0
./complex_md-fit_918.pdb BC A 11.1631 41.5834 -0.607735 -8.53134 -13.0199 -26.519 -1.06771 49.4292 -25.2297 10.5713 10.8744 2.43199 0 0 0 0.453061 4.19065 0 0 0 0 0 0 2.384 303 51 3 3 0
./complex_md-fit_919.pdb BC A 8.64439 33.844 -10.3429 -10.3753 -13.5721 -26.3368 -0.760771 47.2072 -25.6329 5.99438 10.1919 2.5 0 0 0 0.4416 2.76997 0 0 0 0 0 0 2.384 303 50 0 0 0
./complex_md-fit_91.pdb BC A 10.2975 32.3081 -17.049 -5.7231 -16.5544 -24.6552 -0.913548 42.5084 -24.5443 2.93976 7.89289 1.44174 0 0 0 0.503947 2.77779 0 0 0 0 0 0.0548767 2.384 303 51 0 0 0
./complex_md-fit_920.pdb BC A 8.12934 29.8387 -3.8409 -7.87713 -13.9723 -27.1291 -0.707617 48.8337 -26.2223 10.2436 9.39496 2.83827 0 0 0 0.757004 3.18051 0 0 0 0 0 0 2.384 303 52 2 2 0
./complex_md-fit_921.pdb BC A 7.71584 30.0492 -7.42841 -8.72535 -12.3721 -27.0835 -0.829258 47.6525 -26.029 8.21817 7.58767 3.39961 0 0 0 0.767139 2.64024 -0.0142507 0 0 0 0 0 2.384 303 50 3 3 0
./complex_md-fit_922.pdb BC A 8.94663 27.5431 -13.1061 -9.88858 -13.6765 -25.8292 -0.671433 44.5341 -25.1804 4.56852 9.56432 3.32463 0 0 0 0.185492 3.47804 -0.0370338 0 0 0 0 0 2.384 303 48 0 0 0
./complex_md-fit_923.pdb BC A 9.00768 33.886 -9.95074 -10.7603 -14.6713 -26.4644 -0.749216 45.4534 -25.5087 9.19949 9.81942 3.22123 0 0 0 0.556894 2.96113 -0.0472893 0 0 0 0 0 2.384 303 48 2 2 0
./complex_md-fit_924.pdb BC A 10.8665 26.6216 -12.6858 -10.5242 -14.8158 -26.2343 -0.693572 45.5245 -25.3777 5.31048 9.61101 3.903 0 0 0 0.655117 2.90017 -0.0486035 0 0 0 0 0.00436878 2.384 303 49 0 0 0
./complex_md-fit_925.pdb BC A 8.1809 42.7527 -10.9046 -9.41645 -13.6057 -26.0975 -0.521133 46.2219 -25.1641 4.20273 9.84913 2.35437 0 0 0 1.26681 3.8576 0 0 0 0 0 0.00543268 2.384 303 51 0 0 0
./complex_md-fit_926.pdb BC A 7.58321 27.5432 -10.8295 -8.72006 -12.2601 -25.7515 -0.776304 44.9367 -25.2631 6.34803 7.45212 2.75476 0 0 0 0.483029 2.31594 -0.0494066 0 0 0 0 0.0163579 2.384 303 50 2 2 0
./complex_md-fit_927.pdb BC A 6.68705 34.3351 -10.0642 -7.69119 -14.6873 -25.7555 -0.696762 46.0862 -24.8771 4.13843 10.4522 2.61929 0 0 0 0.347502 3.65668 0 0 0 0 0 0 2.384 303 50 1 1 0
./complex_md-fit_928.pdb BC A 7.43798 38.2894 -16.912 -10.35 -17.0868 -26.0759 -0.918878 45.0756 -25.1327 4.16957 10.0329 2.47722 0 0 0 0.906104 2.49199 -0.009237 0 0 0 0 0 2.384 303 49 0 0 0
./complex_md-fit_929.pdb BC A 10.0167 36.1773 -8.23411 -10.0533 -14.0575 -25.5427 -0.784516 45.3475 -24.7255 7.76416 10.3543 2.95248 0 0 0 0.538371 2.68673 -0.0273664 0 0 0 0 0 2.384 303 51 2 2 0
./complex_md-fit_92.pdb BC A 8.46138 34.7846 -13.4479 -5.9149 -13.1117 -24.0192 -0.774115 41.1951 -23.8573 4.03123 6.87263 1.45395 0 0 0 0.624696 1.94491 -1.11022e-16 0 0 0 0 0.0516872 2.384 303 51 0 0 0
./complex_md-fit_930.pdb BC A 8.40764 36.1769 -3.62797 -7.88648 -13.118 -25.9747 -0.904591 46.8969 -24.8259 8.24925 9.29103 4.10696 0 0 0 0.547057 2.50399 -0.00975714 0 0 0 0 0.000269089 2.384 303 50 0 0 0
./complex_md-fit_931.pdb BC A 8.82783 37.8249 -6.76168 -8.68511 -14.3826 -26.9934 -0.63381 48.3443 -25.4729 8.37106 9.05353 3.35254 0 0 0 0.304723 4.35306 -0.0201158 0 0 0 0 0 2.384 303 52 1 1 0
./complex_md-fit_932.pdb BC A 8.92591 36.9538 -7.31176 -8.63082 -17.1353 -27.0931 -0.988383 49.2491 -25.8941 8.809 10.8535 3.21653 0 0 0 0.337571 4.06624 -0.0358987 0 0 0 0 0 2.384 303 53 2 2 0
./complex_md-fit_933.pdb BC A 7.12453 35.5398 -11.229 -10.7871 -13.8309 -26.1557 -0.724509 46.3745 -25.0356 5.8434 9.45503 2.98229 0 0 0 0.649616 2.08916 0 0 0 0 0 0 2.384 303 48 1 1 0
./complex_md-fit_934.pdb BC A 8.20378 33.8686 -3.09072 -8.80076 -12.7864 -26.5581 -0.93423 47.7109 -25.1851 7.83736 10.8491 3.56321 0 0 0 1.22546 3.82935 -0.0120832 0 0 0 0 0 2.384 303 53 1 1 0
./complex_md-fit_935.pdb BC A 9.60771 30.4687 -13.2184 -9.36767 -13.4087 -26.0542 -0.839608 46.1506 -25.2068 5.222 7.88845 2.13482 0 0 0 0.309454 2.68084 -0.0466569 0 0 0 0 0 2.384 303 51 1 1 0
./complex_md-fit_936.pdb BC A 6.40231 31.7942 0.595167 -7.11736 -11.0098 -26.8635 -0.456831 51.7586 -25.7782 7.41467 7.64147 3.62143 0 0 0 1.35576 4.23094 0 0 0 0 0 0.028866 2.384 303 53 2 2 0
./complex_md-fit_937.pdb BC A 6.54666 39.8647 -9.14892 -9.38243 -13.7373 -26.9497 -0.855995 48.8232 -25.9972 5.80794 10.0785 2.81187 0 0 0 0.26859 2.61881 -0.0179127 0 0 0 0 0.00150051 2.384 303 56 0 0 0
./complex_md-fit_938.pdb BC A 7.12492 33.7992 -5.0788 -8.3121 -10.3816 -26.9402 -0.819792 47.8015 -26.0906 7.33862 9.14376 2.70803 0 0 0 0.439166 2.93455 -0.0115498 0 0 0 0 0.0459883 2.384 303 53 0 0 0
./complex_md-fit_939.pdb BC A 7.10637 40.5516 -1.4394 -7.64093 -10.2524 -27.4379 -0.595632 50.9142 -26.3836 7.7964 8.02563 3.75783 0 0 0 0.370492 2.75508 -0.011146 0 0 0 0 0.0175757 2.384 303 51 3 3 0
./complex_md-fit_93.pdb BC A 8.81824 37.2705 -15.2823 -6.68961 -14.3514 -23.6223 -0.918568 40.6775 -23.7196 2.77465 8.12709 1.71867 0 0 0 0.665227 2.45452 0 0 0 0 0 0.0559943 2.384 303 50 0 0 0
./complex_md-fit_940.pdb BC A 7.05755 28.8995 -11.6324 -10.6062 -12.6809 -26.3358 -0.608035 44.611 -25.711 5.4514 9.96937 3.51674 0 0 0 0.760958 3.16283 0 0 0 0 0 0 2.384 303 53 0 0 0
./complex_md-fit_941.pdb BC A 9.31651 36.8676 -8.80361 -9.22817 -11.7527 -26.5072 -0.504665 47.116 -25.7096 8.04904 7.64272 2.03353 0 0 0 0.0879784 2.49496 -0.0371412 0 0 0 0 0.00666155 2.384 303 54 1 1 0
./complex_md-fit_942.pdb BC A 6.53896 33.6497 -6.67086 -8.33487 -13.6696 -26.5798 -0.739665 48.4105 -25.4869 8.2892 7.92088 3.03401 0 0 0 0.470948 2.53252 0 0 0 0 0 0.0143288 2.384 303 54 2 2 0
./complex_md-fit_943.pdb BC A 7.94226 25.8466 -5.87025 -7.49555 -13.0537 -26.6152 -0.894043 48.5948 -25.2589 4.12195 10.6291 3.28989 0 0 0 0.822541 3.93369 -0.0439896 0 0 0 0 0.0329778 2.384 303 51 1 1 0
./complex_md-fit_944.pdb BC A 12.795 40.1105 -3.31675 -8.09717 -11.4417 -26.7991 -0.93193 49.4016 -25.7177 8.62218 9.13542 2.24022 0 0 0 0.31215 4.2728 -0.0407467 0 0 0 0 0 2.384 303 51 2 2 0
./complex_md-fit_945.pdb BC A 6.99916 39.3662 -10.1419 -8.95541 -13.7367 -26.5306 -0.680315 46.841 -25.5976 4.13307 10.1834 3.46411 0 0 0 0.738248 2.81503 -0.0235745 0 0 0 0 0.0225205 2.384 303 55 0 0 0
./complex_md-fit_946.pdb BC A 8.0739 29.7659 -3.73003 -8.16991 -13.201 -26.7349 -0.452871 47.8764 -25.774 10.0444 9.08516 2.86439 0 0 0 0.766909 2.64388 -0.0403179 0 0 0 0 0.00573952 2.384 303 51 3 3 0
./complex_md-fit_947.pdb BC A 9.21883 22.6314 -5.54989 -10.2398 -12.4509 -27.5709 -0.83241 50.1313 -26.4466 8.383 8.86042 3.60815 0 0 0 0.995169 3.12461 0 0 0 0 0 0.0126787 2.384 303 52 1 1 0
./complex_md-fit_948.pdb BC A 8.93017 39.0302 -2.76225 -9.26853 -7.71174 -26.594 -0.546743 48.4657 -25.9034 6.00161 8.04597 3.77152 0 0 0 0.997158 2.62274 -0.0198833 0 0 0 0 0.000104993 2.384 303 52 1 1 0
./complex_md-fit_949.pdb BC A 10.9276 32.88 -12.3537 -11.4279 -15.801 -26.5863 -0.780254 46.6073 -25.4454 5.64328 10.3539 4.4855 0 0 0 0.588582 3.06846 -0.0111828 0 0 0 0 0.0197204 2.384 303 52 1 1 0
./complex_md-fit_94.pdb BC A 8.74084 37.8374 -12.2599 -7.4957 -13.4216 -24.103 -0.537993 41.3692 -24.4372 3.97771 8.37642 3.46488 0 0 0 0.462462 2.44277 0.0288219 0 0 0 0 0.0561818 2.384 303 49 0 0 0
./complex_md-fit_950.pdb BC A 7.77147 30.6457 -9.97195 -11.6877 -12.8339 -26.2769 -0.480898 48.006 -25.3617 5.1508 9.60438 3.41017 0 0 0 0.528051 2.44767 -0.0337161 0 0 0 0 0.00348857 2.384 303 49 0 0 0
./complex_md-fit_951.pdb BC A 11.6565 37.5179 -7.40645 -8.86984 -12.5913 -26.3373 -0.515718 47.744 -25.8804 6.84833 9.35058 2.52446 0 0 0 0.358112 2.66127 -0.037352 0 0 0 0 0 2.384 303 51 1 1 0
./complex_md-fit_952.pdb BC A 9.96202 31.8436 -4.95241 -9.30718 -10.315 -25.5188 -0.688084 45.5852 -24.5328 8.53277 8.98088 1.89214 0 0 0 0.400183 2.49888 -0.00307498 0 0 0 0 0.0212664 2.384 303 51 2 2 0
./complex_md-fit_953.pdb BC A 7.46977 36.0137 -6.61852 -7.34306 -12.4303 -25.5339 -0.483477 46.2393 -24.8568 5.6937 8.54724 3.28011 0 0 0 0.307526 4.08867 -0.0388254 0 0 0 0 0 2.384 303 48 1 1 0
./complex_md-fit_954.pdb BC A 8.1455 28.6753 -6.00402 -7.31146 -14.0677 -26.284 -0.762232 46.0763 -26.1085 9.38059 10.1743 2.69809 0 0 0 0.230189 3.57868 -0.0394154 0 0 0 0 0.00985288 2.384 303 52 3 3 0
./complex_md-fit_955.pdb BC A 7.97774 31.1435 -6.09872 -8.23476 -11.0914 -25.9813 -0.752287 45.6541 -25.3328 5.98208 8.94802 4.39534 0 0 0 0.361262 2.61178 -0.0469716 0 0 0 0 0 2.384 303 49 2 2 0
./complex_md-fit_956.pdb BC A 7.66434 36.0359 -7.39576 -9.86952 -12.3015 -27.8993 -0.644085 50.1855 -27.0728 5.79762 10.8559 2.99331 0 0 0 0.517636 2.69962 0 0 0 0 0 0.0414686 2.384 303 54 2 2 0
./complex_md-fit_957.pdb BC A 7.33405 34.7463 -9.06519 -9.92471 -10.653 -25.7146 -0.362271 45.9334 -24.8773 3.75779 8.94133 3.42559 0 0 0 0.386353 2.27434 5.55112e-17 0 0 0 0 0.0222205 2.384 303 50 0 0 0
./complex_md-fit_958.pdb BC A 7.63943 34.1599 -5.52477 -8.17441 -9.78008 -26.2756 -0.298079 46.7117 -25.3098 5.52579 8.938 2.22454 0 0 0 0.934892 2.34451 -0.0216943 0 0 0 0 0 2.384 303 48 0 0 0
./complex_md-fit_959.pdb BC A 6.50774 30.7593 -7.61291 -9.47849 -9.43802 -26.7551 -0.477994 48.6781 -25.8398 4.17608 8.95119 2.20195 0 0 0 0.352181 3.42786 -0.00912044 0 0 0 0 0.0260694 2.384 303 54 1 1 0
./complex_md-fit_95.pdb BC A 7.0098 33.7318 -12.1785 -4.90392 -12.7817 -24.7959 -0.470777 44.1436 -24.7503 3.05212 6.88037 1.30506 0 0 0 0.089186 2.40324 0 0 0 0 0 0.0538772 2.384 303 49 0 0 0
./complex_md-fit_960.pdb BC A 7.27364 35.1568 1.98142 -8.31307 -8.22075 -26.6929 -0.682585 48.1865 -25.8353 9.55595 9.09478 4.28493 0 0 0 0.636176 2.69708 -0.0324392 0 0 0 0 0 2.384 303 51 3 3 0
./complex_md-fit_961.pdb BC A 6.59562 38.9623 -3.66655 -8.05952 -10.5188 -26.4535 -0.742344 48.599 -25.3644 7.26196 9.37846 1.90584 0 0 0 0.326635 2.75046 0 0 0 0 0 0 2.384 303 53 1 1 0
./complex_md-fit_962.pdb BC A 8.16741 37.1613 -8.68453 -10.6414 -11.4154 -26.6423 -0.715802 47.5265 -25.3513 6.64465 9.07997 2.29627 0 0 0 0.534208 2.85398 0 0 0 0 0 0 2.384 303 53 0 0 0
./complex_md-fit_963.pdb BC A 9.79277 36.8023 -4.78326 -7.29006 -10.1665 -25.5107 -0.635286 45.1675 -24.7951 7.01938 8.07571 2.84773 0 0 0 0.50413 4.29274 0 0 0 0 0 0 2.384 303 54 1 1 0
./complex_md-fit_964.pdb BC A 7.25115 31.3213 -7.82224 -9.6932 -14.1921 -28.0792 -0.564201 50.8581 -26.8237 6.43852 11.1295 2.82798 0 0 0 0.297591 2.82102 -0.0215151 0 0 0 0 0 2.384 303 56 0 0 0
./complex_md-fit_965.pdb BC A 6.68676 35.6408 -9.41909 -10.322 -11.6294 -25.9988 -0.37348 46.1652 -24.9248 5.33978 9.42943 2.57821 0 0 0 0.345015 2.62752 -0.0283096 0 0 0 0 0 2.384 303 50 0 0 0
./complex_md-fit_966.pdb BC A 9.58449 31.4328 -10.0536 -9.09201 -13.9258 -28.027 -0.768536 49.7505 -27.1649 4.75655 9.82763 3.70818 0 0 0 0.881621 4.43669 1.11022e-16 0 0 0 0 0 2.384 303 53 0 0 0
./complex_md-fit_967.pdb BC A 9.72364 35.2012 -3.72387 -8.30304 -12.4753 -26.6787 -0.687561 48.53 -25.991 8.14532 9.68638 3.59433 0 0 0 0.475552 3.15815 -0.0399038 0 0 0 0 0.0200624 2.384 303 54 0 0 0
./complex_md-fit_968.pdb BC A 7.0743 33.9049 -7.56445 -7.99397 -11.7607 -25.1603 -0.31525 44.9674 -24.543 6.96185 8.18158 1.86282 0 0 0 0.255132 4.52969 -0.0199843 0 0 0 0 0 2.384 303 51 1 1 0
./complex_md-fit_969.pdb BC A 7.62977 33.3486 -8.81442 -10.232 -13.2464 -26.3236 -0.470217 46.4781 -25.6134 6.70258 9.53533 4.14554 0 0 0 0.250195 2.76774 -0.0404237 0 0 0 0 0 2.384 303 54 1 1 0
./complex_md-fit_96.pdb BC A 5.86285 40.6325 -21.7006 -7.52948 -17.6217 -23.8516 -0.817813 40.6276 -23.6238 1.59427 8.01756 1.00684 0 0 0 0.443392 2.18252 0 0 0 0 0 0.0543021 2.384 303 47 0 0 0
./complex_md-fit_970.pdb BC A 8.70944 34.5807 0.845319 -8.74079 -12.6256 -26.3935 -0.88665 48.9064 -25.1685 11.4929 10.4553 3.53923 0 0 0 0.298666 2.71421 -0.0322158 0 0 0 0 0 2.384 303 54 5 5 0
./complex_md-fit_971.pdb BC A 7.87633 39.5142 -4.45265 -8.9623 -10.7157 -25.8687 -0.505705 47.1413 -24.9717 6.85746 8.45726 3.39891 0 0 0 0.716628 2.55475 0 0 0 0 0 0 2.384 303 54 1 1 0
./complex_md-fit_972.pdb BC A 8.34579 34.9106 -3.92421 -8.85314 -11.3257 -26.6462 -0.589783 48.4463 -26.0381 8.33012 9.92281 2.35779 0 0 0 0.471619 4.30929 0 0 0 0 0 0 2.384 303 51 2 2 0
./complex_md-fit_973.pdb BC A 7.50165 40.9056 -11.4261 -9.93077 -14.906 -25.5323 -0.636401 43.8655 -24.7853 6.86304 9.6649 3.55446 0 0 0 0.416673 3.08333 0 0 0 0 0 0 2.384 303 50 2 1 1
./complex_md-fit_974.pdb BC A 8.17066 29.2423 -7.71244 -8.3637 -12.6042 -26.258 -0.609162 47.5554 -25.6004 5.12984 9.60784 2.43441 0 0 0 1.04241 3.6035 -0.046904 0 0 0 0 0 2.384 303 49 0 0 0
./complex_md-fit_975.pdb BC A 6.43363 35.5703 -8.32323 -9.29255 -13.6635 -26.9081 -0.718036 48.066 -26.1779 6.65941 9.98788 2.94944 0 0 0 0.80258 2.96514 -0.0284529 0 0 0 0 0 2.384 303 50 2 2 0
./complex_md-fit_976.pdb BC A 8.45047 28.4097 -11.8262 -10.8493 -13.3833 -27.0051 -0.461858 48.0095 -26.0086 4.5854 10.3626 2.18095 0 0 0 0.779157 2.71224 -0.0375319 0 0 0 0 0.00190501 2.384 303 51 0 0 0
./complex_md-fit_977.pdb BC A 8.59357 42.3636 -8.73591 -10.6496 -13.4847 -26.2722 -0.719863 46.475 -25.4743 6.58003 10.1254 3.903 0 0 0 0.825809 2.70084 -0.0443767 0 0 0 0 0 2.384 303 49 1 1 0
./complex_md-fit_978.pdb BC A 8.34723 29.5665 -7.97314 -9.96132 -12.6518 -26.222 -0.501701 47.4918 -25.4412 6.00221 9.28548 3.39303 0 0 0 0.632356 2.78819 1.11022e-16 0 0 0 0 0 2.384 303 51 1 1 0
./complex_md-fit_979.pdb BC A 7.35537 34.8436 -11.7451 -10.9301 -14.1435 -26.9484 -0.763751 47.392 -26.2711 3.28455 11.8379 4.24507 0 0 0 0.552308 2.7187 0 0 0 0 0 0 2.384 303 52 0 0 0
./complex_md-fit_97.pdb BC A 7.40911 34.3761 -10.8832 -6.24444 -13.5446 -23.7908 -0.868669 41.9468 -23.4446 4.68164 8.12621 1.60575 0 0 0 0.614578 2.17883 0 0 0 0 0 0.0348945 2.384 303 52 1 1 0
./complex_md-fit_980.pdb BC A 7.32422 37.7489 -15.5632 -9.17951 -17.1832 -26.96 -0.718555 46.366 -26.1155 4.52967 11.0939 2.34223 0 0 0 0.282347 3.71581 -0.0206026 0 0 0 0 1.11022e-16 2.384 303 52 0 0 0
./complex_md-fit_981.pdb BC A 7.15117 42.8134 -3.30562 -7.02825 -9.95442 -25.3578 -0.597829 45.6172 -24.3947 7.48142 7.70119 2.66086 0 0 0 0.547961 3.73664 0 0 0 0 0 0.0188086 2.384 303 51 4 4 0
./complex_md-fit_982.pdb BC A 10.6156 37.2038 -9.3575 -9.10052 -12.1834 -26.5113 -0.608511 46.7803 -25.7461 5.4396 9.36716 2.86111 0 0 0 0.344223 2.73662 0 0 0 0 0 0 2.384 303 54 1 1 0
./complex_md-fit_983.pdb BC A 8.59588 36.5451 -10.2749 -9.19409 -13.4152 -26.3561 -0.692988 47.2479 -25.4713 5.80035 9.29796 2.09253 0 0 0 0.416108 3.93982 0 0 0 0 0 0 2.384 303 54 0 0 0
./complex_md-fit_984.pdb BC A 8.79646 36.8192 -2.86332 -9.61104 -10.8814 -27.825 -0.807653 49.8401 -26.8777 8.45272 9.10849 4.70671 0 0 0 1.03147 2.7814 0 0 0 0 0 0 2.384 303 54 1 1 0
./complex_md-fit_985.pdb BC A 8.50466 32.2105 -11.7428 -9.0572 -15.9847 -25.3472 -0.539779 44.871 -24.4206 4.63781 9.70339 4.04694 0 0 0 0.347548 2.97457 0 0 0 0 0 0 2.384 303 52 1 1 0
./complex_md-fit_986.pdb BC A 8.19111 33.5658 -3.77274 -7.87743 -13.827 -25.4916 -0.805631 46.8138 -24.2463 8.01411 9.36629 3.52173 0 0 0 0.770525 2.45784 -0.011176 0 0 0 0 0 2.384 303 50 1 1 0
./complex_md-fit_987.pdb BC A 13.3093 31.5208 -6.71398 -8.99591 -12.4933 -25.0654 -0.823078 45.5407 -23.9697 5.6825 9.65515 3.29316 0 0 0 0.461773 2.38006 0 0 0 0 0 0 2.384 303 54 1 1 0
./complex_md-fit_988.pdb BC A 9.19347 36.8937 -4.31407 -8.53515 -11.4458 -26.1652 -0.942087 47.0073 -25.0727 6.62539 9.53107 3.9863 0 0 0 0.695331 2.77277 -0.0108875 0 0 0 0 0.0124513 2.384 303 53 1 1 0
./complex_md-fit_989.pdb BC A 7.08453 33.0369 -6.20348 -7.68465 -9.71754 -25.0278 -0.907567 43.4893 -24.1308 5.98654 9.009 2.55836 0 0 0 0.231801 4.25712 -0.0101073 0 0 0 0 0 2.384 303 51 1 1 0
./complex_md-fit_98.pdb BC A 7.96336 29.9254 -12.8535 -6.5498 -12.0019 -24.3678 -0.638808 41.8087 -24.4067 2.69611 7.27634 2.63834 0 0 0 0.616805 3.18418 0.0217463 0 0 0 0 0.0534039 2.384 303 47 0 0 0
./complex_md-fit_990.pdb BC A 6.38455 30.5845 -11.7136 -9.13256 -15.225 -25.3011 -0.882222 43.9431 -24.7631 5.15503 9.27185 4.58983 0 0 0 0.630579 2.62315 0 0 0 0 0 0 2.384 303 52 2 2 0
./complex_md-fit_991.pdb BC A 8.52446 37.3136 -10.6731 -9.86409 -13.6176 -26.184 -0.487745 45.3134 -25.363 5.42793 9.88456 3.698 0 0 0 0.519398 2.76328 0 0 0 0 0 0 2.384 303 51 2 2 0
./complex_md-fit_992.pdb BC A 8.63653 36.7303 -8.91089 -10.1739 -13.1871 -24.8503 -0.430601 43.8688 -23.8905 6.45314 9.8162 2.68415 0 0 0 0.770568 2.71663 1.11022e-16 0 0 0 0 0.0286814 2.384 303 53 1 1 0
./complex_md-fit_993.pdb BC A 6.79633 44.4364 -5.74923 -8.45468 -13.6873 -24.9931 -0.601121 45.0599 -23.9843 6.93924 9.62503 3.60301 0 0 0 0.744091 3.87129 0 0 0 0 0 0 2.384 303 49 2 2 0
./complex_md-fit_994.pdb BC A 9.44197 30.8576 -6.99232 -10.142 -14.7095 -24.7654 -0.89491 45.056 -23.4765 7.35367 10.5269 3.73913 0 0 0 0.289894 2.67355 0 0 0 0 0 0.0304283 2.384 303 53 2 2 0
./complex_md-fit_995.pdb BC A 9.21108 32.2648 -2.21033 -6.22222 -9.44589 -25.1648 -0.658419 45.7707 -24.162 6.05338 8.72592 2.51312 0 0 0 0.391494 3.80334 -0.0117004 0 0 0 0 0 2.384 303 53 2 2 0
./complex_md-fit_996.pdb BC A 8.14288 39.0574 -0.433977 -6.9616 -13.4609 -26.4101 -0.85783 50.3341 -25.383 8.40058 10.0605 3.59461 0 0 0 0.272163 2.65091 -0.0224534 0 0 0 0 0 2.384 303 52 0 0 0
./complex_md-fit_997.pdb BC A 9.80847 38.2607 -6.43657 -9.14331 -11.8715 -26.1922 -0.449413 48.3941 -24.8594 5.4476 8.67375 3.1624 0 0 0 0.401376 2.32961 0 0 0 0 0 0 2.384 303 54 0 0 0
./complex_md-fit_998.pdb BC A 7.90385 33.1341 -5.56267 -7.25726 -13.9743 -26.2121 -0.766085 47.3747 -25.4586 6.86511 9.86323 3.18255 0 0 0 0.85595 4.09004 -0.0360073 0 0 0 0 0 2.384 303 53 2 2 0
./complex_md-fit_999.pdb BC A 6.38669 26.3584 -1.84159 -8.56761 -8.99757 -26.0322 -0.515945 46.4798 -25.2932 7.40021 9.07812 3.60081 0 0 0 1.00592 4.39017 0 0 0 0 0 0 2.384 303 51 2 2 0
./complex_md-fit_99.pdb BC A 6.86385 37.3408 -8.70509 -6.54068 -12.8261 -24.7124 -0.786703 44.0426 -24.6172 5.00933 8.15581 3.01107 0 0 0 0.515264 2.6098 -0.0130062 0 0 0 0 0.0568966 2.384 303 51 1 1 0
./complex_md-fit_9.pdb BC A 7.45045 34.1505 -10.3328 -8.84943 -15.9235 -24.7298 -1.28509 44.2583 -23.9257 6.01128 9.35529 4.38937 0 0 0 0.366532 2.7321 0 0 0 0 0 0 2.384 303 53 0 0 0
