./complex_md-fit_1000.pdb BC A 6.31648 27.2423 -7.22492 -6.43057 -8.92315 -26.7187 -0.378246 47.1274 -26.2454 3.44703 8.0239 2.5036 0 0 0 0.369167 2.88615 5.55112e-17 0 0 0 0 0 2.384 303 51 1 1 0
./complex_md-fit_1001.pdb BC A 8.15623 24.7034 -4.43398 -4.51045 -9.62275 -26.7879 -0.494691 45.2644 -27.0784 6.69636 7.81947 3.86066 0 0 0 0.413224 2.62633 -1.11022e-16 0 0 0 0 0.00609045 2.384 303 47 2 2 0
./complex_md-fit_100.pdb BC A 7.53923 27.6332 -6.24952 -3.42227 -15.1885 -24.6476 -0.477973 41.8058 -24.5151 7.9791 8.4162 3.11056 0 0 0 0.673289 2.78823 0.0169712 0 0 0 0 0 2.384 303 50 2 2 0
./complex_md-fit_101.pdb BC A 7.87226 29.3601 -9.34073 -4.42005 -10.3038 -23.4144 -0.42469 40.0886 -22.613 3.05456 6.08204 2.16804 0 0 0 0.441977 2.80693 0 0 0 0 0 0 2.384 303 54 0 0 0
./complex_md-fit_102.pdb BC A 8.45134 33.9339 -5.67972 -4.04726 -9.96775 -23.7718 -0.408796 39.3462 -23.472 7.95895 6.04141 2.01025 0 0 0 0.604508 2.55677 0.0264993 0 0 0 0 0 2.384 303 52 2 2 0
./complex_md-fit_103.pdb BC A 6.85228 33.0177 -11.1911 -3.72407 -15.4154 -23.1006 -0.452573 39.8916 -22.4566 3.52819 8.03227 2.24017 0 0 0 0.265822 2.41909 -1.73472e-17 0 0 0 0 0 2.384 303 52 0 0 0
./complex_md-fit_104.pdb BC A 8.34349 35.569 -12.9082 -5.01897 -12.4825 -23.5746 -0.360186 38.9213 -23.1415 4.84937 5.75227 2.01902 0 0 0 0.127578 2.55355 -1.11022e-16 0 0 0 0 0 2.384 303 56 1 1 0
./complex_md-fit_105.pdb BC A 8.19659 31.2642 -13.1274 -3.65471 -13.507 -23.8299 -0.343567 39.1088 -23.6592 5.85131 5.15504 1.04008 0 0 0 0.711789 2.53563 0 0 0 0 0 0 2.384 303 51 0 0 0
./complex_md-fit_106.pdb BC A 6.83485 33.694 -14.4328 -4.26923 -12.5586 -23.3496 -0.201064 38.5746 -23.1393 2.38699 6.41039 1.39563 0 0 0 0.317367 2.52974 0 0 0 0 0 0 2.384 303 50 0 0 0
./complex_md-fit_107.pdb BC A 6.96547 28.9559 -10.6341 -4.46404 -11.8948 -23.5982 -0.340938 39.044 -23.2843 5.82811 5.62251 1.98274 0 0 0 0.470879 2.43814 0 0 0 0 0 0 2.384 303 55 1 1 0
./complex_md-fit_108.pdb BC A 7.12795 33.4454 -18.348 -5.03772 -14.0401 -23.2584 -0.368152 37.3512 -22.8101 2.5437 5.56351 1.01398 0 0 0 0.694106 2.44903 5.55112e-17 0 0 0 0 0 2.384 303 51 0 0 0
./complex_md-fit_109.pdb BC A 10.5332 29.9619 -14.9791 -6.1777 -15.881 -23.3541 -0.421637 37.9442 -22.3154 6.57175 7.30521 1.06426 0 0 0 0.285249 2.50756 0 0 0 0 0 0 2.384 303 53 0 0 0
./complex_md-fit_10.pdb BC A 7.11322 36.2992 -11.3006 -9.82145 -6.78446 -25.593 -0.683448 41.8421 -26.6576 4.94624 7.57578 3.57539 0 0 0 0.319627 2.42677 -0.0198548 0 0 0 0 0 2.384 303 56 2 2 0
./complex_md-fit_110.pdb BC A 7.37623 30.267 -13.0075 -4.45865 -11.1838 -23.8178 -0.38544 38.3608 -23.1546 5.11646 5.55238 0.553651 0 0 0 0.409534 2.30999 -1.38778e-17 0 0 0 0 0 2.384 303 51 0 0 0
./complex_md-fit_111.pdb BC A 9.45896 31.2686 -7.36445 -4.1859 -14.1724 -24.2782 -0.306643 41.0935 -23.3566 8.01948 7.31944 2.35653 0 0 0 0.134953 2.80767 0 0 0 0 0 0.0112826 2.384 303 53 2 2 0
./complex_md-fit_112.pdb BC A 8.82335 33.182 -16.4176 -5.1865 -15.0722 -22.8829 -0.597031 37.5448 -22.2034 4.35414 5.8092 1.60601 0 0 0 0.210322 2.41426 0 0 0 0 0 0 2.384 303 52 0 0 0
./complex_md-fit_113.pdb BC A 8.14944 33.7701 -10.9244 -3.51953 -12.6749 -23.1392 -0.440202 38.0104 -22.2545 6.07938 5.47114 1.12352 0 0 0 0.419528 2.61716 0 0 0 0 0 0 2.384 303 48 0 0 0
./complex_md-fit_114.pdb BC A 7.50898 38.6608 -13.8616 -4.95031 -13.8489 -22.6545 -0.59912 36.583 -22.48 5.53762 7.18923 1.29033 0 0 0 0.0710843 2.32071 0 0 0 0 0 0 2.384 303 52 1 1 0
./complex_md-fit_115.pdb BC A 6.78606 31.8174 -13.7175 -5.09498 -14.8902 -23.8908 -0.528495 39.5453 -23.1497 6.22314 6.44821 1.19698 0 0 0 0.422967 2.38803 0 0 0 0 0 0 2.384 303 49 0 0 0
./complex_md-fit_116.pdb BC A 6.34602 30.677 -18.0174 -6.7679 -13.3221 -24.7358 -0.580012 39.7738 -24.9027 2.78359 7.13723 2.03168 0 0 0 0.564816 2.80086 0 0 0 0 0 0 2.384 303 53 0 0 0
./complex_md-fit_117.pdb BC A 9.53402 34.3649 -9.58232 -4.67973 -12.5294 -25.2307 -0.434199 43.1728 -25.1335 7.24749 6.15904 1.48347 0 0 0 0.357184 2.71424 0.00532183 0 0 0 0 0 2.384 303 55 1 1 0
./complex_md-fit_118.pdb BC A 9.26779 34.7253 -9.85077 -4.68972 -11.1703 -22.884 -0.418634 36.3928 -22.6337 7.31539 6.2073 1.34351 0 0 0 0.686649 2.39463 0 0 0 0 0 0 2.384 303 50 1 1 0
./complex_md-fit_119.pdb BC A 7.31884 30.8662 -13.4551 -4.4881 -13.3423 -23.3403 -0.463212 38.1525 -23.094 6.35228 5.65683 0.909877 0 0 0 0.201261 2.54417 0 0 0 0 0 0 2.384 303 52 1 1 0
./complex_md-fit_11.pdb BC A 6.77645 28.4557 -10.7144 -7.25894 -7.89877 -24.5435 -0.606154 39.9539 -25.2642 5.10817 6.02967 3.17691 0 0 0 0.583565 2.53685 1.11022e-16 0 0 0 0 0.00485992 2.384 303 49 3 3 0
./complex_md-fit_120.pdb BC A 8.14636 31.8955 -10.8038 -4.3528 -10.426 -22.6334 -0.582352 36.6465 -22.6972 3.71995 6.58984 2.75193 0 0 0 0.179802 2.37735 0 0 0 0 0 0 2.384 303 54 0 0 0
./complex_md-fit_121.pdb BC A 6.89182 30.8233 -9.75169 -4.1443 -12.4657 -22.7242 -0.608043 37.6833 -22.1457 5.55238 6.93626 1.68472 0 0 0 0.479542 2.40944 0 0 0 0 0 0 2.384 303 50 1 1 0
./complex_md-fit_122.pdb BC A 8.7119 24.0329 -9.63628 -5.21263 -13.9771 -23.0995 -0.462484 39.5348 -21.7254 7.01585 7.20115 0.945163 0 0 0 0.143981 2.48002 0 0 0 0 0 0 2.384 303 50 0 0 0
./complex_md-fit_123.pdb BC A 7.68407 29.7668 -14.1647 -4.86491 -12.111 -23.5347 -0.506619 37.9474 -23.6458 3.64762 6.28285 2.42133 0 0 0 0.199101 2.53906 0 0 0 0 0 0 2.384 303 54 0 0 0
./complex_md-fit_124.pdb BC A 7.1725 29.9226 -9.35236 -4.39082 -11.3137 -23.4005 -0.594668 38.898 -23.5536 4.48234 7.61034 2.66352 0 0 0 0.246651 2.76286 0 0 0 0 0 0 2.384 303 51 0 0 0
./complex_md-fit_125.pdb BC A 7.9028 35.4777 -7.22236 -4.27667 -11.9733 -23.038 -0.680437 39.1497 -22.595 6.28417 6.33621 3.23723 0 0 0 0.333658 2.51504 0 0 0 0 0 0 2.384 303 54 0 0 0
./complex_md-fit_126.pdb BC A 7.19666 31.9825 -14.0852 -5.63496 -12.067 -23.7536 -0.465124 38.3293 -23.8659 3.63056 6.52058 2.73455 0 0 0 0.486337 2.27879 -2.77556e-17 0 0 0 0 0 2.384 303 50 0 0 0
./complex_md-fit_127.pdb BC A 8.61069 33.8725 -7.73573 -4.15338 -8.35246 -23.3692 -0.550524 38.4948 -23.6569 4.60749 6.27053 2.17753 0 0 0 0.796363 2.44733 -5.55112e-17 0 0 0 0 0 2.384 303 53 0 0 0
./complex_md-fit_128.pdb BC A 7.27446 37.6937 -11.9641 -5.96104 -11.0095 -24.1185 -0.844996 39.5643 -24.5097 4.39039 6.73603 3.33634 0 0 0 0.452611 2.35429 0 0 0 0 0 0 2.384 303 51 0 0 0
./complex_md-fit_129.pdb BC A 7.44305 29.7758 -12.5611 -7.66104 -12.1025 -24.5159 -0.578267 39.6717 -24.8164 7.09891 6.97511 3.00246 0 0 0 0.364989 2.60042 0 0 0 0 0 0 2.384 303 54 1 1 0
./complex_md-fit_12.pdb BC A 5.79935 37.2968 -6.02324 -5.67581 -6.41713 -25.4825 -0.624913 41.1761 -26.3244 7.33869 7.0606 2.50724 0 0 0 0.409896 3.29196 0 0 0 0 0 0.00897407 2.384 303 55 1 1 0
./complex_md-fit_130.pdb BC A 6.84577 27.2792 -10.0575 -5.64841 -8.1551 -24.1973 -0.569221 39.4347 -24.7324 4.77398 5.85967 2.83167 0 0 0 0.34498 2.64029 -1.11022e-16 0 0 0 0 0 2.384 303 53 1 1 0
./complex_md-fit_131.pdb BC A 6.90866 30.3483 -15.041 -6.4414 -13.0684 -24.9404 -0.584687 41.8233 -25.3434 3.94044 7.02654 2.25889 0 0 0 0.288157 2.78431 0 0 0 0 0 0 2.384 303 50 0 0 0
./complex_md-fit_132.pdb BC A 7.74119 31.8482 -3.59141 -3.61823 -6.24755 -22.1204 -0.547247 37.4882 -23.0837 6.02909 5.73595 2.60404 0 0 0 0.168371 2.55388 -5.55112e-17 0 0 0 0 0 2.384 303 53 2 2 0
./complex_md-fit_133.pdb BC A 8.16948 31.4183 -17.5328 -5.88855 -12.4418 -22.4879 -0.59656 36.1852 -23.7596 2.42318 7.17428 1.689 0 0 0 0.170005 2.2419 0 0 0 0 0 0 2.384 303 51 0 0 0
./complex_md-fit_134.pdb BC A 6.88901 37.7147 -12.7689 -5.08311 -9.89057 -22.8886 -0.655086 37.995 -23.6233 1.6319 6.7267 2.41843 0 0 0 0.599672 2.58327 0 0 0 0 0 0 2.384 303 55 0 0 0
./complex_md-fit_135.pdb BC A 6.62679 31.5347 -7.59268 -5.38884 -10.0191 -23.9844 -0.511266 40.6207 -24.3685 6.72294 7.05883 1.62773 0 0 0 0.649227 2.71618 0 0 0 0 0 0 2.384 303 53 1 1 0
./complex_md-fit_136.pdb BC A 6.99289 31.3627 -11.9257 -5.09512 -12.1408 -24.3282 -0.510067 40.222 -25.1765 5.27579 7.3212 2.08897 0 0 0 0.417092 2.97302 1.38778e-17 0 0 0 0 0 2.384 303 54 1 1 0
./complex_md-fit_137.pdb BC A 8.18347 32.1913 -14.8506 -8.68392 -12.7761 -23.1327 -0.668304 38.3443 -23.278 4.20063 9.04014 1.90374 0 0 0 0.199649 2.27199 0 0 0 0 0 0 2.384 303 51 0 0 0
./complex_md-fit_138.pdb BC A 6.46143 29.0466 -13.237 -7.4643 -11.7571 -24.5146 -0.562865 39.477 -25.2098 5.94307 7.73348 2.72269 0 0 0 0.395416 2.54833 0 0 0 0 0 0 2.384 303 51 0 0 0
./complex_md-fit_139.pdb BC A 8.1589 31.201 -14.8887 -6.73997 -12.9448 -24.5075 -0.533465 40.0822 -25.1709 4.62435 7.50448 2.19254 0 0 0 0.604342 2.24973 0 0 0 0 0 0 2.384 303 51 0 0 0
./complex_md-fit_13.pdb BC A 7.63006 36.1437 -13.6293 -9.94468 -8.88115 -24.4677 -0.655672 39.7697 -25.0186 3.74605 7.4155 4.0604 0 0 0 0.338821 2.34131 0 0 0 0 0 0.00799298 2.384 303 48 2 2 0
./complex_md-fit_140.pdb BC A 6.3107 26.1704 -9.05552 -4.35264 -11.6965 -24.1237 -0.496447 40.6032 -24.5477 6.65446 7.23437 1.47851 0 0 0 0.190893 2.50688 5.55112e-17 0 0 0 0 0 2.384 303 49 1 1 0
./complex_md-fit_141.pdb BC A 8.18194 29.3254 -6.25371 -3.72636 -9.24531 -23.7785 -0.494578 40.2207 -24.4007 6.6813 6.59638 1.69583 0 0 0 0.19755 2.57132 0 0 0 0 0 0 2.384 303 55 1 1 0
./complex_md-fit_142.pdb BC A 8.37268 31.0667 -17.7502 -4.99287 -12.5601 -25.2054 -0.648509 39.3341 -26.0544 4.51207 6.2977 1.48472 0 0 0 0.0825916 2.58111 1.11022e-16 0 0 0 0 0 2.384 303 52 0 0 0
./complex_md-fit_143.pdb BC A 7.23766 27.2876 -5.95864 -4.246 -10.9636 -24.8199 -0.734111 42.0387 -25.4092 7.86942 8.03876 2.02428 0 0 0 0.242883 2.47075 0 0 0 0 0 0 2.384 303 53 1 1 0
./complex_md-fit_144.pdb BC A 6.10008 29.2584 -11.5947 -4.65608 -8.82767 -24.9092 -0.439125 40.2728 -25.8336 4.06561 7.18483 1.32875 0 0 0 0.218917 2.69519 0 0 0 0 0 -2.22045e-16 2.384 303 55 1 1 0
./complex_md-fit_145.pdb BC A 8.31725 36.8643 -12.9124 -5.89265 -10.5747 -24.7505 -0.481747 39.7617 -25.6269 5.6561 6.94938 1.59596 0 0 0 0.451053 3.17217 0 0 0 0 0 0 2.384 303 52 0 0 0
./complex_md-fit_146.pdb BC A 8.59745 26.5536 -13.8129 -4.58711 -11.556 -24.5193 -0.434023 39.4455 -25.6539 5.38856 6.68997 1.28521 0 0 0 0.128343 2.8207 0 0 0 0 0 0 2.384 303 51 0 0 0
./complex_md-fit_147.pdb BC A 7.27259 35.3739 -10.9071 -5.22124 -11.7444 -23.7729 -0.481974 39.7758 -24.1891 5.20917 6.92463 1.67467 0 0 0 0.918264 2.61938 0 0 0 0 0 0 2.384 303 56 0 0 0
./complex_md-fit_148.pdb BC A 7.75615 25.3259 -13.8335 -6.06696 -10.4919 -24.8841 -0.518324 41.8374 -25.9058 3.30951 6.74793 1.8696 0 0 0 0.294192 3.01931 -0.024922 0 0 0 0 0 2.384 303 54 0 0 0
./complex_md-fit_149.pdb BC A 7.47745 36.0261 -11.6964 -5.5181 -13.3079 -25.6445 -0.381011 43.3681 -26.2093 4.96354 8.21988 2.53186 0 0 0 0.302155 3.27608 -0.0212003 0 0 0 0 0 2.384 303 56 1 1 0
./complex_md-fit_14.pdb BC A 9.07348 38.7842 -11.2086 -7.68991 -9.27221 -22.7113 -0.616084 35.5469 -23.1329 6.28641 6.07108 3.94299 0 0 0 0.36641 2.35376 0 0 0 0 0 0 2.384 303 48 2 2 0
./complex_md-fit_150.pdb BC A 6.94735 28.3175 -7.02073 -2.63263 -11.1412 -23.9799 -0.414075 41.597 -24.7556 5.57607 6.16845 2.22109 0 0 0 0.350209 2.61061 -0.0101623 0 0 0 0 0 2.384 303 54 0 0 0
./complex_md-fit_151.pdb BC A 6.90214 31.5897 -12.526 -3.90845 -10.6082 -23.9274 -0.293967 38.8107 -25.1889 3.72707 7.10698 1.29668 0 0 0 0.459532 2.47122 0 0 0 0 0 0 2.384 303 53 0 0 0
./complex_md-fit_152.pdb BC A 6.23646 30.3024 -10.8968 -3.74572 -10.939 -24.9214 -0.464827 40.7973 -26.0954 5.3501 7.67993 0.8883 0 0 0 0.553876 2.69631 0 0 0 0 0 0 2.384 303 53 0 0 0
./complex_md-fit_153.pdb BC A 7.47398 27.7018 -7.84995 -2.4101 -10.547 -23.109 -0.369495 38.7315 -23.5953 3.85463 7.44692 1.79597 0 0 0 0.351934 2.45328 0 0 0 0 0 0 2.384 303 52 0 0 0
./complex_md-fit_154.pdb BC A 7.66678 25.8179 -10.9771 -3.49611 -11.2322 -23.2209 -0.439736 39.744 -23.8303 2.71312 7.32839 1.19066 0 0 0 0.266121 2.37782 0 0 0 0 0 0 2.384 303 53 0 0 0
./complex_md-fit_155.pdb BC A 7.53202 37.629 -14.4964 -6.11524 -11.8114 -25.0172 -0.440487 39.5954 -26.3588 5.51143 8.04662 1.68064 0 0 0 0.412749 2.95658 0 0 0 0 0 0 2.384 303 54 0 0 0
./complex_md-fit_156.pdb BC A 7.72865 31.6512 -9.19164 -4.52562 -11.0343 -25.0889 -0.508348 42.4918 -26.0974 5.41842 7.89822 2.10284 0 0 0 0.151612 3.14022 0 0 0 0 0 0 2.384 303 55 1 1 0
./complex_md-fit_157.pdb BC A 7.47498 28.5373 -12.6246 -4.57737 -12.4806 -22.2511 -0.6399 36.8002 -22.8188 2.98645 8.47316 1.6933 0 0 0 0.190181 2.23047 0 0 0 0 0 0 2.384 303 54 0 0 0
./complex_md-fit_158.pdb BC A 6.02319 31.7459 -9.27604 -5.82967 -11.6666 -24.9064 -0.55009 41.991 -25.8422 7.65381 8.64835 0.837855 0 0 0 0.413315 2.85095 -0.0253672 0 0 0 0 0 2.384 303 51 1 1 0
./complex_md-fit_159.pdb BC A 8.08439 35.5613 -10.1255 -5.37395 -9.98844 -23.6656 -0.377925 40.1308 -24.5567 4.40766 7.59728 1.56343 0 0 0 0.138042 2.73763 0 0 0 0 0 0 2.384 303 50 0 0 0
./complex_md-fit_15.pdb BC A 7.74051 34.359 -6.91707 -5.25689 -6.57441 -22.8264 -0.410236 37.3705 -23.0802 4.42168 5.97397 3.33461 0 0 0 0.130233 2.35703 0 0 0 0 0 0 2.384 303 49 1 1 0
./complex_md-fit_160.pdb BC A 7.08115 33.05 -10.191 -4.70469 -10.652 -23.3166 -0.449997 38.6778 -24.6916 4.41961 8.30341 1.90813 0 0 0 0.314987 2.44611 -1.11022e-16 0 0 0 0 0 2.384 303 50 1 1 0
./complex_md-fit_161.pdb BC A 8.81946 27.7678 -6.94639 -5.36574 -11.9496 -24.8712 -0.402456 43.0674 -25.424 6.64671 8.6932 2.04334 0 0 0 0.616016 2.86056 0 0 0 0 0 0 2.384 303 53 2 2 0
./complex_md-fit_162.pdb BC A 7.3051 37.6907 -12.7341 -4.12525 -12.5921 -24.9655 -0.642962 42.2978 -25.8325 4.08869 7.74339 1.09558 0 0 0 0.198802 2.52419 0 0 0 0 0 0 2.384 303 53 0 0 0
./complex_md-fit_163.pdb BC A 9.68202 31.5866 -13.6333 -6.94974 -9.63515 -24.8345 -0.723978 40.9498 -26.1006 2.32686 8.63291 2.22197 0 0 0 0.507316 2.91496 -0.0280365 0 0 0 0 0 2.384 303 51 0 0 0
./complex_md-fit_164.pdb BC A 8.65746 28.4183 -8.82254 -5.9 -10.1089 -23.8558 -0.735955 39.961 -24.8915 5.52663 8.71293 2.26351 0 0 0 0.20556 2.87182 0 0 0 0 0 0 2.384 303 50 0 0 0
./complex_md-fit_165.pdb BC A 7.98795 27.7666 -14.4148 -7.55393 -12.8699 -24.6744 -0.88616 41.4329 -25.1325 3.22184 8.74833 2.85338 0 0 0 0.445772 2.69437 0 0 0 0 0 0 2.384 303 55 0 0 0
./complex_md-fit_166.pdb BC A 6.98627 31.6009 -9.28842 -6.23805 -10.4379 -25.4102 -0.607627 42.957 -25.8828 5.99696 8.01804 1.78767 0 0 0 0.555004 2.76619 -0.026531 0 0 0 0 2.22045e-16 2.384 303 53 1 1 0
./complex_md-fit_167.pdb BC A 7.61628 34.7637 -13.8648 -6.56596 -11.3849 -24.762 -0.474252 40.2992 -25.1028 2.87822 8.43665 2.46344 0 0 0 0.369919 2.39538 -0.0222408 0 0 0 0 0 2.384 303 51 0 0 0
./complex_md-fit_168.pdb BC A 8.93945 30.026 -6.69419 -7.54156 -9.10234 -24.1998 -0.509801 40.8701 -25.3704 8.71327 7.67291 2.01572 0 0 0 0.778864 2.17841 -0.0211294 0 0 0 0 0 2.384 303 48 2 2 0
./complex_md-fit_169.pdb BC A 7.00373 36.3447 -10.0177 -5.565 -7.76154 -22.2006 -0.559713 35.8645 -23.8735 5.12511 6.74346 1.72157 0 0 0 0.487985 1.91074 0 0 0 0 0 0 2.384 303 51 1 1 0
./complex_md-fit_16.pdb BC A 12.3895 29.8257 -6.37534 -5.87581 -7.96906 -25.9053 -0.705986 42.6541 -26.8017 7.53778 6.3026 4.0425 0 0 0 0.345527 3.27207 0 0 0 0 0 0 2.384 303 52 1 1 0
./complex_md-fit_170.pdb BC A 7.79501 27.0602 -9.88971 -6.81026 -10.1739 -24.9893 -0.615152 41.0343 -25.8195 7.26979 7.12405 2.14284 0 0 0 0.971046 2.46503 -0.0235378 0 0 0 0 0 2.384 303 51 1 1 0
./complex_md-fit_171.pdb BC A 7.30912 32.7608 -6.3543 -7.37234 -9.30414 -24.0067 -0.937662 40.6532 -24.6558 9.59761 7.24762 1.97246 0 0 0 0.437016 2.22594 0.014484 0 0 0 0 0 2.384 303 51 3 3 0
./complex_md-fit_172.pdb BC A 12.1244 38.0059 -4.1784 -5.65467 -10.2693 -23.6406 -1.03812 41.9462 -23.9267 8.70481 8.23717 1.06038 0 0 0 0.421243 3.11403 -0.0187916 0 0 0 0 0 2.384 303 52 2 2 0
./complex_md-fit_173.pdb BC A 9.19342 33.0183 -15.9354 -7.3321 -11.0525 -23.3821 -0.891287 38.0438 -24.0978 4.07292 6.52203 1.19732 0 0 0 0.941552 2.49843 0.042758 0 0 0 0 0 2.384 303 51 1 1 0
./complex_md-fit_174.pdb BC A 7.51671 32.9739 -13.135 -5.44866 -10.0588 -20.701 -0.857296 32.0458 -21.8662 4.62928 6.24344 2.72685 0 0 0 0.151622 2.24498 0 0 0 0 0 0 2.384 303 49 0 0 0
./complex_md-fit_175.pdb BC A 9.78994 27.795 -2.04015 -6.08752 -7.1352 -22.6902 -0.892103 39.177 -23.3666 10.2514 6.16194 2.34132 0 0 0 0.217909 1.9941 -0.0180362 0 0 0 0 0 2.384 303 50 3 3 0
./complex_md-fit_176.pdb BC A 6.9557 34.3125 -14.6279 -5.1893 -11.2254 -21.4729 -0.803708 34.2418 -22.5032 3.666 6.80786 1.56482 0 0 0 0.267029 1.84781 0.0190922 0 0 0 0 0 2.384 303 48 0 0 0
./complex_md-fit_177.pdb BC A 7.17506 34.6719 -9.42787 -5.71112 -10.3845 -23.1577 -0.886507 38.8285 -23.6744 5.21214 7.70412 2.35694 0 0 0 0.284656 2.22699 0 0 0 0 0 0 2.384 303 48 0 0 0
./complex_md-fit_178.pdb BC A 7.8098 30.4787 -15.5494 -8.21256 -12.0087 -21.7587 -0.787429 36.4565 -22.1606 3.45371 7.57287 1.64314 0 0 0 0.25238 1.91137 0 0 0 0 0 0 2.384 303 49 2 2 0
./complex_md-fit_179.pdb BC A 6.36441 29.685 -14.8151 -7.25216 -14.6283 -22.8142 -1.14851 38.0525 -23.7035 5.47617 8.58911 2.38379 0 0 0 0.191427 2.33365 0.0385519 0 0 0 0 0 2.384 303 50 1 1 0
./complex_md-fit_17.pdb BC A 5.90519 30.2483 -9.75573 -9.14707 -11.4835 -23.7687 -0.652365 39.9149 -24.034 6.09707 8.66987 4.4883 0 0 0 0.159702 2.49741 0 0 0 0 0 0 2.384 303 50 2 2 0
./complex_md-fit_180.pdb BC A 7.50419 28.0279 -13.1623 -6.83658 -12.0248 -22.4211 -0.986125 37.7938 -23.1341 4.51262 7.45928 2.30595 0 0 0 0.168692 2.21501 0 0 0 0 0 0 2.384 303 49 1 1 0
./complex_md-fit_181.pdb BC A 10.488 32.6924 -13.1118 -8.92162 -11.7992 -22.0042 -0.876194 37.3058 -22.2547 3.91532 8.68177 2.2919 0 0 0 0.529441 2.03741 0.019872 0 0 0 0 0 2.384 303 49 0 0 0
./complex_md-fit_182.pdb BC A 9.2645 33.7563 -15.2721 -7.02255 -12.5995 -22.753 -0.950499 35.9935 -23.4181 5.07075 7.77103 2.48059 0 0 0 0.108259 2.27474 0.0474533 0 0 0 0 0 2.384 303 49 0 0 0
./complex_md-fit_183.pdb BC A 11.9578 32.3699 -11.3241 -8.38213 -10.9005 -24.8238 -0.881228 42.0553 -25.5765 7.2215 8.55057 1.22158 0 0 0 0.213359 2.95524 -0.0222732 0 0 0 0 0 2.384 303 54 2 2 0
./complex_md-fit_184.pdb BC A 9.05406 26.8648 -11.5062 -5.84258 -9.86657 -23.0556 -0.817934 38.7976 -23.9208 4.38557 6.68495 1.89554 0 0 0 0.256581 2.05387 -0.0230054 0 0 0 0 0 2.384 303 52 1 1 0
./complex_md-fit_185.pdb BC A 7.86656 24.7535 -4.99601 -5.75527 -8.02657 -22.2696 -0.91237 38.2016 -23.0282 7.50618 7.05973 1.95014 0 0 0 0.293772 2.54145 -0.0153967 0 0 0 0 0 2.384 303 49 2 2 0
./complex_md-fit_186.pdb BC A 6.98245 31.9534 -12.8496 -5.69108 -9.26403 -23.7977 -0.811034 39.6307 -24.9991 3.55927 6.38978 1.50671 0 0 0 0.651307 2.4458 -0.0244393 0 0 0 0 0 2.384 303 53 1 1 0
./complex_md-fit_187.pdb BC A 7.12858 29.111 -17.4689 -7.97749 -11.6539 -24.0488 -0.8263 39.3048 -25.213 3.95162 6.72194 2.15044 0 0 0 0.143245 2.44668 -0.0215173 0 0 0 0 -2.22045e-16 2.384 303 53 0 0 0
./complex_md-fit_188.pdb BC A 6.64754 30.5743 -13.9025 -6.5379 -9.13011 -24.849 -0.835016 40.4915 -26.1753 4.00436 6.57634 2.22378 0 0 0 0.328908 2.86343 0 0 0 0 0 0 2.384 303 55 0 0 0
./complex_md-fit_189.pdb BC A 7.01716 32.8034 -22.3267 -8.3834 -12.3985 -24.0145 -0.834969 39.1731 -25.4178 1.24947 6.79144 1.01592 0 0 0 0.514171 3.50681 -0.0217243 0 0 0 0 0 2.384 303 52 0 0 0
./complex_md-fit_18.pdb BC A 7.47483 30.3711 -13.7807 -7.45011 -10.6548 -25.1491 -0.711729 40.8125 -25.7605 4.1685 7.88248 2.7583 0 0 0 0.323603 3.6627 5.55112e-17 0 0 0 0 0 2.384 303 48 0 0 0
./complex_md-fit_190.pdb BC A 8.27683 36.5463 -14.9952 -6.74528 -9.14168 -25.3332 -0.788113 41.538 -26.9318 3.17744 7.13139 1.7487 0 0 0 0.372069 2.93544 -0.0227022 0 0 0 0 0 2.384 303 53 0 0 0
./complex_md-fit_191.pdb BC A 7.12807 36.791 -18.6509 -7.58781 -9.31644 -23.9254 -0.890305 37.6115 -26.0644 3.00792 5.23721 2.78213 0 0 0 0.52248 2.84202 -0.0278299 0 0 0 0 0 2.384 303 52 1 1 0
./complex_md-fit_192.pdb BC A 7.16066 21.6125 -19.1265 -7.95474 -11.0324 -23.2939 -1.00029 37.2599 -24.4618 3.13773 6.31977 1.58252 0 0 0 0.339892 2.33815 -0.0231608 0 0 0 0 0 2.384 303 51 0 0 0
./complex_md-fit_193.pdb BC A 8.03255 25.8239 -20.3638 -9.32714 -9.57461 -24.5613 -0.857946 38.7845 -26.1617 2.97078 6.2141 1.69719 0 0 0 0.475069 2.7028 -0.0227537 0 0 0 0 0 2.384 303 49 0 0 0
./complex_md-fit_194.pdb BC A 7.10423 30.8671 -12.5588 -5.98606 -9.46898 -22.7448 -0.956202 37.31 -23.8358 5.02123 6.17325 1.77898 0 0 0 0.14964 2.51159 -2.77556e-17 0 0 0 0 0 2.384 303 50 0 0 0
./complex_md-fit_195.pdb BC A 7.89643 25.8169 -7.1425 -5.6332 -9.51772 -24.8481 -0.866936 42.468 -25.7902 7.29542 7.04453 2.54015 0 0 0 0.199484 2.76684 -0.0338964 0 0 0 0 0 2.384 303 51 2 2 0
./complex_md-fit_196.pdb BC A 9.63931 34.3266 -13.3759 -6.38801 -6.75566 -23.5969 -0.867371 38.5101 -24.9385 3.16416 5.83823 1.31998 0 0 0 0.368399 2.45881 -0.0303157 0 0 0 0 0 2.384 303 51 0 0 0
./complex_md-fit_197.pdb BC A 8.02038 32.5714 -21.7578 -8.23488 -12.515 -25.2998 -0.928266 41.4114 -26.6605 1.38142 6.70917 2.19467 0 0 0 0.210144 2.70924 -0.0262077 0 0 0 0 0 2.384 303 51 0 0 0
./complex_md-fit_198.pdb BC A 8.6104 27.1675 -19.5034 -8.85563 -11.4546 -24.0113 -0.764242 39.1253 -25.4273 2.41311 6.11812 2.90877 0 0 0 0.465769 2.41489 -0.0214241 0 0 0 0 0 2.384 303 51 0 0 0
./complex_md-fit_199.pdb BC A 7.83397 28.3129 -6.62577 -5.29536 -8.75239 -25.1219 -0.79772 42.6139 -26.1349 6.25261 7.88654 2.52043 0 0 0 0.232923 2.55903 -0.0299358 0 0 0 0 0 2.384 303 53 0 0 0
./complex_md-fit_19.pdb BC A 8.96038 36.6441 -9.60895 -8.08795 -7.86592 -25.3325 -0.754837 41.5892 -26.0392 5.95581 8.2768 2.5271 0 0 0 0.12261 3.73249 0 0 0 0 0 0 2.384 303 49 2 1 1
./complex_md-fit_1.pdb BC A 6.46626 26.1555 -14.7769 -9.50603 -10.227 -25.5572 -0.579623 42.7504 -25.9049 4.89336 6.42519 2.60775 0 0 0 0.312441 2.79614 -0.0247421 0 0 0 0 0.0334174 2.384 303 54 0 0 0
./complex_md-fit_200.pdb BC A 9.03259 30.6902 -17.5315 -7.38261 -12.4533 -26.6087 -0.96192 43.5649 -27.9307 3.01983 7.5511 3.0402 0 0 0 0.659752 3.02079 -0.030006 0 0 0 0 0 2.384 303 54 0 0 0
./complex_md-fit_201.pdb BC A 7.24649 31.5367 -11.0107 -6.19153 -9.27118 -26.4939 -0.792712 43.6083 -27.7882 5.41349 7.12124 2.43451 0 0 0 0.975083 3.03655 -0.0257928 0 0 0 0 0 2.384 303 49 0 0 0
./complex_md-fit_202.pdb BC A 8.65376 32.5753 -3.4534 -5.1588 -6.16738 -25.8151 -0.810823 44.6519 -26.7467 7.4981 6.64116 2.09708 0 0 0 0.385671 2.83542 -0.0284305 0 0 0 0 0 2.384 303 55 1 1 0
./complex_md-fit_203.pdb BC A 8.50598 28.9862 -5.29043 -5.16567 -7.92607 -26.1947 -0.881558 43.1032 -27.5731 8.62235 8.99544 1.49803 0 0 0 0.25217 2.85408 -0.0206063 0 0 0 0 0 2.384 303 52 1 1 0
./complex_md-fit_204.pdb BC A 8.16232 30.7037 -9.4651 -6.21663 -7.84639 -23.9847 -0.916687 41.2245 -24.515 3.75739 6.74714 1.8682 0 0 0 0.442668 2.61087 -0.0255709 0 0 0 0 0 2.384 303 51 0 0 0
./complex_md-fit_205.pdb BC A 8.99224 29.2665 -11.9591 -6.00382 -11.499 -24.8224 -0.992119 40.8457 -25.6922 6.00647 6.58337 3.0044 0 0 0 0.632765 2.4844 -0.0223137 0 0 0 0 0 2.384 303 51 1 1 0
./complex_md-fit_206.pdb BC A 9.62383 27.8804 -9.52145 -6.24241 -9.10592 -24.9138 -0.858353 40.4581 -25.9538 6.46553 6.89981 2.81155 0 0 0 0.917859 2.65139 0 0 0 0 0 0 2.384 303 53 2 2 0
./complex_md-fit_207.pdb BC A 8.20988 28.8045 -10.9799 -8.0871 -9.20892 -26.3797 -0.76507 42.933 -27.4571 4.73364 8.47581 4.24955 0 0 0 0.548248 3.82784 -0.0222067 0 0 0 0 0 2.384 303 53 1 1 0
./complex_md-fit_208.pdb BC A 8.36931 31.7945 -12.6238 -7.09481 -10.833 -24.9429 -0.904682 41.5436 -26.0207 4.40189 8.37436 2.57139 0 0 0 0.300925 2.56332 -0.019862 0 0 0 0 0 2.384 303 52 1 1 0
./complex_md-fit_209.pdb BC A 6.9052 29.2888 -17.2627 -7.82299 -10.741 -25.1736 -0.827923 39.5428 -27.0708 5.99275 6.60902 1.51729 0 0 0 0.737654 2.8827 -0.025931 0 0 0 0 0 2.384 303 52 1 1 0
./complex_md-fit_20.pdb BC A 10.3715 33.4329 -8.7476 -7.92796 -7.66367 -24.4387 -0.765376 40.4137 -25.1793 6.31302 7.0172 2.52853 0 0 0 0.888655 2.66735 0.0487072 0 0 0 0 0.0175556 2.384 303 52 1 1 0
./complex_md-fit_210.pdb BC A 9.59626 31.8047 -13.7725 -7.19663 -9.22797 -21.7716 -0.795389 35.248 -22.7926 3.924 5.93022 2.50676 0 0 0 0.419917 2.34901 -0.0172146 0 0 0 0 0 2.384 303 47 1 1 0
./complex_md-fit_211.pdb BC A 8.92465 35.5473 -7.75885 -3.49246 -4.98636 -22.9405 -0.667228 36.7392 -24.5061 4.36143 5.27655 2.07092 0 0 0 0.385683 3.11867 -5.55112e-17 0 0 0 0 0 2.384 303 50 1 1 0
./complex_md-fit_212.pdb BC A 8.02103 29.465 -6.28798 -5.27469 -7.20751 -24.9454 -0.850828 41.3704 -26.0007 8.51791 5.69037 1.88063 0 0 0 0.555189 2.77555 -0.0232929 0 0 0 0 0 2.384 303 51 2 2 0
./complex_md-fit_213.pdb BC A 7.08296 36.1727 -19.8749 -7.87396 -11.9272 -25.6593 -0.980471 41.6742 -26.9258 3.83542 6.3683 1.30859 0 0 0 0.333156 2.77478 -0.027937 0 0 0 0 0 2.384 303 55 0 0 0
./complex_md-fit_214.pdb BC A 7.5684 34.144 -14.8436 -6.11126 -8.8563 -23.164 -0.82464 37.0412 -24.6092 2.40403 5.91639 2.49151 0 0 0 0.892341 2.03349 -0.0237472 0 0 0 0 0 2.384 303 50 0 0 0
./complex_md-fit_215.pdb BC A 7.77289 30.5299 -8.4404 -3.53294 -5.21194 -21.9276 -0.824628 36.3198 -23.3424 3.49263 4.91751 1.35811 0 0 0 0.340966 2.45617 -0.0299228 0 0 0 0 0 2.384 303 51 0 0 0
./complex_md-fit_216.pdb BC A 8.09268 31.3848 -6.19878 -4.27408 -7.36197 -23.0945 -0.946707 37.9508 -23.8098 6.86193 5.94443 2.09517 0 0 0 0.458994 2.21244 -0.0229664 0 0 0 0 0 2.384 303 49 1 1 0
./complex_md-fit_217.pdb BC A 5.56564 39.0557 -7.13274 -3.47488 -11.1065 -24.2742 -0.945237 41.8085 -24.789 5.3073 7.24177 2.91597 0 0 0 0.183496 3.50323 0 0 0 0 0 0 2.384 303 54 1 1 0
./complex_md-fit_218.pdb BC A 8.07762 31.3228 -13.6914 -5.25082 -10.7779 -24.4383 -0.994594 41.0842 -25.22 4.75883 5.33672 1.69839 0 0 0 0.13631 2.54184 -0.0241884 0 0 0 0 0 2.384 303 52 0 0 0
./complex_md-fit_219.pdb BC A 8.88246 35.2504 -6.81995 -4.37257 -7.80175 -23.8515 -0.894479 40.1537 -25.5102 6.30087 5.9045 2.98616 0 0 0 0.26534 2.30189 0 0 0 0 0 0 2.384 303 50 1 1 0
./complex_md-fit_21.pdb BC A 8.6125 32.6346 -6.033 -6.85993 -6.24079 -24.1637 -0.36475 40.5772 -24.4608 5.95688 7.18653 2.12813 0 0 0 0.200714 3.47592 0 0 0 0 0 0.00746764 2.384 303 48 2 2 0
./complex_md-fit_220.pdb BC A 8.24542 25.4012 -10.1336 -5.54916 -7.59896 -22.9368 -0.594753 36.4642 -24.1734 5.62167 5.03448 3.3405 0 0 0 0.26855 2.40795 -0.00993309 0 0 0 0 0 2.384 303 51 1 1 0
./complex_md-fit_221.pdb BC A 5.97531 30.3511 -10.151 -6.12671 -8.79391 -25.0333 -1.01579 41.8777 -25.8745 5.60798 6.06641 2.63117 0 0 0 0.533516 2.40888 -0.023547 0 0 0 0 0 2.384 303 53 0 0 0
./complex_md-fit_222.pdb BC A 8.7989 29.4884 -12.6598 -6.86733 -10.1204 -23.39 -0.893349 38.8692 -24.2552 3.90474 7.07194 2.46236 0 0 0 0.580711 2.26997 -0.0262105 0 0 0 0 0.00374655 2.384 303 53 0 0 0
./complex_md-fit_223.pdb BC A 8.23529 28.4178 -11.7287 -6.18974 -10.1626 -24.9186 -0.852525 40.6555 -25.856 6.55985 6.84602 1.99367 0 0 0 0.195601 2.51879 2.77556e-17 0 0 0 0 0 2.384 303 55 1 1 0
./complex_md-fit_224.pdb BC A 8.71371 37.3364 -10.9319 -6.92396 -9.97507 -25.6597 -0.801658 42.023 -27.037 7.45402 7.09734 2.65222 0 0 0 0.271092 2.57536 -0.032105 0 0 0 0 0 2.384 303 52 2 2 0
./complex_md-fit_225.pdb BC A 7.16155 27.1709 -4.25397 -3.80085 -8.3884 -24.3099 -0.785035 41.9119 -25.0721 7.46114 6.20211 2.4134 0 0 0 0.143132 3.18345 -0.0292545 0 0 0 0 0 2.384 303 52 1 1 0
./complex_md-fit_226.pdb BC A 9.65013 29.2321 -6.51948 -5.40048 -8.24672 -24.8799 -0.636975 43.5705 -25.6674 7.4625 5.42517 1.53395 0 0 0 0.340742 2.63252 -0.020867 0 0 0 0 0 2.384 303 54 1 1 0
./complex_md-fit_227.pdb BC A 7.88892 35.5123 -6.50028 -2.78021 -7.81459 -24.3264 -0.734053 41.1889 -25.6276 6.02951 6.11096 0.785695 0 0 0 0.693608 2.73463 -0.0261471 0 0 0 0 0 2.384 303 51 1 1 0
./complex_md-fit_228.pdb BC A 7.97987 33.5294 -6.79687 -3.38224 -7.69975 -22.1927 -0.802531 38.0045 -22.4827 4.13029 5.94071 1.39088 0 0 0 0.306009 2.17627 -0.00933498 0 0 0 0 0 2.384 303 53 0 0 0
./complex_md-fit_229.pdb BC A 8.68666 31.3377 -11.5223 -5.72426 -8.22688 -23.9115 -0.903158 40.7906 -24.9126 3.78811 5.47413 1.78445 0 0 0 0.350025 2.65669 -0.0313275 0 0 0 0 0 2.384 303 52 0 0 0
./complex_md-fit_22.pdb BC A 6.9519 31.3528 -15.7758 -8.9627 -7.70337 -24.7336 -0.459938 39.7335 -25.3721 2.14526 6.15167 3.23959 0 0 0 0.185853 2.53912 2.77556e-17 0 0 0 0 0 2.384 303 51 0 0 0
./complex_md-fit_230.pdb BC A 7.08206 31.6127 -17.82 -5.93762 -12.0842 -24.0645 -0.738686 38.5261 -25.3671 3.08627 6.33862 2.04982 0 0 0 0.371272 2.23089 0 0 0 0 0 0 2.384 303 51 0 0 0
./complex_md-fit_231.pdb BC A 7.56626 36.9518 -19.136 -8.87829 -10.9041 -23.4524 -0.920851 37.4817 -24.8371 2.76844 6.58913 2.55147 0 0 0 0.492389 2.93354 -0.026442 0 0 0 0 0 2.384 303 55 0 0 0
./complex_md-fit_232.pdb BC A 8.26488 22.0001 -14.4962 -7.62634 -10.5641 -24.4145 -0.787342 41.2799 -24.7356 3.67414 6.59243 1.87014 0 0 0 0.214998 2.33501 0 0 0 0 0 0 2.384 303 53 0 0 0
./complex_md-fit_233.pdb BC A 6.95136 29.8958 -12.1795 -7.56922 -7.79333 -25.4506 -0.89919 41.6457 -27.1565 5.16533 7.15405 2.38047 0 0 0 0.370077 2.8092 -0.0262022 0 0 0 0 0 2.384 303 53 1 1 0
./complex_md-fit_234.pdb BC A 8.79856 25.3705 -10.8913 -6.56015 -10.5454 -24.4431 -1.08481 41.1467 -25.5122 5.29883 7.5411 2.68583 0 0 0 0.604161 2.59136 -0.0221671 0 0 0 0 0 2.384 303 56 0 0 0
./complex_md-fit_235.pdb BC A 7.09001 26.2612 -12.2327 -7.37558 -6.88422 -26.6846 -0.838857 45.2752 -28.0111 3.87144 5.88259 2.12643 0 0 0 0.405955 2.88751 0 0 0 0 0 0 2.384 303 55 0 0 0
./complex_md-fit_236.pdb BC A 9.62229 34.3946 -10.6054 -4.80082 -8.73641 -22.9988 -0.677431 38.4194 -24.1563 5.05861 5.18889 1.90195 0 0 0 0.216627 2.27541 -0.0210554 0 0 0 0 0 2.384 303 51 1 1 0
./complex_md-fit_237.pdb BC A 7.72239 24.2472 -9.05017 -5.77549 -8.91263 -24.0387 -0.963923 41.4127 -24.0191 4.87139 6.05447 2.02683 0 0 0 0.317009 2.51543 -0.0227522 0 0 0 0 0 2.384 303 53 0 0 0
./complex_md-fit_238.pdb BC A 8.45174 31.5687 -15.8275 -5.6825 -13.4323 -23.6223 -0.962412 38.6536 -24.7569 3.28407 8.42061 1.74457 0 0 0 0.549123 2.51331 -0.0229825 0 0 0 0 0 2.384 303 49 0 0 0
./complex_md-fit_239.pdb BC A 8.50654 39.0094 -15.114 -6.32595 -14.4712 -23.4539 -0.855463 39.2136 -23.9778 3.67578 7.82093 2.84708 0 0 0 0.439529 2.56367 -0.0266118 0 0 0 0 0 2.384 303 51 0 0 0
./complex_md-fit_23.pdb BC A 10.2122 32.4316 -11.4917 -9.18545 -8.68279 -24.7904 -0.632906 41.657 -24.505 5.05544 6.80077 2.46379 0 0 0 0.301651 2.60868 0 0 0 0 0 0.0261633 2.384 303 51 1 1 0
./complex_md-fit_240.pdb BC A 7.05223 29.8929 -8.13032 -6.23879 -7.56615 -24.0791 -0.852706 39.6921 -25.2378 6.33059 6.46485 3.01855 0 0 0 0.363692 2.65839 -0.0255804 0 0 0 0 0 2.384 303 53 1 1 0
./complex_md-fit_241.pdb BC A 7.63756 27.07 -15.9659 -6.15123 -9.95181 -21.9878 -0.633793 35.1236 -23.0918 2.58953 5.99778 1.90962 0 0 0 0.229992 2.28119 0 0 0 0 0 0 2.384 303 50 0 0 0
./complex_md-fit_242.pdb BC A 10.5135 33.4024 -8.02916 -3.58928 -9.90454 -21.7031 -0.866469 36.3675 -22.2995 6.14525 6.30828 1.39985 0 0 0 0.11293 2.15552 0 0 0 0 0 0 2.384 303 48 2 2 0
./complex_md-fit_243.pdb BC A 8.04524 36.965 -12.6184 -6.2866 -8.26252 -20.8828 -0.891361 33.9488 -21.1142 2.10056 6.27322 2.30032 0 0 0 0.196151 1.94892 -5.55112e-17 0 0 0 0 0 2.384 303 48 0 0 0
./complex_md-fit_244.pdb BC A 7.28688 35.1337 -9.31766 -3.95119 -8.19712 -20.3935 -0.656677 32.7359 -21.2242 3.44176 4.87194 3.70632 0 0 0 0.349042 2.00351 0 0 0 0 0 0 2.384 303 49 0 0 0
./complex_md-fit_245.pdb BC A 7.59712 28.5366 -17.3739 -4.67591 -11.8783 -21.7231 -0.793766 35.294 -22.619 3.09537 4.42898 1.35983 0 0 0 0.138104 2.15955 -5.55112e-17 0 0 0 0 0 2.384 303 47 0 0 0
./complex_md-fit_246.pdb BC A 7.44423 25.9439 -10.3192 -4.53458 -6.05187 -21.0153 -0.860407 33.7737 -21.4492 2.74546 5.51989 1.40471 0 0 0 0.148366 1.73447 0 0 0 0 0 0 2.384 303 50 0 0 0
./complex_md-fit_247.pdb BC A 6.39956 28.2174 -11.0655 -4.58576 -9.43913 -20.7453 -0.78116 33.2209 -21.1311 5.11804 4.32182 2.49003 0 0 0 0.466081 2.45104 0 0 0 0 0 0 2.384 303 46 0 0 0
./complex_md-fit_248.pdb BC A 7.3144 34.7868 -14.1416 -4.67256 -10.2812 -21.4217 -0.777259 33.9748 -22.3915 3.82366 5.25126 1.67 0 0 0 0.682879 2.19529 0 0 0 0 0 0 2.384 303 49 0 0 0
./complex_md-fit_249.pdb BC A 6.40089 30.5941 -4.63634 -3.5933 -7.65251 -22.4221 -0.594246 38.7588 -23.2348 5.7504 5.53031 2.13119 0 0 0 0.711349 1.90959 -0.0213729 0 0 0 0 0 2.384 303 47 0 0 0
./complex_md-fit_24.pdb BC A 9.06562 37.3084 -13.9037 -7.46712 -8.96041 -25.7913 -0.644344 41.6525 -26.7204 3.80016 7.10253 2.51961 0 0 0 0.600795 4.13938 0 0 0 0 0 0.00436762 2.384 303 51 0 0 0
./complex_md-fit_250.pdb BC A 6.55664 32.6106 -11.8055 -6.40928 -13.7369 -24.2995 -0.88963 41.4394 -24.4526 5.82679 7.7537 2.471 0 0 0 0.509513 2.09319 -0.017852 0 0 0 0 0 2.384 303 49 0 0 0
./complex_md-fit_251.pdb BC A 6.92297 27.7352 -4.0758 -5.49768 -9.1313 -24.4003 -1.02482 41.9527 -24.9748 8.30922 7.43408 2.77097 0 0 0 0.510345 2.15517 -0.0242327 0 0 0 0 0 2.384 303 52 1 1 0
./complex_md-fit_252.pdb BC A 7.25673 29.0911 -5.81784 -5.39184 -6.19604 -22.4383 -0.81639 38.2611 -22.5225 6.04882 5.93144 1.15314 0 0 0 0.178328 2.00919 -0.0254949 0 0 0 0 0 2.384 303 50 1 1 0
./complex_md-fit_253.pdb BC A 9.78063 29.4902 -13.063 -5.10317 -11.3502 -22.5068 -0.772063 36.6685 -23.1089 4.98063 6.54155 1.13769 0 0 0 0.470863 2.0962 -0.021023 0 0 0 0 0 2.384 303 50 1 1 0
./complex_md-fit_254.pdb BC A 7.0666 26.7166 -3.81596 -5.49632 -5.90132 -23.0468 -0.683533 40.087 -23.3046 6.86882 6.50269 0.786947 0 0 0 0.390889 2.25703 -0.0197406 0 0 0 0 0 2.384 303 49 0 0 0
./complex_md-fit_255.pdb BC A 7.31734 34.5538 -9.90898 -3.70658 -13.7579 -23.3456 -1.15532 39.3335 -23.9557 5.78813 7.69518 2.44236 0 0 0 0.752829 2.06807 0 0 0 0 0 0 2.384 303 50 1 1 0
./complex_md-fit_256.pdb BC A 7.96455 36.2887 -5.03866 -3.58239 -7.51848 -21.9236 -0.997884 36.2934 -22.2088 6.79304 5.81921 1.86968 0 0 0 0.417145 1.7452 0 0 0 0 0 0 2.384 303 48 1 1 0
./complex_md-fit_257.pdb BC A 6.63672 28.3563 -16.2794 -6.03062 -10.0527 -22.7295 -0.84405 35.5516 -23.5394 3.73409 5.98097 1.30589 0 0 0 0.365812 2.28077 -0.0214807 0 0 0 0 0 2.384 303 47 0 0 0
./complex_md-fit_258.pdb BC A 8.66138 32.236 -5.76189 -3.51727 -9.00736 -24.2473 -0.901631 40.4926 -25.0411 8.50686 6.05346 1.66743 0 0 0 0.261169 2.20426 -0.0287121 0 0 0 0 0 2.384 303 49 2 2 0
./complex_md-fit_259.pdb BC A 8.22091 28.7449 -13.7259 -4.39701 -8.65784 -21.237 -0.772657 34.1446 -22.209 3.65494 4.61489 0.96154 0 0 0 0.17155 2.22963 0 0 0 0 0 0 2.384 303 51 1 1 0
./complex_md-fit_25.pdb BC A 7.16689 36.4504 -15.0763 -9.06923 -9.95652 -25.0962 -0.712026 40.7369 -25.8042 3.73135 6.50919 4.11193 0 0 0 0.472492 3.3628 0 0 0 0 0 0 2.384 303 52 2 2 0
./complex_md-fit_260.pdb BC A 6.61695 34.587 -7.81129 -3.80426 -8.3806 -22.1868 -0.756459 36.8118 -23.035 3.63369 5.95882 3.56715 0 0 0 0.402737 2.10084 -0.0224317 0 0 0 0 0 2.384 303 49 0 0 0
./complex_md-fit_261.pdb BC A 7.09862 39.4116 -8.94419 -3.05821 -7.08102 -20.9927 -0.708242 35.3014 -21.9086 3.25257 4.3231 1.32471 0 0 0 0.602818 1.80577 -2.77556e-17 0 0 0 0 0 2.384 303 49 1 1 0
./complex_md-fit_262.pdb BC A 7.76443 33.3537 -10.4099 -4.24752 -7.69921 -23.6793 -0.706294 38.1158 -25.0084 4.30766 6.9429 1.04386 0 0 0 0.485969 2.17447 0.0345772 0 0 0 0 0 2.384 303 52 0 0 0
./complex_md-fit_263.pdb BC A 7.15029 33.0925 -11.0827 -4.63241 -8.21096 -23.05 -0.640768 36.3313 -24.2038 6.28781 5.05801 1.52919 0 0 0 0.458626 2.7204 -0.0097351 0 0 0 0 0 2.384 303 50 1 1 0
./complex_md-fit_264.pdb BC A 7.18654 37.235 -14.061 -5.56082 -8.23361 -24.3591 -0.917308 38.6059 -25.5539 3.65849 5.99099 1.86517 0 0 0 0.467376 2.34216 -0.0241054 0 0 0 0 0 2.384 303 51 1 1 0
./complex_md-fit_265.pdb BC A 8.64491 27.7827 -10.9277 -6.64601 -7.91126 -24.9469 -0.900392 42.5056 -25.9012 4.5782 5.67553 2.27468 0 0 0 0.370855 2.43187 -0.0267623 0 0 0 0 0 2.384 303 55 0 0 0
./complex_md-fit_266.pdb BC A 8.59188 29.5482 -15.0359 -5.67555 -9.08071 -23.7844 -0.929375 39.1325 -24.8723 2.6847 5.39525 1.83959 0 0 0 0.254425 2.30401 -1.38778e-17 0 0 0 0 0 2.384 303 50 0 0 0
./complex_md-fit_267.pdb BC A 7.35398 35.0874 -10.6537 -6.60536 -6.71131 -24.5684 -0.600685 40.9164 -25.141 4.47179 5.49547 1.75726 0 0 0 0.355294 3.27963 -0.0231658 0 0 0 0 0 2.384 303 51 0 0 0
./complex_md-fit_268.pdb BC A 11.0684 33.3534 -16.0157 -7.67689 -12.3679 -23.5122 -0.884599 39.112 -24.1762 3.51702 7.34697 2.50057 0 0 0 0.125495 2.46939 -5.55112e-17 0 0 0 0 0 2.384 303 52 0 0 0
./complex_md-fit_269.pdb BC A 6.16462 24.9788 -8.57734 -3.54771 -10.773 -23.2568 -1.16375 39.359 -23.7894 4.96329 7.63858 1.74964 0 0 0 0.242816 2.09618 0 0 0 0 0 0 2.384 303 50 1 1 0
./complex_md-fit_26.pdb BC A 6.85852 31.8625 -20.1507 -8.72673 -10.9099 -25.7315 -0.656476 40.0513 -27.0381 2.81847 6.48028 3.2975 0 0 0 0.264374 2.41713 0 0 0 0 0 0 2.384 303 48 0 0 0
./complex_md-fit_270.pdb BC A 7.48805 32.7423 -11.0953 -5.47824 -8.71506 -25.2885 -0.923233 42.6274 -25.3547 3.80904 6.06429 1.9643 0 0 0 0.221524 2.84803 -0.0221337 0 0 0 0 0 2.384 303 52 1 1 0
./complex_md-fit_271.pdb BC A 6.31614 31.0832 -9.29847 -5.10018 -10.5295 -23.3849 -1.12125 40.4923 -23.2287 3.76825 7.25041 2.42258 0 0 0 0.154942 1.97952 -0.0289306 0 0 0 0 0.00647335 2.384 303 50 0 0 0
./complex_md-fit_272.pdb BC A 7.99908 34.0936 -6.37326 -4.24928 -8.25545 -22.7437 -0.918617 38.1371 -22.9826 5.89512 5.80033 2.77641 0 0 0 0.167366 2.90442 2.77556e-17 0 0 0 0 2.22045e-16 2.384 303 52 1 1 0
./complex_md-fit_273.pdb BC A 10.2777 36.114 -6.06689 -4.24382 -11.323 -24.1744 -0.780219 40.6731 -24.0581 7.35557 7.53633 2.34309 0 0 0 0.604615 2.46015 1.11022e-16 0 0 0 0 0 2.384 303 43 1 1 0
./complex_md-fit_274.pdb BC A 6.54423 31.1453 -15.0457 -5.51885 -11.424 -23.8977 -0.861428 38.6165 -24.552 4.24929 5.57638 2.32226 0 0 0 0.469958 2.20685 -0.0262023 0 0 0 0 0 2.384 303 52 0 0 0
./complex_md-fit_275.pdb BC A 8.97031 36.3655 -9.99201 -4.4938 -9.45743 -21.8931 -0.852523 36.8137 -22.6026 5.37048 5.24387 1.08005 0 0 0 0.799425 2.2278 0 0 0 0 0 0 2.384 303 51 1 1 0
./complex_md-fit_276.pdb BC A 5.82023 25.5609 -4.21651 -3.87368 -6.70307 -23.2035 -0.804003 40.1516 -23.6352 6.81552 5.79405 1.05563 0 0 0 0.222933 1.9693 -0.0369184 0 0 0 0 0 2.384 303 47 1 1 0
./complex_md-fit_277.pdb BC A 7.53807 33.9491 -11.0061 -6.32418 -8.2219 -23.473 -0.91757 39.1116 -24.2257 4.39326 7.67802 0.923668 0 0 0 0.04968 3.11833 0 0 0 0 0 0 2.384 303 51 0 0 0
./complex_md-fit_278.pdb BC A 7.84753 33.3617 -13.0082 -4.49088 -11.6422 -23.7167 -0.791229 38.6075 -24.2968 4.54808 6.96143 1.23911 0 0 0 0.599988 2.43976 -0.0266003 0 0 0 0 0 2.384 303 51 1 1 0
./complex_md-fit_279.pdb BC A 6.21776 30.962 -10.1693 -6.20808 -8.95774 -24.4177 -0.761513 41.0661 -25.2036 6.11772 6.5521 1.48355 0 0 0 0.194459 2.56812 -0.0345603 0 0 0 0 0 2.384 303 49 1 1 0
./complex_md-fit_27.pdb BC A 7.40847 39.0208 -6.7208 -6.42325 -7.96337 -24.4149 -0.559587 40.4805 -24.1789 8.23864 5.79491 1.80244 0 0 0 0.500777 2.55688 0 0 0 0 0 0.00199529 2.384 303 49 2 2 0
./complex_md-fit_280.pdb BC A 7.53563 33.04 -5.01835 -4.94308 -7.81223 -25.0689 -1.03195 42.7647 -25.2018 6.99612 6.85469 2.09502 0 0 0 0.353252 2.87716 -0.0241032 0 0 0 0 0 2.384 303 52 2 2 0
./complex_md-fit_281.pdb BC A 7.05962 27.1669 -9.83918 -5.03254 -6.97194 -23.0762 -0.848016 37.7644 -24.0369 4.81101 5.07745 2.35103 0 0 0 0.146582 1.94278 -0.0240383 0 0 0 0 0 2.384 303 51 1 1 0
./complex_md-fit_282.pdb BC A 7.91819 37.1537 -9.3123 -5.68392 -8.52481 -23.1954 -0.953905 39.1045 -23.7544 5.25244 7.03491 1.18315 0 0 0 0.247422 2.06762 -0.0222903 0 0 0 0 0 2.384 303 48 1 1 0
./complex_md-fit_283.pdb BC A 7.09378 35.186 -7.56399 -4.35482 -8.26237 -23.8889 -0.899323 40.5729 -24.9202 6.28336 6.6788 0.730364 0 0 0 0.518287 1.82423 -0.0220603 0 0 0 0 0 2.384 303 48 0 0 0
./complex_md-fit_284.pdb BC A 7.18389 32.1189 -8.4904 -4.46648 -8.80884 -21.9232 -0.925813 35.52 -22.3656 5.01554 6.6656 2.65955 0 0 0 0.138893 2.24633 0 0 0 0 0 0 2.384 303 48 2 2 0
./complex_md-fit_285.pdb BC A 6.93234 28.8295 -10.7979 -3.48718 -9.22657 -23.4919 -0.786952 38.3057 -24.2909 4.42326 4.91236 2.66734 0 0 0 0.19809 2.53502 -0.0211119 0 0 0 0 0 2.384 303 52 0 0 0
./complex_md-fit_286.pdb BC A 8.12323 32.9847 -13.8991 -7.23338 -10.319 -21.8441 -0.949842 34.8362 -22.6282 5.13564 7.11482 1.21277 0 0 0 0.776036 1.94286 0 0 0 0 0 0 2.384 303 51 1 1 0
./complex_md-fit_287.pdb BC A 9.39643 34.9834 -12.4273 -5.89138 -8.28343 -23.0234 -1.00187 36.9911 -23.9122 6.0793 5.67704 0.861346 0 0 0 0.0992505 2.26538 -0.0230482 0 0 0 0 0 2.384 303 51 1 1 0
./complex_md-fit_288.pdb BC A 8.51455 34.5818 -7.98706 -6.65786 -7.964 -25.5141 -0.910748 42.0448 -26.6106 9.94896 6.03054 1.25191 0 0 0 0.416571 2.62151 -0.0225708 0 0 0 0 0 2.384 303 53 2 2 0
./complex_md-fit_289.pdb BC A 7.54576 36.8128 -7.87643 -4.50061 -8.03991 -22.8986 -0.841303 38.507 -23.2488 5.29483 5.82931 1.68131 0 0 0 0.335025 2.35925 0.00534409 0 0 0 0 0 2.384 303 52 0 0 0
./complex_md-fit_28.pdb BC A 6.5499 37.9207 -11.4511 -8.68191 -10.2182 -25.2438 -0.678968 41.3768 -24.7555 6.07485 8.05098 2.09236 0 0 0 0.511168 2.60471 0 0 0 0 0 0.0212132 2.384 303 49 1 1 0
./complex_md-fit_290.pdb BC A 7.69499 33.6157 -9.30707 -5.98331 -8.18533 -24.9539 -0.839508 41.1155 -26.2521 7.43324 6.14271 1.62711 0 0 0 0.612166 2.78281 -0.0236089 0 0 0 0 0 2.384 303 55 1 1 0
./complex_md-fit_291.pdb BC A 5.96618 33.9079 -6.79559 -4.45079 -9.51221 -22.9735 -1.03314 38.3235 -24.0586 7.8061 7.00662 1.76482 0 0 0 0.331701 2.41086 0 0 0 0 0 0 2.384 303 52 2 2 0
./complex_md-fit_292.pdb BC A 9.55079 31.843 -5.69738 -4.37459 -6.64921 -22.9977 -0.835694 39.389 -23.1693 5.72601 5.83409 1.16594 0 0 0 0.212103 2.4899 0 0 0 0 0 0.00200455 2.384 303 51 1 1 0
./complex_md-fit_293.pdb BC A 6.88696 36.6997 -13.0276 -6.36887 -9.76471 -25.2674 -0.756826 41.3795 -25.7258 3.06589 8.42362 1.58642 0 0 0 0.426647 2.49991 -0.026119 0 0 0 0 0 2.384 303 51 0 0 0
./complex_md-fit_294.pdb BC A 9.44908 33.1499 -12.7494 -6.31781 -9.74956 -23.4892 -0.851741 39.4322 -24.0696 3.4986 6.86512 1.68791 0 0 0 0.271515 2.42906 -0.0269131 0 0 0 0 0 2.384 303 54 0 0 0
./complex_md-fit_295.pdb BC A 7.58488 27.6399 -5.389 -4.55705 -7.74154 -24.2519 -0.823941 42.3698 -24.7205 7.39169 6.10265 0.640582 0 0 0 0.223273 2.45545 -0.021965 0 0 0 0 0 2.384 303 53 2 2 0
./complex_md-fit_296.pdb BC A 7.23114 25.016 -1.17126 -3.67396 -7.7146 -24.1832 -1.03401 42.2445 -25.0386 8.24044 6.88639 2.66034 0 0 0 0.466934 2.51585 -0.0254617 0 0 0 0 0 2.384 303 52 3 3 0
./complex_md-fit_297.pdb BC A 6.3899 31.0952 -3.90073 -3.49139 -7.87879 -24.0077 -0.707606 40.8846 -24.4002 6.61852 6.44863 2.31652 0 0 0 0.316551 2.40532 0 0 0 0 0 0 2.384 303 55 1 1 0
./complex_md-fit_298.pdb BC A 9.26505 36.3435 -11.7481 -5.28737 -10.4706 -23.2474 -0.991188 38.473 -23.7121 4.01433 6.72519 2.47626 0 0 0 0.271784 2.71977 0 0 0 0 0 0 2.384 303 51 0 0 0
./complex_md-fit_299.pdb BC A 7.06538 30.1368 -12.7936 -6.76111 -11.2163 -24.556 -0.842844 41.5275 -25.3398 4.19579 7.33969 2.3662 0 0 0 0.493272 2.54009 5.55112e-17 0 0 0 0 0 2.384 303 52 0 0 0
./complex_md-fit_29.pdb BC A 6.40833 35.6532 -6.95289 -5.7955 -8.42484 -23.6552 -0.591036 39.0619 -23.8078 6.58023 5.71068 3.48511 0 0 0 0.48357 2.28167 1.38778e-17 0 0 0 0 0 2.384 303 51 0 0 0
./complex_md-fit_2.pdb BC A 8.63472 29.8879 -9.38032 -8.41294 -4.55495 -24.3932 -0.539129 38.8373 -25.7932 7.21486 6.20207 1.89039 0 0 0 0.152127 2.59115 -0.0229739 0 0 0 0 0.0393931 2.384 303 53 3 3 0
./complex_md-fit_300.pdb BC A 6.65357 29.1654 -11.0545 -7.28486 -8.53878 -24.9464 -0.734408 40.9033 -25.8356 5.59115 6.5479 2.85754 0 0 0 0.409833 2.87548 -0.024183 0 0 0 0 0 2.384 303 55 1 1 0
./complex_md-fit_301.pdb BC A 7.70934 34.3677 -8.7618 -4.3024 -9.91123 -23.5345 -0.892245 38.6289 -24.1081 6.37825 6.70298 1.72949 0 0 0 0.56571 2.29506 -0.0187126 0 0 0 0 0 2.384 303 50 0 0 0
./complex_md-fit_302.pdb BC A 6.77711 29.449 -12.1591 -5.26922 -11.1259 -22.998 -0.902298 38.4385 -23.6293 6.68456 4.84132 1.11665 0 0 0 0.70718 2.37211 -0.022604 0 0 0 0 0 2.384 303 51 2 2 0
./complex_md-fit_303.pdb BC A 8.05914 33.3901 -12.145 -5.67239 -10.2016 -24.2806 -0.808189 40.5679 -24.4576 3.92179 6.20407 2.05451 0 0 0 0.551574 2.68934 -0.024473 0 0 0 0 0 2.384 303 53 0 0 0
./complex_md-fit_304.pdb BC A 9.24743 31.5873 -15.543 -6.79776 -11.3141 -23.496 -0.897942 37.0894 -23.9894 4.37108 6.74078 2.30339 0 0 0 0.456761 2.28558 -0.00921513 0 0 0 0 0 2.384 303 53 1 1 0
./complex_md-fit_305.pdb BC A 9.36375 32.8763 -10.783 -6.12145 -8.37426 -23.1548 -0.804737 37.5288 -23.7834 5.53646 5.60389 2.05801 0 0 0 0.728442 2.32372 0 0 0 0 0 0 2.384 303 53 0 0 0
./complex_md-fit_306.pdb BC A 7.52717 39.8681 -7.93256 -2.81312 -9.738 -21.1827 -0.741908 35.1057 -21.6714 3.77861 6.83905 2.25684 0 0 0 0.23438 2.08923 2.77556e-17 0 0 0 0 0 2.384 303 48 0 0 0
./complex_md-fit_307.pdb BC A 8.75258 25.891 -4.59428 -2.67484 -7.07015 -21.6346 -0.780788 36.5764 -21.8604 5.72365 5.91598 0.99999 0 0 0 0.22061 2.29843 -0.0102382 0 0 0 0 0 2.384 303 50 0 0 0
./complex_md-fit_308.pdb BC A 6.55881 35.543 -8.10252 -2.59974 -10.4261 -21.5373 -0.954869 35.9396 -21.5472 4.26967 6.04542 2.5039 0 0 0 0.20419 1.88124 -5.55112e-17 0 0 0 0 0 2.384 303 49 0 0 0
./complex_md-fit_309.pdb BC A 6.77307 32.7797 -6.7846 -5.34435 -11.0579 -23.5936 -0.741753 39.0556 -24.1441 8.59132 7.54136 2.35375 0 0 0 0.578136 2.61281 -0.0230129 0 0 0 0 0 2.384 303 49 1 1 0
./complex_md-fit_30.pdb BC A 7.61067 32.632 -12.0833 -7.71641 -9.06985 -24.0982 -0.616976 38.9179 -24.0519 5.75045 5.69722 2.88231 0 0 0 0.200843 2.8396 -5.55112e-17 0 0 0 0 0.021345 2.384 303 50 2 2 0
./complex_md-fit_310.pdb BC A 7.48712 26.7028 -0.502164 -1.93407 -6.26957 -21.1518 -0.830305 35.1315 -21.4437 9.10663 5.07381 1.62906 0 0 0 0.186194 1.90288 0 0 0 0 0 0 2.384 303 48 3 3 0
./complex_md-fit_311.pdb BC A 8.89343 31.0524 -8.67631 -3.65296 -10.3273 -22.4434 -0.953758 37.7877 -22.8882 3.89414 7.09387 2.64289 0 0 0 0.170709 2.35362 0 0 0 0 0 0 2.384 303 51 0 0 0
./complex_md-fit_312.pdb BC A 7.87034 24.3794 -7.21428 -1.32117 -7.6343 -21.6555 -0.671383 35.8035 -22.8624 4.82969 5.20394 0.809051 0 0 0 0.284271 1.93119 0 0 0 0 0 0 2.384 303 50 0 0 0
./complex_md-fit_313.pdb BC A 8.18106 33.0426 3.02696 -1.79261 -4.96366 -21.4094 -0.798767 37.8042 -21.5981 8.92362 4.84755 1.47549 0 0 0 0.538581 1.8624 0 0 0 0 0 0 2.384 303 48 2 2 0
./complex_md-fit_314.pdb BC A 6.90799 41.6809 -6.30146 -2.38081 -6.60049 -20.8049 -0.731374 34.687 -21.4716 3.69487 4.91735 1.6566 0 0 0 0.73194 1.99999 0 0 0 0 0 0 2.384 303 47 0 0 0
./complex_md-fit_315.pdb BC A 7.80631 31.5572 -10.2536 -6.31267 -8.57696 -25.0314 -0.98744 42.2686 -25.9768 5.77961 6.73512 1.60136 0 0 0 0.269654 2.47963 -0.022683 0 0 0 0 0 2.384 303 52 2 2 0
./complex_md-fit_316.pdb BC A 6.38146 26.2556 -18.47 -9.17116 -12.0835 -24.9453 -0.843064 39.0385 -25.5566 2.94324 9.2193 2.60546 0 0 0 0.32316 3.19628 -2.77556e-17 0 0 0 0 0 2.384 303 53 0 0 0
./complex_md-fit_317.pdb BC A 11.122 30.2862 -6.02901 -4.72027 -6.84763 -25.5918 -0.76517 43.1047 -26.4549 6.61574 6.56221 1.66734 0 0 0 0.400712 2.69027 0 0 0 0 0 0 2.384 303 53 1 1 0
./complex_md-fit_318.pdb BC A 6.29278 35.4158 -11.5078 -7.27472 -10.1449 -24.9989 -0.81565 41.9478 -25.0136 4.53387 7.88853 1.87712 0 0 0 0.512949 2.87384 -0.0203699 0 0 0 0 0 2.384 303 51 0 0 0
./complex_md-fit_319.pdb BC A 8.28474 29.3607 -10.9894 -5.37727 -10.3 -24.2613 -0.803772 40.2948 -24.8459 5.03365 7.54742 1.42283 0 0 0 0.3 2.30804 0 0 0 0 0 0 2.384 303 52 0 0 0
./complex_md-fit_31.pdb BC A 6.94648 33.7248 -9.55848 -7.15285 -6.89305 -22.7511 -0.465595 35.9143 -23.3018 6.31223 6.28582 2.23436 0 0 0 0.203676 1.95636 0.0554421 0 0 0 0 0 2.384 303 50 1 1 0
./complex_md-fit_320.pdb BC A 8.61485 33.6597 -7.69716 -3.99672 -8.14 -25.3896 -1.04619 43.6129 -26.0621 3.69583 6.4133 2.36222 0 0 0 0.853269 3.30693 0 0 0 0 0 0 2.384 303 54 0 0 0
./complex_md-fit_321.pdb BC A 8.86086 27.8244 -4.87148 -5.20548 -7.8905 -24.8469 -0.95842 41.7026 -25.4499 9.03496 6.44746 1.93016 0 0 0 0.3907 2.39023 -0.0260799 0 0 0 0 0 2.384 303 52 3 3 0
./complex_md-fit_322.pdb BC A 8.37729 30.8044 -7.9025 -5.78868 -9.5471 -25.5142 -1.1456 43.9 -26.0772 6.97788 7.32744 1.61446 0 0 0 0.375933 2.66253 -0.0254393 0 0 0 0 0 2.384 303 53 2 2 0
./complex_md-fit_323.pdb BC A 8.08742 35.7613 -5.88811 -5.53944 -8.96576 -25.6036 -0.959823 43.1424 -26.2785 10.0867 6.35493 1.518 0 0 0 0.383599 2.6386 -0.0266994 0 0 0 0 0 2.384 303 54 3 3 0
./complex_md-fit_324.pdb BC A 6.87649 37.4736 -8.42205 -6.19635 -9.43177 -27.0039 -1.00309 44.1076 -28.2509 8.63417 7.32003 3.10642 0 0 0 0.295781 2.96001 0 0 0 0 0 2.22045e-16 2.384 303 55 2 2 0
./complex_md-fit_325.pdb BC A 8.20323 26.1065 -11.0576 -6.66165 -12.3166 -26.4374 -1.02877 45.2563 -26.6458 6.37788 8.46388 1.57131 0 0 0 0.386208 2.80331 -0.0229814 0 0 0 0 0 2.384 303 55 1 1 0
./complex_md-fit_326.pdb BC A 5.93964 34.629 -12.4231 -6.16353 -12.8549 -26.0373 -0.895886 43.7452 -26.2898 3.76639 8.73414 3.22024 0 0 0 0.380451 2.81896 -0.0281432 0 0 0 0 0 2.384 303 54 1 1 0
./complex_md-fit_327.pdb BC A 6.23994 34.9229 -8.91159 -6.62063 -11.6127 -24.5402 -0.911583 41.7398 -24.7368 6.35661 8.132 2.78628 0 0 0 0.519787 2.43152 -0.0241801 0 0 0 0 0 2.384 303 50 0 0 0
./complex_md-fit_328.pdb BC A 8.07126 30.831 -12.7963 -6.68174 -10.7235 -25.9956 -0.764772 43.1555 -26.6302 4.78574 7.20678 2.52014 0 0 0 0.354313 2.60902 -0.022989 0 0 0 0 0 2.384 303 50 0 0 0
./complex_md-fit_329.pdb BC A 8.55998 33.1697 -7.80394 -5.93484 -7.32616 -24.3727 -0.847686 39.3324 -25.3849 6.61565 6.71866 2.86106 0 0 0 0.559663 2.41698 -0.0250684 0 0 0 0 0 2.384 303 53 2 2 0
./complex_md-fit_32.pdb BC A 6.19753 33.4542 -9.57024 -6.34547 -6.8313 -23.0975 -0.441743 37.4799 -23.2742 3.75901 6.52942 2.35355 0 0 0 0.289289 3.45978 0 0 0 0 0 0.0088116 2.384 303 50 0 0 0
./complex_md-fit_330.pdb BC A 9.12233 31.3448 -8.38342 -3.96713 -7.54592 -23.5241 -0.732141 39.5229 -24.7208 4.7508 5.86422 1.35344 0 0 0 0.635675 2.19717 -0.0202705 0 0 0 0 0 2.384 303 49 1 1 0
./complex_md-fit_331.pdb BC A 8.90043 34.5759 -2.44423 -4.60714 -6.41892 -25.1964 -0.900655 43.6471 -26.2493 7.67785 6.1038 2.91581 0 0 0 0.60988 2.58267 -0.02623 0 0 0 0 0 2.384 303 54 1 1 0
./complex_md-fit_332.pdb BC A 8.16021 30.7294 -8.92272 -4.66704 -9.46671 -24.5246 -0.81723 41.373 -25.1674 6.25912 5.79592 1.75974 0 0 0 0.553669 2.49302 -0.0212823 0 0 0 0 0 2.384 303 52 0 0 0
./complex_md-fit_333.pdb BC A 8.39803 24.2734 -4.42623 -5.44906 -8.7839 -24.8125 -0.915781 42.2504 -25.3731 8.89128 7.13039 2.13301 0 0 0 0.525414 2.10599 -0.0224148 0 0 0 0 0 2.384 303 51 3 3 0
./complex_md-fit_334.pdb BC A 8.24936 31.543 -9.98579 -6.88836 -9.7185 -24.9856 -0.975805 41.9772 -25.1759 5.1019 7.84446 2.37838 0 0 0 0.456515 2.31776 0 0 0 0 0 0 2.384 303 53 0 0 0
./complex_md-fit_335.pdb BC A 8.33539 29.0114 -11.3468 -6.88505 -10.8601 -24.5672 -0.896528 41.0824 -24.808 6.84566 6.21853 1.95552 0 0 0 0.567969 2.14908 5.55112e-17 0 0 0 0 0 2.384 303 52 0 0 0
./complex_md-fit_336.pdb BC A 6.7632 31.7447 -9.08526 -6.39388 -9.43224 -25.4604 -0.932383 43.565 -25.3513 6.37844 6.03127 1.51461 0 0 0 1.02033 2.50977 -0.0247467 0 0 0 0 0 2.384 303 51 1 1 0
./complex_md-fit_337.pdb BC A 10.0818 31.9062 -8.6938 -4.74583 -8.77505 -22.3266 -0.984162 37.3207 -22.907 4.59833 7.14919 1.82525 0 0 0 0.180963 2.60762 -0.0296207 0 0 0 0 0 2.384 303 49 0 0 0
./complex_md-fit_338.pdb BC A 8.28385 31.4169 -9.71137 -6.88695 -8.93809 -24.5414 -0.981505 41.2804 -25.0867 6.17573 6.34919 2.68696 0 0 0 0.22678 2.69408 -5.55112e-17 0 0 0 0 0.00418503 2.384 303 52 1 1 0
./complex_md-fit_339.pdb BC A 8.22424 32.1673 -9.38747 -6.37679 -7.7508 -23.0046 -0.783682 38.0578 -24.0197 6.03147 6.22292 1.81178 0 0 0 0.453866 2.11375 -0.0297188 0 0 0 0 0 2.384 303 51 1 1 0
./complex_md-fit_33.pdb BC A 7.35356 37.3554 -11.7741 -7.91071 -9.25079 -24.535 -0.446414 39.6178 -24.7076 5.22431 7.20279 2.55542 0 0 0 0.467216 2.69397 -1.11022e-16 0 0 0 0 0.00880955 2.384 303 50 0 0 0
./complex_md-fit_340.pdb BC A 9.47713 30.966 -14.1642 -5.93453 -10.3533 -23.9932 -0.592549 38.6147 -24.6938 4.88261 5.24556 2.2674 0 0 0 0.41869 2.20604 -0.0257976 0 0 0 0 0 2.384 303 52 0 0 0
./complex_md-fit_341.pdb BC A 9.71656 35.8261 -13.1876 -8.19547 -10.917 -23.8744 -0.83778 38.2524 -24.986 7.11292 7.56158 2.59137 0 0 0 0.129722 1.99386 -0.0248759 0 0 0 0 0 2.384 303 51 1 1 0
./complex_md-fit_342.pdb BC A 9.47861 33.9959 -10.6565 -7.11736 -7.12864 -25.041 -0.671155 40.6586 -26.3372 5.02282 6.54793 3.02034 0 0 0 0.413925 2.54534 -0.0247272 0 0 0 0 0 2.384 303 54 1 1 0
./complex_md-fit_343.pdb BC A 8.33788 31.9187 -6.86831 -5.23921 -7.49233 -23.5766 -0.799905 39.2727 -23.9284 5.78124 5.91266 2.7525 0 0 0 0.471295 2.48299 -0.0223058 0 0 0 0 0 2.384 303 48 0 0 0
./complex_md-fit_344.pdb BC A 7.56043 34.1983 -12.1986 -5.27621 -10.3766 -22.2712 -0.916793 37.0729 -22.6051 3.35927 6.04206 2.41065 0 0 0 0.391769 2.47448 -0.0293393 0 0 0 0 0 2.384 303 48 0 0 0
./complex_md-fit_345.pdb BC A 7.50763 33.9959 -10.9827 -6.14178 -8.90202 -22.8703 -0.782707 38.4414 -23.3231 3.79396 6.09876 1.82868 0 0 0 0.874451 2.68559 0 0 0 0 0 0 2.384 303 51 0 0 0
./complex_md-fit_346.pdb BC A 5.35021 33.0206 -12.4567 -5.65841 -8.17115 -22.2737 -0.712997 35.1137 -23.0721 4.41749 5.21638 2.1879 0 0 0 0.524326 2.63298 -0.0281097 0 0 0 0 0 2.384 303 51 1 1 0
./complex_md-fit_347.pdb BC A 6.87416 26.1927 -11.5512 -6.21712 -8.45959 -22.7316 -0.784628 36.9625 -22.9707 3.77414 6.11511 2.27509 0 0 0 0.510986 2.20555 -0.0253708 0 0 0 0 0 2.384 303 55 0 0 0
./complex_md-fit_348.pdb BC A 7.95294 39.1594 -3.85095 -4.47593 -6.71137 -24.1354 -0.933322 42.5263 -24.0048 5.49479 6.15775 1.68131 0 0 0 0.576528 2.47016 -0.0268294 0 0 0 0 0 2.384 303 52 0 0 0
./complex_md-fit_349.pdb BC A 7.60907 31.1015 -10.8495 -4.92735 -9.99563 -23.8098 -0.821171 40.5253 -24.0688 4.18572 6.46471 1.44369 0 0 0 0.181428 2.40524 -0.0277245 0 0 0 0 0 2.384 303 51 0 0 0
./complex_md-fit_34.pdb BC A 6.34325 28.2362 -12.8335 -7.69789 -8.15265 -23.6639 -0.515903 37.582 -24.0114 3.87413 6.66914 2.79545 0 0 0 0.287586 2.41611 0 0 0 0 0 0 2.384 303 51 0 0 0
./complex_md-fit_350.pdb BC A 6.94125 30.6945 -12.3796 -6.33301 -10.7269 -24.9828 -1.0408 41.7706 -24.9502 3.92395 7.71534 1.79405 0 0 0 0.473691 2.30898 -0.0234895 0 0 0 0 0 2.384 303 52 0 0 0
./complex_md-fit_351.pdb BC A 10.5679 33.0847 -3.41595 -3.23365 -9.1888 -23.478 -0.844272 40.1427 -23.9942 6.89286 6.8101 2.49031 0 0 0 1.00475 2.22417 -0.0177516 0 0 0 0 0 2.384 303 49 1 1 0
./complex_md-fit_352.pdb BC A 8.64807 42.5106 -10.0676 -4.95692 -7.69801 -22.7228 -0.618137 37.1203 -23.2977 2.85513 6.28234 2.51512 0 0 0 0.473038 2.04941 -0.0198836 0 0 0 0 0 2.384 303 47 0 0 0
./complex_md-fit_353.pdb BC A 7.4311 29.4764 -5.05566 -4.93106 -9.02488 -23.6321 -0.810313 40.9148 -23.2948 5.81354 7.1282 2.1534 0 0 0 0.654145 2.21923 -0.0266079 0 0 0 0 0 2.384 303 54 0 0 0
./complex_md-fit_354.pdb BC A 8.61184 29.8644 -12.6449 -6.77392 -12.6351 -23.9874 -0.711275 40.0671 -23.643 3.91395 7.71195 2.54296 0 0 0 0.892299 2.17575 -0.0223753 0 0 0 0 0 2.384 303 51 0 0 0
./complex_md-fit_355.pdb BC A 7.52271 30.1716 -4.17488 -5.73557 -7.06491 -23.6417 -0.836581 40.9756 -24.4305 8.34017 5.8417 1.75779 0 0 0 0.641722 1.88904 -0.022587 0 0 0 0 0 2.384 303 51 3 3 0
./complex_md-fit_356.pdb BC A 7.52255 32.0923 -11.9744 -6.47753 -6.67601 -24.052 -0.828266 40.235 -25.4768 4.61146 5.15465 1.14532 0 0 0 0.415757 2.83483 -0.0259775 0 0 0 0 0 2.384 303 52 0 0 0
./complex_md-fit_357.pdb BC A 9.87871 27.1132 -8.99429 -4.59231 -8.59196 -23.9128 -1.12751 40.1464 -23.7533 4.02529 6.3464 1.7405 0 0 0 0.745761 2.15593 -0.0207958 0 0 0 0 0 2.384 303 50 0 0 0
./complex_md-fit_358.pdb BC A 8.19931 37.9477 -7.12852 -4.49792 -7.65242 -22.5177 -0.884688 38.3915 -22.5115 5.52796 4.82547 2.02987 0 0 0 0.160955 2.68885 0 0 0 0 0 0 2.384 303 53 1 1 0
./complex_md-fit_359.pdb BC A 8.24532 28.4986 -9.58768 -4.33044 -9.92245 -23.2675 -1.01519 40.9952 -23.4177 3.29359 6.47697 1.38794 0 0 0 0.22378 1.95433 -0.0118738 0 0 0 0 0 2.384 303 50 0 0 0
./complex_md-fit_35.pdb BC A 6.72478 37.8058 -7.43612 -6.47343 -8.0374 -22.5294 -0.566193 36.6901 -22.3435 5.59816 7.06395 2.96331 0 0 0 0.198271 2.35333 5.55112e-17 0 0 0 0 0 2.384 303 48 1 1 0
./complex_md-fit_360.pdb BC A 8.7856 25.6801 -12.006 -4.76809 -10.4039 -23.276 -0.809973 37.6796 -23.7026 5.63828 6.33347 0.926102 0 0 0 0.377 2.06068 0 0 0 0 0 0 2.384 303 46 0 0 0
./complex_md-fit_361.pdb BC A 6.89648 32.5789 -6.75188 -5.18851 -8.18093 -23.1942 -1.09303 38.711 -23.0019 6.36508 6.49296 2.04694 0 0 0 0.290688 2.18243 5.55112e-17 0 0 0 0 0 2.384 303 51 1 1 0
./complex_md-fit_362.pdb BC A 6.892 28.6434 -11.5968 -4.63541 -9.45248 -21.5586 -0.954517 36.0377 -21.6967 3.3359 6.26844 0.799106 0 0 0 0.259716 1.98864 0 0 0 0 0 0 2.384 303 47 0 0 0
./complex_md-fit_363.pdb BC A 6.24947 27.6263 -10.5174 -6.09928 -9.094 -23.5678 -0.968925 40.1828 -24.1773 3.9531 6.48736 2.17885 0 0 0 0.61674 2.21768 -0.0289865 0 0 0 0 0 2.384 303 51 0 0 0
./complex_md-fit_364.pdb BC A 9.02898 25.5112 -5.25769 -2.08333 -8.97647 -22.2153 -0.856614 37.7154 -22.8021 4.64468 6.44039 2.74139 0 0 0 0.13421 2.03423 2.77556e-17 0 0 0 0 0 2.384 303 50 0 0 0
./complex_md-fit_365.pdb BC A 8.58535 34.1227 -12.8464 -4.93408 -8.74326 -21.2355 -0.771818 34.5649 -21.7845 3.25756 5.06326 1.21304 0 0 0 0.52398 1.83747 0 0 0 0 0 0 2.384 303 49 0 0 0
./complex_md-fit_366.pdb BC A 6.39518 27.6585 -6.6876 -3.261 -11.1096 -22.74 -0.997081 38.8899 -22.9526 6.15359 7.0465 1.77935 0 0 0 0.503379 1.96811 0 0 0 0 0 0 2.384 303 49 1 1 0
./complex_md-fit_367.pdb BC A 7.96587 34.9319 -5.20191 -3.52421 -8.11528 -22.0096 -0.979881 37.1865 -22.7166 7.01385 6.60686 1.23815 0 0 0 0.0983344 1.79181 1.38778e-17 0 0 0 0 0 2.384 303 46 1 1 0
./complex_md-fit_368.pdb BC A 7.66702 26.0523 -10.8964 -6.88971 -9.26925 -23.9761 -0.915165 39.7058 -24.166 5.40581 6.86432 2.02341 0 0 0 0.344593 2.41937 -0.0241778 0 0 0 0 0 2.384 303 53 1 1 0
./complex_md-fit_369.pdb BC A 6.76346 29.2155 -7.55509 -5.68337 -9.12532 -23.563 -1.0691 41.0894 -23.5089 5.55965 6.9813 1.2921 0 0 0 0.494977 2.42771 -0.0227772 0 0 0 0 0 2.384 303 51 1 1 0
./complex_md-fit_36.pdb BC A 6.26887 30.3916 -9.09032 -7.7441 -10.755 -23.1864 -0.669927 39.2808 -22.7706 6.54602 6.96371 3.09314 0 0 0 0.152032 2.38929 1.11022e-16 0 0 0 0 0 2.384 303 52 3 3 0
./complex_md-fit_370.pdb BC A 8.32871 36.4619 -8.40957 -3.45228 -8.00315 -22.5306 -0.875928 36.4605 -22.8029 5.81618 5.63398 1.14951 0 0 0 0.195151 2.14065 0 0 0 0 0 0 2.384 303 48 1 1 0
./complex_md-fit_371.pdb BC A 8.86654 35.8572 -4.16023 -4.29042 -6.1605 -22.3037 -0.975401 38.6736 -23.0232 5.73143 5.56533 2.09922 0 0 0 0.5234 2.1413 0 0 0 0 0 0 2.384 303 47 1 1 0
./complex_md-fit_372.pdb BC A 7.23893 28.9149 -6.8997 -3.78723 -8.44959 -22.5433 -0.915317 37.8306 -22.768 6.29248 5.65323 1.41667 0 0 0 0.370753 2.04921 0 0 0 0 0 0 2.384 303 50 1 1 0
./complex_md-fit_373.pdb BC A 7.41656 23.2931 -6.87263 -4.20559 -7.47202 -23.2052 -0.841118 40.1285 -23.6107 4.14134 5.98004 1.89717 0 0 0 0.315001 2.49279 0 0 0 0 0 0 2.384 303 52 0 0 0
./complex_md-fit_374.pdb BC A 9.27164 30.5533 -11.8118 -4.8723 -8.89521 -22.8434 -0.822086 36.8368 -23.0435 4.46423 5.94637 1.1507 0 0 0 0.26658 1.66249 0 0 0 0 0 0 2.384 303 50 1 1 0
./complex_md-fit_375.pdb BC A 8.08853 31.6786 -4.81615 -2.94779 -7.58318 -22.478 -1.08231 37.7395 -22.8176 5.4563 6.67456 1.9971 0 0 0 0.225286 2.21785 0 0 0 0 0 0 2.384 303 50 1 1 0
./complex_md-fit_376.pdb BC A 7.53001 35.913 -14.1015 -4.62537 -9.10694 -22.6555 -0.808233 37.0403 -23.4216 2.29315 5.57019 1.28277 0 0 0 0.329779 2.20361 0 0 0 0 0 0 2.384 303 50 0 0 0
./complex_md-fit_377.pdb BC A 11.2673 31.7123 -11.8044 -5.70545 -13.9119 -22.8641 -1.13749 38.4668 -23.3278 4.97941 8.64511 2.70608 0 0 0 0.344988 1.87328 0 0 0 0 0 0 2.384 303 51 1 1 0
./complex_md-fit_378.pdb BC A 7.46182 36.1166 -9.33482 -5.47469 -12.204 -24.1512 -1.14387 41.6664 -24.1376 7.12995 7.72752 1.0254 0 0 0 0.227362 2.24266 0 0 0 0 0 0 2.384 303 53 2 2 0
./complex_md-fit_379.pdb BC A 7.01536 30.7828 -9.9918 -3.38914 -10.7518 -21.7898 -1.01082 36.235 -22.0907 4.34812 6.26054 2.03477 0 0 0 0.161992 2.09601 -5.55112e-17 0 0 0 0 0 2.384 303 49 0 0 0
./complex_md-fit_37.pdb BC A 7.42418 28.2295 -16.1882 -8.85112 -10.6156 -24.3572 -0.675966 39.57 -25.0447 3.95253 7.54733 2.16292 0 0 0 0.123511 3.15011 0 0 0 0 0 0 2.384 303 50 0 0 0
./complex_md-fit_380.pdb BC A 6.36656 38.0036 -8.95797 -2.31079 -9.7528 -21.5604 -0.902328 37.1612 -21.595 2.3158 6.50753 0.929114 0 0 0 0.249636 1.98467 0 0 0 0 0 0 2.384 303 45 0 0 0
./complex_md-fit_381.pdb BC A 7.03829 26.1484 -13.4286 -5.29353 -10.1713 -21.0812 -0.859221 34.5457 -21.5978 2.96306 6.12576 1.48144 0 0 0 0.458489 1.95822 5.55112e-17 0 0 0 0 0 2.384 303 46 0 0 0
./complex_md-fit_382.pdb BC A 7.65314 26.0975 -12.7841 -3.9923 -12.2012 -20.9717 -0.96626 33.7619 -21.7605 4.25995 6.08728 2.6588 0 0 0 0.339971 2.14897 0 0 0 0 0 0 2.384 303 48 1 1 0
./complex_md-fit_383.pdb BC A 9.78473 32.7498 -16.3195 -6.75511 -9.52148 -22.5204 -0.930701 35.8459 -23.5841 3.11596 6.1155 1.63744 0 0 0 0.298882 2.04084 -0.0214951 0 0 0 0 0 2.384 303 46 0 0 0
./complex_md-fit_384.pdb BC A 6.73449 28.9692 -13.4804 -3.6997 -7.90583 -20.8231 -0.796642 32.563 -21.967 2.82655 4.28871 1.84853 0 0 0 0.185048 1.86335 0 0 0 0 0 0 2.384 303 46 0 0 0
./complex_md-fit_385.pdb BC A 10.8627 31.3201 -15.8935 -4.5173 -11.7926 -21.2661 -0.936811 33.9066 -22.1672 3.7919 5.89428 1.11647 0 0 0 0.0772958 2.10262 0 0 0 0 0 0 2.384 303 49 0 0 0
./complex_md-fit_386.pdb BC A 9.00887 35.0709 -7.29623 -5.30095 -8.02332 -21.6446 -0.623308 37.018 -21.6696 3.24767 5.82378 3.7805 0 0 0 0.0867157 2.133 0 0 0 0 0 0.00890332 2.384 303 48 0 0 0
./complex_md-fit_387.pdb BC A 7.96129 35.9429 -10.9013 -7.45085 -8.0121 -22.9934 -0.766978 38.9802 -23.6136 3.78213 5.76407 3.01584 0 0 0 0.34542 2.46627 -5.55112e-17 0 0 0 0 0.0478768 2.384 303 52 0 0 0
./complex_md-fit_388.pdb BC A 8.5417 24.9685 -13.3755 -5.90862 -11.2646 -23.9333 -0.825095 39.6957 -24.6273 4.22247 6.87616 1.89772 0 0 0 0.444095 2.70034 1.11022e-16 0 0 0 0 0.0471546 2.384 303 50 0 0 0
./complex_md-fit_389.pdb BC A 8.02166 30.5317 -11.6295 -7.0639 -11.5111 -24.7243 -0.895643 41.3546 -25.2503 5.73188 7.12484 2.88213 0 0 0 0.672658 2.37578 0 0 0 0 0 0.0496878 2.384 303 48 2 2 0
./complex_md-fit_38.pdb BC A 7.12236 35.7676 -7.06581 -7.87631 -6.93931 -24.5352 -0.69326 41.0862 -25.5091 7.57959 6.22378 3.16803 0 0 0 0.429843 2.31075 0 0 0 0 0 0 2.384 303 50 2 2 0
./complex_md-fit_390.pdb BC A 6.8354 32.0938 -11.8908 -7.12209 -9.05155 -20.3169 -0.876281 31.7481 -20.9464 5.18439 6.55599 2.73333 0 0 0 0.18244 2.13236 0 0 0 0 0 0.0182215 2.384 303 52 1 1 0
./complex_md-fit_391.pdb BC A 13.6473 36.9341 -13.8023 -6.6298 -7.32853 -22.5834 -0.648053 35.9991 -23.721 3.54387 5.12281 2.07032 0 0 0 0.355264 2.37564 5.55112e-17 0 0 0 0 0.0172448 2.384 303 48 0 0 0
./complex_md-fit_392.pdb BC A 6.83016 33.019 -9.02246 -3.29951 -6.40798 -23.1416 -0.803077 37.7598 -23.8877 3.26401 4.85798 2.49334 0 0 0 0.142241 2.11449 -1.38778e-17 0 0 0 0 0 2.384 303 50 0 0 0
./complex_md-fit_393.pdb BC A 8.86495 35.3479 -11.4646 -6.1157 -7.63718 -23.3123 -0.867539 37.6366 -24.3973 4.74159 5.84979 2.49171 0 0 0 0.145775 2.34626 0 0 0 0 0 0 2.384 303 50 0 0 0
./complex_md-fit_394.pdb BC A 12.1998 29.5896 -12.9002 -5.82812 -6.96615 -21.7367 -0.774645 33.8929 -22.8225 3.24227 5.96687 2.00037 0 0 0 0.125474 2.23434 0 0 0 0 0 0 2.384 303 52 0 0 0
./complex_md-fit_395.pdb BC A 6.932 34.6152 -11.4191 -4.25605 -8.65609 -22.621 -0.549636 37.707 -23.4574 2.38312 5.05517 2.6131 0 0 0 0.362763 2.32797 0 0 0 0 0 0 2.384 303 49 0 0 0
./complex_md-fit_396.pdb BC A 9.70476 33.7889 -14.2916 -5.22778 -8.25968 -21.6333 -0.582206 34.4965 -23.0166 1.93249 4.83037 2.97589 0 0 0 0.192809 2.44488 0 0 0 0 0 0 2.384 303 51 0 0 0
./complex_md-fit_397.pdb BC A 6.39909 34.0129 -10.1499 -5.98957 -7.09033 -22.4968 -0.780189 38.7801 -23.2538 2.87979 5.50658 2.03045 0 0 0 0.215127 2.55253 2.77556e-17 0 0 0 0 0.0487897 2.384 303 53 0 0 0
./complex_md-fit_398.pdb BC A 11.5106 26.442 -10.606 -4.96874 -7.08711 -22.6458 -0.822759 37.0353 -24.3138 4.28177 4.83094 2.79414 0 0 0 0.271012 2.54594 0.0190199 0 0 0 0 0 2.384 303 52 0 0 0
./complex_md-fit_399.pdb BC A 6.84282 29.2381 -5.1554 -4.19493 -5.70454 -22.1957 -0.880277 36.318 -23.3069 6.82786 4.9182 2.81303 0 0 0 0.249791 2.19249 0 0 0 0 0 0 2.384 303 49 1 1 0
./complex_md-fit_39.pdb BC A 6.65028 28.6046 -7.58781 -5.78458 -8.99764 -24.1973 -0.565548 39.634 -24.6995 6.52297 6.80396 3.408 0 0 0 0.287859 2.63104 0 0 0 0 0 0 2.384 303 50 2 2 0
./complex_md-fit_3.pdb BC A 9.55933 31.6977 -11.5443 -8.47854 -10.1546 -26.9753 -0.668221 45.4865 -27.2664 5.8585 7.19586 3.00554 0 0 0 0.321869 2.84356 0.0838708 0 0 0 0 0.046553 2.384 303 53 1 1 0
./complex_md-fit_400.pdb BC A 8.97942 28.283 -6.06076 -4.20608 -5.62542 -21.7401 -0.697643 37.2636 -22.4153 3.2921 5.0404 2.73887 0 0 0 0.288855 2.82819 0 0 0 0 0 0 2.384 303 48 0 0 0
./complex_md-fit_401.pdb BC A 7.05245 35.9899 -6.46578 -6.85749 -7.5676 -20.9288 -0.550576 34.9593 -21.202 6.94892 5.71017 2.80368 0 0 0 0.167125 2.43169 1.38778e-17 0 0 0 0 0.0514917 2.384 303 51 0 0 0
./complex_md-fit_402.pdb BC A 6.93165 31.1586 -12.6715 -5.25486 -9.78831 -21.8229 -0.87159 35.8406 -22.8843 3.02618 6.22435 2.6624 0 0 0 0.196889 2.4789 -1.11022e-16 0 0 0 0 0 2.384 303 51 0 0 0
./complex_md-fit_403.pdb BC A 8.35175 28.4011 -8.86672 -5.11771 -8.56112 -19.4076 -0.561999 32.6372 -19.7846 4.1819 5.01238 2.60128 0 0 0 0.0986839 1.81606 0 0 0 0 0 0.0348686 2.384 303 47 2 2 0
./complex_md-fit_404.pdb BC A 8.05645 33.2127 -13.1753 -6.2136 -7.64736 -21.8193 -0.83765 35.2835 -22.2056 2.90873 5.52337 1.53688 0 0 0 0.306355 3.25429 -0.0106041 0 0 0 0 0 2.384 303 52 1 1 0
./complex_md-fit_405.pdb BC A 8.41543 31.1089 -3.39386 -5.96085 -8.39655 -21.4675 -0.773466 38.0517 -20.9689 7.33079 6.81955 1.57892 0 0 0 0.356756 2.24803 0 0 0 0 0 0.0357289 2.384 303 52 2 2 0
./complex_md-fit_406.pdb BC A 7.2902 34.0171 -10.2245 -5.80297 -11.5495 -22.503 -0.811872 38.5611 -22.1682 4.53285 6.18105 3.15824 0 0 0 0.143319 2.47634 0 0 0 0 0 0.0343886 2.384 303 51 0 0 0
./complex_md-fit_407.pdb BC A 7.79586 31.38 -9.5502 -7.09817 -7.89917 -21.8586 -0.743683 36.0718 -22.3278 4.3241 6.86708 2.73367 0 0 0 0.3393 2.52737 0 0 0 0 0 0.0412802 2.384 303 51 2 2 0
./complex_md-fit_408.pdb BC A 7.85727 35.4997 -11.1588 -6.68525 -8.4934 -21.6524 -0.65218 35.637 -22.5344 3.8439 5.93812 3.26563 0 0 0 0.163466 2.11777 0 0 0 0 0 0.0106797 2.384 303 47 1 1 0
./complex_md-fit_409.pdb BC A 10.0966 31.2701 -7.34066 -5.42284 -8.83455 -21.6589 -0.642949 35.498 -22.2182 6.40699 5.98072 3.41285 0 0 0 0.102085 2.32312 -0.0194535 0 0 0 0 0.055605 2.384 303 49 1 1 0
./complex_md-fit_40.pdb BC A 6.2499 30.9187 -12.0483 -7.34969 -9.24585 -23.78 -0.554524 38.2961 -24.3387 4.34533 7.02699 3.07386 0 0 0 0.460451 2.41608 0 0 0 0 0 0.0177035 2.384 303 48 0 0 0
./complex_md-fit_410.pdb BC A 8.55806 37.225 -4.64998 -4.91334 -7.08293 -21.43 -0.749572 37.226 -21.4083 5.63286 5.19253 2.6356 0 0 0 0.215393 2.3064 -5.55112e-17 0 0 0 0 0.0317362 2.384 303 54 2 2 0
./complex_md-fit_411.pdb BC A 7.90029 37.8028 -9.60256 -6.09858 -9.08351 -21.0939 -0.850022 35.1298 -20.9546 5.05587 5.9269 2.29529 0 0 0 0.0701709 2.45067 0 0 0 0 0 0 2.384 303 48 2 2 0
./complex_md-fit_412.pdb BC A 7.59234 26.0637 -7.39727 -5.57132 -6.84255 -21.077 -0.517593 34.1165 -21.9028 5.1436 4.98946 4.16821 0 0 0 0.0513539 2.37343 0 0 0 0 0 0.0448312 2.384 303 46 0 0 0
./complex_md-fit_413.pdb BC A 8.9881 33.8893 -12.7613 -5.8835 -8.94056 -20.5503 -0.517198 33.5086 -21.4436 3.06499 4.59469 2.99953 0 0 0 0.366459 2.36206 0 0 0 0 0 0.0395622 2.384 303 52 0 0 0
./complex_md-fit_414.pdb BC A 7.82908 27.8454 -7.93251 -4.20893 -8.07886 -21.3415 -0.635431 36.0686 -21.7388 4.77391 4.75146 2.23954 0 0 0 0.232911 2.45767 0 0 0 0 0 0.0046303 2.384 303 50 0 0 0
./complex_md-fit_415.pdb BC A 14.0357 31.3424 -2.15889 -3.4487 -6.78479 -20.3394 -0.62364 35.2195 -20.3399 6.01299 5.1167 2.88119 0 0 0 0.147203 2.20949 0 0 0 0 0 0 2.384 303 47 1 1 0
./complex_md-fit_416.pdb BC A 8.27366 36.3903 -13.6669 -5.85395 -8.55821 -23.8181 -0.71221 38.331 -25.0018 3.39704 6.47157 1.8489 0 0 0 0.193725 2.37211 0 0 0 0 0 0.0350407 2.384 303 52 0 0 0
./complex_md-fit_417.pdb BC A 6.20845 29.8533 -5.60734 -3.70087 -8.15547 -22.7954 -0.790262 39.3735 -22.7246 5.48652 6.17194 1.25256 0 0 0 0.269842 2.52644 5.55112e-17 0 0 0 0 0.00487607 2.384 303 56 0 0 0
./complex_md-fit_418.pdb BC A 9.70508 45.3501 -6.25423 -4.27718 -7.63235 -21.356 -0.706944 33.7915 -21.7728 7.55443 5.86742 1.64655 0 0 0 0.631126 2.29644 -1.11022e-16 0 0 0 0 0 2.384 303 50 2 2 0
./complex_md-fit_419.pdb BC A 7.11971 30.9614 -10.8698 -3.5079 -8.30306 -21.2201 -0.708087 33.4323 -22.1572 3.84314 6.24205 1.43046 0 0 0 0.0786321 1.85509 0 0 0 0 0 0 2.384 303 48 0 0 0
./complex_md-fit_41.pdb BC A 6.44326 35.0657 -15.2277 -7.17332 -8.11722 -22.4539 -0.472435 35.1422 -23.0314 2.8537 5.2538 2.61212 0 0 0 0.15409 1.88449 0 0 0 0 0 0.0046248 2.384 303 45 0 0 0
./complex_md-fit_420.pdb BC A 8.30821 42.9971 -8.72168 -4.95719 -7.89018 -21.4642 -0.73104 33.977 -22.0208 6.84982 5.30865 1.82667 0 0 0 0.379568 2.32018 0 0 0 0 0 0 2.384 303 50 2 2 0
./complex_md-fit_421.pdb BC A 7.26272 29.4749 -7.19874 -6.05197 -7.6831 -24.341 -0.782019 39.2467 -25.1557 8.53049 6.34274 2.44015 0 0 0 0.281182 2.6127 -0.026172 0 0 0 0 0 2.384 303 53 4 4 0
./complex_md-fit_422.pdb BC A 6.52502 26.3602 -17.8906 -6.08079 -9.76599 -22.1223 -0.757993 34.2382 -23.3284 2.24775 6.14278 1.32958 0 0 0 0.206578 1.89738 2.77556e-17 0 0 0 0 0 2.384 303 51 0 0 0
./complex_md-fit_423.pdb BC A 8.79968 39.5606 -9.2198 -3.81737 -7.9624 -20.4738 -0.6043 32.9598 -21.1723 5.23203 5.10094 1.23376 0 0 0 0.283868 1.93272 0 0 0 0 0 0 2.384 303 47 1 1 0
./complex_md-fit_424.pdb BC A 8.243 32.0378 -13.3401 -4.62586 -9.57077 -21.2227 -0.817132 33.9892 -22.132 3.08539 6.29478 1.60907 0 0 0 0.0499391 2.06013 0 0 0 0 0 0 2.384 303 45 0 0 0
./complex_md-fit_425.pdb BC A 9.46782 32.9439 -12.2785 -4.33208 -10.0805 -20.1762 -0.622539 31.7111 -20.5252 4.66967 5.70483 1.0824 0 0 0 0.290011 2.21818 0 0 0 0 0 0 2.384 303 49 0 0 0
./complex_md-fit_426.pdb BC A 7.08473 24.3595 -4.31016 -2.74909 -7.18834 -20.1542 -0.494107 32.8269 -20.3408 5.21267 6.07517 2.37101 0 0 0 0.140411 2.0364 -0.00976896 0 0 0 0 0 2.384 303 44 2 2 0
./complex_md-fit_427.pdb BC A 7.67279 31.3421 -7.56737 -1.99881 -7.26178 -21.4121 -0.679541 33.882 -22.3381 5.45626 4.69511 1.77625 0 0 0 0.313432 1.78786 0 0 0 0 0 0 2.384 303 47 0 0 0
./complex_md-fit_428.pdb BC A 7.33431 27.9409 -11.7905 -4.23996 -8.2885 -20.9554 -0.696636 33.0087 -21.9975 4.91392 5.36515 0.995041 0 0 0 0.117539 1.91854 -0.0129018 0 0 0 0 0 2.384 303 47 2 2 0
./complex_md-fit_429.pdb BC A 6.36694 35.6243 -9.45579 -2.15491 -7.94494 -20.6465 -0.700736 32.1744 -21.9064 4.49027 5.32587 1.47494 0 0 0 0.427561 2.20847 0 0 0 0 0 0.00460721 2.384 303 48 1 1 0
./complex_md-fit_42.pdb BC A 8.73389 29.3497 -12.7509 -6.49384 -8.413 -24.6256 -0.516101 38.6729 -25.1384 4.10435 6.33633 2.98363 0 0 0 0.316113 2.94396 0 0 0 0 0 0.0226806 2.384 303 49 1 1 0
./complex_md-fit_430.pdb BC A 9.10251 30.0617 -6.12061 -1.62987 -7.69986 -20.5602 -0.803326 33.703 -21.2616 5.09149 5.08558 1.73348 0 0 0 0.220644 1.90902 0 0 0 0 0 0 2.384 303 48 1 1 0
./complex_md-fit_431.pdb BC A 8.56063 39.191 -10.2016 -3.02655 -11.5132 -20.4165 -0.797628 31.5774 -21.1168 6.52116 6.21544 2.19187 0 0 0 0.163198 1.79341 0 0 0 0 0 0 2.384 303 42 2 2 0
./complex_md-fit_432.pdb BC A 6.51917 36.7297 -9.35955 -3.67957 -7.49805 -19.6625 -0.760664 30.6605 -20.4884 5.1659 5.184 1.50957 0 0 0 0.209669 1.86715 5.55112e-17 0 0 0 0 0 2.384 303 46 1 1 0
./complex_md-fit_433.pdb BC A 9.3273 27.8008 -11.8743 -5.34643 -8.92145 -22.4168 -0.746972 37.7571 -22.482 4.1007 4.81731 1.18234 0 0 0 0.198535 2.21752 -0.0212828 0 0 0 0 0.00479913 2.384 303 52 0 0 0
./complex_md-fit_434.pdb BC A 8.24185 30.856 -5.61319 -5.31819 -7.68083 -22.9515 -0.632781 38.8297 -23.1061 7.19473 5.47407 2.2241 0 0 0 0.369966 2.29789 -0.0162916 0 0 0 0 0 2.384 303 48 1 1 0
./complex_md-fit_435.pdb BC A 7.90042 38.0712 -1.80932 -4.30375 -4.65433 -23.346 -0.684881 40.2565 -23.6413 7.91079 4.81905 1.52417 0 0 0 0.330587 1.93591 -0.0247017 0 0 0 0 0.00454721 2.384 303 51 2 2 0
./complex_md-fit_436.pdb BC A 6.19936 35.1615 -8.93116 -5.66817 -8.58196 -23.7139 -0.914379 39.4567 -23.5367 3.29632 7.31805 3.03244 0 0 0 0.390037 2.386 -0.00956416 0 0 0 0 0 2.384 303 49 1 1 0
./complex_md-fit_437.pdb BC A 8.81998 27.7477 -9.64703 -4.03152 -9.07158 -21.6846 -0.838037 35.9332 -21.747 6.25414 4.48468 0.681551 0 0 0 0.39686 2.09785 -0.0246857 0 0 0 0 0 2.384 303 49 1 1 0
./complex_md-fit_438.pdb BC A 6.902 34.6434 -11.6414 -3.7025 -9.92092 -21.0945 -0.937008 33.6791 -21.738 5.49371 4.82255 1.63935 0 0 0 0.116709 1.80883 0 0 0 0 0 0 2.384 303 47 1 1 0
./complex_md-fit_439.pdb BC A 8.97487 31.873 -9.97158 -3.73847 -8.8177 -21.5002 -0.762425 33.0497 -21.8761 5.34357 6.40418 1.48468 0 0 0 0.441182 2.37852 0 0 0 0 0 0 2.384 303 47 0 0 0
./complex_md-fit_43.pdb BC A 6.75823 37.8758 -13.618 -6.97448 -9.44101 -23.2413 -0.610077 36.8364 -24.1518 3.94758 6.02585 3.67239 0 0 0 0.310349 2.33869 0 0 0 0 0 0.0080632 2.384 303 46 0 0 0
./complex_md-fit_440.pdb BC A 8.06343 30.7661 -12.6583 -3.86989 -9.624 -21.5239 -0.952538 33.9488 -22.5634 4.20477 6.17245 1.41379 0 0 0 0.135529 1.93553 0 0 0 0 0 0 2.384 303 48 1 1 0
./complex_md-fit_441.pdb BC A 6.94496 33.1306 -8.71517 -2.61521 -8.06635 -19.7755 -0.726139 30.8722 -20.3336 5.14249 4.93311 1.26928 0 0 0 0.584573 2.06548 0 0 0 0 0 0 2.384 303 48 1 1 0
./complex_md-fit_442.pdb BC A 8.02865 35.3333 -11.1383 -4.74846 -8.95076 -19.9574 -0.765234 33.0629 -20.7614 3.35968 5.36973 1.65637 0 0 0 0.564198 1.99097 0.0320725 0 0 0 0 0 2.384 303 44 0 0 0
./complex_md-fit_443.pdb BC A 8.4289 32.6519 -12.7571 -5.02006 -7.95252 -19.7809 -0.620734 30.4568 -20.5621 4.84362 4.59049 1.00785 0 0 0 0.280409 1.66985 0 0 0 0 0 0 2.384 303 48 1 1 0
./complex_md-fit_444.pdb BC A 6.43784 24.4702 -8.18203 -3.19372 -6.7527 -22.1834 -0.800343 37.4649 -22.6145 4.15153 5.10902 0.573577 0 0 0 0.0805479 2.20826 -0.0168865 0 0 0 0 0 2.384 303 50 1 1 0
./complex_md-fit_445.pdb BC A 7.35971 26.7451 -5.33056 -3.08524 -6.87045 -23.1325 -0.779376 39.2161 -24.0268 6.09008 4.96033 2.10408 0 0 0 0.19312 2.3344 -5.55112e-17 0 0 0 0 0 2.384 303 50 2 2 0
./complex_md-fit_446.pdb BC A 7.79948 26.6925 -5.04523 -5.9975 -9.20292 -23.5203 -0.94041 39.7914 -23.6293 7.65784 8.09086 2.54548 0 0 0 0.159553 2.26254 0 0 0 0 0 0 2.384 303 52 2 2 0
./complex_md-fit_447.pdb BC A 7.68341 29.1949 -11.2172 -5.15023 -9.3727 -22.7185 -0.85552 36.6444 -23.9395 4.91898 6.62624 1.93841 0 0 0 0.717729 2.65031 -0.0265924 0 0 0 0 0 2.384 303 52 0 0 0
./complex_md-fit_448.pdb BC A 6.77395 45.4464 -12.2385 -4.39545 -10.4487 -23.1108 -1.04972 37.9882 -24.4619 5.26534 5.94692 1.5941 0 0 0 0.433526 2.27919 -2.77556e-17 0 0 0 0 0 2.384 303 48 0 0 0
./complex_md-fit_449.pdb BC A 10.8038 28.6628 -5.49973 -4.80732 -9.75189 -22.0423 -0.852773 38.2639 -22.1519 5.75926 6.5389 2.24451 0 0 0 1.32189 2.16608 -0.0220136 0 0 0 0 0 2.384 303 50 0 0 0
./complex_md-fit_44.pdb BC A 7.41132 32.7843 -9.08665 -4.74901 -7.90769 -23.9677 -0.489299 39.8998 -24.491 4.78786 5.91636 1.4498 0 0 0 0.464176 2.15359 0 0 0 0 0 0 2.384 303 48 0 0 0
./complex_md-fit_450.pdb BC A 7.10335 28.5334 -8.41556 -5.70652 -9.29108 -22.8814 -0.853571 38.1085 -23.7652 5.9658 7.61239 1.74103 0 0 0 0.68001 2.3378 -0.0255785 0 0 0 0 0 2.384 303 50 1 1 0
./complex_md-fit_451.pdb BC A 9.29384 36.8389 -8.49375 -3.82053 -7.50575 -22.4016 -0.823652 36.7635 -23.0638 4.80767 5.09837 2.18403 0 0 0 0.295648 2.63261 -0.0275488 0 0 0 0 0 2.384 303 47 1 1 0
./complex_md-fit_452.pdb BC A 8.32381 31.3844 -10.9743 -4.17052 -11.022 -21.7919 -0.853197 36.1376 -22.2734 3.93595 6.51997 1.82827 0 0 0 0.715 2.02057 -5.55112e-17 0 0 0 0 0 2.384 303 50 0 0 0
./complex_md-fit_453.pdb BC A 9.97673 31.4709 -11.7358 -4.38697 -8.10461 -24.1881 -0.894888 39.9218 -24.9867 1.64821 6.45298 2.26499 0 0 0 0.548742 2.61519 -0.0112914 0 0 0 0 0 2.384 303 51 0 0 0
./complex_md-fit_454.pdb BC A 6.42939 29.8904 -2.13782 -2.99192 -3.39487 -23.7631 -0.861843 40.5241 -24.696 5.91229 5.43053 1.63835 0 0 0 0.0891774 2.66641 -0.0245755 0 0 0 0 0 2.384 303 53 0 0 0
./complex_md-fit_455.pdb BC A 6.62127 37.4826 -13.1014 -5.53888 -8.49588 -22.3699 -0.703396 35.8433 -23.839 3.75501 5.91191 2.08975 0 0 0 0.245763 2.00602 0 0 0 0 0 0 2.384 303 50 1 1 0
./complex_md-fit_456.pdb BC A 7.54036 27.8051 -2.49929 -3.26553 -7.17097 -24.4323 -0.691352 41.7555 -25.2321 8.02413 5.79138 2.09536 0 0 0 0.645729 2.25442 -0.0191322 0 0 0 0 0 2.384 303 50 1 1 0
./complex_md-fit_457.pdb BC A 7.49449 31.3594 -11.1177 -4.9805 -13.017 -24.057 -0.943047 40.681 -24.6291 5.16831 7.91899 2.41474 0 0 0 0.346386 2.06341 -0.020447 0 0 0 0 0 2.384 303 50 0 0 0
./complex_md-fit_458.pdb BC A 7.6717 32.5931 -6.31899 -2.7119 -6.40002 -22.8242 -0.786926 38.4263 -23.6411 4.84807 5.28909 1.02772 0 0 0 0.454102 2.34074 -1.11022e-16 0 0 0 0 0 2.384 303 50 0 0 0
./complex_md-fit_459.pdb BC A 6.41908 27.0634 -9.63382 -2.65287 -9.75125 -22.1333 -0.897908 36.5063 -22.575 3.53043 6.82637 1.42668 0 0 0 0.0868214 2.2875 0 0 0 0 0 0 2.384 303 49 0 0 0
./complex_md-fit_45.pdb BC A 7.63531 30.6968 -13.8896 -7.70757 -8.88614 -23.8685 -0.586982 38.419 -24.6392 4.41349 6.0433 2.6455 0 0 0 0.27753 2.06297 0 0 0 0 0 0 2.384 303 47 2 2 0
./complex_md-fit_460.pdb BC A 6.35616 30.382 -9.08921 -4.13714 -11.991 -23.3105 -0.873305 39.0491 -23.5935 5.519 6.95589 2.97084 0 0 0 0.332245 2.44565 -0.0108153 0 0 0 0 0 2.384 303 49 1 1 0
./complex_md-fit_461.pdb BC A 5.56809 31.5171 -5.7779 -3.16061 -7.43294 -22.607 -0.884289 37.1364 -23.0249 5.00118 6.25899 2.69749 0 0 0 0.237833 2.28845 0 0 0 0 0 0 2.384 303 50 1 1 0
./complex_md-fit_462.pdb BC A 9.78181 31.4469 -6.74289 -4.40745 -9.74665 -21.8582 -0.845052 38.3299 -21.9315 3.45408 7.04961 3.05963 0 0 0 0.152706 2.79149 0 0 0 0 0 0 2.384 303 48 0 0 0
./complex_md-fit_463.pdb BC A 6.87426 32.623 -10.6137 -4.87849 -12.4822 -23.6362 -0.915759 40.226 -23.6835 4.44434 7.39133 2.44845 0 0 0 0.505076 2.3915 -0.0327517 0 0 0 0 0 2.384 303 50 0 0 0
./complex_md-fit_464.pdb BC A 9.58571 30.764 -10.3011 -6.19346 -12.4889 -24.9444 -0.991994 42.095 -25.2529 7.07182 6.81964 3.2282 0 0 0 0.377306 2.66218 -0.0212758 0 0 0 0 0 2.384 303 52 1 1 0
./complex_md-fit_465.pdb BC A 9.57194 35.1906 -15.6969 -6.33654 -9.47764 -23.4618 -0.929718 38.347 -23.1079 2.33853 5.3188 1.20408 0 0 0 0.427247 2.18651 -0.019023 0 0 0 0 0 2.384 303 47 0 0 0
./complex_md-fit_466.pdb BC A 7.56228 39.6688 -10.2726 -5.93915 -9.94338 -22.3597 -0.970101 36.6252 -22.6397 5.70231 6.32572 2.40922 0 0 0 0.516936 1.99729 0 0 0 0 0 0 2.384 303 48 0 0 0
./complex_md-fit_467.pdb BC A 8.6794 35.9337 -10.5054 -2.98462 -9.98361 -20.7225 -0.856156 32.8841 -21.3784 4.97761 5.63986 1.77894 0 0 0 0.139339 2.02277 0 0 0 0 0 0 2.384 303 49 0 0 0
./complex_md-fit_468.pdb BC A 7.39568 44.2998 -15.0075 -5.05817 -11.1835 -23.4316 -1.03698 38.076 -23.8835 3.72364 6.48377 0.811331 0 0 0 0.491549 2.2304 -5.55112e-17 0 0 0 0 0 2.384 303 51 0 0 0
./complex_md-fit_469.pdb BC A 6.4207 30.3884 -14.0344 -4.23459 -11.3781 -22.4766 -0.760225 35.472 -23.1094 3.0384 6.88691 2.15892 0 0 0 0.368211 2.40789 0 0 0 0 0 0 2.384 303 52 0 0 0
./complex_md-fit_46.pdb BC A 9.45878 31.4547 -11.8059 -6.47097 -7.96293 -23.2705 -0.459527 37.9957 -24.3911 4.38018 6.36768 1.24992 0 0 0 0.755672 2.42128 -5.55112e-17 0 0 0 0 0 2.384 303 47 0 0 0
./complex_md-fit_470.pdb BC A 7.4158 40.9622 -7.82505 -4.674 -11.5628 -25.0043 -0.890769 41.5325 -25.6007 7.35697 8.04658 2.29346 0 0 0 0.701011 3.03558 -0.0230527 0 0 0 0 0 2.384 303 51 1 1 0
./complex_md-fit_471.pdb BC A 8.89333 36.6225 -10.0844 -6.29069 -10.2578 -24.3736 -0.908307 40.5502 -24.7656 6.90919 6.59041 1.96597 0 0 0 0.516828 2.06454 -0.0209596 0 0 0 0 0 2.384 303 50 1 1 0
./complex_md-fit_472.pdb BC A 11.0428 28.1943 -11.9717 -4.82047 -8.177 -22.5425 -0.719813 35.6331 -23.571 3.37948 6.13776 2.51706 0 0 0 0.191631 2.14045 5.55112e-17 0 0 0 0 0 2.384 303 49 0 0 0
./complex_md-fit_473.pdb BC A 7.65753 31.6706 -7.12646 -2.9471 -8.05006 -22.7752 -1.05656 39.3617 -23.0333 3.18129 6.18969 1.84221 0 0 0 0.177427 2.46052 -0.0166094 0 0 0 0 0 2.384 303 49 1 1 0
./complex_md-fit_474.pdb BC A 8.38631 36.2263 -6.72588 -4.2613 -7.71068 -23.3252 -0.920452 38.5653 -24.2331 7.1093 6.26776 1.37389 0 0 0 0.408486 3.05428 0 0 0 0 0 0 2.384 303 50 2 2 0
./complex_md-fit_475.pdb BC A 7.72046 34.433 -7.18559 -3.8255 -8.91373 -23.7281 -0.975687 39.7765 -24.0764 4.93173 6.95642 2.55045 0 0 0 0.118785 2.59912 0 0 0 0 0 0 2.384 303 50 0 0 0
./complex_md-fit_476.pdb BC A 7.43813 22.2772 -17.5798 -6.94995 -9.43234 -24.417 -0.513571 38.0499 -26.0142 3.33063 5.72864 2.3567 0 0 0 0.303448 2.6273 -0.0221248 0 0 0 0 0 2.384 303 54 0 0 0
./complex_md-fit_477.pdb BC A 8.54237 32.597 -9.3649 -4.96175 -7.95367 -24.1726 -0.798427 39.2314 -25.3637 5.84472 6.34254 2.24941 0 0 0 0.241691 3.31971 -0.0245288 0 0 0 0 0 2.384 303 52 0 0 0
./complex_md-fit_478.pdb BC A 6.40231 35.5872 -14.8513 -6.20877 -10.2211 -23.8144 -0.912243 38.1227 -24.5325 4.72135 5.82425 1.81282 0 0 0 0.368894 2.60035 -0.0123047 0 0 0 0 0 2.384 303 52 1 1 0
./complex_md-fit_479.pdb BC A 8.87649 39.6684 -11.1332 -6.72204 -8.42282 -23.0123 -0.96796 37.598 -23.2255 7.10172 4.43225 1.72152 0 0 0 0.364023 2.41788 0 0 0 0 0 0 2.384 303 49 1 1 0
./complex_md-fit_47.pdb BC A 6.94199 34.1061 -14.7884 -8.40995 -6.27021 -24.9071 -0.568606 38.8324 -26.1332 3.14486 6.85381 2.37906 0 0 0 0.290516 2.7488 0 0 0 0 0 0 2.384 303 49 0 0 0
./complex_md-fit_480.pdb BC A 9.13971 34.3434 -17.0753 -7.37049 -9.98066 -24.9819 -0.785477 38.649 -26.2976 4.756 5.85852 2.6679 0 0 0 0.434197 2.63698 -0.024782 0 0 0 0 0 2.384 303 52 1 1 0
./complex_md-fit_481.pdb BC A 7.23438 33.8289 -15.0262 -6.39229 -10.0893 -24.1007 -0.747221 37.9902 -25.6743 4.10074 6.69574 2.50931 0 0 0 0.706535 2.48244 -0.0249752 0 0 0 0 0 2.384 303 52 0 0 0
./complex_md-fit_482.pdb BC A 7.78809 26.459 -13.5583 -8.87252 -9.59726 -25.8483 -0.748334 44.1091 -27.014 3.93722 7.6544 2.4651 0 0 0 0.356237 3.00913 0 0 0 0 0 0 2.384 303 55 1 1 0
./complex_md-fit_483.pdb BC A 8.07007 35.8911 -19.6814 -8.56294 -13.7159 -24.3247 -0.600036 39.469 -25.3902 3.62834 7.70262 1.53656 0 0 0 0.603087 3.05894 -0.027301 0 0 0 0 0 2.384 303 52 0 0 0
./complex_md-fit_484.pdb BC A 12.2852 30.6499 -12.7362 -5.53135 -9.0136 -23.3407 -0.720986 37.8889 -24.493 3.33967 6.05779 2.59609 0 0 0 0.504294 2.69985 -0.0232582 0 0 0 0 0 2.384 303 48 0 0 0
./complex_md-fit_485.pdb BC A 9.09011 25.2174 -8.05239 -6.06133 -6.65305 -24.0104 -0.797975 39.5814 -24.8666 4.89815 5.8365 3.27175 0 0 0 0.777819 2.18834 -0.0287066 0 0 0 0 0 2.384 303 56 0 0 0
./complex_md-fit_486.pdb BC A 9.30062 27.1786 -12.3495 -5.89203 -7.8735 -23.5717 -0.670387 39.0763 -24.4799 3.46187 5.52702 1.3671 0 0 0 0.705846 2.36211 0 0 0 0 0 0 2.384 303 52 1 1 0
./complex_md-fit_487.pdb BC A 10.1244 31.3938 -15.4145 -6.40593 -9.04163 -23.4988 -0.736763 38.8874 -24.3545 2.20228 4.67302 2.35778 0 0 0 0.521358 2.56043 -0.018725 0 0 0 0 0 2.384 303 50 0 0 0
./complex_md-fit_488.pdb BC A 7.9317 27.3709 -8.9944 -3.88996 -8.6377 -22.5422 -0.850128 37.119 -23.5405 4.75536 5.79745 2.07151 0 0 0 0.722781 2.43089 -5.55112e-17 0 0 0 0 0 2.384 303 51 1 1 0
./complex_md-fit_489.pdb BC A 6.61267 30.0702 -5.02247 -3.31651 -9.34511 -23.188 -0.879186 38.8369 -23.9611 5.57696 8.03916 3.02939 0 0 0 0.185054 2.28513 0 0 0 0 0 0 2.384 303 51 1 1 0
./complex_md-fit_48.pdb BC A 9.5371 35.0134 -11.7871 -8.79957 -7.44703 -24.2379 -0.635216 40.4339 -24.7016 4.16219 6.71215 2.5551 0 0 0 0.170825 2.4918 -5.55112e-17 0 0 0 0 0 2.384 303 48 2 2 0
./complex_md-fit_490.pdb BC A 7.9452 28.2135 -3.80325 -2.93676 -7.07971 -24.1273 -0.875244 41.5109 -24.4679 6.90807 5.06676 1.34261 0 0 0 0.877673 3.0813 -0.0222589 0 0 0 0 0 2.384 303 52 2 2 0
./complex_md-fit_491.pdb BC A 7.34617 30.0236 -4.82014 -4.01209 -9.25823 -24.7207 -1.05345 42.7278 -25.179 6.46233 7.59085 2.33039 0 0 0 0.292013 2.19889 0 0 0 0 0 0 2.384 303 51 1 1 0
./complex_md-fit_492.pdb BC A 6.99281 29.5402 -13.6441 -4.50208 -8.96173 -22.6267 -0.783109 35.0973 -23.3518 2.98141 5.39388 2.72622 0 0 0 0.382584 2.60248 0 0 0 0 0 0 2.384 303 50 0 0 0
./complex_md-fit_493.pdb BC A 9.62484 32.6376 -9.4831 -5.37915 -7.67915 -24.0306 -0.88029 39.9903 -23.8203 4.11529 5.50811 2.23974 0 0 0 0.476403 2.46802 -0.0234253 0 0 0 0 0 2.384 303 53 1 1 0
./complex_md-fit_494.pdb BC A 6.62622 26.6539 -9.75043 -5.66342 -11.4837 -23.7241 -1.08407 39.9517 -23.7932 6.14652 7.12839 2.41318 0 0 0 0.371942 2.48469 -0.018529 0 0 0 0 0.00484661 2.384 303 51 2 2 0
./complex_md-fit_495.pdb BC A 6.32085 22.8048 -11.1275 -4.40603 -12.279 -22.6269 -0.696627 37.8262 -23.2283 5.30152 5.61614 2.92536 0 0 0 0.440079 2.27086 1.11022e-16 0 0 0 0 0 2.384 303 50 0 0 0
./complex_md-fit_496.pdb BC A 6.32209 32.6601 -5.27348 -2.9044 -9.39063 -24.0031 -0.852707 40.7373 -24.2218 6.41267 6.20879 2.48469 0 0 0 0.281372 2.50386 -0.0255459 0 0 0 0 0 2.384 303 50 0 0 0
./complex_md-fit_497.pdb BC A 9.20632 37.425 -11.5259 -3.46883 -7.37015 -21.9873 -0.791539 35.7465 -22.7442 2.00179 6.04399 0.847432 0 0 0 0.217253 2.08181 -0.0207695 0 0 0 0 0 2.384 303 52 0 0 0
./complex_md-fit_498.pdb BC A 7.24073 29.3081 -10.8118 -2.74131 -11.8398 -21.8268 -0.979325 35.9757 -22.5847 3.72382 6.34599 2.80838 0 0 0 0.306218 1.89871 0 0 0 0 0 0 2.384 303 49 0 0 0
./complex_md-fit_499.pdb BC A 6.87093 29.4179 -6.85519 -2.66585 -10.7652 -21.8291 -0.863243 36.9128 -22.5968 6.34737 6.46944 2.02933 0 0 0 0.106111 2.20451 -1.38778e-17 0 0 0 0 0 2.384 303 48 1 1 0
./complex_md-fit_49.pdb BC A 8.13209 33.7765 -9.92778 -5.79253 -8.69717 -24.7662 -0.610258 40.2841 -25.7809 5.34059 7.58703 2.15002 0 0 0 0.357573 2.1899 0 0 0 0 0 0 2.384 303 50 1 1 0
./complex_md-fit_4.pdb BC A 8.64792 36.6847 -6.48075 -7.57944 -6.4831 -26.613 -0.47991 45.2189 -26.8429 7.4767 7.09724 1.45185 0 0 0 0.27302 4.14507 0 0 0 0 0 0 2.384 303 52 2 2 0
./complex_md-fit_500.pdb BC A 6.15589 27.3011 -9.51536 -3.54693 -9.36208 -20.866 -0.762948 33.8039 -21.7285 4.88088 5.89097 1.88937 0 0 0 0.285945 1.83389 0 0 0 0 0 0 2.384 303 46 0 0 0
./complex_md-fit_501.pdb BC A 8.80989 30.0261 -10.4536 -5.23125 -9.76575 -22.7177 -0.750573 37.5271 -23.1591 4.94994 6.62292 1.50671 0 0 0 0.587497 2.41391 -0.0233809 0 0 0 0 0 2.384 303 46 0 0 0
./complex_md-fit_502.pdb BC A 9.03577 32.0731 -7.6723 -4.90304 -8.2558 -23.1476 -0.758021 38.4715 -24.1484 5.86652 6.52201 2.21844 0 0 0 0.462133 2.09242 0 0 0 0 0 0 2.384 303 49 1 1 0
./complex_md-fit_503.pdb BC A 8.05836 27.3036 -9.22799 -3.82974 -10.9468 -23.0851 -0.787381 38.494 -23.6206 5.0258 6.97359 2.01261 0 0 0 0.561482 2.31563 -0.0258554 0 0 0 0 0 2.384 303 49 1 1 0
./complex_md-fit_504.pdb BC A 8.27743 34.9101 -4.3361 -3.36616 -7.3821 -23.7807 -0.877754 40.6414 -24.2974 7.31433 5.64071 1.04498 0 0 0 0.763466 2.31113 -0.036804 0 0 0 0 0 2.384 303 53 1 1 0
./complex_md-fit_505.pdb BC A 9.64942 29.6452 -8.54686 -4.01253 -8.71307 -22.4295 -0.687942 38.1079 -23.4136 3.89721 6.05776 2.31928 0 0 0 0.327698 2.13449 5.55112e-17 0 0 0 0 0 2.384 303 51 0 0 0
./complex_md-fit_506.pdb BC A 8.20476 36.3521 -9.43932 -6.25515 -6.92601 -24.7215 -0.862495 40.7241 -25.8169 6.22256 5.8914 2.17984 0 0 0 0.151585 2.35702 -0.0267433 0 0 0 0 0 2.384 303 54 0 0 0
./complex_md-fit_507.pdb BC A 8.30201 28.6132 -7.6534 -5.34233 -6.01527 -24.3359 -0.865957 39.1894 -25.8841 5.83096 6.54514 2.67196 0 0 0 0.580226 2.29535 -0.027489 0 0 0 0 0 2.384 303 52 1 1 0
./complex_md-fit_508.pdb BC A 8.29199 29.5665 -6.71142 -4.26087 -9.30211 -24.5235 -0.991936 41.706 -25.1067 7.55859 6.10236 1.93151 0 0 0 0.175329 2.95851 0 0 0 0 0 0 2.384 303 51 2 2 0
./complex_md-fit_509.pdb BC A 7.64683 38.417 -9.24194 -7.63424 -10.713 -24.1068 -0.955315 39.9888 -24.5052 8.85529 7.85158 1.82299 0 0 0 0.180525 2.56179 -0.0265191 0 0 0 0 0 2.384 303 55 3 3 0
./complex_md-fit_50.pdb BC A 7.82863 32.4388 -16.6775 -7.52446 -7.94552 -25.0588 -0.455055 40.4698 -26.3942 1.36841 6.71366 2.02652 0 0 0 0.122106 2.7692 -1.11022e-16 0 0 0 0 0 2.384 303 48 0 0 0
./complex_md-fit_510.pdb BC A 9.61749 31.9217 -11.5898 -6.0245 -10.1926 -24.8801 -1.04071 41.9413 -26.0525 5.71193 7.30154 1.45251 0 0 0 0.238428 4.2546 -0.0451988 0 0 0 0 0 2.384 303 51 1 1 0
./complex_md-fit_511.pdb BC A 6.19675 28.1023 -8.91657 -5.86924 -9.86888 -23.6723 -0.97945 39.7267 -24.025 7.13331 6.51364 1.57583 0 0 0 0.573571 2.10429 -0.0247916 0 0 0 0 0 2.384 303 53 2 2 0
./complex_md-fit_512.pdb BC A 7.52227 33.6993 -12.3647 -5.61735 -13.8924 -23.7919 -0.860387 39.0434 -24.2165 6.89114 7.4316 2.23558 0 0 0 0.412198 2.60362 0 0 0 0 0 0 2.384 303 50 2 2 0
./complex_md-fit_513.pdb BC A 8.47946 35.6624 -11.878 -6.48786 -12.993 -24.5807 -0.922814 42.1641 -25.1068 4.98819 7.70384 3.11777 0 0 0 0.239306 2.5698 0 0 0 0 0 0 2.384 303 50 1 1 0
./complex_md-fit_514.pdb BC A 7.49505 32.1518 -8.40562 -4.87716 -9.79898 -24.6286 -0.866574 42.6815 -24.9005 5.30849 7.07635 1.3153 0 0 0 0.31895 2.51163 -0.0343937 0 0 0 0 0 2.384 303 49 1 1 0
./complex_md-fit_515.pdb BC A 7.65815 34.5178 -8.08633 -2.61343 -11.6507 -23.6986 -0.813522 40.5921 -24.5683 5.59246 6.45366 2.29923 0 0 0 0.348729 2.4036 -0.0279386 0 0 0 0 0 2.384 303 52 1 1 0
./complex_md-fit_516.pdb BC A 8.60441 32.3185 -12.8824 -5.44217 -9.4762 -23.2621 -0.963031 38.4624 -23.2107 4.40627 5.30479 0.902398 0 0 0 0.41431 2.21597 -0.0183806 0 0 0 0 0 2.384 303 49 1 1 0
./complex_md-fit_517.pdb BC A 8.1959 26.2081 -7.96927 -3.75711 -7.4296 -21.2035 -0.750532 34.1707 -21.4415 4.86929 5.51225 1.80489 0 0 0 0.255802 2.23723 0 0 0 0 0 0 2.384 303 48 1 1 0
./complex_md-fit_518.pdb BC A 8.00577 31.8425 -11.2802 -3.06966 -12.3494 -22.8032 -0.949062 38.0324 -22.9206 3.94269 7.36621 1.13916 0 0 0 0.331229 2.47284 0 0 0 0 0 0 2.384 303 49 0 0 0
./complex_md-fit_519.pdb BC A 10.105 29.6854 -6.78193 -3.23199 -9.19228 -22.2792 -0.798598 37.7747 -22.727 4.68793 6.37592 2.26261 0 0 0 0.345927 2.58237 0 0 0 0 0 0 2.384 303 50 1 1 0
./complex_md-fit_51.pdb BC A 11.1767 37.1519 -5.67636 -4.76407 -6.40555 -23.4164 -0.484305 38.7659 -24.4353 5.77138 7.01481 2.15987 0 0 0 0.111667 2.3111 0 0 0 0 0 0.00560774 2.384 303 47 0 0 0
./complex_md-fit_520.pdb BC A 6.70821 28.5531 -8.62511 -3.45851 -9.62021 -21.6969 -0.887749 35.4606 -22.4293 6.02143 5.98479 1.65777 0 0 0 0.342994 1.90186 -5.55112e-17 0 0 0 0 0 2.384 303 47 1 1 0
./complex_md-fit_521.pdb BC A 7.46626 26.16 -13.9077 -5.70929 -9.41105 -22.8393 -0.662952 37.4325 -23.9587 3.31199 5.91731 1.91686 0 0 0 0.0948558 2.18761 0 0 0 0 0 0 2.384 303 47 0 0 0
./complex_md-fit_522.pdb BC A 6.71103 33.1471 -8.72263 -4.30726 -8.78856 -23.5711 -0.786467 39.8713 -24.6035 4.61188 6.25564 2.42978 0 0 0 0.165656 2.17808 0 0 0 0 0 0 2.384 303 48 0 0 0
./complex_md-fit_523.pdb BC A 7.69855 32.4058 -1.00817 -1.70137 -6.46567 -20.9274 -0.710549 34.6112 -21.5937 8.71704 5.53442 1.07996 0 0 0 0.457812 1.9882 -0.00992646 0 0 0 0 0 2.384 303 48 3 3 0
./complex_md-fit_524.pdb BC A 6.97301 31.6072 -11.8242 -3.35167 -11.4171 -21.4849 -0.642015 34.6602 -22.7147 3.66988 6.85771 2.177 0 0 0 0.449829 1.71232 -0.0284032 0 0 0 0 0 2.384 303 48 0 0 0
./complex_md-fit_525.pdb BC A 7.64021 29.781 -0.899532 -3.45618 -3.51751 -23.1908 -0.786368 39.8226 -24.0321 5.62179 5.56894 2.39464 0 0 0 0.675452 2.67267 0 0 0 0 0 0 2.384 303 53 1 1 0
./complex_md-fit_526.pdb BC A 8.34124 33.8195 -13.1099 -3.74072 -11.2588 -20.8112 -0.829557 33.966 -21.746 2.73993 5.93025 2.47745 0 0 0 0.162753 1.91497 1.11022e-16 0 0 0 0 0 2.384 303 47 0 0 0
./complex_md-fit_527.pdb BC A 10.9756 28.1273 -8.35296 -3.02649 -7.60345 -20.762 -0.845449 34.4577 -21.7966 3.93683 6.20122 0.860282 0 0 0 0.224965 2.15307 -1.11022e-16 0 0 0 0 0 2.384 303 45 0 0 0
./complex_md-fit_528.pdb BC A 7.84238 28.6021 -14.3018 -3.65993 -8.5035 -21.3082 -0.686368 32.1488 -22.6414 3.89482 5.12541 1.04632 0 0 0 0.282232 3.00079 0 0 0 0 0 2.22045e-16 2.384 303 44 1 1 0
./complex_md-fit_529.pdb BC A 6.30804 25.2256 -7.36135 -2.54926 -6.35894 -20.3063 -0.802853 33.08 -21.052 4.02829 4.6826 1.59484 0 0 0 0.322192 1.89863 2.77556e-17 0 0 0 0 0 2.384 303 49 0 0 0
./complex_md-fit_52.pdb BC A 9.30673 32.3639 -14.9031 -7.93452 -10.2147 -22.8396 -0.636584 35.9648 -23.3514 5.42376 7.64423 0.906944 0 0 0 0.114211 2.71479 0.0197728 0 0 0 0 0 2.384 303 49 1 1 0
./complex_md-fit_530.pdb BC A 6.31356 33.5472 -11.4856 -3.92967 -8.89479 -21.0861 -0.861197 33.5304 -22.0652 3.54963 5.85586 2.01936 0 0 0 0.396051 1.95347 0 0 0 0 0 0 2.384 303 47 1 1 0
./complex_md-fit_531.pdb BC A 10.6998 28.4021 -10.6988 -2.96118 -8.27644 -21.1328 -0.631802 33.8779 -21.6861 1.59552 6.13364 1.41215 0 0 0 0.97028 1.97451 0 0 0 0 0 0 2.384 303 46 0 0 0
./complex_md-fit_532.pdb BC A 7.26023 29.0015 -12.4943 -3.65089 -9.57983 -20.7914 -0.769488 32.4949 -21.7575 4.15777 4.87161 2.34551 0 0 0 0.18487 2.17569 -1.11022e-16 0 0 0 0 0 2.384 303 47 0 0 0
./complex_md-fit_533.pdb BC A 7.12566 24.5469 -10.6648 -5.09779 -7.86622 -22.3345 -0.88872 35.4841 -23.2329 5.9188 5.17762 1.99657 0 0 0 0.199473 1.91188 -0.0212469 0 0 0 0 0 2.384 303 48 0 0 0
./complex_md-fit_534.pdb BC A 8.36731 40.202 -12.7202 -5.88562 -8.02966 -22.1686 -0.758603 34.2898 -23.4159 5.64699 5.20833 1.87573 0 0 0 0.527302 1.71514 -0.0099241 0 0 0 0 0 2.384 303 45 0 0 0
./complex_md-fit_535.pdb BC A 8.09989 32.5778 -9.06976 -4.70645 -11.5337 -21.4012 -0.844326 35.4705 -21.9354 5.56139 7.90014 2.01956 0 0 0 0.399768 1.83384 0 0 0 0 0 0 2.384 303 46 2 2 0
./complex_md-fit_536.pdb BC A 6.9806 30.4681 -10.9402 -3.95938 -10.6534 -22.7924 -0.815731 37.0188 -23.5241 4.19264 6.43513 2.30062 0 0 0 0.879953 2.37645 -0.0223738 0 0 0 0 0 2.384 303 46 0 0 0
./complex_md-fit_537.pdb BC A 7.24274 25.9979 -9.98355 -6.2235 -9.09869 -22.0344 -0.859351 37.3817 -22.4741 5.5513 5.12227 1.68622 0 0 0 0.993488 1.91123 -0.0284884 0 0 0 0 0 2.384 303 48 2 2 0
./complex_md-fit_538.pdb BC A 7.25359 28.1051 -14.4808 -6.08166 -8.98274 -23.684 -0.77089 38.2378 -24.3907 3.51356 5.59976 1.912 0 0 0 0.191794 2.41439 -0.0257414 0 0 0 0 0 2.384 303 56 0 0 0
./complex_md-fit_539.pdb BC A 7.87122 31.5126 -12.4069 -3.22849 -8.6018 -22.8097 -0.815983 35.5517 -23.6318 3.54918 5.4494 1.50819 0 0 0 0.63622 2.06639 -0.0139048 0 0 0 0 0 2.384 303 48 0 0 0
./complex_md-fit_53.pdb BC A 10.2839 32.6926 -7.26917 -7.17656 -7.8606 -24.4149 -0.74565 40.3496 -25.293 7.37207 7.31975 2.96106 0 0 0 0.218995 2.55179 0 0 0 0 0 0 2.384 303 49 2 2 0
./complex_md-fit_540.pdb BC A 8.18544 25.0944 -16.2078 -5.8892 -9.31683 -22.4864 -0.807218 35.5125 -23.088 3.15452 4.78976 1.6587 0 0 0 0.264449 2.43477 0 0 0 0 0 0 2.384 303 48 0 0 0
./complex_md-fit_541.pdb BC A 7.16867 33.2525 -13.3293 -8.038 -7.80111 -24.7193 -0.793884 40.4167 -26.0496 4.89599 6.78354 1.68091 0 0 0 0.319544 2.63064 -0.0241205 0 0 0 0 0 2.384 303 51 1 1 0
./complex_md-fit_542.pdb BC A 6.85595 25.2469 -10.8057 -8.241 -7.95705 -24.0335 -0.973406 41.0522 -24.7501 4.80959 7.27068 1.9407 0 0 0 0.102028 2.17354 -0.025858 0 0 0 0 0 2.384 303 51 2 2 0
./complex_md-fit_543.pdb BC A 8.24299 30.2247 -5.35434 -6.69997 -7.30119 -23.4453 -0.878616 40.5307 -24.205 6.13729 6.92518 2.68004 0 0 0 0.92614 2.27449 -0.0236263 0 0 0 0 0 2.384 303 53 1 1 0
./complex_md-fit_544.pdb BC A 7.37117 27.2822 -5.07268 -2.25765 -7.6953 -20.8372 -0.658301 34.497 -21.8437 7.70988 4.5095 1.2913 0 0 0 0.221949 1.87718 -0.0101992 0 0 0 0 0 2.384 303 47 2 2 0
./complex_md-fit_545.pdb BC A 9.9828 24.3529 -7.54117 -5.22552 -7.91662 -21.5379 -0.83017 36.1719 -22.0352 6.7873 4.36615 2.39447 0 0 0 0.305691 2.29551 -0.0213045 0 0 0 0 0 2.384 303 49 1 1 0
./complex_md-fit_546.pdb BC A 7.78607 33.2385 -7.37284 -2.66917 -7.45291 -20.4483 -0.746498 34.31 -21.1418 4.58575 4.31515 1.71676 0 0 0 0.158202 2.0145 0 0 0 0 0 0 2.384 303 48 1 1 0
./complex_md-fit_547.pdb BC A 7.62427 33.6928 -8.22268 -1.92984 -5.87267 -20.2288 -0.630967 31.665 -21.9519 3.59621 4.57681 2.22506 0 0 0 0.328377 2.01098 0 0 0 0 0 0 2.384 303 46 0 0 0
./complex_md-fit_548.pdb BC A 7.01624 29.1604 -11.0761 -3.37454 -9.75071 -20.6636 -0.79247 33.8899 -21.0723 1.96753 6.62958 1.91188 0 0 0 0.178663 1.864 0 0 0 0 0 0 2.384 303 48 0 0 0
./complex_md-fit_549.pdb BC A 6.12047 28.0422 -6.52729 -3.22777 -9.17733 -22.0133 -0.961852 38.782 -22.5152 3.62619 6.20923 2.5794 0 0 0 0.187709 2.14827 -0.0163786 0 0 0 0 0 2.384 303 46 0 0 0
./complex_md-fit_54.pdb BC A 8.32066 36.47 -10.2816 -8.41712 -7.76281 -26.0402 -0.506087 41.6047 -27.0047 6.41786 7.95002 2.73346 0 0 0 0.743231 3.20846 0 0 0 0 0 0 2.384 303 48 0 0 0
./complex_md-fit_550.pdb BC A 7.52855 28.5148 -7.93687 -4.03239 -6.47098 -22.0713 -0.659863 36.41 -22.7863 5.00138 4.7307 1.68264 0 0 0 0.277879 2.44344 -0.0234314 0 0 0 0 0.00474626 2.384 303 49 0 0 0
./complex_md-fit_551.pdb BC A 6.71773 29.6328 -9.69871 -3.43817 -5.91452 -22.6537 -0.736699 36.6436 -23.2362 2.55264 4.50763 2.43343 0 0 0 0.163561 2.37145 -0.0202879 0 0 0 0 0 2.384 303 52 0 0 0
./complex_md-fit_552.pdb BC A 6.9359 32.9422 -8.46997 -4.17049 -8.05505 -21.5617 -0.774788 34.6419 -22.4997 5.17224 6.14404 2.38495 0 0 0 0.248551 2.01539 5.55112e-17 0 0 0 0 0 2.384 303 51 0 0 0
./complex_md-fit_553.pdb BC A 8.3851 28.0489 -7.96612 -3.11612 -7.06941 -20.4985 -0.892813 33.916 -20.8941 3.78342 5.4049 1.2089 0 0 0 0.201232 2.08472 -0.00956302 0 0 0 0 0 2.384 303 46 1 1 0
./complex_md-fit_554.pdb BC A 7.6641 38.0548 -10.1122 -4.37688 -8.22972 -22.8383 -0.883606 36.8431 -23.2212 4.36257 6.10686 1.97027 0 0 0 0.174523 2.28734 -0.0199006 0 0 0 0 0 2.384 303 50 0 0 0
./complex_md-fit_555.pdb BC A 8.90064 31.7775 -15.6061 -5.90377 -11.3139 -23.0032 -0.768128 37.6612 -23.6966 2.61446 5.89276 2.70023 0 0 0 0.210863 2.04601 0 0 0 0 0 0 2.384 303 50 0 0 0
./complex_md-fit_556.pdb BC A 7.0506 33.7742 -12.5985 -5.74581 -10.241 -22.4795 -0.728855 36.8066 -23.035 4.22694 6.24479 2.26425 0 0 0 0.0891256 2.37575 5.55112e-17 0 0 0 0 0 2.384 303 49 0 0 0
./complex_md-fit_557.pdb BC A 10.6842 26.433 -8.09027 -3.46315 -7.24149 -21.884 -0.792378 36.5096 -22.2811 3.13106 6.25326 1.06014 0 0 0 0.643341 2.02208 -0.0255957 0 0 0 0 0 2.384 303 51 0 0 0
./complex_md-fit_558.pdb BC A 8.61566 32.1264 -7.16935 -5.53858 -11.4017 -22.6316 -0.80939 38.3671 -22.6491 8.98014 6.74045 1.446 0 0 0 0.353228 2.25467 -0.0259413 0 0 0 0 0 2.384 303 51 1 1 0
./complex_md-fit_559.pdb BC A 8.85611 26.2282 -5.84748 -3.69071 -8.71342 -22.7025 -0.911177 39.3947 -23.0469 5.51363 6.56743 1.36534 0 0 0 0.376213 2.01865 -5.55112e-17 0 0 0 0 0 2.384 303 50 0 0 0
./complex_md-fit_55.pdb BC A 5.91009 27.8051 -1.67114 -5.28121 -5.43508 -25.5505 -0.657549 42.4443 -26.3877 6.91377 8.17361 3.75466 0 0 0 0.354553 2.55791 0 0 0 0 0 0 2.384 303 49 2 2 0
./complex_md-fit_560.pdb BC A 6.0884 32.7524 -3.97127 -2.2017 -8.946 -22.2742 -0.857084 39.6749 -22.4477 3.29823 6.88543 2.63356 0 0 0 0.263311 2.12428 0 0 0 0 0 0 2.384 303 49 0 0 0
./complex_md-fit_561.pdb BC A 8.30336 25.9674 -6.28169 -3.39912 -8.43112 -21.7028 -0.876633 36.7274 -21.9565 4.19003 5.69317 3.26485 0 0 0 0.209037 2.17407 0 0 0 0 0 0 2.384 303 47 1 1 0
./complex_md-fit_562.pdb BC A 9.80757 26.0221 -10.843 -3.97748 -10.6952 -20.1319 -0.819847 32.4213 -20.734 4.54544 6.17228 1.76598 0 0 0 0.610407 1.9013 0 0 0 0 0 0 2.384 303 47 0 0 0
./complex_md-fit_563.pdb BC A 7.79184 35.2742 -7.18236 -2.71864 -7.22709 -19.7613 -0.715521 32.3778 -20.4588 4.26679 4.86327 2.04936 0 0 0 0.141796 1.78181 5.55112e-17 0 0 0 0 0 2.384 303 48 0 0 0
./complex_md-fit_564.pdb BC A 5.40586 30.3783 -9.23762 -2.91162 -7.36581 -19.534 -0.655418 30.7231 -20.5098 3.15979 5.50623 2.11492 0 0 0 0.234949 2.00303 0 0 0 0 0 0 2.384 303 47 0 0 0
./complex_md-fit_565.pdb BC A 11.6811 25.2368 -6.15661 -4.48616 -5.79872 -21.2372 -0.660673 34.6411 -21.9145 6.15755 4.50576 1.99177 0 0 0 0.644452 2.26622 5.55112e-17 0 0 0 0 0 2.384 303 49 1 1 0
./complex_md-fit_566.pdb BC A 6.34226 25.4163 -1.70931 -3.36523 -7.33146 -22.0127 -0.831005 38.4437 -22.0498 5.7223 6.48522 3.11276 0 0 0 0.11688 1.83981 0 0 0 0 0 0 2.384 303 51 1 1 0
./complex_md-fit_567.pdb BC A 6.18241 39.7525 -10.0597 -3.06585 -7.4353 -20.3909 -0.633782 31.8832 -21.4363 4.6643 4.53909 1.60991 0 0 0 0.205914 2.29148 0 0 0 0 0 0 2.384 303 45 0 0 0
./complex_md-fit_568.pdb BC A 9.02691 33.6075 -10.9163 -5.59972 -7.71892 -22.4768 -0.795609 36.589 -23.183 5.02387 5.49121 1.15751 0 0 0 0.617202 2.20506 -0.0210786 0 0 0 0 0 2.384 303 52 0 0 0
./complex_md-fit_569.pdb BC A 8.39297 25.741 -10.0982 -3.92167 -9.30809 -22.1588 -0.856941 34.5471 -23.5903 6.14598 5.80301 3.10163 0 0 0 0.13983 2.32421 0 0 0 0 0 0 2.384 303 51 1 1 0
./complex_md-fit_56.pdb BC A 9.88465 36.6723 -9.26337 -8.05361 -6.95163 -23.7369 -0.601357 40.1525 -24.4838 3.15906 7.67391 2.73994 0 0 0 0.82985 2.1809 0 0 0 0 0 0.00861568 2.384 303 51 0 0 0
./complex_md-fit_570.pdb BC A 7.4591 30.2872 -7.00346 -4.81041 -6.14092 -22.7761 -0.808934 38.3663 -23.7219 4.09492 5.5363 3.1701 0 0 0 0.0872213 2.91773 -2.77556e-17 0 0 0 0 0 2.384 303 48 0 0 0
./complex_md-fit_571.pdb BC A 6.56433 34.9968 -3.67506 -5.08517 -6.39898 -23.0897 -0.895645 39.6266 -23.7807 7.52609 6.51856 1.66418 0 0 0 0.239664 1.89348 0 0 0 0 0 0 2.384 303 53 1 1 0
./complex_md-fit_572.pdb BC A 9.34907 26.99 -11.3535 -5.03157 -8.6225 -24.0268 -0.827041 39.5228 -25.0889 5.22827 5.61417 1.50678 0 0 0 0.371266 2.39933 0 0 0 0 0 0 2.384 303 52 1 1 0
./complex_md-fit_573.pdb BC A 9.58305 36.81 -11.6752 -4.83617 -8.28076 -22.9858 -0.835007 37.9913 -24.0052 3.61371 6.02561 1.27005 0 0 0 0.367039 2.47841 0 0 0 0 0 0 2.384 303 52 0 0 0
./complex_md-fit_574.pdb BC A 9.71731 20.7249 -16.4512 -8.15727 -8.28277 -23.4462 -0.819787 37.9111 -24.4384 1.36077 6.66044 2.39747 0 0 0 0.363418 2.39008 0 0 0 0 0 0 2.384 303 48 0 0 0
./complex_md-fit_575.pdb BC A 5.7979 31.02 -14.8312 -4.94252 -8.48256 -22.8295 -0.74959 36.7772 -24.0829 2.02952 5.67154 1.5011 0 0 0 0.276609 2.13641 0 0 0 0 0 0 2.384 303 48 0 0 0
./complex_md-fit_576.pdb BC A 7.15864 30.6293 -5.6213 -3.22885 -5.39436 -22.5702 -0.678017 36.99 -23.8349 5.76084 5.28455 1.8375 0 0 0 0.242022 2.92875 -0.0298666 0 0 0 0 0 2.384 303 49 0 0 0
./complex_md-fit_577.pdb BC A 8.95577 32.0101 -9.01481 -5.01332 -9.04911 -23.8784 -1.04703 39.0281 -24.4977 7.02119 6.59941 1.72585 0 0 0 0.119509 2.73091 -0.0232987 0 0 0 0 0 2.384 303 52 2 2 0
./complex_md-fit_578.pdb BC A 8.37412 26.4211 -7.00738 -4.63787 -6.44198 -22.5937 -0.855464 39.0192 -23.316 3.95635 5.42045 2.28554 0 0 0 0.156148 2.77241 0 0 0 0 0 0 2.384 303 52 0 0 0
./complex_md-fit_579.pdb BC A 7.07704 39.2234 -16.5784 -7.11451 -10.0682 -24.6119 -0.786266 40.7042 -25.4288 2.70291 5.29208 2.2512 0 0 0 0.48078 3.20765 0 0 0 0 0 0 2.384 303 55 0 0 0
./complex_md-fit_57.pdb BC A 7.51032 33.2814 -7.65066 -7.97122 -6.43182 -25.3706 -0.67812 42.3956 -25.8615 6.34745 7.93389 1.46447 0 0 0 0.509111 2.12461 -3.46945e-18 0 0 0 0 0.0120612 2.384 303 49 1 1 0
./complex_md-fit_580.pdb BC A 9.93569 31.6359 -14.4365 -5.3109 -8.20244 -22.9365 -0.89215 37.9007 -23.6128 1.30526 5.49776 0.875008 0 0 0 0.95989 2.37958 -0.020313 0 0 0 0 0 2.384 303 50 0 0 0
./complex_md-fit_581.pdb BC A 8.7117 25.3925 -10.3265 -4.30312 -9.68158 -24.1925 -0.720657 39.6243 -25.437 5.5506 6.41054 2.24512 0 0 0 0.177848 2.49171 0 0 0 0 0 0 2.384 303 51 1 1 0
./complex_md-fit_582.pdb BC A 7.3832 35.5323 -10.433 -4.785 -6.73493 -22.0817 -0.901398 36.1225 -23.2389 4.25822 4.74967 1.46055 0 0 0 0.737189 2.08831 -0.0192382 0 0 0 0 0 2.384 303 53 1 1 0
./complex_md-fit_583.pdb BC A 9.4503 30.0132 -7.19119 -5.56179 -7.18666 -23.4411 -0.864873 38.3605 -24.4442 6.22077 6.41467 2.83586 0 0 0 0.475584 2.27751 -1.38778e-17 0 0 0 0 -2.22045e-16 2.384 303 50 1 1 0
./complex_md-fit_584.pdb BC A 8.56301 28.6757 -14.2805 -6.76685 -9.39376 -23.1221 -0.730038 38.3712 -24.0324 2.34007 6.65971 2.21454 0 0 0 0.202219 2.09967 -0.0230365 0 0 0 0 0 2.384 303 52 0 0 0
./complex_md-fit_585.pdb BC A 7.79642 31.6725 -16.589 -7.72155 -10.8832 -22.9626 -0.831124 35.8004 -24.2039 4.88782 7.24035 1.45285 0 0 0 0.631983 2.01184 0 0 0 0 0 0 2.384 303 48 0 0 0
./complex_md-fit_586.pdb BC A 8.2489 28.8413 -11.1593 -5.40366 -8.04238 -22.9793 -0.793777 37.7249 -23.9449 3.76829 6.21748 2.15382 0 0 0 0.163031 2.5788 -0.0228162 0 0 0 0 0 2.384 303 50 1 1 0
./complex_md-fit_587.pdb BC A 6.65313 28.3404 -12.5035 -6.16462 -9.61586 -22.754 -0.860857 36.9426 -23.0382 4.70794 6.5885 1.34966 0 0 0 0.362742 2.29904 -0.0214109 0 0 0 0 0 2.384 303 49 1 1 0
./complex_md-fit_588.pdb BC A 7.85194 25.0108 -10.1501 -4.99094 -7.67484 -22.6477 -0.893871 36.4932 -23.3905 5.13475 5.75216 1.60268 0 0 0 0.464933 2.00822 -5.55112e-17 0 0 0 0 0 2.384 303 49 1 1 0
./complex_md-fit_589.pdb BC A 8.89357 27.3217 -14.4045 -7.40151 -9.40428 -24.8738 -0.932836 39.4782 -25.9257 6.37851 5.88394 1.98071 0 0 0 0.437947 3.27117 -0.0256046 0 0 0 0 0 2.384 303 52 2 2 0
./complex_md-fit_58.pdb BC A 7.60874 37.575 -6.35281 -6.7232 -6.89029 -25.7244 -0.737086 41.9295 -26.6293 7.55467 7.15896 3.54469 0 0 0 0.163693 2.6549 0 0 0 0 0 0 2.384 303 48 2 2 0
./complex_md-fit_590.pdb BC A 6.76969 30.2776 -22.3257 -9.07677 -10.4051 -25.023 -0.842972 39.3135 -26.7308 2.11469 6.87754 1.04359 0 0 0 0.422995 2.27072 -0.0193182 0 0 0 0 0 2.384 303 50 0 0 0
./complex_md-fit_591.pdb BC A 7.52983 26.3338 -12.5116 -7.76754 -8.79162 -24.5728 -0.902319 41.1648 -25.5309 4.80295 6.71869 1.94526 0 0 0 0.44569 2.52113 -0.023729 0 0 0 0 0 2.384 303 52 0 0 0
./complex_md-fit_592.pdb BC A 8.74888 29.9316 -17.6633 -8.84578 -11.5568 -22.9949 -0.949479 37.3738 -23.3852 4.07659 6.90884 0.952034 0 0 0 0.781214 2.25469 -0.0237375 0 0 0 0 0 2.384 303 53 1 1 0
./complex_md-fit_593.pdb BC A 7.84332 31.3131 -7.40409 -5.30022 -8.51597 -24.0062 -0.813985 40.6829 -24.9659 5.75859 6.27165 3.02564 0 0 0 0.459358 1.92722 1.11022e-16 0 0 0 0 0 2.384 303 50 2 2 0
./complex_md-fit_594.pdb BC A 7.06851 39.7785 -12.9599 -6.69911 -9.3944 -24.405 -1.00909 40.9161 -25.2326 3.85764 7.03388 1.63951 0 0 0 0.357979 2.6198 -0.0247063 0 0 0 0 0 2.384 303 55 0 0 0
./complex_md-fit_595.pdb BC A 8.92911 30.0567 -13.3571 -7.12476 -8.13777 -23.9674 -0.925692 39.7595 -25.0703 3.80502 6.08268 1.87386 0 0 0 0.378123 2.68291 -0.0303969 0 0 0 0 0 2.384 303 52 0 0 0
./complex_md-fit_596.pdb BC A 5.88198 35.6138 -17.3126 -8.67339 -11.8737 -23.6044 -0.860747 37.3902 -24.603 4.33904 5.7235 4.23515 0 0 0 0.635773 2.33195 -0.0209537 0 0 0 0 0 2.384 303 46 0 0 0
./complex_md-fit_597.pdb BC A 7.48965 28.736 -13.0061 -8.06307 -9.02549 -24.462 -0.960747 39.3919 -25.0616 4.34806 6.8716 3.64166 0 0 0 0.335399 2.66998 -0.0218355 0 0 0 0 0 2.384 303 50 1 1 0
./complex_md-fit_598.pdb BC A 7.28518 30.3361 -11.7072 -5.141 -8.81054 -24.7018 -0.845455 41.1976 -26.0683 3.99373 6.19216 1.92824 0 0 0 0.573087 2.66483 -0.024949 0 0 0 0 0 2.384 303 50 0 0 0
./complex_md-fit_599.pdb BC A 8.1675 25.9515 -8.17338 -6.19439 -7.61182 -25.2229 -1.0751 43.5352 -25.5033 4.6024 7.44193 1.52278 0 0 0 0.358231 4.39619 -0.0263976 0 0 0 0 0 2.384 303 54 1 1 0
./complex_md-fit_59.pdb BC A 9.03194 29.8394 -3.3308 -7.19244 -7.35945 -25.5025 -0.743017 43.5833 -25.867 7.56378 7.86043 3.79732 0 0 0 0.528794 2.6677 0 0 0 0 0 0 2.384 303 49 2 2 0
./complex_md-fit_5.pdb BC A 6.98669 32.803 -13.2529 -8.49621 -8.05186 -26.8263 -0.53369 44.3291 -27.2333 4.62227 6.90045 1.72814 0 0 0 0.332801 4.81499 -0.0243402 0 0 0 0 0 2.384 303 54 0 0 0
./complex_md-fit_600.pdb BC A 8.82932 31.8872 -12.6411 -7.00527 -8.15452 -24.9467 -0.784106 41.2792 -26.1978 3.6353 6.97036 2.28695 0 0 0 0.297094 2.70345 -0.0215895 0 0 0 0 0 2.384 303 52 0 0 0
./complex_md-fit_601.pdb BC A 7.69174 26.6639 -13.4069 -6.451 -9.66466 -25.1431 -0.887438 41.9505 -25.8959 4.27667 6.83651 1.13994 0 0 0 0.453771 3.08734 -0.0221168 0 0 0 0 0 2.384 303 52 0 0 0
./complex_md-fit_602.pdb BC A 8.53596 28.893 -9.07478 -6.74487 -8.22578 -26.5244 -0.957454 45.1576 -27.732 7.4534 6.58304 1.64739 0 0 0 0.291148 3.14518 -0.0227922 0 0 0 0 0 2.384 303 54 3 3 0
./complex_md-fit_603.pdb BC A 7.76916 27.4369 -10.1676 -7.45671 -7.62742 -26.117 -0.76907 43.8875 -26.9626 7.40854 5.76896 1.46992 0 0 0 0.254502 2.87845 -0.0241716 0 0 0 0 0 2.384 303 51 1 1 0
./complex_md-fit_604.pdb BC A 7.2557 30.3046 -8.82231 -5.103 -7.86268 -25.1521 -0.795505 41.9227 -26.2537 4.10042 7.45756 2.50801 0 0 0 0.380962 2.89871 -0.0249761 0 0 0 0 0 2.384 303 54 0 0 0
./complex_md-fit_605.pdb BC A 5.54731 29.8447 -13.5774 -6.10521 -10.3883 -22.8397 -0.921521 37.3974 -23.3203 2.8452 6.62196 2.86762 0 0 0 0.265533 2.87953 0 0 0 0 0 0 2.384 303 53 0 0 0
./complex_md-fit_606.pdb BC A 6.35782 23.2398 -11.503 -3.80521 -8.72188 -23.1019 -0.919654 37.9973 -23.7917 2.96799 6.08292 1.69636 0 0 0 0.112934 2.60918 -0.0201683 0 0 0 0 0 2.384 303 52 0 0 0
./complex_md-fit_607.pdb BC A 10.0442 28.9386 -16.3641 -6.68307 -11.3108 -22.9234 -0.9528 36.6236 -23.9575 4.11529 6.68668 1.77707 0 0 0 0.280929 2.32361 -0.0202908 0 0 0 0 0 2.384 303 47 0 0 0
./complex_md-fit_608.pdb BC A 9.36681 31.4728 -9.6118 -3.56922 -11.9563 -24.0713 -0.94543 41.7014 -24.3508 4.78771 6.13656 2.0434 0 0 0 0.632286 2.55264 -0.0201269 0 0 0 0 0 2.384 303 50 0 0 0
./complex_md-fit_609.pdb BC A 9.16301 31.5196 -7.20564 -3.6385 -11.3639 -24.4476 -0.893258 42.125 -24.8839 6.32761 7.49918 1.69154 0 0 0 0.405519 2.62668 -0.0273933 0 0 0 0 0 2.384 303 52 0 0 0
./complex_md-fit_60.pdb BC A 8.54311 27.7743 -10.2563 -6.99339 -8.03738 -23.8171 -0.662333 39.6164 -23.8938 5.72473 6.25213 1.34793 0 0 0 0.206587 2.67553 0 0 0 0 0 0 2.384 303 46 2 2 0
./complex_md-fit_610.pdb BC A 7.30824 30.8831 -12.4556 -6.56061 -10.0858 -24.5793 -0.834643 40.7166 -25.592 5.07691 6.56701 2.39075 0 0 0 0.473677 2.71489 -0.0282638 0 0 0 0 0 2.384 303 52 1 1 0
./complex_md-fit_611.pdb BC A 9.94977 35.3193 -7.5176 -5.34416 -7.20447 -23.1297 -0.860667 39.5 -23.5487 4.29955 6.06501 2.50783 0 0 0 0.197712 2.5741 0 0 0 0 0 0 2.384 303 53 0 0 0
./complex_md-fit_612.pdb BC A 8.2011 27.2596 -9.06396 -4.78321 -7.11382 -22.9305 -0.808708 37.9681 -23.8197 4.40581 6.10672 1.59799 0 0 0 0.313314 3.24511 0 0 0 0 0 0 2.384 303 52 0 0 0
./complex_md-fit_613.pdb BC A 7.27376 34.5579 -10.5201 -5.12102 -10.8963 -23.6874 -1.03106 40.5586 -24.3339 5.58563 6.80827 1.42484 0 0 0 0.191675 2.79275 -0.0193707 0 0 0 0 0 2.384 303 52 0 0 0
./complex_md-fit_614.pdb BC A 8.2548 38.5125 -9.61523 -5.29578 -8.95329 -22.3541 -0.865421 38.4369 -22.8957 3.40806 6.46075 2.04216 0 0 0 0.431689 2.23724 -0.0303815 0 0 0 0 0 2.384 303 55 1 1 0
./complex_md-fit_615.pdb BC A 8.20557 23.8423 -5.14005 -4.66282 -9.71923 -24.3755 -0.877758 42.5781 -24.6026 5.38312 7.7519 2.69114 0 0 0 0.718418 2.58213 -0.0248667 0 0 0 0 0 2.384 303 53 0 0 0
./complex_md-fit_616.pdb BC A 6.89646 37.2028 -9.44975 -3.68376 -11.5802 -23.1152 -0.921184 38.4912 -23.4337 5.13479 7.37912 2.05927 0 0 0 0.246922 2.43128 -0.0268817 0 0 0 0 0 2.384 303 55 0 0 0
./complex_md-fit_617.pdb BC A 8.00478 34.7609 -6.68266 -5.00593 -10.2947 -23.2554 -0.854862 40.7123 -22.7747 4.73712 8.08716 1.76403 0 0 0 0.22895 3.25873 -0.0265482 0 0 0 0 0 2.384 303 52 0 0 0
./complex_md-fit_618.pdb BC A 8.23198 27.8336 -11.7401 -4.48976 -11.4734 -23.9841 -0.917109 40.1406 -24.6358 3.11771 8.20356 2.11663 0 0 0 0.202853 2.67551 -0.0213428 0 0 0 0 0 2.384 303 55 0 0 0
./complex_md-fit_619.pdb BC A 6.2977 32.8773 -7.87757 -4.09757 -10.7296 -23.4424 -0.875987 39.647 -24.4147 5.40007 7.69131 2.38072 0 0 0 0.584961 2.30256 -0.021372 0 0 0 0 0 2.384 303 51 1 1 0
./complex_md-fit_61.pdb BC A 9.03037 27.9473 -11.2355 -7.25894 -7.82982 -23.7861 -0.581364 39.7365 -23.9687 4.44206 6.26292 1.18332 0 0 0 0.541362 2.97669 0.0233111 0 0 0 0 0 2.384 303 48 1 1 0
./complex_md-fit_620.pdb BC A 12.1912 26.0487 -6.98634 -5.45862 -12.15 -23.7593 -0.995759 41.5119 -23.827 7.6347 7.022 2.81395 0 0 0 0.249031 2.61303 -0.0272215 0 0 0 0 0 2.384 303 52 2 2 0
./complex_md-fit_621.pdb BC A 9.76455 32.8132 -14.2544 -5.90568 -6.91816 -20.7077 -0.779454 33.6738 -21.7435 0.90171 5.25484 1.62391 0 0 0 0.345729 1.93366 -5.55112e-17 0 0 0 0 0 2.384 303 46 0 0 0
./complex_md-fit_622.pdb BC A 11.0541 30.0365 -8.12915 -3.33064 -9.32156 -22.0679 -0.862625 38.178 -23.0821 2.99281 6.69611 1.9551 0 0 0 0.732337 2.56443 -0.0187351 0 0 0 0 0 2.384 303 51 0 0 0
./complex_md-fit_623.pdb BC A 7.63365 31.818 -9.98807 -4.55099 -7.52131 -21.7096 -0.795817 36.082 -22.2919 3.16933 5.76549 1.44628 0 0 0 0.418537 2.43659 2.77556e-17 0 0 0 0 0 2.384 303 49 0 0 0
./complex_md-fit_624.pdb BC A 6.27536 34.7282 -10.8324 -5.25204 -10.9725 -21.2731 -0.703119 35.211 -21.1708 5.53594 5.5992 1.65378 0 0 0 0.539186 2.48474 0 0 0 0 0 0 2.384 303 50 1 1 0
./complex_md-fit_625.pdb BC A 8.81032 27.3866 -7.79646 -3.82937 -9.65714 -21.5492 -0.831914 36.1887 -21.3882 5.26277 5.7649 1.94817 0 0 0 0.304491 2.26544 -0.00964225 0 0 0 0 0 2.384 303 48 1 1 0
./complex_md-fit_626.pdb BC A 11.526 28.3261 -13.341 -4.775 -12.799 -23.0058 -0.869824 39.0864 -23.847 3.72746 6.97311 1.86476 0 0 0 0.325246 2.32893 -0.0213244 0 0 0 0 0 2.384 303 51 0 0 0
./complex_md-fit_627.pdb BC A 8.33151 27.874 -12.4588 -5.52472 -13.6693 -21.3163 -0.83285 35.4924 -21.9498 4.28428 8.18478 2.21895 0 0 0 0.64827 1.90825 0 0 0 0 0 0.0054921 2.384 303 49 0 0 0
./complex_md-fit_628.pdb BC A 8.15091 31.0828 -9.29465 -5.56681 -10.0602 -22.8703 -0.842785 39.0883 -23.5831 4.2499 6.33368 3.39569 0 0 0 0.553555 2.09301 0 0 0 0 0 0.007396 2.384 303 54 0 0 0
./complex_md-fit_629.pdb BC A 7.71775 29.1628 -12.0761 -7.0532 -9.23804 -21.5468 -0.836667 34.9835 -21.9714 4.96052 4.75862 3.48068 0 0 0 0.407091 1.97413 -0.0204181 0 0 0 0 0 2.384 303 54 1 1 0
./complex_md-fit_62.pdb BC A 9.18098 25.8221 -11.9958 -9.54464 -7.56903 -23.9514 -0.662243 39.6685 -24.1897 4.90026 7.52849 1.51588 0 0 0 0.308051 2.06841 0 0 0 0 0 0 2.384 303 49 1 1 0
./complex_md-fit_630.pdb BC A 6.4515 28.2286 -12.5173 -5.51559 -9.40923 -22.0735 -0.705108 37.0135 -22.9438 3.30594 5.47182 2.0581 0 0 0 0.280528 2.05588 0 0 0 0 0 0 2.384 303 51 0 0 0
./complex_md-fit_631.pdb BC A 7.34345 24.9996 -16.1109 -6.77736 -11.5986 -21.246 -0.827202 34.9918 -22.1773 3.5605 6.7823 0.677559 0 0 0 0.525261 2.2632 -0.0218146 0 0 0 0 2.22045e-16 2.384 303 50 1 1 0
./complex_md-fit_632.pdb BC A 9.51078 28.8755 -8.49915 -4.84422 -9.18711 -22.2661 -0.841471 38.2812 -22.7299 4.04314 6.3174 2.37476 0 0 0 0.372846 2.53454 -0.0266058 0 0 0 0 0.0068619 2.384 303 52 1 1 0
./complex_md-fit_633.pdb BC A 11.0955 26.8903 -12.944 -5.65173 -12.4479 -23.2222 -1.0793 39.0953 -24.0422 4.84799 7.34615 1.82511 0 0 0 0.407391 2.3461 -0.022554 0 0 0 0 0 2.384 303 49 1 1 0
./complex_md-fit_634.pdb BC A 7.38462 35.515 -9.92252 -5.31248 -13.7732 -22.4874 -0.777223 39.3196 -22.5922 5.73631 7.21118 2.30442 0 0 0 0.448414 2.42447 0 0 0 0 0 0 2.384 303 54 1 1 0
./complex_md-fit_635.pdb BC A 9.33117 26.6826 -13.1225 -5.15258 -12.0169 -22.8342 -0.885707 37.7938 -23.1355 4.54571 6.54209 1.57093 0 0 0 0.472182 2.61466 -0.0223708 0 0 0 0 0 2.384 303 51 0 0 0
./complex_md-fit_636.pdb BC A 8.79142 28.197 -13.2087 -3.7308 -12.0943 -21.5333 -0.89325 35.4923 -22.3182 3.61511 6.73719 1.04127 0 0 0 0.475245 2.15566 0 0 0 0 0 0 2.384 303 50 0 0 0
./complex_md-fit_637.pdb BC A 9.82679 33.4385 -10.7372 -6.02732 -12.5802 -21.7359 -1.08633 37.9261 -21.681 5.63521 7.19078 1.19986 0 0 0 0.445484 2.20973 -0.0238792 0 0 0 0 0 2.384 303 53 1 1 0
./complex_md-fit_638.pdb BC A 7.64809 30.1465 -7.74098 -5.05406 -11.2765 -21.8831 -0.893515 37.9903 -21.8342 6.26373 6.4612 2.25556 0 0 0 0.235922 1.96415 -0.0207304 0 0 0 0 0.0144164 2.384 303 50 1 1 0
./complex_md-fit_639.pdb BC A 8.73845 33.4413 -12.4544 -6.22909 -12.6876 -23.2162 -0.994801 39.322 -23.6439 5.18943 7.23751 2.13325 0 0 0 0.453556 2.3237 -0.0186518 0 0 0 0 0 2.384 303 53 1 1 0
./complex_md-fit_63.pdb BC A 5.67908 25.959 -13.6512 -6.64331 -8.90021 -24.6242 -0.799927 39.3491 -25.1211 3.54455 7.0149 2.16588 0 0 0 0.363038 2.45925 0 0 0 0 0 0 2.384 303 49 0 0 0
./complex_md-fit_640.pdb BC A 8.16405 31.609 -14.0002 -6.31727 -14.0018 -23.2672 -1.20547 40.025 -23.5785 5.02233 7.67967 1.4835 0 0 0 0.191347 2.52216 -0.0380864 0 0 0 0 0.00624178 2.384 303 56 0 0 0
./complex_md-fit_641.pdb BC A 8.32904 25.2399 -16.0962 -6.25389 -13.568 -24.1015 -0.822249 40.6433 -24.4682 3.68708 7.89074 0.805698 0 0 0 0.112611 2.60666 -0.0217722 0 0 0 0 0 2.384 303 53 0 0 0
./complex_md-fit_642.pdb BC A 7.77322 23.4714 -13.3896 -4.60379 -14.0984 -24.0311 -1.06119 41.2434 -24.0673 3.52251 8.40116 1.17075 0 0 0 0.155701 3.02701 -0.0213353 0 0 0 0 0 2.384 303 50 0 0 0
./complex_md-fit_643.pdb BC A 7.23403 28.2403 -10.4038 -2.25188 -11.2376 -22.3512 -0.826403 37.716 -22.7228 3.12302 6.1635 1.82943 0 0 0 0.154053 2.18732 0 0 0 0 0 0 2.384 303 47 0 0 0
./complex_md-fit_644.pdb BC A 8.07081 23.0714 -10.1138 -3.85964 -11.4715 -24.5345 -1.02763 42.0485 -24.9406 4.65955 6.19429 2.58764 0 0 0 0.250361 2.15837 -0.0202938 0 0 0 0 0 2.384 303 53 1 1 0
./complex_md-fit_645.pdb BC A 7.67182 32.5029 -9.45883 -6.69017 -10.8883 -24.7505 -1.01585 41.2682 -25.5864 7.80329 7.10731 2.71717 0 0 0 0.601445 2.85396 -0.0250595 0 0 0 0 0 2.384 303 52 4 4 0
./complex_md-fit_646.pdb BC A 8.25698 34.1775 -17.7802 -5.84712 -10.8786 -24.6522 -0.984849 39.8585 -25.9283 2.73827 5.65746 2.08605 0 0 0 0.188505 2.56299 -0.0179796 0 0 0 0 0 2.384 303 52 0 0 0
./complex_md-fit_647.pdb BC A 8.90499 37.3739 -10.7304 -7.32986 -8.02167 -23.2667 -0.776019 37.9243 -24.4902 3.86752 6.87501 4.016 0 0 0 0.471261 2.24862 0 0 0 0 0 0 2.384 303 52 0 0 0
./complex_md-fit_648.pdb BC A 8.07292 35.8126 -9.03248 -4.89389 -7.66702 -22.7957 -0.960771 38.4502 -23.49 2.93222 6.13878 2.43049 0 0 0 0.848371 2.42019 -0.0252083 0 0 0 0 0 2.384 303 50 1 1 0
./complex_md-fit_649.pdb BC A 6.15223 24.5074 -12.6234 -5.04222 -8.35143 -21.7173 -0.716704 32.5511 -22.6544 5.62428 5.46003 2.0753 0 0 0 0.120881 1.97227 0.0269874 0 0 0 0 0 2.384 303 44 1 1 0
./complex_md-fit_64.pdb BC A 8.45865 30.652 -11.6875 -7.36191 -11.5525 -24.5393 -0.676243 39.9894 -24.3077 5.42411 7.9318 2.95155 0 0 0 0.434079 2.56979 0.0192928 0 0 0 0 0 2.384 303 49 1 1 0
./complex_md-fit_650.pdb BC A 7.75696 34.6466 -15.0842 -7.57817 -11.8974 -25.6472 -1.01719 42.0363 -26.4629 5.77447 7.05231 2.36204 0 0 0 0.318461 2.82091 -0.0248827 0 0 0 0 0 2.384 303 51 1 1 0
./complex_md-fit_651.pdb BC A 8.84768 33.9795 -10.2457 -7.76845 -7.50166 -24.8927 -0.757386 40.8305 -26.0663 6.73474 6.30157 2.73574 0 0 0 0.161005 2.46894 -0.0227519 0 0 0 0 0 2.384 303 52 1 1 0
./complex_md-fit_652.pdb BC A 8.95992 32.2568 -9.73728 -5.74157 -8.38364 -24.3733 -0.734769 40.8482 -24.7561 4.04812 7.10521 1.89601 0 0 0 0.379108 2.65651 -0.0245192 0 0 0 0 0 2.384 303 52 0 0 0
./complex_md-fit_653.pdb BC A 6.75605 29.0209 -16.1057 -7.12353 -10.3883 -24.0945 -0.939267 38.9034 -24.8841 4.08328 5.60398 2.1119 0 0 0 0.648896 2.59711 -0.0274521 0 0 0 0 0 2.384 303 51 0 0 0
./complex_md-fit_654.pdb BC A 7.24842 28.3451 -10.7888 -4.63103 -9.00158 -24.0655 -0.816195 40.2502 -24.3974 4.3542 5.11224 2.20386 0 0 0 0.202421 2.90576 0 0 0 0 0 0 2.384 303 54 0 0 0
./complex_md-fit_655.pdb BC A 9.35035 26.2841 -8.12226 -5.13784 -9.29645 -24.0559 -0.858517 40.9455 -24.5218 6.31938 5.65298 2.5534 0 0 0 0.295398 2.71162 -0.018453 0 0 0 0 0 2.384 303 54 2 2 0
./complex_md-fit_656.pdb BC A 6.67513 29.2534 -9.94818 -5.46657 -8.14678 -24.5472 -1.02291 41.3028 -25.2572 3.73332 6.65489 2.22744 0 0 0 0.591531 2.29936 -0.0175203 0 0 0 0 0 2.384 303 52 0 0 0
./complex_md-fit_657.pdb BC A 7.79531 28.8308 -11.5838 -6.91974 -8.47004 -23.8245 -0.79954 38.4988 -24.9897 5.94654 6.6014 2.05398 0 0 0 0.344244 2.39895 -0.0253283 0 0 0 0 0 2.384 303 50 1 1 0
./complex_md-fit_658.pdb BC A 6.69829 24.0944 -12.1293 -5.29815 -8.48949 -25.1667 -0.781315 40.6689 -26.315 5.41561 5.76204 1.77373 0 0 0 0.322877 2.59079 -0.0217151 0 0 0 0 0 2.384 303 55 1 1 0
./complex_md-fit_659.pdb BC A 8.90634 26.6147 -11.3921 -6.13978 -8.33508 -24.6128 -0.637969 41.3681 -25.5231 4.19684 5.9486 2.1383 0 0 0 0.227751 2.55859 -0.0230405 0 0 0 0 0 2.384 303 52 0 0 0
./complex_md-fit_65.pdb BC A 9.21633 32.1498 -7.98933 -6.6789 -8.07436 -23.9098 -0.596215 40.7324 -23.9362 4.65344 6.87353 2.49685 0 0 0 0.446296 2.19881 0 0 0 0 0 0.00359405 2.384 303 53 1 1 0
./complex_md-fit_660.pdb BC A 6.46078 29.7527 -13.8798 -5.86062 -10.3642 -24.736 -0.818343 39.2703 -25.4973 4.22721 7.2771 2.28778 0 0 0 0.353575 2.29964 -0.0191908 0 0 0 0 0 2.384 303 52 0 0 0
./complex_md-fit_661.pdb BC A 6.00967 29.1666 -14.0347 -5.89013 -8.10008 -24.2902 -0.764822 39.1168 -26.0029 3.64084 6.22555 1.57377 0 0 0 0.479417 2.63712 -0.0229758 0 0 0 0 0 2.384 303 52 0 0 0
./complex_md-fit_662.pdb BC A 9.57999 28.8384 -13.403 -8.15352 -10.4802 -25.3082 -1.00704 41.5799 -26.6421 7.8597 6.87925 1.75423 0 0 0 0.138122 2.64541 -0.0231951 0 0 0 0 0 2.384 303 54 2 2 0
./complex_md-fit_663.pdb BC A 6.95387 26.822 -13.5283 -6.93762 -10.2683 -25.0335 -0.980026 41.1445 -26.1351 6.5444 5.51616 2.34226 0 0 0 0.300787 2.6779 -0.0219402 0 0 0 0 0 2.384 303 56 1 1 0
./complex_md-fit_664.pdb BC A 7.54848 27.9337 -13.3434 -6.18774 -10.3311 -24.4956 -0.891127 39.7373 -25.6635 5.85162 6.43226 2.0275 0 0 0 0.197624 2.27775 -0.0205947 0 0 0 0 0 2.384 303 50 1 1 0
./complex_md-fit_665.pdb BC A 6.97731 27.7682 -19.4963 -7.40193 -10.5464 -22.71 -0.823522 36.5134 -23.708 1.5453 5.88542 1.43598 0 0 0 0.335907 2.18669 -0.0224846 0 0 0 0 0 2.384 303 51 0 0 0
./complex_md-fit_666.pdb BC A 8.74336 35.9701 -15.1985 -7.06177 -9.12944 -21.7341 -0.819565 36.2421 -23.128 2.30759 5.50262 2.46887 0 0 0 0.153258 2.20191 0 0 0 0 0 0 2.384 303 50 0 0 0
./complex_md-fit_667.pdb BC A 8.723 33.6554 -10.9289 -6.52432 -10.3272 -25.0771 -0.923922 42.8044 -25.4748 5.922 6.12051 2.32053 0 0 0 0.231008 3.24992 0 0 0 0 0 0 2.384 303 53 1 1 0
./complex_md-fit_668.pdb BC A 9.5986 30.8147 -12.9624 -3.71807 -6.90734 -22.1878 -0.781758 34.4749 -23.673 3.39625 5.1808 1.09548 0 0 0 0.158152 1.94485 0 0 0 0 0 0 2.384 303 49 0 0 0
./complex_md-fit_669.pdb BC A 9.06439 27.9163 -13.2925 -5.86405 -9.56147 -23.2738 -0.640025 38.6023 -23.9033 4.44097 5.91728 0.785471 0 0 0 0.204098 2.53532 0 0 0 0 0 0 2.384 303 49 1 1 0
./complex_md-fit_66.pdb BC A 6.54111 33.6838 -9.45397 -6.19669 -11.1963 -23.9106 -0.603443 40.1869 -24.3335 5.44787 8.30831 2.60379 0 0 0 0.211294 2.33491 0.0282658 0 0 0 0 0 2.384 303 51 0 0 0
./complex_md-fit_670.pdb BC A 8.27405 29.5776 -15.8198 -4.91688 -9.14367 -22.2448 -0.491628 33.3046 -23.9368 3.71129 5.97909 1.85596 0 0 0 0.0630429 2.15121 -1.11022e-16 0 0 0 0 0 2.384 303 48 1 1 0
./complex_md-fit_671.pdb BC A 8.05342 31.9827 -12.2567 -5.48135 -8.28471 -24.0593 -0.890538 39.2371 -25.2138 4.26297 5.22697 2.22492 0 0 0 0.744589 2.30449 -0.0234953 0 0 0 0 0 2.384 303 52 0 0 0
./complex_md-fit_672.pdb BC A 10.5734 26.0662 -14.3163 -5.17113 -7.98751 -22.9474 -0.755035 35.9204 -24.3509 3.82061 5.43078 1.59901 0 0 0 0.149021 1.87619 -0.0242093 0 0 0 0 0 2.384 303 54 1 1 0
./complex_md-fit_673.pdb BC A 6.61511 24.8335 -16.2801 -5.38211 -10.2745 -22.4332 -0.624884 33.8113 -24.2328 5.40021 5.43128 1.75102 0 0 0 0.292603 1.95732 -0.0190492 0 0 0 0 0 2.384 303 47 2 2 0
./complex_md-fit_674.pdb BC A 9.39547 32.0602 -8.7757 -5.08555 -7.64628 -23.397 -0.75047 37.2983 -24.5581 6.55216 6.26099 1.96391 0 0 0 0.58644 2.52061 0 0 0 0 0 0 2.384 303 50 1 1 0
./complex_md-fit_675.pdb BC A 7.48019 28.0248 -12.4425 -6.13662 -11.8534 -24.4676 -0.926628 39.7931 -25.4229 6.41437 7.38009 2.30359 0 0 0 0.486535 2.42953 -0.0130798 0 0 0 0 0 2.384 303 52 2 2 0
./complex_md-fit_676.pdb BC A 7.22668 29.6711 -14.3491 -6.78867 -10.8545 -23.7046 -0.841992 38.8309 -25.0782 5.74685 6.60386 1.31638 0 0 0 0.445125 2.30714 -0.0242546 0 0 0 0 0 2.384 303 55 0 0 0
./complex_md-fit_677.pdb BC A 8.70019 36.0794 -16.2329 -6.27489 -9.17415 -23.3549 -0.707755 37.0921 -24.5439 3.63322 5.69626 1.21808 0 0 0 0.204548 1.94058 -0.021501 0 0 0 0 0 2.384 303 50 0 0 0
./complex_md-fit_678.pdb BC A 8.42419 34.1892 -9.41238 -6.5267 -8.51549 -24.4514 -0.815875 40.6109 -25.3577 6.40732 7.06084 1.58374 0 0 0 0.615852 2.71411 -0.0239555 0 0 0 0 0 2.384 303 51 0 0 0
./complex_md-fit_679.pdb BC A 8.02091 35.49 -7.50097 -3.88615 -6.70625 -21.6158 -0.637737 33.8524 -23.66 7.10044 5.70596 2.16255 0 0 0 0.183624 1.79847 0 0 0 0 0 0 2.384 303 48 2 2 0
./complex_md-fit_67.pdb BC A 6.8462 28.5022 -7.06037 -3.65175 -10.6136 -23.018 -0.536277 38.5367 -23.3048 5.83116 6.77193 2.59922 0 0 0 0.305994 2.23386 0 0 0 0 0 0.0191218 2.384 303 50 1 1 0
./complex_md-fit_680.pdb BC A 8.86843 30.5186 -4.13543 -3.9597 -6.25895 -22.4481 -0.645807 37.3241 -23.8017 7.69287 5.3293 2.59252 0 0 0 0.0400015 1.96675 0 0 0 0 0 0 2.384 303 52 2 2 0
./complex_md-fit_681.pdb BC A 7.85557 28.9329 -13.5694 -4.61469 -9.77054 -22.4617 -0.835849 36.5341 -23.4601 4.39683 5.07465 1.17761 0 0 0 0.408545 1.87433 -0.0183232 0 0 0 0 0 2.384 303 51 0 0 0
./complex_md-fit_682.pdb BC A 9.47333 24.7102 -6.01152 -3.66261 -6.76161 -20.2293 -0.75573 32.5617 -21.7299 6.62263 5.21304 2.62179 0 0 0 0.0840311 1.73663 0.0244134 0 0 0 0 0 2.384 303 49 1 1 0
./complex_md-fit_683.pdb BC A 6.53786 25.3568 -13.6327 -4.15959 -6.94566 -21.7594 -0.738985 34.207 -23.6002 2.76743 4.65177 1.56907 0 0 0 0.399138 2.19962 -0.023286 0 0 0 0 0 2.384 303 50 0 0 0
./complex_md-fit_684.pdb BC A 7.77304 37.73 -6.48898 -5.26069 -5.6785 -21.2468 -0.726964 34.9624 -22.6706 5.90108 4.67222 3.29864 0 0 0 0.260205 1.8585 0 0 0 0 0 0 2.384 303 50 2 2 0
./complex_md-fit_685.pdb BC A 6.47113 37.0522 -8.45468 -2.94493 -7.83635 -20.6647 -0.752306 36.1931 -20.9314 1.73544 4.5234 2.11977 0 0 0 0.10326 2.06251 5.55112e-17 0 0 0 0 0 2.384 303 50 0 0 0
./complex_md-fit_686.pdb BC A 7.08452 33.7846 -11.4104 -5.17107 -9.09894 -19.668 -0.833344 32.3439 -20.3755 3.60062 5.69082 1.81952 0 0 0 0.281572 1.95826 0 0 0 0 0 0 2.384 303 48 1 1 0
./complex_md-fit_687.pdb BC A 7.59833 36.4009 -3.45689 -2.41251 -8.2547 -21.4826 -0.900695 35.9378 -22.7805 9.19861 5.99319 0.875985 0 0 0 0.368576 1.92602 0 0 0 0 0 0 2.384 303 47 2 2 0
./complex_md-fit_688.pdb BC A 8.32014 26.2437 -9.50611 -3.68481 -10.9142 -20.5667 -0.727501 35.2525 -20.8949 4.05823 6.19377 1.53803 0 0 0 0.239458 1.94654 -5.55112e-17 0 0 0 0 0 2.384 303 52 0 0 0
./complex_md-fit_689.pdb BC A 6.75283 29.1303 -8.72757 -2.75835 -11.0809 -19.5672 -0.675946 31.4727 -20.27 4.85497 6.10869 2.92556 0 0 0 0.262854 1.80317 0 0 0 0 0 0 2.384 303 49 0 0 0
./complex_md-fit_68.pdb BC A 8.92691 30.6926 -7.69206 -4.33159 -11.6411 -22.7519 -0.851482 37.5038 -22.5121 7.22621 7.44286 2.03025 0 0 0 0.184065 2.29689 0 0 0 0 0 0.00886224 2.384 303 51 3 3 0
./complex_md-fit_690.pdb BC A 7.04881 32.2351 -10.4583 -3.82213 -7.02111 -19.3722 -0.66848 30.9161 -20.0397 3.67215 4.65455 1.06471 0 0 0 0.157762 1.91163 0 0 0 0 0 0 2.384 303 52 0 0 0
./complex_md-fit_691.pdb BC A 8.63351 32.3275 -7.4718 -3.44558 -7.83867 -23.4486 -0.698481 39.623 -24.4537 4.66834 5.91075 1.84565 0 0 0 0.382067 2.16963 -0.0166329 0 0 0 0 0 2.384 303 51 0 0 0
./complex_md-fit_692.pdb BC A 6.96304 25.2561 -11.5485 -5.18897 -9.89465 -24.8885 -0.751852 40.7302 -25.696 5.66819 6.19497 2.05989 0 0 0 0.218209 2.5473 5.55112e-17 0 0 0 0 0 2.384 303 53 1 1 0
./complex_md-fit_693.pdb BC A 8.17438 24.6959 -8.49732 -5.99173 -6.6459 -22.6662 -0.687087 37.7633 -23.481 5.06243 5.79673 1.75721 0 0 0 0.621626 2.17714 -0.0267957 0 0 0 0 2.22045e-16 2.384 303 51 0 0 0
./complex_md-fit_694.pdb BC A 6.99226 31.031 -12.0666 -7.11937 -10.0257 -24.219 -0.803478 41.6875 -24.7457 4.85455 6.70874 1.38912 0 0 0 0.227989 2.51896 -0.0213836 0 0 0 0 0 2.384 303 52 1 1 0
./complex_md-fit_695.pdb BC A 8.59699 26.1151 -12.4434 -5.98165 -9.52342 -24.7213 -0.740458 40.447 -26.0076 5.53648 6.72946 1.40729 0 0 0 0.410776 2.46803 0 0 0 0 0 0 2.384 303 55 1 1 0
./complex_md-fit_696.pdb BC A 7.19172 31.4976 -6.14319 -5.68566 -7.96803 -24.7126 -0.867243 43.0879 -25.2115 5.60375 7.26583 2.19566 0 0 0 0.171606 2.62038 -0.0229277 0 0 0 0 0 2.384 303 53 0 0 0
./complex_md-fit_697.pdb BC A 7.83135 25.5168 -12.1598 -5.26354 -10.8036 -23.5713 -0.867363 39.1923 -23.9786 6.1371 5.18834 1.38615 0 0 0 0.444766 2.83207 -0.0241243 0 0 0 0 0 2.384 303 52 0 0 0
./complex_md-fit_698.pdb BC A 8.76886 29.0103 -6.46097 -5.51727 -11.1184 -25.2753 -0.943216 44.4617 -25.6519 8.39756 7.42264 1.50664 0 0 0 0.256676 3.12025 0 0 0 0 0 0 2.384 303 54 1 1 0
./complex_md-fit_699.pdb BC A 10.6832 28.4526 -8.57604 -4.4123 -10.4526 -23.0821 -0.762393 40.4481 -23.4945 5.66463 6.17989 1.22777 0 0 0 0.125641 1.95544 -0.0181361 0 0 0 0 0 2.384 303 48 1 1 0
./complex_md-fit_69.pdb BC A 6.40041 32.4364 -7.28399 -6.17771 -9.70979 -23.5685 -0.57184 38.4518 -23.4932 8.50244 6.93025 1.53208 0 0 0 0.788658 2.19171 5.55112e-17 0 0 0 0 0.0318617 2.384 303 49 1 1 0
./complex_md-fit_6.pdb BC A 7.30212 31.9847 -10.6079 -9.26156 -9.12853 -26.5385 -0.82878 43.575 -26.9314 8.61 7.19411 2.40685 0 0 0 0.31116 3.93824 -0.0248876 0 0 0 0 0.00861856 2.384 303 55 3 3 0
./complex_md-fit_700.pdb BC A 8.57864 25.4371 -17.9238 -6.663 -12.247 -22.8571 -0.782255 37.2497 -23.2658 2.63038 5.48628 2.13128 0 0 0 0.393778 2.24404 2.77556e-17 0 0 0 0 0 2.384 303 51 0 0 0
./complex_md-fit_701.pdb BC A 9.6515 33.6488 -11.1302 -6.13722 -10.035 -23.8837 -0.854635 40.2051 -24.4535 3.85945 6.90773 2.85965 0 0 0 0.429676 2.78959 -0.0277917 0 0 0 0 0 2.384 303 53 0 0 0
./complex_md-fit_702.pdb BC A 7.15151 35.2031 -11.1209 -7.06018 -9.38479 -24.0627 -0.970548 39.9653 -24.966 6.08331 6.7799 2.15468 0 0 0 0.359946 2.39265 -0.0198065 0 0 0 0 0 2.384 303 51 1 1 0
./complex_md-fit_703.pdb BC A 7.86463 25.9319 -16.8818 -7.36176 -9.78849 -22.9208 -0.811226 36.5973 -23.9725 2.81536 6.46908 1.84588 0 0 0 0.262694 2.43855 -0.0230517 0 0 0 0 0.00581519 2.384 303 52 0 0 0
./complex_md-fit_704.pdb BC A 6.65812 28.8036 -13.7384 -7.53426 -8.25448 -25.4174 -0.857666 41.2498 -26.5633 3.60471 7.66289 2.03902 0 0 0 0.358617 2.66198 -0.0263456 0 0 0 0 0 2.384 303 52 0 0 0
./complex_md-fit_705.pdb BC A 10.1358 30.8243 -18.6843 -7.62042 -9.32017 -22.8935 -0.76843 36.7738 -24.701 2.56472 5.36857 1.34461 0 0 0 0.587576 2.13769 -0.0200891 0 0 0 0 0 2.384 303 52 0 0 0
./complex_md-fit_706.pdb BC A 7.6333 29.8863 -16.4625 -8.00511 -11.3986 -24.8459 -0.939758 40.5938 -25.993 4.53215 7.25926 1.76835 0 0 0 0.594281 2.58887 -0.0279979 0 0 0 0 0 2.384 303 54 0 0 0
./complex_md-fit_707.pdb BC A 7.61559 31.6375 -15.2403 -6.11589 -10.7393 -23.8113 -0.906091 39.2573 -24.634 3.04396 6.16286 1.91362 0 0 0 0.615395 2.36752 -0.0268286 0 0 0 0 0 2.384 303 55 0 0 0
./complex_md-fit_708.pdb BC A 9.17487 30.1934 -15.0651 -6.35575 -10.4277 -22.9483 -0.83525 36.5689 -24.8423 3.81051 6.7801 2.80063 0 0 0 0.405352 2.38616 -0.0212776 0 0 0 0 0 2.384 303 50 0 0 0
./complex_md-fit_709.pdb BC A 9.48213 22.4838 -14.2575 -5.89049 -8.56872 -23.566 -0.817543 38.8397 -25.1971 3.17064 6.09802 1.49982 0 0 0 0.174121 2.49906 -1.11022e-16 0 0 0 0 0 2.384 303 52 0 0 0
./complex_md-fit_70.pdb BC A 8.08944 34.9378 -14.1959 -6.19702 -10.9167 -22.75 -0.673428 36.1603 -22.518 2.41853 7.86791 1.85868 0 0 0 0.540401 2.51252 0 0 0 0 0 0.0134473 2.384 303 48 0 0 0
./complex_md-fit_710.pdb BC A 6.56534 24.4801 -14.5731 -6.98908 -9.85503 -24.9734 -0.892661 41.6691 -25.6087 3.34388 6.69637 1.81993 0 0 0 0.239334 2.42782 -0.0227137 0 0 0 0 0 2.384 303 57 0 0 0
./complex_md-fit_711.pdb BC A 8.4128 26.8175 -15.4065 -7.00986 -12.0308 -24.0212 -0.959226 39.5126 -24.4009 5.47993 6.23669 1.61784 0 0 0 0.198805 2.75034 -0.0303663 0 0 0 0 0 2.384 303 56 0 0 0
./complex_md-fit_712.pdb BC A 6.62381 21.8272 -15.4845 -9.19507 -11.4967 -24.7508 -0.80148 41.4622 -25.4591 4.30502 7.24942 2.5251 0 0 0 0.700461 2.59817 -0.0235782 0 0 0 0 0 2.384 303 56 0 0 0
./complex_md-fit_713.pdb BC A 7.55676 26.5648 -15.1187 -6.05586 -14.7791 -25.6097 -1.11362 44.994 -25.7277 2.75011 7.83552 2.01559 0 0 0 0.604855 2.89008 -0.0328458 0 0 0 0 0 2.384 303 57 0 0 0
./complex_md-fit_714.pdb BC A 8.49571 28.632 -11.2902 -4.62256 -10.8225 -23.7218 -0.899544 39.917 -24.4824 3.51285 7.05819 1.91861 0 0 0 0.870517 2.51416 -0.0184928 0 0 0 0 0 2.384 303 57 0 0 0
./complex_md-fit_715.pdb BC A 7.74765 34.0327 -15.1171 -8.04873 -11.304 -24.1373 -0.862067 40.5159 -24.612 3.08769 6.86567 2.9037 0 0 0 0.474087 3.14436 -5.55112e-17 0 0 0 0 0 2.384 303 54 0 0 0
./complex_md-fit_716.pdb BC A 8.57604 28.2636 -16.4411 -6.74714 -10.7353 -24.9824 -0.970278 40.9151 -25.9851 3.95195 5.73337 2.00416 0 0 0 0.374651 2.51895 0 0 0 0 0 0 2.384 303 56 0 0 0
./complex_md-fit_717.pdb BC A 6.98922 28.7916 -14.4751 -8.6058 -11.0816 -24.8396 -0.928174 40.8169 -25.5265 5.48517 7.37607 2.63011 0 0 0 0.19823 3.15063 0 0 0 0 0 0 2.384 303 54 1 1 0
./complex_md-fit_718.pdb BC A 8.78496 25.4948 -14.9576 -7.37713 -11.5057 -25.1235 -0.936167 42.2572 -25.8091 4.496 7.49425 1.42657 0 0 0 0.142289 2.68425 -0.0224058 0 0 0 0 0 2.384 303 58 0 0 0
./complex_md-fit_719.pdb BC A 7.02129 30.4886 -17.1444 -6.91721 -11.1629 -25.3872 -0.989093 41.2797 -26.3494 3.74932 7.02295 1.32214 0 0 0 0.312913 2.63452 -0.0256652 0 0 0 0 0 2.384 303 55 0 0 0
./complex_md-fit_71.pdb BC A 7.17356 28.5266 -14.1667 -6.23854 -13.111 -23.6516 -0.532371 38.7723 -23.7065 3.86935 7.50965 2.52055 0 0 0 0.347295 2.4677 0 0 0 0 0 0.054158 2.384 303 47 0 0 0
./complex_md-fit_720.pdb BC A 7.94815 38.6869 -9.64734 -5.45994 -9.40071 -24.1055 -1.14469 41.4559 -24.8841 5.49705 6.34633 1.78584 0 0 0 0.262441 2.71532 -1.11022e-16 0 0 0 0 0 2.384 303 58 1 1 0
./complex_md-fit_721.pdb BC A 7.05846 34.9009 -15.5515 -6.72167 -10.7614 -23.239 -0.828618 38.4828 -23.4904 2.37087 5.23901 2.56423 0 0 0 0.832692 2.35124 0 0 0 0 0 0 2.384 303 55 0 0 0
./complex_md-fit_722.pdb BC A 9.06484 33.5627 -12.1859 -3.6043 -10.1955 -21.4445 -0.859533 36.3777 -21.4405 2.1787 5.61288 1.04451 0 0 0 0.168637 2.09493 -0.0240104 0 0 0 0 0 2.384 303 51 0 0 0
./complex_md-fit_723.pdb BC A 9.74033 33.9758 -11.2143 -3.40456 -10.4652 -19.7505 -1.00095 33.7812 -20.6259 3.16532 5.39895 1.39999 0 0 0 0.287278 1.61454 0 0 0 0 0 0 2.384 303 49 2 2 0
./complex_md-fit_724.pdb BC A 6.38583 41.2359 -7.86808 -2.51572 -10.1302 -22.5336 -0.840185 39.5516 -22.5426 3.67025 5.73693 1.60061 0 0 0 0.134901 2.27338 0 0 0 0 0 0 2.384 303 52 0 0 0
./complex_md-fit_725.pdb BC A 6.29346 28.5683 -13.744 -6.66053 -15.3708 -23.8383 -1.19472 40.8192 -23.2112 4.74955 8.04266 2.53145 0 0 0 0.388563 2.29086 1.11022e-16 0 0 0 0 0 2.384 303 52 0 0 0
./complex_md-fit_726.pdb BC A 7.7076 33.2417 -13.3998 -7.33898 -8.63003 -24.7036 -0.918387 39.7963 -25.9611 4.30216 6.64539 2.60683 0 0 0 0.851395 2.60814 -0.049873 0 0 0 0 0 2.384 303 58 0 0 0
./complex_md-fit_727.pdb BC A 8.0214 26.8428 -6.72185 -4.6282 -7.35922 -22.4619 -0.939874 38.3973 -23.0458 6.15327 4.81011 2.03304 0 0 0 0.314147 2.5084 0 0 0 0 0 0.00529598 2.384 303 51 1 1 0
./complex_md-fit_728.pdb BC A 9.39962 29.8803 -5.97343 -3.21666 -6.7381 -21.5165 -0.590362 35.4199 -22.3013 5.04036 5.71554 1.78539 0 0 0 0.452507 2.18799 -0.0241846 0 0 0 0 0 2.384 303 51 0 0 0
./complex_md-fit_729.pdb BC A 7.07852 26.3644 -10.5533 -4.77787 -10.701 -23.2633 -0.85796 37.7825 -23.9277 6.09056 6.62151 2.15974 0 0 0 0.341303 2.54527 -0.0209879 0 0 0 0 0 2.384 303 54 1 1 0
./complex_md-fit_72.pdb BC A 7.43419 34.7608 -20.1405 -7.72778 -13.11 -26.3125 -0.562747 41.6841 -27.0232 2.8689 7.57752 1.6519 0 0 0 0.771219 3.43334 0.0345792 0 0 0 0 0.00764576 2.384 303 53 0 0 0
./complex_md-fit_730.pdb BC A 6.17931 27.6051 -11.8091 -4.70525 -10.581 -21.8008 -0.748547 35.5341 -22.3263 2.07819 7.05606 3.18868 0 0 0 0.495828 2.22014 0 0 0 0 0 0 2.384 303 50 0 0 0
./complex_md-fit_731.pdb BC A 7.8973 33.1642 -11.655 -3.79854 -10.2851 -20.4619 -0.848338 33.0398 -21.3199 2.50345 6.49365 2.59578 0 0 0 0.426122 1.68399 0 0 0 0 0 0 2.384 303 50 0 0 0
./complex_md-fit_732.pdb BC A 7.28488 35.0081 -11.9861 -5.89647 -9.73065 -23.2309 -0.81453 38.6886 -24.3011 3.78455 7.31763 1.95782 0 0 0 0.238964 2.22426 -1.11022e-16 0 0 0 0 0 2.384 303 53 0 0 0
./complex_md-fit_733.pdb BC A 7.12626 32.9666 -15.6216 -6.22044 -13.7939 -24.6095 -0.790678 40.8127 -25.295 4.14479 8.25461 1.69933 0 0 0 0.176589 2.51 5.55112e-17 0 0 0 0 0 2.384 303 52 0 0 0
./complex_md-fit_734.pdb BC A 9.65914 29.2643 -14.1991 -6.50254 -8.23069 -24.6911 -0.836019 39.8126 -26.3058 4.73986 5.18828 2.25225 0 0 0 0.401551 2.43981 -0.0275368 0 0 0 0 0 2.384 303 54 0 0 0
./complex_md-fit_735.pdb BC A 7.4766 23.8158 -6.90763 -4.70513 -4.51057 -22.4806 -0.651699 36.6921 -24.0887 5.85896 5.33905 1.55254 0 0 0 0.111638 2.5325 -0.0252289 0 0 0 0 0 2.384 303 50 1 1 0
./complex_md-fit_736.pdb BC A 8.4791 21.5162 -10.8397 -6.62329 -6.62973 -24.2776 -0.831843 38.4162 -26.1976 6.41739 6.15767 2.50494 0 0 0 0.224305 2.23863 0 0 0 0 0 0 2.384 303 54 1 1 0
./complex_md-fit_737.pdb BC A 9.7929 22.066 -9.72715 -6.16851 -6.82798 -23.0896 -0.717455 38.4388 -24.29 5.50835 4.94122 2.36543 0 0 0 0.129108 2.23496 -0.0165013 0 0 0 0 0 2.384 303 52 1 1 0
./complex_md-fit_738.pdb BC A 7.18819 31.8733 -14.8088 -7.39403 -8.15348 -23.9852 -0.814959 38.5989 -25.2314 3.21056 5.59621 2.83211 0 0 0 0.532416 2.28172 0 0 0 0 0 0 2.384 303 54 0 0 0
./complex_md-fit_739.pdb BC A 9.81547 34.5916 -11.8867 -6.05934 -8.36111 -24.0828 -0.908109 38.371 -25.4741 5.86572 6.10375 2.14751 0 0 0 0.535547 2.45949 -0.024704 0 0 0 0 0 2.384 303 53 1 1 0
./complex_md-fit_73.pdb BC A 10.4071 31.2433 -7.34074 -7.54626 -9.0115 -24.5295 -0.435379 43.0932 -24.1057 4.93766 7.91316 1.78605 0 0 0 0.527242 3.29282 0.0302211 0 0 0 0 0 2.384 303 50 1 1 0
./complex_md-fit_740.pdb BC A 6.54623 26.1345 -9.92665 -5.65232 -6.90438 -23.9024 -0.989134 38.9593 -25.0165 6.69945 5.77424 0.902419 0 0 0 0.20265 2.55265 0 0 0 0 0 0 2.384 303 53 1 1 0
./complex_md-fit_741.pdb BC A 10.1139 30.2894 -11.1056 -7.31767 -6.13322 -23.331 -0.941193 37.5651 -24.8531 6.2549 5.34744 2.13072 0 0 0 0.19328 2.40114 -0.020825 0 0 0 0 0 2.384 303 49 0 0 0
./complex_md-fit_742.pdb BC A 9.95782 29.026 -9.23328 -5.35069 -5.37416 -24.4033 -0.879089 38.6532 -26.0499 4.59511 6.77742 2.42581 0 0 0 0.397921 2.73155 -0.0256349 0 0 0 0 0 2.384 303 52 1 1 0
./complex_md-fit_743.pdb BC A 7.34854 37.2124 -11.9379 -6.71527 -6.91912 -25.1443 -0.939372 40.6597 -26.9827 5.55149 6.18655 1.8576 0 0 0 0.534811 2.61858 -0.0272718 0 0 0 0 0 2.384 303 52 0 0 0
./complex_md-fit_744.pdb BC A 8.34052 37.912 -10.0738 -7.70675 -8.73005 -25.286 -0.795216 41.4486 -26.4602 8.88888 6.49176 1.82995 0 0 0 0.268656 2.68193 -0.0234365 0 0 0 0 0 2.384 303 55 1 1 0
./complex_md-fit_745.pdb BC A 7.71761 32.3485 -16.8446 -7.24424 -9.87139 -24.893 -1.02161 39.1181 -26.2517 3.65177 6.9682 2.3319 0 0 0 0.367354 3.38183 0 0 0 0 0 0 2.384 303 52 0 0 0
./complex_md-fit_746.pdb BC A 6.21235 32.1697 -18.4624 -7.15351 -9.75136 -24.2094 -0.789448 37.3503 -25.666 3.07773 6.49476 1.61954 0 0 0 0.583386 3.08697 -0.0184273 0 0 0 0 0 2.384 303 51 0 0 0
./complex_md-fit_747.pdb BC A 8.68248 35.8881 -15.0506 -7.97288 -10.6568 -23.3299 -0.826641 37.1943 -24.0732 3.46514 7.48489 3.30379 0 0 0 0.360752 2.78174 0 0 0 0 0 0 2.384 303 52 0 0 0
./complex_md-fit_748.pdb BC A 11.4539 21.9731 -9.81827 -6.38582 -8.05485 -24.7503 -0.918243 41.9579 -25.5887 3.6212 8.20603 1.91987 0 0 0 0.20111 3.09312 -0.0264769 0 0 0 0 0 2.384 303 55 0 0 0
./complex_md-fit_749.pdb BC A 6.44241 28.0956 -15.6811 -7.21435 -9.52992 -25.2186 -0.971789 41.1268 -26.4473 3.20343 7.2363 1.91522 0 0 0 0.228583 2.56229 -0.00947474 0 0 0 0 0 2.384 303 52 0 0 0
./complex_md-fit_74.pdb BC A 9.63295 24.6974 -5.75324 -4.7395 -12.9321 -26.2496 -0.598596 46.1176 -25.8283 7.10166 8.87534 2.21808 0 0 0 0.231339 2.78754 0.032629 0 0 0 0 0.0181727 2.384 303 53 1 1 0
./complex_md-fit_750.pdb BC A 6.50453 26.8286 -17.4659 -6.09394 -10.0635 -25.5907 -0.944639 41.5154 -26.8409 2.44689 6.89499 1.11144 0 0 0 0.125857 2.56163 -0.026767 0 0 0 0 0 2.384 303 52 0 0 0
./complex_md-fit_751.pdb BC A 8.71777 34.3642 -13.9294 -7.27139 -11.2381 -25.1731 -1.02505 42.0853 -25.8968 5.51428 6.93323 1.92686 0 0 0 0.245941 2.93278 -0.0305883 0 0 0 0 2.22045e-16 2.384 303 54 1 1 0
./complex_md-fit_752.pdb BC A 7.6868 21.9127 -11.0386 -6.71632 -9.0612 -25.5222 -0.935094 42.7119 -26.652 6.99917 6.55412 1.10188 0 0 0 0.504229 2.421 -0.0229904 0 0 0 0 0 2.384 303 56 1 1 0
./complex_md-fit_753.pdb BC A 6.80553 28.4888 -14.575 -7.16716 -9.56202 -25.2553 -0.932774 40.819 -26.6573 4.20696 7.56686 1.97046 0 0 0 0.456964 2.68593 -0.020683 0 0 0 0 0 2.384 303 58 0 0 0
./complex_md-fit_754.pdb BC A 8.42338 28.5955 -6.17798 -4.37671 -8.53024 -25.6596 -1.13048 43.3774 -26.7545 9.46946 6.16879 0.897824 0 0 0 0.375118 2.43345 -0.0150503 0 0 0 0 0 2.384 303 54 2 2 0
./complex_md-fit_755.pdb BC A 7.24363 25.751 -13.8021 -7.70888 -9.46585 -24.988 -0.934125 41.0285 -25.8732 4.40868 8.00254 1.5206 0 0 0 0.23471 2.44763 -0.0270553 0 0 0 0 -2.22045e-16 2.384 303 53 0 0 0
./complex_md-fit_756.pdb BC A 5.97471 25.1589 -12.3964 -6.63241 -9.32319 -25.8348 -0.952602 41.3165 -27.1166 5.53729 8.45202 2.06134 0 0 0 0.0960188 2.38867 0 0 0 0 0 0 2.384 303 50 0 0 0
./complex_md-fit_757.pdb BC A 10.4066 21.6693 -14.1625 -6.64019 -8.98145 -24.6613 -0.894605 40.3653 -26.2282 3.84686 6.67804 2.23853 0 0 0 0.136837 2.48737 -0.0222993 0 0 0 0 0 2.384 303 53 0 0 0
./complex_md-fit_758.pdb BC A 7.01213 27.9366 -14.0391 -7.70337 -10.739 -24.3213 -0.986883 39.8633 -25.4433 6.17721 6.54069 2.18899 0 0 0 0.405587 2.12239 -0.0210361 0 0 0 0 0 2.384 303 51 2 2 0
./complex_md-fit_759.pdb BC A 8.279 26.8877 -9.80264 -4.79204 -10.8544 -22.859 -0.896181 38.6309 -23.7089 4.09258 6.93354 3.11403 0 0 0 0.536768 2.06728 0 0 0 0 0 0 2.384 303 53 0 0 0
./complex_md-fit_75.pdb BC A 6.55792 27.8925 -6.85044 -6.60107 -9.8594 -26.9334 -0.704745 46.0244 -26.5452 7.18059 8.77417 1.59621 0 0 0 0.191128 3.0774 0.0269096 0 0 0 0 0 2.384 303 53 0 0 0
./complex_md-fit_760.pdb BC A 7.84977 32.4495 -16.8668 -7.9894 -11.4198 -24.7786 -0.992224 40.1952 -25.9946 4.28949 7.2883 2.10309 0 0 0 0.452427 2.39507 -0.0207938 0 0 0 0 0 2.384 303 51 0 0 0
./complex_md-fit_761.pdb BC A 8.38063 24.4199 -13.8436 -5.8213 -9.35661 -22.988 -0.863092 36.9543 -24.4386 3.03031 6.62859 2.40558 0 0 0 0.605262 2.07129 0 0 0 0 0 0 2.384 303 52 0 0 0
./complex_md-fit_762.pdb BC A 8.49581 28.6784 -13.4803 -6.40078 -9.68931 -22.8916 -0.871257 38.0932 -23.8119 2.33687 7.47896 1.95466 0 0 0 0.320824 1.91453 0 0 0 0 0 0 2.384 303 51 0 0 0
./complex_md-fit_763.pdb BC A 8.38784 37.3906 -9.39504 -5.77616 -7.7546 -24.2004 -0.750319 37.9588 -25.8177 7.33613 7.05506 2.33141 0 0 0 0.22267 2.42368 1.11022e-16 0 0 0 0 0 2.384 303 48 1 1 0
./complex_md-fit_764.pdb BC A 6.55412 29.5041 -14.4 -6.07252 -10.0928 -23.665 -0.831016 37.4727 -25.0481 3.59905 7.78264 2.31353 0 0 0 0.141548 2.33029 0 0 0 0 0 0 2.384 303 51 0 0 0
./complex_md-fit_765.pdb BC A 8.49259 28.9086 -17.9759 -6.61298 -12.7189 -24.2793 -0.946902 38.6323 -25.6831 3.5942 7.66973 1.76417 0 0 0 0.604879 2.2737 0 0 0 0 0 0 2.384 303 53 0 0 0
./complex_md-fit_766.pdb BC A 7.98459 32.742 -8.269 -5.71595 -9.17285 -24.1922 -0.997463 39.883 -25.8972 6.26243 8.18768 3.00146 0 0 0 0.388184 2.26732 -0.0161788 0 0 0 0 0 2.384 303 52 1 1 0
./complex_md-fit_767.pdb BC A 7.18928 32.3855 -18.1285 -7.97615 -11.3641 -23.8695 -0.680838 37.7158 -25.0184 3.63983 7.41329 1.68836 0 0 0 0.323274 2.06644 -5.55112e-17 0 0 0 0 0 2.384 303 49 0 0 0
./complex_md-fit_768.pdb BC A 9.03844 31.4005 -4.2072 -5.46488 -8.0218 -23.7794 -0.796057 41.2432 -24.7327 7.14485 6.76273 2.97427 0 0 0 0.472806 2.75541 -0.0102281 0 0 0 0 0 2.384 303 54 2 2 0
./complex_md-fit_769.pdb BC A 11.2227 34.4264 -9.51079 -5.15623 -7.57084 -24.5976 -0.76132 40.7023 -26.1026 5.0982 5.99438 2.23006 0 0 0 0.652811 2.42677 0 0 0 0 0 0 2.384 303 52 0 0 0
./complex_md-fit_76.pdb BC A 7.15571 33.7148 -15.6972 -9.0513 -13.8217 -25.2492 -0.501167 43.4736 -24.8467 4.73949 8.31934 1.06308 0 0 0 0.141645 3.05674 0.0357701 0 0 0 0 0 2.384 303 54 0 0 0
./complex_md-fit_770.pdb BC A 7.24814 35.3073 -11.3797 -5.44821 -11.5788 -24.291 -0.684727 40.2774 -24.7215 4.7781 7.06766 2.69796 0 0 0 0.528521 2.85595 -0.0133237 0 0 0 0 0.00827255 2.384 303 51 1 1 0
./complex_md-fit_771.pdb BC A 8.65424 36.0243 -14.6081 -6.24115 -9.95597 -22.2762 -0.608965 35.3586 -22.9299 3.72184 5.87513 2.03855 0 0 0 0.409948 2.17007 0 0 0 0 0 0 2.384 303 51 0 0 0
./complex_md-fit_772.pdb BC A 6.95671 31.5676 -14.966 -7.04778 -9.55892 -23.0999 -0.623192 36.0475 -23.9906 5.15804 6.21335 1.34633 0 0 0 0.589257 1.95051 0 0 0 0 0 0 2.384 303 52 2 2 0
./complex_md-fit_773.pdb BC A 8.86443 39.7794 -12.4689 -6.27332 -10.4468 -23.9532 -0.575596 40.0777 -24.6018 4.40344 6.73035 1.50243 0 0 0 0.667902 2.79267 0 0 0 0 0 0 2.384 303 49 1 1 0
./complex_md-fit_774.pdb BC A 8.16157 34.5405 -10.6199 -5.84899 -8.2594 -24.5447 -0.80272 39.9274 -25.8112 5.06363 6.68691 2.2928 0 0 0 0.669105 2.30293 -5.55112e-17 0 0 0 0 0.00728829 2.384 303 53 2 2 0
./complex_md-fit_775.pdb BC A 8.77094 28.7548 -11.2351 -5.45417 -9.5318 -23.1387 -0.765786 37.1285 -23.8681 4.69627 6.58532 2.2891 0 0 0 0.824164 2.10953 0 0 0 0 0 0 2.384 303 48 0 0 0
./complex_md-fit_776.pdb BC A 7.92001 33.5345 -8.78404 -5.65022 -7.96366 -23.8548 -0.80523 39.1734 -24.8202 5.34138 7.76631 1.5181 0 0 0 0.510895 2.5786 -5.55112e-17 0 0 0 0 0 2.384 303 52 2 2 0
./complex_md-fit_777.pdb BC A 8.15407 30.0411 -10.2334 -4.69034 -11.8976 -23.4395 -0.729934 39.1528 -23.4437 5.65176 6.33382 2.65272 0 0 0 0.176586 2.34971 2.77556e-17 0 0 0 0 0 2.384 303 53 1 1 0
./complex_md-fit_778.pdb BC A 9.27883 25.8596 -4.3967 -5.20626 -6.92221 -24.0166 -0.79935 40.2339 -24.1312 6.80346 6.47041 2.4032 0 0 0 0.794782 2.57805 -0.0268443 0 0 0 0 0 2.384 303 52 2 2 0
./complex_md-fit_779.pdb BC A 8.22046 33.2668 -10.7159 -3.40834 -11.3876 -23.6151 -0.837192 39.2564 -24.8477 3.71892 8.05318 1.54818 0 0 0 0.80328 2.17713 0 0 0 0 0 0 2.384 303 50 1 1 0
./complex_md-fit_77.pdb BC A 8.01999 32.1547 -15.358 -9.57725 -11.6833 -26.0245 -0.627397 41.1752 -26.0658 6.67983 7.7178 2.69176 0 0 0 0.355583 2.80717 0 0 0 0 0 0 2.384 303 51 2 2 0
./complex_md-fit_780.pdb BC A 7.7848 29.3872 -9.45344 -5.45273 -7.2318 -24.4238 -0.547399 39.3628 -25.5999 4.83505 6.8729 2.35895 0 0 0 0.372518 2.3563 0 0 0 0 0 0 2.384 303 53 0 0 0
./complex_md-fit_781.pdb BC A 10.4609 27.9393 -14.182 -4.689 -8.0831 -22.3671 -0.550611 34.0076 -23.9452 2.88367 5.82158 1.96638 0 0 0 0.783918 2.20983 -0.0101034 0 0 0 0 0 2.384 303 49 0 0 0
./complex_md-fit_782.pdb BC A 6.67447 27.8317 -11.0076 -5.77955 -8.7624 -23.1999 -0.755247 38.2842 -24.4152 5.64742 5.60757 1.90177 0 0 0 0.354791 2.58696 0.108893 0 0 0 0 0 2.384 303 51 0 0 0
./complex_md-fit_783.pdb BC A 9.04824 24.941 -9.15002 -5.52852 -8.39928 -24.0474 -0.672572 40.3424 -24.8314 5.31529 5.95036 2.19889 0 0 0 0.522168 2.06756 0 0 0 0 0 0 2.384 303 52 1 1 0
./complex_md-fit_784.pdb BC A 8.50398 33.0618 -18.2286 -5.37401 -13.0233 -23.7962 -0.507186 38.1022 -24.1363 2.20844 5.98821 1.69132 0 0 0 0.618194 2.02085 0 0 0 0 0 0 2.384 303 53 0 0 0
./complex_md-fit_785.pdb BC A 8.39251 26.9516 -16.6278 -5.42276 -12.3484 -24.6169 -0.844965 39.6784 -25.5212 4.71341 6.56167 0.944506 0 0 0 0.243224 2.31683 -0.0147992 0 0 0 0 0 2.384 303 52 0 0 0
./complex_md-fit_786.pdb BC A 9.25588 31.8712 -13.9121 -5.97286 -13.7922 -23.2031 -0.54746 37.976 -23.7325 4.7114 7.3488 2.90676 0 0 0 0.393022 2.19422 5.55112e-17 0 0 0 0 0 2.384 303 53 1 1 0
./complex_md-fit_787.pdb BC A 6.61873 34.2616 -8.57466 -4.6845 -10.2988 -24.8661 -0.839897 41.1435 -25.0772 7.78294 6.51612 1.64413 0 0 0 0.105185 2.61337 0 0 0 0 0 0 2.384 303 51 1 1 0
./complex_md-fit_788.pdb BC A 10.509 25.7808 -16.5419 -5.88737 -11.5533 -23.0919 -0.823002 35.7307 -24.0959 4.00665 6.45452 2.28416 0 0 0 0.433675 2.22111 0 0 0 0 0 0 2.384 303 52 0 0 0
./complex_md-fit_789.pdb BC A 10.1673 34.2521 -11.372 -4.87062 -11.1795 -23.817 -0.551122 38.7241 -24.6077 5.95652 6.59287 2.04823 0 0 0 0.332287 2.35378 0 0 0 0 0 0 2.384 303 52 1 1 0
./complex_md-fit_78.pdb BC A 7.55406 26.3474 -18.3885 -8.05682 -15.1095 -24.6904 -0.560014 40.2297 -24.7847 3.81132 8.1051 2.26122 0 0 0 0.405736 2.75505 1.11022e-16 0 0 0 0 0 2.384 303 52 0 0 0
./complex_md-fit_790.pdb BC A 8.1083 37.6236 -15.372 -6.5626 -12.6505 -25.0819 -0.548743 40.0245 -25.8502 4.93223 8.1012 1.78513 0 0 0 0.472803 2.47066 1.38778e-17 0 0 0 0 0.00611372 2.384 303 53 0 0 0
./complex_md-fit_791.pdb BC A 8.0877 30.7484 -13.3264 -5.59168 -12.3052 -23.8813 -0.757649 39.9303 -24.0668 4.349 6.61409 1.7699 0 0 0 0.617702 2.63185 -0.0116564 0 0 0 0 0.0069675 2.384 303 52 0 0 0
./complex_md-fit_792.pdb BC A 7.85099 34.9192 -12.486 -6.73882 -12.8212 -24.1376 -0.844571 40.9442 -23.9793 5.56387 7.14277 1.72534 0 0 0 0.659284 3.56207 1.11022e-16 0 0 0 0 0 2.384 303 53 0 0 0
./complex_md-fit_793.pdb BC A 6.08146 32.1758 -9.66855 -6.2309 -10.9286 -25.6653 -0.709867 42.9078 -25.9943 6.319 7.82771 2.1741 0 0 0 0.631788 2.74454 1.11022e-16 0 0 0 0 0 2.384 303 53 1 1 0
./complex_md-fit_794.pdb BC A 7.02411 29.2002 -16.897 -6.84138 -13.8238 -23.9195 -0.565064 38.9792 -24.3999 4.74535 6.63644 1.78037 0 0 0 0.511306 2.26555 0 0 0 0 0 0 2.384 303 57 1 1 0
./complex_md-fit_795.pdb BC A 8.16256 26.1831 -10.0184 -5.0113 -11.569 -24.3346 -0.753513 39.6112 -24.4852 8.09177 6.0629 2.25617 0 0 0 0.113237 2.98863 0 0 0 0 0 0 2.384 303 52 2 2 0
./complex_md-fit_796.pdb BC A 11.0296 30.643 -9.68544 -4.05546 -11.5758 -25.12 -0.638469 41.7821 -26.1232 8.55599 5.51414 1.6107 0 0 0 0.364629 2.51122 0 0 0 0 0 0 2.384 303 52 1 1 0
./complex_md-fit_797.pdb BC A 6.05532 28.5819 -17.2854 -5.49649 -13.7133 -23.9416 -0.533264 38.7676 -24.6101 4.32173 6.42132 1.3065 0 0 0 0.19218 2.51308 -2.77556e-17 0 0 0 0 0 2.384 303 53 0 0 0
./complex_md-fit_798.pdb BC A 8.17712 25.9745 -14.9335 -6.10699 -13.6071 -23.0078 -0.470395 37.4522 -22.9535 5.83329 5.57972 1.82536 0 0 0 0.52167 2.25775 0 0 0 0 0 0 2.384 303 50 0 0 0
./complex_md-fit_799.pdb BC A 8.93262 34.1491 -10.9561 -6.18405 -9.25 -22.5056 -0.584612 34.6439 -22.8502 6.95465 5.79542 2.29099 0 0 0 0.733421 2.15002 1.11022e-16 0 0 0 0 0 2.384 303 50 2 2 0
./complex_md-fit_79.pdb BC A 7.24593 32.2789 -2.52418 -7.35631 -11.2006 -25.2668 -0.65666 42.7478 -24.2732 12.6157 8.32329 2.35335 0 0 0 0.189374 2.88701 0 0 0 0 0 0 2.384 303 53 4 4 0
./complex_md-fit_7.pdb BC A 6.67258 27.6984 -7.95754 -6.43462 -7.69457 -24.7866 -0.754214 40.5542 -25.7972 7.5204 6.90044 2.27899 0 0 0 0.250473 2.04577 -0.0132024 0 0 0 0 0.0182953 2.384 303 49 0 0 0
./complex_md-fit_800.pdb BC A 7.89067 30.9246 -13.0001 -3.29693 -14.2968 -23.4744 -0.665076 38.3091 -23.3202 4.13223 6.65988 1.97894 0 0 0 0.966391 2.17522 5.55112e-17 0 0 0 0 0.00665975 2.384 303 51 0 0 0
./complex_md-fit_801.pdb BC A 8.08788 36.0461 -13.8017 -6.1894 -15.1688 -25.626 -0.883896 44.7573 -25.3899 3.27602 8.39365 2.31154 0 0 0 0.728552 2.55853 -0.0108185 0 0 0 0 0 2.384 303 53 0 0 0
./complex_md-fit_802.pdb BC A 8.65291 28.7904 -17.5653 -4.55829 -15.3386 -23.9006 -0.657428 38.0829 -24.459 3.90789 7.09223 1.60612 0 0 0 0.672589 2.21952 -0.0130969 0 0 0 0 0 2.384 303 49 0 0 0
./complex_md-fit_803.pdb BC A 6.66822 30.6589 -14.8488 -5.95521 -16.5788 -23.4076 -0.981684 39.1197 -22.7839 4.34908 8.68061 2.27839 0 0 0 0.430746 2.74665 0 0 0 0 0 0 2.384 303 49 1 1 0
./complex_md-fit_804.pdb BC A 9.39159 30.883 -9.58134 -4.64481 -14.4752 -24.6321 -0.532036 41.5249 -25.0118 7.90762 8.3906 1.70814 0 0 0 0.183458 2.52323 0 0 0 0 0 0 2.384 303 54 2 2 0
./complex_md-fit_805.pdb BC A 7.83757 30.7112 -10.3304 -4.58805 -13.5102 -23.3751 -0.78196 38.6474 -23.0538 6.98185 7.67843 1.46278 0 0 0 0.208272 2.64104 0 0 0 0 0 0 2.384 303 48 0 0 0
./complex_md-fit_806.pdb BC A 9.44585 38.5647 -14.6362 -4.63915 -15.688 -22.8233 -0.583759 39.4179 -22.4776 2.75018 7.40478 1.53283 0 0 0 0.365323 2.56657 0.104556 0 0 0 0 0 2.384 303 50 0 0 0
./complex_md-fit_807.pdb BC A 9.08329 38.1243 -5.78338 -4.62786 -13.098 -24.4975 -0.950494 43.2216 -23.8508 7.61953 7.22027 2.68489 0 0 0 0.494921 2.43796 0 0 0 0 0 0 2.384 303 53 0 0 0
./complex_md-fit_808.pdb BC A 8.77598 30.1756 -7.89498 -5.23011 -14.8878 -25.3132 -0.937136 44.6404 -25.1255 7.14007 8.85397 2.57673 0 0 0 0.387617 2.7839 0 0 0 0 0 0 2.384 303 53 1 1 0
./complex_md-fit_809.pdb BC A 8.04383 32.4406 -12.6424 -6.4247 -9.5363 -23.9902 -0.668793 39.3389 -25.0235 3.97929 7.4229 1.99819 0 0 0 0.261778 2.29957 1.38778e-17 0 0 0 0 0 2.384 303 52 0 0 0
./complex_md-fit_80.pdb BC A 6.94481 28.7337 -9.66899 -6.56106 -11.9104 -24.8324 -0.438348 40.0927 -24.7293 6.7617 7.98755 2.59031 0 0 0 1.37033 2.49756 0 0 0 0 0 0 2.384 303 53 0 0 0
./complex_md-fit_810.pdb BC A 9.6025 38.0915 -9.36939 -5.17559 -8.51803 -25.0238 -0.618665 40.3068 -26.0235 5.64534 7.45735 2.2728 0 0 0 0.301957 2.39701 0 0 0 0 0 0.0060193 2.384 303 51 1 1 0
./complex_md-fit_811.pdb BC A 7.86084 32.3744 -13.5746 -5.99684 -9.49224 -22.9688 -0.485793 36.7635 -23.5261 3.67492 5.30023 3.05653 0 0 0 0.11198 2.52445 -0.0120321 0 0 0 0 0 2.384 303 51 0 0 0
./complex_md-fit_812.pdb BC A 6.52631 40.2265 -10.1251 -6.26874 -8.45722 -23.1433 -0.689891 37.7436 -23.2659 4.9021 6.09729 2.63871 0 0 0 0.318246 2.42536 0 0 0 0 0 0 2.384 303 50 0 0 0
./complex_md-fit_813.pdb BC A 10.3464 26.0952 -7.7497 -5.9671 -8.12568 -23.9618 -0.713839 39.2669 -24.2119 7.65131 5.81425 2.04143 0 0 0 0.35357 2.60536 0.103148 0 0 0 0 0 2.384 303 53 1 1 0
./complex_md-fit_814.pdb BC A 10.0991 33.3909 -11.9245 -6.77428 -9.27041 -22.7939 -0.610778 37.7874 -23.0833 4.66837 5.98285 1.83487 0 0 0 0.346423 2.79836 -0.0117766 0 0 0 0 0 2.384 303 51 0 0 0
./complex_md-fit_815.pdb BC A 7.01983 31.2497 -14.365 -7.41175 -9.52229 -22.8542 -0.532636 36.3923 -23.3198 4.86445 5.67185 2.07365 0 0 0 0.267892 2.35159 -5.55112e-17 0 0 0 0 0.00552319 2.384 303 49 1 1 0
./complex_md-fit_816.pdb BC A 6.874 34.8259 -11.5457 -6.72231 -9.36161 -23.9316 -0.649455 38.4968 -23.7951 4.26589 7.43802 2.0839 0 0 0 0.629758 2.70156 -1.38778e-17 0 0 0 0 0 2.384 303 55 0 0 0
./complex_md-fit_817.pdb BC A 6.66996 30.5278 -16.2946 -5.13075 -10.5115 -24.2584 -0.57327 38.1007 -24.742 3.00765 4.86178 2.58999 0 0 0 0.338476 2.62153 0.0152578 0 0 0 0 0.00749797 2.384 303 51 0 0 0
./complex_md-fit_818.pdb BC A 8.23143 34.5076 -12.5684 -4.16555 -11.2089 -23.6523 -0.386298 39.215 -24.187 3.57318 6.63806 0.979875 0 0 0 0.625512 2.28624 0 0 0 0 0 0 2.384 303 50 0 0 0
./complex_md-fit_819.pdb BC A 7.91937 33.5794 -11.1156 -5.81649 -12.4226 -24.0704 -0.814596 40.2478 -23.8735 5.07621 8.33642 1.98083 0 0 0 0.240784 2.21997 -1.11022e-16 0 0 0 0 0 2.384 303 53 0 0 0
./complex_md-fit_81.pdb BC A 6.94518 35.4412 -14.4595 -8.35023 -13.8589 -24.8742 -0.440667 40.1699 -24.9591 6.61359 9.19121 1.57197 0 0 0 0.476899 2.42361 0 0 0 0 0 0 2.384 303 50 2 2 0
./complex_md-fit_820.pdb BC A 8.43122 35.0094 -8.33207 -5.56721 -7.66117 -22.2227 -0.535574 36.0305 -22.6948 5.69385 5.57579 2.72897 0 0 0 0.320315 2.02071 0 0 0 0 0 0 2.384 303 50 0 0 0
./complex_md-fit_821.pdb BC A 9.81158 28.0047 -17.6171 -6.93318 -11.3748 -23.85 -0.462573 36.7357 -24.5629 4.2401 6.76875 1.42247 0 0 0 0.408605 2.44752 -0.00925576 0 0 0 0 0 2.384 303 47 1 1 0
./complex_md-fit_822.pdb BC A 7.51767 29.9621 -12.4118 -4.26484 -10.0312 -23.5164 -0.562525 38.4555 -24.5788 4.57454 5.77004 1.31082 0 0 0 0.431047 2.32197 -1.11022e-16 0 0 0 0 0 2.384 303 50 1 1 0
./complex_md-fit_823.pdb BC A 10.9114 30.0606 -9.63521 -5.15269 -8.67146 -22.5576 -0.816732 36.6722 -23.5175 5.542 5.70718 2.86273 0 0 0 0.296646 2.18701 -5.55112e-17 0 0 0 0 0 2.384 303 49 0 0 0
./complex_md-fit_824.pdb BC A 6.83032 27.2773 -14.1683 -5.16832 -10.3152 -24.9867 -0.889848 41.552 -25.8223 2.96225 5.92478 1.97286 0 0 0 0.504288 2.96627 0.0979915 0 0 0 0 0 2.384 303 50 0 0 0
./complex_md-fit_825.pdb BC A 7.77133 30.491 -16.6011 -5.94206 -11.8147 -24.4733 -0.826296 39.2142 -25.3896 3.24932 6.47166 2.34364 0 0 0 0.565988 2.20372 0 0 0 0 0 0 2.384 303 51 0 0 0
./complex_md-fit_826.pdb BC A 7.87971 35.9578 -4.34166 -5.91222 -8.52886 -24.4429 -0.693816 42.9238 -25.1055 7.76566 6.35283 2.60324 0 0 0 0.732292 2.4251 -0.0361261 0 0 0 0 0 2.384 303 50 1 1 0
./complex_md-fit_827.pdb BC A 9.60371 34.3264 -15.5521 -6.97999 -14.3838 -24.8455 -1.04835 40.7731 -25.0244 5.64088 7.79176 2.06103 0 0 0 0.46318 2.23314 0 0 0 0 0 0 2.384 303 53 0 0 0
./complex_md-fit_828.pdb BC A 8.11465 27.0451 -8.76092 -4.69439 -8.70164 -24.4604 -0.747374 40.4934 -25.1204 5.0443 7.23154 1.62317 0 0 0 0.590471 2.59543 -0.0195579 0 0 0 0 0 2.384 303 54 0 0 0
./complex_md-fit_829.pdb BC A 6.47998 30.5476 -8.90664 -7.20719 -8.86998 -25.746 -0.872627 42.5628 -26.3386 8.40283 7.41538 1.54028 0 0 0 0.228788 2.53097 -0.0223175 0 0 0 0 0 2.384 303 56 2 2 0
./complex_md-fit_82.pdb BC A 7.17516 24.729 -15.6774 -6.78737 -14.3031 -23.9633 -0.371889 39.8894 -23.6007 4.54407 6.83306 1.76437 0 0 0 0.318063 3.0266 0 0 0 0 0 0 2.384 303 52 0 0 0
./complex_md-fit_830.pdb BC A 8.69775 35.4957 -13.1273 -7.6398 -11.5964 -26.1498 -0.8153 45.1629 -26.0252 3.90257 8.5269 1.1264 0 0 0 0.380494 2.46424 0 0 0 0 0 0 2.384 303 55 1 1 0
./complex_md-fit_831.pdb BC A 7.12249 31.6071 -15.5193 -8.35874 -9.01171 -25.897 -0.661416 42.253 -26.8538 3.15707 6.39581 2.8809 0 0 0 0.57655 2.60817 0 0 0 0 0 0 2.384 303 52 0 0 0
./complex_md-fit_832.pdb BC A 7.36147 26.7646 -7.52933 -5.32741 -9.37201 -26.3076 -0.754006 43.388 -27.0966 8.0053 7.77923 1.70358 0 0 0 0.468012 2.81644 -0.0158896 0 0 0 0 0 2.384 303 55 2 2 0
./complex_md-fit_833.pdb BC A 7.90944 35.3223 -16.1217 -7.76129 -9.91343 -23.7002 -0.720568 37.7847 -24.4214 3.78955 6.39608 1.93162 0 0 0 0.493222 2.35273 0 0 0 0 0 0 2.384 303 51 0 0 0
./complex_md-fit_834.pdb BC A 7.38073 28.4166 -13.0559 -6.47294 -8.28679 -25.1773 -0.779567 40.5175 -25.9463 2.47796 7.60316 2.39405 0 0 0 0.614354 2.62718 0 0 0 0 0 0 2.384 303 52 0 0 0
./complex_md-fit_835.pdb BC A 6.82144 24.0195 -7.22118 -4.26353 -11.5792 -26.0381 -1.03426 44.6765 -26.6599 6.37854 8.77018 2.3284 0 0 0 0.200155 3.76116 0 0 0 0 0 0 2.384 303 51 2 2 0
./complex_md-fit_836.pdb BC A 9.54728 28.4932 -4.99509 -4.03321 -9.90363 -25.925 -0.653816 44.6148 -26.6379 8.01838 7.5555 1.57784 0 0 0 0.359511 2.95633 0.0324128 0 0 0 0 0 2.384 303 53 1 1 0
./complex_md-fit_837.pdb BC A 7.23194 31.7529 -6.34741 -4.0935 -10.6031 -24.477 -1.02274 40.988 -25.1629 8.31346 7.65886 1.84325 0 0 0 0.208304 2.35137 0 0 0 0 0 0 2.384 303 51 2 2 0
./complex_md-fit_838.pdb BC A 6.47057 27.2188 -15.7428 -6.28541 -11.8736 -25.3287 -0.820435 39.6204 -26.067 4.25356 8.88254 1.47582 0 0 0 0.399887 2.84128 0 0 0 0 0 0 2.384 303 51 0 0 0
./complex_md-fit_839.pdb BC A 7.48438 31.8616 -12.949 -6.79567 -8.91906 -23.6312 -0.635244 36.5166 -24.2312 5.65224 6.75309 2.0598 0 0 0 0.253261 2.33226 0.0283602 0 0 0 0 0 2.384 303 49 1 1 0
./complex_md-fit_83.pdb BC A 8.36839 27.0516 -18.133 -9.0768 -14.7234 -24.6243 -0.460171 39.8101 -24.2538 4.49712 8.80635 1.58866 0 0 0 0.303125 2.33449 0 0 0 0 0 0 2.384 303 53 0 0 0
./complex_md-fit_840.pdb BC A 5.31963 29.0897 -13.7807 -6.32333 -10.3488 -23.5772 -0.801965 37.8669 -24.1723 3.79657 7.21367 2.48368 0 0 0 0.0821566 2.61135 0 0 0 0 0 0 2.384 303 48 0 0 0
./complex_md-fit_841.pdb BC A 7.40498 33.5657 -13.7095 -7.45603 -12.1564 -24.6826 -0.998548 39.6381 -25.0254 6.90716 7.55669 2.05909 0 0 0 0.448496 2.09203 0 0 0 0 0 0 2.384 303 51 0 0 0
./complex_md-fit_842.pdb BC A 8.82357 29.857 -10.8807 -7.94488 -12.0144 -25.0147 -0.932201 41.6547 -25.1221 5.56766 9.35685 3.18998 0 0 0 0.378259 1.96552 0 0 0 0 0 0 2.384 303 52 1 1 0
./complex_md-fit_843.pdb BC A 9.43503 20.3258 -8.1108 -6.31229 -8.46943 -23.877 -0.946831 39.0051 -23.9881 6.9214 6.59923 2.66472 0 0 0 0.292486 2.41285 0 0 0 0 0 0 2.384 303 50 1 1 0
./complex_md-fit_844.pdb BC A 11.134 28.1146 -8.76921 -5.10118 -8.55089 -24.257 -0.886853 41.1884 -24.8383 3.86221 6.57027 3.14692 0 0 0 0.097212 2.51036 2.77556e-17 0 0 0 0 0 2.384 303 49 0 0 0
./complex_md-fit_845.pdb BC A 8.65852 33.7004 -12.908 -6.9219 -8.87743 -24.6083 -0.679466 39.8831 -25.2894 2.86099 7.56676 2.84958 0 0 0 0.30803 2.95715 0 0 0 0 0 0 2.384 303 50 0 0 0
./complex_md-fit_846.pdb BC A 8.32638 23.4712 -13.7494 -7.29736 -11.2703 -24.9587 -0.965439 40.7135 -25.783 4.47562 8.5034 2.32526 0 0 0 0.507619 2.15124 0 0 0 0 0 0 2.384 303 51 0 0 0
./complex_md-fit_847.pdb BC A 7.43667 35.3425 -6.07819 -5.65842 -8.96854 -23.9937 -1.15364 39.9553 -23.9882 6.09805 8.24399 2.79125 0 0 0 0.59573 2.72631 0 0 0 0 0 0 2.384 303 55 1 1 0
./complex_md-fit_848.pdb BC A 7.70517 31.8096 -6.98119 -5.40441 -10.0943 -23.6683 -0.893909 40.1565 -23.4411 6.86552 6.92739 2.02975 0 0 0 0.535952 2.28622 -1.11022e-16 0 0 0 0 0.00576775 2.384 303 55 1 1 0
./complex_md-fit_849.pdb BC A 7.57833 26.1705 -18.1891 -7.23776 -12.8529 -23.7776 -0.923419 38.0327 -23.9403 1.82237 7.93425 2.25001 0 0 0 0.503511 2.44423 0 0 0 0 0 2.22045e-16 2.384 303 52 0 0 0
./complex_md-fit_84.pdb BC A 7.64365 32.1303 -12.2717 -5.7956 -10.513 -24.8675 -0.322451 40.2528 -25.0111 4.17693 7.00526 2.30203 0 0 0 0.500994 2.4948 0 0 0 0 0 0 2.384 303 52 0 0 0
./complex_md-fit_850.pdb BC A 7.60946 26.3128 -6.51436 -5.62268 -9.03665 -24.1298 -0.808028 39.5437 -24.7772 6.41267 7.80532 3.83873 0 0 0 0.227698 2.42277 0.031804 0 0 0 0 0 2.384 303 51 1 1 0
./complex_md-fit_851.pdb BC A 6.1858 28.1894 -7.5929 -6.63237 -8.04552 -23.8392 -0.779595 39.2992 -24.0287 6.0965 7.38719 2.4982 0 0 0 0.45135 2.28715 0 0 0 0 0 0 2.384 303 50 1 1 0
./complex_md-fit_852.pdb BC A 10.9848 32.5832 -11.5178 -7.03757 -10.9894 -23.8827 -0.812223 39.6319 -24.1121 3.7423 8.67571 2.64438 0 0 0 0.621788 2.42612 0 0 0 0 0 0 2.384 303 50 0 0 0
./complex_md-fit_853.pdb BC A 7.10163 27.6814 -6.67201 -6.55997 -5.81044 -24.6872 -0.919206 39.7976 -25.5284 7.59615 7.80533 1.53919 0 0 0 0.0876225 2.39253 -1.11022e-16 0 0 0 0 0.00730831 2.384 303 50 1 1 0
./complex_md-fit_854.pdb BC A 6.86335 25.3673 -5.36261 -8.16979 -9.3753 -24.144 -1.01066 40.6208 -24.5757 9.10385 8.71037 3.28689 0 0 0 0.146027 2.46818 0.0373539 0 0 0 0 0.00747118 2.384 303 51 2 2 0
./complex_md-fit_855.pdb BC A 7.54188 30.3901 -7.7328 -7.32318 -9.25464 -24.1165 -1.03502 39.4914 -24.6907 5.65816 9.2851 3.57351 0 0 0 0.693664 2.18646 -0.0146098 0 0 0 0 0 2.384 303 51 1 1 0
./complex_md-fit_856.pdb BC A 7.97259 35.7772 -7.97513 -6.9374 -10.3493 -24.0375 -0.715457 38.4564 -24.8082 8.14423 8.32155 3.82051 0 0 0 0.130136 2.44246 -2.77556e-17 0 0 0 0 0 2.384 303 51 3 3 0
./complex_md-fit_857.pdb BC A 8.44461 29.6182 -10.7873 -7.49713 -9.15919 -24.3202 -0.786544 40.0571 -24.9076 6.66757 7.27919 1.67784 0 0 0 0.21034 2.45372 -0.0170294 0 0 0 0 0.00832111 2.384 303 50 2 2 0
./complex_md-fit_858.pdb BC A 6.18244 36.6939 -9.73718 -7.53573 -10.6569 -24.1751 -1.00631 38.7993 -24.2006 7.37349 8.51515 2.44646 0 0 0 0.694932 2.19316 0 0 0 0 0 0.0081449 2.384 303 50 1 1 0
./complex_md-fit_859.pdb BC A 6.90286 34.4691 -11.8299 -7.69044 -7.6944 -23.6277 -0.840476 38.5483 -24.3652 4.90287 6.82733 1.8723 0 0 0 0.23754 2.28874 0 0 0 0 0 0 2.384 303 49 1 1 0
./complex_md-fit_85.pdb BC A 8.66802 28.4018 -8.61891 -5.28003 -11.7465 -24.421 -0.397932 40.5187 -24.3279 5.83283 7.97177 2.63648 0 0 0 0.562337 2.6193 0.0323206 0 0 0 0 0 2.384 303 51 2 2 0
./complex_md-fit_860.pdb BC A 8.63082 35.2587 -11.7586 -5.99178 -9.07805 -23.3362 -0.991957 38.527 -24.1576 4.85845 6.04716 1.45285 0 0 0 0.911577 2.0863 0 0 0 0 0 0 2.384 303 49 0 0 0
./complex_md-fit_861.pdb BC A 8.22544 29.7701 -5.79897 -6.62732 -6.93384 -23.7438 -0.729251 39.5994 -24.4887 7.96474 5.91504 2.39112 0 0 0 0.864225 1.98728 -0.0105905 0 0 0 0 0 2.384 303 52 1 1 0
./complex_md-fit_862.pdb BC A 7.95143 29.7962 -8.09236 -6.98943 -6.77533 -23.8591 -0.735142 39.2463 -24.3277 6.10294 5.91064 2.6389 0 0 0 0.655854 2.24897 0.0333163 0 0 0 0 0.00643633 2.384 303 50 0 0 0
./complex_md-fit_863.pdb BC A 7.87345 25.6454 -14.325 -8.50829 -12.2691 -23.9461 -0.848761 38.4363 -24.2443 5.27774 8.10273 3.29863 0 0 0 0.342429 2.21081 0.0337389 0 0 0 0 0 2.384 303 53 1 1 0
./complex_md-fit_864.pdb BC A 6.64848 32.0256 -12.0755 -7.76506 -10.6694 -24.5524 -0.876348 39.2215 -25.1651 7.75327 7.62142 1.92588 0 0 0 0.430714 2.16757 0 0 0 0 0 0 2.384 303 51 2 2 0
./complex_md-fit_865.pdb BC A 7.68333 31.5043 -12.8947 -7.72355 -12.5176 -24.1012 -1.09072 38.9445 -24.1672 5.75228 8.33279 3.23784 0 0 0 0.425458 2.06923 0 0 0 0 0 0.0127898 2.384 303 52 0 0 0
./complex_md-fit_866.pdb BC A 7.73054 32.8714 -13.822 -6.61907 -12.241 -23.9008 -0.944784 38.6322 -24.0879 5.29044 7.84533 1.4931 0 0 0 0.710519 2.08513 5.55112e-17 0 0 0 0 0 2.384 303 51 1 1 0
./complex_md-fit_867.pdb BC A 8.02775 28.9816 -8.08029 -7.76107 -9.06367 -23.3806 -0.863472 38.2303 -23.8889 7.0452 9.08064 2.45929 0 0 0 0.0620094 2.42239 0 0 0 0 0 0 2.384 303 50 2 2 0
./complex_md-fit_868.pdb BC A 8.07398 35.8981 -9.29743 -6.68818 -10.21 -24.6517 -1.03981 40.1844 -25.2436 7.26246 8.40348 2.19625 0 0 0 0.489251 2.99346 -5.55112e-17 0 0 0 0 0 2.384 303 52 1 1 0
./complex_md-fit_869.pdb BC A 8.5135 24.0324 -9.92897 -7.18051 -9.50565 -24.292 -0.775881 39.342 -24.6228 5.16713 7.89061 3.83541 0 0 0 0.165556 2.27982 0.0404162 0 0 0 0 0.00677526 2.384 303 49 2 2 0
./complex_md-fit_86.pdb BC A 6.86476 29.5803 -8.54896 -4.19323 -12.4923 -23.4132 -0.498909 39.2056 -23.1132 6.79598 7.82413 1.03569 0 0 0 0.300621 2.56632 -2.77556e-17 0 0 0 0 0 2.384 303 50 1 1 0
./complex_md-fit_870.pdb BC A 7.57569 32.5369 -7.86954 -6.56871 -8.65418 -23.6157 -0.815891 38.2863 -24.2667 8.9815 7.28742 1.25375 0 0 0 0.235886 2.48002 -1.38778e-17 0 0 0 0 0.00682051 2.384 303 49 2 2 0
./complex_md-fit_871.pdb BC A 6.66885 29.4654 -14.0338 -6.90448 -11.5078 -23.6629 -0.814474 37.9307 -23.9345 4.39453 7.67946 2.63843 0 0 0 0.138925 2.04412 0 0 0 0 0 0.00842556 2.384 303 51 1 1 0
./complex_md-fit_872.pdb BC A 7.64078 34.5093 -14.7725 -7.87897 -11.5509 -23.6972 -0.928029 37.8597 -24.3126 4.99658 8.15641 2.36207 0 0 0 0.213963 2.19949 0 0 0 0 0 0.00661815 2.384 303 51 0 0 0
./complex_md-fit_873.pdb BC A 7.03008 33.2202 -2.63127 -6.86054 -8.09444 -24.4793 -0.924984 41.302 -24.5399 10.263 7.41532 2.92347 0 0 0 0.244728 2.37666 0.110729 0 0 0 0 0.00857932 2.384 303 50 2 2 0
./complex_md-fit_874.pdb BC A 8.467 28.5977 -6.29194 -6.91683 -10.0805 -24.3915 -0.948174 42.3212 -24.6828 7.51777 7.37555 2.59781 0 0 0 0.915506 2.46651 0 0 0 0 0 0 2.384 303 51 1 1 0
./complex_md-fit_875.pdb BC A 6.65167 27.1018 -13.6443 -7.96427 -11.0486 -24.4149 -0.897331 38.926 -25.071 6.52133 7.73617 2.26119 0 0 0 0.307179 2.26473 0 0 0 0 0 0 2.384 303 47 1 1 0
./complex_md-fit_876.pdb BC A 6.48436 38.7023 -11.1516 -7.69993 -9.51082 -23.5459 -0.988715 37.9194 -23.8067 5.49676 8.22429 2.33645 0 0 0 0.423557 2.24058 0 0 0 0 0 0 2.384 303 48 1 1 0
./complex_md-fit_877.pdb BC A 9.9549 28.0259 -6.85315 -5.55164 -7.35523 -24.1559 -0.714746 39.2814 -24.7285 6.28798 7.51617 2.13372 0 0 0 0.433598 2.37124 0 0 0 0 0 0 2.384 303 51 0 0 0
./complex_md-fit_878.pdb BC A 7.02356 28.7069 -10.7199 -6.20896 -10.2299 -23.7405 -0.866191 40.1084 -23.8408 4.79542 7.04873 2.08212 0 0 0 0.131757 1.92422 0 0 0 0 0 0 2.384 303 53 0 0 0
./complex_md-fit_879.pdb BC A 10.3708 31.9946 -7.38757 -5.16251 -6.62308 -23.5836 -0.719943 36.964 -24.5903 6.93468 6.5122 2.36279 0 0 0 0.512196 2.45659 0 0 0 0 0 0.00593821 2.384 303 49 2 2 0
./complex_md-fit_87.pdb BC A 7.04315 31.9941 -14.1121 -5.84818 -13.3409 -25.4591 -0.366476 41.8976 -26.1187 4.0499 8.25493 1.93782 0 0 0 0.880989 2.41407 0 0 0 0 0 0 2.384 303 54 0 0 0
./complex_md-fit_880.pdb BC A 8.22175 28.877 -8.07722 -5.12357 -7.43206 -23.5133 -0.998406 38.3809 -23.9963 5.08726 6.20913 2.85178 0 0 0 0.4574 2.58481 0 0 0 0 0 0 2.384 303 51 1 1 0
./complex_md-fit_881.pdb BC A 6.57583 28.9691 -10.5861 -9.23866 -11.2277 -24.2095 -1.13342 39.6389 -24.5123 7.73523 9.25949 2.67531 0 0 0 0.426446 2.49768 2.77556e-17 0 0 0 0 0 2.384 303 54 2 2 0
./complex_md-fit_882.pdb BC A 7.33826 28.9128 -7.7554 -7.12096 -9.81617 -22.9957 -1.01477 37.7168 -23.547 6.4095 9.23742 2.81564 0 0 0 0.559839 2.37787 0 0 0 0 0 0 2.384 303 52 1 1 0
./complex_md-fit_883.pdb BC A 6.55709 26.9621 1.85465 -4.39975 -8.50829 -23.7759 -1.08262 40.8586 -23.7459 10.5054 8.72767 3.14845 0 0 0 0.121811 2.38153 0 0 0 0 0 0.00520322 2.384 303 50 2 2 0
./complex_md-fit_884.pdb BC A 7.08998 29.5911 -6.81597 -5.99727 -8.94784 -23.8733 -1.1496 39.343 -24.4126 8.07845 7.79666 1.97864 0 0 0 0.367913 2.33723 -5.55112e-17 0 0 0 0 0 2.384 303 49 1 1 0
./complex_md-fit_885.pdb BC A 6.08892 23.811 -14.4126 -8.04491 -10.9593 -24.3461 -1.05536 39.9026 -24.7684 3.94169 9.06863 1.48975 0 0 0 0.358849 2.29253 0 0 0 0 0 0 2.384 303 53 0 0 0
./complex_md-fit_886.pdb BC A 7.91951 25.7557 -9.39986 -6.53067 -10.0401 -24.0352 -1.07948 39.4152 -24.3668 4.76556 8.64556 3.62556 0 0 0 0.194713 2.5572 0 0 0 0 0 0.0057511 2.384 303 51 0 0 0
./complex_md-fit_887.pdb BC A 7.92453 27.6943 -11.1543 -7.71086 -10.859 -24.4486 -1.15459 38.9683 -24.9697 6.78605 8.93981 2.73562 0 0 0 0.558759 2.55351 -1.11022e-16 0 0 0 0 0 2.384 303 48 0 0 0
./complex_md-fit_888.pdb BC A 8.70664 25.9737 -8.09645 -7.86073 -6.7045 -23.5124 -0.88569 36.7311 -24.6147 5.24848 9.51301 3.57189 0 0 0 0.38099 2.35014 0.0301912 0 0 0 0 0.00588184 2.384 303 49 1 1 0
./complex_md-fit_889.pdb BC A 5.83242 31.0203 -5.3404 -6.34375 -11.4144 -26.184 -1.12018 43.2547 -26.3692 10.7928 9.35466 2.26752 0 0 0 0.421497 2.43413 0 0 0 0 0 0 2.384 303 53 3 3 0
./complex_md-fit_88.pdb BC A 8.73802 24.7008 -5.37214 -4.17354 -13.3632 -24.3793 -0.367297 41.3104 -23.7949 10.6046 7.24051 1.0405 0 0 0 0.510163 2.59661 0 0 0 0 0 0 2.384 303 52 1 1 0
./complex_md-fit_890.pdb BC A 7.63806 25.8747 -7.26235 -7.72672 -9.92932 -24.552 -1.00622 40.4996 -25.0463 10.2737 8.67318 1.19763 0 0 0 0.322932 2.58136 0.0311821 0 0 0 0 0 2.384 303 51 2 2 0
./complex_md-fit_891.pdb BC A 8.2876 30.3139 -9.67772 -6.34732 -9.68541 -24.1634 -0.908511 40.3894 -24.298 5.0326 8.94363 1.04783 0 0 0 0.303486 2.15454 0 0 0 0 0 0.00791261 2.384 303 51 1 1 0
./complex_md-fit_892.pdb BC A 7.02312 27.0261 -9.06132 -8.39797 -9.3911 -24.3671 -0.929332 38.8147 -25.2187 8.49006 8.74859 2.78126 0 0 0 0.408278 2.07515 -1.11022e-16 0 0 0 0 0 2.384 303 51 2 2 0
./complex_md-fit_893.pdb BC A 7.15086 32.473 -15.0742 -7.38535 -12.9394 -25.3289 -1.05386 41.2448 -25.666 3.32329 8.42274 3.5035 0 0 0 0.787234 2.84087 0 0 0 0 0 0.0177981 2.384 303 54 0 0 0
./complex_md-fit_894.pdb BC A 6.25788 34.0928 -11.4838 -7.51451 -9.8038 -24.7359 -0.943494 40.3243 -25.3632 5.54037 8.88549 1.76751 0 0 0 0.318427 3.18901 0.0328109 0 0 0 0 0.00810937 2.384 303 49 1 1 0
./complex_md-fit_895.pdb BC A 11.0701 32.8865 -9.79014 -8.64334 -11.6705 -24.2177 -1.07987 39.6891 -24.9629 9.78134 8.73341 2.37532 0 0 0 0.163732 1.94625 0.0338663 0 0 0 0 0.00739971 2.384 303 51 4 4 0
./complex_md-fit_896.pdb BC A 6.33667 31.19 -2.39544 -6.20366 -8.35415 -23.7791 -0.889676 40.4604 -24.193 9.06967 8.80023 2.31653 0 0 0 0.377236 2.58862 2.77556e-17 0 0 0 0 0 2.384 303 50 1 1 0
./complex_md-fit_897.pdb BC A 7.66407 29.3629 -8.05424 -6.78634 -6.86762 -23.8584 -0.734086 38.1582 -24.6125 7.0732 7.10048 2.21742 0 0 0 0.2555 2.49088 0 0 0 0 0 0 2.384 303 47 1 1 0
./complex_md-fit_898.pdb BC A 9.87755 34.7925 -0.618957 -6.16188 -6.42417 -24.8429 -0.890363 41.2408 -25.3106 10.0242 8.58123 2.92583 0 0 0 0.209668 2.18866 0.0293606 0 0 0 0 0 2.384 303 48 4 4 0
./complex_md-fit_899.pdb BC A 7.80003 31.2837 -17.1732 -7.66214 -13.754 -23.8283 -0.999737 38.9004 -24.338 4.25787 7.92598 2.19947 0 0 0 0.125327 2.52992 0 0 0 0 0 0 2.384 303 49 0 0 0
./complex_md-fit_89.pdb BC A 8.38417 27.7674 -7.03172 -4.171 -12.5287 -23.8782 -0.220574 40.0431 -23.4369 8.77751 6.45089 1.59448 0 0 0 0.337735 2.61106 0 0 0 0 0 0 2.384 303 48 2 2 0
./complex_md-fit_8.pdb BC A 6.43846 31.073 -8.7143 -6.82914 -6.6834 -24.1747 -0.674144 39.2894 -25.3289 6.38638 6.63991 2.25106 0 0 0 0.402856 2.09732 0 0 0 0 0 0.00636081 2.384 303 49 1 1 0
./complex_md-fit_900.pdb BC A 8.29506 31.2359 -17.9793 -7.52012 -10.007 -23.3601 -0.92947 36.7681 -24.038 1.69875 7.25398 1.79386 0 0 0 0.360603 2.21426 0 0 0 0 0 0 2.384 303 45 0 0 0
./complex_md-fit_901.pdb BC A 7.69095 26.9435 -10.0985 -6.14225 -8.80963 -24.1943 -0.807544 39.0108 -24.8234 4.67802 7.92023 2.7187 0 0 0 0.311952 3.52296 0.0305208 0 0 0 0 0.00841312 2.384 303 47 0 0 0
./complex_md-fit_902.pdb BC A 10.0985 34.4756 -6.0046 -7.51541 -11.8287 -24.1421 -1.11839 40.4239 -24.7229 10.7687 8.83435 3.12817 0 0 0 0.141583 1.94792 0.0261883 0 0 0 0 0 2.384 303 50 4 4 0
./complex_md-fit_903.pdb BC A 12.5019 37.6383 -9.92008 -7.04244 -7.94107 -24.5443 -1.00029 40.184 -25.0549 4.60112 8.38269 2.2578 0 0 0 0.194024 2.20127 0.0354419 0 0 0 0 0.00783755 2.384 303 49 1 1 0
./complex_md-fit_904.pdb BC A 6.69396 31.9225 -0.30926 -5.6568 -4.51057 -24.1756 -1.02916 41.4497 -25.2741 9.0717 7.24823 1.96371 0 0 0 0.595881 2.20741 0 0 0 0 0 0.00783522 2.384 303 50 3 3 0
./complex_md-fit_905.pdb BC A 6.32539 27.6466 -8.35542 -5.35672 -11.329 -23.4988 -1.00202 39.1365 -24.1264 7.22768 7.37862 2.40096 0 0 0 0.813905 2.26201 0 0 0 0 0 0 2.384 303 51 1 1 0
./complex_md-fit_906.pdb BC A 7.2558 26.74 -7.72536 -7.14804 -8.28536 -24.2546 -1.1601 41.3605 -24.3427 4.7147 8.63119 2.0925 0 0 0 0.65904 2.69631 0 0 0 0 0 0.00747322 2.384 303 53 0 0 0
./complex_md-fit_907.pdb BC A 6.83061 33.4391 -8.12564 -7.88185 -10.9042 -23.8141 -1.06569 40.2655 -24.0625 8.00505 8.24016 2.38243 0 0 0 0.709554 2.82925 0 0 0 0 0 0 2.384 303 50 2 2 0
./complex_md-fit_908.pdb BC A 9.31927 35.3684 -10.2052 -7.3636 -9.53152 -23.3584 -1.23095 38.4384 -23.159 4.70304 7.65627 3.0379 0 0 0 0.596266 2.46419 0 0 0 0 0 0.00637351 2.384 303 48 0 0 0
./complex_md-fit_909.pdb BC A 7.36402 28.7273 3.37166 -4.3341 -6.16261 -24.2429 -0.949628 41.7269 -24.7455 12.0046 7.1089 2.17121 0 0 0 0.787805 2.24451 0 0 0 0 0 0.00702232 2.384 303 50 3 3 0
./complex_md-fit_90.pdb BC A 8.82561 27.6494 -7.13009 -7.80267 -13.8269 -27.8154 -0.424387 48.568 -27.6805 9.79269 8.93634 2.67237 0 0 0 0.45039 2.89674 0 0 0 0 0 0 2.384 303 57 1 1 0
./complex_md-fit_910.pdb BC A 6.10496 29.0311 -4.61387 -5.9996 -9.44047 -24.6699 -1.19745 42.4384 -24.5466 7.34705 8.74907 2.48877 0 0 0 0.212168 2.42261 0 0 0 0 0 0.00458971 2.384 303 52 1 1 0
./complex_md-fit_911.pdb BC A 11.2027 34.7421 -8.43839 -7.01518 -9.70043 -23.9287 -1.12377 40.3297 -24.0945 4.78476 8.93292 2.78402 0 0 0 0.56213 2.07265 0.0306673 0 0 0 0 0 2.384 303 50 1 1 0
./complex_md-fit_912.pdb BC A 6.42307 32.7566 -15.1712 -8.46087 -10.9096 -24.3962 -1.15943 39.6388 -24.5161 3.99699 7.76152 2.52452 0 0 0 0.34921 2.61611 0 0 0 0 0 0 2.384 303 53 0 0 0
./complex_md-fit_913.pdb BC A 9.01165 28.454 -10.6237 -7.20468 -8.40623 -23.9302 -0.924735 39.6666 -24.1568 3.4887 7.88516 2.54111 0 0 0 0.417434 2.75187 0 0 0 0 0 0 2.384 303 54 1 1 0
./complex_md-fit_914.pdb BC A 9.14595 32.0443 -10.0302 -6.60358 -8.13901 -23.4045 -0.688785 38.333 -24.1305 4.36179 6.90253 2.62493 0 0 0 0.713904 2.58278 0 0 0 0 0 0 2.384 303 53 1 1 0
./complex_md-fit_915.pdb BC A 7.65622 34.8855 -8.77026 -6.78382 -8.57028 -23.4633 -0.849518 38.9755 -23.8295 4.51168 8.32981 2.47709 0 0 0 0.391352 2.14619 0.0332466 0 0 0 0 0.00754328 2.384 303 51 0 0 0
./complex_md-fit_916.pdb BC A 6.69874 31.7484 -3.64464 -6.72841 -4.81768 -23.6943 -0.793409 40.3799 -23.9464 5.48487 7.83135 2.51641 0 0 0 0.115351 2.28948 0 0 0 0 0 0.00772323 2.384 303 50 1 1 0
./complex_md-fit_917.pdb BC A 8.09805 32.5499 -1.01274 -5.94542 -6.35504 -23.4733 -0.933833 40.1003 -23.0458 7.48101 7.89095 3.16411 0 0 0 0.104281 2.37695 0 0 0 0 0 0 2.384 303 50 3 3 0
./complex_md-fit_918.pdb BC A 7.89229 24.1703 -10.2521 -7.06341 -9.2808 -23.9011 -0.84145 40.3227 -24.263 5.97769 6.07653 2.01535 0 0 0 0.699439 2.22795 0 0 0 0 0 0.00599515 2.384 303 52 1 1 0
./complex_md-fit_919.pdb BC A 7.65042 26.9677 -7.19246 -6.98142 -8.72763 -23.7003 -0.764273 39.3756 -23.7464 6.43829 8.1261 2.62227 0 0 0 0.123261 1.91454 0.0341772 0 0 0 0 0.00777828 2.384 303 46 1 1 0
./complex_md-fit_91.pdb BC A 8.21177 25.5864 -9.97929 -5.29095 -14.1316 -24.8501 -0.300945 41.1975 -24.3067 8.57739 8.00658 0.927831 0 0 0 0.183027 2.42471 0.00870028 0 0 0 0 0 2.384 303 55 2 2 0
./complex_md-fit_920.pdb BC A 8.27 31.1059 -6.21663 -7.70139 -7.92803 -24.4378 -0.874182 40.4504 -25.212 7.81884 7.66891 3.1973 0 0 0 0.7954 2.41396 0 0 0 0 0 0.00598554 2.384 303 52 3 3 0
./complex_md-fit_921.pdb BC A 6.57576 29.6024 -4.53214 -5.78057 -8.74768 -23.8498 -0.7582 40.4932 -23.8317 8.42515 7.36609 1.84761 0 0 0 0.303675 3.38411 -1.11022e-16 0 0 0 0 0 2.384 303 51 2 2 0
./complex_md-fit_922.pdb BC A 8.33159 29.1405 -9.16144 -8.73229 -9.43454 -24.7983 -0.837486 40.5354 -25.2658 7.79876 8.22153 2.90039 0 0 0 0.44389 2.72638 0 0 0 0 0 0.00704394 2.384 303 51 3 3 0
./complex_md-fit_923.pdb BC A 8.04172 31.2851 -8.47812 -6.85045 -8.5115 -23.7313 -0.764903 39.3985 -23.5134 5.4058 7.05781 2.72994 0 0 0 0.301468 2.31309 0 0 0 0 0 0 2.384 303 48 0 0 0
./complex_md-fit_924.pdb BC A 5.91298 36.9162 -10.5756 -5.52266 -11.0995 -23.7896 -0.840558 39.5465 -24.0149 5.48404 6.89968 2.28273 0 0 0 0.478768 2.37353 0 0 0 0 0 0 2.384 303 49 0 0 0
./complex_md-fit_925.pdb BC A 10.0763 32.0714 -3.01892 -6.21075 -8.76842 -24.5464 -0.755434 41.5869 -24.3656 8.61937 8.68447 2.29815 0 0 0 0.438788 2.42904 0 0 0 0 0 0 2.384 303 48 2 2 0
./complex_md-fit_926.pdb BC A 7.388 29.5086 -3.83722 -6.35871 -7.7815 -26.1187 -0.785825 45.3429 -26.5568 6.95122 8.43096 2.43633 0 0 0 0.46527 2.96208 0.13114 0 0 0 0 0.00650054 2.384 303 52 1 1 0
./complex_md-fit_927.pdb BC A 8.12725 31.7821 5.7652 -5.88896 -4.91646 -25.0423 -0.848114 44.7634 -24.9456 12.4951 6.87797 3.09417 0 0 0 0.135698 2.61179 0.0402146 0 0 0 0 0 2.384 303 52 5 5 0
./complex_md-fit_928.pdb BC A 8.99097 27.9269 -3.46376 -8.63674 -7.91518 -24.7584 -0.901384 42.743 -24.7162 8.19961 9.32168 2.46244 0 0 0 0.728683 2.70019 0 0 0 0 0 0.00865759 2.384 303 52 1 1 0
./complex_md-fit_929.pdb BC A 9.56097 29.9196 -8.75939 -8.01188 -9.77255 -25.3183 -0.804116 42.7931 -25.6842 5 9.78312 3.14609 0 0 0 0.062414 2.71567 0.0397696 0 0 0 0 0.00711255 2.384 303 53 0 0 0
./complex_md-fit_92.pdb BC A 7.81917 31.6531 -9.53551 -4.74941 -10.9361 -24.747 -0.322585 42.1809 -24.0481 4.86577 6.44035 1.13875 0 0 0 0.641938 2.82991 0 0 0 0 0 0 2.384 303 55 0 0 0
./complex_md-fit_930.pdb BC A 6.71356 29.9526 -2.96279 -5.29305 -5.75376 -25.5383 -0.838021 44.6419 -26.2109 6.75329 6.66806 2.1642 0 0 0 0.436308 2.20884 0 0 0 0 0 0.00742755 2.384 303 51 1 1 0
./complex_md-fit_931.pdb BC A 10.4143 29.6137 -1.53038 -7.17303 -6.10281 -24.4741 -0.725276 42.4945 -24.9172 8.57534 7.43278 2.84532 0 0 0 0.514021 2.66465 0 0 0 0 0 0 2.384 303 49 3 3 0
./complex_md-fit_932.pdb BC A 10.6351 34.2672 -1.74709 -5.6284 -8.73455 -24.3033 -0.707087 42.434 -24.3701 6.2125 8.42872 4.54375 0 0 0 0.363856 2.39412 0 0 0 0 0 0.0135019 2.384 303 50 3 3 0
./complex_md-fit_933.pdb BC A 7.90754 31.4025 1.32284 -5.25873 -8.159 -26.2515 -0.789531 45.6894 -26.0934 8.45604 8.96135 4.47395 0 0 0 0.263938 3.07481 0.0303022 0 0 0 0 0 2.384 303 52 2 2 0
./complex_md-fit_934.pdb BC A 9.30858 34.645 -2.60905 -5.99206 -7.69867 -24.1254 -0.709107 43.2465 -24.0044 5.21181 8.50556 2.60848 0 0 0 0.348281 3.35015 0 0 0 0 0 0 2.384 303 53 0 0 0
./complex_md-fit_935.pdb BC A 11.3697 33.4436 -7.06187 -6.41181 -7.7837 -23.6536 -0.827548 41.086 -23.3923 4.36344 7.45059 1.36232 0 0 0 0.744792 3.49655 0 0 0 0 0 0 2.384 303 51 0 0 0
./complex_md-fit_936.pdb BC A 9.38982 26.1139 0.0619164 -5.23173 -5.66785 -24.3786 -0.865526 43.423 -24.5146 6.39832 7.62468 2.90397 0 0 0 0.370204 2.27134 1.11022e-16 0 0 0 0 0 2.384 303 51 2 2 0
./complex_md-fit_937.pdb BC A 9.2827 25.1264 -4.75238 -6.08683 -8.84385 -26.1334 -0.883919 44.4483 -26.1352 6.41523 9.11402 3.17245 0 0 0 0.180832 2.48535 0 0 0 0 0 0 2.384 303 51 2 2 0
./complex_md-fit_938.pdb BC A 8.59177 36.9163 -2.5156 -5.10251 -9.39017 -25.6801 -0.89901 44.0169 -25.855 7.60086 9.06686 3.57365 0 0 0 0.146692 2.54469 0 0 0 0 0 0.00628014 2.384 303 53 3 3 0
./complex_md-fit_939.pdb BC A 5.96923 31.7219 -5.88567 -7.0826 -9.14967 -23.6156 -0.882979 41.6634 -23.3863 6.16164 7.8537 2.15993 0 0 0 0.385935 3.06553 0 0 0 0 0 0.00687878 2.384 303 55 1 1 0
./complex_md-fit_93.pdb BC A 6.59071 37.2358 -10.0731 -5.06744 -13.0945 -24.7202 -0.412548 41.2023 -24.1126 5.28454 8.82141 1.63776 0 0 0 0.388069 2.7369 1.11022e-16 0 0 0 0 0 2.384 303 54 0 0 0
./complex_md-fit_940.pdb BC A 8.7112 30.3412 -2.05792 -6.40235 -4.94363 -24.3606 -0.680237 43.4432 -24.4739 5.83552 6.7596 2.29027 0 0 0 0.490277 2.32443 -0.0285064 0 0 0 0 0.0124169 2.384 303 49 1 1 0
./complex_md-fit_941.pdb BC A 11.2093 33.9171 -2.84798 -4.96742 -7.43025 -23.3419 -0.80067 39.6603 -23.5509 7.00998 8.1061 2.25856 0 0 0 0.201384 2.57297 0 0 0 0 0 0.00676307 2.384 303 50 3 3 0
./complex_md-fit_942.pdb BC A 8.95309 36.9094 -3.65839 -5.57925 -5.79331 -22.6031 -0.796788 38.6415 -23.0115 6.05008 6.92766 2.08026 0 0 0 0.430517 2.16798 -0.00930816 0 0 0 0 0.00479889 2.384 303 46 2 2 0
./complex_md-fit_943.pdb BC A 8.22239 27.8883 1.95863 -5.73319 -3.13255 -23.2275 -0.763446 40.6088 -23.3587 8.82169 6.53306 1.89131 0 0 0 0.334064 2.52315 -0.0148604 0 0 0 0 0 2.384 303 50 4 4 0
./complex_md-fit_944.pdb BC A 8.28109 29.7547 -0.770487 -5.14006 -9.1531 -26.2647 -0.926474 46.2 -26.3371 9.17531 7.8498 3.64618 0 0 0 0.179717 3.87143 1.11022e-16 0 0 0 0 0 2.384 303 54 2 2 0
./complex_md-fit_945.pdb BC A 8.27264 28.2189 -0.212279 -7.15595 -7.63841 -24.9982 -0.598913 44.4686 -25.0771 9.25767 8.32468 2.90132 0 0 0 0.296474 2.0105 0 0 0 0 0 0.00765816 2.384 303 54 3 3 0
./complex_md-fit_946.pdb BC A 8.69391 28.2685 -8.48297 -6.47984 -9.50004 -24.9982 -0.723217 42.3969 -25.3956 5.40806 7.851 2.50842 0 0 0 0.449583 2.4941 0 0 0 0 0 0 2.384 303 52 1 1 0
./complex_md-fit_947.pdb BC A 8.55681 34.7948 -0.587516 -6.41606 -6.94131 -25.4421 -0.793555 45.2447 -24.8488 6.86906 7.70175 3.14902 0 0 0 0.885184 2.28087 0 0 0 0 0 0.00460204 2.384 303 54 2 2 0
./complex_md-fit_948.pdb BC A 6.67505 29.9579 -2.43488 -5.46648 -8.71117 -24.8904 -0.842042 44.6024 -24.5571 6.7248 7.99112 2.40694 0 0 0 0.307103 2.62621 0 0 0 0 0 0 2.384 303 52 3 3 0
./complex_md-fit_949.pdb BC A 9.31082 32.9611 3.10269 -5.4916 -6.87691 -25.0252 -0.698784 44.7592 -24.8303 11.372 7.10227 2.46522 0 0 0 0.318645 2.50973 1.11022e-16 0 0 0 0 0.00817865 2.384 303 53 4 4 0
./complex_md-fit_94.pdb BC A 9.29484 29.6671 -8.61284 -4.14948 -10.7504 -23.3578 -0.399518 38.9283 -23.0001 5.79953 6.74712 1.06988 0 0 0 0.499633 2.50477 0 0 0 0 0 0 2.384 303 54 0 0 0
./complex_md-fit_950.pdb BC A 7.52685 31.0694 0.760121 -5.57036 -7.00203 -24.6431 -0.748699 44.617 -23.9741 8.87537 7.19683 1.86274 0 0 0 0.146533 2.75552 0 0 0 0 0 2.22045e-16 2.384 303 52 3 3 0
./complex_md-fit_951.pdb BC A 8.56986 33.0436 -0.30581 -6.11821 -6.30535 -24.4813 -0.715614 43.3322 -24.4325 9.34905 6.27735 2.56398 0 0 0 0.216888 2.37 0 0 0 0 0 0.00768546 2.384 303 53 4 4 0
./complex_md-fit_952.pdb BC A 9.99462 26.5338 0.753571 -4.97073 -7.63477 -26.1928 -0.768657 46.812 -25.85 7.4052 7.80662 3.42771 0 0 0 0.71172 2.39685 0 0 0 0 0 0.00733685 2.384 303 55 3 3 0
./complex_md-fit_953.pdb BC A 7.9502 33.064 2.19229 -6.90171 -8.64532 -26.1127 -0.833457 48.4687 -25.7622 11.5377 7.88 2.26019 0 0 0 0.288719 2.67565 -1.38778e-17 0 0 0 0 0.0123634 2.384 303 54 3 3 0
./complex_md-fit_954.pdb BC A 8.90871 34.6644 -7.37066 -8.6259 -9.99644 -25.983 -0.62087 44.5443 -25.5041 8.87024 7.44193 1.89656 0 0 0 0.599797 2.72202 0 0 0 0 0 0.00678841 2.384 303 56 3 3 0
./complex_md-fit_955.pdb BC A 8.69436 36.5886 0.866383 -7.23056 -6.56008 -24.7005 -0.815043 44.216 -24.607 10.2938 7.77485 2.05788 0 0 0 0.436892 2.31492 -5.55112e-17 0 0 0 0 0 2.384 303 54 3 3 0
./complex_md-fit_956.pdb BC A 9.31758 37.5632 -0.272354 -7.5959 -8.59986 -24.9143 -0.656072 44.7601 -24.7755 10.5934 8.44402 2.02259 0 0 0 0.442725 3.08085 0 0 0 0 0 0.00633759 2.384 303 54 3 3 0
./complex_md-fit_957.pdb BC A 6.30526 31.8319 -4.69444 -6.87872 -9.22885 -25.1613 -0.772467 43.8117 -25.027 7.14796 7.79156 3.17354 0 0 0 0.443354 2.47468 0 0 0 0 0 0.00579198 2.384 303 51 3 3 0
./complex_md-fit_958.pdb BC A 11.2478 31.1537 -0.736599 -6.11224 -7.19579 -25.356 -0.750439 45.3604 -24.6855 7.84841 7.19185 2.72083 0 0 0 0.241901 2.47716 0 0 0 0 0 0 2.384 303 50 1 1 0
./complex_md-fit_959.pdb BC A 11.2438 21.4248 -0.4416 -6.64253 -5.66118 -25.0991 -0.844288 44.9104 -25.0753 7.52576 7.54308 2.73036 0 0 0 0.171182 2.44908 0 0 0 0 0 -2.22045e-16 2.384 303 52 4 4 0
./complex_md-fit_95.pdb BC A 7.8836 25.0394 -9.92562 -4.6275 -11.7458 -22.7554 -0.438751 38.0622 -22.3553 4.77985 7.64782 1.16401 0 0 0 0.343327 2.39438 1.11022e-16 0 0 0 0 0 2.384 303 53 0 0 0
./complex_md-fit_960.pdb BC A 7.30038 34.3059 -7.89388 -5.82191 -9.27756 -24.5813 -1.05903 43.0684 -23.8933 3.19034 7.22309 2.86173 0 0 0 0.395633 3.12935 0 0 0 0 0 0 2.384 303 54 0 0 0
./complex_md-fit_961.pdb BC A 7.04529 27.5833 -9.61705 -7.00691 -10.7767 -23.6434 -0.98786 41.7973 -22.6338 2.20488 7.76173 3.34389 0 0 0 0.323794 2.70223 -2.77556e-17 0 0 0 0 0 2.384 303 53 0 0 0
./complex_md-fit_962.pdb BC A 9.2276 31.0791 -4.9148 -5.67793 -7.1228 -24.4385 -0.616571 43.4043 -23.7885 2.08593 7.19397 3.60649 0 0 0 0.438822 2.61217 1.11022e-16 0 0 0 0 0 2.384 303 53 0 0 0
./complex_md-fit_963.pdb BC A 7.49891 27.9119 -1.84429 -6.17033 -9.72012 -25.9813 -0.72406 48.0518 -25.7312 5.57332 9.09438 3.52562 0 0 0 0.218405 2.63086 0.0191956 0 0 0 0 0 2.384 303 55 1 1 0
./complex_md-fit_964.pdb BC A 7.7568 30.5342 0.378908 -5.99581 -10.7994 -26.9178 -0.599407 50.1346 -26.4088 7.17813 9.3677 3.55358 0 0 0 0.859568 2.72672 0 0 0 0 0 0.00656263 2.384 303 54 1 1 0
./complex_md-fit_965.pdb BC A 8.15972 38.4463 -8.19275 -6.20533 -11.897 -25.9883 -0.700551 46.2243 -25.9353 4.29363 9.28203 2.30752 0 0 0 0.419766 2.2683 0 0 0 0 0 0.00651914 2.384 303 54 1 1 0
./complex_md-fit_966.pdb BC A 8.16252 32.7607 4.59343 -5.54459 -7.50064 -25.1214 -0.223579 49.0371 -24.5833 6.6075 8.06488 3.63734 0 0 0 0.220104 2.63987 1.11022e-16 0 0 0 0 0 2.384 303 51 1 1 0
./complex_md-fit_967.pdb BC A 8.21565 30.1925 -2.79003 -5.23927 -11.0787 -25.5652 -0.286667 47.2352 -24.8675 5.74627 7.87932 2.77919 0 0 0 0.600633 2.9255 0 0 0 0 0 0.00674224 2.384 303 53 3 3 0
./complex_md-fit_968.pdb BC A 7.94002 31.5178 -1.91454 -3.80076 -11.1809 -23.5218 -0.325692 41.7053 -22.4889 6.68947 7.79297 2.76993 0 0 0 0.447184 2.05544 -0.00909997 0 0 0 0 0.00777155 2.384 303 53 2 2 0
./complex_md-fit_969.pdb BC A 5.94887 29.463 -0.826401 -4.60095 -8.11956 -25.9213 -0.60884 45.8599 -25.1107 5.59286 8.24704 3.38145 0 0 0 0.453724 2.66417 0 0 0 0 0 0 2.384 303 53 2 2 0
./complex_md-fit_96.pdb BC A 9.52779 31.6645 -13.9317 -4.61852 -12.769 -24.398 -0.219033 39.9679 -23.8868 3.90999 6.41039 1.10088 0 0 0 0.570588 3.49319 0 0 0 0 0 0 2.384 303 52 0 0 0
./complex_md-fit_970.pdb BC A 8.95919 26.2103 -4.78061 -6.09979 -10.6469 -24.2983 -0.600804 43.1611 -23.203 5.56532 8.85165 2.34284 0 0 0 0.147282 2.2054 0 0 0 0 0 0 2.384 303 46 1 1 0
./complex_md-fit_971.pdb BC A 6.16118 31.3958 -3.77847 -5.63678 -7.10947 -25.8133 -0.685297 46.6552 -25.3612 4.05201 7.2362 2.81525 0 0 0 0.0636912 2.69939 0 0 0 0 0 0.00522358 2.384 303 52 0 0 0
./complex_md-fit_972.pdb BC A 6.68938 29.2115 -0.805306 -6.5653 -9.95741 -24.5966 -0.490062 45.3205 -24.1299 6.04401 9.13 3.9111 0 0 0 0.52832 2.74343 5.55112e-17 0 0 0 0 0 2.384 303 51 0 0 0
./complex_md-fit_973.pdb BC A 6.99606 25.8243 -7.49747 -5.53337 -9.65206 -25.7301 -0.548373 46.0262 -25.2786 1.86183 7.96533 2.34221 0 0 0 1.0428 2.81925 -5.55112e-17 0 0 0 0 0.00665149 2.384 303 54 0 0 0
./complex_md-fit_974.pdb BC A 10.556 28.9936 4.44404 -6.04811 -7.2238 -25.259 -0.599805 47.0885 -24.7764 8.04249 9.2346 3.7666 0 0 0 0.219025 2.54012 0 0 0 0 0 0 2.384 303 51 3 3 0
./complex_md-fit_975.pdb BC A 8.85991 21.2618 -1.28374 -6.26267 -9.67776 -24.6659 -0.377467 45.832 -23.6333 7.18369 7.77786 2.38248 0 0 0 0.15742 2.4181 -1.11022e-16 0 0 0 0 -2.22045e-16 2.384 303 52 1 1 0
./complex_md-fit_976.pdb BC A 10.1288 26.9889 -6.80236 -6.57441 -9.52561 -24.9566 -0.613175 43.4574 -24.2961 3.77062 8.62203 3.15405 0 0 0 0.159502 2.7575 0 0 0 0 0 0 2.384 303 49 0 0 0
./complex_md-fit_977.pdb BC A 7.35368 33.9056 -4.97523 -6.15781 -9.77625 -25.4707 -0.649092 46.2569 -24.692 4.71327 7.32763 2.70936 0 0 0 0.745415 2.63647 0 0 0 0 0 0.0181198 2.384 303 54 1 1 0
./complex_md-fit_978.pdb BC A 8.38549 29.9333 -3.29984 -6.17074 -9.46222 -25.0208 -0.592226 45.7966 -23.9309 4.0225 7.79218 3.36641 0 0 0 0.892535 2.44634 0 0 0 0 0 0.00678777 2.384 303 49 0 0 0
./complex_md-fit_979.pdb BC A 6.91228 26.9195 -2.61846 -5.78298 -8.20987 -24.7436 -0.84385 43.9734 -24.0209 5.31201 8.28162 3.14488 0 0 0 0.270801 2.41324 -5.55112e-17 0 0 0 0 0 2.384 303 50 0 0 0
./complex_md-fit_97.pdb BC A 7.02057 28.9544 -9.1819 -4.13799 -11.7625 -23.402 -0.251631 38.0621 -23.1445 7.06898 5.90403 2.28445 0 0 0 0.19711 2.58922 2.77556e-17 0 0 0 0 0 2.384 303 54 0 0 0
./complex_md-fit_980.pdb BC A 8.06708 36.7967 1.42189 -4.39604 -8.21431 -24.8999 -0.783806 46.1706 -24.6933 5.56998 8.46538 3.01885 0 0 0 1.19457 2.81519 -0.010116 0 0 0 0 0 2.384 303 51 0 0 0
./complex_md-fit_981.pdb BC A 7.71693 24.5242 -1.41183 -6.88992 -6.97785 -24.6071 -0.435922 43.2277 -24.2773 6.26907 7.96512 4.14114 0 0 0 0.166255 2.45295 0 0 0 0 0 0.00696685 2.384 303 50 1 1 0
./complex_md-fit_982.pdb BC A 5.90493 27.4351 0.815922 -2.63741 -7.74916 -24.9107 -0.60756 45.2843 -24.5076 4.71334 7.94814 2.96843 0 0 0 0.308183 3.693 0 0 0 0 0 0.00607231 2.384 303 51 0 0 0
./complex_md-fit_983.pdb BC A 8.19961 33.0285 -3.05849 -3.68987 -8.46934 -22.9779 -0.750989 42.3745 -21.9476 2.72307 7.666 1.60641 0 0 0 0.407222 2.48251 5.55112e-17 0 0 0 0 0 2.384 303 49 0 0 0
./complex_md-fit_984.pdb BC A 8.04681 36.9706 -5.30481 -5.93648 -8.41538 -26.0305 -0.780808 46.6907 -25.5931 4.39333 7.88979 1.84544 0 0 0 0.627279 2.52232 -5.55112e-17 0 0 0 0 0.00498317 2.384 303 55 0 0 0
./complex_md-fit_985.pdb BC A 9.76072 31.8736 0.571281 -6.81475 -8.05171 -26.6879 -0.570834 47.619 -26.105 7.77974 9.29649 3.73159 0 0 0 0.374621 2.58951 0 0 0 0 0 0 2.384 303 53 0 0 0
./complex_md-fit_986.pdb BC A 9.07916 25.7228 -7.47243 -6.03015 -9.30311 -25.6225 -0.642535 45.2821 -25.4611 3.64438 7.73457 2.54592 0 0 0 0.372116 2.68146 0.00787728 0 0 0 0 0 2.384 303 52 1 1 0
./complex_md-fit_987.pdb BC A 6.60431 27.3162 3.82709 -4.2866 -5.94381 -26.051 -0.726161 47.7865 -26.0242 7.79631 8.84365 2.12757 0 0 0 0.304784 2.93441 0 0 0 0 0 0 2.384 303 52 1 1 0
./complex_md-fit_988.pdb BC A 6.61514 33.1321 -7.57256 -6.13548 -10.516 -26.7233 -0.760817 46.585 -26.7509 4.91578 8.33037 3.16789 0 0 0 0.314842 3.02142 -5.55112e-17 0 0 0 0 0 2.384 303 53 1 1 0
./complex_md-fit_989.pdb BC A 8.97126 31.6401 -4.65856 -5.57865 -9.37166 -25.7034 -0.849571 48.105 -25.4387 4.11235 6.98107 2.49992 0 0 0 0.58503 2.96801 0 0 0 0 0 0 2.384 303 55 0 0 0
./complex_md-fit_98.pdb BC A 9.86426 32.4332 -12.9816 -5.32512 -14.7712 -24.2365 -0.591782 40.6339 -23.986 5.35 7.10377 2.1937 0 0 0 0.647603 2.28715 5.55112e-17 0 0 0 0 0 2.384 303 53 0 0 0
./complex_md-fit_990.pdb BC A 9.62428 30.3983 -2.4159 -4.38794 -9.65214 -25.1122 -0.734957 45.2713 -24.3847 5.88946 7.82181 2.75117 0 0 0 0.122357 2.56868 0 0 0 0 0 0 2.384 303 50 1 1 0
./complex_md-fit_991.pdb BC A 6.69396 27.6603 -0.322626 -2.60391 -9.61154 -24.793 -0.657363 44.6765 -24.5558 5.67903 7.83711 3.61267 0 0 0 0.0937417 2.36579 0 0 0 0 0 0 2.384 303 51 0 0 0
./complex_md-fit_992.pdb BC A 9.53251 24.7776 -6.41386 -6.57006 -10.4 -25.6209 -0.799504 46.7447 -25.0538 3.61015 8.24286 3.24744 0 0 0 0.197426 2.83892 -0.012316 0 0 0 0 0 2.384 303 50 0 0 0
./complex_md-fit_993.pdb BC A 9.13465 34.6682 -3.89512 -4.77656 -9.36138 -26.8137 -0.68781 48.6021 -27.1876 4.55647 8.77902 2.75946 0 0 0 0.234986 2.80015 0 0 0 0 0 0 2.384 303 55 0 0 0
./complex_md-fit_994.pdb BC A 7.30121 23.4528 -5.88547 -5.11364 -9.89565 -26.5095 -0.843334 46.3114 -26.7799 5.98583 8.36288 2.35138 0 0 0 0.239269 2.65107 0 0 0 0 0 0.0058345 2.384 303 52 1 1 0
./complex_md-fit_995.pdb BC A 7.00712 30.553 -9.82836 -7.22465 -10.7092 -25.9359 -0.723983 45.4984 -26.2615 4.09136 8.51347 2.70273 0 0 0 0.220843 2.72513 0 0 0 0 0 0 2.384 303 52 1 1 0
./complex_md-fit_996.pdb BC A 10.0851 31.5159 -7.70688 -5.3852 -11.547 -25.4854 -0.951785 45.0188 -24.9533 4.36797 7.81399 3.12253 0 0 0 0.29253 3.13723 0 0 0 0 0 0 2.384 303 51 1 1 0
./complex_md-fit_997.pdb BC A 6.08168 27.6068 -5.17369 -6.34843 -11.2756 -26.1416 -0.779608 48.5377 -25.7759 4.9841 7.80431 3.6055 0 0 0 0.215814 2.87653 0 0 0 0 0 0 2.384 303 56 1 1 0
./complex_md-fit_998.pdb BC A 7.54634 29.3467 -4.78803 -7.24562 -7.26161 -25.5433 -0.466063 43.746 -25.5025 4.08276 8.71623 4.37128 0 0 0 0.314684 2.57165 0 0 0 0 0 0 2.384 303 51 1 1 0
./complex_md-fit_999.pdb BC A 7.46118 29.9141 -0.745982 -6.22728 -8.06 -25.3241 -0.683816 45.7679 -24.6745 6.13313 8.4045 3.55269 0 0 0 0.365541 2.59233 0 0 0 0 0 0 2.384 303 53 1 1 0
./complex_md-fit_99.pdb BC A 10.5305 28.2512 -7.23469 -3.51754 -10.47 -23.054 -0.224951 38.6617 -23.0221 5.62401 6.71385 1.87345 0 0 0 0.180884 2.32396 5.55112e-17 0 0 0 0 0 2.384 303 50 1 1 0
./complex_md-fit_9.pdb BC A 9.0824 23.7757 -9.96969 -8.16631 -7.86922 -24.6987 -0.606349 40.1908 -25.9249 4.4046 8.39423 4.06578 0 0 0 0.233249 2.2657 0 0 0 0 0 0.00718335 2.384 303 49 0 0 0
