./complex_md-fit_1000.pdb BC A 6.91024 30.4214 2.27291 -5.80463 -4.71418 -23.9496 -0.604132 41.7436 -23.3762 8.54859 7.3902 2.8657 0 0 0 0.14518 2.88492 0.0283861 0 0 0 0 0 2.384 303 51 2 2 0
./complex_md-fit_1001.pdb BC A 6.5135 23.2806 -4.854 -6.51894 -6.84647 -24.054 -0.495746 40.8962 -23.7728 4.98856 6.53954 4.21501 0 0 0 0.170948 2.73394 0.0191563 0 0 0 0 0.0045818 2.384 303 48 0 0 0
./complex_md-fit_100.pdb BC A 7.58215 26.1153 -8.90866 -6.18745 -10.3742 -22.626 -0.848889 38.891 -22.0877 3.68999 8.22589 2.12452 0 0 0 0.284132 2.53934 5.55112e-17 0 0 0 0 0 2.384 303 50 0 0 0
./complex_md-fit_101.pdb BC A 8.38091 33.3681 -5.84654 -6.27579 -8.92623 -23.1988 -0.862416 39.6281 -22.923 5.94141 7.73404 2.77157 0 0 0 0.257788 2.44905 -3.46945e-18 0 0 0 0 0.00673149 2.384 303 52 1 1 0
./complex_md-fit_102.pdb BC A 7.59708 32.5464 -7.91116 -8.26427 -7.61235 -24.5147 -0.577264 40.4851 -24.5927 6.78977 7.09305 2.996 0 0 0 0.286129 2.70828 0 0 0 0 0 2.22045e-16 2.384 303 49 1 1 0
./complex_md-fit_103.pdb BC A 6.12899 31.0414 -5.73147 -5.25468 -8.19783 -22.7116 -0.785589 40.0527 -22.302 4.69533 6.61299 2.04343 0 0 0 0.115755 2.61699 0 0 0 0 0 0 2.384 303 51 0 0 0
./complex_md-fit_104.pdb BC A 7.06804 24.5836 1.75701 -3.18236 -6.31953 -22.7132 -0.580572 40.5565 -22.0392 6.95176 5.97443 3.03594 0 0 0 0.073308 2.69648 0 0 0 0 0 0 2.384 303 52 1 1 0
./complex_md-fit_105.pdb BC A 7.76048 27.6981 -5.24357 -5.11034 -7.34102 -22.5124 -0.691957 40.0286 -22.8502 3.31727 6.94744 2.67585 0 0 0 0.302988 2.4197 -0.00977581 0 0 0 0 0 2.384 303 47 1 1 0
./complex_md-fit_106.pdb BC A 8.02523 29.3762 -10.213 -7.26584 -9.35821 -22.0059 -0.504918 37.6251 -21.9126 3.48123 7.05426 2.58997 0 0 0 0.0939221 2.49041 -0.0099105 0 0 0 0 0 2.384 303 49 0 0 0
./complex_md-fit_107.pdb BC A 6.78791 35.9518 -14.9843 -8.65508 -13.1051 -24.6204 -0.796897 41.8354 -24.507 3.33702 8.25068 2.97137 0 0 0 0.305665 2.96496 0 0 0 0 0 0 2.384 303 54 0 0 0
./complex_md-fit_108.pdb BC A 9.47515 30.8312 -9.10063 -7.44235 -12.5007 -23.2251 -0.678723 40.6917 -23.0488 7.02421 7.06629 2.67672 0 0 0 0.336043 2.59068 2.77556e-17 0 0 0 0 0 2.384 303 52 1 1 0
./complex_md-fit_109.pdb BC A 6.29534 25.514 -14.5613 -9.18727 -12.2794 -23.3453 -0.781933 39.5716 -23.1589 3.77983 8.22658 2.36201 0 0 0 0.261609 2.3118 -0.0101946 0 0 0 0 0 2.384 303 51 1 1 0
./complex_md-fit_10.pdb BC A 7.92027 30.572 -8.58393 -6.8432 -11.0353 -22.7122 -0.82117 38.0344 -21.8823 6.71749 6.47087 2.76192 0 0 0 0.691566 2.51337 0 0 0 0 0 0.0340202 2.384 303 47 1 1 0
./complex_md-fit_110.pdb BC A 8.7951 32.9944 -7.89705 -7.24161 -11.184 -23.6028 -0.919377 40.2913 -23.2958 6.50801 7.54356 3.65648 0 0 0 0.347255 2.59019 0 0 0 0 0 0 2.384 303 51 1 1 0
./complex_md-fit_111.pdb BC A 9.56986 29.6512 -13.7421 -6.50698 -10.6608 -22.541 -0.764517 37.5409 -22.1908 3.57346 5.93591 1.41136 0 0 0 0.480872 3.06548 -0.02045 0 0 0 0 0 2.384 303 48 0 0 0
./complex_md-fit_112.pdb BC A 9.87589 37.2504 -15.6019 -8.32028 -11.4401 -23.9037 -1.09567 40.5245 -23.9503 4.29709 6.67275 0.958447 0 0 0 0.675103 2.53371 -0.0196313 0 0 0 0 0 2.384 303 51 0 0 0
./complex_md-fit_113.pdb BC A 7.60349 34.6661 -14.592 -9.31468 -11.5169 -24.2206 -0.768349 39.6921 -24.7767 5.3361 7.8278 2.54226 0 0 0 0.606911 2.45978 0 0 0 0 0 0 2.384 303 52 1 1 0
./complex_md-fit_114.pdb BC A 7.15596 34.889 -17.0483 -9.95314 -13.0822 -23.7528 -0.787574 38.5878 -24.5042 5.47199 7.64759 2.55738 0 0 0 0.766794 2.55712 0 0 0 0 0 0 2.384 303 53 1 1 0
./complex_md-fit_115.pdb BC A 5.9712 34.1338 -11.348 -8.17694 -10.2507 -23.2775 -0.496968 38.2989 -23.8057 4.0792 8.2263 3.41875 0 0 0 0.647017 2.04538 -0.0103258 0 0 0 0 0 2.384 303 50 0 0 0
./complex_md-fit_116.pdb BC A 6.95637 33.2221 -16.7713 -7.41107 -12.7343 -23.4263 -0.66029 37.8642 -24.1587 3.77698 6.74293 2.9608 0 0 0 0.299861 2.47509 -0.0253325 0 0 0 0 0 2.384 303 51 0 0 0
./complex_md-fit_117.pdb BC A 7.64245 26.1895 -13.8736 -9.52574 -12.3112 -24.6137 -0.681347 40.379 -24.708 5.49466 8.09591 3.59484 0 0 0 0.361023 2.88339 0.0410307 0 0 0 0 0 2.384 303 52 1 1 0
./complex_md-fit_118.pdb BC A 9.17363 33.281 -17.1616 -9.59798 -13.0145 -23.6986 -0.694026 39.017 -23.6941 3.73706 7.40808 3.08022 0 0 0 0.29524 3.06328 0 0 0 0 0 0 2.384 303 49 0 0 0
./complex_md-fit_119.pdb BC A 8.40625 32.7242 -9.23741 -6.55484 -11.4062 -21.7739 -0.678801 36.8435 -21.5255 4.64872 7.07524 3.49756 0 0 0 0.657271 2.22309 -0.0203667 0 0 0 0 0 2.384 303 48 0 0 0
./complex_md-fit_11.pdb BC A 10.0143 30.7351 -7.93703 -7.8356 -7.83556 -23.5767 -0.944494 40.9152 -23.1823 6.04537 5.66415 2.52546 0 0 0 0.246313 2.58897 0 0 0 0 0 0.0411116 2.384 303 53 0 0 0
./complex_md-fit_120.pdb BC A 7.44162 27.7745 -13.8946 -7.83409 -12.6929 -22.606 -0.86804 37.9571 -22.0459 4.3283 6.41872 2.98304 0 0 0 0.474687 2.62404 -0.00946559 0 0 0 0 0 2.384 303 50 0 0 0
./complex_md-fit_121.pdb BC A 7.09405 30.784 -12.5198 -7.7317 -9.72148 -22.6826 -0.729612 38.1696 -23.261 1.95561 8.18665 2.65574 0 0 0 0.638959 2.586 1.11022e-16 0 0 0 0 0 2.384 303 52 0 0 0
./complex_md-fit_122.pdb BC A 7.37942 25.9646 -17.6995 -9.99869 -12.4174 -23.5653 -0.715946 38.7898 -23.703 3.61427 7.16967 2.497 0 0 0 0.630031 2.58377 0 0 0 0 0 0 2.384 303 52 0 0 0
./complex_md-fit_123.pdb BC A 10.3448 30.7435 -13.9205 -8.65923 -11.7236 -22.9853 -0.750513 37.29 -23.2714 4.32866 7.37547 3.95794 0 0 0 0.517454 2.10355 -1.11022e-16 0 0 0 0 0 2.384 303 50 0 0 0
./complex_md-fit_124.pdb BC A 9.27528 33.3129 -14.8273 -8.29161 -11.6185 -23.4863 -0.732773 39.0111 -23.8519 4.54255 6.04996 3.13856 0 0 0 0.421728 2.8441 -0.0099709 0 0 0 0 0 2.384 303 50 0 0 0
./complex_md-fit_125.pdb BC A 6.0799 28.6757 -10.8034 -7.86233 -9.37165 -24.2372 -0.82374 40.3694 -24.2788 6.26647 6.20168 2.48357 0 0 0 0.460182 2.458 -0.0109222 0 0 0 0 0 2.384 303 48 1 1 0
./complex_md-fit_126.pdb BC A 9.57137 36.6557 -9.93231 -8.33637 -9.39703 -23.8885 -0.701109 39.3184 -23.7948 6.84777 6.19691 3.12963 0 0 0 0.692836 2.90071 -1.11022e-16 0 0 0 0 0 2.384 303 52 1 1 0
./complex_md-fit_127.pdb BC A 9.52811 25.2635 -10.7354 -8.0475 -11.3301 -23.7555 -0.557002 40.4524 -24.5534 6.89402 7.37033 2.32848 0 0 0 0.462892 2.65724 -1.11022e-16 0 0 0 0 0 2.384 303 51 1 1 0
./complex_md-fit_128.pdb BC A 7.28877 28.9197 -11.8022 -6.70207 -10.4957 -24.0835 -0.66752 40.2724 -24.5321 6.04933 6.37473 1.5852 0 0 0 0.406737 2.49766 -0.00978034 0 0 0 0 0 2.384 303 54 1 1 0
./complex_md-fit_129.pdb BC A 8.10048 34.4256 -6.16202 -5.33036 -10.1231 -21.0749 -0.878457 36.9708 -20.3929 5.60925 6.32037 2.32387 0 0 0 0.381482 2.57998 0.0318489 0 0 0 0 0 2.384 303 49 1 1 0
./complex_md-fit_12.pdb BC A 5.8867 25.9044 -0.90196 -5.65039 -9.04587 -25.0278 -0.962891 44.3855 -24.5517 11.527 6.01693 1.58418 0 0 0 0.69725 2.78011 0.0883666 0 0 0 0 0.0374649 2.384 303 53 1 1 0
./complex_md-fit_130.pdb BC A 7.18356 22.2917 -16.4926 -6.02051 -14.2908 -23.459 -0.76979 38.9979 -24.5012 4.03618 7.60046 1.60527 0 0 0 0.308845 2.29176 -1.11022e-16 0 0 0 0 0 2.384 303 52 0 0 0
./complex_md-fit_131.pdb BC A 5.73108 25.0479 -16.006 -7.90902 -10.3271 -23.1416 -0.646493 37.2347 -24.0021 3.25839 6.71222 2.53395 0 0 0 0.254738 1.94947 0.0263444 0 0 0 0 0 2.384 303 50 0 0 0
./complex_md-fit_132.pdb BC A 6.33688 27.7624 -12.5188 -7.48005 -11.2602 -23.5748 -1.0592 38.8906 -24.0015 5.20583 7.65386 2.51815 0 0 0 0.597708 2.46423 -0.00931247 0 0 0 0 0 2.384 303 53 0 0 0
./complex_md-fit_133.pdb BC A 8.85039 30.9056 -10.7588 -7.25656 -8.55466 -21.6598 -0.830593 34.6435 -22.3412 7.12694 5.64549 1.92114 0 0 0 0.546866 1.67041 0 0 0 0 0 0 2.384 303 49 1 1 0
./complex_md-fit_134.pdb BC A 7.85228 36.0181 -12.2649 -6.4018 -10.7423 -23.4409 -0.942125 39.3176 -23.8857 3.52041 6.52287 3.41051 0 0 0 0.376517 2.52484 0 0 0 0 0 0 2.384 303 50 0 0 0
./complex_md-fit_135.pdb BC A 6.6871 32.1728 -6.11778 -5.09634 -8.13781 -23.4609 -0.729191 38.5826 -23.8459 7.54124 6.28861 1.58928 0 0 0 1.16514 2.62184 -0.0145064 0 0 0 0 0 2.384 303 48 0 0 0
./complex_md-fit_136.pdb BC A 7.38809 30.116 -13.2776 -6.27953 -10.3995 -22.5039 -0.859809 38.7461 -23.2528 3.22975 6.05012 1.8184 0 0 0 0.173627 2.35638 0 0 0 0 0 0 2.384 303 49 0 0 0
./complex_md-fit_137.pdb BC A 7.687 34.1619 -7.37262 -6.20263 -8.96334 -22.2426 -0.704807 38.1458 -21.5643 5.35751 6.26651 2.00712 0 0 0 0.571868 2.13781 -0.0438177 0 0 0 0 0 2.384 303 47 0 0 0
./complex_md-fit_138.pdb BC A 7.99979 30.9814 -12.6386 -6.46512 -10.745 -23.2788 -0.501521 38.5041 -23.8398 3.82341 6.97896 2.74952 0 0 0 0.135677 2.62926 0 0 0 0 0 0 2.384 303 52 0 0 0
./complex_md-fit_139.pdb BC A 7.02105 32.9627 -16.2608 -7.02158 -13.1913 -23.591 -0.75887 38.6437 -23.955 2.09733 7.70338 3.26768 0 0 0 0.554145 2.62926 -0.00929543 0 0 0 0 0 2.384 303 51 0 0 0
./complex_md-fit_13.pdb BC A 8.72245 31.5998 -9.6258 -9.0404 -10.9478 -25.9525 -0.872641 44.1468 -26.2339 7.40634 8.03073 3.6271 0 0 0 0.191851 2.1988 0.0132057 0 0 0 0 0.00538582 2.384 303 50 1 1 0
./complex_md-fit_140.pdb BC A 7.12135 27.8986 -8.37365 -6.18205 -9.89949 -23.6331 -0.801269 38.3553 -24.5055 7.93074 7.55577 2.75441 0 0 0 0.0631412 2.39093 -0.0115293 0 0 0 0 0 2.384 303 49 0 0 0
./complex_md-fit_141.pdb BC A 9.7414 32.5425 -6.81995 -6.47593 -10.1891 -23.8345 -0.641797 41.1916 -24.274 6.07656 7.33979 3.56903 0 0 0 0.418316 2.72618 0 0 0 0 0 0 2.384 303 51 1 1 0
./complex_md-fit_142.pdb BC A 7.13848 24.6088 -9.82922 -4.39191 -10.9372 -22.9732 -0.696123 38.8781 -23.126 3.73566 7.33483 2.00482 0 0 0 0.341869 2.29277 0 0 0 0 0 0 2.384 303 48 0 0 0
./complex_md-fit_143.pdb BC A 9.1406 31.3219 -2.57929 -4.87146 -7.62168 -24.0255 -0.721175 42.5762 -23.7495 7.21872 6.42886 2.03019 0 0 0 0.15606 2.94152 0 0 0 0 0 0 2.384 303 53 0 0 0
./complex_md-fit_144.pdb BC A 7.78849 29.9189 -7.54051 -5.31597 -9.77218 -24.098 -0.696293 41.47 -23.9844 4.30516 7.05716 2.75657 0 0 0 0.737433 3.28498 0 0 0 0 0 0 2.384 303 47 0 0 0
./complex_md-fit_145.pdb BC A 9.5212 38.6972 -7.11992 -6.44121 -9.26839 -23.6933 -0.745153 40.0318 -23.7481 6.13144 7.28998 3.03799 0 0 0 0.294362 2.85291 -0.00921401 0 0 0 0 0 2.384 303 49 1 1 0
./complex_md-fit_146.pdb BC A 6.56042 35.8018 -3.57746 -6.23869 -6.54875 -24.7183 -0.717328 42.5563 -25.2291 7.32277 6.27923 3.3629 0 0 0 0.353452 2.35108 0 0 0 0 0 0 2.384 303 50 1 1 0
./complex_md-fit_147.pdb BC A 5.67335 35.3466 -7.4135 -5.61941 -9.31296 -22.835 -0.718155 38.1001 -22.8661 4.82191 7.60376 3.20044 0 0 0 0.236152 2.16645 -0.0241848 0 0 0 0 0 2.384 303 48 0 0 0
./complex_md-fit_148.pdb BC A 8.14441 30.2069 -9.04394 -7.056 -10.4904 -23.4666 -0.876462 39.5356 -23.7039 4.54719 9.12862 3.20619 0 0 0 0.132002 2.53167 0 0 0 0 0 0 2.384 303 49 0 0 0
./complex_md-fit_149.pdb BC A 7.18211 31.5097 -15.5023 -7.47947 -10.9635 -25.1742 -0.40053 40.4258 -26.2174 3.0731 6.42416 3.91693 0 0 0 0.903395 2.75697 -0.0105306 0 0 0 0 0 2.384 303 52 0 0 0
./complex_md-fit_14.pdb BC A 10.0406 22.2074 -11.0396 -7.23933 -10.4554 -24.187 -0.893893 40.7241 -24.077 5.50442 6.51886 2.88399 0 0 0 0.179875 2.28728 0 0 0 0 0 0.00173629 2.384 303 50 0 0 0
./complex_md-fit_150.pdb BC A 7.89169 25.9108 -12.6794 -7.94376 -10.8099 -23.8717 -0.687212 40.418 -24.2866 3.67252 7.39023 3.20091 0 0 0 0.248558 2.18679 -0.0104757 0 0 0 0 0 2.384 303 51 0 0 0
./complex_md-fit_151.pdb BC A 6.60837 33.0734 -13.4147 -8.77004 -9.65374 -24.6014 -0.783175 40.8778 -24.8379 4.02468 7.48922 2.18973 0 0 0 0.659276 2.46152 -0.0092185 0 0 0 0 0 2.384 303 50 0 0 0
./complex_md-fit_152.pdb BC A 8.3481 31.1388 -3.68794 -2.83548 -8.21751 -22.659 -0.622786 40.2809 -22.2112 4.55123 5.51659 2.39889 0 0 0 0.110462 2.35616 -6.93889e-18 0 0 0 0 0 2.384 303 51 0 0 0
./complex_md-fit_153.pdb BC A 7.5093 29.7298 -12.017 -6.60046 -11.5519 -23.3394 -0.516006 39.3609 -23.4537 4.38823 6.98006 2.57162 0 0 0 0.153552 2.62374 -0.00980716 0 0 0 0 0 2.384 303 47 0 0 0
./complex_md-fit_154.pdb BC A 7.00156 34.2034 -6.93094 -4.33194 -9.16886 -23.4939 -0.607206 40.8771 -24.0831 5.11541 6.78217 1.77575 0 0 0 0.2036 2.56641 0 0 0 0 0 0 2.384 303 47 0 0 0
./complex_md-fit_155.pdb BC A 8.28964 30.6059 -10.8994 -6.73502 -9.24398 -23.6109 -0.741047 39.2431 -23.5909 4.67292 6.13491 2.76139 0 0 0 0.210207 2.54723 0 0 0 0 0 0 2.384 303 48 0 0 0
./complex_md-fit_156.pdb BC A 9.98675 35.728 -15.7311 -6.27478 -12.8078 -23.5618 -0.599306 39.7326 -23.9911 3.14037 6.76837 1.79644 0 0 0 0.0659535 3.51041 5.55112e-17 0 0 0 0 0 2.384 303 48 0 0 0
./complex_md-fit_157.pdb BC A 8.79888 34.451 -8.81476 -5.77699 -11.9261 -24.3301 -0.729902 42.1332 -24.1889 4.28218 8.62479 2.92753 0 0 0 0.17935 2.6377 -0.00984 0 0 0 0 0 2.384 303 48 0 0 0
./complex_md-fit_158.pdb BC A 6.42378 30.9 -1.6286 -3.94843 -6.73373 -23.0297 -0.722189 40.4534 -23.0909 5.92195 7.05125 1.98595 0 0 0 0.5186 2.46516 -0.0348708 0 0 0 0 0 2.384 303 51 1 1 0
./complex_md-fit_159.pdb BC A 6.89287 25.4238 -10.0849 -6.86225 -9.98264 -23.6951 -0.526128 40.1966 -23.9642 3.73851 7.0394 3.68412 0 0 0 0.296515 2.24946 -0.00972098 0 0 0 0 0 2.384 303 52 0 0 0
./complex_md-fit_15.pdb BC A 6.66684 30.7696 -8.20121 -9.89896 -10.1578 -25.521 -0.934413 43.8151 -25.3464 9.65117 7.19334 2.78344 0 0 0 0.209654 2.68851 2.77556e-17 0 0 0 0 0.00466993 2.384 303 52 2 2 0
./complex_md-fit_160.pdb BC A 9.10676 28.3175 -8.68971 -8.52487 -11.0581 -22.1312 -0.570432 37.998 -21.929 7.89259 7.05265 2.38127 0 0 0 0.199342 2.567 1.11022e-16 0 0 0 0 0 2.384 303 47 1 1 0
./complex_md-fit_161.pdb BC A 7.13546 33.8086 -11.8742 -6.80932 -12.0071 -22.5776 -0.855842 37.4135 -22.9779 5.73255 6.96663 3.14342 0 0 0 0.106956 2.36103 -0.00956682 0 0 0 0 0 2.384 303 49 1 1 0
./complex_md-fit_162.pdb BC A 8.61791 30.57 -8.71021 -6.00967 -10.7014 -22.2954 -0.725775 38.7571 -21.6992 4.35734 7.37537 1.82794 0 0 0 0.403507 2.4665 0 0 0 0 0 0 2.384 303 51 0 0 0
./complex_md-fit_163.pdb BC A 7.35909 43.468 -10.5557 -6.98093 -10.2809 -24.1527 -0.5979 40.7403 -23.9137 4.27707 6.729 3.01539 0 0 0 0.608632 3.05911 -1.11022e-16 0 0 0 0 0 2.384 303 51 0 0 0
./complex_md-fit_164.pdb BC A 7.21203 38.9508 -8.00163 -5.68911 -8.82274 -23.3041 -0.732599 40.4087 -22.9327 4.47444 5.88838 2.42468 0 0 0 0.320087 2.9183 -0.0367188 0 0 0 0 0 2.384 303 53 0 0 0
./complex_md-fit_165.pdb BC A 5.44092 30.2622 -7.44627 -6.86176 -10.2604 -23.8725 -0.753145 41.8532 -23.5998 6.69226 7.461 1.42201 0 0 0 0.47285 2.38508 1.11022e-16 0 0 0 0 2.22045e-16 2.384 303 52 0 0 0
./complex_md-fit_166.pdb BC A 7.89297 25.4818 -6.72474 -5.81193 -8.52766 -23.4804 -0.506707 39.6637 -24.0085 6.00982 7.18029 2.40492 0 0 0 0.351687 2.29305 -5.55112e-17 0 0 0 0 0 2.384 303 49 1 1 0
./complex_md-fit_167.pdb BC A 9.27418 29.8002 -12.5312 -7.8969 -10.058 -23.8244 -0.714551 39.5623 -24.13 5.25151 6.42637 2.54988 0 0 0 0.312383 2.93725 -0.00975125 0 0 0 0 0 2.384 303 52 1 1 0
./complex_md-fit_168.pdb BC A 8.71526 24.8469 -8.34026 -6.4831 -10.69 -24.0103 -0.76631 40.7517 -24.2139 7.63639 7.17661 1.9832 0 0 0 0.275478 2.45239 -5.55112e-17 0 0 0 0 0 2.384 303 50 1 1 0
./complex_md-fit_169.pdb BC A 9.29053 30.9937 -9.4442 -5.29617 -12.9559 -23.6773 -0.816338 40.0925 -23.8533 6.11597 8.31184 2.27073 0 0 0 0.363746 2.07641 5.55112e-17 0 0 0 0 0 2.384 303 50 1 1 0
./complex_md-fit_16.pdb BC A 8.30549 27.038 -11.9242 -8.38366 -13.3481 -25.5704 -1.05605 44.2987 -25.3789 6.64863 8.11779 2.11754 0 0 0 0.48897 2.46166 0.0910203 0 0 0 0 0.0502046 2.384 303 51 2 2 0
./complex_md-fit_170.pdb BC A 6.24103 34.8297 -8.65869 -6.07239 -9.60872 -23.0765 -0.689746 40.0349 -22.4824 4.22684 6.93769 1.79519 0 0 0 0.276441 2.46157 0 0 0 0 0 0 2.384 303 51 0 0 0
./complex_md-fit_171.pdb BC A 9.15741 30.1697 -12.2693 -6.43345 -11.2978 -23.5244 -1.02405 39.3523 -23.5825 5.11599 6.76979 2.15573 0 0 0 0.199161 2.27425 0 0 0 0 0 0 2.384 303 53 0 0 0
./complex_md-fit_172.pdb BC A 9.12343 29.1772 -5.12782 -4.88944 -9.36907 -24.499 -0.662895 43.5635 -24.0345 7.14697 5.96422 1.47634 0 0 0 0.176071 3.75229 -6.07153e-18 0 0 0 0 0 2.384 303 52 1 1 0
./complex_md-fit_173.pdb BC A 9.5174 32.2036 -7.75776 -4.63609 -11.0842 -24.1243 -0.655959 41.978 -23.9911 4.56103 7.31836 2.33882 0 0 0 0.506929 1.90673 0.0308448 0 0 0 0 0 2.384 303 51 0 0 0
./complex_md-fit_174.pdb BC A 8.2066 36.1236 -10.9497 -7.11355 -12.1458 -24.3917 -0.612613 41.7486 -23.9383 4.43905 7.61099 3.05793 0 0 0 0.395779 2.4322 0 0 0 0 0 0 2.384 303 52 0 0 0
./complex_md-fit_175.pdb BC A 7.88967 36.1621 -12.8636 -7.04836 -14.2963 -24.9546 -0.421372 42.3439 -24.7146 5.12071 8.57767 2.20583 0 0 0 0.33259 2.71531 -0.00921508 0 0 0 0 0 2.384 303 51 0 0 0
./complex_md-fit_176.pdb BC A 7.42957 28.8578 -11.692 -6.35508 -11.1547 -23.9583 -0.568528 40.1605 -23.9098 5.52524 6.47551 1.95606 0 0 0 0.137088 2.50999 -2.77556e-17 0 0 0 0 0 2.384 303 51 1 1 0
./complex_md-fit_177.pdb BC A 7.50931 24.2608 -18.2466 -9.81815 -13.5497 -24.1261 -0.591628 40.2826 -23.7649 2.27984 8.18223 2.38851 0 0 0 0.470791 2.46425 0 0 0 0 0 0 2.384 303 51 0 0 0
./complex_md-fit_178.pdb BC A 7.93038 29.35 -6.49832 -6.67716 -8.0997 -24.1148 -0.737225 40.9486 -23.8337 5.50072 7.6259 2.64153 0 0 0 0.2475 2.35368 0 0 0 0 0 0 2.384 303 53 0 0 0
./complex_md-fit_179.pdb BC A 7.68136 28.792 -11.7528 -7.42118 -14.0324 -24.7166 -0.869661 42.5527 -24.7338 6.62147 6.75262 3.77825 0 0 0 0.278984 2.58507 0.0368582 0 0 0 0 0 2.384 303 51 1 1 0
./complex_md-fit_17.pdb BC A 8.69258 30.8921 -10.0259 -8.77855 -11.2693 -23.426 -0.756187 40.8115 -22.9605 8.52016 6.14111 1.5435 0 0 0 0.0418094 2.46465 0.0942469 0 0 0 0 0.0123169 2.384 303 50 2 2 0
./complex_md-fit_180.pdb BC A 8.55623 35.5087 -11.049 -7.02936 -10.3441 -24.7085 -0.747047 41.5949 -25.0321 3.38883 7.90868 3.61256 0 0 0 0.307275 2.41438 -1.11022e-16 0 0 0 0 0 2.384 303 51 0 0 0
./complex_md-fit_181.pdb BC A 8.07878 31.3263 1.08821 -4.86816 -8.77947 -25.2149 -0.74921 45.5021 -25.2475 8.5864 7.69127 3.55559 0 0 0 0.612115 3.22396 -5.55112e-17 0 0 0 0 0 2.384 303 53 2 2 0
./complex_md-fit_182.pdb BC A 7.10493 28.667 -4.88859 -6.7869 -8.26414 -24.0434 -0.805804 43.3706 -23.5316 6.65712 6.05028 1.88097 0 0 0 0.584282 2.51993 -1.11022e-16 0 0 0 0 0 2.384 303 52 0 0 0
./complex_md-fit_183.pdb BC A 8.08065 29.4533 -11.7224 -5.34393 -9.09449 -24.3506 -0.671184 40.1669 -24.5594 3.35581 6.56822 1.7843 0 0 0 0.42192 2.46064 0 0 0 0 0 0 2.384 303 46 0 0 0
./complex_md-fit_184.pdb BC A 7.50659 32.0799 -6.7691 -5.76334 -10.4831 -24.7129 -0.815216 42.9093 -24.521 6.38107 6.91199 2.99241 0 0 0 0.331673 2.40994 5.55112e-17 0 0 0 0 0 2.384 303 51 0 0 0
./complex_md-fit_185.pdb BC A 8.61276 25.4339 -3.91331 -4.11639 -7.32798 -24.5503 -0.650384 41.5298 -24.7612 6.17293 6.22134 3.41419 0 0 0 0.121214 3.52374 0.0335409 0 0 0 0 0 2.384 303 48 0 0 0
./complex_md-fit_186.pdb BC A 6.32072 38.8975 -9.67249 -5.91805 -9.47225 -23.6859 -0.706174 39.8974 -23.4368 3.67121 7.21996 2.35906 0 0 0 0.408669 2.46254 -0.00959996 0 0 0 0 0 2.384 303 51 0 0 0
./complex_md-fit_187.pdb BC A 8.03444 25.406 -3.39933 -4.3599 -8.46737 -24.9002 -0.521634 40.9082 -24.829 8.19102 6.94731 3.48255 0 0 0 0.159679 2.76845 -0.00992571 0 0 0 0 0 2.384 303 49 0 0 0
./complex_md-fit_188.pdb BC A 9.54144 30.8544 -9.47346 -5.65089 -8.52525 -24.7441 -0.619292 41.6705 -25.1816 3.67118 6.82624 2.96355 0 0 0 0.127154 2.82927 -0.0109666 0 0 0 0 0 2.384 303 54 0 0 0
./complex_md-fit_189.pdb BC A 6.76375 32.8686 -8.33374 -3.57536 -11.4961 -24.4218 -0.750115 40.1307 -25.06 5.76717 7.00011 3.91818 0 0 0 0.164887 2.41891 -0.0114679 0 0 0 0 0 2.384 303 53 0 0 0
./complex_md-fit_18.pdb BC A 7.61706 37.9808 -12.1435 -10.3487 -10.3285 -23.6933 -0.753449 40.0772 -24.0567 6.88974 6.43724 3.2867 0 0 0 0.335398 2.20637 0 0 0 0 0 0.0108995 2.384 303 50 1 1 0
./complex_md-fit_190.pdb BC A 6.24421 31.9525 -6.9664 -6.06674 -8.81478 -21.9321 -0.765667 37.287 -21.7321 6.84947 5.6639 2.33891 0 0 0 0.216541 2.38555 -0.0107087 0 0 0 0 0 2.384 303 48 1 1 0
./complex_md-fit_191.pdb BC A 6.71122 35.0056 -1.91204 -4.82562 -7.30276 -24.1037 -0.676503 40.4205 -24.0961 8.7782 6.47366 3.24475 0 0 0 0.189341 2.53218 -0.013765 0 0 0 0 0 2.384 303 51 2 2 0
./complex_md-fit_192.pdb BC A 8.16173 28.5655 -6.84086 -7.12708 -11.3386 -23.5436 -0.637357 40.3632 -22.9856 6.84224 7.57079 3.73997 0 0 0 0.275151 2.58503 -5.55112e-17 0 0 0 0 0 2.384 303 50 2 2 0
./complex_md-fit_193.pdb BC A 6.12536 33.5143 -12.765 -7.62207 -12.403 -23.8598 -0.78486 40.5602 -23.8338 5.1752 6.72028 2.95774 0 0 0 0.325127 2.41464 5.55112e-17 0 0 0 0 0 2.384 303 54 1 1 0
./complex_md-fit_194.pdb BC A 6.49611 27.0233 -9.03662 -4.85711 -10.4133 -23.2253 -0.500645 39.7836 -23.3338 3.60274 6.83636 3.00071 0 0 0 0.0701071 2.46681 0 0 0 0 0 0 2.384 303 49 0 0 0
./complex_md-fit_195.pdb BC A 6.62559 34.4379 -10.4855 -4.70657 -12.2365 -23.3674 -0.601316 40.0963 -23.0343 4.81595 6.40486 1.96307 0 0 0 0.18985 2.53365 -0.00946457 0 0 0 0 0 2.384 303 52 0 0 0
./complex_md-fit_196.pdb BC A 7.80087 28.8798 -11.5823 -7.45959 -12.2447 -23.2669 -0.607586 40.4108 -23.1086 4.77368 6.63681 2.7536 0 0 0 0.530284 2.99387 -2.77556e-17 0 0 0 0 0 2.384 303 51 0 0 0
./complex_md-fit_197.pdb BC A 6.0986 40.1112 -10.0147 -6.77978 -9.65783 -21.5933 -0.690236 36.7689 -21.4793 3.71456 6.91864 2.53551 0 0 0 0.248117 2.40394 4.16334e-17 0 0 0 0 0 2.384 303 48 1 1 0
./complex_md-fit_198.pdb BC A 8.42103 27.2586 -9.63988 -6.50845 -8.9468 -23.7341 -0.582537 40.3456 -23.5709 4.88863 5.67034 2.54013 0 0 0 0.258178 2.1915 2.77556e-17 0 0 0 0 0 2.384 303 52 0 0 0
./complex_md-fit_199.pdb BC A 9.43036 29.8387 -11.3014 -6.86918 -10.7643 -24.2843 -0.568149 40.7952 -24.6023 5.05586 6.74381 2.76956 0 0 0 0.389212 2.91695 0.0332121 0 0 0 0 1.11022e-16 2.384 303 50 1 1 0
./complex_md-fit_19.pdb BC A 5.97184 33.2521 -8.41868 -7.342 -9.68767 -23.7189 -0.714591 40.8705 -23.7905 5.5844 7.28092 2.72173 0 0 0 0.244968 2.21191 0.0902838 0 0 0 0 0.0421647 2.384 303 49 0 0 0
./complex_md-fit_1.pdb BC A 11.2327 34.1027 -16.5784 -11.4934 -12.3368 -27.5983 -0.852459 46.2903 -28.1327 5.1178 8.8074 3.35474 0 0 0 0.22861 3.3075 0 0 0 0 0 0.0364924 2.384 303 53 1 1 0
./complex_md-fit_200.pdb BC A 8.15858 27.3062 -3.81903 -3.54101 -9.45849 -23.5536 -0.635761 41.0886 -22.9597 6.26777 5.20134 2.76841 0 0 0 1.00346 2.40628 0 0 0 0 0 0 2.384 303 48 0 0 0
./complex_md-fit_201.pdb BC A 10.7109 23.7173 -12.4884 -6.88337 -12.9641 -24.5182 -0.762403 42.3768 -24.6111 6.07123 5.99614 2.66319 0 0 0 0.154358 2.4975 -0.0109562 0 0 0 0 0 2.384 303 49 1 1 0
./complex_md-fit_202.pdb BC A 9.54026 30.0085 -5.5911 -7.40041 -9.01116 -23.5812 -0.81822 42.3206 -22.6927 6.68193 6.19253 2.61643 0 0 0 0.101132 2.64868 -1.38778e-17 0 0 0 0 0 2.384 303 50 0 0 0
./complex_md-fit_203.pdb BC A 10.215 31.6249 -8.90897 -6.03617 -10.5629 -23.6416 -0.718076 40.9766 -23.6298 6.473 6.20529 1.95696 0 0 0 0.076964 2.83876 -0.00923264 0 0 0 0 0 2.384 303 51 0 0 0
./complex_md-fit_204.pdb BC A 10.0191 31.6795 -12.5682 -8.56011 -10.1931 -25.5835 -0.787322 42.8516 -25.8035 5.14703 6.98116 3.07003 0 0 0 0.309629 2.58532 0 0 0 0 0 0 2.384 303 54 0 0 0
./complex_md-fit_205.pdb BC A 8.20157 34.857 -13.2184 -8.34244 -9.66396 -24.4579 -0.523047 41.6673 -24.9662 2.6865 6.45607 3.74503 0 0 0 0.139922 3.04452 -0.00912008 0 0 0 0 0.0494107 2.384 303 51 0 0 0
./complex_md-fit_206.pdb BC A 10.0741 27.499 -6.35497 -7.80986 -8.66522 -23.9175 -0.782021 42.1296 -23.2325 5.4722 6.23068 4.00484 0 0 0 0.214454 3.25414 0 0 0 0 0 0.000347891 2.384 303 53 1 1 0
./complex_md-fit_207.pdb BC A 7.14878 34.0804 -4.69043 -6.48452 -9.26159 -26.2533 -0.758924 48.2232 -25.513 6.21856 6.34441 2.66277 0 0 0 0.109654 3.72695 5.55112e-17 0 0 0 0 0.0223156 2.384 303 53 1 1 0
./complex_md-fit_208.pdb BC A 9.28347 31.0871 -9.57727 -7.75874 -11.9509 -25.1316 -0.574206 43.9332 -25.1006 5.35589 7.04787 4.06808 0 0 0 0.533715 3.1256 0 0 0 0 0 2.22045e-16 2.384 303 51 1 1 0
./complex_md-fit_209.pdb BC A 7.79846 34.9348 5.61267 -6.72096 -7.73211 -25.4051 -0.717721 45.3947 -24.5968 12.8387 7.77103 4.47627 0 0 0 0.215716 3.51575 0.0400023 0 0 0 0 0.0489385 2.384 303 55 4 4 0
./complex_md-fit_20.pdb BC A 5.4052 37.4378 -7.58815 -6.62193 -9.32565 -23.7198 -0.640111 39.8843 -23.2591 6.22217 5.28086 3.95368 0 0 0 0.612316 2.50977 0.0149259 0 0 0 0 0.0102247 2.384 303 51 1 1 0
./complex_md-fit_210.pdb BC A 7.61222 30.9257 -6.17459 -7.37555 -8.97886 -24.5139 -0.62681 43.3139 -24.3257 5.91015 7.29978 2.58636 0 0 0 0.535968 2.57245 0 0 0 0 0 0 2.384 303 53 1 1 0
./complex_md-fit_211.pdb BC A 6.96546 30.7564 0.958194 -4.48508 -5.67548 -25.0732 -0.462137 45.0606 -25.0088 5.80607 7.30198 3.17843 0 0 0 0.273359 2.6408 0 0 0 0 0 0.0424525 2.384 303 56 1 1 0
./complex_md-fit_212.pdb BC A 8.48235 31.6895 -0.837547 -5.9409 -8.44272 -26.4319 -0.544713 47.8272 -26.0123 7.1416 7.56736 3.81297 0 0 0 0.142553 4.09816 2.77556e-17 0 0 0 0 0.0433172 2.384 303 56 0 0 0
./complex_md-fit_213.pdb BC A 11.0911 33.3769 -11.1581 -7.76627 -10.7794 -25.2233 -0.729825 43.0876 -25.6668 3.63201 8.05678 3.8902 0 0 0 0.31458 2.5753 0 0 0 0 0 0.0263611 2.384 303 55 0 0 0
./complex_md-fit_214.pdb BC A 7.81436 31.751 -6.41773 -4.78758 -10.9149 -24.0018 -0.649998 42.5259 -23.9569 5.43697 7.23844 2.29446 0 0 0 0.397687 2.51271 0 0 0 0 0 0 2.384 303 56 1 1 0
./complex_md-fit_215.pdb BC A 8.4912 24.2793 -8.14144 -6.65219 -9.43383 -23.6444 -0.611326 42.2662 -23.8947 3.1425 6.85563 3.30268 0 0 0 0.528062 2.51407 5.55112e-17 0 0 0 0 0 2.384 303 55 0 0 0
./complex_md-fit_216.pdb BC A 7.00013 31.5322 -5.89982 -6.52336 -8.82678 -24.1401 -0.669403 41.3183 -24.0279 6.42133 7.78494 2.53542 0 0 0 0.227713 2.52796 1.11022e-16 0 0 0 0 0 2.384 303 52 1 1 0
./complex_md-fit_217.pdb BC A 7.23054 31.6237 2.69349 -5.94911 -5.71646 -25.6661 -0.79626 45.3335 -25.524 8.76206 7.6189 3.90978 0 0 0 0.713204 3.10724 0 0 0 0 0 0.00804206 2.384 303 52 1 1 0
./complex_md-fit_218.pdb BC A 9.09265 29.2796 -4.39349 -3.58644 -8.23446 -23.9229 -0.693041 40.7749 -23.8051 7.52846 6.09134 0.900928 0 0 0 0.552796 2.2247 0 0 0 0 0 0 2.384 303 53 1 1 0
./complex_md-fit_219.pdb BC A 8.41448 35.2273 -4.1323 -6.83901 -7.08114 -24.278 -0.667357 41.3263 -23.9256 5.78455 7.22653 3.77527 0 0 0 0.546113 3.37795 0 0 0 0 0 0 2.384 303 52 0 0 0
./complex_md-fit_21.pdb BC A 8.63471 29.788 -2.12616 -6.67038 -7.58887 -22.6842 -0.714559 39.418 -22.1053 7.27371 7.40703 3.43145 0 0 0 0.0997422 2.33886 1.11022e-16 0 0 0 0 0.00715037 2.384 303 50 1 1 0
./complex_md-fit_220.pdb BC A 7.38996 27.3962 -4.32362 -5.85253 -6.39892 -24.0686 -0.617226 40.7191 -24.0597 6.56272 5.90158 2.9891 0 0 0 0.500836 2.2159 0 0 0 0 0 0 2.384 303 55 0 0 0
./complex_md-fit_221.pdb BC A 8.53362 39.9894 -11.9986 -6.83473 -10.0447 -24.0786 -0.702263 40.2632 -24.7263 4.17696 6.76382 2.85926 0 0 0 0.303854 2.69605 0.0209598 0 0 0 0 0 2.384 303 51 0 0 0
./complex_md-fit_222.pdb BC A 7.73998 30.4431 -11.8405 -6.98005 -11.1495 -23.6414 -0.702827 39.9412 -23.5352 3.11152 8.00548 2.66537 0 0 0 0.437898 2.04278 0 0 0 0 0 0.0069147 2.384 303 52 0 0 0
./complex_md-fit_223.pdb BC A 7.89809 35.9817 -6.04098 -6.32215 -10.5641 -24.3708 -0.712168 41.5908 -24.076 8.96015 6.43446 2.52008 0 0 0 0.479478 3.05064 0.0192091 0 0 0 0 0 2.384 303 55 1 1 0
./complex_md-fit_224.pdb BC A 7.27044 32.1612 -1.94566 -5.55012 -7.60472 -23.8954 -0.776198 41.5708 -23.264 7.83026 6.49213 2.70391 0 0 0 0.541647 2.64289 0 0 0 0 0 0.00598767 2.384 303 50 2 2 0
./complex_md-fit_225.pdb BC A 8.55266 27.827 -10.1607 -5.68537 -9.99129 -22.5761 -0.772815 37.759 -22.3062 4.67899 5.92881 2.41282 0 0 0 0.391514 2.25436 0 0 0 0 0 0 2.384 303 53 1 1 0
./complex_md-fit_226.pdb BC A 6.27698 27.6387 -9.48758 -6.79067 -12.1707 -24.1936 -0.742452 42.8779 -23.7211 4.26248 7.63918 2.61698 0 0 0 0.734311 2.72274 0 0 0 0 0 0 2.384 303 50 0 0 0
./complex_md-fit_227.pdb BC A 8.83772 26.9156 -10.3653 -6.12891 -13.1271 -24.9555 -0.774738 43.2244 -24.9651 5.10236 8.39137 2.49394 0 0 0 0.373817 2.80368 0 0 0 0 0 0 2.384 303 55 1 1 0
./complex_md-fit_228.pdb BC A 7.69149 29.0362 -7.42876 -4.60567 -9.92099 -23.9758 -0.488005 39.9386 -24.0691 6.20314 7.35665 1.99225 0 0 0 0.140188 2.30695 1.11022e-16 0 0 0 0 0 2.384 303 50 1 1 0
./complex_md-fit_229.pdb BC A 8.85364 26.6361 -9.78955 -7.79677 -9.26786 -24.9151 -0.775767 42.4696 -24.9013 5.08718 7.73319 2.22347 0 0 0 0.353796 2.38077 0 0 0 0 0 0 2.384 303 55 1 1 0
./complex_md-fit_22.pdb BC A 10.9315 36.0226 -10.5381 -7.41044 -12.7017 -22.6856 -0.629959 40.6399 -22.0102 5.39131 6.40962 1.97157 0 0 0 0.463794 2.17221 0.0129517 0 0 0 0 0.0107126 2.384 303 49 0 0 0
./complex_md-fit_230.pdb BC A 7.06313 27.0754 -2.53943 -4.22591 -8.91534 -23.332 -0.755731 39.9529 -22.9715 6.63416 7.67128 3.17854 0 0 0 0.224151 2.34883 0 0 0 0 0 0 2.384 303 55 0 0 0
./complex_md-fit_231.pdb BC A 8.49099 29.9595 -0.581589 -3.81802 -8.6204 -24.2069 -0.753062 44.6098 -23.4303 5.18563 7.12705 2.91463 0 0 0 0.410008 2.99521 -5.55112e-17 0 0 0 0 0 2.384 303 55 1 1 0
./complex_md-fit_232.pdb BC A 7.18586 32.2718 -6.43135 -5.89661 -9.53705 -24.5819 -0.709287 43.1034 -24.38 6.32096 6.82488 2.165 0 0 0 0.259149 2.47 -1.11022e-16 0 0 0 0 0 2.384 303 52 0 0 0
./complex_md-fit_233.pdb BC A 8.16487 36.3259 -7.18806 -6.66936 -13.0188 -25.0192 -0.737876 42.1143 -24.8826 10.2731 8.06526 2.40446 0 0 0 0.282621 2.67749 0 0 0 0 0 0 2.384 303 48 4 4 0
./complex_md-fit_234.pdb BC A 6.05976 30.8971 -11.4738 -6.02366 -11.159 -22.8514 -0.789931 37.9676 -22.4741 3.01392 7.22349 2.83291 0 0 0 0.786388 2.43614 0 0 0 0 0 0 2.384 303 50 0 0 0
./complex_md-fit_235.pdb BC A 7.61281 33.2494 -3.12264 -6.22468 -9.90396 -24.0938 -0.760707 42.2977 -23.5152 7.84337 7.57526 3.50004 0 0 0 0.159337 2.34982 0 0 0 0 0 0 2.384 303 50 2 2 0
./complex_md-fit_236.pdb BC A 7.53859 28.437 -5.70554 -6.06914 -8.95481 -24.461 -0.696606 42.123 -24.1023 4.78433 7.79774 3.74642 0 0 0 0.126845 2.8054 0 0 0 0 0 0 2.384 303 58 0 0 0
./complex_md-fit_237.pdb BC A 7.45199 29.9364 -4.60365 -6.03878 -9.81005 -24.0445 -0.790955 42.765 -23.2158 6.01555 6.75657 3.3008 0 0 0 0.458515 2.79281 0 0 0 0 0 0 2.384 303 53 0 0 0
./complex_md-fit_238.pdb BC A 6.55516 36.2847 -8.41387 -6.75997 -8.38604 -23.7142 -0.884134 40.4107 -23.8245 4.17613 6.32757 3.2131 0 0 0 1.0209 2.15943 0 0 0 0 0 0.00655685 2.384 303 50 0 0 0
./complex_md-fit_239.pdb BC A 7.23348 27.7204 -8.11398 -6.51008 -10.7911 -23.914 -0.828829 40.6078 -23.8737 6.0165 7.58195 3.39746 0 0 0 0.200112 2.20605 0 0 0 0 0 0 2.384 303 51 1 1 0
./complex_md-fit_23.pdb BC A 7.84465 26.7049 -3.18378 -7.06443 -5.77386 -23.5158 -0.606976 40.3143 -23.3392 6.7613 6.29519 3.43257 0 0 0 0.269688 2.90981 5.55112e-17 0 0 0 0 0.0434354 2.384 303 52 1 1 0
./complex_md-fit_240.pdb BC A 8.56992 31.5312 -10.82 -7.69347 -12.4664 -25.325 -0.76645 43.0993 -25.1988 5.76401 8.54624 2.91149 0 0 0 0.319574 3.11265 -0.0105533 0 0 0 0 0 2.384 303 53 0 0 0
./complex_md-fit_241.pdb BC A 6.55647 29.7318 -12.077 -6.50436 -10.6377 -23.9535 -0.89233 40.3102 -23.5718 3.73353 6.5509 2.56627 0 0 0 0.321728 2.33909 1.11022e-16 0 0 0 0 0 2.384 303 49 0 0 0
./complex_md-fit_242.pdb BC A 6.31091 33.5865 -0.40949 -4.88351 -9.04739 -24.1417 -0.842543 42.8705 -23.5653 9.65087 7.31073 2.00954 0 0 0 0.229318 2.56156 0 0 0 0 0 0 2.384 303 50 2 2 0
./complex_md-fit_243.pdb BC A 7.13526 31.9566 -6.58645 -5.89958 -10.1694 -25.0837 -0.849755 42.8637 -24.547 6.09148 8.08406 2.56239 0 0 0 0.341618 4.20875 0.019768 0 0 0 0 0 2.384 303 50 1 1 0
./complex_md-fit_244.pdb BC A 9.45288 32.9666 -9.61014 -8.90203 -10.26 -24.5702 -0.726188 41.2513 -24.6695 6.06668 7.9686 3.43706 0 0 0 0.794099 2.6327 0 0 0 0 0 0 2.384 303 52 2 2 0
./complex_md-fit_245.pdb BC A 7.30651 27.8928 -11.7932 -7.21447 -8.98825 -23.873 -0.650469 39.6971 -24.1366 3.99421 6.97791 2.11889 0 0 0 0.246032 2.40967 0.0355068 0 0 0 0 0 2.384 303 55 0 0 0
./complex_md-fit_246.pdb BC A 7.40933 24.5119 -10.5869 -7.08303 -11.4649 -25.7681 -0.501207 43.7747 -25.6276 5.51833 7.19432 3.11402 0 0 0 0.273841 2.86982 -0.017338 0 0 0 0 0 2.384 303 52 0 0 0
./complex_md-fit_247.pdb BC A 8.48015 30.7427 -10.9794 -6.27105 -10.5024 -24.7019 -0.663033 41.9825 -24.8316 2.83073 8.09945 2.9475 0 0 0 0.13036 2.79666 -5.55112e-17 0 0 0 0 0 2.384 303 51 0 0 0
./complex_md-fit_248.pdb BC A 8.21312 34.0386 -8.36972 -6.51529 -11.1066 -25.448 -0.461506 44.1963 -25.3081 5.87138 8.03047 2.15072 0 0 0 0.220917 4.14636 0 0 0 0 0 0 2.384 303 56 1 1 0
./complex_md-fit_249.pdb BC A 6.32339 32.5331 -7.74838 -6.20403 -7.46107 -23.9985 -0.682404 39.8128 -24.1794 5.83098 6.25627 2.64983 0 0 0 0.227127 2.74053 0 0 0 0 0 0 2.384 303 57 0 0 0
./complex_md-fit_24.pdb BC A 6.23784 27.4854 -7.63427 -8.9304 -8.44803 -24.3199 -0.801019 40.5353 -24.3159 7.37435 6.26645 4.42469 0 0 0 0.473907 2.35811 0.0956888 0 0 0 0 0.0105904 2.384 303 53 1 1 0
./complex_md-fit_250.pdb BC A 8.86978 26.2098 -6.58785 -5.09635 -8.84204 -23.9275 -0.7235 41.4714 -23.6749 4.46739 7.07848 2.29489 0 0 0 0.364344 2.52172 0 0 0 0 0 0 2.384 303 51 0 0 0
./complex_md-fit_251.pdb BC A 7.98639 25.3581 -10.254 -7.1968 -8.40663 -24.0847 -0.616875 39.3041 -24.4973 3.47119 7.04076 4.49501 0 0 0 0.237312 2.98688 -6.93889e-18 0 0 0 0 0 2.384 303 52 0 0 0
./complex_md-fit_252.pdb BC A 6.23377 34.2139 -5.58593 -8.4881 -6.32342 -23.5178 -0.713544 39.925 -23.743 5.7717 6.78027 4.0976 0 0 0 0.625444 2.55472 0 0 0 0 0 0 2.384 303 50 1 1 0
./complex_md-fit_253.pdb BC A 7.77384 27.0329 -6.53776 -7.3088 -8.68874 -23.7443 -0.8952 40.5596 -23.3979 5.30254 8.53226 2.58426 0 0 0 0.513185 2.56336 0 0 0 0 0 0.00545564 2.384 303 53 1 1 0
./complex_md-fit_254.pdb BC A 6.15691 30.9483 -11.9223 -7.44328 -11.8409 -25.2666 -0.721079 43.2228 -25.1539 3.78381 8.04638 3.2038 0 0 0 0.256606 2.73138 -0.00999259 0 0 0 0 0 2.384 303 52 0 0 0
./complex_md-fit_255.pdb BC A 5.7111 31.3896 -7.34044 -5.41098 -8.63004 -24.5135 -0.752485 41.6838 -24.6374 5.27852 5.96724 3.36349 0 0 0 0.3053 2.15358 0 0 0 0 0 0.00554673 2.384 303 51 1 1 0
./complex_md-fit_256.pdb BC A 8.55299 32.3544 -11.7084 -8.54329 -9.24447 -25.571 -0.697399 43.5418 -25.3535 3.37926 7.90734 1.95838 0 0 0 0.9086 2.81574 -5.55112e-17 0 0 0 0 0.00591277 2.384 303 53 1 1 0
./complex_md-fit_257.pdb BC A 6.91088 31.7091 -0.31274 -6.91733 -7.40983 -24.7901 -0.677174 41.8345 -24.6069 11.1168 7.4636 3.3213 0 0 0 0.383029 3.07387 -0.0306488 0 0 0 0 0 2.384 303 56 3 3 0
./complex_md-fit_258.pdb BC A 9.67686 39.5207 -9.23851 -6.95644 -11.0998 -24.5046 -0.781793 43.0046 -24.7373 5.08615 8.26 2.15319 0 0 0 0.365307 2.61103 -0.027783 0 0 0 0 0 2.384 303 52 0 0 0
./complex_md-fit_259.pdb BC A 6.9114 31.0012 -7.36006 -6.35613 -10.0501 -26.192 -0.751537 44.9037 -25.9747 5.40801 8.4709 2.47303 0 0 0 0.702623 2.67044 -1.11022e-16 0 0 0 0 0.00622257 2.384 303 51 0 0 0
./complex_md-fit_25.pdb BC A 7.53088 33.5299 -12.9178 -7.41432 -13.2264 -24.961 -0.727047 43.6618 -24.712 5.16711 7.35659 1.8328 0 0 0 0.106483 1.98513 -0.010267 0 0 0 0 0.00849841 2.384 303 52 0 0 0
./complex_md-fit_260.pdb BC A 5.66329 32.8709 -8.00399 -8.41887 -10.7962 -24.9486 -0.781703 43.5017 -24.5253 5.94105 8.87415 3.01818 0 0 0 0.0927408 2.86481 0.0297822 0 0 0 0 0.00905261 2.384 303 50 1 1 0
./complex_md-fit_261.pdb BC A 8.37566 35.6374 -10.7729 -7.96217 -9.16581 -23.6938 -0.551604 39.4231 -23.9046 6.32208 7.44546 1.19554 0 0 0 0.118886 2.34342 0 0 0 0 0 0 2.384 303 47 2 2 0
./complex_md-fit_262.pdb BC A 6.24491 29.3162 -2.2899 -6.9989 -8.28644 -24.5309 -0.811221 41.9412 -24.4239 9.78439 7.95488 2.84025 0 0 0 0.212862 2.5017 0.0278746 0 0 0 0 0 2.384 303 50 3 3 0
./complex_md-fit_263.pdb BC A 6.22516 27.6903 -11.7093 -8.45567 -8.79426 -24.4719 -0.876877 39.9928 -24.9352 4.36254 7.41147 3.53942 0 0 0 0.518423 2.80533 0 0 0 0 0 0 2.384 303 53 0 0 0
./complex_md-fit_264.pdb BC A 6.63492 28.5215 -5.61559 -7.09246 -6.91569 -24.6944 -0.696092 41.2384 -24.5069 7.93795 6.23592 2.46765 0 0 0 0.374699 2.96469 0.0353533 0 0 0 0 0 2.384 303 53 2 2 0
./complex_md-fit_265.pdb BC A 5.72554 30.6348 -4.69482 -5.55128 -6.43524 -23.8129 -0.628676 38.683 -24.5323 6.65702 7.78044 2.7791 0 0 0 0.355051 2.35741 0.0110392 0 0 0 0 0 2.384 303 51 0 0 0
./complex_md-fit_266.pdb BC A 7.0074 35.2402 -12.394 -7.51497 -13.5746 -25.4238 -0.980438 43.7748 -24.8103 4.16139 8.84937 2.50428 0 0 0 0.63499 2.95154 -0.0146897 0 0 0 0 0 2.384 303 53 0 0 0
./complex_md-fit_267.pdb BC A 7.50279 32.3268 -14.1363 -6.48736 -11.2218 -23.8837 -0.807652 39.4627 -24.0881 3.08714 6.98475 2.2401 0 0 0 0.549865 2.5317 0.0277673 0 0 0 0 0 2.384 303 49 0 0 0
./complex_md-fit_268.pdb BC A 8.57232 31.662 -9.93079 -6.73338 -9.34865 -22.5923 -0.902069 38.5397 -22.8313 4.984 6.43446 2.21324 0 0 0 0.277144 2.32591 0.0283777 0 0 0 0 0 2.384 303 50 1 1 0
./complex_md-fit_269.pdb BC A 6.51648 29.4416 -13.8677 -8.40524 -11.7778 -23.8261 -0.88811 39.8941 -23.5722 4.68089 7.16361 2.70624 0 0 0 0.156942 2.64624 0 0 0 0 0 0 2.384 303 49 1 1 0
./complex_md-fit_26.pdb BC A 7.44432 32.6434 -7.95605 -8.61662 -9.97924 -24.1944 -0.913996 41.5045 -23.3037 6.21312 7.1648 3.55219 0 0 0 0.477411 1.88733 0.0836698 0 0 0 0 0.0561988 2.384 303 51 0 0 0
./complex_md-fit_270.pdb BC A 7.22043 34.6565 -9.17434 -6.64713 -11.4962 -24.0796 -1.02119 41.1058 -24.0884 3.84376 9.36835 3.36927 0 0 0 0.49662 2.82058 -0.0255792 0 0 0 0 0 2.384 303 52 0 0 0
./complex_md-fit_271.pdb BC A 7.94829 37.968 -6.85954 -5.17272 -10.9866 -23.9381 -0.725106 41.2672 -24.3116 6.21998 7.6599 2.65233 0 0 0 0.475312 2.65017 0 0 0 0 0 0 2.384 303 53 0 0 0
./complex_md-fit_272.pdb BC A 6.98148 32.2284 -8.82361 -6.694 -10.6017 -24.7749 -0.826744 42.9052 -24.72 5.85891 7.38463 2.19662 0 0 0 0.443427 2.65977 0 0 0 0 0 0.00494349 2.384 303 50 0 0 0
./complex_md-fit_273.pdb BC A 8.05626 31.9725 -12.886 -7.60735 -10.5573 -24.241 -0.788439 40.7586 -24.0739 3.39783 7.50153 2.32219 0 0 0 0.428547 2.86359 -0.0267414 0 0 0 0 0 2.384 303 53 0 0 0
./complex_md-fit_274.pdb BC A 8.03787 33.7192 -8.80359 -8.14559 -11.2279 -25.3083 -0.781982 42.6271 -25.521 8.35673 7.31957 3.53078 0 0 0 0.325253 3.09871 0.0216989 0 0 0 0 0 2.384 303 54 1 1 0
./complex_md-fit_275.pdb BC A 9.51464 25.9117 -6.39309 -7.71624 -6.28144 -24.066 -0.748375 39.5741 -24.3001 6.15189 7.14384 3.44869 0 0 0 0.400501 2.40219 0 0 0 0 0 0 2.384 303 51 1 1 0
./complex_md-fit_276.pdb BC A 8.71476 26.4469 -12.3658 -6.82188 -10.8369 -25.0552 -0.672986 42.0154 -25.4743 4.20156 7.31675 2.22809 0 0 0 0.733692 2.59402 1.11022e-16 0 0 0 0 0 2.384 303 51 0 0 0
./complex_md-fit_277.pdb BC A 7.409 25.7536 -8.67859 -6.14603 -8.56931 -24.0794 -0.803548 40.4436 -24.01 4.82289 7.17193 2.40326 0 0 0 0.114189 2.73693 -0.0262116 0 0 0 0 0 2.384 303 49 1 1 0
./complex_md-fit_278.pdb BC A 6.72527 29.6926 -8.48002 -7.38704 -9.3208 -24.8079 -0.994362 41.3514 -24.6821 6.19253 7.57833 3.43488 0 0 0 0.155074 2.55266 0 0 0 0 0 0 2.384 303 55 1 1 0
./complex_md-fit_279.pdb BC A 9.31498 34.8137 -1.92859 -5.31867 -7.56414 -24.543 -0.720459 42.4039 -24.0499 7.38374 7.26153 2.73101 0 0 0 0.492462 2.68977 -0.005051 0 0 0 0 0 2.384 303 52 1 1 0
./complex_md-fit_27.pdb BC A 9.581 35.0343 -8.12627 -7.02705 -10.2438 -23.1904 -0.921895 40.2431 -22.4395 5.97215 6.47573 2.58295 0 0 0 0.397374 2.34843 0.0163502 0 0 0 0 0.00866306 2.384 303 50 1 1 0
./complex_md-fit_280.pdb BC A 7.35763 33.3252 -5.47078 -5.21933 -10.2386 -25.1848 -0.726803 43.8681 -24.5733 4.57989 8.44135 3.38463 0 0 0 0.194145 4.1701 0.0039085 0 0 0 0 0 2.384 303 56 0 0 0
./complex_md-fit_281.pdb BC A 6.41475 36.6589 -12.9589 -6.4362 -11.0728 -23.6358 -0.634454 40.6065 -23.7204 2.04534 6.82313 2.97771 0 0 0 0.058392 2.72805 0.0296536 0 0 0 0 0 2.384 303 52 0 0 0
./complex_md-fit_282.pdb BC A 6.27913 29.1058 -6.88757 -4.4305 -9.9638 -24.0647 -0.69896 43.0332 -23.734 3.12053 7.08367 2.42784 0 0 0 0.339203 2.61083 5.55112e-17 0 0 0 0 0 2.384 303 56 0 0 0
./complex_md-fit_283.pdb BC A 7.84729 28.2056 -17.3031 -6.57244 -13.8478 -24.2744 -0.699273 40.1694 -24.5668 1.94848 8.40392 1.89678 0 0 0 0.239024 2.59999 0 0 0 0 0 0 2.384 303 56 0 0 0
./complex_md-fit_284.pdb BC A 6.36873 29.0739 -2.6261 -3.4608 -9.19403 -23.9177 -0.737018 41.9319 -23.7694 5.76216 6.83122 3.6988 0 0 0 0.192465 2.98131 0.0320403 0 0 0 0 0.00420783 2.384 303 56 1 1 0
./complex_md-fit_285.pdb BC A 6.70935 29.8681 -6.73007 -5.26894 -9.87757 -23.8612 -0.681775 42.9409 -22.9486 2.07374 6.93476 3.6267 0 0 0 0.303957 2.67906 0.0280642 0 0 0 0 0 2.384 303 53 0 0 0
./complex_md-fit_286.pdb BC A 7.12977 32.3656 -3.95549 -6.96427 -7.90815 -23.8439 -0.751577 41.1619 -23.6756 7.47463 6.60579 3.7063 0 0 0 0.239419 2.33306 0 0 0 0 0 0 2.384 303 52 2 2 0
./complex_md-fit_287.pdb BC A 5.57371 30.0315 -8.59271 -6.35841 -9.20198 -23.9818 -0.615063 41.637 -23.8533 4.85419 6.6293 2.05205 0 0 0 0.245315 2.89591 0 0 0 0 0 0 2.384 303 52 2 2 0
./complex_md-fit_288.pdb BC A 7.53539 34.4041 -4.94394 -5.92293 -9.30575 -24.2678 -0.651329 41.8055 -24.2585 6.45833 7.70031 3.28676 0 0 0 0.211492 2.55784 0 0 0 0 0 0 2.384 303 53 2 2 0
./complex_md-fit_289.pdb BC A 10.5939 28.2306 -7.41034 -5.13907 -10.4717 -24.2828 -0.636195 40.7468 -24.7175 7.1908 6.76409 2.10895 0 0 0 1.02635 2.52515 0 0 0 0 0 0 2.384 303 52 1 1 0
./complex_md-fit_28.pdb BC A 8.70331 25.8779 -7.50519 -8.05551 -7.95397 -23.0689 -0.852986 40.6791 -22.6412 6.61009 5.68708 1.72874 0 0 0 0.360592 2.2966 -5.55112e-17 0 0 0 0 0.00185121 2.384 303 52 1 1 0
./complex_md-fit_290.pdb BC A 6.21888 26.8487 -2.67106 -4.20125 -8.6284 -23.7298 -0.822852 41.1712 -23.6115 7.40786 7.01238 2.5562 0 0 0 0.197148 2.27037 -0.0270172 0 0 0 0 0.00502109 2.384 303 48 1 1 0
./complex_md-fit_291.pdb BC A 7.26788 27.9494 -5.53272 -4.38043 -10.2395 -23.5473 -0.886902 41.9253 -23.1456 4.5324 7.17207 2.90283 0 0 0 0.150766 2.47408 -0.0163929 0 0 0 0 0 2.384 303 50 1 1 0
./complex_md-fit_292.pdb BC A 7.60395 26.1399 -8.21502 -6.32526 -7.76607 -22.9598 -0.827169 38.5293 -22.8617 3.28427 7.30267 3.1348 0 0 0 0.273882 2.41856 0 0 0 0 0 0 2.384 303 49 0 0 0
./complex_md-fit_293.pdb BC A 7.23365 29.108 -2.63802 -4.95538 -7.49594 -23.8034 -0.684698 41.7035 -23.7341 6.12129 6.89401 3.0246 0 0 0 0.264429 2.6142 0.0277117 0 0 0 0 0 2.384 303 54 1 1 0
./complex_md-fit_294.pdb BC A 6.32193 29.3574 0.827734 -5.34544 -9.17871 -25.535 -0.565713 44.1922 -25.7753 10.412 7.88113 4.44136 0 0 0 0.278314 2.80472 0.0228954 0 0 0 0 0 2.384 303 56 3 3 0
./complex_md-fit_295.pdb BC A 7.58498 24.2578 -7.09845 -6.26607 -7.06488 -24.0117 -0.540018 40.6561 -24.4698 5.39678 6.82428 2.15192 0 0 0 0.224903 2.80067 0 0 0 0 0 0 2.384 303 54 0 0 0
./complex_md-fit_296.pdb BC A 7.13201 30.0766 -1.61833 -4.11401 -7.35436 -23.0686 -0.702026 39.778 -22.6841 6.54439 7.21313 2.48201 0 0 0 0.317171 3.04282 -0.034418 0 0 0 0 0.00456453 2.384 303 50 1 1 0
./complex_md-fit_297.pdb BC A 7.57558 40.7031 -6.1613 -5.40059 -9.87531 -23.4508 -0.517843 41.0587 -23.136 4.69432 7.67889 2.43619 0 0 0 0.351191 3.00795 0 0 0 0 0 0 2.384 303 52 0 0 0
./complex_md-fit_298.pdb BC A 12.4397 24.7828 -7.51353 -5.6224 -10.7454 -23.6626 -0.718701 41.1114 -23.7169 5.38754 7.30454 2.56663 0 0 0 0.54784 2.17747 0.026967 0 0 0 0 0.00760818 2.384 303 52 0 0 0
./complex_md-fit_299.pdb BC A 6.38384 27.8268 -10.1648 -7.83794 -9.6706 -24.8711 -0.676078 40.5422 -25.3558 6.50447 8.41383 2.44655 0 0 0 0.3396 2.7648 0 0 0 0 0 0 2.384 303 49 1 1 0
./complex_md-fit_29.pdb BC A 7.37055 25.1755 -7.60497 -7.3646 -8.38156 -23.2232 -0.648211 41.0076 -22.3397 3.13047 5.63786 3.97299 0 0 0 0.605662 2.56802 -0.00916038 0 0 0 0 0.00679136 2.384 303 49 0 0 0
./complex_md-fit_2.pdb BC A 9.76763 31.0744 -12.4025 -8.60568 -10.6339 -26.0499 -0.779781 42.8004 -26.2326 7.20529 7.66205 1.793 0 0 0 0.399621 2.9514 0.0209583 0 0 0 0 0.0180192 2.384 303 53 1 1 0
./complex_md-fit_300.pdb BC A 7.97846 23.3886 -6.74297 -6.45706 -7.56124 -24.2914 -0.926484 41.4692 -24.183 5.82607 6.2308 2.63895 0 0 0 0.511215 2.62003 0 0 0 0 0 0 2.384 303 51 1 1 0
./complex_md-fit_301.pdb BC A 8.11167 30.1193 -8.63282 -6.13769 -8.41465 -24.4078 -0.621832 40.1363 -24.6542 5.42766 6.90696 2.66578 0 0 0 0.46671 2.68061 0 0 0 0 0 0 2.384 303 54 0 0 0
./complex_md-fit_302.pdb BC A 6.24761 28.1487 -6.32185 -5.51747 -7.4808 -24.2464 -0.653627 41.594 -24.4597 4.46453 5.57119 4.08753 0 0 0 0.320094 2.59085 -0.0145049 0 0 0 0 0.0132956 2.384 303 56 0 0 0
./complex_md-fit_303.pdb BC A 8.78032 27.7792 -12.0196 -9.2698 -9.63591 -25.0734 -0.862811 42.2366 -25.6431 4.55261 7.81967 3.60905 0 0 0 0.194905 2.41059 0.00457043 0 0 0 0 0.0479702 2.384 303 55 1 1 0
./complex_md-fit_304.pdb BC A 6.84352 30.6701 -8.34496 -6.52042 -10.2074 -23.1203 -0.945922 41.6228 -22.0395 2.49383 7.5819 2.68449 0 0 0 0.105521 2.91963 -5.55112e-17 0 0 0 0 0 2.384 303 56 0 0 0
./complex_md-fit_305.pdb BC A 6.5723 39.8522 -0.6016 -4.33333 -6.16493 -22.6006 -0.755624 38.8535 -22.0813 6.97286 5.78297 3.26057 0 0 0 0.425193 2.50253 0.0391216 0 0 0 0 0 2.384 303 55 1 1 0
./complex_md-fit_306.pdb BC A 11.0545 27.8863 -4.36918 -5.99441 -10.8533 -23.8198 -0.480008 41.9835 -22.9369 7.08966 8.21839 2.23772 0 0 0 0.156997 2.55766 0.0289998 0 0 0 0 2.22045e-16 2.384 303 55 1 1 0
./complex_md-fit_307.pdb BC A 9.55348 32.9713 0.388115 -5.83469 -7.51176 -24.4494 -0.643282 43.4099 -23.972 8.65599 7.3192 3.26171 0 0 0 0.112948 2.70797 0.0396027 0 0 0 0 0 2.384 303 55 2 2 0
./complex_md-fit_308.pdb BC A 6.7652 35.2965 -6.00778 -5.34185 -10.1948 -23.366 -0.762963 40.6805 -22.8871 5.19023 7.92141 2.70162 0 0 0 0.0707661 2.76283 -0.0195561 0 0 0 0 0 2.384 303 54 1 1 0
./complex_md-fit_309.pdb BC A 8.65529 36.2109 -6.40933 -6.17934 -8.33535 -21.9681 -0.690344 37.9918 -21.515 5.62386 5.74995 2.75865 0 0 0 0.154525 2.28677 0 0 0 0 0 0 2.384 303 54 0 0 0
./complex_md-fit_30.pdb BC A 7.78156 32.8235 -12.4623 -9.59499 -10.8065 -23.8258 -0.805185 40.7284 -23.6474 6.32434 6.06084 2.49311 0 0 0 0.505488 2.31184 0.065534 0 0 0 0 0.039791 2.384 303 48 1 1 0
./complex_md-fit_310.pdb BC A 6.14967 29.3362 -0.468014 -4.93204 -7.39888 -23.2648 -0.464985 40.8806 -22.7278 6.56919 6.90867 3.84823 0 0 0 0.113765 2.48074 -5.55112e-17 0 0 0 0 0 2.384 303 52 2 2 0
./complex_md-fit_311.pdb BC A 6.12533 30.3176 -3.81589 -4.43819 -9.98596 -26.0244 -0.741758 47.0136 -25.6454 4.67637 7.79934 2.9674 0 0 0 0.488266 3.12924 0.032814 0 0 0 0 0.0419818 2.384 303 52 0 0 0
./complex_md-fit_312.pdb BC A 8.85409 32.5293 -8.69728 -9.5209 -12.7257 -25.7118 -0.848118 45.8721 -25.0468 3.79741 10.5973 4.73404 0 0 0 0.122018 3.14514 -0.0141065 0 0 0 0 0.0471901 2.384 303 53 1 1 0
./complex_md-fit_313.pdb BC A 5.86106 33.1011 -11.2623 -7.11472 -10.9651 -24.3865 -0.703486 41.6245 -24.4382 4.52157 7.34336 2.54834 0 0 0 0.307988 2.6524 0 0 0 0 0 0 2.384 303 53 1 1 0
./complex_md-fit_314.pdb BC A 8.32515 32.615 -10.1006 -7.68514 -11.0189 -25.0884 -0.61395 42.4781 -25.3523 4.05875 8.2811 4.73629 0 0 0 0.0665897 2.41639 0 0 0 0 0 0.0372456 2.384 303 53 0 0 0
./complex_md-fit_315.pdb BC A 8.27755 25.0201 -7.33113 -6.68465 -9.68239 -25.1971 -0.719628 44.9724 -24.7516 3.7332 7.8797 2.86113 0 0 0 0.21027 3.25691 0 0 0 0 0 0.0474722 2.384 303 56 0 0 0
./complex_md-fit_316.pdb BC A 7.33668 28.2502 -3.83038 -8.32228 -10.3772 -27.2056 -0.838646 48.3647 -26.8825 7.99659 9.63945 3.50033 0 0 0 0.271396 3.41507 -1.11022e-16 0 0 0 0 0.0233851 2.384 303 57 1 1 0
./complex_md-fit_317.pdb BC A 11.9661 29.1808 -8.3695 -7.22826 -11.1165 -25.9225 -0.66091 45.6594 -26.018 4.46315 8.34252 3.76808 0 0 0 0.291662 3.22061 0.00517236 0 0 0 0 0.0467388 2.384 303 58 0 0 0
./complex_md-fit_318.pdb BC A 7.56036 30.5054 -10.0296 -8.27527 -11.5555 -27.7896 -0.879459 49.8298 -27.3472 3.92058 7.7679 3.86077 0 0 0 0.375981 3.54134 0.0240152 0 0 0 0 0.0384503 2.384 303 56 0 0 0
./complex_md-fit_319.pdb BC A 5.58657 32.7888 -6.99403 -7.75772 -9.47454 -25.4432 -0.518917 44.7366 -24.8198 4.19488 8.17596 3.55091 0 0 0 0.312587 2.95613 0 0 0 0 0 0.0491757 2.384 303 53 1 1 0
./complex_md-fit_31.pdb BC A 8.16389 31.4796 -9.39019 -8.13673 -10.5722 -24.092 -0.582842 41.6692 -23.2777 5.6263 5.88412 3.69429 0 0 0 0.377996 2.56921 -0.0104761 0 0 0 0 0.0298869 2.384 303 51 1 1 0
./complex_md-fit_320.pdb BC A 10.3387 31.5219 -8.54635 -9.47316 -10.4497 -25.8124 -0.701235 45.7673 -25.728 5.39787 7.91828 4.33651 0 0 0 0.164454 2.78111 0.0203006 0 0 0 0 0.0134015 2.384 303 54 1 1 0
./complex_md-fit_321.pdb BC A 6.97329 37.757 -9.51816 -9.67992 -11.4157 -24.9131 -0.536226 44.5347 -24.2677 3.08674 7.81763 5.17909 0 0 0 0.649382 3.03075 0.0270255 0 0 0 0 0 2.384 303 59 0 0 0
./complex_md-fit_322.pdb BC A 9.73108 29.9554 -10.7456 -8.62151 -11.7692 -25.9135 -0.601907 44.8737 -25.5626 4.85769 7.71616 4.04468 0 0 0 0.182015 2.79034 0 0 0 0 0 0.0489176 2.384 303 54 1 1 0
./complex_md-fit_323.pdb BC A 6.92977 35.6064 -8.5588 -10.5818 -11.2677 -25.686 -0.833426 45.7528 -25.4292 6.84875 8.58353 3.89888 0 0 0 0.120504 2.85875 2.77556e-17 0 0 0 0 0.0348721 2.384 303 56 2 2 0
./complex_md-fit_324.pdb BC A 9.18891 34.2203 2.70686 -7.91031 -7.06521 -26.3309 -0.716671 47.3654 -25.7399 10.8124 8.9532 2.93012 0 0 0 0.383224 2.84026 0 0 0 0 0 0.0254938 2.384 303 55 3 3 0
./complex_md-fit_325.pdb BC A 9.15014 34.2772 -8.6264 -8.4095 -7.24698 -25.0359 -0.659294 43.6984 -25.1056 2.79536 6.98395 4.13201 0 0 0 0.194259 2.69359 -0.00931045 0 0 0 0 0.0362029 2.384 303 53 0 0 0
./complex_md-fit_326.pdb BC A 7.37731 38.4111 -0.967877 -7.8039 -6.03148 -25.4262 -0.668201 44.8968 -25.2796 7.8975 7.95424 2.86778 0 0 0 0.618393 3.19351 -0.0183797 0 0 0 0 0.0251987 2.384 303 53 1 1 0
./complex_md-fit_327.pdb BC A 10.387 29.3106 -3.79576 -8.11332 -9.54848 -26.298 -0.523701 44.8676 -26.406 8.96142 9.19451 3.73168 0 0 0 0.287593 3.07897 3.46945e-18 0 0 0 0 0.0509324 2.384 303 54 1 1 0
./complex_md-fit_328.pdb BC A 8.12847 40.1176 -4.22666 -7.69247 -7.10627 -26.0176 -0.760056 45.3401 -26.0014 7.42264 6.95097 3.17788 0 0 0 0.402454 3.12205 -2.77556e-17 0 0 0 0 0.0571257 2.384 303 52 2 2 0
./complex_md-fit_329.pdb BC A 6.25167 25.4432 -4.20534 -7.08871 -9.4421 -25.6931 -0.776429 45.9073 -25.6792 5.1424 7.21467 5.78791 0 0 0 0.356074 2.92241 0.0249446 0 0 0 0 0.040858 2.384 303 53 0 0 0
./complex_md-fit_32.pdb BC A 10.9218 35.5576 -10.7302 -9.01542 -10.8603 -23.911 -0.985772 40.6175 -23.3993 6.55431 6.55941 2.88218 0 0 0 0.801766 2.70342 -0.0111722 0 0 0 0 0.0376126 2.384 303 53 0 0 0
./complex_md-fit_330.pdb BC A 8.91626 34.2045 -2.04273 -9.77801 -7.60714 -25.2421 -0.670425 44.9635 -24.9522 8.27816 8.9967 3.72197 0 0 0 0.259534 2.69166 -0.012699 0 0 0 0 0 2.384 303 53 2 2 0
./complex_md-fit_331.pdb BC A 7.08588 32.2631 -3.73513 -7.68964 -7.68142 -24.6397 -0.750618 44.1974 -24.3755 5.23171 7.16854 4.4771 0 0 0 0.24298 2.91418 0.0333887 0 0 0 0 0.0506247 2.384 303 55 1 1 0
./complex_md-fit_332.pdb BC A 9.71954 28.0436 -10.4299 -10.599 -11.1014 -25.1559 -0.792536 42.231 -25.4771 7.67125 9.07719 3.6132 0 0 0 0.0604151 2.82112 0 0 0 0 0 0.0429125 2.384 303 53 1 1 0
./complex_md-fit_333.pdb BC A 7.18836 25.0507 -10.1024 -10.0867 -11.7637 -24.9918 -0.72337 43.0003 -24.4803 7.42983 7.91074 3.18532 0 0 0 0.37259 2.85849 5.55112e-17 0 0 0 0 0.04464 2.384 303 59 1 1 0
./complex_md-fit_334.pdb BC A 7.80248 31.1705 -4.70545 -6.72584 -7.32649 -25.3697 -0.664517 43.7692 -25.1995 6.39244 7.75756 2.44553 0 0 0 0.139514 3.53879 0.0271516 0 0 0 0 0.0492473 2.384 303 54 0 0 0
./complex_md-fit_335.pdb BC A 9.23612 37.6174 -3.24011 -8.14461 -7.79064 -25.8198 -0.848577 44.3369 -25.0337 9.19625 7.22518 3.13288 0 0 0 0.470449 3.27029 0 0 0 0 0 0.0356193 2.384 303 55 0 0 0
./complex_md-fit_336.pdb BC A 7.09463 26.0645 -4.68204 -8.93354 -8.69937 -26.1508 -0.601285 46.0762 -26.0235 7.85398 8.043 3.52226 0 0 0 0.231067 3.02545 0 0 0 0 0 0 2.384 303 56 2 2 0
./complex_md-fit_337.pdb BC A 6.40734 24.4167 -5.83177 -7.33548 -7.58522 -25.2093 -0.545869 44.4808 -25.2686 4.05956 7.14888 4.14108 0 0 0 0.218029 3.98794 0.0246805 0 0 0 0 0.0396639 2.384 303 52 1 1 0
./complex_md-fit_338.pdb BC A 8.43006 33.4333 -1.80693 -6.55955 -7.96941 -26.5196 -0.784025 48.3242 -26.1732 6.05821 7.37072 4.04637 0 0 0 0.341407 3.42969 0.0198326 0 0 0 0 0.0381405 2.384 303 55 0 0 0
./complex_md-fit_339.pdb BC A 8.18565 46.2741 -0.602716 -7.4655 -5.97563 -26.0079 -0.645403 45.7139 -25.5755 6.47979 8.51891 3.74172 0 0 0 0.56314 3.22519 0 0 0 0 0 0.0496973 2.384 303 56 1 1 0
./complex_md-fit_33.pdb BC A 9.74362 32.1055 -5.83047 -6.75964 -5.68446 -23.7942 -0.638605 41.2184 -23.1625 5.13598 5.05935 2.32633 0 0 0 0.370993 2.50913 0.0793497 0 0 0 0 0.0184959 2.384 303 46 1 1 0
./complex_md-fit_340.pdb BC A 7.25671 31.535 -10.4341 -10.9452 -9.19602 -26.149 -0.762937 45.3164 -26.0574 5.93292 6.96166 4.26733 0 0 0 0.154954 3.40261 0 0 0 0 0 0.0431899 2.384 303 54 1 1 0
./complex_md-fit_341.pdb BC A 8.0613 33.9746 -2.15069 -6.11295 -7.95483 -25.9866 -0.723131 45.9384 -25.8352 7.93019 5.90157 3.82599 0 0 0 0.817116 3.23013 0 0 0 0 0 0.048766 2.384 303 56 1 1 0
./complex_md-fit_342.pdb BC A 7.4373 32.66 -0.613774 -6.53486 -5.81359 -26.5432 -0.638321 45.668 -27.159 9.23993 6.66995 4.00724 0 0 0 0.470347 2.84693 2.77556e-17 0 0 0 0 0.0196954 2.384 303 54 2 2 0
./complex_md-fit_343.pdb BC A 6.81297 35.5624 -7.63305 -7.97029 -6.78987 -24.5079 -0.659997 42.0522 -24.4018 4.60791 6.3494 3.26806 0 0 0 0.382555 2.97705 0 0 0 0 0 0.0366113 2.384 303 54 0 0 0
./complex_md-fit_344.pdb BC A 6.54654 31.1346 -4.1918 -7.09212 -10.8236 -24.7008 -0.741299 44.6143 -23.8822 5.64669 9.05901 3.65636 0 0 0 0.0718615 2.97256 0 0 0 0 0 0 2.384 303 52 2 2 0
./complex_md-fit_345.pdb BC A 7.20204 27.7141 -5.95692 -8.4092 -11.6943 -26.5613 -0.660495 48.0387 -25.774 5.87601 9.37126 3.74235 0 0 0 0.0870445 3.32019 -0.0176253 0 0 0 0 0.0446434 2.384 303 59 0 0 0
./complex_md-fit_346.pdb BC A 8.91327 30.8072 -9.1166 -9.1426 -12.0441 -25.2656 -0.668153 43.3936 -24.8053 6.68021 8.56665 3.35091 0 0 0 0.743977 2.57719 0.0394322 0 0 0 0 0.0344595 2.384 303 54 1 1 0
./complex_md-fit_347.pdb BC A 6.49006 30.6646 -9.41849 -10.7289 -10.1153 -26.1029 -0.714011 43.6389 -26.2312 9.55032 7.84476 3.26113 0 0 0 0.132411 3.02857 0.00652092 0 0 0 0 0.0397716 2.384 303 51 2 2 0
./complex_md-fit_348.pdb BC A 7.64835 26.9055 -2.70995 -7.0146 -10.4716 -26.3663 -1.10036 46.2132 -26.3699 9.69088 8.22064 4.14085 0 0 0 0.257222 3.37168 0.0375304 0 0 0 0 0.0523998 2.384 303 54 3 3 0
./complex_md-fit_349.pdb BC A 8.59266 37.2604 -7.63501 -7.00997 -11.3641 -25.7425 -0.711706 44.0876 -25.8648 6.92132 7.8433 3.82727 0 0 0 0.31816 2.84566 0.0286237 0 0 0 0 0.031808 2.384 303 57 1 1 0
./complex_md-fit_34.pdb BC A 7.72312 29.9754 -0.890773 -5.05719 -7.6709 -22.9722 -0.756978 40.671 -22.6124 10.2825 4.96218 1.79287 0 0 0 0.470357 2.45531 0 0 0 0 0 0 2.384 303 51 2 2 0
./complex_md-fit_350.pdb BC A 5.74924 31.5544 -7.7926 -8.48152 -12.9821 -26.8575 -0.686971 47.137 -26.568 4.85614 10.2095 5.41543 0 0 0 0.16544 3.0818 0 0 0 0 0 0 2.384 303 55 1 1 0
./complex_md-fit_351.pdb BC A 5.70924 26.107 -3.71019 -7.11941 -5.32076 -24.4655 -0.564315 41.8862 -24.6412 6.2234 6.25924 3.70211 0 0 0 0.274089 2.6966 0.0303468 0 0 0 0 0.0255624 2.384 303 53 1 1 0
./complex_md-fit_352.pdb BC A 7.17799 30.7828 -6.22997 -7.33936 -9.21176 -25.4661 -0.85821 42.6958 -25.8652 7.22975 7.92154 4.03501 0 0 0 0.600238 2.87929 -0.0158673 0 0 0 0 0.0441578 2.384 303 55 1 1 0
./complex_md-fit_353.pdb BC A 8.51529 28.4678 -12.3868 -8.91962 -12.1606 -26.7584 -0.633127 45.6121 -26.7315 5.84775 6.76646 4.12036 0 0 0 0.433857 2.93009 0.0359204 0 0 0 0 0 2.384 303 55 0 0 0
./complex_md-fit_354.pdb BC A 7.14513 25.7492 -6.63015 -5.77517 -10.0031 -25.2746 -0.741253 43.7206 -25.3489 4.14654 7.90184 4.37345 0 0 0 0.322132 2.61482 0 0 0 0 0 0.0483341 2.384 303 55 1 1 0
./complex_md-fit_355.pdb BC A 7.59921 28.1237 -14.1334 -8.79236 -10.822 -23.5403 -0.685109 40.3521 -23.3777 1.71945 6.7441 4.04012 0 0 0 0.183289 2.50566 0 0 0 0 0 0.044958 2.384 303 51 0 0 0
./complex_md-fit_356.pdb BC A 7.74076 31.9905 -12.2167 -11.0068 -11.7536 -26.2164 -1.0099 45.6827 -25.6934 6.41253 7.25809 3.91569 0 0 0 0.175095 4.11579 0 0 0 0 0 0.0192448 2.384 303 53 1 1 0
./complex_md-fit_357.pdb BC A 8.76131 36.8724 -4.11161 -6.18602 -8.19833 -25.646 -0.607924 46.3183 -25.6159 5.80843 6.78845 2.37441 0 0 0 0.8097 3.77173 0 0 0 0 0 0.0432911 2.384 303 52 0 0 0
./complex_md-fit_358.pdb BC A 6.36348 27.4349 -7.72782 -8.73571 -8.2207 -26.0391 -0.674848 46.1524 -26.3452 5.28967 7.0247 3.48444 0 0 0 0.351666 2.59735 -0.0427268 0 0 0 0 0.027606 2.384 303 54 0 0 0
./complex_md-fit_359.pdb BC A 7.48188 34.8298 -11.8066 -6.62929 -10.2124 -27.0397 -0.859128 46.0202 -27.226 3.56176 6.45479 3.79008 0 0 0 0.295415 3.1455 0.037692 0 0 0 0 0 2.384 303 54 0 0 0
./complex_md-fit_35.pdb BC A 8.22254 29.9472 -9.40572 -7.54705 -11.8221 -24.2522 -0.98461 42.7322 -23.6473 6.50457 7.53557 1.79836 0 0 0 0.211367 3.28731 0.0175775 0 0 0 0 0.0478357 2.384 303 49 1 1 0
./complex_md-fit_360.pdb BC A 8.32314 31.2292 -15.2229 -9.62336 -10.9091 -25.3743 -0.640389 42.2754 -25.5378 2.70845 7.37427 4.05684 0 0 0 0.378416 2.91778 0.0205105 0 0 0 0 0.0481255 2.384 303 54 0 0 0
./complex_md-fit_361.pdb BC A 8.09112 31.6835 -4.95725 -7.76239 -8.74468 -26.299 -0.80177 46.6983 -26.4374 5.85052 7.97637 4.11776 0 0 0 0.406572 4.36379 -0.0107191 0 0 0 0 0.0492689 2.384 303 51 1 1 0
./complex_md-fit_362.pdb BC A 7.54287 27.3463 -14.128 -9.46375 -12.8084 -26.4509 -0.699892 45.012 -26.6027 3.28753 8.37786 5.02424 0 0 0 0.192084 3.22953 0 0 0 0 0 0.00392471 2.384 303 48 0 0 0
./complex_md-fit_363.pdb BC A 8.9418 29.1191 -1.96501 -6.89347 -8.07476 -26.2908 -0.655636 45.2836 -26.5904 8.89759 7.85767 4.08091 0 0 0 0.36967 2.86553 0 0 0 0 0 0.0506208 2.384 303 52 2 2 0
./complex_md-fit_364.pdb BC A 7.54848 32.4885 -10.1855 -7.69123 -10.0672 -23.9933 -0.729561 40.193 -24.221 3.59935 7.86201 4.625 0 0 0 0.13788 3.2367 0.0415186 0 0 0 0 0.0580041 2.384 303 50 0 0 0
./complex_md-fit_365.pdb BC A 7.32534 31.0043 -6.138 -7.67925 -9.43553 -25.6329 -0.735196 45.0829 -25.5378 5.8919 7.68403 3.82443 0 0 0 0.336951 3.05772 0 0 0 0 0 0.062427 2.384 303 54 2 2 0
./complex_md-fit_366.pdb BC A 8.93761 38.5993 -10.9653 -9.49705 -12.0208 -26.6078 -0.883337 45.4625 -26.7838 5.74213 9.25433 3.65819 0 0 0 0.710321 2.69709 2.77556e-17 0 0 0 0 0 2.384 303 53 2 2 0
./complex_md-fit_367.pdb BC A 13.9624 24.7315 -10.8974 -7.69816 -10.1392 -25.3363 -0.561634 42.7426 -25.7908 4.08624 7.64448 3.91177 0 0 0 0.224586 2.96195 -5.55112e-17 0 0 0 0 0.0190299 2.384 303 53 0 0 0
./complex_md-fit_368.pdb BC A 7.57981 30.5415 -9.67563 -7.44184 -9.29395 -25.8128 -0.73205 43.0899 -25.9408 5.09337 6.86531 4.31594 0 0 0 0.160117 2.64785 0 0 0 0 0 0.0211323 2.384 303 53 1 1 0
./complex_md-fit_369.pdb BC A 6.18081 30.4851 -7.21731 -9.36732 -9.13946 -25.098 -0.808796 43.4399 -24.9062 5.88409 8.71082 3.86572 0 0 0 0.146182 3.26785 0 0 0 0 0 0.055849 2.384 303 53 0 0 0
./complex_md-fit_36.pdb BC A 6.98973 35.2753 -7.61652 -7.12982 -9.73515 -23.9814 -0.673062 42.7485 -23.1522 5.1587 5.84614 2.88998 0 0 0 0.381289 2.73516 0.0233282 0 0 0 0 0.00715504 2.384 303 50 0 0 0
./complex_md-fit_370.pdb BC A 7.57745 37.2134 -14.5058 -9.15196 -12.4711 -26.195 -0.809264 43.5717 -26.3209 4.21815 8.45425 3.65578 0 0 0 0.493615 3.14978 0 0 0 0 0 0.0489804 2.384 303 54 0 0 0
./complex_md-fit_371.pdb BC A 9.62895 32.1372 -4.73824 -9.07284 -7.95588 -24.5979 -0.681186 42.2536 -24.5561 8.43601 6.30864 4.86013 0 0 0 0.248161 2.44234 -0.0154747 0 0 0 0 0.0345733 2.384 303 51 2 2 0
./complex_md-fit_372.pdb BC A 7.79367 26.3599 -9.00673 -6.80649 -9.5422 -24.0943 -0.642856 41.0996 -24.2209 4.6462 6.85018 3.55404 0 0 0 0.149884 3.25884 0 0 0 0 0 0 2.384 303 50 0 0 0
./complex_md-fit_373.pdb BC A 8.13886 36.3154 -7.90521 -7.13718 -11.8623 -23.9945 -0.942774 42.9501 -23.332 4.02309 8.18557 3.5069 0 0 0 0.662446 2.81904 0 0 0 0 0 0.0353123 2.384 303 50 0 0 0
./complex_md-fit_374.pdb BC A 7.37349 34.8507 -2.98721 -7.78645 -9.24905 -24.7345 -0.593418 44.5063 -24.2822 7.27347 7.30184 4.05517 0 0 0 0.497788 3.10228 5.55112e-17 0 0 0 0 0.0238103 2.384 303 52 0 0 0
./complex_md-fit_375.pdb BC A 8.70803 30.2387 -7.50234 -8.47296 -9.50908 -23.4137 -0.913833 41.4706 -22.6509 4.70544 7.2289 3.81547 0 0 0 0.190105 2.74431 0 0 0 0 0 0.0475851 2.384 303 53 0 0 0
./complex_md-fit_376.pdb BC A 9.13986 36.3905 -1.18891 -6.59259 -6.49283 -25.1074 -0.878182 43.3777 -25.3447 7.72417 6.17416 5.579 0 0 0 0.32651 3.1305 0 0 0 0 0 0.0453243 2.384 303 51 1 1 0
./complex_md-fit_377.pdb BC A 6.98754 33.624 -10.1674 -9.4557 -9.98699 -25.8721 -0.673262 44.5555 -26.2872 5.41955 7.94897 4.01972 0 0 0 0.125796 2.95221 -5.55112e-17 0 0 0 0 0.0383237 2.384 303 50 0 0 0
./complex_md-fit_378.pdb BC A 5.76109 30.357 -11.6717 -7.70467 -9.1648 -24.6532 -0.747337 40.9101 -25.1626 4.08382 6.50049 4.05271 0 0 0 0.181241 3.26612 0 0 0 0 0 0.032655 2.384 303 51 0 0 0
./complex_md-fit_379.pdb BC A 7.25945 26.9204 -5.82388 -8.25755 -9.21217 -26.6864 -0.602594 47.9261 -26.5449 6.8312 7.01136 3.37394 0 0 0 0.29107 3.47916 2.77556e-17 0 0 0 0 0.046041 2.384 303 51 1 1 0
./complex_md-fit_37.pdb BC A 7.58754 32.7135 -6.319 -8.252 -10.6019 -25.0816 -0.852092 44.5971 -24.5666 7.67685 6.53475 4.04169 0 0 0 0.142483 3.01104 0.0292449 0 0 0 0 0.0130841 2.384 303 52 1 1 0
./complex_md-fit_380.pdb BC A 7.36858 28.6402 -11.3894 -6.69603 -10.1161 -25.2803 -0.62608 41.525 -26.0004 4.92102 6.93781 3.66082 0 0 0 0.242831 3.15443 0 0 0 0 0 0.0421224 2.384 303 49 0 0 0
./complex_md-fit_381.pdb BC A 12.0959 26.8684 -9.2197 -6.57826 -9.33479 -24.9511 -0.744866 42.4919 -25.0311 3.70195 6.67594 4.38136 0 0 0 0.119528 2.81865 0 0 0 0 0 0.0497434 2.384 303 52 0 0 0
./complex_md-fit_382.pdb BC A 6.80222 33.6058 -8.50743 -7.14873 -9.32822 -25.5282 -0.662884 43.2486 -25.7323 5.67561 6.57054 4.05751 0 0 0 0.303038 3.07492 0.0292776 0 0 0 0 0.00830091 2.384 303 53 1 1 0
./complex_md-fit_383.pdb BC A 7.31036 33.5732 -15.651 -10.9352 -12.5393 -25.0825 -0.607373 43.618 -24.7638 1.79029 8.82094 3.56058 0 0 0 0.463407 2.82654 0 0 0 0 0 0.0239836 2.384 303 50 0 0 0
./complex_md-fit_384.pdb BC A 8.33841 29.8013 -15.5757 -10.3105 -12.8109 -26.5159 -0.817315 44.6525 -26.4264 5.56439 7.314 3.62185 0 0 0 0.101968 2.46793 0 0 0 0 0 0.0506327 2.384 303 52 0 0 0
./complex_md-fit_385.pdb BC A 7.53651 25.9088 -1.65593 -9.09638 -7.65047 -26.639 -0.71022 48.4096 -25.8858 6.91819 7.81977 4.93442 0 0 0 0.194685 3.38006 0 0 0 0 0 0.0493403 2.384 303 52 1 1 0
./complex_md-fit_386.pdb BC A 10.3192 25.3152 -8.92599 -8.72983 -11.3039 -26.232 -0.733656 46.625 -25.5135 5.25239 7.9326 3.44352 0 0 0 0.286379 3.42728 0 0 0 0 0 0.0469182 2.384 303 50 0 0 0
./complex_md-fit_387.pdb BC A 6.75157 22.848 -15.6475 -12.4208 -13.1019 -26.6302 -0.736462 47.4842 -26.272 3.06877 7.78111 4.84398 0 0 0 0.306516 3.57016 2.77556e-17 0 0 0 0 0.0293059 2.384 303 55 0 0 0
./complex_md-fit_388.pdb BC A 9.60024 28.4064 -12.5012 -9.89837 -10.5971 -26.0765 -0.677311 44.9724 -26.3728 3.555 7.32232 5.11826 0 0 0 0.104423 2.70214 0.0121699 0 0 0 0 0.0363256 2.384 303 51 1 1 0
./complex_md-fit_389.pdb BC A 8.41695 33.3658 -10.9025 -9.28191 -12.3636 -28.0334 -0.718403 47.7991 -27.7326 6.10586 8.70656 4.40425 0 0 0 0.168851 2.68942 0 0 0 0 0 0.0428124 2.384 303 54 0 0 0
./complex_md-fit_38.pdb BC A 8.82452 30.4585 -5.12486 -6.50839 -6.9767 -23.7784 -0.654445 41.6063 -23.2126 6.11695 5.66403 2.24553 0 0 0 0.235316 2.63659 0.093002 0 0 0 0 0.0445756 2.384 303 50 1 1 0
./complex_md-fit_390.pdb BC A 6.83513 30.2391 -10.6928 -9.92806 -13.8953 -25.7953 -0.831119 45.2971 -25.1692 6.48706 8.65028 4.21306 0 0 0 0.236289 2.58386 0 0 0 0 0 0.0425062 2.384 303 54 1 1 0
./complex_md-fit_391.pdb BC A 6.6441 30.4381 -4.65117 -5.8729 -10.2816 -25.9655 -0.739271 46.086 -25.4758 7.13084 7.78566 2.22969 0 0 0 0.451656 2.87181 0 0 0 0 0 0 2.384 303 51 1 1 0
./complex_md-fit_392.pdb BC A 6.93369 30.1984 -11.0837 -9.19274 -11.7413 -26.4056 -0.630382 45.8707 -25.7908 5.04646 8.24383 2.88773 0 0 0 0.628329 2.66725 0 0 0 0 0 0 2.384 303 53 1 1 0
./complex_md-fit_393.pdb BC A 10.1163 26.9648 -5.63889 -5.66697 -11.193 -24.1239 -0.80289 42.5361 -23.4649 6.22093 9.09353 1.4795 0 0 0 0.282724 2.26113 0 0 0 0 0 0 2.384 303 51 1 1 0
./complex_md-fit_394.pdb BC A 8.93518 27.7753 -14.4753 -9.67314 -10.3944 -24.7122 -0.607629 41.4816 -24.7119 3.43089 7.09158 3.198 0 0 0 0.349428 2.92959 0.0268532 0 0 0 0 0.0456296 2.384 303 49 0 0 0
./complex_md-fit_395.pdb BC A 7.66961 28.7658 -2.67426 -6.6611 -8.53942 -25.1725 -0.747478 44.3592 -25.4528 8.21261 7.31299 3.82832 0 0 0 0.185871 2.57534 2.77556e-17 0 0 0 0 0 2.384 303 52 2 2 0
./complex_md-fit_396.pdb BC A 6.53573 24.7983 -8.95088 -6.68766 -11.5123 -23.9042 -0.818891 41.0642 -23.4864 5.51058 8.78755 2.03015 0 0 0 0.0660591 2.3367 0 0 0 0 0 0 2.384 303 52 1 1 0
./complex_md-fit_397.pdb BC A 7.98825 31.3776 -6.52448 -5.40301 -8.63097 -24.4852 -0.690951 42.887 -24.965 4.62277 7.07404 2.69479 0 0 0 0.372055 2.57488 0 0 0 0 0 0 2.384 303 49 0 0 0
./complex_md-fit_398.pdb BC A 9.86795 34.379 -4.78754 -6.66172 -7.43529 -24.0128 -0.755023 42.6193 -23.1137 6.27581 6.00362 1.95579 0 0 0 0.331936 2.64307 0 0 0 0 0 0.00458357 2.384 303 50 0 0 0
./complex_md-fit_399.pdb BC A 6.88136 38.5647 -3.24399 -6.48861 -8.39217 -24.669 -0.826658 43.9163 -24.6733 6.40844 8.49917 2.83141 0 0 0 0.143942 2.67214 -5.55112e-17 0 0 0 0 0.00636912 2.384 303 49 1 1 0
./complex_md-fit_39.pdb BC A 9.92246 26.2147 -4.75931 -8.38054 -8.55588 -24.9272 -0.667063 42.6366 -24.4025 9.52618 7.22265 2.43441 0 0 0 0.315776 2.56208 1.11022e-16 0 0 0 0 0.0383371 2.384 303 49 3 3 0
./complex_md-fit_3.pdb BC A 6.59909 31.6947 -5.1849 -7.02153 -7.24683 -24.1948 -0.67068 40.5583 -23.9313 8.07404 6.62475 2.15262 0 0 0 0.416944 2.2008 -0.0095504 0 0 0 0 0.0631132 2.384 303 50 2 2 0
./complex_md-fit_400.pdb BC A 9.31411 30.9582 -2.45481 -4.38528 -8.82697 -24.5911 -0.807471 43.3501 -24.2147 5.60407 8.09683 3.17771 0 0 0 0.141917 2.80973 0 0 0 0 0 0 2.384 303 50 1 1 0
./complex_md-fit_401.pdb BC A 8.08449 38.6758 -5.24352 -4.57083 -9.76902 -24.3642 -0.58227 42.5026 -24.3973 5.45975 7.48308 2.82416 0 0 0 0.179781 2.42844 -0.00930768 0 0 0 0 0 2.384 303 51 1 1 0
./complex_md-fit_402.pdb BC A 5.94257 27.6493 -10.9118 -5.97336 -9.52292 -24.4709 -0.916831 40.1082 -25.0556 5.41035 6.17477 3.09449 0 0 0 0.23989 2.3852 5.55112e-17 0 0 0 0 0 2.384 303 49 0 0 0
./complex_md-fit_403.pdb BC A 6.84373 30.2123 -9.20064 -5.38716 -11.0374 -24.5096 -0.905012 41.5405 -24.6344 5.9243 7.4906 2.07687 0 0 0 0.240648 2.69494 0 0 0 0 0 0 2.384 303 50 0 0 0
./complex_md-fit_404.pdb BC A 7.65137 36.9732 -6.97444 -5.20551 -9.66397 -23.0617 -0.712508 37.6754 -23.2293 5.77093 7.53939 3.75704 0 0 0 0.128175 2.28854 0.0276679 0 0 0 0 0 2.384 303 49 0 0 0
./complex_md-fit_405.pdb BC A 7.18058 35.3109 -11.6009 -6.67832 -11.6896 -24.9282 -0.839775 42.7089 -24.9991 2.2161 9.09459 3.37894 0 0 0 0.135635 2.71481 0 0 0 0 0 0 2.384 303 52 0 0 0
./complex_md-fit_406.pdb BC A 7.07667 33.3511 -9.47793 -7.99344 -9.38793 -24.3375 -0.706522 40.7435 -24.3976 3.57064 9.18267 3.67368 0 0 0 0.174539 2.721 0 0 0 0 0 0 2.384 303 48 0 0 0
./complex_md-fit_407.pdb BC A 7.93972 32.1125 -13.0441 -6.70984 -9.61343 -24.6798 -0.797829 40.6716 -25.3893 1.07862 8.45406 3.78599 0 0 0 0.126778 2.5383 0 0 0 0 0 0.0291213 2.384 303 52 0 0 0
./complex_md-fit_408.pdb BC A 7.52479 29.5786 -11.6663 -9.13446 -11.0394 -24.3689 -0.791985 42.596 -24.1187 3.85443 7.95342 2.96934 0 0 0 0.360869 2.39661 0.0246296 0 0 0 0 0.0283947 2.384 303 52 0 0 0
./complex_md-fit_409.pdb BC A 9.13004 34.8511 -10.7113 -8.03038 -12.5188 -26.2935 -0.706692 44.9134 -26.5086 4.07957 10.1899 3.86309 0 0 0 0.265913 2.6519 0 0 0 0 0 0.0347712 2.384 303 51 0 0 0
./complex_md-fit_40.pdb BC A 8.21432 30.1875 -7.52533 -6.87231 -8.78622 -24.4439 -0.686531 41.118 -24.3763 7.60429 6.21571 2.51642 0 0 0 0.185544 2.71454 5.55112e-17 0 0 0 0 0 2.384 303 50 0 0 0
./complex_md-fit_410.pdb BC A 6.78106 28.6211 -10.2239 -7.79055 -11.6655 -24.3987 -0.792018 43.2329 -23.8481 4.73055 7.18898 2.86749 0 0 0 0.238723 3.05274 0 0 0 0 0 0.012304 2.384 303 52 0 0 0
./complex_md-fit_411.pdb BC A 7.99562 30.5514 -4.37132 -8.18723 -8.00396 -25.1519 -0.715429 42.7672 -24.9944 7.59631 7.92986 4.13499 0 0 0 0.204356 2.83608 0 0 0 0 0 0.0489092 2.384 303 50 3 3 0
./complex_md-fit_412.pdb BC A 6.39486 30.3527 -12.0015 -5.49569 -10.6329 -25.0172 -0.823894 41.9976 -25.5926 3.65383 7.10965 2.5243 0 0 0 0.232677 3.03899 0 0 0 0 0 0.0427621 2.384 303 52 0 0 0
./complex_md-fit_413.pdb BC A 6.96275 33.8111 -7.92974 -8.22941 -8.41452 -25.1392 -0.769217 44.0026 -24.9552 3.2129 8.15022 3.96479 0 0 0 0.177735 3.29892 0.0350756 0 0 0 0 0.0345841 2.384 303 54 0 0 0
./complex_md-fit_414.pdb BC A 8.63577 32.8199 -7.54432 -9.20218 -8.46751 -23.7182 -0.67132 40.2782 -23.1816 5.04319 8.9462 3.32021 0 0 0 0.108742 2.9345 0 0 0 0 0 0 2.384 303 53 0 0 0
./complex_md-fit_415.pdb BC A 9.27389 28.8349 -11.9929 -8.89544 -13.9012 -25.0112 -0.919301 43.7685 -24.2324 3.35037 10.5918 3.10154 0 0 0 0.110976 2.89368 0 0 0 0 0 0.0434717 2.384 303 50 0 0 0
./complex_md-fit_416.pdb BC A 8.29782 31.8095 -4.2093 -7.70469 -10.9574 -25.6812 -0.799674 46.2012 -25.1132 6.20658 9.09012 3.98274 0 0 0 0.544757 3.07527 0 0 0 0 0 0.0214387 2.384 303 53 0 0 0
./complex_md-fit_417.pdb BC A 7.16923 35.5802 -11.8143 -9.73478 -10.481 -25.2432 -0.756021 41.7066 -25.328 4.96166 8.24891 4.50293 0 0 0 0.28767 2.93805 0 0 0 0 0 0.0209999 2.384 303 51 0 0 0
./complex_md-fit_418.pdb BC A 6.98035 36.0996 -9.16322 -7.52233 -10.9223 -25.4385 -0.689071 44.6672 -24.874 3.19609 8.25054 3.7524 0 0 0 0.416754 4.01012 0 0 0 0 0 0 2.384 303 55 0 0 0
./complex_md-fit_419.pdb BC A 7.48888 22.483 -11.286 -11.1916 -13.9093 -26.0715 -0.887431 46.6947 -25.5015 4.61622 10.3383 3.98105 0 0 0 0.600866 3.88749 0 0 0 0 0 0.0441001 2.384 303 52 0 0 0
./complex_md-fit_41.pdb BC A 8.81365 30.0669 -8.45848 -6.13125 -11.04 -25.1396 -0.841862 42.2319 -24.7044 9.25011 5.61647 2.13746 0 0 0 0.129173 2.71964 0 0 0 0 0 0.0335378 2.384 303 50 2 2 0
./complex_md-fit_420.pdb BC A 9.76639 23.2134 -13.7806 -11.7558 -9.26313 -25.2278 -0.704179 42.4435 -25.3326 4.53325 8.0268 3.23776 0 0 0 0.236597 2.96592 1.38778e-17 0 0 0 0 0.0250941 2.384 303 52 1 1 0
./complex_md-fit_421.pdb BC A 7.57411 28.5314 -5.60261 -7.46753 -9.40002 -26.0732 -0.840165 44.4461 -26.035 6.02806 9.05208 4.11423 0 0 0 0.530752 2.85612 0 0 0 0 0 0.0421946 2.384 303 53 1 1 0
./complex_md-fit_422.pdb BC A 6.95578 30.6641 -11.6494 -9.37505 -9.87655 -25.5471 -0.704119 43.7817 -25.9557 5.36899 7.54626 2.61986 0 0 0 0.415731 3.28831 0.0298852 0 0 0 0 0.0466633 2.384 303 52 1 1 0
./complex_md-fit_423.pdb BC A 8.0161 36.1188 -6.6338 -7.73557 -9.08897 -26.6743 -0.902628 44.8609 -26.6795 7.5126 7.66895 3.8799 0 0 0 0.472307 3.32633 0 0 0 0 0 0.0525035 2.384 303 51 0 0 0
./complex_md-fit_424.pdb BC A 8.53616 26.3298 -8.66108 -8.51562 -6.44248 -24.5805 -0.692548 41.3583 -24.857 4.68313 6.27107 3.93161 0 0 0 0.134857 2.93319 0 0 0 0 0 0.048174 2.384 303 50 0 0 0
./complex_md-fit_425.pdb BC A 8.27744 28.9531 2.52108 -6.26915 -5.83805 -25.9589 -0.828073 47.1096 -25.5336 7.89638 7.08499 4.51461 0 0 0 0.301794 3.86925 0.0251743 0 0 0 0 0.0163985 2.384 303 52 1 1 0
./complex_md-fit_426.pdb BC A 6.93831 26.0513 -12.128 -8.89377 -11.953 -25.6719 -0.690397 44.893 -25.5048 3.19336 8.8466 3.31933 0 0 0 0.289132 2.8677 0.0226316 0 0 0 0 0.0217385 2.384 303 53 0 0 0
./complex_md-fit_427.pdb BC A 6.99776 33.4009 3.81466 -7.43544 -6.37307 -25.0897 -0.745141 44.5825 -24.6959 11.5627 7.32508 4.17677 0 0 0 0.46833 2.9534 0 0 0 0 0 0.0384472 2.384 303 54 2 2 0
./complex_md-fit_428.pdb BC A 7.32681 33.4751 -10.2967 -9.18635 -9.0979 -26.0859 -0.642424 42.5642 -26.8728 6.30411 8.54692 3.78784 0 0 0 0.351583 3.0483 -0.0140951 0 0 0 0 0.048184 2.384 303 52 1 1 0
./complex_md-fit_429.pdb BC A 8.41236 38.5475 -3.43761 -7.8634 -6.81889 -25.8476 -0.604868 43.3132 -26.1618 6.99621 7.22995 5.76585 0 0 0 0.511145 2.75673 0 0 0 0 0 0.0426243 2.384 303 56 1 1 0
./complex_md-fit_42.pdb BC A 9.23402 27.1873 -9.36285 -8.466 -9.049 -24.5767 -0.745493 41.1071 -24.8347 7.21397 6.82328 2.8555 0 0 0 0.215585 2.20049 0.0872191 0 0 0 0 0.00646729 2.384 303 48 1 1 0
./complex_md-fit_430.pdb BC A 9.57902 27.2134 -11.3994 -7.65667 -11.346 -25.8089 -0.898547 43.4542 -25.8843 4.40089 7.59967 4.4486 0 0 0 0.271024 3.26825 0 0 0 0 0 0.0206016 2.384 303 56 0 0 0
./complex_md-fit_431.pdb BC A 7.43761 29.0317 0.638469 -9.09132 -11.1039 -25.1298 -0.607568 45.802 -24.6882 10.6679 10.2459 4.07094 0 0 0 0.42551 3.14632 0 0 0 0 0 0.0470818 2.384 303 54 3 3 0
./complex_md-fit_432.pdb BC A 8.30685 30.598 -6.54105 -9.47483 -9.36812 -25.4657 -0.906398 43.9296 -25.8997 6.89477 8.15522 5.18316 0 0 0 0.37586 3.50881 -0.00433379 0 0 0 0 0.0394051 2.384 303 53 1 1 0
./complex_md-fit_433.pdb BC A 9.72203 28.3333 -13.7725 -10.1053 -10.6271 -25.5531 -0.891456 42.1901 -25.8953 4.10396 8.27499 4.50742 0 0 0 0.173914 2.77839 0 0 0 0 0 0.0493285 2.384 303 52 0 0 0
./complex_md-fit_434.pdb BC A 8.66054 26.7076 -12.9003 -9.24179 -11.8147 -25.3698 -0.734408 43.2045 -25.4779 3.65442 8.69408 3.88665 0 0 0 0.233721 2.91998 0.0290135 0 0 0 0 0.0359219 2.384 303 53 0 0 0
./complex_md-fit_435.pdb BC A 7.9418 29.1841 -5.43097 -7.83309 -8.55501 -24.7405 -0.440119 41.9415 -24.9302 7.14399 7.83627 3.85683 0 0 0 0.243618 3.28867 0 0 0 0 0 0.0457649 2.384 303 50 1 1 0
./complex_md-fit_436.pdb BC A 7.98111 29.3153 -10.9445 -6.82562 -10.9925 -24.2395 -0.686441 41.7189 -23.9891 3.20988 7.03272 3.38812 0 0 0 0.393221 2.56618 0 0 0 0 0 0.0458105 2.384 303 49 1 1 0
./complex_md-fit_437.pdb BC A 7.6408 30.0422 -11.4544 -8.9848 -13.9278 -25.3816 -0.869815 44.3414 -25.5099 5.23097 9.5825 3.87998 0 0 0 0.167973 2.8051 -0.0144759 0 0 0 0 0.0311816 2.384 303 53 0 0 0
./complex_md-fit_438.pdb BC A 7.84907 33.8183 -8.06526 -8.95048 -8.15061 -24.6447 -0.782925 42.4365 -24.7211 3.75973 7.89342 4.8374 0 0 0 0.250804 2.74262 0 0 0 0 0 0.00663425 2.384 303 50 0 0 0
./complex_md-fit_439.pdb BC A 6.69757 27.8275 -5.97434 -5.72238 -9.60598 -24.0894 -0.645313 41.9369 -24.4081 4.0333 8.48249 3.58744 0 0 0 0.456681 2.4121 0 0 0 0 0 0 2.384 303 51 0 0 0
./complex_md-fit_43.pdb BC A 8.06849 32.1009 -10.0549 -8.09907 -9.87213 -23.6131 -0.676893 40.1625 -23.7118 6.28464 5.17427 3.62094 0 0 0 0.67581 2.73312 -1.11022e-16 0 0 0 0 0 2.384 303 49 1 1 0
./complex_md-fit_440.pdb BC A 8.52476 26.063 -6.63752 -7.79793 -9.59288 -25.4884 -0.340213 43.7923 -25.7466 5.33014 8.46138 4.25247 0 0 0 0.40329 2.70375 0.0407213 0 0 0 0 0.0482193 2.384 303 52 0 0 0
./complex_md-fit_441.pdb BC A 7.78616 29.5774 -4.1891 -4.90985 -9.27752 -25.0296 -0.72382 45.2961 -25.4255 3.54184 7.53308 4.47277 0 0 0 0.312901 3.27693 5.55112e-17 0 0 0 0 0.0204698 2.384 303 53 1 1 0
./complex_md-fit_442.pdb BC A 7.06709 31.2667 -2.14435 -4.62998 -9.27719 -24.4097 -0.732122 43.0472 -24.6559 7.36237 7.74265 3.04447 0 0 0 0.363803 2.8678 0 0 0 0 0 0 2.384 303 54 1 1 0
./complex_md-fit_443.pdb BC A 8.97022 25.4517 -4.07396 -6.77864 -8.63783 -25.6363 -0.6197 44.8531 -25.5675 6.6498 6.38919 4.81555 0 0 0 0.458479 3.09008 6.93889e-18 0 0 0 0 0 2.384 303 54 1 1 0
./complex_md-fit_444.pdb BC A 7.23584 24.6944 -4.99641 -6.95329 -7.08752 -24.1703 -0.592784 42.0074 -24.5603 5.22271 6.20821 4.62121 0 0 0 0.259649 2.73967 0 0 0 0 0 0.0485635 2.384 303 52 1 1 0
./complex_md-fit_445.pdb BC A 6.41881 24.4688 -7.57081 -9.93225 -10.2838 -25.513 -0.628717 44.4085 -25.2772 5.9859 8.36648 5.05801 0 0 0 0.16645 2.97494 0.033465 0 0 0 0 0.0453597 2.384 303 52 0 0 0
./complex_md-fit_446.pdb BC A 7.33947 31.9517 -10.0061 -7.61328 -12.2953 -25.3738 -0.688712 42.3853 -25.6972 5.9638 9.17696 3.88093 0 0 0 0.207061 2.52854 0 0 0 0 0 0.0481384 2.384 303 51 0 0 0
./complex_md-fit_447.pdb BC A 8.77512 32.7637 -5.13272 -8.39885 -6.62268 -24.5214 -0.544362 42.5376 -24.4685 5.30548 7.70563 3.75642 0 0 0 0.0658412 2.50836 -2.77556e-17 0 0 0 0 0.0520395 2.384 303 52 0 0 0
./complex_md-fit_448.pdb BC A 8.65882 25.7789 -6.77355 -7.65734 -14.4198 -26.4534 -0.813179 48.431 -25.9039 6.52151 9.18446 3.79933 0 0 0 0.491046 2.85698 0 0 0 0 0 0.046842 2.384 303 52 0 0 0
./complex_md-fit_449.pdb BC A 8.96892 33.821 -8.30642 -9.83694 -11.0833 -25.8446 -0.711302 44.9996 -25.9086 6.57773 8.84548 4.51971 0 0 0 0.106946 2.72354 0 0 0 0 0 0.0288221 2.384 303 52 1 1 0
./complex_md-fit_44.pdb BC A 9.57148 33.0054 -13.0303 -9.70248 -11.302 -23.0067 -0.937442 39.198 -22.9557 4.87457 7.5563 2.8418 0 0 0 0.372263 2.66901 -1.11022e-16 0 0 0 0 0.0310807 2.384 303 46 0 0 0
./complex_md-fit_450.pdb BC A 9.27227 37.6019 -7.45251 -8.28705 -10.0824 -25.6344 -0.916489 44.6909 -25.5962 5.37589 8.41059 4.17662 0 0 0 0.371268 3.01466 0 0 0 0 0 0.0388402 2.384 303 48 1 1 0
./complex_md-fit_451.pdb BC A 8.18608 31.3419 -4.28717 -8.67839 -10.8139 -25.6995 -0.828993 46.0271 -25.4855 7.6371 8.70356 4.63185 0 0 0 0.173483 2.89472 0 0 0 0 0 0.0460282 2.384 303 52 1 1 0
./complex_md-fit_452.pdb BC A 8.48047 34.0631 -4.9479 -8.26152 -7.56826 -24.832 -0.75112 42.5386 -25.0317 5.79049 8.37935 4.7025 0 0 0 0.0804683 2.4426 0 0 0 0 0 0.0052974 2.384 303 52 1 1 0
./complex_md-fit_453.pdb BC A 7.44179 25.1107 -10.3041 -9.83598 -10.0585 -25.1075 -0.773409 42.9549 -25.7088 5.22119 8.70593 4.12766 0 0 0 0.152061 2.74963 -0.0117524 0 0 0 0 0.0300296 2.384 303 46 1 1 0
./complex_md-fit_454.pdb BC A 6.26567 29.9619 -8.07191 -7.61252 -8.68653 -24.9926 -0.872692 41.7907 -25.343 5.76818 7.6803 3.79238 0 0 0 0.362164 2.49007 0 0 0 0 0 0.0416632 2.384 303 55 2 2 0
./complex_md-fit_455.pdb BC A 6.40339 37.8634 -7.20675 -8.13303 -10.901 -25.3359 -0.647028 42.504 -25.9499 8.77178 8.96404 3.28809 0 0 0 0.17654 3.04428 0 0 0 0 0 0.0556571 2.384 303 51 1 1 0
./complex_md-fit_456.pdb BC A 9.03096 27.7142 -3.25798 -9.46549 -6.9216 -25.136 -0.789373 43.0889 -25.012 8.84404 8.08669 3.8132 0 0 0 0.189383 2.80732 0 0 0 0 0 0.0443274 2.384 303 50 2 2 0
./complex_md-fit_457.pdb BC A 8.8295 30.1239 -8.01431 -6.79424 -8.29121 -24.4282 -0.732144 41.0881 -24.7193 5.30155 6.74039 3.58308 0 0 0 0.169279 2.68626 -5.55112e-17 0 0 0 0 0.0683912 2.384 303 51 1 1 0
./complex_md-fit_458.pdb BC A 8.37397 31.0645 -11.0186 -11.7373 -8.30409 -25.9245 -0.740349 42.9107 -25.9203 6.28795 8.27292 3.8768 0 0 0 0.235246 2.79811 -0.0157397 0 0 0 0 0.0400092 2.384 303 53 0 0 0
./complex_md-fit_459.pdb BC A 7.23938 31.0439 -12.5998 -9.09918 -9.29784 -25.9778 -0.56251 44.2682 -26.2126 4.34568 6.32849 3.28824 0 0 0 0.227154 3.35173 0.0258852 0 0 0 0 0.0665365 2.384 303 56 0 0 0
./complex_md-fit_45.pdb BC A 8.11277 35.3025 -0.828537 -7.39681 -8.41469 -23.9186 -0.712161 41.9292 -22.7103 9.09642 6.50189 4.24875 0 0 0 0.513269 2.77302 0 0 0 0 0 0.0344672 2.384 303 50 2 2 0
./complex_md-fit_460.pdb BC A 5.5155 29.1902 -8.33769 -8.42552 -7.73605 -25.8609 -0.846374 43.0874 -26.0314 5.09297 8.30589 3.66466 0 0 0 0.374325 2.69707 -1.11022e-16 0 0 0 0 0.0373843 2.384 303 52 0 0 0
./complex_md-fit_461.pdb BC A 7.83586 33 -4.24754 -7.6817 -8.72448 -24.9895 -0.739959 43.5131 -24.8771 7.58116 7.50598 4.05074 0 0 0 0.0862317 2.76745 0 0 0 0 0 0.0279965 2.384 303 56 2 2 0
./complex_md-fit_462.pdb BC A 8.43626 32.2546 -8.3481 -8.25264 -10.1842 -24.5493 -0.574883 41.6741 -24.2717 5.89826 7.64002 3.94837 0 0 0 0.309887 2.28449 5.55112e-17 0 0 0 0 0.0139373 2.384 303 52 0 0 0
./complex_md-fit_463.pdb BC A 7.61319 31.6364 -4.0679 -6.65294 -7.34185 -25.1518 -0.658259 43.5157 -25.0905 6.23008 6.97607 3.71279 0 0 0 0.322739 3.19497 0 0 0 0 0 0.0700982 2.384 303 54 1 1 0
./complex_md-fit_464.pdb BC A 6.88451 26.5456 -6.47595 -7.48989 -8.09146 -25.4919 -0.643238 43.3455 -25.6608 5.47925 7.13461 4.82595 0 0 0 0.116037 2.93927 0 0 0 0 0 2.22045e-16 2.384 303 56 1 1 0
./complex_md-fit_465.pdb BC A 6.29332 33.6275 -10.2924 -9.79084 -7.18301 -25.9255 -0.746031 44.3818 -25.8457 3.33801 6.97228 4.14033 0 0 0 0.315454 2.97278 0 0 0 0 0 0.0508072 2.384 303 56 0 0 0
./complex_md-fit_466.pdb BC A 8.3568 31.2349 -7.1362 -8.68534 -12.1068 -27.0069 -0.89501 47.4145 -27.032 8.91005 8.2971 3.58988 0 0 0 0.330453 3.65869 0 0 0 0 0 0.0479081 2.384 303 57 2 2 0
./complex_md-fit_467.pdb BC A 7.9844 26.2031 -12.7761 -9.56787 -13.1211 -25.3881 -0.684304 43.4672 -25.0083 3.99447 9.66467 3.71057 0 0 0 0.123197 2.68634 -0.0153881 0 0 0 0 0.0487709 2.384 303 52 0 0 0
./complex_md-fit_468.pdb BC A 7.14041 31.9479 -6.88881 -8.93486 -9.08258 -27.0108 -0.753637 47.3778 -27.0209 5.37164 8.32626 4.26235 0 0 0 0.553345 3.12725 -5.55112e-17 0 0 0 0 0.0225769 2.384 303 54 1 1 0
./complex_md-fit_469.pdb BC A 7.58166 31.0067 -10.4512 -8.47849 -11.4336 -26.5856 -0.863551 45.3179 -26.7576 4.70021 8.57868 4.82629 0 0 0 0.197759 2.89949 0.0050972 0 0 0 0 0.0417349 2.384 303 54 0 0 0
./complex_md-fit_46.pdb BC A 7.06887 38.7179 -6.79068 -6.49864 -9.7603 -23.7366 -0.760678 39.038 -23.7637 7.92433 6.7886 3.77533 0 0 0 0.213036 2.36836 -0.0100272 0 0 0 0 0 2.384 303 50 1 1 0
./complex_md-fit_470.pdb BC A 9.44233 31.7051 -9.98567 -8.26463 -10.4129 -25.5771 -0.836404 43.4956 -25.5654 4.44355 7.96498 4.55071 0 0 0 0.195719 2.5797 0.0200572 0 0 0 0 0 2.384 303 49 0 0 0
./complex_md-fit_471.pdb BC A 8.7381 31.9119 -7.97785 -9.13669 -9.17246 -25.9538 -0.688027 45.5835 -25.5841 5.70835 7.22917 3.37914 0 0 0 0.604617 3.06835 0 0 0 0 0 0.0525545 2.384 303 55 1 1 0
./complex_md-fit_472.pdb BC A 7.7647 30.0343 -3.82681 -7.06854 -6.94272 -25.0391 -0.609816 42.7138 -25.3088 6.98528 7.75295 3.47127 0 0 0 0.156716 2.8236 -1.11022e-16 0 0 0 0 0.0621839 2.384 303 51 0 0 0
./complex_md-fit_473.pdb BC A 8.05755 37.4507 -8.07498 -9.6354 -7.48161 -24.6729 -0.709928 41.4671 -25.0775 6.0647 7.74068 4.07184 0 0 0 0.145462 2.40567 0 0 0 0 0 0.0125778 2.384 303 49 0 0 0
./complex_md-fit_474.pdb BC A 9.20524 31.6215 -12.2754 -9.826 -10.7426 -25.8315 -0.783371 44.3775 -26.1246 4.04156 8.02526 4.29696 0 0 0 0.256771 2.99999 0 0 0 0 0 0.034586 2.384 303 56 0 0 0
./complex_md-fit_475.pdb BC A 8.30054 34.4889 -5.86013 -8.26961 -8.60082 -25.2624 -0.693294 44.7377 -24.9391 6.10905 7.67663 3.12243 0 0 0 0.232641 2.96215 0.0266444 0 0 0 0 0 2.384 303 54 1 1 0
./complex_md-fit_476.pdb BC A 8.99847 33.4305 -13.7077 -11.1366 -10.2654 -25.6577 -0.714042 42.2809 -25.9117 6.55547 6.87265 3.99806 0 0 0 0.23429 3.28757 0.0216947 0 0 0 0 0.0147682 2.384 303 53 1 1 0
./complex_md-fit_477.pdb BC A 7.27065 33.8553 -8.76658 -6.3281 -8.08189 -24.8929 -0.719514 42.1516 -24.9678 3.58908 6.22822 4.06129 0 0 0 0.184033 2.61413 -0.0125376 0 0 0 0 0.021919 2.384 303 52 1 1 0
./complex_md-fit_478.pdb BC A 7.05025 28.4306 -8.32308 -8.07168 -7.78713 -24.4171 -0.678362 42.6578 -23.8759 4.54153 5.99197 2.85196 0 0 0 0.416629 2.99018 0 0 0 0 0 0.0472553 2.384 303 47 1 1 0
./complex_md-fit_479.pdb BC A 9.01652 29.2962 -3.92572 -6.3699 -6.81814 -25.9731 -0.614793 46.9042 -25.6372 5.32149 6.1312 2.88368 0 0 0 0.215784 2.84422 -0.0136223 0 0 0 0 0.0446454 2.384 303 52 0 0 0
./complex_md-fit_47.pdb BC A 13.207 37.0405 -4.60575 -6.06982 -6.44835 -22.7402 -0.5225 39.1299 -22.4542 6.98431 4.39976 2.95735 0 0 0 0.167194 2.24544 -0.00912298 0 0 0 0 0 2.384 303 51 1 1 0
./complex_md-fit_480.pdb BC A 10.5069 32.6869 -6.69752 -9.27414 -9.72993 -25.8488 -0.76451 45.8819 -25.4773 5.78079 8.30059 3.87542 0 0 0 0.528427 2.96788 0 0 0 0 0 0.0299468 2.384 303 52 1 1 0
./complex_md-fit_481.pdb BC A 9.60331 26.1938 -5.51318 -9.99118 -10.0603 -26.2579 -0.762488 46.5667 -25.9455 7.35115 8.16152 5.03939 0 0 0 0.341362 4.32212 0 0 0 0 0 0.044053 2.384 303 54 1 1 0
./complex_md-fit_482.pdb BC A 7.2969 27.9355 -14.3703 -8.63788 -11.3935 -26.3892 -0.590696 45.2277 -26.322 3.22603 6.60491 3.5801 0 0 0 0.282552 3.32881 -0.0147821 0 0 0 0 0.0564327 2.384 303 54 0 0 0
./complex_md-fit_483.pdb BC A 7.15545 27.7009 -13.5115 -7.90989 -8.57769 -25.5996 -0.655296 43.0556 -25.517 2.35722 6.01808 3.11439 0 0 0 0.143552 3.21505 -1.11022e-16 0 0 0 0 0.0590481 2.384 303 58 0 0 0
./complex_md-fit_484.pdb BC A 5.92135 36.3628 -10.4439 -8.94144 -11.7212 -26.4473 -0.763109 46.0862 -26.0805 4.74596 8.57163 3.76507 0 0 0 0.292661 3.24534 0 0 0 0 0 0.0481401 2.384 303 55 1 1 0
./complex_md-fit_485.pdb BC A 7.79075 35.5699 -5.03115 -7.28987 -9.50613 -25.8134 -0.590002 44.7624 -26.1199 7.21416 7.70885 3.89797 0 0 0 0.704703 3.03795 0 0 0 0 0 0 2.384 303 56 2 2 0
./complex_md-fit_486.pdb BC A 11.2359 28.9328 -10.2672 -8.77812 -12.2385 -25.7338 -0.678718 44.472 -25.8322 6.96658 7.80812 3.13073 0 0 0 0.616572 4.21314 0 0 0 0 0 0 2.384 303 53 2 2 0
./complex_md-fit_487.pdb BC A 7.19797 27.3742 -5.53617 -5.77788 -8.41564 -25.7788 -0.524529 45.4836 -26.0245 3.48803 6.90822 4.76583 0 0 0 0.303489 2.5876 1.11022e-16 0 0 0 0 0.0360207 2.384 303 56 1 1 0
./complex_md-fit_488.pdb BC A 6.20206 26.7921 -3.13458 -6.35871 -6.86726 -24.8642 -0.627864 44.8161 -25.5452 6.41172 6.04975 3.33657 0 0 0 0.495351 3.50115 0 0 0 0 0 0.0190777 2.384 303 56 1 1 0
./complex_md-fit_489.pdb BC A 7.07518 29.8497 -9.56349 -6.27072 -7.80971 -25.53 -0.644109 43.1684 -25.926 2.54161 7.1919 3.31336 0 0 0 0.365148 2.87573 0 0 0 0 0 0.036502 2.384 303 56 0 0 0
./complex_md-fit_48.pdb BC A 8.96538 34.5759 -4.99149 -6.66301 -5.50951 -23.8341 -0.687301 41.5395 -23.761 5.63357 4.96329 3.18874 0 0 0 0.146911 2.15839 -0.00954027 0 0 0 0 0.00098022 2.384 303 49 1 1 0
./complex_md-fit_490.pdb BC A 6.45326 37.146 -6.3338 -7.5457 -7.11289 -25.7617 -0.48428 44.5479 -25.5267 3.79647 6.8117 4.59669 0 0 0 0.296183 4.51428 0.0279796 0 0 0 0 0.0205561 2.384 303 57 0 0 0
./complex_md-fit_491.pdb BC A 7.68843 34.6524 -5.8654 -6.93832 -7.29554 -25.0166 -0.646745 43.6001 -24.9576 5.076 6.13902 3.78758 0 0 0 0.386685 2.77297 0 0 0 0 0 0 2.384 303 56 1 1 0
./complex_md-fit_492.pdb BC A 13.4568 27.7351 -8.47908 -8.75049 -12.1724 -25.9363 -0.78822 45.638 -25.7537 6.86487 7.54896 4.66538 0 0 0 0.140575 3.84041 0 0 0 0 0 0.0642477 2.384 303 54 1 1 0
./complex_md-fit_493.pdb BC A 10.2269 25.1659 0.250148 -7.58663 -8.17889 -27.4726 -0.657219 49.2743 -27.7446 9.69502 7.43309 5.13737 0 0 0 0.259707 2.963 0.0222013 0 0 0 0 0.0683981 2.384 303 55 3 3 0
./complex_md-fit_494.pdb BC A 6.38285 30.21 -6.62249 -8.26307 -6.85796 -26.6197 -0.645482 45.5988 -26.8042 5.3251 6.69117 4.60015 0 0 0 0.35269 3.23346 -1.38778e-17 0 0 0 0 0 2.384 303 53 1 1 0
./complex_md-fit_495.pdb BC A 5.42047 30.9149 -4.89246 -8.26233 -12.3473 -26.3812 -0.699527 47.1339 -25.9471 7.37278 9.9065 3.98624 0 0 0 0.277543 4.18994 0.0320253 0 0 0 0 0.0360103 2.384 303 57 1 1 0
./complex_md-fit_496.pdb BC A 8.23029 35.3669 -2.37898 -7.11197 -9.00485 -25.1473 -0.524847 45.2185 -25.0055 8.01194 7.27737 3.72839 0 0 0 0.179384 2.51554 0 0 0 0 0 0 2.384 303 56 2 2 0
./complex_md-fit_497.pdb BC A 7.3667 26.9924 -7.55018 -9.58749 -9.3607 -26.3437 -0.602172 46.0178 -26.2945 5.93838 6.79245 5.60728 0 0 0 0.232775 2.6794 0 0 0 0 0 0.0497125 2.384 303 53 1 1 0
./complex_md-fit_498.pdb BC A 7.86411 30.9908 -4.23006 -7.88396 -8.4395 -25.7492 -0.785232 46.8605 -25.291 5.18451 6.42803 5.06004 0 0 0 0.327266 2.80511 0 0 0 0 0 0.058539 2.384 303 54 1 1 0
./complex_md-fit_499.pdb BC A 6.00725 32.2424 -8.63712 -8.86398 -10.3122 -26.9578 -0.732189 47.851 -27.0656 4.91531 7.97193 4.31821 0 0 0 0.210397 3.11845 -0.0092177 0 0 0 0 0.0369636 2.384 303 53 1 1 0
./complex_md-fit_49.pdb BC A 6.84017 27.8638 -13.4929 -8.65326 -9.69577 -23.1175 -0.86546 39.8069 -22.6464 3.74085 5.27314 2.5134 0 0 0 0.151212 2.98128 0 0 0 0 0 0 2.384 303 49 0 0 0
./complex_md-fit_4.pdb BC A 7.72928 37.9106 -11.122 -8.90133 -11.7277 -24.7809 -0.908059 41.1869 -24.6761 8.2463 7.17603 2.58464 0 0 0 0.623268 2.51792 0.0165585 0 0 0 0 0.0384442 2.384 303 51 2 2 0
./complex_md-fit_500.pdb BC A 10.071 35.4945 -7.13201 -7.37657 -9.21417 -24.1228 -0.586407 42.6959 -23.7456 4.05579 6.63897 4.1739 0 0 0 0.349005 2.88984 0 0 0 0 0 0 2.384 303 54 1 1 0
./complex_md-fit_501.pdb BC A 8.62758 31.1054 -5.54927 -8.28799 -7.30441 -25.4505 -0.702263 44.4594 -25.6068 4.80369 7.19677 5.16214 0 0 0 0.122174 2.58092 0 0 0 0 0 0.05846 2.384 303 55 0 0 0
./complex_md-fit_502.pdb BC A 5.71621 26.9166 -13.138 -8.92883 -10.9687 -26.4055 -0.675606 46.0468 -26.1096 2.53685 7.40122 3.54671 0 0 0 0.406562 3.05259 0 0 0 0 0 0.0120386 2.384 303 54 0 0 0
./complex_md-fit_503.pdb BC A 8.33515 24.9236 -11.0037 -10.4392 -11.7588 -25.5248 -0.720241 44.8376 -25.5995 5.56003 8.74211 3.22559 0 0 0 0.65393 3.00407 0 0 0 0 0 0.0196334 2.384 303 55 1 1 0
./complex_md-fit_504.pdb BC A 10.591 39.7787 -11.1018 -10.1755 -11.3666 -28.1199 -0.707799 49.2957 -27.9234 4.70853 7.43002 5.30715 0 0 0 0.418164 3.98254 -0.0140021 0 0 0 0 0.0458675 2.384 303 55 0 0 0
./complex_md-fit_505.pdb BC A 8.77809 24.8769 -5.63386 -8.67863 -10.2794 -26.9565 -0.642292 47.8627 -26.9319 8.44551 7.03034 4.32467 0 0 0 0.159567 3.04854 -1.11022e-16 0 0 0 0 0.0321145 2.384 303 57 1 1 0
./complex_md-fit_506.pdb BC A 9.11382 29.0725 -8.58434 -10.8447 -12.3999 -26.6504 -0.671652 46.6652 -26.7142 6.78075 9.63703 4.89009 0 0 0 0.652911 2.89706 0.0222152 0 0 0 0 0.0484773 2.384 303 52 3 3 0
./complex_md-fit_507.pdb BC A 11.8857 29.5245 -11.4223 -11.0968 -14.0558 -25.6276 -0.716077 45.3355 -25.3901 5.2592 10.5629 4.01314 0 0 0 0.297917 2.81588 -0.0121534 0 0 0 0 0.00752138 2.384 303 56 0 0 0
./complex_md-fit_508.pdb BC A 7.22409 30.1274 -2.94125 -7.53012 -9.23873 -26.915 -0.681643 49.6239 -26.6117 6.1556 9.16372 2.76948 0 0 0 0.321691 3.58468 -0.0456225 0 0 0 0 0.0472283 2.384 303 60 0 0 0
./complex_md-fit_509.pdb BC A 7.55793 31.802 -9.11812 -8.62334 -10.8214 -25.2849 -0.636684 45.0965 -25.0731 4.54904 7.30109 3.944 0 0 0 0.444742 2.71447 -0.0140715 0 0 0 0 0 2.384 303 55 0 0 0
./complex_md-fit_50.pdb BC A 7.31734 25.6109 -11.0229 -8.0541 -8.96538 -24.2009 -0.756492 41.7134 -24.1864 5.20076 6.44366 1.56916 0 0 0 0.203247 2.55478 0 0 0 0 0 0.0100534 2.384 303 48 0 0 0
./complex_md-fit_510.pdb BC A 8.59044 22.5664 -11.5716 -10.0845 -10.9499 -27.6274 -0.695359 49.1876 -27.2846 4.41768 7.36674 3.89354 0 0 0 0.169595 3.41558 -0.0100525 0 0 0 0 0.0450701 2.384 303 57 0 0 0
./complex_md-fit_511.pdb BC A 6.82505 28.5291 -10.9946 -9.96072 -11.9696 -25.5558 -0.744603 43.9572 -25.4533 6.03872 8.02657 4.56418 0 0 0 0.0745534 2.9547 5.55112e-17 0 0 0 0 0.0282393 2.384 303 57 2 2 0
./complex_md-fit_512.pdb BC A 9.32506 30.3765 -20.0957 -12.6138 -15.8135 -26.7862 -0.824651 45.3355 -26.8982 3.65169 8.73376 4.80771 0 0 0 0.272402 4.12584 -0.0102355 0 0 0 0 0.0498595 2.384 303 54 0 0 0
./complex_md-fit_513.pdb BC A 9.5357 34.7071 -9.07602 -8.01387 -9.42374 -25.0474 -0.826473 43.8595 -24.8101 4.04033 7.34918 3.46533 0 0 0 0.300465 2.55621 0 0 0 0 0 0.0307261 2.384 303 55 0 0 0
./complex_md-fit_514.pdb BC A 8.51364 30.9093 -6.7617 -8.12828 -10.6485 -26.9778 -0.546509 47.3835 -26.8378 7.27779 7.85897 3.63748 0 0 0 0.196465 3.08883 -0.017746 0 0 0 0 0.0406842 2.384 303 58 1 1 0
./complex_md-fit_515.pdb BC A 8.07381 33.5113 -12.3833 -8.87681 -9.97061 -25.8214 -0.738155 43.4133 -26.3214 2.44385 8.18078 4.76857 0 0 0 0.551984 4.09654 -0.0133536 0 0 0 0 0 2.384 303 58 0 0 0
./complex_md-fit_516.pdb BC A 9.63587 36.2121 -9.59658 -9.13705 -12.0028 -26.5627 -0.698062 47.7769 -26.4086 5.06295 7.67414 3.91638 0 0 0 0.763605 3.44245 0.0186767 0 0 0 0 0 2.384 303 59 0 0 0
./complex_md-fit_517.pdb BC A 7.59585 32.0552 -7.4896 -6.52627 -12.0506 -26.0827 -0.682863 48.3356 -25.6829 4.64505 7.78708 2.57367 0 0 0 0.209266 5.29722 -0.0149084 0 0 0 0 0 2.384 303 55 0 0 0
./complex_md-fit_518.pdb BC A 7.70601 35.1281 -11.6664 -9.57359 -15.3157 -27.1269 -0.579326 47.3752 -27.3672 5.19443 10.7886 4.63987 0 0 0 0.291068 2.97217 -0.024653 0 0 0 0 0.0317283 2.384 303 59 1 1 0
./complex_md-fit_519.pdb BC A 6.98091 27.807 -6.42047 -8.19823 -10.628 -26.8009 -0.61933 47.3538 -26.611 7.66219 8.18354 3.08624 0 0 0 0.110706 3.0482 0 0 0 0 0 0.0404289 2.384 303 55 1 1 0
./complex_md-fit_51.pdb BC A 7.98285 32.0978 -7.46134 -8.05303 -12.1217 -24.7769 -0.979672 43.7174 -24.0982 7.74312 8.55718 2.13786 0 0 0 0.355888 2.50166 5.55112e-17 0 0 0 0 0.0566996 2.384 303 51 2 2 0
./complex_md-fit_520.pdb BC A 7.47231 26.9465 -10.4893 -8.64347 -12.6492 -26.4593 -0.779872 46.4842 -26.7114 5.63569 8.48317 3.93441 0 0 0 0.18195 4.07165 4.481e-05 0 0 0 0 0.0344659 2.384 303 56 1 1 0
./complex_md-fit_521.pdb BC A 7.33523 35.648 -11.3508 -10.7471 -12.7674 -25.3744 -0.798646 44.1788 -24.8448 5.73136 8.27955 4.66943 0 0 0 0.303725 2.82221 0 0 0 0 0 0.0186819 2.384 303 57 2 2 0
./complex_md-fit_522.pdb BC A 9.76966 33.0662 -8.658 -6.72581 -10.773 -25.8346 -0.688873 42.2175 -26.2873 7.08272 7.4093 4.72004 0 0 0 0.191321 2.93923 -0.0179678 0 0 0 0 0.0486165 2.384 303 56 1 1 0
./complex_md-fit_523.pdb BC A 8.29009 26.6384 -5.90172 -9.45953 -12.6965 -26.5773 -0.728273 46.4537 -25.9904 8.03933 9.77792 5.00212 0 0 0 0.228546 2.78709 0 0 0 0 0 0.048635 2.384 303 57 2 2 0
./complex_md-fit_524.pdb BC A 6.5911 33.5813 -13.9725 -8.7194 -14.7967 -26.0984 -0.591324 46.4338 -26.0435 3.32121 8.69556 3.47181 0 0 0 0.32925 2.97426 -0.0140041 0 0 0 0 0.0391191 2.384 303 58 0 0 0
./complex_md-fit_525.pdb BC A 8.71669 34.2886 -13.3134 -8.63214 -12.0593 -23.272 -0.665466 40.1184 -23.1359 2.3804 8.12716 3.57841 0 0 0 0.26018 2.59107 -0.0130332 0 0 0 0 0 2.384 303 56 0 0 0
./complex_md-fit_526.pdb BC A 6.65539 34.5671 -5.78905 -6.10021 -8.79834 -25.8753 -0.697046 44.6844 -25.676 5.16817 7.83634 3.25142 0 0 0 0.430054 2.72815 -0.0125095 0 0 0 0 0 2.384 303 53 1 1 0
./complex_md-fit_527.pdb BC A 6.75194 31.0382 -2.42732 -7.34783 -7.4923 -25.4002 -0.729111 45.0786 -25.506 6.78682 7.68804 4.24818 0 0 0 0.233457 2.51256 -0.0103279 0 0 0 0 0.0233292 2.384 303 56 0 0 0
./complex_md-fit_528.pdb BC A 7.68968 27.5617 -5.14115 -7.89858 -6.60797 -25.7074 -0.82698 43.3105 -25.767 7.18967 7.04255 3.81495 0 0 0 0.279228 3.25292 -0.0142595 0 0 0 0 0.0441501 2.384 303 54 1 1 0
./complex_md-fit_529.pdb BC A 7.73555 32.9355 -9.5728 -10.3975 -7.21756 -26.5368 -0.628104 45.2711 -26.6837 5.64037 6.98042 3.71521 0 0 0 0.236999 2.96245 0 0 0 0 0 0.0467566 2.384 303 53 0 0 0
./complex_md-fit_52.pdb BC A 8.55096 24.9227 -9.48751 -7.03667 -11.4428 -23.3353 -0.898041 41.5406 -22.2286 3.78905 7.41787 2.5473 0 0 0 0.114479 2.57967 -0.00928289 0 0 0 0 0.0539344 2.384 303 49 0 0 0
./complex_md-fit_530.pdb BC A 8.14322 27.8667 -8.89508 -8.10378 -13.6605 -25.9781 -0.760575 45.2917 -25.9927 5.93762 9.08731 4.87602 0 0 0 0.366441 3.32775 0 0 0 0 0 0.0414926 2.384 303 52 0 0 0
./complex_md-fit_531.pdb BC A 9.74976 30.2626 -11.4519 -9.30698 -10.8811 -25.67 -0.621363 43.4783 -25.8464 4.54341 8.74479 3.7239 0 0 0 0.365374 3.37244 0 0 0 0 0 0.0182855 2.384 303 55 0 0 0
./complex_md-fit_532.pdb BC A 7.19726 34.5004 -11.6106 -8.91431 -14.7312 -26.3763 -0.961616 45.2278 -26.2415 7.33675 9.73694 2.84834 0 0 0 0.41368 2.85433 0 0 0 0 0 0.0507787 2.384 303 56 2 2 0
./complex_md-fit_533.pdb BC A 7.41336 30.64 -7.81584 -7.56772 -8.88313 -26.1089 -0.720326 45.5943 -26.5024 4.89524 7.86389 3.26346 0 0 0 0.327219 3.02517 -0.0145435 0 0 0 0 0.0369813 2.384 303 57 1 1 0
./complex_md-fit_534.pdb BC A 8.89679 33.6178 -1.1069 -9.02147 -8.99382 -26.5526 -0.500094 47.197 -26.5178 10.1921 7.84175 4.99181 0 0 0 0.25619 2.83976 5.55112e-17 0 0 0 0 0 2.384 303 56 3 3 0
./complex_md-fit_535.pdb BC A 8.8799 30.862 -11.9445 -7.01439 -11.7004 -25.9156 -0.568785 45.4353 -25.8813 3.18136 7.53591 2.83603 0 0 0 0.110036 3.08949 -0.013152 0 0 0 0 0.0504584 2.384 303 54 0 0 0
./complex_md-fit_536.pdb BC A 6.88889 25.8494 -14.2499 -8.31589 -11.3238 -25.4591 -0.452165 43.5132 -25.8427 2.40829 7.29866 3.31163 0 0 0 0.604328 3.03305 -0.0100379 0 0 0 0 0.0178469 2.384 303 54 0 0 0
./complex_md-fit_537.pdb BC A 6.40841 31.3439 -5.8641 -7.39176 -8.01828 -24.7366 -0.333151 44.3017 -24.8129 4.73109 7.357 1.99531 0 0 0 1.04343 3.2077 1.11022e-16 0 0 0 0 0 2.384 303 54 0 0 0
./complex_md-fit_538.pdb BC A 8.22189 29.2631 -6.39076 -6.50621 -12.9936 -26.0592 -0.834849 47.1466 -25.8962 5.73913 9.07593 3.58229 0 0 0 0.355321 3.0673 0 0 0 0 0 0 2.384 303 55 1 1 0
./complex_md-fit_539.pdb BC A 8.4678 32.1867 -10.776 -7.60672 -10.5545 -25.8235 -0.656371 42.8172 -25.3666 4.98353 7.84303 3.4363 0 0 0 0.151618 2.97274 0 0 0 0 0 0 2.384 303 57 1 1 0
./complex_md-fit_53.pdb BC A 9.10656 29.8356 -14.1339 -8.55528 -11.7378 -23.7918 -0.610515 41.064 -23.4285 2.06875 7.50465 2.84611 0 0 0 0.501662 2.1424 0 0 0 0 0 0.00494034 2.384 303 50 0 0 0
./complex_md-fit_540.pdb BC A 10.1104 34.0058 -6.29959 -8.74041 -11.3324 -27.5565 -0.93504 49.2024 -27.1702 7.34089 8.23757 4.17234 0 0 0 0.48181 3.41656 0 0 0 0 0 0 2.384 303 57 2 2 0
./complex_md-fit_541.pdb BC A 9.71403 36.066 -10.7029 -9.56072 -13.198 -26.2049 -0.782341 45.1343 -26.2301 7.04139 8.33512 4.33415 0 0 0 0.389693 2.67864 -1.11022e-16 0 0 0 0 0.0385366 2.384 303 52 0 0 0
./complex_md-fit_542.pdb BC A 7.51322 28.1554 -10.9608 -10.8391 -11.9605 -26.5536 -0.906797 48.0231 -26.5326 4.16786 9.10304 4.3964 0 0 0 0.101178 3.0693 2.77556e-17 0 0 0 0 0.0400981 2.384 303 57 0 0 0
./complex_md-fit_543.pdb BC A 10.1876 36.2593 -10.1161 -9.18988 -11.6702 -26.1947 -0.770053 47.2189 -26.0398 4.35937 7.48066 4.1159 0 0 0 0.522435 2.96533 0 0 0 0 0 0.0513876 2.384 303 54 0 0 0
./complex_md-fit_544.pdb BC A 8.698 33.0807 -9.21583 -7.31452 -11.4055 -25.2285 -0.520519 44.2118 -25.5362 4.05193 8.28323 3.76954 0 0 0 0.472928 3.71288 0 0 0 0 0 0 2.384 303 53 0 0 0
./complex_md-fit_545.pdb BC A 6.89989 38.4138 -9.16807 -9.42634 -12.132 -26.5583 -0.660579 47.2185 -26.2587 5.04233 8.86074 4.51454 0 0 0 0.194879 3.10138 0 0 0 0 0 0.0367354 2.384 303 50 0 0 0
./complex_md-fit_546.pdb BC A 8.45518 38.0463 -9.24594 -10.9038 -14.5744 -27.2173 -0.587951 48.3212 -26.9424 8.03795 9.44611 4.56334 0 0 0 0.569657 3.17264 0 0 0 0 0 0.0416323 2.384 303 56 1 1 0
./complex_md-fit_547.pdb BC A 9.13669 34.0261 -12.0044 -12.3158 -9.36405 -26.0735 -0.500654 43.773 -26.0498 4.16977 9.34192 4.72049 0 0 0 0.254834 3.15625 1.11022e-16 0 0 0 0 0.0393621 2.384 303 52 0 0 0
./complex_md-fit_548.pdb BC A 9.23282 25.2597 -13.9666 -9.64561 -9.84056 -24.585 -0.615692 42.0642 -24.8414 1.73915 7.72291 3.86969 0 0 0 0.133449 2.727 -0.0157638 0 0 0 0 0.0480416 2.384 303 56 0 0 0
./complex_md-fit_549.pdb BC A 7.55551 31.105 -8.26709 -6.59223 -9.78967 -24.9032 -0.334766 42.5848 -25.4043 4.94892 6.52633 4.23616 0 0 0 0.460965 3.09249 0 0 0 0 0 0 2.384 303 56 0 0 0
./complex_md-fit_54.pdb BC A 7.27131 27.6655 -10.4274 -9.68524 -10.1753 -23.8975 -0.839158 40.9057 -23.6753 6.6651 7.14165 2.73774 0 0 0 0.289798 3.05489 0.105132 0 0 0 0 0 2.384 303 50 1 1 0
./complex_md-fit_550.pdb BC A 7.44901 26.7169 -9.62987 -8.58755 -11.5601 -25.8988 -0.55587 44.8872 -25.7741 6.27618 7.70948 3.70808 0 0 0 0.129502 2.70651 0 0 0 0 0 0.036109 2.384 303 57 1 1 0
./complex_md-fit_551.pdb BC A 8.33864 32.8308 -11.4259 -9.91063 -14.2521 -27.0689 -0.671318 47.2403 -26.5161 6.03771 9.04207 3.92351 0 0 0 0.731177 3.24972 0 0 0 0 0 0.0183906 2.384 303 55 1 1 0
./complex_md-fit_552.pdb BC A 10.0617 34.3229 -12.5896 -9.34763 -13.7839 -26.9345 -0.798766 46.5505 -26.617 8.53389 6.35511 2.87579 0 0 0 0.529105 3.30004 0 0 0 0 0 0.0478461 2.384 303 57 2 2 0
./complex_md-fit_553.pdb BC A 8.19995 44.1229 -12.3603 -8.66759 -12.3493 -26.1398 -0.741951 46.0791 -25.7597 3.56478 7.44752 3.50126 0 0 0 0.70415 2.5137 0 0 0 0 0 0.00110003 2.384 303 54 0 0 0
./complex_md-fit_554.pdb BC A 12.2413 24.7538 -13.5008 -10.0461 -11.4997 -26.5965 -0.829385 44.2376 -26.5438 5.89444 7.21978 4.08874 0 0 0 0.518298 3.28214 2.77556e-17 0 0 0 0 0.0558499 2.384 303 56 0 0 0
./complex_md-fit_555.pdb BC A 9.00677 29.0513 -15.185 -6.74451 -13.8171 -25.3825 -0.728985 43.9172 -25.4187 1.48205 7.7158 3.29084 0 0 0 0.484622 2.70069 0 0 0 0 0 0.0164485 2.384 303 53 0 0 0
./complex_md-fit_556.pdb BC A 6.90336 26.6007 -10.2146 -6.76138 -10.8163 -24.3669 -0.774763 43.1303 -23.9796 2.84669 7.10412 2.86427 0 0 0 0.539017 2.66993 0 0 0 0 0 0 2.384 303 53 0 0 0
./complex_md-fit_557.pdb BC A 7.51941 30.939 -12.2003 -7.66483 -11.1111 -26.1443 -0.577545 44.3339 -26.1634 3.05168 7.61155 4.26672 0 0 0 0.196983 2.72057 0 0 0 0 0 0 2.384 303 58 0 0 0
./complex_md-fit_558.pdb BC A 5.63077 36.971 -9.71725 -8.15917 -9.26165 -26.2601 -0.687841 44.3114 -26.8933 5.64363 7.00187 4.1062 0 0 0 0.498193 2.92479 -0.0164413 0 0 0 0 0 2.384 303 51 1 1 0
./complex_md-fit_559.pdb BC A 8.89769 34.3397 -4.12712 -7.47006 -8.57141 -26.481 -0.679191 45.8171 -26.3573 9.73529 6.1112 3.29659 0 0 0 0.441435 2.97307 0 0 0 0 0 0.0301943 2.384 303 53 2 2 0
./complex_md-fit_55.pdb BC A 6.66942 37.0151 -10.7331 -6.76031 -8.60521 -22.6169 -0.634352 38.0435 -23.0052 2.89366 6.07319 3.25247 0 0 0 0.625989 2.10508 0 0 0 0 0 0 2.384 303 50 0 0 0
./complex_md-fit_560.pdb BC A 7.14499 29.4235 -15.6223 -10.9341 -12.4346 -25.5784 -0.540583 44.0334 -25.3485 3.44864 8.08021 3.41918 0 0 0 0.185176 2.93097 0 0 0 0 0 0.0471911 2.384 303 53 0 0 0
./complex_md-fit_561.pdb BC A 8.15965 30.577 -6.63073 -6.68467 -9.7948 -26.1684 -0.612732 46.7352 -26.0665 4.98801 7.47192 3.13087 0 0 0 0.370324 3.12085 -5.55112e-17 0 0 0 0 0 2.384 303 53 0 0 0
./complex_md-fit_562.pdb BC A 8.26389 19.8816 -11.7924 -8.66769 -10.3878 -25.9227 -0.594172 44.6326 -25.6081 3.71049 7.22519 3.65406 0 0 0 0.148663 2.62261 0 0 0 0 0 0.0170404 2.384 303 52 0 0 0
./complex_md-fit_563.pdb BC A 8.97009 29.5741 -9.68644 -9.61294 -12.5415 -26.7319 -0.77218 47.0753 -25.9924 5.67698 9.03312 4.05117 0 0 0 0.11355 2.87396 0 0 0 0 0 0.0143773 2.384 303 53 0 0 0
./complex_md-fit_564.pdb BC A 6.1817 27.8376 -5.83862 -9.66653 -10.3712 -26.744 -0.779697 48.181 -26.4375 5.96466 9.22857 4.46314 0 0 0 0.242265 2.58995 0.0344518 0 0 0 0 0.0462139 2.384 303 54 2 2 0
./complex_md-fit_565.pdb BC A 7.50129 26.0129 -8.39005 -9.32709 -10.8007 -26.8674 -0.858925 47.3026 -26.3843 4.40562 9.68025 4.23688 0 0 0 0.187342 2.30334 -5.55112e-17 0 0 0 0 0.0356149 2.384 303 52 0 0 0
./complex_md-fit_566.pdb BC A 9.96461 34.1157 -4.02021 -7.45556 -10.206 -25.5593 -0.756778 45.4817 -25.6571 9.60577 7.28132 3.04769 0 0 0 0.160272 2.52431 0 0 0 0 0 0.0378596 2.384 303 52 2 2 0
./complex_md-fit_567.pdb BC A 10.308 35.998 -3.25044 -6.42182 -8.66786 -25.282 -0.594462 46.263 -24.6997 4.97636 8.1196 2.87696 0 0 0 0.13251 4.28863 0 0 0 0 0 0.0469252 2.384 303 51 0 0 0
./complex_md-fit_568.pdb BC A 8.62249 24.9492 -10.5997 -10.6932 -9.56915 -26.8078 -0.7686 46.0652 -26.4022 5.20578 8.20437 3.80947 0 0 0 0.297484 2.91558 0.024678 0 0 0 0 0.0341682 2.384 303 50 0 0 0
./complex_md-fit_569.pdb BC A 8.04615 30.6268 -11.5811 -11.5108 -11.7964 -26.0893 -0.751843 45.0046 -25.8927 6.18432 7.73681 5.36367 0 0 0 0.15403 2.9283 0 0 0 0 0 0.0164896 2.384 303 51 1 1 0
./complex_md-fit_56.pdb BC A 7.35923 37.6175 -10.4578 -7.52407 -7.04504 -22.8222 -0.530199 37.4356 -23.5614 4.58513 5.134 3.67275 0 0 0 0.14907 2.03374 0 0 0 0 0 0.0485539 2.384 303 51 0 0 0
./complex_md-fit_570.pdb BC A 9.02368 26.7375 -7.24857 -6.49827 -11.4971 -25.863 -0.78425 47.3802 -25.8739 4.56907 7.31923 3.71268 0 0 0 0.216259 2.95817 0.0340014 0 0 0 0 0.036614 2.384 303 55 1 1 0
./complex_md-fit_571.pdb BC A 6.57736 34.1393 -12.6401 -9.41315 -8.65833 -23.9419 -0.546975 40.4551 -24.2334 2.39969 7.50389 3.64799 0 0 0 0.12453 2.91408 0 0 0 0 0 0.0224474 2.384 303 50 0 0 0
./complex_md-fit_572.pdb BC A 9.34376 41.7317 -13.1553 -8.57142 -12.0887 -23.9025 -0.690643 41.4857 -23.8952 2.70662 7.55707 3.89226 0 0 0 0.305949 2.94536 0 0 0 0 0 0.0456873 2.384 303 51 0 0 0
./complex_md-fit_573.pdb BC A 8.38619 31.4891 -6.73819 -7.04292 -9.24928 -25.3063 -0.790627 42.9552 -25.3133 6.07834 7.77045 3.85632 0 0 0 0.269564 2.47569 0 0 0 0 0 0.034313 2.384 303 53 1 1 0
./complex_md-fit_574.pdb BC A 6.97935 34.9962 -6.04906 -7.62814 -9.79835 -26.2211 -0.779846 44.977 -26.3314 5.49909 8.79616 4.81864 0 0 0 0.576606 3.73053 0 0 0 0 0 0.0423075 2.384 303 54 1 1 0
./complex_md-fit_575.pdb BC A 8.29215 30.5397 -10.9175 -8.50469 -10.1322 -25.3222 -0.706113 42.3446 -25.1649 4.99618 6.58001 4.34483 0 0 0 0.610357 2.73589 0 0 0 0 0 0.0365169 2.384 303 50 0 0 0
./complex_md-fit_576.pdb BC A 9.74818 31.5532 -12.9483 -7.05507 -12.2493 -24.8922 -0.518291 44.138 -24.8997 1.47719 8.03684 2.8094 0 0 0 0.204787 3.43991 0 0 0 0 0 0 2.384 303 51 0 0 0
./complex_md-fit_577.pdb BC A 8.60052 29.6307 -10.7798 -7.52547 -9.12893 -25.4004 -0.660086 42.5555 -25.6821 4.49223 6.8399 3.44301 0 0 0 0.241309 2.83169 0 0 0 0 0 0.0452441 2.384 303 52 1 1 0
./complex_md-fit_578.pdb BC A 6.50477 31.1214 -8.07081 -8.93887 -9.0545 -25.9298 -0.660281 43.9451 -26.0568 6.9096 7.39996 4.22638 0 0 0 0.0945667 2.46953 -0.0101723 0 0 0 0 0.00401807 2.384 303 51 1 1 0
./complex_md-fit_579.pdb BC A 7.3391 29.9119 -12.1569 -9.24468 -12.264 -25.0895 -0.591367 42.6298 -24.7132 4.83229 7.70404 3.59994 0 0 0 0.92772 2.74644 -1.38778e-17 0 0 0 0 0.0520499 2.384 303 53 0 0 0
./complex_md-fit_57.pdb BC A 9.99515 33.4414 -10.7489 -6.32645 -7.09013 -21.8498 -0.73289 36.1263 -21.5384 4.01614 4.21945 2.05955 0 0 0 0.244885 2.22025 0.109708 0 0 0 0 0.0126531 2.384 303 48 0 0 0
./complex_md-fit_580.pdb BC A 9.14425 30.0537 -10.6223 -8.5257 -11.4264 -26.1538 -0.685879 44.7856 -25.9396 4.43257 8.16086 4.18219 0 0 0 0.504095 2.90107 0 0 0 0 0 0.0436502 2.384 303 54 0 0 0
./complex_md-fit_581.pdb BC A 7.90314 30.2193 -9.72812 -7.71753 -9.32285 -25.2975 -0.781462 43.2104 -25.2927 3.6175 7.47602 3.87005 0 0 0 0.458929 2.5419 0 0 0 0 0 0.051093 2.384 303 53 0 0 0
./complex_md-fit_582.pdb BC A 11.7887 43.5836 -9.49531 -9.16421 -14.5267 -27.5575 -0.72554 47.8576 -27.0656 6.01056 10.1428 4.77821 0 0 0 0.725443 2.77757 0 0 0 0 0 0.0295382 2.384 303 52 1 1 0
./complex_md-fit_583.pdb BC A 7.04583 32.2144 -11.9311 -8.90505 -11.2558 -25.4516 -0.552286 42.5877 -25.5705 5.36393 7.3123 3.71811 0 0 0 0.795966 2.47109 0 0 0 0 0 0.0261903 2.384 303 53 0 0 0
./complex_md-fit_584.pdb BC A 6.48602 42.5742 -6.1804 -7.48661 -7.375 -25.4239 -0.742181 43.1189 -25.4469 5.36497 6.75674 4.38127 0 0 0 0.640084 2.75765 -5.55112e-17 0 0 0 0 0.0322049 2.384 303 52 0 0 0
./complex_md-fit_585.pdb BC A 6.34866 30.2288 -16.1377 -10.2046 -12.9041 -26.3543 -0.877565 44.5549 -26.371 4.15859 7.32776 4.27094 0 0 0 0.214844 3.01728 0 0 0 0 0 0.0468644 2.384 303 52 1 1 0
./complex_md-fit_586.pdb BC A 6.56249 34.2278 -10.6114 -8.26796 -12.2824 -25.3911 -0.702152 44.1576 -25.0151 5.44047 8.01831 3.06088 0 0 0 0.325698 3.28267 0 0 0 0 0 0.0443469 2.384 303 48 0 0 0
./complex_md-fit_587.pdb BC A 6.75189 34.5466 -7.8327 -8.72371 -9.45695 -24.6931 -0.745913 41.8845 -24.4152 6.51166 6.6972 4.40337 0 0 0 0.705325 2.64317 -2.77556e-17 0 0 0 0 0 2.384 303 52 1 1 0
./complex_md-fit_588.pdb BC A 6.11484 29.5022 -11.9865 -8.53284 -10.7315 -25.6571 -0.649077 43.1575 -25.7115 4.58798 7.2899 3.77353 0 0 0 0.478075 2.72512 5.55112e-17 0 0 0 0 0.00853032 2.384 303 52 1 1 0
./complex_md-fit_589.pdb BC A 8.14916 37.3736 -16.1281 -11.9391 -11.1774 -26.2385 -0.631542 44.3744 -26.0825 4.00528 7.66471 3.71632 0 0 0 0.159733 2.81007 -0.0118388 0 0 0 0 0.0323302 2.384 303 53 0 0 0
./complex_md-fit_58.pdb BC A 8.24255 31.1436 -5.71397 -6.33606 -7.55321 -22.9861 -0.80906 39.5715 -22.7142 6.36766 5.2553 2.82465 0 0 0 0.660129 2.3438 -2.77556e-17 0 0 0 0 0.00541109 2.384 303 51 1 1 0
./complex_md-fit_590.pdb BC A 8.0716 38.5711 -15.8295 -9.43862 -12.0917 -25.8465 -0.571384 43.1048 -26.3666 2.64079 8.12063 4.40438 0 0 0 0.165664 2.96838 0 0 0 0 0 0.0489474 2.384 303 53 0 0 0
./complex_md-fit_591.pdb BC A 8.34697 35.1408 -4.55951 -10.7125 -8.13455 -25.9293 -0.659515 45.2201 -25.707 8.41955 8.11254 4.46714 0 0 0 0.2983 2.81502 0.0190826 0 0 0 0 0.0465875 2.384 303 53 1 1 0
./complex_md-fit_592.pdb BC A 7.81681 36.5981 -1.27258 -7.38559 -7.24667 -26.0977 -0.775651 44.9616 -25.8841 8.4983 7.76824 4.42487 0 0 0 0.430599 3.72921 0 0 0 0 0 0.0336432 2.384 303 50 0 0 0
./complex_md-fit_593.pdb BC A 7.70658 26.2188 -5.25067 -7.13143 -9.29352 -26.156 -0.7207 44.9506 -25.7329 5.2945 8.68277 4.36159 0 0 0 0.428487 3.62152 0.0313725 0 0 0 0 0.0345064 2.384 303 51 0 0 0
./complex_md-fit_594.pdb BC A 7.97623 38.3017 -8.94279 -8.89691 -8.42905 -25.5398 -0.646868 42.3325 -25.6688 5.64361 6.92842 5.08251 0 0 0 0.221036 3.12298 -0.0111898 0 0 0 0 0.0416972 2.384 303 47 0 0 0
./complex_md-fit_595.pdb BC A 7.81641 27.9625 -5.50717 -8.71631 -9.66249 -25.7945 -0.757323 45.2474 -25.2926 7.18858 7.87125 4.27766 0 0 0 0.0828222 3.03858 0.0243432 0 0 0 0 0.0239871 2.384 303 49 0 0 0
./complex_md-fit_596.pdb BC A 8.60864 33.4096 -0.492646 -7.18628 -9.64797 -25.8089 -0.870951 47.4024 -25.0023 7.74781 8.91616 3.7623 0 0 0 0.166909 3.08609 0 0 0 0 0 0.0281736 2.384 303 51 1 1 0
./complex_md-fit_597.pdb BC A 8.53994 31.4513 -4.93848 -7.55582 -8.86798 -26.6414 -0.647593 45.5848 -26.7547 7.98395 7.61806 4.17623 0 0 0 0.123216 3.67429 -5.55112e-17 0 0 0 0 0.0428702 2.384 303 56 2 2 0
./complex_md-fit_598.pdb BC A 11.2147 24.428 -4.75297 -8.73476 -8.76911 -26.4535 -0.641748 47.3863 -26.7636 6.75493 7.85554 4.19818 0 0 0 0.402543 3.01458 -2.77556e-17 0 0 0 0 0.012336 2.384 303 52 0 0 0
./complex_md-fit_599.pdb BC A 10.4244 38.5567 -5.5179 -6.42652 -8.46148 -25.3828 -0.668338 45.601 -25.2676 3.39218 7.49312 3.96657 0 0 0 0.180734 2.82946 0.02943 0 0 0 0 0.025796 2.384 303 52 0 0 0
./complex_md-fit_59.pdb BC A 8.98164 34.1273 -7.22926 -5.44371 -11.6333 -24.0939 -0.549951 41.4177 -23.851 5.27269 7.72497 3.49692 0 0 0 0.390663 3.43254 0 0 0 0 0 0.039624 2.384 303 54 1 1 0
./complex_md-fit_5.pdb BC A 7.06795 37.1308 -9.80867 -9.30049 -10.171 -24.5261 -0.785712 40.9609 -24.7253 7.74071 7.36008 3.28371 0 0 0 0.315975 2.17794 0 0 0 0 0 0.0386064 2.384 303 48 1 1 0
./complex_md-fit_600.pdb BC A 6.48434 33.6884 -5.50289 -7.70196 -9.61325 -25.3482 -0.717477 46.0062 -24.6038 4.30515 7.88762 4.03793 0 0 0 0.206878 2.87878 0.0381102 0 0 0 0 0 2.384 303 51 0 0 0
./complex_md-fit_601.pdb BC A 6.82345 30.8197 -8.87396 -11.0669 -8.91389 -24.3231 -0.585665 41.4726 -24.2671 5.11512 8.05893 5.2612 0 0 0 0.288058 2.65987 0.0324967 0 0 0 0 0.0542787 2.384 303 51 2 2 0
./complex_md-fit_602.pdb BC A 11.5187 35.779 -10.5769 -8.28506 -10.8382 -25.2172 -0.788218 43.0982 -25.1511 4.59082 8.17461 3.57764 0 0 0 0.261625 2.67625 0 0 0 0 0 0 2.384 303 51 0 0 0
./complex_md-fit_603.pdb BC A 8.19081 29.6227 -9.927 -8.81981 -10.5053 -26.007 -0.634023 43.3847 -26.11 5.58181 8.48313 4.42536 0 0 0 0.24271 2.8866 0 0 0 0 0 0.0313537 2.384 303 52 1 1 0
./complex_md-fit_604.pdb BC A 8.25298 25.9994 -6.25263 -8.86879 -9.01887 -25.8949 -0.593227 46.3868 -25.4636 6.54951 7.19533 3.27827 0 0 0 0.126988 3.14702 0 0 0 0 0 0.0499287 2.384 303 54 1 1 0
./complex_md-fit_605.pdb BC A 8.08362 22.6418 -8.8799 -8.01009 -10.0201 -24.4132 -0.787007 42.0051 -24.523 6.03513 6.96096 3.62037 0 0 0 0.24806 2.42831 5.55112e-17 0 0 0 0 0.00393596 2.384 303 54 1 1 0
./complex_md-fit_606.pdb BC A 7.42711 33.0855 -6.42223 -9.07564 -10.946 -26.5843 -0.735946 46.1446 -26.4071 9.22623 7.65062 4.11984 0 0 0 0.180121 2.49742 0 0 0 0 0 0.00533699 2.384 303 54 1 1 0
./complex_md-fit_607.pdb BC A 7.90388 27.7909 -3.69463 -8.2703 -8.37711 -24.6053 -0.533112 43.2307 -24.5708 9.50722 6.76845 2.99649 0 0 0 0.137197 3.629 -0.00965495 0 0 0 0 0.0316117 2.384 303 53 2 2 0
./complex_md-fit_608.pdb BC A 8.96558 33.3724 -12.0426 -7.49855 -11.1328 -25.064 -0.680587 42.725 -24.9164 3.51085 8.41593 2.45016 0 0 0 0.1126 3.13158 -0.0176942 0 0 0 0 0.0528097 2.384 303 52 1 1 0
./complex_md-fit_609.pdb BC A 9.1576 31.9703 -6.7117 -8.39753 -7.44463 -24.5873 -0.623304 44.1016 -24.2987 4.15348 7.90816 2.24003 0 0 0 0.163856 3.27186 0.0376518 0 0 0 0 0.0350655 2.384 303 51 0 0 0
./complex_md-fit_60.pdb BC A 7.82949 32.8506 -10.5381 -7.50134 -11.4348 -24.3791 -0.992868 42.1789 -24.0919 4.12134 7.97564 2.49143 0 0 0 1.04254 2.19367 0 0 0 0 0 0.05211 2.384 303 49 0 0 0
./complex_md-fit_610.pdb BC A 8.47244 35.1579 -7.13469 -6.49488 -7.97748 -25.4812 -0.567582 42.7671 -26.0059 5.34303 7.40363 3.75971 0 0 0 0.0860944 3.00268 0.0327838 0 0 0 0 0 2.384 303 53 0 0 0
./complex_md-fit_611.pdb BC A 7.6851 34.2093 -12.2233 -8.63369 -10.525 -26.9462 -0.595876 45.7758 -27.1579 3.87878 8.3757 3.16662 0 0 0 0.390028 3.31692 2.77556e-17 0 0 0 0 0.0484172 2.384 303 52 0 0 0
./complex_md-fit_612.pdb BC A 7.60618 27.9144 -11.8057 -9.61635 -10.5672 -25.7104 -0.632364 43.8071 -25.2968 3.28705 7.8708 4.68826 0 0 0 0.273835 2.87402 0.0302814 0 0 0 0 0.0600692 2.384 303 50 0 0 0
./complex_md-fit_613.pdb BC A 6.68486 32.783 -8.09835 -8.12512 -5.90125 -24.4326 -0.695753 40.4962 -24.8637 5.56352 5.982 3.32541 0 0 0 0.533255 2.99175 0 0 0 0 0 0.0196511 2.384 303 49 1 1 0
./complex_md-fit_614.pdb BC A 6.17853 28.313 -12.8133 -8.65057 -12.424 -26.0108 -0.742313 43.5041 -26.4545 7.05208 8.08028 2.5965 0 0 0 0.190957 3.34846 0 0 0 0 0 0.0449818 2.384 303 52 1 1 0
./complex_md-fit_615.pdb BC A 6.97404 32.3701 -8.18115 -7.36424 -7.95027 -25.8819 -0.674746 44.3264 -26.2273 5.46767 5.77126 4.14542 0 0 0 0.180392 3.05608 -0.00923926 0 0 0 0 0.035446 2.384 303 49 0 0 0
./complex_md-fit_616.pdb BC A 9.17192 34.558 -13.8956 -8.35237 -9.81522 -25.2316 -0.702416 40.6747 -26.2124 3.04457 7.79931 4.14439 0 0 0 0.70875 3.82225 0 0 0 0 0 0.0467816 2.384 303 52 0 0 0
./complex_md-fit_617.pdb BC A 6.69024 30.2923 -6.52348 -8.33793 -7.75184 -25.2716 -0.523617 41.9304 -25.6897 6.30692 7.75551 4.83883 0 0 0 0.221032 2.9256 -0.0101633 0 0 0 0 0.00867313 2.384 303 49 1 1 0
./complex_md-fit_618.pdb BC A 5.95002 26.9922 -6.9694 -7.82841 -10.421 -25.2943 -0.673448 43.2602 -25.1499 8.1806 7.71171 2.94355 0 0 0 0.272541 3.87681 0.0155868 0 0 0 0 0.0134075 2.384 303 50 1 1 0
./complex_md-fit_619.pdb BC A 8.62594 28.4227 -7.64334 -8.01688 -11.1535 -26.3442 -0.81898 47.3428 -26.4727 5.68373 8.36596 3.58898 0 0 0 0.127679 2.9153 0 0 0 0 0 0.0537556 2.384 303 50 1 1 0
./complex_md-fit_61.pdb BC A 7.04996 30.5856 -11.7534 -7.83639 -8.09121 -23.8693 -0.782108 38.7193 -24.2779 4.62302 7.12911 2.30164 0 0 0 0.310048 2.74377 -0.0156352 0 0 0 0 0.0359225 2.384 303 53 0 0 0
./complex_md-fit_620.pdb BC A 8.77998 32.2804 -13.4752 -9.26287 -13.6811 -26.1295 -0.626671 44.8725 -26.4111 5.6756 8.19753 3.7624 0 0 0 0.0850281 2.89276 0 0 0 0 0 0.0429817 2.384 303 52 0 0 0
./complex_md-fit_621.pdb BC A 7.91991 24.8883 -8.95737 -7.6141 -11.6678 -24.8332 -0.69955 42.264 -24.4946 5.77518 7.92059 4.07665 0 0 0 0.25997 3.06328 0.0321366 0 0 0 0 0.0232962 2.384 303 48 1 1 0
./complex_md-fit_622.pdb BC A 8.08731 32.2321 -6.80873 -5.1059 -9.14872 -25.0072 -0.640456 43.6641 -25.0536 4.2285 7.35247 2.57161 0 0 0 0.279067 2.92243 0 0 0 0 0 0.0514515 2.384 303 52 1 1 0
./complex_md-fit_623.pdb BC A 8.07735 28.8097 -7.11832 -5.76484 -7.30807 -23.6525 -0.560973 39.2542 -23.9124 4.42156 6.07512 3.97435 0 0 0 0.345638 2.3775 0 0 0 0 0 0.00955209 2.384 303 47 0 0 0
./complex_md-fit_624.pdb BC A 10.9903 25.555 -9.37822 -5.6178 -9.55827 -25.3308 -0.584088 40.7505 -26.2246 5.40067 7.22385 4.3924 0 0 0 0.11779 2.55807 0 0 0 0 0 0.0521977 2.384 303 48 2 2 0
./complex_md-fit_625.pdb BC A 9.73739 35.4644 -12.2474 -8.10205 -10.8812 -25.1629 -0.654061 41.9936 -25.5153 4.31805 7.51084 4.02787 0 0 0 0.171615 3.98303 0 0 0 0 0 0.0461023 2.384 303 50 1 1 0
./complex_md-fit_626.pdb BC A 7.01075 24.2954 -10.0967 -8.09966 -9.55131 -24.4569 -0.674332 41.9853 -24.258 4.34643 6.84613 3.52609 0 0 0 0.192935 2.86321 0 0 0 0 0 0.0466572 2.384 303 49 0 0 0
./complex_md-fit_627.pdb BC A 7.17696 29.853 -10.0565 -9.21342 -11.1601 -25.7558 -0.703251 43.2124 -25.8698 6.75488 6.72462 5.74882 0 0 0 0.130055 3.1873 0.0340204 0 0 0 0 0.0410628 2.384 303 52 1 1 0
./complex_md-fit_628.pdb BC A 8.98176 33.4093 -12.7595 -9.19091 -8.51992 -24.226 -0.475297 40.7483 -24.5596 2.86288 6.47849 3.9061 0 0 0 0.183261 2.95039 0 0 0 0 0 0.0331755 2.384 303 50 0 0 0
./complex_md-fit_629.pdb BC A 8.13896 27.5722 -3.76891 -7.45772 -6.68051 -25.5681 -0.778794 43.2689 -26.1735 8.10066 7.04038 4.31346 0 0 0 0.136573 2.76426 0 0 0 0 0 0.029676 2.384 303 49 1 1 0
./complex_md-fit_62.pdb BC A 6.7958 34.1845 -10.7465 -8.39883 -8.0462 -22.3435 -0.692133 37.5788 -22.3575 4.94858 6.06784 2.19034 0 0 0 0.174458 2.26456 0.0969095 0 0 0 0 0.0347511 2.384 303 51 1 1 0
./complex_md-fit_630.pdb BC A 8.12243 28.6881 -7.68964 -4.74641 -8.00047 -24.005 -0.602142 39.3145 -24.592 5.61859 6.38896 2.41711 0 0 0 0.52833 3.2305 -0.0110511 0 0 0 0 0 2.384 303 50 1 1 0
./complex_md-fit_631.pdb BC A 8.83395 23.0661 -8.66332 -7.45495 -11.8774 -25.7751 -0.577293 44.3022 -26.0489 7.57241 8.24308 2.80725 0 0 0 0.096899 3.6499 0 0 0 0 0 0.0484107 2.384 303 52 3 3 0
./complex_md-fit_632.pdb BC A 9.81109 26.5765 -9.62774 -9.11301 -11.4806 -26.3146 -0.734671 44.2141 -26.0806 6.52861 8.75653 4.27271 0 0 0 0.253115 2.61577 0.0301902 0 0 0 0 0.0404326 2.384 303 51 1 1 0
./complex_md-fit_633.pdb BC A 7.76829 36.5649 -3.73786 -7.41175 -9.2646 -25.9014 -0.650377 45.821 -25.6273 5.51893 8.28657 5.26694 0 0 0 0.174865 2.83811 0 0 0 0 0 0.0492508 2.384 303 50 1 1 0
./complex_md-fit_634.pdb BC A 7.52269 32.0952 -7.52134 -7.97593 -10.9595 -26.742 -0.533561 46.7641 -26.7248 6.03587 8.8983 3.52643 0 0 0 0.156048 2.91239 -0.0113846 0 0 0 0 0.0450745 2.384 303 54 1 1 0
./complex_md-fit_635.pdb BC A 12.5185 26.7033 -11.441 -10.2423 -13.6341 -26.2696 -0.775322 44.3599 -26.4193 6.19758 9.71256 5.14947 0 0 0 0.45883 3.21065 0 0 0 0 0 0.0212611 2.384 303 53 1 1 0
./complex_md-fit_636.pdb BC A 6.37619 25.6378 -17.0864 -10.1482 -10.5502 -27.0972 -0.755976 43.538 -27.4024 3.24617 7.38068 4.57235 0 0 0 0.097443 4.2119 1.11022e-16 0 0 0 0 0.0329308 2.384 303 54 0 0 0
./complex_md-fit_637.pdb BC A 7.90714 31.5634 -10.9739 -7.19824 -10.9424 -26.4241 -0.742674 44.2754 -26.7937 4.17581 8.63401 3.60625 0 0 0 0.413646 2.7155 0 0 0 0 0 0.0221947 2.384 303 52 0 0 0
./complex_md-fit_638.pdb BC A 7.71506 34.9186 -7.40197 -5.88363 -7.41493 -24.5515 -0.785701 41.0862 -24.9025 4.89106 6.91341 3.03894 0 0 0 0.145862 2.29816 0.0290774 0 0 0 0 0.0316902 2.384 303 49 1 1 0
./complex_md-fit_639.pdb BC A 6.85508 30.4702 -9.68137 -7.73235 -7.94973 -26.9519 -0.6238 44.8471 -27.5964 4.99655 7.38216 3.49935 0 0 0 0.436707 3.69291 0 0 0 0 0 0.010973 2.384 303 51 0 0 0
./complex_md-fit_63.pdb BC A 10.9778 34.3404 -11.6349 -7.67089 -8.87705 -23.1717 -0.814595 38.702 -23.5251 4.75056 6.47011 2.14135 0 0 0 0.292167 2.29161 2.77556e-17 0 0 0 0 0.068167 2.384 303 54 1 1 0
./complex_md-fit_640.pdb BC A 7.61433 32.2371 -3.82617 -7.69841 -6.98935 -26.7326 -0.654488 47.1209 -26.6325 5.84752 7.27905 4.20126 0 0 0 0.362255 4.26103 0.0222827 0 0 0 0 0.0479482 2.384 303 52 0 0 0
./complex_md-fit_641.pdb BC A 7.22345 40.1963 -12.4156 -12.7834 -11.5841 -27.237 -0.664565 45.7131 -27.6216 7.49178 8.74861 5.07368 0 0 0 0.393802 3.45117 0 0 0 0 0 0.0540455 2.384 303 51 2 2 0
./complex_md-fit_642.pdb BC A 7.59868 28.5083 -8.81293 -8.60046 -10.2666 -27.1308 -0.774911 46.5614 -26.825 5.74688 7.43442 4.62829 0 0 0 0.333092 3.48895 0.0361199 0 0 0 0 0.0446144 2.384 303 52 0 0 0
./complex_md-fit_643.pdb BC A 7.8405 32.0918 -9.03485 -10.2344 -11.5934 -26.9491 -0.805194 46.8032 -27.0101 6.12674 9.03317 5.27032 0 0 0 0.246768 3.19592 0.0117358 0 0 0 0 0.0653582 2.384 303 53 1 1 0
./complex_md-fit_644.pdb BC A 6.98262 31.4398 -9.51379 -6.70151 -8.76124 -25.9949 -0.886861 43.335 -26.6565 5.94741 7.13717 2.74687 0 0 0 0.323394 4.35305 -0.00969446 0 0 0 0 0.00707907 2.384 303 52 0 0 0
./complex_md-fit_645.pdb BC A 6.40752 28.5954 -6.81542 -8.8001 -7.73164 -25.9502 -0.737377 42.9692 -26.7198 8.69043 7.68152 3.62204 0 0 0 0.162894 3.36596 -0.0110756 0 0 0 0 0.00870907 2.384 303 54 2 2 0
./complex_md-fit_646.pdb BC A 8.62631 31.7741 -12.4203 -10.2551 -10.131 -25.7563 -0.781049 43.3717 -26.059 4.81403 7.87764 4.06624 0 0 0 0.44038 2.86439 -0.011394 0 0 0 0 0.00359998 2.384 303 54 0 0 0
./complex_md-fit_647.pdb BC A 9.32637 30.9696 -15.0526 -10.5564 -11.783 -27.4724 -0.665337 46.0759 -27.9223 4.18512 8.87879 4.01681 0 0 0 0.144124 2.66047 5.55112e-17 0 0 0 0 0.0462011 2.384 303 51 0 0 0
./complex_md-fit_648.pdb BC A 5.75415 31.7408 -5.42705 -7.1745 -8.64667 -25.5251 -0.807508 43.406 -26.1414 6.96615 7.74581 4.65747 0 0 0 0.0645933 3.08977 0.0280992 0 0 0 0 0 2.384 303 50 2 2 0
./complex_md-fit_649.pdb BC A 6.0076 34.6931 -11.1534 -7.55074 -7.40434 -26.0621 -0.64842 43.0672 -26.4867 3.31048 6.81073 3.66736 0 0 0 0.0927882 2.92853 0.0223956 0 0 0 0 0.0279078 2.384 303 49 0 0 0
./complex_md-fit_64.pdb BC A 9.2429 34.162 -7.80779 -7.58212 -8.9357 -23.6894 -0.826152 40.3905 -23.8486 7.1275 6.36755 2.88397 0 0 0 0.250687 2.38647 0.0131833 0 0 0 0 0.0407885 2.384 303 50 2 2 0
./complex_md-fit_650.pdb BC A 9.85932 23.9448 -14.6572 -9.79361 -9.73324 -26.1307 -0.641531 43.5956 -26.546 3.21117 7.7851 3.35614 0 0 0 0.202012 2.95728 0 0 0 0 0 0.0378722 2.384 303 53 0 0 0
./complex_md-fit_651.pdb BC A 7.42772 29.9804 -8.73167 -8.55009 -7.72072 -26.7548 -0.69026 45.4775 -26.9324 5.01439 6.77975 4.42909 0 0 0 0.169178 3.25818 0 0 0 0 0 0.0466175 2.384 303 51 1 1 0
./complex_md-fit_652.pdb BC A 5.96902 28.2716 -9.03523 -9.60483 -6.44594 -26.208 -0.773331 44.3044 -26.724 5.87278 6.26526 4.00751 0 0 0 0.263223 3.86814 2.77556e-17 0 0 0 0 0.00758451 2.384 303 53 0 0 0
./complex_md-fit_653.pdb BC A 8.90404 31.342 -10.3739 -9.84176 -11.6555 -25.7228 -0.704715 43.4612 -26.0743 7.09026 8.96706 3.84642 0 0 0 0.215875 2.86112 0.0252323 0 0 0 0 0.0191096 2.384 303 53 1 1 0
./complex_md-fit_654.pdb BC A 10.1059 28.3835 -11.6383 -9.43988 -9.84761 -26.7345 -0.613535 43.9557 -26.8879 5.82474 7.69337 3.94399 0 0 0 0.403264 4.56836 0.019293 0 0 0 0 0.0447264 2.384 303 49 2 2 0
./complex_md-fit_655.pdb BC A 7.24239 31.031 -12.9397 -8.26805 -8.67057 -25.3078 -0.73172 41.9127 -25.8826 2.31449 6.38696 4.79423 0 0 0 0.436153 2.81033 0.0258012 0 0 0 0 0.0506375 2.384 303 48 0 0 0
./complex_md-fit_656.pdb BC A 8.38996 32.2181 -11.5623 -8.73582 -11.3409 -26.0431 -0.611885 42.0088 -26.8334 6.52779 8.06758 5.12606 0 0 0 0.232898 3.12452 0.0121106 0 0 0 0 0.0276327 2.384 303 50 0 0 0
./complex_md-fit_657.pdb BC A 8.00643 28.5333 -11.8665 -11.1408 -10.3278 -26.6709 -0.689972 44.4316 -27.1197 6.78415 8.74935 3.71595 0 0 0 0.365424 2.72437 -0.0100221 0 0 0 0 0.0463145 2.384 303 51 0 0 0
./complex_md-fit_658.pdb BC A 7.24684 31.505 -10.454 -8.61225 -10.3002 -25.7985 -0.635162 41.3972 -26.4848 8.3733 7.64045 3.74572 0 0 0 0.188856 2.89365 -0.0119066 0 0 0 0 0.0432253 2.384 303 51 1 1 0
./complex_md-fit_659.pdb BC A 7.57974 32.9349 0.3897 -7.01138 -5.99455 -24.7588 -0.721785 42.6173 -25.2794 8.17405 8.01916 5.15137 0 0 0 0.174249 2.61452 0.0195179 0 0 0 0 4.4989e-06 2.384 303 52 1 1 0
./complex_md-fit_65.pdb BC A 7.30713 33.1157 -10.475 -8.51894 -9.77711 -24.0607 -0.673695 39.3517 -24.4146 6.90836 7.31209 3.06114 0 0 0 0.329719 2.56331 0 0 0 0 0 0.00688269 2.384 303 51 1 1 0
./complex_md-fit_660.pdb BC A 9.68304 32.7595 -5.96464 -6.75071 -8.9166 -25.1284 -0.757518 42.5715 -26.0524 7.54619 8.20808 3.18478 0 0 0 0.0969773 4.77547 0 0 0 0 0 0.0334755 2.384 303 52 1 1 0
./complex_md-fit_661.pdb BC A 5.97182 33.8976 -13.8552 -9.7546 -10.2611 -25.8136 -0.570243 41.6953 -26.3477 4.5473 8.11024 3.96603 0 0 0 0.541068 2.95047 5.55112e-17 0 0 0 0 0.032094 2.384 303 52 0 0 0
./complex_md-fit_662.pdb BC A 7.77264 30.9213 -1.97145 -8.55301 -6.82688 -24.3514 -0.668365 41.2127 -24.6013 10.7066 5.6449 5.23241 0 0 0 0.189562 2.65822 0.0245464 0 0 0 0 0.0188203 2.384 303 49 2 2 0
./complex_md-fit_663.pdb BC A 8.31169 38.1703 -11.522 -9.52478 -9.07194 -24.4919 -0.717888 40.7222 -24.4121 4.13307 7.05941 4.48516 0 0 0 0.251912 2.47557 0 0 0 0 0 0.0449534 2.384 303 48 0 0 0
./complex_md-fit_664.pdb BC A 6.58183 29.078 -13.2941 -8.65417 -11.569 -25.3314 -0.585358 42.2749 -25.5569 4.28322 7.46179 4.22227 0 0 0 0.121357 2.68021 0 0 0 0 0 0.0392381 2.384 303 52 1 1 0
./complex_md-fit_665.pdb BC A 7.5927 29.5661 -7.47204 -7.4477 -8.64356 -26.2272 -0.801657 45.9052 -26.0463 4.00555 6.67175 4.68109 0 0 0 0.384841 2.86324 0 0 0 0 0 0.0459725 2.384 303 50 0 0 0
./complex_md-fit_666.pdb BC A 7.31434 30.2419 -6.51558 -6.7296 -10.2257 -25.1491 -0.706193 45.6238 -24.9336 5.68442 6.98214 2.58235 0 0 0 0.340003 2.73208 -0.00940346 0 0 0 0 0.0253582 2.384 303 50 1 1 0
./complex_md-fit_667.pdb BC A 9.5061 27.9724 -8.94481 -7.19886 -12.5569 -25.3814 -0.623049 43.8058 -24.9714 5.00777 7.44492 5.25903 0 0 0 0.245813 2.75885 0.0217756 0 0 0 0 0.00174512 2.384 303 49 1 1 0
./complex_md-fit_668.pdb BC A 6.86934 26.2415 -10.7937 -7.98424 -11.6537 -25.8289 -0.589712 43.8293 -25.7885 5.59591 7.86723 3.51336 0 0 0 0.23298 3.49921 -0.0101953 0 0 0 0 0.0227502 2.384 303 50 1 1 0
./complex_md-fit_669.pdb BC A 6.39719 27.1726 -3.44197 -8.24623 -6.56074 -23.8407 -0.569445 39.8508 -23.9146 7.80177 7.53252 4.12584 0 0 0 0.378879 2.41807 0 0 0 0 0 0 2.384 303 50 1 1 0
./complex_md-fit_66.pdb BC A 7.36217 39.5772 -8.71575 -6.93744 -10.3485 -24.0804 -0.813554 39.9514 -24.2415 8.11152 6.32217 2.44217 0 0 0 0.858019 2.63578 5.55112e-17 0 0 0 0 0.0202836 2.384 303 49 2 2 0
./complex_md-fit_670.pdb BC A 10.5087 31.6565 -10.2003 -6.64683 -11.1787 -23.3262 -0.713586 38.5226 -23.1616 5.55069 7.90757 2.48608 0 0 0 0.359648 2.4065 0 0 0 0 0 0 2.384 303 51 1 1 0
./complex_md-fit_671.pdb BC A 7.5962 21.9077 -11.3496 -4.25465 -9.84684 -24.5422 -0.749189 40.1029 -24.7838 2.22332 7.15728 2.70638 0 0 0 0.637233 3.26088 0 0 0 0 0 0 2.384 303 52 0 0 0
./complex_md-fit_672.pdb BC A 9.84499 26.5265 -8.99557 -6.90675 -11.5565 -26.132 -0.810187 44.4026 -26.0004 5.79181 8.18418 3.62242 0 0 0 0.409265 2.37977 0 0 0 0 0 0 2.384 303 53 2 2 0
./complex_md-fit_673.pdb BC A 10.3608 26.3342 -14.7309 -6.85148 -9.70344 -23.3652 -0.700495 38.2015 -23.4654 3.32352 5.19979 2.51508 0 0 0 0.0832378 2.50815 2.77556e-17 0 0 0 0 0.0320592 2.384 303 50 1 1 0
./complex_md-fit_674.pdb BC A 6.25221 29.9786 -12.7978 -6.14668 -10.9049 -23.7254 -0.641726 39.4369 -23.7587 2.37065 6.14425 4.19307 0 0 0 0.228612 2.36007 0 0 0 0 0 0.00605873 2.384 303 50 0 0 0
./complex_md-fit_675.pdb BC A 7.99433 35.3054 -10.4582 -7.65611 -13.084 -25.4233 -0.709731 43.2707 -25.3048 4.63731 9.31634 4.16304 0 0 0 0.290714 2.61856 0.024586 0 0 0 0 0.0170865 2.384 303 51 1 1 0
./complex_md-fit_676.pdb BC A 7.51971 27.9198 -15.71 -8.04065 -14.6505 -24.2851 -0.93368 41.4401 -24.109 3.51897 8.57474 2.54802 0 0 0 0.249893 2.75687 -0.0275915 0 0 0 0 0.00473017 2.384 303 52 0 0 0
./complex_md-fit_677.pdb BC A 10.3312 26.0614 -15.4244 -8.31334 -13.7087 -25.5488 -0.646174 43.7804 -25.4865 2.94071 7.88825 3.25783 0 0 0 0.411898 2.29549 0 0 0 0 0 0 2.384 303 56 0 0 0
./complex_md-fit_678.pdb BC A 9.61126 25.2731 -9.92586 -7.06267 -11.5423 -25.0357 -0.790651 42.1329 -24.8961 7.11662 6.65855 3.25409 0 0 0 0.230712 2.41931 0 0 0 0 0 0.00870354 2.384 303 51 1 1 0
./complex_md-fit_679.pdb BC A 7.54183 30.6568 -14.6323 -8.19625 -12.7807 -24.9278 -0.513103 41.8172 -24.8807 3.96055 8.70255 1.90275 0 0 0 0.235157 2.28865 0 0 0 0 0 0.0480404 2.384 303 50 1 1 0
./complex_md-fit_67.pdb BC A 6.50086 35.8021 -7.55183 -5.98653 -8.94188 -22.0273 -0.674549 36.9396 -21.4377 6.8996 6.23612 1.28721 0 0 0 0.143113 2.36153 -0.0137858 0 0 0 0 0.0242027 2.384 303 50 3 3 0
./complex_md-fit_680.pdb BC A 8.011 28.1956 -12.052 -6.72598 -8.98388 -24.6892 -0.761909 39.6313 -25.0355 4.61644 6.35833 2.7941 0 0 0 0.744308 2.44546 0 0 0 0 0 0 2.384 303 52 1 1 0
./complex_md-fit_681.pdb BC A 7.60449 28.096 -6.80079 -7.31303 -10.6358 -25.5295 -0.750485 44.7393 -25.0382 7.05641 7.52058 2.68652 0 0 0 0.463451 2.62291 -2.77556e-17 0 0 0 0 0 2.384 303 54 3 3 0
./complex_md-fit_682.pdb BC A 6.81221 30.1532 -6.63254 -5.14192 -11.7374 -25.1871 -0.681517 43.072 -25.0723 4.8509 8.13092 4.71043 0 0 0 0.399729 3.66927 0.0237098 0 0 0 0 0 2.384 303 52 0 0 0
./complex_md-fit_683.pdb BC A 6.96712 32.9854 -7.68937 -6.18046 -12.184 -26.2018 -0.696129 45.415 -26.1554 4.97496 9.13521 3.73923 0 0 0 0.463957 2.24295 -5.55112e-17 0 0 0 0 0 2.384 303 52 0 0 0
./complex_md-fit_684.pdb BC A 8.05744 31.5176 -3.48474 -5.20014 -6.63458 -24.1364 -0.918816 39.9988 -24.3522 7.41571 6.14106 3.92688 0 0 0 0.274868 2.20888 -1.11022e-16 0 0 0 0 0 2.384 303 49 1 1 0
./complex_md-fit_685.pdb BC A 6.32851 36.1225 -11.4665 -7.07749 -9.11633 -25.429 -0.722824 42.4199 -25.2651 3.32541 6.83941 3.30023 0 0 0 0.252474 2.33845 1.11022e-16 0 0 0 0 0.00693052 2.384 303 52 0 0 0
./complex_md-fit_686.pdb BC A 9.28052 23.5301 -6.93243 -6.36633 -10.6998 -24.1148 -1.0917 41.3936 -24.2111 5.56714 8.87274 3.50712 0 0 0 0.188993 2.11299 0.0217986 0 0 0 0 0 2.384 303 53 0 0 0
./complex_md-fit_687.pdb BC A 9.19314 37.6044 -3.97707 -6.75795 -10.0831 -25.0621 -0.872765 43.6176 -24.6605 8.11573 7.39344 3.50301 0 0 0 0.829635 2.12704 0 0 0 0 0 0 2.384 303 51 1 1 0
./complex_md-fit_688.pdb BC A 9.1044 30.8709 -8.93402 -8.40474 -11.9291 -25.3148 -0.971015 43.1797 -25.2207 9.07848 8.26736 1.96613 0 0 0 0.414693 2.28631 -5.55112e-17 0 0 0 0 0 2.384 303 52 4 4 0
./complex_md-fit_689.pdb BC A 9.22487 33.2066 -6.49981 -6.44093 -9.40369 -24.4463 -0.852513 41.5405 -24.4346 7.19227 7.36536 2.89404 0 0 0 0.0859555 2.36857 1.11022e-16 0 0 0 0 0 2.384 303 51 1 1 0
./complex_md-fit_68.pdb BC A 8.04902 36.9644 -1.7605 -6.37718 -5.7962 -21.6453 -0.647015 36.7948 -21.1865 8.8538 5.05569 2.38819 0 0 0 0.756534 2.07405 5.55112e-17 0 0 0 0 0.0425643 2.384 303 49 1 1 0
./complex_md-fit_690.pdb BC A 9.64004 32.6811 -5.7779 -7.2063 -12.8378 -26.2333 -0.793168 44.3302 -25.8618 9.29481 8.35411 4.12297 0 0 0 1.0282 2.90178 0.0241913 0 0 0 0 0 2.384 303 50 2 2 0
./complex_md-fit_691.pdb BC A 8.2844 26.1102 -10.3038 -5.22708 -11.4611 -23.0161 -0.603451 38.568 -23.1641 4.99422 7.36607 1.971 0 0 0 0.268687 2.43188 0 0 0 0 0 0 2.384 303 50 0 0 0
./complex_md-fit_692.pdb BC A 8.39233 23.4288 -17.4941 -8.94725 -12.6048 -24.3433 -0.83669 39.2416 -24.5367 2.68448 8.57888 2.87652 0 0 0 0.39322 2.29083 0 0 0 0 0 0 2.384 303 51 0 0 0
./complex_md-fit_693.pdb BC A 8.08035 29.3683 -7.42267 -5.9872 -9.39709 -25.0078 -0.717501 41.8201 -24.8133 6.05949 7.3155 2.91719 0 0 0 0.387983 2.67341 0 0 0 0 0 2.22045e-16 2.384 303 51 0 0 0
./complex_md-fit_694.pdb BC A 7.10053 31.3411 -9.09547 -7.56325 -9.35536 -25.0732 -0.592341 43.1945 -24.9239 4.9305 6.74222 2.82418 0 0 0 0.721139 2.51378 0 0 0 0 0 0 2.384 303 50 0 0 0
./complex_md-fit_695.pdb BC A 9.22953 36.2754 -7.93733 -6.4188 -12.2112 -24.7117 -0.691664 42.2446 -24.0091 6.57188 7.39797 3.3113 0 0 0 0.579431 2.661 0 0 0 0 0 0 2.384 303 51 0 0 0
./complex_md-fit_696.pdb BC A 7.8998 30.6438 -7.18667 -8.72107 -8.90578 -25.9465 -0.663209 46.4183 -25.9932 4.25423 7.94668 4.01388 0 0 0 0.364336 2.9556 0 0 0 0 0 0.0456288 2.384 303 50 0 0 0
./complex_md-fit_697.pdb BC A 9.26786 31.4989 -12.2447 -9.5439 -12.2539 -26.7273 -0.728817 46.1118 -26.3931 3.63695 8.35129 5.12295 0 0 0 0.147451 3.15401 5.55112e-17 0 0 0 0 0.031872 2.384 303 51 0 0 0
./complex_md-fit_698.pdb BC A 8.24924 32.037 -8.80513 -8.19556 -11.2412 -25.6452 -0.566452 45.2249 -25.1944 4.98436 7.45089 4.20414 0 0 0 0.162844 3.67435 -0.0287758 0 0 0 0 0.0393288 2.384 303 52 0 0 0
./complex_md-fit_699.pdb BC A 9.75343 26.4756 -14.781 -9.30502 -13.6231 -25.6308 -0.771052 45.7463 -25.502 2.16473 9.70727 2.32225 0 0 0 0.0978467 3.16523 -0.0280117 0 0 0 0 0.0405621 2.384 303 53 0 0 0
./complex_md-fit_69.pdb BC A 6.29273 32.8254 -13.4573 -7.96422 -8.18785 -22.8631 -0.5269 36.8633 -23.1372 2.55352 7.06367 2.33331 0 0 0 0.386187 2.09332 -0.00310779 0 0 0 0 0.0251846 2.384 303 51 0 0 0
./complex_md-fit_6.pdb BC A 8.35759 23.7084 -12.1514 -9.98544 -10.9631 -24.9687 -0.82123 41.7184 -25.0406 6.1567 8.32243 3.03987 0 0 0 0.371199 2.11208 0.0189768 0 0 0 0 0 2.384 303 50 1 1 0
./complex_md-fit_700.pdb BC A 8.34456 28.71 -10.2621 -10.0159 -12.3052 -25.3086 -0.660955 43.8225 -25.3746 7.05039 7.64496 4.1523 0 0 0 0.717367 2.60999 0 0 0 0 0 0.0156681 2.384 303 49 2 2 0
./complex_md-fit_701.pdb BC A 7.86527 34.7147 -14.9342 -8.31504 -13.8343 -26.1594 -0.681943 45.9431 -26.1732 3.36535 7.32923 2.56726 0 0 0 0.994747 2.85323 0 0 0 0 0 0.0300815 2.384 303 53 0 0 0
./complex_md-fit_702.pdb BC A 9.47981 31.5382 -9.8555 -9.16929 -11.616 -26.9796 -0.676574 45.8688 -26.8395 7.18165 9.08119 3.14543 0 0 0 0.160719 2.9003 -0.0143216 0 0 0 0 0.00205883 2.384 303 52 1 1 0
./complex_md-fit_703.pdb BC A 7.23271 35.0234 -6.31317 -7.58815 -9.92845 -25.9425 -0.665606 44.2163 -26.1811 6.26619 9.37962 3.80014 0 0 0 0.297451 2.35023 -1.11022e-16 0 0 0 0 0.0329593 2.384 303 54 1 1 0
./complex_md-fit_704.pdb BC A 7.8087 30.6424 -7.06072 -8.30007 -10.0808 -25.322 -0.677339 44.8306 -25.3414 3.8955 8.66028 4.53533 0 0 0 0.688461 3.38741 0 0 0 0 0 0.0507368 2.384 303 48 0 0 0
./complex_md-fit_705.pdb BC A 8.46586 29.9832 -11.6439 -10.1379 -10.4423 -25.4673 -0.681889 42.8071 -25.8284 4.35992 8.78952 4.80864 0 0 0 0.113131 3.11272 0 0 0 0 0 0.035536 2.384 303 53 0 0 0
./complex_md-fit_706.pdb BC A 10.0136 32.7716 -10.0845 -6.49571 -8.02373 -25.4664 -0.693125 42.8685 -25.8527 4.30049 6.87496 2.16443 0 0 0 0.238768 4.45225 0 0 0 0 0 0 2.384 303 51 0 0 0
./complex_md-fit_707.pdb BC A 11.0852 30.5477 -11.109 -8.99501 -10.249 -25.3375 -0.732193 41.6266 -25.5909 4.96965 8.59463 4.30507 0 0 0 0.264737 2.37692 0 0 0 0 0 0.0349805 2.384 303 50 0 0 0
./complex_md-fit_708.pdb BC A 7.98386 20.5126 -12.249 -11.6571 -14.326 -27.0404 -0.823347 47.1785 -26.5545 5.73819 9.45309 5.39332 0 0 0 0.351393 3.32541 -0.011056 0 0 0 0 0.0489586 2.384 303 53 0 0 0
./complex_md-fit_709.pdb BC A 10.0557 27.9814 -11.6339 -9.54069 -11.9634 -25.7671 -0.807631 44.1288 -25.5365 4.59679 8.01895 4.79264 0 0 0 0.392102 3.03176 0 0 0 0 0 0.0521468 2.384 303 50 1 1 0
./complex_md-fit_70.pdb BC A 8.92133 38.3097 -6.55406 -6.66287 -9.36316 -23.7266 -0.803747 40.2279 -23.6026 5.86672 8.22505 2.83243 0 0 0 0.452876 2.52536 0 0 0 0 0 0 2.384 303 51 0 0 0
./complex_md-fit_710.pdb BC A 8.23913 33.7394 -14.5768 -11.1512 -14.0017 -26.8222 -1.00224 46.596 -26.79 4.78685 9.07605 4.36502 0 0 0 0.333322 2.63833 0 0 0 0 0 0.0333467 2.384 303 52 0 0 0
./complex_md-fit_711.pdb BC A 6.62498 29.8516 -6.9979 -8.39622 -7.76342 -24.8904 -0.527479 42.2582 -24.901 6.95812 6.90608 3.1619 0 0 0 0.177933 2.70206 -0.0136395 0 0 0 0 0.0321093 2.384 303 51 0 0 0
./complex_md-fit_712.pdb BC A 9.30896 38.5783 -12.1733 -9.28656 -12.3377 -25.2843 -0.831804 43.0636 -25.2871 5.58069 7.83324 3.87274 0 0 0 0.468858 2.84375 0 0 0 0 0 0.0350097 2.384 303 51 0 0 0
./complex_md-fit_713.pdb BC A 8.62244 29.5252 -14.2008 -9.35999 -12.7923 -25.3312 -0.720061 44.0705 -24.9088 2.37357 9.3515 2.67206 0 0 0 0.408171 3.99099 -0.0165738 0 0 0 0 0.052439 2.384 303 49 0 0 0
./complex_md-fit_714.pdb BC A 8.29518 29.7522 -10.4151 -9.40261 -14.0499 -24.9845 -0.860825 43.1066 -24.4394 5.01272 10.0418 4.9991 0 0 0 0.162202 3.2031 -0.0173364 0 0 0 0 0.0170738 2.384 303 51 1 1 0
./complex_md-fit_715.pdb BC A 10.055 23.9647 -8.96085 -6.98843 -10.1174 -24.1927 -0.728936 41.8739 -23.5701 4.99691 6.52493 2.94581 0 0 0 0.270733 2.57765 -0.0243522 0 0 0 0 0.0487871 2.384 303 53 0 0 0
./complex_md-fit_716.pdb BC A 10.4996 34.9756 -12.6003 -8.16137 -11.7332 -25.1709 -0.75391 43.1248 -25.602 3.38883 7.37779 4.39349 0 0 0 0.483703 2.54107 0 0 0 0 0 0.0525691 2.384 303 53 0 0 0
./complex_md-fit_717.pdb BC A 8.78201 26.6807 -13.6159 -10.7206 -12.831 -26.0405 -0.547423 45.8898 -25.9856 3.87253 8.3979 4.12789 0 0 0 0.167272 2.96947 0.0271242 0 0 0 0 0.0265117 2.384 303 51 0 0 0
./complex_md-fit_718.pdb BC A 8.06505 27.6028 -10.447 -7.79482 -10.8259 -26.2726 -0.526081 45.1456 -26.6096 4.45408 7.75438 3.94257 0 0 0 0.22932 2.56894 0 0 0 0 0 0.056171 2.384 303 53 0 0 0
./complex_md-fit_719.pdb BC A 9.15212 31.5796 -10.2688 -8.3872 -9.58272 -24.7761 -0.42993 40.9498 -25.4237 5.07044 7.9826 4.11708 0 0 0 0.174658 2.7552 -0.0144201 0 0 0 0 0.0508218 2.384 303 51 1 1 0
./complex_md-fit_71.pdb BC A 7.56134 26.6012 -8.58213 -5.5202 -11.9149 -22.5729 -0.8383 39.4979 -21.7391 5.84426 6.77086 1.42106 0 0 0 0.449497 2.66586 0 0 0 0 0 0.0195691 2.384 303 47 0 0 0
./complex_md-fit_720.pdb BC A 6.52803 29.712 -12.6029 -10.8356 -11.06 -24.7346 -0.702858 41.5177 -24.4794 4.9447 8.24384 4.35651 0 0 0 0.137755 2.65809 -0.0168082 0 0 0 0 0.0259273 2.384 303 54 0 0 0
./complex_md-fit_721.pdb BC A 8.08764 30.4876 -9.85698 -6.58727 -11.9149 -25.2579 -0.789087 43.9754 -25.0721 4.28862 7.91469 3.18448 0 0 0 0.401028 2.78015 6.93889e-18 0 0 0 0 0 2.384 303 48 0 0 0
./complex_md-fit_722.pdb BC A 7.28364 34.8549 -11.23 -8.10791 -11.0163 -24.5044 -0.652892 42.1787 -24.5274 3.26115 7.37363 4.44312 0 0 0 0.289708 2.78231 -2.77556e-17 0 0 0 0 0.0326131 2.384 303 50 0 0 0
./complex_md-fit_723.pdb BC A 6.13648 28.955 -6.80263 -8.6866 -7.66637 -24.7945 -0.507941 41.9107 -25.2424 5.6137 7.42653 4.77059 0 0 0 0.325409 2.74152 -1.11022e-16 0 0 0 0 0.048238 2.384 303 52 1 1 0
./complex_md-fit_724.pdb BC A 7.77086 32.3946 -9.79523 -8.80884 -10.0284 -25.7333 -0.576649 42.2946 -26.1019 7.05126 8.62428 3.29188 0 0 0 0.16951 2.94962 0 0 0 0 0 0.0223481 2.384 303 51 1 1 0
./complex_md-fit_725.pdb BC A 7.87636 37.3789 -8.22464 -8.15566 -10.5309 -26.4225 -0.761347 44.6669 -26.6672 6.23688 7.00633 6.12644 0 0 0 0.24588 2.7364 -0.00936344 0 0 0 0 0.039755 2.384 303 56 1 1 0
./complex_md-fit_726.pdb BC A 7.37299 32.507 -13.8914 -9.36606 -11.5444 -25.697 -0.711751 42.7223 -25.955 4.09813 9.12038 3.24009 0 0 0 0.163444 2.78878 0.0261564 0 0 0 0 0.0123102 2.384 303 51 0 0 0
./complex_md-fit_727.pdb BC A 8.84015 27.2414 -12.1983 -9.08566 -11.1589 -24.8356 -0.740537 41.6677 -25.2288 5.84348 7.51826 3.50718 0 0 0 0.266961 2.30627 0 0 0 0 0 0.0476288 2.384 303 53 0 0 0
./complex_md-fit_728.pdb BC A 9.02238 31.0514 -17.4302 -10.1819 -13.476 -26.3657 -0.640357 44.1075 -26.5808 2.20402 7.50014 5.15896 0 0 0 0.807758 3.80656 0 0 0 0 0 0.03621 2.384 303 51 0 0 0
./complex_md-fit_729.pdb BC A 8.45015 25.5277 -12.2507 -9.82922 -12.3224 -26.1825 -0.852348 42.9683 -26.616 6.70574 7.56779 5.75496 0 0 0 0.527873 2.84278 -0.00308459 0 0 0 0 0.030258 2.384 303 54 1 1 0
./complex_md-fit_72.pdb BC A 7.83387 26.822 -5.95584 -7.43293 -8.93625 -22.5541 -0.759219 38.3231 -22.0996 7.33969 6.46252 3.34434 0 0 0 0.329431 2.38305 0.0271269 0 0 0 0 0 2.384 303 48 1 1 0
./complex_md-fit_730.pdb BC A 8.17987 32.1966 -4.27601 -8.98383 -8.2858 -24.5116 -0.821156 42.4656 -24.1038 8.4276 7.42131 3.85133 0 0 0 0.219211 2.59243 0 0 0 0 0 0.0451405 2.384 303 54 0 0 0
./complex_md-fit_731.pdb BC A 6.39656 24.8511 -10.3526 -8.16428 -9.22904 -25.5065 -0.631775 42.908 -25.7531 4.08602 7.53268 4.1783 0 0 0 0.197914 3.81362 0 0 0 0 0 0.0290558 2.384 303 51 1 1 0
./complex_md-fit_732.pdb BC A 11.0345 29.7549 -11.7602 -9.80601 -14.8179 -25.9458 -0.780561 46.3085 -25.316 3.633 9.48842 5.04099 0 0 0 0.387899 3.63489 0 0 0 0 0 0.0471163 2.384 303 52 0 0 0
./complex_md-fit_733.pdb BC A 7.34602 24.7952 -16.8178 -10.5621 -13.9887 -25.5297 -0.790063 42.7125 -25.6815 2.97753 9.31679 4.07145 0 0 0 0.610227 2.55936 0 0 0 0 0 0.0456908 2.384 303 53 0 0 0
./complex_md-fit_734.pdb BC A 10.1362 27.4453 -15.4429 -9.89865 -13.5411 -27.6328 -0.863159 47.5876 -27.4385 3.93244 8.85382 3.38356 0 0 0 0.170209 3.32358 0 0 0 0 0 0.00372546 2.384 303 57 0 0 0
./complex_md-fit_735.pdb BC A 9.94348 28.0336 -5.52331 -7.44786 -10.2681 -24.1539 -0.80143 43.4772 -23.7398 4.92639 8.12556 4.18853 0 0 0 0.148141 2.7324 0 0 0 0 0 0.0218729 2.384 303 54 0 0 0
./complex_md-fit_736.pdb BC A 8.50172 23.4445 -11.4167 -9.85936 -11.4171 -24.2975 -0.763278 41.8555 -23.9429 3.9216 8.52457 4.42183 0 0 0 0.149607 2.64367 -0.0190222 0 0 0 0 0.00937891 2.384 303 49 0 0 0
./complex_md-fit_737.pdb BC A 7.59366 26.0485 -13.0638 -8.45227 -11.5808 -24.1951 -0.877686 40.6382 -23.9603 2.8639 8.46477 3.71496 0 0 0 0.278257 2.54921 0 0 0 0 0 0.0423113 2.384 303 50 0 0 0
./complex_md-fit_738.pdb BC A 10.7878 37.256 -10.5622 -9.44743 -12.373 -25.1386 -0.65454 43.5087 -24.3991 5.60682 8.62455 3.37486 0 0 0 0.309764 3.1487 0 0 0 0 0 0.0258155 2.384 303 50 0 0 0
./complex_md-fit_739.pdb BC A 7.16235 33.6193 -12.7434 -10.2706 -11.0476 -26.028 -0.662105 44.0567 -25.9891 3.89879 8.13514 5.00073 0 0 0 0.143806 2.87378 0.0186967 0 0 0 0 0 2.384 303 53 0 0 0
./complex_md-fit_73.pdb BC A 9.08511 24.4596 -3.3515 -5.95258 -7.30158 -23.663 -0.970984 40.5702 -23.5505 9.4712 5.65096 2.12671 0 0 0 0.278457 3.0192 -0.0103849 0 0 0 0 0 2.384 303 50 1 1 0
./complex_md-fit_740.pdb BC A 6.80278 28.3204 -15.6323 -10.8253 -13.4687 -26.0242 -0.799075 44.4002 -25.7192 2.79523 8.81212 4.55274 0 0 0 0.595445 2.89644 -1.11022e-16 0 0 0 0 0.0485309 2.384 303 53 0 0 0
./complex_md-fit_741.pdb BC A 9.67275 38.788 -7.52715 -6.1944 -11.3635 -25.0827 -0.769401 44.5514 -24.7575 5.85819 6.81829 3.19087 0 0 0 0.183358 3.90966 0 0 0 0 0 0.038154 2.384 303 51 1 1 0
./complex_md-fit_742.pdb BC A 6.79349 35.9086 -15.3152 -10.2243 -12.7467 -24.7028 -0.572489 41.8538 -25.014 2.9852 8.66046 3.86541 0 0 0 0.55872 2.55717 -0.0269569 0 0 0 0 0.0485161 2.384 303 50 0 0 0
./complex_md-fit_743.pdb BC A 5.87446 31.8793 -14.0586 -9.42363 -11.3954 -26.1383 -0.61974 42.3901 -26.6881 6.40843 8.2193 2.94653 0 0 0 0.173312 2.84695 0.0217092 0 0 0 0 0.0472368 2.384 303 50 1 1 0
./complex_md-fit_744.pdb BC A 9.06366 29.8523 -13.4044 -9.06716 -12.2658 -26.9256 -0.751068 45.452 -27.6179 4.59881 7.94106 4.60479 0 0 0 0.576007 2.82399 5.55112e-17 0 0 0 0 0.0505225 2.384 303 53 0 0 0
./complex_md-fit_745.pdb BC A 7.81027 28.9314 -10.6559 -8.72335 -11.1776 -27.0004 -0.884265 47.1203 -27.0988 5.11859 7.55965 4.05172 0 0 0 0.327362 3.31558 0 0 0 0 0 0.0508848 2.384 303 53 1 1 0
./complex_md-fit_746.pdb BC A 7.89667 32.4574 -9.23851 -7.36789 -9.1449 -24.1175 -0.591061 40.1127 -24.184 4.42085 6.64319 4.62306 0 0 0 0.301361 2.58807 0.0187572 0 0 0 0 0.0468355 2.384 303 51 0 0 0
./complex_md-fit_747.pdb BC A 9.14304 23.9619 -14.0218 -9.36738 -11.3127 -26.2811 -0.879954 43.9188 -26.3606 3.99102 8.18243 3.86351 0 0 0 0.190849 2.80047 0 0 0 0 0 0.0333136 2.384 303 51 0 0 0
./complex_md-fit_748.pdb BC A 8.60042 29.8317 -9.52775 -9.69534 -14.3483 -25.86 -0.744218 46.0328 -25.2349 8.11138 8.20393 3.63527 0 0 0 0.344419 2.85411 0 0 0 0 0 0.0271896 2.384 303 51 1 1 0
./complex_md-fit_749.pdb BC A 8.82856 27.1369 -12.4504 -9.67721 -12.5756 -26.5511 -0.822838 43.8745 -27.0388 7.50627 9.21142 3.43271 0 0 0 0.145924 2.79815 6.93889e-18 0 0 0 0 0.044262 2.384 303 51 1 1 0
./complex_md-fit_74.pdb BC A 6.59887 28.4848 -5.78062 -6.77044 -8.02428 -23.0149 -0.937054 39.3212 -22.9663 6.92312 7.50278 1.95073 0 0 0 0.215773 2.358 -0.0109332 0 0 0 0 0.0296347 2.384 303 49 1 1 0
./complex_md-fit_750.pdb BC A 6.52262 28.1441 -15.0224 -8.6822 -11.6584 -23.7408 -0.607243 39.5002 -23.6705 4.28725 6.49553 2.92405 0 0 0 0.0813928 2.41254 2.77556e-17 0 0 0 0 0.0483296 2.384 303 52 1 1 0
./complex_md-fit_751.pdb BC A 8.83644 32.3919 -14.6954 -8.61911 -10.6849 -24.9802 -0.613979 42.4585 -25.2466 2.26008 7.30646 3.21887 0 0 0 0.162251 2.51301 0 0 0 0 0 0.0433039 2.384 303 49 0 0 0
./complex_md-fit_752.pdb BC A 7.66115 35.026 -13.4752 -9.76258 -9.29396 -25.1868 -0.641518 41.2837 -25.3731 4.93863 6.10689 3.90542 0 0 0 0.511279 2.60949 2.77556e-17 0 0 0 0 0.0369285 2.384 303 49 0 0 0
./complex_md-fit_753.pdb BC A 8.71721 28.0066 -15.3204 -8.50696 -11.4305 -24.0275 -0.553906 39.7203 -24.5693 2.25219 6.91096 4.77065 0 0 0 0.0673086 2.05721 0 0 0 0 0 0.0463982 2.384 303 49 0 0 0
./complex_md-fit_754.pdb BC A 7.11257 27.0096 -9.96863 -8.90998 -11.9217 -26.6243 -0.771629 46.3935 -26.8318 7.44112 7.65174 3.48563 0 0 0 0.101383 2.8526 -0.0273724 0 0 0 0 0.0447877 2.384 303 52 1 1 0
./complex_md-fit_755.pdb BC A 5.8785 29.6312 -10.2911 -9.93131 -12.3183 -27.1665 -0.59096 46.687 -27.1687 6.76094 8.78146 4.5333 0 0 0 0.0995815 3.20629 0 0 0 0 0 0.0224296 2.384 303 52 1 1 0
./complex_md-fit_756.pdb BC A 6.91606 31.2965 -14.6185 -9.87018 -11.3782 -25.4428 -0.656249 43.3369 -25.2547 2.97128 7.0935 4.17727 0 0 0 0.347027 2.84056 0.0203847 0 0 0 0 0.0372461 2.384 303 51 0 0 0
./complex_md-fit_757.pdb BC A 9.22408 31.7928 -12.5182 -11.2743 -11.1236 -25.4788 -0.712931 45.559 -25.1431 3.19713 8.31988 3.84236 0 0 0 0.246104 3.24606 0 0 0 0 0 0.0499797 2.384 303 54 0 0 0
./complex_md-fit_758.pdb BC A 6.85167 28.7934 -3.96914 -8.69054 -10.5604 -26.2343 -0.649622 44.3377 -26.2032 10.0194 8.89379 4.84994 0 0 0 0.187086 2.74009 0.0282176 0 0 0 0 0.0528643 2.384 303 51 2 2 0
./complex_md-fit_759.pdb BC A 7.16259 29.6699 -12.5508 -7.95494 -11.898 -25.093 -0.832858 42.5767 -25.1063 3.535 8.73194 3.3871 0 0 0 0.079205 2.59403 -0.0154571 0 0 0 0 0.0398531 2.384 303 52 0 0 0
./complex_md-fit_75.pdb BC A 6.36063 37.1439 -8.56649 -6.7451 -6.33073 -22.6202 -0.710486 38.4902 -22.9596 3.29928 6.74794 2.05694 0 0 0 0.215241 2.49858 -0.0099791 0 0 0 0 0 2.384 303 52 0 0 0
./complex_md-fit_760.pdb BC A 7.34296 32.9486 -16.3278 -8.95425 -14.595 -24.8987 -0.847194 42.9761 -24.7062 2.1122 9.10031 3.30185 0 0 0 0.156077 3.33069 0 0 0 0 0 0.0270764 2.384 303 51 0 0 0
./complex_md-fit_761.pdb BC A 8.12152 34.9927 -4.36468 -8.16867 -11.2311 -25.0316 -0.976754 45.5009 -24.5593 7.4131 8.15714 4.35019 0 0 0 0.181406 3.10636 0 0 0 0 0 0 2.384 303 48 1 1 0
./complex_md-fit_762.pdb BC A 8.01389 33.6771 -12.7604 -8.63773 -14.3709 -25.4325 -0.794583 44.9995 -24.5179 3.63487 8.68767 3.13408 0 0 0 0.505806 2.72012 -0.00970367 0 0 0 0 0.0409958 2.384 303 51 0 0 0
./complex_md-fit_763.pdb BC A 10.2735 24.0539 -6.31508 -8.91245 -9.99714 -25.5222 -0.882041 45.1265 -24.6649 3.72674 9.18885 5.27101 0 0 0 0.308383 2.81412 0.0216297 0 0 0 0 0.020605 2.384 303 51 1 1 0
./complex_md-fit_764.pdb BC A 8.69186 28.0579 -18.3847 -10.8808 -13.6194 -25.326 -0.826874 41.2644 -25.6026 4.58781 8.30336 3.41783 0 0 0 0.286786 3.28624 -0.0104286 0 0 0 0 0.0211953 2.384 303 48 1 1 0
./complex_md-fit_765.pdb BC A 7.81818 26.939 -6.54458 -8.11749 -11.5965 -25.3793 -0.593603 43.0937 -25.594 6.44214 8.64903 5.99469 0 0 0 0.543538 2.41455 5.55112e-17 0 0 0 0 0.0132321 2.384 303 50 1 1 0
./complex_md-fit_766.pdb BC A 8.14612 36.0828 -10.6097 -9.08637 -10.4927 -25.9575 -0.713214 44.03 -26.3336 5.52278 7.66437 4.22889 0 0 0 0.503389 3.09384 0 0 0 0 0 0.0241636 2.384 303 54 1 1 0
./complex_md-fit_767.pdb BC A 5.95203 34.7733 -14.1999 -9.79815 -11.6922 -26.0021 -0.602678 44.865 -26.3198 3.76232 8.0153 3.3063 0 0 0 0.257205 3.01226 -0.0266766 0 0 0 0 0.0355158 2.384 303 51 0 0 0
./complex_md-fit_768.pdb BC A 9.6645 29.8814 -15.1533 -9.62403 -12.6906 -25.5598 -0.873753 41.638 -26.0131 5.78648 8.15855 3.86187 0 0 0 0.141769 2.39831 0 0 0 0 0 0.021331 2.384 303 52 0 0 0
./complex_md-fit_769.pdb BC A 7.9557 25.2173 -13.9583 -9.04147 -11.9989 -25.4184 -0.78599 42.5698 -25.2556 5.13725 7.09997 3.49773 0 0 0 0.214335 3.30588 -0.0144421 0 0 0 0 0.0373591 2.384 303 53 0 0 0
./complex_md-fit_76.pdb BC A 9.5218 29.4098 -15.3206 -7.4939 -9.344 -23.2573 -0.753021 37.5659 -23.9341 4.55497 5.36185 1.22515 0 0 0 0.775611 2.56712 -0.0217324 0 0 0 0 0 2.384 303 49 0 0 0
./complex_md-fit_770.pdb BC A 9.95247 30.9162 -15.6632 -12.3066 -11.1145 -26.7978 -0.677034 45.2665 -26.6882 4.42748 8.40534 3.72303 0 0 0 0.0798501 2.71596 -1.11022e-16 0 0 0 0 0.0187817 2.384 303 51 0 0 0
./complex_md-fit_771.pdb BC A 7.09758 38.4903 -14.6566 -9.6183 -11.4487 -24.5442 -0.47374 42.1203 -24.178 2.5065 7.378 3.26507 0 0 0 0.317923 2.60929 0 0 0 0 0 0.0185193 2.384 303 51 0 0 0
./complex_md-fit_772.pdb BC A 6.32223 36.1103 -13.3837 -10.3431 -14.3092 -27.0405 -0.591645 46.1729 -27.5986 6.31488 8.3928 5.36822 0 0 0 0.227469 2.99795 0 0 0 0 0 0.0230599 2.384 303 51 2 2 0
./complex_md-fit_773.pdb BC A 8.56743 35.2249 -12.8667 -9.15021 -10.641 -25.8856 -0.511987 43.0366 -26.4207 4.64674 7.32577 4.48028 0 0 0 0.205157 3.00354 0 0 0 0 0 0.0483155 2.384 303 50 1 1 0
./complex_md-fit_774.pdb BC A 10.0288 36.6456 -17.4123 -11.1195 -13.5166 -25.9467 -0.705546 43.0101 -25.9215 2.85748 9.03062 4.66646 0 0 0 0.210469 2.60733 -0.00890829 0 0 0 0 0.031221 2.384 303 50 0 0 0
./complex_md-fit_775.pdb BC A 6.40575 28.2395 -9.10209 -8.04113 -11.1159 -27.0893 -0.774015 47.4825 -27.4767 5.77007 8.18149 3.79445 0 0 0 0.158562 2.74145 0 0 0 0 0 0.00795188 2.384 303 54 0 0 0
./complex_md-fit_776.pdb BC A 7.57292 30.3843 -7.1415 -9.68607 -9.83204 -25.4723 -0.757118 44.9163 -25.0359 6.19328 7.32804 4.24551 0 0 0 0.925434 2.85247 -0.0167512 0 0 0 0 0.0500472 2.384 303 52 1 1 0
./complex_md-fit_777.pdb BC A 8.91512 27.0853 -10.451 -10.0662 -11.1488 -26.5437 -0.715795 46.7384 -25.9942 3.71183 8.21448 5.17637 0 0 0 0.145221 3.706 0 0 0 0 0 0.0315095 2.384 303 52 0 0 0
./complex_md-fit_778.pdb BC A 7.9343 33.3469 -10.7425 -6.53243 -10.9598 -24.4894 -0.627264 42.2985 -24.347 4.27505 6.44655 2.95966 0 0 0 0.205733 2.91699 -0.0177359 0 0 0 0 0.0456089 2.384 303 53 0 0 0
./complex_md-fit_779.pdb BC A 8.6025 25.2781 -3.10234 -5.22648 -6.54718 -24.4478 -0.600142 43.7499 -24.5538 4.73541 5.66921 3.91112 0 0 0 0.165281 3.67019 0 0 0 0 0 0.0421214 2.384 303 51 1 1 0
./complex_md-fit_77.pdb BC A 6.57516 29.1661 -8.12395 -6.79914 -7.54391 -22.8077 -0.794518 38.1124 -23.2078 6.65257 5.90781 2.21403 0 0 0 0.142385 2.41439 0 0 0 0 0 0 2.384 303 49 1 1 0
./complex_md-fit_780.pdb BC A 7.42923 28.813 -7.73709 -8.87579 -10.2492 -25.4113 -0.863668 44.7797 -24.9538 3.62948 8.50431 5.3659 0 0 0 0.297513 2.91213 -0.00912136 0 0 0 0 0.0489565 2.384 303 51 0 0 0
./complex_md-fit_781.pdb BC A 8.15281 30.8506 -13.7677 -9.02826 -12.4093 -26.4308 -1.01409 46.2052 -26.1308 4.198 8.49154 2.10086 0 0 0 0.201247 3.05141 0 0 0 0 0 0.048742 2.384 303 53 0 0 0
./complex_md-fit_782.pdb BC A 8.7443 25.6053 -10.6155 -7.91481 -14.1381 -25.1355 -0.886099 44.1823 -24.6551 3.82739 10.5217 3.12387 0 0 0 0.448363 2.46211 -0.024617 0 0 0 0 0.0350693 2.384 303 53 0 0 0
./complex_md-fit_783.pdb BC A 10.1231 36.1191 -7.767 -9.2183 -13.7164 -25.7459 -0.905851 46.0924 -25.8217 6.85041 9.71295 4.51116 0 0 0 0.424561 2.56728 0 0 0 0 0 0.0497253 2.384 303 49 1 1 0
./complex_md-fit_784.pdb BC A 6.91931 36.618 -12.7085 -10.4304 -13.8561 -25.6168 -0.894016 44.7853 -25.0575 4.34272 8.46815 5.10473 0 0 0 0.421243 3.14656 0 0 0 0 0 0.0242008 2.384 303 50 0 0 0
./complex_md-fit_785.pdb BC A 6.4716 32.5101 -1.2278 -7.68071 -7.55537 -24.7578 -0.615083 43.9682 -24.6874 7.78928 7.23207 4.86768 0 0 0 0.170604 2.8574 0 0 0 0 0 0.040761 2.384 303 52 2 2 0
./complex_md-fit_786.pdb BC A 5.93881 30.9621 -8.79755 -8.10152 -12.3733 -26.4759 -0.696489 46.8457 -26.3897 4.91931 7.93896 5.04951 0 0 0 0.453357 2.96746 -0.0188763 0 0 0 0 0.0513621 2.384 303 52 1 1 0
./complex_md-fit_787.pdb BC A 7.34327 32.8212 -9.24351 -8.97277 -13.709 -27.78 -0.734992 49.8939 -27.4069 7.27032 8.70398 3.36854 0 0 0 0.139709 4.66878 -0.0377294 0 0 0 0 0.021376 2.384 303 53 1 1 0
./complex_md-fit_788.pdb BC A 7.48239 31.1089 -8.35414 -9.75762 -8.70737 -25.6428 -0.568232 44.383 -25.5659 5.72137 7.18929 4.118 0 0 0 0.443015 2.74288 0 0 0 0 0 0.0330467 2.384 303 48 0 0 0
./complex_md-fit_789.pdb BC A 10.2676 33.7739 -9.42156 -9.58516 -8.67364 -25.6057 -0.585302 42.5641 -25.494 5.95313 7.80876 3.93539 0 0 0 0.237246 3.73809 -1.11022e-16 0 0 0 0 0.0236391 2.384 303 51 0 0 0
./complex_md-fit_78.pdb BC A 6.0397 33.4014 -4.27666 -7.00329 -7.26736 -23.7585 -0.931449 39.9372 -24.0733 7.66729 7.29994 3.15738 0 0 0 0.69099 2.5782 -1.38778e-17 0 0 0 0 0.00451375 2.384 303 53 0 0 0
./complex_md-fit_790.pdb BC A 7.51781 29.302 -11.129 -9.20217 -11.1493 -24.6225 -0.637819 41.8582 -24.2562 3.11331 8.93481 4.59264 0 0 0 0.190237 2.6376 0 0 0 0 0 0.0498992 2.384 303 48 0 0 0
./complex_md-fit_791.pdb BC A 7.97874 35.858 -17.173 -10.7303 -14.7057 -25.596 -1.09394 43.8899 -25.2592 2.59795 9.67521 3.73305 0 0 0 0.263989 3.17365 0.00244749 0 0 0 0 0.0496073 2.384 303 52 0 0 0
./complex_md-fit_792.pdb BC A 6.37195 27.8532 -12.1979 -7.96338 -9.05644 -24.8236 -0.683773 41.5262 -24.6197 1.53456 7.37071 4.31256 0 0 0 0.152483 2.69855 0 0 0 0 0 0.0524882 2.384 303 51 0 0 0
./complex_md-fit_793.pdb BC A 6.35467 35.8403 -13.7192 -9.88827 -15.0405 -26.0336 -0.872415 46.7228 -25.3494 2.32097 10.5698 3.64174 0 0 0 0.183793 2.47679 5.55112e-17 0 0 0 0 0.0258984 2.384 303 51 0 0 0
./complex_md-fit_794.pdb BC A 7.06081 29.4461 -8.27601 -9.3907 -9.58082 -25.4354 -0.673389 42.3823 -25.2425 6.06267 8.81031 4.37054 0 0 0 0.388171 2.79902 0 0 0 0 0 0.032858 2.384 303 50 0 0 0
./complex_md-fit_795.pdb BC A 7.023 33.5558 -11.1608 -10.5905 -10.2645 -24.2173 -0.509686 41.6848 -23.7474 6.07006 6.82956 3.27528 0 0 0 0.262005 3.8931 0 0 0 0 0 0.0468507 2.384 303 50 0 0 0
./complex_md-fit_796.pdb BC A 8.30296 34.8451 -8.54784 -8.85268 -10.2932 -26.4495 -0.786625 44.7376 -26.452 6.61752 8.1796 3.89062 0 0 0 0.808716 3.04579 0.00745355 0 0 0 0 0.0445787 2.384 303 51 1 1 0
./complex_md-fit_797.pdb BC A 8.23962 27.353 -13.3042 -9.27856 -13.1991 -26.4559 -0.814966 45.0327 -26.4938 5.0152 7.60794 4.66488 0 0 0 0.541274 3.70527 0.0306558 0 0 0 0 0.0455341 2.384 303 53 0 0 0
./complex_md-fit_798.pdb BC A 6.97115 26.7079 -11.4413 -8.36277 -10.1496 -26.4187 -0.66871 44.8039 -26.938 5.1298 7.34801 3.49086 0 0 0 0.297193 4.14154 -0.0153829 0 0 0 0 0.0420359 2.384 303 51 0 0 0
./complex_md-fit_799.pdb BC A 6.756 30.0567 -11.1539 -9.94547 -9.45462 -26.4006 -0.752511 43.7486 -27.046 7.51937 6.83704 4.11455 0 0 0 0.217037 2.19858 -0.0345033 0 0 0 0 0.0433351 2.384 303 50 2 2 0
./complex_md-fit_79.pdb BC A 6.81529 30.3458 -10.8486 -8.20968 -9.62135 -24.2081 -0.912014 41.0303 -24.1082 5.4928 6.35053 3.12432 0 0 0 0.187891 2.90501 0.0248557 0 0 0 0 0 2.384 303 48 0 0 0
./complex_md-fit_7.pdb BC A 6.90681 30.7745 -2.78149 -6.45948 -8.59937 -22.6989 -0.727771 39.2008 -22.4027 9.02784 6.85253 2.54171 0 0 0 0.483829 2.50916 -5.55112e-17 0 0 0 0 0 2.384 303 51 1 1 0
./complex_md-fit_800.pdb BC A 8.00629 25.9476 -6.95967 -7.073 -8.32466 -26.3383 -0.814604 44.2011 -26.6703 4.64092 7.02878 6.13239 0 0 0 0.258009 3.33257 0 0 0 0 0 0 2.384 303 51 0 0 0
./complex_md-fit_801.pdb BC A 6.93613 28.3924 -7.73443 -8.68744 -11.5389 -26.8281 -0.749092 46.722 -26.6717 8.74339 7.76803 3.38874 0 0 0 0.0924854 3.41897 0 0 0 0 0 0.0261358 2.384 303 53 4 4 0
./complex_md-fit_802.pdb BC A 7.81394 34.9925 -7.2445 -9.60222 -10.727 -25.284 -0.724442 45.2771 -24.3564 5.39719 8.18562 4.25666 0 0 0 0.278145 2.7595 0.0241563 0 0 0 0 0.0306302 2.384 303 51 0 0 0
./complex_md-fit_803.pdb BC A 8.70897 21.3956 -4.32087 -8.41237 -7.54717 -25.8309 -0.671424 45.1279 -25.2148 6.40144 6.33428 4.9749 0 0 0 0.466523 2.82314 0 0 0 0 0 0.0507667 2.384 303 51 2 2 0
./complex_md-fit_804.pdb BC A 8.42336 23.1174 -15.6619 -10.0124 -14.1118 -25.835 -0.895738 42.8596 -26.0184 5.88203 7.6391 4.3071 0 0 0 0.478496 2.80992 0 0 0 0 0 0.0450691 2.384 303 52 1 1 0
./complex_md-fit_805.pdb BC A 6.78854 29.0472 -7.86029 -7.39331 -11.8926 -25.6347 -0.798693 46.5366 -25.1517 4.90645 7.0004 4.39275 0 0 0 0.117162 3.11121 0.0192526 0 0 0 0 0.0380919 2.384 303 50 0 0 0
./complex_md-fit_806.pdb BC A 8.64738 32.382 -12.0612 -8.48444 -10.2901 -26.362 -0.644601 46.1524 -26.3096 1.91251 7.62741 4.13087 0 0 0 0.189076 2.41711 -0.00750128 0 0 0 0 0.0247137 2.384 303 52 0 0 0
./complex_md-fit_807.pdb BC A 6.76517 31.3874 -8.68869 -7.79288 -9.9282 -26.016 -0.713037 44.022 -26.7845 6.17481 7.53689 4.49885 0 0 0 0.309179 2.88205 0 0 0 0 0 0.00417952 2.384 303 50 1 1 0
./complex_md-fit_808.pdb BC A 9.08357 27.3327 -20.661 -13.0002 -13.5406 -26.7224 -0.742358 45.134 -26.5942 2.03718 8.23507 4.33078 0 0 0 0.153656 4.11518 0 0 0 0 0 0.0481099 2.384 303 52 0 0 0
./complex_md-fit_809.pdb BC A 7.61206 24.4495 -10.2548 -7.24675 -10.6985 -25.7142 -0.743066 43.8488 -25.6698 5.13511 7.30162 3.31166 0 0 0 0.174826 2.62986 0 0 0 0 0 0.0454247 2.384 303 50 2 2 0
./complex_md-fit_80.pdb BC A 8.93538 35.9443 -4.46432 -6.59107 -6.35176 -22.7245 -0.715343 39.5514 -22.6889 4.80173 6.73993 3.37196 0 0 0 0.142178 2.46364 0 0 0 0 0 0 2.384 303 48 0 0 0
./complex_md-fit_810.pdb BC A 7.91133 30.3246 -19.3052 -12.2922 -13.6743 -25.4936 -0.761852 43.4047 -25.29 2.3165 8.0439 4.09915 0 0 0 0.314024 3.03353 0.00439552 0 0 0 0 0.0241037 2.384 303 51 0 0 0
./complex_md-fit_811.pdb BC A 6.48136 31.6907 -12.8327 -9.85918 -9.49204 -26.71 -0.720473 44.8087 -26.6952 3.8795 7.50164 3.9869 0 0 0 0.416176 2.91195 0.00466527 0 0 0 0 0.0466928 2.384 303 52 1 1 0
./complex_md-fit_812.pdb BC A 9.78506 34.0579 -5.04995 -8.68687 -9.24727 -25.3995 -0.662728 44.2229 -25.5804 7.75712 6.85238 5.44142 0 0 0 0.204238 2.66143 0 0 0 0 0 0.0486932 2.384 303 52 1 1 0
./complex_md-fit_813.pdb BC A 10.0939 33.6493 -9.13354 -8.72584 -10.953 -25.3438 -0.771452 43.7288 -24.994 5.10133 7.4255 5.23868 0 0 0 0.090425 2.83112 0.020483 0 0 0 0 0.0493485 2.384 303 51 0 0 0
./complex_md-fit_814.pdb BC A 6.85234 33.4649 -12.79 -11.5605 -15.2598 -25.9832 -0.847308 45.6254 -25.6164 5.54586 9.33634 5.6778 0 0 0 0.257722 2.74899 -1.11022e-16 0 0 0 0 0.0342443 2.384 303 51 1 1 0
./complex_md-fit_815.pdb BC A 8.54125 29.3939 -12.3614 -9.64637 -14.394 -25.3038 -0.682196 43.2411 -25.0523 6.07137 7.77295 5.47605 0 0 0 0.0886189 3.24301 0.0190162 0 0 0 0 0.0483065 2.384 303 53 1 1 0
./complex_md-fit_816.pdb BC A 9.76689 31.7588 -13.0642 -10.4918 -11.1485 -25.121 -0.690618 42.9423 -24.9111 4.32149 6.991 4.57381 0 0 0 0.43104 2.89094 0 0 0 0 0 0.0391528 2.384 303 52 0 0 0
./complex_md-fit_817.pdb BC A 8.91322 34.7157 -9.97002 -9.67786 -8.61545 -25.3633 -0.765169 43.0224 -25.4122 4.3458 7.25815 5.01952 0 0 0 0.179982 2.50243 0 0 0 0 0 0.0380873 2.384 303 48 0 0 0
./complex_md-fit_818.pdb BC A 7.01286 27.4668 -7.03272 -9.37784 -8.99206 -25.0668 -0.631516 43.8543 -25.1287 5.3399 7.99791 4.87947 0 0 0 0.0714091 2.66851 0 0 0 0 0 0.0212224 2.384 303 52 1 1 0
./complex_md-fit_819.pdb BC A 9.46225 31.6367 -11.57 -8.40587 -11.7546 -25.4313 -0.725322 43.222 -25.7213 3.60464 8.83859 4.57666 0 0 0 0.178317 3.11944 1.11022e-16 0 0 0 0 0.0483133 2.384 303 53 1 1 0
./complex_md-fit_81.pdb BC A 6.28615 31.0323 -8.45227 -7.45859 -9.71623 -22.6976 -0.832786 38.7515 -21.8463 4.93709 8.05696 2.16519 0 0 0 0.0955114 2.64879 0.0930943 0 0 0 0 0 2.384 303 47 0 0 0
./complex_md-fit_820.pdb BC A 9.48146 29.0734 -14.9061 -11.389 -11.4922 -24.1357 -0.640496 40.1003 -24.4017 5.56184 7.70181 3.33151 0 0 0 0.408197 2.47374 0 0 0 0 0 0.0494068 2.384 303 52 1 1 0
./complex_md-fit_821.pdb BC A 8.51936 27.0587 -8.31332 -10.1001 -11.2896 -26.7335 -0.788721 47.5738 -26.4593 6.7767 6.95073 5.30515 0 0 0 0.418142 2.96629 -0.0126639 0 0 0 0 0.0460064 2.384 303 53 0 0 0
./complex_md-fit_822.pdb BC A 7.96499 28.417 -12.2806 -9.76943 -13.9533 -25.0895 -0.71335 43.6273 -24.9039 4.19086 9.53973 4.56369 0 0 0 0.196268 2.74642 0 0 0 0 0 0.0309672 2.384 303 53 0 0 0
./complex_md-fit_823.pdb BC A 7.46306 33.2538 -10.3476 -10.0763 -11.013 -24.8168 -0.80297 42.8973 -24.418 3.5765 8.74357 5.16457 0 0 0 0.367721 3.40745 0 0 0 0 0 0.0297307 2.384 303 50 0 0 0
./complex_md-fit_824.pdb BC A 8.47623 29.0353 -5.99381 -8.44255 -11.5436 -26.3293 -0.693503 47.7058 -26.1272 4.90746 9.96598 4.29295 0 0 0 0.243623 4.09741 0 0 0 0 0 0.0265924 2.384 303 53 0 0 0
./complex_md-fit_825.pdb BC A 9.36348 28.1799 -13.7528 -11.4306 -12.6668 -24.4948 -0.781454 43.212 -23.9571 2.49265 9.23564 4.28814 0 0 0 0.316602 2.3834 0 0 0 0 0 0.0329136 2.384 303 54 0 0 0
./complex_md-fit_826.pdb BC A 6.7691 25.2916 -8.73603 -8.57885 -8.85019 -25.7577 -0.562041 45.1299 -25.7244 3.82207 8.07367 3.44846 0 0 0 0.214524 3.04826 0 0 0 0 0 0.0485529 2.384 303 55 0 0 0
./complex_md-fit_827.pdb BC A 8.6722 32.7566 -6.9621 -10.2031 -10.6432 -26.1899 -0.702028 45.7456 -25.8538 5.8131 8.7068 5.99769 0 0 0 0.316687 3.27336 0 0 0 0 0 0.0499835 2.384 303 52 1 1 0
./complex_md-fit_828.pdb BC A 11.509 27.2251 -7.61811 -9.68171 -11.4525 -25.4615 -0.54786 43.6344 -25.4227 4.13275 10.5309 6.3485 0 0 0 0.317769 3.35251 -0.0379875 0 0 0 0 0.0218254 2.384 303 50 1 1 0
./complex_md-fit_829.pdb BC A 7.33453 27.8705 -8.69828 -7.1141 -11.3862 -24.8994 -0.828709 43.9573 -24.6279 3.44093 8.57604 4.02516 0 0 0 0.142078 2.76418 0 0 0 0 0 0.0165615 2.384 303 53 0 0 0
./complex_md-fit_82.pdb BC A 6.98785 28.1597 -10.9652 -6.23815 -11.6785 -24.41 -0.885897 41.246 -24.7884 4.93044 7.43969 3.22565 0 0 0 0.193924 2.5269 0 0 0 0 0 0 2.384 303 47 1 1 0
./complex_md-fit_830.pdb BC A 7.18531 37.5715 -8.25935 -7.36873 -9.05006 -25.1432 -0.537871 43.0225 -24.9348 2.87541 6.68259 5.7476 0 0 0 0.435325 2.78526 -5.55112e-17 0 0 0 0 0.0119511 2.384 303 54 1 1 0
./complex_md-fit_831.pdb BC A 7.64274 27.783 -8.3587 -8.43718 -10.6416 -25.3876 -0.674968 44.6908 -24.9144 1.99492 10.3778 4.34629 0 0 0 0.256115 2.93606 0 0 0 0 0 0.0310965 2.384 303 57 0 0 0
./complex_md-fit_832.pdb BC A 6.98384 26.3368 -6.4402 -8.71566 -7.97417 -24.8389 -0.502166 42.8275 -24.9357 5.33075 7.27084 4.74101 0 0 0 0.29853 4.32835 0.0259921 0 0 0 0 0.0318836 2.384 303 53 0 0 0
./complex_md-fit_833.pdb BC A 5.58191 23.2644 -7.33555 -8.66187 -9.72116 -25.3252 -0.51619 44.8404 -25.1729 3.35778 9.60023 4.02275 0 0 0 0.191795 3.1789 0.0237307 0 0 0 0 0.0250898 2.384 303 56 0 0 0
./complex_md-fit_834.pdb BC A 6.13927 29.6865 -4.56382 -6.30053 -10.9985 -25.8071 -0.77879 47.0115 -25.4058 3.37998 8.85308 5.37413 0 0 0 0.0624968 3.62841 0 0 0 0 0 0.0457887 2.384 303 56 0 0 0
./complex_md-fit_835.pdb BC A 8.03155 32.6061 -8.93449 -10.228 -10.7908 -24.8557 -0.578285 43.6357 -24.4752 4.85891 7.03285 5.9882 0 0 0 0.420532 3.05209 0 0 0 0 0 0.0572417 2.384 303 54 0 0 0
./complex_md-fit_836.pdb BC A 8.79426 38.0361 -0.13062 -8.02319 -6.86661 -24.9947 -0.62653 44.2316 -24.9079 7.80209 7.7771 5.12859 0 0 0 0.307184 2.93969 0 0 0 0 0 0.0417947 2.384 303 52 1 1 0
./complex_md-fit_837.pdb BC A 9.0085 34.3439 -9.7717 -9.3502 -9.9708 -25.6302 -0.542384 44.1303 -25.5091 3.49476 8.17697 5.21571 0 0 0 0.142292 3.36749 0.0203703 0 0 0 0 0.0506312 2.384 303 55 0 0 0
./complex_md-fit_838.pdb BC A 8.1681 31.3491 -10.5026 -8.87425 -10.4485 -24.8484 -0.705949 42.4529 -24.6547 2.97132 7.67076 5.55936 0 0 0 0.3749 2.42572 0 0 0 0 0 0 2.384 303 53 0 0 0
./complex_md-fit_839.pdb BC A 8.44908 29.3733 -9.10082 -8.30019 -10.4741 -23.7687 -0.666385 40.2539 -23.4799 5.24287 7.98483 3.6358 0 0 0 0.471057 2.87579 -5.55112e-17 0 0 0 0 2.22045e-16 2.384 303 56 1 1 0
./complex_md-fit_83.pdb BC A 7.81937 24.4313 -4.71998 -7.74797 -9.19681 -24.5004 -0.879598 42.6314 -24.3325 8.24671 8.22328 2.61652 0 0 0 0.219414 2.61575 5.55112e-17 0 0 0 0 0 2.384 303 51 1 1 0
./complex_md-fit_840.pdb BC A 8.462 35.3234 -7.91081 -6.91478 -9.0066 -23.6537 -0.783585 40.5263 -23.3297 4.73121 7.04041 3.08828 0 0 0 0.391386 3.62228 1.11022e-16 0 0 0 0 0 2.384 303 52 1 1 0
./complex_md-fit_841.pdb BC A 6.77316 27.6975 1.91707 -2.56237 -5.66639 -24.4254 -0.662656 43.0377 -24.1486 5.08575 6.76936 4.35616 0 0 0 0.133456 3.53345 0 0 0 0 0 0 2.384 303 54 0 0 0
./complex_md-fit_842.pdb BC A 10.3956 25.129 -9.40685 -5.94633 -11.0463 -24.7365 -0.801449 44.2481 -24.5688 2.86378 7.41475 2.95786 0 0 0 0.203084 2.76445 0.00492256 0 0 0 0 0 2.384 303 52 0 0 0
./complex_md-fit_843.pdb BC A 9.2108 30.6711 -10.95 -7.02937 -12.6223 -23.7516 -0.634832 43.1627 -23.2598 2.56584 8.2888 2.07656 0 0 0 0.254011 2.51619 0 0 0 0 0 0 2.384 303 50 0 0 0
./complex_md-fit_844.pdb BC A 8.36508 32.987 -1.08794 -5.05 -6.18387 -23.4243 -0.676402 39.8668 -23.1827 6.7117 7.93123 2.7253 0 0 0 0.220641 2.60016 -0.0329075 0 0 0 0 0.00655293 2.384 303 49 0 0 0
./complex_md-fit_845.pdb BC A 8.18339 29.6478 -11.2319 -7.22025 -10.8807 -23.5011 -0.693401 39.3064 -23.5617 2.21634 9.07332 3.84516 0 0 0 0.184083 2.67194 0 0 0 0 0 0 2.384 303 52 0 0 0
./complex_md-fit_846.pdb BC A 6.74393 28.3545 -2.25645 -5.6854 -6.84936 -23.7502 -0.609103 40.9122 -23.5032 5.42139 8.04588 3.59633 0 0 0 0.165026 2.75353 5.55112e-17 0 0 0 0 0 2.384 303 52 0 0 0
./complex_md-fit_847.pdb BC A 8.9239 35.1705 -4.6328 -7.54438 -8.06926 -24.2769 -0.613742 42.575 -23.9424 5.13057 7.17129 4.47763 0 0 0 0.459356 3.13048 0 0 0 0 0 0 2.384 303 52 1 1 0
./complex_md-fit_848.pdb BC A 7.95019 29.2766 -7.43646 -6.41951 -8.98702 -23.1809 -0.597439 39.9486 -23.1979 2.25978 8.67232 3.8869 0 0 0 0.178701 2.31805 0 0 0 0 0 0 2.384 303 54 0 0 0
./complex_md-fit_849.pdb BC A 6.74867 24.8938 -12.3207 -7.68322 -8.87384 -23.6662 -0.683349 39.7426 -23.59 1.25513 6.89513 3.92947 0 0 0 0.353551 2.38362 0 0 0 0 0 0 2.384 303 52 0 0 0
./complex_md-fit_84.pdb BC A 7.49117 35.98 -7.30798 -7.54793 -10.5714 -23.9729 -0.982303 41.0854 -23.8924 9.3324 6.50338 2.17895 0 0 0 0.516078 2.38952 1.11022e-16 0 0 0 0 0.0426533 2.384 303 48 2 2 0
./complex_md-fit_850.pdb BC A 9.07866 31.457 -7.4017 -7.11507 -9.70868 -24.1622 -0.653374 42.9627 -23.8102 4.466 6.90763 3.43935 0 0 0 0.272189 2.73966 0 0 0 0 0 0 2.384 303 52 0 0 0
./complex_md-fit_851.pdb BC A 5.72764 32.4285 -12.299 -9.17059 -14.0447 -24.7534 -0.891065 41.793 -24.3413 4.78817 10.5921 3.4685 0 0 0 0.277416 2.84565 -0.0170572 0 0 0 0 0 2.384 303 54 1 1 0
./complex_md-fit_852.pdb BC A 7.68243 34.614 -9.73927 -5.07298 -11.7474 -25.0289 -0.777306 43.2659 -24.9002 3.25723 7.06482 3.91843 0 0 0 0.276653 2.8148 0 0 0 0 0 0.00457518 2.384 303 54 0 0 0
./complex_md-fit_853.pdb BC A 8.45927 32.9204 -11.2331 -8.77213 -9.80677 -25.3169 -0.890641 43.0043 -25.1467 2.57827 8.53519 4.17554 0 0 0 0.401514 2.81725 0 0 0 0 0 0.00521944 2.384 303 53 0 0 0
./complex_md-fit_854.pdb BC A 7.20572 29.2333 -6.32424 -8.07531 -7.85233 -24.1603 -0.849809 41.5207 -24.0731 3.53959 9.37345 4.1596 0 0 0 0.0875881 2.36305 0 0 0 0 0 0.00571383 2.384 303 56 0 0 0
./complex_md-fit_855.pdb BC A 8.52524 23.7184 -5.8319 -7.46527 -8.08991 -22.931 -0.86121 39.9161 -22.6539 2.66057 9.52446 3.65954 0 0 0 0.426223 2.3866 -0.0174821 0 0 0 0 0 2.384 303 53 0 0 0
./complex_md-fit_856.pdb BC A 9.64895 29.3663 -6.23787 -5.82254 -9.83984 -25.424 -0.837415 44.7731 -24.8539 3.4944 8.15691 3.88425 0 0 0 0.206593 3.85794 0.0197691 0 0 0 0 0.00482387 2.384 303 50 0 0 0
./complex_md-fit_857.pdb BC A 8.42105 35.2421 -8.88911 -7.63131 -10.3967 -24.1041 -0.622545 41.5475 -24.2702 2.44288 8.67737 4.02661 0 0 0 1.41171 2.64548 0.0250038 0 0 0 0 0.00468775 2.384 303 52 0 0 0
./complex_md-fit_858.pdb BC A 5.84148 27.9821 -4.15536 -5.2614 -8.88455 -22.7377 -0.651476 39.5963 -22.3858 4.22712 8.61134 3.23492 0 0 0 0.115036 2.69051 -0.0190923 0 0 0 0 0 2.384 303 50 0 0 0
./complex_md-fit_859.pdb BC A 7.10018 29.6605 -8.42155 -7.29087 -9.85054 -24.0727 -0.646894 40.7622 -23.9434 2.57633 9.62807 3.95445 0 0 0 0.461786 3.01018 0 0 0 0 0 0 2.384 303 50 0 0 0
./complex_md-fit_85.pdb BC A 6.26303 32.95 -11.22 -8.72714 -10.4925 -23.9137 -0.692937 41.2973 -23.6147 3.37123 8.28577 2.82623 0 0 0 0.440347 2.70658 -2.77556e-17 0 0 0 0 0 2.384 303 52 0 0 0
./complex_md-fit_860.pdb BC A 9.4465 28.9552 -10.1972 -8.3056 -9.98986 -23.3357 -0.693352 40.2833 -23.1118 3.1226 7.96696 3.48874 0 0 0 0.377607 2.85782 0 0 0 0 0 0 2.384 303 51 0 0 0
./complex_md-fit_861.pdb BC A 7.90988 25.418 -11.0999 -7.56046 -9.29828 -24.6001 -0.810631 41.2481 -24.5458 2.51981 7.71919 3.84111 0 0 0 0.387231 2.73632 0 0 0 0 0 0 2.384 303 54 0 0 0
./complex_md-fit_862.pdb BC A 7.96816 23.6629 -6.04168 -5.62699 -10.4862 -23.0109 -0.557595 40.4241 -22.5335 3.69231 8.453 3.23768 0 0 0 0.381115 3.47268 -0.0147267 0 0 0 0 0 2.384 303 52 0 0 0
./complex_md-fit_863.pdb BC A 9.57444 30.4616 -8.41838 -7.06192 -7.59258 -24.0569 -0.810331 41.0722 -24.1384 2.9505 7.164 4.00645 0 0 0 0.0487067 3.05133 -5.55112e-17 0 0 0 0 0 2.384 303 55 0 0 0
./complex_md-fit_864.pdb BC A 8.74497 32.5003 -6.53444 -5.38749 -8.27483 -22.9158 -0.512466 38.1887 -22.7059 3.66278 7.18828 4.06986 0 0 0 0.152437 2.63567 0 0 0 0 0 0 2.384 303 52 0 0 0
./complex_md-fit_865.pdb BC A 9.86871 23.072 -6.87563 -6.00629 -9.28026 -23.8012 -0.760126 40.6138 -23.9677 3.69319 8.81238 3.76497 0 0 0 0.0674269 2.69291 -0.0171229 0 0 0 0 0.00526466 2.384 303 54 0 0 0
./complex_md-fit_866.pdb BC A 6.09944 32.7649 -7.73703 -7.13448 -9.66808 -24.4568 -0.8276 41.94 -23.8341 4.57926 7.01977 3.99895 0 0 0 0.623441 3.07409 0.0225301 0 0 0 0 0 2.384 303 48 2 2 0
./complex_md-fit_867.pdb BC A 7.72023 39.0267 -4.89722 -5.17038 -8.05589 -23.2138 -0.641072 39.6054 -22.5747 2.97518 8.18977 3.8473 0 0 0 0.141037 2.70463 0 0 0 0 0 0 2.384 303 53 0 0 0
./complex_md-fit_868.pdb BC A 9.70008 37.0899 -5.84347 -5.72231 -9.04315 -22.7297 -0.763092 39.1114 -22.7575 4.45842 7.9099 3.50878 0 0 0 0.183757 2.19696 0 0 0 0 0 0 2.384 303 50 0 0 0
./complex_md-fit_869.pdb BC A 9.59757 26.3756 -9.65754 -7.50682 -9.51031 -24.0545 -0.626033 41.166 -23.656 3.87015 8.3461 2.19812 0 0 0 0.115747 3.94518 5.55112e-17 0 0 0 0 0 2.384 303 53 0 0 0
./complex_md-fit_86.pdb BC A 11.4263 31.6928 -3.72115 -5.97117 -8.29924 -24.5448 -0.695875 43.0205 -24.7483 7.27512 6.7943 3.24972 0 0 0 0.173243 3.02899 0.0253671 0 0 0 0 0 2.384 303 51 0 0 0
./complex_md-fit_870.pdb BC A 7.11858 28.8448 2.99354 -4.21162 -8.58865 -24.53 -0.891537 45.1115 -23.399 8.75468 7.52169 3.12326 0 0 0 0.098176 2.68853 0 0 0 0 0 0.00506018 2.384 303 49 1 1 0
./complex_md-fit_871.pdb BC A 7.03473 27.9015 -7.80118 -6.39332 -9.51482 -24.9503 -0.731826 42.696 -24.5129 3.71924 7.88511 3.8042 0 0 0 0.183326 2.8292 0 0 0 0 0 0.0141061 2.384 303 54 0 0 0
./complex_md-fit_872.pdb BC A 8.40961 34.3578 -0.862641 -7.38095 -9.13948 -25.0837 -0.76276 45.0464 -24.3591 8.30202 8.82292 3.18616 0 0 0 0.505777 2.68889 0 0 0 0 0 0 2.384 303 56 1 1 0
./complex_md-fit_873.pdb BC A 8.31752 33.2265 -4.54235 -6.43247 -10.9622 -23.4727 -0.693542 41.218 -22.5519 5.60876 8.78318 3.76158 0 0 0 0.198944 2.44161 -6.93889e-18 0 0 0 0 0 2.384 303 52 1 1 0
./complex_md-fit_874.pdb BC A 7.99835 35.1461 -6.986 -6.0231 -12.1394 -24.571 -0.759965 43.2061 -23.9654 3.26067 9.62212 3.88174 0 0 0 0.486748 2.81449 0 0 0 0 0 0.0155661 2.384 303 53 0 0 0
./complex_md-fit_875.pdb BC A 9.39616 32.1595 -4.69885 -7.46517 -8.88039 -23.2285 -0.364179 39.9497 -22.8168 5.41922 7.6251 3.96152 0 0 0 1.08113 2.67836 0.0195547 0 0 0 0 0 2.384 303 52 0 0 0
./complex_md-fit_876.pdb BC A 7.79131 27.4915 -9.66401 -6.52254 -10.6582 -24.301 -0.67633 40.7754 -23.6397 1.94901 8.86249 4.07817 0 0 0 0.461059 2.73474 0 0 0 0 0 0.00764142 2.384 303 53 0 0 0
./complex_md-fit_877.pdb BC A 9.93083 32.1894 -14.3164 -8.91611 -13.7738 -23.2061 -0.651507 39.0839 -22.9406 3.11337 9.43946 2.90513 0 0 0 0.638415 2.17121 -0.00851453 0 0 0 0 0 2.384 303 51 0 0 0
./complex_md-fit_878.pdb BC A 9.06374 24.868 -8.09738 -7.05073 -12.1005 -23.6157 -0.583467 39.2404 -23.5797 4.0353 11.1344 4.08413 0 0 0 0.338427 2.52854 0 0 0 0 0 0 2.384 303 54 1 1 0
./complex_md-fit_879.pdb BC A 8.33741 31.5948 -9.43742 -6.89241 -11.5532 -25.2582 -0.762761 42.9901 -24.587 3.04495 8.83838 4.47249 0 0 0 0.296186 2.68885 -0.0258543 0 0 0 0 0 2.384 303 52 0 0 0
./complex_md-fit_87.pdb BC A 10.7891 24.0309 -7.80021 -7.32116 -9.5764 -23.2498 -0.672458 39.9077 -23.4391 6.18787 6.93231 3.07305 0 0 0 0.367083 2.93583 -0.00935554 0 0 0 0 0 2.384 303 52 1 1 0
./complex_md-fit_880.pdb BC A 7.04954 32.628 -6.96906 -5.26105 -10.963 -24.5718 -0.797939 41.6163 -24.1442 5.50025 7.99667 3.40096 0 0 0 0.228197 2.70368 0.026505 0 0 0 0 0 2.384 303 51 1 1 0
./complex_md-fit_881.pdb BC A 8.33086 26.1817 -8.20345 -7.02405 -8.33436 -24.2437 -0.590618 41.1516 -24.0522 4.75653 7.55585 2.41478 0 0 0 0.187611 2.53558 -0.0248399 0 0 0 0 0 2.384 303 53 0 0 0
./complex_md-fit_882.pdb BC A 7.57577 23.1969 -9.62587 -6.75146 -12.126 -24.5 -0.874781 43.0448 -23.8316 3.00459 9.7532 2.2977 0 0 0 0.38287 2.70625 -0.0252591 0 0 0 0 0 2.384 303 51 1 1 0
./complex_md-fit_883.pdb BC A 10.5488 28.9034 -3.12861 -4.41521 -7.87325 -24.1326 -0.628826 42.3225 -23.8375 4.48487 7.41486 3.14011 0 0 0 0.369988 2.75167 0.0264263 0 0 0 0 0 2.384 303 51 0 0 0
./complex_md-fit_884.pdb BC A 11.3842 31.2475 -2.58922 -6.32448 -9.72766 -25.4177 -0.667766 45.9424 -24.3877 6.22136 8.07233 3.42928 0 0 0 0.281607 2.815 -0.0108363 0 0 0 0 0 2.384 303 55 1 1 0
./complex_md-fit_885.pdb BC A 9.2028 32.0064 -11.7837 -9.38852 -14.3381 -24.8124 -0.751352 43.3647 -24.4544 4.37721 10.5568 3.21841 0 0 0 0.444276 2.69389 -0.00261245 0 0 0 0 0.00230203 2.384 303 55 0 0 0
./complex_md-fit_886.pdb BC A 8.55431 29.3379 -7.29448 -7.50983 -12.4498 -25.1809 -0.792815 43.0758 -24.7379 6.93613 9.34022 3.79989 0 0 0 0.2187 2.93035 0 0 0 0 0 0.0060195 2.384 303 49 1 1 0
./complex_md-fit_887.pdb BC A 8.20394 26.4446 -8.96688 -6.49066 -10.4296 -24.7929 -0.628666 40.8046 -24.77 5.16338 8.38754 3.47029 0 0 0 0.319219 2.84997 0 0 0 0 0 0 2.384 303 54 1 1 0
./complex_md-fit_888.pdb BC A 7.21437 31.0531 -9.53284 -6.74745 -11.9293 -24.1159 -0.761104 41.6856 -23.2103 4.0345 7.89256 3.25997 0 0 0 0.363237 2.56206 -0.0046307 0 0 0 0 0 2.384 303 50 1 1 0
./complex_md-fit_889.pdb BC A 8.63272 27.6419 -7.68931 -6.34276 -10.2541 -23.7942 -0.560139 40.0179 -23.3422 5.30399 8.01559 2.89838 0 0 0 0.368253 3.49882 0 0 0 0 0 0 2.384 303 54 1 1 0
./complex_md-fit_88.pdb BC A 9.54297 29.1418 -7.79179 -8.75805 -8.55544 -24.3293 -0.760683 40.6935 -24.5527 7.7324 6.84906 3.61978 0 0 0 0.269619 2.60734 -1.11022e-16 0 0 0 0 0 2.384 303 49 1 1 0
./complex_md-fit_890.pdb BC A 8.47178 29.1655 -11.2782 -7.23055 -14.4703 -25.721 -0.794135 44.7988 -24.9234 4.08527 9.64967 3.18717 0 0 0 0.140212 2.58971 0 0 0 0 0 0 2.384 303 49 0 0 0
./complex_md-fit_891.pdb BC A 9.19786 35.463 -6.20641 -6.31131 -12.3533 -26.5666 -0.9198 47.1682 -25.6722 4.59425 9.64462 4.07115 0 0 0 0.168 3.93007 -0.0294738 0 0 0 0 0 2.384 303 52 1 1 0
./complex_md-fit_892.pdb BC A 8.18534 21.6871 -12.6142 -7.03562 -14.2283 -26.3089 -0.804532 46.1054 -25.8754 3.91841 8.42861 2.88277 0 0 0 0.247143 3.53725 0.018801 0 0 0 0 0.037394 2.384 303 54 0 0 0
./complex_md-fit_893.pdb BC A 8.61236 32.5004 -12.6139 -7.98451 -14.1279 -24.7862 -0.754334 43.0153 -24.1372 2.73077 9.54348 3.72076 0 0 0 0.16762 2.59775 -0.0152374 0 0 0 0 0.0135252 2.384 303 54 0 0 0
./complex_md-fit_894.pdb BC A 8.57193 28.9218 -4.69255 -5.52568 -10.9708 -24.5963 -0.866109 44.2591 -24.3799 4.60072 9.14137 3.26133 0 0 0 0.362692 2.91381 0.0209832 0 0 0 0 0 2.384 303 52 0 0 0
./complex_md-fit_895.pdb BC A 6.06159 35.4703 -3.44414 -5.11743 -6.78788 -23.5075 -0.565895 40.3076 -23.3893 5.09639 6.92941 3.32551 0 0 0 0.264978 2.58204 0 0 0 0 0 0 2.384 303 51 1 1 0
./complex_md-fit_896.pdb BC A 7.85466 38.8924 -10.0994 -6.59415 -8.84261 -23.7803 -0.698982 39.4232 -23.8235 2.36066 8.12842 3.42261 0 0 0 0.305275 2.69125 0 0 0 0 0 0 2.384 303 51 0 0 0
./complex_md-fit_897.pdb BC A 7.00229 31.4704 -4.89352 -6.30849 -12.1269 -25.1682 -0.940837 43.9885 -24.5578 4.70324 10.2417 4.98861 0 0 0 0.29034 2.89874 -0.0096752 0 0 0 0 0.00602892 2.384 303 49 1 1 0
./complex_md-fit_898.pdb BC A 6.84166 25.2146 -4.08433 -5.73698 -9.74501 -25.085 -0.736638 43.7395 -24.7573 4.01835 8.60937 5.31797 0 0 0 0.28147 4.02364 -0.0146619 0 0 0 0 0.0245912 2.384 303 52 0 0 0
./complex_md-fit_899.pdb BC A 6.69319 37.9375 -7.023 -6.00411 -8.54066 -22.8924 -0.624632 38.375 -22.4998 2.97755 7.73799 3.83282 0 0 0 0.615137 2.47386 0 0 0 0 0 0 2.384 303 48 0 0 0
./complex_md-fit_89.pdb BC A 8.14768 36.215 -4.99542 -7.48258 -8.32385 -23.1799 -0.694967 40.9069 -22.5147 4.82668 8.07011 2.67289 0 0 0 0.710837 2.58346 2.77556e-17 0 0 0 0 0.0131815 2.384 303 51 0 0 0
./complex_md-fit_8.pdb BC A 7.37824 31.4359 -15.4237 -9.74757 -8.65459 -23.5359 -0.886753 37.9623 -23.8074 4.18708 5.50816 3.37106 0 0 0 0.167837 2.35816 -5.55112e-17 0 0 0 0 0.012029 2.384 303 49 1 1 0
./complex_md-fit_900.pdb BC A 7.50997 30.7767 -11.1937 -7.36195 -9.66439 -23.7195 -0.698233 39.9529 -23.0658 1.46082 7.9551 3.60247 0 0 0 0.344967 2.78389 -5.55112e-17 0 0 0 0 0 2.384 303 50 0 0 0
./complex_md-fit_901.pdb BC A 9.19522 37.3103 -11.8846 -8.15185 -11.6241 -26.3395 -0.716043 44.744 -26.5442 3.0662 8.55617 4.89889 0 0 0 0.225836 2.48736 0 0 0 0 0 0 2.384 303 57 0 0 0
./complex_md-fit_902.pdb BC A 10.3999 28.6909 -7.21247 -7.24797 -12.0405 -24.7617 -1.0701 42.0444 -23.9401 6.82218 8.35763 4.29305 0 0 0 0.35947 2.97874 -0.0288127 0 0 0 0 0 2.384 303 52 2 2 0
./complex_md-fit_903.pdb BC A 10.7393 30.1143 -5.72589 -6.48304 -9.56267 -24.1703 -0.759579 40.7129 -23.8266 7.55367 7.51108 2.80117 0 0 0 0.526424 2.77295 -0.02892 0 0 0 0 2.22045e-16 2.384 303 49 1 1 0
./complex_md-fit_904.pdb BC A 9.0558 29.3476 -13.4567 -7.64529 -11.8305 -24.2222 -0.915824 42.3965 -23.1664 1.88566 7.51582 2.21127 0 0 0 0.309122 2.61578 1.11022e-16 0 0 0 0 0.00518835 2.384 303 50 0 0 0
./complex_md-fit_905.pdb BC A 10.1231 30.8772 -4.28745 -7.24335 -10.8249 -25.1252 -0.891429 43.497 -24.4595 8.63063 8.52219 3.29074 0 0 0 0.338262 2.53814 -0.026115 0 0 0 0 0.00427644 2.384 303 53 3 3 0
./complex_md-fit_906.pdb BC A 7.46687 33.6042 -12.7566 -7.24666 -11.5968 -23.9839 -0.672348 39.2271 -24.086 5.35722 7.38521 2.41771 0 0 0 0.441898 2.59531 0 0 0 0 0 0 2.384 303 51 1 1 0
./complex_md-fit_907.pdb BC A 7.31408 29.1331 -3.09313 -5.16978 -7.09159 -23.1968 -0.738048 40.1087 -22.5065 5.06663 6.51236 3.44477 0 0 0 0.456204 2.54662 0.0209055 0 0 0 0 0 2.384 303 51 2 2 0
./complex_md-fit_908.pdb BC A 7.93092 31.9967 -3.37469 -6.68667 -8.00883 -24.2192 -0.78227 41.4228 -24.4492 7.64739 7.9172 3.3121 0 0 0 0.43108 2.62056 0.0338907 0 0 0 0 0.00696253 2.384 303 52 1 1 0
./complex_md-fit_909.pdb BC A 11.157 37.8824 -6.98388 -5.40545 -11.3639 -24.1484 -0.788756 41.0995 -23.8596 4.79486 8.11324 4.10552 0 0 0 0.473689 2.53288 -0.00457906 0 0 0 0 0 2.384 303 47 0 0 0
./complex_md-fit_90.pdb BC A 6.8917 39.4673 -9.8047 -7.18722 -8.81667 -23.1095 -0.695355 39.0778 -23.0079 3.86965 6.70602 3.14332 0 0 0 0.203074 2.73885 0.0120945 0 0 0 0 0 2.384 303 50 0 0 0
./complex_md-fit_910.pdb BC A 7.53497 39.7249 -12.4893 -7.32793 -9.18967 -23.6515 -0.808127 38.8152 -24.0509 1.77023 7.99508 3.06515 0 0 0 0.893224 2.65722 0 0 0 0 0 0 2.384 303 49 0 0 0
./complex_md-fit_911.pdb BC A 10.441 36.0201 -8.99705 -7.7004 -10.6871 -25.1863 -0.807139 42.81 -24.5035 5.12925 7.12627 4.59816 0 0 0 0.223592 2.66459 1.11022e-16 0 0 0 0 0 2.384 303 49 1 1 0
./complex_md-fit_912.pdb BC A 9.39229 31.6649 -3.08653 -6.8792 -8.99467 -24.0793 -0.62247 41.1394 -23.8628 9.91155 6.26652 3.33908 0 0 0 0.672375 2.48622 0.0230233 0 0 0 0 0 2.384 303 51 2 2 0
./complex_md-fit_913.pdb BC A 5.90026 41.4415 -4.33895 -7.30437 -9.76176 -23.7617 -0.753713 41.667 -23.4103 6.35201 7.6717 4.28319 0 0 0 0.679029 2.51414 0 0 0 0 0 0 2.384 303 50 2 2 0
./complex_md-fit_914.pdb BC A 7.92429 32.3598 -11.2115 -7.47444 -12.1362 -24.5228 -0.760399 41.6628 -23.7886 3.73567 8.35151 3.29625 0 0 0 0.424582 2.75492 0 0 0 0 0 0 2.384 303 49 0 0 0
./complex_md-fit_915.pdb BC A 9.06431 36.0649 -14.7958 -6.70029 -10.5127 -23.9747 -0.654739 39.9671 -24.2547 1.77423 6.51576 2.70631 0 0 0 0.27537 2.4872 0.0625374 0 0 0 0 0 2.384 303 54 0 0 0
./complex_md-fit_916.pdb BC A 8.1673 34.8861 -8.80688 -7.99665 -13.3324 -25.0545 -0.892513 43.9899 -24.2399 5.19494 9.63564 3.37535 0 0 0 0.514084 2.65409 -0.00748531 0 0 0 0 0.00662075 2.384 303 50 1 1 0
./complex_md-fit_917.pdb BC A 7.51949 28.0284 -4.48393 -7.40517 -10.8089 -24.1571 -0.972425 43.3301 -22.9286 5.0673 8.9432 3.80984 0 0 0 0.617338 2.77539 0.0204987 0 0 0 0 0 2.384 303 51 1 1 0
./complex_md-fit_918.pdb BC A 7.97556 34.0725 -6.69365 -7.77805 -7.56812 -23.6353 -0.837922 39.9202 -23.5872 8.14082 5.45483 3.06756 0 0 0 0.133575 2.2089 -0.0151682 0 0 0 0 0.0111888 2.384 303 48 4 4 0
./complex_md-fit_919.pdb BC A 9.38518 34.6722 -7.65006 -5.43343 -13.3221 -25.7778 -0.899675 45.3479 -24.9818 4.71698 9.64509 2.73285 0 0 0 0.321876 4.00431 -5.55112e-17 0 0 0 0 0 2.384 303 48 0 0 0
./complex_md-fit_91.pdb BC A 8.61831 27.5264 -7.91476 -6.33206 -9.80792 -23.0998 -0.852704 39.292 -22.8922 6.76401 6.38474 2.39245 0 0 0 0.236651 2.6854 5.55112e-17 0 0 0 0 0 2.384 303 49 1 1 0
./complex_md-fit_920.pdb BC A 8.54967 34.9187 -2.32542 -6.66598 -8.34998 -23.6722 -0.913724 40.3573 -23.2138 7.14838 8.52139 3.8616 0 0 0 0.578913 2.31361 0.0226793 0 0 0 0 0 2.384 303 46 0 0 0
./complex_md-fit_921.pdb BC A 7.86204 35.5588 -7.76159 -6.64612 -9.49895 -24.8872 -0.899867 43.6229 -24.6463 5.36247 6.61946 2.915 0 0 0 0.297094 2.83222 0 0 0 0 0 2.22045e-16 2.384 303 51 1 1 0
./complex_md-fit_922.pdb BC A 6.00154 33.8329 -9.20765 -7.42185 -9.25333 -25.2192 -0.72599 42.549 -25.2043 5.16587 6.61908 4.01759 0 0 0 0.229896 2.78739 0.0237864 0 0 0 0 0.0117293 2.384 303 50 1 1 0
./complex_md-fit_923.pdb BC A 7.11101 25.8113 -12.0748 -8.68432 -10.4778 -24.8377 -0.568414 41.4079 -24.8509 5.07785 7.65412 2.92144 0 0 0 0.300435 2.53367 -0.0328863 0 0 0 0 0.0155217 2.384 303 53 1 1 0
./complex_md-fit_924.pdb BC A 8.04937 38.1917 -6.89894 -6.77229 -12.7011 -25.7524 -0.92855 44.9734 -25.118 7.29976 8.0633 3.73103 0 0 0 0.305916 2.62093 0 0 0 0 0 0 2.384 303 55 2 2 0
./complex_md-fit_925.pdb BC A 6.72074 36.4798 -5.15234 -7.13301 -11.5712 -24.7782 -0.952367 43.7198 -24.0508 5.52086 10.2922 3.082 0 0 0 0.718517 2.79353 0 0 0 0 0 0 2.384 303 49 2 2 0
./complex_md-fit_926.pdb BC A 7.85252 32.5157 -11.6275 -8.21343 -11.7906 -24.538 -0.720272 41.7468 -23.885 4.70618 7.79066 2.97111 0 0 0 0.327799 3.96321 -0.0297216 0 0 0 0 0.00694604 2.384 303 49 1 1 0
./complex_md-fit_927.pdb BC A 6.37454 38.7045 -9.15617 -7.43976 -11.3596 -26.6844 -0.693519 45.9157 -27.0088 5.83132 8.71234 2.96262 0 0 0 0.609733 3.89853 -0.00178545 0 0 0 0 2.22045e-16 2.384 303 54 1 1 0
./complex_md-fit_928.pdb BC A 7.67364 29.0728 -15.2707 -9.05648 -13.1744 -25.5047 -0.847766 43.0721 -25.3479 5.01283 8.0052 2.2713 0 0 0 0.31583 2.88398 -0.0166121 0 0 0 0 0 2.384 303 53 0 0 0
./complex_md-fit_929.pdb BC A 8.68474 34.6056 -3.93425 -5.95053 -11.1126 -25.2391 -0.942844 43.2241 -24.8902 6.88627 9.65004 3.98813 0 0 0 0.446668 2.2739 -5.55112e-17 0 0 0 0 0.0057507 2.384 303 48 1 1 0
./complex_md-fit_92.pdb BC A 9.64534 29.6709 0.0582669 -4.26895 -7.6809 -23.0757 -0.774682 42.0836 -22.5541 7.04096 6.17237 2.6691 0 0 0 0.437276 2.99597 -0.00929719 0 0 0 0 0.0185365 2.384 303 50 0 0 0
./complex_md-fit_930.pdb BC A 6.22355 28.6683 -2.40476 -4.75822 -9.20014 -24.314 -0.86351 41.1426 -23.9882 6.9784 8.956 3.21181 0 0 0 0.424285 3.63269 0 0 0 0 0 0.00620624 2.384 303 51 1 1 0
./complex_md-fit_931.pdb BC A 8.26426 29.4598 -1.08627 -4.76852 -7.28074 -22.6588 -0.823056 40.7186 -21.9558 5.17784 7.38115 2.79408 0 0 0 0.328985 2.60991 0 0 0 0 0 0 2.384 303 49 1 1 0
./complex_md-fit_932.pdb BC A 7.3537 26.0649 -2.37007 -6.11572 -10.5918 -24.1694 -0.913921 43.5525 -23.1146 6.06102 8.35182 4.28462 0 0 0 0.285532 2.69349 0 0 0 0 0 0 2.384 303 50 1 1 0
./complex_md-fit_933.pdb BC A 7.25601 30.3086 -6.78638 -6.35921 -9.0253 -25.2323 -0.839854 43.4567 -24.9388 5.42866 7.98775 2.57507 0 0 0 0.160942 2.72447 -5.55112e-17 0 0 0 0 0 2.384 303 56 1 1 0
./complex_md-fit_934.pdb BC A 8.17374 29.3172 -4.97946 -5.41284 -8.41354 -25.3037 -0.848668 43.6104 -25.215 5.8195 7.59647 2.75261 0 0 0 0.435283 2.90344 0 0 0 0 0 0 2.384 303 55 1 1 0
./complex_md-fit_935.pdb BC A 6.69581 32.0247 0.329448 -6.90863 -6.05172 -23.1505 -0.644533 41.2264 -22.3058 6.7762 7.73268 3.52869 0 0 0 0.122565 2.70383 0 0 0 0 0 0.0040856 2.384 303 52 0 0 0
./complex_md-fit_936.pdb BC A 8.01375 22.3519 -3.71785 -6.90498 -7.89181 -23.1363 -0.696895 39.6678 -22.1986 6.50803 7.75099 2.89179 0 0 0 0.292114 2.38271 -1.11022e-16 0 0 0 0 0 2.384 303 50 1 1 0
./complex_md-fit_937.pdb BC A 5.88977 26.4882 -2.36137 -5.43242 -8.47337 -25.6232 -0.910337 46.1468 -24.956 6.76457 7.57281 2.21814 0 0 0 0.314695 2.39991 -5.55112e-17 0 0 0 0 0.0169243 2.384 303 53 1 1 0
./complex_md-fit_938.pdb BC A 8.65191 36.4313 0.496849 -5.43795 -8.02489 -26.0397 -0.744703 45.4394 -25.3121 7.12875 9.98528 3.17268 0 0 0 0.322876 2.48459 0 0 0 0 0 0.00715772 2.384 303 53 0 0 0
./complex_md-fit_939.pdb BC A 9.49517 33.7812 -9.59107 -6.26291 -9.41466 -25.1163 -0.867768 43.3245 -24.5591 3.69338 7.69025 1.45422 0 0 0 0.467214 2.88756 -1.11022e-16 0 0 0 0 0 2.384 303 53 0 0 0
./complex_md-fit_93.pdb BC A 5.61987 29.6534 -11.4886 -8.9437 -7.88606 -23.977 -0.602679 40.0727 -24.0906 4.38575 6.43799 3.00644 0 0 0 0.0952403 2.88534 0.0133683 0 0 0 0 0 2.384 303 49 0 0 0
./complex_md-fit_940.pdb BC A 7.66377 36.0515 -11.6619 -6.95092 -9.83496 -25.9381 -0.824056 43.5182 -26.0127 4.42065 7.40733 1.7871 0 0 0 0.765481 2.51924 1.11022e-16 0 0 0 0 0 2.384 303 54 0 0 0
./complex_md-fit_941.pdb BC A 7.94362 32.3616 -3.37983 -6.50556 -9.22231 -24.7968 -0.714591 44.1225 -24.3332 4.84324 9.20779 3.84318 0 0 0 0.176001 2.54818 0 0 0 0 0 0 2.384 303 52 0 0 0
./complex_md-fit_942.pdb BC A 6.25373 38.0118 -2.75146 -5.88514 -6.77458 -24.5651 -0.796551 43.0369 -24.1942 5.03574 7.8074 3.46286 0 0 0 0.121212 2.31077 0 0 0 0 0 0 2.384 303 54 1 1 0
./complex_md-fit_943.pdb BC A 7.11961 31.0728 0.00151543 -4.57115 -8.06066 -25.2099 -0.856643 43.8949 -24.8751 7.47439 8.74175 3.28791 0 0 0 0.176007 2.60963 0 0 0 0 0 0 2.384 303 52 2 2 0
./complex_md-fit_944.pdb BC A 8.69773 35.6589 -0.864127 -7.31382 -9.99545 -25.0559 -0.756563 45.6285 -24.0094 6.86177 8.59805 4.92197 0 0 0 0.25669 3.24689 0 0 0 0 0 0 2.384 303 52 2 2 0
./complex_md-fit_945.pdb BC A 6.60371 30.1767 -5.01782 -6.73855 -10.6421 -24.5611 -0.783501 43.442 -23.8858 4.53296 9.14659 4.09117 0 0 0 0.380422 2.60318 0 0 0 0 0 0 2.384 303 53 0 0 0
./complex_md-fit_946.pdb BC A 6.34762 34.2461 -4.62863 -6.10529 -9.12119 -25.1489 -0.78412 44.4823 -24.5305 4.58701 9.56216 2.02849 0 0 0 0.37705 2.54755 0.0243287 0 0 0 0 0 2.384 303 51 0 0 0
./complex_md-fit_947.pdb BC A 8.61238 36.2717 -3.84857 -7.05068 -11.1869 -25.2229 -0.787623 43.6687 -24.4101 7.62108 9.21723 4.13859 0 0 0 0.157857 2.60889 0 0 0 0 0 0.00608879 2.384 303 52 2 2 0
./complex_md-fit_948.pdb BC A 6.73961 33.2885 -0.343747 -6.18949 -8.9884 -25.2441 -0.804432 44.099 -24.5189 9.3477 7.96051 3.7484 0 0 0 0.245899 2.59568 0 0 0 0 0 0 2.384 303 55 2 2 0
./complex_md-fit_949.pdb BC A 7.52756 35.2859 -5.13307 -6.171 -8.91885 -24.5784 -0.801079 43.1782 -23.8568 3.75822 8.22746 3.70443 0 0 0 0.301568 3.00949 0.0230902 0 0 0 0 0 2.384 303 49 0 0 0
./complex_md-fit_94.pdb BC A 6.37417 27.6619 -12.1902 -7.09122 -12.1663 -21.9856 -0.66981 38.4895 -21.7879 3.82294 6.57364 2.40212 0 0 0 0.243064 2.48945 -0.0206658 0 0 0 0 0 2.384 303 49 2 2 0
./complex_md-fit_950.pdb BC A 8.09758 29.957 0.352417 -5.80419 -7.55914 -24.7703 -0.694373 44.2878 -24.1237 7.07647 6.64618 4.50867 0 0 0 0.76435 2.9205 0.0205456 0 0 0 0 0 2.384 303 53 1 1 0
./complex_md-fit_951.pdb BC A 8.09037 34.4337 -3.62126 -6.12637 -9.22667 -25.1491 -0.831147 44.2429 -24.708 4.98321 8.45561 4.07328 0 0 0 0.665083 2.76779 0 0 0 0 0 0 2.384 303 51 0 0 0
./complex_md-fit_952.pdb BC A 9.1036 32.3828 -4.08185 -4.38614 -9.65246 -24.8437 -0.887164 44.4878 -24.0593 4.92315 7.68734 2.21711 0 0 0 0.431467 3.54975 0 0 0 0 0 0 2.384 303 52 0 0 0
./complex_md-fit_953.pdb BC A 7.5285 27.0816 5.33738 -4.87492 -7.33786 -25.3987 -0.850273 46.0969 -24.4307 9.23368 7.90739 4.50847 0 0 0 0.483374 2.98298 0 0 0 0 0 0 2.384 303 53 2 2 0
./complex_md-fit_954.pdb BC A 6.79897 30.9415 -5.22022 -7.14112 -8.33163 -25.0673 -0.642793 43.7658 -24.6074 4.28338 8.84469 3.26657 0 0 0 0.376997 2.35089 0.0325419 0 0 0 0 0 2.384 303 51 0 0 0
./complex_md-fit_955.pdb BC A 7.61418 34.3732 -6.25264 -4.47359 -9.3006 -24.6511 -0.839538 42.5997 -23.8934 5.08568 6.51852 2.28259 0 0 0 0.419139 2.72923 -8.32667e-17 0 0 0 0 0 2.384 303 53 1 1 0
./complex_md-fit_956.pdb BC A 7.08548 23.2695 -7.67445 -8.28702 -10.9191 -25.2592 -0.71824 44.6638 -24.4246 5.90965 8.16845 2.98875 0 0 0 0.173082 2.83121 0.0243444 0 0 0 0 0.00564932 2.384 303 53 0 0 0
./complex_md-fit_957.pdb BC A 6.5579 29.3276 -5.68223 -6.06409 -9.25339 -24.9354 -0.546773 43.8731 -24.1002 4.35435 7.99 2.78794 0 0 0 0.212237 3.61413 0 0 0 0 0 0 2.384 303 54 1 1 0
./complex_md-fit_958.pdb BC A 7.23412 29.8889 -1.43803 -5.27297 -5.96182 -24.2224 -0.551963 42.815 -23.476 3.79285 6.80954 4.08135 0 0 0 0.543769 2.52157 0 0 0 0 0 0.00458442 2.384 303 53 1 1 0
./complex_md-fit_959.pdb BC A 6.69105 32.8525 -9.70847 -7.02591 -11.3115 -25.1422 -0.859593 43.1882 -24.1444 4.30756 8.45083 2.43961 0 0 0 0.389011 2.71977 0 0 0 0 0 0 2.384 303 53 1 1 0
./complex_md-fit_95.pdb BC A 8.83528 34.2417 -16.2229 -8.33241 -12.4587 -22.5958 -0.77811 38.1257 -22.5512 1.77898 8.01579 2.12754 0 0 0 0.427472 2.65429 -1.11022e-16 0 0 0 0 0.017884 2.384 303 50 0 0 0
./complex_md-fit_960.pdb BC A 6.962 32.1526 -4.22279 -7.0616 -7.68609 -23.9029 -0.581735 42.2615 -22.9863 5.15156 6.87088 3.25499 0 0 0 0.340705 3.19834 0.0870637 0 0 0 0 0.0292195 2.384 303 52 1 1 0
./complex_md-fit_961.pdb BC A 9.16553 34.0599 -3.84748 -6.75443 -10.8166 -23.9615 -0.636675 41.6509 -23.0944 6.86349 8.69024 3.72297 0 0 0 0.483565 2.74974 0 0 0 0 0 0.00493664 2.384 303 52 2 2 0
./complex_md-fit_962.pdb BC A 10.0469 40.3535 -1.90898 -5.38411 -7.15608 -24.0203 -0.657183 42.1327 -23.2455 5.3455 7.42737 3.14416 0 0 0 0.504409 2.58858 0 0 0 0 0 0 2.384 303 51 1 1 0
./complex_md-fit_963.pdb BC A 6.88405 31.9377 -0.562775 -4.00292 -7.66904 -22.9614 -0.546277 40.0913 -22.5018 4.70757 7.41005 4.66194 0 0 0 0.23693 2.52857 0 0 0 0 0 0.0108778 2.384 303 53 1 1 0
./complex_md-fit_964.pdb BC A 7.4322 32.1027 -9.67564 -6.25479 -10.9884 -23.9794 -0.593199 39.2596 -23.8649 4.98159 7.41536 3.81265 0 0 0 0.513268 2.79089 0.0226131 0 0 0 0 0 2.384 303 52 1 1 0
./complex_md-fit_965.pdb BC A 6.51129 27.075 -12.6457 -6.46223 -10.0379 -23.8993 -0.511239 39.2774 -23.9243 2.27555 6.57978 3.88149 0 0 0 0.175115 2.41638 0 0 0 0 0 0 2.384 303 52 0 0 0
./complex_md-fit_966.pdb BC A 7.02001 40.1362 -6.59498 -5.6328 -9.2276 -23.6039 -0.780289 39.979 -22.9433 4.4562 7.77448 3.18994 0 0 0 0.193207 2.53323 5.55112e-17 0 0 0 0 0 2.384 303 54 0 0 0
./complex_md-fit_967.pdb BC A 6.55575 30.3179 -1.53341 -6.03921 -7.78491 -24.0608 -0.72802 42.1103 -23.7543 6.78146 7.52091 4.11003 0 0 0 0.292611 2.77864 0 0 0 0 0 0.0185802 2.384 303 54 2 2 0
./complex_md-fit_968.pdb BC A 9.0644 29.916 -5.971 -5.17268 -8.38475 -24.1732 -0.655174 41.2004 -24.1806 3.5488 7.74245 3.6447 0 0 0 0.438251 2.77311 0.0208131 0 0 0 0 2.22045e-16 2.384 303 54 0 0 0
./complex_md-fit_969.pdb BC A 8.15786 36.2019 -3.56631 -5.74092 -8.04193 -24.5493 -0.744293 42.0879 -24.1396 5.38192 7.85953 3.69367 0 0 0 0.626808 2.74675 0 0 0 0 0 0 2.384 303 49 0 0 0
./complex_md-fit_96.pdb BC A 7.76906 27.3282 -11.943 -8.12973 -10.3853 -24.3959 -0.694752 41.0552 -24.5163 5.24094 6.80186 2.55994 0 0 0 0.517238 2.64198 -2.77556e-17 0 0 0 0 0.00391076 2.384 303 51 0 0 0
./complex_md-fit_970.pdb BC A 7.19198 34.7194 -6.33059 -6.25944 -8.23442 -23.2327 -0.606606 38.6702 -22.6594 5.19602 7.27019 3.27151 0 0 0 0.254011 2.37786 0 0 0 0 0 0 2.384 303 50 0 0 0
./complex_md-fit_971.pdb BC A 7.78889 33.7492 0.126623 -6.91744 -10.0512 -25.143 -0.706184 43.5478 -25.0134 9.00862 10.0085 4.44444 0 0 0 0.947924 2.82303 0 0 0 0 0 0.00064605 2.384 303 54 2 2 0
./complex_md-fit_972.pdb BC A 10.933 31.8229 -2.67279 -4.74645 -8.16862 -23.0961 -0.500937 39.6957 -23.2927 5.24792 7.31612 4.51193 0 0 0 0.360371 2.69306 0 0 0 0 0 0 2.384 303 51 1 1 0
./complex_md-fit_973.pdb BC A 11.2719 38.8514 -2.17258 -7.02784 -5.43007 -23.6854 -0.576974 40.3104 -23.9505 7.76215 6.45423 3.8012 0 0 0 0.170297 2.75839 0 0 0 0 0 0 2.384 303 51 2 2 0
./complex_md-fit_974.pdb BC A 7.69143 32.9745 -8.96891 -6.67837 -8.64237 -23.1818 -0.629252 38.95 -23.0939 2.46909 7.79791 3.88347 0 0 0 0.156312 2.15568 5.55112e-17 0 0 0 0 0 2.384 303 49 0 0 0
./complex_md-fit_975.pdb BC A 8.4222 32.1494 -9.06622 -7.69992 -9.01032 -23.8699 -0.544594 40.2799 -23.3386 4.20012 7.68207 2.99958 0 0 0 0.211859 2.84849 0.0187546 0 0 0 0 0.00493113 2.384 303 54 1 1 0
./complex_md-fit_976.pdb BC A 6.81758 30.7023 -0.488579 -6.6209 -9.11877 -25.2009 -0.795421 45.0573 -24.2837 6.81824 8.67861 4.71156 0 0 0 0.241912 2.80793 0.02346 0 0 0 0 0 2.384 303 51 2 2 0
./complex_md-fit_977.pdb BC A 7.71644 33.9504 -5.90979 -8.9458 -6.47518 -23.8371 -0.79598 41.8438 -23.2605 3.99072 7.90705 3.34871 0 0 0 0.314468 2.53218 0 0 0 0 0 0 2.384 303 52 0 0 0
./complex_md-fit_978.pdb BC A 6.85794 32.9827 -9.4027 -8.40967 -10.7004 -24.1579 -0.79945 41.7835 -23.7472 3.76956 8.6294 3.82126 0 0 0 0.403021 2.80663 0 0 0 0 0 0.005124 2.384 303 56 0 0 0
./complex_md-fit_979.pdb BC A 9.41007 27.378 -3.32842 -4.52252 -7.87181 -24.0296 -0.686822 40.3431 -23.9743 6.01369 8.1941 2.88562 0 0 0 0.320137 3.27917 0 0 0 0 0 0 2.384 303 48 1 1 0
./complex_md-fit_97.pdb BC A 8.33676 30.3667 -8.77901 -7.88328 -11.1082 -22.9248 -0.699273 39.6132 -22.6131 5.1409 7.421 3.81268 0 0 0 0.461853 2.72535 -5.55112e-17 0 0 0 0 0 2.384 303 56 0 0 0
./complex_md-fit_980.pdb BC A 6.57336 26.7529 -8.8759 -5.58594 -10.787 -23.297 -0.743788 38.8782 -23.0016 4.49155 7.79169 3.13818 0 0 0 0.239735 2.61413 0 0 0 0 0 0 2.384 303 49 1 1 0
./complex_md-fit_981.pdb BC A 9.68192 34.0142 -11.8752 -8.34111 -9.96952 -24.5089 -0.550013 40.5232 -24.4066 1.88271 8.18337 5.05762 0 0 0 0.193893 2.69516 0.0554556 0 0 0 0 0.00468631 2.384 303 52 0 0 0
./complex_md-fit_982.pdb BC A 7.26425 33.8372 -6.1407 -6.24886 -8.9899 -23.8114 -0.703788 41.5861 -23.6209 3.20078 7.3105 4.42905 0 0 0 0.69766 2.98917 0 0 0 0 0 0.010025 2.384 303 49 0 0 0
./complex_md-fit_983.pdb BC A 8.12097 31.1338 -1.0401 -4.66697 -9.42521 -25.4695 -0.586784 45.4055 -25.0343 5.11639 8.94203 4.54536 0 0 0 0.128488 2.78486 0 0 0 0 0 0.00488562 2.384 303 53 1 1 0
./complex_md-fit_984.pdb BC A 9.96073 31.3935 -6.10882 -5.11984 -8.53872 -24.6198 -0.728506 42.4313 -24.1526 3.26615 8.01279 3.11673 0 0 0 0.22366 2.9524 0 0 0 0 0 0 2.384 303 55 0 0 0
./complex_md-fit_985.pdb BC A 9.45158 26.6838 1.94091 -6.11981 -8.61088 -24.4596 -0.676175 43.1569 -23.7287 8.31594 9.0973 4.74439 0 0 0 0.201687 2.73991 0.0199304 0 0 0 0 0 2.384 303 54 1 1 0
./complex_md-fit_986.pdb BC A 8.44932 30.6627 -8.47897 -6.36934 -10.4302 -23.9977 -0.744775 41.7761 -23.3638 1.6195 8.8849 3.99267 0 0 0 0.132771 2.49416 0.0209891 0 0 0 0 0 2.384 303 53 0 0 0
./complex_md-fit_987.pdb BC A 9.67897 25.3366 -3.23552 -6.13961 -10.4502 -24.7792 -0.799393 42.4827 -23.8884 8.01836 8.58258 3.41252 0 0 0 0.325166 2.41817 0 0 0 0 0 0 2.384 303 51 3 3 0
./complex_md-fit_988.pdb BC A 8.67897 32.9939 2.45817 -3.76807 -6.41812 -25.1368 -0.733042 44.1592 -24.9969 7.82486 7.94898 3.2821 0 0 0 0.295942 2.52254 0 0 0 0 0 0 2.384 303 53 2 2 0
./complex_md-fit_989.pdb BC A 7.02134 26.9127 -7.1033 -6.46024 -8.45976 -22.5997 -0.763118 39.1472 -22.0562 3.61117 6.65141 3.53766 0 0 0 0.265053 2.62131 0.0186507 0 0 0 0 0.00458904 2.384 303 52 1 1 0
./complex_md-fit_98.pdb BC A 7.40131 30.0747 -9.82663 -8.65845 -10.2827 -23.8826 -0.740161 40.5056 -23.8127 6.24237 7.82387 2.78421 0 0 0 0.193949 2.51402 1.11022e-16 0 0 0 0 0 2.384 303 49 1 1 0
./complex_md-fit_990.pdb BC A 7.70274 26.3356 -5.09651 -5.64731 -7.1998 -23.1684 -0.81508 39.5397 -22.528 3.46766 7.76938 3.36772 0 0 0 0.117587 2.39113 -5.55112e-17 0 0 0 0 0 2.384 303 50 0 0 0
./complex_md-fit_991.pdb BC A 7.85826 28.4153 -8.16073 -6.23889 -10.1804 -24.3994 -0.8086 40.7913 -23.9171 3.31285 8.36749 4.51099 0 0 0 0.401026 2.73847 0 0 0 0 0 0 2.384 303 52 0 0 0
./complex_md-fit_992.pdb BC A 6.10504 21.6358 -2.75724 -4.96584 -6.83478 -24.2365 -0.738295 42.0598 -23.9443 5.61442 6.5967 3.41418 0 0 0 0.272401 3.82145 0 0 0 0 0 0.00493897 2.384 303 51 1 1 0
./complex_md-fit_993.pdb BC A 8.88738 34.1394 -3.6898 -3.82523 -5.73624 -22.6807 -0.728906 39.6979 -22.2673 2.87209 5.63136 2.93976 0 0 0 0.407494 2.63559 0 0 0 0 0 0 2.384 303 51 0 0 0
./complex_md-fit_994.pdb BC A 8.70139 39.8711 -7.66049 -6.691 -10.1429 -25.0937 -0.872715 41.9116 -25.1896 6.52559 8.04382 3.446 0 0 0 0.402537 2.92643 0 0 0 0 0 0 2.384 303 52 2 2 0
./complex_md-fit_995.pdb BC A 5.95879 32.734 -1.56707 -6.59579 -10.8245 -24.9606 -0.78768 44.1767 -24.2011 7.23072 9.64118 4.2387 0 0 0 0.500432 3.02093 0 0 0 0 0 0.0148174 2.384 303 50 2 2 0
./complex_md-fit_996.pdb BC A 7.69689 32.6189 -2.41425 -5.56451 -10.6472 -24.3341 -0.822992 43.1143 -23.43 6.22807 9.62549 2.97125 0 0 0 0.445467 2.76514 0 0 0 0 0 0 2.384 303 55 0 0 0
./complex_md-fit_997.pdb BC A 8.8328 27.0297 -4.11184 -6.33968 -8.52978 -24.5434 -0.66723 42.0089 -23.9493 5.57072 7.01248 4.79955 0 0 0 0.520335 2.93117 0 0 0 0 0 0.00553027 2.384 303 55 1 1 0
./complex_md-fit_998.pdb BC A 6.70726 30.2434 -8.12925 -7.93107 -9.95552 -24.5951 -0.65132 41.4855 -23.9967 4.9352 8.30732 3.96127 0 0 0 0.306111 2.70375 0 0 0 0 0 0.00510428 2.384 303 54 2 2 0
./complex_md-fit_999.pdb BC A 6.10238 33.442 -1.65219 -4.89217 -9.51655 -24.1797 -0.872757 41.8506 -23.7201 7.46968 8.68162 3.33333 0 0 0 0.181344 2.17156 0 0 0 0 0 0.012592 2.384 303 55 2 2 0
./complex_md-fit_99.pdb BC A 8.44257 26.3037 -12.9692 -8.37905 -11.8048 -22.7951 -0.765571 39.1583 -22.789 4.19005 7.77304 2.36133 0 0 0 0.0816882 2.51934 0 0 0 0 0 0 2.384 303 52 0 0 0
./complex_md-fit_9.pdb BC A 8.76819 27.1379 -10.2419 -8.64847 -11.4314 -26.4899 -0.911521 44.8977 -26.752 6.91304 7.88539 2.94986 0 0 0 1.32209 3.40319 -1.38778e-17 0 0 0 0 0.0233685 2.384 303 49 0 0 0
