./complex_md-fit-dt500_1000.pdb_reres.pdb BC A 6.1778 33.5536 -12.135 -9.22402 -12.4625 -25.6381 -0.70773 43.7031 -25.0881 4.92961 9.191 2.81913 0 0 0 0.388274 2.37844 -0.0509765 0 0 0 0 0.00538128 2.384 303 53 0 0 0
./complex_md-fit-dt500_1001.pdb_reres.pdb BC A 8.4112 29.6358 -10.3507 -7.66543 -10.7581 -25.903 -0.737518 44.5613 -25.598 4.70325 7.44994 2.81616 0 0 0 0.80387 2.89547 -0.0231228 0 0 0 0 0 2.384 303 52 0 0 0
./complex_md-fit-dt500_100.pdb_reres.pdb BC A 8.49557 32.2067 -16.1821 -11.9835 -9.95019 -25.0655 -0.639178 40.3592 -26.0795 3.81712 8.65744 4.26756 0 0 0 0.459871 3.53605 -0.0255125 0 0 0 0 0 2.384 303 52 0 0 0
./complex_md-fit-dt500_101.pdb_reres.pdb BC A 9.46465 23.4359 -12.3474 -8.85 -6.59177 -24.6178 -0.549371 42.1321 -24.9939 1.32847 7.19407 2.49033 0 0 0 0.184182 3.12584 -0.0737948 0 0 0 0 0 2.384 303 51 0 0 0
./complex_md-fit-dt500_102.pdb_reres.pdb BC A 7.6245 30.6654 -6.99206 -8.77791 -7.01364 -24.3698 -0.621581 41.7914 -24.7147 6.24476 7.53548 2.88664 0 0 0 0.158086 2.3718 -0.110703 0 0 0 0 0 2.384 303 54 1 1 0
./complex_md-fit-dt500_103.pdb_reres.pdb BC A 8.15594 40.3222 -10.9424 -9.12882 -9.68526 -24.7829 -0.490903 43.3399 -25.2381 3.14047 7.42809 3.7099 0 0 0 0.789555 3.45635 -0.0242354 0 0 0 0 0 2.384 303 52 0 0 0
./complex_md-fit-dt500_104.pdb_reres.pdb BC A 5.7638 37.3451 -10.3812 -9.57159 -8.63501 -25.7184 -0.603946 43.7781 -25.9638 3.05738 8.80183 3.93508 0 0 0 0.565383 2.89796 -0.0261718 0 0 0 0 0 2.384 303 51 0 0 0
./complex_md-fit-dt500_105.pdb_reres.pdb BC A 10.0901 29.2095 -18.2111 -12.4551 -10.3378 -25.1882 -0.579543 42.2626 -25.4881 1.7686 8.00102 3.14879 0 0 0 0.677857 3.58021 -0.0212962 0 0 0 0 0 2.384 303 49 0 0 0
./complex_md-fit-dt500_106.pdb_reres.pdb BC A 11.4252 33.9891 -3.58337 -7.48529 -7.60263 -24.7614 -0.671724 43.4143 -25.4804 6.10077 8.89931 3.71623 0 0 0 0.315126 2.58563 -0.027733 0 0 0 0 0 2.384 303 49 0 0 0
./complex_md-fit-dt500_107.pdb_reres.pdb BC A 8.74688 29.9451 -6.47852 -8.08026 -7.75274 -25.4 -0.524364 44.1139 -25.4775 5.22441 7.71755 3.56707 0 0 0 0.162408 4.20475 -0.0289585 0 0 0 0 0 2.384 303 51 0 0 0
./complex_md-fit-dt500_108.pdb_reres.pdb BC A 8.88512 35.8243 -10.0314 -10.5459 -9.50653 -24.6314 -0.686938 42.311 -24.8065 6.58735 8.24575 2.22921 0 0 0 0.850353 3.30526 -0.0778139 0 0 0 0 0 2.384 303 48 1 1 0
./complex_md-fit-dt500_109.pdb_reres.pdb BC A 8.61487 27.3046 -17.9202 -11.4529 -8.62082 -24.0916 -0.634787 38.3897 -24.9941 2.81842 8.01415 2.60419 0 0 0 0.105411 2.08973 -0.0578279 0 0 0 0 0 2.384 303 48 0 0 0
./complex_md-fit-dt500_10.pdb_reres.pdb BC A 8.59595 34.194 -2.75008 -3.67249 -3.24976 -20.9287 -0.160612 35.7552 -21.9966 4.88584 4.72731 1.62008 0 0 0 0.296454 2.04055 -0.0268439 0 0 0 0 0 2.384 303 46 2 2 0
./complex_md-fit-dt500_110.pdb_reres.pdb BC A 6.98166 32.4566 -13.0847 -9.91925 -10.2688 -23.6249 -0.595436 39.6665 -23.6792 4.95411 7.1957 2.48722 0 0 0 0.751915 3.43732 -0.0526388 0 0 0 0 0 2.384 303 49 0 0 0
./complex_md-fit-dt500_111.pdb_reres.pdb BC A 7.42869 31.0633 -10.9475 -9.53794 -6.18852 -23.9927 -0.489874 41.2428 -24.3459 2.25037 6.51776 2.64519 0 0 0 0.996804 3.84275 -0.0453632 0 0 0 0 0 2.384 303 48 0 0 0
./complex_md-fit-dt500_112.pdb_reres.pdb BC A 7.64717 38.4738 -13.9521 -10.0053 -9.41853 -25.2083 -0.557548 40.8533 -25.6256 4.53607 7.77502 3.01558 0 0 0 0.766122 3.3675 -0.0829363 0 0 0 0 0 2.384 303 51 0 0 0
./complex_md-fit-dt500_113.pdb_reres.pdb BC A 7.97274 27.3856 -19.1786 -10.5864 -10.2772 -25.0256 -0.425373 40.7656 -25.5188 2.6196 7.23868 1.87488 0 0 0 0.17172 2.61568 -0.0157878 0 0 0 0 0 2.384 303 51 0 0 0
./complex_md-fit-dt500_114.pdb_reres.pdb BC A 9.78389 31.2055 -13.2149 -11.5585 -9.11056 -25.2275 -0.626196 41.0469 -25.8614 5.82603 7.52987 3.77531 0 0 0 1.03291 2.87185 -0.0417335 0 0 0 0 0 2.384 303 47 1 1 0
./complex_md-fit-dt500_115.pdb_reres.pdb BC A 6.86178 32.5258 -9.04739 -9.58707 -6.11977 -24.7719 -0.548312 42.7019 -24.7517 4.39177 6.64528 2.54041 0 0 0 0.476241 4.33322 -0.0242564 0 0 0 0 0 2.384 303 49 0 0 0
./complex_md-fit-dt500_116.pdb_reres.pdb BC A 6.34086 32.5857 -12.8179 -9.32129 -7.457 -25.3377 -0.698838 41.3844 -25.7195 3.1245 7.90741 2.91523 0 0 0 0.404675 2.94421 -0.0198128 0 0 0 0 0 2.384 303 45 0 0 0
./complex_md-fit-dt500_117.pdb_reres.pdb BC A 7.45764 27.6837 -10.8408 -7.91815 -8.46126 -25.7833 -0.605473 44.5527 -25.7631 1.87014 6.83353 3.75854 0 0 0 0.699056 4.31684 -0.0235644 0 0 0 0 0 2.384 303 50 0 0 0
./complex_md-fit-dt500_118.pdb_reres.pdb BC A 9.39059 29.983 -13.5352 -9.43056 -8.3556 -23.4333 -0.448563 37.7961 -23.6593 4.36016 7.43426 1.60705 0 0 0 0.659721 2.84376 -0.0651651 0 0 0 0 0 2.384 303 49 1 1 0
./complex_md-fit-dt500_119.pdb_reres.pdb BC A 8.58496 36.6046 -11.6465 -10.2305 -10.3545 -25.2575 -0.531469 40.8641 -25.669 7.47606 7.62803 3.51656 0 0 0 0.936665 3.59845 -0.0249219 0 0 0 0 0 2.384 303 51 2 2 0
./complex_md-fit-dt500_11.pdb_reres.pdb BC A 8.06681 32.8072 -10.4912 -5.16469 -6.97086 -23.1761 -0.542815 40.1953 -23.9298 1.74095 6.16023 0.934434 0 0 0 0.263461 2.51698 -0.00124537 0 0 0 0 0 2.384 303 52 0 0 0
./complex_md-fit-dt500_120.pdb_reres.pdb BC A 8.51273 27.3133 -11.0816 -11.0042 -7.24085 -26.4826 -0.544978 45.2922 -26.5867 4.52059 7.59014 3.27158 0 0 0 0.13785 3.10632 -0.0345606 0 0 0 0 0 2.384 303 52 0 0 0
./complex_md-fit-dt500_121.pdb_reres.pdb BC A 9.00464 31.8455 -7.43782 -10.8145 -6.84878 -25.955 -0.638469 43.8924 -26.2902 6.48578 8.50284 4.05349 0 0 0 0.184082 3.01866 -0.00947245 0 0 0 0 0 2.384 303 51 1 1 0
./complex_md-fit-dt500_122.pdb_reres.pdb BC A 9.24019 35.1685 -8.68482 -10.2306 -7.9935 -24.6595 -0.490799 42.9947 -24.3868 4.32235 8.77883 2.70336 0 0 0 0.307175 2.63396 -0.0300982 0 0 0 0 0 2.384 303 52 0 0 0
./complex_md-fit-dt500_123.pdb_reres.pdb BC A 6.29615 36.5811 -10.7106 -10.862 -8.45747 -25.6072 -0.603484 42.3607 -25.6314 5.70898 7.88834 3.86344 0 0 0 0.629593 2.66076 -5.55112e-17 0 0 0 0 0 2.384 303 50 1 1 0
./complex_md-fit-dt500_124.pdb_reres.pdb BC A 6.88833 28.4914 -14.5027 -10.5866 -7.07252 -25.4221 -0.594609 40.8985 -25.4369 4.69958 6.63479 2.05165 0 0 0 0.348731 2.81789 -0.023204 0 0 0 0 0 2.384 303 50 0 0 0
./complex_md-fit-dt500_125.pdb_reres.pdb BC A 8.1609 29.3536 -13.095 -12.2516 -9.27729 -25.5022 -0.64028 42.917 -25.4056 4.9378 7.87215 3.64611 0 0 0 0.639493 2.81464 -0.0304938 0 0 0 0 0 2.384 303 52 1 1 0
./complex_md-fit-dt500_126.pdb_reres.pdb BC A 7.85412 38.122 -11.5425 -9.35482 -9.27521 -24.6822 -0.647034 40.5277 -25.3153 4.94217 8.9659 2.80997 0 0 0 0.527781 4.00887 -0.0413418 0 0 0 0 0 2.384 303 49 0 0 0
./complex_md-fit-dt500_127.pdb_reres.pdb BC A 9.17375 34.2147 -9.06158 -9.46209 -7.98008 -24.9411 -0.622212 41.0153 -25.3022 6.43142 8.84603 2.7363 0 0 0 0.278084 3.14276 -0.0610482 0 0 0 0 0 2.384 303 53 1 1 0
./complex_md-fit-dt500_128.pdb_reres.pdb BC A 6.91283 36.5023 -6.11925 -9.54406 -7.63384 -26.1065 -0.455039 44.49 -26.115 5.44863 8.92199 4.01509 0 0 0 0.859459 3.91259 0 0 0 0 0 0 2.384 303 52 1 1 0
./complex_md-fit-dt500_129.pdb_reres.pdb BC A 8.12157 34.1247 -9.78804 -9.83308 -7.74875 -26.0927 -0.624611 43.1847 -26.7222 6.3966 7.50714 4.01008 0 0 0 0.164313 2.90298 -0.0295839 0 0 0 0 0 2.384 303 53 0 0 0
./complex_md-fit-dt500_12.pdb_reres.pdb BC A 6.42629 26.662 -10.4866 -7.28911 -10.2507 -23.7919 -0.656636 42.6067 -23.2061 2.69777 6.98798 2.1796 0 0 0 0.235739 2.32541 0 0 0 0 0 0 2.384 303 55 0 0 0
./complex_md-fit-dt500_130.pdb_reres.pdb BC A 8.59227 42.0569 -12.7258 -11.4686 -8.96817 -25.7626 -0.730607 42.3189 -26.491 4.98779 8.64891 4.35163 0 0 0 0.413269 2.79542 -0.0253452 0 0 0 0 0 2.384 303 54 0 0 0
./complex_md-fit-dt500_131.pdb_reres.pdb BC A 9.71915 32.7691 -6.45164 -8.03427 -9.67422 -25.1325 -0.720547 43.3187 -25.6357 8.15817 7.6335 3.08435 0 0 0 0.601679 4.65714 -0.0507973 0 0 0 0 0 2.384 303 53 1 0 1
./complex_md-fit-dt500_132.pdb_reres.pdb BC A 6.10312 35.6978 -14.519 -10.2583 -10.5306 -25.4961 -0.671856 42.026 -25.9687 4.64857 8.83915 2.58357 0 0 0 0.366618 3.38323 -0.0573909 0 0 0 0 0 2.384 303 53 0 0 0
./complex_md-fit-dt500_133.pdb_reres.pdb BC A 8.1115 33.7645 -11.7677 -10.4882 -9.54091 -27.2173 -0.631912 45.1259 -27.7023 7.60301 7.36992 2.85301 0 0 0 0.886446 2.77214 -0.0254814 0 0 0 0 0 2.384 303 50 2 2 0
./complex_md-fit-dt500_134.pdb_reres.pdb BC A 6.20968 34.6677 -12.2487 -10.0366 -10.4834 -26.0965 -0.478869 43.9826 -25.9284 3.67984 8.84694 3.66442 0 0 0 0.643374 3.05789 -0.0420983 0 0 0 0 0 2.384 303 54 0 0 0
./complex_md-fit-dt500_135.pdb_reres.pdb BC A 6.17544 31.5174 -5.59513 -7.92335 -8.77328 -25.5696 -0.504399 44.2141 -25.5576 5.30353 8.47786 4.10408 0 0 0 0.633494 2.95241 2.77556e-17 0 0 0 0 0 2.384 303 51 0 0 0
./complex_md-fit-dt500_136.pdb_reres.pdb BC A 6.24753 33.5362 -12.2044 -9.72891 -8.28744 -25.0073 -0.608929 41.1044 -25.0615 4.48234 7.36672 2.96825 0 0 0 0.590475 4.20747 -0.022441 0 0 0 0 0 2.384 303 50 0 0 0
./complex_md-fit-dt500_137.pdb_reres.pdb BC A 8.42863 34.3709 -10.6613 -8.45665 -8.62963 -25.6384 -0.615569 42.7933 -25.9587 3.65463 7.86432 4.05392 0 0 0 0.291292 2.91853 -0.0198249 0 0 0 0 0 2.384 303 49 1 1 0
./complex_md-fit-dt500_138.pdb_reres.pdb BC A 8.37164 32.8957 -5.27519 -7.84903 -7.79466 -25.6603 -0.618116 44.0377 -25.9787 7.63047 7.01418 3.61559 0 0 0 0.390511 2.72258 -0.0628833 0 0 0 0 0 2.384 303 50 0 0 0
./complex_md-fit-dt500_139.pdb_reres.pdb BC A 7.21341 28.4878 -8.75463 -7.96009 -7.52214 -25.019 -0.626281 42.905 -25.4557 4.12847 7.75473 2.64903 0 0 0 0.449796 5.43248 -0.0583696 0 0 0 0 0 2.384 303 50 1 1 1
./complex_md-fit-dt500_13.pdb_reres.pdb BC A 6.08768 29.6017 -18.3497 -9.96827 -8.65301 -23.1518 -0.610184 38.291 -24.13 1.8623 5.6083 1.94354 0 0 0 0.458843 2.75503 -0.000351932 0 0 0 0 0 2.384 303 54 0 0 0
./complex_md-fit-dt500_140.pdb_reres.pdb BC A 7.38554 26.5524 -14.9359 -9.62952 -10.7067 -25.1128 -0.513245 41.3433 -25.2482 3.42604 7.90845 3.3628 0 0 0 0.256167 2.56102 -0.0221803 0 0 0 0 0 2.384 303 48 0 0 0
./complex_md-fit-dt500_141.pdb_reres.pdb BC A 6.70209 35.1702 -10.3474 -9.11182 -9.09201 -25.4677 -0.636894 43.2141 -26.0119 5.41793 7.79641 2.7885 0 0 0 0.782425 2.54174 -0.0264671 0 0 0 0 0 2.384 303 50 0 0 0
./complex_md-fit-dt500_142.pdb_reres.pdb BC A 8.92634 32.669 -9.8376 -9.82352 -8.16434 -25.2695 -0.579849 42.9624 -25.5271 4.9 8.11274 3.35257 0 0 0 0.221867 2.88548 -0.0228318 0 0 0 0 0 2.384 303 51 1 1 0
./complex_md-fit-dt500_143.pdb_reres.pdb BC A 7.88211 30.2153 -9.59704 -9.03118 -8.14709 -25.6997 -0.595874 44.9497 -25.6239 3.48819 7.08848 3.48779 0 0 0 0.512672 3.84724 -0.0261704 0 0 0 0 0 2.384 303 49 0 0 0
./complex_md-fit-dt500_144.pdb_reres.pdb BC A 8.4991 29.5552 -14.4669 -11.5028 -7.09035 -25.3139 -0.651259 42.5105 -25.5233 2.05959 7.19894 3.22246 0 0 0 0.637708 2.48198 -0.0144719 0 0 0 0 0 2.384 303 54 0 0 0
./complex_md-fit-dt500_145.pdb_reres.pdb BC A 8.7243 29.4216 -13.1077 -11.5932 -9.35601 -25.2802 -0.782097 42.6998 -25.8336 5.14442 8.65974 3.15083 0 0 0 0.107535 2.48034 -0.024962 0 0 0 0 0 2.384 303 52 0 0 0
./complex_md-fit-dt500_146.pdb_reres.pdb BC A 7.4794 33.8669 -14.6206 -10.792 -8.33324 -27.8132 -0.779992 46.7063 -28.2989 3.5859 8.03824 2.87949 0 0 0 0.214289 4.35088 -0.0274871 0 0 0 0 0 2.384 303 54 0 0 0
./complex_md-fit-dt500_147.pdb_reres.pdb BC A 9.21738 31.8324 -8.25449 -10.4832 -5.97523 -26.4585 -0.619899 45.5044 -26.4022 4.41037 7.69469 3.39414 0 0 0 0.683456 3.06091 -0.0023429 0 0 0 0 0 2.384 303 54 0 0 0
./complex_md-fit-dt500_148.pdb_reres.pdb BC A 7.55045 31.9422 -13.1845 -11.0679 -7.61388 -25.6287 -0.597863 43.7957 -25.8793 2.50485 8.64246 2.46646 0 0 0 0.223952 2.93985 -0.0302343 0 0 0 0 0 2.384 303 51 0 0 0
./complex_md-fit-dt500_149.pdb_reres.pdb BC A 8.55444 37.5242 -11.7136 -12.0325 -8.40899 -24.9509 -0.759445 43.1296 -25.0519 3.88793 8.59268 3.14551 0 0 0 0.755562 2.52532 -0.0210809 0 0 0 0 0 2.384 303 54 0 0 0
./complex_md-fit-dt500_14.pdb_reres.pdb BC A 7.79057 30.317 -6.0688 -5.7566 -5.58921 -23.5295 -0.58215 41.4786 -23.1917 2.65946 6.13464 1.8196 0 0 0 0.468687 3.17489 0.0193496 0 0 0 0 0 2.384 303 52 0 0 0
./complex_md-fit-dt500_150.pdb_reres.pdb BC A 7.67908 35.3059 -6.3201 -10.4538 -8.2042 -25.3027 -0.511123 42.3843 -26.0789 8.24065 9.10634 3.53386 0 0 0 1.00148 2.74902 -0.0360731 0 0 0 0 0 2.384 303 53 0 0 0
./complex_md-fit-dt500_151.pdb_reres.pdb BC A 7.3214 26.4903 -8.12195 -11.5094 -7.84625 -25.1699 -0.712623 42.6853 -25.3622 6.10266 9.62203 3.5536 0 0 0 0.562814 2.37412 -0.0479853 0 0 0 0 0 2.384 303 52 0 0 0
./complex_md-fit-dt500_152.pdb_reres.pdb BC A 10.3973 36.9323 -6.73645 -11.5688 -7.65748 -25.0862 -0.750429 43.3664 -25.1127 6.50607 8.94968 4.27387 0 0 0 0.365275 2.44938 -0.0221309 0 0 0 0 0 2.384 303 51 0 0 0
./complex_md-fit-dt500_153.pdb_reres.pdb BC A 8.88485 29.8392 -8.92107 -9.85079 -8.35825 -25.4399 -0.522312 44.3142 -25.6577 6.24089 7.35352 2.64185 0 0 0 0.407156 4.40729 -0.0497836 0 0 0 0 0 2.384 303 51 1 1 0
./complex_md-fit-dt500_154.pdb_reres.pdb BC A 8.43835 33.7529 -5.47492 -7.86478 -10.1049 -25.5314 -0.627747 43.7497 -25.921 8.40379 8.97894 3.0352 0 0 0 0.426152 2.78129 -0.018875 0 0 0 0 0 2.384 303 51 2 2 0
./complex_md-fit-dt500_155.pdb_reres.pdb BC A 7.05224 29.6569 -16.815 -8.83078 -10.9684 -24.0185 -0.695512 38.365 -24.3298 2.46221 8.12071 2.62218 0 0 0 0.482785 2.27469 -0.025008 0 0 0 0 0 2.384 303 46 0 0 0
./complex_md-fit-dt500_156.pdb_reres.pdb BC A 5.97534 34.7803 -7.95762 -8.72366 -9.89376 -25.3056 -0.576791 42.4643 -25.4435 7.06748 8.75296 3.26852 0 0 0 0.457823 4.10039 -0.0253822 0 0 0 0 0 2.384 303 45 2 2 0
./complex_md-fit-dt500_157.pdb_reres.pdb BC A 8.95288 33.9505 -7.96252 -7.6608 -8.50441 -24.751 -0.636275 43.0037 -24.7041 4.69997 7.1498 3.05632 0 0 0 0.418071 3.62516 -0.0337464 0 0 0 0 0 2.384 303 46 0 0 0
./complex_md-fit-dt500_158.pdb_reres.pdb BC A 10.0431 27.9559 -6.90923 -5.64484 -9.55292 -25.0961 -0.687192 43.5587 -25.1947 5.24812 7.38279 2.40895 0 0 0 0.696707 4.68916 -0.0287167 0 0 0 0 0 2.384 303 51 0 0 0
./complex_md-fit-dt500_159.pdb_reres.pdb BC A 9.00254 40.6579 -7.6154 -8.64105 -9.10917 -26.0371 -0.667169 44.7545 -25.7585 5.44436 7.25983 4.42154 0 0 0 0.743938 4.06688 -0.0266025 0 0 0 0 0 2.384 303 54 0 0 0
./complex_md-fit-dt500_15.pdb_reres.pdb BC A 6.10961 26.6455 -1.63403 -6.68648 -3.17857 -23.6715 -0.267592 42.2271 -23.774 4.81042 6.4234 2.25339 0 0 0 0.253672 2.88238 -0.023887 0 0 0 0 0 2.384 303 54 0 0 0
./complex_md-fit-dt500_160.pdb_reres.pdb BC A 7.65493 33.3515 -10.4569 -9.53131 -8.97163 -26.8802 -0.625411 44.2869 -27.2013 6.06226 8.27635 3.14448 0 0 0 1.01 2.83286 -0.0270228 0 0 0 0 0 2.384 303 53 2 2 0
./complex_md-fit-dt500_161.pdb_reres.pdb BC A 8.15084 30.1843 -16.7365 -10.3384 -12.1418 -25.6966 -0.647561 43.5443 -25.4733 2.98678 8.29341 1.73413 0 0 0 1.04435 2.76051 -0.0418823 0 0 0 0 0 2.384 303 49 0 0 0
./complex_md-fit-dt500_162.pdb_reres.pdb BC A 6.69375 25.2671 -3.11113 -6.58978 -8.81702 -26.3642 -0.656634 47.2264 -25.8908 5.4477 8.35634 3.53259 0 0 0 0.669138 4.37773 -0.0248716 0 0 0 0 0 2.384 303 49 0 0 0
./complex_md-fit-dt500_163.pdb_reres.pdb BC A 10.4246 33.0184 -8.51817 -8.75691 -7.46162 -25.8775 -0.639247 44.7945 -25.8146 3.18851 8.36796 2.95401 0 0 0 0.726693 3.20122 0 0 0 0 0 0 2.384 303 50 0 0 0
./complex_md-fit-dt500_164.pdb_reres.pdb BC A 7.41182 40.1795 -7.58344 -8.27722 -7.67917 -25.0515 -0.660728 43.2812 -25.5865 5.91509 7.73241 2.29079 0 0 0 0.473908 2.45656 -0.0217334 0 0 0 0 0 2.384 303 49 1 1 0
./complex_md-fit-dt500_165.pdb_reres.pdb BC A 8.66059 33.2595 -8.66021 -6.57644 -7.1086 -23.7211 -0.612448 39.5987 -24.3425 4.15627 6.96744 2.70054 0 0 0 0.303022 4.57089 -0.0250508 0 0 0 0 0 2.384 303 48 0 0 0
./complex_md-fit-dt500_166.pdb_reres.pdb BC A 8.72687 30.4808 -5.50656 -9.00554 -6.66722 -25.3853 -0.641141 44.6967 -25.2575 5.97546 6.93414 3.08468 0 0 0 0.788046 2.69918 -0.0349497 0 0 0 0 0.00614929 2.384 303 50 1 1 0
./complex_md-fit-dt500_167.pdb_reres.pdb BC A 10.0058 29.7537 -9.32273 -10.7137 -9.79439 -24.8465 -0.582232 42.2407 -25.3377 6.59067 8.20827 4.32263 0 0 0 0.613079 2.71269 -0.023547 0 0 0 0 0 2.384 303 50 1 1 0
./complex_md-fit-dt500_168.pdb_reres.pdb BC A 7.76743 24.6074 -12.4365 -10.5633 -9.8268 -25.5076 -0.573108 42.9963 -25.7293 4.71564 8.76311 2.95349 0 0 0 0.392375 3.03631 -0.0571077 0 0 0 0 0 2.384 303 49 0 0 0
./complex_md-fit-dt500_169.pdb_reres.pdb BC A 6.36556 27.124 -12.5825 -10.7633 -9.21246 -25.816 -0.521568 42.3504 -26.5292 3.85272 8.60822 5.18804 0 0 0 0.289359 2.45184 -0.0287017 0 0 0 0 0 2.384 303 48 0 0 0
./complex_md-fit-dt500_16.pdb_reres.pdb BC A 7.28609 31.8815 -10.3992 -9.81779 -5.4451 -25.495 -0.358571 42.7861 -26.2767 3.31202 6.90648 3.32909 0 0 0 0.683217 3.25865 -0.0229588 0 0 0 0 0 2.384 303 55 1 1 0
./complex_md-fit-dt500_170.pdb_reres.pdb BC A 7.5001 32.5615 -15.6986 -11.0558 -9.20143 -25.57 -0.717486 40.9757 -26.1782 5.20005 8.51316 1.74502 0 0 0 0.618863 3.75514 -0.0284787 0 0 0 0 0 2.384 303 54 1 0 1
./complex_md-fit-dt500_171.pdb_reres.pdb BC A 8.23047 39.2328 -8.00488 -13.3129 -9.69784 -25.2053 -0.616387 43.0437 -25.0621 6.75268 9.72862 6.31705 0 0 0 0.0476133 3.42623 -1.11022e-16 0 0 0 0 0 2.384 303 51 1 1 0
./complex_md-fit-dt500_172.pdb_reres.pdb BC A 9.3979 29.1448 -5.41821 -8.80482 -3.74979 -24.8629 -0.540611 42.9269 -24.8429 5.4959 6.25853 2.06862 0 0 0 0.658476 2.66674 -0.0256179 0 0 0 0 0 2.384 303 49 0 0 0
./complex_md-fit-dt500_173.pdb_reres.pdb BC A 7.84657 30.6736 -12.8433 -12.1962 -11.3809 -24.9965 -0.628051 42.216 -24.9785 5.66263 7.86752 5.06745 0 0 0 0.546921 2.91403 -0.0235985 0 0 0 0 0 2.384 303 53 0 0 0
./complex_md-fit-dt500_174.pdb_reres.pdb BC A 7.08712 36.8079 -14.8416 -10.8924 -9.43285 -23.7999 -0.440606 40.0818 -23.9196 3.02122 7.36474 2.58952 0 0 0 0.608535 2.58335 -0.0221032 0 0 0 0 0 2.384 303 52 1 1 0
./complex_md-fit-dt500_175.pdb_reres.pdb BC A 7.79305 31.9075 -16.1535 -12.5243 -9.45705 -23.9206 -0.674827 40.7121 -24.184 2.85067 7.70244 2.66005 0 0 0 0.727772 2.48969 -0.045857 0 0 0 0 0 2.384 303 52 0 0 0
./complex_md-fit-dt500_176.pdb_reres.pdb BC A 9.13305 32.0987 -11.5542 -9.80068 -7.44673 -24.6132 -0.587651 42.0695 -24.8999 2.59359 6.54438 3.97149 0 0 0 0.614956 2.61102 0 0 0 0 0 0 2.384 303 54 0 0 0
./complex_md-fit-dt500_177.pdb_reres.pdb BC A 7.45024 34.3338 -11.3813 -11.7407 -9.06725 -25.7252 -0.639238 42.1671 -26.0647 5.95294 8.68263 4.69625 0 0 0 0.382888 2.70351 -0.0260232 0 0 0 0 0 2.384 303 51 1 1 0
./complex_md-fit-dt500_178.pdb_reres.pdb BC A 7.29526 25.1107 -10.3484 -10.8826 -7.80626 -25.2013 -0.378311 42.2933 -25.5262 3.83367 8.35766 4.70658 0 0 0 0.278806 2.84566 -0.0237605 0 0 0 0 0 2.384 303 49 0 0 0
./complex_md-fit-dt500_179.pdb_reres.pdb BC A 10.4718 36.9197 -13.9288 -10.1994 -7.35846 -26.3587 -0.603754 42.7516 -27.2813 4.44642 6.9425 3.00107 0 0 0 0.755961 3.07904 -0.0247224 0 0 0 0 0 2.384 303 50 1 1 0
./complex_md-fit-dt500_17.pdb_reres.pdb BC A 6.95399 33.3897 -9.664 -9.55928 -4.73481 -22.6369 -0.322931 40.3427 -23.2943 2.64199 6.15527 1.50537 0 0 0 0.262305 2.89701 -0.0234024 0 0 0 0 0 2.384 303 55 0 0 0
./complex_md-fit-dt500_180.pdb_reres.pdb BC A 7.81758 34.0988 -8.17774 -10.0309 -8.70935 -26.0015 -0.504839 43.8919 -26.1241 5.66237 9.50688 3.96185 0 0 0 0.208911 2.81415 -0.0389298 0 0 0 0 0 2.384 303 48 1 1 0
./complex_md-fit-dt500_181.pdb_reres.pdb BC A 8.06973 27.2907 -14.1867 -10.2439 -9.89003 -25.314 -0.543912 41.8304 -25.5307 3.30902 7.81456 3.76982 0 0 0 0.622064 4.26602 -0.0100737 0 0 0 0 0 2.384 303 48 0 0 0
./complex_md-fit-dt500_182.pdb_reres.pdb BC A 9.53068 36.4508 -6.83528 -6.88273 -8.75471 -23.568 -0.50837 40.7288 -23.4605 5.74483 6.78177 2.68817 0 0 0 0.444505 4.10839 -0.0490688 0 0 0 0 0 2.384 303 50 1 1 0
./complex_md-fit-dt500_183.pdb_reres.pdb BC A 8.56246 24.5426 -6.21117 -7.29818 -7.59859 -24.2183 -0.611275 41.5488 -24.452 4.49828 7.31954 4.37986 0 0 0 0.257179 5.06147 -0.0365144 0 0 0 0 0 2.384 303 51 2 1 1
./complex_md-fit-dt500_184.pdb_reres.pdb BC A 8.04438 27.3781 -9.5839 -9.60553 -7.73823 -24.8358 -0.560747 40.8728 -24.789 5.27983 7.69452 3.74213 0 0 0 0.369669 2.87862 -0.0134795 0 0 0 0 0 2.384 303 48 1 1 0
./complex_md-fit-dt500_185.pdb_reres.pdb BC A 10.2351 31.3112 -13.6813 -11.1693 -7.92835 -25.0198 -0.559931 41.479 -25.5583 2.63329 7.80854 4.21706 0 0 0 0.416561 2.94541 -5.55112e-17 0 0 0 0 0 2.384 303 50 0 0 0
./complex_md-fit-dt500_186.pdb_reres.pdb BC A 7.91207 33.609 -10.586 -8.62491 -6.91425 -24.3161 -0.53975 40.0047 -24.9596 6.17783 5.78933 2.54249 0 0 0 0.305523 2.57967 -0.051212 0 0 0 0 0 2.384 303 49 1 1 0
./complex_md-fit-dt500_187.pdb_reres.pdb BC A 7.29417 34.8934 -16.2688 -11.4371 -8.36884 -25.4484 -0.394491 41.2782 -25.7086 4.10937 7.63666 1.9382 0 0 0 0.185292 2.83665 -0.0591875 0 0 0 0 0 2.384 303 48 0 0 0
./complex_md-fit-dt500_188.pdb_reres.pdb BC A 7.15693 34.3398 -19.6328 -10.6679 -9.97642 -25.5688 -0.519693 39.5465 -26.0477 2.89276 7.15925 2.875 0 0 0 0.674356 2.81441 0 0 0 0 0 0 2.384 303 50 0 0 0
./complex_md-fit-dt500_189.pdb_reres.pdb BC A 6.82286 25.687 -12.6437 -11.9856 -8.46315 -24.4441 -0.572385 38.7691 -24.9603 7.78731 7.39367 3.42056 0 0 0 0.411205 2.08943 0 0 0 0 0 0 2.384 303 47 2 2 0
./complex_md-fit-dt500_18.pdb_reres.pdb BC A 9.41667 19.8784 -7.93945 -9.68461 -5.36137 -23.7906 -0.368924 40.7967 -24.1581 4.68086 6.03004 3.78349 0 0 0 0.208174 2.60626 -0.0751873 0 0 0 0 0 2.384 303 55 1 1 0
./complex_md-fit-dt500_190.pdb_reres.pdb BC A 7.81276 30.5081 -15.0939 -10.608 -9.0081 -24.8965 -0.582038 39.5418 -25.3039 5.12733 6.60132 3.46113 0 0 0 0.597323 2.59368 -0.024261 0 0 0 0 0 2.384 303 48 0 0 0
./complex_md-fit-dt500_191.pdb_reres.pdb BC A 8.94788 30.5747 -13.7495 -10.1952 -8.25976 -26.1273 -0.623515 42.8623 -26.8803 5.05226 7.36574 2.34443 0 0 0 0.755896 2.75551 -0.0439394 0 0 0 0 0 2.384 303 51 1 1 0
./complex_md-fit-dt500_192.pdb_reres.pdb BC A 8.3791 32.6195 -12.7137 -9.98347 -7.94025 -24.6746 -0.474051 40.5947 -25.0437 4.59564 6.99503 2.67925 0 0 0 0.53781 2.71344 5.55112e-17 0 0 0 0 0 2.384 303 48 0 0 0
./complex_md-fit-dt500_193.pdb_reres.pdb BC A 6.74087 28.5516 -13.1964 -9.39169 -9.25671 -24.905 -0.525334 41.4003 -25.1543 4.6199 8.27478 1.59283 0 0 0 0.19314 2.67862 -0.0442772 0 0 0 0 0 2.384 303 48 0 0 0
./complex_md-fit-dt500_194.pdb_reres.pdb BC A 6.75716 37.194 -13.9208 -10.2477 -11.2168 -25.8494 -0.536419 42.6477 -26.0644 4.87814 9.24714 2.82237 0 0 0 0.440751 3.40483 -0.0421251 0 0 0 0 0 2.384 303 49 0 0 0
./complex_md-fit-dt500_195.pdb_reres.pdb BC A 9.68337 36.1005 -16.2737 -10.1163 -8.82959 -25.3163 -0.685808 41.8418 -25.7687 2.10305 6.98205 2.95202 0 0 0 0.596124 3.09919 -0.032009 0 0 0 0 0 2.384 303 51 0 0 0
./complex_md-fit-dt500_196.pdb_reres.pdb BC A 8.48046 42.2517 -15.3274 -10.8117 -7.98847 -24.494 -0.596797 39.7923 -24.9802 3.28259 6.57407 3.1184 0 0 0 0.800314 2.83616 -0.0239022 0 0 0 0 0 2.384 303 53 0 0 0
./complex_md-fit-dt500_197.pdb_reres.pdb BC A 8.938 27.7857 -11.259 -10.5168 -8.64514 -24.1627 -0.597252 40.3986 -24.4514 5.20162 7.12013 4.12845 0 0 0 0.287892 2.73402 -0.0225268 0 0 0 0 0 2.384 303 50 0 0 0
./complex_md-fit-dt500_198.pdb_reres.pdb BC A 6.90367 31.165 -16.2422 -11.0871 -9.87293 -24.2679 -0.711269 39.8455 -24.65 3.48826 8.35178 2.51686 0 0 0 0.168361 2.55106 -0.0237996 0 0 0 0 0 2.384 303 47 0 0 0
./complex_md-fit-dt500_199.pdb_reres.pdb BC A 9.69456 35.2 -13.0388 -8.26551 -10.4715 -23.938 -0.636993 39.5037 -24.4784 3.69786 7.363 3.48294 0 0 0 0.70404 3.53816 -5.55112e-17 0 0 0 0 0 2.384 303 47 0 0 0
./complex_md-fit-dt500_19.pdb_reres.pdb BC A 7.07081 32.6994 -10.2938 -10.9961 -6.50787 -24.2335 -0.342016 41.4637 -24.6964 5.77896 6.42511 2.3296 0 0 0 0.517593 2.86412 -0.0328906 0 0 0 0 0 2.384 303 54 0 0 0
./complex_md-fit-dt500_1.pdb_reres.pdb BC A 8.3013 24.3621 -6.44634 -10.0661 -6.40714 -29.0074 -0.214373 49.556 -28.6542 6.57868 7.02761 4.01228 0 0 0 0.692085 3.42449 0.036221 0 0 0 0 0 2.384 303 55 1 1 0
./complex_md-fit-dt500_200.pdb_reres.pdb BC A 8.39875 32.3902 -12.8085 -9.38447 -11.043 -24.7774 -0.664177 41.9303 -25.1772 3.17677 9.9695 2.61889 0 0 0 0.578249 2.97722 -0.0358739 0 0 0 0 0 2.384 303 47 1 1 0
./complex_md-fit-dt500_201.pdb_reres.pdb BC A 6.44188 35.1307 -15.0089 -12.4185 -10.9247 -24.9401 -0.585157 42.3897 -24.8094 3.13364 9.79278 2.71373 0 0 0 0.67374 2.90026 -0.0345901 0 0 0 0 0 2.384 303 48 0 0 0
./complex_md-fit-dt500_202.pdb_reres.pdb BC A 7.57796 32.1172 -17.1552 -11.8783 -11.4479 -26.1911 -0.733404 43.6004 -26.5063 4.63613 8.51496 2.55071 0 0 0 0.328076 3.12992 -0.0285883 0 0 0 0 0 2.384 303 51 0 0 0
./complex_md-fit-dt500_203.pdb_reres.pdb BC A 8.43002 29.5646 -8.45395 -9.49681 -7.59645 -25.4223 -0.558946 43.4427 -25.6463 5.93582 7.41059 3.10509 0 0 0 0.397813 2.69826 -0.0251797 0 0 0 0 0 2.384 303 54 0 0 0
./complex_md-fit-dt500_204.pdb_reres.pdb BC A 6.85735 30.833 -12.3883 -9.81102 -8.97964 -25.0451 -0.572195 41.8202 -25.2902 3.85563 7.6369 3.85174 0 0 0 0.180721 2.53977 -0.0354118 0 0 0 0 0 2.384 303 51 0 0 0
./complex_md-fit-dt500_205.pdb_reres.pdb BC A 9.17106 38.6901 -12.7373 -10.3965 -11.4534 -23.9724 -0.647351 40.0152 -24.5152 5.07069 8.5933 3.87662 0 0 0 0.715888 2.30569 -0.0243035 0 0 0 0 0 2.384 303 52 0 0 0
./complex_md-fit-dt500_206.pdb_reres.pdb BC A 7.88007 37.2716 -10.8053 -8.88265 -8.55767 -25.2208 -0.556883 42.5672 -25.6633 4.55053 7.34349 3.2385 0 0 0 0.400567 2.48581 -0.024229 0 0 0 0 0 2.384 303 49 0 0 0
./complex_md-fit-dt500_207.pdb_reres.pdb BC A 10.9732 27.7823 -8.68461 -8.6047 -6.80201 -24.8407 -0.586684 41.8195 -25.4364 6.27053 7.70513 1.54592 0 0 0 0.288808 2.95521 -0.0440514 0 0 0 0 0 2.384 303 50 1 1 0
./complex_md-fit-dt500_208.pdb_reres.pdb BC A 7.82964 24.8321 -13.3465 -9.99876 -6.68462 -24.7936 -0.501213 40.6958 -25.3059 2.47749 7.82864 2.49762 0 0 0 0.506091 2.80671 -0.068036 0 0 0 0 0 2.384 303 51 0 0 0
./complex_md-fit-dt500_209.pdb_reres.pdb BC A 7.60877 33.6742 -13.0428 -11.6417 -8.48562 -25.0462 -0.678464 40.7366 -25.3714 6.02762 8.30606 2.77366 0 0 0 0.377333 2.56633 -0.0406964 0 0 0 0 0 2.384 303 54 0 0 0
./complex_md-fit-dt500_20.pdb_reres.pdb BC A 6.87491 33.4895 -9.13955 -8.27147 -4.03441 -23.4592 -0.412974 39.6416 -24.6572 2.79101 6.60648 2.03934 0 0 0 0.588137 2.9222 0.0291162 0 0 0 0 0 2.384 303 55 0 0 0
./complex_md-fit-dt500_210.pdb_reres.pdb BC A 9.51833 32.6076 -11.3812 -12.1178 -8.9241 -25.7917 -0.566188 42.8672 -26.4532 5.81105 8.82686 3.93736 0 0 0 1.06749 3.12492 -0.0382227 0 0 0 0 0 2.384 303 54 0 0 0
./complex_md-fit-dt500_211.pdb_reres.pdb BC A 6.42906 29.0915 -9.48123 -11.443 -7.53158 -24.8764 -0.650859 41.5455 -24.6353 6.7689 7.90137 2.96608 0 0 0 0.495797 3.18025 -0.0217486 0 0 0 0 0 2.384 303 54 2 2 0
./complex_md-fit-dt500_212.pdb_reres.pdb BC A 10.2979 27.4046 -10.7311 -9.60345 -7.99856 -24.4476 -0.538094 41.895 -24.7108 3.86588 7.58945 3.00274 0 0 0 0.214376 2.91263 0 0 0 0 0 0 2.384 303 51 0 0 0
./complex_md-fit-dt500_213.pdb_reres.pdb BC A 9.16642 36.0577 -13.0836 -9.46956 -10.4621 -25.0797 -0.705252 41.9103 -25.4662 4.22209 8.32767 3.10216 0 0 0 0.537027 3.13059 5.55112e-17 0 0 0 0 0 2.384 303 50 0 0 0
./complex_md-fit-dt500_214.pdb_reres.pdb BC A 8.48829 32.4996 -9.59718 -10.0883 -11.2528 -24.1236 -0.755659 41.4136 -24.0838 6.40018 8.81289 3.53554 0 0 0 0.564201 2.69649 -0.0194914 0 0 0 0 0 2.384 303 52 1 1 0
./complex_md-fit-dt500_215.pdb_reres.pdb BC A 8.12956 32.3103 -12.7261 -11.6893 -10.5076 -24.1478 -0.654787 39.9735 -24.4505 5.37915 8.73207 4.00977 0 0 0 0.68595 2.82043 -0.0565234 0 0 0 0 0 2.384 303 49 1 1 0
./complex_md-fit-dt500_216.pdb_reres.pdb BC A 10.2016 33.0485 -16.2647 -10.3295 -10.735 -23.6132 -0.610567 38.6191 -23.9509 2.21912 8.84779 2.88922 0 0 0 0.436397 3.01994 -0.037241 0 0 0 0 0 2.384 303 50 0 0 0
./complex_md-fit-dt500_217.pdb_reres.pdb BC A 9.11755 30.4847 -11.4932 -9.04652 -9.49086 -25.3493 -0.805898 42.7853 -25.5028 4.01538 8.26555 3.13426 0 0 0 0.526595 2.91523 -0.0249459 0 0 0 0 0 2.384 303 47 0 0 0
./complex_md-fit-dt500_218.pdb_reres.pdb BC A 7.87765 33.2117 -12.5554 -11.9084 -10.4521 -25.0511 -0.735516 41.3514 -25.0464 5.42712 9.13445 4.20274 0 0 0 0.559781 3.23192 -0.0373201 0 0 0 0 0 2.384 303 49 0 0 0
./complex_md-fit-dt500_219.pdb_reres.pdb BC A 11.5819 39.2272 -8.24201 -8.62858 -8.24767 -24.7675 -0.511316 41.5648 -25.3506 8.02404 7.14429 2.03075 0 0 0 0.538571 4.11772 -0.0388609 0 0 0 0 0 2.384 303 52 1 1 0
./complex_md-fit-dt500_21.pdb_reres.pdb BC A 7.81311 24.0494 -14.8944 -10.6386 -5.3661 -25.3281 -0.336672 43.1609 -26.3759 1.89184 6.15065 1.71266 0 0 0 0.247476 3.15749 -0.0125207 0 0 0 0 0 2.384 303 53 0 0 0
./complex_md-fit-dt500_220.pdb_reres.pdb BC A 8.81833 31.021 -14.11 -11.1694 -9.07663 -24.6537 -0.645854 40.2807 -24.9864 2.80445 8.8625 4.01706 0 0 0 0.518553 2.66755 -0.0612368 0 0 0 0 0 2.384 303 50 0 0 0
./complex_md-fit-dt500_221.pdb_reres.pdb BC A 6.34786 37.7992 -11.607 -10.0186 -8.4611 -24.5695 -0.614828 40.4397 -25.1303 6.25086 7.56576 2.63656 0 0 0 0.317628 2.99017 -0.0233626 0 0 0 0 0 2.384 303 52 0 0 0
./complex_md-fit-dt500_222.pdb_reres.pdb BC A 7.06901 37.812 -8.63214 -9.38989 -9.96009 -24.7764 -0.690019 42.2754 -24.9291 5.1895 8.83388 4.0676 0 0 0 0.771988 4.80662 -0.0249912 0 0 0 0 0 2.384 303 54 1 0 1
./complex_md-fit-dt500_223.pdb_reres.pdb BC A 8.16068 32.6902 -11.7943 -11.7706 -10.5348 -24.7802 -0.628984 42.382 -25.2405 5.1642 10.0461 3.46043 0 0 0 0.174145 3.98848 -0.0660153 0 0 0 0 0 2.384 303 54 0 0 0
./complex_md-fit-dt500_224.pdb_reres.pdb BC A 7.59748 33.2111 -10.4258 -9.16344 -8.93872 -23.9818 -0.689107 40.3076 -24.1687 4.05473 8.98205 2.97486 0 0 0 0.218343 3.48542 -0.0215377 0 0 0 0 0 2.384 303 52 0 0 0
./complex_md-fit-dt500_225.pdb_reres.pdb BC A 8.18154 29.9983 -14.8848 -11.8909 -8.57096 -23.3373 -0.797926 36.8608 -23.7103 5.59613 7.98577 2.70827 0 0 0 0.297043 2.01904 -0.0254318 0 0 0 0 0 2.384 303 47 1 1 0
./complex_md-fit-dt500_226.pdb_reres.pdb BC A 6.61929 38.4449 -15.3094 -10.5574 -10.8805 -24.3627 -0.636693 40.8123 -24.5672 3.22588 9.65535 1.57356 0 0 0 0.452525 2.12901 -0.0244574 0 0 0 0 0 2.384 303 52 0 0 0
./complex_md-fit-dt500_227.pdb_reres.pdb BC A 7.68509 26.7618 -13.6757 -10.1707 -8.2843 -23.8255 -0.612014 39.6956 -24.3214 3.48928 7.71615 2.46779 0 0 0 0.169429 2.39248 0 0 0 0 0 0 2.384 303 51 1 1 0
./complex_md-fit-dt500_228.pdb_reres.pdb BC A 8.4197 28.4143 -8.84809 -6.54371 -8.5831 -24.4455 -0.651762 39.3555 -25.0907 5.5849 7.44592 3.68273 0 0 0 0.417419 4.06611 -0.0198541 0 0 0 0 0 2.384 303 52 0 0 0
./complex_md-fit-dt500_229.pdb_reres.pdb BC A 8.10033 35.1889 -8.35761 -8.48155 -8.66297 -24.6935 -0.59346 43.0344 -25.0885 4.73466 7.11326 3.85131 0 0 0 0.428702 2.61595 0 0 0 0 0 0 2.384 303 50 0 0 0
./complex_md-fit-dt500_22.pdb_reres.pdb BC A 6.62413 29.1038 -13.1334 -8.92848 -7.31658 -24.1086 -0.408092 40.4332 -24.956 2.35253 6.97929 2.29488 0 0 0 0.552052 2.8076 -0.027713 0 0 0 0 0 2.384 303 52 0 0 0
./complex_md-fit-dt500_230.pdb_reres.pdb BC A 7.28424 36.2475 -5.25075 -8.15851 -6.09757 -24.1462 -0.567676 40.3408 -24.7332 6.0537 8.46634 3.15281 0 0 0 0.478721 2.88432 -0.0399605 0 0 0 0 0 2.384 303 53 0 0 0
./complex_md-fit-dt500_231.pdb_reres.pdb BC A 7.89804 35.4339 -10.3812 -9.65751 -6.84758 -24.6448 -0.65753 40.2595 -25.3588 4.82743 7.73927 2.60078 0 0 0 1.40063 3.25976 -0.0426688 0 0 0 0 0 2.384 303 53 1 1 0
./complex_md-fit-dt500_232.pdb_reres.pdb BC A 7.00024 39.0919 -14.268 -11.4789 -9.36934 -24.5428 -0.593828 40.5158 -24.8849 4.96233 7.91885 2.94034 0 0 0 0.286205 2.28325 -0.0218132 0 0 0 0 0 2.384 303 53 0 0 0
./complex_md-fit-dt500_233.pdb_reres.pdb BC A 8.22933 29.9734 -14.5747 -10.3988 -8.81088 -23.9251 -0.64894 38.5012 -24.3437 4.27174 7.43973 2.87451 0 0 0 0.49101 3.74483 -0.0255242 0 0 0 0 0 2.384 303 51 0 0 0
./complex_md-fit-dt500_234.pdb_reres.pdb BC A 7.53862 36.5089 -14.0934 -10.8337 -8.37814 -25.2748 -0.61452 41.5977 -25.6498 2.89396 7.75473 3.91632 0 0 0 0.517874 2.53315 -0.0230294 0 0 0 0 0 2.384 303 51 0 0 0
./complex_md-fit-dt500_235.pdb_reres.pdb BC A 10.2207 28.6193 -14.7855 -11.4125 -9.59962 -25.7481 -0.633919 41.9966 -26.336 6.43793 6.79834 3.30308 0 0 0 0.417981 2.77025 -0.00920581 0 0 0 0 0 2.384 303 51 0 0 0
./complex_md-fit-dt500_236.pdb_reres.pdb BC A 9.19992 34.0237 -9.93707 -10.7072 -6.76495 -24.4392 -0.635806 40.7538 -24.5167 2.51773 8.92955 4.03547 0 0 0 0.915306 3.45757 -0.025016 0 0 0 0 0 2.384 303 49 0 0 0
./complex_md-fit-dt500_237.pdb_reres.pdb BC A 7.49151 38.728 -13.2543 -11.4989 -10.0273 -24.3784 -0.682105 41.1276 -24.5905 3.76791 8.99335 3.28905 0 0 0 0.766394 2.69393 -0.0213345 0 0 0 0 2.22045e-16 2.384 303 53 0 0 0
./complex_md-fit-dt500_238.pdb_reres.pdb BC A 7.77176 37.107 -15.6425 -10.7398 -10.9173 -25.2598 -0.694611 42.2917 -25.4591 3.29546 8.97203 2.60681 0 0 0 0.298791 3.42342 -0.0368241 0 0 0 0 0 2.384 303 54 0 0 0
./complex_md-fit-dt500_239.pdb_reres.pdb BC A 7.96432 33.0534 -10.7252 -10.0231 -11.1474 -26.1588 -0.630755 44.3155 -26.6526 5.87529 10.3114 2.94908 0 0 0 0.475093 3.39774 -0.0388284 0 0 0 0 0 2.384 303 51 0 0 0
./complex_md-fit-dt500_23.pdb_reres.pdb BC A 8.53497 26.6351 -6.61986 -8.21671 -4.20283 -23.7007 -0.285751 40.5095 -24.5404 4.50218 6.48326 2.54011 0 0 0 0.356247 2.87169 -0.0647184 0 0 0 0 0 2.384 303 49 0 0 0
./complex_md-fit-dt500_240.pdb_reres.pdb BC A 7.3283 33.6786 -15.7385 -11.313 -9.34711 -26.3704 -0.69056 42.6388 -26.9821 4.34556 7.96395 3.62139 0 0 0 0.389699 2.986 0 0 0 0 0 0.00532738 2.384 303 52 0 0 0
./complex_md-fit-dt500_241.pdb_reres.pdb BC A 6.73095 37.7779 -13.5614 -10.7616 -9.39963 -24.7319 -0.638679 42.3513 -24.7631 2.81537 8.62583 2.15051 0 0 0 0.81018 3.31445 -0.0196121 0 0 0 0 0 2.384 303 53 0 0 0
./complex_md-fit-dt500_242.pdb_reres.pdb BC A 8.4493 26.448 -4.47782 -9.80456 -7.61582 -25.7953 -0.68315 44.1085 -26.1212 8.42687 8.48949 4.33194 0 0 0 0.201664 2.61956 -0.0214283 0 0 0 0 0.00515667 2.384 303 52 2 2 0
./complex_md-fit-dt500_243.pdb_reres.pdb BC A 8.0119 33.8721 -10.4822 -11.0645 -8.47287 -25.1832 -0.685198 42.1121 -25.4525 5.52803 9.09247 3.16567 0 0 0 0.502172 3.16894 -0.0243448 0 0 0 0 0 2.384 303 50 0 0 0
./complex_md-fit-dt500_244.pdb_reres.pdb BC A 9.03057 32.1938 -18.1014 -13.5089 -11.088 -25.4986 -0.783234 41.3648 -25.8947 3.04399 10.2162 3.64243 0 0 0 0.428248 2.65607 -0.0236552 0 0 0 0 0 2.384 303 51 0 0 0
./complex_md-fit-dt500_245.pdb_reres.pdb BC A 7.84195 32.8423 -11.0561 -11.0454 -10.575 -23.5879 -0.715498 39.8167 -23.7069 5.00119 10.0517 3.35444 0 0 0 0.36965 3.36113 -0.0190449 0 0 0 0 0 2.384 303 52 0 0 0
./complex_md-fit-dt500_246.pdb_reres.pdb BC A 8.09557 28.0536 -16.4811 -11.2296 -10.9418 -24.8454 -0.725384 40.8033 -25.1417 2.85829 10.0107 2.54874 0 0 0 0.194085 2.8391 -0.0171382 0 0 0 0 0.0048221 2.384 303 52 0 0 0
./complex_md-fit-dt500_247.pdb_reres.pdb BC A 8.72911 29.3971 -11.2207 -9.57921 -9.88683 -23.1485 -0.56077 38.274 -23.0279 4.05283 9.24274 2.97616 0 0 0 0.462396 2.75311 -0.0256479 0 0 0 0 0 2.384 303 51 0 0 0
./complex_md-fit-dt500_248.pdb_reres.pdb BC A 6.04956 31.2685 -6.64869 -10.8771 -9.76441 -25.1837 -0.683862 43.3133 -25.6099 8.12092 9.75365 3.22297 0 0 0 1.06999 2.59889 -0.0104784 0 0 0 0 0 2.384 303 51 2 2 0
./complex_md-fit-dt500_249.pdb_reres.pdb BC A 8.27925 31.3195 -11.6409 -8.66192 -7.55725 -23.5657 -0.576723 37.5989 -24.5465 5.21351 7.02249 3.2481 0 0 0 0.235767 2.73802 -0.05157 0 0 0 0 0 2.384 303 50 0 0 0
./complex_md-fit-dt500_24.pdb_reres.pdb BC A 7.73368 32.4208 -2.61604 -7.21252 -6.32956 -23.75 -0.368236 43.3879 -24.2479 5.70596 6.82703 2.38773 0 0 0 1.04417 3.52649 -0.0606494 0 0 0 0 0 2.384 303 56 0 0 0
./complex_md-fit-dt500_250.pdb_reres.pdb BC A 6.91026 34.6818 -13.5876 -11.0606 -9.68035 -24.4839 -0.7368 41.0642 -24.3567 4.23599 7.87742 3.18325 0 0 0 0.393569 3.9073 -0.0235947 0 0 0 0 0 2.384 303 48 1 1 0
./complex_md-fit-dt500_251.pdb_reres.pdb BC A 9.02998 31.3117 -15.5989 -11.6625 -9.39184 -25.2184 -0.659356 41.2045 -26.138 3.40139 9.21099 3.11271 0 0 0 0.582267 2.94221 -0.040684 0 0 0 0 0 2.384 303 52 1 1 0
./complex_md-fit-dt500_252.pdb_reres.pdb BC A 8.94931 31.1692 -14.0514 -9.85332 -9.09109 -24.3064 -0.517075 40.644 -24.8855 4.07478 8.48731 0.948656 0 0 0 0.508434 2.58614 -0.0612473 0 0 0 0 0 2.384 303 50 0 0 0
./complex_md-fit-dt500_253.pdb_reres.pdb BC A 8.32222 27.7362 -15.0832 -11.3537 -10.1774 -23.0671 -0.649897 37.3097 -23.4977 3.5595 8.64911 3.76002 0 0 0 0.409352 3.82833 -0.0250474 0 0 0 0 0 2.384 303 48 0 0 0
./complex_md-fit-dt500_254.pdb_reres.pdb BC A 7.65139 29.5578 -16.1899 -11.5955 -9.02185 -25.0689 -0.55838 39.9829 -25.6456 2.58293 9.88187 3.20682 0 0 0 0.0992903 2.68975 -0.0535736 0 0 0 0 0 2.384 303 53 0 0 0
./complex_md-fit-dt500_255.pdb_reres.pdb BC A 11.81 29.7952 -6.79606 -8.65489 -8.43583 -24.6394 -0.703136 42.312 -24.748 8.27575 7.34358 2.0609 0 0 0 0.392941 2.91883 0 0 0 0 0 0 2.384 303 53 1 1 0
./complex_md-fit-dt500_256.pdb_reres.pdb BC A 8.0297 39.6784 -8.63343 -9.25788 -9.0326 -24.9376 -0.56782 42.2453 -25.0502 6.64337 9.25534 1.64631 0 0 0 0.446158 4.85681 -0.0237361 0 0 0 0 0 2.384 303 51 2 1 1
./complex_md-fit-dt500_257.pdb_reres.pdb BC A 9.14826 31.7385 -10.5337 -12.8567 -11.4245 -25.2321 -0.671242 44.3735 -24.9937 7.60692 9.77886 2.2855 0 0 0 0.624076 2.59845 -0.0242778 0 0 0 0 0 2.384 303 50 1 1 0
./complex_md-fit-dt500_258.pdb_reres.pdb BC A 8.80088 30.8036 -9.33214 -10.3912 -7.78746 -24.5399 -0.585571 40.9917 -24.7234 6.12298 8.49953 2.48938 0 0 0 0.591915 3.84217 0 0 0 0 0 0 2.384 303 52 1 1 0
./complex_md-fit-dt500_259.pdb_reres.pdb BC A 7.26169 36.6648 -11.9622 -10.1216 -7.76243 -25.5332 -0.525367 41.7353 -26.2639 5.2729 8.11422 2.85047 0 0 0 0.296409 2.69384 -0.0251696 0 0 0 0 0 2.384 303 52 0 0 0
./complex_md-fit-dt500_25.pdb_reres.pdb BC A 6.9889 35.2301 -7.13883 -9.89641 -5.31652 -24.2826 -0.483969 41.9036 -24.2698 3.23837 7.95369 3.29355 0 0 0 0.752371 3.13385 -0.0311402 0 0 0 0 0 2.384 303 53 0 0 0
./complex_md-fit-dt500_260.pdb_reres.pdb BC A 6.19936 38.0561 -9.93905 -9.87917 -9.50984 -23.5922 -0.635459 37.5411 -23.9105 6.01208 8.99299 4.44373 0 0 0 0.629827 2.50163 -0.0316577 0 0 0 0 0 2.384 303 48 1 1 0
./complex_md-fit-dt500_261.pdb_reres.pdb BC A 5.45051 25.0452 -7.49844 -8.04674 -9.05915 -25.3483 -0.728086 43.5066 -25.5727 6.39859 7.5547 3.27938 0 0 0 0.527719 4.64147 -0.0105448 0 0 0 0 0 2.384 303 49 3 2 1
./complex_md-fit-dt500_262.pdb_reres.pdb BC A 8.08531 27.24 -8.36945 -10.5692 -7.53025 -23.2244 -0.654488 39.097 -23.4625 6.10539 8.49342 2.77933 0 0 0 0.6593 3.01286 -0.0630185 0 0 0 0 0 2.384 303 51 0 0 0
./complex_md-fit-dt500_263.pdb_reres.pdb BC A 7.73336 30.908 -3.61779 -8.14407 -6.5812 -25.7448 -0.632256 44.9957 -26.3669 6.29712 8.60853 3.73422 0 0 0 0.238596 3.08971 -0.0227852 0 0 0 0 0 2.384 303 54 1 1 0
./complex_md-fit-dt500_264.pdb_reres.pdb BC A 6.806 31.4812 -14.4748 -11.705 -8.94359 -25.1523 -0.573329 42.25 -25.6566 3.4976 7.79944 3.46603 0 0 0 0.608024 3.00656 -0.0650853 0 0 0 0 0 2.384 303 54 0 0 0
./complex_md-fit-dt500_265.pdb_reres.pdb BC A 7.83222 32.163 -9.58661 -11.272 -9.26505 -26.621 -0.768075 46.3729 -27.55 7.15319 8.90063 3.00766 0 0 0 0.481136 3.72159 -0.0260496 0 0 0 0 0 2.384 303 55 1 1 0
./complex_md-fit-dt500_266.pdb_reres.pdb BC A 6.53178 28.318 -10.5351 -9.1093 -8.48818 -23.8469 -0.539869 40.8879 -24.4327 3.03489 8.65445 3.01989 0 0 0 0.307894 2.51127 -0.0232159 0 0 0 0 0 2.384 303 50 0 0 0
./complex_md-fit-dt500_267.pdb_reres.pdb BC A 7.49652 36.5624 -10.7813 -11.892 -7.9128 -24.7237 -0.746963 40.8233 -25.2699 7.62584 9.33893 1.82023 0 0 0 0.192933 2.48076 -0.0371609 0 0 0 0 0 2.384 303 51 1 1 0
./complex_md-fit-dt500_268.pdb_reres.pdb BC A 7.6169 29.8228 -8.43656 -11.6311 -7.46309 -25.2401 -0.676585 41.7939 -25.6635 6.35578 9.17173 4.70893 0 0 0 0.249956 2.9535 -0.042567 0 0 0 0 0 2.384 303 49 0 0 0
./complex_md-fit-dt500_269.pdb_reres.pdb BC A 8.11748 35.1873 -13.0893 -12.1644 -10.5328 -25.0627 -0.697175 40.7275 -25.4807 4.53484 10.2242 4.91214 0 0 0 0.473021 2.7777 -0.0233166 0 0 0 0 0 2.384 303 51 0 0 0
./complex_md-fit-dt500_26.pdb_reres.pdb BC A 7.77033 26.6682 -6.70615 -8.67015 -5.55106 -22.3021 -0.312824 39.6708 -22.3963 3.71973 5.80309 2.79517 0 0 0 0.537472 3.16144 0 0 0 0 0 0 2.384 303 51 0 0 0
./complex_md-fit-dt500_270.pdb_reres.pdb BC A 7.86307 30.3853 -17.2484 -11.2079 -9.43537 -24.3275 -0.502786 39.3362 -24.7577 3.00153 7.51428 2.528 0 0 0 0.630147 2.79303 -0.0273966 0 0 0 0 0 2.384 303 50 0 0 0
./complex_md-fit-dt500_271.pdb_reres.pdb BC A 6.17951 28.2222 -10.1673 -10.0363 -10.0669 -25.2869 -0.651105 41.8274 -25.5689 4.39921 9.87957 4.6828 0 0 0 0.683285 3.67868 -0.0294168 0 0 0 0 2.22045e-16 2.384 303 50 0 0 0
./complex_md-fit-dt500_272.pdb_reres.pdb BC A 6.77092 33.3744 -4.92582 -8.27242 -6.89693 -23.3973 -0.651178 40.1221 -23.0408 5.05847 8.03845 3.63376 0 0 0 0.49487 2.51185 -0.0148426 0 0 0 0 0 2.384 303 52 0 0 0
./complex_md-fit-dt500_273.pdb_reres.pdb BC A 7.02136 28.5318 -12.0111 -10.9669 -8.18048 -24.7626 -0.711975 42.3281 -24.4864 3.05655 7.91628 3.61294 0 0 0 0.215205 2.67608 -0.0319854 0 0 0 0 0 2.384 303 51 0 0 0
./complex_md-fit-dt500_274.pdb_reres.pdb BC A 6.74962 28.535 -14.3273 -11.0161 -9.11284 -25.1902 -0.636726 40.7499 -25.3804 3.36164 8.57092 4.05718 0 0 0 0.289805 2.45371 -0.0204629 0 0 0 0 0 2.384 303 51 0 0 0
./complex_md-fit-dt500_275.pdb_reres.pdb BC A 8.92891 28.4244 -10.5487 -10.0124 -8.0721 -25.1576 -0.543652 40.8262 -25.0962 4.45369 7.71111 4.84888 0 0 0 0.517018 3.17359 -0.0293696 0 0 0 0 0.00577836 2.384 303 48 0 0 0
./complex_md-fit-dt500_276.pdb_reres.pdb BC A 7.80051 26.4219 -6.58366 -9.1194 -7.74292 -25.0344 -0.598198 42.2377 -25.2319 5.32839 9.91393 3.51205 0 0 0 0.212473 2.62247 -0.0614362 0 0 0 0 0 2.384 303 50 0 0 0
./complex_md-fit-dt500_277.pdb_reres.pdb BC A 9.40986 30.2598 -6.86467 -8.60158 -6.80838 -24.6345 -0.538289 41.6727 -25.3023 3.79435 7.83896 5.03491 0 0 0 0.679523 2.51849 0 0 0 0 0 0 2.384 303 50 0 0 0
./complex_md-fit-dt500_278.pdb_reres.pdb BC A 6.88627 30.4285 -13.2162 -10.9083 -8.7349 -23.6015 -0.555579 38.2528 -23.7636 3.8376 8.49816 3.53703 0 0 0 0.2221 4.0141 0 0 0 0 0 0 2.384 303 52 0 0 0
./complex_md-fit-dt500_279.pdb_reres.pdb BC A 9.21888 33.9005 -13.2112 -12.839 -10.5804 -25.4622 -0.628212 41.3333 -25.3976 4.08959 10.9842 5.09365 0 0 0 0.234428 2.87445 -0.0388433 0 0 0 0 0 2.384 303 52 1 1 0
./complex_md-fit-dt500_27.pdb_reres.pdb BC A 7.89135 34.1486 -7.41285 -7.7939 -4.99713 -23.2371 -0.12401 39.7351 -23.9924 3.22129 5.55853 3.578 0 0 0 0.658886 4.17894 -0.020074 0 0 0 0 0 2.384 303 51 0 0 0
./complex_md-fit-dt500_280.pdb_reres.pdb BC A 7.01772 37.8893 -8.5768 -9.58255 -8.31068 -24.3377 -0.75951 39.5288 -24.8533 6.05532 8.74186 3.75284 0 0 0 1.25405 2.93779 -0.0658718 0 0 0 0 0 2.384 303 49 2 2 0
./complex_md-fit-dt500_281.pdb_reres.pdb BC A 7.19608 34.4264 -15.4579 -10.6969 -9.31075 -24.0229 -0.621409 38.2965 -24.1133 3.296 7.70479 3.60236 0 0 0 0.423543 3.26318 -0.0157591 0 0 0 0 0 2.384 303 48 0 0 0
./complex_md-fit-dt500_282.pdb_reres.pdb BC A 6.98739 29.7019 -15.7404 -12.7776 -9.80176 -24.3321 -0.499585 40.072 -24.1496 3.43927 9.17812 2.98843 0 0 0 0.152217 3.42184 -0.00979107 0 0 0 0 0 2.384 303 51 0 0 0
./complex_md-fit-dt500_283.pdb_reres.pdb BC A 8.31071 31.3199 -14.8943 -11.8198 -10.2153 -24.6674 -0.715223 40.4275 -25.0472 5.10897 8.74865 3.05148 0 0 0 0.258928 2.97338 -0.0248359 0 0 0 0 0 2.384 303 49 1 1 0
./complex_md-fit-dt500_284.pdb_reres.pdb BC A 8.08285 36.8354 -17.0872 -11.5942 -11.1253 -24.4102 -0.632278 40.4543 -23.8232 0.983123 9.46891 3.01081 0 0 0 0.605542 2.72358 -0.0246527 0 0 0 0 0 2.384 303 51 0 0 0
./complex_md-fit-dt500_285.pdb_reres.pdb BC A 7.23493 34.218 -15.7798 -10.5944 -12.4743 -25.7016 -0.522643 43.3895 -25.3536 2.1387 9.73244 3.07675 0 0 0 0.56517 2.56183 -0.0358572 0 0 0 0 0 2.384 303 54 0 0 0
./complex_md-fit-dt500_286.pdb_reres.pdb BC A 6.90083 33.1878 -6.31076 -10.3724 -10.6339 -25.8251 -0.558017 45.1953 -25.1599 6.46827 9.23992 4.71396 0 0 0 0.636521 2.90719 -0.0203725 0 0 0 0 0.00491041 2.384 303 48 1 1 0
./complex_md-fit-dt500_287.pdb_reres.pdb BC A 8.70821 29.2075 -10.3198 -9.43604 -8.79288 -24.7618 -0.547684 42.7859 -24.4635 3.42216 7.80899 3.12104 0 0 0 0.568091 2.81869 -0.0239952 0 0 0 0 2.22045e-16 2.384 303 49 0 0 0
./complex_md-fit-dt500_288.pdb_reres.pdb BC A 10.0197 32.6011 -11.0885 -11.711 -9.30153 -24.5569 -0.660837 41.5983 -24.1804 4.06569 8.73386 4.51665 0 0 0 0.43283 3.11019 -0.0250508 0 0 0 0 0 2.384 303 51 0 0 0
./complex_md-fit-dt500_289.pdb_reres.pdb BC A 6.56674 35.8511 -8.04935 -8.07001 -8.43695 -25.2813 -0.493289 43.6791 -25.1555 4.33516 8.20614 3.03384 0 0 0 0.158307 2.54855 -0.0249178 0 0 0 0 0 2.384 303 51 0 0 0
./complex_md-fit-dt500_28.pdb_reres.pdb BC A 7.00553 31.345 -4.56421 -8.87963 -4.11923 -23.0873 -0.128805 40.3493 -24.0203 7.43813 5.30856 2.25724 0 0 0 0.337198 2.71308 -0.0193258 0 0 0 0 0 2.384 303 51 1 1 0
./complex_md-fit-dt500_290.pdb_reres.pdb BC A 9.74355 29.7349 -12.2685 -11.3862 -9.12809 -25.476 -0.416533 41.705 -25.5932 5.29485 8.86192 3.57098 0 0 0 0.322365 2.86356 -0.023562 0 0 0 0 0 2.384 303 54 0 0 0
./complex_md-fit-dt500_291.pdb_reres.pdb BC A 7.22494 26.8671 -5.86715 -9.27005 -8.11882 -23.3842 -0.637968 40.3291 -23.1095 6.19786 8.22177 3.61279 0 0 0 0.291957 2.56737 0 0 0 0 0 0 2.384 303 52 0 0 0
./complex_md-fit-dt500_292.pdb_reres.pdb BC A 7.33509 29.0724 -9.18375 -9.30696 -9.50157 -24.3085 -0.635594 40.1026 -24.4645 4.98985 9.25856 4.34319 0 0 0 0.359634 2.66812 -0.0204662 0 0 0 0 0 2.384 303 52 0 0 0
./complex_md-fit-dt500_293.pdb_reres.pdb BC A 7.06082 28.4263 -12.5401 -12.0887 -10.2256 -25.077 -0.450823 41.4407 -25.209 3.85828 9.52809 5.38768 0 0 0 0.318141 2.94145 -0.021973 0 0 0 0 0 2.384 303 53 0 0 0
./complex_md-fit-dt500_294.pdb_reres.pdb BC A 8.88058 38.3252 -7.49172 -8.89699 -8.83422 -25.2733 -0.623053 43.8818 -25.4171 6.62981 8.04083 2.30079 0 0 0 0.722242 2.9 -0.0224601 0 0 0 0 0 2.384 303 55 1 1 0
./complex_md-fit-dt500_295.pdb_reres.pdb BC A 6.71077 30.5289 -3.95462 -9.45375 -6.85766 -26.0874 -0.65417 44.9156 -26.2483 9.48936 6.92256 3.70532 0 0 0 0.334151 3.41777 -0.0203196 0 0 0 0 0 2.384 303 52 1 1 0
./complex_md-fit-dt500_296.pdb_reres.pdb BC A 7.86062 26.077 -9.02892 -10.1556 -10.7867 -24.1877 -0.423878 42.5927 -23.8003 4.74585 8.988 3.75201 0 0 0 0.277935 2.76699 -0.0312842 0 0 0 0 0 2.384 303 53 0 0 0
./complex_md-fit-dt500_297.pdb_reres.pdb BC A 7.42092 33.5483 -8.413 -9.51394 -9.6454 -24.7916 -0.534077 42.9024 -24.4885 4.90873 8.28684 3.72326 0 0 0 0.778401 3.79856 -0.0391681 0 0 0 0 0 2.384 303 53 0 0 0
./complex_md-fit-dt500_298.pdb_reres.pdb BC A 9.43504 24.6427 -12.8565 -8.31676 -10.2946 -24.9714 -0.532814 41.2482 -25.1716 4.57141 7.82476 2.67806 0 0 0 0.103584 2.87399 2.22045e-16 0 0 0 0 0.00465613 2.384 303 50 0 0 0
./complex_md-fit-dt500_299.pdb_reres.pdb BC A 6.32486 27.0019 -6.99102 -8.83025 -7.05434 -24.4137 -0.49851 42.2781 -24.457 5.01574 7.30305 3.61244 0 0 0 0.13269 2.84965 -0.0792446 0 0 0 0 0 2.384 303 51 0 0 0
./complex_md-fit-dt500_29.pdb_reres.pdb BC A 6.73861 28.2685 -12.1373 -11.6692 -6.83961 -23.5023 -0.394854 40.7147 -23.6995 3.08408 7.615 2.38339 0 0 0 0.171071 2.92234 -9.51483e-05 0 0 0 0 0 2.384 303 56 0 0 0
./complex_md-fit-dt500_2.pdb_reres.pdb BC A 5.95585 33.6035 -10.6463 -10.304 -5.89952 -24.4113 -0.330891 40.123 -25.1755 3.91971 7.37462 3.91607 0 0 0 0.145639 2.72482 -0.00404977 0 0 0 0 0 2.384 303 52 0 0 0
./complex_md-fit-dt500_300.pdb_reres.pdb BC A 6.37975 25.5507 -9.44224 -9.42722 -9.07871 -23.7659 -0.645091 39.6637 -23.9618 3.0697 10.6655 3.67013 0 0 0 0.388341 4.05506 -0.0208898 0 0 0 0 0 2.384 303 51 0 0 0
./complex_md-fit-dt500_301.pdb_reres.pdb BC A 7.71645 23.0007 -12.099 -10.7368 -10.7794 -24.5781 -0.735828 41.5942 -24.7429 3.86916 9.55005 4.16222 0 0 0 0.334792 3.28232 -0.0412415 0 0 0 0 0.00491749 2.384 303 51 0 0 0
./complex_md-fit-dt500_302.pdb_reres.pdb BC A 7.63041 29.2162 -13.2358 -10.4495 -10.3996 -25.4205 -0.549078 41.9006 -25.2914 3.38763 9.01097 3.77996 0 0 0 0.843238 2.9655 -0.0482015 0 0 0 0 0 2.384 303 51 0 0 0
./complex_md-fit-dt500_303.pdb_reres.pdb BC A 8.51318 35.5455 -10.3111 -7.91208 -8.80568 -23.842 -0.402182 39.0469 -23.8053 4.76999 7.44639 2.69014 0 0 0 0.502685 2.53031 0 0 0 0 0 0 2.384 303 48 0 0 0
./complex_md-fit-dt500_304.pdb_reres.pdb BC A 6.99193 37.6295 -12.9518 -11.1822 -11.3663 -24.5782 -0.539938 41.0309 -24.1552 2.62896 10.636 4.06091 0 0 0 0.540298 3.87858 -0.0269602 0 0 0 0 0 2.384 303 48 0 0 0
./complex_md-fit-dt500_305.pdb_reres.pdb BC A 6.7215 30.76 -9.57185 -8.85788 -9.60281 -26.761 -0.436419 45.5697 -26.4837 4.63239 9.62704 2.15978 0 0 0 0.603111 3.58659 -0.0220481 0 0 0 0 0 2.384 303 52 0 0 0
./complex_md-fit-dt500_306.pdb_reres.pdb BC A 6.17363 31.4338 -11.6429 -12.3505 -9.44439 -25.7153 -0.75486 44.5633 -25.6111 3.76767 9.3424 4.30466 0 0 0 0.281297 2.92125 -0.0260526 0 0 0 0 0 2.384 303 53 0 0 0
./complex_md-fit-dt500_307.pdb_reres.pdb BC A 7.51859 28.5515 -8.1991 -9.17617 -9.70453 -25.8573 -0.734158 44.288 -26.4195 7.25227 9.04778 2.82861 0 0 0 0.31042 2.59105 -0.0344568 0 0 0 0 0 2.384 303 53 2 2 0
./complex_md-fit-dt500_308.pdb_reres.pdb BC A 8.82526 35.0217 -8.94822 -10.8731 -9.24347 -25.1237 -0.483854 42.5587 -25.8745 6.2784 9.966 3.70425 0 0 0 0.1841 2.91802 -0.0410594 0 0 0 0 0 2.384 303 53 2 2 0
./complex_md-fit-dt500_309.pdb_reres.pdb BC A 7.7411 26.6901 -8.87183 -9.08073 -9.04116 -25.9959 -0.48259 42.9734 -26.693 6.44159 8.8414 3.4942 0 0 0 0.670927 3.30727 -1.11022e-16 0 0 0 0 0 2.384 303 53 1 1 0
./complex_md-fit-dt500_30.pdb_reres.pdb BC A 8.24202 32.3924 -10.2353 -9.33372 -7.49397 -23.7821 -0.214814 40.6547 -24.3464 2.6815 6.25113 4.77462 0 0 0 0.572483 3.07686 0.0012043 0 0 0 0 0 2.384 303 53 0 0 0
./complex_md-fit-dt500_310.pdb_reres.pdb BC A 8.99528 35.5542 -10.5132 -11.3368 -8.30744 -25.8047 -0.431963 42.6195 -26.1668 6.07835 8.09738 4.09073 0 0 0 0.676865 3.00841 -0.0283125 0 0 0 0 0 2.384 303 54 0 0 0
./complex_md-fit-dt500_311.pdb_reres.pdb BC A 7.47707 28.6333 -7.86128 -10.5467 -7.97738 -25.0182 -0.644701 42.0773 -24.9106 7.91529 7.89806 3.06547 0 0 0 0.300074 2.79434 -0.0198692 0 0 0 0 0 2.384 303 49 2 2 0
./complex_md-fit-dt500_312.pdb_reres.pdb BC A 6.90498 31.5382 -14.514 -11.2074 -10.328 -25.1415 -0.489264 41.793 -25.2372 3.14527 8.58628 3.91558 0 0 0 0.458556 3.92057 -0.00944499 0 0 0 0 0 2.384 303 51 0 0 0
./complex_md-fit-dt500_313.pdb_reres.pdb BC A 7.57766 34.6465 -7.28116 -9.85555 -10.1085 -24.0417 -0.641328 41.0507 -24.1415 6.90332 10.4251 2.79957 0 0 0 0.351349 2.84906 -0.0226672 0 0 0 0 0 2.384 303 54 1 1 0
./complex_md-fit-dt500_314.pdb_reres.pdb BC A 6.29033 38.5529 -10.0947 -11.0602 -8.36352 -24.0398 -0.454481 40.6198 -24.016 3.28855 9.62551 3.76208 0 0 0 0.582842 2.53202 -0.0395368 0 0 0 0 0 2.384 303 52 0 0 0
./complex_md-fit-dt500_315.pdb_reres.pdb BC A 8.18361 35.2802 -9.54309 -9.28196 -7.50897 -22.7471 -0.449581 37.5938 -22.9347 3.78745 7.86452 3.78823 0 0 0 0.367962 3.45414 -0.0227877 0 0 0 0 0 2.384 303 48 0 0 0
./complex_md-fit-dt500_316.pdb_reres.pdb BC A 7.67644 34.086 -11.1798 -10.5652 -8.82912 -25.1452 -0.640153 41.5396 -24.5463 4.67022 7.864 4.07032 0 0 0 0.446913 2.91637 -0.0448111 0 0 0 0 0 2.384 303 48 1 1 0
./complex_md-fit-dt500_317.pdb_reres.pdb BC A 8.67851 24.6497 -7.19269 -9.50214 -7.79541 -24.2254 -0.617714 42.6436 -23.7467 4.57058 7.89976 3.04033 0 0 0 0.580509 2.46065 -0.0401597 0 0 0 0 0 2.384 303 51 0 0 0
./complex_md-fit-dt500_318.pdb_reres.pdb BC A 7.79319 31.2519 -12.0436 -11.5438 -7.86889 -23.4139 -0.536635 39.6966 -23.2282 2.86758 8.5143 3.12017 0 0 0 0.349208 2.44952 1.11022e-16 0 0 0 0 0 2.384 303 48 0 0 0
./complex_md-fit-dt500_319.pdb_reres.pdb BC A 7.32642 36.9826 -11.9039 -10.4621 -8.51805 -24.2415 -0.659223 39.706 -24.3102 3.38986 8.49668 4.41878 0 0 0 0.297784 1.79852 -0.0219229 0 0 0 0 0 2.384 303 54 0 0 0
./complex_md-fit-dt500_31.pdb_reres.pdb BC A 6.98222 33.8324 -8.23334 -9.36182 -5.91301 -22.848 -0.354272 39.7962 -23.3257 4.60398 6.04286 2.83966 0 0 0 0.310265 2.60223 -0.0235459 0 0 0 0 -2.22045e-16 2.384 303 55 0 0 0
./complex_md-fit-dt500_320.pdb_reres.pdb BC A 7.5778 30.2038 -12.8637 -9.49126 -8.16778 -23.8153 -0.560679 39.8829 -23.8519 2.62342 7.90841 2.29244 0 0 0 0.338209 3.48532 -0.0221684 0 0 0 0 0 2.384 303 48 0 0 0
./complex_md-fit-dt500_321.pdb_reres.pdb BC A 8.01685 28.8 -8.96433 -10.0909 -8.28419 -23.0973 -0.573766 38.5012 -23.0097 6.12928 7.73277 3.11545 0 0 0 0.633582 1.93154 -0.0206553 0 0 0 0 0 2.384 303 49 0 0 0
./complex_md-fit-dt500_322.pdb_reres.pdb BC A 9.87917 36.1332 -14.8923 -11.5208 -9.39538 -23.7423 -0.652532 37.9034 -24.1714 5.3641 7.23288 3.57521 0 0 0 0.538108 2.45367 -0.0236434 0 0 0 0 0 2.384 303 51 1 1 0
./complex_md-fit-dt500_323.pdb_reres.pdb BC A 9.15871 39.6158 -10.7776 -10.5075 -7.92744 -23.8939 -0.762262 38.8975 -24.184 5.45956 8.06511 3.30289 0 0 0 0.793291 2.9622 -0.0208119 0 0 0 0 0 2.384 303 50 1 1 0
./complex_md-fit-dt500_324.pdb_reres.pdb BC A 7.27134 26.8831 -13.8924 -12.5644 -10.1681 -24.5417 -0.598157 40.2913 -24.7298 4.52337 9.26353 4.2832 0 0 0 0.388181 4.49138 -0.0398474 0 0 0 0 0 2.384 303 53 1 1 0
./complex_md-fit-dt500_325.pdb_reres.pdb BC A 7.66144 22.6494 -15.3924 -12.4371 -9.39797 -25.2226 -0.637024 41.5416 -25.7903 4.37607 7.73322 4.24219 0 0 0 0.216677 2.61209 -0.0171983 0 0 0 0 0 2.384 303 53 1 1 0
./complex_md-fit-dt500_326.pdb_reres.pdb BC A 7.51238 33.4617 -3.29242 -8.53946 -8.72202 -24.5698 -0.707065 43.5124 -24.5163 8.09453 8.97629 2.53517 0 0 0 0.67115 2.86359 -0.0273379 0 0 0 0 0 2.384 303 51 2 2 0
./complex_md-fit-dt500_327.pdb_reres.pdb BC A 7.62204 26.0305 -10.1817 -11.2474 -8.63469 -23.0287 -0.634959 39.8099 -22.9961 3.51461 9.29149 3.18517 0 0 0 0.592129 2.41209 -0.0378372 0 0 0 0 0.00478747 2.384 303 49 0 0 0
./complex_md-fit-dt500_328.pdb_reres.pdb BC A 8.02023 23.9863 -15.1609 -11.9651 -10.8756 -24.1783 -0.552961 40.5637 -24.4789 2.94428 9.70879 3.50864 0 0 0 0.190809 2.73002 -0.026165 0 0 0 0 0 2.384 303 50 0 0 0
./complex_md-fit-dt500_329.pdb_reres.pdb BC A 7.96128 32.8629 -8.79307 -10.8215 -10.166 -24.2916 -0.599788 40.3236 -24.1876 7.92378 7.96534 4.7813 0 0 0 0.319486 2.67211 -0.0449297 0 0 0 0 0.00489406 2.384 303 52 1 1 0
./complex_md-fit-dt500_32.pdb_reres.pdb BC A 5.37617 24.5068 -9.87093 -8.93576 -5.67774 -24.1853 -0.412334 41.3291 -25.0574 2.99008 7.18911 2.7497 0 0 0 0.167106 4.1033 -0.0274507 0 0 0 0 0 2.384 303 51 0 0 0
./complex_md-fit-dt500_330.pdb_reres.pdb BC A 9.36216 28.3333 -14.2995 -10.8822 -11.2329 -23.63 -0.66062 40.0349 -23.551 3.14354 9.34087 2.93455 0 0 0 0.227271 4.91342 -0.0239447 0 0 0 0 0 2.384 303 50 0 0 0
./complex_md-fit-dt500_331.pdb_reres.pdb BC A 6.26924 36.4715 -12.184 -10.6902 -9.12035 -23.8381 -0.755744 39.9505 -23.7347 2.44854 10.1151 3.24922 0 0 0 0.222893 4.25087 -0.0311606 0 0 0 0 0 2.384 303 53 0 0 0
./complex_md-fit-dt500_332.pdb_reres.pdb BC A 10.4284 36.2243 -8.43752 -9.90862 -9.03153 -23.4549 -0.617377 39.8443 -23.6533 4.84391 8.79189 4.59185 0 0 0 0.176819 3.8455 -0.0205553 0 0 0 0 0 2.384 303 49 0 0 0
./complex_md-fit-dt500_333.pdb_reres.pdb BC A 7.67382 34.3749 -6.76837 -8.58913 -8.6533 -24.8812 -0.490515 42.6375 -25.1247 6.65622 7.78458 3.72337 0 0 0 0.191524 3.74186 -0.0226363 0 0 0 0 0 2.384 303 49 1 1 0
./complex_md-fit-dt500_334.pdb_reres.pdb BC A 6.76854 28.6704 -15.5286 -9.49799 -9.4433 -23.1477 -0.606496 38.3785 -23.5107 1.52484 6.58122 3.99219 0 0 0 0.25775 2.33509 -0.0570739 0 0 0 0 0 2.384 303 47 0 0 0
./complex_md-fit-dt500_335.pdb_reres.pdb BC A 8.12387 40.2558 -13.7949 -11.5434 -10.5741 -24.5921 -0.699866 41.1449 -24.9864 4.09934 9.53398 3.59097 0 0 0 0.273921 2.29359 -0.0422799 0 0 0 0 0 2.384 303 50 0 0 0
./complex_md-fit-dt500_336.pdb_reres.pdb BC A 8.16668 33.2557 -10.4809 -11.4558 -9.77074 -24.4283 -0.785211 41.2834 -24.5271 5.17978 10.1378 3.40272 0 0 0 0.513439 3.45505 -0.0309326 0 0 0 0 0 2.384 303 51 1 1 0
./complex_md-fit-dt500_337.pdb_reres.pdb BC A 9.56031 31.3788 -7.51985 -9.28493 -6.84358 -23.2827 -0.422609 39.2553 -23.5614 3.43409 7.13754 5.60859 0 0 0 0.475811 2.13854 -0.0359275 0 0 0 0 0 2.384 303 50 0 0 0
./complex_md-fit-dt500_338.pdb_reres.pdb BC A 6.82286 28.9235 -10.1139 -9.17868 -10.8578 -23.6469 -0.515131 39.8787 -23.5215 5.16354 8.4125 3.80558 0 0 0 0.365392 3.40022 -0.0196122 0 0 0 0 0 2.384 303 52 0 0 0
./complex_md-fit-dt500_339.pdb_reres.pdb BC A 8.41366 33.0833 -7.76687 -9.67483 -9.32299 -23.5443 -0.61687 40.8125 -23.8811 5.96603 8.73533 2.77245 0 0 0 1.033 3.88952 -0.0460802 0 0 0 0 0 2.384 303 52 0 0 0
./complex_md-fit-dt500_33.pdb_reres.pdb BC A 7.95455 40.3635 -7.12382 -6.63644 -5.42501 -22.7259 -0.220294 38.6116 -23.8074 4.03448 5.91322 2.57461 0 0 0 0.582053 3.81639 -0.0248273 0 0 0 0 0 2.384 303 52 0 0 0
./complex_md-fit-dt500_340.pdb_reres.pdb BC A 7.93672 26.004 -5.6915 -9.24742 -9.34087 -23.0746 -0.652115 40.7413 -22.6605 4.97539 8.78631 4.28469 0 0 0 0.518291 2.56558 -0.021993 0 0 0 0 0 2.384 303 50 0 0 0
./complex_md-fit-dt500_341.pdb_reres.pdb BC A 6.496 30.7979 -9.90286 -10.1149 -8.2329 -24.5294 -0.424367 41.4786 -24.2972 3.84901 8.81127 3.17678 0 0 0 0.401681 2.42355 -0.0215506 0 0 0 0 0 2.384 303 51 0 0 0
./complex_md-fit-dt500_342.pdb_reres.pdb BC A 8.03123 30.9153 -14.763 -11.7242 -10.5022 -24.7284 -0.614779 41.8652 -24.5837 2.9307 8.68202 3.51882 0 0 0 0.416965 2.55812 -0.0233366 0 0 0 0 0 2.384 303 52 0 0 0
./complex_md-fit-dt500_343.pdb_reres.pdb BC A 6.65253 29.8346 -7.19194 -9.17572 -6.37269 -23.9019 -0.583909 39.5893 -24.1246 8.13962 6.33894 2.66759 0 0 0 0.231445 2.88204 -1.38778e-17 0 0 0 0 0 2.384 303 50 2 2 0
./complex_md-fit-dt500_344.pdb_reres.pdb BC A 8.18674 29.6796 -12.7917 -8.45292 -8.73269 -24.2613 -0.501255 41.1428 -24.547 2.20221 7.34317 2.69023 0 0 0 0.338804 3.94109 -0.013754 0 0 0 0 0 2.384 303 52 0 0 0
./complex_md-fit-dt500_345.pdb_reres.pdb BC A 5.30081 36.584 -11.011 -9.22668 -9.79175 -24.2587 -0.585321 40.8549 -24.1964 3.79675 9.23773 2.7938 0 0 0 0.364542 2.35953 0 0 0 0 0 0 2.384 303 54 0 0 0
./complex_md-fit-dt500_346.pdb_reres.pdb BC A 7.8947 29.9605 -14.4674 -11.5068 -8.40973 -25.0174 -0.756397 42.0189 -25.5581 3.87173 8.08947 2.36451 0 0 0 0.475938 2.58972 -0.0395789 0 0 0 0 0 2.384 303 53 0 0 0
./complex_md-fit-dt500_347.pdb_reres.pdb BC A 8.19059 31.9606 -12.4426 -12.3716 -8.45261 -25.5696 -0.660336 42.9606 -25.9971 4.28145 9.45027 3.36315 0 0 0 0.608981 4.42913 -0.0556979 0 0 0 0 0 2.384 303 54 1 1 0
./complex_md-fit-dt500_348.pdb_reres.pdb BC A 6.2249 33.8507 -11.5554 -10.596 -9.03733 -25.2235 -0.579774 42.1732 -25.6406 5.21567 8.23498 3.33337 0 0 0 0.593131 3.1412 -0.0285112 0 0 0 0 0 2.384 303 55 1 1 0
./complex_md-fit-dt500_349.pdb_reres.pdb BC A 12.3188 39.0774 -8.53722 -9.34548 -8.48206 -25.6871 -0.69589 43.8091 -26.1907 5.09358 9.53671 3.07403 0 0 0 0.388283 5.44474 -0.0376713 0 0 0 0 0 2.384 303 56 0 0 0
./complex_md-fit-dt500_34.pdb_reres.pdb BC A 7.79409 30.4089 -10.6473 -10.2967 -7.4603 -22.8188 -0.395406 38.7242 -23.4379 5.28783 6.57486 3.05871 0 0 0 0.140102 2.53083 -0.023946 0 0 0 0 0 2.384 303 52 0 0 0
./complex_md-fit-dt500_350.pdb_reres.pdb BC A 6.73652 36.8198 -8.36753 -10.3355 -9.31324 -25.0688 -0.668016 43.801 -25.1479 5.45266 9.28304 3.21473 0 0 0 0.414529 4.25653 -1.38778e-17 0 0 0 0 0 2.384 303 57 1 1 0
./complex_md-fit-dt500_351.pdb_reres.pdb BC A 7.25282 24.3692 -13.8282 -12.1148 -6.42453 -25.1108 -0.548317 41.5333 -25.3677 3.54044 7.72347 2.63905 0 0 0 0.327512 2.6934 -0.0257988 0 0 0 0 0 2.384 303 56 1 1 0
./complex_md-fit-dt500_352.pdb_reres.pdb BC A 7.65493 31.8741 -12.0681 -12.1208 -7.97972 -25.3923 -0.578607 41.8051 -25.7407 5.5988 8.50361 3.56356 0 0 0 0.29362 2.9109 -0.0206305 0 0 0 0 0 2.384 303 49 0 0 0
./complex_md-fit-dt500_353.pdb_reres.pdb BC A 6.29211 23.9515 -6.79139 -5.8068 -8.57514 -23.8631 -0.435635 40.389 -24.045 4.95305 7.42983 3.03644 0 0 0 0.125944 2.79472 0 0 0 0 0 0 2.384 303 54 0 0 0
./complex_md-fit-dt500_354.pdb_reres.pdb BC A 7.34419 27.0752 -7.86705 -10.6312 -8.92936 -24.8547 -0.833288 43.1074 -24.6937 5.85814 8.92934 3.90299 0 0 0 0.297942 2.88481 -0.0205823 0 0 0 0 0 2.384 303 53 1 1 0
./complex_md-fit-dt500_355.pdb_reres.pdb BC A 8.92848 30.2191 -5.34752 -10.127 -6.71184 -25.7517 -0.626766 42.9746 -25.6811 6.63205 8.77173 4.72009 0 0 0 0.46598 2.41064 -0.0135382 0 0 0 0 0 2.384 303 52 1 1 0
./complex_md-fit-dt500_356.pdb_reres.pdb BC A 6.88837 33.3642 -7.80886 -9.23245 -8.82904 -26.5393 -0.628167 45.4651 -26.4154 7.28207 8.56674 2.29374 0 0 0 0.242474 2.86766 -0.014584 0 0 0 0 0 2.384 303 54 1 1 0
./complex_md-fit-dt500_357.pdb_reres.pdb BC A 8.51251 33.2762 -9.4745 -10.8248 -9.00468 -27.1422 -0.567574 46.9364 -27.392 5.95133 8.80881 2.92829 0 0 0 0.85951 3.80511 -0.0276209 0 0 0 0 0 2.384 303 54 0 0 0
./complex_md-fit-dt500_358.pdb_reres.pdb BC A 7.38665 23.7152 -10.9331 -8.87843 -11.2799 -26.0686 -0.714263 44.356 -26.264 4.63663 9.07517 3.75177 0 0 0 0.463357 3.32118 -0.0107691 0 0 0 0 0 2.384 303 57 1 1 0
./complex_md-fit-dt500_359.pdb_reres.pdb BC A 7.59574 30.6109 -7.90178 -8.02922 -7.88172 -23.859 -0.678942 41.1061 -24.2523 4.01586 6.9669 4.09948 0 0 0 0.617332 2.81459 -0.00629998 0 0 0 0 0 2.384 303 53 0 0 0
./complex_md-fit-dt500_35.pdb_reres.pdb BC A 8.52048 25.6208 -9.26763 -7.35801 -8.05659 -22.3042 -0.377826 39.4278 -22.7868 1.62594 7.15311 3.18464 0 0 0 0.24735 2.57592 -0.0230686 0 0 0 0 0 2.384 303 51 0 0 0
./complex_md-fit-dt500_360.pdb_reres.pdb BC A 8.57809 25.14 -10.2733 -10.5515 -9.17741 -25.7515 -0.843818 44.6708 -26.1667 4.86144 7.96996 4.2889 0 0 0 0.426507 3.05796 0 0 0 0 0 0 2.384 303 54 1 1 0
./complex_md-fit-dt500_361.pdb_reres.pdb BC A 9.22164 22.4496 -6.68257 -7.70762 -8.57625 -24.5799 -0.708686 43.8592 -24.1219 4.77422 8.0345 2.11397 0 0 0 0.269645 2.93609 -0.0396735 0 0 0 0 0 2.384 303 56 0 0 0
./complex_md-fit-dt500_362.pdb_reres.pdb BC A 8.32492 24.7868 -8.68147 -7.3397 -8.66027 -25.1425 -0.710371 42.7137 -25.4777 4.1571 8.50485 2.96277 0 0 0 0.313755 2.84797 -0.00309585 0 0 0 0 0 2.384 303 52 0 0 0
./complex_md-fit-dt500_363.pdb_reres.pdb BC A 8.30651 29.2341 -7.03211 -8.65731 -8.69757 -27.2885 -0.609048 49.7428 -26.7845 3.54364 8.33486 2.8318 0 0 0 0.532304 3.26663 0.01948 0 0 0 0 0 2.384 303 53 0 0 0
./complex_md-fit-dt500_364.pdb_reres.pdb BC A 8.39497 35.3287 -3.88929 -8.57249 -10.1928 -25.8883 -0.593477 47.471 -25.7402 4.7578 10.9201 3.61529 0 0 0 0.374841 2.64673 -0.0411104 0 0 0 0 0 2.384 303 54 0 0 0
./complex_md-fit-dt500_365.pdb_reres.pdb BC A 6.10413 32.6782 -4.37141 -7.51363 -6.72176 -23.8111 -0.679816 43.5922 -23.72 3.04124 8.70704 2.47798 0 0 0 0.256375 3.18331 0 0 0 0 0 0 2.384 303 51 0 0 0
./complex_md-fit-dt500_366.pdb_reres.pdb BC A 9.82619 28.1665 -8.38052 -10.9784 -7.8081 -25.4763 -0.712963 45.1465 -25.4627 3.22023 8.79152 4.7133 0 0 0 0.186382 3.19618 0 0 0 0 0 0 2.384 303 51 0 0 0
./complex_md-fit-dt500_367.pdb_reres.pdb BC A 9.39616 28.5735 -10.9933 -11.1259 -10.106 -26.8895 -0.539226 45.6279 -27.0327 6.02563 8.26782 4.18774 0 0 0 0.612867 4.53805 -0.0218912 0 0 0 0 0 2.384 303 56 0 0 0
./complex_md-fit-dt500_368.pdb_reres.pdb BC A 6.45897 28.0793 -10.9016 -11.9542 -6.74284 -25.3543 -0.68225 42.7844 -25.1232 5.82341 8.29167 1.91389 0 0 0 0.167277 2.97925 -0.0255627 0 0 0 0 0 2.384 303 53 0 0 0
./complex_md-fit-dt500_369.pdb_reres.pdb BC A 8.8097 40.4153 -17.622 -9.5458 -11.3545 -25.1968 -0.574298 40.0836 -25.6167 4.57254 7.53185 1.78392 0 0 0 0.713221 3.3117 -0.0190194 0 0 0 0 0 2.384 303 50 0 0 0
./complex_md-fit-dt500_36.pdb_reres.pdb BC A 8.76114 23.3533 -12.6948 -7.3688 -6.27573 -23.8699 -0.338969 40.5876 -24.1863 1.00877 5.10416 2.23285 0 0 0 0.439374 2.5729 -0.0277893 0 0 0 0 0 2.384 303 53 0 0 0
./complex_md-fit-dt500_370.pdb_reres.pdb BC A 7.08542 30.5882 -14.7754 -9.23839 -11.2191 -23.0236 -0.797346 37.3361 -22.5408 3.11418 9.05359 2.11582 0 0 0 0.421924 2.97677 -0.00264331 0 0 0 0 0.00485393 2.384 303 52 0 0 0
./complex_md-fit-dt500_371.pdb_reres.pdb BC A 9.30937 37.3329 -3.71632 -6.80601 -8.13168 -24.061 -0.574913 40.3995 -23.8371 8.3229 7.01214 3.50114 0 0 0 0.458653 2.85021 0 0 0 0 0 0 2.384 303 54 2 2 0
./complex_md-fit-dt500_372.pdb_reres.pdb BC A 7.89869 29.3959 -10.2734 -9.12146 -9.45791 -25.3275 -0.734156 43.8837 -25.2492 4.38326 8.41579 2.5883 0 0 0 0.363562 4.12002 -0.0178156 0 0 0 0 0 2.384 303 53 0 0 0
./complex_md-fit-dt500_373.pdb_reres.pdb BC A 9.934 35.6703 -7.01077 -9.97041 -9.33907 -26.0889 -0.57964 45.1811 -25.7657 6.01495 8.30286 4.05927 0 0 0 1.15392 3.32977 0.0209144 0 0 0 0 0 2.384 303 53 0 0 0
./complex_md-fit-dt500_374.pdb_reres.pdb BC A 8.90338 32.3735 -14.8409 -10.9188 -8.90558 -25.6038 -0.48728 41.9846 -25.7821 2.90359 8.41595 2.87907 0 0 0 0.72097 3.15434 -0.0475776 0 0 0 0 0 2.384 303 55 0 0 0
./complex_md-fit-dt500_375.pdb_reres.pdb BC A 9.20098 26.663 -10.4661 -11.1605 -8.86458 -26.0279 -0.946991 43.6962 -26.691 6.99879 9.43966 2.68653 0 0 0 0.458866 2.74359 -0.0551669 0 0 0 0 0 2.384 303 56 1 1 0
./complex_md-fit-dt500_376.pdb_reres.pdb BC A 7.40931 32.1638 -14.8063 -8.31674 -9.84802 -25.8261 -1.06377 45.0027 -26.1663 1.80244 7.33953 1.81286 0 0 0 0.473737 2.5589 -0.0165856 0 0 0 0 0 2.384 303 54 0 0 0
./complex_md-fit-dt500_377.pdb_reres.pdb BC A 9.01101 27.3645 -11.5922 -9.14237 -10.0457 -26.4345 -1.09253 45.634 -26.6099 4.71057 8.32685 2.81478 0 0 0 0.299514 5.34314 -0.0528398 0 0 0 0 0 2.384 303 55 1 0 1
./complex_md-fit-dt500_378.pdb_reres.pdb BC A 6.4384 32.5512 -9.5415 -8.74053 -8.63861 -25.6146 -1.02171 43.6636 -26.1531 6.50222 6.93382 2.89399 0 0 0 0.640246 4.15853 -0.00690979 0 0 0 0 0 2.384 303 55 2 2 0
./complex_md-fit-dt500_379.pdb_reres.pdb BC A 7.68449 35.176 -8.34713 -7.8507 -9.45273 -25.9954 -0.921514 45.139 -26.0502 3.6011 8.36467 4.42787 0 0 0 0.428811 2.90588 -0.0380671 0 0 0 0 0 2.384 303 55 0 0 0
./complex_md-fit-dt500_37.pdb_reres.pdb BC A 7.04891 23.3266 -11.1742 -9.95642 -7.2179 -24.2833 -0.269354 41.7422 -25.356 2.93071 7.1859 3.46654 0 0 0 0.592938 4.18617 -0.00956414 0 0 0 0 0 2.384 303 56 0 0 0
./complex_md-fit-dt500_380.pdb_reres.pdb BC A 10.1939 34.461 -10.7776 -10.7306 -6.31923 -27.4849 -1.07201 46.9944 -27.7097 4.0136 8.42086 2.41393 0 0 0 0.733746 2.34585 -0.0377112 0 0 0 0 0 2.384 303 57 0 0 0
./complex_md-fit-dt500_381.pdb_reres.pdb BC A 8.04441 31.358 -4.54024 -6.44546 -8.08791 -24.1664 -0.870778 42.3426 -24.2353 5.29306 8.3177 2.82965 0 0 0 0.495153 2.74288 -0.0125819 0 0 0 0 0 2.384 303 52 0 0 0
./complex_md-fit-dt500_382.pdb_reres.pdb BC A 6.39751 28.693 -11.6839 -9.48305 -10.5018 -25.1147 -1.02045 43.1432 -24.3922 3.88854 8.58873 2.88511 0 0 0 0.345236 2.67849 -0.0225651 0 0 0 0 0 2.384 303 52 0 0 0
./complex_md-fit-dt500_383.pdb_reres.pdb BC A 6.39636 36.7395 -12.1986 -10.5124 -10.796 -26.1001 -1.20319 43.7076 -26.3464 6.91634 8.53774 2.56616 0 0 0 1.044 2.34215 -0.012316 0 0 0 0 0 2.384 303 53 1 1 0
./complex_md-fit-dt500_384.pdb_reres.pdb BC A 9.44858 37.2104 -7.66203 -9.81627 -8.20621 -25.6358 -0.930697 43.2525 -25.623 7.09154 7.57508 4.24372 0 0 0 0.409303 2.24501 -0.0221466 0 0 0 0 0 2.384 303 51 0 0 0
./complex_md-fit-dt500_385.pdb_reres.pdb BC A 7.64839 30.1029 -4.19997 -8.38096 -6.78855 -25.9546 -0.86143 45.9258 -26.0889 5.71972 7.83674 3.85801 0 0 0 0.562404 3.59503 -0.0282105 0 0 0 0 0 2.384 303 52 0 0 0
./complex_md-fit-dt500_386.pdb_reres.pdb BC A 6.18372 36.1924 -7.15122 -8.99588 -8.66449 -24.8471 -0.581127 42.7337 -24.5678 7.40237 8.08171 1.93092 0 0 0 0.356448 2.91972 -5.55112e-17 0 0 0 0 0 2.384 303 54 1 1 0
./complex_md-fit-dt500_387.pdb_reres.pdb BC A 7.32763 34.3821 -8.90521 -11.2513 -8.73191 -26.8155 -0.888748 43.7841 -27.3543 9.88379 8.50444 2.86816 0 0 0 1.13772 2.54633 -0.0416003 0 0 0 0 0 2.384 303 55 3 3 0
./complex_md-fit-dt500_388.pdb_reres.pdb BC A 6.14702 30.8055 -9.85639 -9.94568 -10.7812 -26.0557 -0.843407 44.3905 -26.3874 9.14996 7.77363 2.65494 0 0 0 0.246384 2.6443 -0.0585255 0 0 0 0 0 2.384 303 55 1 1 0
./complex_md-fit-dt500_389.pdb_reres.pdb BC A 6.5987 48.2427 -8.4633 -8.64182 -8.48904 -25.8018 -1.00816 45.6612 -26.3571 4.48939 7.74969 3.3607 0 0 0 0.573646 3.21194 -5.55112e-17 0 0 0 0 0 2.384 303 56 0 0 0
./complex_md-fit-dt500_38.pdb_reres.pdb BC A 6.02567 31.1885 -10.9037 -8.38317 -5.13129 -22.2181 -0.350427 37.1179 -23.2767 3.85097 5.65123 1.60135 0 0 0 0.271461 2.86223 -0.0368159 0 0 0 0 0 2.384 303 51 0 0 0
./complex_md-fit-dt500_390.pdb_reres.pdb BC A 7.09346 28.8401 -13.322 -8.99137 -10.1555 -23.6535 -0.730073 40.5125 -23.3608 3.34735 7.24386 2.1782 0 0 0 0.304689 2.25321 -0.0173173 0 0 0 0 0 2.384 303 52 0 0 0
./complex_md-fit-dt500_391.pdb_reres.pdb BC A 6.34057 36.1195 -8.74005 -9.81194 -9.75864 -25.3224 -0.80052 44.2755 -25.6924 6.22115 9.52548 2.17523 0 0 0 0.465503 2.49476 -0.0170597 0 0 0 0 0 2.384 303 56 1 1 0
./complex_md-fit-dt500_392.pdb_reres.pdb BC A 8.13971 24.356 -4.97224 -7.64255 -8.77835 -24.833 -0.701188 44.3917 -24.8337 5.40973 8.26327 2.9597 0 0 0 0.791963 2.44204 0.0001631 0 0 0 0 2.22045e-16 2.384 303 55 0 0 0
./complex_md-fit-dt500_393.pdb_reres.pdb BC A 8.50903 40.3192 -8.58211 -9.54408 -7.47533 -24.6931 -0.792124 42.4965 -24.9956 5.25136 7.69955 3.02331 0 0 0 0.459096 2.76349 -0.0116543 0 0 0 0 2.22045e-16 2.384 303 52 2 2 0
./complex_md-fit-dt500_394.pdb_reres.pdb BC A 8.70141 30.8858 -13.2996 -10.3583 -8.61478 -24.5627 -0.615656 42.4307 -24.781 3.04254 6.84079 2.80147 0 0 0 0.541835 2.57961 -0.024473 0 0 0 0 0 2.384 303 54 0 0 0
./complex_md-fit-dt500_395.pdb_reres.pdb BC A 8.94557 34.0933 -8.94529 -8.32879 -8.97213 -24.4301 -0.70493 41.5745 -24.7421 5.88454 8.2392 2.24471 0 0 0 0.268703 2.2605 0.0211144 0 0 0 0 0 2.384 303 54 1 1 0
./complex_md-fit-dt500_396.pdb_reres.pdb BC A 7.77084 36.3818 -12.1731 -10.1504 -9.31889 -26.2911 -0.745894 44.0417 -26.3117 5.71216 8.19568 1.92337 0 0 0 0.741118 2.9474 0.0308236 0 0 0 0 0 2.384 303 53 1 1 0
./complex_md-fit-dt500_397.pdb_reres.pdb BC A 7.59736 34.228 -7.12474 -9.35552 -6.19219 -24.7621 -0.747767 42.2994 -24.8821 6.90241 7.3358 2.06969 0 0 0 0.226189 2.82795 -0.0185997 0 0 0 0 0 2.384 303 52 1 1 0
./complex_md-fit-dt500_398.pdb_reres.pdb BC A 7.60024 33.6272 -2.13716 -6.32192 -8.55268 -24.6507 -0.692918 44.4529 -24.3628 6.95773 8.68185 1.88179 0 0 0 0.49255 2.98917 -0.0229351 0 0 0 0 0 2.384 303 56 2 2 0
./complex_md-fit-dt500_399.pdb_reres.pdb BC A 9.08581 34.3686 -10.2203 -7.03186 -9.77843 -23.2415 -0.836599 39.7008 -23.1805 3.50658 7.86771 2.231 0 0 0 0.559365 2.26114 -0.0168789 0 0 0 0 0 2.384 303 52 0 0 0
./complex_md-fit-dt500_39.pdb_reres.pdb BC A 7.93 29.6509 -9.55713 -8.5773 -5.11876 -23.1916 -0.342155 39.0352 -23.7119 3.47309 6.07565 2.62994 0 0 0 0.194654 3.02842 -0.0240243 0 0 0 0 0 2.384 303 53 0 0 0
./complex_md-fit-dt500_3.pdb_reres.pdb BC A 8.59564 32.5634 -15.3515 -8.89515 -7.93665 -23.7254 -0.270287 38.8873 -24.3494 0.809381 5.61125 3.49178 0 0 0 1.04354 3.34077 -0.0178323 0 0 0 0 0 2.384 303 51 0 0 0
./complex_md-fit-dt500_400.pdb_reres.pdb BC A 7.52626 34.387 -9.88229 -8.69882 -9.45451 -24.441 -0.735088 41.6866 -24.4387 4.74606 8.8829 2.05545 0 0 0 0.514827 2.85267 1.11022e-16 0 0 0 0 0 2.384 303 50 0 0 0
./complex_md-fit-dt500_401.pdb_reres.pdb BC A 7.9646 29.7303 -5.35217 -8.18566 -8.92665 -24.5562 -0.906501 41.9441 -24.1435 9.30503 7.70992 1.96243 0 0 0 0.451518 2.94776 -0.0136878 0 0 0 0 0.00707203 2.384 303 54 3 3 0
./complex_md-fit-dt500_402.pdb_reres.pdb BC A 7.95428 33.2761 -10.7956 -7.80658 -8.97284 -23.9385 -0.683535 41.0843 -23.4071 3.80624 6.08401 2.52312 0 0 0 0.538679 3.14022 -0.0234446 0 0 0 0 0 2.384 303 51 0 0 0
./complex_md-fit-dt500_403.pdb_reres.pdb BC A 8.14967 31.5693 -5.943 -4.80539 -6.61832 -22.7133 -0.757079 38.9712 -22.2899 3.62529 6.95864 1.49556 0 0 0 0.2007 2.56824 -0.0103796 0 0 0 0 0 2.384 303 51 0 0 0
./complex_md-fit-dt500_404.pdb_reres.pdb BC A 8.13774 30.9679 -7.4104 -8.73611 -10.152 -25.0655 -0.770436 44.5753 -24.485 5.7949 8.46129 2.04894 0 0 0 0.907302 3.07883 0.0110507 0 0 0 0 0 2.384 303 52 0 0 0
./complex_md-fit-dt500_405.pdb_reres.pdb BC A 10.5255 37.192 -6.95662 -7.14812 -8.55718 -24.1306 -0.786742 41.9665 -23.842 5.73377 6.83981 2.65543 0 0 0 0.299025 2.44579 0.0134709 0 0 0 0 0 2.384 303 54 0 0 0
./complex_md-fit-dt500_406.pdb_reres.pdb BC A 6.53334 27.1453 -9.76158 -8.52671 -10.1167 -24.3509 -0.826446 39.2234 -24.2734 8.54642 7.44064 2.34776 0 0 0 0.749486 2.87738 0.0189087 0 0 0 0 0.00590734 2.384 303 50 2 2 0
./complex_md-fit-dt500_407.pdb_reres.pdb BC A 7.42904 30.3083 -2.55616 -5.85062 -6.39548 -23.7378 -0.533489 40.4582 -23.5808 7.75183 6.13591 2.87702 0 0 0 0.350934 2.71392 -0.0319105 0 0 0 0 0 2.384 303 53 1 1 0
./complex_md-fit-dt500_408.pdb_reres.pdb BC A 7.21886 22.9855 -4.66535 -7.07483 -9.57641 -24.614 -0.869333 45.0688 -23.5912 6.30727 7.99289 1.29261 0 0 0 0.407509 2.79656 -0.00871117 0 0 0 0 0 2.384 303 51 2 2 0
./complex_md-fit-dt500_409.pdb_reres.pdb BC A 7.62207 25.6527 -6.5201 -6.39117 -10.2854 -23.5759 -0.771338 41.1994 -23.2336 5.87032 8.54942 1.75459 0 0 0 0.363589 2.61687 -1.11022e-16 0 0 0 0 0 2.384 303 49 0 0 0
./complex_md-fit-dt500_40.pdb_reres.pdb BC A 9.42047 32.6342 -9.03355 -8.56337 -6.86791 -23.1476 -0.454768 39.5168 -24.1489 2.47821 7.7253 4.18945 0 0 0 0.264318 2.68669 -0.0250117 0 0 0 0 0 2.384 303 52 0 0 0
./complex_md-fit-dt500_410.pdb_reres.pdb BC A 8.28542 28.3426 2.60802 -5.10943 -7.67316 -23.1016 -0.986336 40.9475 -22.8575 10.3121 6.88265 3.93901 0 0 0 0.254805 2.3743 0 0 0 0 0 0 2.384 303 52 3 3 0
./complex_md-fit-dt500_411.pdb_reres.pdb BC A 9.7805 31.9256 -4.20619 -8.11198 -9.24846 -24.7518 -0.858147 44.1453 -23.6809 7.41199 8.31178 2.13212 0 0 0 0.418626 2.98655 0.0253836 0 0 0 0 0 2.384 303 49 1 1 0
./complex_md-fit-dt500_412.pdb_reres.pdb BC A 7.17115 30.955 -5.85029 -4.49532 -6.05218 -22.7048 -0.716443 37.8053 -22.1094 6.26847 5.15597 0.760407 0 0 0 0.251604 2.44446 -0.0138906 0 0 0 0 0 2.384 303 50 1 1 0
./complex_md-fit-dt500_413.pdb_reres.pdb BC A 7.82237 36.2711 -11.0322 -6.84721 -9.59824 -22.787 -0.873648 38.466 -22.4175 4.55201 5.9137 2.33197 0 0 0 0.226838 2.47429 0.000923281 0 0 0 0 0 2.384 303 55 0 0 0
./complex_md-fit-dt500_414.pdb_reres.pdb BC A 9.32316 35.3136 -11.9573 -8.32365 -9.88836 -22.4136 -0.813492 36.4365 -22.3323 5.06682 7.57322 2.28518 0 0 0 0.447067 2.50681 0.00530627 0 0 0 0 0 2.384 303 48 0 0 0
./complex_md-fit-dt500_415.pdb_reres.pdb BC A 6.79385 28.3896 -7.63156 -7.50008 -8.03361 -23.9362 -0.602027 40.8776 -23.4077 4.97823 6.31658 3.30125 0 0 0 0.389542 2.7168 -0.0204407 0 0 0 0 0.00535226 2.384 303 53 0 0 0
./complex_md-fit-dt500_416.pdb_reres.pdb BC A 6.01989 25.8872 -6.97808 -3.24378 -8.1178 -25.3102 -0.767924 43.794 -26.0045 4.96689 6.30507 0.905766 0 0 0 0.502926 3.11526 -0.0151069 0 0 0 0 0.00656443 2.384 303 53 1 1 0
./complex_md-fit-dt500_417.pdb_reres.pdb BC A 10.3163 32.732 -8.31732 -8.60826 -8.68355 -23.2876 -0.672842 39.8524 -23.3016 4.16222 7.48881 4.39681 0 0 0 0.350462 2.53509 -0.0205063 0 0 0 0 0.00635084 2.384 303 53 0 0 0
./complex_md-fit-dt500_418.pdb_reres.pdb BC A 6.83449 35.7591 -7.32097 -8.26537 -8.45415 -23.5462 -0.770221 40.2363 -23.3725 6.12398 7.74549 2.60168 0 0 0 0.390049 2.94065 -0.0158189 0 0 0 0 0.0057524 2.384 303 51 1 1 0
./complex_md-fit-dt500_419.pdb_reres.pdb BC A 10.4362 32.6125 -6.29208 -7.429 -8.93305 -22.0177 -0.759876 36.8182 -21.4806 7.66634 6.78711 2.47903 0 0 0 0.558643 2.43901 0.0189328 0 0 0 0 0 2.384 303 48 1 1 0
./complex_md-fit-dt500_41.pdb_reres.pdb BC A 6.8224 31.96 -6.85285 -7.52795 -6.4703 -21.7165 -0.3918 38.1467 -21.7708 3.54245 6.27684 2.90282 0 0 0 0.181747 2.77758 -0.0260286 0 0 0 0 0 2.384 303 48 0 0 0
./complex_md-fit-dt500_420.pdb_reres.pdb BC A 7.56751 31.3074 -5.58208 -7.71779 -8.51397 -22.5812 -0.649312 37.3666 -22.5159 8.18668 7.53103 3.00005 0 0 0 0.340565 2.46806 -0.0288211 0 0 0 0 0 2.384 303 51 1 1 0
./complex_md-fit-dt500_421.pdb_reres.pdb BC A 7.34429 30.2026 -9.19299 -8.17696 -10.1399 -23.5012 -0.510825 39.823 -23.0351 5.21465 7.40572 3.23708 0 0 0 0.525388 2.40629 -0.034866 0 0 0 0 0 2.384 303 50 0 0 0
./complex_md-fit-dt500_422.pdb_reres.pdb BC A 9.13342 30.2319 -5.81905 -7.85455 -7.55092 -23.3408 -0.627308 40.0086 -23.0057 6.32808 7.04099 2.80295 0 0 0 0.419718 2.56316 -0.0401216 0 0 0 0 2.22045e-16 2.384 303 52 0 0 0
./complex_md-fit-dt500_423.pdb_reres.pdb BC A 12.6147 28.2503 -7.78698 -7.70002 -7.36246 -23.7496 -0.684671 39.6806 -24.2387 5.46233 6.60534 3.6404 0 0 0 0.538676 2.60518 0.0211152 0 0 0 0 0 2.384 303 51 0 0 0
./complex_md-fit-dt500_424.pdb_reres.pdb BC A 8.22689 31.5882 -12.5254 -10.0713 -10.307 -25.2863 -0.837438 41.8138 -25.2359 5.74491 8.37794 2.89431 0 0 0 0.402955 2.90434 -0.0215141 0 0 0 0 0 2.384 303 55 1 1 0
./complex_md-fit-dt500_425.pdb_reres.pdb BC A 9.47368 31.6838 -9.68156 -8.1971 -9.68588 -23.7259 -0.781695 40.2231 -23.4284 5.85444 7.00511 2.79273 0 0 0 0.247028 2.65151 0.0150308 0 0 0 0 2.22045e-16 2.384 303 51 1 1 0
./complex_md-fit-dt500_426.pdb_reres.pdb BC A 9.54247 32.8745 -7.46642 -6.75057 -9.16721 -23.4355 -0.744616 40.5477 -23.4492 6.17098 7.27689 1.65499 0 0 0 0.45911 2.34951 -0.0289899 0 0 0 0 0 2.384 303 53 1 1 0
./complex_md-fit-dt500_427.pdb_reres.pdb BC A 7.73501 27.7397 -8.93665 -7.93449 -9.84306 -24.0807 -0.851082 40.6972 -23.8679 7.62397 6.58901 1.70934 0 0 0 1.03868 2.5951 -0.0175773 0 0 0 0 0 2.384 303 54 2 2 0
./complex_md-fit-dt500_428.pdb_reres.pdb BC A 9.05475 35.6217 -9.12056 -9.09242 -7.71081 -25.1011 -0.584063 42.5565 -24.8672 5.61795 6.12785 3.40204 0 0 0 0.555245 2.46395 -0.0245901 0 0 0 0 0 2.384 303 57 0 0 0
./complex_md-fit-dt500_429.pdb_reres.pdb BC A 6.20322 31.5518 -7.54447 -8.6268 -10.4438 -26.9525 -0.74872 46.5205 -26.9348 7.60584 9.07701 2.31396 0 0 0 0.653005 3.07961 -0.00818752 0 0 0 0 0 2.384 303 56 1 1 0
./complex_md-fit-dt500_42.pdb_reres.pdb BC A 6.87659 38.4985 -9.49633 -7.29809 -7.17413 -21.4894 -0.318192 37.2506 -21.7481 0.932947 7.33835 2.68473 0 0 0 0.346731 2.57032 -0.0217682 0 0 0 0 0 2.384 303 52 0 0 0
./complex_md-fit-dt500_430.pdb_reres.pdb BC A 9.06319 29.1407 -1.51552 -7.26719 -7.76261 -25.2554 -0.746561 44.7188 -25.651 11.1534 7.51229 1.2104 0 0 0 0.60677 3.24489 -0.0343991 0 0 0 0 0 2.384 303 54 3 3 0
./complex_md-fit-dt500_431.pdb_reres.pdb BC A 8.54188 36.8 -10.2016 -8.05605 -10.6959 -25.5005 -0.864039 44.2589 -25.3396 3.5972 8.8094 3.03992 0 0 0 0.547514 2.70853 -0.00593335 0 0 0 0 0.00748192 2.384 303 56 0 0 0
./complex_md-fit-dt500_432.pdb_reres.pdb BC A 7.10227 29.3782 1.45378 -6.71101 -6.56046 -26.6105 -0.691599 47.933 -26.252 9.48447 7.43913 3.31289 0 0 0 0.0919538 3.75317 0.0178529 0 0 0 0 0 2.384 303 55 2 2 0
./complex_md-fit-dt500_433.pdb_reres.pdb BC A 7.51271 29.1247 -7.01805 -9.21369 -11.0426 -26.8457 -0.708873 45.9485 -26.2056 6.84797 9.93927 3.40051 0 0 0 0.834745 3.03493 0.021289 0 0 0 0 0.00620047 2.384 303 55 1 1 0
./complex_md-fit-dt500_434.pdb_reres.pdb BC A 8.58086 27.2675 -11.9956 -9.4075 -9.71641 -24.4641 -0.816557 41.5229 -24.3965 5.76144 6.82981 2.46998 0 0 0 0.24109 2.32594 -0.0197272 0 0 0 0 0 2.384 303 52 1 1 0
./complex_md-fit-dt500_435.pdb_reres.pdb BC A 6.42535 30.9597 -1.5684 -7.85724 -5.99489 -25.1694 -0.622068 42.9608 -25.529 9.9882 8.48345 1.75286 0 0 0 0.438345 2.53242 -0.0194413 0 0 0 0 0 2.384 303 53 2 2 0
./complex_md-fit-dt500_436.pdb_reres.pdb BC A 6.40077 28.1178 -10.7672 -8.00125 -9.06709 -24.6765 -0.695666 42.1377 -25.0722 4.42272 7.8165 1.98359 0 0 0 0.385072 2.34871 0 0 0 0 0 0 2.384 303 53 0 0 0
./complex_md-fit-dt500_437.pdb_reres.pdb BC A 7.07086 33.319 -12.8897 -9.72293 -10.0204 -25.7398 -0.878196 43.477 -25.0184 4.617 8.26927 1.63465 0 0 0 0.514301 3.02679 -0.0274333 0 0 0 0 0.00532025 2.384 303 55 1 1 0
./complex_md-fit-dt500_438.pdb_reres.pdb BC A 8.39859 48.5185 -8.4118 -6.75092 -9.41729 -23.8506 -0.621353 41.1445 -23.7897 4.46538 7.11614 3.05015 0 0 0 0.256243 2.47548 -0.014275 0 0 0 0 0 2.384 303 51 0 0 0
./complex_md-fit-dt500_439.pdb_reres.pdb BC A 8.82399 34.7859 -6.48552 -8.07205 -8.9553 -24.9526 -0.786946 42.6655 -25.3223 8.20627 7.73566 2.73298 0 0 0 0.278845 2.62717 -0.0155659 0 0 0 0 0 2.384 303 53 1 1 0
./complex_md-fit-dt500_43.pdb_reres.pdb BC A 7.8589 27.5423 -4.24132 -8.24767 -4.61358 -24.7497 -0.29634 42.7173 -25.1062 6.72714 6.55835 2.18358 0 0 0 0.613583 2.83312 -0.0277691 0 0 0 0 0 2.384 303 52 1 1 0
./complex_md-fit-dt500_440.pdb_reres.pdb BC A 9.64217 35.8801 -12.8834 -9.31265 -7.85098 -25.6145 -0.716219 43.7449 -26.1497 3.22263 7.42497 2.00526 0 0 0 0.404786 2.91505 -0.0419699 0 0 0 0 0 2.384 303 57 0 0 0
./complex_md-fit-dt500_441.pdb_reres.pdb BC A 7.10145 34.009 -5.3991 -8.02205 -8.29067 -25.1933 -0.834793 42.896 -25.4508 8.54779 7.43673 2.74615 0 0 0 0.788356 2.3637 -0.0225113 0 0 0 0 0 2.384 303 54 1 1 0
./complex_md-fit-dt500_442.pdb_reres.pdb BC A 8.98379 38.4647 -5.73855 -8.04137 -8.373 -24.0741 -0.748768 40.8794 -24.6823 9.08562 7.17047 2.3768 0 0 0 0.675512 2.20272 -0.00684688 0 0 0 0 0 2.384 303 52 1 1 0
./complex_md-fit-dt500_443.pdb_reres.pdb BC A 8.58238 37.6019 -11.929 -8.38594 -8.68356 -24.9906 -0.829702 42.2246 -25.0931 3.46514 7.50146 2.19456 0 0 0 0.667548 2.61196 0.000561276 0 0 0 0 0 2.384 303 53 0 0 0
./complex_md-fit-dt500_444.pdb_reres.pdb BC A 8.66039 30.0974 -2.3545 -6.06695 -7.5403 -24.8181 -0.678008 43.5838 -25.2521 7.35213 7.97025 2.71287 0 0 0 0.382013 2.56631 -5.55112e-17 0 0 0 0 0 2.384 303 55 1 1 0
./complex_md-fit-dt500_445.pdb_reres.pdb BC A 10.4049 34.3195 -3.79088 -7.31455 -7.64005 -23.7 -0.747881 40.2002 -23.4323 8.3465 6.57214 3.50109 0 0 0 0.44216 2.05211 -0.026481 0 0 0 0 0.00830971 2.384 303 54 2 2 0
./complex_md-fit-dt500_446.pdb_reres.pdb BC A 7.91542 31.983 -11.7693 -6.59504 -9.12682 -23.9431 -0.838371 40.5805 -24.2918 1.64098 8.03056 2.34603 0 0 0 0.440352 2.37841 -0.0188571 0 0 0 0 0.00635645 2.384 303 52 0 0 0
./complex_md-fit-dt500_447.pdb_reres.pdb BC A 8.62606 23.6382 -10.6225 -7.96077 -8.24059 -23.9549 -0.768361 40.8216 -24.2224 5.63934 6.41238 1.40445 0 0 0 0.24677 3.70628 0 0 0 0 0 0 2.384 303 53 1 1 0
./complex_md-fit-dt500_448.pdb_reres.pdb BC A 9.09487 33.4155 -4.70493 -8.00129 -9.85314 -24.6105 -0.707131 42.0982 -24.3203 7.52011 8.82407 3.68565 0 0 0 0.659465 2.38157 0 0 0 0 0 0 2.384 303 54 2 2 0
./complex_md-fit-dt500_449.pdb_reres.pdb BC A 6.88575 30.0779 -10.0169 -9.73112 -10.8601 -24.6223 -0.626855 43.0019 -24.3966 4.47972 9.22549 2.80051 0 0 0 0.727254 2.59743 -0.0147552 0 0 0 0 0 2.384 303 57 1 1 0
./complex_md-fit-dt500_44.pdb_reres.pdb BC A 8.38687 27.8792 -9.13218 -6.63747 -5.9427 -21.7881 -0.451703 37.7881 -22.4595 0.865598 5.43598 3.78503 0 0 0 0.300882 2.14158 -0.0283294 0 0 0 0 0 2.384 303 52 0 0 0
./complex_md-fit-dt500_450.pdb_reres.pdb BC A 6.90291 32.1142 -8.69175 -8.73269 -7.91065 -25.169 -0.650568 43.4963 -25.2393 5.75183 7.23909 2.31677 0 0 0 0.206499 2.92175 -5.55112e-17 0 0 0 0 0 2.384 303 55 1 1 0
./complex_md-fit-dt500_451.pdb_reres.pdb BC A 8.69176 33.8407 -11.8217 -9.52986 -8.84113 -25.5617 -0.657423 43.0201 -25.6928 5.52989 7.26488 2.14447 0 0 0 0.484395 2.82507 0.0174601 0 0 0 0 0 2.384 303 55 0 0 0
./complex_md-fit-dt500_452.pdb_reres.pdb BC A 7.87959 34.2987 -3.74472 -7.67043 -8.25025 -25.1945 -0.619231 44.6682 -25.3418 7.55796 8.18796 2.48245 0 0 0 0.460716 2.57113 -0.0258442 0 0 0 0 0 2.384 303 57 2 2 0
./complex_md-fit-dt500_453.pdb_reres.pdb BC A 7.52014 37.4633 -5.89746 -8.48677 -7.83206 -25.2755 -0.644183 45.0581 -25.062 4.15699 8.54168 3.27784 0 0 0 0.391598 3.4949 -0.0231005 0 0 0 0 0 2.384 303 55 0 0 0
./complex_md-fit-dt500_454.pdb_reres.pdb BC A 7.42226 30.6405 -1.86096 -6.91877 -8.50716 -24.6384 -0.775799 43.4063 -24.3889 8.86886 8.06452 2.45139 0 0 0 0.587968 2.55693 -0.0110111 0 0 0 0 0 2.384 303 52 1 1 0
./complex_md-fit-dt500_455.pdb_reres.pdb BC A 7.58281 33.5948 -10.9584 -9.2736 -9.53848 -23.9196 -0.71241 40.0368 -24.4218 5.42268 8.12215 2.78597 0 0 0 0.557836 2.27399 -0.0179624 0 0 0 0 0 2.384 303 55 1 1 0
./complex_md-fit-dt500_456.pdb_reres.pdb BC A 8.4942 33.4571 -7.97454 -8.80253 -10.3685 -24.3094 -0.862037 43.5697 -23.7898 6.54853 8.38033 1.45648 0 0 0 0.216291 2.77936 -0.018992 0 0 0 0 0.00539608 2.384 303 54 1 1 0
./complex_md-fit-dt500_457.pdb_reres.pdb BC A 6.67426 32.1936 -8.50512 -7.70294 -8.34439 -24.6013 -0.52996 42.6876 -24.6142 3.65839 6.80045 4.0535 0 0 0 0.128501 2.72062 -0.0407791 0 0 0 0 0 2.384 303 52 0 0 0
./complex_md-fit-dt500_458.pdb_reres.pdb BC A 7.60319 37.7548 -12.84 -8.94585 -10.889 -25.7453 -0.719302 42.9238 -25.7807 4.91303 8.13938 2.37088 0 0 0 0.86834 2.53615 0.0182512 0 0 0 0 0.00638174 2.384 303 52 0 0 0
./complex_md-fit-dt500_459.pdb_reres.pdb BC A 6.82295 35.5884 -9.51805 -7.31232 -10.5378 -24.3029 -0.757314 40.5752 -24.3393 5.9468 8.14023 2.66359 0 0 0 0.418985 2.60853 -0.0185972 0 0 0 0 0.00532489 2.384 303 53 1 1 0
./complex_md-fit-dt500_45.pdb_reres.pdb BC A 9.83311 28.5348 -10.1606 -8.38947 -5.13199 -21.2243 -0.377079 35.6941 -21.6932 1.78474 5.69747 2.5818 0 0 0 0.940371 3.40708 -0.0430393 0 0 0 0 0 2.384 303 52 0 0 0
./complex_md-fit-dt500_460.pdb_reres.pdb BC A 7.15889 31.5759 -8.22463 -7.84454 -8.3736 -23.8038 -0.595082 39.8561 -24.4766 6.52171 7.70668 2.21761 0 0 0 0.580003 2.77136 -0.0206276 0 0 0 0 0.00742982 2.384 303 51 0 0 0
./complex_md-fit-dt500_461.pdb_reres.pdb BC A 7.50875 30.486 -8.75938 -7.60111 -10.5647 -24.5068 -0.680667 41.1035 -24.6323 5.56038 9.3291 2.86839 0 0 0 0.38044 2.43413 -0.0211596 0 0 0 0 0.00557699 2.384 303 54 0 0 0
./complex_md-fit-dt500_462.pdb_reres.pdb BC A 8.90745 24.0998 -5.40475 -8.07157 -8.18694 -23.6887 -0.688735 41.7936 -23.7298 5.57578 8.09125 3.14213 0 0 0 0.352921 2.73203 -0.0012027 0 0 0 0 0.00647435 2.384 303 54 0 0 0
./complex_md-fit-dt500_463.pdb_reres.pdb BC A 7.4516 29.3224 -8.05503 -5.83514 -9.53188 -23.6073 -0.677992 39.0786 -24.0347 4.94773 8.271 2.63065 0 0 0 0.704036 2.36025 0 0 0 0 0 0 2.384 303 54 0 0 0
./complex_md-fit-dt500_464.pdb_reres.pdb BC A 7.24322 31.0102 -7.0662 -7.21901 -10.391 -23.7915 -0.718834 40.8811 -24.0299 7.17794 8.46321 1.74292 0 0 0 0.840185 2.61721 -0.0278504 0 0 0 0 0.00650997 2.384 303 55 1 1 0
./complex_md-fit-dt500_465.pdb_reres.pdb BC A 9.14835 35.3591 -4.67527 -8.20466 -7.09152 -23.6841 -0.918971 41.8337 -23.9412 5.68728 7.27832 3.80995 0 0 0 0.577863 2.24584 -0.0218669 0 0 0 0 0 2.384 303 51 1 1 0
./complex_md-fit-dt500_466.pdb_reres.pdb BC A 7.8774 32.5406 -11.0449 -8.47469 -10.5779 -24.3703 -0.841992 40.579 -24.4825 6.5089 7.98946 2.25769 0 0 0 0.378781 2.81498 -0.0114327 0 0 0 0 0 2.384 303 55 1 1 0
./complex_md-fit-dt500_467.pdb_reres.pdb BC A 6.18859 27.7413 -7.87031 -7.15047 -9.32527 -26.3699 -0.725237 46.2219 -26.4875 3.14706 8.61768 3.99562 0 0 0 0.258256 3.23216 -0.0524279 0 0 0 0 0 2.384 303 54 0 0 0
./complex_md-fit-dt500_468.pdb_reres.pdb BC A 7.69052 29.2343 -9.36962 -8.12386 -11.36 -25.8552 -0.802936 45.4927 -25.6869 5.8294 8.53456 2.18976 0 0 0 0.422696 3.14884 -0.00988789 0 0 0 0 0 2.384 303 54 0 0 0
./complex_md-fit-dt500_469.pdb_reres.pdb BC A 9.58146 33.1261 -8.30721 -9.13226 -10.8886 -24.8015 -0.877186 42.0687 -25.0819 8.09081 8.71349 2.93112 0 0 0 0.676369 2.74621 -0.00633505 0 0 0 0 0 2.384 303 53 2 2 0
./complex_md-fit-dt500_46.pdb_reres.pdb BC A 9.86783 26.0123 -5.02168 -6.79207 -5.13611 -23.4959 -0.514361 41.5729 -24.1312 5.03434 6.50068 1.83751 0 0 0 0.127279 2.93386 -0.0247173 0 0 0 0 0 2.384 303 53 0 0 0
./complex_md-fit-dt500_470.pdb_reres.pdb BC A 9.53029 24.3075 -1.55724 -6.44687 -8.65758 -26.1332 -0.77988 45.028 -26.3948 11.4485 8.73673 1.29462 0 0 0 0.359004 2.70524 -0.0117493 0 0 0 0 0 2.384 303 53 1 1 0
./complex_md-fit-dt500_471.pdb_reres.pdb BC A 7.59837 29.0718 -5.88445 -7.50109 -7.16001 -25.0437 -0.75325 42.5145 -25.1947 5.86081 8.29004 2.74826 0 0 0 0.364091 2.78436 -0.00937647 0 0 0 0 0 2.384 303 53 0 0 0
./complex_md-fit-dt500_472.pdb_reres.pdb BC A 8.29908 30.4621 -6.74829 -9.5673 -7.2631 -24.8343 -0.656057 43.2114 -24.9374 6.32722 8.0028 2.44989 0 0 0 0.541678 2.92014 -0.0230243 0 0 0 0 0 2.384 303 54 0 0 0
./complex_md-fit-dt500_473.pdb_reres.pdb BC A 8.26199 29.9211 -9.14976 -8.17503 -8.70812 -23.8208 -0.656258 39.8324 -23.7608 5.82926 7.05303 2.86991 0 0 0 0.397005 2.55588 -0.0162723 0 0 0 0 0.00594219 2.384 303 51 0 0 0
./complex_md-fit-dt500_474.pdb_reres.pdb BC A 7.72062 34.4353 0.532959 -7.42685 -7.33484 -25.3116 -0.647913 45.8543 -25.2831 9.73497 8.2458 2.06137 0 0 0 0.644663 2.56419 -0.00374233 0 0 0 0 0 2.384 303 53 1 1 0
./complex_md-fit-dt500_475.pdb_reres.pdb BC A 7.52378 34.3155 -5.98768 -9.42242 -10.331 -25.9306 -0.79716 44.9857 -25.9521 9.19401 8.66966 2.57309 0 0 0 1.04038 2.82431 -0.0172886 0 0 0 0 0 2.384 303 55 2 2 0
./complex_md-fit-dt500_476.pdb_reres.pdb BC A 8.50169 28.3137 -14.8222 -9.63406 -8.47703 -24.0485 -0.814706 40.1383 -24.6491 2.50217 7.60649 2.1281 0 0 0 0.441985 2.22522 -0.0158715 0 0 0 0 0 2.384 303 54 0 0 0
./complex_md-fit-dt500_477.pdb_reres.pdb BC A 8.49358 38.4351 3.03849 -5.34888 -6.24567 -23.7592 -0.738792 42.7072 -24.1039 10.2795 6.50822 3.07851 0 0 0 0.664302 3.54767 -0.00271673 0 0 0 0 0 2.384 303 53 1 1 0
./complex_md-fit-dt500_478.pdb_reres.pdb BC A 9.66226 26.5273 -2.62686 -7.34814 -7.44311 -23.7947 -0.79192 39.9791 -23.922 8.04698 7.95373 4.21693 0 0 0 0.466934 2.75009 0.009302 0 0 0 0 0 2.384 303 52 1 1 0
./complex_md-fit-dt500_479.pdb_reres.pdb BC A 10.3346 26.6588 -7.15732 -7.70961 -9.14431 -25.3367 -0.671125 43.688 -25.7715 6.58358 7.86181 2.96442 0 0 0 0.401746 3.12922 -0.0236649 0 0 0 0 0 2.384 303 54 1 1 0
./complex_md-fit-dt500_47.pdb_reres.pdb BC A 9.13175 34.495 -11.4304 -9.7672 -5.30118 -23.3658 -0.432059 39.2172 -24.4684 2.98031 6.01983 3.29215 0 0 0 0.417369 3.1377 -0.0226454 0 0 0 0 0 2.384 303 53 0 0 0
./complex_md-fit-dt500_480.pdb_reres.pdb BC A 7.50658 25.4343 -10.4481 -8.23617 -10.3202 -24.2446 -0.603764 41.5872 -24.238 5.22146 7.99223 1.99692 0 0 0 0.422794 2.3563 -0.0259606 0 0 0 0 0 2.384 303 54 0 0 0
./complex_md-fit-dt500_481.pdb_reres.pdb BC A 8.64926 26.4158 -4.02008 -9.39585 -9.72319 -25.8051 -0.652351 45.6061 -25.9216 8.63517 8.7815 3.70266 0 0 0 0.735817 2.55314 0.016853 0 0 0 0 0 2.384 303 57 1 1 0
./complex_md-fit-dt500_482.pdb_reres.pdb BC A 6.91324 31.9486 -6.21917 -8.9905 -8.97846 -25.3268 -0.878884 44.4748 -25.0638 7.64978 7.73087 2.84642 0 0 0 0.319245 2.86495 -0.00195584 0 0 0 0 0 2.384 303 56 1 1 0
./complex_md-fit-dt500_483.pdb_reres.pdb BC A 9.87013 32.8226 -5.97552 -8.10703 -8.1333 -25.924 -0.621511 44.8421 -26.0108 6.4867 8.22498 2.65059 0 0 0 0.630582 3.02156 -0.0137842 0 0 0 0 0 2.384 303 50 1 1 0
./complex_md-fit-dt500_484.pdb_reres.pdb BC A 8.44116 24.6398 -4.13519 -7.09957 -8.55996 -24.9473 -0.785706 43.9532 -25.3283 7.89673 8.08924 2.38582 0 0 0 0.265148 2.90527 -0.00448514 0 0 0 0 0 2.384 303 54 2 2 0
./complex_md-fit-dt500_485.pdb_reres.pdb BC A 10.4067 34.8893 -6.48027 -9.65638 -8.90779 -24.579 -0.607547 42.098 -24.5919 7.39818 8.12325 3.78359 0 0 0 0.480091 2.38417 -0.0206375 0 0 0 0 0 2.384 303 51 1 1 0
./complex_md-fit-dt500_486.pdb_reres.pdb BC A 6.83381 27.5219 -7.05541 -8.41505 -8.26792 -24.246 -0.618403 41.258 -24.3223 8.19722 7.02347 2.07526 0 0 0 0.260382 2.50659 0 0 0 0 0 0 2.384 303 51 1 1 0
./complex_md-fit-dt500_487.pdb_reres.pdb BC A 6.48148 39.2152 -10.0375 -10.8157 -8.66867 -23.403 -0.612871 38.7941 -23.6705 7.70004 7.09436 3.29145 0 0 0 0.274607 2.02419 -0.0213972 0 0 0 0 0 2.384 303 50 1 1 0
./complex_md-fit-dt500_488.pdb_reres.pdb BC A 10.8208 36.9005 -4.8957 -8.00048 -8.75307 -24.636 -0.714811 43.3679 -24.6816 7.46574 7.05347 3.19079 0 0 0 0.835951 2.52768 -0.0237167 0 0 0 0 0 2.384 303 55 0 0 0
./complex_md-fit-dt500_489.pdb_reres.pdb BC A 6.49709 28.2801 -3.21934 -6.41607 -7.44359 -24.4316 -0.726998 42.1156 -24.8572 7.98167 7.96257 2.48384 0 0 0 0.112484 2.49748 0 0 0 0 0 0 2.384 303 51 1 1 0
./complex_md-fit-dt500_48.pdb_reres.pdb BC A 6.6727 31.4115 -10.7792 -9.28681 -5.186 -22.5585 -0.456469 38.9154 -23.3324 3.04076 5.81236 1.75961 0 0 0 0.533923 2.66045 -0.0210931 0 0 0 0 0 2.384 303 54 0 0 0
./complex_md-fit-dt500_490.pdb_reres.pdb BC A 9.26534 28.7197 -3.82177 -5.85118 -7.61113 -23.517 -0.705361 40.8899 -23.7795 5.51326 7.68214 3.01406 0 0 0 0.553115 2.2671 -0.0154219 0 0 0 0 0.00522582 2.384 303 55 1 1 0
./complex_md-fit-dt500_491.pdb_reres.pdb BC A 6.12044 28.2684 -3.12731 -5.85065 -6.57493 -25.538 -0.522961 44.1819 -26.1194 5.42102 7.20771 4.28056 0 0 0 0.388959 2.2576 -0.00157077 0 0 0 0 0 2.384 303 56 0 0 0
./complex_md-fit-dt500_492.pdb_reres.pdb BC A 8.74639 29.2405 -5.49417 -8.80021 -8.45082 -24.2029 -0.812643 41.7947 -24.3792 7.51667 8.44148 3.23022 0 0 0 0.185219 2.16848 -0.0236891 0 0 0 0 0.0070008 2.384 303 53 2 2 0
./complex_md-fit-dt500_493.pdb_reres.pdb BC A 8.26269 33.5466 -6.75972 -6.92035 -7.57494 -23.6228 -0.771055 40.4169 -24.0378 4.35276 8.00232 2.93543 0 0 0 0.483928 2.06016 -0.0241558 0 0 0 0 0 2.384 303 48 1 1 0
./complex_md-fit-dt500_494.pdb_reres.pdb BC A 6.15088 33.8464 -5.87225 -5.70248 -7.67277 -23.3064 -0.66333 40.7475 -23.6714 3.7512 7.38252 2.49572 0 0 0 0.774852 2.03904 -0.0165967 0 0 0 0 0.00893463 2.384 303 51 0 0 0
./complex_md-fit-dt500_495.pdb_reres.pdb BC A 9.33271 34.0999 3.18128 -4.31851 -6.78342 -24.7043 -0.682701 44.655 -25.021 8.91466 7.51742 3.19364 0 0 0 0.446018 2.93152 -0.0355604 0 0 0 0 0 2.384 303 55 3 3 0
./complex_md-fit-dt500_496.pdb_reres.pdb BC A 8.54751 36.1741 -9.14296 -10.4941 -9.00583 -25.5342 -0.700936 44.0114 -25.5144 7.43253 6.39324 2.87787 0 0 0 1.44883 2.88781 -0.0574928 0 0 0 0 0 2.384 303 56 0 0 0
./complex_md-fit-dt500_497.pdb_reres.pdb BC A 10.0774 34.489 3.19366 -5.35835 -4.72698 -25.6848 -0.820938 46.2 -26.2068 8.93153 7.67453 2.78411 0 0 0 0.430123 2.72131 -0.0357755 0 0 0 0 0.00708916 2.384 303 52 0 0 0
./complex_md-fit-dt500_498.pdb_reres.pdb BC A 9.17844 33.99 -5.31756 -9.48336 -9.02978 -27.1216 -0.71022 48.4512 -26.2624 7.40327 8.09956 2.98641 0 0 0 0.372433 2.96282 -0.0231162 0 0 0 0 0 2.384 303 53 0 0 0
./complex_md-fit-dt500_499.pdb_reres.pdb BC A 6.98859 35.9873 -3.37287 -6.73414 -6.39947 -24.4095 -0.703353 43.1862 -24.4826 4.3545 7.68961 3.36517 0 0 0 0.805745 2.53748 -0.0510358 0 0 0 0 0.00596338 2.384 303 49 0 0 0
./complex_md-fit-dt500_49.pdb_reres.pdb BC A 8.42091 31.6622 -15.388 -12.2128 -7.85464 -23.1926 -0.579743 39.6931 -23.8651 3.40461 6.16595 2.5319 0 0 0 0.540216 2.84428 -0.0189569 0 0 0 0 0 2.384 303 51 0 0 0
./complex_md-fit-dt500_4.pdb_reres.pdb BC A 9.982 25.7343 -9.61101 -7.57965 -7.3208 -23.5297 -0.436904 40.1716 -23.6621 2.43798 6.98015 3.0026 0 0 0 0.349272 2.88358 -0.0235107 0 0 0 0 0 2.384 303 57 0 0 0
./complex_md-fit-dt500_500.pdb_reres.pdb BC A 8.96541 38.2423 -0.289423 -7.06428 -8.46803 -24.1084 -0.878198 41.5352 -24.2232 9.27793 8.39754 4.67598 0 0 0 0.595086 2.17747 -0.0290728 0 0 0 0 0 2.384 303 50 2 2 0
./complex_md-fit-dt500_501.pdb_reres.pdb BC A 7.29909 28.108 -7.28303 -8.34934 -9.33173 -25.0932 -0.804639 44.2395 -25.4139 5.45409 8.5603 3.24333 0 0 0 0.23852 2.42035 -0.0259636 0 0 0 0 0 2.384 303 51 0 0 0
./complex_md-fit-dt500_502.pdb_reres.pdb BC A 7.13449 30.1107 -9.74515 -8.37122 -8.86057 -24.5738 -0.789693 41.3741 -24.8672 3.33278 8.9295 3.92252 0 0 0 0.158423 2.79408 0 0 0 0 0 0 2.384 303 54 0 0 0
./complex_md-fit-dt500_503.pdb_reres.pdb BC A 6.52853 36.41 -3.80369 -9.42535 -7.50995 -24.6878 -0.773582 43.6105 -24.1746 6.727 9.30298 2.82095 0 0 0 0.355058 2.41131 -0.048872 0 0 0 0 0 2.384 303 50 1 1 0
./complex_md-fit-dt500_504.pdb_reres.pdb BC A 6.76085 27.4799 -10.9977 -10.456 -9.59733 -25.3323 -0.737813 43.3425 -25.9155 5.84564 8.82748 2.74278 0 0 0 0.282737 2.57355 0 0 0 0 0 0 2.384 303 55 0 0 0
./complex_md-fit-dt500_505.pdb_reres.pdb BC A 7.00988 25.2529 -0.13345 -8.56255 -7.84815 -25.0162 -0.908388 43.7205 -24.8375 10.5414 8.80123 3.48453 0 0 0 0.485868 2.80697 0 0 0 0 0 0.0059031 2.384 303 52 3 3 0
./complex_md-fit-dt500_506.pdb_reres.pdb BC A 8.46843 35.5827 -2.52395 -8.04416 -7.77639 -26.4187 -0.830651 46.0031 -26.7625 8.87198 9.07704 2.9812 0 0 0 0.375162 4.09045 0 0 0 0 0 0 2.384 303 55 2 2 0
./complex_md-fit-dt500_507.pdb_reres.pdb BC A 8.64493 34.0292 -8.92602 -10.2552 -10.0437 -24.3772 -0.787893 42.219 -24.4072 5.99639 9.31797 2.97561 0 0 0 0.436276 2.39552 0 0 0 0 0 0 2.384 303 53 2 2 0
./complex_md-fit-dt500_508.pdb_reres.pdb BC A 7.38382 27.5799 -6.80079 -8.71544 -8.7783 -23.6218 -0.76402 40.1975 -23.5848 6.89016 8.74692 2.27956 0 0 0 0.569829 2.02832 -0.0204154 0 0 0 0 2.22045e-16 2.384 303 50 1 1 0
./complex_md-fit-dt500_509.pdb_reres.pdb BC A 6.22083 35.2572 -10.3407 -8.53423 -9.72762 -23.9985 -0.739496 41.3556 -24.2315 5.01818 8.13003 1.85382 0 0 0 0.537023 2.31912 -0.00403497 0 0 0 0 0 2.384 303 51 1 1 0
./complex_md-fit-dt500_50.pdb_reres.pdb BC A 8.22861 25.5898 -6.5019 -9.23485 -6.54112 -23.3274 -0.296741 40.3035 -24.0925 3.82245 7.54447 4.86254 0 0 0 0.472758 2.90241 -0.0150356 0 0 0 0 0 2.384 303 52 1 1 0
./complex_md-fit-dt500_510.pdb_reres.pdb BC A 9.29358 33.5724 -10.9682 -9.89101 -11.9233 -23.5041 -0.836803 39.6191 -23.5359 7.01392 9.46084 2.39314 0 0 0 0.235975 2.47784 6.93889e-18 0 0 0 0 0 2.384 303 51 2 2 0
./complex_md-fit-dt500_511.pdb_reres.pdb BC A 7.88624 32.5408 -9.40385 -9.81103 -9.52668 -24.8724 -0.791066 42.1244 -25.019 7.29978 8.9164 1.9618 0 0 0 0.350999 2.43532 -0.0369502 0 0 0 0 0 2.384 303 49 2 2 0
./complex_md-fit-dt500_512.pdb_reres.pdb BC A 8.34465 26.6769 -11.4938 -10.7498 -11.4997 -25.7037 -0.885866 43.3308 -25.7956 7.10622 9.47808 2.86503 0 0 0 0.363065 2.6857 -0.00237909 0 0 0 0 0 2.384 303 56 1 1 0
./complex_md-fit-dt500_513.pdb_reres.pdb BC A 7.91716 30.9656 -7.12451 -8.82287 -8.59618 -24.1327 -0.730973 41.19 -23.8611 5.8758 8.22482 3.29917 0 0 0 0.442199 2.77592 -0.0126219 0 0 0 0 0 2.384 303 50 0 0 0
./complex_md-fit-dt500_514.pdb_reres.pdb BC A 9.40272 22.9395 -4.77104 -8.63697 -6.72338 -24.2333 -0.849681 41.6902 -24.1516 7.39988 8.54753 1.86965 0 0 0 0.348641 2.48939 -0.0374869 0 0 0 0 0.00547281 2.384 303 49 1 1 0
./complex_md-fit-dt500_515.pdb_reres.pdb BC A 8.74835 30.7948 -3.76349 -6.72078 -8.78306 -24.043 -0.817647 42.1211 -23.2612 6.31323 7.90339 3.09382 0 0 0 0.470848 2.34974 -0.0453499 0 0 0 0 0.00518042 2.384 303 53 0 0 0
./complex_md-fit-dt500_516.pdb_reres.pdb BC A 7.28273 33.0394 -3.722 -7.66946 -7.22243 -24.9489 -0.764233 43.1588 -24.7189 8.50097 7.2878 2.46915 0 0 0 0.201379 2.35231 -0.0162136 0 0 0 0 0 2.384 303 53 0 0 0
./complex_md-fit-dt500_517.pdb_reres.pdb BC A 5.8836 35.5272 -7.07676 -8.3442 -8.32942 -24.8589 -0.914009 42.2246 -24.6965 6.17396 8.74454 2.45167 0 0 0 0.469884 2.29643 0.0016318 0 0 0 0 0 2.384 303 56 0 0 0
./complex_md-fit-dt500_518.pdb_reres.pdb BC A 6.78913 28.8997 -10.5941 -8.66491 -12.1573 -25.4138 -0.722238 43.4138 -24.9589 3.04583 10.53 3.74485 0 0 0 0.588626 2.47782 0 0 0 0 0 0 2.384 303 51 0 0 0
./complex_md-fit-dt500_519.pdb_reres.pdb BC A 8.01312 33.2417 -10.6979 -7.70471 -9.66159 -24.3922 -0.717057 41.6805 -24.7284 3.58626 7.95771 3.14926 0 0 0 0.174452 2.55818 -0.0475378 0 0 0 0 0.00537566 2.384 303 48 0 0 0
./complex_md-fit-dt500_51.pdb_reres.pdb BC A 7.15272 32.834 -18.3997 -12.3955 -9.52273 -24.7782 -0.539923 41.8023 -26.035 1.35661 8.91176 1.99994 0 0 0 0.831215 2.71646 -0.0301299 0 0 0 0 0 2.384 303 56 0 0 0
./complex_md-fit-dt500_520.pdb_reres.pdb BC A 7.81224 32.379 -7.98608 -7.68974 -10.2046 -24.6286 -0.941917 41.1637 -24.1314 9.0087 6.84023 2.4535 0 0 0 0.144093 2.58598 0 0 0 0 0 0 2.384 303 50 1 1 0
./complex_md-fit-dt500_521.pdb_reres.pdb BC A 8.00718 31.6075 -8.0028 -7.64618 -7.85873 -25.7142 -0.798887 43.2635 -25.7405 6.7936 7.47886 1.93212 0 0 0 0.339987 2.7846 -0.0523405 0 0 0 0 0 2.384 303 48 1 1 0
./complex_md-fit-dt500_522.pdb_reres.pdb BC A 8.23806 31.5868 -5.55835 -6.28253 -6.44612 -23.0398 -0.567417 40.0054 -22.7202 4.99949 5.79854 2.28635 0 0 0 0.429673 2.12183 -0.0217339 0 0 0 0 0 2.384 303 49 0 0 0
./complex_md-fit-dt500_523.pdb_reres.pdb BC A 6.38705 38.0081 -13.4073 -8.53115 -8.35479 -24.5062 -0.7822 40.429 -24.6967 3.08292 6.79757 2.80741 0 0 0 0.398823 2.89819 -0.0520238 0 0 0 0 0 2.384 303 52 0 0 0
./complex_md-fit-dt500_524.pdb_reres.pdb BC A 7.5028 36.0809 -9.6319 -9.08393 -10.5901 -25.1708 -0.670171 42.9345 -24.8122 5.33284 8.82799 2.73645 0 0 0 0.891506 2.5164 -0.0279612 0 0 0 0 0 2.384 303 52 0 0 0
./complex_md-fit-dt500_525.pdb_reres.pdb BC A 9.91571 29.6105 -14.4434 -9.8078 -12.1874 -24.2189 -0.564135 40.5901 -24.0824 3.4107 7.4865 3.96821 0 0 0 0.989793 2.25505 -0.0281305 0 0 0 0 0 2.384 303 52 0 0 0
./complex_md-fit-dt500_526.pdb_reres.pdb BC A 8.18497 32.8688 -14.9748 -9.34044 -10.4974 -24.9688 -0.792083 40.9796 -24.3462 3.43791 7.0311 3.09018 0 0 0 0.425967 2.70507 0 0 0 0 0 0.0052344 2.384 303 48 0 0 0
./complex_md-fit-dt500_527.pdb_reres.pdb BC A 8.19391 31.0445 -15.1876 -8.93336 -9.36419 -24.4254 -0.658738 40.6266 -24.3533 2.46431 7.05603 2.13592 0 0 0 0.284238 2.64908 -0.0197642 0 0 0 0 0 2.384 303 50 0 0 0
./complex_md-fit-dt500_528.pdb_reres.pdb BC A 7.88235 30.7124 -11.9698 -6.60904 -6.82699 -22.5601 -0.524725 37.5178 -22.8063 3.90198 4.9966 0.598865 0 0 0 0.394762 2.17252 -0.0526565 0 0 0 0 0 2.384 303 52 0 0 0
./complex_md-fit-dt500_529.pdb_reres.pdb BC A 7.64409 32.687 -6.99334 -6.68808 -6.63949 -23.3428 -0.491005 38.3601 -23.8045 3.96824 7.26359 4.26381 0 0 0 0.124834 2.76718 -0.0080517 0 0 0 0 0 2.384 303 51 0 0 0
./complex_md-fit-dt500_52.pdb_reres.pdb BC A 7.37935 31.2158 -7.1342 -7.15884 -4.78695 -23.4806 -0.392122 41.0125 -24.4423 4.57123 4.75801 2.5759 0 0 0 0.230534 2.96944 -0.0215585 0 0 0 0 0 2.384 303 56 0 0 0
./complex_md-fit-dt500_530.pdb_reres.pdb BC A 10.762 29.5626 -9.69915 -8.23007 -8.2769 -24.4578 -0.853872 41.0425 -24.2499 5.43668 7.26997 2.17527 0 0 0 0.445617 2.74907 -0.000631482 0 0 0 0 0 2.384 303 50 0 0 0
./complex_md-fit-dt500_531.pdb_reres.pdb BC A 6.8244 33.6897 -12.0203 -7.49799 -11.3982 -23.8045 -0.634153 40.2674 -23.5213 4.2318 8.53081 1.41836 0 0 0 0.417526 2.30532 -0.0299638 0 0 0 0 0 2.384 303 50 1 1 0
./complex_md-fit-dt500_532.pdb_reres.pdb BC A 10.0145 40.7277 -10.1696 -7.1946 -9.72591 -23.8651 -0.740552 40.1439 -23.8315 4.78636 7.43883 2.56898 0 0 0 0.300308 2.42708 -0.0503655 0 0 0 0 0 2.384 303 49 1 1 0
./complex_md-fit-dt500_533.pdb_reres.pdb BC A 8.23117 35.1748 -3.98466 -6.77374 -8.20297 -24.7065 -0.637813 43.4068 -24.2156 6.30222 7.51159 2.85785 0 0 0 0.501483 2.47997 -0.0279765 0 0 0 0 0 2.384 303 48 1 1 0
./complex_md-fit-dt500_534.pdb_reres.pdb BC A 7.1708 33.7141 -8.91303 -7.03662 -7.96896 -24.4538 -0.791054 42.5534 -23.9267 3.36309 6.9771 2.15109 0 0 0 0.242547 2.55917 -0.023096 0 0 0 0 0 2.384 303 48 0 0 0
./complex_md-fit-dt500_535.pdb_reres.pdb BC A 7.73381 37.6392 -6.59032 -6.39385 -6.22361 -24.8329 -0.587669 42.0045 -24.518 5.74986 5.90821 2.01634 0 0 0 0.292974 2.61091 -0.0229985 0 0 0 0 0.0168199 2.384 303 50 0 0 0
./complex_md-fit-dt500_536.pdb_reres.pdb BC A 8.6426 38.6985 -8.01073 -7.94853 -7.51672 -24.4671 -0.632558 41.8111 -24.1551 5.19752 7.21664 2.12494 0 0 0 0.37646 2.37527 -0.021977 0 0 0 0 0.00462209 2.384 303 49 0 0 0
./complex_md-fit-dt500_537.pdb_reres.pdb BC A 8.61524 28.5128 -11.802 -7.49711 -8.67958 -23.7791 -0.758881 39.8809 -24.0341 5.20592 6.18675 1.15162 0 0 0 0.551089 2.12603 -0.0295283 0 0 0 0 0 2.384 303 50 0 0 0
./complex_md-fit-dt500_538.pdb_reres.pdb BC A 7.27798 27.6162 -7.30501 -8.50271 -9.04459 -25.3865 -0.86327 44.8066 -25.1527 7.18071 6.68074 2.82166 0 0 0 0.165745 2.91322 -0.0107539 0 0 0 0 0 2.384 303 48 0 0 0
./complex_md-fit-dt500_539.pdb_reres.pdb BC A 6.98979 31.0803 -13.0781 -7.92394 -10.3501 -25.3818 -0.76073 42.1187 -25.1763 5.64245 5.80559 2.64771 0 0 0 0.315906 2.50233 -0.0223561 0 0 0 0 0.00683032 2.384 303 50 1 1 0
./complex_md-fit-dt500_53.pdb_reres.pdb BC A 9.50798 23.7221 -10.7205 -9.11148 -6.77721 -24.3342 -0.609769 41.378 -25.2919 3.37701 7.70873 2.561 0 0 0 0.400938 3.21678 -0.0216295 0 0 0 0 0 2.384 303 54 0 0 0
./complex_md-fit-dt500_540.pdb_reres.pdb BC A 8.71749 32.4449 -9.63661 -9.17938 -9.08784 -25.1001 -0.653917 43.064 -24.7313 5.98813 6.72794 3.23814 0 0 0 0.108627 2.91823 -0.0109037 0 0 0 0 0 2.384 303 50 1 1 0
./complex_md-fit-dt500_541.pdb_reres.pdb BC A 6.59875 30.9061 -12.3021 -7.93658 -11.2253 -25.2979 -0.770031 42.4318 -24.8374 7.16106 6.26289 1.69236 0 0 0 0.246176 3.27726 -0.0290453 0 0 0 0 0 2.384 303 48 2 2 0
./complex_md-fit-dt500_542.pdb_reres.pdb BC A 6.73559 33.9868 -12.7188 -8.19052 -9.32136 -24.031 -0.796961 40.4876 -23.859 3.64985 7.52373 1.57739 0 0 0 0.263375 2.65754 -0.0219071 0 0 0 0 0 2.384 303 49 0 0 0
./complex_md-fit-dt500_543.pdb_reres.pdb BC A 6.04587 31.9263 -9.88572 -8.56596 -9.81619 -23.3489 -0.756007 39.31 -23.0076 5.56293 8.55492 1.89249 0 0 0 0.308613 2.22239 -0.019986 0 0 0 0 0 2.384 303 47 0 0 0
./complex_md-fit-dt500_544.pdb_reres.pdb BC A 6.65787 37.8879 -2.89 -8.03754 -7.56004 -25.6957 -0.722364 44.7293 -24.7555 6.40123 8.66449 3.2301 0 0 0 0.856008 2.69307 0 0 0 0 0 0 2.384 303 54 1 1 0
./complex_md-fit-dt500_545.pdb_reres.pdb BC A 10.5488 29.488 -6.79564 -8.33836 -7.81392 -23.6888 -0.705887 40.5186 -23.9287 7.59793 6.35387 2.74963 0 0 0 0.478625 2.12722 -0.0186557 0 0 0 0 0 2.384 303 51 1 1 0
./complex_md-fit-dt500_546.pdb_reres.pdb BC A 7.49788 30.9337 -13.6297 -11.0831 -12.2036 -25.0537 -0.829665 41.9971 -24.8123 5.77736 9.13875 3.10226 0 0 0 0.35845 2.26994 -0.0211981 0 0 0 0 0 2.384 303 52 1 1 0
./complex_md-fit-dt500_547.pdb_reres.pdb BC A 8.55937 35.1209 -5.30264 -5.83779 -8.12562 -24.4448 -0.64757 41.4357 -24.4162 4.7479 7.9108 3.83748 0 0 0 0.237425 2.51944 -1.11022e-16 0 0 0 0 0 2.384 303 55 1 1 0
./complex_md-fit-dt500_548.pdb_reres.pdb BC A 9.84068 34.601 -14.0506 -8.67519 -10.8592 -24.9512 -0.779645 41.3712 -24.6154 2.68878 8.67506 2.83408 0 0 0 0.282633 2.73366 -0.0218782 0 0 0 0 0 2.384 303 49 0 0 0
./complex_md-fit-dt500_549.pdb_reres.pdb BC A 6.0029 32.8764 -9.80054 -9.05325 -10.6148 -24.9819 -0.892041 42.6335 -24.5877 5.69639 8.49841 3.36509 0 0 0 0.124214 2.22482 0.00531405 0 0 0 0 0.006266 2.384 303 53 0 0 0
./complex_md-fit-dt500_54.pdb_reres.pdb BC A 8.03147 34.194 -12.4568 -9.36786 -7.07881 -22.6989 -0.461004 38.0217 -23.9528 2.42367 7.48555 2.66446 0 0 0 0.530639 2.5754 -0.0235004 0 0 0 0 0 2.384 303 52 0 0 0
./complex_md-fit-dt500_550.pdb_reres.pdb BC A 7.47675 32.8637 -11.9104 -8.59353 -8.92889 -23.5868 -0.752073 39.7249 -23.3709 2.61946 7.96943 2.7044 0 0 0 0.331615 2.55586 -0.028002 0 0 0 0 0 2.384 303 51 0 0 0
./complex_md-fit-dt500_551.pdb_reres.pdb BC A 10.3919 32.2705 -2.90974 -7.19251 -6.47168 -24.9517 -0.970205 44.2888 -24.8079 6.88438 8.2086 1.57721 0 0 0 0.55929 2.7332 -0.0340111 0 0 0 0 0 2.384 303 50 2 2 0
./complex_md-fit-dt500_552.pdb_reres.pdb BC A 7.69731 25.2757 -12.4903 -10.0803 -10.0543 -24.0486 -0.803527 40.0956 -23.4741 4.44046 7.88986 3.10209 0 0 0 0.464511 2.17661 -0.0220502 0 0 0 0 0 2.384 303 52 1 1 0
./complex_md-fit-dt500_553.pdb_reres.pdb BC A 8.66913 35.5366 -4.60696 -8.51325 -9.1106 -25.6608 -0.847625 44.3969 -25.2981 9.01362 8.24422 2.45766 0 0 0 0.764395 2.56129 -0.053396 0 0 0 0 0 2.384 303 52 2 2 0
./complex_md-fit-dt500_554.pdb_reres.pdb BC A 10.2534 34.7716 -6.66877 -9.51931 -9.69446 -24.647 -0.806206 42.4735 -24.1296 6.77337 8.57754 3.81368 0 0 0 0.505322 2.50356 -0.0208728 0 0 0 0 0.00529662 2.384 303 48 1 1 0
./complex_md-fit-dt500_555.pdb_reres.pdb BC A 8.4663 23.28 -6.78684 -7.76358 -7.87057 -24.5475 -0.726664 40.8609 -23.9002 7.21364 6.46392 3.08329 0 0 0 0.427749 2.99163 -0.0278327 0 0 0 0 0 2.384 303 50 1 1 0
./complex_md-fit-dt500_556.pdb_reres.pdb BC A 7.43033 28.7366 -9.80028 -9.29797 -9.47158 -25.1873 -1.02057 42.713 -24.8398 5.24748 7.7945 3.74338 0 0 0 0.534073 2.57789 -0.0154245 0 0 0 0 0 2.384 303 47 0 0 0
./complex_md-fit-dt500_557.pdb_reres.pdb BC A 6.45155 36.7371 -3.3091 -6.7894 -7.24618 -24.5133 -0.727716 41.2975 -24.3033 6.84792 6.75653 4.57381 0 0 0 0.821138 2.32361 -0.0260561 0 0 0 0 0 2.384 303 51 0 0 0
./complex_md-fit-dt500_558.pdb_reres.pdb BC A 9.97387 35.1376 -5.37372 -6.93029 -6.19706 -24.8375 -0.847192 43.7656 -24.3454 4.85122 6.54806 2.39997 0 0 0 0.254402 2.63718 -0.0355902 0 0 0 0 0 2.384 303 50 0 0 0
./complex_md-fit-dt500_559.pdb_reres.pdb BC A 7.99918 30.6271 -6.32576 -8.49717 -10.1386 -24.8675 -0.894263 42.9972 -24.7085 8.33591 8.2401 2.67415 0 0 0 0.574608 2.98979 -0.0415663 0 0 0 0 0 2.384 303 52 1 1 0
./complex_md-fit-dt500_55.pdb_reres.pdb BC A 11.2293 32.0118 -10.2059 -8.60787 -6.69613 -21.9663 -0.404382 38.0831 -22.9134 2.52283 6.64699 2.76746 0 0 0 0.410672 2.28679 -0.048849 0 0 0 0 0 2.384 303 53 0 0 0
./complex_md-fit-dt500_560.pdb_reres.pdb BC A 7.00229 39.1957 -0.471581 -7.71023 -7.67802 -24.7713 -0.881575 43.0732 -24.0268 10.3041 8.01057 3.07491 0 0 0 0.162962 2.3475 -0.0294274 0 0 0 0 0 2.384 303 49 3 3 0
./complex_md-fit-dt500_561.pdb_reres.pdb BC A 8.11377 34.7842 -11.885 -8.26306 -10.3222 -24.2205 -0.592015 40.6621 -24.0168 3.19122 7.55689 3.50282 0 0 0 0.641657 2.30178 -0.0250295 0 0 0 0 0 2.384 303 48 0 0 0
./complex_md-fit-dt500_562.pdb_reres.pdb BC A 8.0785 28.5458 -6.89969 -9.5152 -11.7013 -26.4558 -0.96322 44.3542 -26.0826 8.87209 9.26863 5.09633 0 0 0 0.251282 2.56744 -0.0240104 0 0 0 0 0 2.384 303 49 2 2 0
./complex_md-fit-dt500_563.pdb_reres.pdb BC A 6.54061 28.6806 -12.9033 -10.4725 -10.141 -26.1246 -0.649137 41.8268 -26.5842 7.86874 7.55381 2.81025 0 0 0 1.02548 2.60109 -0.02245 0 0 0 0 0.00540301 2.384 303 49 2 2 0
./complex_md-fit-dt500_564.pdb_reres.pdb BC A 6.76686 32.4287 -11.7442 -7.60642 -11.3028 -23.8086 -0.846625 39.0941 -22.8994 5.59113 7.86866 1.94032 0 0 0 0.225501 2.65046 0 0 0 0 0 0 2.384 303 48 1 1 0
./complex_md-fit-dt500_565.pdb_reres.pdb BC A 7.71432 35.7426 -10.1251 -8.90392 -11.083 -24.7003 -0.770921 42.7447 -24.4022 6.41875 8.45597 1.70393 0 0 0 0.443458 2.54927 -0.0315309 0 0 0 0 0 2.384 303 50 1 1 0
./complex_md-fit-dt500_566.pdb_reres.pdb BC A 8.70089 35.7905 -7.82435 -8.50632 -9.90581 -22.5648 -0.621332 37.4951 -22.24 7.6199 7.67764 2.44814 0 0 0 0.773102 2.23354 0 0 0 0 0 0 2.384 303 48 2 2 0
./complex_md-fit-dt500_567.pdb_reres.pdb BC A 9.14321 33.014 -11.587 -7.15256 -10.2663 -22.5588 -0.692203 37.5159 -22.2744 3.33274 7.54081 2.75347 0 0 0 0.240559 2.66908 -0.0319542 0 0 0 0 0.00576877 2.384 303 49 0 0 0
./complex_md-fit-dt500_568.pdb_reres.pdb BC A 8.84363 32.2283 -7.98424 -5.80662 -6.7137 -21.6294 -0.598619 36.9298 -21.2852 3.15839 5.57318 1.96862 0 0 0 0.419901 2.21498 -0.000604245 0 0 0 0 0 2.384 303 47 0 0 0
./complex_md-fit-dt500_569.pdb_reres.pdb BC A 7.02629 35.7371 -17.9139 -9.63772 -10.6105 -23.8334 -0.740298 38.921 -24.1468 2.73935 7.18272 1.75884 0 0 0 0.452818 2.62581 0 0 0 0 0 0 2.384 303 51 0 0 0
./complex_md-fit-dt500_56.pdb_reres.pdb BC A 7.32484 30.0202 -12.6703 -10.3481 -7.41202 -23.0356 -0.470888 38.9816 -24.0201 2.30321 7.71151 3.486 0 0 0 0.154466 2.56936 -0.0203864 0 0 0 0 0 2.384 303 51 0 0 0
./complex_md-fit-dt500_570.pdb_reres.pdb BC A 7.69665 34.2222 -8.90083 -9.50889 -11.2673 -25.3487 -0.959194 43.0739 -25.254 10.1674 8.04297 1.70776 0 0 0 0.470765 2.56116 -0.0254666 0 0 0 0 0 2.384 303 56 3 3 0
./complex_md-fit-dt500_571.pdb_reres.pdb BC A 8.62777 34.234 -8.58273 -6.84195 -8.90742 -24.23 -0.639276 40.3724 -24.1401 5.28695 6.42225 3.02701 0 0 0 1.08124 2.59017 -0.0203995 0 0 0 0 0.00654444 2.384 303 50 0 0 0
./complex_md-fit-dt500_572.pdb_reres.pdb BC A 8.39101 36.5887 -8.32912 -7.2526 -10.0286 -25.3006 -0.749733 44.0234 -24.9089 7.34796 5.69428 2.22561 0 0 0 0.634279 2.25966 -0.0203197 0 0 0 0 0.00619905 2.384 303 51 1 1 0
./complex_md-fit-dt500_573.pdb_reres.pdb BC A 9.79236 35.5979 -10.2065 -8.40389 -11.2094 -25.6757 -0.693182 44.7062 -25.4996 6.54473 6.9981 2.72561 0 0 0 0.334415 2.35141 -0.033854 0 0 0 0 0 2.384 303 51 1 1 0
./complex_md-fit-dt500_574.pdb_reres.pdb BC A 9.10245 31.7604 -7.30744 -8.54027 -8.08181 -24.1548 -0.716313 42.3457 -23.732 6.07228 6.57488 2.41357 0 0 0 0.570331 2.38976 -0.0589542 0 0 0 0 0 2.384 303 52 1 1 0
./complex_md-fit-dt500_575.pdb_reres.pdb BC A 6.53053 32.96 -8.42242 -7.30956 -11.1511 -23.1 -0.87675 40.2421 -22.8268 5.08458 7.90851 3.42274 0 0 0 0.220768 2.79781 -0.0369488 0 0 0 0 0 2.384 303 50 0 0 0
./complex_md-fit-dt500_576.pdb_reres.pdb BC A 8.87005 28.6675 -7.3971 -7.98378 -7.49117 -24.6598 -0.762292 41.976 -24.4732 6.6897 6.6606 2.37931 0 0 0 0.329369 3.03445 -0.061868 0 0 0 0 0 2.384 303 52 0 0 0
./complex_md-fit-dt500_577.pdb_reres.pdb BC A 8.24547 33.5477 -14.5947 -8.71011 -11.2344 -24.4826 -0.777473 40.6716 -24.9778 5.61268 6.35684 2.80988 0 0 0 0.156948 2.48172 -0.0202221 0 0 0 0 0 2.384 303 53 1 1 0
./complex_md-fit-dt500_578.pdb_reres.pdb BC A 8.68499 28.9818 -12.6376 -9.54923 -9.23162 -25.8627 -0.925733 43.1593 -25.8556 6.08738 7.18246 1.90569 0 0 0 0.470213 2.83165 -0.0177081 0 0 0 0 0 2.384 303 52 0 0 0
./complex_md-fit-dt500_579.pdb_reres.pdb BC A 7.63488 33.7764 -8.96969 -10.1694 -8.81463 -25.3578 -0.765445 43.4351 -25.3686 6.52445 8.37882 2.97084 0 0 0 0.2192 2.967 -0.0221923 0 0 0 0 0 2.384 303 54 0 0 0
./complex_md-fit-dt500_57.pdb_reres.pdb BC A 9.02034 32.611 -9.03747 -9.67413 -7.64311 -23.4758 -0.434119 41.0111 -24.1513 3.39494 7.80157 3.99053 0 0 0 0.168084 3.96241 -0.0252109 0 0 0 0 0 2.384 303 54 0 0 0
./complex_md-fit-dt500_580.pdb_reres.pdb BC A 10.2995 32.864 -7.98969 -6.90974 -9.85445 -24.1591 -0.722516 41.7766 -23.6308 5.0148 6.64407 3.30129 0 0 0 0.563951 2.41144 -0.0193029 0 0 0 0 0.0054482 2.384 303 52 0 0 0
./complex_md-fit-dt500_581.pdb_reres.pdb BC A 6.69113 40.2443 -9.3601 -6.29329 -9.1457 -23.4851 -0.668474 39.5397 -23.1056 4.00533 6.75756 2.65434 0 0 0 0.387917 3.6453 -0.00679319 0 0 0 0 0 2.384 303 49 0 0 0
./complex_md-fit-dt500_582.pdb_reres.pdb BC A 11.3114 29.9391 -1.10885 -5.4148 -8.71131 -22.9967 -0.676056 38.5216 -22.7791 10.2908 7.10241 2.77613 0 0 0 0.786318 2.41435 -0.0137557 0 0 0 0 0.00557892 2.384 303 46 2 2 0
./complex_md-fit-dt500_583.pdb_reres.pdb BC A 7.03356 30.0783 -2.61922 -5.67377 -7.40149 -22.4937 -0.695928 38.2449 -22.3726 6.99024 6.99911 3.32204 0 0 0 0.474009 2.30567 -0.0192474 0 0 0 0 0.00719513 2.384 303 48 2 2 0
./complex_md-fit-dt500_584.pdb_reres.pdb BC A 9.21764 34.4215 -1.41343 -5.7199 -7.89438 -22.7924 -0.792233 39.6799 -22.6879 7.25231 7.73536 3.54844 0 0 0 0.257374 2.44851 0 0 0 0 0 0 2.384 303 52 1 1 0
./complex_md-fit-dt500_585.pdb_reres.pdb BC A 11.0689 39.4994 -4.25088 -6.85224 -6.25998 -24.3003 -0.61032 41.1154 -24.3227 6.10798 7.43069 2.84803 0 0 0 0.577709 2.6155 0.0148009 0 0 0 0 0 2.384 303 53 0 0 0
./complex_md-fit-dt500_586.pdb_reres.pdb BC A 9.31964 32.3443 -13.3464 -8.52971 -10.6374 -23.7677 -0.77825 39.6604 -23.7567 4.00698 7.77101 2.1099 0 0 0 0.596092 2.2804 -0.0210498 0 0 0 0 0 2.384 303 50 0 0 0
./complex_md-fit-dt500_587.pdb_reres.pdb BC A 12.3895 37.3649 -4.15989 -6.383 -7.78034 -23.3271 -0.512192 38.7812 -23.0332 6.08281 7.21671 4.46642 0 0 0 0.328818 2.66806 2.77556e-17 0 0 0 0 0 2.384 303 51 1 1 0
./complex_md-fit-dt500_588.pdb_reres.pdb BC A 7.24108 38.7973 -6.01153 -5.72638 -9.31187 -24.9247 -0.833461 42.6753 -24.7771 6.17549 7.89103 2.24802 0 0 0 0.572172 2.84687 0 0 0 0 0 0 2.384 303 49 0 0 0
./complex_md-fit-dt500_589.pdb_reres.pdb BC A 7.94861 31.8184 -7.39296 -4.20885 -6.91756 -22.7071 -0.693746 38.126 -22.9791 3.48047 6.36995 1.63675 0 0 0 0.498487 2.21022 0.00182394 0 0 0 0 0 2.384 303 51 0 0 0
./complex_md-fit-dt500_58.pdb_reres.pdb BC A 7.25935 31.8285 -12.9771 -7.80646 -6.88323 -23.6729 -0.423126 38.1251 -25.259 3.51484 6.21051 2.85687 0 0 0 0.360169 3.61903 0 0 0 0 0 0 2.384 303 50 0 0 0
./complex_md-fit-dt500_590.pdb_reres.pdb BC A 8.471 27.7002 -6.52558 -6.47008 -8.56554 -23.6861 -0.713892 39.6734 -23.4328 5.59513 6.8786 3.7033 0 0 0 0.483824 2.22718 0.00858922 0 0 0 0 0 2.384 303 48 1 1 0
./complex_md-fit-dt500_591.pdb_reres.pdb BC A 7.21282 27.3594 -10.5548 -5.20472 -9.06302 -24.1696 -0.591202 39.478 -24.2964 4.27598 7.3101 1.41146 0 0 0 0.347476 2.53953 -0.0528181 0 0 0 0 0 2.384 303 46 0 0 0
./complex_md-fit-dt500_592.pdb_reres.pdb BC A 8.48928 34.1025 -9.71867 -8.45258 -8.26341 -24.1512 -0.78333 41.0492 -23.5711 4.2997 7.57944 1.96928 0 0 0 0.623155 2.69625 -0.0223247 0 0 0 0 0.00458702 2.384 303 48 0 0 0
./complex_md-fit-dt500_593.pdb_reres.pdb BC A 7.00132 31.6933 -4.66765 -6.88104 -9.43519 -25.5178 -0.756268 44.135 -25.3327 8.0965 7.57734 3.01704 0 0 0 0.480688 2.73919 -0.0512687 0 0 0 0 0 2.384 303 50 2 2 0
./complex_md-fit-dt500_594.pdb_reres.pdb BC A 6.91183 28.3125 -6.99635 -8.24989 -8.73393 -24.7377 -0.676926 43.1755 -24.3536 4.54851 7.55882 4.04029 0 0 0 0.451609 2.70197 -0.0190055 0 0 0 0 0 2.384 303 51 1 1 0
./complex_md-fit-dt500_595.pdb_reres.pdb BC A 9.5789 34.9707 -10.8811 -8.40411 -10.4551 -24.5853 -0.733738 42.1793 -24.3094 5.90387 7.34549 1.9475 0 0 0 0.253017 2.65138 -0.0225236 0 0 0 0 0 2.384 303 50 0 0 0
./complex_md-fit-dt500_596.pdb_reres.pdb BC A 7.52283 34.4816 -9.23207 -8.77721 -9.93405 -25.6284 -0.915111 45.342 -25.0456 5.68842 7.8964 1.81231 0 0 0 0.362155 2.80813 -0.0329963 0 0 0 0 0 2.384 303 52 2 2 0
./complex_md-fit-dt500_597.pdb_reres.pdb BC A 8.01198 28.878 -11.8269 -9.12895 -10.5619 -25.2269 -0.745423 42.5438 -24.9125 6.29083 6.92529 2.51255 0 0 0 0.476367 2.57175 0 0 0 0 0 0 2.384 303 48 1 1 0
./complex_md-fit-dt500_598.pdb_reres.pdb BC A 9.26708 40.625 -12.8094 -7.40059 -12.2523 -23.5134 -0.76897 39.7257 -23.3538 4.91192 7.94911 1.12583 0 0 0 0.799504 2.71714 -0.032434 0 0 0 0 0 2.384 303 49 1 1 0
./complex_md-fit-dt500_599.pdb_reres.pdb BC A 8.45607 32.3487 -1.60512 -5.14222 -7.50659 -24.5556 -0.796358 43.6305 -24.521 8.0937 5.84926 2.83262 0 0 0 0.53564 2.88426 -0.025149 0 0 0 0 0 2.384 303 53 1 1 0
./complex_md-fit-dt500_59.pdb_reres.pdb BC A 7.14469 38.1889 -9.27038 -8.36518 -6.28941 -22.8536 -0.396496 39.2124 -24.2604 3.02425 7.07371 3.04969 0 0 0 0.560118 2.34964 -0.0255633 0 0 0 0 0 2.384 303 51 1 1 0
./complex_md-fit-dt500_5.pdb_reres.pdb BC A 7.80247 35.5308 -13.1891 -9.63337 -10.0475 -24.4251 -0.467744 41.6506 -25.1145 3.48694 8.05218 3.00262 0 0 0 0.328402 3.35768 -0.0215055 0 0 0 0 0 2.384 303 57 0 0 0
./complex_md-fit-dt500_600.pdb_reres.pdb BC A 7.42604 31.3349 -0.443386 -4.67794 -8.68955 -22.8544 -0.75286 39.051 -22.6742 7.65478 8.0514 4.00111 0 0 0 0.498113 2.00687 -0.0507444 0 0 0 0 0 2.384 303 45 1 1 0
./complex_md-fit-dt500_601.pdb_reres.pdb BC A 7.64261 30.3008 -7.83834 -5.88705 -8.06886 -21.5396 -0.56187 36.5959 -21.5034 4.39781 6.12791 2.27432 0 0 0 0.319665 2.59649 0 0 0 0 0 0.0068265 2.384 303 45 0 0 0
./complex_md-fit-dt500_602.pdb_reres.pdb BC A 8.10807 27.5899 -3.38059 -4.73864 -7.79722 -22.3396 -0.681208 38.2314 -22.3228 7.75864 5.38001 2.74829 0 0 0 0.380502 2.20801 0 0 0 0 0 0 2.384 303 51 2 2 0
./complex_md-fit-dt500_603.pdb_reres.pdb BC A 7.90884 32.2355 -10.8124 -7.04247 -11.4549 -21.5655 -0.646654 35.3843 -21.0579 3.94255 7.80906 3.49974 0 0 0 0.315883 2.54056 0.00353409 0 0 0 0 0 2.384 303 45 0 0 0
./complex_md-fit-dt500_604.pdb_reres.pdb BC A 9.13803 27.1861 -3.96004 -6.40153 -7.41899 -21.2232 -0.747137 36.2164 -20.688 5.58035 6.94091 3.60467 0 0 0 0.194677 2.24991 -0.0182281 0 0 0 0 0 2.384 303 47 0 0 0
./complex_md-fit-dt500_605.pdb_reres.pdb BC A 6.49289 32.9629 -3.91745 -7.97305 -9.19311 -26.2752 -0.709535 46.3274 -25.7897 7.40574 8.69676 3.11458 0 0 0 0.47866 3.62642 0 0 0 0 0 0 2.384 303 52 1 1 0
./complex_md-fit-dt500_606.pdb_reres.pdb BC A 9.08281 37.841 -8.14882 -7.77563 -9.13394 -23.6099 -0.731081 39.9176 -23.3206 5.26818 7.1479 3.53553 0 0 0 0.563889 2.4789 -0.0108023 0 0 0 0 0 2.384 303 48 0 0 0
./complex_md-fit-dt500_607.pdb_reres.pdb BC A 7.98467 36.1571 -9.85525 -7.94991 -7.68108 -24.3981 -0.630065 40.5937 -24.7103 4.5706 7.49026 2.34228 0 0 0 0.571284 2.71439 -0.0538971 0 0 0 0 0 2.384 303 50 0 0 0
./complex_md-fit-dt500_608.pdb_reres.pdb BC A 9.52399 32.8609 -10.9022 -8.41487 -11.6377 -25.2911 -0.712012 43.5275 -25.031 4.4538 9.49959 2.53024 0 0 0 0.196591 2.61976 -0.023282 0 0 0 0 0 2.384 303 50 1 1 0
./complex_md-fit-dt500_609.pdb_reres.pdb BC A 7.40687 35.4153 -10.2976 -7.39746 -11.5283 -24.1776 -0.609327 40.4767 -24.2112 6.89675 7.74601 2.05498 0 0 0 0.451928 2.18948 0 0 0 0 0 0 2.384 303 49 0 0 0
./complex_md-fit-dt500_60.pdb_reres.pdb BC A 6.87924 25.9843 -14.2203 -9.63802 -8.61619 -24.1064 -0.465349 40.91 -25.1126 2.913 7.3705 2.44183 0 0 0 0.134276 2.21539 -0.0513304 0 0 0 0 0 2.384 303 52 0 0 0
./complex_md-fit-dt500_610.pdb_reres.pdb BC A 7.66268 38.3831 -7.10451 -7.80193 -9.13913 -23.9419 -0.679298 40.2512 -23.7318 8.67629 6.72478 2.28076 0 0 0 0.274959 3.18027 -0.0237321 0 0 0 0 0.00536015 2.384 303 49 1 1 0
./complex_md-fit-dt500_611.pdb_reres.pdb BC A 6.47526 31.212 -2.50565 -6.93348 -7.42404 -23.6234 -0.640199 40.0661 -23.4637 9.32451 6.63426 2.89312 0 0 0 0.687779 2.40716 -0.0333618 0 0 0 0 0.00671771 2.384 303 50 3 3 0
./complex_md-fit-dt500_612.pdb_reres.pdb BC A 7.99563 31.828 -7.71248 -8.72049 -8.42622 -25.9443 -0.830626 45.1489 -25.2041 4.74083 7.75908 3.33609 0 0 0 0.42826 3.39197 0 0 0 0 0 0 2.384 303 53 0 0 0
./complex_md-fit-dt500_613.pdb_reres.pdb BC A 7.01748 23.8845 -7.0155 -5.86656 -7.14224 -22.3507 -0.520713 37.4022 -22.1301 3.93927 6.28516 2.85137 0 0 0 0.525958 2.75091 -0.00910303 0 0 0 0 0 2.384 303 47 0 0 0
./complex_md-fit-dt500_614.pdb_reres.pdb BC A 7.79838 31.533 -13.0581 -8.43833 -10.0404 -23.8604 -0.593199 39.4523 -24.0602 3.92277 8.04581 1.92769 0 0 0 0.639338 2.86781 -0.0535113 0 0 0 0 0 2.384 303 48 0 0 0
./complex_md-fit-dt500_615.pdb_reres.pdb BC A 6.90238 29.808 -5.44464 -7.2435 -9.63 -24.5744 -0.764471 43.7233 -24.454 6.94838 7.37638 2.69747 0 0 0 0.491347 3.32008 -0.0212142 0 0 0 0 0.00608213 2.384 303 50 1 1 0
./complex_md-fit-dt500_616.pdb_reres.pdb BC A 7.40988 36.6083 -3.75648 -6.28008 -7.64484 -22.1896 -0.527786 36.9011 -22.2655 6.55244 8.10344 3.23893 0 0 0 0.355488 2.82888 1.11022e-16 0 0 0 0 0 2.384 303 45 1 1 0
./complex_md-fit-dt500_617.pdb_reres.pdb BC A 8.80865 30.746 -8.32723 -5.85652 -11.204 -20.7479 -0.601682 34.4677 -19.7169 3.6185 9.05638 2.22529 0 0 0 0.411032 1.68431 0.0209546 0 0 0 0 0 2.384 303 44 0 0 0
./complex_md-fit-dt500_618.pdb_reres.pdb BC A 7.80934 30.0244 -7.61759 -6.53469 -10.142 -22.1394 -0.75581 36.0381 -21.6146 5.73264 9.13208 2.51541 0 0 0 0.150675 2.39524 0 0 0 0 0 0 2.384 303 42 1 1 0
./complex_md-fit-dt500_619.pdb_reres.pdb BC A 8.67926 33.5815 -7.50647 -8.72119 -9.34672 -23.2061 -0.644404 39.9916 -22.9277 4.3586 8.82638 3.23853 0 0 0 0.880792 2.43236 0.0438055 0 0 0 0 0 2.384 303 50 1 1 0
./complex_md-fit-dt500_61.pdb_reres.pdb BC A 6.99011 34.4527 -10.4193 -7.53833 -8.88685 -24.9084 -0.522674 42.2088 -25.7013 2.79382 8.74546 2.8135 0 0 0 0.576758 3.62817 0 0 0 0 0 0 2.384 303 50 0 0 0
./complex_md-fit-dt500_620.pdb_reres.pdb BC A 9.97681 33.5577 -0.00690324 -5.13035 -5.74636 -24.0629 -0.678082 42.2448 -24.4189 7.65859 6.50888 3.19221 0 0 0 0.425145 3.83355 0 0 0 0 0 0 2.384 303 55 2 2 0
./complex_md-fit-dt500_621.pdb_reres.pdb BC A 7.43137 27.6539 -7.58624 -7.11757 -11.8754 -26.8452 -0.813895 47.0277 -27.1827 6.99063 9.25616 2.61168 0 0 0 0.370448 4.13164 -0.00804784 0 0 0 0 2.22045e-16 2.384 303 56 2 2 0
./complex_md-fit-dt500_622.pdb_reres.pdb BC A 11.0521 35.6735 -11.8712 -8.56095 -12.0079 -25.6719 -0.771433 44.2871 -25.6394 3.48424 10.0512 2.69029 0 0 0 0.293367 4.17533 -0.0257112 0 0 0 0 0 2.384 303 52 1 1 0
./complex_md-fit-dt500_623.pdb_reres.pdb BC A 7.0335 26.6132 -6.84346 -8.00445 -10.6491 -25.7564 -0.577014 44.3253 -25.6959 7.18802 8.17728 3.77053 0 0 0 0.378191 2.97082 0 0 0 0 0 0 2.384 303 54 1 1 0
./complex_md-fit-dt500_624.pdb_reres.pdb BC A 9.20211 35.2546 -14.8425 -9.50132 -10.2811 -24.8459 -0.743642 40.8925 -25.1604 3.42854 8.33124 2.68978 0 0 0 0.347754 2.40896 0 0 0 0 0 0 2.384 303 51 0 0 0
./complex_md-fit-dt500_625.pdb_reres.pdb BC A 7.60066 30.92 -9.04108 -9.86469 -11.6517 -25.2747 -0.635942 43.2149 -24.8813 6.06914 9.26358 4.33743 0 0 0 0.403855 3.26786 -0.0216682 0 0 0 0 0 2.384 303 53 1 1 0
./complex_md-fit-dt500_626.pdb_reres.pdb BC A 11.0097 28.8866 -5.67062 -8.47908 -8.40057 -23.9337 -0.616307 41.8391 -23.4578 6.3766 7.30177 3.16749 0 0 0 0.549269 2.76624 -0.0228389 0 0 0 0 0.00540682 2.384 303 54 1 1 0
./complex_md-fit-dt500_627.pdb_reres.pdb BC A 8.30573 31.0769 -8.4358 -8.29702 -9.68683 -25.1236 -0.725986 42.7689 -25.2587 6.3662 7.43241 3.42555 0 0 0 0.685088 3.23823 -0.0219 0 0 0 0 0 2.384 303 52 1 1 0
./complex_md-fit-dt500_628.pdb_reres.pdb BC A 8.23972 30.7951 -5.16108 -6.56482 -9.999 -23.4883 -0.578247 40.5069 -23.0751 5.13545 8.92029 3.76422 0 0 0 0.21755 2.37579 -1.11022e-16 0 0 0 0 0 2.384 303 52 0 0 0
./complex_md-fit-dt500_629.pdb_reres.pdb BC A 7.26025 27.96 -7.23726 -6.51277 -9.90027 -22.5223 -0.762667 39.127 -21.8878 4.6348 7.30361 2.67015 0 0 0 0.613062 2.74257 0 0 0 0 0 0 2.384 303 48 1 1 0
./complex_md-fit-dt500_62.pdb_reres.pdb BC A 8.42767 27.1043 -15.0735 -11.5227 -7.99465 -22.9864 -0.312264 38.0409 -24.0012 1.91606 7.34189 4.08248 0 0 0 0.388354 2.26963 -0.0258844 0 0 0 0 0 2.384 303 52 0 0 0
./complex_md-fit-dt500_630.pdb_reres.pdb BC A 8.81674 26.6241 -4.97834 -6.58227 -10.2195 -23.9785 -0.543963 40.5495 -23.6514 7.43398 7.91048 3.68456 0 0 0 0.420812 2.31938 -0.0021329 0 0 0 0 0 2.384 303 52 1 1 0
./complex_md-fit-dt500_631.pdb_reres.pdb BC A 7.64169 31.0985 -11.3244 -9.24269 -8.25428 -25.0566 -0.766516 41.7997 -25.3371 3.45015 8.16574 3.30953 0 0 0 0.631526 3.19673 -0.02394 0 0 0 0 0 2.384 303 51 0 0 0
./complex_md-fit-dt500_632.pdb_reres.pdb BC A 6.62928 26.9886 -8.18811 -7.99935 -10.8486 -24.4256 -0.782395 42.5453 -24.0476 6.69662 7.54283 3.06014 0 0 0 0.085805 2.87861 -0.0230934 0 0 0 0 0.00769212 2.384 303 54 1 1 0
./complex_md-fit-dt500_633.pdb_reres.pdb BC A 7.35296 28.4476 -10.4702 -8.21048 -9.9896 -25.7477 -0.636104 44.1456 -25.7514 2.91564 8.40003 3.99992 0 0 0 0.424146 4.11379 -0.0202312 0 0 0 0 0 2.384 303 54 0 0 0
./complex_md-fit-dt500_634.pdb_reres.pdb BC A 7.30307 27.5881 -5.10105 -7.41984 -7.61686 -24.4165 -0.615022 42.4676 -23.7517 5.61427 7.23704 2.90047 0 0 0 0.526066 2.83438 -0.032887 0 0 0 0 0.00633712 2.384 303 53 1 1 0
./complex_md-fit-dt500_635.pdb_reres.pdb BC A 7.96065 32.4625 -11.6615 -9.60392 -10.8655 -24.88 -0.502437 41.7366 -24.5038 4.92205 8.74956 2.53198 0 0 0 0.778054 2.51644 -0.0241321 0 0 0 0 0 2.384 303 52 0 0 0
./complex_md-fit-dt500_636.pdb_reres.pdb BC A 6.59519 30.3824 -12.4566 -7.79711 -10.5939 -24.75 -0.647896 41.7016 -24.1224 3.57717 8.19123 1.6746 0 0 0 0.336574 3.16099 -0.0264607 0 0 0 0 0 2.384 303 50 0 0 0
./complex_md-fit-dt500_637.pdb_reres.pdb BC A 7.39141 28.381 -5.87902 -5.83389 -7.36596 -24.131 -0.682137 40.9289 -23.8083 5.96883 6.67089 2.12493 0 0 0 0.255622 2.93742 -0.0147024 0 0 0 0 0.00782161 2.384 303 49 2 2 0
./complex_md-fit-dt500_638.pdb_reres.pdb BC A 6.87866 35.8536 -10.8181 -7.19335 -8.61351 -23.5937 -0.369392 38.7564 -23.935 3.97512 6.57972 2.96519 0 0 0 0.626262 2.57691 -0.02303 0 0 0 0 0.00729678 2.384 303 52 0 0 0
./complex_md-fit-dt500_639.pdb_reres.pdb BC A 10.2381 29.1077 -10.2252 -6.84034 -10.3956 -22.7445 -0.575545 38.7684 -22.1839 4.20812 7.22568 2.12028 0 0 0 0.186241 2.85173 0 0 0 0 0 0.00602628 2.384 303 48 1 1 0
./complex_md-fit-dt500_63.pdb_reres.pdb BC A 8.18828 25.2769 -9.87179 -10.7111 -5.56794 -21.835 -0.308685 38.2177 -22.0592 2.39052 6.19497 3.508 0 0 0 0.320824 2.11572 -0.0219965 0 0 0 0 0 2.384 303 53 0 0 0
./complex_md-fit-dt500_640.pdb_reres.pdb BC A 7.07494 28.457 -5.86119 -4.67002 -7.8411 -21.9611 -0.511196 37.127 -21.5488 4.19136 6.48944 2.10579 0 0 0 0.751301 2.07632 0 0 0 0 0 0.00616838 2.384 303 49 0 0 0
./complex_md-fit-dt500_641.pdb_reres.pdb BC A 8.80298 23.5964 -11.7764 -7.90749 -10.2983 -23.2833 -0.67418 39.1196 -23.2036 3.34012 7.73181 2.98942 0 0 0 0.428593 2.55261 -0.0191199 0 0 0 0 0 2.384 303 47 0 0 0
./complex_md-fit-dt500_642.pdb_reres.pdb BC A 8.94795 28.5969 -11.7533 -7.79203 -9.93986 -25.6968 -0.501637 43.4135 -25.5575 5.18362 6.8683 1.86625 0 0 0 0.427599 3.51515 -0.0315507 0 0 0 0 0.00685109 2.384 303 52 0 0 0
./complex_md-fit-dt500_643.pdb_reres.pdb BC A 8.18428 37.0287 -4.67598 -5.34681 -6.09245 -23.2199 -0.558143 41.0664 -23.1097 5.78044 5.13345 1.53336 0 0 0 0.147802 2.99031 -0.0165357 0 0 0 0 0.00620054 2.384 303 49 1 1 0
./complex_md-fit-dt500_644.pdb_reres.pdb BC A 11.1554 24.6833 -5.53643 -9.31804 -10.5687 -24.2821 -0.721115 41.5328 -24.0772 10.9111 7.68743 2.82829 0 0 0 0.471073 3.22707 5.55112e-17 0 0 0 0 0 2.384 303 55 2 2 0
./complex_md-fit-dt500_645.pdb_reres.pdb BC A 7.71452 26.8599 -5.70858 -7.24643 -8.86532 -24.2973 -0.617319 42.0307 -24.2012 4.98277 8.72609 3.28929 0 0 0 0.481663 3.17915 0 0 0 0 0 0.00844359 2.384 303 49 1 1 0
./complex_md-fit-dt500_646.pdb_reres.pdb BC A 6.84698 29.3708 -6.00189 -5.90158 -7.84271 -24.4522 -0.517067 42.4635 -24.2984 5.76402 6.6861 1.93955 0 0 0 0.16007 2.78608 -0.00321468 0 0 0 0 0 2.384 303 51 0 0 0
./complex_md-fit-dt500_647.pdb_reres.pdb BC A 7.1077 28.5776 -4.65497 -8.35631 -9.87029 -25.8149 -0.685582 44.2821 -25.7014 10.4664 7.53036 2.90544 0 0 0 0.61244 2.55871 -0.0232214 0 0 0 0 0 2.384 303 54 3 3 0
./complex_md-fit-dt500_648.pdb_reres.pdb BC A 7.77312 30.5742 -9.54228 -9.08695 -9.77264 -25.4161 -0.487136 43.7114 -24.996 3.55577 7.76701 4.79856 0 0 0 0.40985 3.10258 -0.0260088 0 0 0 0 0 2.384 303 54 0 0 0
./complex_md-fit-dt500_649.pdb_reres.pdb BC A 9.78324 37.9969 -10.703 -8.39534 -10.3238 -23.9943 -0.647445 40.4182 -24.1308 4.91655 8.25709 2.65119 0 0 0 0.568678 3.1161 -0.023047 0 0 0 0 0 2.384 303 51 0 0 0
./complex_md-fit-dt500_64.pdb_reres.pdb BC A 7.78983 23.4063 -11.5643 -9.9867 -6.29981 -23.3499 -0.425091 38.8269 -24.2273 1.50497 8.64763 3.68819 0 0 0 0.100715 2.35396 -0.0439102 0 0 0 0 0 2.384 303 54 0 0 0
./complex_md-fit-dt500_650.pdb_reres.pdb BC A 7.40871 40.5404 -13.4016 -9.22314 -10.7301 -25.206 -0.706056 42.3888 -24.9168 3.01202 9.20228 2.54991 0 0 0 0.249156 2.78465 -0.0217236 0 0 0 0 0 2.384 303 53 0 0 0
./complex_md-fit-dt500_651.pdb_reres.pdb BC A 8.46414 38.1201 -5.70263 -8.07412 -10.1235 -24.9789 -0.437006 43.7687 -24.1909 5.10591 9.8298 3.2575 0 0 0 0.132105 3.35614 0 0 0 0 0 0.00771617 2.384 303 50 1 1 0
./complex_md-fit-dt500_652.pdb_reres.pdb BC A 7.11554 35.3909 -8.95021 -9.37398 -11.9409 -24.6785 -0.541308 41.9573 -24.0121 6.07346 9.32207 3.78776 0 0 0 0.47743 3.47105 -0.0214365 0 0 0 0 0 2.384 303 52 1 0 1
./complex_md-fit-dt500_653.pdb_reres.pdb BC A 8.0024 25.696 -7.3845 -8.80814 -8.93667 -24.8042 -0.777964 42.8124 -24.7064 6.68773 7.75033 3.20348 0 0 0 0.217726 2.79524 -0.0227138 0 0 0 0 0 2.384 303 52 1 1 0
./complex_md-fit-dt500_654.pdb_reres.pdb BC A 6.87976 30.0989 -4.8072 -7.0486 -9.54769 -23.6861 -0.651362 41.2354 -23.2817 6.94114 7.12897 3.6674 0 0 0 0.460362 4.06006 -0.0249852 0 0 0 0 0 2.384 303 54 0 0 0
./complex_md-fit-dt500_655.pdb_reres.pdb BC A 9.73536 28.9567 -10.0509 -9.89583 -8.90927 -22.759 -0.808448 38.409 -22.5411 5.74597 7.56911 2.94176 0 0 0 0.213031 2.68883 -0.0212688 0 0 0 0 0.00520698 2.384 303 53 1 1 0
./complex_md-fit-dt500_656.pdb_reres.pdb BC A 8.71161 30.5416 -8.91675 -6.96725 -9.4483 -22.8931 -0.561625 39.4854 -21.915 3.66325 7.00241 2.57696 0 0 0 0.144916 2.95822 -0.0106152 0 0 0 0 0.00626951 2.384 303 51 0 0 0
./complex_md-fit-dt500_657.pdb_reres.pdb BC A 9.76712 31.7293 -7.96259 -7.78009 -11.0757 -23.7923 -0.711059 40.9519 -23.2138 5.81474 8.0858 3.18738 0 0 0 0.570445 2.99634 0 0 0 0 0 0 2.384 303 52 1 1 0
./complex_md-fit-dt500_658.pdb_reres.pdb BC A 9.17771 35.4284 -2.43385 -8.81214 -9.5718 -23.5656 -0.864513 40.3699 -23.2535 10.6125 8.43565 4.08365 0 0 0 0.129611 3.03676 -0.00913195 0 0 0 0 0.0115634 2.384 303 50 5 5 0
./complex_md-fit-dt500_659.pdb_reres.pdb BC A 7.89875 39.8885 -12.7331 -9.50801 -12.0413 -23.5831 -0.618879 39.0412 -23.6604 5.33444 8.9382 2.81886 0 0 0 0.568409 2.61077 -0.0225645 0 0 0 0 0 2.384 303 49 1 1 0
./complex_md-fit-dt500_65.pdb_reres.pdb BC A 7.30242 31.4853 -14.7413 -12.0611 -7.1727 -23.2721 -0.396873 37.7868 -24.8088 3.5232 8.03144 3.06025 0 0 0 0.568657 2.04472 0 0 0 0 0 0 2.384 303 53 1 1 0
./complex_md-fit-dt500_660.pdb_reres.pdb BC A 8.35295 36.8803 -11.7564 -10.7758 -10.6503 -24.1204 -0.585065 39.4947 -23.8025 6.39728 8.86264 3.22229 0 0 0 0.215596 3.20405 -0.014865 0 0 0 0 0 2.384 303 52 2 2 0
./complex_md-fit-dt500_661.pdb_reres.pdb BC A 9.15773 35.6962 -6.51911 -8.3659 -8.05696 -22.848 -0.68918 39.2687 -22.5096 5.8373 6.30007 4.18893 0 0 0 0.35898 2.64407 -0.00922216 0 0 0 0 0.0057801 2.384 303 51 0 0 0
./complex_md-fit-dt500_662.pdb_reres.pdb BC A 8.04823 32.8933 -9.69665 -6.92206 -9.08567 -22.2939 -0.60389 36.7436 -22.2017 5.28035 6.27127 2.82596 0 0 0 0.28932 2.86029 0 0 0 0 0 0 2.384 303 48 1 1 0
./complex_md-fit-dt500_663.pdb_reres.pdb BC A 10.1796 26.8762 -13.6473 -9.69158 -11.946 -25.5891 -0.80374 41.4594 -25.4661 6.37642 8.35614 3.24078 0 0 0 0.433518 3.12078 -0.0245967 0 0 0 0 0.0074999 2.384 303 54 2 2 0
./complex_md-fit-dt500_664.pdb_reres.pdb BC A 7.51055 29.6237 -13.4363 -9.32293 -13.1333 -25.6396 -0.769659 41.5799 -24.9048 6.53066 7.59422 3.95123 0 0 0 0.702545 3.60546 -0.0244512 0 0 0 0 0 2.384 303 51 1 1 0
./complex_md-fit-dt500_665.pdb_reres.pdb BC A 7.55491 32.4096 -5.78215 -6.83972 -8.31749 -23.083 -0.738598 39.9434 -22.4665 4.35114 7.24245 3.72497 0 0 0 0.423735 2.89319 -0.0224869 0 0 0 0 0 2.384 303 51 0 0 0
./complex_md-fit-dt500_666.pdb_reres.pdb BC A 7.83167 30.0352 -14.6354 -9.79386 -11.2877 -24.9293 -0.654444 41.6181 -24.265 4.60167 7.10459 2.41943 0 0 0 0.569397 3.33307 -0.0237722 0 0 0 0 0.00543638 2.384 303 51 0 0 0
./complex_md-fit-dt500_667.pdb_reres.pdb BC A 7.28569 29.4805 -14.8711 -8.13498 -11.2091 -23.393 -0.769492 37.2519 -23.6642 4.55301 7.87803 2.21062 0 0 0 0.429918 2.46384 -0.0238732 0 0 0 0 0 2.384 303 49 0 0 0
./complex_md-fit-dt500_668.pdb_reres.pdb BC A 11.5044 29.6956 -16.3517 -9.12242 -10.1529 -24.3582 -0.841738 39.1265 -24.1403 2.98929 6.56455 2.899 0 0 0 0.720305 3.29968 -0.0419184 0 0 0 0 0.00610394 2.384 303 53 0 0 0
./complex_md-fit-dt500_669.pdb_reres.pdb BC A 10.3698 23.4041 -9.21658 -8.49792 -10.7177 -22.9171 -0.81889 38.1903 -23.1614 7.95657 6.85488 3.53249 0 0 0 0.389084 3.04693 -0.0269555 0 0 0 0 0 2.384 303 51 2 2 0
./complex_md-fit-dt500_66.pdb_reres.pdb BC A 6.2363 35.2706 -15.5746 -11.2722 -8.75874 -21.7944 -0.477258 36.8841 -22.717 1.31602 8.38843 2.54794 0 0 0 0.371816 2.32333 -0.0633017 0 0 0 0 0 2.384 303 53 0 0 0
./complex_md-fit-dt500_670.pdb_reres.pdb BC A 7.57606 34.6973 -9.18628 -6.85376 -10.2633 -24.2743 -0.592712 40.3457 -24.1783 6.16166 7.18142 2.79798 0 0 0 0.497993 3.01092 -0.0145443 0 0 0 0 0.00589501 2.384 303 48 1 1 0
./complex_md-fit-dt500_671.pdb_reres.pdb BC A 9.58671 35.4446 -14.0572 -8.99253 -11.1603 -25.0788 -0.669329 41.6854 -24.5789 4.42839 7.64739 2.10336 0 0 0 0.580752 2.8659 -0.0226055 0 0 0 0 0 2.384 303 51 0 0 0
./complex_md-fit-dt500_672.pdb_reres.pdb BC A 9.41022 35.5523 -9.03003 -7.48902 -11.9229 -24.3819 -0.809453 41.1321 -24.2179 7.58624 7.83524 2.68736 0 0 0 0.569427 2.64845 -0.0191859 0 0 0 0 0 2.384 303 51 2 2 0
./complex_md-fit-dt500_673.pdb_reres.pdb BC A 7.8408 28.9853 -16.4839 -9.96773 -11.8481 -23.7665 -0.643151 38.4191 -23.9132 5.41712 7.08331 2.3469 0 0 0 0.38822 2.49354 0 0 0 0 0 0 2.384 303 50 1 1 0
./complex_md-fit-dt500_674.pdb_reres.pdb BC A 7.05708 29.1716 -11.7546 -9.36897 -10.3702 -24.1265 -0.812583 40.6098 -23.3604 4.9159 8.62196 1.98908 0 0 0 0.182319 2.51967 -0.0349557 0 0 0 0 0 2.384 303 50 0 0 0
./complex_md-fit-dt500_675.pdb_reres.pdb BC A 7.80198 35.9524 -14.7635 -8.06912 -12.1014 -23.4706 -0.825474 39.2142 -23.2029 3.22086 7.78409 2.05142 0 0 0 0.657303 2.62408 -0.021909 0 0 0 0 0 2.384 303 50 1 1 0
./complex_md-fit-dt500_676.pdb_reres.pdb BC A 6.23017 31.9861 -18.1643 -9.11303 -13.5547 -24.7922 -0.729186 40.6189 -24.0436 2.49964 9.10761 1.22652 0 0 0 0.639238 2.48045 -0.0235702 0 0 0 0 0 2.384 303 51 0 0 0
./complex_md-fit-dt500_677.pdb_reres.pdb BC A 7.33546 24.3111 -9.4339 -9.0039 -12.9909 -23.8828 -0.942169 40.3599 -23.6654 7.41169 9.64309 3.12011 0 0 0 0.510796 2.45996 0 0 0 0 0 0.00567877 2.384 303 50 2 2 0
./complex_md-fit-dt500_678.pdb_reres.pdb BC A 8.4358 23.8834 -17.378 -8.39731 -15.6198 -23.4167 -0.813581 37.8584 -23.1526 4.08317 9.45624 2.11697 0 0 0 0.492207 2.87175 0.00841395 0 0 0 0 0.00652351 2.384 303 51 1 1 0
./complex_md-fit-dt500_679.pdb_reres.pdb BC A 8.56004 36.4886 -11.0482 -8.44392 -12.5048 -26.2739 -0.969919 44.7691 -25.7334 5.70885 10.043 1.69928 0 0 0 0.685549 2.78396 -0.0280383 0 0 0 0 0 2.384 303 53 1 1 0
./complex_md-fit-dt500_67.pdb_reres.pdb BC A 7.87234 25.01 -11.2979 -11.0674 -6.97446 -22.0342 -0.339817 36.899 -23.473 4.5552 7.42878 3.57058 0 0 0 0.162668 2.59495 -0.0252682 0 0 0 0 0 2.384 303 49 1 1 0
./complex_md-fit-dt500_680.pdb_reres.pdb BC A 8.49156 32.3302 -14.3318 -7.76936 -13.6869 -24.8836 -1.10004 40.976 -24.5832 4.68251 8.75564 2.61007 0 0 0 0.690869 2.54956 -0.0238898 0 0 0 0 -2.22045e-16 2.384 303 51 1 1 0
./complex_md-fit-dt500_681.pdb_reres.pdb BC A 11.5724 33.4376 -11.7917 -8.19907 -12.1595 -24.1025 -0.782192 39.9733 -23.8567 6.26729 8.86956 1.97936 0 0 0 0.236865 3.48399 -0.0181904 0 0 0 0 0 2.384 303 49 1 1 0
./complex_md-fit-dt500_682.pdb_reres.pdb BC A 7.77138 32.0381 -11.8825 -8.65186 -12.9493 -24.7189 -0.792999 40.4111 -24.0293 8.25125 8.03333 1.82269 0 0 0 0.752986 2.36229 -0.020095 0 0 0 0 0.00846813 2.384 303 50 0 0 0
./complex_md-fit-dt500_683.pdb_reres.pdb BC A 8.3321 37.1232 -13.4057 -7.98068 -11.4971 -23.4621 -0.948094 38.2838 -23.2797 5.34476 8.07067 1.44777 0 0 0 0.615007 2.25312 0 0 0 0 0 0 2.384 303 50 1 1 0
./complex_md-fit-dt500_684.pdb_reres.pdb BC A 8.33627 34.2647 -10.3906 -7.48531 -12.2019 -23.726 -0.838802 39.5571 -22.5986 6.90871 7.29268 2.35318 0 0 0 0.340737 2.92113 0 0 0 0 0 0.00760092 2.384 303 51 1 1 0
./complex_md-fit-dt500_685.pdb_reres.pdb BC A 10.0338 36.8349 -9.89874 -9.94633 -11.4859 -25.7137 -0.923067 43.5134 -25.4978 6.49066 9.7457 2.78159 0 0 0 1.15677 2.86795 -0.0261191 0 0 0 0 0.00607065 2.384 303 52 1 1 0
./complex_md-fit-dt500_686.pdb_reres.pdb BC A 7.10126 32.0616 -14.9889 -8.08691 -12.3418 -25.1152 -0.793143 41.5325 -24.6712 4.58039 7.94438 1.36542 0 0 0 0.620111 2.91665 -0.0233568 0 0 0 0 0 2.384 303 52 0 0 0
./complex_md-fit-dt500_687.pdb_reres.pdb BC A 7.75171 28.7621 -6.36401 -6.3199 -8.08218 -23.575 -0.868717 40.1256 -23.1085 5.31794 7.33702 2.65171 0 0 0 0.176447 2.50044 -0.0184828 0 0 0 0 0 2.384 303 50 0 0 0
./complex_md-fit-dt500_688.pdb_reres.pdb BC A 9.83755 25.6822 -15.0498 -8.54128 -12.6612 -24.6013 -0.947716 41.0586 -24.4263 5.30501 7.55648 1.87125 0 0 0 0.336678 2.32872 0 0 0 0 0 0 2.384 303 51 1 1 0
./complex_md-fit-dt500_689.pdb_reres.pdb BC A 7.29407 27.5827 -7.56035 -7.75811 -10.9891 -25.4924 -0.957903 43.6787 -24.9217 6.46514 9.4834 2.38581 0 0 0 0.565167 3.14457 -0.0265413 0 0 0 0 0.00707526 2.384 303 54 2 2 0
./complex_md-fit-dt500_68.pdb_reres.pdb BC A 7.62775 28.7078 -13.3504 -10.7909 -7.49432 -22.8687 -0.488364 38.2429 -24.1989 2.94851 7.79388 3.32294 0 0 0 0.207146 4.14604 -0.0245761 0 0 0 0 0 2.384 303 52 0 0 0
./complex_md-fit-dt500_690.pdb_reres.pdb BC A 8.31507 28.2121 -10.9518 -8.82453 -13.584 -24.4007 -0.86675 40.1266 -23.401 7.31353 9.58995 2.84159 0 0 0 0.253472 3.03372 0 0 0 0 0 0 2.384 303 51 2 2 0
./complex_md-fit-dt500_691.pdb_reres.pdb BC A 6.60289 23.4427 -10.1672 -6.9453 -10.078 -23.8233 -1.03389 39.0764 -23.7257 6.90785 6.91044 2.31778 0 0 0 0.252425 2.3237 -0.0258226 0 0 0 0 2.22045e-16 2.384 303 51 0 0 0
./complex_md-fit-dt500_692.pdb_reres.pdb BC A 7.7729 29.9688 -11.2765 -8.44321 -12.7418 -24.4528 -0.915119 40.4908 -23.7112 6.62449 8.97109 2.38812 0 0 0 0.52642 2.67681 -0.0191451 0 0 0 0 0.00583469 2.384 303 50 1 1 0
./complex_md-fit-dt500_693.pdb_reres.pdb BC A 9.10693 31.9725 -16.2117 -9.04139 -12.3441 -24.7473 -0.839489 40.8894 -24.5589 4.59523 7.92097 1.51226 0 0 0 0.422327 2.90386 -0.0206481 0 0 0 0 0 2.384 303 52 1 1 0
./complex_md-fit-dt500_694.pdb_reres.pdb BC A 9.6926 22.8783 -13.0315 -8.23608 -9.31415 -24.1353 -0.7579 38.7939 -24.5581 4.09548 8.37091 2.39386 0 0 0 0.365526 2.8775 -0.0496663 0 0 0 0 0 2.384 303 52 0 0 0
./complex_md-fit-dt500_695.pdb_reres.pdb BC A 8.67996 32.365 -15.9804 -9.18429 -11.7401 -23.9355 -0.610134 38.7525 -23.5476 3.5226 7.32915 2.66272 0 0 0 0.764311 2.6923 0 0 0 0 0 0.00591101 2.384 303 53 0 0 0
./complex_md-fit-dt500_696.pdb_reres.pdb BC A 7.87948 31.5018 -9.91029 -4.95122 -11.8655 -22.9659 -0.799937 39.3838 -23.1636 5.03189 7.55465 1.75851 0 0 0 0.129188 2.53286 -0.0221926 0 0 0 0 0 2.384 303 50 0 0 0
./complex_md-fit-dt500_697.pdb_reres.pdb BC A 8.22437 31.9144 -6.07748 -6.32256 -9.95379 -24.0447 -0.752685 42.3558 -23.5182 6.38532 7.67096 1.74572 0 0 0 0.377606 2.24981 -0.026168 0 0 0 0 0.00526941 2.384 303 51 1 1 0
./complex_md-fit-dt500_698.pdb_reres.pdb BC A 7.1309 31.3767 -10.6858 -7.61734 -10.6999 -23.5624 -0.838529 40.5686 -23.0924 3.47473 7.32096 3.48139 0 0 0 0.272681 2.23895 1.11022e-16 0 0 0 0 0.00638455 2.384 303 50 0 0 0
./complex_md-fit-dt500_699.pdb_reres.pdb BC A 11.7699 25.6125 -13.7831 -8.25917 -9.82514 -24.1806 -0.822237 40.2751 -24.3296 4.46777 6.34939 2.3589 0 0 0 0.182506 3.30674 0 0 0 0 0 0 2.384 303 52 1 1 0
./complex_md-fit-dt500_69.pdb_reres.pdb BC A 7.61945 25.2107 -12.4364 -12.1504 -7.16215 -23.598 -0.389206 39.4133 -24.7137 4.94594 7.30034 3.50723 0 0 0 0.410303 3.51495 0 0 0 0 0 0 2.384 303 55 0 0 0
./complex_md-fit-dt500_6.pdb_reres.pdb BC A 7.41652 33.4315 -1.66013 -3.53521 -4.83512 -24.2111 -0.315866 43.2621 -25.3569 4.69144 5.33098 2.7639 0 0 0 0.570808 4.01599 -0.0252568 0 0 0 0 0 2.384 303 53 0 0 0
./complex_md-fit-dt500_700.pdb_reres.pdb BC A 11.8843 42.3019 -14.3838 -8.43045 -11.476 -24.1513 -0.724794 40.0487 -24.0558 4.89684 6.81516 2.33366 0 0 0 0.380581 2.99962 -0.020397 0 0 0 0 0 2.384 303 48 0 0 0
./complex_md-fit-dt500_701.pdb_reres.pdb BC A 6.85273 36.5694 -3.89956 -6.08991 -7.67678 -21.795 -0.766971 37.1384 -21.3225 5.27625 7.16569 3.81129 0 0 0 0.370013 2.5054 -0.0100637 0 0 0 0 0 2.384 303 47 0 0 0
./complex_md-fit-dt500_702.pdb_reres.pdb BC A 7.84564 32.74 -6.07022 -6.24715 -8.40654 -21.8512 -0.687911 36.2187 -21.5645 4.98873 7.51394 3.55589 0 0 0 0.409754 3.23323 0 0 0 0 0 0 2.384 303 49 1 1 0
./complex_md-fit-dt500_703.pdb_reres.pdb BC A 8.61807 39.1879 -16.2053 -8.59083 -12.2025 -23.0552 -0.636497 36.9493 -22.8716 4.14135 7.26616 1.8913 0 0 0 0.881719 3.3655 0.0155918 0 0 0 0 0.00588309 2.384 303 50 0 0 0
./complex_md-fit-dt500_704.pdb_reres.pdb BC A 9.2935 31.0796 -14.2385 -8.2441 -11.9518 -23.6564 -0.615277 39.704 -23.4132 2.52932 7.30556 3.5774 0 0 0 0.53677 2.94254 -0.0173037 0 0 0 0 0.00657252 2.384 303 48 0 0 0
./complex_md-fit-dt500_705.pdb_reres.pdb BC A 8.20817 29.4201 -7.48778 -8.4139 -9.31354 -24.5228 -0.849339 40.0829 -24.5214 8.61997 7.5729 3.48002 0 0 0 0.349751 3.43785 0.0202945 0 0 0 0 0.00733174 2.384 303 52 4 4 0
./complex_md-fit-dt500_706.pdb_reres.pdb BC A 8.20772 36.7324 -18.8103 -9.79349 -11.7548 -23.7684 -0.732497 37.6486 -23.1876 2.29674 6.85552 3.13581 0 0 0 0.489791 2.82032 0 0 0 0 0 0 2.384 303 53 0 0 0
./complex_md-fit-dt500_707.pdb_reres.pdb BC A 8.2225 29.1895 -15.3916 -8.4439 -13.5331 -23.9214 -0.564772 38.8867 -23.3167 3.8474 7.09435 3.81803 0 0 0 0.760908 3.55783 -0.0191698 0 0 0 0 0 2.384 303 52 0 0 0
./complex_md-fit-dt500_708.pdb_reres.pdb BC A 7.51802 36.4243 -7.69871 -7.90547 -8.77735 -22.7714 -0.683347 38.9198 -22.3626 5.60725 6.82834 2.99267 0 0 0 0.474613 3.0676 -0.0211983 0 0 0 0 0 2.384 303 53 0 0 0
./complex_md-fit-dt500_709.pdb_reres.pdb BC A 7.07132 33.1757 -16.0664 -9.72788 -9.71147 -23.7073 -0.714743 38.4867 -24.2586 3.99775 6.79142 2.06119 0 0 0 0.741959 2.70821 -0.0253962 0 0 0 0 0 2.384 303 53 2 2 0
./complex_md-fit-dt500_70.pdb_reres.pdb BC A 7.55079 25.5741 -7.23621 -8.33147 -4.62598 -23.4535 -0.346528 40.1588 -24.6923 3.79068 6.98677 2.97638 0 0 0 0.320934 2.40628 -0.0199797 0 0 0 0 0 2.384 303 54 0 0 0
./complex_md-fit-dt500_710.pdb_reres.pdb BC A 8.23695 27.786 -9.73543 -9.58012 -8.87694 -24.2961 -0.647744 40.273 -24.6553 8.03935 6.85603 2.61075 0 0 0 0.534723 3.53144 0 0 0 0 0 0.00691032 2.384 303 52 2 2 0
./complex_md-fit-dt500_711.pdb_reres.pdb BC A 8.79576 27.0006 -4.6016 -7.1461 -8.33905 -25.4011 -0.643685 42.5423 -25.5774 7.63253 7.17166 4.48223 0 0 0 0.697518 3.05615 -0.0204449 0 0 0 0 0 2.384 303 55 2 2 0
./complex_md-fit-dt500_712.pdb_reres.pdb BC A 7.61334 31.6512 -8.45449 -8.11905 -9.96771 -24.4161 -0.826368 41.0665 -24.1507 6.02302 7.74604 3.55747 0 0 0 0.662287 3.14204 -0.0298309 0 0 0 0 0 2.384 303 53 1 1 0
./complex_md-fit-dt500_713.pdb_reres.pdb BC A 7.66758 33.5611 -10.5045 -9.27899 -10.4173 -24.0903 -0.770836 38.849 -24.4303 7.81415 8.83301 2.19531 0 0 0 0.77183 2.74395 -0.00432346 0 0 0 0 0.0243168 2.384 303 50 2 2 0
./complex_md-fit-dt500_714.pdb_reres.pdb BC A 7.03824 30.2982 -8.3942 -8.13753 -9.46803 -23.7049 -0.560289 39.5088 -23.397 4.60177 8.22297 4.25742 0 0 0 0.25793 2.58978 0 0 0 0 0 0.0246234 2.384 303 50 0 0 0
./complex_md-fit-dt500_715.pdb_reres.pdb BC A 8.86342 40.1242 -9.08032 -8.88155 -8.04313 -23.6755 -0.542198 39.8051 -23.6921 3.71661 7.84455 3.69749 0 0 0 0.684617 2.9002 -5.55112e-17 0 0 0 0 0.00578617 2.384 303 51 0 0 0
./complex_md-fit-dt500_716.pdb_reres.pdb BC A 9.16193 37.7954 -12.8854 -8.61642 -10.176 -23.5849 -0.57754 37.291 -23.3385 3.56012 8.74172 3.08949 0 0 0 0.699999 2.69443 0 0 0 0 0 0.0257159 2.384 303 48 0 0 0
./complex_md-fit-dt500_717.pdb_reres.pdb BC A 9.86183 36.0389 -2.92115 -7.91903 -8.25227 -25.4852 -0.433486 43.0618 -25.454 8.70999 7.94895 3.9628 0 0 0 0.919231 3.15144 0 0 0 0 0 0.0201228 2.384 303 52 2 2 0
./complex_md-fit-dt500_718.pdb_reres.pdb BC A 8.41709 28.3052 -2.62181 -5.29016 -9.35477 -25.0157 -0.626944 43.8404 -24.9075 7.71069 7.82882 2.90191 0 0 0 0.273879 3.13991 -0.0170731 0 0 0 0 0.0346699 2.384 303 53 2 2 0
./complex_md-fit-dt500_719.pdb_reres.pdb BC A 8.04465 23.6319 -6.95329 -7.9169 -11.1742 -26.478 -0.596214 45.0009 -26.0073 7.16705 9.39221 2.58765 0 0 0 1.06362 3.38471 -0.0215601 0 0 0 0 0.0294605 2.384 303 51 1 1 0
./complex_md-fit-dt500_71.pdb_reres.pdb BC A 8.62486 24.1361 -7.28721 -9.05963 -4.92762 -23.3512 -0.500297 41.7974 -23.9809 2.5237 6.34647 3.71356 0 0 0 0.178683 3.5058 -0.0273186 0 0 0 0 0 2.384 303 56 0 0 0
./complex_md-fit-dt500_720.pdb_reres.pdb BC A 7.85568 34.4184 -9.59616 -9.40908 -11.1488 -25.2062 -0.846932 43.3783 -24.2376 4.20367 9.6214 3.46717 0 0 0 0.571117 3.14995 0.00367203 0 0 0 0 0.00705287 2.384 303 54 1 1 0
./complex_md-fit-dt500_721.pdb_reres.pdb BC A 9.60374 44.04 -2.75633 -7.79806 -7.28925 -25.827 -0.806561 43.7452 -25.5566 9.46017 8.06853 2.3857 0 0 0 0.857441 3.20003 -0.0211125 0 0 0 0 0.0252054 2.384 303 53 1 1 0
./complex_md-fit-dt500_722.pdb_reres.pdb BC A 12.2569 27.1385 -4.26286 -6.66182 -11.0416 -25.5369 -0.54439 44.3021 -25.1054 9.28903 8.60198 2.05641 0 0 0 0.373167 3.26814 -0.0182496 0 0 0 0 0.0227721 2.384 303 53 1 1 0
./complex_md-fit-dt500_723.pdb_reres.pdb BC A 11.437 40.3443 -3.70907 -6.87064 -8.70767 -25.7329 -0.54335 44.3065 -25.516 5.66901 7.75214 5.27257 0 0 0 0.652745 3.26868 -0.015173 0 0 0 0 0.0237195 2.384 303 54 0 0 0
./complex_md-fit-dt500_724.pdb_reres.pdb BC A 6.75287 31.9678 -5.88976 -6.77623 -10.8584 -24.3824 -0.511957 42.3123 -24.4102 7.25198 8.43035 2.50219 0 0 0 0.585078 2.89111 -0.0379444 0 0 0 0 0.00556265 2.384 303 51 1 1 0
./complex_md-fit-dt500_725.pdb_reres.pdb BC A 10.1773 31.6675 -9.64966 -9.99315 -10.7429 -24.6721 -0.681701 42.232 -24.3006 6.66351 9.39759 2.14098 0 0 0 0.337323 3.10166 -0.0364175 0 0 0 0 0.00585856 2.384 303 54 2 2 0
./complex_md-fit-dt500_726.pdb_reres.pdb BC A 7.9821 27.0088 -3.19031 -7.72856 -8.05982 -24.9068 -0.617058 42.6671 -24.9142 8.54486 7.70716 3.49613 0 0 0 0.634839 2.88431 -0.0202727 0 0 0 0 0.00629543 2.384 303 54 4 4 0
./complex_md-fit-dt500_727.pdb_reres.pdb BC A 7.77486 32.8503 -10.8637 -9.18248 -11.8654 -25.357 -0.639493 42.3889 -24.9466 5.31553 9.62922 3.35054 0 0 0 0.453225 2.94351 -0.0215766 0 0 0 0 0.0113217 2.384 303 53 1 1 0
./complex_md-fit-dt500_728.pdb_reres.pdb BC A 6.73526 31.3361 -14.3164 -8.94941 -12.7731 -24.2887 -0.515086 41.0661 -23.9498 3.37929 8.56535 2.51279 0 0 0 0.609211 2.53653 0.000661926 0 0 0 0 0.0262784 2.384 303 53 0 0 0
./complex_md-fit-dt500_729.pdb_reres.pdb BC A 6.94037 30.5312 -11.7363 -7.81831 -10.493 -24.1445 -0.539889 40.5422 -23.9276 4.08349 7.10418 3.33617 0 0 0 0.116923 3.42455 -0.01936 0 0 0 0 0.0234535 2.384 303 50 0 0 0
./complex_md-fit-dt500_72.pdb_reres.pdb BC A 9.34777 39.4926 -9.85359 -9.68762 -7.25255 -23.3709 -0.450699 39.7243 -24.8896 5.32177 7.5584 2.60985 0 0 0 0.621065 2.45643 -0.0375627 0 0 0 0 0 2.384 303 55 1 1 0
./complex_md-fit-dt500_730.pdb_reres.pdb BC A 9.05425 34.4604 -11.562 -10.2923 -10.7743 -25.0245 -0.631312 40.31 -25.3551 6.81322 9.15319 3.35961 0 0 0 0.901082 3.49341 -0.0215735 0 0 0 0 2.22045e-16 2.384 303 55 1 1 0
./complex_md-fit-dt500_731.pdb_reres.pdb BC A 7.04109 33.6379 -16.758 -11.0111 -13.6025 -23.9451 -0.721561 40.1639 -23.5172 2.86856 10.0307 2.37716 0 0 0 0.594017 2.52933 -0.0216911 0 0 0 0 0.0268873 2.384 303 51 1 1 0
./complex_md-fit-dt500_732.pdb_reres.pdb BC A 7.98803 34.4901 -12.7253 -10.308 -11.9273 -24.9866 -0.655183 41.5928 -24.9096 3.74394 10.284 3.88051 0 0 0 0.570753 3.18889 -0.0225914 0 0 0 0 0.0120124 2.384 303 52 0 0 0
./complex_md-fit-dt500_733.pdb_reres.pdb BC A 8.2585 36.9604 -4.63006 -6.27739 -9.14228 -22.0842 -0.535939 38.277 -21.7809 6.77925 6.33702 3.00945 0 0 0 0.798432 1.96436 -0.0172586 0 0 0 0 0.00678692 2.384 303 48 1 1 0
./complex_md-fit-dt500_734.pdb_reres.pdb BC A 8.91402 28.482 -14.9178 -9.32643 -11.7744 -25.4943 -0.640134 41.7012 -25.1666 3.06843 8.9312 3.31742 0 0 0 0.467814 3.20986 -0.0202365 0 0 0 0 0.0182741 2.384 303 52 0 0 0
./complex_md-fit-dt500_735.pdb_reres.pdb BC A 8.6358 31.7999 -11.7616 -8.43029 -10.6113 -24.2072 -0.692687 39.8643 -24.3844 5.18196 8.34803 3.00934 0 0 0 0.175217 3.10344 -0.0218723 0 0 0 0 0.00744553 2.384 303 51 0 0 0
./complex_md-fit-dt500_736.pdb_reres.pdb BC A 8.2359 36.2098 -8.36139 -7.82382 -11.0708 -23.8939 -0.694821 41.3165 -22.7436 6.08113 7.69992 2.1104 0 0 0 0.657507 3.04917 -0.0157068 0 0 0 0 0.0157993 2.384 303 50 1 1 0
./complex_md-fit-dt500_737.pdb_reres.pdb BC A 10.0492 33.0623 -17.9651 -10.9251 -12.507 -26.7141 -0.68042 43.8747 -26.7941 3.03449 8.80551 3.21102 0 0 0 0.746064 3.29757 -0.0229206 0 0 0 0 0.00660149 2.384 303 54 0 0 0
./complex_md-fit-dt500_738.pdb_reres.pdb BC A 9.21765 30.5142 -14.0565 -9.97925 -14.2639 -25.0704 -0.759421 42.807 -24.4842 5.89248 9.38545 2.20437 0 0 0 0.219458 2.99124 -0.0239926 0 0 0 0 0.0159458 2.384 303 52 1 1 0
./complex_md-fit-dt500_739.pdb_reres.pdb BC A 8.20714 36.656 -13.4252 -9.42231 -12.1023 -24.5702 -0.649465 41.549 -23.6277 4.56615 7.30149 2.93771 0 0 0 0.593698 2.8897 -0.0266444 0 0 0 0 0.0253413 2.384 303 52 0 0 0
./complex_md-fit-dt500_73.pdb_reres.pdb BC A 9.77914 32.806 -4.13266 -7.47357 -5.89937 -22.1554 -0.436982 39.7909 -23.3196 5.02413 6.94429 2.85163 0 0 0 0.563943 3.37903 -0.0226272 0 0 0 0 0 2.384 303 50 0 0 0
./complex_md-fit-dt500_740.pdb_reres.pdb BC A 8.46867 35.4113 -14.6049 -10.0728 -11.5561 -24.5771 -0.713804 39.9413 -24.283 4.56658 8.93856 2.20228 0 0 0 0.946311 3.04278 -0.0209242 0 0 0 0 0.0238128 2.384 303 52 0 0 0
./complex_md-fit-dt500_741.pdb_reres.pdb BC A 8.07649 31.6848 -15.9787 -9.01079 -12.0336 -25.8484 -0.840914 42.0172 -25.6674 3.88979 7.65244 3.12173 0 0 0 0.740396 3.29127 -0.0242934 0 0 0 0 0.0252021 2.384 303 54 0 0 0
./complex_md-fit-dt500_742.pdb_reres.pdb BC A 7.10726 24.209 -14.6763 -9.51917 -11.7566 -25.8312 -0.849277 42.5477 -25.666 4.25806 7.46626 3.85996 0 0 0 0.846508 2.9675 -0.0398305 0 0 0 0 0.00731387 2.384 303 54 0 0 0
./complex_md-fit-dt500_743.pdb_reres.pdb BC A 9.38853 26.7043 -6.7925 -8.28429 -10.6475 -23.6217 -0.756876 40.5689 -23.2164 7.63001 7.77683 3.61164 0 0 0 0.165514 2.66748 -0.0243117 0 0 0 0 0.00568564 2.384 303 53 1 1 0
./complex_md-fit-dt500_744.pdb_reres.pdb BC A 9.44642 33.2286 -19.3067 -9.44359 -11.2114 -24.7089 -0.713828 39.36 -25.4592 1.98003 7.53681 2.79304 0 0 0 0.549327 2.99013 -0.0226691 0 0 0 0 0.033751 2.384 303 54 0 0 0
./complex_md-fit-dt500_745.pdb_reres.pdb BC A 10.8769 35.1928 -9.37874 -9.70914 -9.63472 -25.2687 -0.795441 42.0504 -24.8914 7.49257 8.53494 1.97833 0 0 0 0.865847 3.9098 -0.0258052 0 0 0 0 0.0244274 2.384 303 54 2 1 1
./complex_md-fit-dt500_746.pdb_reres.pdb BC A 11.0213 30.6399 -9.22585 -8.69941 -11.5771 -24.1553 -0.724778 39.1834 -23.7024 9.21042 7.97811 2.82213 0 0 0 0.445662 3.09536 -0.0217569 0 0 0 0 0.0150781 2.384 303 53 2 2 0
./complex_md-fit-dt500_747.pdb_reres.pdb BC A 9.46593 38.273 -7.17546 -9.14302 -7.78835 -24.0491 -0.565173 39.1316 -23.8805 7.3623 8.09463 2.96906 0 0 0 0.709713 2.69862 -0.0238064 0 0 0 0 0.00722589 2.384 303 52 1 1 0
./complex_md-fit-dt500_748.pdb_reres.pdb BC A 10.1812 28.4854 -11.1848 -8.33532 -13.4126 -24.8225 -0.807069 42.9907 -24.3995 7.57168 7.36983 2.23693 0 0 0 0.423018 3.42607 -0.0258128 0 0 0 0 0.0258399 2.384 303 52 1 1 0
./complex_md-fit-dt500_749.pdb_reres.pdb BC A 8.74871 34.7301 -8.5063 -7.95542 -11.6362 -25.027 -0.608436 41.3855 -25.2915 8.21172 8.21402 3.55675 0 0 0 0.631621 3.06744 1.11022e-16 0 0 0 0 0.0125632 2.384 303 52 1 1 0
./complex_md-fit-dt500_74.pdb_reres.pdb BC A 7.32777 26.7665 -7.86913 -7.90741 -7.1731 -22.8033 -0.389682 40.0562 -23.298 4.03037 7.25687 2.29543 0 0 0 0.08422 3.66337 -0.0207296 0 0 0 0 0 2.384 303 51 0 0 0
./complex_md-fit-dt500_750.pdb_reres.pdb BC A 9.23864 31.1064 -12.1063 -7.36898 -12.5549 -24.074 -0.474124 40.4078 -23.3074 5.24996 7.63659 2.15052 0 0 0 0.227206 2.75786 -0.0114796 0 0 0 0 0.0125507 2.384 303 51 1 1 0
./complex_md-fit-dt500_751.pdb_reres.pdb BC A 7.2666 27.5889 -4.30706 -5.57178 -8.47691 -24.2647 -0.582763 41.1787 -24.468 7.84578 7.23315 2.05463 0 0 0 0.758131 4.24687 -0.0363249 0 0 0 0 0.0230557 2.384 303 51 4 4 0
./complex_md-fit-dt500_752.pdb_reres.pdb BC A 8.9416 34.7277 -14.6351 -8.78498 -10.8288 -23.9465 -0.684869 38.6348 -23.9767 4.18448 6.63888 3.41763 0 0 0 0.688269 2.6936 0 0 0 0 0 0.0226707 2.384 303 53 1 1 0
./complex_md-fit-dt500_753.pdb_reres.pdb BC A 9.81366 36.1246 -12.559 -8.23425 -11.6366 -22.4167 -0.641823 37.3793 -21.5619 3.63137 6.38478 4.14112 0 0 0 0.361542 2.48389 0 0 0 0 0 0.0341075 2.384 303 47 0 0 0
./complex_md-fit-dt500_754.pdb_reres.pdb BC A 8.93055 35.0013 -13.5835 -8.63905 -11.9255 -22.311 -0.616722 36.1569 -21.8615 4.27641 8.03808 2.45669 0 0 0 0.814404 2.63834 0.00516853 0 0 0 0 0.0226775 2.384 303 50 1 1 0
./complex_md-fit-dt500_755.pdb_reres.pdb BC A 9.84716 27.6978 -12.9755 -10.1254 -10.8002 -25.7668 -0.598471 42.9345 -25.7202 4.84166 8.57395 2.72917 0 0 0 0.962129 3.31039 -0.0250534 0 0 0 0 0.0192187 2.384 303 54 1 1 0
./complex_md-fit-dt500_756.pdb_reres.pdb BC A 8.85868 33.9829 -9.68316 -8.83389 -11.3309 -23.5387 -0.743588 38.8566 -23.1891 7.22013 7.9022 3.4397 0 0 0 0.532404 3.40177 -0.0213386 0 0 0 0 0.0232343 2.384 303 48 2 2 0
./complex_md-fit-dt500_757.pdb_reres.pdb BC A 9.35793 35.5131 -6.28698 -6.63726 -10.7702 -24.4228 -0.737599 41.0292 -24.3125 6.90022 8.26416 4.24471 0 0 0 0.141088 2.57216 0 0 0 0 0 0.014033 2.384 303 52 1 1 0
./complex_md-fit-dt500_758.pdb_reres.pdb BC A 8.17957 29.377 -9.54945 -8.57294 -9.5917 -23.4169 -0.890613 38.621 -23.1257 5.54427 8.51046 2.84245 0 0 0 0.547018 2.72158 -0.0228479 0 0 0 0 0.00610153 2.384 303 52 1 1 0
./complex_md-fit-dt500_759.pdb_reres.pdb BC A 7.22404 34.6351 -15.9554 -9.04551 -11.8838 -24.5849 -0.757357 40.481 -24.4949 2.18511 7.97069 3.67033 0 0 0 0.527437 3.57892 -0.0235112 0 0 0 0 0 2.384 303 53 0 0 0
./complex_md-fit-dt500_75.pdb_reres.pdb BC A 8.21739 31.6305 -8.80777 -8.34248 -7.60405 -22.4262 -0.486878 39.4013 -23.0861 3.25285 8.25494 1.53478 0 0 0 0.716179 2.98663 -0.0221304 0 0 0 0 0 2.384 303 50 0 0 0
./complex_md-fit-dt500_760.pdb_reres.pdb BC A 8.90351 41.0325 -9.90327 -8.34327 -11.2153 -23.7021 -0.727884 39.1063 -23.5936 6.75863 7.56271 3.57069 0 0 0 0.697679 2.98056 -0.0225887 0 0 0 0 0.00550458 2.384 303 54 3 3 0
./complex_md-fit-dt500_761.pdb_reres.pdb BC A 9.0762 28.241 -9.04283 -7.80397 -8.75809 -23.7432 -0.830663 39.4546 -23.7809 5.65844 7.56431 2.94417 0 0 0 0.250761 2.962 -0.0238016 0 0 0 0 0.0255052 2.384 303 51 1 1 0
./complex_md-fit-dt500_762.pdb_reres.pdb BC A 7.40032 25.6702 -5.84621 -7.80166 -7.6305 -23.3767 -0.779224 39.1649 -23.7261 8.42651 7.13264 2.53946 0 0 0 0.181587 2.70051 0 0 0 0 0 0.0228352 2.384 303 51 1 1 0
./complex_md-fit-dt500_763.pdb_reres.pdb BC A 8.14193 34.9083 -17.7098 -10.8344 -13.8584 -24.6475 -0.906137 41.7578 -23.717 3.4161 7.97432 2.59154 0 0 0 0.497719 2.95925 -0.0252092 0 0 0 0 0.0413343 2.384 303 50 0 0 0
./complex_md-fit-dt500_764.pdb_reres.pdb BC A 5.73843 34.5288 -11.4707 -10.331 -11.0113 -25.1092 -0.61952 41.562 -24.7237 7.36221 7.96642 2.70717 0 0 0 0.733824 3.24318 -0.021356 0 0 0 0 0.013721 2.384 303 51 1 1 0
./complex_md-fit-dt500_765.pdb_reres.pdb BC A 9.60752 33.9964 -16.1358 -8.8708 -13.263 -24.3102 -0.741806 40.5594 -23.8323 3.00925 7.24078 3.62336 0 0 0 0.445556 3.14584 -0.0199083 0 0 0 0 0.0238812 2.384 303 52 0 0 0
./complex_md-fit-dt500_766.pdb_reres.pdb BC A 10.5469 41.4595 -6.89759 -8.82247 -8.71919 -25.3235 -0.79742 42.6 -25.2565 8.19028 7.15305 3.71315 0 0 0 0.340491 2.68736 -5.55112e-17 0 0 0 0 0.0244819 2.384 303 52 1 1 0
./complex_md-fit-dt500_767.pdb_reres.pdb BC A 9.50228 26.6749 -15.0675 -9.29217 -11.2639 -24.2213 -0.717899 39.3181 -24.0724 4.56318 8.62028 1.70112 0 0 0 0.291042 2.40648 -0.0101433 0 0 0 0 0.0164921 2.384 303 51 1 1 0
./complex_md-fit-dt500_768.pdb_reres.pdb BC A 7.97456 39.4781 -9.64758 -8.02798 -12.1468 -24.2551 -0.607181 39.3048 -23.8636 8.31545 8.25686 2.86075 0 0 0 0.530516 2.84886 -0.0219471 0 0 0 0 0.0066941 2.384 303 52 2 2 0
./complex_md-fit-dt500_769.pdb_reres.pdb BC A 9.96393 30.5038 -9.96893 -9.70084 -12.0799 -25.0265 -0.803988 42.4803 -24.5791 8.31818 8.157 3.09937 0 0 0 0.142676 2.60695 0 0 0 0 0 0.0238347 2.384 303 52 1 1 0
./complex_md-fit-dt500_76.pdb_reres.pdb BC A 6.96253 35.1421 -11.3205 -9.83483 -7.19286 -23.8975 -0.43038 38.9062 -25.5988 3.83264 8.3915 3.8252 0 0 0 0.698364 4.7277 -0.0199788 0 0 0 0 0 2.384 303 50 1 1 0
./complex_md-fit-dt500_770.pdb_reres.pdb BC A 7.48211 42.8866 -14.6843 -10.3434 -13.9745 -24.6009 -0.645278 41.6 -24.0266 5.60596 7.89654 2.59506 0 0 0 1.22305 2.92274 -0.0206723 0 0 0 0 0.00648486 2.384 303 50 0 0 0
./complex_md-fit-dt500_771.pdb_reres.pdb BC A 7.53688 29.0013 -8.30745 -8.57032 -9.65265 -24.9977 -0.565691 42.2409 -24.6936 8.2242 7.29951 2.28444 0 0 0 0.122182 2.98174 -0.0216414 0 0 0 0 0.0228681 2.384 303 50 2 2 0
./complex_md-fit-dt500_772.pdb_reres.pdb BC A 9.80228 27.4097 -12.685 -8.85487 -12.8046 -24.334 -0.601237 41.2528 -24.1186 7.03812 6.41891 2.65352 0 0 0 0.681096 2.14287 -0.0227879 0 0 0 0 0.00654993 2.384 303 56 1 1 0
./complex_md-fit-dt500_773.pdb_reres.pdb BC A 5.73142 26.8041 -5.73935 -5.93344 -9.27947 -22.5257 -0.734314 38.6435 -22.0203 6.72974 6.24091 2.75943 0 0 0 0.384176 2.23974 -0.00964338 0 0 0 0 0.0058715 2.384 303 52 1 1 0
./complex_md-fit-dt500_774.pdb_reres.pdb BC A 8.19913 24.8545 -8.00022 -6.74202 -8.43359 -23.6482 -0.565028 40.5244 -23.6981 6.70871 6.16131 1.05228 0 0 0 0.658656 2.69976 -0.0254963 0 0 0 0 0.00679869 2.384 303 50 1 1 0
./complex_md-fit-dt500_775.pdb_reres.pdb BC A 7.51413 26.5191 -9.36082 -7.77208 -10.7908 -24.4249 -0.782706 40.6448 -24.0769 6.07752 7.59556 3.80169 0 0 0 0.393116 2.41072 -0.0260506 0 0 0 0 0 2.384 303 53 1 1 0
./complex_md-fit-dt500_776.pdb_reres.pdb BC A 8.4112 28.6025 -15.515 -9.23945 -11.0135 -23.8059 -0.666148 37.5752 -23.7901 4.79277 7.86777 2.38414 0 0 0 0.405423 2.20819 -0.0251607 0 0 0 0 0 2.384 303 51 0 0 0
./complex_md-fit-dt500_777.pdb_reres.pdb BC A 9.16339 28.3628 -10.6561 -7.70038 -9.76723 -23.8151 -0.675264 40.4617 -23.5652 4.22208 7.07156 2.43038 0 0 0 0.718408 2.19658 -0.0370167 0 0 0 0 0 2.384 303 51 0 0 0
./complex_md-fit-dt500_778.pdb_reres.pdb BC A 7.38957 34.2825 -8.70452 -6.87009 -10.1192 -24.4346 -0.75996 42.4314 -24.2421 5.76774 7.08966 2.14032 0 0 0 0.320533 2.37002 -0.028157 0 0 0 0 0 2.384 303 55 1 1 0
./complex_md-fit-dt500_779.pdb_reres.pdb BC A 8.85173 28.6478 -12.1186 -8.40215 -8.67985 -24.0173 -0.677881 39.1945 -24.1686 3.5126 7.35597 3.42713 0 0 0 0.373196 2.44339 -0.0362457 0 0 0 0 0 2.384 303 53 0 0 0
./complex_md-fit-dt500_77.pdb_reres.pdb BC A 8.18301 29.6233 -11.569 -10.0102 -5.50679 -21.9679 -0.370595 35.9787 -23.4438 3.14832 7.53097 2.80103 0 0 0 0.335815 2.13894 -0.0645676 0 0 0 0 0 2.384 303 48 0 0 0
./complex_md-fit-dt500_780.pdb_reres.pdb BC A 7.01714 35.1412 -4.70959 -8.82369 -10.2369 -26.1617 -0.808877 46.336 -25.7135 8.53425 8.14206 3.56649 0 0 0 0.486929 2.86161 -0.0306347 0 0 0 0 0 2.384 303 54 2 2 0
./complex_md-fit-dt500_781.pdb_reres.pdb BC A 7.64884 34.6394 -1.64363 -6.81077 -7.9419 -23.8629 -0.723064 43.8109 -23.2912 6.68099 8.45758 1.69054 0 0 0 0.366964 2.02221 -0.020873 0 0 0 0 2.22045e-16 2.384 303 52 1 1 0
./complex_md-fit-dt500_782.pdb_reres.pdb BC A 8.30739 33.8808 -7.4317 -7.87444 -9.60352 -25.2851 -0.911717 43.1069 -24.8457 6.00497 8.47295 2.98277 0 0 0 0.54881 2.66799 -0.0276481 0 0 0 0 0 2.384 303 50 0 0 0
./complex_md-fit-dt500_783.pdb_reres.pdb BC A 5.77563 31.4188 -14.5957 -10.0542 -13.2981 -23.6739 -0.753483 39.3212 -23.5687 7.22257 8.5888 1.43486 0 0 0 0.217127 2.44746 -0.0318849 0 0 0 0 0 2.384 303 54 1 1 0
./complex_md-fit-dt500_784.pdb_reres.pdb BC A 5.73665 34.4041 -2.19068 -6.22075 -9.51611 -24.7166 -0.7594 43.6232 -24.3486 9.32969 7.80495 2.28588 0 0 0 0.327129 2.62212 0 0 0 0 0 0 2.384 303 52 1 1 0
./complex_md-fit-dt500_785.pdb_reres.pdb BC A 7.29041 35.0989 -8.89032 -9.1497 -12.7288 -23.9133 -0.806148 41.2887 -23.3251 8.57135 8.75069 2.18177 0 0 0 0.256997 2.30991 -0.02315 0 0 0 0 0.00631138 2.384 303 52 2 2 0
./complex_md-fit-dt500_786.pdb_reres.pdb BC A 9.57278 29.2374 -6.4464 -9.6734 -10.0293 -23.2689 -0.828042 40.0024 -22.2984 8.93856 8.68944 1.53814 0 0 0 0.514224 2.62766 -0.0311512 0 0 0 0 0 2.384 303 54 2 2 0
./complex_md-fit-dt500_787.pdb_reres.pdb BC A 8.24706 33.2265 -9.28678 -9.61287 -10.8877 -24.3087 -0.781838 41.2275 -23.5911 7.99669 8.30176 2.02364 0 0 0 0.362096 2.38873 -0.021714 0 0 0 0 0.00543707 2.384 303 56 1 1 0
./complex_md-fit-dt500_788.pdb_reres.pdb BC A 9.17518 33.6826 -8.68131 -7.94175 -10.2601 -24.3124 -0.764568 41.0125 -23.6115 6.71927 7.83282 2.15637 0 0 0 0.5139 2.35175 -0.0259116 0 0 0 0 0 2.384 303 53 0 0 0
./complex_md-fit-dt500_789.pdb_reres.pdb BC A 9.79254 30.6115 -0.400122 -5.76447 -8.95047 -23.7688 -0.652272 42.2005 -23.0142 9.31568 7.65618 2.07862 0 0 0 0.518619 2.80318 -0.0251032 0 0 0 0 0.00559436 2.384 303 53 1 1 0
./complex_md-fit-dt500_78.pdb_reres.pdb BC A 6.62818 24.786 -13.1044 -10.456 -7.94969 -23.291 -0.390038 38.9644 -24.3756 2.13685 8.20095 3.8241 0 0 0 0.251066 3.20332 -0.0193791 0 0 0 0 0 2.384 303 49 0 0 0
./complex_md-fit-dt500_790.pdb_reres.pdb BC A 9.05743 33.3817 -13.898 -9.43438 -12.5119 -25.8747 -0.940904 43.7881 -25.4577 4.23244 8.976 2.02534 0 0 0 1.31793 2.55513 -0.0262011 0 0 0 0 0.00800355 2.384 303 54 0 0 0
./complex_md-fit-dt500_791.pdb_reres.pdb BC A 7.73242 30.5858 -6.37982 -8.40681 -10.9828 -25.5278 -0.68794 44.8779 -24.8592 8.74543 7.87605 2.18132 0 0 0 0.434908 2.98231 -0.0375769 0 0 0 0 0.00669996 2.384 303 55 2 2 0
./complex_md-fit-dt500_792.pdb_reres.pdb BC A 7.46632 32.8036 -7.80155 -7.93078 -8.85974 -23.3844 -0.610595 40.2291 -23.1954 6.70462 7.31939 1.49983 0 0 0 0.447581 2.56752 -0.0211598 0 0 0 0 0 2.384 303 53 1 1 0
./complex_md-fit-dt500_793.pdb_reres.pdb BC A 10.2885 35.33 -7.75064 -9.15297 -11.706 -23.7324 -0.872662 40.0247 -23.3569 8.87353 8.40278 3.41517 0 0 0 0.380063 2.41539 -0.0260322 0 0 0 0 0 2.384 303 53 2 2 0
./complex_md-fit-dt500_794.pdb_reres.pdb BC A 8.23735 30.5491 -12.3857 -9.88455 -11.4454 -24.2268 -0.737285 39.6297 -24.4387 5.08336 9.51511 3.78362 0 0 0 0.335311 1.98447 0 0 0 0 0 0 2.384 303 50 0 0 0
./complex_md-fit-dt500_795.pdb_reres.pdb BC A 8.2968 30.8572 -11.8457 -7.52004 -9.73849 -23.8934 -0.749364 40.771 -23.4841 3.3304 6.73493 2.52669 0 0 0 0.185884 2.17061 -0.00918933 0 0 0 0 0 2.384 303 54 0 0 0
./complex_md-fit-dt500_796.pdb_reres.pdb BC A 7.27733 37.2508 -9.22132 -8.71137 -9.4418 -23.5606 -0.777501 39.6317 -23.0571 7.22982 7.07352 1.85881 0 0 0 0.554501 2.56055 -0.0273339 0 0 0 0 0.00606976 2.384 303 48 2 2 0
./complex_md-fit-dt500_797.pdb_reres.pdb BC A 9.87449 36.6445 -6.599 -7.91893 -9.63199 -24.596 -0.685633 43.6827 -23.5917 5.44574 8.67371 1.56554 0 0 0 0.487377 3.10135 -0.0298323 0 0 0 0 0 2.384 303 54 1 1 0
./complex_md-fit-dt500_798.pdb_reres.pdb BC A 7.43792 31.7496 -12.6843 -8.63727 -13.4713 -24.0359 -0.694284 41.7405 -22.762 5.613 7.78543 1.25747 0 0 0 0.541148 2.58182 -0.0211571 0 0 0 0 0 2.384 303 51 1 1 0
./complex_md-fit-dt500_799.pdb_reres.pdb BC A 8.39079 27.862 -6.8903 -7.28955 -11.8352 -23.661 -0.757912 40.8353 -22.6384 8.23437 8.44935 1.26231 0 0 0 0.543387 2.6481 -0.032975 0 0 0 0 0 2.384 303 53 1 1 0
./complex_md-fit-dt500_79.pdb_reres.pdb BC A 8.56332 34.0505 -17.5856 -13.3911 -10.1303 -23.2406 -0.49997 37.6958 -24.9746 3.80199 9.31789 3.38021 0 0 0 0.482419 3.76217 -0.0274345 0 0 0 0 0 2.384 303 52 0 0 0
./complex_md-fit-dt500_7.pdb_reres.pdb BC A 7.13554 30.3853 -9.67291 -7.21798 -7.91769 -24.1689 -0.504723 41.5111 -24.557 2.31691 6.99373 3.4662 0 0 0 0.412354 2.99355 -0.00688204 0 0 0 0 0 2.384 303 51 0 0 0
./complex_md-fit-dt500_800.pdb_reres.pdb BC A 9.87776 35.6533 0.0608281 -6.02751 -10.2791 -23.4908 -0.766212 41.5336 -22.5612 12.0754 8.33472 0.762609 0 0 0 0.502635 2.77554 -0.0233023 0 0 0 0 0 2.384 303 50 2 2 0
./complex_md-fit-dt500_801.pdb_reres.pdb BC A 8.25326 36.1677 -7.01216 -8.28616 -9.20882 -23.8694 -0.660881 40.7689 -23.7985 7.62557 7.13842 2.59255 0 0 0 0.702086 2.50066 -0.0220678 0 0 0 0 0.00616813 2.384 303 54 2 2 0
./complex_md-fit-dt500_802.pdb_reres.pdb BC A 7.9963 27.8712 -10.3524 -8.20987 -9.17513 -24.0788 -0.769095 41.3113 -23.8437 4.0215 6.82238 3.03247 0 0 0 0.56795 2.53541 -0.0314397 0 0 0 0 0 2.384 303 57 0 0 0
./complex_md-fit-dt500_803.pdb_reres.pdb BC A 8.30803 30.113 -16.2132 -9.70431 -11.9628 -24.2606 -0.640377 40.2078 -24.2783 3.28895 8.65507 2.06396 0 0 0 0.447176 2.79933 -0.0298184 0 0 0 0 0 2.384 303 56 0 0 0
./complex_md-fit-dt500_804.pdb_reres.pdb BC A 8.73474 28.2175 -10.9183 -8.47235 -10.1225 -23.9294 -0.772406 39.9857 -23.923 5.41455 8.28005 2.042 0 0 0 0.604974 2.46897 -0.0334268 0 0 0 0 0.0074158 2.384 303 52 0 0 0
./complex_md-fit-dt500_805.pdb_reres.pdb BC A 9.63711 33.1027 -7.0796 -8.65195 -12.2237 -24.6887 -0.855131 42.1978 -23.9411 7.98651 8.84046 3.71721 0 0 0 0.556437 2.6887 -0.023836 0 0 0 0 0.00633404 2.384 303 54 2 2 0
./complex_md-fit-dt500_806.pdb_reres.pdb BC A 8.6452 40.5087 -9.95744 -9.27239 -11.0216 -23.141 -0.68965 39.0817 -22.526 6.98239 8.27874 1.97461 0 0 0 0.375832 2.27261 0 0 0 0 0 0 2.384 303 55 1 1 0
./complex_md-fit-dt500_807.pdb_reres.pdb BC A 6.82982 34.108 -14.1639 -10.2744 -13.1094 -24.7111 -0.89905 41.5557 -23.9508 5.63628 9.52296 1.42266 0 0 0 0.672523 3.29054 -0.0293603 0 0 0 0 0 2.384 303 51 0 0 0
./complex_md-fit-dt500_808.pdb_reres.pdb BC A 10.4449 37.7329 -12.0801 -9.38023 -11.3584 -23.5779 -0.753542 39.3355 -22.9646 4.58745 8.56095 2.91419 0 0 0 0.569044 2.5772 -0.020505 0 0 0 0 0.00801702 2.384 303 50 0 0 0
./complex_md-fit-dt500_809.pdb_reres.pdb BC A 10.4576 36.5005 -10.7175 -7.47497 -11.8094 -23.9359 -0.591257 40.1581 -23.638 4.66944 6.88319 4.24762 0 0 0 0.773716 2.8506 -2.77556e-17 0 0 0 0 0 2.384 303 53 0 0 0
./complex_md-fit-dt500_80.pdb_reres.pdb BC A 8.04965 28.7259 -13.6566 -11.1303 -8.03397 -23.5447 -0.443834 39.1729 -24.5801 1.94525 9.43458 3.11045 0 0 0 0.452075 2.79463 -0.0388975 0 0 0 0 0 2.384 303 56 0 0 0
./complex_md-fit-dt500_810.pdb_reres.pdb BC A 6.34581 29.2948 -7.53264 -8.23817 -12.1581 -23.3181 -0.957786 39.3807 -22.7592 8.77295 8.50227 2.56338 0 0 0 0.691131 2.50323 -0.0207247 0 0 0 0 0.00897736 2.384 303 52 3 3 0
./complex_md-fit-dt500_811.pdb_reres.pdb BC A 10.0088 36.3788 -9.3602 -9.01789 -11.5161 -24.8066 -0.914471 41.7329 -24.2673 7.63324 8.66037 2.76162 0 0 0 0.374044 2.84742 0 0 0 0 0 0 2.384 303 54 0 0 0
./complex_md-fit-dt500_812.pdb_reres.pdb BC A 10.1594 33.9442 -4.49536 -6.86219 -11.5329 -23.5624 -0.76525 38.8396 -23.3373 10.4553 9.13952 2.3325 0 0 0 0.818252 1.65906 -0.0274335 0 0 0 0 0.0069493 2.384 303 53 2 2 0
./complex_md-fit-dt500_813.pdb_reres.pdb BC A 7.72683 37.992 -2.14876 -7.54525 -6.91787 -24.8901 -0.816125 43.7987 -24.3387 8.23246 7.25546 2.5886 0 0 0 0.499625 2.0666 -0.0218161 0 0 0 0 0.0062256 2.384 303 52 3 3 0
./complex_md-fit-dt500_814.pdb_reres.pdb BC A 8.04626 33.053 -11.412 -8.2575 -11.8422 -24.3518 -0.846873 42.1183 -23.5943 4.33622 8.17662 2.07463 0 0 0 0.796635 3.08524 -0.0217676 0 0 0 0 2.22045e-16 2.384 303 58 1 1 0
./complex_md-fit-dt500_815.pdb_reres.pdb BC A 9.48543 39.936 -11.6402 -6.48566 -10.5199 -23.3862 -0.785464 39.4142 -23.3964 3.43558 7.82606 1.73038 0 0 0 0.543688 1.94159 -0.0164403 0 0 0 0 0 2.384 303 50 0 0 0
./complex_md-fit-dt500_816.pdb_reres.pdb BC A 7.82056 29.7932 -3.43521 -8.01136 -8.38707 -23.3588 -0.747818 40.2821 -23.4131 7.29952 8.26566 3.99354 0 0 0 0.659346 1.96472 -0.0248584 0 0 0 0 0.0076284 2.384 303 52 3 3 0
./complex_md-fit-dt500_817.pdb_reres.pdb BC A 9.37626 32.3842 -13.759 -10.6215 -13.4822 -24.1544 -0.773963 41.9061 -23.6169 5.74892 7.72144 2.75482 0 0 0 0.76884 3.30536 -0.0176686 0 0 0 0 0.00746186 2.384 303 54 1 1 0
./complex_md-fit-dt500_818.pdb_reres.pdb BC A 8.37914 37.7595 -12.1246 -8.84654 -9.7918 -22.1568 -0.714083 37.7641 -22.3439 2.82435 7.8687 2.91547 0 0 0 0.378657 1.9138 -0.0288027 0 0 0 0 0.00603103 2.384 303 53 0 0 0
./complex_md-fit-dt500_819.pdb_reres.pdb BC A 9.833 35.5386 -7.29492 -8.0334 -8.78724 -23.2008 -0.750999 38.6647 -23.1054 8.03757 7.11117 2.57523 0 0 0 0.206563 2.52625 -0.0184031 0 0 0 0 0.00610658 2.384 303 52 2 2 0
./complex_md-fit-dt500_81.pdb_reres.pdb BC A 6.85392 36.273 -11.3191 -10.9879 -7.19222 -24.4044 -0.611257 42.929 -25.268 3.32127 8.13853 2.65395 0 0 0 0.128054 3.18437 -0.0260771 0 0 0 0 0 2.384 303 54 0 0 0
./complex_md-fit-dt500_820.pdb_reres.pdb BC A 5.84601 40.3531 -9.37444 -9.11404 -9.33217 -23.9004 -0.815434 40.8578 -23.5497 4.31154 7.97973 4.04898 0 0 0 0.157363 2.80103 -0.018141 0 0 0 0 0 2.384 303 51 0 0 0
./complex_md-fit-dt500_821.pdb_reres.pdb BC A 9.29556 27.0687 -4.84925 -6.3095 -8.22941 -23.0717 -0.648666 40.9945 -22.9611 5.2295 6.66228 3.16402 0 0 0 0.349497 2.59806 -0.0286661 0 0 0 0 0 2.384 303 51 1 1 0
./complex_md-fit-dt500_822.pdb_reres.pdb BC A 9.45992 29.6031 -7.56427 -9.52595 -8.88172 -24.3145 -0.697655 41.49 -24.095 6.5244 8.64453 3.03308 0 0 0 0.283594 2.60848 -0.0249996 0 0 0 0 0 2.384 303 52 1 1 0
./complex_md-fit-dt500_823.pdb_reres.pdb BC A 10.1736 37.6723 -8.07457 -8.24106 -7.417 -22.3013 -0.729407 38.0081 -22.5172 4.45216 6.37685 3.6801 0 0 0 0.637565 1.80342 -0.0234057 0 0 0 0 0 2.384 303 51 0 0 0
./complex_md-fit-dt500_824.pdb_reres.pdb BC A 9.83497 29.0878 -8.80712 -6.39241 -9.53916 -22.4493 -0.74976 38.3909 -22.7119 5.54842 7.27804 1.28819 0 0 0 0.552008 1.90519 -0.0221933 0 0 0 0 0 2.384 303 52 1 1 0
./complex_md-fit-dt500_825.pdb_reres.pdb BC A 7.26786 38.1004 -13.5592 -7.41081 -13.5014 -23.591 -0.624597 40.0523 -23.2434 3.01756 7.88437 3.00712 0 0 0 0.87454 2.74546 -0.0237547 0 0 0 0 0 2.384 303 51 0 0 0
./complex_md-fit-dt500_826.pdb_reres.pdb BC A 7.98727 34.9894 -8.28386 -7.20979 -12.238 -22.901 -0.699873 40.4602 -22.2148 4.38043 9.20335 2.75107 0 0 0 0.207072 2.7025 -0.0225767 0 0 0 0 0 2.384 303 47 0 0 0
./complex_md-fit-dt500_827.pdb_reres.pdb BC A 8.71109 37.0337 -4.90402 -6.18496 -12.1854 -24.7094 -0.669913 43.5398 -24.1793 7.14577 8.8903 2.84021 0 0 0 0.624609 2.71724 -0.0221082 0 0 0 0 0.00637143 2.384 303 51 2 2 0
./complex_md-fit-dt500_828.pdb_reres.pdb BC A 7.09511 25.9084 -9.46929 -7.8754 -10.6975 -24.3939 -0.641511 42.3016 -23.9364 5.60611 7.8049 1.695 0 0 0 0.689267 2.70615 -0.0214999 0 0 0 0 0 2.384 303 53 0 0 0
./complex_md-fit-dt500_829.pdb_reres.pdb BC A 6.90785 31.6054 -15.4841 -8.641 -12.4808 -24.2002 -0.768848 41.3102 -23.7384 3.76787 8.04958 1.02931 0 0 0 0.211373 2.38864 -0.0231507 0 0 0 0 0 2.384 303 52 1 1 0
./complex_md-fit-dt500_82.pdb_reres.pdb BC A 8.07301 26.3089 -10.9697 -8.73046 -6.20524 -23.5043 -0.38456 40.2918 -24.7308 1.81109 7.51762 2.66245 0 0 0 0.325721 2.61518 -0.023129 0 0 0 0 0 2.384 303 55 0 0 0
./complex_md-fit-dt500_830.pdb_reres.pdb BC A 6.7272 38.6915 -6.6452 -9.19146 -9.19034 -24.9188 -0.817197 42.5583 -25.6126 6.58318 8.65011 4.36642 0 0 0 0.954853 2.7636 -0.0277634 0 0 0 0 0 2.384 303 53 1 1 0
./complex_md-fit-dt500_831.pdb_reres.pdb BC A 9.21378 36.6862 -7.80466 -9.22248 -7.12738 -23.0333 -0.529089 38.9185 -23.0787 5.82052 6.8085 3.014 0 0 0 0.659821 2.90999 -0.0350567 0 0 0 0 0 2.384 303 49 1 1 0
./complex_md-fit-dt500_832.pdb_reres.pdb BC A 6.84183 35.918 -11.6501 -7.67919 -9.99575 -23.9035 -0.799588 39.5976 -24.2692 4.70295 7.78346 2.37558 0 0 0 0.564465 2.87932 -0.0268636 0 0 0 0 0 2.384 303 52 0 0 0
./complex_md-fit-dt500_833.pdb_reres.pdb BC A 8.60958 34.9591 -10.4948 -10.3689 -11.6559 -25.0682 -0.788039 42.7765 -24.4513 6.4283 8.92925 3.07903 0 0 0 0.624379 2.69008 5.55112e-17 0 0 0 0 0 2.384 303 56 1 1 0
./complex_md-fit-dt500_834.pdb_reres.pdb BC A 9.15322 29.3327 -11.6435 -11.0164 -12.381 -24.3532 -0.781748 41.379 -23.7005 7.15642 9.25987 2.29081 0 0 0 0.520491 2.2654 -0.0240342 0 0 0 0 0.00667619 2.384 303 53 2 2 0
./complex_md-fit-dt500_835.pdb_reres.pdb BC A 7.57067 36.1201 -12.629 -10.6735 -12.9198 -25.985 -0.818932 43.8513 -26.2019 6.03638 10.253 2.09155 0 0 0 1.7659 2.31971 -0.0280468 0 0 0 0 0 2.384 303 53 1 1 0
./complex_md-fit-dt500_836.pdb_reres.pdb BC A 8.61483 38.7615 -3.01626 -5.71969 -7.58477 -23.9344 -0.607283 42.2834 -23.625 4.97353 7.02002 3.47258 0 0 0 0.725899 2.13761 -0.0205568 0 0 0 0 0 2.384 303 53 0 0 0
./complex_md-fit-dt500_837.pdb_reres.pdb BC A 7.91411 32.8105 -6.99568 -8.18891 -10.948 -23.9083 -0.65688 40.782 -23.6445 7.55943 9.43525 1.94221 0 0 0 0.631964 2.06443 0 0 0 0 0 0 2.384 303 54 1 1 0
./complex_md-fit-dt500_838.pdb_reres.pdb BC A 9.07858 33.9312 -0.422622 -6.85852 -9.27722 -25.833 -0.923396 45.3372 -25.2628 9.74352 8.3785 3.69838 0 0 0 0.599616 2.64975 -0.0249427 0 0 0 0 0 2.384 303 53 1 1 0
./complex_md-fit-dt500_839.pdb_reres.pdb BC A 6.70689 38.4735 -10.3982 -8.03046 -11.0967 -23.8837 -0.757198 39.5888 -23.6459 6.16468 7.28505 3.47886 0 0 0 0.524846 2.15648 -0.0265391 0 0 0 0 0 2.384 303 51 1 1 0
./complex_md-fit-dt500_83.pdb_reres.pdb BC A 7.08544 33.3861 -13.9349 -11.0725 -7.21553 -24.1894 -0.448456 39.4147 -25.9123 2.54204 7.71353 4.76162 0 0 0 0.49277 2.38215 -0.0213944 0 0 0 0 0 2.384 303 54 0 0 0
./complex_md-fit-dt500_840.pdb_reres.pdb BC A 7.30253 28.5739 -10.3918 -8.93837 -10.9808 -26.4437 -0.859018 45.0756 -26.2667 5.65506 9.76222 2.55815 0 0 0 0.090883 2.95779 -0.0452063 0 0 0 0 0 2.384 303 57 1 1 0
./complex_md-fit-dt500_841.pdb_reres.pdb BC A 6.13718 37.1811 -3.28363 -6.72223 -8.00547 -25.2232 -0.755894 44.5085 -25.3948 8.88295 7.22719 1.7282 0 0 0 0.482665 2.64434 -0.0114952 0 0 0 0 0 2.384 303 56 1 1 0
./complex_md-fit-dt500_842.pdb_reres.pdb BC A 6.01188 32.0866 -8.19261 -7.9159 -11.7177 -25.2663 -0.596414 44.2209 -25.0176 6.90829 8.79383 1.70333 0 0 0 0.710154 2.48653 -0.0152857 0 0 0 0 0 2.384 303 54 1 1 0
./complex_md-fit-dt500_843.pdb_reres.pdb BC A 7.89421 36.2131 -9.79115 -7.37271 -10.6813 -24.0219 -0.554211 39.6098 -23.9617 5.83868 7.91471 2.97637 0 0 0 0.471359 2.7067 -0.0102269 0 0 0 0 0 2.384 303 51 2 2 0
./complex_md-fit-dt500_844.pdb_reres.pdb BC A 7.45038 32.8133 -13.332 -10.4036 -11.6544 -24.3446 -0.753349 41.0471 -24.1468 6.65725 7.69436 2.11842 0 0 0 0.481614 2.76816 -0.0279865 0 0 0 0 0 2.384 303 54 1 1 0
./complex_md-fit-dt500_845.pdb_reres.pdb BC A 9.40001 31.1938 -8.11621 -10.0916 -9.65573 -25.4174 -0.649813 42.8336 -25.0835 9.16105 7.33036 2.93351 0 0 0 0.517249 3.02368 0 0 0 0 0 0.00611616 2.384 303 52 4 4 0
./complex_md-fit-dt500_846.pdb_reres.pdb BC A 7.63903 32.1919 -9.81098 -7.70863 -11.5188 -23.6373 -0.669593 38.793 -24.2042 6.66187 8.07937 4.08346 0 0 0 0.325273 1.90174 -0.022768 0 0 0 0 0.00734947 2.384 303 50 1 1 0
./complex_md-fit-dt500_847.pdb_reres.pdb BC A 7.834 33.9474 -9.28912 -8.41591 -11.0071 -25.2384 -0.64273 43.0009 -25.3352 7.33263 8.04905 2.40675 0 0 0 0.570876 2.70062 -0.0100609 0 0 0 0 0 2.384 303 55 1 1 0
./complex_md-fit-dt500_848.pdb_reres.pdb BC A 10.1844 33.1332 -4.23227 -6.87971 -11.1522 -24.0489 -0.706055 41.7333 -24.1649 8.52674 8.87243 3.30067 0 0 0 0.304695 2.56414 -0.025207 0 0 0 0 0.00688299 2.384 303 51 2 2 0
./complex_md-fit-dt500_849.pdb_reres.pdb BC A 8.40519 38.4896 -5.81835 -8.29854 -8.16985 -24.8926 -0.601389 43.2139 -24.9254 8.08945 7.0918 2.35844 0 0 0 0.349134 3.40679 -0.0333253 0 0 0 0 0 2.384 303 52 2 2 0
./complex_md-fit-dt500_84.pdb_reres.pdb BC A 6.23477 29.9011 -7.03567 -8.20918 -5.67529 -23.2818 -0.409925 40.1888 -24.2262 3.31987 8.34587 2.58907 0 0 0 0.345602 1.95452 -0.0224983 0 0 0 0 0 2.384 303 54 0 0 0
./complex_md-fit-dt500_850.pdb_reres.pdb BC A 8.66528 37.3375 -9.24676 -6.5613 -11.8581 -25.6085 -0.669628 43.1412 -25.5572 7.16792 8.08903 2.02569 0 0 0 0.579294 2.51566 5.55112e-17 0 0 0 0 0.00485796 2.384 303 53 0 0 0
./complex_md-fit-dt500_851.pdb_reres.pdb BC A 10.1009 34.9285 -7.71233 -6.31842 -8.07754 -24.0963 -0.833346 40.7956 -24.6396 6.06193 7.37201 1.87131 0 0 0 0.171288 2.29998 -0.0192193 0 0 0 0 0 2.384 303 51 1 1 0
./complex_md-fit-dt500_852.pdb_reres.pdb BC A 10.5602 35.0483 -9.63939 -6.28757 -8.09513 -24.3978 -0.739231 41.1841 -24.7573 4.75768 6.96908 1.03379 0 0 0 0.686852 2.53393 5.55112e-17 0 0 0 0 0.00607536 2.384 303 52 0 0 0
./complex_md-fit-dt500_853.pdb_reres.pdb BC A 6.80298 31.6735 -14.0236 -7.72156 -13.9328 -25.9592 -0.770217 46.0071 -25.9896 5.43511 7.58997 0.874136 0 0 0 0.469702 3.85708 -0.0261991 0 0 0 0 0 2.384 303 54 2 2 0
./complex_md-fit-dt500_854.pdb_reres.pdb BC A 7.38619 29.5326 -7.05228 -8.16278 -11.0446 -23.8641 -0.688148 42.4175 -23.4143 7.28052 6.42498 3.33796 0 0 0 0.696052 2.79631 -0.0352761 0 0 0 0 0 2.384 303 54 3 3 0
./complex_md-fit-dt500_855.pdb_reres.pdb BC A 8.03626 32.8753 -3.83762 -5.83674 -10.1493 -25.2237 -0.692108 44.3836 -24.9882 10.5722 6.25201 1.52012 0 0 0 0.30168 2.90606 0.022884 0 0 0 0 0 2.384 303 56 3 3 0
./complex_md-fit-dt500_856.pdb_reres.pdb BC A 9.06398 29.9888 -11.9715 -6.58873 -9.65791 -25.0515 -0.690003 42.0462 -25.3704 6.21703 5.56315 1.22477 0 0 0 0.359362 3.32586 -0.023516 0 0 0 0 0 2.384 303 52 1 1 0
./complex_md-fit-dt500_857.pdb_reres.pdb BC A 8.53703 34.7513 -5.959 -8.53514 -11.1141 -25.5877 -0.744956 44.8777 -25.4622 9.20875 8.00537 2.52922 0 0 0 0.902316 3.20675 -0.038192 0 0 0 0 0 2.384 303 53 2 2 0
./complex_md-fit-dt500_858.pdb_reres.pdb BC A 7.49488 22.9958 -11.2476 -9.19912 -11.5847 -23.8777 -0.649394 41.6101 -23.8773 6.04664 6.21985 3.56735 0 0 0 0.521062 3.17105 -0.024462 0 0 0 0 0 2.384 303 52 1 1 0
./complex_md-fit-dt500_859.pdb_reres.pdb BC A 6.60824 34.2847 -4.49889 -8.17954 -9.68554 -25.8504 -0.748472 45.5001 -25.3347 11.1411 6.00016 2.1985 0 0 0 0.529256 3.01675 -0.0748323 0 0 0 0 0.00549941 2.384 303 54 3 3 0
./complex_md-fit-dt500_85.pdb_reres.pdb BC A 6.5 35.8522 -10.9357 -11.2751 -6.84178 -24.7157 -0.590533 42.8139 -25.3895 1.966 8.20976 4.71531 0 0 0 0.200268 2.72454 -0.0282267 0 0 0 0 0 2.384 303 57 0 0 0
./complex_md-fit-dt500_860.pdb_reres.pdb BC A 8.0767 31.5941 -6.51727 -7.66056 -9.88352 -24.7881 -0.764307 43.1425 -24.9494 8.06651 7.85909 2.0329 0 0 0 0.438149 3.25898 -0.0105557 0 0 0 0 0 2.384 303 56 2 2 0
./complex_md-fit-dt500_861.pdb_reres.pdb BC A 6.32577 30.4994 -8.89993 -9.10735 -10.8592 -25.9708 -0.696843 44.3537 -25.9864 8.99616 7.32144 2.62005 0 0 0 0.468254 3.18305 -0.0390224 0 0 0 0 0 2.384 303 55 2 2 0
./complex_md-fit-dt500_862.pdb_reres.pdb BC A 8.87155 38.4091 -7.85205 -7.14538 -10.9152 -24.737 -0.608871 44.2575 -24.5896 6.13108 6.48032 2.57127 0 0 0 0.730456 3.21082 -0.0339295 0 0 0 0 0.00734779 2.384 303 54 1 1 0
./complex_md-fit-dt500_863.pdb_reres.pdb BC A 10.1852 26.5046 -10.625 -7.98351 -12.3798 -25.9363 -0.909412 43.2328 -26.4191 8.63864 8.87681 1.71072 0 0 0 0.589247 2.72071 -0.0451627 0 0 0 0 0 2.384 303 53 1 1 0
./complex_md-fit-dt500_864.pdb_reres.pdb BC A 9.45289 33.9177 -12.1253 -7.76612 -11.5382 -24.3093 -0.810966 41.99 -24.2613 4.35348 7.51385 2.01098 0 0 0 0.735711 4.1023 -0.0481419 0 0 0 0 0.00469627 2.384 303 49 0 0 0
./complex_md-fit-dt500_865.pdb_reres.pdb BC A 7.04249 30.4731 -11.6706 -7.9243 -12.7204 -23.7983 -0.70211 40.9318 -23.4265 5.27326 7.81612 2.38571 0 0 0 0.527051 2.61532 -0.0329565 0 0 0 0 0 2.384 303 50 0 0 0
./complex_md-fit-dt500_866.pdb_reres.pdb BC A 8.84002 39.3441 -4.32292 -4.8563 -7.85485 -21.7799 -0.634489 37.5801 -21.488 5.75373 6.69341 1.84389 0 0 0 0.419583 2.16394 0 0 0 0 0 0 2.384 303 49 1 1 0
./complex_md-fit-dt500_867.pdb_reres.pdb BC A 6.15246 31.2177 0.0569533 -5.0666 -8.41496 -24.069 -0.762458 41.7569 -24.2957 11.2479 7.64276 1.75635 0 0 0 0.277589 2.27676 -0.0217606 0 0 0 0 0.00593492 2.384 303 53 4 4 0
./complex_md-fit-dt500_868.pdb_reres.pdb BC A 7.88946 33.4891 -13.5915 -8.91418 -13.4322 -24.0657 -0.636563 39.7881 -24.0245 6.96758 8.1388 2.07078 0 0 0 0.553468 2.42771 -0.0371165 0 0 0 0 0 2.384 303 51 2 2 0
./complex_md-fit-dt500_869.pdb_reres.pdb BC A 8.30599 35.7042 -11.7742 -8.51047 -11.2381 -25.7475 -0.606698 43.8881 -25.8625 5.43356 7.85948 2.521 0 0 0 0.531658 2.56187 -0.0512851 0 0 0 0 0.00851169 2.384 303 53 1 1 0
./complex_md-fit-dt500_86.pdb_reres.pdb BC A 7.04885 29.7902 -14.3091 -9.81888 -6.87606 -23.5724 -0.403422 38.9055 -24.8321 2.78661 7.31591 2.04527 0 0 0 0.161993 2.6974 -0.0215695 0 0 0 0 0 2.384 303 51 0 0 0
./complex_md-fit-dt500_870.pdb_reres.pdb BC A 7.35649 29.5255 -5.847 -8.20833 -7.78164 -24.5654 -0.6382 41.8544 -24.5795 7.89177 5.8957 3.56489 0 0 0 0.749956 2.71269 -0.0306987 0 0 0 0 0 2.384 303 53 1 1 0
./complex_md-fit-dt500_871.pdb_reres.pdb BC A 7.37847 40.7632 -11.142 -8.27241 -11.6033 -24.8269 -0.685883 42.6527 -24.8505 7.36321 6.18942 2.36149 0 0 0 0.550367 2.54537 -0.026568 0 0 0 0 0.00643457 2.384 303 53 0 0 0
./complex_md-fit-dt500_872.pdb_reres.pdb BC A 11.1376 32.0568 -12.1035 -8.33195 -12.0326 -25.4215 -0.769309 42.78 -25.2956 5.45631 8.55372 2.84078 0 0 0 0.187463 2.68006 -0.0707315 0 0 0 0 0 2.384 303 52 0 0 0
./complex_md-fit-dt500_873.pdb_reres.pdb BC A 9.74077 28.6751 -8.10018 -7.6319 -8.8451 -24.8877 -0.639833 44.2237 -25.1595 6.40767 6.51071 0.911154 0 0 0 1.04135 2.44652 -0.03078 0 0 0 0 0 2.384 303 52 1 1 0
./complex_md-fit-dt500_874.pdb_reres.pdb BC A 8.94217 36.6479 -12.5319 -10.5671 -13.3975 -26.7033 -0.794236 46.1163 -26.8982 8.20476 7.24452 3.83496 0 0 0 0.484329 2.71613 -0.0641129 0 0 0 0 0.00754956 2.384 303 53 1 1 0
./complex_md-fit-dt500_875.pdb_reres.pdb BC A 8.0196 34.41 -4.73711 -6.3969 -11.2716 -25.1721 -0.701623 43.6178 -24.6236 7.83723 7.94422 3.87997 0 0 0 0.195507 3.22592 -0.0459724 0 0 0 0 0 2.384 303 50 2 2 0
./complex_md-fit-dt500_876.pdb_reres.pdb BC A 8.52219 31.2225 -3.64864 -5.22857 -13.7227 -24.7656 -0.780656 44.1158 -24.8123 10.453 8.17427 2.52103 0 0 0 0.411501 3.65105 -0.0196576 0 0 0 0 0.00519605 2.384 303 50 2 2 0
./complex_md-fit-dt500_877.pdb_reres.pdb BC A 9.04054 29.1505 -11.9495 -7.57984 -14.8807 -25.9123 -0.789445 46.6711 -25.0008 4.97263 8.45616 1.52318 0 0 0 0.643191 3.11426 -0.0525737 0 0 0 0 0 2.384 303 51 0 0 0
./complex_md-fit-dt500_878.pdb_reres.pdb BC A 10.0051 33.0745 -12.8157 -7.58823 -14.644 -26.5892 -0.807927 47.5473 -26.3958 6.43662 7.24208 1.37181 0 0 0 0.654368 4.09341 -0.0428365 0 0 0 0 0 2.384 303 51 1 1 0
./complex_md-fit-dt500_879.pdb_reres.pdb BC A 9.90826 32.45 -6.12343 -6.09126 -15.5305 -24.5008 -0.759386 43.8566 -23.5132 7.26963 9.291 3.26872 0 0 0 0.58569 2.97532 0 0 0 0 0 0 2.384 303 51 0 0 0
./complex_md-fit-dt500_87.pdb_reres.pdb BC A 6.55569 25.7544 -14.2733 -11.7574 -6.8765 -23.596 -0.584634 38.598 -24.9586 2.05748 8.31261 4.27855 0 0 0 0.276275 2.15758 -0.0231358 0 0 0 0 0 2.384 303 51 0 0 0
./complex_md-fit-dt500_880.pdb_reres.pdb BC A 8.39012 32.4601 -4.63743 -9.06816 -9.95052 -24.4921 -0.858266 42.5431 -24.1432 10.1305 8.27327 2.25514 0 0 0 0.697735 2.50761 -0.0248333 0 0 0 0 0 2.384 303 51 1 1 0
./complex_md-fit-dt500_881.pdb_reres.pdb BC A 7.07468 38.8177 -9.33897 -8.4223 -12.4488 -25.994 -0.634036 44.2086 -25.9388 9.43695 6.84352 2.76589 0 0 0 0.877261 2.97609 -0.0332614 0 0 0 0 0 2.384 303 53 2 2 0
./complex_md-fit-dt500_882.pdb_reres.pdb BC A 6.34334 38.3804 -15.5519 -9.15736 -11.4244 -24.1878 -0.656681 39.5168 -24.5484 5.09765 6.60513 2.88321 0 0 0 0.32959 3.17493 -0.00961887 0 0 0 0 0 2.384 303 54 1 1 0
./complex_md-fit-dt500_883.pdb_reres.pdb BC A 7.81783 37.1616 -3.99232 -6.87558 -7.75635 -24.34 -0.766942 41.7049 -24.4605 8.65238 6.12928 2.70989 0 0 0 1.01621 3.16397 -0.00561419 0 0 0 0 0 2.384 303 53 2 2 0
./complex_md-fit-dt500_884.pdb_reres.pdb BC A 10.3691 41.913 -15.6653 -10.1054 -13.2342 -24.9047 -0.777099 41.9785 -25.0946 5.61111 8.33107 1.90695 0 0 0 0.655919 2.93994 -0.0328178 0 0 0 0 0 2.384 303 53 1 1 0
./complex_md-fit-dt500_885.pdb_reres.pdb BC A 9.46829 40.5702 -13.5108 -9.61515 -13.6571 -25.5938 -0.611627 44.1257 -25.6036 7.57857 8.04889 1.63041 0 0 0 0.207967 3.34142 -0.0211341 0 0 0 0 0 2.384 303 50 0 0 0
./complex_md-fit-dt500_886.pdb_reres.pdb BC A 8.71149 30.1191 -10.809 -7.78519 -12.9753 -26.5398 -0.625617 45.2258 -26.7285 7.14614 7.98345 2.23491 0 0 0 1.28677 3.11756 -0.0317262 0 0 0 0 0 2.384 303 55 1 1 0
./complex_md-fit-dt500_887.pdb_reres.pdb BC A 6.73106 38.1634 -4.36823 -7.70892 -9.07473 -25.8328 -0.734615 45.95 -25.4823 9.13926 6.29665 2.87735 0 0 0 0.189078 2.74096 0.00546289 0 0 0 0 0.00724656 2.384 303 55 1 1 0
./complex_md-fit-dt500_888.pdb_reres.pdb BC A 9.08811 30.2316 -12.3563 -8.96159 -11.5337 -24.3947 -0.765398 42.052 -24.1044 5.64074 7.68146 1.74999 0 0 0 0.315662 2.8031 -0.0363584 0 0 0 0 0 2.384 303 51 1 1 0
./complex_md-fit-dt500_889.pdb_reres.pdb BC A 7.15592 23.8756 -9.01787 -8.28616 -9.31896 -25.6288 -0.712451 44.3208 -25.8277 6.11065 7.36158 2.33029 0 0 0 0.644416 3.08342 -0.0115326 0 0 0 0 0 2.384 303 53 1 1 0
./complex_md-fit-dt500_88.pdb_reres.pdb BC A 6.62689 33.0331 -16.8828 -13.7069 -7.93298 -24.0906 -0.498899 39.9907 -24.9522 1.78077 8.77814 3.31258 0 0 0 0.457403 2.9751 -0.0207522 0 0 0 0 0 2.384 303 54 0 0 0
./complex_md-fit-dt500_890.pdb_reres.pdb BC A 7.59278 33.66 -12.7672 -8.46138 -11.6597 -24.3919 -0.779657 41.6688 -24.4346 4.26564 7.70211 3.00368 0 0 0 0.350575 3.16127 -0.0307226 0 0 0 0 0 2.384 303 53 0 0 0
./complex_md-fit-dt500_891.pdb_reres.pdb BC A 7.66252 28.6179 -10.0011 -7.6611 -10.7612 -26.315 -0.7035 46.325 -26.8091 6.50399 6.89009 2.10233 0 0 0 0.485338 2.85468 -0.057956 0 0 0 0 0 2.384 303 57 1 1 0
./complex_md-fit-dt500_892.pdb_reres.pdb BC A 6.92611 32.9957 -16.7369 -9.78561 -10.8033 -25.429 -0.667766 42.8589 -25.8624 4.30213 6.20672 1.83666 0 0 0 0.615103 2.592 -0.0146729 0 0 0 0 0.00629913 2.384 303 54 0 0 0
./complex_md-fit-dt500_893.pdb_reres.pdb BC A 9.29525 29.8894 -7.21536 -7.87943 -9.98232 -25.8875 -0.797695 44.5046 -25.5995 7.87493 8.1395 1.72118 0 0 0 0.682693 3.17213 0 0 0 0 0 0.00815811 2.384 303 52 1 1 0
./complex_md-fit-dt500_894.pdb_reres.pdb BC A 6.90031 34.848 -5.03327 -6.27133 -9.49334 -25.3025 -0.688104 42.4159 -25.7163 8.49404 7.42662 3.49237 0 0 0 0.632925 2.22024 -0.0235086 0 0 0 0 0 2.384 303 53 2 2 0
./complex_md-fit-dt500_895.pdb_reres.pdb BC A 7.9763 30.3526 -15.9096 -8.25501 -13.4869 -24.9305 -0.593773 41.5458 -24.907 4.30129 8.22582 1.95849 0 0 0 0.255018 2.90309 -0.0227972 0 0 0 0 0 2.384 303 53 0 0 0
./complex_md-fit-dt500_896.pdb_reres.pdb BC A 6.62526 28.1188 -9.75054 -6.98172 -11.1099 -25.8335 -0.82213 44.0038 -25.5833 7.3856 7.88239 0.760776 0 0 0 0.600651 2.44005 -0.0531641 0 0 0 0 -2.22045e-16 2.384 303 52 2 2 0
./complex_md-fit-dt500_897.pdb_reres.pdb BC A 7.44062 33.837 -15.4874 -9.26159 -12.9159 -25.9417 -0.760035 42.8772 -25.633 5.05412 8.01124 2.52499 0 0 0 0.579786 3.16621 -0.0224641 0 0 0 0 0 2.384 303 53 0 0 0
./complex_md-fit-dt500_898.pdb_reres.pdb BC A 12.6376 39.4674 -14.662 -10.661 -11.8491 -23.6541 -0.760523 39.48 -23.6362 6.42263 8.08123 1.4908 0 0 0 0.443956 3.01151 -0.0196744 0 0 0 0 0 2.384 303 51 3 3 0
./complex_md-fit-dt500_899.pdb_reres.pdb BC A 8.19183 27.9355 -11.4 -8.80814 -11.755 -25.2925 -0.615809 43.507 -25.1953 5.82824 7.92361 2.52751 0 0 0 0.508447 2.95516 -0.0280622 0 0 0 0 0 2.384 303 52 1 1 0
./complex_md-fit-dt500_89.pdb_reres.pdb BC A 6.22101 26.1722 -9.56173 -10.583 -7.48683 -24.6397 -0.469284 43.6216 -25.6099 2.66894 7.93908 4.78617 0 0 0 0.233894 3.12623 -0.0227474 0 0 0 0 0 2.384 303 54 0 0 0
./complex_md-fit-dt500_8.pdb_reres.pdb BC A 8.70203 28.9324 -10.1714 -8.26148 -7.19996 -23.1268 -0.251743 39.4232 -23.7121 2.48074 5.79504 4.29851 0 0 0 0.383117 2.68034 -1.11022e-16 0 0 0 0 0 2.384 303 55 0 0 0
./complex_md-fit-dt500_900.pdb_reres.pdb BC A 7.35213 33.5273 -7.53168 -7.23252 -10.918 -24.0483 -0.630316 41.6812 -23.9634 7.79309 6.94293 2.6507 0 0 0 0.219748 2.7562 -0.0267275 0 0 0 0 0 2.384 303 52 2 2 0
./complex_md-fit-dt500_901.pdb_reres.pdb BC A 8.63287 37.4018 -8.45437 -7.37143 -9.85504 -24.7149 -0.717595 40.9175 -24.9439 8.26876 7.46097 1.73289 0 0 0 0.792408 2.52741 -0.0239693 0 0 0 0 0 2.384 303 52 1 1 0
./complex_md-fit-dt500_902.pdb_reres.pdb BC A 6.71586 28.5378 -10.0972 -8.6654 -10.5365 -25.013 -0.835178 43.0892 -25.0939 6.83186 7.58298 2.40098 0 0 0 0.141742 2.78054 0 0 0 0 0 0 2.384 303 53 1 1 0
./complex_md-fit-dt500_903.pdb_reres.pdb BC A 8.51527 47.1016 -11.1081 -6.86339 -12.9897 -24.9127 -0.601076 42.6835 -24.7401 4.54116 8.67265 2.44099 0 0 0 0.710662 2.79376 -0.0500308 0 0 0 0 0 2.384 303 51 0 0 0
./complex_md-fit-dt500_904.pdb_reres.pdb BC A 9.37358 30.7461 -11.5126 -7.65571 -10.9341 -24.2644 -0.89393 40.2874 -24.418 6.82213 6.88579 2.22005 0 0 0 0.438096 3.1888 2.77556e-17 0 0 0 0 0 2.384 303 52 2 2 0
./complex_md-fit-dt500_905.pdb_reres.pdb BC A 7.1628 28.3922 -11.3924 -8.32725 -10.3693 -24.1087 -0.637145 40.8797 -24.2845 5.38968 8.32487 1.36208 0 0 0 0.435202 3.07512 -0.0570498 0 0 0 0 0 2.384 303 54 2 2 0
./complex_md-fit-dt500_906.pdb_reres.pdb BC A 10.2702 32.5124 -13.0921 -7.11531 -9.90011 -24.2873 -0.68936 40.5287 -24.4331 4.56611 6.23938 1.35905 0 0 0 0.672175 2.90421 -0.0369261 0 0 0 0 0.00462033 2.384 303 52 0 0 0
./complex_md-fit-dt500_907.pdb_reres.pdb BC A 9.88558 39.4437 -14.3782 -6.14759 -12.2169 -24.3361 -0.674735 40.3554 -24.3982 3.53762 7.68885 1.43309 0 0 0 0.414558 4.20862 -0.0343586 0 0 0 0 0 2.384 303 50 0 0 0
./complex_md-fit-dt500_908.pdb_reres.pdb BC A 8.55221 37.5522 -10.2391 -5.44813 -9.90885 -24.4621 -0.318423 40.7856 -25.0766 4.46932 8.12125 1.20048 0 0 0 0.420651 2.87632 -0.0222915 0 0 0 0 0 2.384 303 51 0 0 0
./complex_md-fit-dt500_909.pdb_reres.pdb BC A 7.76816 34.2457 -12.8381 -7.3726 -10.8568 -25.0973 -0.58894 41.4441 -25.992 7.26845 6.13401 1.90433 0 0 0 0.345682 3.33661 -0.0270727 0 0 0 0 0 2.384 303 51 2 2 0
./complex_md-fit-dt500_90.pdb_reres.pdb BC A 7.67583 27.4977 -9.87508 -8.07319 -7.26475 -23.9964 -0.442945 41.6228 -25.0253 1.39144 7.6537 3.94799 0 0 0 0.32567 2.74637 -0.0140656 0 0 0 0 0 2.384 303 55 0 0 0
./complex_md-fit-dt500_910.pdb_reres.pdb BC A 7.18197 31.746 -10.7793 -5.18668 -13.822 -24.8419 -0.828702 43.8625 -24.679 4.78083 7.98481 1.52726 0 0 0 0.443091 2.87008 -0.019479 0 0 0 0 0 2.384 303 51 0 0 0
./complex_md-fit-dt500_911.pdb_reres.pdb BC A 9.73164 35.6247 -7.78196 -6.45885 -11.0672 -25.4826 -0.737822 44.8469 -25.1191 6.24387 6.51773 3.19597 0 0 0 0.303806 2.86532 -0.0246436 0 0 0 0 0 2.384 303 51 1 1 0
./complex_md-fit-dt500_912.pdb_reres.pdb BC A 9.1969 35.6184 -9.77701 -8.68487 -9.42602 -25.1465 -0.557174 41.9288 -25.5183 6.89673 6.38956 3.86478 0 0 0 0.4972 2.87587 -0.0212068 0 0 0 0 0 2.384 303 48 1 1 0
./complex_md-fit-dt500_913.pdb_reres.pdb BC A 9.13862 34.8677 -6.05933 -7.61082 -7.59903 -23.2823 -0.821795 39.7325 -23.2803 6.55391 6.43354 3.36523 0 0 0 0.443041 2.50119 0 0 0 0 0 0.00671705 2.384 303 51 1 1 0
./complex_md-fit-dt500_914.pdb_reres.pdb BC A 7.94 34.5716 -4.89959 -5.79009 -9.64189 -25.7406 -0.660228 45.0305 -25.4263 6.45763 7.71769 2.83176 0 0 0 0.321956 2.60877 0 0 0 0 0 0 2.384 303 48 1 1 0
./complex_md-fit-dt500_915.pdb_reres.pdb BC A 8.53268 36.6532 -17.1279 -7.20581 -15.279 -23.154 -0.66814 39.6786 -22.397 2.03658 7.05066 2.257 0 0 0 0.563055 2.75837 -0.00981956 0 0 0 0 0 2.384 303 47 0 0 0
./complex_md-fit-dt500_916.pdb_reres.pdb BC A 7.69751 38.0567 -9.50442 -5.41781 -12.6101 -23.447 -0.74681 40.1738 -23.3135 6.20743 6.76965 2.00422 0 0 0 0.885937 2.68444 -0.0102111 0 0 0 0 0 2.384 303 50 1 1 0
./complex_md-fit-dt500_917.pdb_reres.pdb BC A 10.5713 34.3732 -9.27807 -4.3617 -10.9668 -23.4864 -0.681891 39.5393 -23.6949 3.86398 7.54517 2.56706 0 0 0 0.433404 2.78811 -0.0353494 0 0 0 0 0 2.384 303 48 0 0 0
./complex_md-fit-dt500_918.pdb_reres.pdb BC A 10.2357 33.2861 -1.0061 -5.473 -9.56945 -23.593 -0.826021 42.1785 -23.3471 8.38499 6.9846 3.76739 0 0 0 0.487016 2.80627 -2.77556e-17 0 0 0 0 0 2.384 303 48 1 1 0
./complex_md-fit-dt500_919.pdb_reres.pdb BC A 6.98489 32.9388 -10.1244 -4.67317 -11.9376 -23.7307 -0.820417 41.1551 -23.1679 3.2491 7.01098 2.32085 0 0 0 0.469375 2.9155 0 0 0 0 0 0 2.384 303 49 0 0 0
./complex_md-fit-dt500_91.pdb_reres.pdb BC A 6.12574 22.2467 -16.5134 -12.5354 -8.07024 -23.4438 -0.457326 38.4537 -23.8609 3.14349 7.69298 2.39457 0 0 0 0.239042 2.62087 -0.0695413 0 0 0 0 0 2.384 303 52 0 0 0
./complex_md-fit-dt500_920.pdb_reres.pdb BC A 9.503 32.7442 2.62118 -4.25446 -8.0239 -23.4472 -0.691275 41.6692 -23.0006 10.1344 6.47193 3.17158 0 0 0 0.591518 2.96092 0 0 0 0 0 0 2.384 303 48 3 3 0
./complex_md-fit-dt500_921.pdb_reres.pdb BC A 7.99165 32.4472 -12.271 -7.23494 -11.8245 -25.1954 -0.709161 44.6208 -24.8045 3.55917 7.10162 2.04266 0 0 0 0.220745 2.8421 -0.0474585 0 0 0 0 0 2.384 303 50 0 0 0
./complex_md-fit-dt500_922.pdb_reres.pdb BC A 8.36109 35.2207 -11.1557 -6.93132 -14.1094 -24.0747 -0.774937 42.9022 -24.0688 5.78618 7.67614 2.05036 0 0 0 0.400108 2.65539 -0.017063 0 0 0 0 0.00563598 2.384 303 50 0 0 0
./complex_md-fit-dt500_923.pdb_reres.pdb BC A 7.63167 31.7028 -4.07594 -6.40388 -9.90018 -25.6424 -0.735518 47.6468 -25.3473 6.3473 7.82441 1.63006 0 0 0 0.525093 3.99231 -0.0203727 0 0 0 0 0 2.384 303 54 1 1 0
./complex_md-fit-dt500_924.pdb_reres.pdb BC A 9.79862 30.762 -4.79877 -4.24885 -9.64551 -24.2419 -0.663734 41.7542 -24.1991 5.97992 7.23839 2.42055 0 0 0 0.810848 2.54929 -0.00917623 0 0 0 0 0.00557649 2.384 303 49 1 1 0
./complex_md-fit-dt500_925.pdb_reres.pdb BC A 7.02976 35.2404 -7.09253 -5.88634 -14.3551 -23.4964 -0.927368 42.459 -22.8679 7.12198 7.34573 2.99129 0 0 0 0.535498 2.71047 -0.0129534 0 0 0 0 0 2.384 303 49 2 2 0
./complex_md-fit-dt500_926.pdb_reres.pdb BC A 8.08882 32.4993 -4.45697 -5.4364 -11.9884 -23.3297 -0.889842 40.8734 -22.6212 7.04612 8.3538 3.36267 0 0 0 0.186065 2.20243 -0.0135068 0 0 0 0 0 2.384 303 51 1 1 0
./complex_md-fit-dt500_927.pdb_reres.pdb BC A 5.98779 35.0179 -13.7099 -8.28536 -14.3064 -23.4869 -0.628829 40.492 -22.9509 4.21502 7.55289 2.68786 0 0 0 1.01025 2.9617 -0.00957739 0 0 0 0 0 2.384 303 46 0 0 0
./complex_md-fit-dt500_928.pdb_reres.pdb BC A 8.82557 28.7242 -1.71103 -4.80216 -9.72455 -24.6531 -0.605086 44.7951 -24.0175 6.64692 7.54577 2.81443 0 0 0 0.330973 2.85525 -0.0418043 0 0 0 0 0 2.384 303 52 1 1 0
./complex_md-fit-dt500_929.pdb_reres.pdb BC A 10.893 27.383 -9.75313 -7.22647 -13.7074 -24.0472 -0.832574 41.719 -23.8178 7.60765 7.252 2.78619 0 0 0 0.513503 3.13062 0 0 0 0 0 0 2.384 303 47 2 2 0
./complex_md-fit-dt500_92.pdb_reres.pdb BC A 7.1016 26.3935 -9.14683 -11.3058 -8.91753 -25.3963 -0.40219 44.2585 -25.3941 4.97803 8.70132 3.87624 0 0 0 0.466104 2.68479 -0.011028 0 0 0 0 0 2.384 303 55 1 1 0
./complex_md-fit-dt500_930.pdb_reres.pdb BC A 8.27072 34.5136 -5.21238 -5.71925 -11.7278 -22.3851 -0.746216 38.4585 -22.4335 6.63492 8.66211 3.71456 0 0 0 0.33976 2.64293 -0.0103663 0 0 0 0 0 2.384 303 49 0 0 0
./complex_md-fit-dt500_931.pdb_reres.pdb BC A 6.89337 25.8575 -0.905918 -4.66442 -10.3689 -23.0059 -0.798469 42.5336 -22.2418 7.99842 7.76448 1.5347 0 0 0 0.352066 2.87881 -0.00960243 0 0 0 0 0 2.384 303 49 2 2 0
./complex_md-fit-dt500_932.pdb_reres.pdb BC A 6.76714 27.6778 -1.33069 -4.69639 -9.49788 -24.0958 -0.590427 42.2232 -24.0772 8.66154 7.24378 2.99898 0 0 0 0.499586 2.59826 0 0 0 0 0 0 2.384 303 50 3 3 0
./complex_md-fit-dt500_933.pdb_reres.pdb BC A 7.35656 37.7083 -2.60656 -5.11578 -12.3708 -25.1291 -0.399081 45.689 -24.6731 7.12693 8.71156 2.9487 0 0 0 0.614326 2.81999 -0.0160185 0 0 0 0 0.00687779 2.384 303 51 0 0 0
./complex_md-fit-dt500_934.pdb_reres.pdb BC A 7.39709 31.6242 -7.28552 -6.10267 -14.4578 -25.6918 -0.696322 46.6349 -25.1034 9.04267 7.98416 0.745535 0 0 0 0.363367 4.45407 -0.00987307 0 0 0 0 0.0056372 2.384 303 52 3 3 0
./complex_md-fit-dt500_935.pdb_reres.pdb BC A 7.31121 31.3263 -12.1469 -7.26918 -13.9773 -24.2763 -0.6328 44.0633 -23.33 2.98661 7.21834 2.19327 0 0 0 0.890788 2.7418 -0.0197453 0 0 0 0 0.00612663 2.384 303 50 0 0 0
./complex_md-fit-dt500_936.pdb_reres.pdb BC A 7.8647 31.5217 -12.5941 -8.15135 -13.4571 -24.3602 -0.684255 39.8396 -24.6176 8.01505 7.99811 2.06283 0 0 0 0.777045 2.92202 -0.0240534 0 0 0 0 0.00776223 2.384 303 52 2 2 0
./complex_md-fit-dt500_937.pdb_reres.pdb BC A 8.22571 32.26 -7.84175 -7.73738 -10.2758 -24.6197 -0.820324 42.0045 -24.6093 7.00005 7.96862 2.66114 0 0 0 0.580818 3.53982 0 0 0 0 0 0.00557574 2.384 303 51 0 0 0
./complex_md-fit-dt500_938.pdb_reres.pdb BC A 9.68696 33.8916 -8.73941 -6.92573 -13.3748 -24.1831 -0.764013 41.4824 -24.2219 7.04338 8.06911 3.63389 0 0 0 0.525457 3.15001 -0.0241032 0 0 0 0 0 2.384 303 51 1 1 0
./complex_md-fit-dt500_939.pdb_reres.pdb BC A 8.311 36.7567 -12.4513 -6.79151 -15.0052 -24.7608 -0.641585 42.2561 -24.2857 3.25581 9.48667 3.17683 0 0 0 0.858129 3.21656 5.55112e-17 0 0 0 0 0 2.384 303 50 0 0 0
./complex_md-fit-dt500_93.pdb_reres.pdb BC A 7.90165 32.988 -9.55168 -8.50905 -8.22859 -24.1975 -0.67071 40.0552 -24.935 6.10633 7.44863 3.16367 0 0 0 0.25738 2.3984 -0.0421371 0 0 0 0 0 2.384 303 53 0 0 0
./complex_md-fit-dt500_940.pdb_reres.pdb BC A 8.2071 31.4492 -6.07142 -6.12337 -11.6057 -24.3886 -0.596827 43.6183 -24.7219 6.43124 7.74847 3.15982 0 0 0 0.431771 3.08856 -0.0244704 0 0 0 0 2.22045e-16 2.384 303 53 0 0 0
./complex_md-fit-dt500_941.pdb_reres.pdb BC A 8.39167 33.1999 -3.92908 -6.19611 -11.2855 -23.8216 -0.789407 42.2501 -23.6119 9.24946 7.21261 2.50093 0 0 0 0.583472 3.05725 -0.0211277 0 0 0 0 0 2.384 303 53 2 2 0
./complex_md-fit-dt500_942.pdb_reres.pdb BC A 6.3778 27.8429 -5.38199 -4.36669 -11.0594 -22.6657 -0.658008 39.7085 -21.9711 6.09459 7.28584 2.043 0 0 0 0.207013 2.77062 0 0 0 0 0 0 2.384 303 50 0 0 0
./complex_md-fit-dt500_943.pdb_reres.pdb BC A 6.9834 34.3801 -13.3762 -7.95237 -14.9251 -24.9527 -0.635571 43.1828 -24.3798 5.57838 7.33955 3.06938 0 0 0 0.29934 3.17001 5.55112e-17 0 0 0 0 0 2.384 303 51 1 1 0
./complex_md-fit-dt500_944.pdb_reres.pdb BC A 8.43921 31.7229 -9.75319 -7.49719 -11.3395 -23.5035 -0.647041 39.9088 -23.4304 7.0999 6.67466 2.30334 0 0 0 0.711385 3.48703 -0.0336836 0 0 0 0 0 2.384 303 51 2 2 0
./complex_md-fit-dt500_945.pdb_reres.pdb BC A 9.13841 41.5712 -6.93885 -7.03722 -10.1064 -23.217 -0.565321 39.2539 -22.559 6.30442 7.43338 2.69886 0 0 0 0.868699 3.07251 -0.0194731 0 0 0 0 0.00632707 2.384 303 50 0 0 0
./complex_md-fit-dt500_946.pdb_reres.pdb BC A 8.38165 29.7281 -13.8862 -8.46324 -13.9489 -25.1206 -0.737307 41.7965 -24.7298 5.88223 7.16609 3.98256 0 0 0 0.286203 3.21863 0 0 0 0 0 0 2.384 303 51 1 1 0
./complex_md-fit-dt500_947.pdb_reres.pdb BC A 7.96256 39.7331 -10.873 -7.49103 -12.1824 -23.295 -0.697671 38.9905 -23.0561 4.99423 8.49206 3.14932 0 0 0 0.247071 3.1969 -0.0240854 0 0 0 0 0 2.384 303 49 1 1 0
./complex_md-fit-dt500_948.pdb_reres.pdb BC A 8.05823 35.0164 -9.39128 -7.58342 -11.675 -24.4948 -0.823314 41.2873 -23.9949 6.95687 8.09123 2.54865 0 0 0 0.325201 3.26385 -0.0290208 0 0 0 0 0 2.384 303 53 0 0 0
./complex_md-fit-dt500_949.pdb_reres.pdb BC A 7.34588 33.1434 -13.9245 -7.66329 -11.9681 -23.2499 -0.76781 38.6916 -23.1129 4.22461 9.00952 0.756286 0 0 0 0.207589 3.58311 -0.0520198 0 0 0 0 0 2.384 303 50 0 0 0
./complex_md-fit-dt500_94.pdb_reres.pdb BC A 7.57619 25.6224 -9.19061 -9.17389 -6.57316 -24.4429 -0.666825 41.5944 -25.2406 5.27822 7.34374 2.46682 0 0 0 0.27906 2.16064 -0.0554322 0 0 0 0 0 2.384 303 53 1 1 0
./complex_md-fit-dt500_950.pdb_reres.pdb BC A 7.2227 31.5601 -10.7871 -7.75812 -10.6745 -25.2595 -0.498419 42.4774 -25.2648 5.09882 7.99831 2.45823 0 0 0 0.647977 3.49255 -0.0125014 0 0 0 0 0 2.384 303 52 1 1 0
./complex_md-fit-dt500_951.pdb_reres.pdb BC A 8.66916 29.1925 -12.1661 -8.53371 -12.087 -25.398 -0.48326 41.5299 -25.4664 7.0367 8.20306 2.82541 0 0 0 0.260927 3.18636 -0.0595825 0 0 0 0 0.00582705 2.384 303 50 0 0 0
./complex_md-fit-dt500_952.pdb_reres.pdb BC A 9.20551 36.3021 -11.8846 -7.36243 -13.0519 -24.6118 -0.596274 40.9797 -24.5727 3.90257 8.48247 4.63352 0 0 0 0.348167 3.37599 -0.0415804 0 0 0 0 0.00552188 2.384 303 50 1 1 0
./complex_md-fit-dt500_953.pdb_reres.pdb BC A 8.24346 36.3396 -2.65543 -6.63563 -9.97759 -25.4319 -0.631919 44.1552 -25.5509 8.95235 9.16925 2.95356 0 0 0 0.394989 2.94863 -0.0527816 0 0 0 0 0 2.384 303 51 2 2 0
./complex_md-fit-dt500_954.pdb_reres.pdb BC A 10.9991 32.3042 -12.5715 -8.98259 -12.0494 -24.1159 -0.683358 41.4918 -23.8557 3.76768 8.88457 2.74913 0 0 0 0.24427 3.17522 -0.0220308 0 0 0 0 0 2.384 303 51 0 0 0
./complex_md-fit-dt500_955.pdb_reres.pdb BC A 6.47107 33.789 -10.6374 -7.44681 -11.8434 -23.4211 -0.790291 39.3952 -23.4352 5.74427 7.34641 3.24652 0 0 0 0.566999 3.18278 0 0 0 0 0 0 2.384 303 52 0 0 0
./complex_md-fit-dt500_956.pdb_reres.pdb BC A 7.51528 40.3935 -11.8278 -7.31561 -11.5097 -22.5605 -0.46636 36.799 -22.4735 4.8629 7.40099 3.19005 0 0 0 0.248705 2.92947 -0.0107643 0 0 0 0 0.00688813 2.384 303 46 1 1 0
./complex_md-fit-dt500_957.pdb_reres.pdb BC A 7.90228 37.3902 -5.28995 -7.96792 -10.272 -24.2288 -0.598795 41.4913 -24.0059 9.03397 9.23779 1.66158 0 0 0 0.336138 3.10949 0.0226853 0 0 0 0 0 2.384 303 48 1 1 0
./complex_md-fit-dt500_958.pdb_reres.pdb BC A 7.75663 29.2686 -8.29935 -8.58348 -10.3644 -23.5658 -0.604575 39.4593 -23.0287 8.04617 6.86231 2.98141 0 0 0 0.521375 2.95749 -0.0286468 0 0 0 0 0.00567525 2.384 303 48 1 1 0
./complex_md-fit-dt500_959.pdb_reres.pdb BC A 8.19853 31.0349 -17.1504 -9.79079 -12.3402 -24.3156 -0.674067 39.8394 -23.9065 2.84369 7.15551 3.58665 0 0 0 0.474545 2.87148 -0.0229613 0 0 0 0 0 2.384 303 49 0 0 0
./complex_md-fit-dt500_95.pdb_reres.pdb BC A 10.3832 38.5879 -11.7734 -10.4699 -9.61962 -24.4765 -0.639217 41.7849 -25.1223 4.58578 9.35874 2.47216 0 0 0 0.389983 3.36792 -0.0374538 0 0 0 0 0 2.384 303 54 0 0 0
./complex_md-fit-dt500_960.pdb_reres.pdb BC A 10.1511 34.89 -14.2952 -7.00872 -12.7428 -24.6839 -0.543839 40.3392 -24.4441 3.19251 7.72386 2.96668 0 0 0 0.926155 3.72392 -0.0203061 0 0 0 0 0 2.384 303 46 1 1 0
./complex_md-fit-dt500_961.pdb_reres.pdb BC A 8.22387 34.5619 -7.15365 -7.32486 -9.72606 -25.0334 -0.677244 41.774 -24.9267 6.84936 8.65042 2.31515 0 0 0 0.96703 2.98853 -0.0213563 0 0 0 0 -2.22045e-16 2.384 303 48 0 0 0
./complex_md-fit-dt500_962.pdb_reres.pdb BC A 7.23394 30.156 -15.858 -8.1603 -12.9765 -25.0132 -0.753812 40.8806 -24.659 3.10774 8.59397 2.82159 0 0 0 0.351268 3.85061 -0.0503509 0 0 0 0 0 2.384 303 48 0 0 0
./complex_md-fit-dt500_963.pdb_reres.pdb BC A 8.36239 36.1581 -5.96965 -6.1814 -8.72054 -24.5697 -0.722322 40.9659 -25.0868 5.97315 9.1655 2.19103 0 0 0 1.0302 3.04149 -0.0211041 0 0 0 0 0.00641195 2.384 303 50 1 1 0
./complex_md-fit-dt500_964.pdb_reres.pdb BC A 7.42044 26.315 -10.5546 -9.18357 -12.6606 -25.7372 -0.8913 43.7527 -25.4069 8.68258 9.21504 1.35485 0 0 0 0.343467 2.97434 -0.0287004 0 0 0 0 0.00501333 2.384 303 53 1 1 0
./complex_md-fit-dt500_965.pdb_reres.pdb BC A 11.28 26.404 -10.6845 -9.81015 -10.0086 -26.0951 -0.744799 43.2673 -26.3459 8.40427 8.43692 1.90733 0 0 0 0.32503 3.19193 -0.0207867 0 0 0 0 0 2.384 303 51 1 1 0
./complex_md-fit-dt500_966.pdb_reres.pdb BC A 6.792 31.7336 -13.6455 -7.63005 -9.77296 -26.3268 -0.675792 43.6114 -26.6358 2.20132 7.17152 3.36604 0 0 0 1.07321 3.17159 -0.0275471 0 0 0 0 0 2.384 303 50 0 0 0
./complex_md-fit-dt500_967.pdb_reres.pdb BC A 8.79634 27.071 -11.0356 -9.21304 -10.4583 -25.3438 -0.744552 41.5462 -25.1508 7.87532 8.20836 1.70795 0 0 0 0.578776 2.90485 -0.0417191 0 0 0 0 0 2.384 303 53 1 1 0
./complex_md-fit-dt500_968.pdb_reres.pdb BC A 8.53185 29.4713 -9.72369 -8.7204 -8.62142 -24.8834 -0.805196 42.5451 -24.424 3.94787 7.67809 2.67796 0 0 0 0.899729 2.66919 -0.0181352 0 0 0 0 0 2.384 303 52 0 0 0
./complex_md-fit-dt500_969.pdb_reres.pdb BC A 8.78679 28.8979 -10.3952 -9.78413 -11.1092 -25.3857 -0.704947 42.3416 -25.6626 7.09392 9.57024 3.05992 0 0 0 0.234591 2.80799 -0.0490134 0 0 0 0 0 2.384 303 50 1 1 0
./complex_md-fit-dt500_96.pdb_reres.pdb BC A 10.1132 32.6972 -18.7143 -13.8374 -9.81274 -24.9089 -0.627571 40.3484 -25.9922 3.90959 8.17051 3.50839 0 0 0 0.554266 2.54776 -0.0267207 0 0 0 0 0 2.384 303 52 0 0 0
./complex_md-fit-dt500_970.pdb_reres.pdb BC A 7.49499 25.6952 -16.6077 -9.1751 -12.402 -25.3089 -0.906096 42.7929 -25.4571 3.54077 7.00178 2.66663 0 0 0 0.659077 2.83412 -0.0196717 0 0 0 0 0 2.384 303 53 0 0 0
./complex_md-fit-dt500_971.pdb_reres.pdb BC A 9.12614 34.7909 -11.0792 -9.65461 -10.5509 -24.0062 -0.6283 39.9371 -23.5569 6.50566 7.19998 3.24473 0 0 0 0.451538 2.55709 -0.0212749 0 0 0 0 0 2.384 303 49 0 0 0
./complex_md-fit-dt500_972.pdb_reres.pdb BC A 7.71155 26.6849 -8.33182 -7.9783 -11.8354 -23.5452 -0.687476 40.412 -23.4133 7.00464 8.79405 2.50846 0 0 0 0.408705 2.84644 0 0 0 0 0 0 2.384 303 52 1 1 0
./complex_md-fit-dt500_973.pdb_reres.pdb BC A 6.66367 27.4351 -11.5914 -7.90793 -11.7046 -23.0261 -0.747914 39.9511 -22.6369 3.88138 7.68713 2.25506 0 0 0 0.657458 2.43326 0 0 0 0 0 0 2.384 303 45 0 0 0
./complex_md-fit-dt500_974.pdb_reres.pdb BC A 7.54553 33.5686 -12.8199 -7.92746 -12.0515 -23.9703 -0.91457 39.1316 -23.7571 6.31562 7.34424 2.14016 0 0 0 0.869299 2.46875 -1.11022e-16 0 0 0 0 0 2.384 303 51 1 1 0
./complex_md-fit-dt500_975.pdb_reres.pdb BC A 8.65727 42.1376 -1.41954 -5.09978 -6.63711 -24.3099 -0.735568 41.5687 -24.2814 8.68053 7.52324 1.18155 0 0 0 0.701066 2.64239 -0.0109019 0 0 0 0 0 2.384 303 50 1 1 0
./complex_md-fit-dt500_976.pdb_reres.pdb BC A 8.8247 35.9331 -9.92458 -6.49515 -13.0018 -24.4062 -0.809644 41.1164 -24.1672 7.74148 8.01074 1.48856 0 0 0 0.59811 2.82259 0 0 0 0 0 0 2.384 303 49 1 1 0
./complex_md-fit-dt500_977.pdb_reres.pdb BC A 6.5119 32.8028 -9.20309 -9.02045 -9.20999 -23.5021 -0.754 39.1247 -23.3348 7.4955 7.49261 1.68275 0 0 0 0.844721 2.24657 -0.021968 0 0 0 0 0 2.384 303 47 0 0 0
./complex_md-fit-dt500_978.pdb_reres.pdb BC A 10.7032 34.0539 -7.33222 -9.3944 -9.89814 -24.637 -0.853862 43.9033 -24.2752 6.31805 7.77075 3.19825 0 0 0 0.551608 2.93898 -0.0155917 0 0 0 0 0 2.384 303 55 0 0 0
./complex_md-fit-dt500_979.pdb_reres.pdb BC A 7 34.1551 -13.8995 -7.07262 -11.8896 -23.4863 -0.511251 38.8255 -23.2228 4.77358 7.49031 1.09061 0 0 0 0.135618 2.57321 -0.0325817 0 0 0 0 0 2.384 303 48 0 0 0
./complex_md-fit-dt500_97.pdb_reres.pdb BC A 7.58743 35.5931 -6.90816 -6.7334 -7.0126 -24.6197 -0.571013 41.2889 -26.017 4.1141 8.18042 3.5615 0 0 0 0.916355 2.65643 -0.0156272 0 0 0 0 0 2.384 303 52 0 0 0
./complex_md-fit-dt500_980.pdb_reres.pdb BC A 8.28657 35.6931 -7.91436 -7.68243 -9.77606 -23.3165 -0.799076 40.747 -22.0876 4.49987 7.49576 2.66642 0 0 0 0.370836 2.25602 -0.0325966 0 0 0 0 0 2.384 303 51 0 0 0
./complex_md-fit-dt500_981.pdb_reres.pdb BC A 7.10769 39.4536 -11.5136 -7.89324 -11.6942 -24.2119 -0.700713 39.1488 -24.3832 7.31424 6.63119 3.1034 0 0 0 1.16291 2.70954 0 0 0 0 0 0.00897912 2.384 303 47 1 1 0
./complex_md-fit-dt500_982.pdb_reres.pdb BC A 7.16651 32.2236 -6.26563 -6.59236 -11.519 -25.03 -0.850846 42.4341 -24.6517 8.33395 7.7381 3.06335 0 0 0 0.800102 2.73556 -5.55112e-17 0 0 0 0 0.00869957 2.384 303 48 3 3 0
./complex_md-fit-dt500_983.pdb_reres.pdb BC A 7.67116 39.2769 -11.3066 -5.6223 -11.4492 -23.0395 -0.55352 38.9815 -21.8879 2.95598 7.00585 1.90042 0 0 0 0.422021 2.4815 -0.0272033 0 0 0 0 0.00722647 2.384 303 47 0 0 0
./complex_md-fit-dt500_984.pdb_reres.pdb BC A 7.377 38.46 -4.09418 -4.48647 -11.4966 -23.4852 -0.556842 39.8725 -22.6016 7.35891 7.98407 2.30587 0 0 0 1.02379 2.6863 -0.0127246 0 0 0 0 0 2.384 303 50 0 0 0
./complex_md-fit-dt500_985.pdb_reres.pdb BC A 7.3506 33.9345 -8.31605 -6.78856 -12.9509 -23.4003 -0.785235 39.6236 -22.193 5.74139 8.98883 2.73735 0 0 0 0.70606 2.68654 0 0 0 0 0 0.00477936 2.384 303 49 1 1 0
./complex_md-fit-dt500_986.pdb_reres.pdb BC A 6.39215 25.4355 -13.0378 -6.59205 -9.36174 -23.2844 -0.756513 38.1763 -23.7835 3.16683 7.76962 1.42782 0 0 0 0.1927 2.11338 0 0 0 0 0 0.00706305 2.384 303 48 0 0 0
./complex_md-fit-dt500_987.pdb_reres.pdb BC A 8.0104 26.9587 -0.430967 -4.58386 -7.01661 -22.4207 -0.815231 39.4079 -21.765 7.36968 5.93893 3.13242 0 0 0 0.321521 2.19481 0 0 0 0 0 0 2.384 303 47 2 2 0
./complex_md-fit-dt500_988.pdb_reres.pdb BC A 8.46551 27.45 -6.85594 -6.17195 -9.79198 -24.9001 -0.861926 42.7839 -24.5477 6.42819 6.99749 2.63222 0 0 0 0.59121 2.59792 -0.0205176 0 0 0 0 0.00520184 2.384 303 50 0 0 0
./complex_md-fit-dt500_989.pdb_reres.pdb BC A 6.75307 28.2368 -12.0797 -8.68835 -13.3686 -25.9151 -0.738644 44.6278 -25.3907 6.779 8.27549 1.91793 0 0 0 0.438602 3.05307 -0.0252558 0 0 0 0 0.00813942 2.384 303 50 1 1 0
./complex_md-fit-dt500_98.pdb_reres.pdb BC A 9.02319 33.8164 -15.5512 -9.62212 -6.59379 -24.281 -0.388125 40.1366 -24.9265 1.87015 7.13014 0.900459 0 0 0 0.250331 2.46862 -0.027376 0 0 0 0 0 2.384 303 53 0 0 0
./complex_md-fit-dt500_990.pdb_reres.pdb BC A 12.2091 40.1843 -8.49052 -7.94289 -12.4444 -25.9124 -0.776724 45.4849 -25.5346 7.64063 8.67635 1.93045 0 0 0 0.403391 2.98207 -0.0240249 0 0 0 0 0.00886554 2.384 303 55 1 1 0
./complex_md-fit-dt500_991.pdb_reres.pdb BC A 9.91431 27.9906 -7.64639 -8.10988 -9.1975 -25.2763 -0.808348 42.8941 -24.7697 5.97628 9.12736 2.0854 0 0 0 0.44142 2.54175 -0.0171694 0 0 0 0 0.00793152 2.384 303 51 0 0 0
./complex_md-fit-dt500_992.pdb_reres.pdb BC A 7.70637 27.5211 -6.77062 -7.99208 -10.1094 -24.2005 -0.737477 41.6028 -24.4666 9.78416 7.23007 1.99137 0 0 0 0.152219 2.79248 -0.0330502 0 0 0 0 0.00776533 2.384 303 52 2 2 0
./complex_md-fit-dt500_993.pdb_reres.pdb BC A 7.44564 31.1674 -3.4826 -7.17155 -8.46984 -25.5917 -0.934599 45.4928 -25.7608 9.15942 7.60695 1.67374 0 0 0 0.5391 3.27533 -0.0261408 0 0 0 0 0 2.384 303 54 1 1 0
./complex_md-fit-dt500_994.pdb_reres.pdb BC A 6.58534 28.0307 -6.52383 -6.84101 -8.69266 -27.3933 -0.840247 45.3246 -27.4917 7.7617 8.06547 2.92506 0 0 0 0.650747 3.58798 0 0 0 0 0 0.00760002 2.384 303 51 0 0 0
./complex_md-fit-dt500_995.pdb_reres.pdb BC A 7.12377 25.7189 -13.613 -7.44376 -8.07857 -24.4535 -0.632683 40.2915 -25.0028 3.89247 6.42657 0.953717 0 0 0 0.455238 2.74491 -0.021119 0 0 0 0 0 2.384 303 48 0 0 0
./complex_md-fit-dt500_996.pdb_reres.pdb BC A 8.1539 27.6865 -9.14609 -7.29118 -9.42257 -23.8496 -0.628605 39.402 -23.6241 5.84248 8.15873 1.95219 0 0 0 0.36355 2.75998 -0.049042 0 0 0 0 0 2.384 303 49 2 2 0
./complex_md-fit-dt500_997.pdb_reres.pdb BC A 6.82405 32.7047 -11.5705 -8.30413 -10.2636 -25.8991 -0.91328 41.898 -26.2895 6.74614 8.33273 2.6685 0 0 0 0.477662 2.4711 -0.0239806 0 0 0 0 0 2.384 303 51 3 3 0
./complex_md-fit-dt500_998.pdb_reres.pdb BC A 7.94435 32.5703 -12.1182 -7.3056 -11.8185 -24.6144 -0.870591 40.4715 -24.378 5.08419 9.1446 1.63191 0 0 0 0.557612 2.20575 -0.0209552 0 0 0 0 0 2.384 303 48 1 1 0
./complex_md-fit-dt500_999.pdb_reres.pdb BC A 7.11901 30.3842 -7.80063 -9.00496 -8.85888 -25.4421 -0.885844 44.4511 -25.2893 5.79447 8.32949 2.69846 0 0 0 0.433054 3.14327 -0.0323895 0 0 0 0 0.00623328 2.384 303 53 0 0 0
./complex_md-fit-dt500_99.pdb_reres.pdb BC A 8.6826 36.6938 -12.3585 -10.2027 -9.67922 -24.5328 -0.741337 41.9026 -24.8568 3.67255 8.63513 3.14923 0 0 0 0.332857 4.00788 -0.0380982 0 0 0 0 0 2.384 303 52 0 0 0
./complex_md-fit-dt500_9.pdb_reres.pdb BC A 9.53742 31.6809 -11.3822 -8.30603 -3.85057 -22.6198 -0.146896 36.9142 -24.3432 3.08933 5.90994 1.75043 0 0 0 0.220379 2.36608 0 0 0 0 0 0 2.384 303 51 0 0 0
