./complex_md-fit_1000.pdb BC A 7.37132 33.7616 1.1177 -6.82355 -4.21168 -14.6506 -0.553269 28.2991 -14.0539 5.41178 4.81569 2.65664 0 0 0 0.200231 1.10691 0.0272465 0 0 0 0 0 2.384 303 43 1 1 0
./complex_md-fit_1001.pdb BC A 9.46022 31.9386 -2.6086 -6.79073 -6.26883 -14.2162 -0.655062 26.7382 -14.1615 3.77763 6.20128 2.58191 0 0 0 0.184676 2.15345 0 0 0 0 0 0 2.384 303 38 0 0 0
./complex_md-fit_100.pdb BC A 7.50182 30.8369 -8.44908 -6.61982 -6.38306 -20.2243 -0.51903 33.1292 -21.1502 2.72573 7.70657 2.72567 0 0 0 0.145194 1.90437 0 0 0 0 0 0.0148909 2.384 303 46 0 0 0
./complex_md-fit_101.pdb BC A 8.31671 35.3281 -6.56376 -3.8392 -3.10294 -19.8534 -0.495345 30.5877 -21.6637 4.10728 4.6879 2.76629 0 0 0 0.222819 2.31502 0 0 0 0 0 0.0188058 2.384 303 42 1 1 0
./complex_md-fit_102.pdb BC A 8.07675 27.7979 -12.7774 -4.94381 -5.61373 -19.5572 -0.694274 29.4455 -21.8873 2.37063 5.05295 2.61569 0 0 0 0.434272 1.8872 -5.55112e-17 0 0 0 0 0 2.384 303 40 0 0 0
./complex_md-fit_103.pdb BC A 9.78938 34.1626 -11.7122 -5.18491 -6.87973 -17.9064 -0.638852 27.2788 -19.9143 2.54982 5.76192 3.09531 0 0 0 0.106968 1.54041 0 0 0 0 0 0.0192538 2.384 303 43 0 0 0
./complex_md-fit_104.pdb BC A 10.1616 37.6757 -10.9324 -6.72435 -7.47294 -18.6768 -0.69378 30.4359 -19.9362 1.72436 6.94788 3.14671 0 0 0 0.297785 1.71208 0 0 0 0 0 0.0189331 2.384 303 47 0 0 0
./complex_md-fit_105.pdb BC A 9.879 34.0891 -15.8641 -8.11415 -8.15262 -18.9939 -0.530062 30.15 -20.7544 0.519284 6.96127 2.5743 0 0 0 0.429208 2.08347 0.0288683 0 0 0 0 0.0181176 2.384 303 44 0 0 0
./complex_md-fit_106.pdb BC A 8.41033 32.597 -16.6892 -7.29705 -8.62278 -20.4012 -0.53261 31.5477 -22.29 0.703286 7.98532 1.61707 0 0 0 0.601128 2.41147 0 0 0 0 0 0 2.384 303 47 0 0 0
./complex_md-fit_107.pdb BC A 5.58189 33.5267 -7.60492 -6.24367 -6.04861 -20.0032 -0.570985 32.2353 -21.787 5.01914 6.89063 2.2364 0 0 0 0.634807 2.22773 0.0322402 0 0 0 0 0 2.384 303 47 1 1 0
./complex_md-fit_108.pdb BC A 7.6845 30.7039 -11.9939 -6.19651 -7.11014 -19.665 -0.707812 31.8604 -21.0178 2.87972 5.32211 1.85598 0 0 0 0.730606 1.78221 0.0270641 0 0 0 0 0.0274303 2.384 303 49 0 0 0
./complex_md-fit_109.pdb BC A 8.03931 29.8044 -12.2627 -6.77719 -8.13657 -18.4277 -0.509402 30.2056 -19.7786 1.31798 7.10823 2.55255 0 0 0 0.182385 2.08401 0 0 0 0 0 0 2.384 303 48 0 0 0
./complex_md-fit_10.pdb BC A 7.43162 32.9261 -9.64487 -7.48179 -9.50858 -20.7286 -0.404845 36.745 -20.8758 1.50055 7.58055 3.29888 0 0 0 0.221191 2.61748 -0.0251287 0 0 0 0 0.0336307 2.384 303 53 0 0 0
./complex_md-fit_110.pdb BC A 7.5998 28.8581 -8.95066 -4.65286 -5.57473 -20.2329 -0.381591 32.4976 -21.8844 3.7973 5.76382 1.2702 0 0 0 0.442162 2.08964 0 0 0 0 0 0.00477459 2.384 303 47 1 1 0
./complex_md-fit_111.pdb BC A 8.87748 29.5401 -7.29476 -4.89141 -3.96394 -18.9547 -0.551227 30.7951 -20.4824 3.25915 5.39066 1.65239 0 0 0 0.437095 1.97631 0 0 0 0 0 0.014515 2.384 303 46 0 0 0
./complex_md-fit_112.pdb BC A 6.02723 20.7801 -9.42956 -6.26789 -5.19918 -20.1737 -0.89225 32.2302 -21.9331 3.14524 6.50122 2.8118 0 0 0 0.320871 2.14762 0 0 0 0 0 0.0272539 2.384 303 48 1 1 0
./complex_md-fit_113.pdb BC A 8.10346 28.299 -7.10287 -5.11538 -5.31761 -18.8047 -0.484457 30.3897 -20.6462 2.4858 6.50051 2.76933 0 0 0 1.11481 2.05558 0 0 0 0 0 0.00542868 2.384 303 45 0 0 0
./complex_md-fit_114.pdb BC A 8.66071 32.5792 -8.00597 -6.19833 -5.00546 -18.9101 -0.694697 30.5523 -20.0988 2.2568 6.75969 3.16009 0 0 0 0.133368 1.96047 0 0 0 0 0 0.0392239 2.384 303 47 0 0 0
./complex_md-fit_115.pdb BC A 6.1405 29.9832 -9.60208 -5.94797 -6.10156 -19.7972 -0.455631 32.4742 -21.2237 2.14446 6.8222 2.27669 0 0 0 0.206487 2.34923 0 0 0 0 0 -2.22045e-16 2.384 303 48 0 0 0
./complex_md-fit_116.pdb BC A 7.75828 31.9233 -8.22395 -5.29969 -4.98462 -20.3665 -0.688912 32.5457 -21.4108 3.97387 5.70417 2.13386 0 0 0 0.16895 1.98446 0 0 0 0 0 0 2.384 303 48 1 1 0
./complex_md-fit_117.pdb BC A 7.97245 37.066 -10.4617 -6.998 -6.51781 -18.3075 -0.668059 29.208 -19.1035 2.43168 6.82601 2.47338 0 0 0 0.161538 1.77142 0.0325939 0 0 0 0 0 2.384 303 48 0 0 0
./complex_md-fit_118.pdb BC A 7.90552 30.4068 -6.49611 -6.05051 -4.90151 -19.8189 -0.765572 32.0629 -21.3275 3.79538 7.12423 3.23609 0 0 0 0.143471 2.26013 0.00576794 0 0 0 0 0 2.384 303 47 0 0 0
./complex_md-fit_119.pdb BC A 7.66753 32.9099 -7.72003 -6.18422 -5.43223 -20.2617 -0.64584 33.5207 -21.9234 4.13884 6.59057 1.90547 0 0 0 0.531414 2.2938 0.0404547 0 0 0 0 0 2.384 303 51 0 0 0
./complex_md-fit_11.pdb BC A 8.993 26.9956 -6.05553 -7.12157 -6.52597 -20.8359 -0.538752 36.7523 -21.3346 4.27795 6.86291 2.04191 0 0 0 0.293473 3.21851 0.0294533 0 0 0 0 0.043307 2.384 303 54 1 1 0
./complex_md-fit_120.pdb BC A 8.97367 35.0846 -10.9884 -6.77474 -6.4951 -20.0612 -0.780982 32.3758 -21.3842 1.54738 6.82936 3.49388 0 0 0 0.261341 2.45995 2.77556e-17 0 0 0 0 0 2.384 303 55 0 0 0
./complex_md-fit_121.pdb BC A 10.1539 31.0519 -4.83062 -5.59204 -4.642 -18.8296 -0.574354 32.0969 -19.362 2.9634 6.12867 2.76881 0 0 0 0.14041 2.12987 0.0396067 0 0 0 0 0.0314786 2.384 303 50 0 0 0
./complex_md-fit_122.pdb BC A 8.25811 38.0804 -6.6906 -4.49192 -4.21672 -18.66 -0.744631 29.6697 -20.3427 3.45137 5.37694 2.85247 0 0 0 0.35772 1.86737 0.0377513 0 0 0 0 0.0194717 2.384 303 48 0 0 0
./complex_md-fit_123.pdb BC A 10.5154 27.8904 -9.5953 -6.52957 -6.02891 -17.8305 -0.573245 28.6528 -18.6172 2.44398 6.86522 1.53498 0 0 0 0.487131 1.78523 0 0 0 0 0 0 2.384 303 51 0 0 0
./complex_md-fit_124.pdb BC A 6.54143 31.8473 -5.42486 -5.15832 -4.53515 -16.3745 -0.71837 27.5621 -16.6163 2.32071 5.7666 2.2947 0 0 0 0.0336816 2.39426 -1.11022e-16 0 0 0 0 6.64954e-05 2.384 303 53 0 0 0
./complex_md-fit_125.pdb BC A 11.3782 32.4261 -6.77014 -4.76448 -5.82257 -18.639 -0.706071 30.3152 -19.064 2.84048 6.80851 1.91724 0 0 0 0.307433 1.57744 0.0371836 0 0 0 0 0 2.384 303 48 0 0 0
./complex_md-fit_126.pdb BC A 7.88273 33.9284 -4.54455 -4.2309 -4.94032 -19.5399 -0.699648 32.2803 -20.4141 2.86092 6.27249 3.30105 0 0 0 0.565518 1.92264 0 0 0 0 0 0 2.384 303 53 0 0 0
./complex_md-fit_127.pdb BC A 9.71588 32.3158 -7.60211 -4.88062 -6.33764 -18.9271 -0.607641 31.5363 -19.6332 3.39003 6.09434 1.36962 0 0 0 0.387744 1.9574 -2.77556e-17 0 0 0 0 0.00605641 2.384 303 53 0 0 0
./complex_md-fit_128.pdb BC A 10.119 41.7799 -11.2888 -5.58519 -9.56841 -21.0822 -0.720684 33.6873 -22.2756 4.35086 7.61454 1.67447 0 0 0 0.597586 2.15059 0 0 0 0 0 0.0185577 2.384 303 51 0 0 0
./complex_md-fit_129.pdb BC A 8.1232 29.5708 -7.22682 -3.60125 -7.64598 -20.9861 -0.764269 34.8576 -21.7519 2.91643 6.98879 2.52646 0 0 0 0.242754 2.39658 -0.0092933 0 0 0 0 0 2.384 303 46 0 0 0
./complex_md-fit_12.pdb BC A 6.69283 33.3459 -4.0014 -5.79403 -9.0253 -18.1876 -0.42919 31.8634 -18.9547 5.40744 7.53997 3.05818 0 0 0 0.503049 3.1542 -0.0211378 0 0 0 0 0.0384619 2.384 303 47 2 2 0
./complex_md-fit_130.pdb BC A 8.04014 28.0338 -10.1648 -5.9277 -7.91107 -21.3028 -0.855743 35.2408 -21.8328 3.18324 6.72162 2.27961 0 0 0 0.235435 2.00541 0 0 0 0 0 0.00471729 2.384 303 48 0 0 0
./complex_md-fit_131.pdb BC A 8.21662 28.9046 -7.02214 -4.26608 -7.63195 -20.407 -0.792601 34.838 -20.9881 2.67293 6.81956 2.41868 0 0 0 0.30723 1.82456 0 0 0 0 0 0.00715843 2.384 303 47 0 0 0
./complex_md-fit_132.pdb BC A 6.10051 27.9335 -1.62813 -4.06574 -6.6704 -18.2714 -0.821091 34.1276 -18.1833 3.11683 7.30581 1.43616 0 0 0 0.392654 2.11526 0 0 0 0 0 0.00481262 2.384 303 49 0 0 0
./complex_md-fit_133.pdb BC A 8.88376 35.9592 -1.9951 -4.73267 -5.68798 -19.5575 -0.69258 33.8727 -19.6805 4.90303 6.52733 2.45307 0 0 0 0.574227 1.51686 0 0 0 0 0 0.0257515 2.384 303 46 2 2 0
./complex_md-fit_134.pdb BC A 8.43376 27.3741 -2.83271 -6.32489 -8.64919 -19.6824 -1.03508 35.0921 -19.8912 7.32668 8.53733 1.33379 0 0 0 0.335471 1.71628 0.101941 0 0 0 0 0.0227153 2.384 303 47 1 1 0
./complex_md-fit_135.pdb BC A 7.49906 33.7692 -5.49273 -6.05611 -4.91973 -19.6648 -0.770417 32.6719 -20.7778 6.04266 5.31143 2.1226 0 0 0 0.547487 2.08793 0 0 0 0 0 0 2.384 303 46 2 2 0
./complex_md-fit_136.pdb BC A 7.21362 32.9044 -2.08052 -4.41193 -7.85189 -21.1475 -0.880972 37.4955 -21.7857 5.22232 8.8422 2.34723 0 0 0 0.0902281 2.93855 0 0 0 0 0 0 2.384 303 50 1 1 0
./complex_md-fit_137.pdb BC A 8.86311 31.5882 -6.59764 -3.51079 -4.4401 -18.4253 -0.596712 29.2671 -19.7763 3.67633 4.94839 1.95171 0 0 0 0.308116 2.69297 0 0 0 0 0 0 2.384 303 47 1 1 0
./complex_md-fit_138.pdb BC A 6.43357 35.3752 -9.77622 -6.65602 -5.72076 -21.3439 -0.726442 33.0444 -23.3077 4.71965 6.86433 2.83349 0 0 0 0.462435 2.18459 0.0355277 0 0 0 0 0.0188698 2.384 303 47 1 1 0
./complex_md-fit_139.pdb BC A 10.3314 28.0642 -7.19957 -6.65016 -5.47513 -19.7015 -0.653897 32.7572 -20.799 2.64153 7.34097 2.85288 0 0 0 0.453468 3.12021 0.0340826 0 0 0 0 0 2.384 303 50 1 1 0
./complex_md-fit_13.pdb BC A 8.68022 31.7421 -2.63898 -4.66496 -7.45795 -15.0366 -0.371646 27.5493 -14.9235 3.84693 5.99834 2.08182 0 0 0 0.264772 1.3208 0.0241163 0 0 0 0 0.0503262 2.384 303 47 0 0 0
./complex_md-fit_140.pdb BC A 12.7434 30.5524 -4.90919 -6.82703 -4.76478 -17.9209 -0.659517 30.1712 -18.4395 3.24484 7.06716 3.02122 0 0 0 0.198162 1.78477 0 0 0 0 0 0 2.384 303 46 0 0 0
./complex_md-fit_141.pdb BC A 9.65409 37.3015 -3.63421 -6.18981 -6.48757 -17.1749 -0.546751 30.5519 -17.3328 3.89132 7.58674 1.80418 0 0 0 0.2304 2.53312 0.0330103 0 0 0 0 0 2.384 303 44 2 2 0
./complex_md-fit_142.pdb BC A 8.91377 29.5623 -3.65237 -5.94459 -5.82587 -18.0454 -0.733517 32.4253 -18.439 2.96694 7.32185 2.40252 0 0 0 0.192945 1.84168 0.0264894 0 0 0 0 0 2.384 303 52 1 1 0
./complex_md-fit_143.pdb BC A 7.88778 33.7745 -9.59784 -7.93217 -5.10087 -18.7626 -0.576201 29.4697 -20.0627 2.57224 7.95037 2.58536 0 0 0 0.251456 1.57695 0.00762845 0 0 0 0 0 2.384 303 48 0 0 0
./complex_md-fit_144.pdb BC A 9.89197 38.8591 -8.87725 -7.48339 -5.79881 -17.2836 -0.675589 26.8128 -18.3427 4.18195 7.13084 2.38644 0 0 0 0.1523 1.99437 0.0334454 0 0 0 0 0.00901382 2.384 303 47 2 2 0
./complex_md-fit_145.pdb BC A 8.42887 25.808 -6.69354 -5.81428 -5.07811 -16.9629 -0.572416 27.3877 -17.7244 2.70243 5.92209 3.20635 0 0 0 0.232848 2.781 0 0 0 0 0 0.00708794 2.384 303 45 0 0 0
./complex_md-fit_146.pdb BC A 10.1224 30.4227 -10.3465 -5.92513 -5.24307 -18.0832 -0.713627 28.9147 -19.4432 1.56582 5.26643 3.10309 0 0 0 0.192498 1.7122 0 0 0 0 0 0.0191122 2.384 303 44 0 0 0
./complex_md-fit_147.pdb BC A 8.0359 29.7467 -10.4867 -8.52131 -5.79439 -19.1954 -0.475655 31.6262 -20.2604 2.24523 6.29134 3.41259 0 0 0 0.152852 1.61312 0 0 0 0 0 0.0322424 2.384 303 46 0 0 0
./complex_md-fit_148.pdb BC A 11.1872 32.779 -7.39759 -5.3573 -6.31867 -18.726 -0.843142 31.3483 -19.4341 3.20958 5.99099 2.45574 0 0 0 0.256114 3.7801 0.0209123 0 0 0 0 0 2.384 303 46 0 0 0
./complex_md-fit_149.pdb BC A 8.18447 35.9036 -8.63868 -6.2461 -6.46234 -20.0706 -0.716573 33.4362 -21.0813 4.10182 6.21026 2.02788 0 0 0 0.140993 2.07387 0 0 0 0 0 0.0210664 2.384 303 49 0 0 0
./complex_md-fit_14.pdb BC A 10.3506 34.3549 -0.771193 -3.64938 -5.17051 -16.1746 -0.462889 29.2934 -16.6392 2.72681 6.34004 2.26169 0 0 0 0.603362 2.56703 0.0261046 0 0 0 0 0.0740265 2.384 303 45 0 0 0
./complex_md-fit_150.pdb BC A 8.90066 24.6165 -12.6771 -6.96209 -6.64513 -19.3971 -0.838327 31.6818 -20.9168 0.951814 6.85546 2.35131 0 0 0 0.220637 3.08263 0 0 0 0 0 0.0212841 2.384 303 48 0 0 0
./complex_md-fit_151.pdb BC A 9.81649 32.6208 -10.5093 -6.74495 -6.16707 -20.2113 -0.709707 33.6378 -21.7042 1.73569 6.41268 2.25347 0 0 0 0.951118 2.23989 0.0372328 0 0 0 0 0 2.384 303 45 0 0 0
./complex_md-fit_152.pdb BC A 11.2855 32.7468 -14.6485 -9.621 -7.79072 -19.2206 -0.703184 29.7158 -20.7693 2.2127 8.50445 2.88452 0 0 0 0.138763 1.67803 0 0 0 0 0 0 2.384 303 47 0 0 0
./complex_md-fit_153.pdb BC A 11.109 28.2945 -10.5029 -6.30176 -7.15664 -20.6055 -0.72519 34.0347 -22.0703 3.46 5.5008 2.99952 0 0 0 0.356171 2.72084 0 0 0 0 0 0.00536331 2.384 303 50 0 0 0
./complex_md-fit_154.pdb BC A 8.91465 34.1304 -13.0661 -8.94086 -7.18004 -19.3493 -0.743198 31.193 -20.7182 1.96255 6.47847 3.92407 0 0 0 0.307404 1.86345 0 0 0 0 0 0 2.384 303 48 0 0 0
./complex_md-fit_155.pdb BC A 10.6632 27.3209 -11.0407 -6.8135 -6.94245 -19.6356 -0.690229 31.7231 -21.3126 3.95103 6.15157 2.26108 0 0 0 0.266843 1.64441 0 0 0 0 0 0 2.384 303 46 1 1 0
./complex_md-fit_156.pdb BC A 9.38908 26.3673 -11.6469 -6.84722 -6.81473 -18.4116 -0.695043 29.7189 -19.8226 2.61745 5.99249 2.31702 0 0 0 0.267204 3.09028 0.0312252 0 0 0 0 0 2.384 303 48 0 0 0
./complex_md-fit_157.pdb BC A 13.7964 37.163 -4.76053 -5.61494 -5.28408 -19.9593 -0.761179 33.6938 -20.6821 4.16288 6.01221 3.30306 0 0 0 0.333721 2.98636 0.0354195 0 0 0 0 0 2.384 303 48 0 0 0
./complex_md-fit_158.pdb BC A 8.77333 29.9517 -10.7408 -6.12701 -5.49776 -19.4212 -0.621637 31.4644 -20.7745 1.639 5.78446 2.63898 0 0 0 0.174332 2.04831 0 0 0 0 0 0 2.384 303 48 0 0 0
./complex_md-fit_159.pdb BC A 9.45079 27.6819 -8.26548 -6.17184 -6.80519 -20.2801 -0.651631 33.8877 -22.102 4.00049 6.37038 3.27946 0 0 0 0.207177 2.04566 0 0 0 0 0 0 2.384 303 49 1 1 0
./complex_md-fit_15.pdb BC A 7.2382 30.7562 -3.25712 -3.91449 -7.39432 -16.76 -0.626831 30.652 -17.6648 3.08231 6.60952 2.37985 0 0 0 0.312895 2.66126 0.0275132 0 0 0 0 0.0393228 2.384 303 44 0 0 0
./complex_md-fit_160.pdb BC A 12.1325 29.6834 -8.83641 -5.61471 -5.69623 -19.319 -0.835556 32.8954 -20.4279 2.28409 5.93964 1.78229 0 0 0 0.149539 1.62713 0 0 0 0 0 0.00593802 2.384 303 47 0 0 0
./complex_md-fit_161.pdb BC A 10.6816 30.6306 -14.4675 -9.01453 -7.31532 -18.942 -0.628355 30.056 -19.9243 1.10522 6.8064 3.04255 0 0 0 0.326268 1.76647 0 0 0 0 0 0.0205787 2.384 303 47 0 0 0
./complex_md-fit_162.pdb BC A 9.52308 29.8361 -12.7443 -4.56974 -6.81107 -20.337 -0.766494 33.3066 -22.1902 0.949255 5.61744 1.89738 0 0 0 0.142581 3.00236 0 0 0 0 0 0.0168849 2.384 303 50 0 0 0
./complex_md-fit_163.pdb BC A 12.0284 33.2941 -12.8209 -7.55368 -8.22218 -19.9184 -0.759175 31.3185 -21.3181 2.35496 6.89842 3.47934 0 0 0 0.889384 2.80086 3.46945e-18 0 0 0 0 0.0100669 2.384 303 47 0 0 0
./complex_md-fit_164.pdb BC A 9.88733 27.361 -10.7198 -6.36284 -8.01579 -19.5641 -0.787263 32.4343 -20.997 1.60695 6.35981 3.95764 0 0 0 0.642143 2.54888 5.55112e-17 0 0 0 0 0.00633925 2.384 303 48 0 0 0
./complex_md-fit_165.pdb BC A 9.6679 25.2839 -11.8124 -5.64242 -6.85252 -21.1036 -0.67336 34.1913 -22.9192 1.83328 6.67186 2.53225 0 0 0 0.149931 3.45713 -1.11022e-16 0 0 0 0 0 2.384 303 47 0 0 0
./complex_md-fit_166.pdb BC A 13.3294 34.1608 -11.6012 -5.2005 -7.7412 -20.0477 -0.74584 34.0358 -21.0284 1.01456 6.54785 1.14508 0 0 0 0.419142 2.8845 0 0 0 0 0 0 2.384 303 50 0 0 0
./complex_md-fit_167.pdb BC A 9.56078 25.5512 -7.31993 -6.14736 -4.56141 -19.7311 -0.786019 32.6927 -21.0402 2.04726 6.67349 3.21434 0 0 0 0.318397 2.00956 0 0 0 0 0 0 2.384 303 48 0 0 0
./complex_md-fit_168.pdb BC A 10.6717 28.0061 -9.33133 -7.12525 -4.96959 -18.5471 -0.637013 30.8041 -20.3461 2.63472 6.12316 2.60599 0 0 0 0.125697 1.70676 0 0 0 0 0 0 2.384 303 47 0 0 0
./complex_md-fit_169.pdb BC A 12.0686 31.8245 -12.2636 -7.20631 -5.83387 -18.9526 -0.725774 30.8884 -20.6759 0.700783 6.65839 2.65112 0 0 0 0.23219 3.06186 0 0 0 0 0 0 2.384 303 44 0 0 0
./complex_md-fit_16.pdb BC A 8.91123 24.2123 -6.52568 -4.35963 -8.47421 -17.0713 -0.796085 30.0481 -17.8039 2.63324 6.53732 1.70932 0 0 0 1.01434 1.80704 0 0 0 0 0 0.0371037 2.384 303 48 0 0 0
./complex_md-fit_170.pdb BC A 7.70984 31.5129 -6.61021 -6.00844 -3.93124 -20.0046 -0.610383 33.1352 -21.8022 3.26199 5.84126 3.21973 0 0 0 0.250693 1.95806 0.0377924 0 0 0 0 0 2.384 303 46 0 0 0
./complex_md-fit_171.pdb BC A 7.60829 32.557 -7.79986 -5.51123 -5.11886 -20.6932 -0.500417 33.0082 -22.5641 3.45974 7.04025 2.4674 0 0 0 0.612347 1.91894 0 0 0 0 0 0 2.384 303 46 0 0 0
./complex_md-fit_172.pdb BC A 7.26669 30.3657 -8.63958 -6.57163 -5.94534 -19.466 -0.823456 31.5461 -20.8865 3.91458 6.81792 2.2842 0 0 0 0.485041 1.74 0.00164084 0 0 0 0 0.00380402 2.384 303 47 1 1 0
./complex_md-fit_173.pdb BC A 10.5016 31.6988 -9.40154 -7.42704 -8.06937 -19.7201 -0.740654 32.4147 -20.6537 4.36515 7.73122 2.16653 0 0 0 0.526918 2.22672 0 0 0 0 0 0.00469619 2.384 303 46 2 2 0
./complex_md-fit_174.pdb BC A 12.8326 30.1909 -7.49985 -5.91166 -6.43607 -20.5267 -0.789536 34.2219 -22.1446 4.54603 6.69603 2.55666 0 0 0 0.283967 3.28784 0.00420186 0 0 0 0 0 2.384 303 47 1 1 0
./complex_md-fit_175.pdb BC A 11.8007 26.779 -10.0409 -6.53477 -5.8138 -19.0318 -0.693619 29.8393 -20.5591 3.66297 5.75589 3.02854 0 0 0 0.270117 1.62185 0.0353115 0 0 0 0 0 2.384 303 47 1 1 0
./complex_md-fit_176.pdb BC A 6.63575 41.1803 -11.7966 -6.05662 -6.88268 -18.9528 -0.803206 30.1151 -20.9995 2.70579 6.45354 2.46132 0 0 0 0.141829 1.93941 0 0 0 0 0 0.0205809 2.384 303 48 1 1 0
./complex_md-fit_177.pdb BC A 11.6147 27.2752 -9.5405 -7.34684 -7.09847 -20.4759 -0.81309 32.7334 -22.379 6.19861 7.61342 1.8729 0 0 0 0.148139 3.45116 0.00635141 0 0 0 0 0 2.384 303 50 1 1 0
./complex_md-fit_178.pdb BC A 9.65675 39.17 -4.8539 -5.29082 -4.38284 -18.9588 -0.721929 31.4237 -20.3225 4.37568 5.69288 3.03851 0 0 0 0.249771 1.79318 0.0424395 0 0 0 0 0 2.384 303 48 0 0 0
./complex_md-fit_179.pdb BC A 12.0704 26.9463 -11.4352 -6.95419 -7.57885 -20.607 -0.734896 34.167 -21.6961 2.03025 7.12342 2.59393 0 0 0 0.183655 3.12837 0.0376414 0 0 0 0 0 2.384 303 50 0 0 0
./complex_md-fit_17.pdb BC A 7.63194 31.0042 -3.89484 -3.31211 -8.52311 -16.5448 -0.564143 27.5417 -17.5962 5.10118 6.84259 2.60075 0 0 0 0.504739 2.58875 0.030196 0 0 0 0 0.0243331 2.384 303 44 1 1 0
./complex_md-fit_180.pdb BC A 10.1614 34.0157 -9.17778 -4.91813 -5.37012 -20.5557 -0.554643 33.0645 -22.5395 1.95194 6.55978 2.70191 0 0 0 0.473379 3.0871 0 0 0 0 0 0.0088326 2.384 303 48 0 0 0
./complex_md-fit_181.pdb BC A 7.15146 27.6349 -10.8617 -7.1186 -6.84221 -18.7398 -0.507239 30.8213 -19.9861 2.9013 6.37434 2.15589 0 0 0 0.0793495 2.83453 0 0 0 0 0 0 2.384 303 45 0 0 0
./complex_md-fit_182.pdb BC A 11.2956 33.4089 -11.2207 -7.47835 -7.19285 -20.335 -0.474619 33.1294 -21.6629 2.99367 6.90084 2.7557 0 0 0 0.137362 2.91489 0 0 0 0 0 0.00599909 2.384 303 46 0 0 0
./complex_md-fit_183.pdb BC A 10.7882 32.1625 -7.05208 -5.98387 -5.44333 -19.5877 -0.679278 32.6608 -21.6949 4.52713 6.74636 2.08276 0 0 0 0.312514 1.84221 0 0 0 0 0 0.00743862 2.384 303 47 0 0 0
./complex_md-fit_184.pdb BC A 8.19892 33.7012 -9.62917 -6.54586 -5.78567 -21.1351 -0.784241 36.1212 -22.271 1.79411 5.66867 2.87394 0 0 0 0.413235 2.23192 0 0 0 0 0 0.0215813 2.384 303 51 0 0 0
./complex_md-fit_185.pdb BC A 9.6406 27.9284 -14.4175 -6.99239 -8.19907 -20.206 -0.590484 33.1866 -21.3873 1.0738 6.77313 1.84586 0 0 0 0.0712683 2.34128 0 0 0 0 0 0.0070472 2.384 303 51 0 0 0
./complex_md-fit_186.pdb BC A 10.484 27.2508 -9.48487 -6.90453 -5.63488 -19.4722 -0.402742 32.276 -20.4599 1.39325 6.14582 3.02258 0 0 0 0.510729 1.63546 0.0356038 0 0 0 0 0.00544925 2.384 303 50 0 0 0
./complex_md-fit_187.pdb BC A 9.55294 34.2099 -12.0232 -7.20091 -8.223 -20.8558 -0.84898 34.8826 -21.835 1.71135 7.00731 3.15567 0 0 0 0.163962 1.99485 0 0 0 0 0 0.0196444 2.384 303 48 0 0 0
./complex_md-fit_188.pdb BC A 9.29977 28.2584 -13.6784 -7.02076 -8.24985 -20.5377 -0.810773 32.9508 -21.9408 2.58634 7.24217 1.78905 0 0 0 0.308203 2.99313 0.00489994 0 0 0 0 0 2.384 303 47 0 0 0
./complex_md-fit_189.pdb BC A 8.84549 28.3863 -9.25589 -7.12008 -6.5966 -20.1597 -0.720484 32.533 -21.7891 3.96868 6.4809 3.23922 0 0 0 0.875524 2.12319 0.0315144 0 0 0 0 0.0012121 2.384 303 50 1 1 0
./complex_md-fit_18.pdb BC A 6.11083 33.9817 -2.21327 -4.13854 -5.64152 -15.7967 -0.56387 27.5868 -16.4539 4.44295 6.06384 1.76261 0 0 0 0.498559 2.01512 0 0 0 0 0 0.0265034 2.384 303 43 1 1 0
./complex_md-fit_190.pdb BC A 7.62923 31.7564 -8.7513 -6.4492 -6.95005 -19.664 -0.661786 32.2933 -21.4178 2.66037 7.53327 2.97295 0 0 0 0.920582 2.63254 0 0 0 0 0 0.0110691 2.384 303 46 1 1 0
./complex_md-fit_191.pdb BC A 7.19833 36.6128 -13.9295 -7.39633 -6.81802 -20.5624 -0.637613 33.0653 -22.2218 1.85228 7.15908 1.43252 0 0 0 0.197457 2.55087 0 0 0 0 0 0 2.384 303 51 0 0 0
./complex_md-fit_192.pdb BC A 9.93643 31.4922 -10.0349 -8.30379 -4.47391 -18.8754 -0.513793 29.8605 -20.7345 3.91354 6.68543 2.07369 0 0 0 0.333258 1.70092 0 0 0 0 0 0 2.384 303 49 1 1 0
./complex_md-fit_193.pdb BC A 8.96131 37.2471 -13.4905 -6.42992 -7.34811 -18.2247 -0.640647 29.3119 -19.9094 1.38608 6.08971 1.81337 0 0 0 0.43317 1.68777 0 0 0 0 0 0.0280804 2.384 303 47 0 0 0
./complex_md-fit_194.pdb BC A 10.1107 30.7368 -11.0786 -7.0432 -7.21393 -20.4378 -0.473877 31.7894 -22.394 4.29852 6.7578 3.15254 0 0 0 0.481117 2.04511 -5.55112e-17 0 0 0 0 0.00484147 2.384 303 47 1 1 0
./complex_md-fit_195.pdb BC A 9.33509 36.4917 -8.47153 -6.33798 -7.125 -21.3598 -0.602631 34.6808 -23.1285 4.11968 7.67648 2.72036 0 0 0 0.875893 1.88557 0 0 0 0 0 0.00911808 2.384 303 49 1 1 0
./complex_md-fit_196.pdb BC A 8.40726 29.1311 -9.23283 -5.76875 -5.94999 -20.7897 -0.545833 33.1954 -22.6882 3.23836 6.88401 2.91504 0 0 0 0.276862 3.09969 0 0 0 0 0 0 2.384 303 47 0 0 0
./complex_md-fit_197.pdb BC A 6.88976 27.8986 -4.64467 -4.39619 -3.52795 -22.0594 -0.772255 36.7637 -24.1172 4.421 6.03869 2.79431 0 0 0 0.177313 1.94751 0.0333395 0 0 0 0 0 2.384 303 52 0 0 0
./complex_md-fit_198.pdb BC A 10.6661 41.8989 -10.2533 -6.59317 -5.76446 -20.6599 -0.609539 32.8401 -22.2001 3.25716 6.60194 2.43216 0 0 0 0.408852 1.74108 0.0337599 0 0 0 0 0 2.384 303 49 1 1 0
./complex_md-fit_199.pdb BC A 7.40781 26.3083 -3.89723 -4.67331 -4.47177 -21.6415 -0.597509 35.181 -23.4154 7.53701 5.42306 2.47303 0 0 0 0.283478 2.0431 0 0 0 0 0 0.00469292 2.384 303 50 2 2 0
./complex_md-fit_19.pdb BC A 8.85749 31.6329 -1.10496 -3.50903 -3.43743 -16.1246 -0.68703 27.4723 -16.9772 4.80163 4.36562 2.8634 0 0 0 0.083256 2.23673 1.38778e-17 0 0 0 0 0.0441166 2.384 303 41 1 1 0
./complex_md-fit_1.pdb BC A 8.98299 29.096 -8.6729 -7.59775 -9.31536 -23.8842 -0.666273 41.0196 -24.1991 4.58761 7.99253 2.69726 0 0 0 0.662859 2.85422 0.0045296 0 0 0 0 0.0253183 2.384 303 54 1 1 0
./complex_md-fit_200.pdb BC A 7.52543 30.5903 -8.35827 -5.70217 -6.54052 -22.4457 -0.574865 36.4643 -23.5218 3.85708 6.9803 2.81203 0 0 0 0.313059 2.07486 1.11022e-16 0 0 0 0 0 2.384 303 50 1 1 0
./complex_md-fit_201.pdb BC A 9.53173 27.0944 -3.47478 -5.49864 -4.59388 -20.0009 -0.534913 33.9305 -21.0123 5.34935 5.98012 2.0207 0 0 0 0.85537 2.9583 0.0298057 0 0 0 0 0 2.384 303 46 1 1 0
./complex_md-fit_202.pdb BC A 9.38785 30.8856 -11.9675 -7.79984 -8.26481 -20.2208 -0.710917 32.1041 -22.022 3.7767 7.80125 2.49239 0 0 0 0.876483 2.97058 0 0 0 0 0 0 2.384 303 47 1 1 0
./complex_md-fit_203.pdb BC A 10.7409 29.8936 -5.35401 -6.31134 -6.30444 -21.0433 -0.571031 36.3676 -22.2174 4.67821 6.93141 2.87795 0 0 0 0.238335 3.20816 -5.55112e-17 0 0 0 0 0 2.384 303 49 1 1 0
./complex_md-fit_204.pdb BC A 9.30114 33.6906 -10.0443 -6.20847 -8.14904 -20.5801 -0.712838 33.0927 -22.3239 4.5464 6.46189 3.03445 0 0 0 0.761189 1.90793 0.033342 0 0 0 0 0 2.384 303 46 2 2 0
./complex_md-fit_205.pdb BC A 10.4326 28.875 -5.38375 -5.80854 -4.90011 -20.5618 -0.601267 34.0313 -22.3065 5.3096 6.41083 2.93039 0 0 0 0.112319 2.33907 0 0 0 0 0 0 2.384 303 48 1 1 0
./complex_md-fit_206.pdb BC A 10.6564 25.9047 -9.33967 -7.80123 -6.71007 -20.2167 -0.635409 33.102 -21.8232 4.73467 6.37491 3.16525 0 0 0 0.464243 3.53506 -0.013489 0 0 0 0 0.0193224 2.384 303 50 2 2 0
./complex_md-fit_207.pdb BC A 9.93677 32.0694 -8.61648 -5.96034 -6.85575 -19.8667 -0.629504 32.5778 -21.744 3.4532 6.75527 3.2059 0 0 0 0.417056 1.79411 0.0305242 0 0 0 0 0 2.384 303 47 0 0 0
./complex_md-fit_208.pdb BC A 8.88133 27.6642 -12.2755 -6.36556 -7.12517 -21.0541 -0.523948 33.5821 -22.5192 2.35269 6.52422 2.45097 0 0 0 0.394357 1.78118 0 0 0 0 0 0.00805726 2.384 303 49 0 0 0
./complex_md-fit_209.pdb BC A 11.6308 29.3533 -7.61618 -7.13056 -6.43315 -19.9131 -0.571899 32.5912 -21.3868 4.95281 6.60788 3.02628 0 0 0 0.641201 1.76777 0 0 0 0 0 0 2.384 303 47 1 1 0
./complex_md-fit_20.pdb BC A 7.61344 33.485 -3.33963 -4.57982 -3.84898 -15.7476 -0.660307 26.7787 -16.3648 3.42051 5.1998 2.28579 0 0 0 0.132295 2.95955 8.32667e-17 0 0 0 0 0.0447584 2.384 303 44 1 1 0
./complex_md-fit_210.pdb BC A 9.95712 25.6508 -12.0432 -7.60969 -6.89438 -18.4954 -0.608085 30.0845 -19.4316 0.516652 7.03919 2.83022 0 0 0 0.52543 2.94391 0 0 0 0 0 0 2.384 303 46 0 0 0
./complex_md-fit_211.pdb BC A 14.3531 35.4828 -6.47062 -6.20583 -5.58489 -18.2508 -0.648688 30.5917 -19.2249 2.36994 6.91344 2.93164 0 0 0 0.637795 2.84564 0 0 0 0 0 0 2.384 303 48 0 0 0
./complex_md-fit_212.pdb BC A 9.2274 34.2472 -7.20388 -5.68682 -6.55152 -17.9602 -0.682755 29.7022 -18.9057 3.2382 5.78982 3.64904 0 0 0 0.180542 2.93638 0.0233542 0 0 0 0 0 2.384 303 48 1 1 0
./complex_md-fit_213.pdb BC A 8.99094 32.3146 -8.81771 -6.71768 -6.89581 -18.4411 -0.617158 30.4741 -19.1037 2.84525 5.90223 3.54917 0 0 0 0.186897 2.4758 0 0 0 0 0 0 2.384 303 45 2 2 0
./complex_md-fit_214.pdb BC A 11.1922 25.8613 -8.05749 -6.37565 -7.51575 -18.9879 -0.625619 31.8655 -20.329 3.30532 7.07704 3.1352 0 0 0 0.35796 2.69954 0 0 0 0 0 0.0354334 2.384 303 48 0 0 0
./complex_md-fit_215.pdb BC A 8.10715 27.6458 -5.66474 -6.29134 -5.18237 -18.7065 -0.541 32.2019 -19.7766 3.22337 6.03968 2.84788 0 0 0 0.500492 2.51287 0.0106214 0 0 0 0 0.00916608 2.384 303 51 0 0 0
./complex_md-fit_216.pdb BC A 7.85038 32.7278 -7.02318 -4.90413 -6.81466 -17.5416 -0.507514 28.6477 -18.4319 2.94192 5.88978 2.98111 0 0 0 0.716191 1.80946 0 0 0 0 0 0 2.384 303 47 1 1 0
./complex_md-fit_217.pdb BC A 9.1047 31.0697 -7.50127 -6.12926 -5.47797 -18.6747 -0.451651 30.4066 -19.989 4.03756 6.44614 2.22255 0 0 0 0.108549 2.76992 0 0 0 0 0 0 2.384 303 52 0 0 0
./complex_md-fit_218.pdb BC A 6.97982 40.2401 -3.08455 -6.56921 -4.20086 -18.4901 -0.495438 32.2543 -19.2407 3.96357 7.08331 2.22344 0 0 0 0.358876 1.78608 0.0187334 0 0 0 0 0.00956333 2.384 303 51 1 1 0
./complex_md-fit_219.pdb BC A 6.98225 34.4032 -10.4562 -6.64654 -8.59573 -19.8249 -0.635984 32.1339 -21.5891 3.36445 7.17375 3.77317 0 0 0 0.390632 2.93487 0 0 0 0 0 0 2.384 303 51 1 1 0
./complex_md-fit_21.pdb BC A 5.68083 33.8924 -5.13711 -3.51112 -4.78142 -17.1712 -0.481248 29.4484 -18.6203 1.84294 5.52218 1.82141 0 0 0 0.753775 2.19334 -5.55112e-17 0 0 0 0 0.039506 2.384 303 45 0 0 0
./complex_md-fit_220.pdb BC A 9.49569 32.3795 -4.72997 -5.35693 -5.30898 -19.5665 -0.508313 32.907 -21.0787 4.06065 6.35942 3.54264 0 0 0 0.219765 2.83407 0 0 0 0 0 0 2.384 303 48 1 1 0
./complex_md-fit_221.pdb BC A 7.78521 33.3704 -10.9923 -6.21002 -7.06957 -20.0303 -0.58531 33.288 -21.0614 1.49515 6.05199 2.67245 0 0 0 0.411669 2.85541 0.0224585 0 0 0 0 0.0225883 2.384 303 46 0 0 0
./complex_md-fit_222.pdb BC A 10.2658 29.687 -8.2012 -6.66973 -6.19185 -19.2071 -0.525645 31.3996 -20.2872 2.55153 6.25168 3.6615 0 0 0 0.803624 2.80501 0.0124221 0 0 0 0 0 2.384 303 48 0 0 0
./complex_md-fit_223.pdb BC A 9.25579 30.8256 -10.9693 -7.137 -9.16235 -20.3513 -0.440234 33.715 -21.715 3.61066 7.68352 2.58383 0 0 0 0.190518 1.68171 0.0055047 0 0 0 0 0.0476216 2.384 303 50 1 1 0
./complex_md-fit_224.pdb BC A 8.92243 28.7262 -11.8183 -6.7296 -8.47796 -19.3072 -0.616281 32.1564 -20.3399 1.73163 6.81104 2.55281 0 0 0 0.349796 2.71397 0.0274522 0 0 0 0 0.0234377 2.384 303 47 0 0 0
./complex_md-fit_225.pdb BC A 11.9784 27.4728 -6.63471 -5.85055 -5.51318 -17.1693 -0.649153 28.0643 -18.8008 3.56709 6.67022 2.4801 0 0 0 0.566587 2.42704 0 0 0 0 0 0 2.384 303 43 1 1 0
./complex_md-fit_226.pdb BC A 6.88427 29.45 -6.15975 -4.59247 -3.53559 -19.2186 -0.39661 31.306 -21.0803 3.3975 5.49652 1.98974 0 0 0 0.470344 2.80432 0.00361793 0 0 0 0 0 2.384 303 55 0 0 0
./complex_md-fit_227.pdb BC A 8.14169 29.3327 -12.9998 -7.06871 -8.06008 -20.137 -0.679864 32.6861 -21.5405 1.34208 7.06941 3.12601 0 0 0 0.262751 1.79321 0 0 0 0 0 0 2.384 303 48 0 0 0
./complex_md-fit_228.pdb BC A 9.93783 33.3541 -12.0069 -6.66934 -8.24184 -18.8925 -0.627377 30.0591 -20.4693 2.07844 6.39754 3.67493 0 0 0 0.662152 3.07828 0.0212981 0 0 0 0 0 2.384 303 47 0 0 0
./complex_md-fit_229.pdb BC A 10.6092 35.1714 -9.93722 -6.48423 -6.58553 -19.1588 -0.646128 30.5093 -20.5001 2.91277 5.9943 3.872 0 0 0 0.121743 2.05606 0.0274304 0 0 0 0 0 2.384 303 50 0 0 0
./complex_md-fit_22.pdb BC A 7.39314 32.0741 -6.70184 -4.99456 -3.2364 -17.3516 -0.590306 27.474 -18.7227 2.59871 4.42584 3.15593 0 0 0 0.490763 1.74709 0 0 0 0 0 0.0484275 2.384 303 46 0 0 0
./complex_md-fit_230.pdb BC A 7.06909 34.3986 -4.55827 -4.99446 -4.77887 -19.5913 -0.596492 32.827 -20.5473 4.41392 5.32072 2.52035 0 0 0 0.854038 1.80538 0 0 0 0 0 0.0141292 2.384 303 48 2 2 0
./complex_md-fit_231.pdb BC A 12.9245 33.9025 -6.58494 -5.39416 -5.19967 -19.1931 -0.544849 30.6695 -21.0277 4.92351 6.64721 2.44607 0 0 0 0.0831083 1.89588 0 0 0 0 0 0.00504263 2.384 303 51 2 2 0
./complex_md-fit_232.pdb BC A 8.98483 35.7604 -8.26987 -6.78345 -6.5953 -19.1881 -0.523855 31.2535 -20.487 4.37815 6.93312 2.5002 0 0 0 0.237825 2.94527 0.00496582 0 0 0 0 0 2.384 303 47 1 1 0
./complex_md-fit_233.pdb BC A 8.13515 33.6726 -8.08482 -5.89764 -6.33217 -20.2234 -0.577524 32.5801 -21.8018 3.78921 7.54669 2.3192 0 0 0 0.51254 2.85953 0 0 0 0 0 0 2.384 303 49 0 0 0
./complex_md-fit_234.pdb BC A 8.77529 36.2213 -9.16309 -7.60807 -4.21073 -18.4279 -0.579462 28.9894 -20.0486 4.09692 6.1975 2.12892 0 0 0 0.292185 1.92882 1.11022e-16 0 0 0 0 0.00676001 2.384 303 45 1 1 0
./complex_md-fit_235.pdb BC A 7.07011 32.5678 -5.07169 -6.13935 -3.72139 -17.7297 -0.562057 27.7814 -19.2673 3.80656 6.5846 3.76369 0 0 0 0.383019 1.49829 0.0288449 0 0 0 0 2.22045e-16 2.384 303 47 1 1 0
./complex_md-fit_236.pdb BC A 9.85865 27.217 -11.7513 -6.62105 -6.6569 -18.6312 -0.662613 28.9515 -20.6212 2.5442 7.18394 2.62053 0 0 0 0.109683 2.79931 0.0257923 0 0 0 0 0.00599731 2.384 303 42 0 0 0
./complex_md-fit_237.pdb BC A 7.609 29.5269 -7.94983 -6.51755 -4.04858 -18.7657 -0.560432 30.1976 -20.2366 3.17986 5.66836 2.44213 0 0 0 0.657754 1.75086 0.03326 0 0 0 0 0 2.384 303 48 0 0 0
./complex_md-fit_238.pdb BC A 10.5662 30.9938 -9.14132 -6.25246 -5.94572 -17.7443 -0.655718 28.615 -19.6205 1.93576 7.44446 2.81417 0 0 0 0.268042 2.18062 -5.55112e-17 0 0 0 0 0 2.384 303 47 0 0 0
./complex_md-fit_239.pdb BC A 10.9493 31.0907 -10.8628 -6.86761 -6.32825 -17.9889 -0.620408 28.2531 -19.574 2.21576 6.52799 2.8923 0 0 0 0.607374 2.64405 0.00247793 0 0 0 0 0.0174498 2.384 303 49 0 0 0
./complex_md-fit_23.pdb BC A 8.35297 35.2761 -0.462636 -2.59698 -3.25622 -15.4774 -0.396039 26.4507 -16.5264 3.9449 4.60843 2.54725 0 0 0 0.231812 2.68464 0 0 0 0 0 0.00728386 2.384 303 42 0 0 0
./complex_md-fit_240.pdb BC A 7.9393 22.4435 -9.47974 -5.71218 -4.29667 -18.5526 -0.453951 29.149 -19.8462 1.77241 5.54457 2.3957 0 0 0 0.493403 2.55511 0.0267988 0 0 0 0 0 2.384 303 51 0 0 0
./complex_md-fit_241.pdb BC A 9.54573 36.0432 -8.25821 -7.68035 -5.01887 -17.8276 -0.464368 29.0192 -19.0914 2.66672 7.11494 2.83734 0 0 0 0.162698 1.414 0.023495 0 0 0 0 0 2.384 303 48 1 1 0
./complex_md-fit_242.pdb BC A 9.9417 39.3813 -7.30736 -6.42356 -5.12688 -19.1362 -0.56508 31.4657 -20.3206 3.23832 6.09683 3.27102 0 0 0 0.193027 2.53646 0 0 0 0 0 0 2.384 303 51 1 1 0
./complex_md-fit_243.pdb BC A 7.17504 26.4836 -9.071 -6.32533 -5.22555 -19.3138 -0.561513 31.5284 -20.9113 2.18764 5.91783 3.41041 0 0 0 0.180864 2.42757 0.0413757 0 0 0 0 0 2.384 303 50 0 0 0
./complex_md-fit_244.pdb BC A 9.00162 28.7793 -4.88081 -5.65907 -3.04209 -19.7792 -0.607441 32.3539 -21.2778 5.39937 5.73697 1.93424 0 0 0 0.0602347 1.65406 -5.55112e-17 0 0 0 0 0 2.384 303 50 0 0 0
./complex_md-fit_245.pdb BC A 9.40517 36.5655 -7.50338 -8.00106 -5.99098 -18.226 -0.597269 29.6098 -19.4352 4.07382 7.26985 3.28063 0 0 0 0.482132 1.49372 0.0308906 0 0 0 0 0 2.384 303 47 1 1 0
./complex_md-fit_246.pdb BC A 8.07895 26.7751 -10.1668 -7.62351 -5.51794 -18.6443 -0.62869 29.4621 -20.4875 3.86667 6.63752 2.4279 0 0 0 0.341056 2.89141 0 0 0 0 0 0 2.384 303 49 1 1 0
./complex_md-fit_247.pdb BC A 9.58345 33.4194 -6.19993 -5.8779 -3.76459 -17.6881 -0.631594 28.7902 -19.3116 2.8263 6.38788 2.56405 0 0 0 0.469813 1.52838 0.035647 0 0 0 0 0 2.384 303 46 0 0 0
./complex_md-fit_248.pdb BC A 7.12203 27.1518 -8.9657 -4.86228 -5.79572 -18.5455 -0.67586 29.2382 -20.5482 2.82141 6.40298 2.88084 0 0 0 0.109164 2.96266 0.000431612 0 0 0 0 0.00884869 2.384 303 48 1 1 0
./complex_md-fit_249.pdb BC A 10.4256 26.2012 -5.83086 -5.36042 -4.89795 -18.391 -0.620265 29.5636 -20.1663 3.87104 6.13834 3.73115 0 0 0 0.292198 2.94217 0 0 0 0 0 0.00869456 2.384 303 46 2 2 0
./complex_md-fit_24.pdb BC A 8.52606 22.0281 -4.4194 -5.39244 -4.65123 -17.3892 -0.492722 29.3844 -18.7023 3.32437 6.76403 2.33539 0 0 0 0.382421 2.31705 0.0179121 0 0 0 0 0 2.384 303 45 0 0 0
./complex_md-fit_250.pdb BC A 7.46896 31.4573 -10.9439 -7.61988 -5.74055 -19.3733 -0.611806 31.1049 -20.9791 3.52085 6.44793 1.82577 0 0 0 0.481418 1.52157 0 0 0 0 0 0 2.384 303 50 1 1 0
./complex_md-fit_251.pdb BC A 9.92838 32.5747 -9.03451 -6.21929 -6.07792 -19.7984 -0.588112 32.0441 -21.3137 3.1674 6.96863 2.15068 0 0 0 0.632114 1.61612 0 0 0 0 0 0 2.384 303 47 1 1 0
./complex_md-fit_252.pdb BC A 8.88168 36.4187 -7.86628 -6.05874 -7.28166 -20.7967 -0.629065 34.0591 -22.4724 4.62676 7.77212 2.54039 0 0 0 0.390914 2.51947 -0.0169015 0 0 0 0 0 2.384 303 49 1 1 0
./complex_md-fit_253.pdb BC A 10.3159 46.7373 -10.3611 -6.41847 -7.68002 -18.1599 -0.580324 28.9535 -19.7483 3.41201 6.80636 2.55836 0 0 0 0.487448 2.68171 0 0 0 0 0 0.00817991 2.384 303 49 1 1 0
./complex_md-fit_254.pdb BC A 11.054 32.5516 -7.83524 -7.87345 -6.66919 -19.8803 -0.631879 32.4252 -21.1898 5.21288 7.29903 3.18932 0 0 0 0.282896 1.67312 0 0 0 0 0 0 2.384 303 49 1 1 0
./complex_md-fit_255.pdb BC A 9.24172 28.3946 -6.69895 -6.57149 -6.34739 -18.2597 -0.671683 30.0473 -19.6016 4.96997 7.17066 2.30485 0 0 0 0.222045 2.68457 0.0380017 0 0 0 0 0 2.384 303 47 2 2 0
./complex_md-fit_256.pdb BC A 8.36035 32.5153 -10.8857 -5.23996 -8.20572 -19.4593 -0.731597 30.82 -20.9908 4.2158 5.8439 2.71942 0 0 0 0.133624 1.54247 0 0 0 0 0 0.00893864 2.384 303 47 1 1 0
./complex_md-fit_257.pdb BC A 10.1981 38.3853 -17.5845 -6.38577 -8.59046 -19.6259 -0.645565 30.7469 -21.6902 1.28373 5.73022 1.45262 0 0 0 0.135798 2.7831 0.00411324 0 0 0 0 0 2.384 303 49 0 0 0
./complex_md-fit_258.pdb BC A 8.60967 33.3996 -12.752 -7.46121 -7.568 -19.352 -0.477668 30.4171 -20.6449 2.67844 6.91862 2.42282 0 0 0 0.314803 1.79323 0 0 0 0 0 0 2.384 303 48 0 0 0
./complex_md-fit_259.pdb BC A 9.19302 27.9817 -5.12742 -5.1115 -5.45439 -19.6325 -0.613793 31.5266 -21.3877 6.47978 5.38065 3.60076 0 0 0 0.0846101 2.82088 0 0 0 0 0 0 2.384 303 49 1 1 0
./complex_md-fit_25.pdb BC A 8.27909 33.0622 -7.84619 -4.23735 -6.52993 -16.9077 -0.402348 28.8868 -17.8152 0.774372 5.69892 2.24631 0 0 0 0.384384 2.01338 0 0 0 0 0 0.0555828 2.384 303 45 0 0 0
./complex_md-fit_260.pdb BC A 8.10259 32.3616 -11.5993 -6.2216 -6.71445 -20.6894 -0.513401 33.5406 -21.9723 2.28608 6.08783 2.36494 0 0 0 0.23235 3.31164 0 0 0 0 0 0 2.384 303 48 0 0 0
./complex_md-fit_261.pdb BC A 11.3023 32.91 -8.88518 -5.36097 -7.71938 -19.0728 -0.566858 30.394 -20.8442 4.82165 6.72796 2.63162 0 0 0 0.103742 2.54547 0 0 0 0 0 0 2.384 303 48 1 1 0
./complex_md-fit_262.pdb BC A 9.58556 29.0966 -8.49969 -4.09756 -6.88522 -20.1794 -0.650968 33.2079 -21.8169 3.48622 6.39339 1.84648 0 0 0 0.196341 2.90992 0 0 0 0 0 0 2.384 303 48 1 1 0
./complex_md-fit_263.pdb BC A 8.73455 29.2844 -9.11696 -6.70194 -7.6116 -19.6098 -0.580888 32.1953 -21.0504 3.19801 7.81971 2.71251 0 0 0 0.512105 2.53329 0 0 0 0 0 0 2.384 303 50 0 0 0
./complex_md-fit_264.pdb BC A 8.05768 37.6912 1.01507 -3.56675 -4.53867 -19.0881 -0.706116 32.7101 -20.1202 8.217 5.83773 2.11543 0 0 0 0.154677 1.97527 0 0 0 0 0 0 2.384 303 50 2 2 0
./complex_md-fit_265.pdb BC A 9.30769 26.4944 -7.54545 -5.72855 -5.96351 -19.1635 -0.613981 31.5191 -20.3403 3.81556 6.52818 1.98864 0 0 0 0.412979 3.03291 0 0 0 0 0 0 2.384 303 49 1 1 0
./complex_md-fit_266.pdb BC A 7.60932 29.3045 -8.05746 -6.30506 -6.55348 -18.8501 -0.50171 31.434 -19.9149 3.69618 6.9822 1.4612 0 0 0 0.46274 1.29486 0.0315795 0 0 0 0 0 2.384 303 47 2 2 0
./complex_md-fit_267.pdb BC A 8.8087 32.6735 -7.74505 -6.82833 -5.51474 -17.6778 -0.138983 28.1349 -19.4909 2.98899 7.61336 2.67454 0 0 0 0.474589 2.4058 0 0 0 0 0 0.0193044 2.384 303 46 0 0 0
./complex_md-fit_268.pdb BC A 9.55636 32.3632 -11.2561 -5.10989 -8.55985 -20.1471 -0.712135 32.1584 -21.7741 3.48089 7.35344 1.90346 0 0 0 0.14611 3.93967 0 0 0 0 0 0.0046613 2.384 303 51 0 0 0
./complex_md-fit_269.pdb BC A 10.2999 33.293 -10.2798 -4.98945 -5.82301 -18.8254 -0.573168 30.0762 -20.9542 2.11285 6.33196 1.80878 0 0 0 0.527934 1.75257 0.00714133 0 0 0 0 0.0205033 2.384 303 50 0 0 0
./complex_md-fit_26.pdb BC A 8.85091 30.1332 -3.90007 -3.28242 -6.93753 -16.2764 -0.502128 27.3755 -17.1347 3.18254 7.28273 2.13329 0 0 0 0.231078 1.37766 0 0 0 0 0 0.0278692 2.384 303 45 0 0 0
./complex_md-fit_270.pdb BC A 9.04403 30.2284 -9.23944 -6.41041 -5.79861 -20.7603 -0.772609 32.4101 -22.8311 5.22676 7.18008 2.37123 0 0 0 0.136845 1.64038 0 0 0 0 0 0.00857428 2.384 303 48 1 1 0
./complex_md-fit_271.pdb BC A 13.3952 27.0556 -10.3373 -6.30122 -5.98215 -19.4047 -0.667843 30.9651 -21.3537 2.8319 7.38961 1.82986 0 0 0 0.355746 1.81609 0 0 0 0 0 0 2.384 303 46 0 0 0
./complex_md-fit_272.pdb BC A 10.0477 31.7012 -6.50585 -5.22703 -3.62135 -17.7796 -0.525682 28.8147 -19.3627 2.6938 6.10189 1.93103 0 0 0 0.469083 1.76074 0 0 0 0 0 0 2.384 303 42 1 1 0
./complex_md-fit_273.pdb BC A 9.47219 34.6481 -10.5989 -7.20571 -6.03161 -17.7887 -0.626857 28.6897 -19.527 1.93714 7.20523 2.67099 0 0 0 0.0778872 2.78699 0 0 0 0 0 0 2.384 303 50 0 0 0
./complex_md-fit_274.pdb BC A 11.0609 25.9588 -7.0289 -6.85319 -5.43004 -17.2199 -0.54086 28.5798 -18.3063 3.06559 6.7453 2.4023 0 0 0 0.498698 1.87049 0.0297695 0 0 0 0 0 2.384 303 44 1 1 0
./complex_md-fit_275.pdb BC A 10.2544 30.5148 -9.68849 -6.70985 -5.68533 -20.2417 -0.615433 32.8785 -21.9415 2.03397 7.66201 2.46122 0 0 0 0.436461 1.66159 0.0331311 0 0 0 0 0 2.384 303 46 0 0 0
./complex_md-fit_276.pdb BC A 8.75165 28.2831 -9.02131 -7.26017 -6.29544 -18.3041 -0.55676 30.7692 -19.1599 2.82147 6.63295 1.96892 0 0 0 0.319528 2.36651 0.0356096 0 0 0 0 0.00742094 2.384 303 47 0 0 0
./complex_md-fit_277.pdb BC A 10.4943 20.2325 -2.76627 -4.19162 -4.67858 -17.9418 -0.521898 30.7007 -18.7363 4.45771 6.09216 1.78315 0 0 0 0.232878 1.64889 0.0323509 0 0 0 0 0.00501783 2.384 303 49 2 2 0
./complex_md-fit_278.pdb BC A 7.8854 30.3215 -5.91092 -6.33568 -6.03351 -19.9787 -0.668343 32.9161 -21.1427 5.28151 6.9096 2.88412 0 0 0 0.251577 2.43212 0.00500888 0 0 0 0 0 2.384 303 50 2 2 0
./complex_md-fit_279.pdb BC A 11.8613 37.81 -6.36809 -6.937 -6.22644 -19.5685 -0.534051 32.0047 -20.9263 4.20532 7.13218 3.9813 0 0 0 0.500662 2.87544 -1.11022e-16 0 0 0 0 0 2.384 303 46 1 1 0
./complex_md-fit_27.pdb BC A 7.1602 21.1546 -3.11263 -4.74778 -7.55798 -16.466 -0.63634 29.3588 -17.1733 3.87042 7.4057 2.71978 0 0 0 0.0594542 1.47556 0.026681 0 0 0 0 0.0279682 2.384 303 48 0 0 0
./complex_md-fit_280.pdb BC A 9.13906 33.4714 -10.9632 -7.21775 -7.43921 -20.3651 -0.595199 32.897 -21.9447 4.61425 6.32417 2.38628 0 0 0 0.377008 1.88026 0 0 0 0 0 0 2.384 303 50 1 1 0
./complex_md-fit_281.pdb BC A 11.1321 27.1073 -4.82791 -2.76097 -3.74662 -18.1933 -0.552172 29.6338 -20.049 2.87715 5.7239 2.04663 0 0 0 0.15191 2.12488 0.0407329 0 0 0 0 0 2.384 303 45 0 0 0
./complex_md-fit_282.pdb BC A 8.69752 36.0798 -7.42039 -6.47992 -3.9086 -20.6698 -0.564463 33.3432 -22.5482 2.71981 7.60999 2.82216 0 0 0 0.220958 3.13786 0.0344309 0 0 0 0 0 2.384 303 48 1 1 0
./complex_md-fit_283.pdb BC A 9.20836 27.1168 -7.02631 -5.61454 -4.7137 -20.0296 -0.656835 32.5833 -21.5789 4.55606 6.756 1.45593 0 0 0 0.196186 2.67987 0 0 0 0 0 0.0198813 2.384 303 51 1 1 0
./complex_md-fit_284.pdb BC A 8.80615 25.0133 -5.8626 -5.6217 -4.33507 -19.6884 -0.488237 32.391 -21.1042 4.0198 6.2677 2.57217 0 0 0 0.123925 2.65255 0 0 0 0 0 0.000409029 2.384 303 48 0 0 0
./complex_md-fit_285.pdb BC A 9.45595 27.1921 -9.71316 -6.47636 -5.28353 -19.846 -0.670581 32.0848 -21.5573 2.99355 6.36186 2.35826 0 0 0 0.283263 2.80219 0.0389126 0 0 0 0 0 2.384 303 45 0 0 0
./complex_md-fit_286.pdb BC A 9.72852 34.0976 -7.78436 -6.37286 -6.84604 -19.6206 -0.617548 32.4011 -20.8267 4.21177 6.11483 3.43371 0 0 0 0.352512 1.86474 -0.0145533 0 0 0 0 0 2.384 303 46 1 1 0
./complex_md-fit_287.pdb BC A 9.18501 31.4537 -3.91966 -4.88674 -4.70192 -18.943 -0.566999 32.8985 -20.112 2.6855 6.6972 2.72634 0 0 0 0.283457 2.99526 0 0 0 0 0 0 2.384 303 47 0 0 0
./complex_md-fit_288.pdb BC A 10.6986 34.8108 -10.9986 -7.07636 -6.11784 -19.1452 -0.748336 30.6491 -21.0108 2.56398 6.70807 2.48033 0 0 0 0.698457 2.80913 0 0 0 0 0 0 2.384 303 48 0 0 0
./complex_md-fit_289.pdb BC A 12.5822 31.7443 -8.78144 -7.08346 -5.40494 -18.1702 -0.718392 29.7365 -19.4537 1.92806 7.5087 2.70115 0 0 0 0.174842 2.423 0 0 0 0 0 0 2.384 303 46 0 0 0
./complex_md-fit_28.pdb BC A 8.91035 34.3468 -6.17911 -6.20424 -5.9506 -17.3111 -0.57075 29.6713 -18.2136 3.08642 6.88657 2.34012 0 0 0 0.061661 2.64684 0.0251545 0 0 0 0 0 2.384 303 44 0 0 0
./complex_md-fit_290.pdb BC A 9.38727 36.2987 -10.0833 -6.43676 -5.86983 -17.9717 -0.621041 28.4441 -19.4654 2.24754 6.62214 2.80039 0 0 0 0.167205 1.41444 0 0 0 0 0 0 2.384 303 50 0 0 0
./complex_md-fit_291.pdb BC A 8.2406 46.6863 -5.09615 -5.768 -4.88396 -19.4237 -0.611553 32.2138 -21.0227 4.91155 6.35984 2.38024 0 0 0 0.762193 2.00831 -0.0138361 0 0 0 0 0 2.384 303 49 1 1 0
./complex_md-fit_292.pdb BC A 9.47176 32.1611 -6.84598 -5.83078 -6.39746 -19.7949 -0.611282 32.0937 -21.2528 4.86702 6.61063 3.12938 0 0 0 0.340502 2.08139 0 0 0 0 0 0 2.384 303 50 1 1 0
./complex_md-fit_293.pdb BC A 8.97955 26.1047 -11.354 -7.84417 -6.7889 -19.3889 -0.725839 31.2436 -20.7788 2.73346 6.7518 3.11751 0 0 0 0.326304 1.77771 0 0 0 0 0 0 2.384 303 49 0 0 0
./complex_md-fit_294.pdb BC A 8.2269 30.4132 -5.85197 -4.63647 -5.58291 -18.168 -0.504457 30.0308 -19.6006 3.31946 6.57574 2.5614 0 0 0 0.153059 2.70029 5.55112e-17 0 0 0 0 0 2.384 303 50 0 0 0
./complex_md-fit_295.pdb BC A 11.7793 37.3239 -8.97101 -7.58762 -5.76308 -17.8099 -0.625543 28.7792 -19.2158 4.37654 6.15572 2.3372 0 0 0 0.36187 1.08793 0 0 0 0 0 0.0203866 2.384 303 46 0 0 0
./complex_md-fit_296.pdb BC A 8.09468 28.014 -9.00235 -7.00296 -7.34181 -18.7527 -0.624166 29.7737 -19.9878 4.21884 7.18167 3.12962 0 0 0 0.396517 2.64103 0 0 0 0 0 0.00674175 2.384 303 51 0 0 0
./complex_md-fit_297.pdb BC A 10.8754 24.4156 -9.55446 -5.06625 -9.60573 -19.7978 -0.598994 33.6141 -21.2057 2.89144 7.0085 2.84273 0 0 0 0.324918 2.80414 0.0337102 0 0 0 0 0.00456392 2.384 303 50 0 0 0
./complex_md-fit_298.pdb BC A 12.8854 25.9122 -6.96842 -5.81704 -5.64294 -18.7223 -0.479648 31.2525 -20.3959 3.62788 7.05728 2.04057 0 0 0 0.104737 2.82045 0.00642484 0 0 0 0 0 2.384 303 50 0 0 0
./complex_md-fit_299.pdb BC A 10.1349 28.9177 -9.93141 -7.01631 -4.92034 -19.2885 -0.596705 31.9627 -21.0551 1.99364 6.75099 2.01803 0 0 0 0.220187 1.5574 -1.38778e-17 0 0 0 0 0 2.384 303 50 0 0 0
./complex_md-fit_29.pdb BC A 10.6164 30.0476 -8.8515 -6.19888 -5.87123 -17.6421 -0.545891 29.1249 -18.8861 2.15964 6.56008 2.04334 0 0 0 0.404705 1.92386 0 0 0 0 0 0 2.384 303 46 0 0 0
./complex_md-fit_2.pdb BC A 7.82809 31.5122 -4.5428 -7.82213 -5.18922 -22.7568 -0.649361 37.9466 -23.2639 7.59278 5.37251 3.41651 0 0 0 0.830017 2.22765 -0.0265807 0 0 0 0 0.00675954 2.384 303 51 2 2 0
./complex_md-fit_300.pdb BC A 11.2214 29.7153 -4.31666 -6.22316 -5.011 -20.6194 -0.437412 33.691 -22.2354 5.5146 7.37387 3.19646 0 0 0 0.426554 2.58934 2.77556e-17 0 0 0 0 0.00718491 2.384 303 49 1 1 0
./complex_md-fit_301.pdb BC A 10.7212 33.345 -5.59663 -5.85811 -4.26511 -19.6772 -0.563812 31.6776 -21.2701 4.75551 6.73102 1.76041 0 0 0 1.11315 2.62043 0 0 0 0 0 0 2.384 303 45 1 1 0
./complex_md-fit_302.pdb BC A 11.4577 40.5433 -6.68796 -6.60521 -4.79454 -18.2715 -0.595894 30.2965 -19.3216 3.00788 6.13627 3.1906 0 0 0 0.269417 2.72197 0 0 0 0 0 0 2.384 303 48 1 1 0
./complex_md-fit_303.pdb BC A 9.93853 27.2935 -10.8388 -6.18716 -7.33925 -19.1511 -0.537717 30.9778 -20.6885 2.20783 7.33293 2.30789 0 0 0 0.237667 2.62021 0 0 0 0 0 0.000806138 2.384 303 50 0 0 0
./complex_md-fit_304.pdb BC A 11.8655 31.9057 -15.1652 -7.1199 -8.10934 -20.3943 -0.704266 32.6772 -22.1623 1.00438 6.83692 2.49054 0 0 0 0.290406 3.67374 0.0254325 0 0 0 0 0 2.384 303 52 0 0 0
./complex_md-fit_305.pdb BC A 7.98806 28.502 -10.1539 -6.78051 -6.59981 -18.7992 -0.553774 29.4446 -20.4063 3.0643 7.41067 2.9631 0 0 0 0.117146 2.82229 -0.0141971 0 0 0 0 0 2.384 303 50 1 1 0
./complex_md-fit_306.pdb BC A 7.31619 31.8466 -8.69877 -6.70773 -6.23396 -19.4806 -0.604125 30.9511 -20.9159 3.76075 6.93185 2.7919 0 0 0 0.80787 2.53776 0 0 0 0 0 0 2.384 303 46 1 1 0
./complex_md-fit_307.pdb BC A 7.46328 31.2716 -7.1965 -6.36217 -4.24258 -19.4658 -0.466966 32.2792 -20.8685 2.2172 6.5627 2.79768 0 0 0 0.352742 2.58313 0 0 0 0 0 0 2.384 303 49 0 0 0
./complex_md-fit_308.pdb BC A 8.16213 28.4061 -7.73915 -5.78302 -6.08635 -19.3488 -0.618711 31.7317 -20.7379 3.7627 6.34909 2.82085 0 0 0 0.171244 1.82908 0 0 0 0 0 0 2.384 303 48 2 2 0
./complex_md-fit_309.pdb BC A 8.94752 30.9882 -7.00217 -4.99815 -4.97442 -19.5335 -0.710498 31.8706 -21.1243 2.51637 6.88409 2.91493 0 0 0 0.152647 2.96314 0 0 0 0 0 0 2.384 303 49 1 1 0
./complex_md-fit_30.pdb BC A 6.48002 28.8326 -3.76545 -4.39199 -4.7191 -17.5763 -0.675254 30.1626 -18.9737 4.22877 5.16362 2.3144 0 0 0 0.680993 1.71495 0 0 0 0 0 0.0205577 2.384 303 47 1 1 0
./complex_md-fit_310.pdb BC A 12.9462 26.0122 -8.73247 -6.41291 -6.66903 -18.0093 -0.656414 29.5446 -19.4501 3.75973 6.24507 2.82888 0 0 0 0.0871041 2.48 0 0 0 0 0 0 2.384 303 49 1 1 0
./complex_md-fit_311.pdb BC A 13.6374 31.3494 -10.0592 -7.33873 -6.8825 -18.344 -0.615284 29.0271 -19.5718 2.58149 7.46061 2.82323 0 0 0 0.760091 1.55326 0.0405294 0 0 0 0 0 2.384 303 46 0 0 0
./complex_md-fit_312.pdb BC A 8.8404 33.1386 -10.8444 -6.67498 -8.02137 -19.0243 -0.631461 31.7851 -20.4854 2.3145 7.01562 2.58584 0 0 0 0.286478 2.6356 0 0 0 0 0 0.00561356 2.384 303 47 0 0 0
./complex_md-fit_313.pdb BC A 9.57166 32.6437 -8.33618 -7.11028 -4.23156 -20.3055 -0.580642 32.8631 -21.7957 3.51045 6.43656 2.64016 0 0 0 0.251853 1.67755 -0.014627 0 0 0 0 0 2.384 303 48 0 0 0
./complex_md-fit_314.pdb BC A 8.73055 26.7669 -9.31306 -5.58697 -5.96379 -19.2045 -0.594852 30.4912 -20.5872 2.23407 6.5687 3.07836 0 0 0 0.239753 2.96448 0 0 0 0 0 0.0121834 2.384 303 48 0 0 0
./complex_md-fit_315.pdb BC A 10.0772 33.1994 -7.83396 -6.64248 -6.07564 -18.3578 -0.704205 30.648 -19.3809 2.64922 7.21054 2.66892 0 0 0 0.129839 2.60079 0 0 0 0 0 0.0204798 2.384 303 46 0 0 0
./complex_md-fit_316.pdb BC A 13.8875 27.766 -4.52383 -5.16096 -5.98856 -19.335 -0.570633 33.1689 -20.663 3.0571 7.20977 3.60045 0 0 0 0.158029 3.28727 0 0 0 0 0 0 2.384 303 48 0 0 0
./complex_md-fit_317.pdb BC A 12.0851 26.8067 -6.24702 -6.13352 -7.20276 -17.3847 -0.786849 29.9222 -17.9646 3.52439 7.08121 2.59108 0 0 0 0.0677047 1.64002 0.0388022 0 0 0 0 0 2.384 303 45 2 2 0
./complex_md-fit_318.pdb BC A 12.4075 32.4793 -9.50262 -5.55189 -7.35841 -19.8395 -0.640126 31.6287 -21.5861 3.29071 7.48605 2.98245 0 0 0 0.085508 2.99104 0 0 0 0 0 0 2.384 303 50 1 1 0
./complex_md-fit_319.pdb BC A 9.9605 25.7765 -8.96047 -7.58638 -5.83456 -19.3037 -0.650402 31.7245 -20.4814 3.39228 6.33895 3.10281 0 0 0 0.307571 3.01707 0.0298008 0 0 0 0 0 2.384 303 50 0 0 0
./complex_md-fit_31.pdb BC A 7.38347 31.1888 -8.24884 -4.93555 -5.20773 -18.4811 -0.728333 30.2133 -19.6869 2.08418 4.57594 3.59263 0 0 0 0.304908 1.96946 -1.11022e-16 0 0 0 0 0.0198358 2.384 303 53 0 0 0
./complex_md-fit_320.pdb BC A 8.15941 30.9887 -7.12204 -5.17157 -6.25878 -17.776 -0.588431 28.7257 -19.014 2.31202 7.08241 3.31664 0 0 0 0.249916 1.86522 0 0 0 0 0 0 2.384 303 47 0 0 0
./complex_md-fit_321.pdb BC A 10.6869 32.6171 -10.1888 -6.08059 -6.27633 -20.1451 -0.59308 31.2653 -22.0444 3.61895 6.92471 2.80892 0 0 0 0.291416 2.24544 0.0414922 0 0 0 0 0 2.384 303 48 1 1 0
./complex_md-fit_322.pdb BC A 8.91871 25.6332 -12.7507 -6.8331 -7.17451 -19.3567 -0.588188 30.2701 -20.778 1.44076 7.14363 2.77089 0 0 0 0.349053 3.05444 0 0 0 0 0 0.005463 2.384 303 49 0 0 0
./complex_md-fit_323.pdb BC A 9.13599 34.495 -7.66978 -5.08049 -5.23316 -17.8943 -0.532741 29.8602 -19.1622 1.56104 6.153 2.37129 0 0 0 0.264309 2.74195 0 0 0 0 0 0.0233163 2.384 303 50 0 0 0
./complex_md-fit_324.pdb BC A 9.20292 33.9914 -10.6138 -6.84276 -6.3728 -19.8721 -0.540239 30.7148 -21.6736 3.51483 7.37208 2.63978 0 0 0 0.437425 1.49692 0 0 0 0 0 0.00875435 2.384 303 50 2 2 0
./complex_md-fit_325.pdb BC A 7.6338 32.4456 -9.86383 -7.44673 -5.45521 -18.3622 -0.446622 30.119 -20.2556 3.08672 6.45354 2.25051 0 0 0 0.186222 1.55188 0 0 0 0 0 0.00658595 2.384 303 47 0 0 0
./complex_md-fit_326.pdb BC A 9.83591 35.485 -10.2575 -7.22409 -6.09718 -18.6884 -0.581007 29.7226 -20.1279 2.85714 7.18233 2.57402 0 0 0 0.0882914 1.86255 0.0365876 0 0 0 0 0 2.384 303 46 0 0 0
./complex_md-fit_327.pdb BC A 9.37387 28.4119 -9.04274 -6.30878 -6.37937 -20.5262 -0.644556 32.8567 -21.9338 4.81569 6.23723 2.53044 0 0 0 0.253725 2.95003 0.0419045 0 0 0 0 0.0141794 2.384 303 50 2 2 0
./complex_md-fit_328.pdb BC A 10.2599 39.5623 0.72962 -4.1084 -3.54828 -19.7715 -0.675547 32.9843 -21.0907 8.00321 5.99692 2.72863 0 0 0 0.184937 2.75655 0.00603171 0 0 0 0 0.0199605 2.384 303 49 2 2 0
./complex_md-fit_329.pdb BC A 7.59173 28.0982 -10.2468 -6.58406 -6.53859 -19.6152 -0.622115 31.8573 -20.9838 3.00907 7.51807 1.25373 0 0 0 0.455616 3.62604 0.00314768 0 0 0 0 0 2.384 303 49 1 1 0
./complex_md-fit_32.pdb BC A 9.6017 29.4613 -7.17131 -6.24927 -4.47549 -17.5289 -0.814161 28.9747 -18.7063 2.19141 5.72599 3.56575 0 0 0 0.0980024 1.7338 0.0286002 0 0 0 0 0.0182974 2.384 303 51 0 0 0
./complex_md-fit_330.pdb BC A 6.3804 37.3779 -6.2678 -4.4382 -5.64309 -17.9536 -0.523381 29.3592 -19.1248 2.9445 6.79558 2.05051 0 0 0 0.278961 2.77487 -0.0135282 0 0 0 0 0 2.384 303 46 0 0 0
./complex_md-fit_331.pdb BC A 10.4013 28.1825 -3.60606 -4.91454 -5.41449 -19.0898 -0.698653 31.8864 -20.5002 5.86226 7.25725 1.96667 0 0 0 0.039041 1.8476 0 0 0 0 0 0 2.384 303 50 2 2 0
./complex_md-fit_332.pdb BC A 10.7733 28.4193 -11.7169 -5.84191 -7.85396 -20.4209 -0.698037 32.3672 -22.2262 3.14401 7.55498 1.91413 0 0 0 0.343743 3.22479 0 0 0 0 0 0 2.384 303 48 0 0 0
./complex_md-fit_333.pdb BC A 7.52553 31.736 -2.23577 -4.89012 -2.87547 -17.9698 -0.689257 30.7059 -19.3164 3.98853 5.10857 3.49807 0 0 0 0.162723 3.00262 0.0415054 0 0 0 0 0 2.384 303 47 0 0 0
./complex_md-fit_334.pdb BC A 9.29495 25.9524 -7.63696 -5.96626 -6.9826 -16.8402 -0.693028 29.0473 -17.7271 2.091 6.53047 2.57041 0 0 0 0.333003 2.5623 0 0 0 0 0 0 2.384 303 48 0 0 0
./complex_md-fit_335.pdb BC A 7.16988 31.7557 -6.18774 -4.671 -6.1216 -19.0945 -0.481317 32.6933 -20.0379 3.23945 5.20289 2.79034 0 0 0 0.284729 3.00067 0 0 0 0 0 0.0077912 2.384 303 45 0 0 0
./complex_md-fit_336.pdb BC A 9.27465 25.1973 -6.61095 -5.68264 -4.47678 -18.9681 -0.503539 30.6313 -20.4349 2.89512 6.31202 3.47337 0 0 0 0.137488 2.95566 0.00562867 0 0 0 0 0 2.384 303 50 0 0 0
./complex_md-fit_337.pdb BC A 7.28564 32.3931 -8.91704 -6.22424 -6.22188 -20.7772 -0.621442 34.0432 -22.5123 4.30287 6.54529 2.32094 0 0 0 0.148086 3.35295 0.0267944 0 0 0 0 0.0528289 2.384 303 50 1 1 0
./complex_md-fit_338.pdb BC A 7.94314 31.7722 -7.14464 -5.79531 -4.54173 -19.8133 -0.578579 33.2166 -21.5119 2.80109 6.24867 2.45204 0 0 0 0.392312 1.73194 -0.0144599 0 0 0 0 0 2.384 303 49 0 0 0
./complex_md-fit_339.pdb BC A 11.6368 38.6068 -5.81187 -5.51193 -5.93938 -18.5829 -0.615868 31.1127 -19.6725 4.20725 6.5024 2.44539 0 0 0 0.242984 2.97375 0 0 0 0 0 0 2.384 303 48 0 0 0
./complex_md-fit_33.pdb BC A 7.70305 24.7063 -4.27536 -7.18409 -5.84815 -18.2863 -0.737388 31.0843 -19.2791 6.07008 6.7924 2.70819 0 0 0 0.404612 1.80239 0 0 0 0 0 0 2.384 303 49 1 1 0
./complex_md-fit_340.pdb BC A 9.53467 27.0937 -6.04127 -4.4059 -5.8614 -19.1321 -0.62292 31.8928 -20.1521 2.43172 6.84205 2.48453 0 0 0 0.47434 2.49891 0 0 0 0 0 0.00778746 2.384 303 49 0 0 0
./complex_md-fit_341.pdb BC A 7.50338 27.3251 -10.8605 -6.31912 -7.96192 -19.8312 -0.657618 31.5016 -21.0837 3.75956 7.44255 1.94019 0 0 0 0.34923 2.10313 0 0 0 0 0 0 2.384 303 48 1 1 0
./complex_md-fit_342.pdb BC A 9.79212 27.9662 -8.79757 -6.73437 -5.75468 -19.961 -0.542466 32.2099 -21.3046 3.05928 6.36329 3.34907 0 0 0 0.469079 1.68926 0.0417754 0 0 0 0 0.00706165 2.384 303 46 1 1 0
./complex_md-fit_343.pdb BC A 10.327 30.841 -8.46798 -5.27146 -7.21611 -20.0246 -0.595653 32.713 -21.0967 3.93335 6.20462 2.75873 0 0 0 0.12687 2.23586 0 0 0 0 0 0 2.384 303 48 1 1 0
./complex_md-fit_344.pdb BC A 11.0846 29.4858 -8.15815 -6.26767 -5.93169 -17.9176 -0.626928 29.1445 -19.598 4.29821 6.14178 2.47328 0 0 0 0.12601 1.99043 0 0 0 0 0 0 2.384 303 49 0 0 0
./complex_md-fit_345.pdb BC A 8.30764 23.2105 -6.05748 -6.16565 -8.61903 -19.2913 -0.637836 33.1116 -20.1638 5.44081 7.42736 2.74722 0 0 0 0.0931491 2.6781 0 0 0 0 0 0 2.384 303 48 1 1 0
./complex_md-fit_346.pdb BC A 9.25221 24.9998 -9.88594 -6.18311 -7.75485 -19.0194 -0.634844 31.052 -20.2834 4.02674 6.79237 1.98097 0 0 0 0.127218 2.64958 0 0 0 0 0 0.0103461 2.384 303 48 1 1 0
./complex_md-fit_347.pdb BC A 8.80316 27.2357 -6.64437 -5.17418 -7.95842 -17.3407 -0.508366 29.291 -18.1998 2.15141 7.10301 3.71853 0 0 0 0.245307 1.21552 0.0278282 0 0 0 0 0 2.384 303 47 0 0 0
./complex_md-fit_348.pdb BC A 9.84439 22.1141 -6.57903 -7.08175 -7.00124 -18.4426 -0.60616 31.9976 -19.3626 3.70894 7.49414 2.58577 0 0 0 0.116061 1.26075 0 0 0 0 0 0.0127765 2.384 303 47 1 1 0
./complex_md-fit_349.pdb BC A 6.6491 25.6792 -4.92201 -6.41572 -5.38881 -19.0846 -0.469024 31.6995 -20.5242 4.19048 7.08066 3.66156 0 0 0 0.323515 1.39045 0 0 0 0 0 0.00465376 2.384 303 48 0 0 0
./complex_md-fit_34.pdb BC A 8.51567 26.3367 -8.38329 -4.73436 -7.11391 -18.3646 -0.92512 29.3402 -19.4215 3.84701 6.91979 1.87687 0 0 0 0.192378 1.88945 5.55112e-17 0 0 0 0 0 2.384 303 49 1 1 0
./complex_md-fit_350.pdb BC A 6.59866 32.7486 -3.30739 -3.81019 -4.68807 -18.5849 -0.541605 30.6261 -20.0228 5.46856 5.8906 2.00995 0 0 0 0.332702 1.50471 0 0 0 0 0 0.0122483 2.384 303 48 1 1 0
./complex_md-fit_351.pdb BC A 14.1804 28.4344 -7.60899 -5.6604 -7.16169 -19.0266 -0.551093 32.2679 -20.5301 2.35355 6.66303 3.21309 0 0 0 0.789073 2.78663 0.0343281 0 0 0 0 0 2.384 303 46 0 0 0
./complex_md-fit_352.pdb BC A 7.82028 23.2128 -11.6607 -5.96622 -7.1884 -19.1006 -0.453155 30.4924 -20.7809 2.48148 6.37859 2.19317 0 0 0 0.282984 1.47511 0 0 0 0 0 0 2.384 303 46 0 0 0
./complex_md-fit_353.pdb BC A 11.3061 37.5552 -4.38138 -5.99472 -7.43556 -18.9164 -0.579738 31.7982 -20.1028 6.25262 6.26987 3.66348 0 0 0 0.63174 1.59967 0.0319718 0 0 0 0 0 2.384 303 48 1 1 0
./complex_md-fit_354.pdb BC A 9.36386 34.2669 -8.38784 -5.56832 -7.83521 -18.8803 -0.600235 31.6488 -20.1455 3.53351 7.0477 2.21453 0 0 0 0.212131 2.62564 -0.0149679 0 0 0 0 0 2.384 303 48 1 1 0
./complex_md-fit_355.pdb BC A 8.48359 36.7948 -1.88908 -6.02587 -4.51173 -19.0625 -0.486868 32.8804 -20.2116 5.57 6.58189 2.6948 0 0 0 0.675269 1.54833 0 0 0 0 0 0.00720592 2.384 303 48 1 1 0
./complex_md-fit_356.pdb BC A 10.3907 33.0429 -5.16277 -4.4624 -6.30038 -18.6796 -0.599638 31.6562 -19.8511 4.00839 6.61398 2.11678 0 0 0 0.295748 2.88494 0.0392288 0 0 0 0 0 2.384 303 47 1 1 0
./complex_md-fit_357.pdb BC A 8.70778 37.6474 -4.64931 -6.15527 -6.67894 -19.4958 -0.631384 32.5682 -20.8587 6.68305 7.31295 2.05864 0 0 0 0.543416 1.50518 0.00461045 0 0 0 0 0 2.384 303 47 2 2 0
./complex_md-fit_358.pdb BC A 9.66106 25.1446 -9.95725 -6.45792 -5.0533 -18.7478 -0.494153 29.3451 -20.8034 2.89741 6.57389 2.68356 0 0 0 0.0613273 1.52976 0 0 0 0 0 0.0380743 2.384 303 48 0 0 0
./complex_md-fit_359.pdb BC A 10.3988 25.2748 -7.17604 -5.14677 -4.41248 -19.4272 -0.482535 32.0941 -21.0727 2.30924 6.13603 2.45925 0 0 0 0.334354 2.113 0 0 0 0 0 0.0326878 2.384 303 50 0 0 0
./complex_md-fit_35.pdb BC A 6.85962 35.028 -8.21246 -4.9405 -6.05122 -19.8394 -0.902958 31.9927 -20.8137 3.26842 6.0591 2.43855 0 0 0 0.568123 2.5766 0 0 0 0 0 0.00842756 2.384 303 52 0 0 0
./complex_md-fit_360.pdb BC A 8.01288 33.8787 -8.60834 -5.38549 -5.47255 -19.9459 -0.405274 31.6511 -22.0557 4.26431 6.16436 2.18787 0 0 0 0.388904 2.78786 0 0 0 0 0 0 2.384 303 50 1 1 0
./complex_md-fit_361.pdb BC A 9.37231 24.6784 -11.0723 -7.25918 -6.01053 -19.7 -0.466331 29.9707 -21.332 3.56588 6.1604 3.38902 0 0 0 0.609804 1.50345 0 0 0 0 0 0 2.384 303 45 0 0 0
./complex_md-fit_362.pdb BC A 9.65364 35.4176 -6.93829 -5.7614 -6.99446 -18.5165 -0.651433 30.442 -19.3283 4.02105 7.0392 2.58544 0 0 0 0.223433 1.89145 0 0 0 0 0 0.00264029 2.384 303 44 1 1 0
./complex_md-fit_363.pdb BC A 11.1442 27.9319 -2.12522 -5.55832 -3.78312 -18.8768 -0.490251 31.1277 -20.6485 6.09953 6.54624 2.99957 0 0 0 0.458678 1.58883 1.38778e-17 0 0 0 0 0 2.384 303 50 2 2 0
./complex_md-fit_364.pdb BC A 10.1351 31.8563 -8.89382 -6.0842 -7.2142 -19.5146 -0.628051 32.0663 -21.0658 3.93846 7.54347 2.02392 0 0 0 0.0408895 1.64045 0 0 0 0 0 0 2.384 303 49 1 1 0
./complex_md-fit_365.pdb BC A 8.49572 30.1127 -9.67341 -6.33003 -5.89535 -19.4976 -0.608163 30.2144 -21.2815 3.36952 7.45983 2.63724 0 0 0 0.246881 2.72831 0 0 0 0 0 0.0113492 2.384 303 49 0 0 0
./complex_md-fit_366.pdb BC A 9.12452 25.844 -8.03519 -4.49153 -7.51462 -17.7734 -0.516142 29.7193 -18.5318 1.90592 6.17938 2.47511 0 0 0 0.486352 1.67053 0.0262655 0 0 0 0 0 2.384 303 45 0 0 0
./complex_md-fit_367.pdb BC A 8.51007 29.1509 -10.6652 -6.54069 -5.8525 -18.5361 -0.547028 29.2452 -20.2128 3.83967 6.43727 1.3564 0 0 0 0.159801 2.95557 -0.014483 0 0 0 0 0 2.384 303 47 1 1 0
./complex_md-fit_368.pdb BC A 8.20881 32.657 -8.90104 -6.54749 -5.34609 -18.3658 -0.440408 29.2638 -19.4795 2.72514 6.77254 2.4748 0 0 0 0.0559467 1.40052 -0.0139063 0 0 0 0 0 2.384 303 47 0 0 0
./complex_md-fit_369.pdb BC A 8.27574 32.9099 -4.25661 -5.25287 -6.07951 -17.0508 -0.518942 30.1688 -17.5003 3.01315 6.71251 2.10227 0 0 0 0.118143 1.10738 0.0310388 0 0 0 0 0 2.384 303 44 0 0 0
./complex_md-fit_36.pdb BC A 8.73648 29.2819 -4.66549 -5.40173 -5.98937 -19.4262 -0.828731 32.9927 -19.8258 4.57221 5.79784 3.25958 0 0 0 0.132832 2.01537 0.034652 0 0 0 0 0.016435 2.384 303 54 0 0 0
./complex_md-fit_370.pdb BC A 9.74062 39.2461 -7.59998 -6.15122 -6.08652 -17.4399 -0.548605 29.1022 -18.639 2.93628 5.76959 3.0196 0 0 0 0.437553 1.58407 0 0 0 0 0 0 2.384 303 49 1 1 0
./complex_md-fit_371.pdb BC A 7.14537 29.5843 -9.13052 -7.57339 -8.59082 -17.8751 -0.636731 30.8763 -18.3774 3.05617 7.94547 1.85512 0 0 0 0.157864 2.58983 0.0319814 0 0 0 0 0 2.384 303 48 1 1 0
./complex_md-fit_372.pdb BC A 8.23907 36.5095 -8.99237 -6.80956 -8.79361 -19.2541 -0.457755 32.3287 -19.9537 4.35972 6.51652 2.69706 0 0 0 0.329961 1.86955 0.0443722 0 0 0 0 0 2.384 303 47 1 1 0
./complex_md-fit_373.pdb BC A 8.83862 33.2219 -4.66823 -4.78832 -7.62654 -19.0737 -0.445127 32.1918 -19.7312 5.16651 6.0565 3.32489 0 0 0 0.218895 2.8552 0.0380544 0 0 0 0 0 2.384 303 50 1 1 0
./complex_md-fit_374.pdb BC A 11.5645 34.4477 -1.93238 -4.16653 -5.16914 -15.3967 -0.529114 27.5104 -15.599 2.04795 5.82743 3.48737 0 0 0 0.0207484 1.73553 0.0342572 0 0 0 0 0 2.384 303 44 0 0 0
./complex_md-fit_375.pdb BC A 13.5919 31.6448 -2.40225 -6.83531 -6.89733 -14.8446 -0.489285 25.7799 -15.0231 6.06879 7.1022 2.60049 0 0 0 0.136059 1.63214 0 0 0 0 0 0 2.384 303 45 1 1 0
./complex_md-fit_376.pdb BC A 13.8995 31.0131 0.602675 -5.1148 -3.17988 -16.28 -0.430676 29.804 -16.0785 2.61198 4.72134 4.25493 0 0 0 0.246049 2.69791 0.0300402 0 0 0 0 0.0181648 2.384 303 45 0 0 0
./complex_md-fit_377.pdb BC A 9.06072 34.7926 -1.05238 -3.48081 -5.60369 -16.082 -0.568077 28.5846 -16.3617 3.54208 5.6004 3.1647 0 0 0 0.152022 1.67772 2.77556e-17 0 0 0 0 0 2.384 303 46 0 0 0
./complex_md-fit_378.pdb BC A 9.23763 32.9202 -8.92442 -6.47359 -9.0095 -15.9465 -0.723753 27.2987 -16.6364 4.47775 6.0321 1.9707 0 0 0 0.0861112 2.50629 2.77556e-17 0 0 0 0 0 2.384 303 44 2 2 0
./complex_md-fit_379.pdb BC A 10.8958 28.0909 -6.62499 -7.37474 -6.58487 -15.1456 -0.586886 26.8748 -15.4838 2.78252 6.46221 2.17139 0 0 0 0.259972 1.12173 0 0 0 0 0 0 2.384 303 44 0 0 0
./complex_md-fit_37.pdb BC A 7.64769 27.5596 -0.117113 -3.39481 -2.89041 -18.7837 -0.85893 30.5544 -19.3513 6.06699 5.11563 3.253 0 0 0 0.164321 1.88021 0.00774121 0 0 0 0 0 2.384 303 50 2 2 0
./complex_md-fit_380.pdb BC A 10.7494 34.8856 -6.98055 -6.71183 -7.27421 -16.3139 -0.532207 27.8088 -16.843 2.85911 6.80497 2.87312 0 0 0 0.362398 2.97881 -0.0138652 0 0 0 0 0 2.384 303 46 0 0 0
./complex_md-fit_381.pdb BC A 9.12277 28.1833 -3.406 -5.79059 -4.90091 -15.8074 -0.506372 27.9897 -16.3239 3.30351 5.70291 2.58917 0 0 0 0.337914 2.60149 0 0 0 0 0 0 2.384 303 49 0 0 0
./complex_md-fit_382.pdb BC A 14.089 32.6647 -4.28573 -5.46319 -4.4268 -15.6772 -0.425475 27.0046 -16.3791 2.21576 5.43811 3.21899 0 0 0 0.208537 2.38825 0 0 0 0 0 0 2.384 303 45 0 0 0
./complex_md-fit_383.pdb BC A 9.58309 30.9728 -3.02774 -6.74076 -6.77779 -17.5084 -0.441884 30.6692 -18.0906 6.84814 6.2646 2.30159 0 0 0 0.442195 2.93203 0 0 0 0 0 0.00596201 2.384 303 52 2 2 0
./complex_md-fit_384.pdb BC A 10.0694 33.1848 -8.35373 -7.0382 -3.66711 -17.2205 -0.520174 27.9978 -18.7126 0.891266 6.58501 2.78329 0 0 0 0.520613 1.43343 0.0268681 0 0 0 0 0 2.384 303 42 0 0 0
./complex_md-fit_385.pdb BC A 7.90391 37.5429 -2.22028 -6.15721 -5.10289 -16.1933 -0.625909 28.0435 -16.9297 5.38346 6.88252 2.15548 0 0 0 0.323783 1.28194 0 0 0 0 0 0 2.384 303 44 1 1 0
./complex_md-fit_386.pdb BC A 8.42419 36.2301 -7.66532 -6.48994 -5.41064 -17.1593 -0.530529 28.4836 -18.6675 2.92059 6.85526 1.55851 0 0 0 0.753677 2.85628 0 0 0 0 0 0.020889 2.384 303 47 1 1 0
./complex_md-fit_387.pdb BC A 10.8896 27.692 -7.05887 -6.17439 -6.36576 -17.217 -0.602167 28.9401 -18.0255 2.96914 5.90729 2.49664 0 0 0 1.01278 2.15568 0 0 0 0 0 0 2.384 303 46 0 0 0
./complex_md-fit_388.pdb BC A 10.1393 28.0331 -6.10556 -5.29843 -4.07055 -14.8321 -0.439224 25.6055 -15.9163 2.54915 4.05027 2.14899 0 0 0 0.0971539 3.12781 0 0 0 0 0 0 2.384 303 43 0 0 0
./complex_md-fit_389.pdb BC A 6.92042 32.5146 -6.28812 -6.73356 -5.14407 -17.1731 -0.638819 28.5231 -18.2831 4.74554 5.36044 2.93499 0 0 0 0.120398 1.82094 0 0 0 0 0 0 2.384 303 50 1 1 0
./complex_md-fit_38.pdb BC A 9.48318 24.4294 -3.32146 -3.3776 -4.47098 -19.399 -0.862853 30.9649 -20.6731 6.88931 5.5448 1.95398 0 0 0 0.0682014 2.76477 0.0408582 0 0 0 0 0 2.384 303 50 1 1 0
./complex_md-fit_390.pdb BC A 8.72342 33.548 -5.07361 -5.79195 -5.69286 -16.1026 -0.530936 28.0398 -17.1128 2.71976 5.06334 3.9247 0 0 0 0.359815 2.53691 0.0324513 0 0 0 0 0.0176545 2.384 303 47 1 1 0
./complex_md-fit_391.pdb BC A 7.44889 26.4759 -3.63583 -5.19131 -4.05789 -17.9875 -0.812304 31.3682 -18.7276 3.86403 4.92567 2.60493 0 0 0 0.332959 2.18236 0.0370189 0 0 0 0 0.00794818 2.384 303 51 0 0 0
./complex_md-fit_392.pdb BC A 8.65638 32.5446 -2.86152 -3.18714 -5.62165 -17.3072 -0.665844 29.4205 -17.8325 3.36371 5.73067 2.87561 0 0 0 0.320803 3.16841 0.0360869 0 0 0 0 0.00540206 2.384 303 45 0 0 0
./complex_md-fit_393.pdb BC A 6.14453 34.0179 -3.78042 -3.32732 -6.64063 -16.7512 -0.579523 28.0779 -17.4416 3.13308 4.9992 4.03359 0 0 0 0.672519 1.94928 0.0435688 0 0 0 0 0 2.384 303 44 1 1 0
./complex_md-fit_394.pdb BC A 7.48669 31.1499 -2.90317 -2.84855 -4.2561 -17.8975 -0.660392 29.4951 -18.7387 3.44789 5.06764 3.1582 0 0 0 0.329195 1.64974 0 0 0 0 0 -2.22045e-16 2.384 303 48 1 1 0
./complex_md-fit_395.pdb BC A 11.6725 27.9981 -6.87396 -3.86511 -7.77026 -17.006 -0.661024 28.9207 -17.6821 2.91047 5.37636 2.79133 0 0 0 0.105898 1.77273 0 0 0 0 0 0.0058206 2.384 303 46 0 0 0
./complex_md-fit_396.pdb BC A 5.25679 33.331 -6.40028 -5.43962 -5.5963 -17.753 -0.553896 30.0314 -18.5309 3.10271 5.3903 2.54888 0 0 0 0.413959 3.12553 -0.0137745 0 0 0 0 0 2.384 303 48 1 1 0
./complex_md-fit_397.pdb BC A 7.86138 26.5886 -1.1435 -4.28228 -7.14487 -16.5292 -0.686744 29.3875 -16.6233 4.54989 6.99684 2.75344 0 0 0 0.428612 2.0503 0 0 0 0 0 0.00665706 2.384 303 50 0 0 0
./complex_md-fit_398.pdb BC A 9.76347 29.4503 -4.36112 -5.03813 -9.01665 -18.6982 -0.714047 32.3448 -19.2515 4.46958 7.84863 3.51335 0 0 0 0.182712 2.16205 -0.001644 0 0 0 0 0 2.384 303 50 1 1 0
./complex_md-fit_399.pdb BC A 6.20027 26.1387 -7.90945 -4.29588 -6.31403 -16.1816 -0.671279 27.2555 -17.0096 1.67406 6.23809 1.35316 0 0 0 0.0559266 2.8597 -0.0137456 0 0 0 0 0 2.384 303 46 0 0 0
./complex_md-fit_39.pdb BC A 13.8413 36.8904 -9.20165 -4.94935 -7.17498 -20.0739 -0.793296 31.2855 -21.4544 4.00799 6.27717 3.35763 0 0 0 0.308806 1.92782 0 0 0 0 0 0.00721021 2.384 303 51 1 1 0
./complex_md-fit_3.pdb BC A 9.1572 35.4952 -7.72762 -5.89945 -6.23152 -23.7104 -0.558177 39.024 -24.4299 3.48352 7.01949 2.77455 0 0 0 0.75919 2.43645 0.00106894 0 0 0 0 0.0400276 2.384 303 54 0 0 0
./complex_md-fit_400.pdb BC A 5.89485 36.1718 -3.59581 -5.70808 -5.81593 -18.4758 -0.689211 31.6371 -19.31 5.79015 5.77062 3.03414 0 0 0 0.0869228 1.70445 0.0285467 0 0 0 0 0.0556957 2.384 303 49 1 1 0
./complex_md-fit_401.pdb BC A 9.29414 32.6721 1.20388 -4.584 -5.3254 -19.0486 -0.68085 35.2033 -19.1415 4.83265 6.58271 3.14302 0 0 0 0.161775 1.87006 0.0102879 0 0 0 0 0.0505175 2.384 303 52 0 0 0
./complex_md-fit_402.pdb BC A 7.46008 34.5712 -3.93179 -5.76609 -5.10774 -16.1254 -0.654299 27.9027 -16.3458 3.44883 5.78736 2.86117 0 0 0 0.0261632 1.37493 0.0353977 0 0 0 0 0.00593631 2.384 303 49 0 0 0
./complex_md-fit_403.pdb BC A 8.59541 32.603 -6.66892 -7.14031 -6.76751 -16.63 -0.578371 27.9819 -17.6326 3.05988 8.14572 2.64149 0 0 0 0.230195 1.41138 0.0207321 0 0 0 0 0 2.384 303 46 0 0 0
./complex_md-fit_404.pdb BC A 7.82572 31.2131 -5.26049 -6.66146 -7.72664 -16.5053 -0.715627 28.736 -17.1763 5.24738 7.02925 2.3565 0 0 0 0.121624 1.3415 0.0341603 0 0 0 0 0 2.384 303 51 2 2 0
./complex_md-fit_405.pdb BC A 8.66221 42.3317 -0.262193 -7.66704 -4.45651 -16.3772 -0.679084 30.0575 -16.2888 5.22558 6.72418 3.00521 0 0 0 0.188695 1.42838 -5.55112e-17 0 0 0 0 0.00527694 2.384 303 52 1 1 0
./complex_md-fit_406.pdb BC A 7.70964 37.0219 -6.85112 -8.26507 -7.11146 -17.7514 -0.920333 31.4737 -18.3327 3.43481 7.07134 3.40008 0 0 0 0.118384 1.37154 0.0315437 0 0 0 0 0 2.384 303 50 0 0 0
./complex_md-fit_407.pdb BC A 9.83434 28.1845 -4.46425 -8.11303 -7.07246 -17.3569 -0.658736 31.6219 -17.6859 4.29419 7.53616 2.84725 0 0 0 0.0975303 1.35888 0.0257152 0 0 0 0 0 2.384 303 49 2 2 0
./complex_md-fit_408.pdb BC A 7.87125 35.1179 -3.32952 -7.15152 -6.77712 -18.5415 -0.672983 33.6905 -18.9788 4.60369 7.3626 2.9825 0 0 0 0.153057 1.39885 0 0 0 0 0 0 2.384 303 49 1 1 0
./complex_md-fit_409.pdb BC A 5.54059 27.6714 -6.7627 -8.12405 -7.1349 -18.962 -0.720132 34.6503 -18.9098 3.05718 7.22365 2.048 0 0 0 0.109119 1.51423 0 0 0 0 0 0 2.384 303 53 0 0 0
./complex_md-fit_40.pdb BC A 8.19906 30.5571 -11.1917 -5.70789 -7.76669 -19.9813 -0.810335 31.1011 -21.6117 3.82007 7.00662 2.56844 0 0 0 0.152357 2.15075 0.0376916 0 0 0 0 0 2.384 303 50 0 0 0
./complex_md-fit_410.pdb BC A 7.28032 36.3847 -1.91938 -6.38477 -4.44457 -17.718 -0.508461 32.5401 -17.5946 4.30415 5.21067 2.17631 0 0 0 0.486852 1.41145 0 0 0 0 0 0.0129011 2.384 303 50 0 0 0
./complex_md-fit_411.pdb BC A 7.87447 27.7251 -5.0004 -7.4632 -5.33433 -17.8073 -0.399746 32.4104 -17.6653 1.92216 6.13639 2.94555 0 0 0 0.254917 1.63136 5.55112e-17 0 0 0 0 -1.11022e-16 2.384 303 52 0 0 0
./complex_md-fit_412.pdb BC A 7.01667 34.1662 -6.3142 -6.86276 -5.94607 -18.2278 -0.580446 31.5252 -18.9223 3.01024 6.71316 2.54309 0 0 0 0.413923 1.49794 0 0 0 0 0 0.0195638 2.384 303 52 0 0 0
./complex_md-fit_413.pdb BC A 6.49885 32.2593 -7.7917 -8.15421 -6.42079 -16.5702 -0.69767 28.7873 -17.3747 3.65353 6.44881 2.38914 0 0 0 0.147024 1.17722 1.38778e-17 0 0 0 0 0 2.384 303 47 1 1 0
./complex_md-fit_414.pdb BC A 6.38262 26.846 -3.42977 -6.302 -6.62157 -16.8981 -0.781408 29.8796 -17.1265 4.11579 7.23837 2.93237 0 0 0 0.133654 1.77724 0 0 0 0 0 0 2.384 303 50 0 0 0
./complex_md-fit_415.pdb BC A 6.77854 32.2284 -6.06148 -8.6249 -6.90559 -18.9497 -0.798041 33.6504 -19.6056 5.03519 7.19009 2.82317 0 0 0 0.123457 2.09143 0 0 0 0 0 0 2.384 303 54 0 0 0
./complex_md-fit_416.pdb BC A 7.273 32.6052 -8.37231 -7.88254 -5.82815 -19.0278 -0.600238 33.2931 -19.7538 3.13393 6.01192 2.18049 0 0 0 0.100756 2.91618 0 0 0 0 0 0 2.384 303 52 0 0 0
./complex_md-fit_417.pdb BC A 6.17376 44.4328 -6.6442 -9.62163 -6.72238 -18.9574 -0.635337 34.1439 -18.97 4.01161 6.84083 2.90813 0 0 0 0.387624 1.67329 -0.0294519 0 0 0 0 0 2.384 303 50 1 1 0
./complex_md-fit_418.pdb BC A 8.35455 31.2954 -8.06084 -8.53389 -7.57992 -16.6053 -0.766194 28.7984 -16.6834 4.14629 6.32845 2.73989 0 0 0 0.0873415 1.24572 0.00750253 0 0 0 0 0 2.384 303 46 0 0 0
./complex_md-fit_419.pdb BC A 9.90132 28.4532 -4.56934 -8.08103 -6.99789 -18.1383 -0.815745 32.2413 -18.3366 4.67132 8.26064 2.29472 0 0 0 0.332302 1.74609 5.55112e-17 0 0 0 0 0 2.384 303 50 0 0 0
./complex_md-fit_41.pdb BC A 8.56113 23.4634 -5.24669 -4.44642 -4.97654 -20.117 -0.744016 32.9315 -21.2065 4.07684 5.69924 3.11202 0 0 0 0.406029 2.33665 -1.11022e-16 0 0 0 0 0.018141 2.384 303 51 0 0 0
./complex_md-fit_420.pdb BC A 6.91847 36.6319 -6.62458 -8.2601 -8.1494 -19.697 -0.627469 36.1246 -20.0701 4.30941 7.47194 1.86196 0 0 0 0.370774 2.09716 0.0124004 0 0 0 0 0.0283804 2.384 303 51 2 2 0
./complex_md-fit_421.pdb BC A 5.82397 27.7373 -6.29829 -7.80293 -7.97131 -18.6838 -0.75546 33.9614 -18.5805 3.05753 7.87513 2.34181 0 0 0 0.259818 1.76263 0 0 0 0 0 0 2.384 303 49 0 0 0
./complex_md-fit_422.pdb BC A 6.12631 38.7726 -5.86459 -6.80194 -8.46768 -18.9755 -0.704762 35.3384 -18.8038 1.94761 8.62013 1.56224 0 0 0 0.394422 3.69265 0 0 0 0 0 0.0262656 2.384 303 50 0 0 0
./complex_md-fit_423.pdb BC A 6.51504 30.4636 -4.72092 -6.61932 -6.25541 -18.3419 -0.579373 33.2553 -18.231 3.17885 7.19127 1.55727 0 0 0 0.107602 2.08844 0.00934235 0 0 0 0 0.00644464 2.384 303 49 0 0 0
./complex_md-fit_424.pdb BC A 5.93175 35.1249 -8.37994 -8.59919 -7.90038 -20.8893 -0.632944 37.253 -21.0894 3.12623 8.64371 1.65755 0 0 0 0.0508461 2.4594 0 0 0 0 0 0 2.384 303 52 0 0 0
./complex_md-fit_425.pdb BC A 8.76636 33.9744 -5.70975 -9.258 -7.47015 -18.418 -0.741091 33.2443 -18.1594 3.58289 8.27797 2.73827 0 0 0 0.499058 1.37184 -0.0109737 0 0 0 0 0.0054496 2.384 303 50 1 1 0
./complex_md-fit_426.pdb BC A 9.15293 27.0621 -6.94043 -7.60704 -7.34732 -18.7619 -0.746393 32.7287 -19.1476 4.21285 7.97232 1.48656 0 0 0 0.248037 1.39116 0.0213619 0 0 0 0 0 2.384 303 49 0 0 0
./complex_md-fit_427.pdb BC A 6.62246 31.5065 -7.74214 -10.4146 -8.01047 -18.2683 -0.687573 33.85 -18.1265 1.84376 9.27665 2.54728 0 0 0 0.212412 1.49892 0.0352609 0 0 0 0 0 2.384 303 49 0 0 0
./complex_md-fit_428.pdb BC A 6.06125 35.611 -3.21775 -8.71991 -5.563 -16.8899 -0.535648 30.2645 -17.0247 3.46037 8.70493 2.88511 0 0 0 0.177389 1.28675 0 0 0 0 0 0.0231265 2.384 303 52 0 0 0
./complex_md-fit_429.pdb BC A 5.71229 43.2189 -5.06743 -8.34668 -6.31889 -18.1647 -0.531068 32.5405 -18.6826 2.94905 9.11473 2.26129 0 0 0 0.110916 1.11011 0 0 0 0 0 0 2.384 303 50 0 0 0
./complex_md-fit_42.pdb BC A 7.501 32.5491 -2.82488 -3.74821 -4.4726 -20.6868 -0.852177 33.2902 -21.8087 6.2801 5.53148 3.4779 0 0 0 0.121904 2.06245 0.0333328 0 0 0 0 0.00873454 2.384 303 53 1 1 0
./complex_md-fit_430.pdb BC A 8.4528 30.2471 -5.72937 -9.05686 -8.11579 -17.6522 -0.643209 32.9593 -17.2443 2.83498 8.62944 2.40889 0 0 0 0.12165 1.52539 0.028707 0 0 0 0 0 2.384 303 50 0 0 0
./complex_md-fit_431.pdb BC A 8.893 33.6258 -2.43295 -8.61336 -6.6615 -16.9161 -0.642233 31.2422 -16.9513 5.70319 6.97915 3.06429 0 0 0 0.362713 1.30056 1.11022e-16 0 0 0 0 0 2.384 303 48 2 2 0
./complex_md-fit_432.pdb BC A 7.24934 33.8578 -4.96244 -9.56029 -6.73155 -20.0731 -0.512429 35.935 -20.3549 4.44264 8.11933 3.49056 0 0 0 0.268206 1.53273 0 0 0 0 0 0.0140573 2.384 303 49 1 1 0
./complex_md-fit_433.pdb BC A 6.22659 27.6424 -8.63423 -7.03408 -8.33971 -17.577 -0.64573 31.3618 -17.6296 2.29471 7.11688 1.48506 0 0 0 0.325115 1.11792 0 0 0 0 0 0.00832084 2.384 303 48 0 0 0
./complex_md-fit_434.pdb BC A 7.42431 32.1369 -2.82115 -7.75325 -7.81333 -19.2363 -0.633947 35.7241 -19.1905 4.61995 8.6864 2.34044 0 0 0 0.429687 1.2688 5.20417e-18 0 0 0 0 0.00551641 2.384 303 49 1 1 0
./complex_md-fit_435.pdb BC A 7.77871 34.9759 -7.76986 -8.71074 -10.1538 -19.6687 -0.80444 35.3718 -19.8555 3.75093 8.99609 2.8898 0 0 0 0.379833 1.8092 0.0349024 0 0 0 0 0 2.384 303 49 0 0 0
./complex_md-fit_436.pdb BC A 7.07778 36.4935 -5.53366 -7.32885 -7.42883 -18.9244 -0.768057 33.7598 -19.2365 2.75091 7.58335 3.82059 0 0 0 0.232408 1.39196 0 0 0 0 0 0.00592636 2.384 303 51 1 1 0
./complex_md-fit_437.pdb BC A 7.58746 35.6707 -7.55112 -7.74498 -10.1667 -19.0938 -0.782021 34.0405 -18.9979 3.25708 9.0695 2.54864 0 0 0 0.275689 1.77766 0.0364192 0 0 0 0 0.00646005 2.384 303 48 0 0 0
./complex_md-fit_438.pdb BC A 7.27497 34.4675 -6.74633 -6.89036 -7.70725 -19.8733 -0.70155 34.0074 -20.4714 3.59029 7.64256 3.20482 0 0 0 0.421914 2.15239 0.0305688 0 0 0 0 0 2.384 303 53 0 0 0
./complex_md-fit_439.pdb BC A 8.25036 29.4253 -5.69454 -8.65647 -8.58593 -20.8215 -0.781176 36.6223 -21.0433 4.65238 8.727 3.6504 0 0 0 0.502767 1.97452 0.0388997 0 0 0 0 0 2.384 303 48 2 2 0
./complex_md-fit_43.pdb BC A 6.9329 30.644 -2.70207 -6.33025 -6.99114 -19.8991 -0.666293 33.7445 -20.6255 7.34647 7.10645 3.20277 0 0 0 0.409973 1.67316 0 0 0 0 0 0 2.384 303 53 1 1 0
./complex_md-fit_440.pdb BC A 5.21428 38.1312 -5.92711 -8.46002 -7.95437 -19.4227 -0.703183 34.888 -19.0948 3.26183 8.67205 2.70759 0 0 0 0.167015 1.80787 0.0114676 0 0 0 0 0 2.384 303 49 0 0 0
./complex_md-fit_441.pdb BC A 6.60025 33.6284 -4.69604 -8.48746 -6.79962 -20.9355 -0.713683 36.9244 -21.2001 5.92326 7.92817 2.36768 0 0 0 0.29684 2.37728 0 0 0 0 0 0 2.384 303 49 1 1 0
./complex_md-fit_442.pdb BC A 7.29604 33.0364 -6.2377 -9.05917 -7.65484 -19.2971 -0.731604 34.4948 -19.2078 2.16591 8.50656 4.20352 0 0 0 0.308227 1.92579 0.0261491 0 0 0 0 0.00769488 2.384 303 48 0 0 0
./complex_md-fit_443.pdb BC A 5.01934 36.8303 -10.3066 -8.77291 -8.95009 -18.6375 -0.824158 31.887 -18.5438 2.16739 8.33373 2.63901 0 0 0 0.349204 1.6044 0.0392653 0 0 0 0 0.00620951 2.384 303 44 0 0 0
./complex_md-fit_444.pdb BC A 7.67676 31.055 -2.13622 -6.77402 -7.53572 -18.9333 -0.623058 35.4322 -18.2544 3.44569 8.14532 2.5284 0 0 0 0.388107 2.80515 0.0354445 0 0 0 0 0.00912398 2.384 303 51 0 0 0
./complex_md-fit_445.pdb BC A 6.73927 33.7225 -6.80737 -9.78714 -9.78266 -17.7212 -0.665348 30.8808 -17.1479 4.68653 9.52843 2.72325 0 0 0 0.435945 2.61904 0.0362794 0 0 0 0 0.00560895 2.384 303 47 1 1 0
./complex_md-fit_446.pdb BC A 5.54346 30.9825 -4.79491 -8.13379 -7.83999 -18.3195 -0.692407 33.749 -17.7177 2.81909 7.76834 3.32318 0 0 0 0.211216 1.40515 0.031179 0 0 0 0 0.00636642 2.384 303 50 0 0 0
./complex_md-fit_447.pdb BC A 6.63153 32.6043 -4.78787 -8.73322 -7.56454 -17.9653 -0.754237 33.2406 -17.3086 3.28967 8.17005 2.70723 0 0 0 0.125395 2.27138 5.55112e-17 0 0 0 0 0.00511874 2.384 303 50 0 0 0
./complex_md-fit_448.pdb BC A 7.70958 32.7853 -2.56079 -7.71097 -6.54723 -18.3778 -0.736753 33.3559 -17.9272 4.56177 7.43716 2.96214 0 0 0 0.413632 2.23919 0 0 0 0 0 0.0085605 2.384 303 48 0 0 0
./complex_md-fit_449.pdb BC A 6.33907 31.3906 -5.54726 -9.12391 -7.81039 -19.7016 -0.608753 35.5359 -19.0868 3.93771 8.96629 2.18839 0 0 0 0.116703 1.70744 0.0391517 0 0 0 0 0 2.384 303 51 1 1 0
./complex_md-fit_44.pdb BC A 7.86644 28.2926 -12.4597 -5.38008 -7.02129 -18.9994 -0.790294 29.916 -20.6613 2.38603 5.88628 1.86655 0 0 0 0.32985 1.86017 0 0 0 0 0 0.0078899 2.384 303 51 0 0 0
./complex_md-fit_450.pdb BC A 6.14007 21.755 -1.30298 -7.96018 -7.09819 -19.742 -0.689864 38.1475 -18.9166 2.74965 9.10276 2.8044 0 0 0 0.311369 2.30135 -0.0171811 0 0 0 0 0.005413 2.384 303 50 0 0 0
./complex_md-fit_451.pdb BC A 10.0649 33.4989 -2.10998 -7.85037 -6.20703 -18.5191 -0.744957 34.2361 -17.653 4.4054 7.41677 2.42444 0 0 0 0.381767 1.42586 0 0 0 0 0 0 2.384 303 49 1 1 0
./complex_md-fit_452.pdb BC A 8.75203 32.8638 -4.35223 -8.40656 -7.9176 -18.685 -0.561089 33.9099 -17.8529 3.411 8.75213 2.63526 0 0 0 0.33961 2.50744 0.015652 0 0 0 0 0.007424 2.384 303 46 0 0 0
./complex_md-fit_453.pdb BC A 6.60349 40.4135 -6.27675 -7.23836 -6.41152 -17.8079 -0.701847 31.1407 -18.0596 2.11597 7.44206 2.66179 0 0 0 0.553131 1.46489 0.0288441 0 0 0 0 0 2.384 303 48 0 0 0
./complex_md-fit_454.pdb BC A 7.60203 31.9357 -5.10466 -8.05498 -5.9565 -17.4655 -0.631764 31.0776 -17.515 1.9955 7.00182 3.86352 0 0 0 0.580647 1.57459 0 0 0 0 0 0 2.384 303 49 0 0 0
./complex_md-fit_455.pdb BC A 7.5616 30.9394 -7.67901 -8.89962 -8.98883 -18.5224 -0.685876 33.3939 -18.5344 4.299 7.06076 2.76717 0 0 0 0.418546 1.52563 0.0127058 0 0 0 0 0 2.384 303 52 1 1 0
./complex_md-fit_456.pdb BC A 6.39673 39.8042 -5.86346 -8.55121 -7.73152 -17.5552 -0.671245 31.5498 -17.2688 3.81742 7.59462 2.7296 0 0 0 0.191381 1.47654 0.0317836 0 0 0 0 0 2.384 303 52 0 0 0
./complex_md-fit_457.pdb BC A 7.20769 25.4797 -8.60533 -8.83762 -8.5459 -18.2077 -0.680746 32.9007 -17.4494 3.14012 7.64098 1.34002 0 0 0 0.0951898 1.49034 -0.0144472 0 0 0 0 0.0135467 2.384 303 54 1 1 0
./complex_md-fit_458.pdb BC A 8.19392 34.2783 -3.83647 -6.92631 -5.90574 -18.1657 -0.515219 32.7904 -18.5945 3.52187 6.96868 2.55879 0 0 0 0.441049 2.61489 -0.0164957 0 0 0 0 0.00674449 2.384 303 53 0 0 0
./complex_md-fit_459.pdb BC A 8.61229 29.8049 -2.1905 -6.10678 -6.33654 -17.2629 -0.638939 31.6148 -17.0356 4.85825 6.55559 1.98792 0 0 0 0.173647 3.40337 0 0 0 0 0 0 2.384 303 51 2 2 0
./complex_md-fit_45.pdb BC A 7.90025 27.9197 -8.42869 -5.66652 -7.08191 -20.457 -0.72651 31.7824 -21.5434 4.79529 6.5393 3.54226 0 0 0 0.349966 1.93282 0.0324972 0 0 0 0 0.00495537 2.384 303 53 1 1 0
./complex_md-fit_460.pdb BC A 6.6022 30.2795 -2.62086 -8.46422 -6.86222 -19.165 -0.544037 33.6005 -19.0167 4.5742 9.59409 3.22467 0 0 0 0.454819 2.64453 -0.0168775 0 0 0 0 0 2.384 303 49 1 1 0
./complex_md-fit_461.pdb BC A 11.9489 39.0484 1.28686 -7.86811 -4.86312 -19.5277 -0.665843 35.4704 -19.3237 6.07877 7.78032 4.01436 0 0 0 0.157004 1.44006 0.0273525 0 0 0 0 0.00715506 2.384 303 50 2 2 0
./complex_md-fit_462.pdb BC A 7.08877 30.1372 0.320716 -6.86901 -7.3187 -19.018 -0.703413 35.9705 -18.6351 6.15153 8.58523 2.10763 0 0 0 0.0435509 1.39311 0 0 0 0 0 0.00657706 2.384 303 50 1 1 0
./complex_md-fit_463.pdb BC A 6.86823 32.4481 -4.18177 -8.20363 -9.14341 -19.281 -0.682261 35.7689 -19.0259 3.72558 8.99868 3.50653 0 0 0 0.113856 1.67515 0.0334617 0 0 0 0 0.00739123 2.384 303 55 1 1 0
./complex_md-fit_464.pdb BC A 7.20397 39.0294 -2.18501 -9.0327 -7.61707 -17.5199 -0.882594 32.2785 -16.9589 5.85076 7.65352 3.69166 0 0 0 0.363384 1.44164 -0.0184887 0 0 0 0 0.00676893 2.384 303 47 2 2 0
./complex_md-fit_465.pdb BC A 9.50779 34.4467 -5.24416 -9.19245 -7.65548 -18.7447 -0.532637 34.1068 -18.3637 3.20839 8.80274 2.76045 0 0 0 0.366531 2.15681 0 0 0 0 0 -2.22045e-16 2.384 303 49 0 0 0
./complex_md-fit_466.pdb BC A 7.04055 36.3351 -3.05254 -8.16515 -6.85812 -17.7939 -0.605966 32.4351 -17.674 3.4902 8.93955 3.01696 0 0 0 0.133117 1.6013 0.0296968 0 0 0 0 0 2.384 303 50 0 0 0
./complex_md-fit_467.pdb BC A 7.96673 27.4182 -5.11436 -9.56834 -7.45281 -18.6847 -0.599775 34.715 -18.5676 3.71756 8.59595 2.28743 0 0 0 0.420961 1.30568 0.0147153 0 0 0 0 0.00723072 2.384 303 49 0 0 0
./complex_md-fit_468.pdb BC A 7.28053 35.2722 -2.11907 -7.64899 -6.40712 -16.2728 -0.71613 31.0901 -15.7659 3.27489 7.5829 2.18059 0 0 0 0.563438 1.40455 0 0 0 0 0 0 2.384 303 48 0 0 0
./complex_md-fit_469.pdb BC A 7.04613 33.7151 0.0836648 -6.48418 -6.11017 -16.9996 -0.660122 30.3671 -16.8332 5.75033 7.85741 3.14599 0 0 0 0.047429 1.67124 0.00269139 0 0 0 0 0 2.384 303 49 2 2 0
./complex_md-fit_46.pdb BC A 7.47696 28.72 -7.11112 -4.19475 -4.59549 -19.578 -0.70598 30.3142 -21.3616 4.10441 6.19767 2.23366 0 0 0 0.474772 2.06264 0 0 0 0 0 0 2.384 303 53 0 0 0
./complex_md-fit_470.pdb BC A 11.373 28.7334 -7.58253 -10.1744 -8.7371 -17.9309 -0.621148 32.3687 -17.2884 2.40478 8.92155 3.01158 0 0 0 0.450534 1.69141 0 0 0 0 0 0.0122382 2.384 303 52 0 0 0
./complex_md-fit_471.pdb BC A 8.42647 33.8871 -9.77081 -9.04306 -9.76595 -19.6703 -0.553117 34.0026 -19.9907 2.8847 8.63604 3.36522 0 0 0 0.343883 2.51117 0.0198486 0 0 0 0 0 2.384 303 50 0 0 0
./complex_md-fit_472.pdb BC A 7.01346 32.6805 -0.952288 -7.00888 -6.52776 -17.61 -0.592104 31.6131 -17.4145 5.54158 7.1154 3.58269 0 0 0 0.313067 1.53211 0.0261554 0 0 0 0 0.00896846 2.384 303 47 0 0 0
./complex_md-fit_473.pdb BC A 8.04735 31.0479 0.058368 -6.5895 -6.96285 -17.579 -0.689979 32.8009 -16.5974 4.79973 7.30079 3.08472 0 0 0 0.446508 1.58715 0.0373384 0 0 0 0 0.00711734 2.384 303 50 2 2 0
./complex_md-fit_474.pdb BC A 5.97477 28.3337 -7.9633 -8.72455 -7.69889 -19.2185 -0.642234 32.9497 -19.2615 4.2743 8.27747 2.01393 0 0 0 0.0581306 1.29377 0 0 0 0 0 0.00886409 2.384 303 51 1 1 0
./complex_md-fit_475.pdb BC A 5.69143 27.3226 -6.29222 -7.48197 -8.74558 -19.0958 -0.678861 33.877 -19.0937 2.14746 10.0353 2.31595 0 0 0 0.421319 1.43404 0 0 0 0 0 0.00678135 2.384 303 52 0 0 0
./complex_md-fit_476.pdb BC A 6.50428 31.9662 -4.4464 -9.71364 -7.55445 -18.95 -0.763919 34.8898 -18.7514 4.04967 9.12351 2.78859 0 0 0 0.42897 1.37855 0 0 0 0 0 0.00644811 2.384 303 48 1 1 0
./complex_md-fit_477.pdb BC A 6.85942 44.4746 -5.74836 -9.363 -7.55246 -18.7141 -0.575916 33.1754 -18.5917 3.83734 7.94509 3.63245 0 0 0 0.425985 1.62094 0.0276532 0 0 0 0 0.00485011 2.384 303 51 1 1 0
./complex_md-fit_478.pdb BC A 8.38127 35.9194 -1.65244 -7.53723 -5.95586 -17.7996 -0.851879 33.2423 -17.5172 4.70211 6.87817 2.66082 0 0 0 0.525947 1.69482 -5.55112e-17 0 0 0 0 0 2.384 303 48 1 1 0
./complex_md-fit_479.pdb BC A 6.84172 32.1912 -1.79874 -7.7904 -4.59406 -17.0299 -0.546425 31.4273 -16.4783 4.86244 6.2793 1.74132 0 0 0 0.344909 1.39709 -0.0149468 0 0 0 0 0 2.384 303 49 1 1 0
./complex_md-fit_47.pdb BC A 7.56986 30.1424 -11.6751 -6.60812 -6.46242 -19.0759 -0.846833 30.1241 -20.1918 3.16748 6.09073 1.80904 0 0 0 0.300866 1.74083 -2.77556e-17 0 0 0 0 0.0177447 2.384 303 49 0 0 0
./complex_md-fit_480.pdb BC A 7.56345 31.7861 -2.71652 -6.19219 -6.99132 -18.1613 -0.735067 33.7799 -17.5021 3.87574 6.1298 2.6271 0 0 0 0.445769 1.56422 0 0 0 0 0 0.00713154 2.384 303 48 1 1 0
./complex_md-fit_481.pdb BC A 8.34326 33.4019 -3.44108 -8.47058 -6.1476 -19.4449 -0.51421 35.3753 -18.9096 3.23778 8.71025 2.32876 0 0 0 0.386853 1.68328 0 0 0 0 0 0.00691021 2.384 303 53 0 0 0
./complex_md-fit_482.pdb BC A 7.44438 31.1424 -5.36938 -8.06002 -7.41815 -20.4444 -0.429199 36.6105 -20.3876 4.3828 7.39273 2.35869 0 0 0 0.60796 1.96511 0 0 0 0 0 0.0172867 2.384 303 51 0 0 0
./complex_md-fit_483.pdb BC A 9.12386 30.6071 -3.44487 -8.4866 -7.78124 -20.2274 -0.620783 35.8067 -20.0107 5.97898 7.83588 3.41128 0 0 0 0.647655 1.77289 -0.00658543 0 0 0 0 0.00794931 2.384 303 50 1 1 0
./complex_md-fit_484.pdb BC A 9.61311 34.0699 -5.00247 -8.21517 -8.50756 -19.1901 -0.694014 36.1366 -18.3236 3.4796 8.21908 2.01863 0 0 0 0.0740366 2.31037 0 0 0 0 0 0 2.384 303 50 0 0 0
./complex_md-fit_485.pdb BC A 9.59926 38.3389 -5.12517 -8.98552 -7.62518 -19.9736 -0.629467 35.4219 -19.5952 5.32934 7.59774 2.55091 0 0 0 0.783933 1.39325 0 0 0 0 0 0 2.384 303 49 2 2 0
./complex_md-fit_486.pdb BC A 9.23817 35.2845 -6.81242 -8.7276 -9.16522 -18.6961 -0.657001 33.2278 -18.1432 4.71815 7.69062 2.54286 0 0 0 0.416168 1.33588 -0.0188769 0 0 0 0 0 2.384 303 47 2 2 0
./complex_md-fit_487.pdb BC A 7.42819 40.6031 -6.49243 -6.67204 -9.02871 -18.4648 -0.543154 32.4243 -18.0279 2.97435 7.62857 2.38756 0 0 0 0.82937 3.00025 0 0 0 0 0 0 2.384 303 46 1 1 0
./complex_md-fit_488.pdb BC A 7.63165 34.1723 -4.50146 -8.92865 -7.74737 -20.4456 -0.598236 37.9518 -19.7254 4.06631 8.33681 1.6447 0 0 0 0.896685 2.85468 0.039524 0 0 0 0 0.00801362 2.384 303 49 0 0 0
./complex_md-fit_489.pdb BC A 8.28147 30.8633 -3.9069 -8.36304 -7.05955 -19.8679 -0.650185 37.6492 -18.4735 3.05892 7.64876 1.81393 0 0 0 0.330855 1.46797 0.00557904 0 0 0 0 0 2.384 303 50 0 0 0
./complex_md-fit_48.pdb BC A 6.70632 32.8613 -8.65767 -6.48529 -6.656 -19.3765 -0.655908 29.8686 -20.7695 6.00841 6.44685 2.54716 0 0 0 0.371875 2.43852 0.0394883 0 0 0 0 0.00310028 2.384 303 49 2 2 0
./complex_md-fit_490.pdb BC A 6.04595 27.0672 -2.90557 -6.88824 -7.09109 -19.2976 -0.53769 34.8516 -19.0416 4.59036 8.14665 2.13065 0 0 0 0.246651 1.52248 -0.0153028 0 0 0 0 0 2.384 303 52 1 1 0
./complex_md-fit_491.pdb BC A 8.844 31.5151 -5.04784 -8.00273 -7.39158 -20.4786 -0.589272 34.7889 -20.9235 5.01464 8.62327 3.68554 0 0 0 0.218566 1.51834 1.11022e-16 0 0 0 0 0.0069059 2.384 303 51 0 0 0
./complex_md-fit_492.pdb BC A 7.75111 38.2887 -5.16045 -6.89613 -6.33568 -20.7906 -0.531014 36.6245 -20.6886 3.11881 7.7738 2.05329 0 0 0 0.516369 1.80467 -0.00983564 0 0 0 0 0.00461511 2.384 303 50 0 0 0
./complex_md-fit_493.pdb BC A 7.53754 31.3707 -3.26653 -6.53382 -4.8783 -20.8243 -0.722847 38.0556 -20.7905 2.76186 6.87584 2.36945 0 0 0 0.434901 1.36365 -0.0143919 0 0 0 0 0 2.384 303 52 0 0 0
./complex_md-fit_494.pdb BC A 7.6788 32.8505 -5.57411 -6.89178 -6.42705 -20.9092 -0.559337 38.2974 -20.97 1.62862 7.67672 2.3073 0 0 0 0.249993 2.68078 0.0231295 0 0 0 0 0 2.384 303 51 0 0 0
./complex_md-fit_495.pdb BC A 12.913 36.8218 -8.6397 -8.97079 -9.56493 -20.505 -0.6118 36.5213 -20.5775 3.50786 9.20171 1.77231 0 0 0 0.580469 1.53657 0 0 0 0 0 0.00656464 2.384 303 49 1 1 0
./complex_md-fit_496.pdb BC A 5.4126 32.1114 -5.60716 -8.53783 -9.64977 -19.4895 -0.594514 34.7758 -19.0381 4.0846 8.53791 3.31941 0 0 0 1.01594 1.97788 -0.0311129 0 0 0 0 0 2.384 303 50 1 1 0
./complex_md-fit_497.pdb BC A 9.24308 31.8622 -0.0485112 -6.29923 -5.47845 -18.6559 -0.595608 35.8983 -17.9835 4.65168 6.15407 1.79084 0 0 0 0.498364 1.99406 -0.0291249 0 0 0 0 0 2.384 303 45 0 0 0
./complex_md-fit_498.pdb BC A 7.91809 30.6012 2.94084 -6.18539 -5.02677 -18.8872 -0.388621 34.9779 -17.9813 5.32323 7.57629 3.13559 0 0 0 0.397051 1.57455 0 0 0 0 0 0 2.384 303 43 1 1 0
./complex_md-fit_499.pdb BC A 7.03287 27.0204 -1.56628 -5.67272 -6.80868 -18.9345 -0.619118 34.2226 -18.108 4.31323 7.38896 2.47397 0 0 0 0.171295 1.77529 0 0 0 0 0 0.00672333 2.384 303 44 1 1 0
./complex_md-fit_49.pdb BC A 9.85907 34.5183 -8.73904 -5.21227 -5.52205 -19.5391 -0.719705 32.3711 -20.4547 1.88709 5.50394 2.6914 0 0 0 0.220433 2.12651 0.0342036 0 0 0 0 0.00058931 2.384 303 46 0 0 0
./complex_md-fit_4.pdb BC A 6.81524 40.5568 -8.04844 -8.20566 -8.19348 -24.4608 -0.485794 42.0031 -24.5964 4.58476 7.31783 3.39854 0 0 0 0.587645 2.29797 -0.0239975 0 0 0 0 0.0259089 2.384 303 51 1 1 0
./complex_md-fit_500.pdb BC A 8.42577 24.1227 -5.58209 -9.75841 -8.78046 -20.6689 -0.775512 38.0329 -19.8774 5.45521 8.3104 2.04383 0 0 0 0.429606 1.75286 2.77556e-17 0 0 0 0 0.00655201 2.384 303 47 1 1 0
./complex_md-fit_501.pdb BC A 7.64545 31.1344 -3.04841 -6.4129 -5.0365 -18.544 -0.569551 33.9356 -18.9216 4.40116 5.10671 2.80832 0 0 0 0.178129 1.7251 0 0 0 0 0 0.00615304 2.384 303 48 0 0 0
./complex_md-fit_502.pdb BC A 9.45915 35.8951 -6.8042 -7.04921 -8.21332 -19.3742 -0.524497 35.0474 -18.9727 2.16399 6.78001 2.84698 0 0 0 0.491269 2.30454 0 0 0 0 0 0 2.384 303 47 0 0 0
./complex_md-fit_503.pdb BC A 8.77902 31.2104 -7.52206 -8.03059 -8.70801 -19.3668 -0.599453 34.7997 -18.6383 2.92121 7.0488 2.63626 0 0 0 0.408605 2.97445 0 0 0 0 0 0.00647713 2.384 303 45 0 0 0
./complex_md-fit_504.pdb BC A 7.17268 31.4938 -2.73374 -8.01811 -7.15324 -21.3098 -0.54685 39.5327 -20.743 5.49485 7.6255 2.23141 0 0 0 0.114469 2.73567 0.0304241 0 0 0 0 0.0078789 2.384 303 48 1 1 0
./complex_md-fit_505.pdb BC A 7.34708 40.3365 0.645302 -7.97614 -7.39035 -20.4287 -0.579015 38.7753 -19.4519 6.60615 7.57455 2.37384 0 0 0 1.14152 2.92507 0 0 0 0 0 0 2.384 303 47 1 1 0
./complex_md-fit_506.pdb BC A 10.0683 34.1054 -2.78702 -7.27596 -7.17076 -19.5857 -0.537655 36.5144 -18.8759 3.48543 7.95421 2.39001 0 0 0 0.308696 2.22139 0 0 0 0 0 0.00621354 2.384 303 46 1 1 0
./complex_md-fit_507.pdb BC A 10.0106 35.9805 -1.79171 -7.76212 -6.13391 -20.0491 -0.596316 37.6638 -19.3146 4.2402 7.61158 2.28085 0 0 0 0.263094 1.64542 0 0 0 0 0 0.00471155 2.384 303 47 1 1 0
./complex_md-fit_508.pdb BC A 6.66062 40.5203 -2.2368 -8.02779 -8.37305 -21.1666 -0.729535 40.4323 -20.0495 5.46579 7.38871 2.22451 0 0 0 0.59834 2.57274 1.73472e-17 0 0 0 0 0 2.384 303 50 0 0 0
./complex_md-fit_509.pdb BC A 7.68913 33.4282 -2.57343 -7.37232 -6.7089 -19.7921 -0.499951 37.5506 -19.0231 2.52827 7.79821 2.66224 0 0 0 0.304306 2.90542 -0.025689 0 0 0 0 0.00499737 2.384 303 50 0 0 0
./complex_md-fit_50.pdb BC A 6.37674 33.1855 -2.21815 -2.56173 -5.07344 -18.893 -0.491891 31.3558 -19.0565 5.34835 4.96483 2.06926 0 0 0 0.0722845 2.0168 0.0348389 0 0 0 0 0.013017 2.384 303 47 0 0 0
./complex_md-fit_510.pdb BC A 8.64018 38.5551 -7.64817 -8.30943 -9.89644 -20.4909 -0.618849 37.2912 -19.7816 3.1085 8.3031 2.43512 0 0 0 0.320067 1.69819 -0.0169644 0 0 0 0 0.00798805 2.384 303 48 0 0 0
./complex_md-fit_511.pdb BC A 9.48707 29.5033 -3.85634 -8.4548 -8.01029 -18.0757 -0.615238 33.1711 -16.9907 4.06708 7.86857 2.92178 0 0 0 0.26187 1.36421 2.77556e-17 0 0 0 0 0 2.384 303 50 1 1 0
./complex_md-fit_512.pdb BC A 8.90094 33.458 -2.21849 -4.59167 -6.41536 -19.6649 -0.515118 36.6966 -19.1863 3.87697 6.36454 1.09194 0 0 0 0.0912043 2.75708 0.0267589 0 0 0 0 0.00682021 2.384 303 47 2 2 0
./complex_md-fit_513.pdb BC A 9.80253 37.2107 -2.11904 -6.90925 -6.98692 -20.6501 -0.670139 37.7869 -19.8697 4.63706 7.51319 2.40518 0 0 0 0.617095 1.76195 0 0 0 0 0 0.00764829 2.384 303 46 1 1 0
./complex_md-fit_514.pdb BC A 7.65677 24.5963 -4.41571 -7.42814 -8.64992 -20.5463 -0.634593 38.3953 -19.989 4.53177 7.35941 2.27144 0 0 0 0.301193 1.76284 -0.0268737 0 0 0 0 0 2.384 303 48 1 1 0
./complex_md-fit_515.pdb BC A 7.36936 30.1667 -5.72906 -8.89596 -9.49957 -19.5176 -0.715433 36.0842 -18.7743 5.14816 7.61698 2.34324 0 0 0 0.483053 1.80771 -0.00944478 0 0 0 0 0.0076422 2.384 303 49 2 2 0
./complex_md-fit_516.pdb BC A 8.23728 35.9333 -4.49239 -6.6405 -8.63557 -19.9884 -0.780743 36.7874 -19.225 4.67227 6.98617 2.12599 0 0 0 0.197966 2.00253 -5.55112e-17 0 0 0 0 0.00809743 2.384 303 47 0 0 0
./complex_md-fit_517.pdb BC A 5.48081 28.808 -4.97669 -7.99238 -7.29079 -20.3944 -0.570915 36.9451 -19.6831 3.792 7.71364 1.82371 0 0 0 0.673182 1.9424 0 0 0 0 0 0.00732312 2.384 303 47 0 0 0
./complex_md-fit_518.pdb BC A 6.69102 32.3955 -3.09533 -7.30005 -8.12604 -19.8972 -0.543736 35.6716 -18.8384 4.37323 7.9914 2.54261 0 0 0 1.02871 1.41955 -0.00576134 0 0 0 0 0.00839398 2.384 303 47 1 1 0
./complex_md-fit_519.pdb BC A 8.00908 33.2721 -3.33053 -8.02882 -7.94945 -20.5338 -0.589742 37.8243 -20.0736 3.42686 8.70639 2.73381 0 0 0 1.15351 1.79731 0 0 0 0 0 0 2.384 303 45 0 0 0
./complex_md-fit_51.pdb BC A 7.32049 31.3957 -4.71369 -4.7579 -4.87883 -20.2679 -0.662795 33.5188 -20.3754 6.19204 4.40107 1.82589 0 0 0 0.278906 2.28188 0 0 0 0 0 0.0124511 2.384 303 48 1 1 0
./complex_md-fit_520.pdb BC A 9.84175 34.4342 -4.02224 -6.61001 -7.66685 -20.5719 -0.372716 38.1616 -19.959 3.87384 7.59724 1.05848 0 0 0 0.440664 2.10471 0.0181344 0 0 0 0 0.00829561 2.384 303 49 0 0 0
./complex_md-fit_521.pdb BC A 10.008 27.2021 -5.60798 -7.93612 -8.48932 -20.8206 -0.628497 37.8706 -20.6082 4.08599 9.11188 1.58193 0 0 0 0.219719 1.76262 -0.00282737 0 0 0 0 0.00743723 2.384 303 50 1 1 0
./complex_md-fit_522.pdb BC A 10.4558 28.0129 -4.28346 -8.06355 -7.69417 -20.408 -0.64937 37.0709 -19.7439 4.60961 8.24719 1.96505 0 0 0 0.375941 1.86844 1.11022e-16 0 0 0 0 0.0067972 2.384 303 50 0 0 0
./complex_md-fit_523.pdb BC A 6.5582 26.8134 -3.07545 -7.14241 -7.91683 -19.2666 -0.617411 35.3196 -19.0739 2.60274 9.39168 3.06382 0 0 0 0.563796 2.66649 5.55112e-17 0 0 0 0 0 2.384 303 47 0 0 0
./complex_md-fit_524.pdb BC A 12.5795 36.9656 -1.79797 -8.04426 -7.09284 -18.8684 -0.627006 33.5572 -18.5027 5.66229 8.12722 3.44391 0 0 0 0.52272 1.36199 0.0237674 0 0 0 0 0 2.384 303 48 2 2 0
./complex_md-fit_525.pdb BC A 8.17556 34.928 3.45815 -5.29487 -6.26594 -19.2436 -0.433764 37.5432 -18.6203 6.25058 7.02795 1.88736 0 0 0 0.61665 2.29979 -0.00910109 0 0 0 0 0 2.384 303 48 1 1 0
./complex_md-fit_526.pdb BC A 7.83159 35.3176 -7.54839 -8.47015 -8.30505 -17.7223 -0.643964 31.9562 -17.3422 3.24243 7.22901 2.04366 0 0 0 0.464035 1.37147 0 0 0 0 0 0 2.384 303 45 1 1 0
./complex_md-fit_527.pdb BC A 8.23155 29.6218 -1.74783 -7.89306 -7.33206 -18.4938 -0.578542 32.7017 -17.9327 5.40546 8.24547 3.71035 0 0 0 0.413516 1.61102 6.93889e-18 0 0 0 0 0.00585112 2.384 303 47 1 1 0
./complex_md-fit_528.pdb BC A 10.9252 35.1117 -6.7068 -7.9028 -7.16663 -17.2454 -0.441629 30.5206 -16.8592 2.53992 6.68776 2.47877 0 0 0 0.68183 1.30521 -5.55112e-17 0 0 0 0 0 2.384 303 49 0 0 0
./complex_md-fit_529.pdb BC A 9.70585 40.4937 -1.01582 -5.35478 -6.44236 -17.4471 -0.623141 31.4886 -16.5972 4.89872 7.20411 1.48602 0 0 0 0.36464 1.55411 0 0 0 0 0 0.00664487 2.384 303 49 0 0 0
./complex_md-fit_52.pdb BC A 9.28384 29.2328 -4.40313 -4.55304 -5.46844 -20.906 -0.585767 35.1569 -22.4981 6.89147 5.54001 1.8594 0 0 0 0.141958 2.42201 5.55112e-17 0 0 0 0 0.0185409 2.384 303 48 1 1 0
./complex_md-fit_530.pdb BC A 8.69789 30.6492 -3.00135 -5.72735 -6.76923 -18.0354 -0.614472 33.3293 -17.2327 3.18641 6.15361 2.39462 0 0 0 0.329237 1.42177 -0.0153495 0 0 0 0 0 2.384 303 48 2 2 0
./complex_md-fit_531.pdb BC A 9.28197 37.4085 2.60398 -5.51437 -5.64008 -17.4738 -0.627157 33.756 -16.5023 3.7228 7.02066 3.65462 0 0 0 0.200528 1.38399 0 0 0 0 0 0.00709298 2.384 303 49 0 0 0
./complex_md-fit_532.pdb BC A 8.13042 27.9523 2.11428 -4.97257 -6.10616 -17.3986 -0.498425 32.5512 -16.4256 6.0913 5.91389 2.54058 0 0 0 0.379426 2.76143 0.0330821 0 0 0 0 0.00609466 2.384 303 49 1 1 0
./complex_md-fit_533.pdb BC A 7.0481 28.1339 -4.58947 -9.36838 -7.45439 -18.8206 -0.574793 34.6597 -17.9669 4.49599 7.78814 2.30791 0 0 0 0.317919 2.70033 0.01808 0 0 0 0 0.00781108 2.384 303 52 1 1 0
./complex_md-fit_534.pdb BC A 8.24938 32.6034 -0.649782 -7.26526 -5.45725 -18.5299 -0.537112 34.5024 -17.6493 4.76752 7.18149 2.17375 0 0 0 0.155895 1.48969 0 0 0 0 0 0.00796328 2.384 303 50 1 1 0
./complex_md-fit_535.pdb BC A 5.47184 38.9087 -2.76662 -6.69254 -8.68639 -18.9864 -0.398642 33.3935 -17.9399 6.0639 7.83091 2.53868 0 0 0 0.102035 1.48508 0 0 0 0 0 0.00828343 2.384 303 49 0 0 0
./complex_md-fit_536.pdb BC A 6.33818 32.6207 0.263145 -5.48675 -6.3123 -17.2978 -0.337634 31.9882 -16.6252 4.82159 6.5154 2.74837 0 0 0 0.263192 1.74573 -0.0139223 0 0 0 0 0 2.384 303 48 0 0 0
./complex_md-fit_537.pdb BC A 6.21612 32.5666 -0.884152 -6.02998 -7.05403 -20.7553 -0.38626 39.3721 -19.7226 4.94623 6.67082 1.96135 0 0 0 0.128213 3.05759 -0.0146701 0 0 0 0 0 2.384 303 48 0 0 0
./complex_md-fit_538.pdb BC A 7.42932 38.5301 -0.00736785 -7.57057 -8.87396 -20.0419 -0.486827 37.952 -18.787 6.20938 8.53033 2.73026 0 0 0 0.325034 1.97457 0 0 0 0 0 0.005836 2.384 303 51 1 1 0
./complex_md-fit_539.pdb BC A 9.72453 26.6737 2.4012 -4.60956 -6.20522 -20.2131 -0.627069 37.5992 -19.3149 6.88276 6.35069 2.16246 0 0 0 0.386351 1.63921 -0.0104285 0 0 0 0 0 2.384 303 49 1 1 0
./complex_md-fit_53.pdb BC A 9.79811 26.8952 -6.91183 -6.61349 -7.33434 -22.2605 -0.685765 36.5522 -23.5349 6.65226 7.65718 2.34864 0 0 0 0.315638 2.19689 -0.0148349 0 0 0 0 0.0059723 2.384 303 48 4 4 0
./complex_md-fit_540.pdb BC A 7.52829 35.5595 -2.98397 -8.44894 -8.18784 -19.014 -0.509274 35.2986 -17.9932 6.14954 6.78482 2.30271 0 0 0 0.613303 2.55866 0.0203585 0 0 0 0 0 2.384 303 51 2 2 0
./complex_md-fit_541.pdb BC A 11.8097 30.3876 -1.94953 -7.97499 -7.48848 -20.7682 -0.587754 37.3867 -20.1631 6.74582 7.45131 3.00605 0 0 0 0.452825 1.88809 -0.00964583 0 0 0 0 0 2.384 303 49 1 1 0
./complex_md-fit_542.pdb BC A 6.79987 25.3958 -2.19459 -7.42113 -5.85576 -19.4196 -0.377171 35.6731 -18.6698 4.40329 6.96552 2.19751 0 0 0 0.321 2.2351 -0.0114864 0 0 0 0 0 2.384 303 48 1 1 0
./complex_md-fit_543.pdb BC A 6.58894 25.5715 -2.32021 -5.79399 -6.24169 -18.3944 -0.481576 33.4851 -17.9675 3.48695 6.99731 2.13438 0 0 0 0.466077 1.57539 -0.0109438 0 0 0 0 0 2.384 303 50 0 0 0
./complex_md-fit_544.pdb BC A 8.90163 31.3665 -2.71445 -6.95325 -8.43695 -20.2631 -0.415692 37.7483 -19.2631 5.19346 6.98788 2.13728 0 0 0 0.554969 1.98662 -0.0112997 0 0 0 0 0.00706686 2.384 303 50 1 1 0
./complex_md-fit_545.pdb BC A 6.06433 37.0976 -5.94744 -6.6672 -7.88846 -19.9123 -0.515337 36.3061 -19.3247 3.16782 7.12945 1.49063 0 0 0 0.250286 2.99112 0.0162318 0 0 0 0 0 2.384 303 50 0 0 0
./complex_md-fit_546.pdb BC A 7.10278 32.0467 -4.13099 -7.37649 -7.79313 -19.7708 -0.510209 35.9966 -18.6982 3.79767 7.18792 2.6842 0 0 0 0.354983 1.62566 -0.0107362 0 0 0 0 0.00716199 2.384 303 54 1 1 0
./complex_md-fit_547.pdb BC A 6.00886 34.959 -2.49054 -5.51502 -6.23058 -19.6892 -0.423794 35.8646 -18.7732 4.28207 6.14964 1.47137 0 0 0 0.387507 2.07487 -0.0139456 0 0 0 0 0 2.384 303 50 1 1 0
./complex_md-fit_548.pdb BC A 8.38265 37.2054 -2.0255 -7.28722 -6.40677 -19.0796 -0.489688 35.8676 -18.2226 4.62119 5.9511 2.76273 0 0 0 0.269566 3.06754 -0.0117469 0 0 0 0 0 2.384 303 49 1 1 0
./complex_md-fit_549.pdb BC A 10.6375 31.2659 -5.5814 -5.17445 -7.29187 -18.878 -0.455253 33.4101 -18.3818 4.17599 4.71886 1.759 0 0 0 0.542033 1.75172 -0.011113 0 0 0 0 0.00518804 2.384 303 47 0 0 0
./complex_md-fit_54.pdb BC A 6.99881 34.8594 -5.6284 -3.56092 -5.33199 -22.2393 -0.637675 35.981 -23.593 5.85357 5.29565 2.48658 0 0 0 0.0769741 2.17359 0.0216121 0 0 0 0 0.0191596 2.384 303 51 0 0 0
./complex_md-fit_550.pdb BC A 9.89448 40.9169 1.77166 -4.95816 -7.59014 -19.8754 -0.539536 37.608 -18.7494 5.92165 6.64316 2.77282 0 0 0 0.530609 1.56694 0 0 0 0 0 0.00806573 2.384 303 52 1 1 0
./complex_md-fit_551.pdb BC A 6.07407 32.5829 -4.27882 -7.12263 -8.40947 -22.2882 -0.46842 40.8702 -21.4796 4.74786 7.73431 2.03086 0 0 0 0.0989809 2.86079 0 0 0 0 0 0.00730044 2.384 303 52 0 0 0
./complex_md-fit_552.pdb BC A 6.5392 39.5554 -1.39607 -7.19815 -6.45786 -21.1031 -0.497714 38.5403 -20.7369 5.43171 7.40881 2.64699 0 0 0 0.574561 1.68889 -0.0118163 0 0 0 0 0.00711464 2.384 303 52 1 1 0
./complex_md-fit_553.pdb BC A 7.74565 36.2453 -1.57712 -6.46508 -6.80068 -20.4539 -0.411419 37.3379 -19.4551 5.48703 6.70918 2.25478 0 0 0 0.223601 2.10126 -0.0102216 0 0 0 0 0.00681489 2.384 303 50 1 1 0
./complex_md-fit_554.pdb BC A 7.74652 36.1381 -2.36222 -4.88609 -7.00663 -18.4425 -0.486186 33.7196 -17.4141 4.38131 5.59548 1.25671 0 0 0 0.924122 1.47297 -0.0107305 0 0 0 0 0.00685157 2.384 303 48 1 1 0
./complex_md-fit_555.pdb BC A 8.6623 34.733 5.91753 -4.93297 -5.13032 -18.2289 -0.429865 36.2081 -16.3235 5.59299 6.8497 1.82127 0 0 0 0.471628 2.62353 0 0 0 0 0 0.0194523 2.384 303 52 1 1 0
./complex_md-fit_556.pdb BC A 6.58102 29.9676 -2.87744 -6.43058 -8.90554 -18.2958 -0.397659 34.0741 -16.8988 4.89453 7.66782 1.25223 0 0 0 0.162252 1.50914 0 0 0 0 0 0 2.384 303 50 0 0 0
./complex_md-fit_557.pdb BC A 6.87118 32.1525 3.76393 -3.80183 -6.0831 -17.3225 -0.425773 34.1659 -15.6291 4.84425 6.25525 1.60276 0 0 0 0.153371 1.4733 0 0 0 0 0 0.00473685 2.384 303 51 0 0 0
./complex_md-fit_558.pdb BC A 6.73669 26.8895 7.33775 -3.97959 -5.39259 -17.2061 -0.40363 34.3858 -15.4014 6.46423 6.01628 2.71079 0 0 0 0.139005 2.66538 -5.55112e-17 0 0 0 0 0.00499507 2.384 303 48 1 1 0
./complex_md-fit_559.pdb BC A 8.88919 31.295 0.0627365 -6.53116 -10.3266 -20.1589 -0.60489 37.4589 -18.684 7.75095 8.51267 2.07954 0 0 0 0.541256 1.68231 0.0232519 0 0 0 0 0.00172018 2.384 303 49 2 2 0
./complex_md-fit_55.pdb BC A 6.38612 34.7749 -6.82385 -5.96056 -6.5012 -21.1973 -0.74797 35.6021 -21.3644 4.87493 5.5917 2.23534 0 0 0 0.651622 2.01564 -0.0261239 0 0 0 0 0.0180732 2.384 303 53 2 2 0
./complex_md-fit_560.pdb BC A 6.30229 34.9355 -2.27496 -6.94858 -8.76043 -18.5533 -0.556533 35.0077 -17.002 4.13369 7.71532 2.22101 0 0 0 0.468157 2.70792 0 0 0 0 0 0 2.384 303 52 0 0 0
./complex_md-fit_561.pdb BC A 5.79809 33.4797 2.84452 -5.8103 -6.83991 -18.8596 -0.420816 35.3962 -17.6042 7.35362 6.67534 2.44036 0 0 0 0.481907 2.88094 0.0319271 0 0 0 0 0 2.384 303 49 2 2 0
./complex_md-fit_562.pdb BC A 7.63213 34.3417 -3.04703 -7.96665 -5.09682 -18.1689 -0.402995 33.4303 -17.2743 4.59191 5.75993 1.62437 0 0 0 0.456127 1.49121 0 0 0 0 0 0 2.384 303 49 0 0 0
./complex_md-fit_563.pdb BC A 7.64234 34.5359 4.48825 -7.24755 -8.46757 -21.6638 -0.492941 40.1397 -20.9348 11.1878 8.73318 2.69888 0 0 0 0.515568 2.79357 0.0198782 0 0 0 0 0 2.384 303 47 2 2 0
./complex_md-fit_564.pdb BC A 6.74725 31.7922 -0.821476 -8.06082 -7.85926 -20.5411 -0.273391 39.1278 -19.1951 5.05812 8.14418 2.59813 0 0 0 0.180039 1.5657 1.11022e-16 0 0 0 0 0 2.384 303 52 0 0 0
./complex_md-fit_565.pdb BC A 7.47232 31.9401 -6.28299 -8.13798 -11.5781 -20.6874 -0.704705 37.4019 -19.851 4.97328 8.55008 2.90724 0 0 0 0.843684 3.06217 -1.38778e-17 0 0 0 0 0 2.384 303 49 1 1 0
./complex_md-fit_566.pdb BC A 8.31611 28.4327 -0.236433 -7.42163 -9.63878 -20.2515 -0.578341 37.0969 -19.4333 7.83226 9.82869 2.15496 0 0 0 0.167034 2.89421 2.77556e-17 0 0 0 0 0.00729949 2.384 303 49 2 2 0
./complex_md-fit_567.pdb BC A 11.4341 31.985 -3.83205 -7.44088 -8.79872 -21.0212 -0.684509 37.7232 -20.5854 6.49255 8.04022 2.10908 0 0 0 0.289939 2.10101 0.0353812 0 0 0 0 0.00827829 2.384 303 52 0 0 0
./complex_md-fit_568.pdb BC A 7.65321 31.7246 -6.98016 -9.20429 -10.251 -21.2558 -0.687004 38.2123 -20.4082 4.95333 9.30713 1.90638 0 0 0 0.447056 2.29284 0 0 0 0 0 0 2.384 303 53 2 2 0
./complex_md-fit_569.pdb BC A 6.91077 35.8928 -8.03863 -9.0343 -9.67916 -20.9787 -0.671906 38.8701 -20.1727 3.60554 7.72314 1.62048 0 0 0 0.615271 3.05574 0.0347807 0 0 0 0 0.0288688 2.384 303 53 0 0 0
./complex_md-fit_56.pdb BC A 7.14989 23.2706 -6.47356 -4.73063 -3.72807 -19.9491 -0.532219 32.4029 -21.2545 2.6117 5.09532 3.24842 0 0 0 0.34377 2.24543 -2.77556e-17 0 0 0 0 0.0187997 2.384 303 54 0 0 0
./complex_md-fit_570.pdb BC A 6.17296 27.8906 0.379583 -5.93151 -7.05843 -18.8378 -0.569292 34.4901 -18.3622 5.54899 8.92107 2.03062 0 0 0 0.141825 1.56297 0 0 0 0 0 0.00621301 2.384 303 49 1 1 0
./complex_md-fit_571.pdb BC A 9.94015 38.2079 -2.35059 -8.8251 -6.27948 -17.8813 -0.573215 32.3007 -17.2628 5.81181 7.08018 2.62101 0 0 0 0.657577 1.13996 0 0 0 0 0 0 2.384 303 52 0 0 0
./complex_md-fit_572.pdb BC A 8.68619 30.41 -6.28294 -10.6281 -9.38932 -18.7287 -0.672854 32.8571 -18.2111 6.96941 9.14741 2.2085 0 0 0 0.164664 2.00749 0 0 0 0 0 0 2.384 303 50 2 2 0
./complex_md-fit_573.pdb BC A 8.80558 30.1335 -6.38592 -9.62905 -10.1674 -18.7632 -0.705824 35.4552 -17.5592 3.92898 8.40378 2.50594 0 0 0 0.13605 1.53818 0 0 0 0 0 0.00880858 2.384 303 50 0 0 0
./complex_md-fit_574.pdb BC A 8.05991 25.1083 -2.42216 -7.79754 -8.75691 -19.8318 -0.680653 36.034 -18.9889 6.61853 8.27285 2.41693 0 0 0 0.256784 1.54072 0.0345236 0 0 0 0 0 2.384 303 52 2 2 0
./complex_md-fit_575.pdb BC A 7.4759 35.5811 -5.85326 -9.45058 -10.1837 -18.1755 -0.700787 33.6327 -17.075 5.03538 8.15725 2.55643 0 0 0 0.350592 1.43939 1.11022e-16 0 0 0 0 0 2.384 303 52 0 0 0
./complex_md-fit_576.pdb BC A 6.46283 35.4664 -0.495783 -8.08321 -8.03735 -18.1322 -0.71008 33.8611 -17.0797 7.63909 7.68144 1.83272 0 0 0 0.535257 1.46851 -0.00281922 0 0 0 0 0 2.384 303 49 2 2 0
./complex_md-fit_577.pdb BC A 11.6755 38.2092 -1.16157 -7.99043 -8.62097 -18.8068 -0.413913 34.7667 -17.5975 7.70454 7.58246 2.11856 0 0 0 0.0910844 1.46867 0.00474863 0 0 0 0 0 2.384 303 51 1 1 0
./complex_md-fit_578.pdb BC A 6.80786 36.2702 -4.37986 -10.1257 -9.836 -17.9414 -0.589704 33.6877 -16.7578 4.47651 9.84633 2.71482 0 0 0 0.136976 1.28128 2.77556e-17 0 0 0 0 0.00841741 2.384 303 51 1 1 0
./complex_md-fit_579.pdb BC A 6.30579 40.7202 -2.0703 -9.48104 -9.74557 -19.2245 -0.428227 37.0451 -17.5821 5.60616 8.76475 2.57693 0 0 0 0.398211 3.83778 0 0 0 0 0 0 2.384 303 48 1 1 0
./complex_md-fit_57.pdb BC A 8.81405 27.9856 -2.97105 -4.65502 -3.75655 -20.4 -0.488001 34.8499 -21.5983 4.091 5.30657 2.81605 0 0 0 0.838479 2.30501 0.024787 0 0 0 0 0 2.384 303 51 2 2 0
./complex_md-fit_580.pdb BC A 12.532 31.7423 -3.73398 -7.84112 -8.65202 -19.4612 -0.560706 35.7605 -18.6751 4.71118 8.70385 1.85455 0 0 0 0.421522 1.84493 0 0 0 0 0 0.00456511 2.384 303 51 1 1 0
./complex_md-fit_581.pdb BC A 8.05641 36.5664 -3.93296 -9.1463 -7.50037 -19.4149 -0.439236 36.8331 -18.3388 3.40726 7.84291 2.33601 0 0 0 0.478732 3.23867 -2.77556e-17 0 0 0 0 0.00864368 2.384 303 53 0 0 0
./complex_md-fit_582.pdb BC A 8.21062 31.8019 -2.30985 -8.64442 -8.13878 -18.524 -0.613082 35.2978 -17.4505 5.54261 7.256 2.56782 0 0 0 0.396654 1.64977 0 0 0 0 0 0 2.384 303 51 2 2 0
./complex_md-fit_583.pdb BC A 6.46578 24.9902 -1.75998 -8.82031 -7.64396 -18.6299 -0.56369 35.4265 -17.508 5.17224 8.94425 1.65047 0 0 0 0.20666 1.79344 0 0 0 0 0 0.00582327 2.384 303 49 1 1 0
./complex_md-fit_584.pdb BC A 8.11582 30.4767 -1.40289 -6.75232 -6.49206 -18.8097 -0.630684 34.7341 -17.9659 5.26424 6.80684 2.39823 0 0 0 0.0443091 1.63873 0 0 0 0 0 0 2.384 303 51 0 0 0
./complex_md-fit_585.pdb BC A 8.70963 27.5736 -1.89711 -8.6327 -6.15508 -19.396 -0.716175 35.7393 -18.7558 5.24176 7.93675 2.49942 0 0 0 0.33516 1.63942 0 0 0 0 0 0.00618646 2.384 303 51 0 0 0
./complex_md-fit_586.pdb BC A 7.94247 29.6341 -4.35511 -8.76093 -8.34071 -18.2029 -0.671879 33.2695 -17.4434 4.81144 9.03639 1.83076 0 0 0 0.10927 1.58026 1.11022e-16 0 0 0 0 0.00736689 2.384 303 51 0 0 0
./complex_md-fit_587.pdb BC A 8.7846 34.9827 0.606255 -6.25398 -6.0019 -18.4774 -0.597877 34.9804 -17.491 5.37665 6.34308 2.34891 0 0 0 0.379397 2.68341 0 0 0 0 0 0 2.384 303 53 1 1 0
./complex_md-fit_588.pdb BC A 5.62633 32.2154 0.488877 -6.79345 -5.98114 -17.5981 -0.650108 32.5423 -16.8187 5.72401 7.57037 2.04061 0 0 0 0.462401 1.3558 -0.00933426 0 0 0 0 0 2.384 303 50 1 1 0
./complex_md-fit_589.pdb BC A 6.63016 34.057 -2.58852 -7.65535 -5.47192 -18.7223 -0.511697 33.9138 -17.9396 4.56141 6.38362 2.52028 0 0 0 0.33322 1.59128 0 0 0 0 0 0 2.384 303 48 0 0 0
./complex_md-fit_58.pdb BC A 9.80409 33.8268 -4.28868 -3.80651 -3.29573 -20.453 -0.86229 35.0861 -21.0468 2.47378 5.40864 1.78927 0 0 0 0.400323 2.22635 0 0 0 0 0 0.0176213 2.384 303 51 0 0 0
./complex_md-fit_590.pdb BC A 6.48931 32.4818 0.473421 -7.76566 -7.22331 -19.0905 -0.646248 35.8766 -18.4942 5.57888 9.13018 2.57563 0 0 0 0.525173 2.09073 0 0 0 0 0 0.00682547 2.384 303 54 1 1 0
./complex_md-fit_591.pdb BC A 6.65759 31.6295 -0.735975 -7.88135 -5.96661 -19.5205 -0.623717 36.1672 -19.1144 6.56285 7.17797 1.94345 0 0 0 0.5191 2.71342 -5.55112e-17 0 0 0 0 0 2.384 303 53 1 1 0
./complex_md-fit_592.pdb BC A 8.37411 38.6979 0.0205457 -7.89359 -7.86875 -19.3957 -0.698902 35.1256 -18.6065 6.72725 9.1095 2.95501 0 0 0 0.566603 2.75971 0 0 0 0 0 0 2.384 303 54 2 2 0
./complex_md-fit_593.pdb BC A 5.77101 36.1779 -1.96373 -8.14714 -7.44031 -19.4307 -0.592522 36.2295 -18.8157 4.81991 8.97642 2.01209 0 0 0 0.418156 1.62084 0 0 0 0 0 0.00655246 2.384 303 54 0 0 0
./complex_md-fit_594.pdb BC A 8.04316 32.3069 -4.58196 -8.17289 -7.1644 -19.47 -0.541969 34.2645 -19.2059 4.38222 8.76934 2.45274 0 0 0 0.0918512 2.30176 0 0 0 0 0 0.0125331 2.384 303 50 1 1 0
./complex_md-fit_595.pdb BC A 6.83709 32.6422 -3.05598 -6.34592 -6.10392 -18.7452 -0.590423 33.4234 -18.1232 4.57945 7.38592 1.18373 0 0 0 0.271976 1.75319 0 0 0 0 0 0.00816057 2.384 303 52 1 1 0
./complex_md-fit_596.pdb BC A 7.47359 31.579 -3.70449 -7.78811 -7.33373 -17.4138 -0.689825 30.8591 -17.6304 5.14474 8.52815 2.37874 0 0 0 0.240585 1.50829 0 0 0 0 0 0 2.384 303 46 2 2 0
./complex_md-fit_597.pdb BC A 9.71598 34.0474 -2.67195 -6.98294 -7.30597 -18.8404 -0.593022 32.7421 -18.4593 4.7834 8.37663 3.05205 0 0 0 0.55554 1.63854 0 0 0 0 0 0 2.384 303 54 1 1 0
./complex_md-fit_598.pdb BC A 9.02525 33.4336 -2.18584 -7.5404 -4.35179 -17.4283 -0.53946 32.8306 -16.6615 1.97445 7.27907 1.93131 0 0 0 0.281622 1.26228 0.0385802 0 0 0 0 0 2.384 303 51 0 0 0
./complex_md-fit_599.pdb BC A 8.5924 34.1276 -4.21958 -8.75249 -7.89654 -20.0033 -0.735391 36.5836 -19.2986 5.32522 7.59323 2.61565 0 0 0 0.309089 2.26131 0.0312157 0 0 0 0 0.00875464 2.384 303 53 0 0 0
./complex_md-fit_59.pdb BC A 7.05779 32.229 -6.89489 -4.36848 -3.71538 -18.5347 -0.55459 29.1888 -20.3772 3.9941 4.85167 2.08277 0 0 0 0.53001 2.06095 0 0 0 0 0 0.00811805 2.384 303 49 1 1 0
./complex_md-fit_5.pdb BC A 8.61014 31.4398 -6.39045 -7.89612 -8.76997 -25.0273 -0.52943 44.0532 -24.6244 5.21345 8.06144 2.8296 0 0 0 0.295172 2.43466 -0.0217213 0 0 0 0 0.0256758 2.384 303 53 1 1 0
./complex_md-fit_600.pdb BC A 6.76366 33.4495 -0.629986 -7.13752 -6.09793 -17.2968 -0.68075 32.2517 -16.6521 5.37046 6.92062 2.22993 0 0 0 0.462298 1.75748 -1.11022e-16 0 0 0 0 0 2.384 303 46 0 0 0
./complex_md-fit_601.pdb BC A 6.34816 32.1432 -4.92558 -7.25139 -6.14397 -20.1381 -0.686146 35.7773 -19.737 4.05586 6.83913 1.7175 0 0 0 0.641175 3.36362 2.22045e-16 0 0 0 0 0 2.384 303 52 1 1 0
./complex_md-fit_602.pdb BC A 6.81488 30.0726 2.28827 -5.68378 -5.21434 -18.8808 -0.720342 36.4421 -17.9919 5.97854 6.24964 2.02895 0 0 0 0.0446353 1.4434 0.0355546 0 0 0 0 0 2.384 303 52 1 1 0
./complex_md-fit_603.pdb BC A 9.18212 32.5389 3.73457 -5.52859 -4.8684 -20.4359 -0.494782 38.0741 -19.6918 6.9893 7.7973 1.76346 0 0 0 0.129894 1.77547 0 0 0 0 0 0 2.384 303 50 1 1 0
./complex_md-fit_604.pdb BC A 7.50544 32.1516 -2.76435 -7.10009 -6.92699 -19.8193 -0.577769 36.298 -19.2785 5.91414 6.60595 2.0227 0 0 0 0.089182 1.55404 -1.38778e-17 0 0 0 0 0.00835491 2.384 303 51 0 0 0
./complex_md-fit_605.pdb BC A 8.55628 30.4763 -5.8475 -8.46814 -10.2966 -20.0136 -0.659708 36.0626 -19.6628 5.97283 7.95438 3.23304 0 0 0 0.0305838 2.25207 0 0 0 0 0 0 2.384 303 48 2 2 0
./complex_md-fit_606.pdb BC A 7.41423 29.7284 -4.81396 -6.91307 -9.46783 -20.1874 -0.647355 35.5716 -19.8837 5.19037 8.42424 2.99441 0 0 0 0.104741 1.84808 0 0 0 0 0 0 2.384 303 50 0 0 0
./complex_md-fit_607.pdb BC A 10.5662 30.6602 0.732926 -6.95836 -8.17982 -20.417 -0.678925 37.2652 -19.6303 8.27979 6.74437 4.18249 0 0 0 0.125391 1.80445 0 0 0 0 0 0 2.384 303 49 1 1 0
./complex_md-fit_608.pdb BC A 6.48681 27.1302 -9.86506 -9.3613 -11.24 -21.2921 -0.850486 36.8757 -21.3119 5.21353 9.06309 2.76886 0 0 0 0.269637 2.88119 0 0 0 0 0 0 2.384 303 52 0 0 0
./complex_md-fit_609.pdb BC A 8.1664 28.8352 -2.91879 -9.07312 -10.1364 -22.8503 -0.794087 41.5381 -22.5921 7.65689 10.2539 2.98791 0 0 0 0.0570322 3.11468 0.033311 0 0 0 0 0 2.384 303 52 2 2 0
./complex_md-fit_60.pdb BC A 9.0966 26.7257 -7.64742 -4.23706 -4.6536 -18.3506 -0.614347 29.0864 -19.6696 3.58694 4.78814 2.17826 0 0 0 0.230537 1.83836 0 0 0 0 0 0.00751924 2.384 303 50 0 0 0
./complex_md-fit_610.pdb BC A 6.67536 39.5246 1.07853 -8.29973 -8.34761 -20.8325 -0.694142 37.6716 -20.1262 9.50663 8.68982 3.18173 0 0 0 0.328889 1.81971 2.77556e-17 0 0 0 0 0 2.384 303 52 3 3 0
./complex_md-fit_611.pdb BC A 7.82177 32.9327 -10.288 -10.4193 -10.1849 -22.1465 -0.621181 37.7908 -22.1512 5.24574 8.95606 2.81265 0 0 0 0.401686 2.44464 0.0281132 0 0 0 0 0 2.384 303 51 0 0 0
./complex_md-fit_612.pdb BC A 8.31473 33.5062 -0.313869 -7.94211 -9.68694 -21.8906 -0.694575 39.7361 -21.5481 10.5164 8.47972 2.58203 0 0 0 0.124993 3.13179 0 0 0 0 0 0.0091604 2.384 303 52 3 3 0
./complex_md-fit_613.pdb BC A 9.67473 30.3912 -7.4075 -8.17874 -9.53539 -24.2261 -0.774641 42.1753 -24.1239 7.38037 7.4655 2.04211 0 0 0 0.397579 3.57384 -0.0295915 0 0 0 0 0 2.384 303 55 2 2 0
./complex_md-fit_614.pdb BC A 8.83786 32.2093 -2.63798 -7.51448 -9.05038 -22.1617 -0.639614 39.2208 -21.5981 8.13833 7.35302 3.35481 0 0 0 0.273506 3.68292 -0.022809 0 0 0 0 0.00866534 2.384 303 52 1 1 0
./complex_md-fit_615.pdb BC A 12.8511 31.2817 -2.47379 -6.90191 -7.82324 -20.7411 -0.681448 37.6873 -20.8873 7.40101 8.02679 1.34951 0 0 0 0.0965877 2.79272 0 0 0 0 0 0 2.384 303 50 3 3 0
./complex_md-fit_616.pdb BC A 6.65246 24.9865 -6.2196 -7.57973 -10.3407 -21.7839 -0.829474 37.9174 -21.5536 6.78056 6.89397 3.98692 0 0 0 0.289048 1.79115 0 0 0 0 0 0 2.384 303 53 1 1 0
./complex_md-fit_617.pdb BC A 7.56734 29.7309 0.606912 -5.05892 -7.47526 -21.24 -0.739436 39.3292 -20.2003 7.79892 6.15077 1.64012 0 0 0 0.401813 3.42964 0 0 0 0 0 0 2.384 303 51 0 0 0
./complex_md-fit_618.pdb BC A 6.92282 26.425 -4.58794 -6.19505 -9.87082 -20.9656 -0.702232 38.8018 -20.4908 4.47682 7.43687 2.64633 0 0 0 0.274794 1.78107 0 0 0 0 0 0 2.384 303 51 1 1 0
./complex_md-fit_619.pdb BC A 11.4756 29.9325 -8.28663 -10.0226 -9.29748 -22.6801 -0.706804 38.9044 -23.3966 6.82207 8.38598 3.40818 0 0 0 0.296332 1.82185 0 0 0 0 0 0 2.384 303 57 1 1 0
./complex_md-fit_61.pdb BC A 8.19683 24.2717 -7.46565 -5.11767 -4.75277 -19.2145 -0.580409 31.8954 -20.4222 2.60615 6.01704 1.92922 0 0 0 0.174105 1.89682 0 0 0 0 0 0 2.384 303 51 0 0 0
./complex_md-fit_620.pdb BC A 8.96119 36.9311 -7.197 -8.53163 -9.92503 -22.8691 -0.737502 41.1342 -22.8432 4.69904 9.30477 2.36306 0 0 0 0.208416 2.78137 -5.55112e-17 0 0 0 0 0 2.384 303 54 0 0 0
./complex_md-fit_621.pdb BC A 6.78605 25.4775 -5.7141 -11.4697 -8.04169 -23.1448 -0.803211 42.483 -23.1251 4.58356 8.64172 4.81032 0 0 0 0.351841 2.22215 0 0 0 0 0 0 2.384 303 58 2 2 0
./complex_md-fit_622.pdb BC A 8.05868 30.7054 -5.62502 -9.21159 -8.33353 -21.1136 -0.670048 38.9288 -20.9289 4.3575 8.83394 2.21027 0 0 0 0.281615 2.01849 0.0205046 0 0 0 0 0 2.384 303 53 0 0 0
./complex_md-fit_623.pdb BC A 7.8804 28.2689 -4.81615 -8.65363 -8.54856 -21.2285 -0.541851 37.7278 -21.0638 6.18436 8.04592 3.08666 0 0 0 0.140608 1.82473 0.0347817 0 0 0 0 0 2.384 303 49 0 0 0
./complex_md-fit_624.pdb BC A 7.51841 36.6323 -6.18672 -8.74043 -9.02463 -21.8636 -0.708806 38.9786 -21.8701 5.6617 8.21908 2.796 0 0 0 0.358823 2.04359 2.77556e-17 0 0 0 0 0.00671055 2.384 303 55 0 0 0
./complex_md-fit_625.pdb BC A 6.76291 35.9767 -5.38178 -7.89402 -7.9061 -20.5739 -0.339065 36.3115 -20.302 4.64911 7.58437 2.85148 0 0 0 0.236804 1.75768 -2.08167e-17 0 0 0 0 0 2.384 303 50 0 0 0
./complex_md-fit_626.pdb BC A 6.23541 34.8189 -7.20127 -9.38708 -9.22652 -22.9666 -0.69874 38.5613 -23.6474 8.65783 9.03877 2.24171 0 0 0 0.22547 1.9737 0 0 0 0 0 0 2.384 303 52 1 1 0
./complex_md-fit_627.pdb BC A 6.87063 38.8717 -3.61176 -8.24721 -7.44857 -21.553 -0.790469 39.2013 -21.404 5.82015 8.28357 1.81972 0 0 0 0.678509 2.4491 0.0210184 0 0 0 0 0.00723143 2.384 303 51 1 1 0
./complex_md-fit_628.pdb BC A 7.183 32.4116 -3.61371 -7.71723 -9.12731 -20.4077 -0.714258 36.5782 -20.3421 7.27044 8.29821 2.47042 0 0 0 0.0776533 1.97578 0 0 0 0 0 0 2.384 303 45 0 0 0
./complex_md-fit_629.pdb BC A 10.9612 39.1928 -8.30294 -8.93309 -9.91788 -20.2937 -0.526268 36.3364 -19.8248 4.50144 7.92756 2.00952 0 0 0 0.417936 1.83262 0 0 0 0 0 0 2.384 303 48 1 1 0
./complex_md-fit_62.pdb BC A 5.92497 33.9016 -5.37303 -4.5043 -4.49934 -19.2456 -0.491856 32.3805 -19.9869 2.68089 6.53038 1.59299 0 0 0 0.186244 2.03883 -0.0159989 0 0 0 0 0 2.384 303 53 0 0 0
./complex_md-fit_630.pdb BC A 8.27953 30.9126 -0.288452 -4.96015 -7.75007 -19.7807 -0.509879 37.2106 -18.9492 5.14 6.55223 2.50528 0 0 0 0.199687 2.56027 0.0288436 0 0 0 0 0.0249552 2.384 303 49 1 1 0
./complex_md-fit_631.pdb BC A 10.0785 32.4189 -2.30572 -7.00666 -6.84763 -19.8764 -0.669221 36.6835 -19.3914 4.42391 7.80484 2.48987 0 0 0 0.0927372 2.72547 -0.0101372 0 0 0 0 0.000755156 2.384 303 53 1 1 0
./complex_md-fit_632.pdb BC A 8.45069 31.4385 -0.718785 -6.27284 -6.56916 -18.7256 -0.66392 34.8775 -17.8714 5.88576 6.01342 2.51116 0 0 0 0.105843 1.94636 -0.0095977 0 0 0 0 0 2.384 303 48 0 0 0
./complex_md-fit_633.pdb BC A 9.51487 28.0784 -4.14832 -6.95808 -9.79804 -19.9288 -0.791095 36.7238 -19.4385 6.81865 7.60549 1.36577 0 0 0 0.252469 2.13805 1.38778e-17 0 0 0 0 0 2.384 303 50 2 2 0
./complex_md-fit_634.pdb BC A 7.21388 34.4513 -6.69644 -8.33736 -9.38273 -19.5235 -0.666343 36.191 -18.571 3.1972 7.40309 2.7242 0 0 0 0.269017 3.18901 0 0 0 0 0 0 2.384 303 48 0 0 0
./complex_md-fit_635.pdb BC A 10.5894 28.5327 -0.631876 -6.81028 -7.71626 -19.8468 -0.730498 37.1622 -19.0451 6.5272 7.20571 2.55778 0 0 0 0.0737345 2.21629 -0.00956229 0 0 0 0 0 2.384 303 48 1 1 0
./complex_md-fit_636.pdb BC A 6.48704 37.1429 -0.68779 -5.99125 -9.53733 -20.455 -0.781236 38.7259 -19.6295 6.15439 8.6036 1.84998 0 0 0 0.340154 1.91432 0.0324602 0 0 0 0 0 2.384 303 52 0 0 0
./complex_md-fit_637.pdb BC A 7.2071 27.7833 -1.69459 -7.10292 -9.1593 -20.9913 -0.627899 39.176 -19.9848 5.3823 9.00982 2.24071 0 0 0 0.362805 2.96975 -5.55112e-17 0 0 0 0 0 2.384 303 51 0 0 0
./complex_md-fit_638.pdb BC A 8.46388 33.2234 -4.24205 -7.27163 -9.57482 -19.9611 -0.568401 35.8677 -18.9099 6.23764 7.70096 2.05979 0 0 0 0.177736 2.99468 -6.93889e-18 0 0 0 0 0 2.384 303 51 1 1 0
./complex_md-fit_639.pdb BC A 11.3162 31.0783 3.51767 -4.69856 -7.57516 -21.0148 -0.594038 39.2227 -20.4068 8.24334 7.71695 2.35818 0 0 0 0.260518 2.57031 0 0 0 0 0 0.00530476 2.384 303 47 0 0 0
./complex_md-fit_63.pdb BC A 8.07108 32.0642 -8.25633 -5.736 -6.08108 -20.033 -0.704702 31.9902 -21.634 3.56184 7.44705 2.78987 0 0 0 0.168831 2.83942 -0.0252465 0 0 0 0 0 2.384 303 55 1 1 0
./complex_md-fit_640.pdb BC A 8.78663 32.1428 1.89237 -5.55724 -9.88881 -18.3704 -0.619209 34.379 -17.2476 8.3958 8.12515 2.60169 0 0 0 0.0379345 2.04234 0.0360559 0 0 0 0 0 2.384 303 48 2 2 0
./complex_md-fit_641.pdb BC A 9.90443 34.1074 -1.55671 -7.3346 -7.12747 -18.9378 -0.724805 34.2436 -18.3009 5.81984 7.55139 2.89098 0 0 0 0.32705 1.95564 0.0360411 0 0 0 0 0 2.384 303 50 1 1 0
./complex_md-fit_642.pdb BC A 7.05962 25.3806 -3.5896 -7.4843 -8.15574 -19.1902 -0.342736 35.9181 -18.3201 5.16855 7.06929 1.47304 0 0 0 0.262422 2.71692 2.77556e-17 0 0 0 0 0.0119565 2.384 303 53 2 2 0
./complex_md-fit_643.pdb BC A 10.3341 23.2354 -6.50637 -6.48571 -9.90704 -19.3531 -0.715425 33.8149 -18.8531 5.36481 7.63196 1.89119 0 0 0 0.105107 3.00638 0 0 0 0 0 0 2.384 303 49 0 0 0
./complex_md-fit_644.pdb BC A 7.77356 27.9787 -5.4285 -6.36225 -10.992 -17.9188 -0.51605 32.3661 -17.027 3.77881 7.9839 3.15853 0 0 0 0.0735756 2.69594 0.0266606 0 0 0 0 0 2.384 303 51 0 0 0
./complex_md-fit_645.pdb BC A 7.90764 27.7407 -5.69719 -7.45668 -9.73795 -21.3679 -0.500695 38.1827 -20.4162 5.29404 7.42965 2.69929 0 0 0 0.176467 1.85588 0 0 0 0 0 0 2.384 303 52 1 1 0
./complex_md-fit_646.pdb BC A 6.78053 27.4718 -0.823105 -6.29998 -8.31962 -18.9864 -0.569454 36.3725 -17.8901 5.82614 5.92152 2.82752 0 0 0 0.294787 1.60652 0 0 0 0 0 0 2.384 303 53 1 1 0
./complex_md-fit_647.pdb BC A 10.1715 26.4221 1.11825 -7.36003 -7.61209 -19.8855 -0.580898 37.1532 -19.0006 8.41584 8.59505 1.21932 0 0 0 0.149866 1.65169 0.0240849 0 0 0 0 0 2.384 303 49 1 1 0
./complex_md-fit_648.pdb BC A 7.87626 31.9806 1.73379 -5.65029 -8.01624 -19.1442 -0.625217 37.3194 -18.0836 5.44585 7.80397 2.43311 0 0 0 0.251079 2.23735 -1.11022e-16 0 0 0 0 0 2.384 303 50 0 0 0
./complex_md-fit_649.pdb BC A 9.16322 34.2464 -2.95353 -7.85534 -9.54918 -20.1383 -0.548956 38.6874 -18.79 5.2301 7.98657 1.76843 0 0 0 0.255727 2.98563 1.11022e-16 0 0 0 0 0 2.384 303 53 1 1 0
./complex_md-fit_64.pdb BC A 6.20511 33.2066 -0.866379 -4.50003 -6.09018 -19.3152 -0.682778 33.3178 -20.1947 6.76299 6.4247 3.18208 0 0 0 0.229057 2.10995 0 0 0 0 0 0 2.384 303 49 1 1 0
./complex_md-fit_650.pdb BC A 7.69428 34.9122 -4.69714 -6.87118 -9.25419 -18.5904 -0.644408 33.5668 -17.6387 4.65786 7.40521 2.4416 0 0 0 0.20017 3.12283 0.0301001 0 0 0 0 0 2.384 303 48 0 0 0
./complex_md-fit_651.pdb BC A 7.01632 31.4486 -1.53229 -7.01018 -10.2493 -20.2125 -0.809127 38.7012 -19.0487 6.12517 8.84015 1.98862 0 0 0 0.142458 3.18623 0 0 0 0 0 0 2.384 303 49 0 0 0
./complex_md-fit_652.pdb BC A 10.0005 34.1333 -2.87046 -6.37853 -7.44091 -18.6835 -0.510464 34.0753 -17.9621 4.67486 6.99698 2.11106 0 0 0 0.246884 2.97664 0 0 0 0 0 0 2.384 303 50 0 0 0
./complex_md-fit_653.pdb BC A 7.45874 33.3075 -1.06359 -6.99301 -10.4897 -19.662 -0.664212 36.7145 -18.9879 8.1469 7.83618 2.85774 0 0 0 0.177778 2.44412 0 0 0 0 0 0 2.384 303 49 1 1 0
./complex_md-fit_654.pdb BC A 7.87416 22.1022 -4.6749 -9.16889 -9.43469 -18.88 -0.678173 34.6702 -17.9023 4.37448 9.48059 2.73509 0 0 0 0.0997782 1.54852 0.0290621 0 0 0 0 0 2.384 303 48 1 1 0
./complex_md-fit_655.pdb BC A 13.9864 39.0197 -0.827837 -6.71521 -8.39831 -20.2893 -0.546122 36.8153 -19.6039 6.08881 8.29855 3.29876 0 0 0 0.223549 1.87248 0 0 0 0 0 0 2.384 303 52 0 0 0
./complex_md-fit_656.pdb BC A 8.92356 29.5319 -4.76604 -8.58612 -8.12892 -19.9771 -0.758072 36.7232 -19.0198 2.91076 8.81752 3.08366 0 0 0 0.129504 2.16288 0.0392547 0 0 0 0 0 2.384 303 50 0 0 0
./complex_md-fit_657.pdb BC A 8.63407 35.0123 0.18091 -5.76698 -7.40592 -17.9 -0.708394 32.6704 -17.4186 6.40934 7.71295 2.48326 0 0 0 0.104884 2.04944 0 0 0 0 0 0 2.384 303 48 1 1 0
./complex_md-fit_658.pdb BC A 8.49548 31.4461 -3.80063 -5.54763 -8.72294 -18.1984 -0.683227 34.6314 -17.4481 2.65425 7.32474 1.68425 0 0 0 0.505041 1.85914 -5.55112e-17 0 0 0 0 0 2.384 303 48 0 0 0
./complex_md-fit_659.pdb BC A 7.1129 34.0449 -2.67995 -7.59899 -9.1175 -19.853 -0.505279 36.8215 -19.2352 6.16407 7.10508 3.08907 0 0 0 0.450274 3.18585 2.77556e-17 0 0 0 0 2.22045e-16 2.384 303 48 0 0 0
./complex_md-fit_65.pdb BC A 8.10011 28.2261 -8.07361 -5.16938 -7.92916 -19.6271 -0.624816 32.565 -20.1287 3.48175 6.42999 2.47055 0 0 0 0.458219 2.02027 0 0 0 0 0 0 2.384 303 52 0 0 0
./complex_md-fit_660.pdb BC A 6.35205 31.723 -8.32334 -7.34473 -10.6782 -19.6026 -0.607387 34.1489 -19.1063 3.91835 7.8488 2.82955 0 0 0 0.251485 1.98184 0.0187873 0 0 0 0 0 2.384 303 52 0 0 0
./complex_md-fit_661.pdb BC A 10.887 30.0058 -3.03147 -7.10576 -10.5855 -18.6565 -0.754367 34.9873 -17.8613 6.08099 7.8562 2.68798 0 0 0 0.284553 1.97503 0.0348326 0 0 0 0 0 2.384 303 50 2 2 0
./complex_md-fit_662.pdb BC A 6.40877 33.0606 2.87211 -5.1453 -7.78458 -18.3741 -0.680491 34.0722 -17.1531 7.73428 7.39742 2.73318 0 0 0 0.072614 2.12632 0 0 0 0 0 0 2.384 303 49 2 2 0
./complex_md-fit_663.pdb BC A 6.39432 24.6087 -6.58113 -5.92378 -10.1379 -19.1459 -0.650636 34.65 -18.8728 3.00757 7.47571 2.77663 0 0 0 0.237197 2.47561 1.11022e-16 0 0 0 0 0.00277363 2.384 303 48 0 0 0
./complex_md-fit_664.pdb BC A 8.4261 39.2387 1.25777 -5.96751 -7.74759 -20.0708 -0.590217 37.6326 -19.3579 6.56602 7.604 2.99927 0 0 0 0.189849 2.71993 1.38778e-17 0 0 0 0 0 2.384 303 51 1 1 0
./complex_md-fit_665.pdb BC A 7.98824 30.1018 -1.34125 -7.42259 -10.3851 -19.3059 -0.672562 36.2132 -18.2006 8.08483 7.6725 2.51244 0 0 0 0.15519 3.25872 0 0 0 0 0 0.00741858 2.384 303 48 2 2 0
./complex_md-fit_666.pdb BC A 8.02671 30.1073 -7.1215 -7.48294 -12.049 -20.8466 -0.718432 38.6182 -19.64 4.56821 8.67171 1.65501 0 0 0 0.102323 2.94329 1.38778e-17 0 0 0 0 0 2.384 303 45 0 0 0
./complex_md-fit_667.pdb BC A 8.63418 35.9736 -3.61475 -8.46295 -9.15192 -19.3386 -0.692521 36.8229 -18.1747 3.54766 9.07381 2.37224 0 0 0 0.361221 3.01978 0.0281272 0 0 0 0 0 2.384 303 49 1 1 0
./complex_md-fit_668.pdb BC A 10.3288 33.0148 -1.50456 -6.75997 -7.30588 -18.6738 -0.635649 34.8098 -17.8463 5.68994 6.40888 2.4268 0 0 0 0.381621 2.06655 0 0 0 0 0 0 2.384 303 47 1 1 0
./complex_md-fit_669.pdb BC A 7.26872 33.6125 -2.5918 -8.43809 -8.64029 -20.7786 -0.655918 39.2195 -19.872 6.76293 7.29834 2.24081 0 0 0 0.271422 3.06548 -5.55112e-17 0 0 0 0 0 2.384 303 50 2 2 0
./complex_md-fit_66.pdb BC A 9.06145 33.8486 -7.26892 -4.74642 -5.80322 -19.6279 -0.622059 32.7763 -21.1973 1.90243 6.75985 2.58713 0 0 0 0.662007 2.30774 0.0200161 0 0 0 0 0.0202062 2.384 303 51 0 0 0
./complex_md-fit_670.pdb BC A 7.71146 38.298 -7.0188 -7.0133 -12.4001 -20.8944 -0.596741 37.4542 -20.2177 5.48903 7.91071 2.37554 0 0 0 0.873916 2.79041 0 0 0 0 0 0 2.384 303 49 0 0 0
./complex_md-fit_671.pdb BC A 8.49072 30.5633 -5.12172 -8.34569 -10.7593 -19.7872 -0.701032 36.6546 -19.0074 5.91519 8.92062 1.32026 0 0 0 0.66827 2.02085 0 0 0 0 0 0 2.384 303 48 0 0 0
./complex_md-fit_672.pdb BC A 7.91071 34.4555 0.294045 -6.17098 -10.8032 -19.7343 -0.59097 36.6815 -18.9068 9.0094 8.12642 2.43666 0 0 0 0.24637 3.46011 0 0 0 0 0 0 2.384 303 49 3 3 0
./complex_md-fit_673.pdb BC A 6.19931 26.4099 -8.4347 -6.72782 -13.2697 -21.0186 -0.789308 37.9785 -20.1277 5.57824 7.02511 2.38804 0 0 0 0.519247 3.29154 0.00919308 0 0 0 0 0 2.384 303 47 1 1 0
./complex_md-fit_674.pdb BC A 10.7608 34.6597 -1.46289 -7.83693 -10.1692 -20.7987 -0.649345 39.2914 -19.7991 6.92132 9.23082 1.89826 0 0 0 0.448662 3.36824 5.55112e-17 0 0 0 0 0 2.384 303 50 1 1 0
./complex_md-fit_675.pdb BC A 6.35198 32.4614 -7.60395 -7.93813 -9.81237 -19.4028 -0.668008 35.3683 -18.4367 3.43274 7.47505 2.05836 0 0 0 0.319562 3.00032 0 0 0 0 0 0 2.384 303 50 0 0 0
./complex_md-fit_676.pdb BC A 9.31063 30.4078 -1.43196 -7.16645 -8.7088 -19.2903 -0.406254 36.6864 -17.9218 5.54793 6.59163 3.08726 0 0 0 0.157797 3.32248 -0.00940897 0 0 0 0 0 2.384 303 46 1 1 0
./complex_md-fit_677.pdb BC A 6.6655 26.6668 -1.23189 -6.13807 -8.57588 -19.1 -0.674287 36.36 -18.0182 5.02518 7.83821 1.92319 0 0 0 0.137638 2.51515 -0.00954103 0 0 0 0 0 2.384 303 48 0 0 0
./complex_md-fit_678.pdb BC A 11.3683 29.3665 -6.17092 -7.41466 -10.7922 -19.7826 -0.807131 36.3418 -18.4981 4.66035 7.51195 2.34319 0 0 0 0.266538 2.5541 0 0 0 0 0 0 2.384 303 50 0 0 0
./complex_md-fit_679.pdb BC A 6.43286 35.1915 -2.13391 -6.70629 -7.90198 -18.4415 -0.608444 34.956 -17.0801 4.27258 6.62267 2.61554 0 0 0 0.137679 1.62597 1.11022e-16 0 0 0 0 0 2.384 303 52 0 0 0
./complex_md-fit_67.pdb BC A 6.92173 40.777 -5.6388 -4.79007 -5.68384 -19.8 -0.576402 32.6079 -20.9195 2.84596 6.47486 3.95847 0 0 0 0.257914 2.09708 -0.0140204 0 0 0 0 0 2.384 303 45 0 0 0
./complex_md-fit_680.pdb BC A 7.43494 33.703 -1.94402 -5.66789 -10.0022 -18.8003 -0.665067 36.7962 -17.2041 4.28737 7.09395 1.80846 0 0 0 0.409617 3.00448 0 0 0 0 0 0 2.384 303 52 0 0 0
./complex_md-fit_681.pdb BC A 9.26998 39.7658 -6.70936 -7.59072 -10.1499 -21.2278 -0.558119 39.1473 -20.0717 3.31596 8.18935 2.00804 0 0 0 0.228253 2.51955 -2.77556e-17 0 0 0 0 0 2.384 303 52 0 0 0
./complex_md-fit_682.pdb BC A 10.9833 33.8341 -4.11087 -7.19257 -10.2402 -19.8659 -0.591348 37.5139 -18.7885 5.74636 6.54267 2.42921 0 0 0 0.306351 3.17805 0.0291264 0 0 0 0 0 2.384 303 50 2 2 0
./complex_md-fit_683.pdb BC A 7.00541 36.6764 -0.483583 -6.92302 -6.41997 -20.8499 -0.823266 38.1202 -19.6956 5.9645 7.60517 2.23481 0 0 0 0.303481 3.05933 0 0 0 0 0 0 2.384 303 52 1 1 0
./complex_md-fit_684.pdb BC A 8.26364 31.1712 -2.10226 -5.97574 -7.50964 -15.0184 -0.706831 28.9306 -13.7621 3.4743 6.55591 1.72147 0 0 0 0.188215 1.09208 0 0 0 0 0 0 2.384 303 45 0 0 0
./complex_md-fit_685.pdb BC A 7.13233 32.2967 -4.80767 -6.91013 -8.04802 -17.117 -0.431749 32.0602 -15.9035 2.43265 6.86689 2.03895 0 0 0 0.203961 1.32021 -5.55112e-17 0 0 0 0 0 2.384 303 48 0 0 0
./complex_md-fit_686.pdb BC A 6.29341 27.6792 -1.56115 -4.67556 -7.31128 -17.2653 -0.787797 33.6377 -16.1407 3.08247 5.61678 2.0151 0 0 0 0.267427 2.40735 5.55112e-17 0 0 0 0 0 2.384 303 48 0 0 0
./complex_md-fit_687.pdb BC A 5.63985 31.6964 -5.32324 -7.41994 -9.14381 -17.8636 -0.935221 33.6791 -16.3407 1.8982 8.13959 2.45422 0 0 0 0.20889 2.38519 0 0 0 0 0 0 2.384 303 46 0 0 0
./complex_md-fit_688.pdb BC A 9.24732 33.2474 -4.25199 -6.58549 -8.28528 -16.4584 -0.800376 32.3899 -15.1758 1.31852 6.8905 2.22653 0 0 0 0.227962 2.40335 0 0 0 0 0 0 2.384 303 50 0 0 0
./complex_md-fit_689.pdb BC A 7.06544 33.9183 0.457172 -8.2081 -7.52447 -17.7176 -0.542469 33.0967 -16.7978 5.93669 8.24236 3.81367 0 0 0 0.158238 2.34064 -2.77556e-17 0 0 0 0 0 2.384 303 47 2 2 0
./complex_md-fit_68.pdb BC A 11.7342 28.7685 -8.57831 -5.62625 -5.05326 -19.7886 -0.617931 32.8924 -21.6382 2.66615 6.3463 1.80887 0 0 0 0.432289 2.02079 5.55112e-17 0 0 0 0 0 2.384 303 47 0 0 0
./complex_md-fit_690.pdb BC A 10.1904 34.2493 -6.76345 -8.15192 -8.64473 -17.3228 -0.852457 31.5313 -15.877 1.84489 8.52752 1.98818 0 0 0 0.193563 1.59794 0 0 0 0 0 0 2.384 303 46 0 0 0
./complex_md-fit_691.pdb BC A 7.89617 32.9963 -5.41926 -6.87703 -10.6482 -18.8107 -0.631935 34.8117 -18.3121 3.78034 8.29865 2.67859 0 0 0 0.291304 2.20431 0 0 0 0 0 0 2.384 303 46 0 0 0
./complex_md-fit_692.pdb BC A 8.62056 24.4537 -8.37009 -8.8914 -10.2319 -19.0886 -0.827988 35.1743 -17.945 2.77858 8.31946 2.22477 0 0 0 0.110282 1.72471 5.55112e-17 0 0 0 0 0.00744354 2.384 303 47 0 0 0
./complex_md-fit_693.pdb BC A 8.45823 37.6349 -6.44946 -6.00479 -10.0792 -18.3208 -0.835121 33.423 -17.2501 2.5092 8.04128 1.9478 0 0 0 0.119254 1.54633 0 0 0 0 0 0 2.384 303 47 0 0 0
./complex_md-fit_694.pdb BC A 7.11824 29.1224 -3.91543 -6.63886 -8.62166 -17.0647 -0.727103 30.9305 -16.083 3.30115 7.73726 3.12852 0 0 0 0.0903135 1.45254 0.032196 0 0 0 0 0 2.384 303 46 0 0 0
./complex_md-fit_695.pdb BC A 5.91067 31.2699 -5.94394 -7.12819 -8.40057 -18.2266 -0.756353 31.9081 -17.2468 2.71181 7.81004 3.2882 0 0 0 0.0611181 1.59103 0.035364 0 0 0 0 0 2.384 303 47 0 0 0
./complex_md-fit_696.pdb BC A 6.20075 28.4944 -4.42936 -5.14631 -6.16856 -15.4906 -0.709998 28.3389 -14.3958 1.47537 5.41998 1.87632 0 0 0 0.371277 1.6452 1.11022e-16 0 0 0 0 0 2.384 303 46 0 0 0
./complex_md-fit_697.pdb BC A 8.54226 27.6178 -6.52432 -6.32562 -7.89153 -16.2421 -0.742605 30.2446 -15.3027 0.97016 6.67328 1.77756 0 0 0 0.288652 2.40307 1.11022e-16 0 0 0 0 0.0259839 2.384 303 45 0 0 0
./complex_md-fit_698.pdb BC A 7.58285 29.1653 -6.60049 -7.00853 -10.3494 -17.8822 -0.337518 31.8733 -16.9815 3.84416 7.35126 2.80727 0 0 0 0.0825304 1.55892 5.55112e-17 0 0 0 0 0 2.384 303 47 1 1 0
./complex_md-fit_699.pdb BC A 10.9422 36.7289 -6.35447 -6.69162 -9.08462 -18.4171 -0.643413 33.5859 -18.3472 3.55672 8.0665 1.51203 0 0 0 0.108252 1.71938 0 0 0 0 0 0 2.384 303 43 0 0 0
./complex_md-fit_69.pdb BC A 8.94105 38.2697 -9.56581 -6.57023 -6.47769 -20.7086 -0.580039 33.7538 -22.4457 2.90112 7.19274 3.01078 0 0 0 0.33854 2.8422 0 0 0 0 0 0.0195285 2.384 303 50 0 0 0
./complex_md-fit_6.pdb BC A 5.99766 30.1441 -4.50969 -5.80627 -11.568 -23.6021 -0.580039 41.294 -23.2741 5.378 8.8513 3.92321 0 0 0 0.83154 2.44408 -0.0163014 0 0 0 0 0.0589986 2.384 303 52 1 1 0
./complex_md-fit_700.pdb BC A 7.21085 33.5039 -6.04375 -6.38774 -10.0811 -17.6538 -0.455385 31.8685 -16.7393 2.63119 7.45164 3.07114 0 0 0 0.220997 2.69393 0.0301471 0 0 0 0 0 2.384 303 46 0 0 0
./complex_md-fit_701.pdb BC A 6.92662 35.5512 -1.49677 -5.21944 -7.08206 -18.3959 -0.501558 34.1939 -17.6952 3.14092 7.29382 2.55947 0 0 0 0.209252 1.48494 -1.11022e-16 0 0 0 0 0 2.384 303 47 0 0 0
./complex_md-fit_702.pdb BC A 7.8148 34.4678 -6.02133 -6.31743 -10.0336 -17.7065 -0.638407 32.1627 -17.2892 3.69312 7.28565 2.37819 0 0 0 0.444155 3.05094 0 0 0 0 0 0 2.384 303 48 0 0 0
./complex_md-fit_703.pdb BC A 7.92384 29.6055 -1.04723 -5.20614 -7.07384 -18.0842 -0.426231 32.2974 -17.2947 5.245 6.59198 2.79285 0 0 0 0.110699 1.37348 -5.55112e-17 0 0 0 0 0 2.384 303 47 1 1 0
./complex_md-fit_704.pdb BC A 6.02587 30.0713 -3.66418 -4.63854 -8.61165 -18.313 -0.574636 33.4567 -17.7338 4.25675 5.68796 2.38542 0 0 0 0.420606 2.64982 5.55112e-17 0 0 0 0 0 2.384 303 49 0 0 0
./complex_md-fit_705.pdb BC A 5.21507 29.0851 -6.11797 -6.80699 -10.829 -18.7056 -0.612347 33.3268 -17.496 4.83407 7.34691 2.61929 0 0 0 0.204916 1.91669 0 0 0 0 0 0 2.384 303 45 2 2 0
./complex_md-fit_706.pdb BC A 6.98646 33.5197 -4.16035 -6.53261 -6.81367 -15.284 -0.449144 28.5425 -14.4271 1.34635 6.91916 2.35343 0 0 0 0.177142 2.20615 0 0 0 0 0 0.00760806 2.384 303 47 0 0 0
./complex_md-fit_707.pdb BC A 9.72137 31.3351 -2.1293 -5.85941 -7.14898 -18.463 -0.489798 34.377 -17.7097 5.11709 6.90531 1.02928 0 0 0 0.106726 2.74308 0.0061561 0 0 0 0 0 2.384 303 47 1 1 0
./complex_md-fit_708.pdb BC A 7.68361 31.7975 -5.14829 -5.90602 -6.01471 -17.8301 -0.622921 32.4498 -17.6633 2.81835 6.01802 1.47763 0 0 0 0.0778124 2.61386 0.0185847 0 0 0 0 0.0285004 2.384 303 45 0 0 0
./complex_md-fit_709.pdb BC A 7.14903 35.4055 -5.55945 -6.88111 -6.50975 -19.0127 -0.586553 33.7044 -18.6231 2.49025 6.57683 2.97914 0 0 0 0.294676 1.81316 0 0 0 0 0 0.00839613 2.384 303 47 0 0 0
./complex_md-fit_70.pdb BC A 9.52387 35.0352 -8.42049 -4.47643 -6.95623 -19.2338 -0.366469 30.5419 -20.6062 3.12575 6.54571 2.46807 0 0 0 0.508543 2.06987 0 0 0 0 0 0.0286852 2.384 303 46 0 0 0
./complex_md-fit_710.pdb BC A 7.83781 31.4459 -4.54058 -5.97227 -5.9526 -16.8722 -0.547189 30.4884 -16.505 3.7233 4.50439 2.40888 0 0 0 0.18368 1.37984 0 0 0 0 0 0 2.384 303 43 0 0 0
./complex_md-fit_711.pdb BC A 8.37525 28.5437 -1.53813 -5.9649 -5.40985 -18.1228 -0.562442 33.6299 -17.343 3.98077 5.86986 2.15065 0 0 0 0.233644 1.39279 0 0 0 0 0 0 2.384 303 46 0 0 0
./complex_md-fit_712.pdb BC A 7.12839 34.8328 -2.77467 -6.52917 -5.16754 -17.572 -0.458955 31.3748 -16.6768 3.35237 6.01401 2.63136 0 0 0 0.257271 1.57781 0 0 0 0 0 0 2.384 303 46 0 0 0
./complex_md-fit_713.pdb BC A 7.54225 28.0272 -1.80111 -3.65522 -5.25977 -17.5582 -0.519809 32.3377 -16.819 2.1086 4.88803 2.4496 0 0 0 0.226926 2.20938 0 0 0 0 0 0 2.384 303 47 0 0 0
./complex_md-fit_714.pdb BC A 8.69728 32.9905 -5.62196 -6.12651 -10.3473 -17.4239 -0.733948 32.5114 -16.9811 4.40377 6.80015 1.5695 0 0 0 0.705902 1.77352 0 0 0 0 0 0 2.384 303 48 1 1 0
./complex_md-fit_715.pdb BC A 5.94311 34.1259 -3.10329 -6.05924 -7.54589 -19.051 -0.502041 35.4764 -18.5504 3.23173 7.73538 1.94955 0 0 0 0.212199 2.34569 -5.55112e-17 0 0 0 0 0 2.384 303 50 0 0 0
./complex_md-fit_716.pdb BC A 7.78436 31.4583 1.13094 -6.08847 -6.24115 -16.3751 -0.602379 30.9051 -15.4514 5.58598 6.6977 2.55032 0 0 0 0.150362 1.28912 0 0 0 0 0 0 2.384 303 46 1 1 0
./complex_md-fit_717.pdb BC A 5.95319 31.2178 1.1065 -6.0754 -5.72495 -19.0978 -0.461853 34.7734 -18.6887 5.59781 7.40748 3.27965 0 0 0 0.0968791 2.69206 0 0 0 0 0 0 2.384 303 50 2 2 0
./complex_md-fit_718.pdb BC A 6.61043 35.7493 -7.96801 -5.99726 -7.77975 -18.3568 -0.502027 32.5322 -17.4413 0.861839 6.67791 1.9785 0 0 0 0.058774 2.11404 -5.55112e-17 0 0 0 0 0 2.384 303 50 0 0 0
./complex_md-fit_719.pdb BC A 7.29955 30.5141 -0.82612 -5.15714 -6.57507 -18.0477 -0.456352 33.9136 -17.4242 3.58146 6.31622 2.93572 0 0 0 0.087339 1.9773 0 0 0 0 0 0 2.384 303 48 0 0 0
./complex_md-fit_71.pdb BC A 7.98118 31.2921 -12.5281 -6.1877 -7.67466 -18.8071 -0.40163 29.6134 -19.9639 1.33291 6.29098 3.09169 0 0 0 0.158919 2.17101 0 0 0 0 0 0.0189874 2.384 303 47 0 0 0
./complex_md-fit_720.pdb BC A 8.83261 32.7267 0.308274 -4.56672 -5.99468 -17.3672 -0.628188 32.0032 -16.772 4.01689 6.67278 2.49238 0 0 0 0.421772 2.68008 0 0 0 0 0 0.0301354 2.384 303 48 1 1 0
./complex_md-fit_721.pdb BC A 8.52114 31.5034 -1.72778 -5.85584 -7.71412 -17.8105 -0.740012 33.0721 -17.4091 5.16074 6.71126 2.67321 0 0 0 0.184409 2.52442 0 0 0 0 0 0 2.384 303 47 2 2 0
./complex_md-fit_722.pdb BC A 6.37041 36.2096 -5.65516 -6.888 -9.57163 -18.9369 -0.533441 34.6557 -18.4921 3.98422 8.32605 1.60704 0 0 0 0.193935 1.79966 -1.11022e-16 0 0 0 0 0 2.384 303 51 0 0 0
./complex_md-fit_723.pdb BC A 7.07813 33.217 -1.62983 -4.98402 -5.77431 -19.927 -0.378929 36.7051 -19.1594 3.35401 5.57376 2.74633 0 0 0 0.214654 2.80482 -1.11022e-16 0 0 0 0 0 2.384 303 52 0 0 0
./complex_md-fit_724.pdb BC A 7.66831 34.4841 1.33361 -6.65767 -8.14491 -19.1869 -0.640962 37.3961 -17.8905 5.40163 9.02904 1.89836 0 0 0 0.122711 2.75686 0 0 0 0 0 0.00671155 2.384 303 50 2 2 0
./complex_md-fit_725.pdb BC A 8.44346 38.7926 -6.58959 -4.87261 -9.59135 -19.6887 -0.432836 34.0082 -19.3912 4.13489 7.15479 1.8299 0 0 0 0.25926 3.17028 0 0 0 0 0 0 2.384 303 51 0 0 0
./complex_md-fit_726.pdb BC A 6.71778 31.7521 -2.52685 -8.08492 -8.40597 -19.2294 -0.730063 34.6114 -18.5375 6.28656 7.65914 3.4763 0 0 0 0.427667 1.39621 1.11022e-16 0 0 0 0 0 2.384 303 50 1 1 0
./complex_md-fit_727.pdb BC A 7.62725 32.4341 0.923822 -6.24244 -7.20413 -21.6061 -0.996618 42.3006 -20.5476 5.46691 7.00875 2.44923 0 0 0 0.283176 3.09501 0 0 0 0 0 0.0120083 2.384 303 57 0 0 0
./complex_md-fit_728.pdb BC A 7.75348 32.9155 -9.44833 -9.59625 -10.4411 -20.7564 -0.786014 38.1831 -20.2808 2.26617 7.5002 4.07595 0 0 0 0.353529 2.32675 0.0333375 0 0 0 0 0 2.384 303 57 0 0 0
./complex_md-fit_729.pdb BC A 6.46793 26.4397 0.00799512 -6.08434 -5.77808 -21.4505 -0.703153 40.3594 -20.9098 4.54636 7.09036 2.69214 0 0 0 0.282038 2.82082 -0.0364758 0 0 0 0 0 2.384 303 52 0 0 0
./complex_md-fit_72.pdb BC A 7.7107 27.6568 -6.9402 -4.98057 -5.01364 -19.3486 -0.408182 31.044 -20.7744 3.52959 6.03128 2.39531 0 0 0 0.596635 2.38287 -0.011692 0 0 0 0 0 2.384 303 48 1 1 0
./complex_md-fit_730.pdb BC A 5.06535 35.5614 -3.35465 -7.61355 -8.62933 -21.6647 -0.704457 40.7992 -21.251 5.18113 7.92102 2.4621 0 0 0 0.137789 3.04278 0.00714669 0 0 0 0 0 2.384 303 54 0 0 0
./complex_md-fit_731.pdb BC A 7.74897 28.7599 -8.25842 -9.13892 -10.3227 -21.0854 -0.545843 38.2013 -20.9508 4.5209 7.74553 3.27422 0 0 0 0.0396987 2.27381 0.00353261 0 0 0 0 0 2.384 303 52 0 0 0
./complex_md-fit_732.pdb BC A 6.77616 30.7114 -7.99657 -10.3823 -9.86446 -21.7377 -0.977964 41.3759 -20.7597 3.42503 8.12758 2.62639 0 0 0 0.170618 2.05235 0 0 0 0 0 0 2.384 303 52 0 0 0
./complex_md-fit_733.pdb BC A 8.22929 32.0403 -0.434195 -8.55117 -7.29958 -22.2358 -0.695 42.0672 -21.46 6.04286 8.30134 3.22103 0 0 0 0.214411 2.16682 -0.0395713 0 0 0 0 0 2.384 303 54 1 1 0
./complex_md-fit_734.pdb BC A 8.53393 37.815 2.61647 -7.27979 -7.0435 -21.6787 -0.614519 40.9812 -20.976 8.52086 8.37094 2.2484 0 0 0 0.121396 3.41274 -0.0339323 0 0 0 0 0 2.384 303 53 2 2 0
./complex_md-fit_735.pdb BC A 9.08997 28.1587 -4.83871 -8.65456 -8.78317 -21.2096 -0.748082 39.5612 -20.4603 4.61531 7.586 3.01419 0 0 0 0.249542 2.11053 -0.00914604 0 0 0 0 0 2.384 303 56 0 0 0
./complex_md-fit_736.pdb BC A 5.87771 39.2366 -4.89779 -7.59099 -8.73287 -20.5595 -0.737716 38.28 -20.0868 3.06159 7.84685 3.20079 0 0 0 0.4314 2.28131 -0.0104631 0 0 0 0 0 2.384 303 54 1 1 0
./complex_md-fit_737.pdb BC A 6.4805 27.5108 -2.24215 -6.03957 -9.02736 -20.4177 -0.672698 36.8112 -20.0385 6.28876 7.57103 3.04044 0 0 0 0.198674 2.34833 0.0435147 0 0 0 0 0 2.384 303 53 2 2 0
./complex_md-fit_738.pdb BC A 4.79788 32.4894 -8.34194 -9.03639 -9.39992 -20.6362 -0.685118 37.8785 -20.0983 3.03074 7.62377 2.69011 0 0 0 0.261054 3.77257 0.029834 0 0 0 0 0 2.384 303 55 1 1 0
./complex_md-fit_739.pdb BC A 11.5306 37.2045 -9.03043 -9.01609 -11.1758 -21.0771 -0.748445 38.1373 -20.7427 4.54388 8.28797 2.34026 0 0 0 0.431279 2.62539 -0.0109023 0 0 0 0 0 2.384 303 50 1 1 0
./complex_md-fit_73.pdb BC A 9.54957 31.8723 -10.5605 -6.00802 -5.20643 -19.1077 -0.481298 29.6653 -20.5445 2.64327 5.81644 2.48121 0 0 0 0.133206 1.97989 0.0273913 0 0 0 0 0.0205968 2.384 303 44 0 0 0
./complex_md-fit_740.pdb BC A 9.29036 29.6252 -2.85752 -7.31265 -6.90891 -20.1518 -0.559241 37.8238 -19.6739 4.27206 6.67476 2.7583 0 0 0 0.25905 2.03629 -0.0389702 0 0 0 0 0 2.384 303 49 0 0 0
./complex_md-fit_741.pdb BC A 6.7901 32.369 -5.94065 -8.91498 -8.84206 -20.8605 -0.540956 37.7081 -20.157 4.11884 7.80745 3.61918 0 0 0 0.15888 1.95668 -0.0375837 0 0 0 0 0 2.384 303 53 1 1 0
./complex_md-fit_742.pdb BC A 7.714 33.4202 -3.07581 -6.1334 -9.44846 -18.9683 -0.814671 36.2696 -18.0603 5.35908 7.41774 1.15403 0 0 0 0.148874 1.97436 -2.77556e-17 0 0 0 0 0 2.384 303 49 0 0 0
./complex_md-fit_743.pdb BC A 9.38288 31.0701 -0.977674 -6.69992 -6.36714 -20.0295 -0.586932 37.8342 -18.7881 4.15877 5.99073 3.27613 0 0 0 0.234165 2.33196 0 0 0 0 0 0 2.384 303 45 0 0 0
./complex_md-fit_744.pdb BC A 7.62426 32.7946 -2.24508 -5.96287 -7.96222 -18.0023 -0.725197 33.4121 -17.3036 4.06773 7.70527 2.24907 0 0 0 0.227387 2.71664 0.0494186 0 0 0 0 0 2.384 303 49 0 0 0
./complex_md-fit_745.pdb BC A 8.50774 33.768 -4.21066 -8.17838 -8.01707 -19.2891 -0.723305 36.4416 -18.3702 2.6216 7.43397 3.31101 0 0 0 0.536133 1.44418 0 0 0 0 0 0.0230841 2.384 303 48 0 0 0
./complex_md-fit_746.pdb BC A 6.49185 36.4255 0.738596 -4.6764 -6.04161 -18.6878 -0.397497 33.5275 -18.2199 6.32422 5.96198 2.56875 0 0 0 0.37422 1.61727 0.00511814 0 0 0 0 0 2.384 303 51 1 1 0
./complex_md-fit_747.pdb BC A 10.2507 35.6782 -6.80303 -6.80481 -7.3453 -18.6823 -0.653125 33.8628 -18.0301 1.62142 6.56454 2.40278 0 0 0 0.261066 2.94555 5.55112e-17 0 0 0 0 0 2.384 303 49 0 0 0
./complex_md-fit_748.pdb BC A 9.21845 33.8543 -3.40024 -6.5798 -6.97493 -19.1748 -0.355515 35.5125 -18.2783 3.43726 6.22337 2.3966 0 0 0 0.39334 1.73546 0 0 0 0 0 0 2.384 303 48 0 0 0
./complex_md-fit_749.pdb BC A 8.76708 40.2746 3.09229 -6.87952 -7.33059 -18.564 -0.865808 37.27 -16.9629 5.31418 7.35831 3.08007 0 0 0 0.672471 1.31095 0 0 0 0 0 0 2.384 303 48 2 2 0
./complex_md-fit_74.pdb BC A 6.79271 31.5944 -7.75716 -5.22122 -5.80035 -19.8827 -0.450568 29.8699 -21.7913 6.81019 5.41926 2.66918 0 0 0 0.620498 2.35478 0 0 0 0 0 0 2.384 303 45 1 1 0
./complex_md-fit_750.pdb BC A 7.72483 39.0966 -2.92633 -6.05822 -7.08444 -18.5919 -0.581006 33.3126 -18.7837 4.4839 7.53817 2.48112 0 0 0 0.354987 1.38737 0 0 0 0 0 0.00222793 2.384 303 48 2 2 0
./complex_md-fit_751.pdb BC A 5.84308 34.2597 -5.08837 -5.65772 -7.54397 -18.241 -0.458778 33.1883 -18.0797 2.08999 6.89519 2.60634 0 0 0 0.112982 2.49476 0 0 0 0 0 0 2.384 303 50 0 0 0
./complex_md-fit_752.pdb BC A 10.5045 22.7564 4.00749 -4.42014 -4.98989 -17.1289 -0.511551 33.3835 -16.1049 4.81489 5.68026 2.98722 0 0 0 0.242969 0.938472 0.0539444 0 0 0 0 0 2.384 303 49 0 0 0
./complex_md-fit_753.pdb BC A 7.96896 33.4039 1.96599 -5.06209 -4.94609 -15.2203 -0.657336 29.5267 -14.0697 4.44401 6.09033 1.67062 0 0 0 0.169229 0.948473 0.0206156 0 0 0 0 0 2.384 303 46 1 1 0
./complex_md-fit_754.pdb BC A 7.39312 33.0648 -3.50684 -4.74676 -5.92486 -14.5793 -0.561578 27.2692 -13.9246 2.68111 4.85083 1.05248 0 0 0 0.374404 0.689226 0 0 0 0 0 0.00231358 2.384 303 44 0 0 0
./complex_md-fit_755.pdb BC A 8.22813 35.924 -1.56944 -5.98012 -8.26779 -16.696 -0.664486 31.386 -15.3482 5.92355 6.02641 1.72279 0 0 0 0.328419 0.852652 -5.55112e-17 0 0 0 0 0 2.384 303 49 1 1 0
./complex_md-fit_756.pdb BC A 8.04473 35.9259 -5.20598 -6.03983 -7.6719 -19.0367 -0.726869 34.099 -18.7172 3.02205 7.16796 2.60647 0 0 0 0.0759432 1.44344 0.0149743 0 0 0 0 0 2.384 303 50 0 0 0
./complex_md-fit_757.pdb BC A 6.76579 31.6116 2.2216 -4.42723 -3.64742 -19.1286 -0.500533 35.1728 -18.7621 4.08532 6.17742 3.05881 0 0 0 0.193085 2.87882 0 0 0 0 0 0 2.384 303 48 0 0 0
./complex_md-fit_758.pdb BC A 5.8072 38.3882 -4.06773 -4.94713 -6.7729 -18.7916 -0.570758 34.3928 -18.1742 3.1088 5.60321 1.70902 0 0 0 0.374969 1.53916 2.77556e-17 0 0 0 0 0 2.384 303 49 0 0 0
./complex_md-fit_759.pdb BC A 9.22088 35.297 -7.15903 -8.99636 -8.44477 -18.2805 -0.488104 32.0574 -17.8563 4.00764 7.66594 2.80051 0 0 0 0.373429 1.22969 0 0 0 0 0 0.00199334 2.384 303 45 1 1 0
./complex_md-fit_75.pdb BC A 10.2404 31.0928 -8.63431 -5.2162 -6.03168 -19.8861 -0.549163 31.2161 -21.5618 3.75002 6.6914 2.5274 0 0 0 0.420355 2.3632 0 0 0 0 0 0.00533485 2.384 303 45 1 1 0
./complex_md-fit_760.pdb BC A 8.49646 32.929 -2.43068 -6.76896 -6.05336 -18.2911 -0.87629 34.6617 -17.4945 2.93679 6.61039 2.71817 0 0 0 0.0841128 1.09952 0.0187895 0 0 0 0 0.0235676 2.384 303 50 1 1 0
./complex_md-fit_761.pdb BC A 8.66406 30.111 -0.268096 -6.83967 -7.58509 -18.6497 -0.577932 33.8327 -17.9763 7.63651 7.22891 2.34072 0 0 0 0.288198 1.27171 0.0335422 0 0 0 0 0 2.384 303 47 2 2 0
./complex_md-fit_762.pdb BC A 7.01634 30.895 -3.08823 -5.60992 -5.93238 -19.1484 -0.626788 33.3732 -19.0779 5.75567 6.47352 1.27518 0 0 0 0.419988 1.76493 0.00956095 0 0 0 0 0 2.384 303 46 0 0 0
./complex_md-fit_763.pdb BC A 7.11556 31.8694 -4.38384 -5.34551 -8.80167 -20.1013 -0.652951 35.9783 -20.1039 4.45626 7.85183 2.2317 0 0 0 0.103367 1.29912 2.77556e-17 0 0 0 0 0 2.384 303 51 1 1 0
./complex_md-fit_764.pdb BC A 7.51543 30.3341 -1.7849 -5.44248 -6.18167 -19.0073 -0.636077 34.9351 -18.4441 3.73995 6.8 2.2942 0 0 0 0.173788 2.81443 -0.0163178 0 0 0 0 0 2.384 303 48 0 0 0
./complex_md-fit_765.pdb BC A 5.63602 29.4801 -1.96556 -6.86043 -5.77296 -18.4777 -0.509393 33.8773 -17.8635 4.8512 6.17583 2.16217 0 0 0 0.452007 1.12539 0 0 0 0 0 0 2.384 303 48 2 2 0
./complex_md-fit_766.pdb BC A 6.28799 36.1957 -5.31887 -7.32602 -8.92299 -18.3753 -0.368476 34.3419 -17.638 2.67196 7.40844 2.25107 0 0 0 0.610922 1.24101 0.0276888 0 0 0 0 0 2.384 303 48 0 0 0
./complex_md-fit_767.pdb BC A 8.23679 38.6315 0.826799 -5.96111 -6.39768 -19.2412 -0.497447 35.6767 -18.4739 5.0298 8.34283 2.1609 0 0 0 0.12632 2.63723 0.0432079 0 0 0 0 0.0184502 2.384 303 52 1 1 0
./complex_md-fit_768.pdb BC A 7.92064 34.7022 -4.95525 -7.92225 -7.73274 -18.4664 -0.654714 33.2829 -18.1031 3.66498 7.86777 2.7965 0 0 0 0.311826 1.2137 0 0 0 0 0 0 2.384 303 50 0 0 0
./complex_md-fit_769.pdb BC A 7.15629 30.4036 -1.32384 -4.66487 -5.03242 -19.0803 -0.495405 34.4044 -18.7499 3.2963 6.17528 2.40267 0 0 0 0.389134 2.51422 0.0313172 0 0 0 0 0 2.384 303 49 0 0 0
./complex_md-fit_76.pdb BC A 8.07512 26.0795 -11.8078 -4.35141 -7.75332 -19.4161 -0.391584 30.6144 -20.6653 2.5766 5.36784 1.93759 0 0 0 0.273476 1.86622 0 0 0 0 0 0 2.384 303 47 0 0 0
./complex_md-fit_770.pdb BC A 9.828 28.1713 -0.105355 -6.52064 -7.00246 -17.7004 -0.471509 32.1696 -16.9344 7.85104 6.02691 2.36734 0 0 0 0.106146 1.68477 0.00305856 0 0 0 0 0 2.384 303 49 2 2 0
./complex_md-fit_771.pdb BC A 10.4216 32.5879 6.58466 -5.0857 -5.21958 -19.4022 -0.609598 36.4155 -19.0262 10.1363 6.44029 2.60095 0 0 0 0.324723 1.44246 0.0102658 0 0 0 0 0 2.384 303 47 2 2 0
./complex_md-fit_772.pdb BC A 7.15994 25.1183 0.53085 -4.63024 -5.47444 -17.8187 -0.706498 32.8372 -17.5643 4.70067 6.24207 2.76822 0 0 0 0.145464 2.45475 0.0314048 0 0 0 0 0 2.384 303 47 0 0 0
./complex_md-fit_773.pdb BC A 8.32848 29.9487 2.42556 -4.17619 -6.06334 -18.1354 -0.297874 33.9049 -17.1597 4.32574 6.57486 3.29635 0 0 0 0.156235 2.04163 -5.55112e-17 0 0 0 0 0 2.384 303 50 2 2 0
./complex_md-fit_774.pdb BC A 7.84466 30.7135 -0.524517 -5.32534 -4.52087 -19.5931 -0.517297 34.1195 -19.6469 5.9471 6.41324 2.18035 0 0 0 0.409594 1.8002 0.00925053 0 0 0 0 0 2.384 303 52 1 1 0
./complex_md-fit_775.pdb BC A 7.45005 35.9193 -2.20484 -8.45913 -7.21091 -18.7859 -0.409096 33.5821 -18.209 7.50187 6.91012 1.99228 0 0 0 0.874687 0.997263 0 0 0 0 0 0.0080709 2.384 303 48 2 2 0
./complex_md-fit_776.pdb BC A 7.53663 31.2706 -4.63418 -6.15707 -8.78486 -19.629 -0.647497 35.7364 -18.9836 2.96423 7.67395 2.10678 0 0 0 1.08648 2.44805 5.55112e-17 0 0 0 0 0 2.384 303 49 0 0 0
./complex_md-fit_777.pdb BC A 10.4969 27.7188 -6.59986 -6.41393 -8.39263 -19.6244 -0.744675 35.1595 -18.845 3.94148 6.44008 1.21857 0 0 0 0.661184 1.23506 0 0 0 0 0 0 2.384 303 49 0 0 0
./complex_md-fit_778.pdb BC A 8.70243 34.3172 4.00601 -5.44542 -5.90254 -17.8314 -0.452446 34.8293 -16.5498 6.86287 5.68968 2.66451 0 0 0 0.141348 2.38337 0 0 0 0 0 0 2.384 303 50 2 2 0
./complex_md-fit_779.pdb BC A 8.35474 30.1211 -0.334455 -5.84587 -6.83505 -18.4431 -0.489895 35.1452 -17.9199 5.51398 6.61511 1.70032 0 0 0 0.224729 2.26199 0 0 0 0 0 0 2.384 303 48 2 2 0
./complex_md-fit_77.pdb BC A 6.53226 34.324 -12.111 -7.02888 -6.06595 -19.1247 -0.429791 30.3347 -19.9916 1.12574 6.98313 1.99273 0 0 0 0.0855346 2.05842 0 0 0 0 0 0.00806244 2.384 303 47 0 0 0
./complex_md-fit_780.pdb BC A 10.3581 31.3483 -6.39804 -5.48134 -7.90687 -19.901 -0.315673 35.0066 -19.9345 1.97575 7.39064 2.50595 0 0 0 0.262445 1.36127 5.55112e-17 0 0 0 0 0 2.384 303 48 0 0 0
./complex_md-fit_781.pdb BC A 8.61599 37.4411 -5.54522 -5.00252 -7.68683 -18.6364 -0.592381 33.2929 -18.6008 3.04936 6.32172 1.94313 0 0 0 0.315607 1.99561 0.0374629 0 0 0 0 0.0134775 2.384 303 48 0 0 0
./complex_md-fit_782.pdb BC A 6.5902 33.9637 -1.57599 -7.50522 -6.60404 -17.7719 -0.35432 33.5531 -16.7093 3.24903 7.06304 3.11268 0 0 0 0.357638 1.33342 0.0333052 0 0 0 0 0 2.384 303 48 0 0 0
./complex_md-fit_783.pdb BC A 6.47468 36.3489 0.85029 -5.44949 -6.57496 -18.6542 -0.539831 35.3129 -18.1221 6.17576 6.45109 2.09363 0 0 0 0.146172 1.03803 1.11022e-16 0 0 0 0 0.0112544 2.384 303 49 1 1 0
./complex_md-fit_784.pdb BC A 8.15127 41.6552 -2.57106 -5.20837 -10.1161 -19.9825 -0.484492 36.6743 -19.7599 6.16554 7.57415 2.10882 0 0 0 0.432123 3.13885 0.0252553 0 0 0 0 0 2.384 303 47 2 2 0
./complex_md-fit_785.pdb BC A 8.45393 38.402 1.33504 -4.6131 -4.60864 -18.2734 -0.425351 33.9871 -17.9941 4.77721 5.41947 2.74567 0 0 0 0.3202 2.57945 6.93889e-18 0 0 0 0 0 2.384 303 49 0 0 0
./complex_md-fit_786.pdb BC A 9.11756 25.1538 -2.63247 -6.34699 -5.72093 -19.6826 -0.50549 36.5043 -19.4819 3.88913 7.23718 1.24885 0 0 0 0.248923 1.66774 -0.0351735 0 0 0 0 0.0121972 2.384 303 50 0 0 0
./complex_md-fit_787.pdb BC A 6.23678 31.5897 -0.280567 -4.94503 -5.17502 -18.8103 -0.324071 35.4153 -18.0533 3.44749 6.26556 1.37662 0 0 0 0.522208 1.18238 0 0 0 0 0 0 2.384 303 49 0 0 0
./complex_md-fit_788.pdb BC A 8.33465 28.8102 -2.82174 -6.57857 -8.11548 -17.8112 -0.556382 34.9237 -16.3447 3.03505 6.82946 1.60798 0 0 0 0.180802 2.54698 0 0 0 0 0 0.00765881 2.384 303 48 0 0 0
./complex_md-fit_789.pdb BC A 8.9107 27.9542 -1.87782 -6.65416 -7.12336 -19.2188 -0.570331 34.7398 -18.1974 4.6306 7.63921 2.66425 0 0 0 0.212482 1.08704 0 0 0 0 0 0 2.384 303 47 1 1 0
./complex_md-fit_78.pdb BC A 6.04953 29.0699 -14.037 -4.74247 -5.85205 -19.9313 -0.456204 30.4096 -21.827 0.559 4.84335 2.44605 0 0 0 0.507502 2.05923 0 0 0 0 0 0.00649611 2.384 303 50 0 0 0
./complex_md-fit_790.pdb BC A 6.56912 39.9568 0.656593 -7.21023 -5.93179 -18.797 -0.360226 35.4348 -17.8422 5.95075 6.42296 2.5662 0 0 0 0.423305 1.32148 0 0 0 0 0 0 2.384 303 51 0 0 0
./complex_md-fit_791.pdb BC A 8.52561 27.5042 2.07992 -3.87735 -6.22339 -18.4033 -0.596356 35.9571 -17.1372 4.09822 5.95983 2.25812 0 0 0 0.0441934 2.62057 0 0 0 0 0 0 2.384 303 50 0 0 0
./complex_md-fit_792.pdb BC A 8.12873 31.6079 -4.34924 -7.17136 -5.75157 -19.1141 -0.450686 34.7682 -18.6276 3.17637 7.32817 1.18883 0 0 0 0.323032 1.13609 -0.0184891 0 0 0 0 0 2.384 303 51 0 0 0
./complex_md-fit_793.pdb BC A 8.40299 40.6471 0.162559 -6.13421 -5.58388 -18.8428 -0.478114 35.4262 -18.0589 3.84265 7.77327 2.09947 0 0 0 0.118846 1.26964 0 0 0 0 0 0 2.384 303 48 0 0 0
./complex_md-fit_794.pdb BC A 8.404 26.0904 1.20044 -5.18089 -6.48923 -16.3016 -0.389638 31.2897 -15.4241 4.89484 6.1419 2.47668 0 0 0 0.182825 2.73807 5.55112e-17 0 0 0 0 2.22045e-16 2.384 303 49 0 0 0
./complex_md-fit_795.pdb BC A 11.6824 32.3156 5.19982 -5.22628 -5.75785 -19.5443 -0.605946 37.8458 -18.4091 7.99109 6.79942 1.95837 0 0 0 0.148578 2.78795 0 0 0 0 0 0 2.384 303 50 2 2 0
./complex_md-fit_796.pdb BC A 10.974 30.0825 -0.785759 -5.5378 -6.65973 -18.2765 -0.603334 34.1965 -16.8931 3.24804 7.10252 2.53918 0 0 0 0.0985296 2.67167 0 0 0 0 0 0 2.384 303 49 0 0 0
./complex_md-fit_797.pdb BC A 9.04239 31.975 -2.42157 -6.99317 -9.52711 -17.6032 -0.789195 33.0397 -16.0912 5.30526 7.13176 2.85422 0 0 0 0.251355 2.80627 1.38778e-17 0 0 0 0 0 2.384 303 49 2 2 0
./complex_md-fit_798.pdb BC A 8.89193 34.8255 0.415958 -5.90226 -5.92906 -18.0887 -0.888927 35.7319 -16.7561 2.94588 7.52963 1.52164 0 0 0 0.23074 2.64481 0.0212304 0 0 0 0 0 2.384 303 51 1 1 0
./complex_md-fit_799.pdb BC A 6.63749 37.3405 -1.58002 -6.47108 -7.26091 -17.8622 -0.870072 33.1392 -16.6564 4.55129 7.25157 2.22113 0 0 0 0.377485 2.7269 0 0 0 0 0 0 2.384 303 50 0 0 0
./complex_md-fit_79.pdb BC A 6.24289 27.5315 -14.5585 -7.66279 -8.34061 -18.7019 -0.46056 29.4946 -19.5329 2.16605 6.38981 1.87674 0 0 0 0.207274 2.0838 0 0 0 0 0 0.005708 2.384 303 44 0 0 0
./complex_md-fit_7.pdb BC A 7.49002 35.4752 -4.82278 -7.23592 -8.56559 -22.5887 -0.606076 41.2576 -22.3457 3.69401 8.15494 2.86521 0 0 0 0.540926 2.13161 -0.025789 0 0 0 0 0.0322832 2.384 303 55 0 0 0
./complex_md-fit_800.pdb BC A 7.16064 34.1551 -0.623933 -6.29341 -6.85761 -17.6874 -0.806544 34.5183 -16.6827 4.4552 6.91691 1.73437 0 0 0 0.0789313 1.67972 0 0 0 0 0 0 2.384 303 52 1 1 0
./complex_md-fit_801.pdb BC A 9.47755 31.5197 1.69703 -6.08385 -7.00986 -18.1946 -0.870943 35.0842 -16.6225 5.92267 7.4373 1.77255 0 0 0 0.250468 2.72653 0.011505 0 0 0 0 0 2.384 303 48 1 1 0
./complex_md-fit_802.pdb BC A 5.91396 29.8749 -2.00111 -5.759 -6.0671 -15.3736 -0.951028 29.8926 -13.8271 1.63891 5.93762 2.2708 0 0 0 0.236729 1.43987 0 0 0 0 0 0 2.384 303 46 0 0 0
./complex_md-fit_803.pdb BC A 9.34846 35.0329 1.95065 -7.37013 -7.06207 -18.5564 -0.77931 35.5534 -17.3457 6.88977 7.13412 3.16482 0 0 0 0.316862 1.47997 0 0 0 0 0 0.00533645 2.384 303 51 2 2 0
./complex_md-fit_804.pdb BC A 10.6838 35.4269 3.31897 -5.06131 -3.94573 -13.5711 -0.574716 27.8443 -11.8484 3.70458 5.65612 0.982898 0 0 0 0.132369 1.54447 0 0 0 0 0 0 2.384 303 47 0 0 0
./complex_md-fit_805.pdb BC A 6.8099 26.9557 4.26519 -6.08302 -5.89935 -16.487 -0.589148 32.7388 -15.1079 4.86232 7.40737 3.30402 0 0 0 0.106297 2.60585 0.0127476 0 0 0 0 0 2.384 303 49 0 0 0
./complex_md-fit_806.pdb BC A 6.52772 33.4389 1.08099 -5.7936 -6.7237 -16.0971 -0.516073 31.2903 -15.1975 3.99555 7.77031 1.96582 0 0 0 0.386952 1.16327 0 0 0 0 0 0 2.384 303 50 0 0 0
./complex_md-fit_807.pdb BC A 7.6457 32.0451 -2.11776 -6.09822 -5.78239 -16.8084 -0.594275 31.6193 -16.4163 3.27658 6.1985 2.25001 0 0 0 0.237407 1.14615 0 0 0 0 0 0 2.384 303 48 0 0 0
./complex_md-fit_808.pdb BC A 7.96146 24.8806 1.65013 -6.69832 -5.39324 -18.8586 -0.686619 36.8245 -18.256 4.42588 7.07322 2.94247 0 0 0 0.271917 2.62281 2.77556e-17 0 0 0 0 0.00496255 2.384 303 49 0 0 0
./complex_md-fit_809.pdb BC A 6.65476 31.5551 -1.38149 -5.44225 -7.58775 -16.9751 -0.487512 32.2537 -16.2306 3.50974 7.79869 1.47156 0 0 0 0.308107 2.82819 0 0 0 0 0 0 2.384 303 48 0 0 0
./complex_md-fit_80.pdb BC A 7.63159 35.0821 -8.26506 -6.03342 -5.25081 -19.7166 -0.401293 32.2077 -20.8538 3.18069 6.70394 1.7055 0 0 0 0.185493 2.13227 0 0 0 0 0 0.00749323 2.384 303 48 0 0 0
./complex_md-fit_810.pdb BC A 9.34319 32.2864 3.6375 -6.04088 -6.34544 -16.3183 -0.51394 33.0254 -14.9423 4.09596 7.83916 2.63789 0 0 0 0.199969 2.13598 0 0 0 0 0 0 2.384 303 49 1 1 0
./complex_md-fit_811.pdb BC A 5.88335 29.7307 6.91324 -4.60162 -4.76605 -17.3554 -0.596376 34.2008 -16.219 6.11935 6.45342 3.21282 0 0 0 0.474689 1.69678 -0.00949415 0 0 0 0 0 2.384 303 49 2 2 0
./complex_md-fit_812.pdb BC A 6.92681 32.7839 0.450404 -6.56407 -4.62032 -18.2591 -0.283097 35.0941 -16.9743 4.63019 5.44752 1.76671 0 0 0 0.222445 1.5401 -0.00963931 0 0 0 0 0 2.384 303 52 0 0 0
./complex_md-fit_813.pdb BC A 7.10963 31.4806 -1.55538 -6.66417 -7.32257 -15.3863 -0.579353 31.2842 -14.2626 1.6029 7.18651 2.47461 0 0 0 0.137801 1.42046 -0.0263833 0 0 0 0 0 2.384 303 48 0 0 0
./complex_md-fit_814.pdb BC A 7.65091 36.3486 -3.30564 -7.6915 -7.01631 -17.4404 -0.605754 33.5321 -16.4144 2.48757 7.42078 2.23248 0 0 0 0.200169 1.2889 -0.0103552 0 0 0 0 0 2.384 303 48 0 0 0
./complex_md-fit_815.pdb BC A 8.3144 39.2518 -6.28929 -6.79778 -8.07166 -16.916 -0.525827 32.2242 -16.1498 2.30066 5.70313 1.63489 0 0 0 0.334059 1.56577 -0.0251989 0 0 0 0 0 2.384 303 48 0 0 0
./complex_md-fit_816.pdb BC A 6.50206 32.6964 1.15607 -5.17666 -6.44158 -17.6437 -0.548147 33.7834 -17.1571 4.38876 7.045 2.72419 0 0 0 0.149688 3.06885 0.0322224 0 0 0 0 0 2.384 303 46 0 0 0
./complex_md-fit_817.pdb BC A 8.71047 30.8326 -3.58476 -7.38787 -6.60148 -17.0889 -0.609805 31.5173 -16.5302 2.49553 6.63594 3.82653 0 0 0 0.158147 1.73774 0 0 0 0 0 0 2.384 303 46 0 0 0
./complex_md-fit_818.pdb BC A 7.7517 31.9124 -4.20401 -6.22559 -7.07068 -17.9303 -0.484952 33.1235 -17.8034 2.7712 7.24386 2.13954 0 0 0 0.0462148 1.27899 -0.0133931 0 0 0 0 0 2.384 303 52 0 0 0
./complex_md-fit_819.pdb BC A 9.09163 30.3631 0.359512 -4.06176 -5.53262 -17.7246 -0.760448 33.8985 -17.9652 2.99646 6.12112 3.02349 0 0 0 0.376342 1.69191 -0.0117909 0 0 0 0 0 2.384 303 49 0 0 0
./complex_md-fit_81.pdb BC A 8.87727 26.9707 -6.32551 -4.6045 -3.54335 -19.7654 -0.545591 32.3302 -21.1207 2.42977 5.95356 1.86489 0 0 0 0.643048 2.1704 0.0324896 0 0 0 0 0 2.384 303 47 0 0 0
./complex_md-fit_820.pdb BC A 6.78799 34.9366 -5.92965 -7.3294 -9.32477 -17.3361 -0.594554 33.425 -16.2158 0.908895 8.13864 2.22713 0 0 0 0.150961 2.6004 0 0 0 0 0 0.0203045 2.384 303 46 0 0 0
./complex_md-fit_821.pdb BC A 5.74319 35.2116 -7.42873 -6.26614 -9.70698 -16.3088 -0.711579 29.8699 -15.9121 2.0484 7.28985 2.07485 0 0 0 0.19177 1.55837 0.00216756 0 0 0 0 0 2.384 303 48 0 0 0
./complex_md-fit_822.pdb BC A 7.57436 36.2065 -1.86896 -6.78507 -5.79625 -17.4099 -0.574518 33.1044 -17.0544 2.94027 6.83536 2.50927 0 0 0 0.357028 1.56361 1.11022e-16 0 0 0 0 0.00477547 2.384 303 50 0 0 0
./complex_md-fit_823.pdb BC A 6.5801 31.6827 -2.41409 -5.47818 -6.95718 -17.1663 -0.360455 32.2232 -16.289 2.21713 6.4661 2.59656 0 0 0 0.334064 2.05877 0 0 0 0 0 0 2.384 303 47 0 0 0
./complex_md-fit_824.pdb BC A 6.96253 35.5614 -3.03506 -6.89064 -7.48944 -17.1699 -0.681592 31.5457 -16.9014 4.16328 7.61501 2.52137 0 0 0 0.245085 2.73597 0.00746329 0 0 0 0 0 2.384 303 48 0 0 0
./complex_md-fit_825.pdb BC A 9.40988 33.0897 -2.93709 -7.32213 -8.66868 -17.1797 -0.656149 32.9469 -16.6096 3.33037 7.98115 2.92279 0 0 0 0.317998 2.44241 0 0 0 0 0 0 2.384 303 46 0 0 0
./complex_md-fit_826.pdb BC A 7.55865 31.9247 -5.62859 -7.73708 -7.23694 -19.1901 -0.820855 35.0784 -19.2333 2.92039 7.29308 2.85618 0 0 0 0.447617 3.02879 -0.0136709 0 0 0 0 0.00760866 2.384 303 51 0 0 0
./complex_md-fit_827.pdb BC A 7.07597 33.6704 -3.40355 -7.86204 -9.08165 -18.3057 -0.726718 34.6152 -17.5881 5.49834 7.30205 2.67029 0 0 0 0.0581427 2.77505 0 0 0 0 0 0.0165972 2.384 303 49 1 1 0
./complex_md-fit_828.pdb BC A 9.32384 27.856 -1.59193 -5.73107 -6.14235 -18.9171 -0.650263 35.3306 -18.7299 3.9549 6.96203 2.22713 0 0 0 0.120076 2.77457 -0.0160262 0 0 0 0 0 2.384 303 46 1 1 0
./complex_md-fit_829.pdb BC A 6.31843 32.2868 -0.689384 -6.93833 -6.57621 -19.2888 -0.560116 35.4223 -19.6311 5.79475 8.04088 2.8882 0 0 0 0.149958 3.00228 -0.0109159 0 0 0 0 0.0200653 2.384 303 49 1 1 0
./complex_md-fit_82.pdb BC A 9.50041 33.5052 -11.3507 -5.521 -4.86934 -19.6997 -0.406078 30.8132 -21.8827 2.60802 4.87047 2.34559 0 0 0 0.3872 1.74325 0 0 0 0 0 0.00361357 2.384 303 49 0 0 0
./complex_md-fit_830.pdb BC A 8.79631 34.9347 -6.44142 -6.0689 -8.9035 -17.8026 -0.720526 31.7536 -17.776 2.53838 7.50811 2.7209 0 0 0 0.309119 1.40983 -1.38778e-17 0 0 0 0 0 2.384 303 51 0 0 0
./complex_md-fit_831.pdb BC A 7.13027 37.3909 1.5773 -6.31328 -8.89382 -19.5963 -0.779298 36.6711 -19.5254 6.48534 8.6134 4.61045 0 0 0 0.317248 2.35209 -0.012183 0 0 0 0 0 2.384 303 47 1 1 0
./complex_md-fit_832.pdb BC A 8.55496 40.353 -2.52988 -7.73437 -7.48708 -17.0577 -0.741028 31.3867 -16.9173 5.14078 7.00802 3.59963 0 0 0 0.272462 1.55489 -2.77556e-17 0 0 0 0 0 2.384 303 47 2 2 0
./complex_md-fit_833.pdb BC A 7.91836 29.5958 -0.908831 -6.94035 -7.14784 -16.4754 -0.544678 31.1747 -15.7119 3.57902 7.30833 3.56067 0 0 0 0.2887 1.56295 0 0 0 0 0 0 2.384 303 50 0 0 0
./complex_md-fit_834.pdb BC A 6.44802 42.4349 -6.07365 -7.93502 -7.16997 -15.9899 -0.823344 29.8088 -15.3843 2.71949 6.17187 2.34811 0 0 0 0.180533 1.56757 -5.55112e-17 0 0 0 0 0 2.384 303 47 0 0 0
./complex_md-fit_835.pdb BC A 6.05605 31.6961 -1.90056 -5.9343 -6.84913 -16.1702 -0.691312 30.9096 -15.5741 3.18775 6.20824 2.76426 0 0 0 0.24864 1.95589 -3.46945e-18 0 0 0 0 0 2.384 303 48 0 0 0
./complex_md-fit_836.pdb BC A 5.78095 28.7245 -3.90511 -5.91277 -8.65982 -18.224 -0.74116 33.5482 -18.5422 3.3328 8.52219 2.49285 0 0 0 0.290467 1.43234 -0.0116425 0 0 0 0 0 2.384 303 49 0 0 0
./complex_md-fit_837.pdb BC A 8.72601 22.574 -3.53379 -5.6144 -6.32397 -18.0111 -0.830023 32.8793 -18.2684 2.13814 7.77132 2.63082 0 0 0 0.104327 1.47652 -0.00976238 0 0 0 0 0 2.384 303 48 0 0 0
./complex_md-fit_838.pdb BC A 5.90894 30.5066 -2.56167 -5.93131 -5.66301 -15.8321 -0.702575 29.4485 -15.8864 3.10311 6.13515 2.61778 0 0 0 0.149123 1.21176 5.55112e-17 0 0 0 0 0 2.384 303 49 0 0 0
./complex_md-fit_839.pdb BC A 9.02293 29.7734 -0.555288 -4.96899 -6.21274 -17.0843 -0.632656 32.8926 -16.8286 4.07653 5.2116 2.85829 0 0 0 0.146645 3.20805 -0.0137008 0 0 0 0 0 2.384 303 48 0 0 0
./complex_md-fit_83.pdb BC A 6.99332 34.6225 -3.94766 -4.47137 -4.75197 -19.5973 -0.318937 33.1607 -20.7809 4.22045 6.16996 2.17949 0 0 0 0.23701 2.20112 0 0 0 0 0 0.00516173 2.384 303 49 1 1 0
./complex_md-fit_840.pdb BC A 7.02184 37.2292 3.42059 -3.3887 -5.25204 -15.0919 -0.570746 29.6692 -14.7751 3.85837 5.33055 3.17427 0 0 0 0.428707 2.81493 0.0379861 0 0 0 0 0 2.384 303 52 0 0 0
./complex_md-fit_841.pdb BC A 9.98982 34.4682 -4.15157 -7.50767 -8.71663 -13.9908 -0.582724 27.5897 -13.3032 2.06595 7.1018 2.87596 0 0 0 0.297513 0.925488 0 0 0 0 0 0.0185523 2.384 303 44 0 0 0
./complex_md-fit_842.pdb BC A 5.99795 30.9757 -2.59657 -7.61599 -7.84862 -14.6248 -0.594308 28.7473 -14.0464 2.55117 6.85812 3.55749 0 0 0 0.410819 0.967776 0 0 0 0 0 0.00866817 2.384 303 45 1 1 0
./complex_md-fit_843.pdb BC A 7.09431 27.6276 -3.11927 -7.4912 -7.58186 -16.7563 -0.600182 31.5714 -16.5742 4.22425 7.35213 2.48996 0 0 0 0.236153 2.79911 0.0106323 0 0 0 0 0 2.384 303 48 1 1 0
./complex_md-fit_844.pdb BC A 6.9279 33.97 -0.198901 -7.98436 -4.77834 -15.6244 -0.634371 30.1949 -14.8115 4.47964 6.06982 2.82447 0 0 0 0.0588364 1.11154 0 0 0 0 0 0.00640321 2.384 303 45 1 1 0
./complex_md-fit_845.pdb BC A 9.16728 36.2926 1.34809 -5.18443 -4.71936 -16.5933 -0.601121 32.6704 -16.2372 4.20489 5.49029 2.19539 0 0 0 0.122536 1.76287 0 0 0 0 0 0 2.384 303 42 0 0 0
./complex_md-fit_846.pdb BC A 7.58013 28.9376 -4.08156 -5.77265 -6.89111 -18.2242 -0.57013 33.9414 -18.2508 2.94577 5.68879 2.95013 0 0 0 0.101305 1.76256 -1.38778e-17 0 0 0 0 0 2.384 303 49 1 1 0
./complex_md-fit_847.pdb BC A 7.23998 29.6753 -0.0739771 -6.29093 -5.48598 -16.0242 -0.605756 31.7725 -15.5555 4.15128 4.6642 3.24359 0 0 0 0.0568051 1.19438 0 0 0 0 0 0 2.384 303 47 1 1 0
./complex_md-fit_848.pdb BC A 6.62939 36.392 -5.2438 -8.43885 -8.48103 -17.7201 -0.531084 33.6345 -17.2325 2.67677 7.28926 2.98269 0 0 0 0.576587 1.89411 0 0 0 0 0 0 2.384 303 46 0 0 0
./complex_md-fit_849.pdb BC A 7.15949 32.9817 -8.45074 -9.56932 -8.79016 -17.9167 -0.790494 33.2083 -17.4986 3.18329 7.69306 1.74952 0 0 0 0.288637 1.29682 -0.0380109 0 0 0 0 0.0297604 2.384 303 46 2 2 0
./complex_md-fit_84.pdb BC A 7.40006 36.0579 -11.5132 -7.60716 -6.2409 -19.0874 -0.43585 29.8543 -20.0274 2.32577 7.3637 2.02601 0 0 0 0.223861 1.86415 0.091901 0 0 0 0 0 2.384 303 45 0 0 0
./complex_md-fit_850.pdb BC A 7.60331 35.6223 -5.20846 -9.08551 -9.83278 -14.8552 -0.571414 28.5031 -13.7228 4.07608 7.45173 2.6337 0 0 0 0.189357 1.2917 0 0 0 0 0 0.00524883 2.384 303 42 2 2 0
./complex_md-fit_851.pdb BC A 9.95267 35.8228 -0.997453 -7.06749 -6.52065 -14.575 -0.695893 28.5376 -13.9035 4.54725 5.75779 2.83998 0 0 0 0.0603116 2.38361 0.0221313 0 0 0 0 0 2.384 303 43 0 0 0
./complex_md-fit_852.pdb BC A 6.83361 25.9435 -3.2546 -6.99237 -8.88758 -14.6356 -0.637799 27.99 -14.2649 3.89163 7.19568 2.93074 0 0 0 0.135923 2.10667 0 0 0 0 0 0.0196285 2.384 303 46 0 0 0
./complex_md-fit_853.pdb BC A 6.42292 30.7901 -2.55333 -7.38161 -8.08918 -15.942 -0.732111 30.9874 -15.5111 3.16407 7.6525 2.77602 0 0 0 0.489097 1.77006 0.0336222 0 0 0 0 0 2.384 303 44 0 0 0
./complex_md-fit_854.pdb BC A 6.82106 30.7317 -2.58486 -7.84083 -7.10568 -17.3351 -0.706122 32.5238 -17.5006 4.48921 7.70663 2.6857 0 0 0 0.465844 2.25814 0.0322695 0 0 0 0 0 2.384 303 47 0 0 0
./complex_md-fit_855.pdb BC A 10.8836 33.8846 -0.558593 -7.84224 -5.46822 -16.3234 -0.648891 31.772 -15.6147 2.51755 6.54403 4.38011 0 0 0 0.107903 1.39952 0.0172437 0 0 0 0 0 2.384 303 48 0 0 0
./complex_md-fit_856.pdb BC A 8.67469 36.0681 -1.23889 -6.72759 -5.91574 -15.0868 -0.735149 30.4008 -14.423 2.05918 6.22138 2.86247 0 0 0 0.105609 1.47642 2.77556e-17 0 0 0 0 0 2.384 303 42 0 0 0
./complex_md-fit_857.pdb BC A 11.1403 29.8219 -1.22671 -8.60472 -6.9822 -15.5914 -0.660681 30.0972 -15.4396 4.05396 7.97033 3.61587 0 0 0 0.314545 0.951676 0 0 0 0 0 0 2.384 303 45 2 2 0
./complex_md-fit_858.pdb BC A 7.60789 28.8768 -2.62989 -8.66836 -6.83336 -17.5328 -0.873517 34.0192 -16.9929 3.10747 8.0581 2.94375 0 0 0 0.129096 1.62227 5.55112e-17 0 0 0 0 0.0133977 2.384 303 45 0 0 0
./complex_md-fit_859.pdb BC A 11.3289 32.945 -0.613292 -7.19544 -5.79846 -16.2875 -0.677436 30.3509 -16.152 5.00906 7.05557 3.0419 0 0 0 0.0579831 2.71467 -0.0177676 0 0 0 0 0 2.384 303 49 1 1 0
./complex_md-fit_85.pdb BC A 9.84927 31.389 -11.3832 -6.35655 -4.83701 -18.1041 -0.389602 28.4796 -19.7249 2.29385 5.3544 1.58477 0 0 0 0.311347 1.9236 0 0 0 0 0 0.00501828 2.384 303 44 0 0 0
./complex_md-fit_860.pdb BC A 6.94901 36.6617 2.35195 -6.86606 -5.86051 -15.4606 -0.539648 30.8742 -14.5079 5.76634 5.64265 3.1145 0 0 0 0.189039 2.81671 0 0 0 0 0 0 2.384 303 47 1 1 0
./complex_md-fit_861.pdb BC A 7.8724 38.7058 -4.67852 -8.42196 -6.41495 -14.8932 -0.62507 28.0522 -14.6304 1.92428 7.57926 2.43965 0 0 0 0.311663 1.22655 -2.77556e-17 0 0 0 0 0 2.384 303 45 0 0 0
./complex_md-fit_862.pdb BC A 7.20961 38.0727 1.61966 -6.39851 -4.93825 -15.3536 -0.624688 30.7612 -14.7248 4.31072 5.62488 2.90401 0 0 0 0.058668 1.78967 0 0 0 0 0 0 2.384 303 44 0 0 0
./complex_md-fit_863.pdb BC A 9.32858 34.758 4.42358 -5.31112 -5.06043 -13.1474 -0.704312 27.7795 -11.9851 4.79339 5.91142 2.05186 0 0 0 0.0957254 2.05099 0 0 0 0 0 0 2.384 303 42 0 0 0
./complex_md-fit_864.pdb BC A 7.11785 42.8128 -2.23297 -5.94168 -6.31938 -15.0713 -0.59394 29.8773 -14.2917 1.34607 6.04015 2.52051 0 0 0 0.201055 3.05625 -5.55112e-17 0 0 0 0 2.22045e-16 2.384 303 44 0 0 0
./complex_md-fit_865.pdb BC A 7.03242 28.2898 -0.706751 -5.23274 -6.51605 -14.9846 -0.546604 29.7886 -14.3973 1.66231 6.35179 2.90119 0 0 0 0.254737 1.19911 0 0 0 0 0 0.0118723 2.384 303 45 0 0 0
./complex_md-fit_866.pdb BC A 7.39551 29.1509 1.28252 -4.12743 -6.2896 -13.5728 -0.529032 28.362 -12.372 1.61811 5.46031 2.57966 0 0 0 0.151472 1.56506 0.00181572 0 0 0 0 0 2.384 303 43 0 0 0
./complex_md-fit_867.pdb BC A 9.18267 28.6788 -2.45581 -7.87453 -7.1654 -15.4433 -0.637821 30.6566 -14.8204 2.90983 6.99905 2.78805 0 0 0 0.148006 1.18987 -0.0159717 0 0 0 0 0 2.384 303 42 0 0 0
./complex_md-fit_868.pdb BC A 6.35234 29.8071 1.98766 -6.44361 -6.30906 -15.9853 -0.533346 32.0527 -15.524 5.57765 6.58005 2.47875 0 0 0 0.0546473 1.9799 0.0249484 0 0 0 0 0.014161 2.384 303 47 1 1 0
./complex_md-fit_869.pdb BC A 8.65743 30.0667 0.00604334 -4.28366 -5.97597 -15.5479 -0.603935 30.5159 -14.8573 1.74307 5.63588 3.12319 0 0 0 0.256867 2.26366 2.77556e-17 0 0 0 0 0 2.384 303 50 0 0 0
./complex_md-fit_86.pdb BC A 6.55125 32.2384 -9.13135 -4.65385 -5.24429 -20.3049 -0.474563 32.2786 -21.5309 2.96283 5.93443 1.29072 0 0 0 0.610524 2.28416 0 0 0 0 0 0 2.384 303 48 0 0 0
./complex_md-fit_870.pdb BC A 7.66124 28.2085 4.47168 -6.76702 -4.36332 -15.2286 -0.572614 29.9061 -14.5355 6.20702 6.26889 3.43647 0 0 0 0.0895569 1.39477 0 0 0 0 0 0.0306301 2.384 303 41 0 0 0
./complex_md-fit_871.pdb BC A 8.42661 35.1013 2.65656 -7.34199 -6.19887 -16.2514 -0.79017 32.975 -15.7275 5.56579 6.99739 3.11743 0 0 0 0.304383 1.67186 0 0 0 0 0 0.00647043 2.384 303 44 0 0 0
./complex_md-fit_872.pdb BC A 8.63324 22.4479 -1.86564 -7.24203 -5.09743 -16.5374 -0.599085 33.4204 -15.8498 2.4354 5.51971 1.78365 0 0 0 0.321332 1.52934 -0.0279432 0 0 0 0 0.00749976 2.384 303 46 0 0 0
./complex_md-fit_873.pdb BC A 6.98433 29.7148 -8.41133 -10.4773 -10.6606 -16.8982 -0.627218 32.5665 -16.2667 2.11721 8.14186 3.53719 0 0 0 0.155952 1.34976 0 0 0 0 0 0 2.384 303 44 0 0 0
./complex_md-fit_874.pdb BC A 8.9184 31.923 -0.62262 -6.52964 -6.52643 -18.2863 -0.637847 35.4547 -17.8847 3.79427 6.96223 2.93269 0 0 0 0.0984152 2.74745 0 0 0 0 0 0 2.384 303 49 0 0 0
./complex_md-fit_875.pdb BC A 7.2964 28.9289 5.33895 -5.21426 -5.17789 -17.0028 -0.371591 35.0292 -16.145 4.30763 6.22184 3.53406 0 0 0 0.164758 3.71256 -0.0399732 0 0 0 0 0.0329456 2.384 303 48 1 1 0
./complex_md-fit_876.pdb BC A 6.15216 37.3447 3.32309 -5.22154 -6.23152 -16.2773 -0.665502 33.1524 -15.4751 4.7633 5.80692 3.38058 0 0 0 0.0531384 2.76266 0 0 0 0 0 0.0376913 2.384 303 45 0 0 0
./complex_md-fit_877.pdb BC A 9.0654 25.4601 0.188704 -7.01921 -6.74257 -15.4999 -0.559971 30.5033 -14.4717 4.00395 6.56496 3.00204 0 0 0 0.407834 1.41567 0 0 0 0 0 0 2.384 303 45 2 2 0
./complex_md-fit_878.pdb BC A 6.8568 30.2499 1.12164 -6.51399 -5.4024 -16.1379 -0.411726 32.2821 -15.3741 3.592 5.94424 2.75624 0 0 0 0.359047 1.16016 0.0236448 0 0 0 0 0.0045518 2.384 303 44 0 0 0
./complex_md-fit_879.pdb BC A 6.1217 28.1321 -1.49028 -6.6435 -6.01123 -15.3618 -0.597285 29.9865 -15.0725 2.06354 6.63296 3.19768 0 0 0 0.327818 1.6292 -0.0124813 0 0 0 0 0 2.384 303 43 0 0 0
./complex_md-fit_87.pdb BC A 9.21643 27.1503 -10.2447 -6.32128 -5.77093 -21.0299 -0.568067 34.2596 -22.5126 1.84341 7.05282 1.97316 0 0 0 0.82915 2.35778 0 0 0 0 0 0 2.384 303 50 0 0 0
./complex_md-fit_880.pdb BC A 8.51235 30.7718 0.590288 -6.48205 -6.06595 -15.724 -0.534463 30.7999 -14.6913 4.27699 5.98605 2.81777 0 0 0 0.207239 1.89782 0 0 0 0 0 0 2.384 303 44 2 2 0
./complex_md-fit_881.pdb BC A 8.6968 27.376 -0.385804 -7.76746 -5.76927 -16.4206 -0.619531 33.2299 -15.641 3.35492 6.93052 2.22502 0 0 0 0.0916499 1.60459 0 0 0 0 0 0 2.384 303 43 0 0 0
./complex_md-fit_882.pdb BC A 6.45796 27.4902 -1.45659 -5.91788 -5.13366 -16.4709 -0.636253 31.022 -16.3624 3.544 5.73007 2.55243 0 0 0 0.20696 2.21339 0 0 0 0 0 0.00907063 2.384 303 47 0 0 0
./complex_md-fit_883.pdb BC A 9.17775 37.3052 2.29489 -6.54434 -4.18694 -16.4331 -0.599377 32.6676 -15.8576 4.25958 5.87363 2.91784 0 0 0 0.178669 2.117 0 0 0 0 0 0.0189152 2.384 303 42 0 0 0
./complex_md-fit_884.pdb BC A 9.61687 30.6101 0.01167 -7.07956 -4.28355 -15.9786 -0.732559 31.8754 -15.3851 2.58243 5.87036 2.8989 0 0 0 0.24389 1.66508 0 0 0 0 0 0 2.384 303 46 0 0 0
./complex_md-fit_885.pdb BC A 6.60086 33.2818 -1.96567 -7.74256 -6.33289 -16.7026 -0.644763 31.6689 -16.445 4.43748 6.4859 3.12838 0 0 0 0.181514 1.63573 0 0 0 0 0 0 2.384 303 45 0 0 0
./complex_md-fit_886.pdb BC A 6.69634 24.7798 0.906598 -6.25431 -5.88275 -15.6681 -0.527047 31.3358 -15.0385 4.15346 5.62145 3.10394 0 0 0 0.0433038 2.10372 0 0 0 0 0 0.0193892 2.384 303 44 1 1 0
./complex_md-fit_887.pdb BC A 6.21137 30.3516 -2.1537 -7.94759 -5.92852 -17.3889 -0.656734 33.3041 -17.0323 2.66978 7.09798 3.58632 0 0 0 0.142221 2.48799 0 0 0 0 0 0 2.384 303 47 0 0 0
./complex_md-fit_888.pdb BC A 7.88636 29.5327 2.5339 -5.63479 -5.00724 -16.629 -0.680834 32.643 -16.0745 5.04359 6.1551 2.41474 0 0 0 0.26992 2.72193 0.0228108 0 0 0 0 0.0111008 2.384 303 48 1 1 0
./complex_md-fit_889.pdb BC A 7.23312 34.5032 -0.288747 -6.16591 -5.95827 -14.9156 -0.669664 29.8188 -14.3833 2.89849 6.28883 2.76362 0 0 0 0.0343019 1.28902 0 0 0 0 0 0 2.384 303 47 0 0 0
./complex_md-fit_88.pdb BC A 6.39202 29.0108 -6.70309 -3.72059 -5.03323 -20.3313 -0.545804 33.8772 -21.632 1.97357 6.16535 2.10427 0 0 0 0.420734 2.45986 -5.55112e-17 0 0 0 0 0.0187142 2.384 303 46 0 0 0
./complex_md-fit_890.pdb BC A 9.17831 26.8988 0.783992 -5.25872 -5.20226 -14.9398 -0.467541 29.5564 -14.4931 3.21412 6.07742 2.26027 0 0 0 0.0372713 2.29007 0 0 0 0 0 0 2.384 303 41 0 0 0
./complex_md-fit_891.pdb BC A 7.99277 36.9908 1.65184 -5.97285 -5.06381 -15.7839 -0.548438 31.9101 -14.9768 3.09715 5.62527 3.11082 0 0 0 0.253745 1.66373 0.00048878 0 0 0 0 0 2.384 303 46 0 0 0
./complex_md-fit_892.pdb BC A 10.7383 30.5463 1.10047 -6.23784 -5.43593 -13.6709 -0.74811 26.7091 -13.139 5.67652 5.1134 2.69316 0 0 0 0.156095 2.03417 -0.0160744 0 0 0 0 0 2.384 303 44 1 1 0
./complex_md-fit_893.pdb BC A 9.28788 35.74 -2.46859 -5.16547 -4.45347 -13.8962 -0.610919 24.7657 -14.5743 4.03461 5.46786 1.8889 0 0 0 0.0746626 1.51711 0 0 0 0 0 0 2.384 303 39 0 0 0
./complex_md-fit_894.pdb BC A 7.28411 31.6605 0.262059 -5.42619 -3.3271 -13.1844 -0.657842 24.7854 -13.1751 4.48675 4.85855 1.6666 0 0 0 0.23533 2.18406 0 0 0 0 0 0 2.384 303 39 0 0 0
./complex_md-fit_895.pdb BC A 7.97806 26.1773 0.845718 -5.04807 -3.48501 -12.1761 -0.675278 23.5515 -12.2366 4.52598 4.65179 1.70796 0 0 0 0.0295677 2.02897 0 0 0 0 0 0 2.384 303 37 1 1 0
./complex_md-fit_896.pdb BC A 5.80917 32.6017 -0.868762 -5.75759 -5.76262 -13.6936 -0.6453 25.6478 -13.4273 5.0399 5.80178 1.59007 0 0 0 0.330069 0.896862 0 0 0 0 0 0.00800146 2.384 303 41 0 0 0
./complex_md-fit_897.pdb BC A 5.0313 28.0912 -6.05633 -6.85659 -6.00733 -13.978 -0.595855 24.9526 -13.9831 1.58777 6.1292 2.32271 0 0 0 0.335711 2.29861 0.0365533 0 0 0 0 0 2.384 303 42 0 0 0
./complex_md-fit_898.pdb BC A 7.78082 32.3818 -3.75274 -5.89901 -5.48577 -14.8157 -0.642471 26.8338 -14.854 3.48405 5.68284 1.67188 0 0 0 0.271588 1.16186 0 0 0 0 0 0 2.384 303 40 0 0 0
./complex_md-fit_899.pdb BC A 6.84228 27.378 -2.70551 -5.68688 -4.54679 -13.1243 -0.694478 24.1967 -13.5794 2.1076 5.82545 2.49035 0 0 0 0.306251 1.0542 0 0 0 0 0 0 2.384 303 40 0 0 0
./complex_md-fit_89.pdb BC A 7.5466 32.6398 -7.7121 -4.22729 -6.28101 -21.3323 -0.577651 35.0845 -22.9523 3.07607 6.35072 2.80096 0 0 0 0.341509 2.04606 0 0 0 0 0 0.00477394 2.384 303 47 0 0 0
./complex_md-fit_8.pdb BC A 7.7405 30.4983 1.78941 -4.47982 -6.75059 -22.2006 -0.588861 40.8695 -22.0687 6.43324 7.16089 3.27893 0 0 0 0.109162 2.22761 0 0 0 0 0 0.0262837 2.384 303 52 1 1 0
./complex_md-fit_900.pdb BC A 7.09195 28.584 -2.70127 -6.22309 -3.84493 -13.0407 -0.495655 23.9569 -12.8385 1.93213 4.58707 3.19989 0 0 0 0.0655799 1.28932 0 0 0 0 0 0 2.384 303 47 0 0 0
./complex_md-fit_901.pdb BC A 7.23533 33.7328 7.07646 -4.07395 -2.63017 -15.6331 -0.668783 31.5737 -15.3793 5.64679 5.81596 2.32114 0 0 0 0.104261 2.64188 0 0 0 0 0 0 2.384 303 46 1 1 0
./complex_md-fit_902.pdb BC A 9.86854 38.5787 -3.16663 -4.8252 -7.76416 -16.8326 -0.656851 32.1653 -16.5415 1.90165 6.85836 2.40836 0 0 0 0.120043 2.28344 0 0 0 0 0 0 2.384 303 45 0 0 0
./complex_md-fit_903.pdb BC A 9.60505 27.9277 -4.6793 -6.21891 -5.07477 -13.2918 -0.543644 24.5581 -12.9773 1.61627 5.56192 1.50241 0 0 0 0.188445 1.08057 0 0 0 0 0 0 2.384 303 45 0 0 0
./complex_md-fit_904.pdb BC A 7.29851 37.5293 0.347991 -5.25177 -3.7637 -14.3993 -0.610186 27.9872 -13.8449 3.27858 4.80112 1.82344 0 0 0 0.327499 2.28406 0 0 0 0 0 0 2.384 303 46 0 0 0
./complex_md-fit_905.pdb BC A 8.51621 35.7356 1.01366 -5.3957 -5.10144 -15.0789 -0.645052 29.4056 -14.1096 4.1305 5.97445 1.73507 0 0 0 0.0987294 2.30463 0 0 0 0 0 0 2.384 303 47 1 1 0
./complex_md-fit_906.pdb BC A 8.46766 31.3865 5.39511 -6.56987 -4.33131 -17.4408 -0.745332 35.0477 -16.6178 4.93119 6.48204 4.43543 0 0 0 0.213011 2.40593 -0.00922204 0 0 0 0 0 2.384 303 47 0 0 0
./complex_md-fit_907.pdb BC A 10.2439 29.9606 -1.51344 -6.05181 -5.88773 -16.8091 -0.569413 32.7687 -15.9456 1.58061 6.45264 2.63109 0 0 0 0.308897 2.59326 0 0 0 0 0 0.00834938 2.384 303 48 0 0 0
./complex_md-fit_908.pdb BC A 10.4793 37.3985 0.146697 -4.99528 -4.15941 -17.2689 -0.513023 33.1316 -17.1665 3.27777 5.30416 2.32938 0 0 0 0.188008 2.20594 0 0 0 0 0 0.0188355 2.384 303 48 0 0 0
./complex_md-fit_909.pdb BC A 7.86749 32.4749 0.419364 -5.03644 -4.55446 -17.9004 -0.571985 33.5562 -17.5662 3.65662 5.92209 2.77048 0 0 0 0.144104 1.76375 -0.000630969 0 0 0 0 0 2.384 303 48 0 0 0
./complex_md-fit_90.pdb BC A 9.73605 31.4331 -12.7248 -4.57969 -7.39716 -18.7319 -0.559865 29.5906 -20.0969 1.25289 5.95951 1.43332 0 0 0 0.404434 3.20404 0 0 0 0 0 0 2.384 303 48 0 0 0
./complex_md-fit_910.pdb BC A 6.93529 37.7085 -1.7866 -6.34122 -5.26629 -16.4032 -0.645461 30.8808 -15.6114 3.48059 5.35095 2.67064 0 0 0 0.116727 1.12455 -0.0187373 0 0 0 0 0 2.384 303 43 0 0 0
./complex_md-fit_911.pdb BC A 7.45995 32.0628 4.35949 -5.00502 -4.35374 -16.3252 -0.719156 31.6691 -16.3594 5.18137 6.8527 3.22157 0 0 0 0.193905 3.22107 0 0 0 0 0 0.00345024 2.384 303 48 1 1 0
./complex_md-fit_912.pdb BC A 9.55194 28.0349 -9.11896 -7.80222 -7.52059 -17.808 -0.721969 31.1661 -18.1537 2.93104 6.55285 1.96044 0 0 0 0.277012 1.35239 0 0 0 0 0 0 2.384 303 45 0 0 0
./complex_md-fit_913.pdb BC A 7.40914 29.1312 -5.58466 -6.6931 -5.96813 -17.2271 -0.791899 31.4785 -17.6179 2.85996 6.45412 1.67276 0 0 0 0.281126 1.51585 -0.0329773 0 0 0 0 0 2.384 303 48 0 0 0
./complex_md-fit_914.pdb BC A 7.62124 29.8616 2.30161 -5.46566 -6.09855 -17.1533 -0.546446 33.994 -16.3877 4.65588 6.78037 2.14286 0 0 0 0.380167 2.06982 0 0 0 0 0 0 2.384 303 46 0 0 0
./complex_md-fit_915.pdb BC A 6.50073 32.6823 -3.61294 -7.55971 -6.32994 -18.3279 -0.544355 34.3129 -17.9847 3.34955 7.66676 1.53852 0 0 0 0.2751 1.93702 -0.00916571 0 0 0 0 0 2.384 303 46 0 0 0
./complex_md-fit_916.pdb BC A 7.55637 32.7536 1.98385 -4.78382 -3.84277 -15.2492 -0.585981 28.8012 -14.9856 4.69751 6.21002 1.56915 0 0 0 0.153443 1.30127 0 0 0 0 0 0 2.384 303 46 1 1 0
./complex_md-fit_917.pdb BC A 9.02023 34.4228 -1.99831 -4.97338 -6.00463 -15.8733 -0.680347 30.8922 -15.7736 2.26751 5.59969 2.2025 0 0 0 0.344982 2.31882 0 0 0 0 0 0 2.384 303 44 0 0 0
./complex_md-fit_918.pdb BC A 8.88614 29.1287 2.84043 -3.56677 -4.49151 -17.3732 -0.517037 33.3497 -17.456 4.1582 6.0207 2.5104 0 0 0 0.184097 1.84624 0.00296929 0 0 0 0 0.0187687 2.384 303 49 1 1 0
./complex_md-fit_919.pdb BC A 6.42741 35.8434 -0.700494 -5.30878 -3.82386 -15.5917 -0.645498 28.9398 -15.8964 3.75323 5.39011 2.39378 0 0 0 0.0864507 1.23154 0 0 0 0 0 0.00240901 2.384 303 48 0 0 0
./complex_md-fit_91.pdb BC A 8.79484 29.3785 -8.7149 -6.36058 -5.6853 -18.5713 -0.622695 30.8024 -20.0868 3.02878 5.98231 2.53953 0 0 0 0.258779 2.08968 0 0 0 0 0 0 2.384 303 49 0 0 0
./complex_md-fit_920.pdb BC A 6.24139 39.0112 -2.90681 -6.42883 -5.34309 -14.4467 -0.501136 27.1969 -14.5944 3.51472 6.19612 1.30308 0 0 0 0.212685 2.41035 -0.0160676 0 0 0 0 0 2.384 303 44 1 1 0
./complex_md-fit_921.pdb BC A 7.60731 34.2211 4.095 -4.98518 -3.18107 -16.7173 -0.671688 33.0033 -16.4409 5.60916 5.69194 1.50428 0 0 0 0.282464 2.8908 0 0 0 0 0 0 2.384 303 46 1 1 0
./complex_md-fit_922.pdb BC A 7.00597 31.2707 -2.37261 -8.5658 -4.80166 -16.5122 -0.529719 31.2344 -16.0289 3.56102 6.30053 2.84783 0 0 0 0.121889 1.34324 0 0 0 0 0 0 2.384 303 46 0 0 0
./complex_md-fit_923.pdb BC A 7.1301 34.6058 0.374864 -6.17765 -4.23237 -17.4485 -0.521556 33.6856 -17.2515 3.11911 6.4929 2.47586 0 0 0 0.232947 2.37655 0 0 0 0 0 0 2.384 303 46 0 0 0
./complex_md-fit_924.pdb BC A 7.88591 32.4819 1.49949 -6.05576 -4.15693 -17.6962 -0.74594 32.9491 -17.4841 4.97452 6.22321 3.17366 0 0 0 0.299433 1.48441 0 0 0 0 0 0.0184824 2.384 303 46 1 1 0
./complex_md-fit_925.pdb BC A 6.77559 34.8376 -8.89562 -6.48547 -8.80128 -16.7457 -0.576012 30.5518 -16.6852 0.804309 6.50216 1.97626 0 0 0 0.557904 2.51527 0.00562536 0 0 0 0 0 2.384 303 45 0 0 0
./complex_md-fit_926.pdb BC A 10.6314 29.1694 -2.25892 -5.64417 -4.51749 -17.0007 -0.532091 31.5825 -17.1903 1.84921 6.72461 2.25371 0 0 0 0.229969 1.54332 -0.0141383 0 0 0 0 0 2.384 303 50 0 0 0
./complex_md-fit_927.pdb BC A 7.91114 31.5943 -7.01453 -7.84525 -6.92662 -16.0956 -0.606596 29.4068 -16.0326 1.63607 6.98443 2.19113 0 0 0 0.24577 1.59125 0.0279426 0 0 0 0 0 2.384 303 47 0 0 0
./complex_md-fit_928.pdb BC A 7.37522 32.2203 0.10387 -5.58276 -4.72324 -17.1971 -0.502243 33.6634 -16.5497 2.6819 5.2486 2.84484 0 0 0 0.21497 1.7165 0.00522982 0 0 0 0 0 2.384 303 43 0 0 0
./complex_md-fit_929.pdb BC A 8.6463 28.6067 -4.26342 -7.73967 -5.53146 -15.4543 -0.631449 30.6474 -15.0206 1.85448 5.95862 1.47207 0 0 0 0.160946 1.18504 0 0 0 0 0 0.0205957 2.384 303 47 0 0 0
./complex_md-fit_92.pdb BC A 6.63149 32.6813 -9.71948 -5.72538 -5.65092 -19.641 -0.406813 32.9659 -21.2509 0.560424 6.77895 2.55735 0 0 0 0.0989875 2.40574 -0.0115128 0 0 0 0 0.00543585 2.384 303 47 0 0 0
./complex_md-fit_930.pdb BC A 7.93411 35.2223 5.48723 -5.28714 -3.41465 -15.1543 -0.718467 29.8754 -14.7337 6.60648 5.93201 2.27019 0 0 0 0.111424 2.30349 0 0 0 0 0 0 2.384 303 43 1 1 0
./complex_md-fit_931.pdb BC A 6.98218 30.8944 -1.99302 -6.82262 -4.26751 -15.9225 -0.550486 30.015 -16.0503 3.92635 5.17946 2.44417 0 0 0 0.0554613 1.25647 0 0 0 0 0 0 2.384 303 43 0 0 0
./complex_md-fit_932.pdb BC A 8.90469 34.3421 -6.06237 -6.53884 -8.7624 -16.0515 -0.677287 30.0515 -15.9679 2.92617 7.19872 1.62003 0 0 0 0.139163 1.43503 0 0 0 0 0 0 2.384 303 46 0 0 0
./complex_md-fit_933.pdb BC A 6.28785 29.2187 1.46005 -6.51605 -4.83935 -14.5604 -0.650108 29.1262 -13.7526 4.60507 6.33627 1.50394 0 0 0 0.20715 1.20626 0 0 0 0 0 0 2.384 303 43 1 1 0
./complex_md-fit_934.pdb BC A 6.20229 38.024 0.0786992 -5.99213 -6.36205 -15.1497 -0.707776 28.8636 -14.5735 4.25106 6.67573 2.93859 0 0 0 0.165256 2.19894 -0.0303357 0 0 0 0 0 2.384 303 43 1 1 0
./complex_md-fit_935.pdb BC A 8.29374 22.7466 -2.96567 -6.26501 -7.33468 -16.1013 -0.746994 29.6341 -16.1863 4.34878 7.32696 2.26909 0 0 0 0.0588033 1.701 0.0307722 0 0 0 0 0 2.384 303 46 1 1 0
./complex_md-fit_936.pdb BC A 6.62261 30.502 -3.17146 -6.96688 -5.90519 -15.6068 -0.513006 28.763 -15.815 2.70082 7.81007 2.25579 0 0 0 0.105707 1.58958 0 0 0 0 0 0 2.384 303 45 0 0 0
./complex_md-fit_937.pdb BC A 10.0083 34.0385 0.252747 -6.83415 -4.90167 -15.653 -0.579277 30.6953 -15.9689 3.79933 7.12553 2.20765 0 0 0 0.326354 0.990124 0.03554 0 0 0 0 0 2.384 303 44 0 0 0
./complex_md-fit_938.pdb BC A 9.1856 37.7255 -0.541354 -6.65693 -5.03789 -15.6395 -0.636097 31.0743 -15.2646 3.52598 5.38782 2.59753 0 0 0 0.107972 0.931551 0 0 0 0 0 0 2.384 303 43 0 0 0
./complex_md-fit_939.pdb BC A 8.41442 30.6008 -5.12671 -8.43951 -7.22067 -15.7087 -0.586711 29.8837 -15.4975 3.27545 7.02686 2.05435 0 0 0 0.0860092 1.24365 0 0 0 0 0 0 2.384 303 42 0 0 0
./complex_md-fit_93.pdb BC A 10.6885 30.2337 -13.0776 -7.94048 -8.42643 -19.4621 -0.551086 30.653 -21.1154 2.35982 7.69567 3.15392 0 0 0 0.55555 1.93621 0 0 0 0 0 0 2.384 303 43 0 0 0
./complex_md-fit_940.pdb BC A 7.09663 26.6711 -4.53948 -8.48892 -7.70959 -12.5937 -0.66732 25.379 -12.0043 1.868 6.80745 2.82772 0 0 0 0.0422291 0.762952 0 0 0 0 0 0 2.384 303 37 0 0 0
./complex_md-fit_941.pdb BC A 13.1445 25.83 -5.06771 -9.17737 -6.10791 -15.2225 -0.687608 29.1312 -14.7291 2.37739 7.20764 1.90039 0 0 0 0.23376 0.989029 0 0 0 0 0 0.00642437 2.384 303 43 0 0 0
./complex_md-fit_942.pdb BC A 9.50285 35.341 -4.6053 -7.03755 -4.3558 -15.3481 -0.518154 28.0166 -15.4722 2.73924 5.2851 1.99718 0 0 0 0.0562446 1.57362 0.0189492 0 0 0 0 0.0131256 2.384 303 45 0 0 0
./complex_md-fit_943.pdb BC A 8.34373 38.5107 1.39577 -6.34662 -3.5326 -16.0217 -0.506349 30.487 -15.5836 3.7088 5.90171 3.25038 0 0 0 0.0544766 1.07188 -0.0156957 0 0 0 0 0 2.384 303 45 0 0 0
./complex_md-fit_944.pdb BC A 7.44258 30.4236 -6.554 -7.53378 -5.75093 -16.1756 -0.543521 29.668 -16.1564 1.59468 5.66131 2.29261 0 0 0 0.387488 1.31298 0.00219013 0 0 0 0 0 2.384 303 45 0 0 0
./complex_md-fit_945.pdb BC A 8.53313 38.4682 -1.06443 -7.489 -4.04682 -14.6691 -0.621953 29.0601 -14.1088 2.33626 6.02317 2.02366 0 0 0 0.401051 1.07388 0.0270113 0 0 0 0 0 2.384 303 45 0 0 0
./complex_md-fit_946.pdb BC A 9.234 41.2406 1.55671 -6.45364 -4.10432 -14.1341 -0.675194 28.5637 -13.1455 4.5766 5.4212 1.13391 0 0 0 0.328859 1.55869 0.0369516 0 0 0 0 0.00818977 2.384 303 40 0 0 0
./complex_md-fit_947.pdb BC A 8.6865 32.3112 -2.30601 -6.23689 -5.40968 -15.6982 -0.67003 30.1624 -15.1975 1.9069 5.67372 2.48871 0 0 0 0.674445 2.10178 0 0 0 0 0 0 2.384 303 40 0 0 0
./complex_md-fit_948.pdb BC A 5.2761 40.0279 -6.41935 -8.01849 -6.57421 -14.8492 -0.477434 28.1687 -14.5036 1.01783 6.54278 2.16222 0 0 0 0.112076 1.04864 0 0 0 0 0 0 2.384 303 44 0 0 0
./complex_md-fit_949.pdb BC A 8.71787 24.4435 0.280537 -5.46601 -3.88097 -14.8017 -0.577184 28.7183 -14.4709 3.11487 5.69218 1.92004 0 0 0 0.0318628 1.70036 0 0 0 0 0 0 2.384 303 43 0 0 0
./complex_md-fit_94.pdb BC A 7.97421 29.4749 -8.87972 -5.59278 -5.70264 -20.4741 -0.56957 32.4106 -22.5779 4.2484 6.07124 2.28366 0 0 0 1.00449 2.14806 0 0 0 0 0 0.0188929 2.384 303 47 0 0 0
./complex_md-fit_950.pdb BC A 7.5859 30.799 0.615895 -5.57152 -4.47081 -14.6062 -0.521388 28.7377 -14.2921 2.32253 6.34102 2.60365 0 0 0 0.0729921 1.24518 0 0 0 0 0 0 2.384 303 45 0 0 0
./complex_md-fit_951.pdb BC A 7.94276 35.2981 -1.92856 -8.24795 -6.42573 -14.5387 -0.75953 29.3202 -13.8859 3.3064 7.28492 1.85633 0 0 0 0.182565 0.965449 -0.0210678 0 0 0 0 0 2.384 303 45 0 0 0
./complex_md-fit_952.pdb BC A 10.7298 30.0576 -2.39092 -7.02957 -3.12551 -14.6482 -0.393178 28.33 -14.2222 1.80518 5.26212 1.42998 0 0 0 0.20043 1.78706 0 0 0 0 0 0 2.384 303 42 0 0 0
./complex_md-fit_953.pdb BC A 8.51395 29.1789 0.408667 -6.63803 -4.39041 -15.7965 -0.631329 31.2545 -15.5179 3.60348 6.36568 2.06059 0 0 0 0.0986321 1.56662 0 0 0 0 0 0 2.384 303 41 1 1 0
./complex_md-fit_954.pdb BC A 9.74878 25.1444 -3.93572 -8.23042 -6.35642 -16.6556 -0.651978 32.3384 -16.2883 3.53207 6.65932 1.54 0 0 0 0.200434 1.31823 -0.0299902 0 0 0 0 0.00678497 2.384 303 43 0 0 0
./complex_md-fit_955.pdb BC A 7.98078 27.4954 -4.4185 -8.89022 -8.82682 -13.6428 -0.541451 26.7695 -12.6177 3.81128 7.5708 1.67322 0 0 0 0.301365 0.894004 -0.0256609 0 0 0 0 0 2.384 303 41 2 2 0
./complex_md-fit_956.pdb BC A 8.79787 31.7854 -6.32856 -7.60877 -7.05253 -15.0467 -0.532615 29.6236 -14.5242 0.808037 6.32982 1.32251 0 0 0 0.349537 1.04437 0 0 0 0 0 0.00271971 2.384 303 46 0 0 0
./complex_md-fit_957.pdb BC A 7.73435 27.4694 -7.11008 -6.75579 -6.88436 -14.8765 -0.67448 27.7708 -14.7885 2.10041 5.82753 0.93228 0 0 0 0.238532 1.41343 0 0 0 0 0 0 2.384 303 41 0 0 0
./complex_md-fit_958.pdb BC A 7.53708 36.7031 -5.48584 -7.30351 -7.09005 -14.7977 -0.70091 28.7746 -14.431 1.31906 6.21055 2.17233 0 0 0 0.307738 0.943126 0.0330818 0 0 0 0 0.0199079 2.384 303 42 0 0 0
./complex_md-fit_959.pdb BC A 6.5221 30.1595 -4.43965 -8.34939 -6.40915 -15.3183 -0.685396 29.7105 -15.2658 2.03708 7.06988 2.34835 0 0 0 0.422668 1.01958 -5.55112e-17 0 0 0 0 0 2.384 303 44 0 0 0
./complex_md-fit_95.pdb BC A 8.42959 32.4993 -12.4351 -6.05118 -6.87543 -18.8321 -0.703103 28.996 -20.7719 2.14994 5.97041 2.80077 0 0 0 0.862886 2.52081 1.11022e-16 0 0 0 0 0.018634 2.384 303 45 0 0 0
./complex_md-fit_960.pdb BC A 8.08907 25.059 0.141817 -7.15923 -5.94956 -13.5292 -0.700282 27.1835 -12.9674 4.16015 5.80223 3.16373 0 0 0 0.137837 0.931718 0 0 0 0 0 0 2.384 303 39 1 1 0
./complex_md-fit_961.pdb BC A 10.1106 27.5929 1.04737 -5.78244 -4.07562 -13.9132 -0.521207 26.6038 -14.0365 3.58097 5.9383 3.21276 0 0 0 0.0444253 1.10395 -0.00381898 0 0 0 0 0 2.384 303 47 0 0 0
./complex_md-fit_962.pdb BC A 8.84749 27.0164 0.321134 -6.25303 -3.50974 -14.8745 -0.533629 29.5597 -13.9758 2.86528 5.04861 1.83298 0 0 0 0.161278 0.861804 0 0 0 0 0 0 2.384 303 40 0 0 0
./complex_md-fit_963.pdb BC A 7.25501 34.3233 2.38251 -6.3149 -5.14112 -13.9278 -0.645874 28.11 -13.114 4.94161 6.19109 1.91125 0 0 0 0.37229 1.31879 0 0 0 0 0 0 2.384 303 38 1 1 0
./complex_md-fit_964.pdb BC A 7.8938 35.203 5.91631 -4.24081 -2.99406 -14.7472 -0.592691 30.3213 -14.4 3.76792 5.26985 3.42979 0 0 0 0.102242 1.36804 -2.77556e-17 0 0 0 0 0 2.384 303 45 0 0 0
./complex_md-fit_965.pdb BC A 9.32685 24.446 -6.03631 -7.92433 -7.40577 -14.5522 -0.62097 27.3721 -13.8451 1.80309 6.21852 2.84662 0 0 0 0.0698622 0.709145 0.00180915 0 0 0 0 0 2.384 303 43 0 0 0
./complex_md-fit_966.pdb BC A 7.18357 28.4184 0.246685 -8.31401 -4.81603 -15.4736 -0.584898 30.626 -14.533 3.93649 6.70149 2.52494 0 0 0 0.179294 0.932423 0 0 0 0 0 0 2.384 303 45 0 0 0
./complex_md-fit_967.pdb BC A 9.41516 30.182 0.956811 -6.1573 -4.12302 -14.722 -0.758195 28.4542 -14.4961 4.11544 5.93893 2.59811 0 0 0 0.0729684 1.90624 0.0338037 0 0 0 0 0 2.384 303 43 0 0 0
./complex_md-fit_968.pdb BC A 10.0956 25.8667 -2.16661 -8.26072 -6.7654 -16.1227 -0.586766 30.7854 -15.4784 4.0407 7.06093 3.08409 0 0 0 0.0761673 1.23033 -5.55112e-17 0 0 0 0 0 2.384 303 44 1 1 0
./complex_md-fit_969.pdb BC A 8.13335 32.5867 3.08443 -6.4293 -5.39026 -16.0389 -0.760686 31.4943 -15.0778 5.19813 6.62094 2.95791 0 0 0 0.393508 2.29176 0.107551 0 0 0 0 0.00903342 2.384 303 47 1 1 0
./complex_md-fit_96.pdb BC A 6.61489 29.3863 -15.2134 -5.60081 -7.71883 -20.0184 -0.602176 30.4541 -21.6715 0.778779 6.04764 2.67772 0 0 0 0.440021 2.64614 0 0 0 0 0 0 2.384 303 49 0 0 0
./complex_md-fit_970.pdb BC A 9.83384 27.9213 4.73135 -6.23082 -3.52737 -15.4826 -0.728021 30.8762 -14.367 4.71775 6.66311 2.75288 0 0 0 0.0725126 2.48909 -0.0153678 0 0 0 0 0 2.384 303 45 0 0 0
./complex_md-fit_971.pdb BC A 5.94798 39.4389 -1.87053 -5.77093 -6.05329 -16.7215 -0.640213 32.5014 -16.1913 2.86496 5.48272 2.38114 0 0 0 0.276492 1.64859 0 0 0 0 0 0 2.384 303 46 1 1 0
./complex_md-fit_972.pdb BC A 7.32566 29.7617 -5.94156 -7.89821 -7.17942 -15.7859 -0.577964 29.1013 -15.6657 1.60862 7.36997 2.80834 0 0 0 0.258612 1.21753 0.0187749 0 0 0 0 0 2.384 303 44 0 0 0
./complex_md-fit_973.pdb BC A 10.5762 30.3711 -5.20808 -9.23084 -7.13246 -16.6411 -0.60474 30.9777 -16.6166 3.0255 7.96531 3.02649 0 0 0 0.0226726 1.09279 0 0 0 0 0 0 2.384 303 47 0 0 0
./complex_md-fit_974.pdb BC A 8.61967 32.6489 -8.86942 -8.51463 -8.81466 -17.3329 -0.714804 32.2712 -17.0844 1.76071 7.2249 2.16303 0 0 0 0.172173 1.67575 0 0 0 0 0 0 2.384 303 45 0 0 0
./complex_md-fit_975.pdb BC A 6.62497 43.9036 -6.11037 -9.20274 -5.99271 -15.6361 -0.577221 30.1931 -15.486 1.14122 7.02224 2.24728 0 0 0 0.197959 0.920643 -0.0174255 0 0 0 0 0 2.384 303 46 0 0 0
./complex_md-fit_976.pdb BC A 9.31271 34.4702 -3.90627 -6.94828 -6.698 -14.8488 -0.664896 29.3083 -14.3884 1.41267 6.19726 2.44939 0 0 0 0.274485 0.925204 0 0 0 0 0 0 2.384 303 49 0 0 0
./complex_md-fit_977.pdb BC A 8.5472 31.6313 1.82814 -6.04548 -4.83058 -16.274 -0.585688 32.5542 -15.4405 3.50258 6.81005 1.67829 0 0 0 0.459331 2.39733 0 0 0 0 0 0 2.384 303 39 0 0 0
./complex_md-fit_978.pdb BC A 7.34608 31.225 1.28797 -5.57286 -5.66821 -15.0564 -0.714556 29.6971 -14.4528 4.11752 6.70636 1.99926 0 0 0 0.190507 2.23782 0.0420587 0 0 0 0 0 2.384 303 42 0 0 0
./complex_md-fit_979.pdb BC A 7.43858 27.3608 -3.5869 -8.55679 -6.99251 -14.9854 -0.631864 29.6768 -14.2732 1.72122 6.76092 3.27871 0 0 0 0.415247 0.780965 0 0 0 0 0 0 2.384 303 41 0 0 0
./complex_md-fit_97.pdb BC A 9.33335 30.7529 -11.5365 -4.7619 -6.9642 -20.5955 -0.632941 33.6071 -22.297 1.42708 6.11288 2.28636 0 0 0 0.273737 2.35656 0 0 0 0 0 0.00779888 2.384 303 49 0 0 0
./complex_md-fit_980.pdb BC A 6.57062 33.4563 2.08417 -6.3246 -5.32075 -15.1159 -0.61501 29.9588 -14.5963 4.26509 7.26951 2.42464 0 0 0 0.109792 2.22898 0.0289002 0 0 0 0 0 2.384 303 43 1 1 0
./complex_md-fit_981.pdb BC A 8.02156 35.4316 -0.300128 -5.5658 -6.57211 -15.2345 -0.498891 30.4467 -14.5332 2.08742 6.2691 2.94299 0 0 0 0.35822 1.27861 0 0 0 0 0 0 2.384 303 45 0 0 0
./complex_md-fit_982.pdb BC A 11.9188 30.826 8.36508 -3.36613 -3.81228 -14.4566 -0.492076 30.125 -13.7814 5.17389 5.68367 2.70094 0 0 0 0.575455 3.92334 0.0146158 0 0 0 0 0 2.384 303 43 0 0 0
./complex_md-fit_983.pdb BC A 6.81221 37.7554 -3.03342 -4.86504 -7.52282 -15.7129 -0.654322 30.632 -15.7204 2.00983 6.13567 2.34664 0 0 0 0.317919 1.33236 0 0 0 0 0 0 2.384 303 46 0 0 0
./complex_md-fit_984.pdb BC A 5.65769 23.522 -2.72025 -8.49215 -6.09799 -15.3971 -0.556283 29.62 -14.9675 2.80808 7.64102 2.53989 0 0 0 0.182663 2.29132 -0.000909415 0 0 0 0 0 2.384 303 46 0 0 0
./complex_md-fit_985.pdb BC A 8.73882 23.3576 -1.97034 -8.12763 -5.27438 -15.2578 -0.581195 29.7107 -14.6457 1.47924 6.79623 3.51952 0 0 0 0.410604 1.47216 0 0 0 0 0 0 2.384 303 48 0 0 0
./complex_md-fit_986.pdb BC A 6.26373 29.303 2.68946 -6.6705 -4.51859 -15.9266 -0.592187 31.7732 -15.1849 4.28564 6.67208 2.59557 0 0 0 0.251793 1.3031 -0.0162742 0 0 0 0 0.0203115 2.384 303 44 1 1 0
./complex_md-fit_987.pdb BC A 7.90056 30.2508 -2.73573 -8.77276 -6.52092 -15.188 -0.57037 29.5957 -14.2941 2.6384 8.11502 2.17145 0 0 0 0.0339852 1.26322 0.0558437 0 0 0 0 0 2.384 303 43 0 0 0
./complex_md-fit_988.pdb BC A 8.67007 28.7999 -1.52077 -7.91625 -5.5166 -16.6244 -0.601774 32.9105 -16.0523 2.98003 6.85541 2.19241 0 0 0 0.252161 1.37711 0 0 0 0 0 0 2.384 303 51 1 1 0
./complex_md-fit_989.pdb BC A 8.00385 29.1526 -1.80402 -6.65444 -6.03082 -14.7463 -0.738 28.1275 -14.398 3.63076 6.19505 2.73565 0 0 0 0.0745625 1.26008 0 0 0 0 0 0 2.384 303 41 1 1 0
./complex_md-fit_98.pdb BC A 8.65283 27.0058 -13.1625 -6.08248 -8.71211 -19.6675 -0.703668 30.6478 -21.0575 3.49421 6.66496 1.96338 0 0 0 0.290456 2.10797 0 0 0 0 0 0 2.384 303 46 0 0 0
./complex_md-fit_990.pdb BC A 8.95883 28.6841 1.26042 -5.66707 -5.25702 -15.8072 -0.719455 31.5841 -15.1417 3.7845 5.83671 2.41065 0 0 0 0.252633 1.29592 -0.0156948 0 0 0 0 0 2.384 303 45 1 1 0
./complex_md-fit_991.pdb BC A 11.0335 30.2865 0.440503 -5.48169 -6.73928 -16.4967 -0.442273 32.1073 -15.4822 4.26497 6.21462 2.19668 0 0 0 0.285785 2.3038 0.0133169 0 0 0 0 0 2.384 303 45 0 0 0
./complex_md-fit_992.pdb BC A 9.29128 39.6709 -9.92529 -9.20501 -9.27212 -16.9253 -0.545011 31.0375 -16.5882 1.57387 7.60702 2.08977 0 0 0 0.302217 1.03034 0 0 0 0 0 0 2.384 303 44 0 0 0
./complex_md-fit_993.pdb BC A 6.92661 33.4189 -0.162665 -7.3538 -5.41373 -15.3755 -0.553079 29.1846 -14.3798 3.75672 5.97434 3.62618 0 0 0 0.363455 1.02967 0 0 0 0 0 0.00785071 2.384 303 42 0 0 0
./complex_md-fit_994.pdb BC A 11.8341 38.3173 -1.51844 -6.95374 -6.26199 -15.8159 -0.594216 32.4422 -14.7598 2.05158 6.33641 1.84242 0 0 0 0.139322 2.48159 0.0259956 0 0 0 0 0.0293145 2.384 303 43 0 0 0
./complex_md-fit_995.pdb BC A 7.76949 35.8165 0.806597 -6.22394 -4.2336 -14.8922 -0.618567 29.9793 -13.9874 3.28341 5.15765 2.0928 0 0 0 0.249097 0.917715 0 0 0 0 0 0 2.384 303 44 0 0 0
./complex_md-fit_996.pdb BC A 11.3937 38.3914 1.08673 -7.23701 -5.87405 -16.9859 -0.621785 32.9396 -16.453 4.87051 5.98024 4.13584 0 0 0 0.296896 1.45661 0.0353439 0 0 0 0 0 2.384 303 44 0 0 0
./complex_md-fit_997.pdb BC A 7.71384 39.0023 2.19359 -5.28755 -5.21002 -15.7579 -0.631722 30.7637 -15.1599 4.29694 6.35348 2.77311 0 0 0 0.0534243 1.80271 0 0 0 0 0 0 2.384 303 40 2 2 0
./complex_md-fit_998.pdb BC A 9.01689 25.6895 -0.806935 -7.32044 -5.94997 -16.111 -0.544942 31.5148 -15.4077 3.81899 5.99318 2.88608 0 0 0 0.294676 3.04447 0.0193787 0 0 0 0 0 2.384 303 44 0 0 0
./complex_md-fit_999.pdb BC A 8.42906 31.9817 -2.16446 -7.77431 -7.34503 -14.1602 -0.726564 27.065 -13.4875 4.21769 6.74624 3.18199 0 0 0 0.11824 2.1483 0 0 0 0 0 0 2.384 303 44 0 0 0
./complex_md-fit_99.pdb BC A 7.16675 28.0286 -12.1114 -4.4964 -5.8851 -18.0533 -0.581671 27.2501 -20.0197 1.73656 6.40875 1.38577 0 0 0 0.143544 2.18257 5.55112e-17 0 0 0 0 0 2.384 303 42 0 0 0
./complex_md-fit_9.pdb BC A 7.84202 28.0151 -4.16151 -6.75531 -8.21928 -19.3576 -0.675071 35.5311 -19.1389 3.12043 6.49792 3.9962 0 0 0 0.729306 1.92069 0.0316546 0 0 0 0 0.0779882 2.384 303 50 0 0 0
