./complex_md-fit_1000.pdb BC A 8.3202 32.0201 -5.04411 -6.39677 -6.99084 -24.3508 -0.695883 41.3018 -23.8435 5.12713 6.38491 4.21086 0 0 0 0.173829 3.64564 0.0350813 0 0 0 0 0 2.384 303 47 1 1 0
./complex_md-fit_1001.pdb BC A 7.10434 32.9548 -7.96526 -5.90554 -7.64296 -24.6869 -0.718313 41.2824 -23.8204 3.5424 6.03967 3.5055 0 0 0 0.394594 3.04633 0.0442373 0 0 0 0 0 2.384 303 46 0 0 0
./complex_md-fit_100.pdb BC A 7.64317 28.4013 -5.36051 -6.30202 -8.25815 -26.9116 -0.598036 45.1775 -27.5997 6.88413 8.54747 3.27303 0 0 0 0.426889 2.65277 0 0 0 0 0 0 2.384 303 52 1 1 0
./complex_md-fit_101.pdb BC A 8.13795 33.8194 -3.77253 -4.55927 -3.47523 -25.6488 -0.721271 42.1319 -26.1611 4.38942 6.75159 2.54948 0 0 0 0.899287 2.30918 0.071476 0 0 0 0 0 2.384 303 49 2 2 0
./complex_md-fit_102.pdb BC A 5.99712 36.4447 -0.582891 -3.08963 -3.75067 -24.5782 -0.54956 40.4568 -25.0396 6.903 5.96004 2.96843 0 0 0 0.13645 3.19403 0 0 0 0 0 0 2.384 303 48 2 2 0
./complex_md-fit_103.pdb BC A 8.67632 32.0238 -4.21982 -5.01686 -5.9325 -26.5057 -0.723707 45.3671 -26.3675 5.1802 6.58106 2.76605 0 0 0 0.432021 2.72945 0 0 0 0 0 0 2.384 303 48 0 0 0
./complex_md-fit_104.pdb BC A 6.77703 31.7718 -6.83732 -3.21947 -6.03791 -24.2897 -0.481782 39.3674 -24.7975 2.12275 7.16355 2.72353 0 0 0 0.611843 2.33213 0 0 0 0 0 0 2.384 303 47 0 0 0
./complex_md-fit_105.pdb BC A 9.21899 25.7894 -6.40064 -4.63304 -8.11076 -25.6408 -0.706382 43.3002 -25.7635 5.96919 6.7646 1.90283 0 0 0 0.490773 4.04831 0.026248 0 0 0 0 0 2.384 303 51 0 0 0
./complex_md-fit_106.pdb BC A 8.31493 29.4538 -9.21401 -4.78387 -7.79276 -27.1342 -0.71458 45.2276 -27.5665 4.24068 6.48097 2.63003 0 0 0 0.193251 2.81271 0 0 0 0 0 0.00534177 2.384 303 50 0 0 0
./complex_md-fit_107.pdb BC A 7.94639 34.9444 -10.2243 -5.30914 -7.38074 -25.0497 -0.674608 40.6559 -25.9224 2.75214 7.78513 2.52914 0 0 0 0.367702 2.3909 0.0222587 0 0 0 0 0 2.384 303 46 0 0 0
./complex_md-fit_108.pdb BC A 6.43336 29.6597 -5.15066 -4.90922 -4.87346 -24.9229 -0.717625 40.5738 -25.7129 6.24224 7.21844 1.91014 0 0 0 0.0398124 2.46518 -5.55112e-17 0 0 0 0 0.000964363 2.384 303 47 1 1 0
./complex_md-fit_109.pdb BC A 10.8268 27.0421 -5.1172 -4.68231 -4.83929 -25.3845 -0.521367 42.6682 -26.2278 3.5971 7.20604 2.79884 0 0 0 0.206707 2.66778 0.0377982 0 0 0 0 0.0233936 2.384 303 49 0 0 0
./complex_md-fit_10.pdb BC A 6.86757 36.055 -1.93583 -5.71905 -6.81406 -27.4728 -0.665364 47.9167 -27.009 5.17794 8.29686 4.09556 0 0 0 0.223127 2.88319 0.0342521 0 0 0 0 0 2.384 303 54 1 1 0
./complex_md-fit_110.pdb BC A 10.4377 31.4093 -8.83088 -4.60461 -6.67797 -24.598 -0.668937 41.0042 -25.1255 2.11081 7.27051 2.0604 0 0 0 0.377021 2.48721 0 0 0 0 0 0.0211345 2.384 303 47 0 0 0
./complex_md-fit_111.pdb BC A 8.06446 25.6526 -12.4583 -6.47343 -8.25498 -24.3972 -0.82912 38.1553 -25.2371 3.72846 7.11294 3.45556 0 0 0 0.224718 2.79717 0.0468856 0 0 0 0 0.00962452 2.384 303 49 0 0 0
./complex_md-fit_112.pdb BC A 11.1509 26.9964 -10.1163 -4.6325 -6.08838 -25.3823 -0.58125 41.3361 -26.4425 2.90569 6.17779 2.16173 0 0 0 0.424708 2.56944 0 0 0 0 0 0.00460597 2.384 303 48 0 0 0
./complex_md-fit_113.pdb BC A 9.36482 29.5793 -4.42635 -7.01212 -6.7645 -25.855 -0.702614 42.0186 -26.3114 9.77805 6.4197 3.50282 0 0 0 0.480903 3.10196 0.0192308 0 0 0 0 0 2.384 303 48 2 2 0
./complex_md-fit_114.pdb BC A 6.22972 31.9394 -7.4177 -6.26634 -5.43026 -27.0255 -0.590502 43.9799 -28.2001 3.99103 7.05132 4.46659 0 0 0 0.619561 2.93173 -0.0134656 0 0 0 0 0 2.384 303 48 0 0 0
./complex_md-fit_115.pdb BC A 9.68892 25.0635 -7.24597 -5.30461 -7.47552 -26.0648 -0.731689 42.4442 -26.5203 5.99413 7.3531 2.9115 0 0 0 0.148039 2.62129 -1.11022e-16 0 0 0 0 0 2.384 303 50 1 1 0
./complex_md-fit_116.pdb BC A 7.34608 34.1866 -11.332 -6.78593 -8.21668 -27.7481 -0.838539 46.1145 -29.1022 4.3027 7.90911 2.74238 0 0 0 0.284826 3.04921 0 0 0 0 0 0.00584532 2.384 303 48 1 1 0
./complex_md-fit_117.pdb BC A 7.47275 29.7262 0.857485 -3.24313 -2.92479 -25.1131 -0.679775 42.4411 -25.5486 5.65786 6.78682 3.08924 0 0 0 0.391761 2.86664 -1.11022e-16 0 0 0 0 0 2.384 303 45 1 1 0
./complex_md-fit_118.pdb BC A 6.91922 31.8275 -7.71675 -7.28433 -8.13949 -24.6047 -0.654441 39.7637 -24.9725 6.81766 8.43115 2.51564 0 0 0 0.404188 2.64662 0 0 0 0 0 0.00640557 2.384 303 47 1 1 0
./complex_md-fit_119.pdb BC A 7.25671 28.3686 -9.52645 -5.91868 -7.30653 -25.0258 -0.829645 40.5304 -25.5497 4.37926 6.08756 3.78108 0 0 0 0.325697 2.68619 5.55112e-17 0 0 0 0 0 2.384 303 45 1 1 0
./complex_md-fit_11.pdb BC A 9.25821 32.4767 -7.8696 -7.42263 -8.93734 -28.0888 -0.764154 46.7129 -28.5989 5.69368 8.6478 4.73894 0 0 0 0.148972 2.74129 0 0 0 0 0 0 2.384 303 59 1 1 0
./complex_md-fit_120.pdb BC A 5.85649 29.8051 -5.15943 -5.51872 -6.71436 -26.0014 -0.806335 42.3544 -26.5724 7.88606 7.73839 2.3842 0 0 0 0.0907748 2.61024 0 0 0 0 0 0 2.384 303 44 3 3 0
./complex_md-fit_121.pdb BC A 7.02279 30.1124 -7.10669 -5.34449 -6.03502 -25.3217 -0.613439 41.8132 -25.5431 4.30984 6.12922 3.08666 0 0 0 0.412186 3.10318 2.08167e-17 0 0 0 0 0 2.384 303 49 0 0 0
./complex_md-fit_122.pdb BC A 5.98821 33.714 -13.7753 -7.32175 -8.26545 -25.3376 -0.776834 41.3026 -25.4465 3.0032 6.96429 1.83405 0 0 0 0.268716 2.82582 0 0 0 0 0 0 2.384 303 52 0 0 0
./complex_md-fit_123.pdb BC A 8.8163 33.4443 -6.94997 -4.61178 -7.8544 -24.6275 -0.558074 41.7909 -24.5069 2.87755 6.53841 3.64752 0 0 0 0.354254 4.83359 0 0 0 0 0 0 2.384 303 47 0 0 0
./complex_md-fit_124.pdb BC A 7.10894 29.3037 -10.6381 -6.7953 -7.78998 -25.1539 -0.770547 41.8119 -25.1618 3.87796 6.77921 2.07669 0 0 0 0.487614 2.80333 0 0 0 0 0 0 2.384 303 49 0 0 0
./complex_md-fit_125.pdb BC A 7.45285 28.6657 -3.43836 -3.40836 -6.55379 -24.4754 -0.723447 40.9859 -24.1206 5.6758 6.47683 2.53871 0 0 0 0.159323 2.38982 0 0 0 0 0 0.00668382 2.384 303 53 2 2 0
./complex_md-fit_126.pdb BC A 10.2771 22.8249 3.56135 -4.19435 -6.16091 -24.9755 -0.653093 42.5518 -24.0622 10.0077 8.02152 2.71831 0 0 0 0.302352 2.929 0 0 0 0 0 0.00577086 2.384 303 51 3 3 0
./complex_md-fit_127.pdb BC A 9.73708 24.6707 -5.64364 -4.08885 -7.68408 -24.6411 -0.769665 40.2763 -24.4712 4.65295 8.158 2.61206 0 0 0 0.312009 2.94258 -1.11022e-16 0 0 0 0 0 2.384 303 47 1 1 0
./complex_md-fit_128.pdb BC A 10.1389 29.7042 -5.80592 -4.06397 -7.42562 -25.4508 -0.720172 42.1926 -25.4346 3.54135 8.62925 2.77254 0 0 0 0.153508 2.54719 0 0 0 0 0 0 2.384 303 45 0 0 0
./complex_md-fit_129.pdb BC A 8.85304 32.9194 -10.0179 -4.92333 -9.4502 -24.7097 -0.901726 41.6136 -24.4438 2.47622 7.8249 2.10254 0 0 0 0.393635 2.75239 -1.11022e-16 0 0 0 0 0 2.384 303 46 0 0 0
./complex_md-fit_12.pdb BC A 7.27426 31.3519 -12.3052 -6.40177 -9.10171 -27.6283 -0.828842 44.3711 -28.331 4.48489 8.25429 2.55678 0 0 0 0.319343 3.71372 -1.11022e-16 0 0 0 0 0 2.384 303 49 0 0 0
./complex_md-fit_130.pdb BC A 6.87205 27.1979 -7.76648 -4.98192 -9.10814 -24.3243 -0.849508 40.1985 -23.8558 5.18088 7.1202 2.50899 0 0 0 0.344642 2.79363 -1.11022e-16 0 0 0 0 0 2.384 303 50 0 0 0
./complex_md-fit_131.pdb BC A 6.81534 27.3374 -6.25361 -3.21878 -5.78553 -22.9029 -0.81802 37.2446 -22.7908 3.74122 6.05153 1.91693 0 0 0 0.308109 2.33672 0 0 0 0 0 0 2.384 303 44 1 1 0
./complex_md-fit_132.pdb BC A 7.34242 23.6278 -9.77167 -5.44393 -7.09152 -24.8122 -0.771549 39.6532 -25.2729 3.39338 7.54842 2.67122 0 0 0 0.308491 2.38221 0.0457384 0 0 0 0 0 2.384 303 46 0 0 0
./complex_md-fit_133.pdb BC A 7.97308 29.0028 -6.88471 -3.47986 -4.65945 -24.4348 -0.782507 38.9209 -25.4234 4.90132 5.16147 2.38742 0 0 0 0.524288 2.70244 0 0 0 0 0 0 2.384 303 48 0 0 0
./complex_md-fit_134.pdb BC A 8.27704 28.3274 -9.18707 -6.17648 -6.92333 -23.6748 -0.778628 37.7474 -24.0301 4.72165 7.81422 1.8964 0 0 0 0.216583 2.793 0 0 0 0 0 0 2.384 303 50 1 1 0
./complex_md-fit_135.pdb BC A 8.68929 28.0155 -10.1077 -5.565 -7.62687 -24.98 -0.756845 39.9077 -25.1176 4.30992 7.55844 1.80975 0 0 0 0.352813 3.90915 5.55112e-17 0 0 0 0 0 2.384 303 47 0 0 0
./complex_md-fit_136.pdb BC A 7.04469 28.9472 -8.22791 -4.62687 -6.76231 -24.615 -0.645932 39.834 -25.1564 3.50439 6.61283 3.26467 0 0 0 0.362622 3.38682 0 0 0 0 0 0 2.384 303 48 0 0 0
./complex_md-fit_137.pdb BC A 6.45434 33.3289 -10.7702 -7.90944 -7.87064 -27.1202 -0.835482 45.7712 -27.5015 4.74746 6.77778 2.98888 0 0 0 0.174267 3.29719 0.00745465 0 0 0 0 2.22045e-16 2.384 303 54 0 0 0
./complex_md-fit_138.pdb BC A 7.38226 27.0336 -11.3775 -5.92008 -8.53084 -25.077 -0.704356 40.7559 -25.6201 3.50074 6.69204 3.07178 0 0 0 0.454412 2.67752 -1.11022e-16 0 0 0 0 0 2.384 303 49 0 0 0
./complex_md-fit_139.pdb BC A 12.9574 24.5259 -7.78237 -6.04828 -8.55841 -23.6195 -0.763262 38.6737 -24.0494 7.34888 5.30158 3.62323 0 0 0 0.309134 3.16506 0 0 0 0 0 0 2.384 303 49 2 2 0
./complex_md-fit_13.pdb BC A 8.78867 33.5693 -5.22025 -6.33732 -8.44592 -26.9554 -0.635692 44.3621 -27.7775 6.03877 9.28869 4.78835 0 0 0 0.453624 2.52486 0 0 0 0 0 0 2.384 303 52 1 1 0
./complex_md-fit_140.pdb BC A 7.73848 37.1424 -7.96068 -5.94213 -5.60212 -23.5534 -0.822991 39.1884 -23.5898 3.54421 6.34814 1.79963 0 0 0 0.669338 2.66056 0 0 0 0 0 0 2.384 303 47 1 1 0
./complex_md-fit_141.pdb BC A 8.63 30.4988 -4.49199 -4.98377 -7.45987 -23.0909 -0.820001 39.9624 -23.2633 6.14451 7.18719 1.49626 0 0 0 0.33542 2.40295 0 0 0 0 0 0 2.384 303 48 1 1 0
./complex_md-fit_142.pdb BC A 7.60047 31.4878 -5.55634 -4.61504 -5.23176 -24.4842 -0.835951 38.813 -25.2444 7.13072 5.14935 3.27752 0 0 0 0.44254 2.36217 0.0418454 0 0 0 0 0 2.384 303 47 1 1 0
./complex_md-fit_143.pdb BC A 8.03078 25.8378 -7.83261 -5.01923 -4.88997 -23.4266 -0.813752 38.6732 -23.6531 4.0848 5.01651 1.92084 0 0 0 0.274617 2.73669 0 0 0 0 0 0 2.384 303 47 0 0 0
./complex_md-fit_144.pdb BC A 8.18166 33.0504 -6.68124 -6.02486 -6.66229 -25.3371 -0.744999 41.805 -25.6044 4.99153 6.78208 3.69202 0 0 0 0.421794 2.83619 0 0 0 0 0 0 2.384 303 48 1 1 0
./complex_md-fit_145.pdb BC A 7.84129 30.7177 -7.65877 -5.09713 -4.89267 -23.4943 -0.714749 37.818 -24.2923 3.26813 6.86208 2.68255 0 0 0 0.154681 2.24397 0.0469674 0 0 0 0 0 2.384 303 47 0 0 0
./complex_md-fit_146.pdb BC A 9.57149 34.4751 -7.49528 -4.84296 -7.14031 -23.8513 -0.804432 39.9504 -23.7232 4.7156 6.84549 0.962036 0 0 0 0.393443 2.29754 0 0 0 0 0 0 2.384 303 49 1 1 0
./complex_md-fit_147.pdb BC A 8.51369 36.1449 -12.2096 -6.34001 -8.00612 -24.0955 -0.719471 39.2465 -24.3222 2.16937 7.09067 2.67438 0 0 0 0.0880918 2.95729 0 0 0 0 0 0.00468165 2.384 303 49 0 0 0
./complex_md-fit_148.pdb BC A 7.18596 28.6097 -4.30025 -5.97475 -6.49483 -26.3176 -0.881463 44.0645 -26.323 6.38686 7.89725 3.0289 0 0 0 0.313937 2.8802 0 0 0 0 0 0 2.384 303 48 1 1 0
./complex_md-fit_149.pdb BC A 7.24406 30.3443 -3.1337 -4.2634 -4.89172 -24.4891 -0.844129 41.0717 -24.3371 4.55925 7.62149 2.32112 0 0 0 0.118215 3.45702 0 0 0 0 0 0 2.384 303 47 0 0 0
./complex_md-fit_14.pdb BC A 7.94564 31.6358 -6.06308 -6.51326 -7.73359 -26.492 -0.838969 43.5145 -27.3257 5.98687 8.91626 3.98902 0 0 0 0.433753 2.93702 -1.11022e-16 0 0 0 0 0 2.384 303 51 1 1 0
./complex_md-fit_150.pdb BC A 6.67816 31.232 -12.4695 -7.3307 -9.25429 -23.2272 -0.941305 36.7749 -23.5263 3.77479 8.06168 2.73316 0 0 0 0.46575 2.46655 0 0 0 0 0 0 2.384 303 48 0 0 0
./complex_md-fit_151.pdb BC A 7.0629 35.0804 -13.1351 -8.92405 -9.02685 -24.6258 -0.854628 40.5496 -24.3622 4.04022 7.74724 2.0723 0 0 0 0.249082 2.5963 -5.55112e-17 0 0 0 0 0 2.384 303 48 0 0 0
./complex_md-fit_152.pdb BC A 6.75894 33.0265 -12.2646 -7.61468 -8.36064 -22.0024 -0.634304 35.9477 -21.8604 1.45753 7.33699 3.0664 0 0 0 0.399283 2.36117 0 0 0 0 0 0 2.384 303 44 0 0 0
./complex_md-fit_153.pdb BC A 6.63513 27.6022 -14.9724 -6.67656 -10.1803 -23.8095 -0.657159 37.5731 -23.9386 3.47796 6.05712 2.85202 0 0 0 0.329533 4.04947 5.55112e-17 0 0 0 0 0 2.384 303 49 0 0 0
./complex_md-fit_154.pdb BC A 7.59285 34.1687 -8.6295 -4.98575 -9.53903 -22.5372 -0.809622 38.1987 -22.2832 4.46123 6.16295 2.51183 0 0 0 0.190643 2.61491 -5.55112e-17 0 0 0 0 0 2.384 303 45 0 0 0
./complex_md-fit_155.pdb BC A 5.63716 34.7236 -12.3223 -8.17543 -9.77638 -24.698 -0.846201 40.2855 -25.0485 3.7755 8.5106 3.22748 0 0 0 0.390708 2.3226 0.0324417 0 0 0 0 0 2.384 303 50 0 0 0
./complex_md-fit_156.pdb BC A 7.35656 29.8928 -12.2469 -6.64274 -7.72019 -23.7878 -0.672703 38.6115 -24.6161 3.53638 6.77849 1.89452 0 0 0 0.346692 2.87548 0.0250499 0 0 0 0 0 2.384 303 47 0 0 0
./complex_md-fit_157.pdb BC A 9.39669 33.3933 -10.8782 -6.28337 -7.57405 -22.7855 -0.891316 36.3524 -22.96 3.64068 6.43981 3.07005 0 0 0 0.112973 2.48206 0 0 0 0 0 0 2.384 303 45 0 0 0
./complex_md-fit_158.pdb BC A 6.1623 37.33 -10.1894 -6.26442 -8.68063 -24.5866 -0.822055 38.3892 -24.741 5.51994 7.54747 3.15964 0 0 0 0.2836 3.11984 0 0 0 0 0 0.00550374 2.384 303 49 1 1 0
./complex_md-fit_159.pdb BC A 7.59946 28.5473 -12.1931 -7.22337 -8.18141 -24.0812 -0.828291 38.7196 -24.2259 3.10463 6.18948 4.09149 0 0 0 0.241852 2.92565 0 0 0 0 0 0 2.384 303 48 0 0 0
./complex_md-fit_15.pdb BC A 7.36201 23.8454 -7.5546 -5.63388 -7.89304 -27.3384 -0.672228 44.3296 -27.9282 5.91441 9.02643 2.52534 0 0 0 0.115334 4.02859 0 0 0 0 0 2.22045e-16 2.384 303 51 1 1 0
./complex_md-fit_160.pdb BC A 8.81743 28.6264 -9.52549 -5.33994 -7.15727 -23.4518 -0.676682 38.6017 -23.4083 4.94161 4.32333 2.3535 0 0 0 0.288414 2.52214 0 0 0 0 0 0 2.384 303 48 1 1 0
./complex_md-fit_161.pdb BC A 8.46235 27.3425 -13.9697 -7.0247 -9.66731 -24.5985 -0.918645 40.4467 -24.7958 3.37286 6.27626 2.76056 0 0 0 0.178949 2.15309 2.77556e-17 0 0 0 0 0 2.384 303 49 0 0 0
./complex_md-fit_162.pdb BC A 7.14545 31.679 -9.90973 -5.45828 -8.67582 -22.784 -0.840505 37.0338 -22.7681 5.07695 5.3773 2.62151 0 0 0 0.484726 2.49491 0.0226329 0 0 0 0 0 2.384 303 48 0 0 0
./complex_md-fit_163.pdb BC A 6.22048 33.2342 -7.20347 -5.54858 -8.11939 -21.1525 -0.760491 34.2645 -21.1582 6.09894 5.86399 2.96715 0 0 0 0.34104 1.96346 0 0 0 0 0 0 2.384 303 43 2 2 0
./complex_md-fit_164.pdb BC A 7.44867 31.9528 -13.4851 -6.90433 -9.16433 -22.105 -0.866163 34.8769 -22.3643 4.36667 6.24597 2.26578 0 0 0 0.134246 2.3305 0.0295265 0 0 0 0 0 2.384 303 44 1 1 0
./complex_md-fit_165.pdb BC A 8.2553 31.9203 -8.43767 -4.64262 -8.26833 -23.1865 -0.812609 37.8278 -23.7187 4.99473 6.45973 2.4004 0 0 0 0.508416 3.24586 0 0 0 0 0 0 2.384 303 48 0 0 0
./complex_md-fit_166.pdb BC A 7.619 26.6902 -12.2847 -7.37143 -9.20772 -22.3531 -0.81746 37.2726 -22.4172 3.76427 6.807 1.99495 0 0 0 0.0434253 2.39982 0 0 0 0 0 0 2.384 303 49 0 0 0
./complex_md-fit_167.pdb BC A 6.01897 30.2296 -6.95104 -6.45168 -8.65193 -23.745 -0.967555 39.2264 -23.1674 7.11906 7.27184 2.35882 0 0 0 0.0563589 3.86188 0 0 0 0 0 0 2.384 303 48 1 1 0
./complex_md-fit_168.pdb BC A 6.88933 31.367 -10.7579 -7.76826 -8.87146 -22.6671 -0.98936 37.1473 -22.2368 4.13984 7.98823 2.35202 0 0 0 0.147789 2.67793 -2.77556e-17 0 0 0 0 0 2.384 303 45 0 0 0
./complex_md-fit_169.pdb BC A 8.09259 27.0067 -4.83898 -4.6195 -5.98921 -22.6036 -0.841787 37.976 -22.493 4.22645 6.48521 2.59023 0 0 0 0.427769 2.08132 0.00244896 0 0 0 0 0 2.384 303 45 0 0 0
./complex_md-fit_16.pdb BC A 9.76613 29.1887 -10.6911 -7.69257 -8.57246 -27.789 -0.802944 46.6812 -28.3465 5.51166 6.88828 3.28515 0 0 0 0.146032 2.98345 0 0 0 0 0 0 2.384 303 54 1 1 0
./complex_md-fit_170.pdb BC A 6.96553 34.7725 -7.18718 -7.46201 -7.03353 -24.4964 -0.926908 41.408 -23.7366 4.80203 6.96991 3.07035 0 0 0 0.176867 2.76566 0.0410889 0 0 0 0 0 2.384 303 45 1 1 0
./complex_md-fit_171.pdb BC A 6.75854 30.0486 -10.8031 -8.52405 -9.33252 -23.5351 -1.05163 38.7015 -22.7742 2.37221 7.7906 4.92584 0 0 0 0.624242 2.38661 0 0 0 0 0 0 2.384 303 46 0 0 0
./complex_md-fit_172.pdb BC A 6.59129 33.6443 -14.8043 -8.5281 -9.47653 -24.0285 -0.963613 39.3426 -23.358 3.18091 8.00581 0.783116 0 0 0 0.238098 2.25309 -5.55112e-17 0 0 0 0 0 2.384 303 48 0 0 0
./complex_md-fit_173.pdb BC A 10.723 33.492 -12.2219 -6.31645 -8.69173 -23.031 -0.959801 37.9415 -22.8924 3.29971 6.73516 1.51136 0 0 0 0.181785 3.66354 0 0 0 0 0 0 2.384 303 44 0 0 0
./complex_md-fit_174.pdb BC A 7.94129 19.8553 -10.3895 -7.6199 -7.8724 -22.771 -1.00671 38.0613 -22.5499 4.03364 6.6323 2.57537 0 0 0 0.127811 2.50032 0 0 0 0 0 0 2.384 303 48 0 0 0
./complex_md-fit_175.pdb BC A 7.58004 31.4792 -11.5333 -7.79203 -9.08773 -23.5333 -0.97723 37.9448 -22.7283 3.33312 8.53826 2.6475 0 0 0 0.121622 2.2294 0 0 0 0 0 0 2.384 303 44 0 0 0
./complex_md-fit_176.pdb BC A 7.50132 33.3135 -16.8763 -7.97211 -10.5546 -24.179 -0.970745 39.5483 -23.8241 2.49898 6.54593 1.74057 0 0 0 0.290608 3.79342 5.55112e-17 0 0 0 0 0 2.384 303 47 0 0 0
./complex_md-fit_177.pdb BC A 8.88463 34.8207 -14.9711 -8.82213 -8.75863 -24.2078 -0.990268 38.9895 -24.0971 4.72423 6.63534 1.28289 0 0 0 0.27291 2.75805 0 0 0 0 0 0 2.384 303 47 0 0 0
./complex_md-fit_178.pdb BC A 8.05718 31.0282 -13.0352 -6.46842 -11.148 -24.5399 -0.975743 38.8348 -24.4399 4.72214 7.96555 2.71722 0 0 0 0.297081 4.07597 0 0 0 0 0 0 2.384 303 44 0 0 0
./complex_md-fit_179.pdb BC A 7.0866 33.5348 -5.36105 -4.84088 -5.93116 -22.9869 -0.885427 38.6911 -22.5183 3.65963 6.66275 2.47318 0 0 0 0.315063 2.51008 0 0 0 0 0 0 2.384 303 43 0 0 0
./complex_md-fit_17.pdb BC A 9.76995 30.0401 -8.31917 -7.01316 -8.47832 -25.7794 -0.662778 42.387 -26.1659 4.52881 7.97733 4.65214 0 0 0 0.23506 2.65276 0 0 0 0 0 0 2.384 303 47 0 0 0
./complex_md-fit_180.pdb BC A 7.79567 26.9931 -10.0419 -7.24633 -8.49656 -23.0178 -1.07898 37.6943 -22.9916 4.73447 7.20752 2.81358 0 0 0 0.295357 2.28983 0.0441682 0 0 0 0 0 2.384 303 45 0 0 0
./complex_md-fit_181.pdb BC A 8.30184 30.7891 -6.57991 -6.42656 -6.29841 -23.7275 -0.914171 39.0218 -23.6919 7.7211 5.62169 1.90612 0 0 0 0.207843 2.54186 0 0 0 0 0 0 2.384 303 45 2 2 0
./complex_md-fit_182.pdb BC A 7.44959 23.6727 -11.7311 -5.63702 -8.189 -23.5538 -0.850562 38.257 -23.2077 2.45362 5.55413 3.03372 0 0 0 0.388727 2.61333 0.0199011 0 0 0 0 0 2.384 303 45 0 0 0
./complex_md-fit_183.pdb BC A 6.75435 31.0544 -8.44354 -7.221 -8.26208 -23.5891 -0.88619 39.0496 -22.7045 7.03968 5.82991 1.9571 0 0 0 0.343028 2.84182 0 0 0 0 0 0 2.384 303 46 2 2 0
./complex_md-fit_184.pdb BC A 6.14326 28.109 -12.5597 -6.44308 -7.80801 -24.234 -0.826461 38.5982 -24.1163 2.58026 6.05127 3.41954 0 0 0 0.167861 3.18598 0.0510101 0 0 0 0 0 2.384 303 46 0 0 0
./complex_md-fit_185.pdb BC A 6.82335 25.0005 -10.9428 -5.55587 -8.47713 -22.6273 -0.780154 37.9368 -22.373 2.42813 6.68903 1.50049 0 0 0 0.316204 3.5068 -2.77556e-17 0 0 0 0 0 2.384 303 46 0 0 0
./complex_md-fit_186.pdb BC A 7.20479 31.2643 -5.97322 -3.27358 -8.6485 -23.1893 -1.2605 39.5557 -22.3884 5.09535 6.13832 1.6201 0 0 0 0.377608 2.73294 0 0 0 0 0 0 2.384 303 45 0 0 0
./complex_md-fit_187.pdb BC A 10.2066 31.1578 -12.6907 -6.53348 -9.15684 -25.6178 -0.87925 42.6756 -25.2506 3.45929 5.70087 2.59108 0 0 0 0.320432 2.99684 2.77556e-17 0 0 0 0 0 2.384 303 47 1 1 0
./complex_md-fit_188.pdb BC A 7.12575 28.0935 -9.72364 -7.17788 -8.95705 -23.638 -0.81151 39.7161 -23.3085 4.2148 7.37664 2.58529 0 0 0 0.276518 2.70722 0 0 0 0 0 -2.22045e-16 2.384 303 48 1 1 0
./complex_md-fit_189.pdb BC A 7.14107 32.1804 -15.011 -7.45729 -9.22295 -23.6121 -0.734091 38.5241 -23.2871 1.88757 6.43962 1.80936 0 0 0 0.641915 2.58609 0 0 0 0 0 0 2.384 303 45 0 0 0
./complex_md-fit_18.pdb BC A 7.25851 26.3136 -11.6433 -8.57429 -9.47606 -27.6194 -0.752885 45.7208 -27.8702 5.52364 8.21216 2.8799 0 0 0 0.27558 2.88295 0.0374562 0 0 0 0 0 2.384 303 52 0 0 0
./complex_md-fit_190.pdb BC A 6.39764 31.3928 -11.107 -6.53791 -7.5507 -25.8843 -0.956208 42.4027 -25.8683 5.43905 5.25313 2.45065 0 0 0 0.0973573 4.10069 0.0475816 0 0 0 0 0 2.384 303 49 2 2 0
./complex_md-fit_191.pdb BC A 9.49504 36.7672 -11.6815 -7.89276 -9.83144 -23.279 -0.925211 38.1862 -22.7908 3.48536 8.50857 2.71069 0 0 0 0.146892 2.67378 0 0 0 0 0 0 2.384 303 45 0 0 0
./complex_md-fit_192.pdb BC A 6.89499 26.4513 -5.74707 -6.19 -6.5935 -23.8097 -0.919258 39.3707 -23.755 6.62634 6.76521 2.61669 0 0 0 0.0637017 2.49382 0.077671 0 0 0 0 0 2.384 303 46 2 2 0
./complex_md-fit_193.pdb BC A 8.54107 32.2427 2.15465 -4.58887 -6.13591 -21.9356 -0.996723 37.1426 -21.8511 11.9709 5.74922 2.40344 0 0 0 0.396713 2.23135 -5.55112e-17 0 0 0 0 0 2.384 303 47 4 4 0
./complex_md-fit_194.pdb BC A 8.35503 25.5952 -8.19034 -6.84716 -7.70912 -24.7481 -0.911226 41.1633 -25.0607 6.85014 6.49365 2.30149 0 0 0 0.27736 2.51131 0 0 0 0 0 0 2.384 303 48 2 2 0
./complex_md-fit_195.pdb BC A 6.44816 27.9451 -14.7832 -7.69275 -9.5245 -23.6427 -1.00481 37.7274 -23.5743 2.74456 6.73787 3.13406 0 0 0 0.275801 2.26944 0.036219 0 0 0 0 0 2.384 303 48 0 0 0
./complex_md-fit_196.pdb BC A 7.39019 33.5105 -8.8749 -8.77612 -10.3029 -23.799 -0.975629 39.6948 -23.5249 6.0651 8.80286 3.40435 0 0 0 0.492771 2.68977 0.0437597 0 0 0 0 0 2.384 303 48 3 3 0
./complex_md-fit_197.pdb BC A 9.68568 28.1899 -9.20279 -6.51542 -7.94498 -23.4571 -0.810467 37.8193 -23.5659 6.44968 6.28426 1.84692 0 0 0 0.664675 2.79046 0.0263037 0 0 0 0 0 2.384 303 47 1 1 0
./complex_md-fit_198.pdb BC A 8.57716 33.8512 -10.9693 -7.19519 -10.0178 -24.7767 -0.986714 41.0999 -24.6005 5.61484 7.69072 1.93965 0 0 0 0.240124 2.78328 0.0171807 0 0 0 0 0.00515598 2.384 303 47 2 2 0
./complex_md-fit_199.pdb BC A 7.31011 29.5217 -9.56391 -7.79492 -7.60113 -24.0722 -0.89991 39.4743 -24.1369 4.90402 7.99011 2.19555 0 0 0 0.338036 2.44198 0.0392051 0 0 0 0 0 2.384 303 49 1 1 0
./complex_md-fit_19.pdb BC A 10.9993 26.4531 -5.9437 -6.41968 -7.13908 -24.545 -0.640659 39.7281 -24.4875 4.40466 8.95105 3.72728 0 0 0 0.458231 2.47177 0.0189279 0 0 0 0 0 2.384 303 48 1 1 0
./complex_md-fit_1.pdb BC A 7.93435 28.0928 -9.63966 -7.41507 -7.86608 -26.4088 -0.62692 45.0953 -26.8171 5.33125 7.48979 1.37036 0 0 0 0.211811 4.11983 -0.0274079 0 0 0 0 0.0231842 2.384 303 49 0 0 0
./complex_md-fit_200.pdb BC A 7.27231 36.8552 -12.2775 -7.60197 -9.1268 -22.3256 -1.22961 36.9053 -21.9408 3.89593 6.59401 2.33478 0 0 0 0.217293 2.31235 0 0 0 0 0 0 2.384 303 48 0 0 0
./complex_md-fit_201.pdb BC A 6.84055 34.007 -4.06603 -5.17821 -5.70377 -22.6401 -0.801071 38.2412 -22.1783 5.26494 6.27795 1.80747 0 0 0 0.808975 2.35743 0.0300422 0 0 0 0 0.00486214 2.384 303 45 1 1 0
./complex_md-fit_202.pdb BC A 7.36321 30.6158 -12.5934 -8.23403 -9.28687 -23.6331 -0.996268 37.4956 -23.1561 4.90837 7.05685 2.77133 0 0 0 0.441333 2.35552 0.0395543 0 0 0 0 0 2.384 303 45 1 1 0
./complex_md-fit_203.pdb BC A 8.44133 32.7771 -9.41304 -6.12195 -7.72677 -24.4325 -0.914968 40.2383 -24.5995 5.72771 5.87486 2.09348 0 0 0 0.417701 2.64464 0.0306052 0 0 0 0 0 2.384 303 48 1 1 0
./complex_md-fit_204.pdb BC A 7.72651 25.799 -12.1128 -7.97182 -9.29279 -24.5413 -1.21909 41.1 -24.5967 3.73857 7.80429 2.63528 0 0 0 0.230781 2.52968 -1.38778e-17 0 0 0 0 0 2.384 303 50 0 0 0
./complex_md-fit_205.pdb BC A 9.67206 33.4354 -14.7692 -7.76231 -10.3158 -24.3099 -0.954521 39.9572 -24.2053 3.8691 6.29651 2.14004 0 0 0 0.472959 2.69394 0.0427966 0 0 0 0 0 2.384 303 50 0 0 0
./complex_md-fit_206.pdb BC A 7.06176 31.8638 -12.1638 -8.16511 -9.58695 -24.8488 -0.974212 41.2511 -24.6648 2.61136 7.17838 4.73569 0 0 0 0.259866 2.83719 0.0396468 0 0 0 0 0 2.384 303 47 0 0 0
./complex_md-fit_207.pdb BC A 7.17738 32.6634 -8.69353 -6.08155 -8.14785 -23.7947 -0.999369 39.4431 -23.6456 5.6487 6.14473 2.45432 0 0 0 0.293987 2.70858 -0.00930214 0 0 0 0 0 2.384 303 46 0 0 0
./complex_md-fit_208.pdb BC A 9.87705 33.1884 -8.56616 -6.767 -7.20236 -24.101 -1.1139 39.3043 -23.8791 4.84276 6.34833 3.26326 0 0 0 0.697183 2.70118 0.0414128 0 0 0 0 0 2.384 303 45 0 0 0
./complex_md-fit_209.pdb BC A 7.60411 28.872 -10.8358 -7.12304 -6.84936 -23.8632 -0.90272 39.3289 -23.7352 2.32052 6.16512 3.46117 0 0 0 0.362022 2.508 0 0 0 0 0 0 2.384 303 49 0 0 0
./complex_md-fit_20.pdb BC A 7.15632 38.3095 -1.30059 -5.10438 -5.95553 -26.8925 -0.643815 43.9158 -27.1654 7.53522 7.84098 4.5584 0 0 0 0.610601 2.77521 0 0 0 0 0 0 2.384 303 49 0 0 0
./complex_md-fit_210.pdb BC A 7.1866 27.9713 -10.0548 -6.08126 -7.59137 -23.5533 -0.818008 39.1756 -23.5567 3.35578 5.5789 3.26606 0 0 0 0.130101 2.20581 0.0394601 0 0 0 0 0 2.384 303 45 0 0 0
./complex_md-fit_211.pdb BC A 8.64268 28.1926 -8.06889 -5.97843 -7.60454 -23.5375 -0.967246 38.454 -23.4465 6.11062 5.4631 3.25205 0 0 0 0.136614 3.15773 0.0489898 0 0 0 0 0 2.384 303 46 1 1 0
./complex_md-fit_212.pdb BC A 8.5934 36.1302 -7.67662 -6.3921 -7.1896 -24.8765 -0.903639 42.4398 -24.5511 3.5428 6.76374 3.26089 0 0 0 0.191952 2.84535 0.0371381 0 0 0 0 0 2.384 303 46 0 0 0
./complex_md-fit_213.pdb BC A 7.3204 29.9281 -9.22995 -7.41494 -8.62866 -24.5697 -0.954727 41.3715 -24.2302 4.39009 6.89572 3.67096 0 0 0 0.209303 2.4106 0.0306913 0 0 0 0 0 2.384 303 46 0 0 0
./complex_md-fit_214.pdb BC A 8.40534 28.8765 -8.09555 -5.66097 -8.74155 -24.5264 -0.87902 40.1569 -24.5393 5.81819 6.02186 3.64587 0 0 0 0.586848 2.67038 0.0219524 0 0 0 0 0 2.384 303 48 1 1 0
./complex_md-fit_215.pdb BC A 6.89374 25.0792 -7.79055 -6.48934 -6.51459 -24.1495 -0.932113 39.0829 -24.0321 6.00955 6.84973 2.09134 0 0 0 0.239045 2.58491 0.0545637 0 0 0 0 0 2.384 303 46 1 1 0
./complex_md-fit_216.pdb BC A 10.2063 30.9793 -6.68916 -6.09119 -8.35332 -23.7863 -0.902986 41.6915 -23.3187 5.47169 5.79775 2.42767 0 0 0 0.336413 2.40242 0.0383985 0 0 0 0 0 2.384 303 47 0 0 0
./complex_md-fit_217.pdb BC A 6.62229 31.6828 -4.16303 -4.94654 -5.83698 -23.6533 -0.750086 39.3628 -23.5804 6.33387 6.36796 2.18198 0 0 0 0.357718 2.99252 0 0 0 0 0 0 2.384 303 44 3 3 0
./complex_md-fit_218.pdb BC A 8.866 34.2636 -2.17314 -4.20812 -4.66884 -24.935 -0.790769 41.7794 -24.9164 6.29638 6.03913 3.02525 0 0 0 0.205885 3.75607 0 0 0 0 0 0 2.384 303 45 1 1 0
./complex_md-fit_219.pdb BC A 6.53743 28.2139 -8.3413 -6.77862 -5.79428 -23.11 -0.736113 38.1595 -22.7175 3.03893 6.51882 2.73227 0 0 0 0.345674 2.65552 0 0 0 0 0 0 2.384 303 46 0 0 0
./complex_md-fit_21.pdb BC A 8.50595 26.8795 -5.0664 -5.78559 -7.35707 -26.3401 -0.723868 44.4698 -26.5651 4.92314 7.67286 4.10788 0 0 0 0.531739 2.7263 0 0 0 0 0 0 2.384 303 50 0 0 0
./complex_md-fit_220.pdb BC A 8.8481 31.231 -3.57424 -5.22179 -7.31365 -23.9225 -0.635653 40.0057 -23.5989 7.82653 6.13837 2.69596 0 0 0 0.411347 2.63041 0.0402743 0 0 0 0 0 2.384 303 45 2 2 0
./complex_md-fit_221.pdb BC A 9.40568 35.3232 -5.6248 -3.70041 -5.48588 -23.5276 -0.707156 38.6553 -23.8643 5.10235 4.44384 3.03003 0 0 0 0.391591 2.61342 0.0373989 0 0 0 0 0 2.384 303 43 0 0 0
./complex_md-fit_222.pdb BC A 8.57477 26.8783 -3.32864 -5.44263 -7.05712 -24.8555 -0.749507 42.7379 -24.3948 8.03347 4.91425 3.00743 0 0 0 0.448418 2.68526 0.0293753 0 0 0 0 0 2.384 303 47 2 2 0
./complex_md-fit_223.pdb BC A 8.43133 40.1448 -8.00949 -4.23775 -7.10061 -24.2557 -0.906084 40.3419 -24.3897 3.80407 4.77668 3.2809 0 0 0 0.676828 2.38134 0 0 0 0 0 0 2.384 303 44 0 0 0
./complex_md-fit_224.pdb BC A 8.70653 39.2228 -6.48123 -4.72107 -5.68582 -23.8896 -0.689345 39.2477 -23.7672 4.80335 5.1774 2.67041 0 0 0 0.317364 2.62062 0.0556521 0 0 0 0 0 2.384 303 44 0 0 0
./complex_md-fit_225.pdb BC A 8.16886 31.8342 -7.66269 -4.94138 -6.49202 -25.0868 -0.738648 43.1311 -24.56 3.40477 5.55903 1.62981 0 0 0 0.43149 3.33573 0 0 0 0 0 0 2.384 303 46 0 0 0
./complex_md-fit_226.pdb BC A 6.36793 35.4621 -7.73205 -4.70616 -6.84145 -24.0452 -0.827978 40.7735 -23.9696 4.62237 4.31771 2.75458 0 0 0 0.155231 2.96301 0.0349593 0 0 0 0 0 2.384 303 45 0 0 0
./complex_md-fit_227.pdb BC A 7.52916 25.185 -11.7119 -5.40584 -7.11076 -24.0243 -0.809815 39.7084 -23.9425 1.20584 4.77981 3.67532 0 0 0 0.16887 2.85757 0.043087 0 0 0 0 0 2.384 303 44 0 0 0
./complex_md-fit_228.pdb BC A 9.04271 36.0317 -2.30752 -3.56961 -4.90919 -23.6186 -0.592184 39.7891 -23.5826 6.47334 4.65366 2.39308 0 0 0 0.612241 2.42299 0.0403011 0 0 0 0 0.00292715 2.384 303 44 1 1 0
./complex_md-fit_229.pdb BC A 7.86681 35.6694 -10.029 -5.18124 -7.07231 -23.5876 -0.708731 38.9831 -23.5044 2.86862 5.2006 2.73971 0 0 0 0.196731 2.83172 0.0365196 0 0 0 0 0 2.384 303 45 0 0 0
./complex_md-fit_22.pdb BC A 8.19588 25.7245 -4.63509 -4.61474 -8.2004 -27.5329 -0.611028 46.796 -28.1513 5.66767 8.14364 3.54832 0 0 0 0.319604 2.73732 1.11022e-16 0 0 0 0 0 2.384 303 53 1 1 0
./complex_md-fit_230.pdb BC A 6.86889 32.2236 -6.83904 -6.56523 -7.84211 -24.0015 -0.82946 39.5626 -24.3642 7.01623 5.87546 3.99883 0 0 0 0.249001 2.62984 0.0614162 0 0 0 0 0 2.384 303 47 1 1 0
./complex_md-fit_231.pdb BC A 6.19804 34.8495 -5.69573 -5.97369 -6.30185 -23.8808 -0.895275 40.3801 -23.5862 6.19794 5.19049 2.45439 0 0 0 0.693027 2.8764 0.0261945 0 0 0 0 0 2.384 303 46 3 3 0
./complex_md-fit_232.pdb BC A 6.84622 34.3737 -3.71255 -3.7643 -5.40183 -24.2236 -0.788593 40.8031 -24.4161 6.28309 4.6736 2.84266 0 0 0 0.279375 2.28363 0 0 0 0 0 0 2.384 303 45 1 1 0
./complex_md-fit_233.pdb BC A 7.56812 34.2588 -9.35556 -4.84885 -6.9858 -24.6452 -0.785853 41.427 -24.9864 2.77462 4.56725 3.28004 0 0 0 0.822125 3.39284 0.0255277 0 0 0 0 0 2.384 303 46 0 0 0
./complex_md-fit_234.pdb BC A 7.66178 34.2539 -2.83426 -4.29644 -2.9702 -23.4816 -0.757228 39.1484 -23.972 5.88631 4.90018 2.49401 0 0 0 0.214282 3.46166 0 0 0 0 0 0 2.384 303 44 1 1 0
./complex_md-fit_235.pdb BC A 8.82998 31.1316 -1.68116 -4.067 -5.5911 -24.4189 -0.739705 41.4896 -24.2701 6.41377 5.42018 3.31795 0 0 0 0.76414 3.00301 -6.93889e-18 0 0 0 0 0 2.384 303 44 1 1 0
./complex_md-fit_236.pdb BC A 5.57704 33.3843 -6.88586 -5.47093 -6.51468 -24.0552 -0.76302 40.0793 -24.0982 6.48656 5.2854 1.75045 0 0 0 0.414421 2.88919 0 0 0 0 0 0 2.384 303 43 1 1 0
./complex_md-fit_237.pdb BC A 9.9999 34.5089 -3.82353 -4.315 -5.88939 -23.7101 -0.678251 41.2594 -23.58 4.89409 5.01427 2.98867 0 0 0 0.148846 2.63978 0.0439391 0 0 0 0 0 2.384 303 46 1 1 0
./complex_md-fit_238.pdb BC A 9.14368 34.3687 -9.05174 -5.77355 -5.21012 -22.9954 -0.811589 37.1145 -23.3909 3.96186 4.81752 2.92654 0 0 0 0.309357 2.86691 0 0 0 0 0 0 2.384 303 43 0 0 0
./complex_md-fit_239.pdb BC A 7.80524 35.4769 -7.24151 -5.66874 -6.54788 -24.0025 -0.823319 39.192 -24.4918 6.34449 5.75275 2.76628 0 0 0 0.237273 2.61979 0 0 0 0 0 0 2.384 303 43 1 1 0
./complex_md-fit_23.pdb BC A 6.45989 37.8459 -0.879249 -3.5319 -7.6965 -26.5691 -0.660019 44.0142 -26.855 7.56375 8.14795 4.10313 0 0 0 0.604308 3.06915 0 0 0 0 0 0 2.384 303 47 1 1 0
./complex_md-fit_240.pdb BC A 8.39964 36.0711 -2.47412 -4.27502 -4.43422 -23.5513 -0.901353 39.0811 -23.3881 6.81868 5.11064 2.67421 0 0 0 0.391144 2.38913 -3.1225e-17 0 0 0 0 0 2.384 303 44 1 1 0
./complex_md-fit_241.pdb BC A 7.75479 32.5885 -7.15584 -5.28645 -5.86251 -22.9611 -0.767322 39.001 -23.1159 3.82081 6.54375 1.31106 0 0 0 0.16079 2.62721 0 0 0 0 0 0 2.384 303 44 0 0 0
./complex_md-fit_242.pdb BC A 7.10046 31.612 -10.9273 -7.1124 -4.6666 -23.7523 -0.666498 38.9627 -23.8994 3.7784 4.84685 1.28712 0 0 0 0.250301 2.60772 0.0444744 0 0 0 0 0 2.384 303 43 0 0 0
./complex_md-fit_243.pdb BC A 9.91298 28.1022 -11.8911 -6.62831 -7.38612 -22.8329 -0.762798 37.5953 -22.7652 2.8709 5.23956 2.56369 0 0 0 0.21481 2.43304 0 0 0 0 0 0 2.384 303 44 0 0 0
./complex_md-fit_244.pdb BC A 9.24196 32.8626 -1.93553 -5.548 -5.45162 -23.8764 -0.674073 40.7784 -23.722 8.8729 5.08147 2.38301 0 0 0 0.220782 4.11227 0 0 0 0 0 0 2.384 303 46 2 2 0
./complex_md-fit_245.pdb BC A 7.53937 29.3369 -3.19888 -4.39715 -4.26673 -24.4475 -0.723261 40.4215 -24.834 6.20284 5.48828 3.24324 0 0 0 0.113837 2.85768 0 0 0 0 0 0 2.384 303 46 1 1 0
./complex_md-fit_246.pdb BC A 9.1408 28.8313 -3.0162 -4.7247 -5.25397 -24.0516 -0.703408 40.4261 -24.1717 7.50513 4.68829 2.97307 0 0 0 0.296585 3.70901 -2.77556e-17 0 0 0 0 0 2.384 303 44 3 3 0
./complex_md-fit_247.pdb BC A 7.47144 33.8034 -5.26867 -6.27709 -8.36303 -24.2827 -0.9172 40.9939 -23.8161 7.88339 6.39006 2.85076 0 0 0 0.269392 2.68941 0 0 0 0 0 0 2.384 303 46 2 2 0
./complex_md-fit_248.pdb BC A 8.90106 35.1742 -5.78065 -4.18922 -6.36444 -24.1227 -0.767898 40.8406 -24.1865 4.90216 5.77904 1.99774 0 0 0 0.330626 3.00419 0 0 0 0 0 0 2.384 303 46 0 0 0
./complex_md-fit_249.pdb BC A 8.05279 29.159 -4.29344 -3.28148 -5.56067 -23.7427 -0.7597 40.1455 -24.1301 4.07268 5.65272 2.84989 0 0 0 0.416284 3.0847 0.0442349 0 0 0 0 0 2.384 303 42 0 0 0
./complex_md-fit_24.pdb BC A 9.9597 32.1207 0.506723 -4.38132 -6.17253 -26.265 -0.663298 45.0209 -26.1418 7.47116 7.41665 3.79071 0 0 0 0.431245 2.80763 5.55112e-17 0 0 0 0 0 2.384 303 52 2 2 0
./complex_md-fit_250.pdb BC A 7.31142 39.4355 -7.4325 -6.11153 -6.03679 -24.5339 -0.892422 39.9023 -24.6645 6.06627 5.45629 3.18967 0 0 0 0.176731 2.96159 0.015395 0 0 0 0 -2.22045e-16 2.384 303 44 1 1 0
./complex_md-fit_251.pdb BC A 7.28717 22.1298 -8.78588 -4.93119 -6.37069 -24.5442 -0.745869 39.8054 -25.0545 4.46965 4.90859 3.28623 0 0 0 0.349811 2.66009 0.0408178 0 0 0 0 0 2.384 303 45 1 1 0
./complex_md-fit_252.pdb BC A 9.01645 35.7218 -4.60372 -5.19562 -4.09612 -24.0877 -1.05403 40.0161 -24.3715 5.51366 5.20853 2.85236 0 0 0 0.564104 2.93768 0.046513 0 0 0 0 0 2.384 303 47 2 2 0
./complex_md-fit_253.pdb BC A 9.59837 29.1417 -6.74674 -5.00765 -6.88967 -23.6362 -0.850799 39.7284 -23.6664 5.63639 5.29051 2.4737 0 0 0 0.162497 3.19034 0.012474 0 0 0 0 0 2.384 303 43 0 0 0
./complex_md-fit_254.pdb BC A 8.62332 28.5576 -7.47523 -5.75399 -5.50687 -23.8114 -0.843974 38.9812 -24.733 4.4813 6.0452 3.49828 0 0 0 0.163396 2.85686 -3.46945e-18 0 0 0 0 0.00464143 2.384 303 46 0 0 0
./complex_md-fit_255.pdb BC A 7.8196 27.8667 -9.91687 -6.52368 -7.18619 -23.2056 -0.677825 37.5478 -23.4272 4.09132 5.92475 3.26591 0 0 0 0.257736 2.8133 0.0160956 0 0 0 0 0 2.384 303 45 0 0 0
./complex_md-fit_256.pdb BC A 12.0012 31.7666 -6.33339 -5.5887 -6.21594 -23.5166 -0.708719 39.509 -23.4394 4.02743 6.05968 3.1078 0 0 0 0.432055 3.36324 0 0 0 0 0 0 2.384 303 45 0 0 0
./complex_md-fit_257.pdb BC A 6.4558 33.1602 -6.36271 -5.18577 -5.1985 -23.3989 -0.733845 38.8492 -23.7223 5.60685 4.07091 2.87252 0 0 0 0.477182 3.57415 0 0 0 0 0 0 2.384 303 47 1 1 0
./complex_md-fit_258.pdb BC A 8.39721 30.1485 -3.11763 -4.10784 -3.90197 -23.8525 -0.765283 38.9399 -24.0268 7.55271 4.06715 2.44078 0 0 0 0.49784 2.83414 0.0383781 0 0 0 0 0 2.384 303 45 3 3 0
./complex_md-fit_259.pdb BC A 7.10449 36.0164 -8.85102 -5.44882 -5.49701 -23.0003 -0.771522 37.4535 -23.4891 4.17519 5.35432 1.94465 0 0 0 0.42803 2.31994 0 0 0 0 0 0 2.384 303 43 0 0 0
./complex_md-fit_25.pdb BC A 7.18293 26.6421 -10.3766 -5.99287 -9.13814 -25.5599 -0.594355 42.7061 -25.6976 3.20444 8.17617 2.46007 0 0 0 0.0594595 2.7408 0 0 0 0 0 0 2.384 303 50 0 0 0
./complex_md-fit_260.pdb BC A 7.50837 35.6338 -9.62558 -6.11793 -5.79914 -23.6313 -0.707237 38.7326 -24.2535 4.26934 4.98891 2.56704 0 0 0 0.280122 2.90389 0.0454886 0 0 0 0 0 2.384 303 46 0 0 0
./complex_md-fit_261.pdb BC A 10.3593 25.778 -8.83012 -5.60364 -6.22365 -23.5529 -0.73268 39.6113 -23.844 3.70929 4.70667 2.87902 0 0 0 0.204475 2.58792 0.016031 0 0 0 0 0 2.384 303 47 0 0 0
./complex_md-fit_262.pdb BC A 8.51245 36.516 -7.64155 -5.08908 -5.03978 -23.1837 -0.752102 38.0375 -23.9507 5.68815 4.30583 2.06962 0 0 0 0.213339 2.55415 0.0593941 0 0 0 0 0 2.384 303 46 1 1 0
./complex_md-fit_263.pdb BC A 8.88498 27.4684 -9.90267 -5.36285 -6.54485 -24.2265 -0.760939 38.0824 -25.1386 5.83076 5.34017 2.63844 0 0 0 0.23927 2.64947 0 0 0 0 0 0 2.384 303 45 1 1 0
./complex_md-fit_264.pdb BC A 5.72676 29.2728 -9.17303 -4.61846 -6.15135 -23.0831 -0.728916 37.3016 -23.4187 3.72085 5.11647 2.47849 0 0 0 0.16141 2.46974 0.0486778 0 0 0 0 0 2.384 303 45 0 0 0
./complex_md-fit_265.pdb BC A 7.73685 35.7348 -10.1483 -6.31324 -6.96232 -23.5294 -0.769934 39.5591 -23.7543 3.62483 4.95083 2.85392 0 0 0 0.143542 3.03438 0.048615 0 0 0 0 0 2.384 303 47 0 0 0
./complex_md-fit_266.pdb BC A 6.70755 30.3128 -5.23998 -5.42556 -5.177 -23.6621 -0.526632 40.4827 -23.6389 3.31702 5.38292 3.80033 0 0 0 0.206836 2.90381 0 0 0 0 0 0.000443788 2.384 303 47 0 0 0
./complex_md-fit_267.pdb BC A 6.74174 32.0424 -10.9716 -4.62792 -7.13603 -23.0622 -0.559722 37.315 -23.3887 3.37066 4.40555 2.61095 0 0 0 0.0883843 3.62966 0.0124117 0 0 0 0 0 2.384 303 44 0 0 0
./complex_md-fit_268.pdb BC A 9.16552 30.7488 -6.25644 -6.57688 -7.30705 -25.0723 -0.706493 42.1572 -25.2115 6.23083 6.28862 3.62058 0 0 0 0.320555 2.66705 0 0 0 0 0 0 2.384 303 47 1 1 0
./complex_md-fit_269.pdb BC A 6.65898 28.1164 -9.187 -4.34672 -5.84314 -23.4352 -0.745289 37.8125 -23.9522 3.10025 5.65552 2.31851 0 0 0 0.21137 2.65076 0.0373775 0 0 0 0 0 2.384 303 43 0 0 0
./complex_md-fit_26.pdb BC A 7.26045 25.72 -10.0084 -6.05177 -9.15748 -27.3705 -0.872015 46.1777 -27.2588 2.12588 8.08519 4.04717 0 0 0 0.266194 2.59701 0 0 0 0 0 0 2.384 303 52 0 0 0
./complex_md-fit_270.pdb BC A 8.0533 30.4724 -4.41229 -5.98107 -6.3698 -23.6889 -0.822493 39.5755 -23.7154 7.04678 5.94805 3.24002 0 0 0 0.338857 2.75133 0.0161723 0 0 0 0 0 2.384 303 49 2 2 0
./complex_md-fit_271.pdb BC A 10.921 23.4335 -1.01239 -4.44631 -5.25513 -23.7101 -0.809192 38.6857 -24.4698 10.0113 5.30554 3.5279 0 0 0 0.102129 3.3584 0.0455404 0 0 0 0 0 2.384 303 44 3 3 0
./complex_md-fit_272.pdb BC A 9.28376 30.7508 -8.39338 -5.06967 -7.767 -24.243 -1.06674 39.7777 -24.1467 5.9932 5.35336 2.74034 0 0 0 0.0351333 3.2507 0 0 0 0 0 0 2.384 303 48 2 2 0
./complex_md-fit_273.pdb BC A 9.14542 33.7149 -5.62346 -5.66629 -6.02008 -22.8813 -0.754098 39.2512 -22.7039 4.31822 6.46485 1.88261 0 0 0 0.441906 3.90006 0.0433766 0 0 0 0 0 2.384 303 47 0 0 0
./complex_md-fit_274.pdb BC A 6.80486 30.087 1.30849 -3.72448 -7.29337 -26.1886 -0.893579 44.4838 -26.1522 11.0547 6.25193 3.37435 0 0 0 0.363602 3.98443 0.0324556 0 0 0 0 0 2.384 303 44 4 4 0
./complex_md-fit_275.pdb BC A 6.56549 29.5539 -8.66991 -5.6827 -6.70418 -22.4993 -0.83609 37.9828 -22.6813 1.86119 5.50203 4.03116 0 0 0 0.334605 3.29264 0.0218371 0 0 0 0 0 2.384 303 45 0 0 0
./complex_md-fit_276.pdb BC A 9.0338 32.4824 -7.9038 -7.18133 -5.19535 -24.0476 -0.624749 40.3122 -24.0294 4.07534 6.34123 2.19096 0 0 0 0.254944 3.13217 0 0 0 0 0 0 2.384 303 46 0 0 0
./complex_md-fit_277.pdb BC A 6.55707 33.1638 -8.86595 -4.43919 -7.10762 -23.6027 -0.739574 38.3973 -23.9539 5.32046 4.21128 2.85738 0 0 0 0.190636 2.89865 0 0 0 0 0 0 2.384 303 46 0 0 0
./complex_md-fit_278.pdb BC A 8.88417 27.7215 -11.9387 -5.84536 -7.11676 -24.8122 -0.573082 40.2851 -24.9763 2.68252 4.9221 2.98068 0 0 0 0.514539 2.8078 0 0 0 0 0 0 2.384 303 45 0 0 0
./complex_md-fit_279.pdb BC A 8.74712 32.662 -14.3644 -7.5678 -8.21242 -24.8949 -0.891578 40.8431 -25.2624 4.22613 5.49838 1.80095 0 0 0 0.0961958 3.52088 1.11022e-16 0 0 0 0 0 2.384 303 49 1 1 0
./complex_md-fit_27.pdb BC A 7.9325 23.1151 -9.39863 -6.93696 -5.88639 -25.1596 -0.717854 40.0585 -26.312 2.98749 7.65448 4.62824 0 0 0 0.285464 2.62653 0 0 0 0 0 0 2.384 303 47 1 1 0
./complex_md-fit_280.pdb BC A 6.21212 31.8786 -8.9643 -6.17572 -7.32905 -24.0652 -0.820987 39.9093 -24.2508 4.45026 6.05202 3.1661 0 0 0 0.0998054 3.175 -1.11022e-16 0 0 0 0 0 2.384 303 47 0 0 0
./complex_md-fit_281.pdb BC A 9.21813 36.2428 -1.07682 -4.51753 -4.4508 -24.3807 -0.798793 42.6384 -24.2892 4.63602 6.03269 3.6666 0 0 0 0.38648 2.7922 -5.55112e-17 0 0 0 0 0 2.384 303 47 0 0 0
./complex_md-fit_282.pdb BC A 8.74472 31.129 -6.87383 -3.33195 -7.47134 -23.1745 -0.782285 38.0267 -23.5604 4.4932 4.72945 3.45844 0 0 0 0.693653 2.96167 0.0451774 0 0 0 0 0 2.384 303 49 0 0 0
./complex_md-fit_283.pdb BC A 7.53379 30.1749 -11.7673 -6.00703 -6.38833 -24.2162 -0.790717 38.9403 -24.7916 2.65239 5.37054 3.13221 0 0 0 0.331149 2.6109 -1.11022e-16 0 0 0 0 0 2.384 303 47 0 0 0
./complex_md-fit_284.pdb BC A 6.22229 32.6024 -7.67294 -6.96106 -6.90397 -24.656 -0.850305 41.31 -25.0168 5.95448 6.07647 2.82085 0 0 0 0.531404 3.95957 0.0219777 0 0 0 0 0 2.384 303 43 1 1 0
./complex_md-fit_285.pdb BC A 8.67397 33.4756 -12.2096 -7.19571 -6.87925 -23.9384 -0.664624 39.1472 -24.47 2.71463 6.06558 2.59771 0 0 0 0.368108 3.42372 0.04522 0 0 0 0 0 2.384 303 46 0 0 0
./complex_md-fit_286.pdb BC A 8.23042 31.9484 -8.86739 -5.15787 -5.91563 -24.0183 -0.773559 39.0448 -25.0044 5.36766 4.58941 2.84269 0 0 0 0.157812 3.69884 -5.55112e-17 0 0 0 0 0 2.384 303 46 1 1 0
./complex_md-fit_287.pdb BC A 8.74805 28.6386 -8.9067 -6.18425 -6.90939 -23.5276 -0.740994 38.897 -23.9897 4.97219 5.31227 2.58396 0 0 0 0.634417 2.38941 0.0454156 0 0 0 0 0 2.384 303 47 1 1 0
./complex_md-fit_288.pdb BC A 7.10606 35.5654 -2.55772 -4.24389 -4.52044 -23.8209 -0.91145 40.5406 -24.0492 5.54046 5.27642 3.39501 0 0 0 0.230227 3.42482 0 0 0 0 0 0.00547151 2.384 303 48 1 1 0
./complex_md-fit_289.pdb BC A 7.50479 37.4117 -6.66272 -6.12776 -7.50205 -24.2824 -0.900636 40.5068 -24.3892 6.34565 5.98123 3.23254 0 0 0 0.473187 2.32184 0 0 0 0 0 0 2.384 303 48 1 1 0
./complex_md-fit_28.pdb BC A 10.154 34.7874 -5.3647 -6.47841 -6.06938 -26.5256 -0.686777 43.7135 -27.4747 4.98525 7.73141 5.31821 0 0 0 0.12179 2.46502 0 0 0 0 0 0 2.384 303 48 0 0 0
./complex_md-fit_290.pdb BC A 6.27771 25.6531 -11.1426 -4.48881 -6.73907 -23.8782 -0.688333 38.0129 -24.6788 4.25724 4.60879 2.23295 0 0 0 0.2279 2.42124 -0.00920817 0 0 0 0 0 2.384 303 46 1 1 0
./complex_md-fit_291.pdb BC A 7.02914 33.3302 -6.64524 -5.8789 -4.99233 -23.4075 -0.731752 37.3771 -24.1987 6.05533 6.0421 2.77475 0 0 0 0.287033 3.32614 0.0276763 0 0 0 0 0 2.384 303 47 0 0 0
./complex_md-fit_292.pdb BC A 7.49346 32.202 -13.4172 -5.39956 -7.70987 -23.3831 -0.768415 38.1687 -23.6925 2.46222 4.92529 1.82025 0 0 0 0.159788 2.19326 0 0 0 0 0 0 2.384 303 46 0 0 0
./complex_md-fit_293.pdb BC A 6.84804 29.1227 -10.5234 -6.2062 -7.04298 -24.1345 -1.0165 38.5119 -24.9019 6.65644 4.67382 2.77869 0 0 0 0.114112 2.5221 0.0436957 0 0 0 0 0 2.384 303 50 1 1 0
./complex_md-fit_294.pdb BC A 8.18493 32.5247 -9.86597 -6.75228 -5.18929 -23.1469 -0.85575 37.3856 -23.4084 3.92913 4.48912 3.42116 0 0 0 0.261756 2.84993 0 0 0 0 0 0 2.384 303 48 0 0 0
./complex_md-fit_295.pdb BC A 7.91279 34.2764 -5.04113 -5.54984 -6.77691 -23.8111 -0.826051 40.8003 -23.9981 6.11528 5.86986 2.60581 0 0 0 0.529643 2.56918 0 0 0 0 0 0 2.384 303 48 2 2 0
./complex_md-fit_296.pdb BC A 6.67639 33.3631 -3.19848 -6.29976 -5.61537 -24.913 -0.886864 41.9175 -24.8868 8.69826 5.43247 3.29549 0 0 0 0.0594766 3.24144 0 0 0 0 0 0 2.384 303 45 2 2 0
./complex_md-fit_297.pdb BC A 7.35449 25.1499 -8.87099 -5.573 -4.8255 -23.9033 -0.738343 38.3909 -25.0403 3.96103 5.8283 2.73081 0 0 0 0.249218 2.37901 0.0490923 0 0 0 0 0 2.384 303 45 0 0 0
./complex_md-fit_298.pdb BC A 7.11627 31.0214 -12.3678 -5.74639 -6.42431 -23.8276 -0.645177 39.0355 -24.0798 2.20487 5.06873 1.9572 0 0 0 0.0776614 2.4413 0.0114935 0 0 0 0 0 2.384 303 45 0 0 0
./complex_md-fit_299.pdb BC A 8.20409 29.9009 -4.48151 -4.37322 -4.54367 -23.4921 -0.84005 40.2908 -23.1925 3.94494 4.5484 2.95209 0 0 0 0.205697 2.53729 0.018057 0 0 0 0 0 2.384 303 47 0 0 0
./complex_md-fit_29.pdb BC A 6.87056 31.8285 -7.66371 -6.37777 -9.32468 -24.6442 -0.82318 40.6095 -24.2903 5.23105 7.93359 3.66265 0 0 0 0.359652 2.07867 0 0 0 0 0 0 2.384 303 47 0 0 0
./complex_md-fit_2.pdb BC A 10.4189 32.6094 -7.6011 -7.49288 -5.46982 -25.4594 -0.564619 42.7898 -25.466 3.6508 6.15509 3.72143 0 0 0 0.517353 2.77814 -0.00960618 0 0 0 0 0.0266739 2.384 303 54 1 1 0
./complex_md-fit_300.pdb BC A 8.71022 31.2394 -1.5104 -5.17233 -5.53565 -24.5913 -0.976006 41.6242 -24.4333 8.86617 5.93068 2.39897 0 0 0 0.348685 2.83969 0.0294668 0 0 0 0 0 2.384 303 46 1 1 0
./complex_md-fit_301.pdb BC A 6.28451 36.7106 -12.7455 -6.33545 -7.48058 -24.2087 -0.802743 39.2642 -24.6204 4.13409 4.92001 2.09993 0 0 0 0.242199 4.0059 0.0418878 0 0 0 0 0 2.384 303 48 1 1 0
./complex_md-fit_302.pdb BC A 9.5194 29.1396 -2.05572 -5.69727 -6.48507 -25.1424 -0.587633 42.5744 -25.1224 8.88117 6.39432 2.97379 0 0 0 0.155374 2.57835 -1.38778e-17 0 0 0 0 0 2.384 303 48 1 1 0
./complex_md-fit_303.pdb BC A 8.29677 39.96 -9.76113 -6.1076 -7.0868 -24.5723 -0.883899 40.9653 -24.9001 3.93693 5.81748 2.67577 0 0 0 0.378924 4.07527 0.0151911 0 0 0 0 0 2.384 303 48 0 0 0
./complex_md-fit_304.pdb BC A 6.11546 30.2115 -4.77106 -4.72205 -4.7969 -23.3958 -0.78638 39.1292 -23.9117 5.80114 5.19468 2.52774 0 0 0 0.188976 2.20069 0 0 0 0 0 0 2.384 303 46 0 0 0
./complex_md-fit_305.pdb BC A 8.96605 30.6316 -7.56228 -7.19462 -6.95863 -23.7933 -0.824186 39.7838 -23.8589 4.89585 5.64283 4.57028 0 0 0 0.140118 2.19837 0.0345284 0 0 0 0 0 2.384 303 46 0 0 0
./complex_md-fit_306.pdb BC A 6.53903 26.2362 -7.14447 -4.75653 -6.41643 -21.5316 -0.928063 35.3392 -21.5574 5.33889 4.08012 3.23361 0 0 0 0.0378611 3.02715 0.0158857 0 0 0 0 0 2.384 303 44 1 1 0
./complex_md-fit_307.pdb BC A 6.26017 32.0798 -6.90075 -6.69362 -7.2525 -24.0482 -0.685903 40.1185 -23.9027 5.32929 6.62158 3.56611 0 0 0 0.0466637 2.47032 0 0 0 0 0 0 2.384 303 49 1 1 0
./complex_md-fit_308.pdb BC A 7.60086 38.2034 -3.5484 -4.91908 -6.09753 -23.2934 -0.794422 38.2365 -23.4632 7.7386 4.99491 3.95179 0 0 0 0.0974107 2.39449 0 0 0 0 0 0 2.384 303 47 1 1 0
./complex_md-fit_309.pdb BC A 6.88094 32.0148 -3.92197 -6.28733 -4.51634 -23.1124 -0.833663 38.9029 -23.4603 6.71986 5.47774 2.89807 0 0 0 0.249744 2.43823 0.0396939 0 0 0 0 0 2.384 303 48 2 2 0
./complex_md-fit_30.pdb BC A 7.05178 27.9234 -11.0622 -8.00145 -9.33373 -26.0742 -0.535831 43.7849 -26.1204 1.73116 9.05297 3.74939 0 0 0 0.68496 2.68704 0 0 0 0 0 0 2.384 303 52 0 0 0
./complex_md-fit_310.pdb BC A 7.89982 31.8273 -5.56797 -5.57882 -5.64978 -23.8995 -0.783973 41.3687 -23.4866 5.0262 4.6024 2.69104 0 0 0 0.142335 2.69365 1.11022e-16 0 0 0 0 0 2.384 303 50 0 0 0
./complex_md-fit_311.pdb BC A 9.06639 30.2627 -8.97207 -6.40222 -7.42485 -24.0215 -0.84819 39.2761 -24.5338 3.17724 8.31754 3.15879 0 0 0 0.328866 2.09359 0 0 0 0 0 0 2.384 303 48 0 0 0
./complex_md-fit_312.pdb BC A 6.67507 33.7137 -5.02365 -4.56276 -4.99844 -22.894 -0.790712 37.0158 -23.03 6.42811 6.14556 1.37067 0 0 0 0.292192 2.31345 0 0 0 0 0 0 2.384 303 46 1 1 0
./complex_md-fit_313.pdb BC A 9.06904 26.1019 -10.1867 -7.23958 -7.20456 -23.5328 -0.75312 39.0306 -23.9832 4.73941 5.41593 3.09071 0 0 0 0.24991 2.43133 0 0 0 0 0 0 2.384 303 46 1 1 0
./complex_md-fit_314.pdb BC A 7.29637 26.324 -10.4904 -6.09136 -5.83401 -24.124 -0.708438 39.4422 -24.5354 3.01901 5.9375 2.14521 0 0 0 0.258881 2.21277 0 0 0 0 0 0 2.384 303 50 0 0 0
./complex_md-fit_315.pdb BC A 8.43369 37.9268 -7.61942 -5.12931 -4.75548 -24.1618 -0.813665 39.2406 -24.6264 5.48248 4.63923 2.30002 0 0 0 0.204914 3.84654 0 0 0 0 0 0 2.384 303 45 1 1 0
./complex_md-fit_316.pdb BC A 8.51959 35.8344 -13.9711 -7.62429 -8.1829 -25.0711 -0.894979 41.5313 -25.4596 1.86137 6.52341 3.12504 0 0 0 0.246407 2.90711 -0.0257413 0 0 0 0 0 2.384 303 47 0 0 0
./complex_md-fit_317.pdb BC A 7.69451 29.0982 -8.18279 -6.48947 -7.34249 -24.3389 -0.739275 39.7834 -24.4109 6.06595 6.5408 2.50461 0 0 0 0.209593 2.92803 0.0339564 0 0 0 0 0 2.384 303 45 2 2 0
./complex_md-fit_318.pdb BC A 7.17001 22.52 -9.3559 -7.43144 -6.92432 -24.1811 -0.741174 40.513 -24.3314 4.25272 6.49003 2.31684 0 0 0 0.655541 3.69216 0.0254005 0 0 0 0 0 2.384 303 49 0 0 0
./complex_md-fit_319.pdb BC A 7.08809 37.3467 -5.66682 -7.72175 -8.08005 -24.9153 -0.841561 41.5692 -25.1536 10.657 5.93539 2.21646 0 0 0 0.633678 3.04856 0.0336488 0 0 0 0 0 2.384 303 48 3 3 0
./complex_md-fit_31.pdb BC A 6.95359 31.9516 -8.59321 -7.39885 -9.16761 -28.499 -0.678163 46.6757 -29.1817 5.89115 8.83064 4.5684 0 0 0 0.366132 3.39662 0 0 0 0 0 0 2.384 303 53 1 1 0
./complex_md-fit_320.pdb BC A 10.2096 37.4941 -5.41066 -5.43686 -5.9747 -24.7962 -0.559712 41.464 -25.4716 4.86329 7.3154 2.78322 0 0 0 0.416569 2.41766 -0.0140092 0 0 0 0 0 2.384 303 46 0 0 0
./complex_md-fit_321.pdb BC A 10.1588 29.3872 -12.9506 -7.97564 -9.82643 -25.5526 -0.920156 42.4675 -25.8743 5.75459 5.53461 2.60959 0 0 0 0.796892 2.71103 0.0353029 0 0 0 0 0 2.384 303 46 0 0 0
./complex_md-fit_322.pdb BC A 7.06729 28.1419 -10.1592 -7.47187 -7.9573 -25.7187 -0.882608 42.7543 -26.1225 6.23445 5.63097 2.53545 0 0 0 0.838648 2.75372 0 0 0 0 0 0 2.384 303 50 1 1 0
./complex_md-fit_323.pdb BC A 8.606 32.6983 -10.0594 -9.04651 -7.99726 -26.7801 -0.83879 45.4988 -26.6985 6.17484 6.90386 2.32236 0 0 0 0.372074 2.86569 0.0296903 0 0 0 0 0 2.384 303 49 1 1 0
./complex_md-fit_324.pdb BC A 8.56274 33.5787 -13.3807 -7.60615 -8.29653 -24.1986 -0.840137 39.3443 -24.3772 3.50099 5.71196 2.93613 0 0 0 0.403869 2.41993 0.0406813 0 0 0 0 0 2.384 303 43 1 1 0
./complex_md-fit_325.pdb BC A 7.48266 31.8788 -7.05887 -5.54293 -6.12835 -24.3647 -0.940338 42.1107 -24.4864 3.87617 5.47094 2.71697 0 0 0 0.228993 2.5315 0 0 0 0 0 0 2.384 303 47 0 0 0
./complex_md-fit_326.pdb BC A 7.19473 29.2364 -10.1837 -9.29645 -7.5256 -24.6391 -0.719165 41.5124 -24.6396 4.01416 7.54933 3.02315 0 0 0 0.537253 2.6715 0 0 0 0 0 0 2.384 303 44 0 0 0
./complex_md-fit_327.pdb BC A 8.08346 35.2041 -1.04679 -5.07105 -3.98121 -23.6685 -0.765844 40.9303 -23.767 6.38258 5.5737 2.847 0 0 0 0.443549 2.58441 0.0297772 0 0 0 0 0 2.384 303 45 1 1 0
./complex_md-fit_328.pdb BC A 9.00247 34.2046 -9.80804 -8.41836 -8.1468 -24.7386 -0.823985 39.8352 -25.0206 6.2136 7.23981 3.49848 0 0 0 0.55323 2.58737 2.77556e-17 0 0 0 0 0 2.384 303 47 2 2 0
./complex_md-fit_329.pdb BC A 7.23197 28.2348 -10.305 -7.71159 -8.56992 -24.9484 -0.871531 40.5943 -24.7359 4.82946 6.71928 4.14465 0 0 0 0.244755 2.99332 0 0 0 0 0 0 2.384 303 45 1 1 0
./complex_md-fit_32.pdb BC A 10.5385 26.1146 -3.5398 -5.04005 -7.08088 -27.5494 -0.826095 46.3673 -28.179 6.3193 8.28638 3.94854 0 0 0 0.166527 2.7621 0.0475399 0 0 0 0 0 2.384 303 52 1 1 0
./complex_md-fit_330.pdb BC A 6.88979 30.1969 -11.91 -6.04673 -8.87656 -25.1517 -0.78017 40.3824 -25.0077 4.62133 6.24588 2.52998 0 0 0 0.140569 3.75 0.032712 0 0 0 0 0 2.384 303 49 1 1 0
./complex_md-fit_331.pdb BC A 8.96781 27.9119 -7.71358 -7.50162 -7.06376 -25.0247 -0.790064 41.5925 -24.8496 6.43153 6.57003 2.59165 0 0 0 0.330515 2.51836 0 0 0 0 0 0 2.384 303 45 1 1 0
./complex_md-fit_332.pdb BC A 9.69798 31.9531 -7.32943 -6.18468 -7.89386 -24.8457 -0.902461 42.2882 -25.0398 4.68135 6.80454 3.53857 0 0 0 0.210526 4.08335 0.0139229 0 0 0 0 0 2.384 303 49 1 1 0
./complex_md-fit_333.pdb BC A 6.04078 35.2472 -12.4987 -8.59927 -9.06024 -24.3809 -0.879027 39.8552 -24.2239 3.88765 7.45003 3.07434 0 0 0 0.377485 2.59263 5.55112e-17 0 0 0 0 2.22045e-16 2.384 303 46 0 0 0
./complex_md-fit_334.pdb BC A 7.53894 31.6154 -3.32409 -6.03012 -5.97826 -25.0215 -0.782851 42.8642 -24.7787 5.67929 6.06857 4.25926 0 0 0 0.395996 2.91926 0 0 0 0 0 0 2.384 303 49 0 0 0
./complex_md-fit_335.pdb BC A 6.47072 32.5693 -11.795 -7.18974 -9.68718 -25.2173 -0.91575 40.9431 -25.2436 5.59288 5.8897 3.74068 0 0 0 0.263938 2.69842 0.0283054 0 0 0 0 0 2.384 303 49 0 0 0
./complex_md-fit_336.pdb BC A 6.60561 33.2964 -10.2895 -7.83111 -7.64716 -25.1057 -0.985157 41.5715 -25.0624 4.64273 6.46013 3.28256 0 0 0 0.385026 2.56982 0 0 0 0 0 0 2.384 303 47 1 1 0
./complex_md-fit_337.pdb BC A 6.26842 33.8217 -6.77714 -6.44518 -7.10031 -24.9113 -0.906844 42.1034 -24.9011 5.81268 6.12368 3.21725 0 0 0 0.230604 3.4696 0 0 0 0 0 0 2.384 303 46 1 1 0
./complex_md-fit_338.pdb BC A 8.61803 30.8216 -3.84465 -6.96656 -6.07424 -26.3833 -0.895387 45.9157 -26.1438 4.94525 6.87426 4.57362 0 0 0 0.257418 2.90817 0.0523129 0 0 0 0 0 2.384 303 47 0 0 0
./complex_md-fit_339.pdb BC A 8.83385 36.4947 -5.75453 -6.66893 -5.79967 -25.5704 -0.796307 42.1426 -25.5611 5.6525 6.92626 3.54384 0 0 0 0.357974 2.84935 0.0186881 0 0 0 0 0 2.384 303 47 1 1 0
./complex_md-fit_33.pdb BC A 8.77525 25.4496 -11.4383 -7.42128 -8.83557 -25.6821 -0.56759 41.5353 -26.0453 3.02948 8.26102 3.94537 0 0 0 0.308523 2.52352 0.0338134 0 0 0 0 0 2.384 303 50 0 0 0
./complex_md-fit_340.pdb BC A 8.16176 36.7593 -12.923 -9.60826 -9.39974 -25.8008 -0.992805 43.4399 -25.3686 4.93478 6.45836 2.89639 0 0 0 0.514379 2.8087 0.00336284 0 0 0 0 0 2.384 303 47 0 0 0
./complex_md-fit_341.pdb BC A 7.31417 26.066 -1.11124 -6.2249 -7.97876 -25.1297 -0.914999 43.1288 -24.9708 9.89767 6.53719 4.27163 0 0 0 0.272578 3.86934 0 0 0 0 0 0 2.384 303 45 3 3 0
./complex_md-fit_342.pdb BC A 7.40888 37.5824 -6.35637 -6.76187 -5.42684 -24.9451 -0.833096 41.8971 -24.9774 5.43822 6.1607 2.2928 0 0 0 0.799106 2.48458 0 0 0 0 0 0 2.384 303 45 1 1 0
./complex_md-fit_343.pdb BC A 6.91434 35.7653 -0.34818 -7.26648 -7.08046 -25.6936 -0.980725 44.0511 -25.446 11.3439 6.36982 4.09994 0 0 0 0.254326 2.69131 -2.77556e-17 0 0 0 0 0 2.384 303 48 3 3 0
./complex_md-fit_344.pdb BC A 6.22914 32.0959 -5.122 -6.97172 -6.46444 -25.2868 -1.07728 43.445 -25.0419 7.99088 5.10615 3.00401 0 0 0 0.1845 2.85793 -0.0104389 0 0 0 0 0 2.384 303 48 2 2 0
./complex_md-fit_345.pdb BC A 8.30256 34.1698 -5.05324 -6.78696 -6.96627 -25.3963 -0.966135 43.3976 -25.3232 7.02257 5.5833 3.71407 0 0 0 0.638884 2.88718 0.0292358 0 0 0 0 0 2.384 303 48 2 2 0
./complex_md-fit_346.pdb BC A 7.84855 34.499 -8.86803 -7.65189 -7.62877 -25.1161 -0.83922 42.4971 -25.2415 4.89473 5.68828 4.11404 0 0 0 0.378975 3.57967 0.0362841 0 0 0 0 0 2.384 303 49 1 1 0
./complex_md-fit_347.pdb BC A 9.65604 31.5875 -4.51791 -8.30707 -5.97677 -25.0466 -0.947661 42.3016 -24.5215 7.34788 5.84078 4.24415 0 0 0 0.505228 2.55049 0.042072 0 0 0 0 0 2.384 303 46 1 1 0
./complex_md-fit_348.pdb BC A 6.29666 32.7281 -5.40915 -7.34183 -6.91676 -25.0956 -0.667675 42.5449 -25.0756 6.39762 6.24231 4.09869 0 0 0 0.362607 2.71491 0.042205 0 0 0 0 0 2.384 303 49 2 2 0
./complex_md-fit_349.pdb BC A 6.87251 34.101 -6.84712 -5.27124 -6.44246 -24.7384 -0.666276 41.262 -24.6103 4.07685 6.06623 3.19517 0 0 0 0.250473 2.52575 0.0308573 0 0 0 0 0 2.384 303 48 0 0 0
./complex_md-fit_34.pdb BC A 7.45412 31.9779 -3.76615 -8.2809 -7.25695 -26.4739 -0.617318 45.5794 -26.8139 7.41591 9.77659 2.58701 0 0 0 0.302656 2.79452 0.0153023 0 0 0 0 0 2.384 303 52 2 2 0
./complex_md-fit_350.pdb BC A 8.53164 34.0758 -4.40324 -7.32461 -6.16598 -24.8466 -0.75989 42.9854 -24.3657 5.24307 6.36929 3.96945 0 0 0 0.452718 2.70469 0.0395615 0 0 0 0 0 2.384 303 48 0 0 0
./complex_md-fit_351.pdb BC A 7.91088 29.8202 0.0221312 -5.94056 -6.42461 -24.8454 -0.785634 43.2612 -24.5066 8.19259 6.57697 4.32282 0 0 0 0.171354 3.76772 0 0 0 0 0 0 2.384 303 48 2 2 0
./complex_md-fit_352.pdb BC A 8.23109 30.2078 -5.6526 -6.59629 -6.60428 -25.4258 -0.699906 42.3653 -25.4512 6.75643 6.00431 3.57157 0 0 0 0.427254 3.06356 0 0 0 0 0 0 2.384 303 48 1 1 0
./complex_md-fit_353.pdb BC A 7.19684 29.4787 -9.32519 -8.46603 -7.20352 -25.1543 -0.969423 41.7314 -25.2654 5.60837 6.90705 3.22923 0 0 0 0.229313 2.56194 0.0281695 0 0 0 0 0 2.384 303 47 1 1 0
./complex_md-fit_354.pdb BC A 7.27602 37.4419 -6.88676 -7.55493 -5.51556 -24.1645 -0.884028 41.5988 -24.4233 4.57152 6.14388 2.75406 0 0 0 0.587268 2.61733 5.55112e-17 0 0 0 0 0 2.384 303 47 1 1 0
./complex_md-fit_355.pdb BC A 7.19212 36.1548 -5.67874 -6.53962 -6.71455 -24.2065 -0.740478 39.6824 -24.0001 5.15829 7.14169 4.45878 0 0 0 0.076108 2.82979 0 0 0 0 0 0.00528472 2.384 303 46 0 0 0
./complex_md-fit_356.pdb BC A 7.74058 33.5305 -7.05469 -6.72265 -6.63109 -25.1757 -1.07306 40.9731 -25.5723 7.19345 6.90899 2.83875 0 0 0 0.205867 3.24332 -2.77556e-17 0 0 0 0 0 2.384 303 46 2 2 0
./complex_md-fit_357.pdb BC A 7.2004 39.2761 -4.95136 -5.98275 -8.06039 -23.867 -1.08153 38.9957 -23.9252 8.91038 6.0258 3.81227 0 0 0 0.221409 2.15465 0 0 0 0 0 0 2.384 303 48 2 2 0
./complex_md-fit_358.pdb BC A 7.41221 38.0156 -11.332 -6.7913 -8.53866 -24.8049 -0.998587 40.9403 -24.4166 3.90823 6.72916 2.17006 0 0 0 0.456183 2.68357 0.0141181 0 0 0 0 0 2.384 303 51 1 1 0
./complex_md-fit_359.pdb BC A 6.32531 33.8308 -7.37938 -7.20313 -8.23972 -25.1427 -0.927334 41.5796 -24.4181 5.40728 7.58929 3.51427 0 0 0 0.461165 3.49496 5.55112e-17 0 0 0 0 0 2.384 303 48 3 2 1
./complex_md-fit_35.pdb BC A 7.43013 28.9416 -11.8684 -8.25384 -10.7573 -25.0492 -0.730799 41.8649 -25.2142 3.67308 8.56158 3.68724 0 0 0 0.33086 3.21273 0.0193342 0 0 0 0 0 2.384 303 50 0 0 0
./complex_md-fit_360.pdb BC A 9.29351 29.9069 -2.88686 -5.81602 -9.05657 -24.8107 -0.99409 42.6971 -24.4358 8.45421 7.39513 3.56503 0 0 0 0.0825509 3.66992 0.032298 0 0 0 0 0 2.384 303 50 2 2 0
./complex_md-fit_361.pdb BC A 9.35173 32.3603 -14.0132 -6.91482 -10.3735 -23.9399 -0.950477 39.1777 -23.8809 3.07329 6.53829 2.99587 0 0 0 0.23191 2.64241 0.0294016 0 0 0 0 0 2.384 303 46 0 0 0
./complex_md-fit_362.pdb BC A 8.8905 28.8182 -6.0601 -6.84291 -6.47736 -24.1091 -1.00693 40.1039 -23.8464 5.15846 7.07303 3.59527 0 0 0 0.263186 2.47259 0.0287378 0 0 0 0 0 2.384 303 46 0 0 0
./complex_md-fit_363.pdb BC A 7.69728 33.4695 -11.2258 -7.04603 -8.62269 -24.7948 -0.914402 40.8734 -24.8758 2.75064 7.32634 3.92733 0 0 0 0.150295 2.4342 0 0 0 0 0 0 2.384 303 50 0 0 0
./complex_md-fit_364.pdb BC A 8.02373 32.8995 -11.3522 -8.04449 -10.6408 -24.643 -0.966543 41.1297 -24.3337 4.90491 6.92019 4.01432 0 0 0 0.307307 2.48994 0 0 0 0 0 0 2.384 303 48 1 1 0
./complex_md-fit_365.pdb BC A 8.05883 30.214 -3.46083 -6.28489 -6.64791 -25.2453 -0.827635 42.0464 -25.4591 7.64185 6.84447 3.59975 0 0 0 0.871528 2.67636 0 0 0 0 0 0 2.384 303 48 1 1 0
./complex_md-fit_366.pdb BC A 7.92288 33.4848 -8.04748 -7.68816 -9.98206 -24.6215 -1.05057 41.2022 -24.5189 6.44902 6.63584 5.00889 0 0 0 0.517762 3.01457 0 0 0 0 0 0 2.384 303 49 0 0 0
./complex_md-fit_367.pdb BC A 10.3251 31.0971 -10.685 -6.8274 -9.00516 -25.0674 -0.984578 42.2266 -24.9005 5.30451 5.08835 3.18288 0 0 0 0.256672 2.52252 0.0410266 0 0 0 0 0 2.384 303 50 0 0 0
./complex_md-fit_368.pdb BC A 8.67721 40.2713 -0.662911 -4.78647 -4.87978 -23.6278 -0.876687 41.0804 -23.7417 8.58403 4.43146 2.77988 0 0 0 0.356259 2.2561 0.0175457 0 0 0 0 0 2.384 303 47 4 4 0
./complex_md-fit_369.pdb BC A 7.16405 30.3963 -6.33878 -4.25061 -5.46728 -24.5327 -0.86933 40.949 -24.8272 5.05758 5.13226 2.25485 0 0 0 0.185628 3.0503 0.0289961 0 0 0 0 0 2.384 303 47 0 0 0
./complex_md-fit_36.pdb BC A 7.0263 34.5908 -7.56009 -7.52606 -9.46607 -27.0937 -0.858894 45.8214 -27.033 5.65923 7.8003 4.50975 0 0 0 0.626966 3.25684 0 0 0 0 0 0 2.384 303 51 0 0 0
./complex_md-fit_370.pdb BC A 7.88091 28.3329 -6.39552 -4.86104 -7.03087 -23.8668 -0.996364 39.5498 -24.5001 6.54701 4.82078 3.69548 0 0 0 0.218438 3.33996 0.0281751 0 0 0 0 0 2.384 303 48 2 2 0
./complex_md-fit_371.pdb BC A 7.5807 35.718 -9.05636 -5.39256 -7.92487 -23.8226 -0.814468 38.8837 -24.3997 7.04757 4.94816 2.35542 0 0 0 0.0689546 2.94765 -0.00590254 0 0 0 0 0 2.384 303 47 2 2 0
./complex_md-fit_372.pdb BC A 7.81778 26.197 -5.93404 -6.86417 -5.8451 -22.9558 -0.747292 39.2099 -22.9683 4.90035 5.05679 3.88948 0 0 0 0.390069 2.33383 0 0 0 0 0 0 2.384 303 43 1 1 0
./complex_md-fit_373.pdb BC A 7.31268 29.1977 -7.82051 -6.04671 -7.56822 -23.2288 -0.851193 40.0845 -23.05 4.05982 4.56043 4.12379 0 0 0 0.0958545 2.84948 0 0 0 0 0 0 2.384 303 45 0 0 0
./complex_md-fit_374.pdb BC A 8.53859 34.7392 -5.40716 -5.12254 -8.02961 -24.151 -0.796668 40.7083 -24.5872 7.53884 4.35592 4.03867 0 0 0 0.567987 2.90645 0.0702301 0 0 0 0 0 2.384 303 49 1 1 0
./complex_md-fit_375.pdb BC A 8.08112 31.311 -10.7851 -7.22504 -8.85424 -24.8581 -1.08436 41.0327 -25.1392 4.08925 7.29888 3.37109 0 0 0 0.551175 3.70006 0.0327116 0 0 0 0 2.22045e-16 2.384 303 51 1 1 0
./complex_md-fit_376.pdb BC A 9.9167 30.6859 -9.98338 -7.83231 -9.14747 -24.6566 -0.811289 41.308 -24.6163 3.97499 8.1802 3.33722 0 0 0 0.28022 2.83587 -1.04083e-17 0 0 0 0 0 2.384 303 48 0 0 0
./complex_md-fit_377.pdb BC A 7.59642 43.2215 -11.8883 -7.49326 -7.37814 -25.0417 -0.93924 40.7717 -25.1698 2.31741 6.92792 3.84574 0 0 0 0.230372 2.48537 0.0405808 0 0 0 0 0 2.384 303 46 0 0 0
./complex_md-fit_378.pdb BC A 8.97814 31.0314 -7.81953 -5.23347 -7.03088 -24.8875 -0.98959 40.2788 -25.2805 5.91545 6.55228 2.6458 0 0 0 0.17131 2.89399 0.0387373 0 0 0 0 0 2.384 303 49 0 0 0
./complex_md-fit_379.pdb BC A 7.31691 28.9714 -8.5749 -7.94304 -7.36064 -24.2986 -0.882335 40.6434 -24.6999 6.07612 6.96911 2.758 0 0 0 0.162929 2.66977 0 0 0 0 0 0 2.384 303 49 2 2 0
./complex_md-fit_37.pdb BC A 9.66299 29.1267 -7.05677 -6.63569 -7.32388 -23.6221 -0.542869 39.0465 -23.6229 3.71469 7.58791 3.87877 0 0 0 0.46282 2.39717 0 0 0 0 0 0 2.384 303 46 0 0 0
./complex_md-fit_380.pdb BC A 8.10585 29.4466 -6.44072 -6.28063 -5.15284 -24.5 -0.755706 41.0433 -24.7566 4.06624 6.31871 3.04303 0 0 0 0.533765 2.57119 0 0 0 0 0 0 2.384 303 47 0 0 0
./complex_md-fit_381.pdb BC A 8.00142 31.9958 -6.86649 -7.70688 -8.06456 -24.4351 -0.884184 40.6271 -23.7716 6.46444 7.53896 3.11189 0 0 0 0.253475 2.20617 0 0 0 0 0 0 2.384 303 46 2 2 0
./complex_md-fit_382.pdb BC A 7.14065 32.3976 -11.0478 -8.27246 -10.093 -25.2153 -1.04849 42.06 -25.2065 6.0719 7.96927 2.42817 0 0 0 0.258588 2.80842 0 0 0 0 0 0 2.384 303 45 1 1 0
./complex_md-fit_383.pdb BC A 7.68146 28.3682 -11.1641 -7.24278 -7.72679 -24.5784 -0.881865 40.3826 -24.9195 3.50742 6.56196 3.26302 0 0 0 0.470234 2.72116 0 0 0 0 0 0 2.384 303 46 0 0 0
./complex_md-fit_384.pdb BC A 6.52534 32.1785 -14.1756 -7.84654 -9.55042 -24.4445 -0.883153 40.6226 -24.8462 3.55944 6.18729 2.42046 0 0 0 0.574321 3.40478 0.0310635 0 0 0 0 -1.11022e-16 2.384 303 50 0 0 0
./complex_md-fit_385.pdb BC A 6.21958 39.1951 -11.816 -7.8002 -9.24036 -24.0686 -0.967501 40.7811 -23.7687 4.00744 6.30647 1.99283 0 0 0 0.941405 2.72949 1.11022e-16 0 0 0 0 0 2.384 303 46 1 1 0
./complex_md-fit_386.pdb BC A 8.95865 27.3042 -3.5872 -7.29918 -9.32024 -25.6559 -1.00211 43.5612 -25.3916 10.0183 6.54475 4.67044 0 0 0 0.249879 2.84985 0.0372443 0 0 0 0 0 2.384 303 45 4 4 0
./complex_md-fit_387.pdb BC A 6.73873 29.6334 -2.99801 -4.33014 -6.33303 -23.9681 -0.768052 39.6325 -24.2337 6.87696 5.86532 4.03369 0 0 0 0.226535 2.36322 1.38778e-17 0 0 0 0 0 2.384 303 48 1 1 0
./complex_md-fit_388.pdb BC A 7.45761 27.7496 -3.28491 -4.21583 -5.22712 -25.7519 -0.690843 44.2551 -25.7091 6.03921 4.94681 2.97595 0 0 0 0.0681792 2.55946 0.024681 0 0 0 0 0 2.384 303 49 0 0 0
./complex_md-fit_389.pdb BC A 9.57917 28.9321 -3.31438 -4.73571 -7.49109 -25.4783 -0.96465 43.1362 -25.4543 7.85675 6.02142 3.53292 0 0 0 0.262375 3.08947 0 0 0 0 0 0 2.384 303 44 1 1 0
./complex_md-fit_38.pdb BC A 6.96405 30.2063 -6.83755 -7.96775 -7.22523 -25.4787 -0.573941 43.1687 -24.9922 4.25539 7.58274 4.04967 0 0 0 0.324839 2.67829 0.0188123 0 0 0 0 0 2.384 303 49 0 0 0
./complex_md-fit_390.pdb BC A 8.41218 30.4894 -9.54469 -6.80702 -7.36304 -24.5964 -0.781821 42.0061 -24.1887 3.98878 5.13374 2.39339 0 0 0 0.670219 2.79719 -1.11022e-16 0 0 0 0 0 2.384 303 49 0 0 0
./complex_md-fit_391.pdb BC A 6.8091 29.3192 -10.479 -6.42861 -8.44347 -25.7411 -0.961751 43.7131 -25.4263 3.89974 6.03652 2.70461 0 0 0 0.168363 3.03418 0 0 0 0 0 0 2.384 303 49 0 0 0
./complex_md-fit_392.pdb BC A 9.62139 31.4634 -8.34616 -7.38041 -8.21547 -24.5974 -1.04137 41.4422 -24.1588 4.06386 6.95498 3.99139 0 0 0 0.559456 2.69264 0.0352984 0 0 0 0 0 2.384 303 48 0 0 0
./complex_md-fit_393.pdb BC A 7.55247 34.6706 -9.24421 -7.75327 -10.4888 -23.9041 -1.04214 40.7418 -23.0948 6.48392 6.54813 2.96994 0 0 0 0.295148 2.63233 0 0 0 0 0 0 2.384 303 48 0 0 0
./complex_md-fit_394.pdb BC A 8.36408 34.6925 -8.55179 -8.70984 -10.0818 -25.121 -0.983376 42.5694 -24.3279 5.89399 8.89517 2.89245 0 0 0 0.4212 2.98899 0 0 0 0 0 0 2.384 303 48 2 2 0
./complex_md-fit_395.pdb BC A 7.53193 34.2859 -2.52291 -4.44669 -6.91147 -25.181 -1.05446 43.3698 -25.3483 6.47431 8.08337 2.13791 0 0 0 0.353726 2.78356 0 0 0 0 0 1.11022e-16 2.384 303 50 1 1 0
./complex_md-fit_396.pdb BC A 8.06125 40.2376 -1.86709 -4.18926 -7.38996 -24.1421 -0.852177 43.4494 -24.1002 6.47987 7.07279 1.54215 0 0 0 0.262408 2.56938 5.55112e-17 0 0 0 0 0 2.384 303 46 1 1 0
./complex_md-fit_397.pdb BC A 5.36356 24.945 -10.2365 -5.96163 -7.88978 -22.088 -0.544991 37.2241 -21.3977 2.05963 6.56481 1.65575 0 0 0 0.141399 2.66848 0 0 0 0 0 0 2.384 303 49 0 0 0
./complex_md-fit_398.pdb BC A 6.49578 39.7763 -3.62052 -5.72694 -7.9628 -24.1222 -0.91369 41.9198 -23.535 7.17528 7.19017 2.18513 0 0 0 0.169629 2.77035 0 0 0 0 0 0 2.384 303 49 0 0 0
./complex_md-fit_399.pdb BC A 7.77537 28.0047 -9.74555 -7.44918 -9.4545 -24.5063 -0.456603 42.7716 -23.6451 2.5805 7.44271 2.86485 0 0 0 0.106526 2.78371 0 0 0 0 0 0 2.384 303 49 0 0 0
./complex_md-fit_39.pdb BC A 8.12983 31.3514 -6.75884 -5.45898 -10.3308 -24.4976 -0.549077 41.8987 -23.8237 4.26204 8.02909 3.51669 0 0 0 0.194784 2.5341 0 0 0 0 0 0 2.384 303 48 1 1 0
./complex_md-fit_3.pdb BC A 8.34892 37.6027 -5.86521 -7.69915 -7.40505 -25.8239 -0.602993 41.8147 -26.7001 7.64972 7.59104 4.76974 0 0 0 0.540803 2.18929 0 0 0 0 0 0 2.384 303 47 2 2 0
./complex_md-fit_400.pdb BC A 5.40887 31.792 1.95127 -5.01378 -8.95344 -26.7873 -0.704159 47.0432 -26.552 11.1375 7.62677 3.7147 0 0 0 0.439837 3.34963 0 0 0 0 0 0 2.384 303 48 3 3 0
./complex_md-fit_401.pdb BC A 8.3961 34.3304 -5.60128 -7.06341 -7.40132 -25.0694 -0.632252 42.8415 -25.1708 5.31091 7.2583 4.15166 0 0 0 0.173542 3.41588 0 0 0 0 0 0 2.384 303 48 1 1 0
./complex_md-fit_402.pdb BC A 8.98379 34.6529 -8.09356 -6.47301 -7.95995 -24.6351 -0.663691 41.2425 -24.6145 5.91918 7.28989 1.61255 0 0 0 0.188618 2.69876 2.77556e-17 0 0 0 0 0 2.384 303 47 1 1 0
./complex_md-fit_403.pdb BC A 7.5944 34.3187 -6.60474 -7.23892 -8.1984 -24.0966 -0.660381 40.6942 -24.0009 5.11968 7.22296 4.12198 0 0 0 0.431652 2.2941 0 0 0 0 0 0 2.384 303 47 0 0 0
./complex_md-fit_404.pdb BC A 6.43046 36.4675 -10.0847 -6.54604 -8.41297 -23.2962 -0.646016 38.2466 -23.0359 3.35406 7.20374 2.92102 0 0 0 0.127064 2.28427 0 0 0 0 0 0 2.384 303 42 0 0 0
./complex_md-fit_405.pdb BC A 8.22914 25.8429 -8.29085 -6.81134 -8.99769 -24.6835 -0.744062 40.771 -25.0551 7.62479 7.70589 1.66896 0 0 0 0.230205 2.41666 0 0 0 0 0 0 2.384 303 46 2 2 0
./complex_md-fit_406.pdb BC A 8.40377 26.6238 -3.51397 -6.55774 -6.59638 -25.1477 -0.783886 41.3544 -25.6543 9.3196 8.15432 2.17729 0 0 0 0.22041 2.53821 0 0 0 0 0 0 2.384 303 46 4 4 0
./complex_md-fit_407.pdb BC A 6.13056 36.3158 -5.65916 -6.2808 -6.685 -24.2569 -0.91738 40.8416 -23.9037 5.81414 7.11812 2.40032 0 0 0 0.180535 3.28401 0.029946 0 0 0 0 0 2.384 303 47 1 1 0
./complex_md-fit_408.pdb BC A 6.65207 34.9614 -7.60596 -7.20708 -7.37465 -24.2303 -0.743083 40.4226 -23.7999 5.73288 7.10687 2.23775 0 0 0 0.249042 3.65982 0 0 0 0 0 0 2.384 303 47 1 1 0
./complex_md-fit_409.pdb BC A 6.36385 26.9555 -7.51278 -7.36242 -9.611 -25.0217 -0.83359 42.4158 -25.37 6.31829 9.32754 2.27311 0 0 0 0.351252 2.64836 0 0 0 0 0 0 2.384 303 47 1 1 0
./complex_md-fit_40.pdb BC A 11.0548 21.4214 -6.85707 -7.39989 -10.4082 -27.031 -0.650833 47.7752 -26.7871 4.81696 8.94965 3.73657 0 0 0 0.141572 2.66637 0 0 0 0 0 0 2.384 303 49 0 0 0
./complex_md-fit_410.pdb BC A 5.36867 31.8333 -11.9705 -6.82427 -9.63388 -24.1178 -0.880759 40.0512 -24.1641 2.10634 8.21919 3.01046 0 0 0 0.236596 2.50929 0.026583 0 0 0 0 0 2.384 303 45 0 0 0
./complex_md-fit_411.pdb BC A 7.08059 31.2034 -10.6673 -7.58757 -8.06702 -22.8704 -0.626767 37.7409 -22.5945 3.21534 7.549 2.39022 0 0 0 0.183623 2.62288 -5.55112e-17 0 0 0 0 0 2.384 303 48 0 0 0
./complex_md-fit_412.pdb BC A 6.5967 35.4906 -9.65542 -7.40465 -9.45704 -23.4744 -0.720797 39.8792 -23.0389 3.5638 8.16845 2.59922 0 0 0 0.229692 2.322 0 0 0 0 0 0 2.384 303 45 0 0 0
./complex_md-fit_413.pdb BC A 6.9693 37.1064 -8.97824 -7.26108 -8.59511 -24.1808 -0.765184 40.5634 -23.4445 4.31843 7.37416 2.80526 0 0 0 0.20713 2.83394 0 0 0 0 0 0 2.384 303 50 1 1 0
./complex_md-fit_414.pdb BC A 9.50297 32.9067 -9.99874 -7.11214 -8.00649 -23.4369 -0.846112 39.5447 -23.2646 5.06463 5.49216 2.43099 0 0 0 0.135102 2.6714 0 0 0 0 0 0 2.384 303 50 1 1 0
./complex_md-fit_415.pdb BC A 11.03 33.3261 -14.0648 -8.74751 -13.1073 -24.3573 -0.799153 40.3031 -24.3293 4.24128 8.776 3.58326 0 0 0 0.372039 2.6389 0 0 0 0 0 0 2.384 303 48 1 1 0
./complex_md-fit_416.pdb BC A 10.0689 34.8728 -7.45021 -6.85351 -6.10314 -23.6177 -0.664872 39.5133 -23.7581 4.59356 7.76628 1.43253 0 0 0 0.200721 2.47177 0.0407849 0 0 0 0 0 2.384 303 45 0 0 0
./complex_md-fit_417.pdb BC A 7.44999 23.5174 -10.6246 -7.1593 -8.75876 -23.4836 -0.812885 39.2207 -23.1544 2.50285 7.73946 3.18882 0 0 0 0.0925299 2.62659 0 0 0 0 0 0 2.384 303 48 0 0 0
./complex_md-fit_418.pdb BC A 6.75816 38.012 -7.15928 -7.34503 -7.81871 -23.7783 -0.677511 40.5387 -23.486 5.50341 7.12737 2.71005 0 0 0 0.066717 2.71888 -1.11022e-16 0 0 0 0 0 2.384 303 46 1 1 0
./complex_md-fit_419.pdb BC A 7.40383 32.7051 -13.6049 -9.23585 -9.4005 -23.738 -0.678272 40.2289 -23.4856 2.81301 7.41344 2.24213 0 0 0 0.235842 2.56069 -5.55112e-17 0 0 0 0 0 2.384 303 45 0 0 0
./complex_md-fit_41.pdb BC A 7.61353 27.1148 -8.37107 -6.16449 -8.45661 -25.768 -0.431461 42.3892 -26.3294 4.93828 7.56406 3.68399 0 0 0 0.183969 3.8005 0.0194673 0 0 0 0 0 2.384 303 47 0 0 0
./complex_md-fit_420.pdb BC A 7.62815 36.5473 -7.09743 -6.30787 -6.99059 -23.2195 -0.691772 38.9238 -23.0933 2.76062 8.53836 2.88974 0 0 0 0.0930489 2.35668 -5.55112e-17 0 0 0 0 0 2.384 303 47 0 0 0
./complex_md-fit_421.pdb BC A 6.43491 25.6535 -6.76462 -7.13735 -9.32604 -23.6089 -0.825491 40.1778 -23.2982 4.89476 8.92651 3.31593 0 0 0 0.116316 2.66494 0 0 0 0 0 0 2.384 303 45 0 0 0
./complex_md-fit_422.pdb BC A 6.09742 33.9043 -10.2471 -8.93939 -10.139 -23.2389 -0.804261 39.5135 -22.7781 4.90786 8.79538 2.10006 0 0 0 0.286855 2.46326 0.04896 0 0 0 0 0 2.384 303 44 1 1 0
./complex_md-fit_423.pdb BC A 10.0694 32.6623 -9.69012 -7.55569 -9.04807 -21.988 -0.604862 37.2126 -21.9939 5.2673 7.04293 1.73837 0 0 0 0.189385 3.25101 0.0498312 0 0 0 0 0 2.384 303 45 1 1 0
./complex_md-fit_424.pdb BC A 8.26965 40.5903 -9.82266 -7.4991 -8.37512 -23.081 -0.646493 37.6916 -23.1245 5.31041 7.40803 2.2531 0 0 0 0.240467 2.60935 5.55112e-17 0 0 0 0 0 2.384 303 45 2 2 0
./complex_md-fit_425.pdb BC A 6.27019 31.5671 -5.2942 -5.19962 -7.91403 -23.1885 -0.88262 38.686 -22.6977 5.03485 7.01615 3.27552 0 0 0 0.539569 2.70911 0.036205 0 0 0 0 0 2.384 303 44 0 0 0
./complex_md-fit_426.pdb BC A 7.22211 28.3672 -0.112904 -6.46092 -6.94972 -24.6017 -0.571526 42.7045 -24.305 6.98262 8.56737 4.29665 0 0 0 0.224787 3.25402 0 0 0 0 0 0 2.384 303 49 2 2 0
./complex_md-fit_427.pdb BC A 8.11376 24.2832 -7.12868 -8.19481 -7.74327 -23.5365 -0.879767 39.6735 -22.9038 3.8209 9.50237 2.71222 0 0 0 0.375259 2.35274 0.0452847 0 0 0 0 0 2.384 303 45 1 1 0
./complex_md-fit_428.pdb BC A 6.06872 34.9384 -8.71054 -7.29114 -8.14667 -23.3944 -0.73591 38.7076 -23.1002 4.30594 7.64797 2.96287 0 0 0 0.333328 2.52098 0 0 0 0 0 0 2.384 303 42 1 1 0
./complex_md-fit_429.pdb BC A 6.40536 32.6317 -0.352628 -4.11216 -6.10579 -22.8966 -0.745789 39.8202 -23.0095 7.27807 6.68498 2.54655 0 0 0 0.187319 2.38979 0 0 0 0 0 0 2.384 303 47 1 1 0
./complex_md-fit_42.pdb BC A 8.79258 34.814 -14.2 -8.04746 -10.5981 -27.408 -0.629874 46.3142 -27.7885 1.44773 8.81398 3.21558 0 0 0 0.480386 2.97575 0 0 0 0 0 0 2.384 303 53 0 0 0
./complex_md-fit_430.pdb BC A 6.03495 26.2649 -11.4922 -8.79537 -9.59203 -24.2078 -0.846318 40.3388 -23.896 3.94284 8.90841 2.18119 0 0 0 0.474025 2.5026 5.55112e-17 0 0 0 0 0 2.384 303 45 0 0 0
./complex_md-fit_431.pdb BC A 8.17363 29.3267 -8.39995 -7.42419 -9.27078 -22.6922 -0.64881 37.5248 -22.4513 5.05654 8.05559 2.98992 0 0 0 0.460439 2.76757 0 0 0 0 0 0 2.384 303 42 1 1 0
./complex_md-fit_432.pdb BC A 6.67411 32.0778 -1.62194 -6.02873 -7.50201 -22.3972 -0.745834 39.1718 -21.7466 5.93453 8.34586 3.19314 0 0 0 0.163984 2.60688 -0.0108205 0 0 0 0 0 2.384 303 47 1 1 0
./complex_md-fit_433.pdb BC A 5.28136 31.6388 -10.2313 -8.23537 -9.17919 -23.3177 -0.721958 39.0591 -22.9332 5.72699 6.16789 2.94005 0 0 0 0.262063 2.31778 -5.55112e-17 0 0 0 0 0 2.384 303 47 1 1 0
./complex_md-fit_434.pdb BC A 8.10779 27.1321 -5.17875 -5.91059 -8.18553 -23.3018 -0.491941 40.4283 -22.7228 5.49712 6.73242 2.58415 0 0 0 0.191934 2.65119 2.77556e-17 0 0 0 0 0 2.384 303 45 0 0 0
./complex_md-fit_435.pdb BC A 9.5181 33.4161 -1.8293 -5.36808 -7.39996 -23.1273 -0.802921 39.4705 -23.3704 8.296 7.40579 2.75132 0 0 0 0.315781 2.38936 0 0 0 0 0 0 2.384 303 44 2 2 0
./complex_md-fit_436.pdb BC A 8.03099 25.6742 -9.60658 -7.86818 -9.57071 -23.4434 -0.731683 39.2041 -22.9316 3.08842 8.56655 3.7801 0 0 0 0.259056 2.26791 0.0407649 0 0 0 0 0 2.384 303 45 0 0 0
./complex_md-fit_437.pdb BC A 8.92509 26.6879 -8.73684 -6.67062 -8.42078 -23.9591 -0.665976 40.6784 -23.405 2.9542 7.66507 2.89492 0 0 0 0.192097 2.96383 -2.77556e-17 0 0 0 0 0 2.384 303 46 0 0 0
./complex_md-fit_438.pdb BC A 7.32606 31.1191 -8.89241 -6.00217 -8.65068 -23.6162 -0.905211 40.0016 -22.9372 2.82161 6.99955 2.88336 0 0 0 0.512949 4.06772 0 0 0 0 0 0 2.384 303 46 0 0 0
./complex_md-fit_439.pdb BC A 7.69931 34.0535 -6.21464 -6.26006 -8.41112 -23.7189 -0.959445 38.9429 -23.4372 7.01831 7.43 3.04495 0 0 0 0.0982919 2.62256 0.03758 0 0 0 0 0 2.384 303 41 1 1 0
./complex_md-fit_43.pdb BC A 6.69242 30.8582 -8.49219 -8.26594 -9.06331 -26.2126 -0.773076 44.5006 -26.1162 3.50561 9.04368 4.55263 0 0 0 0.336462 2.92319 0 0 0 0 0 0 2.384 303 53 0 0 0
./complex_md-fit_440.pdb BC A 6.40987 35.5709 -9.63042 -8.02335 -9.0096 -24.0919 -0.996534 40.1745 -23.8553 6.12948 6.83494 2.9563 0 0 0 0.220579 2.48853 0.0304779 0 0 0 0 0 2.384 303 46 1 1 0
./complex_md-fit_441.pdb BC A 5.79469 30.8941 -7.67874 -7.21919 -8.70568 -23.6884 -0.813306 39.45 -23.5137 6.02638 7.44676 3.04279 0 0 0 0.295645 2.50673 0 0 0 0 0 0 2.384 303 47 3 3 0
./complex_md-fit_442.pdb BC A 7.04979 29.8099 -6.6746 -7.12847 -7.78949 -25.6792 -0.560139 43.8749 -25.0225 4.84528 7.50243 2.66022 0 0 0 0.622298 2.81663 0 0 0 0 0 0 2.384 303 48 1 1 0
./complex_md-fit_443.pdb BC A 8.82874 24.6026 -11.5258 -8.31884 -9.25804 -22.4606 -0.769966 37.5675 -21.9604 3.92516 7.35205 1.89412 0 0 0 0.457136 2.25404 0.0461904 0 0 0 0 0 2.384 303 45 1 1 0
./complex_md-fit_444.pdb BC A 7.65849 35.3299 -7.49059 -7.81329 -7.06435 -25.2153 -0.672879 41.9996 -24.9238 6.29743 7.1603 2.5228 0 0 0 0.174875 2.4257 0.043958 0 0 0 0 0 2.384 303 49 0 0 0
./complex_md-fit_445.pdb BC A 9.45588 29.6542 -4.67654 -6.25176 -8.99711 -22.8354 -0.868203 39.0334 -22.1183 6.3166 8.60248 2.32715 0 0 0 0.0929596 2.5867 -1.11022e-16 0 0 0 0 0.0216128 2.384 303 48 1 1 0
./complex_md-fit_446.pdb BC A 10.0899 27.5074 -12.9905 -6.70705 -9.50484 -23.1891 -0.700706 38.9312 -23.0512 2.15656 6.6518 2.17871 0 0 0 0.244213 2.45394 0 0 0 0 0 0 2.384 303 46 0 0 0
./complex_md-fit_447.pdb BC A 6.44993 31.4536 -11.3938 -6.75041 -7.51026 -23.2781 -0.766232 38.7999 -23.4071 2.33107 7.09611 1.98375 0 0 0 0.0672509 2.35773 0.0401263 0 0 0 0 0 2.384 303 40 0 0 0
./complex_md-fit_448.pdb BC A 7.90908 34.324 -13.1469 -8.85284 -11.1167 -24.583 -0.61006 40.9955 -24.0702 3.07349 8.84086 2.79872 0 0 0 0.324802 2.73486 0.040278 0 0 0 0 0.0122505 2.384 303 53 0 0 0
./complex_md-fit_449.pdb BC A 9.41596 30.603 -7.12006 -8.88558 -10.2977 -23.723 -0.780239 39.2704 -23.3136 8.40559 8.9895 2.94881 0 0 0 0.205229 2.80377 0.0604963 0 0 0 0 0 2.384 303 45 1 1 0
./complex_md-fit_44.pdb BC A 6.68003 26.3185 -12.9448 -9.16427 -10.3443 -26.3281 -0.732457 42.9881 -26.7147 2.80574 9.72303 4.63102 0 0 0 0.191189 2.55502 0 0 0 0 0 0 2.384 303 53 0 0 0
./complex_md-fit_450.pdb BC A 7.35529 35.8197 -11.673 -9.31121 -9.06557 -21.6778 -0.77934 37.0625 -21.3158 3.73923 7.48817 1.92868 0 0 0 0.258087 2.29124 0 0 0 0 0 0 2.384 303 45 1 1 0
./complex_md-fit_451.pdb BC A 7.43465 36.0928 -9.98702 -6.2875 -7.92092 -23.5489 -0.704209 38.6914 -23.4616 2.66786 7.92315 2.5233 0 0 0 0.115343 2.59693 0 0 0 0 0 0.0150317 2.384 303 45 0 0 0
./complex_md-fit_452.pdb BC A 7.52318 32.0679 -10.5765 -7.92578 -9.57223 -24.5112 -0.769418 41.0133 -23.8744 3.87054 8.14703 2.71262 0 0 0 0.294419 2.1017 0.0385514 0 0 0 0 0 2.384 303 47 1 1 0
./complex_md-fit_453.pdb BC A 7.66856 27.8007 -8.36765 -6.65529 -8.00997 -24.1018 -0.807748 40.1761 -24.1502 3.7346 8.0125 3.20809 0 0 0 0.180547 3.09239 0.0454998 0 0 0 0 0 2.384 303 48 0 0 0
./complex_md-fit_454.pdb BC A 8.46915 33.6386 -4.04661 -7.2139 -6.78634 -25.4779 -0.732845 43.6643 -25.0847 5.92357 7.36681 3.92115 0 0 0 0.373243 2.56288 2.77556e-17 0 0 0 0 0 2.384 303 48 1 1 0
./complex_md-fit_455.pdb BC A 9.12763 31.1083 -5.0058 -6.03133 -7.87704 -24.3037 -0.630607 40.6772 -23.949 6.42061 7.75428 2.79834 0 0 0 0.135432 2.56807 0 0 0 0 0 0 2.384 303 46 0 0 0
./complex_md-fit_456.pdb BC A 8.63128 29.4176 -5.47529 -7.09381 -8.20715 -26.1589 -1.11478 44.2704 -26.0398 7.19134 8.84608 2.56666 0 0 0 0.205314 2.84171 0.039275 0 0 0 0 0.0200149 2.384 303 48 2 2 0
./complex_md-fit_457.pdb BC A 5.83192 30.2344 -10.0173 -7.98805 -8.81928 -23.8052 -0.938437 38.869 -23.4395 5.73113 8.00887 2.09957 0 0 0 0.255909 2.52341 0 0 0 0 0 0.008625 2.384 303 48 0 0 0
./complex_md-fit_458.pdb BC A 6.58909 31.1323 -12.6304 -9.51292 -10.4377 -24.5152 -0.898999 41.4058 -23.7878 3.6148 9.34648 1.97882 0 0 0 0.126185 2.35287 0.0390198 0 0 0 0 0.0111031 2.384 303 42 0 0 0
./complex_md-fit_459.pdb BC A 6.27494 28.9421 -9.343 -8.06025 -7.34038 -23.1463 -0.852701 37.9176 -23.277 4.12695 8.81767 2.19239 0 0 0 0.238431 2.39569 0.0406111 0 0 0 0 0 2.384 303 43 0 0 0
./complex_md-fit_45.pdb BC A 8.17719 34.431 -10.5989 -6.60613 -9.28288 -24.6904 -0.770812 40.3907 -25.4662 3.23198 9.18439 3.05047 0 0 0 0.359852 2.23386 0 0 0 0 0 0 2.384 303 49 0 0 0
./complex_md-fit_460.pdb BC A 7.50686 35.5188 -3.77902 -5.36994 -4.93975 -23.9738 -0.776849 40.0836 -23.6556 5.28154 7.49535 1.7126 0 0 0 0.363563 2.55092 0 0 0 0 0 0.000239102 2.384 303 46 1 1 0
./complex_md-fit_461.pdb BC A 8.7845 35.0106 -11.7671 -7.80316 -8.94913 -23.3895 -0.922751 39.0632 -22.9729 2.91531 7.75975 2.16302 0 0 0 0.369102 2.52563 0 0 0 0 0 0 2.384 303 42 0 0 0
./complex_md-fit_462.pdb BC A 6.41461 34.808 -5.29991 -5.36022 -7.39969 -24.5789 -0.9111 42.1664 -23.4387 4.68758 7.13977 1.99214 0 0 0 0.373024 2.57386 0 0 0 0 0 0.0297839 2.384 303 47 0 0 0
./complex_md-fit_463.pdb BC A 7.26047 30.6897 -8.26829 -6.371 -8.46088 -23.9468 -0.900241 38.8986 -24.109 4.9166 7.27091 4.05955 0 0 0 0.319194 2.50269 0.0442896 0 0 0 0 0.0105608 2.384 303 46 0 0 0
./complex_md-fit_464.pdb BC A 9.45019 32.9792 -14.6505 -9.41406 -9.77646 -23.368 -0.955147 38.1799 -22.892 2.53405 8.53267 1.98172 0 0 0 0.50853 2.89758 0 0 0 0 0 0.0182411 2.384 303 43 1 1 0
./complex_md-fit_465.pdb BC A 6.20212 35.7568 -12.3426 -8.97822 -10.6879 -24.3737 -0.957296 40.4718 -23.6469 3.58308 8.98819 2.65287 0 0 0 0.60554 2.51636 0 0 0 0 0 0 2.384 303 46 0 0 0
./complex_md-fit_466.pdb BC A 7.42387 26.0876 -9.21583 -7.79964 -9.23677 -24.9021 -0.849276 42.1106 -23.8155 4.16108 7.62474 3.15417 0 0 0 0.296047 2.98325 0.0407045 0 0 0 0 0 2.384 303 48 0 0 0
./complex_md-fit_467.pdb BC A 6.80471 32.7815 -10.1726 -8.32881 -9.83151 -24.5609 -0.798091 40.5323 -23.9378 5.27646 8.78058 2.43635 0 0 0 0.25587 2.91924 -0.0154426 0 0 0 0 0.0182201 2.384 303 45 1 1 0
./complex_md-fit_468.pdb BC A 11.03 32.3635 -10.4944 -8.30189 -9.02051 -24.7116 -0.902956 40.3341 -23.9295 5.24506 8.2324 2.09434 0 0 0 0.402324 2.55547 0.0418295 0 0 0 0 0.021944 2.384 303 45 1 1 0
./complex_md-fit_469.pdb BC A 8.53509 28.1499 -11.7446 -6.78638 -9.37339 -24.5826 -0.982781 41.0134 -24.2396 1.56987 8.75844 2.64894 0 0 0 0.152219 3.27169 0.0501511 0 0 0 0 0.0270452 2.384 303 46 0 0 0
./complex_md-fit_46.pdb BC A 10.9808 33.0985 -3.00002 -8.06345 -7.35217 -26.3564 -0.579271 44.6408 -26.5609 7.90266 8.18908 4.79789 0 0 0 0.34856 3.13651 0.0332062 0 0 0 0 0 2.384 303 50 3 3 0
./complex_md-fit_470.pdb BC A 6.35381 35.7686 -3.69257 -7.77629 -6.97041 -24.9628 -0.956652 43.7475 -24.377 6.33339 7.56903 3.05202 0 0 0 0.595611 2.72014 0.0448031 0 0 0 0 0.00828827 2.384 303 48 0 0 0
./complex_md-fit_471.pdb BC A 8.08465 27.9995 -6.05344 -4.7298 -7.12898 -23.5409 -0.915417 38.3735 -23.2669 6.21297 7.23992 1.56155 0 0 0 0.140643 2.33614 -5.55112e-17 0 0 0 0 0 2.384 303 44 1 1 0
./complex_md-fit_472.pdb BC A 6.24393 34.6881 -12.188 -7.06276 -8.00531 -24.4865 -0.865047 39.4572 -24.1223 2.6058 8.15908 1.7497 0 0 0 0.344139 2.55814 0.0379541 0 0 0 0 0 2.384 303 41 0 0 0
./complex_md-fit_473.pdb BC A 7.96901 29.2957 -7.82083 -6.54232 -6.3909 -25.1571 -0.796889 41.4463 -24.5771 5.77513 6.45018 1.51496 0 0 0 0.456983 2.72403 0 0 0 0 0 0 2.384 303 46 1 1 0
./complex_md-fit_474.pdb BC A 8.83856 26.0986 -3.88239 -5.15497 -5.37551 -24.431 -0.865326 42.2649 -23.5439 5.14338 5.41961 2.42352 0 0 0 0.236939 3.0141 0 0 0 0 0 0 2.384 303 45 1 1 0
./complex_md-fit_475.pdb BC A 9.62542 40.193 -4.96787 -5.99663 -7.26104 -23.7628 -0.88205 39.4449 -23.3657 4.56061 8.30127 3.45616 0 0 0 0.537401 2.39049 0 0 0 0 0 0 2.384 303 43 0 0 0
./complex_md-fit_476.pdb BC A 8.48934 29.5307 -6.99981 -5.69325 -6.65194 -23.8886 -0.875072 38.3755 -23.9986 6.32751 7.03246 2.26916 0 0 0 0.0524667 2.70347 0.0506036 0 0 0 0 0 2.384 303 42 2 2 0
./complex_md-fit_477.pdb BC A 8.10493 29.7494 -3.45564 -4.44907 -6.88704 -23.2739 -0.727906 39.9667 -22.6306 5.84547 6.67913 1.74915 0 0 0 0.272397 2.78294 0 0 0 0 0 0 2.384 303 43 1 1 0
./complex_md-fit_478.pdb BC A 8.89408 29.2482 -7.31346 -6.43546 -7.68784 -23.6904 -0.797708 38.4072 -23.2468 6.68308 6.98056 2.39318 0 0 0 0.0727041 2.59547 0 0 0 0 0 0.0080015 2.384 303 44 1 1 0
./complex_md-fit_479.pdb BC A 8.30728 28.4576 -13.2099 -7.54147 -8.9742 -23.3202 -0.87501 37.75 -22.5108 2.40575 7.54012 1.93623 0 0 0 0.33725 2.56092 0.0424428 0 0 0 0 0 2.384 303 42 0 0 0
./complex_md-fit_47.pdb BC A 8.08386 30.0443 -13.721 -8.47647 -10.0129 -26.1362 -0.622606 43.3418 -26.4436 2.18548 8.33133 3.7403 0 0 0 0.3719 2.38889 0 0 0 0 0 0 2.384 303 50 0 0 0
./complex_md-fit_480.pdb BC A 6.87764 28.9587 -8.8101 -6.82892 -8.70591 -25.0462 -0.976309 41.7253 -24.5685 3.57054 8.76633 2.98712 0 0 0 0.245954 2.53591 0.02052 0 0 0 0 0 2.384 303 46 0 0 0
./complex_md-fit_481.pdb BC A 7.04319 34.0951 -5.95598 -7.76389 -10.6652 -24.1481 -0.987928 40.5623 -23.111 8.12895 8.50992 3.18756 0 0 0 0.270337 3.71392 0.0611174 0 0 0 0 0 2.384 303 42 1 1 0
./complex_md-fit_482.pdb BC A 6.68349 25.0949 -7.2421 -4.98387 -8.01798 -23.8379 -0.710929 40.1985 -23.8332 2.77594 6.56327 4.1558 0 0 0 0.448283 2.33716 -2.77556e-17 0 0 0 0 0 2.384 303 47 0 0 0
./complex_md-fit_483.pdb BC A 7.18876 34.8188 -11.328 -7.51953 -8.9843 -24.1445 -0.968558 39.0714 -24.0186 4.39775 7.4672 2.97323 0 0 0 0.377627 2.80603 -5.55112e-17 0 0 0 0 0.0203534 2.384 303 44 0 0 0
./complex_md-fit_484.pdb BC A 7.22936 26.8667 -9.66624 -8.47049 -9.98542 -24.5318 -0.936034 41.2805 -23.6228 4.10435 8.80181 3.15841 0 0 0 0.527131 4.14528 0 0 0 0 0 0.00803527 2.384 303 48 0 0 0
./complex_md-fit_485.pdb BC A 6.1106 31.8891 -11.2121 -8.23166 -8.48866 -24.5864 -1.1247 41.6057 -23.7654 2.57892 7.76576 2.6439 0 0 0 0.350466 2.74129 0.0400022 0 0 0 0 0 2.384 303 48 0 0 0
./complex_md-fit_486.pdb BC A 6.00778 22.9745 -9.91482 -6.88155 -7.90877 -23.7766 -0.822252 39.2975 -23.3805 3.75906 7.32025 1.46583 0 0 0 1.01224 2.49912 0 0 0 0 0 0 2.384 303 45 1 1 0
./complex_md-fit_487.pdb BC A 6.17173 37.1652 -6.41865 -7.3145 -8.46381 -24.5433 -0.844405 42.4977 -23.9241 6.56552 7.17666 2.11905 0 0 0 0.300358 2.58977 0 0 0 0 0 0.0121034 2.384 303 52 2 2 0
./complex_md-fit_488.pdb BC A 7.57577 26.934 -12.0263 -7.93426 -10.5626 -25.2142 -0.666674 41.9495 -24.3382 3.30368 7.52527 3.41483 0 0 0 0.463458 2.63956 0.0329806 0 0 0 0 0 2.384 303 46 0 0 0
./complex_md-fit_489.pdb BC A 7.69424 24.9921 -5.56416 -5.23283 -8.69374 -24.8469 -1.01219 42.1391 -25.2755 5.86853 8.38616 2.68103 0 0 0 0.422159 4.00942 0 0 0 0 0 0 2.384 303 49 1 1 0
./complex_md-fit_48.pdb BC A 7.133 31.7031 -9.92683 -8.39679 -10.3175 -26.6589 -0.735905 44.6541 -26.7958 3.58454 10.2332 4.03411 0 0 0 0.472074 2.6843 0 0 0 0 0 0 2.384 303 52 0 0 0
./complex_md-fit_490.pdb BC A 7.4706 28.5777 -7.4042 -7.68386 -8.68121 -24.0675 -1.03415 40.4302 -23.5532 6.8093 7.55945 2.52983 0 0 0 0.240112 2.38424 0.0468386 0 0 0 0 0 2.384 303 43 2 2 0
./complex_md-fit_491.pdb BC A 6.3195 29.8651 -13.9521 -7.26719 -11.194 -23.4413 -0.906808 38.5057 -23.1284 2.6131 8.33513 2.23266 0 0 0 0.28001 2.45021 -5.55112e-17 0 0 0 0 0.0190836 2.384 303 45 0 0 0
./complex_md-fit_492.pdb BC A 6.64331 35.8766 -6.51777 -7.24295 -6.43903 -23.3056 -0.712544 39.1988 -23.2016 3.95414 7.85611 3.25553 0 0 0 0.0652964 2.49908 0.0485037 0 0 0 0 0.00552858 2.384 303 44 1 1 0
./complex_md-fit_493.pdb BC A 6.20486 23.01 -5.7832 -5.60283 -6.65441 -24.2118 -1.01309 40.8417 -23.9618 4.53574 7.63028 2.43965 0 0 0 0.194396 2.35399 0 0 0 0 0 0.0189539 2.384 303 45 0 0 0
./complex_md-fit_494.pdb BC A 7.17186 37.181 -9.69332 -7.19072 -8.16257 -24.9582 -0.733818 40.704 -25.1591 5.23753 6.92916 3.34781 0 0 0 0.243054 3.00337 0.0494546 0 0 0 0 0 2.384 303 46 0 0 0
./complex_md-fit_495.pdb BC A 6.80081 36.1471 -9.41225 -7.79547 -8.27125 -25.1551 -0.788921 42.7623 -24.3571 5.5495 6.59349 1.76123 0 0 0 0.234546 2.7179 0.0352242 0 0 0 0 0.0193711 2.384 303 47 0 0 0
./complex_md-fit_496.pdb BC A 7.48644 27.9349 -6.4049 -5.72631 -7.33744 -25.2342 -0.713942 42.991 -24.3561 5.73619 5.64211 1.77554 0 0 0 0.756552 3.23893 0.0416816 0 0 0 0 0.0199717 2.384 303 47 1 1 0
./complex_md-fit_497.pdb BC A 7.11856 28.2312 -11.4967 -6.30459 -8.338 -24.7648 -0.635062 41.3756 -24.7224 3.02792 6.30569 2.43954 0 0 0 0.115415 2.34269 -0.0143547 0 0 0 0 0.0183577 2.384 303 47 1 1 0
./complex_md-fit_498.pdb BC A 6.07431 29.2879 -12.6935 -8.17411 -8.79232 -26.4058 -0.999037 43.7043 -26.0778 3.78778 7.1222 2.86077 0 0 0 0.264735 3.17353 0.0157919 0 0 0 0 0 2.384 303 46 0 0 0
./complex_md-fit_499.pdb BC A 7.35156 26.6319 -6.33328 -4.68615 -6.17887 -24.215 -0.838738 40.4221 -24.1947 5.05798 6.08214 2.05977 0 0 0 0.108628 3.43968 0.0495278 0 0 0 0 0 2.384 303 45 0 0 0
./complex_md-fit_49.pdb BC A 9.40935 28.0354 -6.32429 -5.38303 -6.43828 -26.4274 -0.522393 43.3575 -27.1912 3.69641 8.18527 4.11477 0 0 0 0.265109 3.02103 0.0188993 0 0 0 0 0 2.384 303 50 0 0 0
./complex_md-fit_4.pdb BC A 5.40917 26.8537 -7.14041 -5.94384 -7.19294 -24.1266 -0.570931 39.2341 -24.4783 5.29708 6.25677 3.88948 0 0 0 0.43937 2.19619 0.0554287 0 0 0 0 0 2.384 303 48 1 1 0
./complex_md-fit_500.pdb BC A 6.02984 37.5676 -8.02742 -7.22167 -8.51481 -24.3278 -0.960524 39.7112 -24.1828 5.65267 8.07714 3.33866 0 0 0 0.400499 2.61601 1.11022e-16 0 0 0 0 0 2.384 303 42 1 1 0
./complex_md-fit_501.pdb BC A 6.70878 30.924 -6.7086 -6.23872 -9.15181 -24.3145 -0.783257 40.487 -23.6522 5.43368 8.30815 2.96719 0 0 0 0.23591 2.54798 0 0 0 0 0 0 2.384 303 41 0 0 0
./complex_md-fit_502.pdb BC A 7.58475 26.3569 -7.43255 -5.94869 -7.18651 -24.6941 -0.949151 41.7295 -24.1263 3.42929 7.85766 2.19305 0 0 0 0.220828 2.65698 0.0418532 0 0 0 0 0 2.384 303 45 0 0 0
./complex_md-fit_503.pdb BC A 9.47124 25.9073 -9.36144 -5.79654 -9.39458 -24.7496 -0.810029 41.6194 -24.3594 4.57772 7.27914 2.0655 0 0 0 0.206951 2.67362 0 0 0 0 0 0 2.384 303 49 0 0 0
./complex_md-fit_504.pdb BC A 11.5569 25.2881 -0.856543 -5.76676 -6.33661 -26.1759 -0.93733 44.8202 -25.9632 7.35091 8.21729 3.82504 0 0 0 0.109863 2.7756 -2.08167e-17 0 0 0 0 0 2.384 303 49 0 0 0
./complex_md-fit_505.pdb BC A 9.23214 31.0893 -11.6797 -6.73314 -9.15781 -25.0262 -0.74529 41.2502 -24.6939 2.61295 6.61937 3.85971 0 0 0 0.298018 2.70404 0.0364215 0 0 0 0 1.11022e-16 2.384 303 44 0 0 0
./complex_md-fit_506.pdb BC A 8.25608 32.3199 -6.11775 -5.54145 -7.55861 -24.5189 -0.924824 41.9979 -24.5655 6.30862 6.43384 2.14524 0 0 0 0.105951 2.51337 0 0 0 0 0 0 2.384 303 47 0 0 0
./complex_md-fit_507.pdb BC A 7.9227 23.6541 -4.02533 -5.09091 -5.73056 -24.7854 -0.819048 41.8373 -24.0673 4.75189 7.47604 2.06064 0 0 0 0.297305 2.80442 0.0447397 0 0 0 0 0 2.384 303 44 1 1 0
./complex_md-fit_508.pdb BC A 9.89615 29.435 -2.76716 -6.48369 -5.78285 -25.389 -1.02182 43.491 -25.4652 6.33074 7.94122 3.47405 0 0 0 0.138334 2.64448 0 0 0 0 0 2.22045e-16 2.384 303 49 1 1 0
./complex_md-fit_509.pdb BC A 7.1481 37.1727 -13.5921 -7.13331 -9.77262 -23.6407 -1.06027 37.83 -23.8508 3.64983 7.23192 3.07142 0 0 0 0.0318466 2.20649 0.0506368 0 0 0 0 0 2.384 303 42 0 0 0
./complex_md-fit_50.pdb BC A 7.37315 26.0979 -9.13194 -6.44418 -8.90875 -24.0683 -0.508438 40.2197 -23.4519 1.93843 7.93536 3.99811 0 0 0 0.158022 2.33228 -1.11022e-16 0 0 0 0 0 2.384 303 47 0 0 0
./complex_md-fit_510.pdb BC A 7.70805 23.0026 -4.08383 -3.83234 -8.17563 -24.6669 -0.693919 42.1614 -24.6855 8.11168 5.42563 1.92027 0 0 0 0.311928 2.39384 0.0395354 0 0 0 0 0 2.384 303 47 1 1 0
./complex_md-fit_511.pdb BC A 7.53045 30.4151 -7.51484 -6.32758 -8.04636 -24.4951 -0.814725 39.6849 -24.2677 7.75692 6.26376 2.53069 0 0 0 0.145121 2.12242 0.041661 0 0 0 0 0.0135632 2.384 303 43 1 1 0
./complex_md-fit_512.pdb BC A 10.2337 28.913 -9.04057 -5.94378 -7.66613 -23.7145 -0.848908 38.7397 -23.0563 2.83483 7.30099 2.90641 0 0 0 0.407165 4.07283 1.04083e-17 0 0 0 0 0 2.384 303 46 0 0 0
./complex_md-fit_513.pdb BC A 7.86634 29.0421 -5.32826 -7.80974 -7.91565 -23.6176 -0.612399 39.8014 -23.0496 6.60602 7.95025 3.20843 0 0 0 0.110572 2.4669 -5.55112e-17 0 0 0 0 0 2.384 303 44 3 3 0
./complex_md-fit_514.pdb BC A 10.9417 31.8596 -9.29465 -8.17087 -9.53074 -24.1315 -0.931111 39.6668 -24.1196 6.08874 7.61765 3.89387 0 0 0 0.32207 2.60874 0 0 0 0 0 0 2.384 303 45 0 0 0
./complex_md-fit_515.pdb BC A 8.12442 31.6246 -9.94569 -8.58348 -9.51526 -24.6941 -1.01835 40.699 -24.477 5.97651 8.39209 3.05463 0 0 0 0.173837 2.6888 0.0464334 0 0 0 0 0 2.384 303 47 1 1 0
./complex_md-fit_516.pdb BC A 9.10228 30.7138 -6.36425 -6.9344 -8.35647 -24.7936 -1.01257 42.3009 -23.6193 4.48173 8.12869 3.15389 0 0 0 0.231019 2.16565 0.0373127 0 0 0 0 0.0185409 2.384 303 49 0 0 0
./complex_md-fit_517.pdb BC A 8.64926 37.8049 -2.58525 -5.99464 -4.60313 -23.6355 -0.878426 39.1454 -23.756 7.3555 6.34811 2.74142 0 0 0 0.641444 2.39529 0.0506244 0 0 0 0 0 2.384 303 46 2 2 0
./complex_md-fit_518.pdb BC A 7.6148 39.2562 -11.2699 -8.46895 -8.72319 -25.6322 -0.733934 41.9951 -25.5213 5.43833 6.49026 3.6996 0 0 0 0.139272 3.84744 0.0470452 0 0 0 0 0 2.384 303 48 1 1 0
./complex_md-fit_519.pdb BC A 6.67918 36.1658 -5.66899 -7.87176 -5.28518 -25.4162 -0.660118 42.0246 -25.2171 4.32903 7.56569 4.13062 0 0 0 0.666767 2.49553 0.0446101 0 0 0 0 0.0200744 2.384 303 48 0 0 0
./complex_md-fit_51.pdb BC A 8.68459 32.3707 -8.03285 -5.19166 -10.0875 -25.1367 -0.534122 41.5351 -25.3679 3.10163 8.87488 4.54091 0 0 0 0.209988 2.76827 0.022503 0 0 0 0 0 2.384 303 48 1 1 0
./complex_md-fit_520.pdb BC A 8.39648 25.8201 -9.75011 -7.09427 -8.25179 -25.5691 -0.754911 41.5072 -25.5633 4.59201 7.04089 4.13978 0 0 0 0.203349 2.44624 -1.73472e-18 0 0 0 0 0 2.384 303 48 0 0 0
./complex_md-fit_521.pdb BC A 7.47494 29.2369 -9.54915 -8.40379 -7.71592 -25.3472 -0.805518 42.9499 -24.8323 4.66632 7.27016 2.4979 0 0 0 0.146024 2.80926 0.0252453 0 0 0 0 0 2.384 303 48 0 0 0
./complex_md-fit_522.pdb BC A 8.90424 38.9304 -6.50165 -6.28322 -6.20138 -25.6162 -0.824738 42.0854 -26.0316 5.86691 6.9389 3.28522 0 0 0 0.26078 2.51848 0 0 0 0 0 0.0182992 2.384 303 47 0 0 0
./complex_md-fit_523.pdb BC A 10.1614 28.6846 -8.07769 -6.94249 -8.41529 -24.504 -0.635575 39.7316 -24.3187 4.61555 7.43077 4.73903 0 0 0 0.221475 2.38285 0 0 0 0 0 0 2.384 303 48 1 1 0
./complex_md-fit_524.pdb BC A 7.26935 32.7596 -5.8677 -6.3871 -7.45235 -25.3306 -0.68105 42.1444 -24.9351 4.07793 8.08087 4.58814 0 0 0 0.0270866 2.47831 -1.11022e-16 0 0 0 0 0 2.384 303 44 0 0 0
./complex_md-fit_525.pdb BC A 8.1341 32.7337 -10.3361 -8.03362 -7.88723 -26.2212 -0.572092 42.5385 -26.5565 4.97206 7.04466 4.06125 0 0 0 0.285779 2.65384 0.0323447 0 0 0 0 0 2.384 303 48 0 0 0
./complex_md-fit_526.pdb BC A 11.0065 24.676 -6.12052 -7.78445 -7.56394 -25.444 -0.686939 42.8248 -24.9298 6.35721 7.37996 3.47358 0 0 0 0.253163 3.21939 1.11022e-16 0 0 0 0 0 2.384 303 50 1 1 0
./complex_md-fit_527.pdb BC A 8.87921 30.4767 -13.9063 -6.4865 -9.36382 -24.7742 -0.651238 39.3216 -24.7499 3.1877 5.5455 3.69835 0 0 0 0.366226 2.46482 0 0 0 0 0 0 2.384 303 47 0 0 0
./complex_md-fit_528.pdb BC A 7.84436 31.3122 -11.2046 -8.41895 -8.42143 -25.9786 -0.711619 43.6233 -25.961 4.22854 6.78809 3.4399 0 0 0 0.207122 2.69934 0 0 0 0 0 0 2.384 303 47 0 0 0
./complex_md-fit_529.pdb BC A 6.41812 32.4281 -6.52844 -7.81769 -6.10034 -26.2655 -0.571349 44.2157 -25.5758 3.66352 6.08795 5.42703 0 0 0 0.33861 3.15136 0.0412217 0 0 0 0 0.02815 2.384 303 44 0 0 0
./complex_md-fit_52.pdb BC A 7.41766 30.9714 -0.765846 -4.62397 -6.69088 -24.4408 -0.599458 42.0839 -23.8125 5.04035 8.13677 3.72945 0 0 0 0.411285 2.95154 1.11022e-16 0 0 0 0 0 2.384 303 51 0 0 0
./complex_md-fit_530.pdb BC A 8.53688 31.1852 -5.72962 -6.40811 -5.28271 -24.9077 -0.666542 40.6693 -24.7811 6.64431 5.43017 3.37561 0 0 0 0.159917 2.10428 0.0372598 0 0 0 0 1.11022e-16 2.384 303 46 2 2 0
./complex_md-fit_531.pdb BC A 7.78137 30.7878 -10.8495 -8.52229 -8.54289 -25.5585 -0.481445 42.8724 -25.4102 3.91563 7.43796 3.15022 0 0 0 0.237904 2.61648 0.0516917 0 0 0 0 0 2.384 303 51 0 0 0
./complex_md-fit_532.pdb BC A 8.63368 26.4928 -10.9006 -7.16424 -6.71545 -26.2405 -0.570945 43.0521 -26.4943 1.97956 7.41916 3.63307 0 0 0 0.200835 3.11683 0 0 0 0 0 0 2.384 303 49 0 0 0
./complex_md-fit_533.pdb BC A 5.82068 26.1587 -9.83504 -7.52038 -7.47881 -25.9758 -0.601735 43.2925 -25.8633 4.47768 6.59 2.9733 0 0 0 0.20772 2.61009 0.063825 0 0 0 0 0 2.384 303 47 2 2 0
./complex_md-fit_534.pdb BC A 8.4199 34.6091 -10.3478 -6.28834 -7.68885 -23.2625 -0.932646 38.8945 -23.2987 2.84641 5.4917 3.75828 0 0 0 0.132294 2.25344 0 0 0 0 0 0 2.384 303 46 0 0 0
./complex_md-fit_535.pdb BC A 7.95351 29.5377 -11.018 -6.04704 -8.37967 -26.353 -0.562571 44.3492 -25.9054 1.812 6.95513 2.94163 0 0 0 0.171804 2.78525 -1.11022e-16 0 0 0 0 0 2.384 303 46 0 0 0
./complex_md-fit_536.pdb BC A 7.3684 41.467 -4.23631 -7.09818 -5.49095 -25.8748 -0.73414 43.3945 -25.5031 4.10457 8.44602 4.37734 0 0 0 0.105443 2.50894 0.0369189 0 0 0 0 0 2.384 303 49 0 0 0
./complex_md-fit_537.pdb BC A 7.13163 30.273 -10.0548 -6.87774 -9.61587 -25.7523 -0.645759 42.7923 -25.3442 5.41251 6.13437 3.26083 0 0 0 0.581089 2.88619 0 0 0 0 0 0 2.384 303 50 1 1 0
./complex_md-fit_538.pdb BC A 10.1181 31.05 -3.36492 -5.63277 -5.91761 -24.6673 -0.610631 41.7066 -24.3634 6.28719 6.5958 2.92892 0 0 0 0.308288 3.60301 0 0 0 0 0 0 2.384 303 53 2 2 0
./complex_md-fit_539.pdb BC A 8.44788 27.7924 -5.97429 -8.67057 -5.0557 -26.6352 -0.60043 44.1804 -26.3919 5.49692 7.03336 4.09623 0 0 0 0.57216 3.61636 0.000462608 0 0 0 0 0 2.384 303 51 0 0 0
./complex_md-fit_53.pdb BC A 10.481 28.024 -2.99053 -6.25326 -9.65253 -23.9804 -0.488127 41.7478 -23.4779 5.90047 8.21142 4.79617 0 0 0 0.205817 2.80987 0 0 0 0 0 0 2.384 303 50 0 0 0
./complex_md-fit_540.pdb BC A 7.82966 30.2748 -14.2416 -9.18147 -9.09391 -25.1155 -0.773844 41.5515 -24.6274 2.26007 6.76929 3.81208 0 0 0 0.157555 3.13241 0 0 0 0 0 0 2.384 303 48 0 0 0
./complex_md-fit_541.pdb BC A 5.85465 31.5356 -7.15172 -8.34057 -7.46331 -26.6953 -0.731483 44.8537 -26.175 5.43963 7.78844 3.93455 0 0 0 0.198783 3.04235 0.0389462 0 0 0 0 0 2.384 303 47 1 1 0
./complex_md-fit_542.pdb BC A 8.10969 30.5988 -9.199 -9.64012 -8.35039 -26.1712 -0.639718 44.1702 -25.6796 5.2922 8.96531 2.54999 0 0 0 0.304241 2.85804 0 0 0 0 0 0 2.384 303 48 1 1 0
./complex_md-fit_543.pdb BC A 6.82582 22.5359 -4.69641 -6.65636 -4.44653 -25.7591 -0.569214 43.3756 -25.4106 3.14525 7.82461 3.75635 0 0 0 0.043629 3.30241 0 0 0 0 0 0 2.384 303 51 0 0 0
./complex_md-fit_544.pdb BC A 7.68518 31.5348 -5.24399 -8.13321 -6.9642 -26.1514 -0.805794 44.3306 -25.2237 4.91343 8.23205 4.25055 0 0 0 0.307654 3.02923 0 0 0 0 0 0 2.384 303 48 0 0 0
./complex_md-fit_545.pdb BC A 8.27762 38.9699 -13.3085 -8.35464 -7.76224 -25.7184 -0.731031 42.0083 -25.2455 2.3023 6.92483 3.07529 0 0 0 0.148439 2.81329 0.0441512 0 0 0 0 0 2.384 303 49 0 0 0
./complex_md-fit_546.pdb BC A 9.3621 39.0731 -9.438 -8.29688 -7.60556 -24.6694 -0.664762 41.0492 -24.3641 5.07829 6.63256 3.17751 0 0 0 0.22515 2.10669 0 0 0 0 0 0 2.384 303 46 1 1 0
./complex_md-fit_547.pdb BC A 6.30832 29.9608 -12.9929 -9.35396 -8.52856 -25.5884 -0.670094 40.2445 -25.3507 4.34783 7.02085 4.70627 0 0 0 0.132926 2.75803 0.0464449 0 0 0 0 0 2.384 303 49 1 1 0
./complex_md-fit_548.pdb BC A 6.55729 27.0298 -8.96546 -7.73395 -7.10346 -25.7216 -0.765135 43.0643 -25.4817 4.19549 7.71647 2.71088 0 0 0 0.117217 2.86779 0.0360773 0 0 0 0 0 2.384 303 47 1 1 0
./complex_md-fit_549.pdb BC A 7.23119 37.0294 -10.7318 -8.73046 -7.42965 -26.614 -0.63109 43.5735 -26.0184 4.5957 7.04661 3.29335 0 0 0 0.182673 2.89324 0 0 0 0 0 0 2.384 303 47 1 1 0
./complex_md-fit_54.pdb BC A 8.72864 32.8389 -6.74388 -6.53239 -8.66562 -24.7243 -0.651725 41.074 -24.7512 5.98151 7.5968 3.56755 0 0 0 0.361522 2.37269 0 0 0 0 0 0 2.384 303 50 2 2 0
./complex_md-fit_550.pdb BC A 9.40109 34.1402 -5.71662 -8.95799 -7.02864 -26.3396 -0.607697 45.5877 -25.7281 5.50994 7.78678 3.5279 0 0 0 0.528568 2.71166 -1.66533e-16 0 0 0 0 0.00458925 2.384 303 50 0 0 0
./complex_md-fit_551.pdb BC A 8.06013 36.9761 -4.61959 -9.47232 -8.83195 -26.7046 -0.526868 45.3735 -25.9564 7.65578 10.1414 3.46424 0 0 0 0.248153 2.53731 -0.0105367 0 0 0 0 0 2.384 303 49 2 2 0
./complex_md-fit_552.pdb BC A 7.09872 34.2276 -10.6179 -7.22875 -9.48418 -26.3831 -0.604068 43.092 -25.7766 5.44219 6.86286 2.80984 0 0 0 0.61326 2.63571 0.0386354 0 0 0 0 0 2.384 303 47 0 0 0
./complex_md-fit_553.pdb BC A 8.38312 28.1102 -7.36254 -7.32952 -10.1944 -27.2035 -0.599076 46.1409 -26.2001 7.11615 7.74805 2.82273 0 0 0 0.306906 3.53982 0.0292039 0 0 0 0 0 2.384 303 50 1 1 0
./complex_md-fit_554.pdb BC A 6.27091 28.1146 -11.5701 -7.23527 -9.01297 -26.2817 -0.696915 42.1152 -26.1082 4.3361 7.43358 3.54771 0 0 0 0.332383 2.54076 0 0 0 0 0 0 2.384 303 47 1 1 0
./complex_md-fit_555.pdb BC A 6.77326 31.7349 -14.1333 -9.10751 -8.12638 -26.5945 -0.696394 43.7791 -26.1404 2.45276 7.80471 2.25699 0 0 0 0.192118 3.58789 0.0461692 0 0 0 0 0 2.384 303 47 0 0 0
./complex_md-fit_556.pdb BC A 7.50795 29.9022 -14.5408 -8.74565 -9.79542 -26.3813 -0.688447 42.7359 -26.3336 3.15733 8.07617 3.03156 0 0 0 0.358021 2.52933 0.0446016 0 0 0 0 0 2.384 303 46 0 0 0
./complex_md-fit_557.pdb BC A 9.03334 30.5109 -10.9997 -9.40708 -9.7006 -26.4382 -0.536492 43.8606 -26.1792 5.63443 8.54896 3.14642 0 0 0 0.0714968 2.73697 0 0 0 0 0 0 2.384 303 48 0 0 0
./complex_md-fit_558.pdb BC A 7.88301 30.4351 -7.33072 -7.48897 -9.39651 -26.7166 -0.875841 44.0739 -26.0668 6.37736 8.80563 3.54956 0 0 0 0.368645 3.04161 0.0388902 0 0 0 0 0 2.384 303 50 2 2 0
./complex_md-fit_559.pdb BC A 10.8004 30.5168 -9.45846 -9.88122 -8.65463 -25.6737 -0.731767 43.3388 -25.283 5.71024 8.41018 3.15683 0 0 0 0.149762 3.13963 0 0 0 0 0 0 2.384 303 51 1 1 0
./complex_md-fit_55.pdb BC A 9.44319 33.3554 -5.15591 -5.83621 -7.6018 -26.085 -0.513295 44.7783 -25.6636 5.10237 7.44948 2.98155 0 0 0 0.232399 2.84661 -1.11022e-16 0 0 0 0 0 2.384 303 51 0 0 0
./complex_md-fit_560.pdb BC A 7.10012 23.0842 -5.41657 -7.14401 -8.1798 -26.6904 -0.646473 43.8796 -25.7746 7.12165 7.89047 3.85431 0 0 0 0.272697 2.82876 0 0 0 0 0 0 2.384 303 49 1 1 0
./complex_md-fit_561.pdb BC A 7.7374 32.2229 -7.50976 -8.85199 -5.24496 -26.4493 -0.583032 44.4411 -26.0211 6.06539 6.657 2.25148 0 0 0 0.225616 3.07709 0 0 0 0 0 0 2.384 303 48 1 1 0
./complex_md-fit_562.pdb BC A 8.16028 29.5124 -7.33949 -6.9693 -8.45703 -26.7276 -0.822078 45.117 -26.3186 4.20949 8.82879 3.52989 0 0 0 0.226584 4.09408 0.0433749 0 0 0 0 0 2.384 303 48 0 0 0
./complex_md-fit_563.pdb BC A 7.2795 30.7683 -9.56596 -8.54869 -5.41189 -25.5049 -0.584117 41.7703 -25.0929 2.87874 7.66865 3.14011 0 0 0 0.118622 2.54322 0 0 0 0 0 0 2.384 303 49 0 0 0
./complex_md-fit_564.pdb BC A 6.17267 34.5341 -8.6603 -8.43108 -6.89916 -24.4433 -0.708957 40.071 -24.119 5.70725 6.73819 3.04598 0 0 0 0.329741 2.14946 0.049004 0 0 0 0 0 2.384 303 49 0 0 0
./complex_md-fit_565.pdb BC A 6.66257 36.947 -9.51195 -8.3424 -7.32193 -25.4036 -0.781588 43.2068 -25.1293 3.77904 6.45062 3.51741 0 0 0 0.51299 2.65769 0 0 0 0 0 0 2.384 303 49 1 1 0
./complex_md-fit_566.pdb BC A 6.69812 29.0595 -6.7495 -6.15752 -8.01483 -25.4888 -0.688484 43.8261 -24.6824 4.51672 6.07948 3.63179 0 0 0 0.228363 2.77137 5.55112e-17 0 0 0 0 0 2.384 303 50 0 0 0
./complex_md-fit_567.pdb BC A 6.49606 29.7338 -11.2058 -8.47267 -7.40905 -25.3772 -0.605783 42.0499 -24.5995 3.06798 6.29485 3.7113 0 0 0 0.134449 2.82368 0 0 0 0 0 0 2.384 303 48 0 0 0
./complex_md-fit_568.pdb BC A 6.93113 30.5315 -11.0701 -8.47259 -7.44252 -27.0876 -0.704654 43.022 -27.5073 7.24676 6.51436 3.04083 0 0 0 0.320475 2.6696 0 0 0 0 0 0 2.384 303 51 2 2 0
./complex_md-fit_569.pdb BC A 11.0276 33.5551 -6.93724 -7.94961 -7.72159 -26.642 -0.702041 44.7244 -26.2188 6.41227 7.31022 3.42457 0 0 0 0.37682 2.75505 0.048564 0 0 0 0 0 2.384 303 52 1 1 0
./complex_md-fit_56.pdb BC A 8.05724 27.9871 -3.68566 -6.70979 -6.31011 -27.0745 -0.470314 46.5104 -26.6429 3.74729 7.52169 5.09327 0 0 0 0.649286 2.6961 0 0 0 0 0 0 2.384 303 50 0 0 0
./complex_md-fit_570.pdb BC A 6.04853 31.6801 -16.2511 -6.8797 -9.39996 -25.4216 -0.821259 40.6714 -25.5222 2.22118 5.43399 3.29961 0 0 0 0.167355 2.66528 0 0 0 0 0 0 2.384 303 49 0 0 0
./complex_md-fit_571.pdb BC A 8.80791 31.0437 -7.16014 -7.48077 -6.07585 -25.4897 -0.658301 41.9404 -25.5145 4.96733 5.91008 4.94248 0 0 0 0.254652 2.93118 0.0440682 0 0 0 0 0 2.384 303 46 1 1 0
./complex_md-fit_572.pdb BC A 8.57968 34.1314 -8.6459 -7.3785 -7.12441 -25.513 -0.626117 41.7743 -25.4509 5.21748 6.13642 4.17761 0 0 0 0.141196 2.59007 0 0 0 0 0 0 2.384 303 44 0 0 0
./complex_md-fit_573.pdb BC A 6.14843 35.8155 -9.65173 -6.66065 -5.87548 -24.4655 -0.744902 39.4592 -24.4617 3.65193 6.76394 2.46491 0 0 0 0.216459 2.56401 0 0 0 0 0 0 2.384 303 46 0 0 0
./complex_md-fit_574.pdb BC A 7.3487 30.2036 -10.7693 -5.66618 -8.34332 -25.1968 -0.68865 41.0241 -25.2139 3.01402 5.69357 4.45572 0 0 0 0.122504 2.64419 0.0295823 0 0 0 0 0 2.384 303 46 0 0 0
./complex_md-fit_575.pdb BC A 7.04079 28.8297 -7.42406 -7.41351 -5.57117 -25.788 -0.621077 42.2743 -25.7382 4.2858 6.72599 4.14732 0 0 0 0.2336 2.71151 0.0409272 0 0 0 0 0 2.384 303 47 1 1 0
./complex_md-fit_576.pdb BC A 9.47029 27.1454 -10.2966 -6.78925 -7.49945 -23.7952 -0.652051 39.2648 -23.5022 1.83525 6.7252 4.00144 0 0 0 0.0740341 2.41048 0.0407848 0 0 0 0 0 2.384 303 46 0 0 0
./complex_md-fit_577.pdb BC A 7.38309 33.5915 -9.28396 -8.02618 -8.41454 -25.8278 -0.629253 41.9763 -25.8124 6.08354 6.60876 4.46453 0 0 0 0.242829 2.48756 0.0502348 0 0 0 0 0 2.384 303 49 1 1 0
./complex_md-fit_578.pdb BC A 7.33696 36.1462 -7.62786 -7.04493 -5.97007 -25.2779 -0.570797 40.2072 -25.4816 5.871 6.57175 3.95772 0 0 0 0.109756 2.49063 0 0 0 0 0 0 2.384 303 50 1 1 0
./complex_md-fit_579.pdb BC A 6.37364 31.9626 -9.34572 -8.41368 -7.70836 -25.2239 -0.683068 41.201 -24.7025 5.66103 6.28991 4.00729 0 0 0 0.226609 2.58767 5.55112e-17 0 0 0 0 0 2.384 303 49 1 1 0
./complex_md-fit_57.pdb BC A 6.95298 26.3012 -1.38801 -5.39782 -5.62276 -23.4488 -0.61882 39.9147 -23.187 5.39042 7.57153 3.68106 0 0 0 0.329409 2.13669 0 0 0 0 0 0 2.384 303 47 1 1 0
./complex_md-fit_580.pdb BC A 8.98683 26.7175 -10.8363 -7.16872 -9.1944 -24.7999 -0.688822 40.3996 -24.3904 4.80741 6.20583 3.77993 0 0 0 0.213217 2.60979 0 0 0 0 0 0 2.384 303 43 1 1 0
./complex_md-fit_581.pdb BC A 7.7011 31.5565 -4.21464 -7.35584 -5.39116 -25.0175 -0.600499 42.258 -24.4298 5.44175 6.54143 4.05552 0 0 0 0.23297 2.61382 0.0505022 0 0 0 0 0 2.384 303 46 0 0 0
./complex_md-fit_582.pdb BC A 7.32609 31.5227 -4.09606 -6.40264 -8.03236 -26.037 -0.607319 44.9733 -25.4176 6.68765 6.3973 4.21881 0 0 0 0.123846 4.24648 0 0 0 0 0 0 2.384 303 48 1 1 0
./complex_md-fit_583.pdb BC A 6.34178 31.6869 -7.04411 -6.58077 -7.26916 -25.7495 -0.603645 42.0623 -25.6571 5.61988 6.71801 3.97682 0 0 0 0.439027 3.13211 5.55112e-17 0 0 0 0 0 2.384 303 48 1 1 0
./complex_md-fit_584.pdb BC A 7.06083 36.3585 -7.11773 -5.6246 -9.03829 -24.4227 -0.567688 41.7798 -23.8648 2.94992 7.233 4.229 0 0 0 0.208644 3.80681 0 0 0 0 0 0 2.384 303 46 0 0 0
./complex_md-fit_585.pdb BC A 7.63745 30.7841 -4.16076 -6.40853 -7.29611 -25.8541 -0.40886 42.3855 -25.6771 6.55503 8.03792 4.24626 0 0 0 0.253138 3.00194 0 0 0 0 0 0.00605054 2.384 303 49 2 2 0
./complex_md-fit_586.pdb BC A 6.77919 32.9078 -3.16404 -8.3574 -7.67579 -24.6977 -0.766805 41.902 -23.9774 7.92862 7.96898 4.25558 0 0 0 0.255851 2.31833 0 0 0 0 0 0 2.384 303 47 1 1 0
./complex_md-fit_587.pdb BC A 6.3354 28.5657 -3.36955 -4.96298 -5.83374 -24.3219 -0.402447 40.5618 -24.2889 5.32578 6.34455 4.01504 0 0 0 0.193282 2.24315 0 0 0 0 0 0 2.384 303 47 2 2 0
./complex_md-fit_588.pdb BC A 6.90428 30.4351 -8.90968 -7.5188 -8.1305 -25.3982 -0.585441 42.5714 -25.0746 4.56057 6.45226 3.97557 0 0 0 0.238012 3.80299 0 0 0 0 0 0 2.384 303 46 0 0 0
./complex_md-fit_589.pdb BC A 6.46899 42.0693 -10.073 -7.66819 -10.5254 -26.1747 -0.591534 43.7059 -25.7953 5.18553 7.09605 4.0067 0 0 0 0.687994 2.61017 0 0 0 0 0 0 2.384 303 47 0 0 0
./complex_md-fit_58.pdb BC A 7.20907 18.3831 -5.83408 -5.26051 -7.93568 -26.5461 -0.589245 45.3867 -26.0655 3.45303 7.72121 3.80884 0 0 0 0.193169 3.15637 0 0 0 0 0 0 2.384 303 54 0 0 0
./complex_md-fit_590.pdb BC A 14.5881 38.6963 -6.42178 -7.99034 -8.32429 -25.3141 -0.640188 40.7346 -25.1313 9.04291 5.27347 5.72931 0 0 0 0.198167 4.50615 0 0 0 0 0 0 2.384 303 47 3 3 0
./complex_md-fit_591.pdb BC A 8.53093 32.5724 -9.50239 -6.4247 -8.34102 -24.4662 -0.829212 40.1457 -24.2891 5.47932 6.10727 2.8104 0 0 0 0.305163 2.46924 0 0 0 0 0 0 2.384 303 45 0 0 0
./complex_md-fit_592.pdb BC A 6.51084 31.9904 -11.2859 -7.87294 -8.80166 -25.7031 -0.797215 41.7228 -25.6471 5.31843 7.23477 2.88396 0 0 0 0.376192 2.27007 0 0 0 0 0 0 2.384 303 45 1 1 0
./complex_md-fit_593.pdb BC A 6.7026 26.9067 -7.97422 -7.87752 -8.51196 -25.9682 -0.823899 43.0537 -25.0456 7.68437 6.349 2.93112 0 0 0 0.182027 2.92737 0.0527608 0 0 0 0 0 2.384 303 46 1 1 0
./complex_md-fit_594.pdb BC A 9.50494 25.3509 -10.0652 -7.4674 -9.0789 -24.6188 -0.706217 40.698 -23.7503 6.37804 5.68727 2.68505 0 0 0 0.108157 2.79879 0 0 0 0 0 2.22045e-16 2.384 303 48 1 1 0
./complex_md-fit_595.pdb BC A 6.2819 33.0409 -6.93251 -6.90949 -7.25173 -24.5227 -0.858811 42.1481 -23.5222 3.38386 6.79775 3.66428 0 0 0 0.138549 2.46393 0 0 0 0 0 0 2.384 303 46 0 0 0
./complex_md-fit_596.pdb BC A 6.95129 32.8665 -15.5947 -7.94405 -10.8816 -24.6989 -0.782696 40.2464 -24.0384 2.21292 6.51123 3.54526 0 0 0 0.235177 2.16871 0 0 0 0 0 0 2.384 303 45 0 0 0
./complex_md-fit_597.pdb BC A 8.60688 35.6826 -9.90806 -6.50284 -9.30169 -24.5598 -0.903683 41.4833 -24.1878 4.18652 6.33353 3.32515 0 0 0 0.219338 2.63925 0 0 0 0 0 0 2.384 303 50 0 0 0
./complex_md-fit_598.pdb BC A 7.1163 32.3669 -10.0422 -8.93925 -9.71107 -25.5792 -0.678912 42.6342 -24.9305 6.80791 6.93135 3.29257 0 0 0 0.0994527 4.55197 0.0312792 0 0 0 0 0 2.384 303 47 0 0 0
./complex_md-fit_599.pdb BC A 8.62569 35.0865 -13.3551 -7.78103 -7.59393 -24.6088 -0.731852 39.6944 -24.6111 2.10647 6.58152 3.50086 0 0 0 0.0884102 2.7249 5.55112e-17 0 0 0 0 0 2.384 303 46 0 0 0
./complex_md-fit_59.pdb BC A 8.14949 26.6512 -4.91254 -5.48496 -8.95752 -25.8107 -0.651144 43.3084 -25.4071 5.19451 8.55088 4.22893 0 0 0 0.116123 2.28514 5.55112e-17 0 0 0 0 0 2.384 303 51 0 0 0
./complex_md-fit_5.pdb BC A 8.15365 24.2528 -8.88616 -8.33454 -8.70203 -27.2433 -0.762162 45.3206 -28.8927 5.59471 9.82653 4.06489 0 0 0 0.241873 2.7306 1.11022e-16 0 0 0 0 0 2.384 303 49 0 0 0
./complex_md-fit_600.pdb BC A 7.42978 43.2627 -11.266 -7.32101 -9.94029 -26.1961 -0.642732 43.2307 -25.6352 4.24928 6.42655 3.66905 0 0 0 0.865169 3.0178 0.0285441 0 0 0 0 0 2.384 303 48 1 1 0
./complex_md-fit_601.pdb BC A 8.62723 34.5147 -9.28004 -7.08105 -8.89473 -25.6694 -0.731775 42.3698 -25.1499 6.05608 5.84385 3.8542 0 0 0 0.122882 2.91429 0 0 0 0 0 0 2.384 303 49 1 1 0
./complex_md-fit_602.pdb BC A 7.70358 31.7391 -7.65042 -7.74322 -5.95945 -26.0665 -0.687557 43.0965 -25.6238 5.35417 6.65727 3.04777 0 0 0 0.274401 2.84387 0 0 0 0 0 0 2.384 303 47 0 0 0
./complex_md-fit_603.pdb BC A 9.60043 26.3179 -4.13497 -6.19155 -8.25225 -26.7765 -0.846854 46.1807 -26.0538 6.72294 7.43479 3.41513 0 0 0 0.232398 4.0334 5.55112e-17 0 0 0 0 0 2.384 303 50 1 1 0
./complex_md-fit_604.pdb BC A 8.01919 30.2886 -14.3403 -7.32188 -9.3968 -24.3622 -0.645381 39.4754 -24.2183 3.27821 5.68527 3.10479 0 0 0 0.0606948 2.74437 -2.22045e-16 0 0 0 0 0 2.384 303 46 0 0 0
./complex_md-fit_605.pdb BC A 9.32872 35.186 -2.0566 -6.16743 -5.09153 -25.1456 -0.727559 42.6686 -24.6742 6.78339 6.52922 3.41745 0 0 0 0.304524 2.87255 0.0465834 0 0 0 0 0 2.384 303 46 0 0 0
./complex_md-fit_606.pdb BC A 8.02178 29.4157 -9.50273 -6.83339 -6.44791 -24.5704 -0.481101 40.8647 -24.0122 3.66245 5.82416 2.36504 0 0 0 0.0969041 2.40489 0.0290397 0 0 0 0 0 2.384 303 47 0 0 0
./complex_md-fit_607.pdb BC A 6.72179 28.7588 -8.09997 -7.38727 -7.16486 -24.4919 -0.671815 41.4037 -24.1163 3.47021 7.56895 3.07258 0 0 0 0.172792 3.02812 0.0439222 0 0 0 0 0 2.384 303 48 0 0 0
./complex_md-fit_608.pdb BC A 8.17841 34.0254 -9.21617 -6.94928 -9.0143 -25.1256 -0.690792 41.8057 -24.2891 4.80898 6.12706 3.8326 0 0 0 0.278546 3.18446 -2.77556e-17 0 0 0 0 0 2.384 303 47 1 1 0
./complex_md-fit_609.pdb BC A 8.01724 27.4257 -5.90919 -7.99903 -4.91813 -24.9615 -0.800927 41.692 -24.884 7.11393 5.95383 2.7347 0 0 0 0.159945 2.63822 0 0 0 0 0 0 2.384 303 49 1 1 0
./complex_md-fit_60.pdb BC A 6.4053 28.7373 -9.46376 -6.67428 -9.02959 -26.1634 -0.52388 44.3804 -26.0582 2.86936 8.16735 3.24715 0 0 0 0.321414 2.79455 1.11022e-16 0 0 0 0 0 2.384 303 48 0 0 0
./complex_md-fit_610.pdb BC A 7.42353 29.3583 -14.6756 -9.12494 -10.7187 -26.5198 -0.667383 42.8731 -26.0125 5.73728 5.89042 3.71896 0 0 0 0.148024 2.93929 0 0 0 0 0 0 2.384 303 52 1 1 0
./complex_md-fit_611.pdb BC A 6.94727 32.4087 -8.67636 -6.32422 -7.95971 -26.9457 -0.92185 45.0279 -26.1042 4.75753 6.15735 3.21984 0 0 0 0.416697 3.25537 0 0 0 0 0 0 2.384 303 53 0 0 0
./complex_md-fit_612.pdb BC A 9.4476 25.5866 -6.60863 -6.70635 -6.78917 -25.4585 -0.814838 42.3367 -24.8093 6.70013 5.89638 2.83124 0 0 0 0.205088 3.0541 0 0 0 0 0 0 2.384 303 49 2 2 0
./complex_md-fit_613.pdb BC A 6.09867 25.2675 -5.8109 -7.02773 -6.94658 -27.1951 -0.796535 45.1929 -26.0214 6.14652 7.16258 3.60321 0 0 0 0.0712292 2.83414 1.38778e-17 0 0 0 0 0 2.384 303 51 0 0 0
./complex_md-fit_614.pdb BC A 7.58528 31.552 -13.4346 -6.63833 -10.9712 -25.7479 -0.583471 42.2613 -25.1577 4.59254 5.81253 2.84424 0 0 0 0.153347 3.43438 0 0 0 0 0 0 2.384 303 48 0 0 0
./complex_md-fit_615.pdb BC A 8.01658 31.0919 -10.1698 -7.19987 -9.85363 -26.7904 -0.698095 45.3723 -26.0808 5.76016 5.86128 2.52574 0 0 0 0.933553 2.62629 0 0 0 0 0 0 2.384 303 49 1 1 0
./complex_md-fit_616.pdb BC A 8.62023 31.6112 -9.08897 -6.94504 -7.95703 -24.7288 -0.763392 40.8694 -24.2952 6.98161 5.6853 1.83667 0 0 0 0.227546 2.54678 0 0 0 0 0 0 2.384 303 45 2 2 0
./complex_md-fit_617.pdb BC A 8.20205 33.54 -11.8032 -7.4691 -8.29757 -25.1562 -0.685591 41.8521 -24.6935 3.67465 5.41036 3.12421 0 0 0 0.437366 2.81345 -1.11022e-16 0 0 0 0 0 2.384 303 46 0 0 0
./complex_md-fit_618.pdb BC A 7.21611 29.5522 -12.6645 -7.31248 -7.35698 -25.8478 -0.629345 42.2321 -25.4231 1.99436 6.33526 3.19366 0 0 0 0.149844 2.72051 0 0 0 0 0 0 2.384 303 44 0 0 0
./complex_md-fit_619.pdb BC A 8.81928 36.2166 -11.7236 -7.84413 -7.36136 -24.7499 -0.659049 39.629 -24.8665 3.2962 7.47583 3.23373 0 0 0 0.0831582 2.57095 0.0393815 0 0 0 0 0 2.384 303 49 0 0 0
./complex_md-fit_61.pdb BC A 6.33369 25.0698 -9.72072 -6.69889 -9.03509 -25.1736 -0.443528 42.7298 -24.6056 2.77811 6.8527 3.62549 0 0 0 0.249911 2.4735 0 0 0 0 0 0 2.384 303 50 0 0 0
./complex_md-fit_620.pdb BC A 7.92804 26.8339 -9.18765 -6.68267 -8.33537 -25.27 -0.721386 42.278 -24.6887 4.61215 6.68913 2.82611 0 0 0 0.105152 2.81408 0 0 0 0 0 0 2.384 303 52 0 0 0
./complex_md-fit_621.pdb BC A 6.37223 26.6483 -9.54797 -8.2959 -6.71911 -27.0735 -0.609152 43.9178 -26.9168 5.53851 7.00445 3.43166 0 0 0 0.174126 2.78361 0 0 0 0 0 2.22045e-16 2.384 303 48 1 1 0
./complex_md-fit_622.pdb BC A 9.03889 30.4292 -8.94262 -6.9928 -8.3433 -26.448 -0.608346 43.8833 -26.2325 6.86794 5.60958 3.23962 0 0 0 0.0818626 3.26628 0 0 0 0 0 0 2.384 303 47 2 2 0
./complex_md-fit_623.pdb BC A 9.37848 33.5679 -6.63835 -7.83998 -7.40765 -26.1653 -0.735341 43.3846 -25.3598 7.87828 5.90917 3.45704 0 0 0 0.240584 3.0926 0 0 0 0 0 0 2.384 303 47 3 3 0
./complex_md-fit_624.pdb BC A 9.13908 34.2878 -5.10851 -6.3645 -5.08396 -26.2682 -0.81328 45.0509 -25.5814 4.35203 5.76512 3.13573 0 0 0 0.699017 2.95569 0 0 0 0 0 0 2.384 303 43 0 0 0
./complex_md-fit_625.pdb BC A 7.67401 28.0838 -8.81466 -7.74942 -7.08667 -26.0927 -0.854633 43.3698 -25.4403 5.05706 5.72771 4.20021 0 0 0 0.0542043 3.00353 0 0 0 0 0 0 2.384 303 47 0 0 0
./complex_md-fit_626.pdb BC A 9.28859 33.6733 -7.52082 -6.77928 -8.58899 -26.2747 -0.691551 42.2961 -25.989 8.53921 7.82725 2.02645 0 0 0 0.11366 2.28566 0 0 0 0 0 0 2.384 303 47 2 2 0
./complex_md-fit_627.pdb BC A 7.82939 24.8028 -8.5807 -8.78546 -7.75626 -25.312 -0.539777 41.9188 -24.5941 6.32642 7.08576 2.6043 0 0 0 0.471509 2.4121 -1.11022e-16 0 0 0 0 0 2.384 303 45 1 1 0
./complex_md-fit_628.pdb BC A 6.38141 27.2248 -5.65557 -7.03498 -6.15973 -25.12 -0.424229 42.5219 -24.1425 4.4612 7.54868 2.4288 0 0 0 0.24854 2.60672 0.016666 0 0 0 0 0 2.384 303 51 1 1 0
./complex_md-fit_629.pdb BC A 6.76606 29.5677 -10.2692 -6.56672 -7.94804 -25.6982 -0.432736 42.7837 -25.2509 3.03089 6.85034 2.7065 0 0 0 0.255966 2.60809 0 0 0 0 0 0 2.384 303 49 0 0 0
./complex_md-fit_62.pdb BC A 7.60163 29.0522 -2.98055 -5.58128 -7.31736 -26.9805 -0.658294 45.4944 -26.8753 6.60378 7.73474 4.23815 0 0 0 0.361074 2.67618 0 0 0 0 0 0 2.384 303 51 1 1 0
./complex_md-fit_630.pdb BC A 6.38938 29.7984 -3.4513 -4.92568 -7.50233 -26.2344 -0.564671 45.9354 -25.4368 6.5416 4.62531 3.25228 0 0 0 0.818514 2.91858 0.0395518 0 0 0 0 0 2.384 303 48 0 0 0
./complex_md-fit_631.pdb BC A 7.81676 35.4915 -11.4596 -8.137 -7.85044 -25.7892 -0.538444 43.455 -25.2522 3.95416 5.05944 3.04923 0 0 0 0.589827 2.63274 -1.11022e-16 0 0 0 0 0 2.384 303 47 0 0 0
./complex_md-fit_632.pdb BC A 6.89829 31.2057 -12.8562 -8.02535 -9.9075 -26.4396 -0.781452 44.4393 -25.6023 3.02476 7.18398 3.12833 0 0 0 0.123558 3.06273 0 0 0 0 0 0 2.384 303 48 0 0 0
./complex_md-fit_633.pdb BC A 7.0247 36.9792 -11.311 -8.0243 -9.41188 -26.2584 -0.780011 43.5489 -25.1218 4.84321 6.17319 3.64166 0 0 0 0.0782937 3.36329 0 0 0 0 0 0 2.384 303 48 0 0 0
./complex_md-fit_634.pdb BC A 7.39937 31.0581 -13.4874 -6.48635 -7.80541 -26.6862 -0.673529 43.8596 -26.5008 2.43576 5.59791 2.48485 0 0 0 0.286815 2.73486 0 0 0 0 0 0 2.384 303 52 0 0 0
./complex_md-fit_635.pdb BC A 7.5976 32.6999 -7.34426 -6.44023 -8.59557 -25.8516 -0.420654 43.5972 -25.5708 7.57139 5.74006 2.24569 0 0 0 0.35046 3.35226 0.0297547 0 0 0 0 0 2.384 303 49 1 1 0
./complex_md-fit_636.pdb BC A 7.37523 30.5499 -9.19838 -5.32801 -9.62335 -26.973 -0.368486 45.8325 -26.1466 4.3467 6.01032 2.90832 0 0 0 0.143245 4.17113 0 0 0 0 0 0 2.384 303 50 0 0 0
./complex_md-fit_637.pdb BC A 6.96811 37.1462 -13.2148 -7.96859 -9.41716 -26.0683 -0.566057 42.8386 -25.6729 3.90312 6.31923 3.30771 0 0 0 0.0712987 2.7322 0.0383305 0 0 0 0 0 2.384 303 48 0 0 0
./complex_md-fit_638.pdb BC A 8.57907 27.2438 -9.57761 -7.22571 -8.01768 -26.9941 -0.736775 44.7882 -25.7818 5.43536 5.37646 3.2872 0 0 0 0.291176 3.30745 0 0 0 0 0 0 2.384 303 50 0 0 0
./complex_md-fit_639.pdb BC A 7.19467 31.1598 -12.0032 -8.07539 -9.9349 -25.9878 -0.56231 42.9817 -25.3815 5.35233 5.87147 3.3623 0 0 0 0.370819 3.15944 0 0 0 0 0 0 2.384 303 47 0 0 0
./complex_md-fit_63.pdb BC A 7.98172 23.6926 -4.48435 -5.38464 -5.45663 -25.404 -0.551475 43.986 -24.9464 3.10159 7.11811 2.89216 0 0 0 0.160904 2.40837 5.55112e-17 0 0 0 0 0 2.384 303 51 0 0 0
./complex_md-fit_640.pdb BC A 6.96164 33.6282 -12.4895 -8.7248 -8.68702 -26.6301 -0.5524 43.9343 -25.9501 3.20181 7.27696 3.32623 0 0 0 0.315574 2.64091 1.11022e-16 0 0 0 0 0 2.384 303 50 0 0 0
./complex_md-fit_641.pdb BC A 7.91836 31.8596 -8.52582 -8.40965 -10.437 -25.9942 -0.459446 43.677 -24.625 7.77705 6.59904 3.00685 0 0 0 0.32098 2.77932 0.0185346 0 0 0 0 0 2.384 303 51 1 1 0
./complex_md-fit_642.pdb BC A 7.85357 31.8999 -16.3097 -8.66611 -11.911 -25.5057 -0.518091 42.1347 -24.7173 2.46647 7.73276 2.46219 0 0 0 0.212436 2.44998 0 0 0 0 0 0 2.384 303 48 0 0 0
./complex_md-fit_643.pdb BC A 7.44741 30.8613 -7.1961 -8.20539 -7.56632 -25.5964 -0.52899 44.3609 -24.7733 5.02131 6.30233 3.41031 0 0 0 0.378382 2.90454 0.00105171 0 0 0 0 0 2.384 303 44 1 1 0
./complex_md-fit_644.pdb BC A 8.31045 32.2604 -13.5784 -7.31431 -9.3054 -24.8699 -0.472365 41.2902 -24.0502 2.43224 6.46002 1.63299 0 0 0 0.576297 2.54896 0.0420088 0 0 0 0 0 2.384 303 44 0 0 0
./complex_md-fit_645.pdb BC A 9.21367 29.5081 -5.23089 -6.9259 -6.72304 -24.8603 -0.43369 42.3696 -23.4731 5.32222 6.53928 2.84485 0 0 0 0.109078 3.03342 0 0 0 0 0 0 2.384 303 48 0 0 0
./complex_md-fit_646.pdb BC A 9.19758 34.0271 -11.047 -7.8233 -8.63142 -26.3876 -0.528432 44.3251 -25.0675 3.55057 5.43155 3.88286 0 0 0 0.201167 3.75351 -2.77556e-17 0 0 0 0 0 2.384 303 48 0 0 0
./complex_md-fit_647.pdb BC A 7.59694 28.7658 -8.49801 -8.07651 -10.0169 -26.762 -0.554198 45.8791 -25.2008 7.041 5.26769 3.31368 0 0 0 0.610932 2.90714 0 0 0 0 0 0 2.384 303 51 0 0 0
./complex_md-fit_648.pdb BC A 7.2253 33.1232 -11.1188 -6.17704 -10.2381 -25.6327 -0.561877 42.9732 -24.1356 2.66976 6.95739 2.70485 0 0 0 0.32134 4.52905 0 0 0 0 0 0 2.384 303 47 0 0 0
./complex_md-fit_649.pdb BC A 7.52238 32.8421 -6.70608 -7.15279 -9.0387 -25.8392 -0.275487 43.951 -24.4643 6.0007 6.91929 2.69712 0 0 0 0.4606 2.23295 0.0356939 0 0 0 0 0 2.384 303 49 0 0 0
./complex_md-fit_64.pdb BC A 8.36011 29.2428 -5.80057 -5.42048 -8.55901 -26.1805 -0.722429 45.1817 -25.9341 3.8896 8.0063 3.84986 0 0 0 0.0885225 2.67816 0 0 0 0 0 0 2.384 303 51 0 0 0
./complex_md-fit_650.pdb BC A 5.80947 25.493 -13.7266 -8.35713 -10.9955 -25.8113 -0.548947 42.5522 -24.4489 3.89407 6.61101 3.25309 0 0 0 0.124773 2.87389 0 0 0 0 0 0 2.384 303 48 0 0 0
./complex_md-fit_651.pdb BC A 6.28909 39.0606 -8.29234 -8.312 -7.95508 -26.1454 -0.589532 42.6224 -25.3972 5.01894 8.38246 3.73083 0 0 0 0.308899 2.60525 0.0432986 0 0 0 0 0 2.384 303 48 1 1 0
./complex_md-fit_652.pdb BC A 9.1475 28.9227 -10.6817 -9.67781 -9.14211 -25.624 -0.818597 41.6509 -25.1388 7.82871 7.16107 2.89968 0 0 0 0.179243 2.75078 -1.11022e-16 0 0 0 0 0 2.384 303 49 3 3 0
./complex_md-fit_653.pdb BC A 6.57147 26.4245 -4.8922 -7.20526 -8.14025 -24.5758 -0.636848 41.3618 -23.6104 7.6286 7.04629 2.93013 0 0 0 0.267441 2.54759 0.0421331 0 0 0 0 0 2.384 303 48 1 1 0
./complex_md-fit_654.pdb BC A 6.9621 25.3006 -10.5755 -7.52918 -9.11488 -26.1448 -0.710868 42.6178 -25.5262 6.62286 6.09423 2.65764 0 0 0 0.457881 2.74602 0 0 0 0 0 0 2.384 303 47 1 1 0
./complex_md-fit_655.pdb BC A 6.17414 30.7181 -7.61382 -8.74877 -8.12944 -25.5409 -0.511559 41.8851 -25.2257 7.64803 6.59411 4.02395 0 0 0 0.391466 2.33926 0 0 0 0 0 0 2.384 303 48 1 1 0
./complex_md-fit_656.pdb BC A 8.6675 33.4093 -9.96919 -6.94495 -9.57673 -25.5634 -0.648403 43.4374 -24.7841 3.99153 6.17318 3.72597 0 0 0 0.172807 2.69781 0.0474881 0 0 0 0 0 2.384 303 48 0 0 0
./complex_md-fit_657.pdb BC A 7.58588 28.1388 -8.18361 -5.24983 -7.2213 -25.2844 -0.508653 43.7197 -24.3391 2.18156 5.47099 2.52273 0 0 0 0.524583 2.59858 0 0 0 0 0 0 2.384 303 49 0 0 0
./complex_md-fit_658.pdb BC A 9.88065 29.3516 -6.46468 -6.01175 -7.67756 -25.6837 -0.302574 43.3422 -25.0974 4.11739 7.4235 3.33762 0 0 0 0.0876564 3.32128 0 0 0 0 0 0 2.384 303 48 0 0 0
./complex_md-fit_659.pdb BC A 8.17318 28.6937 -3.95854 -7.13564 -6.89407 -26.6897 -0.726152 45.0726 -25.9759 8.47355 6.50818 3.1989 0 0 0 0.209656 2.98798 0 0 0 0 0 0 2.384 303 52 3 3 0
./complex_md-fit_65.pdb BC A 7.87399 23.6646 -9.22729 -6.339 -9.60234 -24.6623 -0.640733 41.623 -24.3995 2.47245 8.19264 3.73362 0 0 0 0.394945 2.38148 5.55112e-17 0 0 0 0 -1.11022e-16 2.384 303 47 0 0 0
./complex_md-fit_660.pdb BC A 7.07328 29.2699 -5.40978 -5.68446 -6.85913 -24.7216 -0.528043 41.5149 -24.1365 4.87259 6.13375 3.96158 0 0 0 0.0371771 2.70199 0 0 0 0 0 0 2.384 303 44 1 1 0
./complex_md-fit_661.pdb BC A 6.92718 31.9577 -7.16758 -7.15769 -9.54568 -26.7608 -0.500023 44.3176 -26.1697 8.10921 6.66811 3.56179 0 0 0 0.262342 3.22657 0.0471838 0 0 0 0 0 2.384 303 47 2 2 0
./complex_md-fit_662.pdb BC A 8.27591 39.103 -5.65389 -7.10215 -8.60513 -26.1333 -0.646516 42.7859 -25.2365 6.98482 8.07614 3.66035 0 0 0 0.562457 4.45401 0 0 0 0 0 0 2.384 303 48 3 3 0
./complex_md-fit_663.pdb BC A 8.51318 34.9376 -13.1472 -7.12963 -8.88831 -25.9008 -0.539266 42.2957 -25.5714 2.38195 5.61531 4.17357 0 0 0 0.394094 2.75659 0.0216549 0 0 0 0 0 2.384 303 47 0 0 0
./complex_md-fit_664.pdb BC A 8.64566 34.8532 -3.75554 -6.78007 -8.11953 -26.4676 -0.466636 45.0238 -25.2713 6.46454 8.19446 3.39927 0 0 0 0.267569 2.57788 0 0 0 0 0 0 2.384 303 47 0 0 0
./complex_md-fit_665.pdb BC A 5.90013 29.2625 0.295103 -3.45393 -5.10506 -26.4174 -0.497285 45.6888 -26.1204 7.1842 6.07993 2.74801 0 0 0 0.142494 2.72401 0.0458339 0 0 0 0 0 2.384 303 49 2 2 0
./complex_md-fit_666.pdb BC A 11.0355 32.5034 -4.08754 -5.8389 -8.91861 -25.0324 -0.585619 42.2057 -24.2145 7.51711 7.30172 3.22181 0 0 0 0.256165 2.81456 0 0 0 0 0 0 2.384 303 45 2 2 0
./complex_md-fit_667.pdb BC A 11.6836 31.5172 -13.4018 -6.96801 -10.4763 -26.4855 -0.603792 43.3872 -25.8079 3.35919 6.34361 3.61697 0 0 0 0.232783 2.8889 0 0 0 0 0 0 2.384 303 48 0 0 0
./complex_md-fit_668.pdb BC A 7.72296 32.5232 -8.23437 -6.53761 -6.07025 -25.5876 -0.613059 42.2583 -24.7823 2.78484 7.33628 2.85721 0 0 0 0.119788 2.3476 0 0 0 0 0 0 2.384 303 48 0 0 0
./complex_md-fit_669.pdb BC A 6.7839 30.9179 -11.9929 -6.96613 -8.36895 -26.4761 -0.387358 43.4885 -25.9947 2.70015 6.84201 2.97515 0 0 0 0.167689 2.5161 0.0268189 0 0 0 0 0 2.384 303 49 0 0 0
./complex_md-fit_66.pdb BC A 5.10918 26.6853 -14.143 -8.15676 -8.77372 -26.3144 -0.423698 40.3923 -27.0577 3.92207 8.11997 3.95969 0 0 0 0.189232 2.79039 -2.77556e-17 0 0 0 0 0 2.384 303 48 0 0 0
./complex_md-fit_670.pdb BC A 6.95831 27.3294 -7.89907 -7.40404 -5.85928 -24.5246 -0.424437 41.5488 -24.2967 4.05686 6.7495 2.00783 0 0 0 0.20539 2.35455 0.0416003 0 0 0 0 0 2.384 303 46 0 0 0
./complex_md-fit_671.pdb BC A 11.112 35.9058 -3.03759 -6.79547 -8.60108 -26.4393 -0.579753 45.3577 -25.3014 6.80383 7.92926 4.38008 0 0 0 0.20863 2.71441 0 0 0 0 0 0 2.384 303 49 1 1 0
./complex_md-fit_672.pdb BC A 6.80153 38.6528 -11.6974 -8.92996 -7.96559 -26.7075 -0.543472 43.8315 -26.0275 3.76478 6.73253 4.06896 0 0 0 0.0788092 3.40509 -5.55112e-17 0 0 0 0 0 2.384 303 46 0 0 0
./complex_md-fit_673.pdb BC A 10.597 32.8046 -11.0677 -6.73287 -8.087 -26.1573 -0.637861 42.6757 -25.6749 3.36315 6.77086 3.03897 0 0 0 0.373544 3.01004 0 0 0 0 0 0 2.384 303 45 0 0 0
./complex_md-fit_674.pdb BC A 7.66681 35.3818 -10.7328 -8.49578 -8.21707 -25.077 -0.757871 42.3623 -24.1684 3.29013 6.87319 2.90354 0 0 0 0.5542 2.86933 0 0 0 0 0 0 2.384 303 46 0 0 0
./complex_md-fit_675.pdb BC A 9.86551 37.7738 -5.75416 -7.41384 -5.6015 -26.3762 -0.56117 44.4677 -25.7036 4.95679 6.80958 3.47863 0 0 0 0.189351 2.49338 0 0 0 0 0 0 2.384 303 47 0 0 0
./complex_md-fit_676.pdb BC A 11.31 30.171 -7.57404 -5.99001 -6.6242 -26.4944 -0.434701 43.2608 -26.2907 4.75347 6.52394 3.33417 0 0 0 0.387619 2.64163 0 0 0 0 0 2.22045e-16 2.384 303 50 1 1 0
./complex_md-fit_677.pdb BC A 8.17186 26.0528 -9.37001 -7.06625 -6.65313 -26.2229 -0.435791 42.3069 -25.7845 5.13514 5.54236 3.4908 0 0 0 0.317325 2.86137 0 0 0 0 0 0 2.384 303 45 1 1 0
./complex_md-fit_678.pdb BC A 9.92381 32.614 -10.4133 -6.74954 -8.26518 -26.6384 -0.522392 43.6797 -26.3578 4.37952 6.31945 3.59485 0 0 0 0.146605 2.61392 0 0 0 0 0 0 2.384 303 48 0 0 0
./complex_md-fit_679.pdb BC A 8.99233 34.9823 -6.8424 -4.87467 -8.28776 -24.7844 -0.783712 40.9339 -24.0446 4.64592 7.19087 3.01472 0 0 0 0.147295 3.2332 5.55112e-17 0 0 0 0 0 2.384 303 45 1 1 0
./complex_md-fit_67.pdb BC A 7.23874 24.8183 -3.34066 -5.86488 -6.49015 -26.1664 -0.467376 42.6846 -26.9557 6.75604 9.6406 3.41434 0 0 0 0.0874679 3.84859 0.0207691 0 0 0 0 0 2.384 303 49 1 1 0
./complex_md-fit_680.pdb BC A 8.84541 28.237 -7.98179 -5.61229 -9.01113 -25.4088 -0.500439 41.8111 -24.5031 5.97855 5.97592 3.12739 0 0 0 0.161034 2.61009 0 0 0 0 0 0 2.384 303 46 1 1 0
./complex_md-fit_681.pdb BC A 7.32603 31.7877 -10.1295 -7.08023 -8.26473 -26.0873 -0.698082 43.092 -24.7618 5.48404 5.83182 1.75553 0 0 0 0.59928 2.41561 0 0 0 0 0 0 2.384 303 46 1 1 0
./complex_md-fit_682.pdb BC A 6.07372 33.8277 -9.37509 -7.11431 -7.56332 -25.6387 -0.491708 41.7753 -25.4455 5.46129 6.02561 3.12409 0 0 0 0.492092 2.44855 0 0 0 0 0 0 2.384 303 48 1 1 0
./complex_md-fit_683.pdb BC A 7.41786 31.9168 -12.4414 -6.90198 -9.09632 -24.2521 -0.648034 40.4307 -23.7741 2.57919 5.72181 3.34563 0 0 0 0.153828 2.69976 -2.77556e-17 0 0 0 0 0 2.384 303 44 0 0 0
./complex_md-fit_684.pdb BC A 7.98099 32.9679 -4.25907 -6.24991 -7.36511 -24.0881 -0.800791 40.9028 -23.6379 6.63507 6.91026 3.27361 0 0 0 0.160952 2.48963 0 0 0 0 0 0 2.384 303 48 0 0 0
./complex_md-fit_685.pdb BC A 6.32473 34.1916 -10.1058 -7.89901 -10.0611 -25.9105 -0.598292 43.3743 -24.6805 4.97193 7.18405 3.34659 0 0 0 0.166719 2.79546 0 0 0 0 0 0 2.384 303 52 0 0 0
./complex_md-fit_686.pdb BC A 6.36172 31.2736 -6.98586 -6.48327 -8.78949 -25.9692 -0.551781 42.9255 -24.961 5.08289 7.75217 3.28159 0 0 0 0.726708 2.70001 -5.55112e-17 0 0 0 0 -1.11022e-16 2.384 303 45 0 0 0
./complex_md-fit_687.pdb BC A 9.11514 27.3544 -6.46671 -6.5819 -6.47161 -25.8049 -0.533038 42.9535 -25.1435 5.19639 6.62785 3.22392 0 0 0 0.0665487 2.88187 0 0 0 0 0 0 2.384 303 46 1 1 0
./complex_md-fit_688.pdb BC A 7.99662 33.7877 -6.72393 -6.80152 -9.27639 -26.8367 -0.52018 45.518 -25.6781 6.01025 8.11579 2.48083 0 0 0 0.264105 3.19081 5.55112e-17 0 0 0 0 0 2.384 303 48 0 0 0
./complex_md-fit_689.pdb BC A 6.02351 30.1494 -7.96323 -7.53001 -7.89374 -26.4624 -0.612582 44.9463 -25.8172 5.75172 6.31214 3.10221 0 0 0 0.199357 2.93068 0.0409978 0 0 0 0 0 2.384 303 49 1 1 0
./complex_md-fit_68.pdb BC A 7.53789 26.6715 -7.49687 -6.04309 -8.99499 -26.7898 -0.84549 44.7356 -27.3396 6.33862 7.29837 3.77057 0 0 0 0.372975 2.55057 0 0 0 0 0 0 2.384 303 52 1 1 0
./complex_md-fit_690.pdb BC A 8.50626 28.3049 -11.4369 -8.14255 -9.70615 -26.6177 -0.626038 44.2439 -26.1953 3.88523 7.88359 3.71556 0 0 0 0.122514 3.09304 0 0 0 0 0 0 2.384 303 46 0 0 0
./complex_md-fit_691.pdb BC A 8.66305 32.1816 -4.80826 -8.26272 -8.34357 -26.2163 -0.521731 43.7696 -25.6357 7.59104 9.40368 3.3346 0 0 0 0.0729193 2.48209 0 0 0 0 0 0 2.384 303 50 1 1 0
./complex_md-fit_692.pdb BC A 7.34873 33.6893 -5.60177 -6.58884 -8.23245 -25.8945 -0.519794 44.0866 -25.1837 5.98036 6.55153 3.52902 0 0 0 0.67005 2.68876 0 0 0 0 0 0 2.384 303 49 0 0 0
./complex_md-fit_693.pdb BC A 8.67918 29.345 -1.17608 -6.10256 -7.16691 -26.5763 -0.730816 45.2927 -25.9035 8.63948 7.61138 3.5953 0 0 0 0.165134 2.78004 0 0 0 0 0 0 2.384 303 49 2 2 0
./complex_md-fit_694.pdb BC A 7.46641 34.1129 -8.23765 -6.61574 -9.28092 -25.3192 -0.565488 43.3314 -24.5742 4.56439 7.08177 2.81795 0 0 0 0.279285 2.88589 0.0431641 0 0 0 0 0 2.384 303 45 0 0 0
./complex_md-fit_695.pdb BC A 10.3623 37.9179 -7.00284 -8.39542 -6.16899 -24.7873 -0.671646 41.6063 -24.0779 4.7621 6.91028 3.34082 0 0 0 0.448069 2.39936 0.0308985 0 0 0 0 0 2.384 303 48 0 0 0
./complex_md-fit_696.pdb BC A 8.89527 35.1755 -8.42347 -6.69 -6.81915 -24.2715 -0.52506 40.5388 -23.6697 3.99259 6.04037 2.65528 0 0 0 0.324953 2.67647 -2.77556e-17 0 0 0 0 0 2.384 303 44 0 0 0
./complex_md-fit_697.pdb BC A 6.79795 32.9794 -9.23643 -8.57692 -10.3247 -25.7889 -0.754468 42.6625 -24.7611 6.42613 7.89522 3.84322 0 0 0 0.14252 2.62269 0 0 0 0 0 0 2.384 303 44 1 1 0
./complex_md-fit_698.pdb BC A 6.926 26.2874 -9.38318 -8.64275 -9.41318 -25.3527 -0.584184 42.8653 -24.5649 4.0271 9.23054 2.73229 0 0 0 0.277034 2.89571 0.0422715 0 0 0 0 0 2.384 303 46 0 0 0
./complex_md-fit_699.pdb BC A 6.82224 36.8262 -12.594 -8.88018 -10.6603 -26.8566 -0.661891 44.5912 -26.0322 3.9245 8.1754 2.99054 0 0 0 0.815557 2.47965 0 0 0 0 0 0 2.384 303 48 0 0 0
./complex_md-fit_69.pdb BC A 8.08911 30.3036 -15.4263 -9.32375 -10.8032 -26.3013 -0.784463 43.5515 -26.3653 2.74689 8.98135 2.2766 0 0 0 0.547407 4.02098 0.0478429 0 0 0 0 0 2.384 303 46 1 0 1
./complex_md-fit_6.pdb BC A 7.41972 33.0088 -10.457 -8.31535 -7.22492 -26.1832 -0.725801 42.0309 -27.5173 4.60494 8.25332 4.34777 0 0 0 0.272729 2.69687 0 0 0 0 0 0 2.384 303 48 0 0 0
./complex_md-fit_700.pdb BC A 7.80942 40.4566 -9.2005 -7.31168 -10.7729 -26.0622 -0.48851 42.7328 -25.0265 5.89702 6.85437 4.09286 0 0 0 0.884173 2.25586 0 0 0 0 0 0 2.384 303 48 0 0 0
./complex_md-fit_701.pdb BC A 6.9618 32.2365 -12.1729 -7.01841 -9.03978 -24.5591 -0.539781 39.9912 -24.204 3.68171 6.62226 2.34487 0 0 0 0.548131 2.32029 0 0 0 0 0 0 2.384 303 45 0 0 0
./complex_md-fit_702.pdb BC A 6.67616 26.6162 -8.89707 -8.34251 -9.17083 -25.9575 -0.645963 42.9292 -24.6122 6.02433 7.17837 3.42671 0 0 0 0.273348 3.66597 0 0 0 0 0 0 2.384 303 45 1 1 0
./complex_md-fit_703.pdb BC A 6.0411 31.5815 -10.2625 -6.33186 -8.46596 -26.2185 -0.523263 43.0165 -25.2983 4.24817 6.07179 3.09069 0 0 0 0.148228 4.40096 1.11022e-16 0 0 0 0 0 2.384 303 46 1 1 0
./complex_md-fit_704.pdb BC A 7.54245 26.1149 -15.3673 -9.29339 -10.3095 -25.609 -0.674211 41.261 -25.0522 3.75359 7.05921 2.92573 0 0 0 0.571435 2.5448 0 0 0 0 0 0 2.384 303 45 0 0 0
./complex_md-fit_705.pdb BC A 7.32845 31.2081 -10.223 -6.85097 -8.78123 -24.9492 -0.663694 40.7376 -24.5348 3.99242 6.36992 4.07288 0 0 0 0.383969 2.27057 0 0 0 0 0 0 2.384 303 44 1 1 0
./complex_md-fit_706.pdb BC A 6.65152 27.1044 -5.97231 -5.88291 -6.78611 -24.1878 -0.557088 40.9104 -23.8061 6.34094 5.3892 2.53696 0 0 0 0.0702192 2.45351 0 0 0 0 0 0 2.384 303 44 1 1 0
./complex_md-fit_707.pdb BC A 7.59333 33.3521 -8.13264 -7.96246 -8.00183 -25.6863 -0.43707 42.2598 -24.8557 6.16587 6.15235 3.42335 0 0 0 0.809346 2.52138 0 0 0 0 0 0 2.384 303 46 0 0 0
./complex_md-fit_708.pdb BC A 9.17437 28.3235 1.51016 -6.08573 -4.55502 -25.1358 -0.564741 43.3649 -24.7905 8.03284 6.90437 4.09446 0 0 0 0.192415 2.80509 0.0529019 0 0 0 0 0 2.384 303 49 2 2 0
./complex_md-fit_709.pdb BC A 6.77438 30.2668 -10.8712 -7.08603 -8.981 -25.957 -0.577046 42.7579 -25.4872 4.45426 6.49132 3.43985 0 0 0 0.0737984 2.36403 0 0 0 0 0 0 2.384 303 47 0 0 0
./complex_md-fit_70.pdb BC A 7.95853 27.3848 -9.28911 -7.76134 -8.58078 -25.9287 -0.640398 42.8109 -26.0825 4.68647 8.15765 3.73079 0 0 0 0.318897 3.06338 0 0 0 0 0 0 2.384 303 52 1 1 0
./complex_md-fit_710.pdb BC A 8.28637 23.6849 -8.48569 -7.57931 -7.96949 -25.9937 -0.380947 43.6567 -24.7904 4.65053 6.18635 3.23421 0 0 0 0.500298 2.39188 0 0 0 0 0 0 2.384 303 46 1 1 0
./complex_md-fit_711.pdb BC A 7.86088 33.3521 -9.87233 -8.62387 -8.47248 -25.3336 -0.627441 42.3047 -24.5319 3.80318 7.46361 3.70908 0 0 0 0.436396 2.37995 5.55112e-17 0 0 0 0 0 2.384 303 49 0 0 0
./complex_md-fit_712.pdb BC A 10.8302 25.758 -10.266 -7.86826 -8.96315 -26.6911 -0.732801 44.6643 -25.8306 3.22119 8.65553 3.1559 0 0 0 0.123069 2.75598 0 0 0 0 0 0 2.384 303 50 0 0 0
./complex_md-fit_713.pdb BC A 8.46437 30.4789 -5.11105 -6.52285 -7.23167 -26.2479 -0.780913 45.6395 -25.4845 4.22144 7.16414 3.66653 0 0 0 0.465258 2.89591 0 0 0 0 0 0 2.384 303 48 1 1 0
./complex_md-fit_714.pdb BC A 6.55392 38.3331 -7.52755 -7.89457 -6.15029 -26.7721 -0.610915 45.0247 -25.8366 4.73702 7.29913 2.43267 0 0 0 0.243488 2.61622 0 0 0 0 0 0 2.384 303 49 1 1 0
./complex_md-fit_715.pdb BC A 7.94896 33.2377 -10.0655 -6.62594 -9.21465 -26.7054 -0.707632 45.8532 -25.7628 3.39262 6.10579 3.2954 0 0 0 0.303953 3.33621 0 0 0 0 0 0 2.384 303 48 0 0 0
./complex_md-fit_716.pdb BC A 8.53659 30.2892 -6.37076 -7.7364 -8.93276 -26.5654 -0.865371 46.131 -25.1782 4.87765 8.447 3.27071 0 0 0 0.181064 2.79831 -5.55112e-17 0 0 0 0 0 2.384 303 49 0 0 0
./complex_md-fit_717.pdb BC A 8.41278 27.5264 -11.9579 -7.76425 -8.32022 -26.1087 -0.746607 42.8806 -25.7737 3.67292 7.25791 2.76284 0 0 0 0.157054 2.4112 0.024229 0 0 0 0 -2.22045e-16 2.384 303 47 0 0 0
./complex_md-fit_718.pdb BC A 9.00618 35.5333 -8.97479 -6.34167 -7.67087 -25.7656 -0.625133 42.8645 -25.0922 3.67332 6.71914 2.89289 0 0 0 0.370883 2.55128 0 0 0 0 0 0 2.384 303 45 0 0 0
./complex_md-fit_719.pdb BC A 8.81009 30.1664 -5.20707 -8.00817 -6.72319 -26.5121 -0.630049 45.5127 -25.4598 5.6331 6.92263 3.6454 0 0 0 0.412366 2.94319 0 0 0 0 0 0 2.384 303 45 1 1 0
./complex_md-fit_71.pdb BC A 8.82195 22.007 -10.4524 -9.04232 -9.88808 -27.0763 -0.791285 44.1962 -27.1797 5.97954 9.31659 3.54958 0 0 0 0.483305 2.9338 0 0 0 0 0 0 2.384 303 53 0 0 0
./complex_md-fit_720.pdb BC A 8.46275 40.1829 -6.44402 -7.46768 -8.06371 -26.056 -0.771545 44.8346 -25.0044 6.90034 6.62192 2.27186 0 0 0 0.259302 2.6837 0.0312621 0 0 0 0 0 2.384 303 47 2 2 0
./complex_md-fit_721.pdb BC A 7.01198 37.1107 -10.4682 -5.52338 -7.65495 -25.8289 -0.545352 41.9929 -25.5516 2.8528 6.78537 2.80323 0 0 0 0.201707 3.50501 0 0 0 0 0 0 2.384 303 46 0 0 0
./complex_md-fit_722.pdb BC A 9.50962 35.9111 -10.0394 -6.86571 -9.91113 -26.5889 -0.624462 43.8121 -26.1957 7.86466 5.21561 2.91939 0 0 0 0.334714 2.76851 0 0 0 0 0 1.11022e-16 2.384 303 49 1 1 0
./complex_md-fit_723.pdb BC A 8.02204 30.8164 -8.25165 -8.79987 -7.98113 -26.3882 -0.57969 45.5513 -25.6771 5.26523 6.48117 3.74981 0 0 0 0.0862224 2.70598 0.0406402 0 0 0 0 0 2.384 303 48 1 1 0
./complex_md-fit_724.pdb BC A 8.86136 36.9076 -8.11683 -8.10275 -7.4795 -26.1022 -0.692945 43.7809 -25.8817 7.30639 5.24588 3.36975 0 0 0 0.386795 3.32827 0.0525603 0 0 0 0 0 2.384 303 47 2 2 0
./complex_md-fit_725.pdb BC A 9.48153 28.6928 -6.712 -6.30994 -7.88207 -24.8378 -0.474547 41.4712 -24.4656 5.28776 7.03168 3.19004 0 0 0 0.277263 2.94709 2.77556e-17 0 0 0 0 0 2.384 303 47 1 1 0
./complex_md-fit_726.pdb BC A 7.17274 21.6821 -6.68001 -7.90221 -7.28701 -25.7316 -0.465448 42.3541 -25.422 8.18177 6.597 2.71285 0 0 0 0.282487 2.60111 0 0 0 0 0 0 2.384 303 50 3 3 0
./complex_md-fit_727.pdb BC A 6.3682 33.9032 -7.15627 -7.47471 -9.62543 -25.6152 -0.514426 42.8623 -24.6201 6.54498 7.23179 3.41816 0 0 0 0.636309 2.71588 0 0 0 0 0 0 2.384 303 49 0 0 0
./complex_md-fit_728.pdb BC A 7.15975 26.436 -9.89061 -7.92013 -7.65609 -25.715 -0.544032 42.4358 -25.1332 3.83336 6.35721 4.04944 0 0 0 0.402027 2.88948 -2.77556e-17 0 0 0 0 0 2.384 303 49 0 0 0
./complex_md-fit_729.pdb BC A 9.4793 34.7111 -7.59834 -7.43411 -8.74414 -25.9365 -0.644426 44.1919 -25.4929 6.68952 5.98767 3.60869 0 0 0 0.1193 2.73613 0.0473615 0 0 0 0 0.00932634 2.384 303 49 0 0 0
./complex_md-fit_72.pdb BC A 9.67941 33.0439 -9.88387 -7.96566 -7.18191 -27.3711 -0.585691 43.6817 -28.1433 4.57263 8.19256 4.3971 0 0 0 0.515135 2.87095 0 0 0 0 0 0.00468848 2.384 303 52 1 1 0
./complex_md-fit_730.pdb BC A 8.09938 39.8916 -8.11142 -6.51031 -6.98756 -23.7391 -0.673061 39.6347 -23.3696 4.27454 4.94931 4.07119 0 0 0 0.198196 2.29328 0.04033 0 0 0 0 0 2.384 303 44 0 0 0
./complex_md-fit_731.pdb BC A 8.21835 32.4953 -8.01284 -5.19192 -8.30426 -24.9565 -0.468031 42.9716 -24.0429 3.04189 5.14031 3.32524 0 0 0 0.471742 4.07382 0 0 0 0 0 0 2.384 303 43 0 0 0
./complex_md-fit_732.pdb BC A 6.64108 36.5564 -11.9756 -7.55375 -8.69432 -26.5729 -0.465875 43.3301 -25.8955 3.44517 6.61223 3.64249 0 0 0 0.176819 2.98031 0 0 0 0 0 0 2.384 303 47 1 1 0
./complex_md-fit_733.pdb BC A 9.51915 32.6493 -8.65833 -7.88905 -8.48095 -25.8637 -0.500639 44.0802 -24.9562 3.86171 6.91383 3.89973 0 0 0 0.230548 3.21874 0.0462553 0 0 0 0 0 2.384 303 45 1 1 0
./complex_md-fit_734.pdb BC A 7.00133 32.2863 -14.7107 -9.13811 -10.8064 -26.2091 -0.576508 42.6038 -26.1669 3.30593 7.71324 4.35776 0 0 0 0.205755 2.80871 -1.11022e-16 0 0 0 0 0 2.384 303 52 0 0 0
./complex_md-fit_735.pdb BC A 9.2536 35.2226 -0.253906 -2.92931 -5.41207 -24.7007 -0.658947 42.655 -24.4346 5.49535 6.2702 3.28271 0 0 0 0.150661 3.64213 0.0278463 0 0 0 0 0 2.384 303 51 0 0 0
./complex_md-fit_736.pdb BC A 7.00076 28.3676 -4.17286 -6.84455 -6.67523 -25.4962 -0.654733 42.5912 -25.0686 6.37114 7.48874 3.99125 0 0 0 0.0879377 2.71069 0.0329913 0 0 0 0 0.00320883 2.384 303 48 0 0 0
./complex_md-fit_737.pdb BC A 7.29932 37.061 -5.69505 -7.24946 -8.93622 -24.5357 -0.778177 40.563 -23.9506 8.93151 6.49034 3.58364 0 0 0 0.124344 2.79289 0.0621861 0 0 0 0 0 2.384 303 46 2 2 0
./complex_md-fit_738.pdb BC A 8.27922 32.754 -1.32754 -6.21535 -5.27997 -24.4404 -0.722708 41.6246 -23.7578 6.32306 6.94769 4.07438 0 0 0 0.0732865 2.39647 0.0457271 0 0 0 0 0 2.384 303 45 0 0 0
./complex_md-fit_739.pdb BC A 6.90083 31.9794 -12.7972 -7.49595 -9.49928 -26.2241 -0.462396 43.0835 -25.4095 3.72519 6.00913 3.16447 0 0 0 0.311709 3.39398 -5.55112e-17 0 0 0 0 0 2.384 303 49 0 0 0
./complex_md-fit_73.pdb BC A 8.08738 31.4016 -6.26112 -6.71785 -7.68916 -26.0119 -0.714221 43.0894 -26.3261 4.96745 8.12607 4.56978 0 0 0 0.445391 2.65379 0 0 0 0 0 0 2.384 303 48 1 1 0
./complex_md-fit_740.pdb BC A 6.42556 33.8907 -9.20495 -7.03344 -6.65118 -25.0802 -0.511903 40.4922 -24.7859 3.81351 5.71018 4.25821 0 0 0 0.583581 2.61021 0 0 0 0 0 0 2.384 303 44 0 0 0
./complex_md-fit_741.pdb BC A 7.61521 38.011 -7.14491 -5.82393 -6.98739 -24.8241 -0.677985 40.7843 -24.3984 2.78688 7.14898 4.22445 0 0 0 0.593838 3.31659 0.0284267 0 0 0 0 0 2.384 303 43 0 0 0
./complex_md-fit_742.pdb BC A 7.70839 29.6511 -2.88225 -5.55564 -4.76668 -24.8956 -0.575602 42.3422 -24.4845 5.81109 5.83159 3.18152 0 0 0 0.22936 2.74645 -2.77556e-17 0 0 0 0 2.22045e-16 2.384 303 46 1 1 0
./complex_md-fit_743.pdb BC A 9.53496 32.2554 -7.92917 -8.41456 -6.9803 -26.1158 -0.648677 43.3588 -26.022 5.162 7.51636 3.9198 0 0 0 0.24586 2.87276 0.0494097 0 0 0 0 0 2.384 303 47 1 1 0
./complex_md-fit_744.pdb BC A 7.50088 33.0602 -9.13929 -7.27951 -9.06549 -26.7674 -0.456865 43.6353 -26.1039 6.25106 8.1024 2.06265 0 0 0 0.479024 3.42703 0 0 0 0 0 0.00341641 2.384 303 45 2 2 0
./complex_md-fit_745.pdb BC A 8.00505 31.7007 -7.34998 -5.79039 -7.75395 -25.8244 -0.664314 43.3648 -25.3933 6.1485 5.54508 2.85801 0 0 0 0.15999 2.36866 0 0 0 0 0 0 2.384 303 44 1 1 0
./complex_md-fit_746.pdb BC A 6.51013 29.7446 -3.06049 -5.67068 -6.17244 -25.7301 -0.736488 43.7583 -25.4972 7.62827 5.98495 3.25221 0 0 0 0.122673 2.75038 0 0 0 0 0 0 2.384 303 46 2 2 0
./complex_md-fit_747.pdb BC A 8.13296 31.4021 -13.6306 -7.45023 -9.66347 -27.2213 -0.684311 44.9313 -26.5103 3.80567 5.99839 2.95607 0 0 0 0.155107 2.76483 0.0524947 0 0 0 0 0 2.384 303 49 0 0 0
./complex_md-fit_748.pdb BC A 6.35228 34.3957 -6.26717 -5.60431 -7.18277 -26.1082 -0.46548 44.7619 -25.382 5.97616 5.23281 2.291 0 0 0 0.213668 3.99707 0 0 0 0 0 0 2.384 303 45 1 1 0
./complex_md-fit_749.pdb BC A 7.34198 32.4657 -5.39913 -6.88548 -7.51869 -26.3739 -0.650149 44.8212 -25.5103 6.28321 6.55696 3.70454 0 0 0 0.173535 2.89458 0 0 0 0 0 0 2.384 303 45 1 1 0
./complex_md-fit_74.pdb BC A 8.7102 31.4583 -12.4371 -7.8017 -8.32942 -27.464 -0.656879 43.6685 -28.4751 4.76808 7.42877 3.86668 0 0 0 0.558094 3.39853 -1.11022e-16 0 0 0 0 0 2.384 303 49 0 0 0
./complex_md-fit_750.pdb BC A 7.06569 30.3306 -11.7002 -8.08328 -7.93156 -26.1748 -0.678145 43.097 -25.743 3.65212 6.608 3.43357 0 0 0 0.119783 2.89148 0 0 0 0 0 0 2.384 303 46 0 0 0
./complex_md-fit_751.pdb BC A 8.94464 34.3109 -4.94947 -7.23215 -8.46272 -25.7078 -0.616859 44.1434 -24.5882 7.45611 6.85904 3.08971 0 0 0 0.109935 2.21953 0 0 0 0 0 2.22045e-16 2.384 303 47 1 1 0
./complex_md-fit_752.pdb BC A 7.96612 26.7326 -11.9848 -8.0486 -9.51119 -26.0708 -0.77739 42.2033 -25.1533 4.49019 7.32825 3.4885 0 0 0 0.0662034 4.80692 0 0 0 0 0 0 2.384 303 46 1 1 0
./complex_md-fit_753.pdb BC A 7.6889 39.366 -7.82104 -7.03434 -8.06739 -26.4592 -0.572663 43.8245 -25.6791 6.63063 5.83671 3.02611 0 0 0 0.673692 3.01102 0 0 0 0 0 0 2.384 303 48 0 0 0
./complex_md-fit_754.pdb BC A 7.51654 23.7428 -16.5905 -8.0507 -9.95583 -26.7937 -0.631358 43.1167 -26.3379 4.40684 5.666 1.67875 0 0 0 0.310679 3.01562 1.11022e-16 0 0 0 0 0 2.384 303 48 0 0 0
./complex_md-fit_755.pdb BC A 8.6562 41.1994 -10.3255 -8.74041 -8.07724 -26.5572 -0.522099 44.1312 -26.0212 4.22829 7.34058 3.64702 0 0 0 0.245528 2.79596 0 0 0 0 0 0 2.384 303 47 1 1 0
./complex_md-fit_756.pdb BC A 10.3652 29.6388 -7.10854 -8.34287 -8.64153 -27.7369 -0.554498 46.1522 -26.8162 10.0634 5.74659 2.65297 0 0 0 0.368326 2.5865 0 0 0 0 0 0 2.384 303 52 1 1 0
./complex_md-fit_757.pdb BC A 7.13381 31.7434 -10.8645 -7.23668 -8.35528 -25.5405 -0.720479 42.3772 -24.8383 2.98324 6.71836 3.53631 0 0 0 0.211672 2.45864 2.77556e-17 0 0 0 0 0 2.384 303 45 0 0 0
./complex_md-fit_758.pdb BC A 7.17682 26.4693 -5.74424 -5.74024 -7.59172 -26.9804 -0.706399 44.3355 -26.2553 6.33533 7.52511 3.07732 0 0 0 0.22486 3.05237 0.0316856 0 0 0 0 0 2.384 303 49 1 1 0
./complex_md-fit_759.pdb BC A 9.84298 33.3046 -9.10226 -7.38837 -10.9968 -26.408 -0.565415 45.9944 -25.3938 5.38704 6.85145 3.20705 0 0 0 0.203908 3.67911 0 0 0 0 0 0.00622245 2.384 303 52 1 1 0
./complex_md-fit_75.pdb BC A 7.97664 35.1853 -11.2901 -9.61041 -7.96187 -25.0357 -0.677053 41.6169 -25.0313 4.01469 7.20108 3.99145 0 0 0 0.20201 2.63109 0 0 0 0 0 0 2.384 303 47 0 0 0
./complex_md-fit_760.pdb BC A 6.77586 32.6291 -9.22189 -7.37607 -9.17139 -26.9044 -0.632281 45.5571 -26.0506 5.33281 6.0173 3.64245 0 0 0 0.36325 3.89488 -5.55112e-17 0 0 0 0 0 2.384 303 48 0 0 0
./complex_md-fit_761.pdb BC A 8.35552 27.2133 -10.2223 -6.58748 -9.1449 -27.4963 -0.620322 46.5341 -27.0976 5.79437 5.60946 2.5584 0 0 0 0.227877 3.68686 0 0 0 0 0 0 2.384 303 47 1 1 0
./complex_md-fit_762.pdb BC A 7.65642 32.4105 -12.7586 -8.14794 -9.50787 -26.8185 -0.774047 43.5174 -26.1968 5.38756 6.07883 2.98478 0 0 0 0.690738 3.0455 0.0273064 0 0 0 0 0 2.384 303 49 1 1 0
./complex_md-fit_763.pdb BC A 10.1296 28.4373 -6.79912 -7.21399 -8.8342 -25.6399 -0.59647 43.9927 -24.3406 5.83789 7.26633 2.5049 0 0 0 0.224269 2.56682 0 0 0 0 0 0 2.384 303 51 1 1 0
./complex_md-fit_764.pdb BC A 5.66587 31.2667 -14.8422 -9.4448 -11.0953 -26.6318 -0.75588 44.1189 -25.4306 4.5347 7.4555 2.23771 0 0 0 0.16949 2.97003 0 0 0 0 0 0 2.384 303 49 1 1 0
./complex_md-fit_765.pdb BC A 8.57542 25.5777 -11.6067 -8.48155 -9.3522 -26.9036 -0.646382 44.949 -26.1663 3.77386 8.01077 2.75297 0 0 0 0.410317 3.58494 0.0464458 0 0 0 0 0 2.384 303 52 0 0 0
./complex_md-fit_766.pdb BC A 7.97696 31.0508 -10.8126 -9.70054 -7.50989 -25.456 -0.563191 42.9441 -24.5767 3.74378 7.4655 2.5905 0 0 0 0.249895 2.41087 5.55112e-17 0 0 0 0 0 2.384 303 45 0 0 0
./complex_md-fit_767.pdb BC A 9.51152 28.514 -5.8016 -7.13017 -9.03456 -26.8354 -0.684374 45.4632 -25.6759 8.25525 6.42786 3.16602 0 0 0 0.246496 2.47607 0 0 0 0 0 0 2.384 303 49 1 1 0
./complex_md-fit_768.pdb BC A 6.64883 30.5704 -10.9632 -8.42059 -8.89379 -26.7434 -0.547255 44.3118 -25.9056 4.22111 6.99537 3.87918 0 0 0 0.140033 2.66007 0 0 0 0 0 0 2.384 303 49 1 1 0
./complex_md-fit_769.pdb BC A 6.7666 35.2632 -11.3159 -7.60229 -8.31497 -26.1346 -0.470773 43.5673 -25.4295 3.72951 5.75385 3.13803 0 0 0 0.431568 2.90306 0.0160719 0 0 0 0 0 2.384 303 44 1 1 0
./complex_md-fit_76.pdb BC A 8.80288 33.6561 -9.19688 -8.15358 -8.77149 -26.7045 -0.616436 45.2338 -26.4606 5.10182 7.97652 2.52501 0 0 0 0.590679 2.48456 0.0818583 0 0 0 0 0 2.384 303 52 0 0 0
./complex_md-fit_770.pdb BC A 7.01225 32.0831 -12.8945 -8.20038 -9.90631 -26.4296 -0.534466 43.534 -25.7081 3.97788 6.12794 3.9727 0 0 0 0.271906 2.77981 0 0 0 0 0 0 2.384 303 48 0 0 0
./complex_md-fit_771.pdb BC A 7.41228 30.5486 -14.8296 -8.09599 -12.4653 -25.1724 -0.705334 41.313 -24.5858 5.77715 5.86742 3.11565 0 0 0 0.12196 3.547 0 0 0 0 0 2.22045e-16 2.384 303 49 0 0 0
./complex_md-fit_772.pdb BC A 8.09177 30.9051 -8.91752 -7.24537 -7.84039 -24.5265 -0.554827 41.3812 -24.2942 4.87166 6.35401 2.74276 0 0 0 0.194116 2.90064 -1.11022e-16 0 0 0 0 0 2.384 303 45 1 1 0
./complex_md-fit_773.pdb BC A 6.35995 30.6443 -6.75067 -7.13904 -8.29863 -25.6049 -0.66739 43.9138 -24.974 5.30573 6.07716 4.01295 0 0 0 0.623634 2.80821 0 0 0 0 0 0 2.384 303 47 1 1 0
./complex_md-fit_774.pdb BC A 6.21196 24.4132 -10.3499 -5.71999 -9.76665 -25.1947 -0.565302 42.6745 -24.1588 3.3112 6.4275 2.48349 0 0 0 0.158874 4.24925 0 0 0 0 0 0 2.384 303 48 0 0 0
./complex_md-fit_775.pdb BC A 7.98983 38.1426 -12.9117 -9.24249 -9.82436 -26.2368 -0.615478 42.4664 -25.6108 3.26899 8.97557 3.8125 0 0 0 0.0947255 2.82555 5.55112e-17 0 0 0 0 0 2.384 303 50 0 0 0
./complex_md-fit_776.pdb BC A 6.61565 32.8007 -10.4829 -8.75791 -9.20212 -25.7098 -0.541767 42.6136 -25.3923 6.99312 5.91599 3.41425 0 0 0 0.15287 3.08743 0.0312147 0 0 0 0 0 2.384 303 52 3 3 0
./complex_md-fit_777.pdb BC A 8.62532 33.0435 -12.0312 -7.59364 -11.9644 -26.3006 -0.614791 43.7534 -25.9411 5.09936 8.31309 3.00184 0 0 0 0.215511 2.79438 0 0 0 0 0 0 2.384 303 51 0 0 0
./complex_md-fit_778.pdb BC A 6.27948 35.6981 -9.52999 -7.8461 -9.80838 -26.3502 -0.67254 45.0566 -25.234 5.96665 5.92211 3.26788 0 0 0 0.116794 2.76165 0.0511092 0 0 0 0 0 2.384 303 50 2 2 0
./complex_md-fit_779.pdb BC A 8.99162 33.1569 -11.1894 -8.09749 -9.47706 -26.9475 -0.74422 45.6192 -25.9995 5.24991 6.09913 2.76209 0 0 0 0.346073 2.87028 0 0 0 0 0 0 2.384 303 50 0 0 0
./complex_md-fit_77.pdb BC A 8.14348 32.0986 -8.79824 -7.48908 -7.26227 -27.1969 -0.701559 45.6867 -27.3916 4.34268 8.75109 2.2922 0 0 0 0.170433 3.10647 0 0 0 0 0 0 2.384 303 53 0 0 0
./complex_md-fit_780.pdb BC A 7.2161 39.2109 -4.95594 -6.45325 -7.27938 -25.7573 -0.626066 42.8217 -25.2329 4.23849 8.20258 4.98211 0 0 0 0.148043 2.68233 0 0 0 0 0 0 2.384 303 48 0 0 0
./complex_md-fit_781.pdb BC A 6.62319 29.1512 -7.92261 -6.04815 -6.46545 -25.2867 -0.431087 42.1584 -24.3404 2.97873 6.5143 2.91002 0 0 0 0.0877425 2.72711 0 0 0 0 0 0 2.384 303 49 0 0 0
./complex_md-fit_782.pdb BC A 7.24479 29.2214 -5.20127 -5.43751 -7.74025 -25.179 -0.617821 43.3144 -24.447 5.02959 7.2555 2.5016 0 0 0 0.0775652 2.46647 0.0415718 0 0 0 0 0 2.384 303 50 0 0 0
./complex_md-fit_783.pdb BC A 8.44483 35.5924 -9.11386 -7.8804 -7.83818 -26.3224 -0.382555 44.9517 -25.5209 5.05643 5.14965 3.4695 0 0 0 0.20163 2.56464 0.00161064 0 0 0 0 0 2.384 303 52 0 0 0
./complex_md-fit_784.pdb BC A 7.73571 32.835 -8.73817 -6.06993 -9.33915 -25.0772 -0.388806 42.61 -24.5519 4.65201 6.65624 2.57959 0 0 0 0.190925 2.89977 0 0 0 0 0 0 2.384 303 47 1 1 0
./complex_md-fit_785.pdb BC A 7.30631 32.2645 -10.1692 -8.27436 -8.71735 -26.6477 -0.555029 44.5547 -25.9972 3.92225 7.67871 3.45862 0 0 0 0.408109 3.45218 0 0 0 0 0 0 2.384 303 50 0 0 0
./complex_md-fit_786.pdb BC A 8.70432 24.1259 -0.436896 -4.98874 -6.97934 -25.337 -0.532436 43.8677 -24.4901 7.96564 5.78364 4.15354 0 0 0 0.120286 2.59423 0 0 0 0 0 0 2.384 303 47 1 1 0
./complex_md-fit_787.pdb BC A 8.68462 31.8353 -7.88832 -7.39308 -8.27814 -26.085 -0.439772 43.9511 -25.3919 5.76664 6.25923 3.47144 0 0 0 0.238232 3.19511 0.0129102 0 0 0 0 0 2.384 303 50 2 2 0
./complex_md-fit_788.pdb BC A 6.99892 32.0886 -10.9862 -7.53821 -6.74795 -26.2236 -0.374518 43.2063 -25.9918 2.83653 6.16629 3.46546 0 0 0 0.215276 3.21854 0 0 0 0 0 0 2.384 303 50 0 0 0
./complex_md-fit_789.pdb BC A 8.46517 34.4054 -4.88281 -6.787 -9.69763 -27.5365 -0.367751 47.3257 -26.006 8.02523 6.26089 3.22166 0 0 0 0.678539 4.25359 0 0 0 0 0 2.22045e-16 2.384 303 52 2 2 0
./complex_md-fit_78.pdb BC A 7.29646 27.2717 -8.06448 -6.31027 -8.12752 -27.3291 -0.6508 45.0774 -27.4016 5.59768 7.88711 2.84962 0 0 0 0.343032 3.30227 0 0 0 0 0 0 2.384 303 47 1 1 0
./complex_md-fit_790.pdb BC A 12.2248 28.9927 -14.2519 -8.13465 -9.78638 -26.4472 -0.493217 43.3732 -25.7744 4.22606 6.39354 2.17128 0 0 0 0.219965 2.31311 0 0 0 0 0 0 2.384 303 50 0 0 0
./complex_md-fit_791.pdb BC A 8.63295 26.5438 -4.2541 -5.78501 -7.82026 -25.4232 -0.556741 43.4369 -24.4186 7.34864 6.23397 2.48245 0 0 0 0.247708 3.78875 0 0 0 0 0 0 2.384 303 47 1 1 0
./complex_md-fit_792.pdb BC A 6.35482 33.8432 -2.87035 -7.30497 -5.59488 -26.1845 -0.399704 43.7914 -25.5092 7.8797 6.73534 3.53334 0 0 0 0.18318 3.08679 0 0 0 0 0 0 2.384 303 47 3 3 0
./complex_md-fit_793.pdb BC A 7.68898 35.4404 -5.14278 -5.44723 -6.80285 -26.3055 -0.506068 44.0089 -25.8062 6.33369 5.84007 3.19517 0 0 0 0.323174 2.32575 0.0240794 0 0 0 0 0 2.384 303 47 2 2 0
./complex_md-fit_794.pdb BC A 8.34134 36.5317 -5.55721 -6.861 -6.40026 -25.9448 -0.627193 44.1414 -25.2876 4.80333 6.67526 3.72758 0 0 0 0.216146 2.56462 0 0 0 0 0 0 2.384 303 47 1 1 0
./complex_md-fit_795.pdb BC A 7.41077 30.6894 -7.02588 -8.01421 -8.39451 -25.2217 -0.638019 42.2804 -24.2433 6.58677 6.55327 3.886 0 0 0 0.179503 3.59734 0 0 0 0 0 0 2.384 303 45 0 0 0
./complex_md-fit_796.pdb BC A 8.57539 26.992 -8.4534 -6.91529 -8.5107 -25.2245 -0.669985 42.4992 -24.219 5.3783 6.63795 2.49529 0 0 0 0.0753529 3.01042 0 0 0 0 0 0 2.384 303 49 1 1 0
./complex_md-fit_797.pdb BC A 8.08326 31.9068 -11.1506 -7.27471 -9.26312 -25.8586 -0.789269 43.0842 -25.5041 5.22238 6.68963 2.32316 0 0 0 0.21985 2.84616 0 0 0 0 0 0 2.384 303 47 1 1 0
./complex_md-fit_798.pdb BC A 9.91185 26.7604 -9.12356 -6.791 -6.59211 -24.6283 -0.610627 40.1095 -24.3108 4.11388 5.58785 3.69901 0 0 0 0.299057 2.7969 0 0 0 0 0 0 2.384 303 46 1 1 0
./complex_md-fit_799.pdb BC A 8.04409 25.4905 -11.293 -7.56422 -8.16148 -25.4364 -0.620375 41.5538 -24.8667 4.38849 6.27474 2.93904 0 0 0 0.200094 2.06939 0 0 0 0 0 0 2.384 303 47 1 1 0
./complex_md-fit_79.pdb BC A 8.67577 34.5134 -11.8993 -8.20791 -8.5604 -25.2431 -0.649431 41.0615 -25.4316 4.31485 8.93936 1.48589 0 0 0 0.391448 2.2328 1.11022e-16 0 0 0 0 0 2.384 303 50 0 0 0
./complex_md-fit_7.pdb BC A 6.74202 19.8574 -10.8445 -4.9681 -7.90267 -26.5739 -0.680712 42.765 -27.6005 3.31002 7.18896 3.49111 0 0 0 0.126321 2.30049 0 0 0 0 0 0 2.384 303 52 0 0 0
./complex_md-fit_800.pdb BC A 7.74812 22.7496 -3.36704 -6.16989 -6.56443 -25.1578 -0.719975 43.6882 -24.3465 5.895 5.8743 3.57719 0 0 0 0.510105 3.6545 0.0466787 0 0 0 0 0 2.384 303 47 1 1 0
./complex_md-fit_801.pdb BC A 7.41305 29.2289 -10.5582 -6.67714 -7.56119 -24.8946 -0.63659 40.268 -24.2077 3.47507 6.24169 3.05801 0 0 0 0.376228 2.65795 0 0 0 0 0 -2.22045e-16 2.384 303 45 0 0 0
./complex_md-fit_802.pdb BC A 7.97884 28.7958 -8.1999 -7.85891 -9.46126 -26.4458 -0.5607 44.2394 -25.6042 7.88814 6.09153 3.21318 0 0 0 0.259517 4.17129 0.0392489 0 0 0 0 0 2.384 303 46 2 2 0
./complex_md-fit_803.pdb BC A 7.34534 27.2931 -7.822 -7.07549 -9.92828 -26.2412 -0.726857 45.6583 -24.7697 5.44882 7.23438 2.52347 0 0 0 0.0545248 2.77998 5.55112e-17 0 0 0 0 0 2.384 303 50 0 0 0
./complex_md-fit_804.pdb BC A 9.17643 32.3289 -11.11 -7.02792 -8.74628 -27.3827 -0.563901 46.4059 -26.6289 3.31613 6.68061 2.75143 0 0 0 0.0856431 3.02893 0 0 0 0 0 0 2.384 303 50 0 0 0
./complex_md-fit_805.pdb BC A 10.5956 25.2959 -10.194 -7.11623 -10.3169 -26.0766 -0.537642 44.2779 -25.29 4.77839 6.89211 2.70743 0 0 0 0.487472 2.67618 0 0 0 0 0 0 2.384 303 51 0 0 0
./complex_md-fit_806.pdb BC A 7.01561 35.1616 -10.1167 -7.88504 -10.1622 -25.668 -0.436499 43.5702 -24.5078 3.81816 6.47689 4.43356 0 0 0 0.24408 3.20575 0 0 0 0 0 0 2.384 303 50 0 0 0
./complex_md-fit_807.pdb BC A 7.223 34.6873 -7.01642 -6.40833 -7.53899 -25.6164 -0.565875 43.3767 -24.8073 5.32084 6.3618 2.74515 0 0 0 0.115946 2.35113 0 0 0 0 0 0 2.384 303 50 0 0 0
./complex_md-fit_808.pdb BC A 8.24593 34.1461 -6.64386 -6.23254 -7.54728 -25.5997 -0.560507 43.9966 -24.5746 3.31396 7.19583 3.1499 0 0 0 0.214481 2.78293 -5.55112e-17 0 0 0 0 0 2.384 303 47 0 0 0
./complex_md-fit_809.pdb BC A 9.41606 27.3929 -12.6789 -7.97516 -10.4196 -25.8863 -0.63186 43.3239 -24.826 4.44805 6.26087 2.85804 0 0 0 0.169153 2.41039 0 0 0 0 0 0 2.384 303 49 1 1 0
./complex_md-fit_80.pdb BC A 7.01977 29.5415 -11.844 -5.60183 -8.4875 -28.1808 -0.708113 42.8307 -29.6404 6.1608 8.34201 3.32295 0 0 0 0.078745 2.6749 0.0395417 0 0 0 0 0 2.384 303 47 0 0 0
./complex_md-fit_810.pdb BC A 8.20048 27.9982 -7.53428 -7.46743 -7.81783 -26.5962 -0.577696 45.4487 -25.4854 3.13668 7.20004 4.26729 0 0 0 0.357674 2.95237 -5.55112e-17 0 0 0 0 0 2.384 303 50 0 0 0
./complex_md-fit_811.pdb BC A 7.15897 24.1155 -10.1823 -8.05175 -8.25225 -25.8539 -0.706024 43.0682 -25.2622 4.42953 7.1169 2.96801 0 0 0 0.361226 2.5105 0 0 0 0 0 0 2.384 303 48 0 0 0
./complex_md-fit_812.pdb BC A 7.73594 32.8235 -7.12781 -7.63354 -9.28608 -26.2423 -0.778798 43.0515 -25.3408 5.52833 9.28754 4.16555 0 0 0 0.120823 3.33206 1.11022e-16 0 0 0 0 0 2.384 303 50 1 1 0
./complex_md-fit_813.pdb BC A 6.21981 43.6063 -13.081 -8.63975 -8.33827 -27.1663 -0.6347 44.9573 -26.6706 3.80783 6.58701 2.81486 0 0 0 0.170958 2.38821 0.0306093 0 0 0 0 0 2.384 303 52 1 1 0
./complex_md-fit_814.pdb BC A 9.25694 37.2778 -4.73751 -5.62052 -8.20078 -26.1892 -0.77485 44.0185 -25.1891 5.28665 7.65902 3.91949 0 0 0 0.313321 3.32476 0.0400152 0 0 0 0 0 2.384 303 46 0 0 0
./complex_md-fit_815.pdb BC A 8.48366 35.5182 -9.36426 -6.42128 -9.7078 -26.6697 -0.528173 45.0762 -25.9054 5.5159 5.79884 3.06554 0 0 0 0.41156 2.60086 0 0 0 0 0 0 2.384 303 47 1 1 0
./complex_md-fit_816.pdb BC A 7.29302 31.9477 -8.66157 -9.623 -6.40978 -27.5759 -0.768616 46.8157 -26.3503 4.44823 6.46189 4.16697 0 0 0 0.173237 3.74401 0 0 0 0 0 -2.22045e-16 2.384 303 49 1 1 0
./complex_md-fit_817.pdb BC A 7.23272 31.6967 -8.80859 -9.01749 -8.68463 -26.7306 -0.472765 45.0246 -25.7417 6.36826 6.75497 3.4776 0 0 0 0.213231 3.23101 0 0 0 0 0 0 2.384 303 46 1 1 0
./complex_md-fit_818.pdb BC A 8.57884 39.7196 -4.74244 -5.7361 -6.98587 -25.7419 -0.510194 44.9329 -25.2126 3.68634 6.62707 3.91069 0 0 0 0.250912 3.00451 0.0362672 0 0 0 0 0 2.384 303 48 1 1 0
./complex_md-fit_819.pdb BC A 6.79582 37.2822 -7.85347 -6.70704 -7.02607 -26.7077 -0.560684 43.2008 -25.6601 7.08907 5.36948 2.5533 0 0 0 0.595486 2.9285 0 0 0 0 0 0 2.384 303 48 2 2 0
./complex_md-fit_81.pdb BC A 9.32995 26.4207 -6.75646 -5.21222 -6.75759 -26.3326 -0.575561 43.8425 -27.0078 5.99217 5.87238 2.74675 0 0 0 0.675468 4.4229 0 0 0 0 0 0 2.384 303 51 1 0 1
./complex_md-fit_820.pdb BC A 6.73973 31.0893 -13.5943 -8.92605 -9.20968 -26.5639 -0.706899 44.1269 -25.8117 3.93904 5.38788 3.65776 0 0 0 0.475001 3.22419 0.0373731 0 0 0 0 0 2.384 303 49 0 0 0
./complex_md-fit_821.pdb BC A 7.07934 25.8265 -13.1543 -7.90928 -9.86176 -26.5817 -0.687172 44.5652 -25.8332 5.26151 5.86805 1.8541 0 0 0 0.170071 3.21614 0 0 0 0 0 0 2.384 303 55 1 1 0
./complex_md-fit_822.pdb BC A 10.4707 27.2675 -7.75196 -6.26463 -9.26325 -25.5774 -0.737291 42.0568 -25.0653 7.25277 5.81708 3.8213 0 0 0 0.207858 2.99951 0 0 0 0 0 0 2.384 303 49 1 1 0
./complex_md-fit_823.pdb BC A 7.64265 28.6873 -11.0925 -7.41255 -9.34709 -24.9957 -0.791077 41.3513 -24.4275 5.2221 5.43124 3.62493 0 0 0 0.251924 2.60741 0 0 0 0 0 0 2.384 303 50 0 0 0
./complex_md-fit_824.pdb BC A 9.09926 31.1429 -19.1312 -9.41892 -11.906 -26.4578 -0.541231 42.825 -26.2516 4.33998 6.17903 1.78259 0 0 0 0.269161 4.22826 0.0485419 0 0 0 0 0 2.384 303 49 0 0 0
./complex_md-fit_825.pdb BC A 8.63479 24.7074 -10.5909 -7.00254 -9.15296 -26.417 -0.564847 43.5881 -25.584 5.38036 5.85486 3.24613 0 0 0 0.0610524 2.80812 0 0 0 0 0 0 2.384 303 51 1 1 0
./complex_md-fit_826.pdb BC A 7.93676 31.5034 -5.36712 -5.52078 -8.01319 -24.794 -0.70097 42.6043 -23.9575 7.04219 5.00714 2.8762 0 0 0 0.0895172 2.93148 0 0 0 0 0 0 2.384 303 50 0 0 0
./complex_md-fit_827.pdb BC A 10.486 27.124 -12.9463 -6.45488 -9.32434 -25.0283 -0.489625 40.8251 -24.622 4.68287 4.91827 2.298 0 0 0 0.248671 2.70135 0 0 0 0 0 0 2.384 303 49 1 1 0
./complex_md-fit_828.pdb BC A 6.05501 26.904 -14.0084 -7.09159 -11.6196 -25.4368 -0.646908 41.0019 -24.7788 4.10294 6.18096 4.05128 0 0 0 0.228297 3.17659 0 0 0 0 0 0 2.384 303 49 1 1 0
./complex_md-fit_829.pdb BC A 6.94955 35.9308 -11.7938 -7.99757 -11.4203 -26.0383 -0.564315 42.6074 -25.0793 7.9904 4.69719 3.59526 0 0 0 0.415854 2.74377 0 0 0 0 0 0 2.384 303 47 4 4 0
./complex_md-fit_82.pdb BC A 7.88972 35.4872 -4.90972 -5.67282 -6.37924 -27.2435 -0.751161 45.4331 -28.2367 6.68131 8.04049 2.98044 0 0 0 0.238317 4.4641 0 0 0 0 0 0 2.384 303 52 2 2 0
./complex_md-fit_830.pdb BC A 8.16089 29.3742 -8.55801 -6.76181 -7.71264 -24.489 -0.714022 41.2545 -24.1079 2.95197 7.13981 3.72419 0 0 0 0.125587 2.71351 0.0313393 0 0 0 0 0 2.384 303 46 0 0 0
./complex_md-fit_831.pdb BC A 6.41552 30.7866 -6.32912 -7.80038 -8.65459 -23.9801 -0.593195 40.7942 -23.4675 6.45998 6.81437 3.98851 0 0 0 0.10959 2.32562 5.55112e-17 0 0 0 0 0 2.384 303 45 2 2 0
./complex_md-fit_832.pdb BC A 8.15135 32.8951 -11.1009 -8.34501 -7.99654 -26.0636 -0.60458 43.3356 -25.1279 5.93123 5.60876 1.93741 0 0 0 0.223754 3.25435 0 0 0 0 0 0 2.384 303 47 3 3 0
./complex_md-fit_833.pdb BC A 7.04442 24.7466 -14.4035 -7.96866 -7.99361 -26.7491 -0.653619 44.0402 -26.3322 3.4268 4.93815 2.76413 0 0 0 0.124385 3.99008 0 0 0 0 0 0 2.384 303 49 0 0 0
./complex_md-fit_834.pdb BC A 7.17638 28.9255 -6.30445 -5.61407 -7.42594 -25.2576 -0.698901 43.3759 -24.3884 4.78223 5.35469 3.50156 0 0 0 0.0661286 2.71197 0 0 0 0 0 0 2.384 303 49 0 0 0
./complex_md-fit_835.pdb BC A 7.60004 33.2362 -6.89108 -5.2305 -8.30489 -26.1356 -0.641461 43.5776 -25.4387 4.9305 6.91443 3.18504 0 0 0 0.252456 3.12651 0 0 0 0 0 0 2.384 303 51 0 0 0
./complex_md-fit_836.pdb BC A 8.42924 24.4819 -2.33033 -3.9264 -7.07464 -25.3591 -0.631854 43.4898 -24.5306 6.56033 6.02016 3.01601 0 0 0 0.105909 2.85951 0 0 0 0 0 0 2.384 303 49 1 1 0
./complex_md-fit_837.pdb BC A 8.66716 34.148 -10.091 -7.65043 -8.27115 -26.12 -0.474995 43.0511 -24.8554 3.07007 6.76686 4.05574 0 0 0 0.311727 3.18215 0.0254979 0 0 0 0 0 2.384 303 53 0 0 0
./complex_md-fit_838.pdb BC A 8.64784 26.2654 -9.20687 -7.44583 -8.29444 -26.2319 -0.667833 43.3127 -25.4596 5.1376 6.20101 3.95538 0 0 0 0.243963 3.11769 0.0420886 0 0 0 0 0 2.384 303 46 0 0 0
./complex_md-fit_839.pdb BC A 8.56917 30.6226 -3.0589 -4.69381 -6.97929 -26.1292 -0.47467 45.5461 -24.9624 4.76107 6.15258 3.38962 0 0 0 0.331076 3.68754 0 0 0 0 0 0 2.384 303 52 1 1 0
./complex_md-fit_83.pdb BC A 7.75473 32.0554 -6.23111 -7.11954 -8.04673 -26.5735 -0.613762 45.9907 -26.0766 5.81648 7.2149 2.4857 0 0 0 0.664307 4.03504 0.026929 0 0 0 0 -2.22045e-16 2.384 303 49 1 1 0
./complex_md-fit_840.pdb BC A 8.08751 29.3464 -3.83468 -6.34743 -4.20767 -25.648 -0.686107 43.5357 -24.8991 4.47796 7.01673 2.57455 0 0 0 0.348658 3.12724 0 0 0 0 0 0 2.384 303 49 0 0 0
./complex_md-fit_841.pdb BC A 6.65513 26.0955 -6.44812 -5.61907 -7.27259 -25.0102 -0.65954 41.7936 -24.2656 4.79323 5.85946 3.56648 0 0 0 0.319483 2.86398 0.0466638 0 0 0 0 0 2.384 303 48 1 1 0
./complex_md-fit_842.pdb BC A 6.51235 30.019 -6.58278 -6.64713 -6.7951 -24.4651 -0.594652 41.951 -23.2603 4.9248 6.28502 1.94118 0 0 0 0.0775295 2.47525 0 0 0 0 0 0 2.384 303 50 0 0 0
./complex_md-fit_843.pdb BC A 6.99514 27.8561 -13.9984 -8.03395 -9.71142 -25.0924 -0.682051 40.8058 -24.2009 4.07666 5.47587 3.12303 0 0 0 0.240847 2.89076 0 0 0 0 0 0 2.384 303 48 0 0 0
./complex_md-fit_844.pdb BC A 8.66346 33.4218 -9.71836 -5.35619 -8.92511 -24.8939 -0.593913 40.9816 -23.5103 2.95716 6.66889 2.85145 0 0 0 0.0902531 2.48449 0.0117105 0 0 0 0 0 2.384 303 46 0 0 0
./complex_md-fit_845.pdb BC A 7.26525 29.0928 -8.69079 -7.45752 -8.2125 -25.6136 -0.671685 44.0546 -25.0773 4.39967 6.30593 3.17705 0 0 0 0.404541 2.98074 0 0 0 0 0 0 2.384 303 50 0 0 0
./complex_md-fit_846.pdb BC A 7.2011 31.3666 -10.8101 -6.32486 -8.03014 -26.4803 -0.629906 43.3437 -25.862 4.08714 5.67569 2.98581 0 0 0 0.399652 2.78836 0.0251023 0 0 0 0 0 2.384 303 46 1 1 0
./complex_md-fit_847.pdb BC A 7.05944 36.3528 -9.3407 -8.74064 -7.59286 -26.9744 -0.53186 45.1266 -25.9521 5.52511 5.86832 3.6866 0 0 0 0.244589 2.93409 0 0 0 0 0 0 2.384 303 52 1 1 0
./complex_md-fit_848.pdb BC A 8.12013 29.3888 -9.34458 -7.01369 -8.11092 -25.7171 -0.4722 42.9965 -25.2495 4.47185 6.65216 2.93861 0 0 0 0.159719 3.09125 -5.55112e-17 0 0 0 0 0 2.384 303 49 0 0 0
./complex_md-fit_849.pdb BC A 8.98629 32.243 -11.935 -6.9907 -8.09006 -25.1132 -0.717013 40.9884 -24.9858 4.32537 5.25176 3.00108 0 0 0 0.395252 3.14651 0 0 0 0 0 0 2.384 303 45 1 1 0
./complex_md-fit_84.pdb BC A 7.51096 34.9772 -7.10426 -6.08529 -5.90001 -25.3869 -0.623993 42.6814 -25.0029 3.15678 5.95061 3.74965 0 0 0 0.311674 2.44515 0.0447307 0 0 0 0 0 2.384 303 51 1 1 0
./complex_md-fit_850.pdb BC A 13.0458 24.1484 -12.1413 -7.53602 -10.9889 -25.1475 -0.536699 41.9462 -24.4313 4.2612 6.55025 3.56819 0 0 0 0.173328 2.78917 0 0 0 0 0 0 2.384 303 48 0 0 0
./complex_md-fit_851.pdb BC A 8.02878 28.5795 -3.76943 -6.2586 -5.11224 -26.0423 -0.485994 44.4334 -25.7004 6.12263 6.22487 2.88997 0 0 0 0.159216 5.10641 0 0 0 0 0 0 2.384 303 49 2 2 0
./complex_md-fit_852.pdb BC A 9.75357 34.0183 -6.5923 -7.75303 -5.13582 -25.8699 -0.62573 44.1212 -25.3665 4.95117 5.77381 2.97014 0 0 0 0.290548 2.76952 0.0517379 0 0 0 0 0 2.384 303 48 0 0 0
./complex_md-fit_853.pdb BC A 7.76062 31.6202 -9.47224 -8.23209 -9.64367 -25.4362 -0.622831 43.8035 -24.6053 4.79547 5.4959 4.08077 0 0 0 0.892206 2.62977 0 0 0 0 0 0 2.384 303 50 0 0 0
./complex_md-fit_854.pdb BC A 6.10262 29.196 -8.9609 -7.07703 -8.17444 -24.7238 -0.554058 41.6693 -23.7715 3.87291 5.44316 3.55398 0 0 0 0.800599 2.73844 0 0 0 0 0 0 2.384 303 49 0 0 0
./complex_md-fit_855.pdb BC A 8.55129 29.5594 -13.0559 -7.62901 -10.7149 -26.0066 -0.694162 43.3094 -25.5364 3.87641 6.60858 3.37258 0 0 0 0.31526 3.46905 0.0429523 0 0 0 0 0 2.384 303 47 0 0 0
./complex_md-fit_856.pdb BC A 8.52948 30.3325 -9.48136 -7.27402 -7.94399 -25.2457 -0.540838 41.4732 -24.752 4.87868 5.86852 3.38617 0 0 0 0.668639 3.76336 1.11022e-16 0 0 0 0 0 2.384 303 51 0 0 0
./complex_md-fit_857.pdb BC A 6.99094 30.6748 -4.5266 -4.94768 -6.19941 -24.1389 -0.488638 40.3895 -23.4427 5.2847 5.81843 2.95734 0 0 0 0.240698 2.77509 0 0 0 0 0 0 2.384 303 50 0 0 0
./complex_md-fit_858.pdb BC A 7.14013 29.1116 -6.36791 -6.18878 -6.45644 -24.8492 -0.642983 43.7562 -24.4555 4.18832 5.5259 2.60915 0 0 0 0.130735 3.00558 0.0147094 0 0 0 0 0 2.384 303 46 0 0 0
./complex_md-fit_859.pdb BC A 6.87182 34.274 -6.09653 -7.83106 -6.80922 -25.3265 -0.7116 43.0717 -24.4178 4.24558 7.48202 3.66475 0 0 0 0.535558 3.05849 0 0 0 0 0 0 2.384 303 49 0 0 0
./complex_md-fit_85.pdb BC A 7.91973 35.4134 -6.07187 -6.33091 -6.83668 -25.7312 -0.575508 42.985 -25.89 7.63059 5.79808 2.55699 0 0 0 0.321758 2.7271 -5.55112e-17 0 0 0 0 0 2.384 303 52 2 2 0
./complex_md-fit_860.pdb BC A 9.50598 29.0696 -13.4534 -8.31564 -7.61442 -25.5914 -0.708735 42.3358 -24.7843 1.74942 5.39478 3.60862 0 0 0 0.459182 2.92651 0.0132637 0 0 0 0 0 2.384 303 47 0 0 0
./complex_md-fit_861.pdb BC A 7.20336 33.4138 -8.06813 -6.61756 -8.69941 -24.7787 -0.725856 41.9847 -24.0058 5.11496 5.87526 3.57017 0 0 0 0.170221 3.3401 0.0438908 0 0 0 0 0 2.384 303 48 1 1 0
./complex_md-fit_862.pdb BC A 7.92485 38.608 -10.0558 -6.49911 -8.9235 -25.4303 -0.713889 43.1152 -24.9713 2.19183 7.69413 3.36372 0 0 0 0.117437 3.39071 0 0 0 0 0 0 2.384 303 48 0 0 0
./complex_md-fit_863.pdb BC A 8.17632 36.3654 -6.68398 -7.81366 -7.65367 -25.5913 -0.656603 44.3965 -24.7897 4.29787 5.7047 4.6096 0 0 0 0.812294 3.08638 0 0 0 0 0 0 2.384 303 50 0 0 0
./complex_md-fit_864.pdb BC A 6.90734 31.8369 -1.54948 -4.62948 -5.96718 -23.8218 -0.828802 42.3517 -22.6405 4.95727 5.11908 3.62232 0 0 0 0.287965 3.19857 0 0 0 0 0 0 2.384 303 49 1 1 0
./complex_md-fit_865.pdb BC A 6.75504 33.4454 -5.56746 -5.99091 -8.38878 -25.331 -0.675496 43.7179 -24.4071 5.31133 6.20916 3.79034 0 0 0 0.197078 3.78457 1.38778e-17 0 0 0 0 0 2.384 303 48 0 0 0
./complex_md-fit_866.pdb BC A 8.57915 36.3474 -7.58653 -4.93312 -9.65061 -25.2527 -0.747026 43.3864 -24.1297 5.37839 5.08014 2.64708 0 0 0 0.634654 3.89265 0 0 0 0 0 0 2.384 303 48 1 1 0
./complex_md-fit_867.pdb BC A 6.82689 33.8071 -8.53634 -5.55041 -9.09858 -24.834 -0.657782 41.6066 -24.0423 4.42859 6.7376 2.4364 0 0 0 0.437578 2.39081 0 0 0 0 0 0 2.384 303 48 1 1 0
./complex_md-fit_868.pdb BC A 6.73219 30.9946 -4.43673 -6.04777 -7.30588 -25.9342 -0.628438 45.8302 -24.9263 5.31362 5.70369 3.2571 0 0 0 0.301307 2.95851 0 0 0 0 0 0 2.384 303 52 0 0 0
./complex_md-fit_869.pdb BC A 6.79782 37.5611 -11.585 -7.40021 -9.52874 -24.074 -0.726949 41.2705 -23.1893 2.81564 5.40916 3.53857 0 0 0 0.300415 2.97246 0 0 0 0 0 0 2.384 303 46 0 0 0
./complex_md-fit_86.pdb BC A 8.52961 33.1552 -11.5148 -7.80154 -9.55534 -26.0258 -0.796471 42.2803 -25.8636 5.05586 8.15146 2.66273 0 0 0 0.377603 2.42021 -2.77556e-17 0 0 0 0 0 2.384 303 46 0 0 0
./complex_md-fit_870.pdb BC A 11.9875 39.3084 -12.5846 -8.21549 -10.3965 -25.8938 -0.706415 43.2545 -25.2415 6.02858 5.34172 3.16773 0 0 0 0.0488855 3.8602 0.0276286 0 0 0 0 0 2.384 303 51 0 0 0
./complex_md-fit_871.pdb BC A 9.37057 31.1445 -12.562 -6.66154 -8.69245 -24.5539 -0.682668 41.0907 -24.1549 2.92747 5.56254 2.53869 0 0 0 0.0640924 4.37822 0 0 0 0 0 0 2.384 303 49 0 0 0
./complex_md-fit_872.pdb BC A 9.47116 34.7025 -5.77769 -6.48457 -6.87916 -24.6715 -0.568211 42.129 -23.8018 4.90662 6.37042 2.80672 0 0 0 0.414771 4.05023 0 0 0 0 0 0 2.384 303 47 1 1 0
./complex_md-fit_873.pdb BC A 9.04811 38.2809 -8.57177 -8.54997 -7.64232 -25.6516 -0.714879 43.0817 -25.0516 5.24339 6.63966 3.89448 0 0 0 0.189296 2.69246 -0.00992375 0 0 0 0 0 2.384 303 50 1 1 0
./complex_md-fit_874.pdb BC A 6.36423 32.0014 -11.3677 -9.68663 -10.7699 -26.2136 -0.929364 43.5443 -25.3439 6.22552 8.0602 3.51499 0 0 0 0.230779 2.84536 0 0 0 0 0 0 2.384 303 53 1 1 0
./complex_md-fit_875.pdb BC A 6.82654 38.3148 -15.7954 -9.98074 -13.3441 -25.2942 -0.873077 43.0179 -24.3339 4.19039 7.39134 3.28264 0 0 0 0.115825 3.70802 0.0324706 0 0 0 0 0 2.384 303 49 0 0 0
./complex_md-fit_876.pdb BC A 8.54188 36.7882 -12.8953 -8.71232 -9.96417 -25.8293 -0.710168 43.5769 -24.8981 2.2019 7.44135 3.81825 0 0 0 0.180409 2.96957 0 0 0 0 0 0 2.384 303 52 0 0 0
./complex_md-fit_877.pdb BC A 7.8049 33.1869 2.09122 -5.42627 -7.0537 -24.7181 -0.625226 43.3911 -24.1175 9.88832 6.81244 3.43244 0 0 0 0.507725 2.73556 0 0 0 0 0 0 2.384 303 51 2 2 0
./complex_md-fit_878.pdb BC A 7.83003 35.0098 -12.4761 -7.62834 -10.2402 -25.5195 -0.816382 43.2029 -24.5495 3.0918 7.11929 2.76457 0 0 0 0.0992517 3.92616 0 0 0 0 0 0 2.384 303 50 0 0 0
./complex_md-fit_879.pdb BC A 7.92914 34.7169 -9.28253 -8.37613 -10.2582 -26.6354 -0.808736 46.6296 -25.0596 2.87103 8.05028 3.53219 0 0 0 0.772493 2.66768 0 0 0 0 0 0 2.384 303 54 0 0 0
./complex_md-fit_87.pdb BC A 7.7852 25.193 -8.53273 -5.79256 -8.03337 -28.7073 -0.541038 47.7675 -29.3605 5.35098 7.63741 2.16224 0 0 0 0.983986 4.68339 -5.55112e-17 0 0 0 0 0 2.384 303 54 1 0 1
./complex_md-fit_880.pdb BC A 7.41417 31.4896 -11.1518 -6.09659 -9.48857 -25.2108 -0.566686 42.2607 -24.4358 3.0669 5.7423 3.3772 0 0 0 0.199525 2.78029 0 0 0 0 0 0 2.384 303 51 0 0 0
./complex_md-fit_881.pdb BC A 7.08167 29.7106 -4.31376 -6.06863 -7.04582 -25.4791 -0.769177 42.9135 -24.6346 5.62851 7.43512 3.46001 0 0 0 0.246387 2.43396 0 0 0 0 0 1.11022e-16 2.384 303 49 1 1 0
./complex_md-fit_882.pdb BC A 10.8807 36.6769 -6.08231 -6.87785 -7.62927 -24.8386 -0.639773 42.3991 -24.0427 6.61275 6.28975 2.45581 0 0 0 0.158621 3.33874 0.029819 0 0 0 0 0 2.384 303 48 1 1 0
./complex_md-fit_883.pdb BC A 8.67503 34.6841 -8.21689 -7.74255 -8.41211 -24.3708 -0.666811 41.0193 -23.4578 5.09018 6.48872 3.5681 0 0 0 0.221489 2.2594 0.0454731 0 0 0 0 0 2.384 303 47 1 1 0
./complex_md-fit_884.pdb BC A 7.8036 31.71 -13.2472 -9.42248 -10.8814 -25.5706 -0.692306 43.8094 -24.2002 4.53113 5.86755 3.10964 0 0 0 0.2021 2.994 0 0 0 0 0 0 2.384 303 50 0 0 0
./complex_md-fit_885.pdb BC A 8.81581 28.9566 -9.02768 -5.94175 -9.16358 -24.9225 -0.518855 43.2573 -23.8935 3.10231 5.33362 3.59399 0 0 0 0.125206 3.19056 0 0 0 0 0 0 2.384 303 50 0 0 0
./complex_md-fit_886.pdb BC A 11.418 32.0651 -8.18473 -6.43014 -7.10576 -25.7877 -0.634427 43.4118 -25.3613 5.20662 5.74017 2.61659 0 0 0 0.13807 2.56247 0.0213594 0 0 0 0 0 2.384 303 44 0 0 0
./complex_md-fit_887.pdb BC A 7.49582 34.4528 -8.07948 -6.95906 -8.56011 -24.8259 -0.548713 40.4463 -24.0757 5.44789 6.53737 4.16035 0 0 0 0.298124 3.23121 0 0 0 0 0 0 2.384 303 49 0 0 0
./complex_md-fit_888.pdb BC A 7.9751 30.6789 -12.0444 -8.64007 -10.2102 -26.0242 -0.655086 42.4235 -25.6649 5.40216 7.45249 3.51677 0 0 0 0.308103 2.97628 0.0470374 0 0 0 0 0 2.384 303 46 0 0 0
./complex_md-fit_889.pdb BC A 9.23397 35.6087 -8.48743 -8.94375 -9.45702 -25.2267 -0.500804 42.1797 -24.4041 7.76083 5.93606 3.55293 0 0 0 0.615435 4.17834 0 0 0 0 0 0 2.384 303 49 3 3 0
./complex_md-fit_88.pdb BC A 9.42413 31.1071 -12.8648 -7.21843 -7.95781 -26.8678 -0.640591 42.795 -27.3937 3.61337 7.53061 2.82362 0 0 0 0.451034 2.55344 0 0 0 0 0 0 2.384 303 50 0 0 0
./complex_md-fit_890.pdb BC A 8.03018 32.9103 -6.28794 -6.30632 -8.27463 -25.739 -0.759418 44.23 -24.9958 6.00841 7.07396 2.3117 0 0 0 0.133871 3.40549 0.0292355 0 0 0 0 0 2.384 303 51 0 0 0
./complex_md-fit_891.pdb BC A 9.13349 30.813 -11.6063 -6.74815 -7.76624 -25.6148 -0.670648 42.5006 -25.2776 2.21509 5.89212 3.35452 0 0 0 0.508691 2.55668 0 0 0 0 0 0 2.384 303 49 0 0 0
./complex_md-fit_892.pdb BC A 8.77717 36.9776 -5.59544 -6.52459 -7.68823 -25.864 -0.612005 44.3472 -25.3954 6.25141 6.84533 2.53201 0 0 0 0.512805 3.03264 0 0 0 0 0 0 2.384 303 46 0 0 0
./complex_md-fit_893.pdb BC A 7.15188 38.2095 -10.1994 -7.84577 -8.07467 -24.0287 -0.626745 39.4934 -23.7182 3.51171 6.73959 4.24361 0 0 0 0.106316 2.26217 0 0 0 0 0 0 2.384 303 46 0 0 0
./complex_md-fit_894.pdb BC A 5.60809 31.6233 -23.9462 -11.5359 -14.5983 -24.5869 -0.570306 39.1019 -23.9632 1.52459 7.2189 3.19592 0 0 0 0.26706 2.23266 0 0 0 0 0 0 2.384 303 50 0 0 0
./complex_md-fit_895.pdb BC A 8.10989 27.1837 -8.89763 -8.40374 -9.18405 -26.6347 -0.592582 45.7221 -25.8526 6.41972 6.58303 2.88632 0 0 0 0.158828 2.94017 0 0 0 0 0 0 2.384 303 49 0 0 0
./complex_md-fit_896.pdb BC A 9.00628 33.8751 -8.48858 -9.60079 -7.45588 -26.2794 -0.596414 43.6956 -25.7809 7.33382 7.1873 2.86981 0 0 0 0.108749 2.44483 0.0294813 0 0 0 0 0 2.384 303 47 1 1 0
./complex_md-fit_897.pdb BC A 7.29098 31.966 -12.5733 -7.57503 -9.10222 -25.2759 -0.550679 41.712 -24.6531 3.119 6.57507 3.12788 0 0 0 0.0495529 2.29034 0 0 0 0 0 0 2.384 303 45 0 0 0
./complex_md-fit_898.pdb BC A 9.07687 33.1835 -6.42494 -9.36251 -7.23961 -24.9214 -0.633397 42.6285 -23.823 5.92325 7.19631 3.64053 0 0 0 0.166385 2.50709 0 0 0 0 0 0 2.384 303 47 1 1 0
./complex_md-fit_899.pdb BC A 8.99411 39.6776 -6.78979 -4.81796 -9.40763 -25.1704 -0.730367 41.9932 -24.3904 3.31707 8.29552 3.98033 0 0 0 0.140752 2.91558 0 0 0 0 0 0 2.384 303 48 0 0 0
./complex_md-fit_89.pdb BC A 8.52721 35.5813 -9.78023 -6.28885 -6.86995 -26.52 -0.62777 42.6676 -27.562 5.69558 7.09379 2.47452 0 0 0 0.156769 3.83846 0 0 0 0 0 -1.11022e-16 2.384 303 47 1 1 0
./complex_md-fit_8.pdb BC A 6.11903 33.239 -4.70516 -5.78244 -7.42544 -25.6024 -0.742635 42.2894 -26.8563 6.47343 7.22281 5.22952 0 0 0 0.488869 2.49414 0 0 0 0 0 0 2.384 303 51 2 2 0
./complex_md-fit_900.pdb BC A 7.41409 29.6345 -8.06631 -6.97647 -7.58043 -23.9338 -0.674379 39.3328 -23.2655 5.4473 6.62844 2.84841 0 0 0 0.107368 2.11289 5.55112e-17 0 0 0 0 -2.22045e-16 2.384 303 41 0 0 0
./complex_md-fit_901.pdb BC A 7.08651 29.7158 -11.04 -6.13189 -8.34756 -23.6314 -0.748564 39.7334 -22.9798 1.77772 6.68706 2.47568 0 0 0 0.111703 1.98382 0.0136665 0 0 0 0 0 2.384 303 45 0 0 0
./complex_md-fit_902.pdb BC A 7.43362 31.4182 -10.027 -6.93627 -9.41958 -24.2341 -0.581999 40.3684 -23.5118 4.77183 6.02014 3.41769 0 0 0 0.0787695 2.43796 1.11022e-16 0 0 0 0 0 2.384 303 45 1 1 0
./complex_md-fit_903.pdb BC A 7.01837 35.7189 -3.23816 -6.05153 -6.88308 -24.2034 -0.500171 42.7001 -23.1982 4.6527 6.36085 3.78679 0 0 0 0.0978196 2.36298 0 0 0 0 0 0 2.384 303 46 0 0 0
./complex_md-fit_904.pdb BC A 7.01173 29.7573 -11.3091 -8.3583 -9.62563 -24.7674 -0.526029 41.2715 -23.5754 3.1773 8.00537 2.89444 0 0 0 0.195051 2.57798 0 0 0 0 0 0 2.384 303 42 0 0 0
./complex_md-fit_905.pdb BC A 7.94334 26.6227 -7.0569 -5.33751 -8.34722 -25.4862 -0.580741 43.977 -24.5086 4.13656 5.5964 3.07527 0 0 0 0.418158 2.695 0 0 0 0 0 0 2.384 303 44 0 0 0
./complex_md-fit_906.pdb BC A 7.43025 35.4925 -10.4699 -7.65051 -9.60808 -26.6667 -0.645442 44.7507 -26.0004 4.22212 6.26273 4.65774 0 0 0 0.207978 4.29404 0 0 0 0 0 0 2.384 303 49 2 2 0
./complex_md-fit_907.pdb BC A 6.4096 29.4948 -12.7422 -7.86801 -11.0828 -24.9332 -0.547923 40.6721 -24.1933 5.42553 5.72682 3.66453 0 0 0 0.394034 3.44696 0 0 0 0 0 0 2.384 303 48 0 0 0
./complex_md-fit_908.pdb BC A 9.77216 31.6568 -7.72381 -7.45204 -7.61635 -24.1864 -0.488425 40.7328 -23.8663 6.97538 5.75177 2.20376 0 0 0 0.221955 2.84067 0 0 0 0 0 0 2.384 303 49 1 1 0
./complex_md-fit_909.pdb BC A 9.15796 31.2358 -8.34854 -7.06898 -8.86259 -24.7046 -0.73316 39.9259 -24.7522 7.25843 7.24428 2.92587 0 0 0 0.418486 4.04662 0 0 0 0 0 0 2.384 303 47 2 2 0
./complex_md-fit_90.pdb BC A 10.4195 22.1046 -14.6854 -7.71344 -9.04621 -25.9716 -0.61897 40.1774 -27.1854 4.78242 8.23741 2.41355 0 0 0 0.239376 2.70744 0 0 0 0 0 0 2.384 303 47 0 0 0
./complex_md-fit_910.pdb BC A 7.27099 33.0802 -9.50309 -7.1964 -9.31595 -27.0044 -0.590696 45.1759 -26.6584 6.81159 6.11569 3.00481 0 0 0 0.154712 3.2702 0 0 0 0 0 -2.22045e-16 2.384 303 47 3 3 0
./complex_md-fit_911.pdb BC A 7.28459 29.1195 -12.0887 -8.02731 -9.04265 -23.9104 -0.549601 39.846 -23.2977 2.83228 6.37869 3.46315 0 0 0 0.218889 3.65425 0 0 0 0 0 0 2.384 303 47 0 0 0
./complex_md-fit_912.pdb BC A 8.43434 38.403 -13.238 -8.94789 -10.255 -26.1175 -0.62509 44.0728 -25.6891 5.82798 5.82401 2.49763 0 0 0 0.174114 3.38219 0 0 0 0 0 0 2.384 303 48 1 1 0
./complex_md-fit_913.pdb BC A 10.2955 38.037 -3.94982 -8.33237 -6.43787 -25.0591 -0.52977 42.1796 -24.6363 7.03557 7.2389 3.69167 0 0 0 0.899768 2.49686 -5.55112e-17 0 0 0 0 0 2.384 303 45 1 1 0
./complex_md-fit_914.pdb BC A 7.68989 41.0413 -7.33504 -5.88443 -8.47453 -24.8881 -0.492109 41.3097 -24.5217 6.21886 5.98709 3.30349 0 0 0 0.106684 2.26181 0 0 0 0 0 0 2.384 303 47 0 0 0
./complex_md-fit_915.pdb BC A 9.33923 35.9148 -9.25881 -7.4352 -6.77193 -25.9738 -0.591779 43.3506 -25.4652 4.38121 6.56763 2.47585 0 0 0 0.203826 2.80434 0 0 0 0 0 0 2.384 303 50 1 1 0
./complex_md-fit_916.pdb BC A 8.47171 31.6014 -8.08383 -8.18831 -7.89463 -25.9884 -0.685916 43.7124 -25.3185 5.61164 6.71991 3.85506 0 0 0 0.0928164 2.78373 -1.11022e-16 0 0 0 0 0 2.384 303 48 1 1 0
./complex_md-fit_917.pdb BC A 7.13791 24.6388 -6.05347 -6.12967 -7.93236 -25.7395 -0.583854 43.5322 -25.2081 7.74255 5.40472 2.74456 0 0 0 0.116049 3.57816 0 0 0 0 0 0 2.384 303 43 1 1 0
./complex_md-fit_918.pdb BC A 8.06207 29.4184 -12.8558 -6.15998 -8.91126 -25.4872 -0.561463 42.9062 -25.1952 1.01558 5.87251 3.45197 0 0 0 0.212993 2.706 0 0 0 0 0 0 2.384 303 48 0 0 0
./complex_md-fit_919.pdb BC A 6.94188 32.536 -14.3082 -8.76287 -10.5344 -25.1151 -0.769967 42.3473 -24.2502 2.74169 6.47404 3.35396 0 0 0 0.207283 2.34817 0 0 0 0 0 0 2.384 303 46 0 0 0
./complex_md-fit_91.pdb BC A 10.8172 34.9393 -9.71027 -6.61559 -5.92692 -25.2994 -0.579923 42.1986 -26.1236 3.65818 6.07414 2.58551 0 0 0 0.312273 2.9429 0 0 0 0 0 0.00645899 2.384 303 47 0 0 0
./complex_md-fit_920.pdb BC A 6.17652 39.6772 -6.48158 -9.57836 -7.82489 -25.5066 -0.786798 43.9278 -24.9463 7.38845 7.50339 3.08355 0 0 0 0.258191 2.99112 0 0 0 0 0 0 2.384 303 48 0 0 0
./complex_md-fit_921.pdb BC A 9.72076 35.766 -12.0267 -8.05025 -10.4769 -25.1544 -0.759145 43.1979 -24.3788 4.85878 5.9883 2.50278 0 0 0 0.206458 3.18357 0.038563 0 0 0 0 0 2.384 303 49 0 0 0
./complex_md-fit_922.pdb BC A 7.55906 32.8101 -4.88195 -7.7263 -6.33713 -25.4638 -0.673588 44.0757 -24.337 5.87767 6.30361 3.14702 0 0 0 0.237874 2.92897 0.013988 0 0 0 0 0 2.384 303 51 0 0 0
./complex_md-fit_923.pdb BC A 7.60698 24.7108 -7.05706 -7.1781 -8.16275 -24.6268 -0.644274 42.319 -23.8391 4.97188 6.06694 3.60077 0 0 0 0.389624 2.21131 0.0456236 0 0 0 0 0 2.384 303 49 1 1 0
./complex_md-fit_924.pdb BC A 8.11876 27.722 -8.02565 -6.15092 -8.29969 -24.0228 -0.578273 40.6385 -23.2213 3.30629 6.64322 3.45584 0 0 0 0.203451 2.23576 0 0 0 0 0 0 2.384 303 41 0 0 0
./complex_md-fit_925.pdb BC A 6.59322 35.6013 -11.3469 -8.74524 -8.3316 -24.2996 -0.688348 40.3556 -23.3599 4.1413 6.44936 2.94588 0 0 0 0.149641 2.72323 0.0359356 0 0 0 0 0 2.384 303 46 0 0 0
./complex_md-fit_926.pdb BC A 6.88083 36.7667 -5.89019 -6.2596 -6.10729 -23.7567 -0.822344 40.0095 -22.9506 5.37892 4.62896 3.82525 0 0 0 0.118893 2.40679 0.0447655 0 0 0 0 0 2.384 303 43 0 0 0
./complex_md-fit_927.pdb BC A 7.94972 32.6642 -6.40687 -5.12214 -6.962 -22.5066 -0.525394 39.302 -21.6156 3.52989 4.95013 2.51087 0 0 0 0.0319277 2.12074 0 0 0 0 0 0 2.384 303 47 0 0 0
./complex_md-fit_928.pdb BC A 7.13153 33.3489 -8.37442 -6.92824 -8.86965 -23.2188 -0.582224 39.9288 -22.4027 4.42421 6.47332 2.65902 0 0 0 0.141776 3.11305 0 0 0 0 0 0 2.384 303 45 0 0 0
./complex_md-fit_929.pdb BC A 6.9302 30.8884 -4.53251 -6.39427 -5.85002 -23.5376 -0.416132 40.5107 -22.3315 4.14463 5.94082 3.19686 0 0 0 0.204047 2.39678 0 0 0 0 0 0 2.384 303 46 0 0 0
./complex_md-fit_92.pdb BC A 9.62246 37.7433 -8.29692 -5.55211 -6.56358 -25.5913 -0.72721 41.6938 -26.3852 4.07318 7.86634 2.63211 0 0 0 0.257057 2.8682 0 0 0 0 0 0 2.384 303 49 0 0 0
./complex_md-fit_930.pdb BC A 8.00784 32.4099 -11.7094 -6.74806 -10.2042 -23.9573 -0.799967 40.3563 -22.8693 3.7324 5.50532 3.09428 0 0 0 0.166055 2.36345 0.0150311 0 0 0 0 0 2.384 303 47 0 0 0
./complex_md-fit_931.pdb BC A 7.42134 26.8956 -4.8199 -7.34929 -9.4301 -25.2458 -0.588289 43.6443 -24.2269 8.4652 5.96101 3.81829 0 0 0 0.128024 2.92104 0.00375696 0 0 0 0 0 2.384 303 52 1 1 0
./complex_md-fit_932.pdb BC A 9.90857 30.9185 -7.13758 -7.81991 -8.98263 -25.8174 -0.590288 44.8335 -25.2283 8.5613 5.12647 2.50798 0 0 0 0.271708 2.7034 0 0 0 0 0 0 2.384 303 48 3 3 0
./complex_md-fit_933.pdb BC A 6.44158 43.4395 -6.53077 -8.72881 -11.7616 -26.0884 -0.598533 45.0986 -24.5056 9.04383 6.98134 3.69537 0 0 0 0.299217 2.90148 0.033803 0 0 0 0 0 2.384 303 49 2 2 0
./complex_md-fit_934.pdb BC A 7.88587 36.7548 -3.54809 -5.73442 -7.13735 -25.9865 -0.462654 45.821 -24.8021 5.1858 6.60575 2.35672 0 0 0 0.619565 2.79204 -0.0139149 0 0 0 0 0 2.384 303 47 0 0 0
./complex_md-fit_935.pdb BC A 8.34079 28.6426 -6.25632 -7.03345 -9.02526 -24.9272 -0.448278 43.5253 -23.9473 4.84322 7.10413 3.43355 0 0 0 0.218987 2.72517 0 0 0 0 0 0 2.384 303 47 0 0 0
./complex_md-fit_936.pdb BC A 7.76959 30.4407 -3.69114 -4.6731 -8.90822 -25.1498 -0.666513 43.8552 -24.2111 6.27177 6.14723 2.49653 0 0 0 1.14687 2.64857 0 0 0 0 0 0 2.384 303 44 0 0 0
./complex_md-fit_937.pdb BC A 10.8378 37.4859 -10.2319 -8.01689 -8.43763 -24.8155 -0.600609 41.9432 -23.9466 2.97285 7.52626 2.76896 0 0 0 0.373964 2.50419 1.38778e-17 0 0 0 0 0 2.384 303 49 0 0 0
./complex_md-fit_938.pdb BC A 6.4212 35.4746 -5.81765 -7.31071 -8.91783 -25.007 -0.84032 43.98 -24.0576 6.14973 6.72003 3.03163 0 0 0 0.434397 2.90677 1.11022e-16 0 0 0 0 0 2.384 303 46 0 0 0
./complex_md-fit_939.pdb BC A 7.80871 32.4171 1.22626 -8.03902 -7.38284 -25.3896 -0.631151 44.8671 -24.4297 11.3969 6.81045 3.65878 0 0 0 0.365379 2.64408 2.77556e-17 0 0 0 0 0 2.384 303 46 4 4 0
./complex_md-fit_93.pdb BC A 10.4489 28.7051 -10.639 -7.50677 -7.2671 -25.7669 -0.641163 42.3765 -26.2916 3.94269 7.98285 2.0917 0 0 0 0.376349 2.75898 0.0645842 0 0 0 0 0 2.384 303 51 0 0 0
./complex_md-fit_940.pdb BC A 7.98624 35.1034 -10.1568 -9.68554 -10.4345 -26.321 -0.672344 45.0482 -25.4379 5.89667 7.13905 3.98743 0 0 0 0.323197 2.5507 0 0 0 0 0 0 2.384 303 49 1 1 0
./complex_md-fit_941.pdb BC A 6.58632 41.721 -9.05331 -8.65434 -9.62997 -26.2361 -0.649339 43.625 -25.2135 6.98013 6.83126 3.63138 0 0 0 0.262158 2.19607 5.55112e-17 0 0 0 0 0 2.384 303 48 3 3 0
./complex_md-fit_942.pdb BC A 7.39536 37.2155 -12.9769 -7.488 -12.702 -24.4159 -0.725508 42.1301 -23.279 3.06684 6.37414 3.92414 0 0 0 0.13831 2.50271 0 0 0 0 0 0 2.384 303 46 0 0 0
./complex_md-fit_943.pdb BC A 9.68592 23.2837 -7.85745 -7.72055 -7.40261 -24.8878 -0.77841 41.6972 -24.0705 5.49351 6.42342 3.22469 0 0 0 0.123271 3.63607 0.0403331 0 0 0 0 0 2.384 303 46 1 1 0
./complex_md-fit_944.pdb BC A 7.94466 36.925 -5.39535 -6.02563 -9.9925 -24.329 -0.633753 42.2183 -23.2555 5.95341 7.16233 3.0968 0 0 0 0.369158 2.46292 0.0410531 0 0 0 0 0 2.384 303 49 0 0 0
./complex_md-fit_945.pdb BC A 11.6354 31.2226 -11.7781 -8.32845 -11.4151 -25.5244 -0.803725 43.3133 -24.8582 6.0166 7.07266 2.6101 0 0 0 0.139071 2.96023 0 0 0 0 0 2.22045e-16 2.384 303 49 0 0 0
./complex_md-fit_946.pdb BC A 7.96283 35.7858 -14.0152 -9.02153 -10.5147 -24.3353 -0.735881 40.4711 -23.4383 2.99153 6.65985 3.65986 0 0 0 0.248265 2.37898 0 0 0 0 0 0 2.384 303 42 0 0 0
./complex_md-fit_947.pdb BC A 8.29248 35.0227 -10.4096 -9.33878 -8.44799 -25.1824 -0.768708 42.444 -24.5537 5.99821 6.47295 2.87793 0 0 0 0.0888274 3.63592 0 0 0 0 0 0 2.384 303 48 1 1 0
./complex_md-fit_948.pdb BC A 6.5871 27.0914 -11.0744 -6.90558 -10.1149 -24.2077 -0.706766 41.8483 -23.1534 3.68938 5.72495 2.54249 0 0 0 0.208904 2.69494 0 0 0 0 0 0 2.384 303 46 0 0 0
./complex_md-fit_949.pdb BC A 6.79295 26.1463 -12.1698 -8.37171 -10.0342 -23.9894 -0.72561 40.4127 -23.0318 4.23577 6.11969 3.08067 0 0 0 0.13412 3.51766 0 0 0 0 0 0 2.384 303 47 0 0 0
./complex_md-fit_94.pdb BC A 7.49523 27.7341 -10.051 -7.26493 -8.38532 -27.1534 -0.747606 45.5171 -28.2954 4.89898 7.42067 3.49243 0 0 0 0.476122 3.53868 -0.00975127 0 0 0 0 0 2.384 303 54 0 0 0
./complex_md-fit_950.pdb BC A 6.71276 35.6612 -6.93498 -6.29706 -9.23448 -24.4209 -0.613805 42.6321 -23.546 5.48768 5.77661 2.90614 0 0 0 0.336968 3.72633 0.0377861 0 0 0 0 0 2.384 303 47 0 0 0
./complex_md-fit_951.pdb BC A 6.3485 29.8442 -7.26725 -5.02848 -9.02623 -24.0432 -0.812485 40.1929 -23.1084 5.89487 5.56047 2.93471 0 0 0 0.168614 3.35549 1.11022e-16 0 0 0 0 0 2.384 303 44 0 0 0
./complex_md-fit_952.pdb BC A 6.6153 28.8799 -7.72801 -7.39792 -8.11209 -23.3646 -0.682184 40.8432 -22.6201 4.32558 5.99858 2.95213 0 0 0 0.329403 3.55821 0 0 0 0 0 0 2.384 303 46 0 0 0
./complex_md-fit_953.pdb BC A 6.16025 33.4015 -11.8377 -8.10873 -12.4 -25.3779 -0.662229 42.5472 -24.7078 5.82902 7.13536 3.67997 0 0 0 0.187239 4.01577 0.0401692 0 0 0 0 0 2.384 303 48 2 2 0
./complex_md-fit_954.pdb BC A 7.58983 31.185 -9.42782 -8.22304 -8.71312 -25.1992 -0.681863 43.1736 -24.4433 4.07591 6.9086 3.49835 0 0 0 0.152714 2.45744 0.0234843 0 0 0 0 0 2.384 303 47 0 0 0
./complex_md-fit_955.pdb BC A 9.1733 33.536 -7.31536 -4.97989 -5.7986 -24.5011 -0.840148 41.3983 -24.03 2.66503 5.93545 2.34037 0 0 0 0.44787 3.58081 0.047423 0 0 0 0 0 2.384 303 47 0 0 0
./complex_md-fit_956.pdb BC A 7.07313 37.667 -8.41874 -8.83758 -7.37944 -25.6462 -0.686686 43.8408 -24.9278 5.12482 6.23601 3.59387 0 0 0 0.263493 2.67667 0 0 0 0 0 0 2.384 303 50 0 0 0
./complex_md-fit_957.pdb BC A 9.4071 31.9215 -11.4713 -7.17011 -9.64898 -25.5358 -0.723364 42.8984 -24.9501 5.58584 5.41941 2.51163 0 0 0 0.113611 2.83116 0.0281782 0 0 0 0 0 2.384 303 46 0 0 0
./complex_md-fit_958.pdb BC A 7.14048 33.0489 -8.71154 -6.42528 -9.63697 -25.5219 -0.637853 43.7553 -24.6752 4.4849 6.8771 2.73929 0 0 0 0.329154 2.89443 0 0 0 0 0 0 2.384 303 48 0 0 0
./complex_md-fit_959.pdb BC A 6.39206 32.8247 -6.56437 -5.94617 -9.13102 -25.6821 -0.677085 45.1741 -24.5451 4.44005 6.54891 3.09715 0 0 0 0.156865 3.69313 1.11022e-16 0 0 0 0 0 2.384 303 49 0 0 0
./complex_md-fit_95.pdb BC A 11.5691 32.7802 -6.6465 -4.3138 -7.79809 -27.0637 -0.784977 43.792 -28.3025 6.97472 7.34679 3.16697 0 0 0 0.33598 4.18568 0 0 0 0 0 0 2.384 303 49 2 2 0
./complex_md-fit_960.pdb BC A 8.81107 32.9732 -11.6819 -7.92973 -8.9014 -25.2876 -0.521175 43.6727 -24.5697 3.26298 5.90332 2.49978 0 0 0 0.18885 2.83702 0 0 0 0 0 0 2.384 303 44 0 0 0
./complex_md-fit_961.pdb BC A 7.19273 34.0262 -2.13973 -5.81824 -8.5745 -24.6529 -0.602064 42.9346 -23.4384 6.88612 7.25846 3.76143 0 0 0 0.105795 2.93247 0 0 0 0 0 0 2.384 303 46 0 0 0
./complex_md-fit_962.pdb BC A 6.99194 31.4339 -9.85478 -7.20828 -10.6146 -26.5533 -0.835874 45.0548 -25.7466 5.05003 7.47783 3.41541 0 0 0 0.0857145 2.59534 0.0200696 0 0 0 0 0 2.384 303 49 1 1 0
./complex_md-fit_963.pdb BC A 10.392 27.2681 -9.2801 -5.56566 -7.09383 -24.7463 -0.513051 40.6851 -24.2153 3.58415 5.45254 2.91576 0 0 0 0.198237 2.60671 0.018175 0 0 0 0 0 2.384 303 46 0 0 0
./complex_md-fit_964.pdb BC A 7.6303 31.7295 -16.346 -7.73204 -12.0003 -25.2096 -0.668157 41.3281 -24.9498 4.34699 5.73224 2.64615 0 0 0 0.151511 2.99092 0.00897444 0 0 0 0 0 2.384 303 47 0 0 0
./complex_md-fit_965.pdb BC A 12.3701 33.9568 -9.2013 -8.91252 -8.92341 -24.9108 -0.663696 41.5328 -24.492 6.92697 6.50174 3.41093 0 0 0 0.328689 2.50298 0 0 0 0 0 0 2.384 303 46 0 0 0
./complex_md-fit_966.pdb BC A 5.72224 37.266 -14.3845 -8.6722 -9.85646 -26.6095 -0.712356 44.923 -25.89 3.48719 5.4405 3.3276 0 0 0 0.17772 3.65439 0 0 0 0 0 0 2.384 303 46 0 0 0
./complex_md-fit_967.pdb BC A 7.04277 30.2339 -8.66869 -7.84907 -7.89586 -24.7168 -0.713313 41.901 -24.1934 4.6788 5.96574 4.00255 0 0 0 0.15167 2.28623 0 0 0 0 0 0 2.384 303 46 0 0 0
./complex_md-fit_968.pdb BC A 8.07567 25.5906 -7.25832 -6.6986 -8.58543 -25.1423 -0.780547 43.7839 -24.0591 3.28772 6.22415 4.27647 0 0 0 0.412503 2.96718 0.0228953 0 0 0 0 0 2.384 303 49 0 0 0
./complex_md-fit_969.pdb BC A 9.261 33.1867 -10.0954 -7.67317 -7.34509 -24.3794 -0.660971 41.684 -23.5954 2.45687 5.70328 3.49771 0 0 0 0.216766 2.81164 0 0 0 0 0 0 2.384 303 43 0 0 0
./complex_md-fit_96.pdb BC A 6.30857 26.4731 -8.33182 -5.95907 -7.28023 -26.7128 -0.753542 43.4351 -27.5055 4.43535 8.21024 3.47134 0 0 0 0.31623 2.45172 0.0110965 0 0 0 0 0 2.384 303 47 1 1 0
./complex_md-fit_970.pdb BC A 8.39147 41.8746 -10.4285 -8.4488 -9.73815 -24.6353 -0.542032 42.1767 -23.867 5.4905 5.39786 3.50023 0 0 0 0.237438 2.7356 0 0 0 0 0 0 2.384 303 48 0 0 0
./complex_md-fit_971.pdb BC A 6.8707 24.6817 -8.39033 -5.48941 -8.35638 -25.0138 -0.645343 41.7956 -24.4675 5.0086 5.48344 3.06046 0 0 0 0.23394 2.58788 0 0 0 0 0 0 2.384 303 49 2 2 0
./complex_md-fit_972.pdb BC A 7.07714 32.2523 -15.2144 -8.12043 -9.11785 -22.56 -0.467217 37.4122 -22.1124 1.53236 5.42001 2.62736 0 0 0 0.171713 2.0866 0 0 0 0 0 0 2.384 303 44 0 0 0
./complex_md-fit_973.pdb BC A 9.74435 24.299 -3.35624 -4.53284 -6.85507 -23.5865 -0.874398 40.9245 -22.7247 5.46316 4.99331 3.64124 0 0 0 0.195117 2.29343 0 0 0 0 0 0 2.384 303 48 1 1 0
./complex_md-fit_974.pdb BC A 7.65299 35.971 -13.7651 -7.48832 -10.9308 -24.1125 -0.718978 40.1518 -23.5191 2.96166 6.44651 3.22139 0 0 0 0.186538 2.80567 0.0365679 0 0 0 0 0 2.384 303 46 0 0 0
./complex_md-fit_975.pdb BC A 9.18877 29.7845 -11.4743 -6.76413 -8.49971 -24.3701 -0.78995 41.1654 -23.8989 3.8507 5.12581 2.48094 0 0 0 0.185674 2.81979 0.0399097 0 0 0 0 0 2.384 303 46 0 0 0
./complex_md-fit_976.pdb BC A 7.31642 36.6089 -12.286 -7.70066 -8.27356 -24.1917 -0.585998 40.2395 -23.4333 4.00408 5.00115 2.47555 0 0 0 0.17903 2.27543 0 0 0 0 0 0 2.384 303 43 0 0 0
./complex_md-fit_977.pdb BC A 9.01603 29.7949 -12.7533 -7.05992 -8.87758 -24.7848 -0.566298 40.4249 -24.3351 3.78249 5.88001 2.68419 0 0 0 0.0989103 2.73617 0 0 0 0 0 0 2.384 303 45 0 0 0
./complex_md-fit_978.pdb BC A 6.83458 28.0483 -12.6419 -7.0546 -9.04402 -24.8195 -0.70612 40.9926 -23.9571 3.24689 5.96819 2.64206 0 0 0 0.0897506 2.15978 0 0 0 0 0 0 2.384 303 46 0 0 0
./complex_md-fit_979.pdb BC A 7.76671 31.5743 -12.0099 -8.63195 -9.25317 -24.9655 -0.668337 42.0916 -24.1551 5.18902 6.19522 2.00084 0 0 0 0.187549 3.69475 1.38778e-17 0 0 0 0 0 2.384 303 45 0 0 0
./complex_md-fit_97.pdb BC A 7.7631 27.6561 -12.8088 -6.62422 -9.82106 -26.4108 -0.654451 45.1716 -26.42 2.07927 7.77558 1.79787 0 0 0 0.240369 2.54098 0.0570971 0 0 0 0 0 2.384 303 46 0 0 0
./complex_md-fit_980.pdb BC A 7.86159 35.702 -7.62804 -6.23553 -8.62689 -25.4943 -0.448339 43.2809 -24.997 4.07103 7.15425 3.52688 0 0 0 0.094138 2.17588 0.0468273 0 0 0 0 0 2.384 303 44 0 0 0
./complex_md-fit_981.pdb BC A 8.99909 23.1059 -13.7447 -6.84347 -9.9629 -23.629 -0.288749 40.0865 -23.1576 1.63872 5.99089 2.05346 0 0 0 0.33321 3.1425 0.03418 0 0 0 0 0 2.384 303 44 0 0 0
./complex_md-fit_982.pdb BC A 8.46742 31.7318 -10.4636 -6.29593 -9.19022 -25.093 -0.558352 41.2921 -24.4391 4.51069 6.90364 2.12331 0 0 0 0.283244 3.36627 0 0 0 0 0 0 2.384 303 44 1 1 0
./complex_md-fit_983.pdb BC A 6.92825 32.4246 -3.40308 -4.95323 -6.12583 -24.8111 -0.435224 41.3379 -24.309 7.26144 5.97367 2.42117 0 0 0 0.186659 3.14396 0.0504458 0 0 0 0 0 2.384 303 47 2 2 0
./complex_md-fit_984.pdb BC A 6.44442 40.7985 -10.6397 -5.33513 -9.91144 -25.8451 -0.683542 43.2109 -25.4656 4.81997 5.51067 2.91458 0 0 0 0.144966 3.32409 0 0 0 0 0 0 2.384 303 47 0 0 0
./complex_md-fit_985.pdb BC A 9.38516 27.4917 -5.64879 -6.46285 -9.93292 -24.9793 -0.679133 43.2278 -24.1412 8.31781 5.67019 3.149 0 0 0 0.124495 3.40639 0.0572502 0 0 0 0 0 2.384 303 52 2 2 0
./complex_md-fit_986.pdb BC A 6.67269 25.281 -8.36793 -6.84408 -7.78415 -23.9392 -0.642586 40.7881 -22.9855 3.65764 5.71852 3.47375 0 0 0 0.136182 2.17523 0.0533486 0 0 0 0 0 2.384 303 48 0 0 0
./complex_md-fit_987.pdb BC A 7.11876 27.4779 -15.7706 -8.01213 -9.56713 -25.1637 -0.698799 41.9045 -24.8942 2.62568 4.87519 3.06807 0 0 0 0.0919933 2.83452 0 0 0 0 0 0 2.384 303 47 0 0 0
./complex_md-fit_988.pdb BC A 5.9188 32.8249 -12.3462 -7.79092 -9.77176 -24.8838 -0.702208 41.1404 -24.371 4.58077 6.47069 2.80375 0 0 0 0.177894 2.45028 0 0 0 0 0 0 2.384 303 46 0 0 0
./complex_md-fit_989.pdb BC A 6.94103 29.5756 -9.78007 -6.66439 -9.06805 -24.5171 -0.777073 41.6372 -24.2024 4.9154 5.34792 3.42045 0 0 0 0.127972 2.43467 0 0 0 0 0 0 2.384 303 49 1 1 0
./complex_md-fit_98.pdb BC A 7.74685 31.2396 -8.31037 -5.79078 -6.8625 -27.285 -0.639775 45.2638 -27.9927 4.98321 7.12246 2.61017 0 0 0 0.246997 2.64389 0.0336571 0 0 0 0 0 2.384 303 47 1 1 0
./complex_md-fit_990.pdb BC A 11.0136 26.0282 -12.1479 -7.64453 -9.06356 -24.8972 -0.640981 42.5525 -23.9424 3.10469 5.63189 2.44517 0 0 0 0.29261 2.8465 0.013983 0 0 0 0 0 2.384 303 46 0 0 0
./complex_md-fit_991.pdb BC A 8.90989 32.7823 -9.9056 -5.92075 -8.61895 -25.3092 -0.475685 42.4732 -25.0033 2.17349 6.77272 3.50282 0 0 0 0.499997 2.44821 0 0 0 0 0 0 2.384 303 48 0 0 0
./complex_md-fit_992.pdb BC A 7.42261 23.6344 -15.5433 -9.31229 -9.50712 -26.5113 -0.682287 44.5172 -25.9818 1.78978 6.0535 3.92902 0 0 0 0.161997 3.41795 0 0 0 0 0 0 2.384 303 51 0 0 0
./complex_md-fit_993.pdb BC A 9.29122 32.4809 -16.5198 -9.86401 -9.49688 -24.7239 -0.594971 40.1518 -24.5634 4.67595 5.87303 1.77101 0 0 0 0.251534 2.71791 0 0 0 0 0 0 2.384 303 47 1 1 0
./complex_md-fit_994.pdb BC A 6.36385 34.6809 -8.77549 -8.6665 -9.50641 -25.7385 -0.514197 43.8716 -25.0407 5.48983 6.55823 4.00761 0 0 0 0.723281 2.80682 0.040239 0 0 0 0 0 2.384 303 49 0 0 0
./complex_md-fit_995.pdb BC A 6.46319 26.4672 -11.2522 -6.34821 -9.12763 -24.4702 -0.793941 41.3815 -23.5696 2.68167 5.94246 2.86454 0 0 0 0.187269 3.75241 0 0 0 0 0 0 2.384 303 47 0 0 0
./complex_md-fit_996.pdb BC A 8.92277 33.7708 -10.3655 -6.19944 -9.55822 -25.1175 -0.669274 42.4045 -24.2523 4.94959 5.83047 2.10418 0 0 0 0.142462 2.68442 0 0 0 0 0 0 2.384 303 44 0 0 0
./complex_md-fit_997.pdb BC A 10.9704 34.2202 -15.6923 -9.10372 -9.73117 -22.9992 -0.627428 37.9306 -22.4666 3.89532 4.61535 2.65325 0 0 0 0.0990908 2.49262 0.0421975 0 0 0 0 0 2.384 303 46 0 0 0
./complex_md-fit_998.pdb BC A 7.89524 35.0367 -10.7546 -7.81072 -5.76647 -23.1735 -0.64345 37.9539 -23.1803 4.07534 5.22999 2.49015 0 0 0 0.0704909 1.87492 0 0 0 0 0 0 2.384 303 47 1 1 0
./complex_md-fit_999.pdb BC A 6.02788 29.003 -5.26695 -4.90221 -8.22752 -22.9978 -0.730961 39.2061 -21.9539 5.18088 5.50046 3.41704 0 0 0 0.202466 3.37698 0.0385099 0 0 0 0 -2.22045e-16 2.384 303 44 1 1 0
./complex_md-fit_99.pdb BC A 8.37346 29.8118 -12.0263 -6.91839 -6.6707 -26.062 -0.606964 41.8648 -26.9262 2.77495 7.38174 2.87349 0 0 0 0.262946 2.52294 0 0 0 0 0 0 2.384 303 50 0 0 0
./complex_md-fit_9.pdb BC A 7.4787 35.6547 -12.8855 -7.42701 -7.25965 -26.9378 -0.645153 43.8671 -27.5676 2.61722 7.44679 2.76018 0 0 0 0.224743 2.50516 0.0356927 0 0 0 0 0 2.384 303 49 0 0 0
