./complex_md-fit_1000.pdb BC A 8.55943 33.9707 -17.2249 -8.08717 -11.9147 -24.0684 -0.937469 38.3848 -24.5592 3.32676 7.92877 2.37891 0 0 0 0.322795 1.82405 -5.55112e-17 0 0 0 0 0 2.384 303 51 1 1 0
./complex_md-fit_1001.pdb BC A 6.48199 27.3653 -11.2437 -8.1491 -9.45042 -24.6843 -1.12568 40.2884 -25.4377 5.53333 9.12167 2.23626 0 0 0 0.423785 3.51413 0 0 0 0 0 0 2.384 303 53 3 3 0
./complex_md-fit_100.pdb BC A 8.36121 30.1352 -11.3138 -7.49288 -13.7917 -22.629 -0.82288 36.8501 -22.5593 6.31072 9.28701 3.21853 0 0 0 0.315588 1.62531 0 0 0 0 0 0 2.384 303 51 1 1 0
./complex_md-fit_101.pdb BC A 10.2113 26.9481 -0.729729 -4.68363 -10.8412 -22.7002 -1.01462 39.2423 -22.6059 9.44151 8.37749 3.80042 0 0 0 0.254122 1.65446 1.11022e-16 0 0 0 0 0 2.384 303 47 1 1 0
./complex_md-fit_102.pdb BC A 7.58066 27.5373 -17.1078 -7.23959 -15.0794 -22.7352 -1.0085 36.8565 -23.5341 3.43293 9.08389 2.55489 0 0 0 0.56081 1.98063 1.11022e-16 0 0 0 0 0 2.384 303 54 0 0 0
./complex_md-fit_103.pdb BC A 7.43849 29.4664 -9.83872 -6.11562 -11.0657 -22.2649 -0.845651 36.8544 -22.5852 5.04565 8.30843 2.7089 0 0 0 0.121044 2.07432 0 0 0 0 0 0 2.384 303 52 0 0 0
./complex_md-fit_104.pdb BC A 5.92288 28.0604 -14.4919 -7.2615 -10.969 -22.7244 -0.999078 36.0756 -23.2785 4.42314 7.26498 2.69893 0 0 0 0.277938 1.70337 0 0 0 0 0 0 2.384 303 50 0 0 0
./complex_md-fit_105.pdb BC A 6.69292 32.7709 -12.3795 -7.99354 -14.2369 -22.929 -0.940562 37.6573 -23.0692 7.16025 7.61252 3.84491 0 0 0 0.514698 1.97235 0 0 0 0 0 0 2.384 303 46 1 1 0
./complex_md-fit_106.pdb BC A 7.31775 34.6636 -13.9045 -6.67884 -12.9111 -22.5674 -1.00699 37.3631 -22.5148 4.22112 7.51788 2.30077 0 0 0 0.371714 1.54873 1.38778e-17 0 0 0 0 0 2.384 303 54 0 0 0
./complex_md-fit_107.pdb BC A 10.8422 35.04 -11.0511 -5.97172 -12.0098 -22.8229 -0.870185 37.9937 -22.7908 4.28493 7.73978 3.13477 0 0 0 0.261088 2.0684 0 0 0 0 0 0 2.384 303 49 0 0 0
./complex_md-fit_108.pdb BC A 8.59161 27.6557 -5.05914 -5.7933 -12.1811 -23.2349 -0.993017 39.6998 -22.6948 7.12264 10.2257 2.54093 0 0 0 0.248872 1.76041 0 0 0 0 0 0 2.384 303 52 1 1 0
./complex_md-fit_109.pdb BC A 8.91147 33.9321 -10.4308 -6.59785 -12.487 -22.89 -0.96451 38.6487 -22.8247 5.2293 8.99663 2.12026 0 0 0 0.338234 2.00917 0 0 0 0 0 0 2.384 303 51 1 1 0
./complex_md-fit_10.pdb BC A 7.411 28.4138 -9.84902 -5.61047 -10.7465 -22.6282 -1.04068 37.0414 -22.1739 4.91488 7.35657 2.77495 0 0 0 0.262916 1.87845 0 0 0 0 0 0 2.384 303 46 0 0 0
./complex_md-fit_110.pdb BC A 6.98339 25.9675 -12.5344 -6.32162 -15.6333 -21.9253 -0.906215 36.5214 -21.268 5.42613 9.11143 2.03976 0 0 0 0.421315 1.95404 0 0 0 0 0 0 2.384 303 51 0 0 0
./complex_md-fit_111.pdb BC A 7.48804 32.0226 -8.02094 -5.91545 -13.8361 -21.9944 -0.846169 38.4615 -21.663 6.26369 9.17578 1.96404 0 0 0 0.369191 1.67025 5.55112e-17 0 0 0 0 0 2.384 303 48 1 1 0
./complex_md-fit_112.pdb BC A 8.30035 31.1695 -8.29048 -5.62253 -13.5056 -24.0035 -0.818675 42.1432 -23.7596 4.42466 10.3275 2.00748 0 0 0 0.489056 2.28926 0.0274867 0 0 0 0 0 2.384 303 50 0 0 0
./complex_md-fit_113.pdb BC A 7.00127 39.0222 -10.8289 -6.62961 -12.6379 -21.463 -0.863523 35.113 -21.3267 6.30855 8.57703 2.03989 0 0 0 0.0533179 1.50581 0 0 0 0 0 0 2.384 303 48 0 0 0
./complex_md-fit_114.pdb BC A 7.10245 31.7235 -11.0104 -8.08115 -15.1392 -25.2955 -1.08566 42.5114 -25.1656 7.08671 11.63 2.40313 0 0 0 0.135737 1.87603 -0.0102688 0 0 0 0 0 2.384 303 52 1 1 0
./complex_md-fit_115.pdb BC A 8.28793 38.2617 -11.3608 -7.63331 -12.0419 -21.7923 -0.883497 37.3907 -21.1196 5.47295 7.01265 1.81328 0 0 0 0.420364 1.81742 0 0 0 0 0 0 2.384 303 50 0 0 0
./complex_md-fit_116.pdb BC A 7.83217 30.9643 -12.186 -7.29058 -11.7319 -23.2913 -0.986163 37.4176 -23.817 5.3127 9.26541 2.46717 0 0 0 0.468128 2.2255 0 0 0 0 0 0 2.384 303 51 0 0 0
./complex_md-fit_117.pdb BC A 8.42961 23.6516 -8.92367 -5.97378 -10.8195 -22.4611 -0.803809 37.9076 -22.9706 6.37837 7.66051 1.82936 0 0 0 0.329283 1.83112 -5.55112e-17 0 0 0 0 0 2.384 303 51 1 1 0
./complex_md-fit_118.pdb BC A 8.13525 30.9806 -18.5628 -9.45614 -13.2037 -22.4736 -0.788708 36.3034 -22.6347 1.8779 8.94566 2.64095 0 0 0 0.22618 3.23154 1.11022e-16 0 0 0 0 0 2.384 303 53 0 0 0
./complex_md-fit_119.pdb BC A 8.28356 26.183 -11.0498 -9.13946 -10.0311 -22.8157 -0.968587 39.0181 -22.9349 5.59808 7.57918 2.4139 0 0 0 0.179528 2.15942 0 0 0 0 0 0.0511034 2.384 303 53 1 1 0
./complex_md-fit_11.pdb BC A 9.92469 31.4628 -5.93217 -3.03267 -13.1855 -23.3094 -0.983182 38.2333 -23.499 9.73273 7.20754 2.8157 0 0 0 0.0884021 1.98778 0 0 0 0 0 0 2.384 303 49 2 2 0
./complex_md-fit_120.pdb BC A 7.04756 28.0886 -8.38118 -5.89651 -9.68293 -22.0434 -0.842925 37.0342 -22.0176 6.38666 6.94272 1.31124 0 0 0 0.427318 3.40976 0 0 0 0 0 0 2.384 303 47 2 2 0
./complex_md-fit_121.pdb BC A 6.56488 28.3033 -18.5705 -8.48813 -12.0176 -22.3775 -0.908515 34.6446 -22.9239 3.21341 7.7561 2.36627 0 0 0 0.164822 2.09754 2.77556e-17 0 0 0 0 0 2.384 303 51 0 0 0
./complex_md-fit_122.pdb BC A 11.3795 30.4946 -12.4411 -6.53814 -11.7965 -23.3092 -0.879791 38.8117 -24.1024 5.69447 7.71256 1.77229 0 0 0 0.193927 3.61645 0 0 0 0 0 0 2.384 303 51 1 1 0
./complex_md-fit_123.pdb BC A 6.57755 32.6236 -11.5988 -4.75057 -10.112 -22.2871 -0.934657 36.5721 -22.8496 4.01285 7.71635 0.992801 0 0 0 0.0410311 2.01251 0 0 0 0 0 0 2.384 303 49 0 0 0
./complex_md-fit_124.pdb BC A 7.00719 28.522 -8.73004 -7.26657 -11.2027 -23.1936 -0.918714 39.2595 -22.7319 7.17429 7.97125 1.97211 0 0 0 0.206285 3.17904 0 0 0 0 0 0 2.384 303 48 2 2 0
./complex_md-fit_125.pdb BC A 6.8529 35.9643 -5.22948 -4.41178 -13.0659 -23.0399 -0.989104 39.8752 -22.6571 7.61676 8.98177 2.16659 0 0 0 0.29396 2.09823 0 0 0 0 0 0 2.384 303 49 2 2 0
./complex_md-fit_126.pdb BC A 7.98623 31.6297 -13.2454 -8.44085 -13.2452 -23.4191 -1.02923 38.7644 -22.9309 4.4013 9.9363 2.6547 0 0 0 0.0631875 1.8218 0 0 0 0 0 0 2.384 303 51 0 0 0
./complex_md-fit_127.pdb BC A 7.91212 25.1592 -16.5886 -8.74467 -17.5063 -23.9964 -0.923192 39.761 -23.2703 6.37657 9.77562 1.79544 0 0 0 0.143716 2.12253 0 0 0 0 0 0 2.384 303 53 1 1 0
./complex_md-fit_128.pdb BC A 6.77817 25.7059 -5.14561 -5.93943 -9.70061 -21.8266 -0.694201 36.9475 -21.8366 8.21627 7.31297 2.12108 0 0 0 0.254038 1.71597 -5.55112e-17 0 0 0 0 0 2.384 303 49 2 2 0
./complex_md-fit_129.pdb BC A 9.77763 36.3764 -16.7885 -9.20323 -13.2933 -23.2181 -0.831669 37.6453 -23.5509 5.05643 8.28899 2.00368 0 0 0 0.324135 2.41161 -0.00975086 0 0 0 0 0 2.384 303 51 0 0 0
./complex_md-fit_12.pdb BC A 6.44308 33.8659 -5.98719 -5.18426 -11.9375 -25.6426 -1.20146 42.776 -25.1384 8.73591 7.58644 3.47627 0 0 0 0.542435 2.32673 0 0 0 0 0 0 2.384 303 49 2 2 0
./complex_md-fit_130.pdb BC A 7.81384 24.1095 -9.88387 -7.147 -15.5512 -23.1619 -1.01712 39.4504 -23.2216 6.80957 11.3227 2.49073 0 0 0 0.14161 1.73473 0 0 0 0 0 0 2.384 303 46 2 2 0
./complex_md-fit_131.pdb BC A 9.13978 30.045 -12.1756 -7.12464 -11.7117 -22.9992 -0.994491 37.299 -23.2143 5.57466 8.03881 2.9095 0 0 0 0.0468217 2.9996 0 0 0 0 0 0 2.384 303 52 0 0 0
./complex_md-fit_132.pdb BC A 8.34942 26.4408 -14.9189 -6.60096 -13.914 -21.8791 -0.940132 35.4331 -22.3425 5.24067 8.62939 1.38347 0 0 0 0.071148 1.91914 0 0 0 0 0 2.22045e-16 2.384 303 48 1 1 0
./complex_md-fit_133.pdb BC A 10.1115 27.2967 -14.0666 -7.60219 -11.1488 -22.2999 -0.924458 36.3471 -22.6897 3.48557 7.84747 2.3652 0 0 0 0.55307 2.32869 0 0 0 0 0 0 2.384 303 52 0 0 0
./complex_md-fit_134.pdb BC A 6.9571 36.3341 -10.33 -6.63115 -11.546 -21.9323 -0.848659 36.152 -22.0712 6.37679 7.59122 2.51029 0 0 0 0.0688686 2.0245 0 0 0 0 0 0 2.384 303 51 0 0 0
./complex_md-fit_135.pdb BC A 8.64712 35.3744 -15.1627 -8.80254 -12.1281 -21.1495 -0.948686 34.2413 -21.0856 3.47413 8.32559 2.67758 0 0 0 0.233176 2.12654 0 0 0 0 0 0 2.384 303 49 0 0 0
./complex_md-fit_136.pdb BC A 8.0991 33.8213 -13.9619 -7.71306 -12.5107 -21.6028 -0.958408 35.1453 -21.6506 4.66394 7.49372 2.97586 0 0 0 0.194897 2.03802 0 0 0 0 0 0 2.384 303 47 0 0 0
./complex_md-fit_137.pdb BC A 9.61677 32.6558 -9.97674 -6.26515 -9.15968 -22.11 -0.942201 37.7667 -22.0957 5.09295 6.46477 1.15398 0 0 0 0.117579 1.93687 0 0 0 0 0 0 2.384 303 49 1 1 0
./complex_md-fit_138.pdb BC A 8.72035 26.4748 -12.1291 -5.65989 -12.7546 -22.6964 -1.08494 37.0732 -22.8935 6.27944 7.0665 2.10579 0 0 0 0.435256 3.13536 0 0 0 0 0 0 2.384 303 51 1 1 0
./complex_md-fit_139.pdb BC A 7.34379 30.8272 -13.4129 -7.6588 -11.748 -21.7911 -0.856158 35.9779 -21.7228 3.59757 8.3129 2.08198 0 0 0 0.393544 2.028 0 0 0 0 0 0 2.384 303 49 0 0 0
./complex_md-fit_13.pdb BC A 7.92032 32.3069 -9.63297 -4.23559 -11.8065 -24.6651 -0.872232 39.9895 -24.7425 5.98659 8.11121 2.02545 0 0 0 0.543051 1.93917 0.0331632 0 0 0 0 0 2.384 303 48 0 0 0
./complex_md-fit_140.pdb BC A 11.0161 31.3496 -9.37373 -7.7585 -9.60805 -21.731 -0.803915 36.3672 -21.4534 4.38645 8.83607 2.07276 0 0 0 0.293385 2.76954 0.0253266 0 0 0 0 0 2.384 303 50 0 0 0
./complex_md-fit_141.pdb BC A 7.90878 24.1022 -18.2249 -7.77102 -12.7206 -21.0098 -0.912079 33.3191 -21.0436 2.37346 7.83937 1.43514 0 0 0 0.265144 1.80107 0 0 0 0 0 0 2.384 303 47 0 0 0
./complex_md-fit_142.pdb BC A 7.69085 30.0734 -12.1993 -7.56834 -12.72 -22.1613 -0.9523 36.7366 -22.4869 5.31846 9.2918 2.18701 0 0 0 0.133867 1.8796 0.0218828 0 0 0 0 0 2.384 303 50 1 1 0
./complex_md-fit_143.pdb BC A 10.3417 36.0845 -11.0702 -7.01938 -9.54238 -19.9116 -0.803231 32.3726 -19.5861 4.19004 6.88298 2.12965 0 0 0 0.217229 1.72171 0 0 0 0 0 0 2.384 303 49 1 1 0
./complex_md-fit_144.pdb BC A 7.95002 34.2643 -14.3192 -7.98517 -12.7461 -22.6128 -0.992656 36.4089 -22.8423 5.86094 8.4127 1.60373 0 0 0 0.573481 3.25813 5.20417e-18 0 0 0 0 0 2.384 303 46 1 1 0
./complex_md-fit_145.pdb BC A 6.82239 31.3421 -14.6385 -6.82743 -12.0743 -21.3559 -0.915612 32.9376 -21.5562 4.74396 8.21344 1.65682 0 0 0 0.538943 1.68914 5.55112e-17 0 0 0 0 0 2.384 303 47 1 1 0
./complex_md-fit_146.pdb BC A 7.28767 29.7175 -9.34259 -6.06334 -12.5338 -22.8634 -1.15295 38.1167 -23.0414 6.47954 9.36926 2.05325 0 0 0 0.293509 2.07617 0 0 0 0 0 0 2.384 303 48 0 0 0
./complex_md-fit_147.pdb BC A 7.66823 35.1679 -12.3283 -5.71948 -12.1972 -22.5988 -1.12556 36.9013 -23.1417 5.83047 8.06098 1.5391 0 0 0 0.122584 2.93235 0 0 0 0 0 0 2.384 303 46 1 1 0
./complex_md-fit_148.pdb BC A 9.08157 32.6753 -14.7985 -6.54518 -12.073 -22.5417 -0.931614 36.6805 -22.5116 3.88857 7.03815 2.0695 0 0 0 0.139193 2.18151 -0.0113885 0 0 0 0 -2.22045e-16 2.384 303 52 1 1 0
./complex_md-fit_149.pdb BC A 8.10039 27.4504 -13.5559 -5.96917 -10.5623 -22.8143 -0.831938 35.4709 -23.4746 4.70573 7.63643 2.14705 0 0 0 0.136333 3.04302 0 0 0 0 0 0 2.384 303 50 0 0 0
./complex_md-fit_14.pdb BC A 11.1411 29.1782 -12.5905 -3.36461 -11.372 -21.163 -0.86573 32.786 -21.5094 4.45975 7.33725 0.972986 0 0 0 0.128175 1.67879 0 0 0 0 0 0 2.384 303 46 0 0 0
./complex_md-fit_150.pdb BC A 6.40944 32.3447 -12.6326 -7.23705 -14.1038 -22.8993 -0.861716 37.5032 -22.6797 5.85515 9.2571 2.08585 0 0 0 0.421282 1.67822 0.0217097 0 0 0 0 0.00460029 2.384 303 49 1 1 0
./complex_md-fit_151.pdb BC A 10.0069 33.159 -16.6543 -8.65375 -12.5837 -22.4271 -0.838564 35.8541 -22.6456 5.11478 7.05226 1.89564 0 0 0 0.577632 1.86073 0 0 0 0 0 0 2.384 303 51 2 2 0
./complex_md-fit_152.pdb BC A 9.82099 26.897 -6.39083 -6.74986 -8.96242 -21.4402 -0.763889 36.2091 -21.1981 8.23288 7.31375 0.746957 0 0 0 0.220965 1.79176 0 0 0 0 0 0 2.384 303 52 2 2 0
./complex_md-fit_153.pdb BC A 7.46794 32.9993 -12.2922 -7.94671 -12.1845 -22.3496 -0.900811 36.2678 -22.2742 6.87527 8.15077 1.9201 0 0 0 0.149641 1.83583 0 0 0 0 0 0 2.384 303 51 2 2 0
./complex_md-fit_154.pdb BC A 7.54212 32.3544 -4.99003 -5.06633 -7.3339 -22.3727 -0.845905 38.5669 -22.0863 5.97587 6.01931 2.08037 0 0 0 0.0726826 2.20134 0 0 0 0 0 0 2.384 303 50 1 1 0
./complex_md-fit_155.pdb BC A 6.57686 24.3685 -16.3924 -8.06017 -13.6596 -22.9541 -0.900011 37.281 -22.6775 2.94086 9.76802 1.70177 0 0 0 0.167405 2.44701 0 0 0 0 0 0 2.384 303 50 0 0 0
./complex_md-fit_156.pdb BC A 10.2649 29.1871 -15.0278 -6.94371 -12.2697 -22.4142 -0.858396 36.2288 -22.5146 2.82663 9.31994 1.1641 0 0 0 0.433355 1.96024 0 0 0 0 0 0 2.384 303 53 0 0 0
./complex_md-fit_157.pdb BC A 8.66825 24.399 -15.9804 -7.53513 -12.009 -22.1625 -0.802187 35.2368 -22.0523 2.10755 8.39253 2.6794 0 0 0 0.164425 1.7623 0 0 0 0 0 0 2.384 303 51 0 0 0
./complex_md-fit_158.pdb BC A 11.1016 31.0034 -14.1152 -7.221 -12.3278 -22.6878 -0.810853 38.2629 -22.8114 3.84559 7.98068 1.56987 0 0 0 0.0846768 1.80659 0 0 0 0 0 0 2.384 303 50 0 0 0
./complex_md-fit_159.pdb BC A 8.16625 33.8619 -14.485 -7.70059 -13.3875 -22.6328 -0.883453 36.086 -22.6648 4.98194 9.34891 2.17809 0 0 0 0.189201 2.2236 0 0 0 0 0 0 2.384 303 47 1 1 0
./complex_md-fit_15.pdb BC A 8.09226 29.4317 -6.60215 -3.97853 -14.6216 -24.3149 -0.998771 41.6985 -24.8741 8.38727 9.3232 2.55931 0 0 0 0.211201 2.06938 0.00623858 0 0 0 0 0 2.384 303 50 1 1 0
./complex_md-fit_160.pdb BC A 6.82036 28.1877 -14.6172 -7.63765 -12.5523 -22.7465 -0.956414 36.972 -22.8722 4.15788 9.1893 1.69204 0 0 0 0.136666 2.47837 5.55112e-17 0 0 0 0 0 2.384 303 50 0 0 0
./complex_md-fit_161.pdb BC A 7.03917 30.9266 -16.1903 -9.08272 -12.5358 -22.3726 -0.884129 36.9438 -22.6266 2.14411 8.86158 3.07147 0 0 0 0.290673 1.93641 5.55112e-17 0 0 0 0 0 2.384 303 52 0 0 0
./complex_md-fit_162.pdb BC A 8.40909 31.6133 -6.68693 -7.09826 -10.7411 -22.1254 -0.970716 37.7344 -21.7896 5.75727 8.7316 3.17186 0 0 0 0.622095 2.00677 0.0209473 0 0 0 0 0 2.384 303 48 0 0 0
./complex_md-fit_163.pdb BC A 9.14313 26.6549 -11.2906 -7.44215 -13.0856 -24.2956 -1.02927 41.6474 -23.6471 3.9652 9.85472 2.46555 0 0 0 0.27624 2.72532 0 0 0 0 0 0 2.384 303 50 0 0 0
./complex_md-fit_164.pdb BC A 7.08216 30.145 -9.25812 -6.99572 -10.5334 -22.3382 -0.957225 36.9741 -22.3589 6.14984 7.98513 1.97704 0 0 0 0.83927 2.03757 0 0 0 0 0 0 2.384 303 46 0 0 0
./complex_md-fit_165.pdb BC A 8.17682 33.5522 -9.07032 -6.98301 -10.6075 -21.991 -0.803183 36.9655 -21.7796 5.26957 8.4795 2.07413 0 0 0 0.305217 1.81713 0 0 0 0 0 0 2.384 303 45 0 0 0
./complex_md-fit_166.pdb BC A 8.48116 33.8325 -10.7317 -7.95948 -13.2417 -23.5259 -1.08273 38.1647 -23.4727 8.66249 8.86029 2.3685 0 0 0 0.469402 1.84205 0.0255313 0 0 0 0 0 2.384 303 49 1 1 0
./complex_md-fit_167.pdb BC A 8.4718 35.9692 -5.16888 -8.75667 -11.0157 -25.1915 -1.0207 42.6654 -25.211 10.7949 9.57354 2.53015 0 0 0 0.462701 2.25234 5.55112e-17 0 0 0 0 0 2.384 303 51 2 2 0
./complex_md-fit_168.pdb BC A 8.55578 29.6466 -17.0241 -8.68796 -12.9216 -25.489 -0.80257 42.8266 -25.6412 4.36595 7.58286 1.47664 0 0 0 0.266123 2.21002 -2.77556e-17 0 0 0 0 0 2.384 303 52 0 0 0
./complex_md-fit_169.pdb BC A 7.84291 26.8854 -18.4037 -9.15068 -13.2789 -25.5712 -0.965742 41.993 -26.1668 3.83506 8.64851 2.18138 0 0 0 0.0716685 2.31836 0 0 0 0 0 0 2.384 303 54 0 0 0
./complex_md-fit_16.pdb BC A 7.94898 27.6622 -14.1602 -6.07816 -16.8379 -24.6038 -0.986258 40.769 -24.2511 5.25072 10.2857 2.03486 0 0 0 0.188585 2.41166 0.0682029 0 0 0 0 0 2.384 303 48 1 1 0
./complex_md-fit_170.pdb BC A 7.71897 28.0747 -9.28384 -8.94103 -11.4384 -24.3975 -1.10329 41.2591 -24.5566 8.03276 9.21389 2.3997 0 0 0 0.247526 1.95587 0 0 0 0 0 0 2.384 303 51 1 1 0
./complex_md-fit_171.pdb BC A 6.68193 32.1345 -7.22237 -6.56634 -10.615 -24.6049 -0.895527 41.1626 -25.3436 7.82204 8.53083 3.02948 0 0 0 0.258074 3.23622 -5.55112e-17 0 0 0 0 0 2.384 303 51 1 1 0
./complex_md-fit_172.pdb BC A 7.90244 31.2705 -11.1411 -7.35718 -11.6433 -22.8071 -0.951227 37.9152 -23.1375 6.51213 7.21824 2.83476 0 0 0 0.274976 2.1462 0 0 0 0 0 0 2.384 303 50 2 2 0
./complex_md-fit_173.pdb BC A 8.87257 36.853 -12.7056 -8.23718 -11.8624 -22.48 -0.995616 36.9392 -22.6299 6.65694 8.0701 1.60477 0 0 0 0.22848 1.97332 0 0 0 0 0 0 2.384 303 49 2 2 0
./complex_md-fit_174.pdb BC A 8.91311 38.3052 -10.4559 -6.20013 -12.6311 -23.6789 -0.920977 38.1605 -24.1642 7.88446 8.46138 2.20984 0 0 0 0.395435 3.0656 0.0277985 0 0 0 0 0 2.384 303 48 3 3 0
./complex_md-fit_175.pdb BC A 7.22139 33.7721 -9.80891 -7.25182 -10.4037 -21.7623 -0.781485 36.8226 -21.7857 5.03128 8.30958 1.8531 0 0 0 0.159513 1.72853 2.77556e-17 0 0 0 0 0 2.384 303 48 0 0 0
./complex_md-fit_176.pdb BC A 8.33599 27.748 -11.6182 -8.61202 -13.0795 -23.0743 -0.853599 39.1376 -22.9687 6.1886 9.01399 2.39981 0 0 0 0.229952 2.31352 0 0 0 0 0 0 2.384 303 48 1 1 0
./complex_md-fit_177.pdb BC A 9.91534 30.6767 -8.03389 -5.94463 -12.9388 -20.6613 -0.959114 36.0728 -20.031 5.19795 8.08545 2.504 0 0 0 0.640839 1.8672 0 0 0 0 0 0 2.384 303 49 1 1 0
./complex_md-fit_178.pdb BC A 6.559 23.5273 -17.8694 -8.45051 -14.7256 -20.6216 -0.984037 34.2406 -20.007 1.97207 8.19331 2.06807 0 0 0 0.445255 1.81288 -5.55112e-17 0 0 0 0 0 2.384 303 49 0 0 0
./complex_md-fit_179.pdb BC A 8.31248 33.3414 -12.6141 -5.27028 -11.4281 -21.6144 -0.912799 35.6099 -21.8583 4.38639 6.61362 1.35724 0 0 0 0.502714 2.95753 -5.55112e-17 0 0 0 0 0 2.384 303 47 1 1 0
./complex_md-fit_17.pdb BC A 6.19295 31.2748 -7.26867 -3.8035 -9.57081 -24.973 -0.826731 41.5369 -25.3774 6.33834 6.52598 2.4863 0 0 0 0.3952 2.5493 0 0 0 0 0 0 2.384 303 52 0 0 0
./complex_md-fit_180.pdb BC A 7.97805 35.4216 -6.74866 -3.85758 -9.38401 -20.6153 -0.734846 34.273 -20.9904 6.22293 6.01011 1.92637 0 0 0 0.401072 1.57 0 0 0 0 0 0 2.384 303 52 1 1 0
./complex_md-fit_181.pdb BC A 10.0593 30.9424 -16.3438 -8.29178 -11.7649 -23.3363 -0.847181 37.9441 -23.6432 3.43221 7.28588 2.42336 0 0 0 0.454126 2.13769 6.93889e-18 0 0 0 0 0 2.384 303 51 1 1 0
./complex_md-fit_182.pdb BC A 7.57897 30.9098 -14.001 -6.44298 -12.3004 -22.8098 -0.857835 37.1182 -23.6466 5.05505 8.1414 1.29208 0 0 0 0.424252 1.90901 0.0255999 0 0 0 0 0 2.384 303 51 1 1 0
./complex_md-fit_183.pdb BC A 6.41685 35.4615 -9.25603 -5.75522 -9.90009 -22.5246 -0.828195 37.1627 -22.8851 6.34435 6.8284 1.76793 0 0 0 0.533759 2.07486 0 0 0 0 0 0 2.384 303 49 1 1 0
./complex_md-fit_184.pdb BC A 7.72828 26.6817 -13.7776 -5.62765 -10.8074 -22.4794 -1.02356 36.6142 -23.0214 3.49367 6.03715 2.41559 0 0 0 0.621147 2.02389 5.55112e-17 0 0 0 0 0 2.384 303 51 0 0 0
./complex_md-fit_185.pdb BC A 7.96092 36.6111 -13.8511 -7.95981 -10.0601 -23.4954 -0.887792 39.4169 -24.1663 3.71464 6.96123 2.31959 0 0 0 0.305968 1.84008 -1.38778e-17 0 0 0 0 0 2.384 303 51 0 0 0
./complex_md-fit_186.pdb BC A 8.4317 33.4601 -6.48116 -5.54015 -10.0807 -22.4514 -0.891572 37.783 -22.8989 6.77199 7.83148 2.79841 0 0 0 0.196718 1.61908 0 0 0 0 0 0 2.384 303 49 1 1 0
./complex_md-fit_187.pdb BC A 7.16836 25.564 -6.35759 -5.80781 -9.509 -22.6275 -0.836245 37.9412 -22.7601 7.19837 6.7307 2.99739 0 0 0 0.315388 2.05236 0 0 0 0 0 0 2.384 303 51 1 1 0
./complex_md-fit_188.pdb BC A 8.87672 34.256 -9.46838 -6.33818 -10.3853 -23.7898 -0.809305 39.2877 -24.2768 6.68645 6.85677 2.63656 0 0 0 0.663633 3.31987 -5.55112e-17 0 0 0 0 0 2.384 303 51 1 1 0
./complex_md-fit_189.pdb BC A 9.48748 30.0124 -9.48381 -7.58439 -10.5985 -24.3434 -0.931764 39.5499 -24.7253 8.14098 7.07991 3.23929 0 0 0 0.70033 1.82148 -0.0109038 0 0 0 0 0 2.384 303 50 2 2 0
./complex_md-fit_18.pdb BC A 8.49471 30.9415 -8.16123 -3.9855 -9.73179 -23.9631 -0.886486 39.3541 -24.4599 5.59714 7.84081 1.78934 0 0 0 0.284136 2.04362 0 0 0 0 0 0 2.384 303 51 1 1 0
./complex_md-fit_190.pdb BC A 7.77628 33.1745 -13.1293 -6.19718 -10.9327 -22.584 -0.853013 36.5865 -23.4511 4.96528 6.79756 2.16062 0 0 0 0.378763 1.89152 0 0 0 0 0 0 2.384 303 48 0 0 0
./complex_md-fit_191.pdb BC A 8.21078 34.6888 -11.0023 -6.52782 -12.8866 -23.3127 -0.824938 37.9365 -24.4337 6.91941 7.75239 3.88204 0 0 0 0.493265 1.81881 0 0 0 0 0 -2.22045e-16 2.384 303 51 2 2 0
./complex_md-fit_192.pdb BC A 7.96858 29.6493 -16.9185 -7.93066 -14.7598 -23.6424 -0.865075 39.1178 -23.8712 4.99723 7.10025 2.60525 0 0 0 0.330089 2.51656 -1.38778e-17 0 0 0 0 0 2.384 303 54 1 1 0
./complex_md-fit_193.pdb BC A 7.07932 34.0446 -12.4269 -6.55272 -13.2635 -22.5974 -0.963407 37.9737 -22.796 5.36264 7.89667 2.06356 0 0 0 0.449472 2.72829 0 0 0 0 0 0 2.384 303 48 1 1 0
./complex_md-fit_194.pdb BC A 6.02118 31.8843 -12.8349 -6.18872 -13.9899 -21.6063 -1.1532 36.6472 -21.0363 3.86009 8.88747 1.49538 0 0 0 0.2494 1.28791 1.11022e-16 0 0 0 0 0 2.384 303 47 1 1 0
./complex_md-fit_195.pdb BC A 7.03254 33.3448 -18.9422 -7.26753 -17.0182 -21.6442 -1.04143 36.4769 -21.5297 2.08267 8.4574 1.78081 0 0 0 0.760998 2.72859 0 0 0 0 0 0 2.384 303 48 0 0 0
./complex_md-fit_196.pdb BC A 8.01256 33.6057 -19.2895 -7.3756 -16.745 -22.2231 -0.946825 37.1413 -21.7005 1.73618 8.03285 2.6349 0 0 0 0.156351 1.86876 0 0 0 0 0 0 2.384 303 45 0 0 0
./complex_md-fit_197.pdb BC A 8.47099 28.1368 -9.79573 -6.74022 -8.51894 -20.7984 -0.923977 35.0069 -20.2189 4.75013 6.19317 1.23231 0 0 0 0.22217 1.98128 0 0 0 0 0 0 2.384 303 49 0 0 0
./complex_md-fit_198.pdb BC A 9.01302 39.3031 -10.932 -6.08075 -11.6908 -21.8382 -0.924608 35.4042 -22.345 7.48229 6.49978 2.04473 0 0 0 0.405755 2.19951 0.110596 0 0 0 0 0 2.384 303 46 2 2 0
./complex_md-fit_199.pdb BC A 8.89367 31.5673 -15.1706 -6.94718 -12.5354 -21.7874 -0.818032 35.1522 -22.1281 3.51042 7.7624 2.50837 0 0 0 0.112163 1.80412 0 0 0 0 0 0 2.384 303 51 0 0 0
./complex_md-fit_19.pdb BC A 11.1179 30.071 -15.6096 -6.28827 -12.2669 -24.5014 -0.938011 40.2623 -24.7507 3.19464 7.86687 1.35803 0 0 0 0.454218 2.16879 -0.000454864 0 0 0 0 0 2.384 303 48 0 0 0
./complex_md-fit_1.pdb BC A 8.54733 30.5855 -12.4681 -9.9636 -8.78125 -25.8514 -0.503771 43.9347 -26.0378 4.24205 7.0364 2.79222 0 0 0 0.648532 2.80651 0 0 0 0 0 0.0158856 2.384 303 53 0 0 0
./complex_md-fit_200.pdb BC A 9.02836 33.556 -12.0869 -6.20419 -11.7462 -21.5535 -1.0263 35.6124 -21.5432 3.62879 7.62497 2.84236 0 0 0 0.277895 1.62074 0 0 0 0 0 0 2.384 303 46 0 0 0
./complex_md-fit_201.pdb BC A 9.24811 34.6366 -11.2385 -4.84289 -11.8924 -21.3687 -0.879074 35.5069 -21.2811 3.92816 7.38706 1.99054 0 0 0 0.21301 1.61218 0 0 0 0 0 2.22045e-16 2.384 303 46 0 0 0
./complex_md-fit_202.pdb BC A 6.88495 27.7682 -16.2853 -7.83503 -14.3634 -23.075 -0.952792 37.2642 -23.394 3.44291 8.45454 3.73444 0 0 0 0.438914 1.67271 0 0 0 0 0 0 2.384 303 48 0 0 0
./complex_md-fit_203.pdb BC A 10.6163 35.9749 -8.59206 -5.34749 -8.79312 -21.9887 -0.675959 36.0458 -22.2191 5.05925 7.37399 1.38156 0 0 0 0.566818 2.02134 0 0 0 0 0 0.00488141 2.384 303 51 0 0 0
./complex_md-fit_204.pdb BC A 7.71679 23.7046 -14.8996 -7.23527 -10.7037 -19.9028 -0.820274 30.9136 -19.819 3.59892 6.89454 1.84006 0 0 0 0.334291 1.60688 2.77556e-17 0 0 0 0 0 2.384 303 45 1 1 0
./complex_md-fit_205.pdb BC A 8.65429 31.9303 -7.25109 -6.49295 -11.0059 -19.5853 -0.697704 33.7444 -18.9323 6.93803 7.01375 1.43547 0 0 0 0.331333 1.43236 -1.38778e-17 0 0 0 0 0 2.384 303 47 1 1 0
./complex_md-fit_206.pdb BC A 9.34147 36.4129 -17.3051 -6.86959 -18.7619 -21.6564 -0.904853 36.277 -21.1441 2.44167 10.4173 2.65243 0 0 0 0.243349 1.93383 0 0 0 0 0 0 2.384 303 44 0 0 0
./complex_md-fit_207.pdb BC A 6.76003 27.1563 -5.87725 -3.81896 -10.2699 -21.9202 -0.92964 36.5208 -21.4977 7.00504 7.29164 1.53913 0 0 0 0.20247 2.24088 0 0 0 0 0 0 2.384 303 49 1 1 0
./complex_md-fit_208.pdb BC A 8.7906 28.2561 -11.9957 -6.52272 -12.3739 -22.6188 -0.844702 36.897 -22.0423 5.24704 7.34911 2.76836 0 0 0 0.145224 2.09912 0 0 0 0 0 0 2.384 303 50 1 1 0
./complex_md-fit_209.pdb BC A 6.61299 34.1708 -7.224 -4.01299 -11.9142 -22.1153 -0.815574 36.8673 -21.8216 6.61556 7.95608 1.92442 0 0 0 0.0928139 1.87444 -0.000671776 0 0 0 0 0 2.384 303 49 1 1 0
./complex_md-fit_20.pdb BC A 9.30988 27.3163 -6.51266 -5.90544 -11.39 -22.955 -0.766364 39.3116 -22.5423 8.33907 7.06851 1.9344 0 0 0 0.392876 1.77828 0 0 0 0 0 0 2.384 303 50 1 1 0
./complex_md-fit_210.pdb BC A 7.90158 29.0828 -7.29709 -5.19467 -10.8812 -22.0095 -1.0552 36.5303 -21.5068 7.50391 6.479 2.5986 0 0 0 0.238488 1.97868 0 0 0 0 0 0 2.384 303 50 2 2 0
./complex_md-fit_211.pdb BC A 8.6267 26.5243 -12.6435 -5.44183 -13.0194 -23.0983 -0.801529 38.0004 -22.7085 5.23256 7.43617 1.53633 0 0 0 0.217237 3.23824 0.00339576 0 0 0 0 0 2.384 303 54 0 0 0
./complex_md-fit_212.pdb BC A 9.42734 29.5675 -6.44944 -4.45967 -10.9749 -22.2656 -1.02403 37.2202 -21.4311 7.58371 7.53082 1.10696 0 0 0 0.25343 2.82736 0.0108559 0 0 0 0 0 2.384 303 49 2 2 0
./complex_md-fit_213.pdb BC A 8.31153 38.8217 -6.29061 -3.90822 -11.5792 -21.7371 -0.76952 37.0512 -20.9411 7.07401 6.73886 1.60928 0 0 0 0.171153 3.65336 0 0 0 0 0 2.22045e-16 2.384 303 52 2 2 0
./complex_md-fit_214.pdb BC A 7.76538 33.6046 -7.99267 -6.22332 -11.196 -23.0154 -0.946055 39.3375 -22.611 7.01522 7.77272 1.72136 0 0 0 0.152368 1.91615 -6.93889e-18 0 0 0 0 0 2.384 303 52 2 2 0
./complex_md-fit_215.pdb BC A 7.05462 19.2723 -6.7851 -4.63976 -12.721 -24.167 -0.953178 40.2215 -24.1319 7.14957 8.5788 3.50057 0 0 0 0.37726 2.61081 1.38778e-17 0 0 0 0 0 2.384 303 53 1 1 0
./complex_md-fit_216.pdb BC A 9.76231 28.5888 -10.9307 -6.90642 -11.8353 -22.0814 -0.903246 36.6194 -21.6468 5.85827 7.50422 1.37895 0 0 0 1.08171 1.66122 1.11022e-16 0 0 0 0 0 2.384 303 48 0 0 0
./complex_md-fit_217.pdb BC A 9.25441 33.4933 -12.4402 -7.66737 -13.7367 -22.1377 -1.03015 36.5195 -21.6331 6.40913 8.63371 1.76208 0 0 0 0.428677 1.59787 0.0117989 0 0 0 0 0 2.384 303 48 0 0 0
./complex_md-fit_218.pdb BC A 8.02226 40.1174 -9.82937 -5.01036 -12.9153 -21.2927 -0.911868 35.7873 -20.946 5.27947 7.72136 1.56886 0 0 0 0.889905 2.14186 0 0 0 0 0 0 2.384 303 47 0 0 0
./complex_md-fit_219.pdb BC A 7.1179 27.0977 -8.55568 -4.77074 -11.5673 -20.6027 -0.872289 35.1276 -20.4614 6.5765 6.25526 1.608 0 0 0 0.151316 1.60974 0 0 0 0 0 0 2.384 303 50 1 1 0
./complex_md-fit_21.pdb BC A 7.71895 24.5292 -15.4514 -4.7876 -10.5835 -21.8611 -1.04707 34.8633 -22.6461 3.16564 5.72873 1.4537 0 0 0 0.26253 2.61803 0 0 0 0 0 0 2.384 303 49 0 0 0
./complex_md-fit_220.pdb BC A 10.1985 31.2775 -10.3906 -4.89389 -16.2865 -21.0502 -0.935074 36.6635 -20.0894 6.72629 7.48197 1.7123 0 0 0 0.288529 2.76269 -0.00806115 0 0 0 0 0 2.384 303 50 0 0 0
./complex_md-fit_221.pdb BC A 7.74184 26.7924 -12.1714 -6.45357 -13.0231 -21.3505 -0.897065 36.4392 -21.2682 3.90045 7.80139 2.44498 0 0 0 0.235146 1.88641 -1.11022e-16 0 0 0 0 0 2.384 303 49 0 0 0
./complex_md-fit_222.pdb BC A 10.4309 29.4128 -7.10426 -3.13207 -12.444 -21.9022 -0.966485 37.7795 -21.0592 5.06367 7.5416 1.25223 0 0 0 0.76277 2.61076 0 0 0 0 0 2.22045e-16 2.384 303 45 1 1 0
./complex_md-fit_223.pdb BC A 9.48116 37.5646 -10.6327 -6.06218 -15.2627 -21.6252 -1.06115 36.7189 -20.8351 6.03758 8.74832 2.50368 0 0 0 0.205095 1.46043 0 0 0 0 0 0 2.384 303 46 2 2 0
./complex_md-fit_224.pdb BC A 8.28825 26.7251 -13.8152 -4.89236 -15.8295 -21.0965 -0.808891 34.9182 -20.6707 4.22889 7.97518 2.12171 0 0 0 0.238803 1.62395 -5.55112e-17 0 0 0 0 0 2.384 303 48 0 0 0
./complex_md-fit_225.pdb BC A 10.2215 31.5926 -12.4503 -6.40652 -13.6918 -21.4292 -0.968537 34.6202 -20.644 6.5858 7.52698 1.78761 0 0 0 0.160876 1.46217 0.00312133 0 0 0 0 0.00519391 2.384 303 45 1 1 0
./complex_md-fit_226.pdb BC A 8.48007 38.0874 -11.8134 -5.95255 -11.3602 -21.8136 -1.05915 36.1867 -22.0106 4.91634 6.74456 2.24062 0 0 0 0.308334 2.75481 -0.013853 0 0 0 0 0 2.384 303 54 1 1 0
./complex_md-fit_227.pdb BC A 9.09386 25.4719 -10.038 -5.25657 -13.2954 -21.1382 -0.827603 34.2902 -20.417 7.15578 6.37478 2.91546 0 0 0 0.160652 1.44298 0 0 0 0 0 0 2.384 303 46 1 1 0
./complex_md-fit_228.pdb BC A 8.85402 31.8519 -21.8864 -9.10766 -16.7094 -21.2297 -0.759554 33.1105 -21.1962 3.62807 7.21028 2.72568 0 0 0 0.441637 1.51903 0 0 0 0 0 0 2.384 303 46 0 0 0
./complex_md-fit_229.pdb BC A 7.49869 42.2036 -11.6207 -3.88923 -11.0586 -20.2497 -0.799026 31.8833 -20.6617 4.35922 6.2532 1.98349 0 0 0 0.558307 1.31799 0 0 0 0 0 0 2.384 303 41 0 0 0
./complex_md-fit_22.pdb BC A 8.25702 29.1866 -9.76425 -4.64275 -10.422 -22.9074 -0.91822 39.096 -22.7581 3.59021 7.39192 1.39856 0 0 0 0.427845 1.9826 -0.0202718 0 0 0 0 0 2.384 303 50 0 0 0
./complex_md-fit_230.pdb BC A 10.9838 33.3917 -17.8926 -7.74933 -14.8519 -21.744 -0.979157 35.4608 -21.5814 3.05112 7.76504 2.58123 0 0 0 0.148952 1.45321 0.0060014 0 0 0 0 0 2.384 303 48 0 0 0
./complex_md-fit_231.pdb BC A 9.16947 26.1929 -8.03781 -4.2249 -10.6197 -19.9762 -0.89672 32.2733 -20.2523 7.39002 5.9407 2.06042 0 0 0 0.267686 1.32021 0 0 0 0 0 0 2.384 303 43 3 3 0
./complex_md-fit_232.pdb BC A 10.2748 26.4064 -12.1546 -5.54356 -14.8503 -20.4059 -0.861742 34.4464 -19.9119 5.68404 6.62609 2.55119 0 0 0 0.111042 1.33887 0 0 0 0 0 0 2.384 303 45 1 1 0
./complex_md-fit_233.pdb BC A 8.76699 23.8917 -13.1276 -4.97504 -14.0149 -19.3375 -0.803891 31.0161 -18.819 4.32601 7.45425 1.9013 0 0 0 0.125021 1.36838 -1.11022e-16 0 0 0 0 0 2.384 303 41 0 0 0
./complex_md-fit_234.pdb BC A 8.77524 29.5307 -9.04611 -4.16383 -12.028 -19.4425 -0.750516 31.4648 -18.5309 5.32025 6.08398 2.50425 0 0 0 0.496376 1.34556 1.11022e-16 0 0 0 0 0 2.384 303 42 0 0 0
./complex_md-fit_235.pdb BC A 8.15196 33.539 -8.74607 -5.68653 -11.99 -19.9726 -0.869766 34.5006 -19.0925 4.62401 7.03676 2.33603 0 0 0 0.367862 2.52292 0 0 0 0 0 0 2.384 303 41 0 0 0
./complex_md-fit_236.pdb BC A 8.96955 26.9758 -9.88323 -6.47141 -12.0216 -21.2559 -0.89362 36.1208 -20.1295 6.15336 6.88883 1.54733 0 0 0 0.178491 1.62312 0 0 0 0 0 0 2.384 303 46 0 0 0
./complex_md-fit_237.pdb BC A 9.50621 32.0075 -9.82795 -4.28571 -14.9341 -20.1034 -0.728006 35.1818 -18.5537 4.77659 6.88766 1.42142 0 0 0 0.509402 2.52286 0 0 0 0 0 0 2.384 303 45 1 1 0
./complex_md-fit_238.pdb BC A 8.3671 31.1185 -5.46178 -5.17129 -11.6244 -20.0164 -0.862321 33.7603 -19.4464 7.95373 8.00936 1.82424 0 0 0 0.111435 1.66444 0 0 0 0 0 0 2.384 303 46 2 2 0
./complex_md-fit_239.pdb BC A 8.26385 33.4 -11.3159 -7.14656 -12.885 -20.3038 -0.85083 33.6125 -19.3054 5.14933 6.77051 2.96698 0 0 0 0.676414 1.27724 0 0 0 0 0 0 2.384 303 44 1 1 0
./complex_md-fit_23.pdb BC A 8.81494 27.0287 -12.3074 -8.02202 -11.9433 -24.1161 -0.979705 40.3104 -24.085 5.82089 8.32171 2.27692 0 0 0 0.121153 2.21039 -0.0123289 0 0 0 0 0 2.384 303 51 1 1 0
./complex_md-fit_240.pdb BC A 6.23626 30.445 -16.5794 -5.72408 -15.9503 -21.0334 -0.951348 34.4002 -19.8789 3.26133 7.55341 1.28371 0 0 0 0.459957 1.46217 0 0 0 0 0 0 2.384 303 43 0 0 0
./complex_md-fit_241.pdb BC A 9.7643 30.2362 -12.5045 -5.28948 -14.5533 -21.2582 -0.723765 34.7705 -20.1147 4.53362 7.6647 2.10665 0 0 0 0.359426 2.76574 2.77556e-17 0 0 0 0 0 2.384 303 46 0 0 0
./complex_md-fit_242.pdb BC A 7.93912 38.0872 -13.6559 -4.241 -14.6837 -23.5492 -0.832427 36.6388 -23.4903 5.3138 9.15786 1.32705 0 0 0 0.703262 2.29323 0 0 0 0 0 0 2.384 303 47 1 1 0
./complex_md-fit_243.pdb BC A 9.47749 28.534 -13.0887 -5.71914 -17.7146 -23.3706 -1.15452 38.7672 -22.5639 6.20498 9.29538 2.71104 0 0 0 0.422909 2.45769 0.0325657 0 0 0 0 0 2.384 303 48 0 0 0
./complex_md-fit_244.pdb BC A 6.38109 35.5925 -8.96146 -5.48993 -17.3213 -23.6994 -1.0264 40.5042 -22.4894 8.40436 9.39496 2.40889 0 0 0 0.35244 1.931 -5.55112e-17 0 0 0 0 0 2.384 303 47 3 3 0
./complex_md-fit_245.pdb BC A 9.83459 40.2965 -13.1292 -5.97539 -15.2194 -24.2232 -0.961297 41.7337 -23.5443 4.92447 7.90925 2.05331 0 0 0 0.173745 2.03595 0 0 0 0 0 0 2.384 303 52 0 0 0
./complex_md-fit_246.pdb BC A 9.29933 29.1332 -13.6935 -3.61786 -17.6818 -23.1471 -1.14972 41.1585 -22.3865 4.70605 6.86836 1.29753 0 0 0 0.268611 2.64213 -0.00951701 0 0 0 0 0 2.384 303 51 1 1 0
./complex_md-fit_247.pdb BC A 7.22472 37.8181 -7.82617 -6.07515 -14.2752 -25.2776 -1.14138 43.2992 -24.5362 8.3933 8.72345 2.53718 0 0 0 0.521576 1.6352 0 0 0 0 0 0.00469213 2.384 303 50 2 2 0
./complex_md-fit_248.pdb BC A 7.57765 27.511 -7.93731 -4.16968 -12.4457 -22.9209 -1.10814 38.5068 -22.1987 7.42243 7.15645 1.66401 0 0 0 0.156142 1.96779 0 0 0 0 0 0 2.384 303 45 2 2 0
./complex_md-fit_249.pdb BC A 10.0711 33.0132 -7.569 -5.5463 -13.9077 -23.3248 -0.937117 38.9703 -22.8758 10.2242 8.08602 1.53494 0 0 0 0.207233 1.57272 0 0 0 0 0 0 2.384 303 49 3 3 0
./complex_md-fit_24.pdb BC A 8.00495 25.5295 -13.2726 -7.52814 -12.2367 -22.9502 -0.789229 37.8262 -22.7633 4.88625 8.71597 1.23824 0 0 0 0.337547 2.04868 -0.00931978 0 0 0 0 0 2.384 303 52 1 1 0
./complex_md-fit_250.pdb BC A 9.27774 27.0415 -11.6618 -4.55169 -17.1408 -22.9256 -0.986188 39.6988 -22.0624 6.23069 8.32859 1.63988 0 0 0 0.106963 2.74826 0 0 0 0 0 0 2.384 303 46 0 0 0
./complex_md-fit_251.pdb BC A 6.63872 32.547 -12.1221 -5.57926 -17.9014 -22.4109 -0.988138 38.1381 -21.4692 6.80423 8.7818 2.29306 0 0 0 0.209616 1.43197 0 0 0 0 0 0 2.384 303 45 1 1 0
./complex_md-fit_252.pdb BC A 7.79103 23.171 -15.4536 -5.04314 -20.2282 -25.375 -1.13259 43.268 -25.0079 7.12509 8.94648 1.75424 0 0 0 0.23939 2.96958 0 0 0 0 0 0 2.384 303 50 0 0 0
./complex_md-fit_253.pdb BC A 9.01179 31.6776 -11.5276 -5.97987 -15.8627 -25.6299 -1.12814 44.2261 -25.1871 6.66646 9.64475 1.64596 0 0 0 0.0928049 3.34239 -0.0213543 0 0 0 0 0.005313 2.384 303 50 1 1 0
./complex_md-fit_254.pdb BC A 7.69281 32.447 -10.2149 -5.08042 -15.2292 -23.7368 -1.03343 41.0428 -22.8868 5.15997 8.50524 2.71687 0 0 0 0.304711 2.8104 0.0221835 0 0 0 0 0 2.384 303 48 1 1 0
./complex_md-fit_255.pdb BC A 8.3838 34.1338 -10.6312 -6.38033 -16.0183 -22.9387 -1.11623 39.1146 -21.8232 6.18979 9.38904 2.81928 0 0 0 0.132889 3.01181 0 0 0 0 0 0 2.384 303 49 1 1 0
./complex_md-fit_256.pdb BC A 7.76445 33.2091 -5.07954 -5.37157 -14.4913 -24.5073 -0.887632 43.2681 -24.0346 7.92763 10.1219 2.67733 0 0 0 0.217914 2.87241 0 0 0 0 0 0 2.384 303 48 1 1 0
./complex_md-fit_257.pdb BC A 11.2307 35.6713 -3.25975 -4.26274 -11.1078 -25.3676 -1.00391 43.0054 -24.4153 10.0964 7.30568 1.85166 0 0 0 0.633211 3.29091 -2.77556e-17 0 0 0 0 0.00524133 2.384 303 48 2 2 0
./complex_md-fit_258.pdb BC A 6.83849 30.4818 -9.54337 -5.07261 -16.3919 -23.8088 -1.15514 41.1706 -22.9898 7.20111 9.15033 2.18067 0 0 0 0.172185 1.61026 0 0 0 0 0 0 2.384 303 49 1 1 0
./complex_md-fit_259.pdb BC A 8.73576 36.732 -9.53588 -6.21218 -15.0047 -24.4669 -1.15018 41.0653 -23.8214 7.6939 9.21718 2.66517 0 0 0 0.477963 3.194 0 0 0 0 0 0 2.384 303 48 3 3 0
./complex_md-fit_25.pdb BC A 8.26776 24.8112 -12.8319 -8.36851 -12.9204 -22.5477 -0.91902 37.9468 -22.029 4.9285 8.68808 2.23963 0 0 0 0.149643 1.942 0 0 0 0 0 -1.11022e-16 2.384 303 54 0 0 0
./complex_md-fit_260.pdb BC A 7.82403 31.5284 -13.9198 -6.38432 -18.595 -24.1269 -1.13729 40.6201 -23.1539 5.95958 10.1213 2.60434 0 0 0 0.172223 2.96428 1.11022e-16 0 0 0 0 2.22045e-16 2.384 303 47 0 0 0
./complex_md-fit_261.pdb BC A 9.13852 31.1975 -13.5564 -6.04514 -17.0844 -25.3959 -1.15957 43.0003 -24.385 6.15826 9.08361 2.13122 0 0 0 0.140232 1.61737 0 0 0 0 0 0 2.384 303 51 1 1 0
./complex_md-fit_262.pdb BC A 6.26369 32.14 -11.3637 -5.13716 -17.113 -24.158 -1.11928 41.973 -23.4108 6.72291 8.85586 1.65815 0 0 0 0.364598 1.9627 0 0 0 0 0 0 2.384 303 49 1 1 0
./complex_md-fit_263.pdb BC A 6.83938 29.1732 -12.1392 -6.20854 -14.3582 -23.634 -0.896926 38.6197 -23.3029 6.65713 8.92891 1.94167 0 0 0 0.113916 1.88241 0 0 0 0 0 0 2.384 303 48 1 1 0
./complex_md-fit_264.pdb BC A 8.64008 32.8199 -9.55048 -5.13198 -16.9716 -23.2769 -0.911682 38.7879 -21.8949 7.82535 8.69577 3.1178 0 0 0 0.209838 1.82348 -5.55112e-17 0 0 0 0 0 2.384 303 51 3 3 0
./complex_md-fit_265.pdb BC A 6.30631 32.2961 -11.3639 -5.3227 -16.0257 -25.0173 -1.04832 42.0925 -24.5591 6.43501 9.38505 2.5359 0 0 0 0.137212 2.95541 0.0234794 0 0 0 0 0 2.384 303 52 0 0 0
./complex_md-fit_266.pdb BC A 7.49345 33.2152 -14.5227 -4.42458 -17.5411 -24.3415 -0.987265 42.1123 -23.8037 4.2162 7.67398 2.28141 0 0 0 0.262736 2.67305 0.0288136 0 0 0 0 0 2.384 303 48 0 0 0
./complex_md-fit_267.pdb BC A 9.62019 32.1803 -12.5267 -4.50772 -16.9095 -23.4181 -0.777887 39.582 -22.6305 6.49108 7.94075 1.47817 0 0 0 0.224966 2.847 0 0 0 0 0 0 2.384 303 47 0 0 0
./complex_md-fit_268.pdb BC A 6.78122 28.2848 -13.4398 -5.14665 -19.2982 -24.9486 -1.23636 42.9432 -24.0567 6.22538 9.19585 2.55766 0 0 0 0.324798 1.88169 0 0 0 0 0 0 2.384 303 51 1 1 0
./complex_md-fit_269.pdb BC A 8.46705 32.7268 -5.82715 -3.86863 -14.0119 -23.8696 -0.966659 41.7664 -22.4954 6.83041 8.78513 1.83404 0 0 0 0.169031 2.64243 0 0 0 0 0 0 2.384 303 47 1 1 0
./complex_md-fit_26.pdb BC A 7.03062 29.0968 -16.0987 -8.04135 -13.0804 -23.931 -0.782442 39.5245 -24.0879 3.87772 8.1431 2.12448 0 0 0 0.15457 2.09392 1.38778e-17 0 0 0 0 0 2.384 303 53 0 0 0
./complex_md-fit_270.pdb BC A 8.47854 40.6341 -14.1282 -5.92752 -15.5595 -24.5728 -1.00649 39.7497 -24.0139 5.5175 8.13065 3.20484 0 0 0 0.34225 2.55911 0 0 0 0 0 0.00699139 2.384 303 48 1 1 0
./complex_md-fit_271.pdb BC A 9.087 28.3068 -15.1715 -5.45958 -17.5856 -24.4712 -1.13399 41.0539 -23.5282 5.26331 8.75695 1.64374 0 0 0 0.289092 2.42157 0 0 0 0 0 0 2.384 303 47 0 0 0
./complex_md-fit_272.pdb BC A 6.73813 32.7315 -18.4149 -3.89422 -20.2629 -23.9934 -0.995975 38.4963 -23.5925 5.91143 7.18835 2.32798 0 0 0 0.399973 1.80449 0 0 0 0 0 0 2.384 303 46 2 2 0
./complex_md-fit_273.pdb BC A 9.45841 33.3229 -10.9011 -5.66059 -17.7372 -23.8786 -0.986145 41.1869 -22.74 7.19849 9.61404 1.72375 0 0 0 0.378162 2.17105 0 0 0 0 0 0 2.384 303 49 1 1 0
./complex_md-fit_274.pdb BC A 7.31098 32.5464 -10.3391 -5.39416 -14.936 -23.6611 -0.782335 39.799 -22.8582 6.80588 8.13581 2.20133 0 0 0 0.329236 3.24581 0.0215651 0 0 0 0 0 2.384 303 45 1 1 0
./complex_md-fit_275.pdb BC A 8.29985 28.9412 -5.4267 -3.54543 -14.9498 -24.0571 -1.23265 43.5388 -22.8225 5.9177 9.13658 2.19041 0 0 0 0.369336 3.44331 0.0278935 0 0 0 0 0 2.384 303 48 1 1 0
./complex_md-fit_276.pdb BC A 6.08163 34.1621 -15.176 -5.11104 -17.6887 -23.3106 -1.00282 39.4414 -22.2998 5.10054 8.25909 1.27832 0 0 0 0.157527 3.08923 0 0 0 0 0 0 2.384 303 46 1 1 0
./complex_md-fit_277.pdb BC A 8.32101 28.8053 -13.6023 -4.41655 -17.4829 -23.6928 -0.985161 39.7841 -23.209 4.89956 8.4748 2.57792 0 0 0 0.447774 2.04001 0 0 0 0 0 0 2.384 303 45 0 0 0
./complex_md-fit_278.pdb BC A 8.88871 36.2437 -10.6018 -4.41544 -17.2692 -24.5116 -1.15983 41.4435 -23.602 7.90542 9.20196 1.73476 0 0 0 0.0705775 2.9257 0 0 0 0 0 0 2.384 303 49 1 1 0
./complex_md-fit_279.pdb BC A 8.48776 24.6945 -9.83241 -5.27673 -14.4486 -25.0888 -1.14903 42.628 -24.3591 6.21682 8.50722 2.66432 0 0 0 0.473548 2.189 0 0 0 0 0 0 2.384 303 51 1 1 0
./complex_md-fit_27.pdb BC A 9.59693 39.1836 -14.6976 -7.48054 -11.6769 -22.4183 -0.657822 35.727 -22.4289 3.61479 7.71989 2.41395 0 0 0 0.489241 1.86202 -2.77556e-17 0 0 0 0 0 2.384 303 52 0 0 0
./complex_md-fit_280.pdb BC A 7.04905 33.2713 -10.9773 -5.34377 -14.8985 -25.0599 -1.15537 43.4203 -24.3376 6.2246 8.13879 1.70254 0 0 0 0.308576 1.99692 0.0230009 0 0 0 0 0 2.384 303 47 0 0 0
./complex_md-fit_281.pdb BC A 7.14451 31.6322 -12.2247 -4.93636 -16.9033 -24.9795 -0.937758 41.0494 -24.7824 6.72782 8.65941 3.46422 0 0 0 0.413777 2.06826 0 0 0 0 0 0 2.384 303 49 1 1 0
./complex_md-fit_282.pdb BC A 6.9312 32.028 -13.3694 -3.23656 -14.8486 -23.8802 -0.89198 39.7999 -23.6195 3.24905 7.23454 2.28786 0 0 0 0.536118 2.83961 0 0 0 0 0 0 2.384 303 45 0 0 0
./complex_md-fit_283.pdb BC A 6.67909 35.6284 -8.3213 -5.10661 -10.9482 -24.9352 -0.943293 43.1982 -24.5893 4.48004 8.18018 2.05527 0 0 0 0.287602 2.49823 0 0 0 0 0 0 2.384 303 48 1 1 0
./complex_md-fit_284.pdb BC A 7.80035 28.5763 -12.2673 -5.78563 -16.116 -24.9875 -0.924759 42.3683 -24.7583 5.86995 9.49103 2.46261 0 0 0 0.13467 3.11859 -0.0217071 0 0 0 0 0 2.384 303 48 1 1 0
./complex_md-fit_285.pdb BC A 6.82976 39.0789 -14.0035 -4.95126 -15.503 -24.4722 -1.06693 39.7567 -24.0745 6.04137 7.93436 2.00505 0 0 0 0.307304 3.15737 0.0195794 0 0 0 0 0 2.384 303 48 0 0 0
./complex_md-fit_286.pdb BC A 8.46674 32.9749 -17.4764 -4.73846 -20.2058 -23.451 -1.25011 39.183 -22.7226 3.72299 9.78288 1.85463 0 0 0 0.347968 1.80312 0 0 0 0 0 0 2.384 303 50 0 0 0
./complex_md-fit_287.pdb BC A 6.58468 33.2461 -18.6773 -6.53818 -22.5875 -24.0986 -1.14915 40.1127 -23.1228 5.7795 9.55857 2.99894 0 0 0 0.339525 1.93499 0.0249584 0 0 0 0 0.00486421 2.384 303 48 1 1 0
./complex_md-fit_288.pdb BC A 8.89192 32.6471 -4.44487 -3.98269 -10.5401 -24.8027 -0.851593 42.4471 -24.3536 7.46842 7.10924 2.44789 0 0 0 0.613128 3.17442 0 0 0 0 0 0 2.384 303 47 1 1 0
./complex_md-fit_289.pdb BC A 8.25476 33.9762 -17.2435 -5.17189 -17.6835 -23.1207 -1.08837 37.3009 -22.8215 2.87113 9.31625 2.89841 0 0 0 0.255744 2.47202 -5.55112e-17 0 0 0 0 0 2.384 303 48 0 0 0
./complex_md-fit_28.pdb BC A 9.65682 28.9118 -12.1227 -3.85363 -12.4111 -22.5295 -0.833454 36.8641 -22.5913 3.60331 7.99334 1.40021 0 0 0 0.235402 1.9028 0 0 0 0 0 0 2.384 303 50 0 0 0
./complex_md-fit_290.pdb BC A 6.81104 34.9948 -10.0602 -5.13434 -16.2274 -24.7404 -0.990194 42.4748 -23.9861 8.12931 8.11673 1.91352 0 0 0 0.38399 1.74704 5.55112e-17 0 0 0 0 0 2.384 303 51 1 1 0
./complex_md-fit_291.pdb BC A 7.82475 32.4961 -7.76208 -4.54708 -14.4068 -24.9731 -1.02924 41.683 -24.236 8.19499 8.50575 2.75677 0 0 0 0.264163 2.71994 0.0254357 0 0 0 0 0 2.384 303 47 1 1 0
./complex_md-fit_292.pdb BC A 8.61417 33.349 -15.5079 -5.4225 -18.2643 -23.5797 -1.12898 39.6049 -22.6147 5.12936 9.56738 0.997515 0 0 0 0.203119 2.85705 0 0 0 0 0 2.22045e-16 2.384 303 47 0 0 0
./complex_md-fit_293.pdb BC A 7.76549 30.884 -12.2004 -5.67759 -15.2429 -24.058 -1.06716 39.6752 -23.4182 5.95818 9.42939 1.98329 0 0 0 0.21725 3.03045 0 0 0 0 0 0 2.384 303 50 1 1 0
./complex_md-fit_294.pdb BC A 8.50787 26.7545 -16.8344 -4.73547 -16.9414 -21.823 -0.989637 36.8975 -21.7103 2.41673 8.96918 1.00483 0 0 0 0.0772703 1.72964 0 0 0 0 0 0 2.384 303 50 0 0 0
./complex_md-fit_295.pdb BC A 8.08921 30.0482 -12.0639 -5.26818 -14.8432 -25.3371 -1.12012 42.5649 -25.1456 6.58971 7.41297 3.02001 0 0 0 0.0852828 3.4162 -0.0224716 0 0 0 0 0 2.384 303 51 0 0 0
./complex_md-fit_296.pdb BC A 7.24749 34.5768 -12.4474 -4.40765 -14.9039 -24.8899 -1.10298 40.8954 -24.8254 6.14423 7.80482 2.52527 0 0 0 0.290869 2.94033 0.0217283 0 0 0 0 0 2.384 303 47 0 0 0
./complex_md-fit_297.pdb BC A 7.60297 39.9028 -12.4656 -4.5031 -14.4958 -24.9824 -0.992244 41.566 -24.3732 4.97539 8.06119 1.79662 0 0 0 0.481882 3.04252 0 0 0 0 0 0 2.384 303 53 0 0 0
./complex_md-fit_298.pdb BC A 6.8949 37.7841 -12.2174 -3.86164 -17.7211 -23.7838 -1.15209 40.0047 -22.8831 4.46763 9.875 2.40759 0 0 0 0.429397 2.25448 0 0 0 0 0 0 2.384 303 50 0 0 0
./complex_md-fit_299.pdb BC A 7.17052 32.0587 -18.5717 -6.67582 -17.9274 -24.6342 -1.08999 41.4346 -24.1458 3.0835 8.74224 2.17486 0 0 0 0.466297 1.79473 0 0 0 0 0 0 2.384 303 51 0 0 0
./complex_md-fit_29.pdb BC A 7.33288 30.7992 -8.15935 -5.65216 -9.29113 -22.0475 -0.53204 35.7991 -21.7742 5.80666 6.83038 2.5654 0 0 0 0.136095 2.06972 0 0 0 0 0 0 2.384 303 49 0 0 0
./complex_md-fit_2.pdb BC A 8.82367 30.215 -9.34861 -8.34419 -4.94129 -25.6632 -0.458074 41.5391 -27.2052 4.49333 6.68126 4.08379 0 0 0 0.457978 2.98918 0.000898022 0 0 0 0 0.00696196 2.384 303 51 1 1 0
./complex_md-fit_300.pdb BC A 8.20181 34.851 -17.215 -5.77752 -17.8926 -22.8955 -1.23844 39.2466 -22.0885 3.80501 8.05827 1.02502 0 0 0 0.542643 1.68183 0 0 0 0 0 0 2.384 303 49 0 0 0
./complex_md-fit_301.pdb BC A 7.38176 32.5537 -16.2863 -6.3225 -21.9527 -24.5473 -1.24075 41.4471 -23.3887 8.28335 9.55124 1.61314 0 0 0 0.270766 2.8918 0 0 0 0 0 0 2.384 303 46 4 4 0
./complex_md-fit_302.pdb BC A 7.97604 36.2378 -12.7222 -6.01262 -18.2243 -23.5843 -1.11489 40.5921 -22.6187 7.0531 9.04869 1.71755 0 0 0 0.421227 2.93231 0 0 0 0 0 0 2.384 303 46 1 1 0
./complex_md-fit_303.pdb BC A 9.34839 35.1633 -12.1747 -5.84469 -15.8655 -24.08 -0.880002 40.8432 -23.3759 5.07057 8.39825 3.44874 0 0 0 0.110631 3.08302 0 0 0 0 0 0 2.384 303 49 0 0 0
./complex_md-fit_304.pdb BC A 8.49022 32.9581 -14.9248 -5.71789 -13.3737 -24.1346 -1.09838 38.9112 -23.9971 5.78847 7.17852 1.44526 0 0 0 0.0733729 2.19021 5.55112e-17 0 0 0 0 0 2.384 303 48 1 1 0
./complex_md-fit_305.pdb BC A 7.73517 29.2474 -13.0797 -5.46522 -14.7825 -25.4257 -1.02102 42.1935 -24.6718 5.61239 7.33607 2.28675 0 0 0 0.857683 3.02237 0 0 0 0 0 0 2.384 303 52 0 0 0
./complex_md-fit_306.pdb BC A 7.93399 33.851 -9.81892 -4.45694 -14.4161 -24.4585 -1.24053 42.0748 -23.5737 4.85415 8.76954 2.0284 0 0 0 0.599945 2.84908 0 0 0 0 0 0 2.384 303 49 0 0 0
./complex_md-fit_307.pdb BC A 8.57002 31.7892 -8.16178 -4.38002 -15.0653 -23.516 -1.08962 40.4939 -22.8177 9.63024 6.66432 1.60022 0 0 0 0.318117 2.01702 0 0 0 0 0 0 2.384 303 48 2 2 0
./complex_md-fit_308.pdb BC A 8.15476 35.5237 -14.1705 -4.76892 -17.0412 -24.7031 -1.17333 41.3583 -24.222 6.46335 7.65259 2.18078 0 0 0 0.0831007 2.4625 0 0 0 0 0 0 2.384 303 49 0 0 0
./complex_md-fit_309.pdb BC A 8.41505 27.3826 -9.32476 -4.0029 -13.6439 -24.3082 -1.1758 42.7323 -23.4858 5.91302 7.008 1.32789 0 0 0 0.310529 2.99953 0 0 0 0 0 0 2.384 303 48 1 1 0
./complex_md-fit_30.pdb BC A 6.41582 24.6089 -12.8338 -6.5893 -10.6149 -22.1957 -0.777568 35.7544 -22.6587 4.55704 7.0783 2.37662 0 0 0 0.236016 2.20681 0 0 0 0 0 0 2.384 303 48 0 0 0
./complex_md-fit_310.pdb BC A 6.86897 24.9023 -12.9796 -4.82246 -15.7941 -25.1101 -1.10742 42.3789 -24.7114 5.08838 9.17176 1.87159 0 0 0 0.0552376 2.16474 -2.77556e-17 0 0 0 0 0 2.384 303 51 0 0 0
./complex_md-fit_311.pdb BC A 8.27583 28.9508 -12.7125 -4.4604 -14.8176 -24.8538 -0.948724 40.2199 -24.5001 7.19612 6.87874 2.46962 0 0 0 0.103803 1.62865 0 0 0 0 0 0 2.384 303 46 0 0 0
./complex_md-fit_312.pdb BC A 6.77949 32.1674 -15.0651 -5.64774 -17.4052 -25.4197 -1.2456 42.3161 -24.7851 6.22847 9.29218 1.30147 0 0 0 0.300034 2.0867 0 0 0 0 0 0 2.384 303 50 0 0 0
./complex_md-fit_313.pdb BC A 9.61155 34.3489 -14.2583 -4.82206 -18.8134 -22.3199 -1.08108 39.0724 -21.4242 3.89564 9.01725 1.87021 0 0 0 0.346812 1.34611 0 0 0 0 0 0 2.384 303 50 0 0 0
./complex_md-fit_314.pdb BC A 7.71898 31.7166 -15.8272 -6.34423 -19.6839 -23.754 -0.999222 40.2338 -23.0092 5.27183 10.6247 1.38721 0 0 0 0.445751 2.36234 0 0 0 0 0 0 2.384 303 47 1 1 0
./complex_md-fit_315.pdb BC A 7.00538 35.5898 -16.3346 -4.82846 -19.3333 -24.3867 -1.11369 40.6734 -23.85 3.87625 10.2811 1.66573 0 0 0 0.6811 2.49832 0 0 0 0 0 0 2.384 303 47 0 0 0
./complex_md-fit_316.pdb BC A 6.667 31.7239 -12.2606 -4.73987 -16.9219 -24.4927 -1.05173 41.7076 -23.7715 4.99556 9.6931 2.18395 0 0 0 0.113992 1.74735 0.0228967 0 0 0 0 0 2.384 303 47 0 0 0
./complex_md-fit_317.pdb BC A 8.02901 27.9841 -17.2181 -5.35339 -17.504 -23.1196 -1.08353 39.2158 -22.4539 2.92746 7.61686 2.22707 0 0 0 0.3092 2.89311 0 0 0 0 0 0 2.384 303 46 0 0 0
./complex_md-fit_318.pdb BC A 6.4925 33.8786 -13.0543 -3.69601 -16.2275 -23.8987 -0.990222 39.5203 -23.2264 6.07709 7.74572 1.54986 0 0 0 0.0917169 1.72445 0 0 0 0 0 0 2.384 303 46 0 0 0
./complex_md-fit_319.pdb BC A 6.35808 32.9098 -17.5577 -6.1614 -18.3193 -24.4869 -1.09958 39.8478 -24.0778 6.39655 8.50242 1.68707 0 0 0 0.153365 1.82117 0 0 0 0 0 0 2.384 303 49 0 0 0
./complex_md-fit_31.pdb BC A 8.88641 28.2881 -9.35756 -4.25629 -10.2417 -22.5423 -0.812275 37.1408 -22.9954 6.33875 5.84414 1.68299 0 0 0 0.460768 2.87065 0.0229203 0 0 0 0 0 2.384 303 48 1 1 0
./complex_md-fit_320.pdb BC A 7.43876 33.6294 -18.4365 -4.71267 -18.555 -24.0491 -0.983338 39.0419 -23.4632 3.31167 8.70342 1.97576 0 0 0 0.293998 2.73103 0 0 0 0 0 0 2.384 303 48 0 0 0
./complex_md-fit_321.pdb BC A 7.1028 27.8249 -16.1245 -4.86683 -16.3855 -24.8327 -1.17957 39.9847 -24.8471 4.25511 9.73422 1.58552 0 0 0 0.427608 1.34127 0 0 0 0 0 0 2.384 303 45 0 0 0
./complex_md-fit_322.pdb BC A 7.305 39.9985 -17.3827 -5.19583 -17.1782 -25.8305 -1.10025 42.1826 -25.1807 4.37355 7.99785 2.08765 0 0 0 0.446689 2.00658 0.0145332 0 0 0 0 0 2.384 303 48 0 0 0
./complex_md-fit_323.pdb BC A 6.29025 30.0262 -9.75328 -2.18964 -13.3672 -24.3588 -0.87729 42.5396 -24.1622 3.28866 7.36504 1.86636 0 0 0 0.142218 1.778 0 0 0 0 0 0 2.384 303 46 0 0 0
./complex_md-fit_324.pdb BC A 7.21538 31.1915 -11.9608 -4.05853 -18.3325 -24.1566 -1.02392 40.8373 -23.7968 7.85789 8.3375 1.81824 0 0 0 0.556582 2.07106 0 0 0 0 0 0 2.384 303 45 1 1 0
./complex_md-fit_325.pdb BC A 5.42637 28.323 -5.08364 -3.61024 -13.0725 -23.5362 -1.10749 42.1584 -22.7827 8.65122 6.63643 1.42409 0 0 0 0.133435 1.59991 0.02186 0 0 0 0 0 2.384 303 48 1 1 0
./complex_md-fit_326.pdb BC A 8.29438 28.4615 -10.7454 -4.19589 -13.7702 -23.4243 -0.914338 39.9599 -22.8496 3.26377 9.24799 1.64749 0 0 0 0.289849 1.84201 0 0 0 0 0 0 2.384 303 47 0 0 0
./complex_md-fit_327.pdb BC A 7.47153 34.9715 -16.3688 -5.9352 -17.7423 -23.0172 -0.820951 39.504 -21.5855 3.45473 8.03164 1.30945 0 0 0 0.426464 2.8821 0 0 0 0 0 0.00607222 2.384 303 49 0 0 0
./complex_md-fit_328.pdb BC A 8.21482 39.1211 -12.4423 -5.15764 -17.9529 -24.6965 -1.03994 42.0106 -23.3061 6.36143 8.89584 1.97561 0 0 0 0.444955 2.79956 0.0224116 0 0 0 0 -2.22045e-16 2.384 303 51 1 1 0
./complex_md-fit_329.pdb BC A 7.56564 27.4264 -17.5747 -5.62367 -17.644 -26.0596 -0.970427 41.5834 -25.4535 6.51764 7.80733 2.17943 0 0 0 0.11397 2.2774 -0.0251639 0 0 0 0 0 2.384 303 53 1 1 0
./complex_md-fit_32.pdb BC A 9.18338 37.5128 -11.2307 -6.96043 -9.57679 -20.5873 -0.903738 32.8905 -21.0149 4.71327 7.86584 2.20279 0 0 0 0.140078 1.82853 0 0 0 0 0 0 2.384 303 44 0 0 0
./complex_md-fit_330.pdb BC A 7.89528 30.9354 -9.08983 -5.06077 -12.3049 -24.8401 -0.987631 41.5836 -24.4181 6.4774 6.95105 3.36638 0 0 0 0.143202 1.34863 0 0 0 0 0 0 2.384 303 53 1 1 0
./complex_md-fit_331.pdb BC A 7.10946 27.6031 -16.0383 -6.21593 -15.9988 -25.303 -1.08202 41.3767 -24.5083 5.45513 8.28975 1.74051 0 0 0 0.207577 1.70684 0 0 0 0 0 0 2.384 303 47 1 1 0
./complex_md-fit_332.pdb BC A 7.80932 29.8273 -18.4282 -4.92389 -18.8966 -24.3608 -0.809576 39.816 -23.6129 2.56763 8.25299 3.20415 0 0 0 0.334823 2.0768 -3.46945e-17 0 0 0 0 0 2.384 303 51 0 0 0
./complex_md-fit_333.pdb BC A 7.97706 35.8779 -12.5356 -4.91021 -13.1926 -24.1176 -1.05608 38.6172 -23.821 6.1862 6.80613 2.59855 0 0 0 0.353727 1.76642 0 0 0 0 0 0 2.384 303 47 0 0 0
./complex_md-fit_334.pdb BC A 7.73331 24.3488 -10.4161 -4.21479 -14.1372 -25.31 -0.905972 42.3067 -24.6749 6.83562 7.50818 1.87985 0 0 0 0.296424 1.91548 0 0 0 0 0 0 2.384 303 49 0 0 0
./complex_md-fit_335.pdb BC A 7.66563 27.1927 -16.0505 -5.22391 -18.7348 -25.9072 -1.14272 42.0536 -25.4761 6.75163 9.14528 2.14333 0 0 0 0.340356 2.82067 1.11022e-16 0 0 0 0 0 2.384 303 51 1 1 0
./complex_md-fit_336.pdb BC A 9.17104 33.014 -14.0282 -4.5429 -16.9716 -24.1903 -1.09805 39.8045 -23.6731 6.31326 7.74167 2.38935 0 0 0 0.194229 2.84107 0 0 0 0 0 0.0047571 2.384 303 49 0 0 0
./complex_md-fit_337.pdb BC A 8.13379 37.1913 -5.10419 -4.5104 -9.18777 -23.2645 -0.778463 37.5633 -23.0969 8.48336 6.39613 3.12903 0 0 0 0.161924 1.72819 0 0 0 0 0 0 2.384 303 47 2 2 0
./complex_md-fit_338.pdb BC A 9.5068 28.8493 -13.9317 -4.48611 -15.8417 -23.1733 -0.704895 36.4816 -22.902 6.64809 7.32983 2.60525 0 0 0 0.106623 2.02409 0 0 0 0 0 0.00496411 2.384 303 47 2 2 0
./complex_md-fit_339.pdb BC A 9.52722 35.16 -8.88593 -5.0706 -12.7218 -22.9085 -0.751873 37.5852 -22.2118 8.02825 7.45074 1.46665 0 0 0 0.247804 1.39098 1.11022e-16 0 0 0 0 0 2.384 303 50 2 2 0
./complex_md-fit_33.pdb BC A 7.27254 24.8 -11.4366 -5.45284 -8.56767 -20.6056 -0.777596 31.7926 -21.2662 5.60505 6.24648 1.55617 0 0 0 0.0329851 1.61599 0 0 0 0 0 0 2.384 303 47 1 1 0
./complex_md-fit_340.pdb BC A 8.08855 27.7219 -15.3889 -5.27875 -14.1516 -23.2455 -0.845975 37.2304 -23.1146 4.49769 6.4449 2.80342 0 0 0 0.271072 1.28683 0 0 0 0 0 0 2.384 303 47 0 0 0
./complex_md-fit_341.pdb BC A 8.09511 37.0633 -11.9501 -5.43792 -13.507 -23.5553 -0.745907 39.7647 -23.6909 5.0791 7.03304 2.60331 0 0 0 0.506779 1.23236 0 0 0 0 0 0 2.384 303 52 1 1 0
./complex_md-fit_342.pdb BC A 7.65463 31.4007 -10.8404 -5.05095 -15.1847 -23.8642 -0.557336 40.4519 -23.0582 5.39098 8.21926 2.33904 0 0 0 0.473841 3.12004 0 0 0 0 0 0 2.384 303 48 0 0 0
./complex_md-fit_343.pdb BC A 9.02585 31.233 -10.6428 -4.1851 -16.0438 -23.6494 -0.912867 38.4607 -23.486 7.33147 8.58794 3.13648 0 0 0 0.117834 2.56837 1.11022e-16 0 0 0 0 0 2.384 303 47 1 1 0
./complex_md-fit_344.pdb BC A 8.66354 31.4059 -9.33433 -6.16577 -15.0889 -23.3414 -0.851155 40.9118 -22.2556 6.69682 6.72791 3.88362 0 0 0 0.142206 1.5692 1.11022e-16 0 0 0 0 0.00615446 2.384 303 49 1 1 0
./complex_md-fit_345.pdb BC A 8.79962 31.7896 -17.9449 -5.29709 -18.7216 -23.5846 -0.849999 37.314 -22.7489 3.36805 9.5072 2.93813 0 0 0 0.129867 1.64284 0 0 0 0 0 0 2.384 303 49 0 0 0
./complex_md-fit_346.pdb BC A 6.85234 32.6094 -10.1781 -4.98593 -15.1527 -23.5435 -0.57736 39.2744 -22.5106 6.30755 8.86261 1.87353 0 0 0 0.27384 2.56535 0 0 0 0 0 0 2.384 303 44 1 1 0
./complex_md-fit_347.pdb BC A 10.6481 29.2007 -10.3299 -4.57522 -11.2039 -22.58 -0.541727 37.7682 -22.5952 5.11153 6.81121 1.37151 0 0 0 0.103631 2.86322 0 0 0 0 0 0 2.384 303 49 0 0 0
./complex_md-fit_348.pdb BC A 6.11847 38.44 -12.6127 -4.06479 -16.1337 -24.3538 -0.940401 41.2972 -24.1626 4.96699 8.64818 1.48888 0 0 0 0.641301 2.64479 0 0 0 0 0 0 2.384 303 48 1 1 0
./complex_md-fit_349.pdb BC A 7.32299 36.5468 -11.7186 -3.69945 -14.2564 -23.097 -0.87638 36.8015 -23.3481 6.57234 7.64817 2.35791 0 0 0 0.17885 1.87557 0 0 0 0 0 0 2.384 303 46 2 2 0
./complex_md-fit_34.pdb BC A 6.76116 27.1658 -10.3839 -5.26147 -9.02803 -20.6548 -0.719464 32.4751 -21.1252 4.91703 6.43656 2.24416 0 0 0 0.308279 1.64089 0.0238911 0 0 0 0 -1.11022e-16 2.384 303 46 0 0 0
./complex_md-fit_350.pdb BC A 7.71913 23.077 -13.8122 -5.18837 -14.9798 -23.604 -0.922055 37.9764 -22.8005 6.48682 6.51613 2.48631 0 0 0 0.216879 1.90657 0 0 0 0 0 0 2.384 303 49 0 0 0
./complex_md-fit_351.pdb BC A 7.00191 30.5944 -8.78205 -5.34687 -11.3671 -22.4609 -0.756722 37.0968 -21.3535 4.71227 7.40468 2.8935 0 0 0 0.395906 2.94105 0 0 0 0 0 -2.22045e-16 2.384 303 45 1 1 0
./complex_md-fit_352.pdb BC A 8.41178 30.9683 -13.2327 -5.62713 -13.7704 -22.7935 -1.01824 37.3222 -22.7903 4.72734 8.41928 1.87267 0 0 0 0.425263 2.94146 0 0 0 0 0 0 2.384 303 49 1 1 0
./complex_md-fit_353.pdb BC A 7.31648 25.7428 -10.5766 -4.58818 -11.4903 -22.47 -0.697944 37.0012 -22.1836 5.29568 7.12759 1.38234 0 0 0 0.0466547 2.63202 0 0 0 0 0 0 2.384 303 48 1 1 0
./complex_md-fit_354.pdb BC A 7.81677 27.2357 -11.4327 -4.48659 -12.4677 -22.6631 -0.807913 36.0563 -22.6235 6.19924 7.22843 1.7499 0 0 0 0.382218 2.76018 0 0 0 0 0 0 2.384 303 46 0 0 0
./complex_md-fit_355.pdb BC A 7.76102 25.8102 -10.0721 -3.871 -11.1271 -21.4899 -0.78169 33.7649 -21.3787 5.50508 6.43579 2.3658 0 0 0 0.504656 2.84582 0 0 0 0 0 0 2.384 303 49 0 0 0
./complex_md-fit_356.pdb BC A 6.3013 28.1528 -6.08544 -4.53665 -9.50142 -23.4177 -0.828715 39.2849 -23.1206 8.99746 5.91051 0.913192 0 0 0 0.208749 1.76027 0.00481262 0 0 0 0 0 2.384 303 52 1 1 0
./complex_md-fit_357.pdb BC A 8.4901 26.428 -9.05484 -4.35183 -11.0069 -21.9994 -0.785516 36.5175 -21.568 5.60131 7.2078 1.17353 0 0 0 0.156688 2.88988 0 0 0 0 0 0 2.384 303 46 2 2 0
./complex_md-fit_358.pdb BC A 8.84209 27.2053 -8.72938 -3.85089 -12.817 -23.0716 -1.1433 39.2455 -22.6238 6.44579 7.34412 1.55504 0 0 0 0.180004 2.88616 0.00682368 0 0 0 0 0 2.384 303 49 1 1 0
./complex_md-fit_359.pdb BC A 7.91795 31.3254 -14.6426 -5.93503 -11.9433 -21.624 -0.822596 35.498 -20.9514 2.66811 5.88453 2.39832 0 0 0 0.184699 2.41943 1.11022e-16 0 0 0 0 0 2.384 303 45 0 0 0
./complex_md-fit_35.pdb BC A 9.4315 24.9371 -12.0684 -4.04196 -8.70559 -19.3114 -0.748175 29.5705 -20.2904 5.48651 4.37113 1.34777 0 0 0 0.253167 1.86946 0 0 0 0 0 0 2.384 303 45 1 1 0
./complex_md-fit_360.pdb BC A 9.29259 35.4876 -15.0801 -5.14818 -14.2252 -22.7516 -0.892569 36.1449 -22.222 4.24518 7.26354 2.38772 0 0 0 0.118073 1.76828 0 0 0 0 0 0 2.384 303 45 0 0 0
./complex_md-fit_361.pdb BC A 8.09685 28.1498 -14.3806 -3.43672 -15.3058 -22.2764 -0.919011 36.1323 -22.0096 5.06549 6.00266 2.06383 0 0 0 0.30265 1.73987 0 0 0 0 0 0 2.384 303 46 1 1 0
./complex_md-fit_362.pdb BC A 7.69752 33.2638 -9.30583 -3.42053 -12.2568 -21.8542 -0.870424 35.6919 -21.6093 5.99527 6.89469 2.08816 0 0 0 0.035502 2.29761 -1.9082e-17 0 0 0 0 0 2.384 303 47 1 1 0
./complex_md-fit_363.pdb BC A 7.97829 30.974 -12.4417 -4.72259 -12.8333 -22.2913 -0.961584 37.0587 -22.3118 6.0467 5.58886 1.70741 0 0 0 0.277222 1.75019 0 0 0 0 0 0 2.384 303 46 1 1 0
./complex_md-fit_364.pdb BC A 7.25806 29.1642 -13.3917 -3.38082 -17.8264 -21.8757 -0.861902 37.9499 -21.0813 4.11301 7.61756 1.86748 0 0 0 0.0864891 1.64614 0 0 0 0 0 0 2.384 303 51 1 1 0
./complex_md-fit_365.pdb BC A 6.29027 31.6791 -14.8352 -4.27163 -16.3533 -22.2474 -0.91373 36.0954 -22.0713 3.64522 8.91577 1.84621 0 0 0 0.519601 1.48813 0 0 0 0 0 0 2.384 303 49 0 0 0
./complex_md-fit_366.pdb BC A 6.26125 28.986 -12.7368 -4.08733 -15.2428 -22.4681 -0.74401 36.9649 -22.2348 4.39129 8.1286 2.4323 0 0 0 0.123106 1.46312 0 0 0 0 0 0 2.384 303 50 1 1 0
./complex_md-fit_367.pdb BC A 6.93476 31.2407 -7.05014 -5.57869 -14.0442 -23.244 -0.973604 39.9823 -22.1002 8.58208 7.68244 2.5488 0 0 0 0.0949042 2.88423 0 0 0 0 0 0 2.384 303 50 3 3 0
./complex_md-fit_368.pdb BC A 7.22038 23.8046 -3.05478 -3.08128 -10.1685 -21.5832 -0.936669 37.0448 -20.8985 8.19233 6.97138 1.25617 0 0 0 0.162901 1.58124 -0.0143417 0 0 0 0 0 2.384 303 46 1 1 0
./complex_md-fit_369.pdb BC A 6.80309 31.1109 -8.97348 -5.09188 -13.321 -22.251 -0.932441 36.0184 -21.7629 6.92605 8.522 2.85644 0 0 0 0.0627241 1.49351 0 0 0 0 0 0 2.384 303 49 1 1 0
./complex_md-fit_36.pdb BC A 6.96163 26.1747 -10.5612 -5.88574 -11.2191 -21.2132 -0.940741 34.1575 -21.5905 6.52796 6.84916 2.65169 0 0 0 0.101889 1.62159 0 0 0 0 0 0 2.384 303 48 0 0 0
./complex_md-fit_370.pdb BC A 8.20559 35.7528 -9.06833 -2.84382 -12.0677 -21.3304 -0.908601 36.0187 -21.5571 3.79033 7.262 2.49139 0 0 0 0.0723312 1.57693 0.00449703 0 0 0 0 0 2.384 303 48 0 0 0
./complex_md-fit_371.pdb BC A 6.93087 25.5012 -7.36534 -5.50091 -9.69518 -22.4968 -1.06486 37.4569 -22.1654 7.23763 6.22479 2.29556 0 0 0 0.342914 1.65178 0 0 0 0 0 0 2.384 303 51 2 2 0
./complex_md-fit_372.pdb BC A 9.0496 31.7461 -12.3238 -4.94823 -14.3497 -23.1349 -0.822562 37.9924 -22.6805 5.41233 7.82258 1.73137 0 0 0 0.653502 1.89518 0 0 0 0 0 0 2.384 303 50 1 1 0
./complex_md-fit_373.pdb BC A 7.59091 26.825 -12.521 -4.74879 -13.1615 -22.519 -0.943131 36.2079 -21.8351 4.85491 7.39266 1.98233 0 0 0 0.248716 1.70698 0 0 0 0 0 1.11022e-16 2.384 303 48 1 1 0
./complex_md-fit_374.pdb BC A 10.816 34.111 -8.46676 -6.06638 -11.3879 -21.9709 -0.918329 34.9531 -22.2755 9.22179 7.539 2.27629 0 0 0 0.162115 1.68608 0 0 0 0 0 0 2.384 303 48 2 2 0
./complex_md-fit_375.pdb BC A 10.6437 29.4537 -12.3591 -4.78393 -13.5131 -23.6284 -1.04092 39.5221 -23.418 6.179 6.94871 1.24279 0 0 0 0.132729 3.0977 0 0 0 0 0 0 2.384 303 53 1 1 0
./complex_md-fit_376.pdb BC A 7.84777 20.6184 -10.4812 -5.63481 -11.0531 -22.9741 -1.00707 37.8726 -22.8036 5.29125 7.25577 2.49029 0 0 0 0.0755117 2.01262 0.00598813 0 0 0 0 1.11022e-16 2.384 303 49 0 0 0
./complex_md-fit_377.pdb BC A 8.06303 31.0069 -9.45157 -3.02328 -13.7632 -23.8177 -0.875772 39.4562 -24.1496 7.37497 7.28624 1.72716 0 0 0 0.333392 1.65961 0 0 0 0 0 0 2.384 303 49 1 1 0
./complex_md-fit_378.pdb BC A 6.69438 27.0859 -9.18438 -4.17667 -14.0946 -24.0708 -0.978773 41.5475 -23.7781 4.79081 8.74694 2.2713 0 0 0 0.552078 2.86587 0.00597583 0 0 0 0 0 2.384 303 47 0 0 0
./complex_md-fit_379.pdb BC A 7.64562 28.0992 -13.9509 -5.78256 -11.1762 -23.2111 -1.02983 37.6418 -23.0594 4.07903 6.34739 1.97968 0 0 0 0.263623 1.85906 -0.0033435 0 0 0 0 0 2.384 303 50 0 0 0
./complex_md-fit_37.pdb BC A 7.71515 31.9242 -11.0613 -5.31606 -11.2944 -21.8343 -1.0233 35.5778 -22.2279 4.29225 7.86089 2.30417 0 0 0 0.599544 1.75062 0 0 0 0 0 0 2.384 303 51 1 1 0
./complex_md-fit_380.pdb BC A 8.4655 42.4327 -14.2365 -6.07756 -14.7069 -25.5195 -0.923474 40.715 -26.4014 8.74766 7.31032 2.09889 0 0 0 0.537613 2.10082 -0.0172378 0 0 0 0 0 2.384 303 50 2 2 0
./complex_md-fit_381.pdb BC A 8.23572 24.5298 -11.2679 -2.53208 -14.8739 -22.1755 -0.656246 36.5344 -21.3512 5.39787 6.61801 1.60504 0 0 0 0.16567 1.76173 0 0 0 0 0 0 2.384 303 45 1 1 0
./complex_md-fit_382.pdb BC A 8.18135 30.9844 -6.34442 -3.79864 -9.62554 -22.7204 -0.830986 38.0356 -22.7387 6.84511 6.77349 1.57169 0 0 0 0.163874 1.98264 -0.019877 0 0 0 0 0 2.384 303 47 1 1 0
./complex_md-fit_383.pdb BC A 5.95802 31.4898 -14.846 -3.51982 -14.8139 -22.8396 -0.719842 35.9802 -22.7356 4.38274 6.77764 2.17619 0 0 0 0.465927 1.73815 0 0 0 0 0 0 2.384 303 46 1 1 0
./complex_md-fit_384.pdb BC A 8.28845 29.056 -17.0673 -5.50313 -17.2757 -21.9531 -0.926785 35.5057 -20.9998 3.14039 8.12212 2.33194 0 0 0 0.49105 1.46734 0 0 0 0 0 0 2.384 303 45 0 0 0
./complex_md-fit_385.pdb BC A 6.19044 31.2822 -13.5793 -3.68889 -12.5407 -22.4651 -0.806874 34.6606 -22.297 5.84373 6.19652 1.11634 0 0 0 0.402148 2.92585 0 0 0 0 0 0 2.384 303 45 1 1 0
./complex_md-fit_386.pdb BC A 7.57649 36.1152 -16.9515 -5.53192 -15.5737 -22.74 -0.756627 36.9192 -22.1416 2.73837 7.38283 2.16045 0 0 0 0.591442 2.63616 5.55112e-17 0 0 0 0 0 2.384 303 45 0 0 0
./complex_md-fit_387.pdb BC A 9.59293 27.8476 -11.9385 -6.23686 -12.6488 -23.7393 -0.907977 38.7061 -23.3792 7.51597 6.12672 2.18196 0 0 0 0.466268 1.58099 -0.0234319 0 0 0 0 0 2.384 303 50 1 1 0
./complex_md-fit_388.pdb BC A 6.68671 32.9364 -7.32128 -2.97386 -11.5718 -22.3276 -0.852057 37.1663 -21.7262 7.0748 4.9457 2.84179 0 0 0 0.101546 2.49792 0 0 0 0 0 0 2.384 303 47 1 1 0
./complex_md-fit_389.pdb BC A 8.33881 35.0101 -11.1343 -4.35938 -13.4304 -20.4212 -0.870343 34.5098 -19.8024 4.61992 6.06373 2.4605 0 0 0 0.0955126 1.77599 0 0 0 0 0 0 2.384 303 46 0 0 0
./complex_md-fit_38.pdb BC A 9.93415 23.231 -11.7283 -7.52216 -11.2711 -20.7904 -0.893609 33.8796 -20.7508 6.01546 7.27442 1.96195 0 0 0 0.368309 1.49028 0 0 0 0 0 0 2.384 303 45 1 1 0
./complex_md-fit_390.pdb BC A 6.58779 34.5297 -13.2829 -4.48198 -11.9384 -20.4405 -0.819993 32.5901 -20.1769 3.34709 7.01924 1.10593 0 0 0 0.508695 1.75045 0.00379852 0 0 0 0 0 2.384 303 45 0 0 0
./complex_md-fit_391.pdb BC A 7.50862 33.7592 -17.659 -6.9695 -16.0417 -21.8989 -1.0375 34.8772 -21.379 4.88636 7.74781 2.05237 0 0 0 0.103825 1.65578 0 0 0 0 0 0 2.384 303 47 1 1 0
./complex_md-fit_392.pdb BC A 10.7639 30.6389 -13.2024 -4.73354 -14.5725 -21.721 -0.934676 35.1153 -20.7654 5.82918 6.2642 2.05796 0 0 0 0.257972 1.84248 0 0 0 0 0 0 2.384 303 46 1 1 0
./complex_md-fit_393.pdb BC A 7.84372 31.2906 -14.5615 -6.44744 -14.2567 -22.69 -0.93255 36.4324 -22.3778 5.41052 8.16544 2.0219 0 0 0 0.112707 2.73281 0 0 0 0 0 0 2.384 303 45 1 1 0
./complex_md-fit_394.pdb BC A 8.77088 31.6454 -13.0559 -6.00304 -12.2383 -22.5708 -1.09366 36.4847 -22.2307 4.00825 7.96449 2.30273 0 0 0 0.320359 1.54478 0 0 0 0 0 0 2.384 303 46 1 1 0
./complex_md-fit_395.pdb BC A 7.93899 27.397 -15.2323 -5.77149 -14.6598 -21.9258 -0.865678 35.4993 -21.546 4.97716 6.75392 2.01346 0 0 0 0.285877 1.49245 0.0067108 0 0 0 0 0 2.384 303 47 1 1 0
./complex_md-fit_396.pdb BC A 9.75328 31.7748 -10.2614 -6.95265 -11.8093 -21.6346 -0.712578 34.2654 -20.7118 6.34703 7.92021 2.8534 0 0 0 0.173631 1.63054 0 0 0 0 0 0 2.384 303 43 1 1 0
./complex_md-fit_397.pdb BC A 7.87034 30.2474 -5.85913 -4.26747 -11.344 -22.6176 -1.00817 37.6719 -22.29 7.07867 8.49432 2.06908 0 0 0 0.354155 2.8859 0 0 0 0 0 0 2.384 303 48 1 1 0
./complex_md-fit_398.pdb BC A 7.67911 24.6366 -14.3029 -7.32521 -13.1864 -22.9039 -1.04921 35.9696 -23.2303 5.92536 9.38149 2.00004 0 0 0 0.115553 1.6641 0 0 0 0 0 0 2.384 303 48 1 1 0
./complex_md-fit_399.pdb BC A 8.08043 29.744 -16.1588 -4.84734 -15.7253 -22.6387 -1.01878 36.4555 -22.1399 3.78079 7.65193 2.18479 0 0 0 0.138285 1.53449 -5.55112e-17 0 0 0 0 0 2.384 303 48 0 0 0
./complex_md-fit_39.pdb BC A 7.62071 24.7944 -5.04451 -5.38072 -10.4365 -22.009 -0.98423 37.7972 -21.5703 8.28843 7.20781 1.81581 0 0 0 0.242855 2.18948 -0.0158379 0 0 0 0 0 2.384 303 49 1 1 0
./complex_md-fit_3.pdb BC A 10.2414 31.5118 -9.89452 -5.43999 -8.79659 -23.5951 -0.857011 37.3143 -25.3381 6.44354 7.89444 2.18794 0 0 0 0.305881 2.04917 -0.019535 0 0 0 0 0.00565093 2.384 303 50 1 1 0
./complex_md-fit_400.pdb BC A 8.87918 33.5885 -10.3004 -4.05361 -13.9743 -22.1669 -0.962675 36.5762 -22.1265 7.58814 6.91481 1.46066 0 0 0 0.443849 1.62563 0 0 0 0 0 0 2.384 303 48 2 2 0
./complex_md-fit_401.pdb BC A 7.89795 28.7734 -6.57475 -5.00088 -9.82543 -23.2422 -0.918429 39.1916 -23.254 6.32048 7.07734 2.09694 0 0 0 0.979744 2.01854 5.55112e-17 0 0 0 0 0 2.384 303 49 0 0 0
./complex_md-fit_402.pdb BC A 7.62973 27.8126 -8.00659 -6.32403 -11.4223 -23.4511 -0.990112 38.1598 -23.3685 9.79241 7.2526 2.1692 0 0 0 0.175544 2.98763 0 0 0 0 0 0 2.384 303 49 1 1 0
./complex_md-fit_403.pdb BC A 9.37609 20.9835 -11.6472 -5.88728 -13.6473 -23.1918 -0.872989 36.8562 -23.1682 8.42955 7.99163 1.4965 0 0 0 0.341779 1.78455 0.00481609 0 0 0 0 0 2.384 303 51 1 1 0
./complex_md-fit_404.pdb BC A 8.24178 25.5559 -14.6513 -7.65644 -12.3329 -22.6368 -1.04173 37.0872 -22.7401 5.41908 7.3545 1.80789 0 0 0 0.087844 1.64746 5.55112e-17 0 0 0 0 0 2.384 303 49 1 1 0
./complex_md-fit_405.pdb BC A 6.63377 33.1818 -15.148 -7.51748 -12.9981 -22.3182 -1.05016 34.3686 -22.2446 6.15066 7.7555 1.7983 0 0 0 0.90743 2.01588 0 0 0 0 0 0 2.384 303 47 2 2 0
./complex_md-fit_406.pdb BC A 9.13114 33.7681 -17.5659 -8.98982 -12.1066 -22.5998 -0.937378 36.3275 -23.004 2.92567 8.35584 1.92619 0 0 0 0.536539 1.98315 0 0 0 0 0 0 2.384 303 48 0 0 0
./complex_md-fit_407.pdb BC A 8.15946 27.6692 -16.8507 -8.21961 -13.8404 -22.8436 -0.820631 36.3229 -22.9369 4.29581 7.89893 3.00992 0 0 0 0.282842 1.78853 0 0 0 0 0 0 2.384 303 49 1 1 0
./complex_md-fit_408.pdb BC A 7.40609 23.5462 -10.1509 -6.25348 -9.8235 -22.8582 -0.865275 37.1599 -23.6864 5.91426 7.82861 2.19385 0 0 0 0.249766 1.7292 -0.0103693 0 0 0 0 0 2.384 303 51 1 1 0
./complex_md-fit_409.pdb BC A 8.17256 37.3205 -9.27747 -6.11317 -10.4219 -22.5094 -0.957542 37.8164 -23.0796 6.12447 7.36869 2.32733 0 0 0 0.167415 2.29334 0 0 0 0 0 0 2.384 303 50 2 2 0
./complex_md-fit_40.pdb BC A 8.51718 27.5532 -8.60808 -8.4002 -10.1485 -22.8086 -0.809136 37.6538 -22.7318 7.90893 8.27768 2.28504 0 0 0 0.164671 2.20091 0 0 0 0 0 0 2.384 303 51 3 3 0
./complex_md-fit_410.pdb BC A 9.37218 31.6997 -19.3283 -7.03214 -12.5408 -22.4358 -0.786787 35.9599 -22.0216 1.10398 6.55758 1.45639 0 0 0 0.41089 2.33937 5.55112e-17 0 0 0 0 0 2.384 303 46 0 0 0
./complex_md-fit_411.pdb BC A 9.91553 28.7049 -12.9348 -5.7952 -12.0262 -22.6325 -0.915831 36.2891 -22.9749 5.47662 7.5592 1.97736 0 0 0 0.107536 1.82886 0 0 0 0 0 0 2.384 303 46 1 1 0
./complex_md-fit_412.pdb BC A 7.41873 23.4473 -10.913 -6.2833 -10.703 -22.6221 -0.811632 38.283 -22.5499 4.03144 6.50946 2.99201 0 0 0 0.240945 1.91281 0 0 0 0 0 0 2.384 303 45 0 0 0
./complex_md-fit_413.pdb BC A 10.3166 31.8578 -12.6357 -7.28291 -12.2926 -22.2144 -0.941995 36.2686 -21.7861 6.71512 7.26003 1.33894 0 0 0 0.299598 1.71646 0 0 0 0 0 0 2.384 303 49 2 2 0
./complex_md-fit_414.pdb BC A 7.84825 24.1403 -15.2678 -6.59967 -14.1365 -22.1088 -0.933048 35.8016 -21.7934 4.13937 8.5532 1.69821 0 0 0 0.11136 3.01776 0 0 0 0 0 0 2.384 303 45 1 1 0
./complex_md-fit_415.pdb BC A 7.40778 24.1537 -14.8069 -7.22992 -11.7431 -21.3566 -0.706966 34.268 -20.6248 2.96496 7.59178 1.84947 0 0 0 0.172554 1.55069 0.00773116 0 0 0 0 0 2.384 303 48 0 0 0
./complex_md-fit_416.pdb BC A 10.0286 22.563 -17.6648 -8.91279 -16.2944 -22.9593 -1.02258 38.0639 -22.447 4.7024 8.90423 1.96935 0 0 0 0.331317 1.57942 0 0 0 0 0 0 2.384 303 48 0 0 0
./complex_md-fit_417.pdb BC A 7.59959 28.356 -9.60347 -5.89448 -13.4466 -21.6387 -1.05446 35.675 -21.3803 7.32409 8.43314 2.1856 0 0 0 0.193254 1.72637 0 0 0 0 0 0 2.384 303 48 1 1 0
./complex_md-fit_418.pdb BC A 8.64233 29.1208 -7.91175 -4.32695 -10.7906 -22.509 -0.955307 38.8455 -22.7828 5.4799 7.55552 1.33534 0 0 0 0.262527 1.69 -0.0259208 0 0 0 0 0 2.384 303 51 1 1 0
./complex_md-fit_419.pdb BC A 7.57938 33.9198 -11.6792 -5.34141 -14.051 -20.8776 -0.985676 35.1787 -20.8357 4.77407 7.71054 2.23919 0 0 0 0.523399 1.89674 -0.0136183 0 0 0 0 0 2.384 303 46 0 0 0
./complex_md-fit_41.pdb BC A 7.77946 25.4833 -13.3148 -7.65564 -12.395 -23.2506 -0.899484 37.3401 -24.059 6.19677 8.19847 2.70098 0 0 0 0.508552 2.13696 0 0 0 0 0 0 2.384 303 51 1 1 0
./complex_md-fit_420.pdb BC A 7.77019 24.2615 -13.8195 -4.17992 -13.0953 -20.2206 -0.998986 32.885 -20.4784 3.13231 7.1827 1.82573 0 0 0 0.127914 1.42221 0 0 0 0 0 0 2.384 303 46 0 0 0
./complex_md-fit_421.pdb BC A 7.94759 21.6527 -8.69998 -5.43134 -11.8853 -20.7771 -0.823351 35.7654 -20.4295 5.75755 7.48301 1.55979 0 0 0 0.0807872 1.28671 -2.77556e-17 0 0 0 0 0 2.384 303 44 1 1 0
./complex_md-fit_422.pdb BC A 7.22908 36.5879 -9.93449 -5.34849 -11.9357 -23.0344 -0.950967 38.7777 -23.3987 6.93086 7.72078 1.16333 0 0 0 0.164892 2.69613 -0.0238733 0 0 0 0 0 2.384 303 50 1 1 0
./complex_md-fit_423.pdb BC A 10.058 33.5795 -7.82026 -2.12363 -9.22662 -20.3238 -0.948968 32.554 -20.6261 4.88408 5.93746 1.83782 0 0 0 0.215532 1.60671 0 0 0 0 0 0 2.384 303 46 1 1 0
./complex_md-fit_424.pdb BC A 7.52457 34.7838 -7.04107 -3.50429 -8.92461 -20.884 -1.0603 35.9155 -20.9501 4.22059 5.95305 1.7193 0 0 0 0.473767 2.10077 0 0 0 0 0 0 2.384 303 50 0 0 0
./complex_md-fit_425.pdb BC A 8.38734 35.2376 -15.3211 -6.26048 -10.6911 -21.9638 -0.799523 33.8001 -22.7337 3.97741 6.81972 2.41778 0 0 0 0.112534 1.75043 0 0 0 0 0 0 2.384 303 51 0 0 0
./complex_md-fit_426.pdb BC A 5.94659 26.2841 -10.6685 -5.42339 -10.3849 -22.0049 -1.06432 36.4828 -22.5357 4.35641 6.51658 2.81819 0 0 0 0.585194 1.69044 -0.0144284 0 0 0 0 0 2.384 303 51 0 0 0
./complex_md-fit_427.pdb BC A 8.63752 27.0325 -15.4288 -6.94472 -12.4105 -21.9424 -0.983335 35.4997 -22.6208 3.71982 7.69367 2.43194 0 0 0 0.127817 1.54517 6.93889e-18 0 0 0 0 0 2.384 303 48 1 1 0
./complex_md-fit_428.pdb BC A 7.72049 29.0501 -3.10932 -3.88162 -6.90247 -19.3939 -1.00228 32.4746 -19.6921 8.24884 5.4316 1.29505 0 0 0 0.312958 1.68529 -1.38778e-17 0 0 0 0 0 2.384 303 43 1 1 0
./complex_md-fit_429.pdb BC A 7.92699 27.0678 -10.1037 -5.59568 -9.05243 -21.3597 -1.09336 34.1328 -22.238 5.33223 6.60269 2.99335 0 0 0 0.174393 1.50238 0 0 0 0 0 0 2.384 303 46 0 0 0
./complex_md-fit_42.pdb BC A 6.92418 28.6525 -12.1396 -6.66946 -11.9115 -23.1867 -0.894688 37.0729 -23.8893 7.88647 6.5755 2.81359 0 0 0 0.0636562 1.80243 1.11022e-16 0 0 0 0 0 2.384 303 50 1 1 0
./complex_md-fit_430.pdb BC A 8.59392 31.206 -15.8899 -6.09858 -11.6698 -20.6036 -0.984619 31.8399 -21.499 4.16302 6.31703 2.49334 0 0 0 0.152479 1.48756 0 0 0 0 0 0 2.384 303 45 0 0 0
./complex_md-fit_431.pdb BC A 8.58389 30.8902 -14.7609 -6.29817 -10.9907 -19.6704 -0.90405 30.5571 -20.6751 3.47724 7.43256 2.06269 0 0 0 0.247812 1.70796 0 0 0 0 0 0 2.384 303 45 0 0 0
./complex_md-fit_432.pdb BC A 7.82275 26.7945 -10.3681 -5.29063 -10.9158 -21.4709 -0.973583 35.8057 -22.0459 4.60184 8.03357 1.47958 0 0 0 0.408043 1.81902 0 0 0 0 0 0 2.384 303 49 1 1 0
./complex_md-fit_433.pdb BC A 7.70328 27.4556 -7.76158 -4.04913 -10.8959 -20.5865 -1.02116 34.3857 -21.0255 6.31711 7.49028 1.45872 0 0 0 0.164854 1.88751 -5.55112e-17 0 0 0 0 0 2.384 303 50 2 2 0
./complex_md-fit_434.pdb BC A 8.71859 30.2656 -12.4409 -4.18554 -11.5334 -21.4918 -0.955559 35.9932 -21.901 2.75176 7.12755 1.39079 0 0 0 0.36313 1.6194 0 0 0 0 0 0 2.384 303 48 0 0 0
./complex_md-fit_435.pdb BC A 6.81601 27.8876 -16.6024 -7.06197 -13.2691 -22.189 -0.903096 34.9596 -22.5156 3.65244 7.87488 2.73927 0 0 0 0.11018 1.79565 0 0 0 0 0 0 2.384 303 49 0 0 0
./complex_md-fit_436.pdb BC A 10.2542 25.9071 -9.4813 -4.67527 -8.20751 -22.6635 -0.788574 37.5748 -23.0787 5.13722 6.17727 0.895247 0 0 0 0.147639 1.86898 0 0 0 0 0 0 2.384 303 49 1 1 0
./complex_md-fit_437.pdb BC A 8.15656 39.7925 -17.9209 -8.38042 -11.0682 -23.0288 -0.688453 36.2673 -24.0043 2.90333 8.40422 1.51779 0 0 0 0.156672 2.33695 1.11022e-16 0 0 0 0 -1.11022e-16 2.384 303 50 0 0 0
./complex_md-fit_438.pdb BC A 6.33963 37.2759 -12.7896 -6.77248 -13.295 -21.8312 -0.913526 34.2878 -21.9718 6.09075 9.45206 1.47422 0 0 0 0.689565 1.77651 0 0 0 0 0 0 2.384 303 51 2 2 0
./complex_md-fit_439.pdb BC A 8.22964 30.3321 -5.36509 -4.55003 -8.81793 -21.919 -0.864733 37.3322 -22.2781 6.83988 6.6314 1.91807 0 0 0 0.343137 2.04897 0 0 0 0 0 0 2.384 303 52 2 2 0
./complex_md-fit_43.pdb BC A 7.33361 24.679 -10.2516 -6.9762 -9.76766 -22.9207 -0.827377 36.8886 -23.2758 7.74038 7.19789 1.51567 0 0 0 0.173627 2.14031 0 0 0 0 0 0 2.384 303 45 1 1 0
./complex_md-fit_440.pdb BC A 7.57477 29.1919 -16.7756 -6.7111 -11.7713 -22.0466 -0.717527 35.6932 -22.4085 3.03208 6.32249 1.72337 0 0 0 0.108382 1.70026 0 0 0 0 0 0 2.384 303 50 0 0 0
./complex_md-fit_441.pdb BC A 7.84302 25.5381 -13.8636 -6.09676 -9.57782 -22.312 -0.863058 35.6043 -23.1098 4.45689 5.65368 1.92449 0 0 0 0.456386 1.69226 -5.55112e-17 0 0 0 0 0 2.384 303 47 0 0 0
./complex_md-fit_442.pdb BC A 7.86478 33.2211 -16.482 -5.2693 -14.339 -21.6874 -0.761466 34.553 -21.6419 1.62306 8.56037 1.61784 0 0 0 0.8627 1.7388 0 0 0 0 0 0 2.384 303 45 0 0 0
./complex_md-fit_443.pdb BC A 8.0408 28.3966 -14.6179 -6.01683 -11.5586 -21.8106 -0.69759 35.2622 -21.8419 3.05439 7.42029 1.35638 0 0 0 0.21437 1.41013 0 0 0 0 0 0 2.384 303 49 0 0 0
./complex_md-fit_444.pdb BC A 6.14351 32.8961 -8.81043 -6.60247 -10.4659 -22.5101 -0.975766 36.4728 -23.0717 8.0771 7.55667 2.42922 0 0 0 0.279623 1.84619 2.77556e-17 0 0 0 0 0 2.384 303 47 1 1 0
./complex_md-fit_445.pdb BC A 6.86428 27.0531 -12.4084 -5.72069 -11.4236 -21.9647 -0.844291 35.4784 -22.2498 5.46738 6.82378 1.51223 0 0 0 0.512954 1.76041 2.77556e-17 0 0 0 0 0 2.384 303 46 1 1 0
./complex_md-fit_446.pdb BC A 6.2357 28.2826 -8.48071 -6.01326 -13.1149 -21.7248 -0.89692 36.6592 -21.2233 8.32203 8.29234 1.01691 0 0 0 0.201949 1.60667 -5.55112e-17 0 0 0 0 0 2.384 303 48 1 1 0
./complex_md-fit_447.pdb BC A 7.64783 26.3451 -14.9529 -5.40674 -13.2303 -21.5348 -0.992373 34.7704 -21.5101 3.28289 7.76904 1.48964 0 0 0 0.409396 1.84243 0 0 0 0 0 0 2.384 303 49 0 0 0
./complex_md-fit_448.pdb BC A 7.15309 28.5825 -15.0431 -6.57455 -12.453 -21.3921 -0.84847 34.4849 -21.7521 2.85222 7.77989 2.63897 0 0 0 0.221084 1.70866 0 0 0 0 0 0 2.384 303 47 0 0 0
./complex_md-fit_449.pdb BC A 7.74581 28.851 -12.4778 -5.95215 -11.1406 -19.7069 -0.753656 31.0621 -19.7077 3.4015 8.64768 1.3983 0 0 0 0.273664 1.37705 -2.77556e-17 0 0 0 0 0 2.384 303 48 1 1 0
./complex_md-fit_44.pdb BC A 10.1688 28.9355 -8.04007 -7.52953 -9.89451 -22.162 -0.815947 36.3755 -22.5168 7.52309 9.02797 1.86451 0 0 0 0.0875177 1.96281 0 0 0 0 0 0 2.384 303 50 2 2 0
./complex_md-fit_450.pdb BC A 9.4655 25.6369 -12.512 -4.30982 -13.045 -22.5904 -0.847703 36.8573 -22.7921 4.28972 7.32978 1.96131 0 0 0 0.634938 1.64792 0 0 0 0 0 0 2.384 303 48 0 0 0
./complex_md-fit_451.pdb BC A 8.34366 28.6721 -13.5208 -4.93167 -12.1616 -22.5423 -0.860928 36.3551 -22.5809 5.73008 5.97183 1.37326 0 0 0 0.126258 1.91302 -1.38778e-17 0 0 0 0 0 2.384 303 51 1 1 0
./complex_md-fit_452.pdb BC A 9.07744 35.9635 -15.2032 -7.74586 -10.0955 -22.4458 -0.799941 34.1191 -23.3027 4.12979 8.93069 1.77472 0 0 0 0.232361 1.6818 -1.38778e-17 0 0 0 0 0 2.384 303 49 0 0 0
./complex_md-fit_453.pdb BC A 10.1769 27.4214 -15.1623 -6.11788 -10.9913 -21.4716 -0.745107 34.5346 -22.1401 3.66988 5.96215 1.55481 0 0 0 0.582276 1.72341 -5.55112e-17 0 0 0 0 0 2.384 303 47 0 0 0
./complex_md-fit_454.pdb BC A 9.20277 41.4442 -12.9588 -5.4682 -14.7191 -22.8665 -0.950638 38.0034 -23.0839 6.76605 7.55911 1.61081 0 0 0 0.190303 1.83117 0 0 0 0 0 0 2.384 303 47 1 1 0
./complex_md-fit_455.pdb BC A 7.11421 28.1467 -13.9382 -4.75075 -11.0366 -22.3105 -0.770199 35.6383 -23.0384 4.47163 5.88619 1.52147 0 0 0 0.450597 1.67403 5.55112e-17 0 0 0 0 0 2.384 303 50 0 0 0
./complex_md-fit_456.pdb BC A 8.02639 31.3296 -14.5712 -5.03512 -11.5733 -20.5122 -0.715937 32.6034 -20.985 4.53575 6.1306 0.767324 0 0 0 0.213341 1.2736 0 0 0 0 0 0 2.384 303 48 0 0 0
./complex_md-fit_457.pdb BC A 5.87195 30.0409 -11.9367 -4.35693 -10.2229 -22.2415 -0.680861 36.1468 -23.0349 3.52261 6.8695 1.76379 0 0 0 0.297732 1.90162 0 0 0 0 0 0 2.384 303 49 0 0 0
./complex_md-fit_458.pdb BC A 7.19425 32.4475 -15.3469 -6.66646 -12.1667 -22.1444 -0.907838 35.2856 -22.8206 4.62817 7.52469 1.71315 0 0 0 0.207354 1.62272 -5.55112e-17 0 0 0 0 0 2.384 303 51 1 1 0
./complex_md-fit_459.pdb BC A 8.40991 27.5121 -4.86916 -4.74088 -9.23743 -22.6766 -0.81414 38.0783 -23.1599 9.00384 6.14438 2.26555 0 0 0 0.267768 1.69679 0 0 0 0 0 0 2.384 303 49 1 1 0
./complex_md-fit_45.pdb BC A 7.86011 23.1057 -13.3068 -8.7272 -11.9747 -22.3162 -0.873054 36.2207 -22.2363 5.9008 8.02014 2.42449 0 0 0 0.254473 1.78963 0 0 0 0 0 0 2.384 303 49 1 1 0
./complex_md-fit_460.pdb BC A 6.50142 30.6988 -9.84166 -4.14132 -10.3467 -22.4564 -0.793991 36.284 -22.8531 5.28765 6.51091 2.53227 0 0 0 0.135079 1.9788 0 0 0 0 0 0 2.384 303 49 0 0 0
./complex_md-fit_461.pdb BC A 6.77406 25.0327 -12.9771 -5.55552 -8.68831 -22.7819 -0.840345 36.1151 -23.3657 3.93972 6.09164 1.98136 0 0 0 0.136226 1.77681 -0.00947811 0 0 0 0 0 2.384 303 48 1 1 0
./complex_md-fit_462.pdb BC A 7.09762 31.3034 -15.3105 -4.96716 -13.9652 -21.5079 -0.904937 34.0613 -21.7003 3.41969 8.25844 1.42797 0 0 0 0.568412 1.58183 -0.000836922 0 0 0 0 0 2.384 303 46 0 0 0
./complex_md-fit_463.pdb BC A 7.77386 29.827 -12.8698 -4.95836 -10.8004 -21.8607 -0.627259 35.6486 -22.4106 2.72962 7.14609 1.9732 0 0 0 0.289979 1.99696 0 0 0 0 0 0 2.384 303 50 0 0 0
./complex_md-fit_464.pdb BC A 6.43071 25.8099 -7.52935 -5.29367 -13.6156 -22.2201 -0.975053 36.6511 -22.0164 8.76975 8.4032 2.62653 0 0 0 0.140922 1.89384 0 0 0 0 0 0 2.384 303 45 1 1 0
./complex_md-fit_465.pdb BC A 6.62558 33.8037 0.271623 -5.13192 -7.20103 -23.0782 -0.97546 39.8875 -22.8574 11.0835 6.31742 1.90508 0 0 0 0.322131 2.07533 0 0 0 0 0 0 2.384 303 46 2 2 0
./complex_md-fit_466.pdb BC A 8.39949 38.8982 -12.1769 -5.13014 -12.0908 -21.8981 -0.902111 35.7199 -22.2214 5.56935 7.03689 1.32371 0 0 0 0.415804 1.52743 0 0 0 0 0 0 2.384 303 45 1 1 0
./complex_md-fit_467.pdb BC A 7.47853 25.9554 -10.3421 -6.40957 -11.9051 -21.9666 -0.744163 35.9657 -22.3219 6.10915 8.42947 2.12908 0 0 0 0.371733 1.62732 0 0 0 0 0 0 2.384 303 48 1 1 0
./complex_md-fit_468.pdb BC A 7.79817 29.3466 -12.6496 -4.98429 -14.9737 -22.876 -1.01006 37.5184 -23.0471 5.73032 10.3349 0.581304 0 0 0 0.0720719 1.75863 0.00437709 0 0 0 0 0 2.384 303 47 0 0 0
./complex_md-fit_469.pdb BC A 8.11834 29.7768 -12.1081 -4.61762 -11.8899 -21.8035 -0.844539 35.1279 -22.0421 5.7572 6.63221 1.35582 0 0 0 0.216342 2.27972 0 0 0 0 0 0 2.384 303 47 0 0 0
./complex_md-fit_46.pdb BC A 7.25514 31.5574 -11.2223 -7.78239 -10.0962 -23.8826 -0.778818 38.8458 -23.9441 6.84168 6.81221 2.47786 0 0 0 0.28435 1.75633 0 0 0 0 0 0 2.384 303 49 3 3 0
./complex_md-fit_470.pdb BC A 7.55597 35.9127 -11.5318 -5.14729 -10.4413 -21.4049 -0.732428 34.3676 -21.7446 5.96425 6.59394 0.817771 0 0 0 0.19501 1.84364 -5.55112e-17 0 0 0 0 0 2.384 303 47 1 1 0
./complex_md-fit_471.pdb BC A 6.87087 33.6156 -14.9403 -6.27455 -13.5121 -21.4731 -0.88559 35.3652 -21.155 3.27707 7.60416 1.75936 0 0 0 0.354254 1.56461 0 0 0 0 0 0 2.384 303 46 0 0 0
./complex_md-fit_472.pdb BC A 6.83 35.0026 -13.9796 -5.46189 -11.9681 -20.6101 -0.756636 31.8715 -20.934 5.66658 7.50821 0.566054 0 0 0 0.138828 1.5831 0 0 0 0 0 0 2.384 303 48 0 0 0
./complex_md-fit_473.pdb BC A 9.51336 29.1606 -8.44501 -4.11185 -13.3004 -22.7358 -1.02884 36.9396 -23.0234 8.97425 8.17361 1.4377 0 0 0 0.230061 1.68698 5.55112e-17 0 0 0 0 0 2.384 303 48 2 2 0
./complex_md-fit_474.pdb BC A 9.93162 33.6819 -9.90149 -4.58598 -11.973 -23.2026 -0.926718 39.6267 -22.7015 5.11491 7.19793 1.22007 0 0 0 0.328633 2.41406 0 0 0 0 0 0 2.384 303 48 1 1 0
./complex_md-fit_475.pdb BC A 8.75711 27.7334 -9.00697 -5.56369 -8.31546 -21.9666 -0.820647 36.8068 -22.6741 5.50042 5.87868 1.61549 0 0 0 0.532144 1.82083 -5.55112e-17 0 0 0 0 0 2.384 303 50 1 1 0
./complex_md-fit_476.pdb BC A 8.6773 28.8105 -8.80383 -6.48932 -7.26268 -23.0898 -0.966537 37.8335 -23.6412 6.36383 6.1917 1.81741 0 0 0 0.439356 1.76636 0 0 0 0 0 0 2.384 303 50 0 0 0
./complex_md-fit_477.pdb BC A 8.94594 28.4233 -13.2666 -6.0626 -11.3461 -22.641 -0.775134 36.4386 -23.4842 5.55293 7.55873 1.05741 0 0 0 0.434703 1.66964 0 0 0 0 0 0 2.384 303 49 1 1 0
./complex_md-fit_478.pdb BC A 8.08007 27.386 -11.7877 -6.0966 -12.2662 -22.4273 -0.689356 36.8229 -22.2851 4.6483 8.11756 1.94273 0 0 0 0.445374 1.58788 0 0 0 0 0 0 2.384 303 51 1 1 0
./complex_md-fit_479.pdb BC A 8.1316 33.154 -12.6737 -5.00497 -12.2004 -22.0071 -0.8196 35.9059 -21.7325 2.93078 7.89587 2.09466 0 0 0 0.263671 1.60401 -2.77556e-17 0 0 0 0 0 2.384 303 52 0 0 0
./complex_md-fit_47.pdb BC A 7.18028 22.1116 -10.612 -3.83296 -11.7766 -22.8601 -0.842279 38.9976 -23.1925 3.42296 7.11511 2.2262 0 0 0 0.130617 1.97298 0 0 0 0 0 0 2.384 303 48 0 0 0
./complex_md-fit_480.pdb BC A 7.79449 31.3957 -9.49807 -6.21716 -10.5365 -22.8065 -0.868162 37.6345 -22.9441 6.10029 7.52577 2.44417 0 0 0 0.169654 1.7113 -2.77556e-17 0 0 0 0 0 2.384 303 51 2 2 0
./complex_md-fit_481.pdb BC A 7.32879 31.0003 -8.24517 -4.63575 -11.0014 -22.0892 -0.84644 34.7363 -21.6752 8.19347 6.9849 1.78059 0 0 0 0.307511 1.61302 0 0 0 0 0 0 2.384 303 48 1 1 0
./complex_md-fit_482.pdb BC A 8.58716 28.5847 -4.68092 -5.45546 -14.2062 -22.9644 -1.00521 39.1177 -22.2839 9.99674 9.68771 1.95906 0 0 0 0.473048 1.5502 -5.55112e-17 0 0 0 0 0 2.384 303 49 1 1 0
./complex_md-fit_483.pdb BC A 9.31554 35.593 -4.84712 -5.33808 -10.5276 -22.2908 -0.944932 37.4488 -21.8098 8.76995 7.76925 1.7371 0 0 0 0.338992 1.41997 -1.11022e-16 0 0 0 0 0 2.384 303 48 3 3 0
./complex_md-fit_484.pdb BC A 9.03065 34.4412 -14.334 -7.64045 -11.9734 -21.8626 -0.756005 35.0202 -21.2718 5.39259 7.12181 1.24913 0 0 0 0.386498 1.7678 0 0 0 0 0 0 2.384 303 48 1 1 0
./complex_md-fit_485.pdb BC A 9.23878 33.1353 -7.45736 -6.07013 -12.1645 -22.9314 -0.890822 38.7369 -22.0934 8.19443 7.86782 1.82346 0 0 0 0.0703108 1.79471 0 0 0 0 0 0 2.384 303 51 2 2 0
./complex_md-fit_486.pdb BC A 7.73885 24.8169 -8.07003 -6.09886 -13.5008 -24.0313 -1.04614 39.1743 -23.4046 9.48485 8.94558 2.32959 0 0 0 0.0773621 1.61309 0 0 0 0 0 0 2.384 303 52 2 2 0
./complex_md-fit_487.pdb BC A 8.30977 38.7364 -5.39289 -6.53365 -11.6918 -23.6064 -0.91396 40.3524 -23.0459 9.90305 8.17848 1.38106 0 0 0 0.583921 1.5813 0 0 0 0 0 0 2.384 303 48 4 4 0
./complex_md-fit_488.pdb BC A 8.93678 37.2272 -11.3235 -5.65062 -13.2379 -23.1547 -1.01703 38.457 -23.1162 5.16754 7.54368 3.10878 0 0 0 0.575836 1.59958 0 0 0 0 0 0 2.384 303 50 1 1 0
./complex_md-fit_489.pdb BC A 8.12571 31.772 -8.77548 -6.11771 -14.588 -24.0094 -1.05456 41.1972 -22.9286 7.38273 9.28166 1.8185 0 0 0 0.237643 3.04819 1.11022e-16 0 0 0 0 0.00511431 2.384 303 53 2 2 0
./complex_md-fit_48.pdb BC A 7.20004 29.0702 -13.8869 -6.44376 -11.5242 -22.6098 -0.831194 36.2561 -22.586 5.29085 7.17745 1.25221 0 0 0 0.101486 1.75594 0.0250107 0 0 0 0 0.00492729 2.384 303 48 0 0 0
./complex_md-fit_490.pdb BC A 6.49625 33.1715 -4.13339 -5.36101 -14.0587 -23.7468 -0.932373 40.8566 -23.069 11.3501 8.20946 2.11914 0 0 0 0.499126 1.40967 5.55112e-17 0 0 0 0 0 2.384 303 51 3 3 0
./complex_md-fit_491.pdb BC A 10.9127 35.188 -10.8458 -7.18598 -13.1206 -23.6861 -0.907003 40.0296 -23.0113 6.46853 8.71173 1.74871 0 0 0 0.0767658 1.79558 0.0258998 0 0 0 0 0.00395775 2.384 303 51 2 2 0
./complex_md-fit_492.pdb BC A 8.20151 29.4835 -9.62467 -6.2871 -13.9269 -23.6567 -1.16724 40.187 -22.8231 6.3644 9.58884 1.80446 0 0 0 0.291685 1.49902 -5.55112e-17 0 0 0 0 0 2.384 303 51 0 0 0
./complex_md-fit_493.pdb BC A 8.32078 29.814 -13.3213 -6.02288 -15.6345 -24.2003 -0.920109 39.3348 -23.5852 7.76438 8.17464 1.53716 0 0 0 0.230805 2.27201 0 0 0 0 0 0 2.384 303 49 2 2 0
./complex_md-fit_494.pdb BC A 8.47252 31.7673 -4.30748 -4.81491 -12.7211 -24.0496 -0.879053 41.2074 -23.3004 10.2731 8.30702 1.52195 0 0 0 0.148167 1.37714 0 0 0 0 0 0 2.384 303 50 2 2 0
./complex_md-fit_495.pdb BC A 7.47394 29.7847 -14.3736 -5.88941 -13.0128 -24.0189 -0.916856 39.0007 -23.7149 4.19035 8.57968 1.0546 0 0 0 0.353886 1.94318 0 0 0 0 0 0 2.384 303 50 0 0 0
./complex_md-fit_496.pdb BC A 7.16187 26.8373 -7.59159 -5.39171 -12.1242 -23.4038 -0.847506 39.9113 -23.2643 6.99019 8.36467 2.11658 0 0 0 0.0571559 1.66872 -2.77556e-17 0 0 0 0 0 2.384 303 52 1 1 0
./complex_md-fit_497.pdb BC A 6.4475 29.2857 -6.20173 -6.30394 -15.2722 -24.3348 -1.08976 42.1661 -23.7145 9.85551 9.71063 2.55231 0 0 0 0.206235 1.61834 0.0227412 0 0 0 0 0 2.384 303 53 3 3 0
./complex_md-fit_498.pdb BC A 6.6866 30.747 -3.33324 -7.02439 -10.3612 -23.963 -0.930082 41.1554 -23.2163 10.1752 7.58259 3.00677 0 0 0 0.24173 1.78797 0 0 0 0 0 0 2.384 303 50 4 4 0
./complex_md-fit_499.pdb BC A 7.84335 30.0427 -10.0248 -8.80557 -14.9755 -23.24 -1.10244 40.1353 -21.9858 6.84619 10.2326 2.66258 0 0 0 0.207702 1.56035 3.46945e-18 0 0 0 0 0 2.384 303 52 2 2 0
./complex_md-fit_49.pdb BC A 6.8083 27.6288 -12.1937 -6.23432 -12.0275 -22.5471 -0.92723 36.5685 -22.6745 6.01501 6.7697 2.69795 0 0 0 0.165876 1.83898 0 0 0 0 0 0 2.384 303 49 0 0 0
./complex_md-fit_4.pdb BC A 9.85245 36.2359 -12.525 -5.26146 -8.5313 -22.332 -0.997295 35.1459 -22.9778 3.26023 6.63326 2.12692 0 0 0 0.408506 2.66959 0 0 0 0 0 0 2.384 303 47 0 0 0
./complex_md-fit_500.pdb BC A 7.84358 27.4948 -8.23078 -8.27882 -15.862 -25.3189 -1.00483 43.8159 -24.9374 9.29952 11.2691 2.64176 0 0 0 0.0932817 1.72957 1.11022e-16 0 0 0 0 0.0515422 2.384 303 55 2 2 0
./complex_md-fit_501.pdb BC A 7.56787 30.7914 -2.2311 -5.29965 -13.4943 -24.4338 -1.15671 42.9479 -23.3928 12.0513 8.89727 1.60068 0 0 0 0.0490912 2.09899 0 0 0 0 0 0 2.384 303 51 2 2 0
./complex_md-fit_502.pdb BC A 7.23655 30.2405 -12.0885 -8.11517 -16.7917 -22.1624 -1.03156 38.792 -20.5535 5.0817 9.8948 2.52307 0 0 0 0.2743 1.97778 0 0 0 0 0 0 2.384 303 50 0 0 0
./complex_md-fit_503.pdb BC A 8.9205 28.2035 -10.3789 -7.44025 -14.9235 -23.6762 -1.1227 40.1465 -22.4751 6.10875 10.7272 2.00966 0 0 0 0.266876 1.47379 0 0 0 0 0 0 2.384 303 52 1 1 0
./complex_md-fit_504.pdb BC A 7.79322 30.2594 2.6874 -5.96897 -11.4243 -21.821 -1.10098 39.727 -20.3562 10.7255 9.35272 3.2742 0 0 0 0.274418 1.66104 0 0 0 0 0 0.00498736 2.384 303 45 3 3 0
./complex_md-fit_505.pdb BC A 7.70375 31.1997 -9.1224 -8.51308 -13.0628 -21.8805 -1.14659 36.8243 -20.6584 6.82716 9.19936 2.91213 0 0 0 0.376055 1.52966 0 0 0 0 0 0 2.384 303 45 2 2 0
./complex_md-fit_506.pdb BC A 8.32916 36.5219 -8.89427 -6.11094 -12.1593 -20.7092 -0.836456 35.3083 -19.5337 5.46433 7.35291 2.0583 0 0 0 0.271502 1.77113 0 0 0 0 0 0 2.384 303 45 1 1 0
./complex_md-fit_507.pdb BC A 8.09321 32.5807 -9.07256 -6.39397 -16.5287 -21.9589 -1.11778 37.9067 -20.6476 9.03784 8.29876 2.02307 0 0 0 0.307947 1.79525 0 0 0 0 0 0 2.384 303 49 2 2 0
./complex_md-fit_508.pdb BC A 6.51943 34.8348 -17.1156 -7.79333 -16.8069 -20.7913 -1.08654 35.0799 -19.4243 1.91642 9.29331 2.37772 0 0 0 0.119491 1.3515 0 0 0 0 0 0 2.384 303 47 0 0 0
./complex_md-fit_509.pdb BC A 7.67332 24.267 -10.4121 -7.04536 -10.0124 -20.1988 -0.856478 33.5048 -18.8977 3.02205 7.49231 2.39715 0 0 0 0.182386 2.90124 0 0 0 0 0 0 2.384 303 46 0 0 0
./complex_md-fit_50.pdb BC A 5.96184 27.0311 -13.3694 -5.25805 -10.1185 -21.7171 -0.71593 34.9795 -22.3208 4.29336 5.3192 2.07137 0 0 0 0.097619 1.66699 -5.55112e-17 0 0 0 0 0 2.384 303 45 0 0 0
./complex_md-fit_510.pdb BC A 9.15738 32.9941 -6.16655 -5.9298 -13.0897 -22.8833 -0.990512 38.097 -22.2858 8.84346 8.5589 3.14601 0 0 0 0.367217 1.56391 0 0 0 0 0 0 2.384 303 48 2 2 0
./complex_md-fit_511.pdb BC A 9.29261 33.6787 -11.4406 -5.65404 -11.9647 -21.9922 -0.935566 35.9315 -21.5136 5.15165 7.33103 2.08766 0 0 0 0.117635 1.26177 0 0 0 0 0 0 2.384 303 48 0 0 0
./complex_md-fit_512.pdb BC A 11.4039 25.2305 -4.31416 -4.22872 -7.97542 -22.5807 -0.959442 37.8356 -22.3996 7.25067 6.30858 2.2832 0 0 0 0.151669 1.72624 0 0 0 0 0 0 2.384 303 47 1 1 0
./complex_md-fit_513.pdb BC A 6.00379 30.869 -13.1172 -5.82102 -12.229 -22.0224 -0.961758 35.2933 -21.8305 4.65049 7.07802 2.4261 0 0 0 0.299526 1.75852 -5.55112e-17 0 0 0 0 0 2.384 303 47 1 1 0
./complex_md-fit_514.pdb BC A 6.33645 27.3872 -16.9279 -8.48888 -14.3007 -23.1901 -0.944402 35.9624 -23.5098 5.95154 8.8265 2.43797 0 0 0 0.327534 1.72422 0 0 0 0 0 0 2.384 303 51 1 1 0
./complex_md-fit_515.pdb BC A 8.30508 24.9081 -8.14758 -5.19082 -10.5034 -20.0385 -0.888631 32.0324 -19.7644 7.98779 6.19524 1.92387 0 0 0 0.0988427 1.49659 0 0 0 0 0 0 2.384 303 46 2 2 0
./complex_md-fit_516.pdb BC A 7.45126 32.1791 -7.94583 -5.62803 -8.20467 -23.0762 -0.736064 36.1987 -23.5169 7.72705 7.10751 1.86936 0 0 0 0.313441 2.39809 0 0 0 0 0 0 2.384 303 51 1 1 0
./complex_md-fit_517.pdb BC A 7.655 34.2526 -11.4941 -5.68935 -12.7596 -23.4125 -0.869921 39.4422 -23.0371 5.74616 6.99885 1.94108 0 0 0 0.146054 2.5781 0 0 0 0 0 0 2.384 303 50 1 1 0
./complex_md-fit_518.pdb BC A 7.4087 25.727 -9.88989 -5.77081 -11.4243 -25.0812 -0.926986 41.6536 -24.6076 5.65482 7.95585 2.39872 0 0 0 0.257945 2.90066 0 0 0 0 0 0 2.384 303 52 0 0 0
./complex_md-fit_519.pdb BC A 6.58057 26.9114 -4.19646 -5.1117 -10.4953 -22.5177 -0.904525 38.1572 -22.0905 8.80761 7.88119 1.94975 0 0 0 0.127447 2.09749 -1.11022e-16 0 0 0 0 0 2.384 303 49 3 3 0
./complex_md-fit_51.pdb BC A 8.04968 30.749 -7.20081 -5.76915 -11.1378 -23.2475 -0.97595 39.6723 -23.294 7.00489 8.63324 1.76848 0 0 0 0.144547 2.34352 2.77556e-17 0 0 0 0 0 2.384 303 51 1 1 0
./complex_md-fit_520.pdb BC A 8.04955 30.6882 -13.5966 -6.3942 -12.1377 -22.1836 -0.969843 35.1541 -22.2717 7.32904 6.58272 1.1881 0 0 0 0.106398 1.10913 0 0 0 0 0 0 2.384 303 47 1 1 0
./complex_md-fit_521.pdb BC A 6.9162 34.4893 -4.42376 -6.7012 -10.2596 -22.8841 -0.939017 38.9348 -22.0677 9.16826 7.53678 2.62397 0 0 0 0.141785 1.33177 0.0222517 0 0 0 0 0 2.384 303 46 2 2 0
./complex_md-fit_522.pdb BC A 7.68309 32.2549 -13.4665 -7.45351 -12.4788 -23.2042 -0.996891 37.6734 -23.0397 5.34239 8.72769 1.75539 0 0 0 0.207698 1.83626 0 0 0 0 0 0 2.384 303 53 1 1 0
./complex_md-fit_523.pdb BC A 6.00866 33.0811 -7.18807 -4.994 -12.9765 -23.4294 -1.04093 40.0339 -22.9867 7.52888 8.85697 1.59498 0 0 0 0.224772 1.82806 0 0 0 0 0 0 2.384 303 47 1 1 0
./complex_md-fit_524.pdb BC A 8.29409 31.7552 -8.4681 -7.25918 -15.4207 -23.4424 -1.1538 40.2084 -21.7613 8.02453 9.31627 2.62688 0 0 0 0.393168 1.93094 0 0 0 0 0 0 2.384 303 50 1 1 0
./complex_md-fit_525.pdb BC A 6.53695 25.0423 -9.97464 -5.2798 -10.4303 -22.8054 -0.796572 36.8045 -22.3638 5.40671 7.90161 1.41979 0 0 0 0.163685 2.71629 0 0 0 0 0 0.00488235 2.384 303 52 0 0 0
./complex_md-fit_526.pdb BC A 8.89417 31.3374 -6.17138 -4.56593 -9.79229 -22.1517 -0.836158 34.1458 -22.0492 9.81681 7.17861 1.90652 0 0 0 0.17622 1.97231 5.55112e-17 0 0 0 0 0 2.384 303 48 3 3 0
./complex_md-fit_527.pdb BC A 6.99046 35.2883 -12.2081 -7.39043 -11.3278 -23.1464 -0.969247 37.9281 -22.4694 4.69562 8.48406 1.76271 0 0 0 0.224699 1.49919 0 0 0 0 0 0 2.384 303 48 1 1 0
./complex_md-fit_528.pdb BC A 8.10837 32.2352 -6.09088 -4.20392 -10.2577 -22.8263 -0.918369 37.9611 -22.8199 7.38372 7.46855 1.6917 0 0 0 0.430304 1.60909 0 0 0 0 0 0 2.384 303 47 2 2 0
./complex_md-fit_529.pdb BC A 8.81615 32.7316 -10.0628 -5.76681 -12.1541 -22.0804 -0.935761 36.3872 -21.9353 6.19382 8.12249 1.87803 0 0 0 0.228042 1.46397 0 0 0 0 0 0 2.384 303 48 1 1 0
./complex_md-fit_52.pdb BC A 9.17878 31.3935 -6.53415 -5.53017 -12.2501 -22.9137 -0.735633 37.537 -23.5744 10.3766 7.71083 2.71233 0 0 0 0.133028 3.19122 0 0 0 0 0 0 2.384 303 52 3 3 0
./complex_md-fit_530.pdb BC A 8.8842 26.6278 -6.70384 -5.72064 -10.9058 -22.088 -0.817074 35.9391 -21.6871 8.30727 8.01941 2.09367 0 0 0 0.155251 1.12395 0 0 0 0 0 0 2.384 303 49 1 1 0
./complex_md-fit_531.pdb BC A 8.66888 32.9562 -3.80217 -7.09266 -13.3431 -23.6462 -0.984597 40.1237 -22.51 12.0518 9.70434 1.68513 0 0 0 0.204563 1.72124 0 0 0 0 0 0.00499827 2.384 303 51 3 3 0
./complex_md-fit_532.pdb BC A 9.40322 27.6171 -1.26263 -5.01651 -10.5817 -23.4152 -1.1355 41.7243 -22.6283 9.35738 8.36492 1.57397 0 0 0 0.493991 2.7941 5.55112e-17 0 0 0 0 0 2.384 303 46 2 2 0
./complex_md-fit_533.pdb BC A 5.28985 28.467 -17.354 -7.518 -14.0958 -22.8107 -1.0126 36.4145 -22.7029 5.46008 7.62395 1.13349 0 0 0 0.154154 2.03756 0 0 0 0 0 0 2.384 303 48 1 1 0
./complex_md-fit_534.pdb BC A 8.55534 26.4446 -8.07836 -6.88181 -10.6054 -22.4742 -0.8315 36.8968 -22.0261 7.0445 8.21723 2.48084 0 0 0 0.101256 1.67157 0 0 0 0 0 0 2.384 303 47 1 1 0
./complex_md-fit_535.pdb BC A 10.0919 25.8732 -6.27791 -6.72921 -15.71 -24.332 -1.23549 42.8766 -22.9731 9.1498 10.149 2.2345 0 0 0 0.291905 1.872 5.55112e-17 0 0 0 0 0 2.384 303 53 3 3 0
./complex_md-fit_536.pdb BC A 7.00439 28.063 -11.0541 -5.67067 -15.3585 -24.7275 -1.10044 42.4202 -23.7814 6.22566 8.75164 1.98616 0 0 0 0.200698 2.9865 0 0 0 0 0 0 2.384 303 51 0 0 0
./complex_md-fit_537.pdb BC A 6.70417 30.8443 -5.5797 -4.33424 -14.4729 -24.2375 -0.899007 41.5083 -23.7447 9.03909 9.52677 1.80363 0 0 0 0.230794 1.71424 0 0 0 0 0 0 2.384 303 52 3 3 0
./complex_md-fit_538.pdb BC A 5.92363 34.0791 -9.01301 -6.04289 -15.2467 -23.9834 -0.952857 40.4008 -23.5188 8.16663 9.74831 2.22462 0 0 0 0.191274 2.2259 0 0 0 0 0 0 2.384 303 49 1 1 0
./complex_md-fit_539.pdb BC A 7.94158 31.4853 -9.89293 -6.75884 -15.0416 -23.9975 -1.06178 41.326 -23.1236 5.5274 9.60917 3.25777 0 0 0 0.37002 1.6992 0 0 0 0 0 0 2.384 303 47 0 0 0
./complex_md-fit_53.pdb BC A 11.3082 38.6463 -14.3212 -6.69831 -13.4505 -23.621 -0.899628 37.1612 -23.7815 7.47076 7.90854 1.51358 0 0 0 0.0757617 2.19629 1.73472e-18 0 0 0 0 0 2.384 303 51 1 1 0
./complex_md-fit_540.pdb BC A 8.3568 30.389 -3.20627 -5.42614 -13.614 -23.1892 -1.13286 39.2563 -22.7335 12.9415 8.12982 2.43686 0 0 0 0.124884 1.70499 2.77556e-17 0 0 0 0 0 2.384 303 50 4 4 0
./complex_md-fit_541.pdb BC A 7.21385 28.7204 -8.57139 -6.14294 -14.4056 -22.9272 -1.08996 38.7923 -22.1124 8.46761 7.89423 2.63959 0 0 0 0.312936 1.51687 0 0 0 0 0 0 2.384 303 48 2 2 0
./complex_md-fit_542.pdb BC A 8.02481 34.4245 -9.25305 -4.99601 -14.4532 -22.9346 -0.977326 38.3 -22.32 6.46281 8.85528 2.7613 0 0 0 0.0487873 2.09624 0 0 0 0 0 0 2.384 303 49 0 0 0
./complex_md-fit_543.pdb BC A 9.28475 31.9437 -9.44897 -7.12726 -15.1868 -24.0531 -1.06157 41.2907 -23.756 7.80448 10.5205 1.85288 0 0 0 0.267167 2.8387 0 0 0 0 0 0 2.384 303 50 1 1 0
./complex_md-fit_544.pdb BC A 10.1371 33.0922 -14.5306 -7.38044 -15.5472 -22.9957 -1.01344 37.2234 -22.8074 6.1334 8.60013 2.7008 0 0 0 0.555813 1.83997 0 0 0 0 0 0 2.384 303 48 1 1 0
./complex_md-fit_545.pdb BC A 8.24335 30.1236 -7.03512 -5.49612 -13.9465 -23.8773 -0.980585 41.0567 -23.0711 7.84024 8.95416 2.06638 0 0 0 0.419069 1.60216 -1.11022e-16 0 0 0 0 0 2.384 303 51 1 1 0
./complex_md-fit_546.pdb BC A 9.65354 32.2491 -10.2014 -6.23698 -14.7027 -23.5973 -0.891694 40.3558 -22.6559 5.6954 8.65166 2.75291 0 0 0 0.427396 1.61096 1.38778e-17 0 0 0 0 0 2.384 303 50 1 1 0
./complex_md-fit_547.pdb BC A 7.78523 40.0549 -9.19866 -4.18568 -10.2971 -22.078 -0.869954 36.4183 -21.6828 4.78644 7.01272 1.55716 0 0 0 0.140263 1.28663 -5.55112e-17 0 0 0 0 0 2.384 303 49 1 1 0
./complex_md-fit_548.pdb BC A 10.2637 29.9267 -14.4176 -6.70431 -13.1916 -22.0114 -0.909877 37.3645 -21.6995 2.70681 7.62875 2.13061 0 0 0 0.268398 1.65019 0 0 0 0 0 0 2.384 303 49 0 0 0
./complex_md-fit_549.pdb BC A 7.95839 34.4241 -14.4637 -6.66864 -13.7428 -21.3311 -1.01251 34.4958 -21.1551 4.52159 8.39545 1.79299 0 0 0 0.240692 1.50009 0 0 0 0 0 0 2.384 303 47 1 1 0
./complex_md-fit_54.pdb BC A 8.38155 28.1714 -9.77732 -5.26296 -11.3472 -22.8337 -0.902823 37.8589 -23.1841 6.91248 6.75738 1.73344 0 0 0 0.49127 2.20967 0 0 0 0 0 0 2.384 303 50 2 2 0
./complex_md-fit_550.pdb BC A 6.77933 28.8527 -6.64287 -6.50147 -10.6511 -23.2267 -0.97401 39.9574 -22.8527 7.33075 6.63653 3.40207 0 0 0 0.236385 1.9187 0 0 0 0 0 0 2.384 303 49 1 1 0
./complex_md-fit_551.pdb BC A 10.4233 28.3529 -6.68063 -5.91694 -10.0311 -22.8271 -0.678966 37.9815 -22.4898 8.07512 6.47962 2.34187 0 0 0 0.385189 1.88387 -1.11022e-16 0 0 0 0 0 2.384 303 53 2 2 0
./complex_md-fit_552.pdb BC A 8.99358 26.8237 -5.47421 -5.89807 -10.8878 -22.584 -0.857129 38.522 -22.0823 7.19864 7.5366 3.18036 0 0 0 0.397466 1.73718 0 0 0 0 0 0 2.384 303 48 1 1 0
./complex_md-fit_553.pdb BC A 8.6234 26.0318 -10.7649 -7.33491 -12.7115 -23.6707 -0.958864 38.6527 -23.0697 8.15168 7.43101 2.35532 0 0 0 0.399911 1.73913 -0.00988539 0 0 0 0 0 2.384 303 49 2 2 0
./complex_md-fit_554.pdb BC A 12.7755 27.7527 -2.5649 -3.82156 -11.2776 -23.1026 -0.971882 39.1599 -22.9182 9.62852 7.88399 2.76681 0 0 0 0.0877193 2.12327 0 0 0 0 0 0 2.384 303 48 3 3 0
./complex_md-fit_555.pdb BC A 6.93039 30.2281 -12.1943 -5.25975 -12.8301 -22.8976 -0.859065 35.0717 -22.7568 5.90683 8.17899 2.91163 0 0 0 0.339883 2.13034 0 0 0 0 0 0 2.384 303 43 1 1 0
./complex_md-fit_556.pdb BC A 6.47128 34.5176 -10.8701 -4.80577 -11.8667 -22.4773 -0.994737 35.7663 -22.6711 6.64736 7.39195 1.88947 0 0 0 0.245954 1.44021 0 0 0 0 0 0.00457479 2.384 303 48 2 2 0
./complex_md-fit_557.pdb BC A 7.85384 27.9499 -8.23688 -5.9318 -10.8279 -22.2882 -0.951679 36.1912 -21.9102 8.92376 7.40841 1.02593 0 0 0 0.123561 1.52479 0 0 0 0 0 0 2.384 303 48 1 1 0
./complex_md-fit_558.pdb BC A 9.71647 22.8822 -3.95502 -4.001 -9.38308 -21.8379 -0.852494 36.5197 -21.016 7.70817 6.24315 2.29254 0 0 0 0.37184 1.95888 0 0 0 0 0 0 2.384 303 47 1 1 0
./complex_md-fit_559.pdb BC A 7.25656 28.4689 -14.2562 -5.89701 -11.5923 -23.1097 -0.973245 35.7371 -22.9128 5.07586 6.28556 2.75598 0 0 0 0.374342 1.75525 0 0 0 0 0 0 2.384 303 49 0 0 0
./complex_md-fit_55.pdb BC A 12.111 36.3247 -3.45038 -4.44305 -9.37122 -22.4242 -0.927658 37.0189 -23.2632 10.7983 6.77304 2.06366 0 0 0 0.325048 1.72812 0 0 0 0 0 0 2.384 303 51 2 2 0
./complex_md-fit_560.pdb BC A 6.56829 28.4852 -12.918 -4.31945 -13.2429 -22.3633 -1.00047 36.5247 -22.3429 4.30704 7.70461 1.6619 0 0 0 0.152818 1.5081 0 0 0 0 0 0 2.384 303 52 1 1 0
./complex_md-fit_561.pdb BC A 7.79366 36.2238 -13.9102 -6.093 -12.3047 -22.868 -1.01539 36.2913 -22.7103 4.83434 7.81934 2.01766 0 0 0 0.118644 1.64254 5.55112e-17 0 0 0 0 0 2.384 303 50 0 0 0
./complex_md-fit_562.pdb BC A 10.6328 30.9886 -3.59058 -4.32381 -13.3187 -21.8938 -1.05999 38.432 -21.2435 8.65936 8.58221 2.43423 0 0 0 0.1414 1.48841 -5.55112e-17 0 0 0 0 0 2.384 303 49 1 1 0
./complex_md-fit_563.pdb BC A 7.4825 27.9862 -16.521 -6.32283 -16.0909 -24.8385 -1.00002 40.5763 -24.472 3.40686 9.59543 2.44213 0 0 0 0.182469 3.05097 0 0 0 0 0 0 2.384 303 52 0 0 0
./complex_md-fit_564.pdb BC A 10.552 29.9846 -8.09451 -5.95596 -10.9824 -23.3957 -0.928744 38.5355 -23.2232 7.85172 7.41282 2.39126 0 0 0 0.200137 1.78132 5.55112e-17 0 0 0 0 0 2.384 303 52 2 2 0
./complex_md-fit_565.pdb BC A 8.44769 28.4926 -11.5454 -5.15106 -9.32249 -21.1985 -0.846946 34.1655 -20.8801 2.70047 7.64344 1.23359 0 0 0 0.110687 2.43479 0 0 0 0 0 0 2.384 303 50 1 1 0
./complex_md-fit_566.pdb BC A 6.88946 33.4429 -9.24834 -4.29654 -10.5928 -21.8246 -1.05884 36.2616 -21.7111 4.66376 6.70306 2.43295 0 0 0 0.145889 2.70856 0.0283003 0 0 0 0 0 2.384 303 47 2 2 0
./complex_md-fit_567.pdb BC A 5.48066 24.5287 -12.425 -5.96029 -14.4072 -21.9751 -1.06217 37.3842 -21.6271 5.51969 7.85833 1.81813 0 0 0 0.0264368 1.9044 0 0 0 0 0 0 2.384 303 49 1 1 0
./complex_md-fit_568.pdb BC A 7.64978 37.8993 -10.2784 -7.16126 -9.76165 -21.7193 -0.946054 36.6654 -21.3232 4.92564 7.35674 1.52232 0 0 0 0.163039 1.74529 0 0 0 0 0 0 2.384 303 52 2 2 0
./complex_md-fit_569.pdb BC A 7.68828 28.0274 -9.87831 -4.84334 -12.4901 -21.2484 -0.754921 35.6651 -20.8358 4.98925 7.83013 1.53463 0 0 0 0.27518 1.71113 0 0 0 0 0 0 2.384 303 49 0 0 0
./complex_md-fit_56.pdb BC A 7.80786 26.8383 -8.4348 -5.14268 -10.9543 -23.4498 -0.828841 38.451 -23.4249 8.56989 6.44906 1.48207 0 0 0 0.413592 3.22721 0 0 0 0 0 0 2.384 303 51 1 1 0
./complex_md-fit_570.pdb BC A 7.86632 28.0498 -12.8706 -5.33908 -13.7737 -22.1825 -0.806834 36.1007 -21.6894 4.43424 6.93157 3.25201 0 0 0 0.194657 1.89254 0 0 0 0 0 0.00767803 2.384 303 50 0 0 0
./complex_md-fit_571.pdb BC A 7.01854 36.6222 -9.0048 -4.87317 -10.6544 -20.2047 -0.850753 33.8675 -19.9809 5.82582 5.29226 2.31044 0 0 0 0.263102 1.56626 0 0 0 0 0 0 2.384 303 51 2 2 0
./complex_md-fit_572.pdb BC A 7.75587 22.2911 -11.8542 -4.7625 -11.8693 -22.5192 -0.876075 36.9738 -22.4755 4.7198 6.19533 2.44366 0 0 0 0.29353 1.54249 0.0222736 0 0 0 0 0 2.384 303 52 0 0 0
./complex_md-fit_573.pdb BC A 7.37963 23.7025 -5.78915 -4.18719 -9.47685 -22.6787 -0.931215 38.2878 -22.6243 6.66367 6.99825 1.97608 0 0 0 0.183318 2.92264 0 0 0 0 0 0 2.384 303 51 1 1 0
./complex_md-fit_574.pdb BC A 7.74625 26.3528 -6.96593 -4.7944 -8.73965 -21.4741 -1.01865 35.5769 -21.6164 7.33589 5.72527 1.86743 0 0 0 0.149345 1.53158 0.0225008 0 0 0 0 0 2.384 303 50 2 2 0
./complex_md-fit_575.pdb BC A 9.51535 28.5366 -11.1132 -5.05361 -8.50024 -21.1946 -0.833757 35.2668 -21.1099 2.91972 5.5661 1.68686 0 0 0 0.139477 2.78875 0 0 0 0 0 0 2.384 303 52 0 0 0
./complex_md-fit_576.pdb BC A 7.4867 34.804 -11.6609 -4.69306 -10.418 -22.5097 -0.943398 36.7882 -22.2186 5.36769 5.06896 1.70491 0 0 0 0.192152 2.96434 0 0 0 0 0 0 2.384 303 46 0 0 0
./complex_md-fit_577.pdb BC A 8.03218 26.9964 -4.9948 -5.0668 -8.37751 -21.693 -0.968529 37.707 -20.7292 4.31448 6.44019 3.1773 0 0 0 0.201239 1.70454 0 0 0 0 0 0 2.384 303 48 1 1 0
./complex_md-fit_578.pdb BC A 8.54467 31.4852 -14.4566 -7.47837 -12.8584 -21.9467 -0.788424 37.0852 -21.7929 3.46283 6.9136 2.55708 0 0 0 0.359919 1.67236 0.0240039 0 0 0 0 0.00559675 2.384 303 51 1 1 0
./complex_md-fit_579.pdb BC A 8.69077 35.9735 -11.3271 -7.0539 -9.05995 -22.5289 -0.820441 36.7211 -22.5298 4.20849 6.33094 3.2413 0 0 0 0.14328 1.69911 0.0208646 0 0 0 0 0 2.384 303 50 1 1 0
./complex_md-fit_57.pdb BC A 7.47183 24.4883 -10.5514 -5.34855 -11.7651 -23.3837 -1.02172 38.3434 -22.9999 4.77536 7.49463 2.94722 0 0 0 0.407034 1.90698 0 0 0 0 0 0 2.384 303 49 0 0 0
./complex_md-fit_580.pdb BC A 11.6403 33.3274 -12.3738 -7.4362 -10.4456 -23.1901 -0.819615 39.1903 -22.936 3.76795 6.70859 2.66108 0 0 0 0.0934387 3.23052 0 0 0 0 0 0.0324418 2.384 303 50 0 0 0
./complex_md-fit_581.pdb BC A 8.03614 31.2938 -10.0278 -6.02272 -10.4908 -22.8281 -0.898538 39.4234 -22.5516 4.80945 5.91146 2.44375 0 0 0 0.175842 3.29254 0 0 0 0 0 0 2.384 303 51 1 1 0
./complex_md-fit_582.pdb BC A 8.03987 35.5037 -8.56353 -7.13746 -8.0298 -23.2336 -0.988669 38.6362 -23.3665 6.37028 6.71167 2.25107 0 0 0 0.223333 2.05943 0 0 0 0 0 0 2.384 303 48 1 1 0
./complex_md-fit_583.pdb BC A 7.84116 24.2662 -7.65594 -5.86926 -7.95481 -20.988 -0.88296 36.6128 -20.9069 3.89111 5.65254 2.59108 0 0 0 0.170861 3.96673 0 0 0 0 0 0.0275802 2.384 303 49 0 0 0
./complex_md-fit_584.pdb BC A 10.1903 26.9846 -10.2919 -6.43114 -9.94702 -23.0609 -0.855747 39.1128 -23.0281 4.67513 6.30537 2.70575 0 0 0 0.183939 2.84115 0 0 0 0 0 0.0480571 2.384 303 49 0 0 0
./complex_md-fit_585.pdb BC A 6.62294 28.9288 -15.415 -8.10655 -11.0869 -23.4171 -0.695947 38.3527 -23.6821 3.68123 6.25988 3.09361 0 0 0 0.146358 2.5704 0 0 0 0 0 0.0398944 2.384 303 53 0 0 0
./complex_md-fit_586.pdb BC A 6.27767 32.3149 -3.67679 -4.7059 -10.824 -22.8217 -1.12154 40.1893 -22.4774 8.17629 6.58687 3.04621 0 0 0 0.249547 2.10831 0 0 0 0 0 0.0254777 2.384 303 52 2 2 0
./complex_md-fit_587.pdb BC A 6.476 31.5782 -15.5796 -7.27021 -10.4677 -21.3526 -0.853309 35.6054 -21.2915 1.38328 5.81386 2.64867 0 0 0 0.161851 2.15247 0 0 0 0 0 0.0427026 2.384 303 52 0 0 0
./complex_md-fit_588.pdb BC A 6.52895 27.3892 -16.1981 -4.41794 -12.1396 -21.6291 -0.740965 34.9352 -21.6822 1.65847 6.44196 1.30769 0 0 0 0.0683805 1.60488 0 0 0 0 0 0 2.384 303 53 0 0 0
./complex_md-fit_589.pdb BC A 7.53926 28.2022 -13.6659 -6.48305 -10.3554 -22.1436 -0.776838 36.8041 -22.4968 1.52087 7.33792 2.6109 0 0 0 0.287897 1.94189 5.55112e-17 0 0 0 0 0.0281955 2.384 303 54 0 0 0
./complex_md-fit_58.pdb BC A 6.98642 24.4337 -8.60311 -4.99455 -8.14249 -21.1416 -0.752957 34.1072 -21.8287 5.15568 6.90354 2.00106 0 0 0 0.0897196 1.93444 0 0 0 0 0 0 2.384 303 47 0 0 0
./complex_md-fit_590.pdb BC A 8.37627 36.2827 -17.0404 -7.13077 -13.0978 -21.7878 -0.689041 35.354 -21.9137 1.50762 7.01386 3.51624 0 0 0 0.146413 1.6605 0 0 0 0 0 0.0406149 2.384 303 52 0 0 0
./complex_md-fit_591.pdb BC A 8.9566 29.5393 -11.6109 -5.22548 -12.9739 -23.5857 -0.80744 39.6244 -23.6322 5.62893 7.51474 1.72249 0 0 0 0.0901989 2.43514 0 0 0 0 0 0.0331479 2.384 303 50 1 1 0
./complex_md-fit_592.pdb BC A 7.08363 33.6076 -17.6533 -8.63583 -14.3341 -22.435 -0.969307 36.6286 -22.1146 1.64332 8.72421 3.55748 0 0 0 0.252882 1.35545 0 0 0 0 0 0.0290117 2.384 303 47 0 0 0
./complex_md-fit_593.pdb BC A 7.2977 33.8688 -7.01456 -5.68505 -8.13888 -21.2116 -0.88053 34.9196 -21.5516 4.59843 6.33375 3.69806 0 0 0 0.843854 2.05176 0.0245933 0 0 0 0 0.0348184 2.384 303 54 0 0 0
./complex_md-fit_594.pdb BC A 6.35987 36.2584 -13.2978 -7.09292 -12.0443 -22.4726 -0.806024 37.1024 -22.2115 4.28907 6.70711 2.812 0 0 0 0.372749 3.03168 0 0 0 0 0 0.0461372 2.384 303 52 0 0 0
./complex_md-fit_595.pdb BC A 8.1922 28.8228 -8.60925 -6.3862 -7.49204 -21.698 -0.872312 36.4806 -21.7849 4.35481 5.72612 2.98144 0 0 0 0.0812961 2.30229 0 0 0 0 0 0 2.384 303 50 0 0 0
./complex_md-fit_596.pdb BC A 10.389 29.731 -10.3257 -5.05991 -11.2733 -23.0977 -0.825137 39.7538 -23.1071 5.03871 6.92704 1.18689 0 0 0 0.105209 2.4676 0.0257584 0 0 0 0 0 2.384 303 54 0 0 0
./complex_md-fit_597.pdb BC A 7.04513 43.5459 -16.0518 -8.51045 -12.1649 -21.443 -0.868152 35.8991 -21.2799 2.56678 6.27038 2.95878 0 0 0 0.519619 1.54938 0 0 0 0 0 0 2.384 303 51 0 0 0
./complex_md-fit_598.pdb BC A 10.3573 28.2993 -14.2821 -8.69468 -11.5332 -22.1862 -0.856686 36.9377 -22.1745 4.3439 6.40822 3.08162 0 0 0 0.350326 2.55085 -5.55112e-17 0 0 0 0 0.0415091 2.384 303 52 2 2 0
./complex_md-fit_599.pdb BC A 8.79664 35.3141 -13.6457 -6.8146 -11.8183 -22.0516 -0.695318 36.9055 -21.9524 3.1445 6.7564 2.62038 0 0 0 0.245514 3.01822 0 0 0 0 0 0.0142231 2.384 303 48 0 0 0
./complex_md-fit_59.pdb BC A 8.23 28.8984 -11.2575 -6.08862 -10.4273 -22.7168 -0.872301 36.3425 -23.2306 7.98177 5.88896 1.75926 0 0 0 0.10565 1.98291 0 0 0 0 0 0 2.384 303 48 1 1 0
./complex_md-fit_5.pdb BC A 7.47286 35.9472 -6.01507 -4.4536 -8.51599 -24.0405 -0.833561 38.6329 -24.0741 7.1343 7.58447 2.33128 0 0 0 0.219785 2.39781 0 0 0 0 0 0 2.384 303 51 1 1 0
./complex_md-fit_600.pdb BC A 9.97572 30.4372 -11.5367 -7.91023 -8.90639 -21.2717 -0.766617 36.2237 -21.5915 2.10165 7.05832 3.39851 0 0 0 0.112723 1.93329 0 0 0 0 0 0.0148323 2.384 303 50 0 0 0
./complex_md-fit_601.pdb BC A 10.5887 29.9027 -8.85478 -5.1365 -12.1852 -22.3216 -0.873912 40.0165 -22.08 4.16585 6.85342 2.56785 0 0 0 0.138849 2.88593 0 0 0 0 0 0 2.384 303 50 0 0 0
./complex_md-fit_602.pdb BC A 7.47802 25.5233 -15.4985 -8.62735 -12.3786 -22.1669 -0.919209 37.9048 -21.8389 1.13552 8.00645 3.06819 0 0 0 0.269907 1.87439 0 0 0 0 0 0.0476554 2.384 303 52 0 0 0
./complex_md-fit_603.pdb BC A 7.75085 30.4329 -19.8094 -8.84489 -13.4216 -21.5033 -0.689964 34.4725 -21.8546 2.80178 6.01441 3.10879 0 0 0 0.0698768 2.0685 0 0 0 0 0 0.0376269 2.384 303 50 0 0 0
./complex_md-fit_604.pdb BC A 8.19628 30.4145 -12.0082 -6.06779 -9.48849 -21.0977 -0.829699 35.0783 -21.3174 2.96804 6.05952 2.45248 0 0 0 0.234647 1.55097 0 0 0 0 0 0 2.384 303 48 1 1 0
./complex_md-fit_605.pdb BC A 6.94029 26.8995 -13.1811 -8.4871 -10.4903 -22.4893 -0.856448 37.6408 -22.6431 4.4797 6.08093 3.45158 0 0 0 0.125333 1.9196 0 0 0 0 0 0.00683496 2.384 303 50 0 0 0
./complex_md-fit_606.pdb BC A 7.80603 31.5885 -17.4015 -8.91069 -12.3013 -21.627 -0.766689 35.0808 -21.5081 4.31825 5.52122 2.68528 0 0 0 0.0364621 1.93365 0.0225384 0 0 0 0 0.0477541 2.384 303 49 1 1 0
./complex_md-fit_607.pdb BC A 6.90551 23.3076 -15.7275 -6.92892 -10.418 -21.919 -0.788151 36.0013 -21.445 1.20834 5.43127 2.56848 0 0 0 0.516969 2.23797 0 0 0 0 0 0.045213 2.384 303 51 0 0 0
./complex_md-fit_608.pdb BC A 7.91982 21.2787 -5.60571 -5.82594 -8.89361 -21.2751 -0.83964 36.7112 -20.7731 6.72297 6.39044 2.11729 0 0 0 0.0597716 2.89726 0 0 0 0 0 0 2.384 303 53 1 1 0
./complex_md-fit_609.pdb BC A 6.19959 30.0358 -16.0027 -9.01437 -12.0559 -22.6185 -0.790952 37.547 -22.1883 4.46284 5.77242 2.62109 0 0 0 0.25589 1.8795 0 0 0 0 0 0.00620812 2.384 303 55 0 0 0
./complex_md-fit_60.pdb BC A 7.5943 32.5397 -8.25174 -6.33874 -9.96827 -21.809 -0.872108 35.3011 -22.266 8.98435 7.16523 1.38933 0 0 0 0.134635 2.27042 0.027616 0 0 0 0 0 2.384 303 49 2 2 0
./complex_md-fit_610.pdb BC A 9.27836 27.2255 -10.766 -6.60925 -11.1639 -23.243 -0.879611 38.3785 -23.1565 5.25336 6.27536 3.91823 0 0 0 0.423742 2.27347 1.11022e-16 0 0 0 0 0.0370701 2.384 303 55 0 0 0
./complex_md-fit_611.pdb BC A 7.67842 30.6911 -18.3176 -8.67525 -11.9272 -22.1409 -0.865257 36.035 -22.6901 3.03531 6.02727 2.51987 0 0 0 0.363657 2.19523 0 0 0 0 0 0 2.384 303 50 0 0 0
./complex_md-fit_612.pdb BC A 8.04863 34.8679 -11.0985 -6.84652 -11.686 -22.2698 -0.796718 38.4201 -21.9307 4.04395 7.62234 2.10686 0 0 0 0.237957 2.55622 0 0 0 0 0 0 2.384 303 53 0 0 0
./complex_md-fit_613.pdb BC A 7.56421 27.955 -7.80583 -6.84549 -10.8546 -23.2919 -0.905964 40.7052 -22.7716 6.63909 7.32977 1.95197 0 0 0 0.198062 2.08627 5.55112e-17 0 0 0 0 0.0395243 2.384 303 51 1 1 0
./complex_md-fit_614.pdb BC A 7.47476 26.3656 -10.0483 -7.4455 -9.27874 -22.3887 -0.738111 37.0526 -22.4815 5.27317 6.46129 3.38856 0 0 0 0.108666 1.69063 5.55112e-17 0 0 0 0 0 2.384 303 50 1 1 0
./complex_md-fit_615.pdb BC A 10.4794 26.1098 -5.27287 -6.8524 -9.06966 -23.341 -0.812958 40.5844 -23.306 7.15008 6.66115 3.2949 0 0 0 0.372119 1.92508 0 0 0 0 0 0.0464615 2.384 303 53 1 1 0
./complex_md-fit_616.pdb BC A 6.77166 29.9398 -9.60446 -7.15523 -9.72984 -22.8796 -0.8371 40.1961 -22.2512 4.51695 5.74868 2.51094 0 0 0 0.273024 2.19562 0 0 0 0 0 0.00281126 2.384 303 55 0 0 0
./complex_md-fit_617.pdb BC A 7.26143 33.1492 -14.3742 -8.05142 -11.3305 -22.9915 -0.698243 38.3695 -22.9998 4.30946 5.21653 3.51997 0 0 0 0.232856 2.0427 0 0 0 0 0 0.0489736 2.384 303 53 0 0 0
./complex_md-fit_618.pdb BC A 7.62352 35.2194 0.166232 -7.05129 -7.25592 -22.8852 -0.712672 40.9532 -22.7704 8.04079 7.38298 3.79311 0 0 0 0.645404 2.40441 0 0 0 0 0 0.0262029 2.384 303 55 2 2 0
./complex_md-fit_619.pdb BC A 9.86538 28.9193 -13.0208 -7.90127 -9.76427 -22.3795 -0.807033 37.932 -22.4409 3.4617 4.9182 3.73543 0 0 0 0.200716 1.86307 0 0 0 0 0 0.0241541 2.384 303 52 0 0 0
./complex_md-fit_61.pdb BC A 9.03912 31.8239 -11.0202 -6.58617 -10.3178 -22.1354 -0.862499 36.3114 -22.3381 5.94759 6.80683 1.58808 0 0 0 0.565871 3.26638 0 0 0 0 0 0 2.384 303 51 1 1 0
./complex_md-fit_620.pdb BC A 10.8445 31.7757 -20.4162 -7.416 -13.9911 -22.6457 -0.829218 36.9042 -22.7449 2.36066 5.89467 1.76429 0 0 0 0.250053 3.86274 0 0 0 0 0 0.036961 2.384 303 51 0 0 0
./complex_md-fit_621.pdb BC A 8.99577 33.4446 -8.47767 -6.26095 -8.81769 -21.3249 -0.74529 36.5946 -20.8411 3.64148 5.92153 3.28956 0 0 0 0.0650743 1.83735 0 0 0 0 0 0 2.384 303 48 0 0 0
./complex_md-fit_622.pdb BC A 9.48317 25.2765 -12.5524 -7.88508 -10.8998 -21.179 -0.878734 35.5645 -21.2108 3.30088 7.01014 3.48396 0 0 0 0.114593 1.83721 0 0 0 0 0 0.0270088 2.384 303 49 0 0 0
./complex_md-fit_623.pdb BC A 9.65104 23.0265 -8.33152 -7.4463 -10.6959 -23.9407 -0.747302 41.4958 -23.2744 5.43324 7.23475 3.36154 0 0 0 0.213066 3.60073 0 0 0 0 0 0.0346551 2.384 303 51 0 0 0
./complex_md-fit_624.pdb BC A 7.88526 30.2114 -13.9903 -5.38405 -12.0312 -21.6545 -0.829254 37.3113 -21.2858 1.85178 6.26413 1.57283 0 0 0 0.162611 2.72569 0.0318911 0 0 0 0 0 2.384 303 53 0 0 0
./complex_md-fit_625.pdb BC A 9.4732 37.5414 -14.6221 -7.88953 -11.4085 -22.6775 -0.769651 37.7063 -22.6875 4.89495 5.45595 2.43241 0 0 0 0.273525 3.34765 -2.77556e-17 0 0 0 0 0.0475511 2.384 303 53 1 1 0
./complex_md-fit_626.pdb BC A 8.69644 33.7515 -13.4108 -6.99561 -11.3586 -21.199 -0.747379 33.7088 -21.689 6.30008 6.22415 2.25591 0 0 0 0.0897121 1.69457 0 0 0 0 0 0 2.384 303 49 1 1 0
./complex_md-fit_627.pdb BC A 8.21504 33.3256 -11.3182 -9.53702 -10.2704 -22.5889 -0.791981 38.3087 -22.4325 7.24793 6.93694 1.60049 0 0 0 0.167516 2.11497 -0.00918059 0 0 0 0 0.0502196 2.384 303 54 2 2 0
./complex_md-fit_628.pdb BC A 6.97475 34.7297 -14.5988 -9.66038 -13.6403 -22.3688 -0.922385 38.3577 -21.8699 4.89772 7.48041 2.46607 0 0 0 0.622048 2.00679 0 0 0 0 0 0.0389742 2.384 303 51 1 1 0
./complex_md-fit_629.pdb BC A 6.44827 30.2606 -12.8784 -6.66516 -10.0375 -20.9994 -0.865474 35.0262 -20.9191 3.33887 6.45929 1.35962 0 0 0 0.418343 1.86744 0 0 0 0 0 0.00593033 2.384 303 56 0 0 0
./complex_md-fit_62.pdb BC A 7.09074 34.7202 -10.3971 -6.06204 -9.88556 -21.6534 -0.816401 34.8132 -21.8533 5.87755 6.17628 2.64446 0 0 0 0.362029 1.70015 0 0 0 0 0 0 2.384 303 49 0 0 0
./complex_md-fit_630.pdb BC A 8.07028 31.4006 -14.8542 -8.21349 -12.6361 -21.3656 -0.782121 35.7102 -21.4643 4.13813 6.46961 3.20784 0 0 0 0.0561182 1.71308 0 0 0 0 0 0.0255616 2.384 303 52 1 1 0
./complex_md-fit_631.pdb BC A 8.39591 35.6738 -16.0948 -7.42929 -17.6335 -22.8425 -1.10427 39.21 -22.0211 4.99413 7.64943 2.95476 0 0 0 0.127484 1.86029 2.77556e-17 0 0 0 0 0 2.384 303 50 0 0 0
./complex_md-fit_632.pdb BC A 8.98003 32.5945 -12.1903 -9.31544 -13.46 -25.283 -0.784188 43.6302 -25.207 4.76492 8.53893 4.22021 0 0 0 0.705076 2.60013 0 0 0 0 0 0 2.384 303 54 1 1 0
./complex_md-fit_633.pdb BC A 6.86014 30.1567 -4.24585 -5.47815 -10.1858 -24.6353 -0.815905 43.9216 -24.3445 6.8262 7.59429 2.60756 0 0 0 0.249837 2.00699 1.11022e-16 0 0 0 0 0.0143595 2.384 303 51 2 2 0
./complex_md-fit_634.pdb BC A 7.28081 30.073 -1.09755 -6.64697 -9.51986 -23.1185 -0.835089 38.8524 -23.7107 12.006 7.73672 3.89948 0 0 0 0.238916 1.60031 0 0 0 0 0 0 2.384 303 51 2 2 0
./complex_md-fit_635.pdb BC A 7.34078 30.1126 -14.6351 -9.78806 -15.0192 -25.6803 -0.989951 43.4894 -25.1192 3.73195 11.1579 3.32166 0 0 0 0.229027 3.102 0 0 0 0 0 0.0317399 2.384 303 54 0 0 0
./complex_md-fit_636.pdb BC A 12.4649 29.4389 -17.0887 -7.89534 -17.5547 -26.2518 -0.982473 44.5971 -26.3244 3.87618 9.30404 3.80004 0 0 0 0.323632 2.59518 -1.11022e-16 0 0 0 0 0.0190627 2.384 303 56 0 0 0
./complex_md-fit_637.pdb BC A 6.81379 23.5703 -7.79009 -6.47654 -13.0484 -25.8921 -1.04646 45.0984 -25.7254 8.29697 8.60016 2.21044 0 0 0 0.195824 2.33003 -0.00296817 0 0 0 0 0 2.384 303 57 2 2 0
./complex_md-fit_638.pdb BC A 5.59193 26.4708 -12.6711 -7.53211 -11.5522 -24.3314 -0.786116 40.0759 -24.863 6.45304 7.39488 2.17471 0 0 0 0.279068 2.42454 0 0 0 0 0 0.0160472 2.384 303 54 1 1 0
./complex_md-fit_639.pdb BC A 10.9764 35.2484 -18.2429 -6.7016 -12.2686 -22.7465 -0.773445 36.4273 -23.3389 1.99593 7.16678 1.72129 0 0 0 0.285867 1.82602 -0.0110241 0 0 0 0 0 2.384 303 55 0 0 0
./complex_md-fit_63.pdb BC A 8.89974 32.9806 -7.50459 -4.216 -8.5809 -21.8563 -0.77231 35.9301 -21.6882 5.7912 5.69528 1.57485 0 0 0 0.61772 2.05851 0 0 0 0 0 0 2.384 303 48 0 0 0
./complex_md-fit_640.pdb BC A 6.94099 29.582 -13.2563 -5.42941 -15.2047 -24.4144 -1.03922 41.1927 -24.5079 4.65897 8.76922 2.63984 0 0 0 0.078517 2.15085 0 0 0 0 0 -2.22045e-16 2.384 303 53 1 1 0
./complex_md-fit_641.pdb BC A 9.85468 41.3993 -16.9 -7.24131 -16.3584 -24.7088 -1.11502 40.8758 -24.4684 4.23202 9.11205 2.16293 0 0 0 0.609192 1.81493 0 0 0 0 0 0 2.384 303 52 0 0 0
./complex_md-fit_642.pdb BC A 6.95952 29.8094 -10.0066 -5.95734 -14.3805 -25.6666 -1.24339 43.6292 -25.7457 6.69993 9.9717 2.30163 0 0 0 0.384558 2.10645 0 0 0 0 0 0 2.384 303 51 1 1 0
./complex_md-fit_643.pdb BC A 7.62827 29.8763 -16.1475 -9.08079 -14.1457 -25.3175 -0.979793 40.8847 -25.9323 6.57273 9.10173 2.24861 0 0 0 0.534001 2.44355 -0.0331631 0 0 0 0 0 2.384 303 54 1 1 0
./complex_md-fit_644.pdb BC A 9.9258 27.1559 -14.593 -4.46457 -15.1125 -23.6165 -1.12917 39.0909 -23.7169 4.53425 8.2901 1.28837 0 0 0 0.254401 1.96217 -0.0114166 0 0 0 0 1.11022e-16 2.384 303 53 1 1 0
./complex_md-fit_645.pdb BC A 6.77882 28.7517 -10.7544 -5.96764 -15.3876 -24.9969 -0.863304 42.557 -25.3656 6.88499 9.90734 1.98748 0 0 0 0.483396 1.92116 0 0 0 0 0 0.00645826 2.384 303 52 1 1 0
./complex_md-fit_646.pdb BC A 8.04689 32.756 -17.1082 -6.42326 -16.0323 -24.9254 -1.04403 40.2194 -25.5475 4.95301 9.55162 2.00199 0 0 0 0.138229 2.07481 0 0 0 0 0 0 2.384 303 52 1 1 0
./complex_md-fit_647.pdb BC A 7.48892 28.9425 -12.8302 -6.38219 -14.4521 -24.8802 -1.16471 43.0176 -24.9079 5.68227 7.94775 2.06206 0 0 0 0.247301 2.27476 5.55112e-17 0 0 0 0 0 2.384 303 50 0 0 0
./complex_md-fit_648.pdb BC A 7.59864 27.6888 -10.2111 -5.88795 -14.0424 -24.4654 -0.893416 41.2554 -24.7624 7.50181 9.01546 1.79601 0 0 0 0.282511 1.75636 -0.010817 0 0 0 0 0 2.384 303 54 1 1 0
./complex_md-fit_649.pdb BC A 10.4401 22.776 -18.6595 -6.24238 -17.1288 -23.8023 -1.21413 39.389 -23.5584 2.99519 9.29011 1.47724 0 0 0 0.135017 1.82053 0 0 0 0 0 0 2.384 303 55 0 0 0
./complex_md-fit_64.pdb BC A 7.17481 37.519 -13.0253 -5.55883 -10.5779 -23.7683 -0.966286 39.1859 -24.4356 2.78348 7.02927 3.05031 0 0 0 0.208752 3.03298 0.0239025 0 0 0 0 0 2.384 303 52 0 0 0
./complex_md-fit_650.pdb BC A 9.03526 25.5358 -16.2558 -6.08855 -13.5831 -22.3838 -0.725054 35.3458 -22.349 3.28855 8.78947 1.28259 0 0 0 0.190987 1.7479 -0.023583 0 0 0 0 0 2.384 303 52 0 0 0
./complex_md-fit_651.pdb BC A 6.78307 31.0227 -14.8868 -7.16092 -13.5497 -24.93 -0.887838 39.7672 -25.3413 4.71447 9.08521 2.71341 0 0 0 0.702618 2.35514 0 0 0 0 0 -2.22045e-16 2.384 303 54 1 1 0
./complex_md-fit_652.pdb BC A 6.12089 31.2178 -10.4701 -6.76713 -15.3104 -24.8836 -1.05424 42.2898 -24.5883 8.29454 9.26302 2.15573 0 0 0 0.130442 1.82796 0 0 0 0 0 0 2.384 303 52 3 3 0
./complex_md-fit_653.pdb BC A 7.21632 25.8353 -16.1867 -6.37349 -13.2304 -23.3547 -1.0627 37.6575 -23.7225 3.74579 7.9546 1.79712 0 0 0 0.402031 1.73102 0 0 0 0 0 0 2.384 303 52 1 1 0
./complex_md-fit_654.pdb BC A 10.8917 37.2995 -12.6415 -4.56616 -11.0729 -24.4905 -1.02824 39.717 -24.7728 5.03786 6.44586 1.73592 0 0 0 0.34756 2.14811 0 0 0 0 0 0.00503291 2.384 303 55 0 0 0
./complex_md-fit_655.pdb BC A 7.78785 36.7392 -15.8908 -6.34442 -17.3849 -24.2895 -1.01107 39.7186 -24.4463 4.71882 10.064 2.63051 0 0 0 0.453452 1.64971 0 0 0 0 0 0 2.384 303 51 0 0 0
./complex_md-fit_656.pdb BC A 7.84864 34.2514 -13.6988 -7.1067 -14.0065 -23.9043 -0.858647 39.3234 -23.949 7.05484 7.79359 1.68235 0 0 0 0.285765 1.51566 -0.0134762 0 0 0 0 0 2.384 303 51 2 2 0
./complex_md-fit_657.pdb BC A 8.47362 28.1735 -7.57583 -4.69383 -12.2648 -24.3926 -1.25344 40.5445 -24.5471 9.03678 8.24412 1.52116 0 0 0 0.239348 1.67437 -0.0100039 0 0 0 0 0 2.384 303 51 3 3 0
./complex_md-fit_658.pdb BC A 6.9207 27.5764 -8.98127 -3.86812 -11.5751 -22.8818 -0.93288 38.5652 -22.9657 4.61375 7.73687 1.69965 0 0 0 0.626901 1.63384 -5.55112e-17 0 0 0 0 0 2.384 303 53 2 2 0
./complex_md-fit_659.pdb BC A 9.93241 33.0979 -8.88848 -5.28127 -11.2222 -23.7592 -0.980925 38.7659 -24.151 8.18358 7.44454 1.9652 0 0 0 0.146966 1.54423 0 0 0 0 0 0 2.384 303 54 2 2 0
./complex_md-fit_65.pdb BC A 8.067 34.7584 -10.2729 -5.17363 -10.9042 -22.9953 -0.925634 37.7988 -23.6676 6.08208 6.93308 2.19332 0 0 0 0.386197 1.85965 -6.93889e-18 0 0 0 0 0 2.384 303 52 0 0 0
./complex_md-fit_660.pdb BC A 7.98993 33.022 -11.4936 -6.47995 -13.1604 -22.5169 -1.22739 37.585 -21.8635 4.4344 9.59318 1.99265 0 0 0 0.149351 1.66103 0 0 0 0 0 0 2.384 303 54 0 0 0
./complex_md-fit_661.pdb BC A 7.75207 34.3703 -5.28149 -5.82764 -12.6595 -25.193 -0.895086 42.5083 -24.9566 7.88635 9.84645 3.81619 0 0 0 0.192996 2.00456 0 0 0 0 0 0 2.384 303 53 1 1 0
./complex_md-fit_662.pdb BC A 6.05908 36.8188 -15.345 -5.92776 -15.1658 -24.3043 -0.837325 40.8353 -24.1034 2.65239 9.181 2.13378 0 0 0 0.191208 1.15067 -5.55112e-17 0 0 0 0 0 2.384 303 49 0 0 0
./complex_md-fit_663.pdb BC A 7.63008 30.611 -10.6724 -6.73732 -13.5334 -23.5973 -0.891735 39.2875 -23.453 6.54531 9.48755 1.84101 0 0 0 0.379059 1.86505 0 0 0 0 0 0 2.384 303 49 1 1 0
./complex_md-fit_664.pdb BC A 7.88164 27.8569 -13.4537 -5.38278 -14.2366 -26.4301 -0.885618 44.7755 -26.2591 5.56253 7.94239 1.29998 0 0 0 0.160169 1.7401 0 0 0 0 0 0 2.384 303 50 0 0 0
./complex_md-fit_665.pdb BC A 8.86887 31.2569 -15.0859 -7.72297 -13.08 -24.1957 -0.783815 39.0977 -24.1015 5.14906 7.76393 2.36585 0 0 0 0.452967 1.30008 -0.031488 0 0 0 0 0 2.384 303 51 1 1 0
./complex_md-fit_666.pdb BC A 10.1348 26.4962 -13.1995 -6.63803 -13.1795 -25.1254 -0.840996 41.8446 -24.7486 5.19275 8.85758 1.17299 0 0 0 0.289823 1.85889 -0.0247274 0 0 0 0 0 2.384 303 53 1 1 0
./complex_md-fit_667.pdb BC A 6.20189 26.9332 -12.3172 -5.76937 -14.205 -24.9293 -0.939601 42.5557 -24.5672 4.19396 9.38298 1.36101 0 0 0 0.625247 1.71626 -0.0256658 0 0 0 0 0 2.384 303 51 1 1 0
./complex_md-fit_668.pdb BC A 10.3341 28.2711 -11.9657 -5.82686 -13.4558 -25.6692 -1.08184 42.8578 -25.1923 5.70224 8.83222 1.49555 0 0 0 0.372495 2.11586 0 0 0 0 0 0 2.384 303 50 1 1 0
./complex_md-fit_669.pdb BC A 7.06698 31.4747 -3.56558 -4.25733 -6.97265 -23.8171 -0.855079 40.5969 -23.8783 7.18424 6.36579 1.8791 0 0 0 0.197961 1.68396 -0.00910849 0 0 0 0 0 2.384 303 50 2 2 0
./complex_md-fit_66.pdb BC A 8.16182 32.3504 -17.6584 -7.38718 -11.1368 -21.3435 -0.76479 33.3547 -21.7697 1.62461 7.45565 2.05997 0 0 0 0.248636 1.66704 0 0 0 0 0 0 2.384 303 48 0 0 0
./complex_md-fit_670.pdb BC A 8.18529 28.5279 -12.8558 -6.88647 -12.4035 -23.2241 -0.774693 38.6554 -22.8089 4.28554 8.32156 1.84107 0 0 0 0.138262 1.51024 0 0 0 0 0 0 2.384 303 50 0 0 0
./complex_md-fit_671.pdb BC A 6.91519 28.4073 -5.92618 -7.07803 -14.6896 -24.3206 -1.02158 42.5023 -23.9671 9.32148 10.4084 2.65475 0 0 0 0.293062 1.75502 -0.0291732 0 0 0 0 0 2.384 303 51 2 2 0
./complex_md-fit_672.pdb BC A 6.3296 31.3653 -12.7139 -6.54692 -11.7026 -23.0149 -0.86609 37.3519 -23.1347 3.93135 7.85381 3.08457 0 0 0 0.347586 1.63424 -0.0180066 0 0 0 0 0 2.384 303 51 0 0 0
./complex_md-fit_673.pdb BC A 9.63982 30.5053 -10.4838 -6.38275 -14.8932 -22.8425 -1.10813 38.9176 -22.069 4.85599 9.99934 2.8941 0 0 0 0.144772 1.46304 -2.77556e-17 0 0 0 0 0 2.384 303 51 0 0 0
./complex_md-fit_674.pdb BC A 6.69147 28.6712 -9.57327 -6.55833 -13.9443 -23.1986 -0.862434 40.9227 -21.8999 3.8848 9.72715 2.17893 0 0 0 0.176613 1.71658 -6.93889e-18 0 0 0 0 0 2.384 303 51 0 0 0
./complex_md-fit_675.pdb BC A 9.03479 33.089 -11.0583 -7.58735 -11.364 -23.8611 -0.758505 38.3018 -23.7175 7.71366 8.21637 1.77092 0 0 0 0.261334 2.93813 -0.0339185 0 0 0 0 0 2.384 303 54 4 4 0
./complex_md-fit_676.pdb BC A 8.16536 34.595 -13.8563 -7.7818 -14.1283 -24.7382 -0.994343 41.2167 -24.6611 6.59842 8.52954 1.87717 0 0 0 0.234867 1.82462 -0.00917219 0 0 0 0 0 2.384 303 49 1 1 0
./complex_md-fit_677.pdb BC A 6.30556 33.4358 -13.613 -5.72569 -13.8144 -23.5166 -0.947131 39.016 -23.1767 4.80963 8.30476 1.35655 0 0 0 0.110095 2.68896 -0.029444 0 0 0 0 0 2.384 303 50 0 0 0
./complex_md-fit_678.pdb BC A 8.90563 37.8976 -1.08049 -5.25369 -10.6872 -24.5817 -1.02725 42.2452 -24.1828 11.9835 8.09625 1.46788 0 0 0 0.859275 2.35109 0 0 0 0 0 0 2.384 303 52 3 3 0
./complex_md-fit_679.pdb BC A 9.31923 25.5833 -7.91341 -5.44729 -13.1971 -23.4284 -0.907842 40.4501 -24.172 6.76163 8.7358 2.40885 0 0 0 0.901534 1.90891 -0.0187209 0 0 0 0 0 2.384 303 51 2 2 0
./complex_md-fit_67.pdb BC A 8.60065 29.7835 -15.7151 -6.6569 -10.6477 -22.8623 -0.822936 35.8084 -23.4724 2.6075 7.83491 2.31008 0 0 0 0.155433 2.26182 0.0308017 0 0 0 0 0 2.384 303 53 0 0 0
./complex_md-fit_680.pdb BC A 6.34884 39.1563 -7.48715 -5.65312 -13.1829 -24.6086 -0.933239 41.1025 -24.742 8.0552 10.2027 1.95621 0 0 0 0.31611 1.81938 1.11022e-16 0 0 0 0 0 2.384 303 49 1 1 0
./complex_md-fit_681.pdb BC A 5.65255 37.283 -9.61535 -5.08083 -13.5053 -22.8526 -0.921291 38.5066 -22.822 7.06303 8.2133 1.57561 0 0 0 0.20819 1.65822 0 0 0 0 0 0 2.384 303 52 0 0 0
./complex_md-fit_682.pdb BC A 7.49368 29.9574 -14.6216 -6.55319 -14.5762 -24.2258 -0.9039 40.5509 -24.3198 4.26623 9.32266 1.64115 0 0 0 0.17621 2.86909 0 0 0 0 0 0 2.384 303 52 0 0 0
./complex_md-fit_683.pdb BC A 7.37074 31.6923 -12.9177 -7.4544 -13.7478 -24.4804 -1.11583 41.1122 -24.3782 3.38704 10.9837 2.72947 0 0 0 0.0762482 1.38352 -0.0296104 0 0 0 0 0 2.384 303 48 0 0 0
./complex_md-fit_684.pdb BC A 7.48434 27.4502 -15.3669 -7.28332 -16.0526 -22.3044 -1.07882 38.9544 -21.3661 2.0108 10.0577 1.65914 0 0 0 0.068535 1.88498 -0.0322742 0 0 0 0 0 2.384 303 49 0 0 0
./complex_md-fit_685.pdb BC A 9.32881 30.2281 -13.6042 -7.02834 -14.6583 -24.2774 -1.05589 41.5126 -24.4134 3.58787 9.22393 3.37495 0 0 0 0.129809 1.2248 0 0 0 0 0 0 2.384 303 50 1 1 0
./complex_md-fit_686.pdb BC A 8.64197 25.7215 -10.9511 -5.19185 -14.5482 -23.1772 -1.19657 39.6274 -23.0713 5.03402 9.81983 1.64628 0 0 0 0.135882 1.77181 -0.0294581 0 0 0 0 0 2.384 303 52 0 0 0
./complex_md-fit_687.pdb BC A 6.70672 37.1206 -14.8445 -8.29614 -12.6832 -23.8401 -0.907103 40.5298 -23.555 3.34969 8.38148 2.04494 0 0 0 0.145125 1.22382 -0.013951 0 0 0 0 0 2.384 303 49 0 0 0
./complex_md-fit_688.pdb BC A 6.69601 28.3406 -9.46827 -5.86476 -12.1574 -25.0887 -1.12916 42.6359 -25.1762 5.63777 9.96589 1.52604 0 0 0 0.182308 2.68539 0 0 0 0 0 0 2.384 303 50 1 1 0
./complex_md-fit_689.pdb BC A 9.17584 33.268 -8.00321 -6.18403 -10.981 -24.1975 -1.05829 42.3912 -24.2685 4.55842 8.54243 2.83673 0 0 0 0.356766 1.7245 0.000615817 0 0 0 0 0 2.384 303 54 2 2 0
./complex_md-fit_68.pdb BC A 7.06983 32.1208 -12.866 -7.01428 -10.8944 -22.8863 -0.924195 37.7737 -23.3748 4.76896 7.62602 1.86067 0 0 0 0.198543 1.99306 0 0 0 0 0 0 2.384 303 51 0 0 0
./complex_md-fit_690.pdb BC A 7.39684 25.2147 -12.6433 -9.47361 -13.6677 -24.5593 -0.900065 40.8987 -24.3491 6.94353 9.19089 3.07521 0 0 0 0.211536 1.94934 -0.0133963 0 0 0 0 0 2.384 303 50 1 1 0
./complex_md-fit_691.pdb BC A 9.55471 31.1635 -17.4772 -6.79574 -13.1111 -23.9133 -0.884831 39.7872 -24.4628 1.91596 8.0451 1.81307 0 0 0 0.140472 1.70894 -0.0111988 0 0 0 0 0 2.384 303 52 0 0 0
./complex_md-fit_692.pdb BC A 6.45692 29.0591 -14.0793 -7.12128 -10.662 -24.2117 -0.867463 39.711 -23.9821 3.87123 6.72058 1.98652 0 0 0 0.505129 2.22805 -0.029184 0 0 0 0 0 2.384 303 52 0 0 0
./complex_md-fit_693.pdb BC A 7.67789 33.6354 -19.2728 -6.89204 -13.0702 -24.836 -0.913156 38.7686 -25.4835 3.31043 7.4043 1.96226 0 0 0 0.504929 2.25374 -0.0283999 0 0 0 0 0 2.384 303 52 0 0 0
./complex_md-fit_694.pdb BC A 6.97515 32.1098 -13.2913 -6.16197 -13.3938 -24.3528 -1.00281 39.1909 -24.717 5.28005 9.47255 2.11678 0 0 0 0.276816 2.02495 0 0 0 0 0 0 2.384 303 52 2 2 0
./complex_md-fit_695.pdb BC A 7.3153 31.2985 -12.4199 -7.30383 -12.5859 -23.6154 -1.16591 39.4704 -23.0095 5.4885 8.63289 1.60854 0 0 0 0.0603165 1.61307 5.55112e-17 0 0 0 0 0 2.384 303 51 2 2 0
./complex_md-fit_696.pdb BC A 9.38821 30.5394 -11.8029 -6.21378 -12.7327 -22.6621 -1.03289 38.0612 -22.5797 4.0909 9.29333 1.80582 0 0 0 0.167065 2.56894 0 0 0 0 0 0 2.384 303 50 0 0 0
./complex_md-fit_697.pdb BC A 9.61835 28.2025 -15.5038 -7.81078 -15.3804 -23.8874 -1.1449 39.8551 -23.9546 3.60677 10.5378 2.37859 0 0 0 0.296061 1.48384 1.11022e-16 0 0 0 0 0 2.384 303 50 1 1 0
./complex_md-fit_698.pdb BC A 8.71415 35.2205 -13.374 -5.99298 -14.4192 -23.4938 -1.06928 37.7715 -23.3892 4.0369 9.8488 3.18804 0 0 0 0.145253 2.06456 0 0 0 0 0 0 2.384 303 52 0 0 0
./complex_md-fit_699.pdb BC A 10.498 27.0882 -10.0192 -4.7811 -10.4237 -22.2804 -0.866025 36.6257 -22.1139 4.89043 6.48374 2.15039 0 0 0 0.295607 2.68335 0 0 0 0 0 0 2.384 303 49 1 1 0
./complex_md-fit_69.pdb BC A 7.90379 28.829 -7.82814 -5.82138 -9.68781 -23.3201 -0.803862 40.0694 -23.6354 5.86089 7.06144 1.93127 0 0 0 0.494628 2.08985 0.0227477 0 0 0 0 0 2.384 303 52 1 1 0
./complex_md-fit_6.pdb BC A 8.30419 34.642 -16.0832 -6.1927 -13.9324 -24.4695 -0.972561 38.7254 -25.2658 5.25909 7.25347 3.13152 0 0 0 0.358668 2.3978 0.0216792 0 0 0 0 0 2.384 303 48 1 1 0
./complex_md-fit_700.pdb BC A 9.24585 35.9194 -15.2264 -7.76283 -15.422 -25.1787 -1.05765 41.0961 -25.5243 4.64773 10.7641 2.89724 0 0 0 0.308013 1.5324 0 0 0 0 0 0.00584826 2.384 303 50 0 0 0
./complex_md-fit_701.pdb BC A 9.21395 35.4439 -16.3046 -6.98721 -14.7394 -24.5139 -1.00991 39.2334 -24.8534 4.08049 9.40963 2.87652 0 0 0 0.204899 1.4783 -0.0057643 0 0 0 0 0 2.384 303 51 0 0 0
./complex_md-fit_702.pdb BC A 6.33414 35.9609 -10.4801 -5.68247 -14.0494 -23.187 -0.882227 38.4656 -22.9148 5.49641 9.07869 3.11229 0 0 0 0.0828257 1.69148 0 0 0 0 0 0 2.384 303 49 2 2 0
./complex_md-fit_703.pdb BC A 7.39073 36.4611 -10.3406 -5.70862 -12.7348 -23.0661 -1.08823 38.1626 -23.393 5.99578 8.38612 2.18794 0 0 0 0.929321 1.76663 -0.0116493 0 0 0 0 0 2.384 303 52 1 1 0
./complex_md-fit_704.pdb BC A 7.82813 31.3871 -14.8121 -5.54877 -15.3319 -24.4401 -0.876751 39.7804 -24.5537 3.69009 9.35846 2.80588 0 0 0 0.330618 1.91373 -0.0262747 0 0 0 0 0 2.384 303 51 0 0 0
./complex_md-fit_705.pdb BC A 6.98168 33.6677 -17.298 -5.26584 -14.6679 -23.7756 -0.824376 38.8238 -23.6986 2.14573 8.02182 1.8391 0 0 0 0.129297 2.25242 -0.0254331 0 0 0 0 0 2.384 303 50 0 0 0
./complex_md-fit_706.pdb BC A 6.83115 32.3335 -16.1061 -6.81562 -15.7923 -24.9186 -1.03748 41.1739 -24.9567 5.03658 9.15708 1.44871 0 0 0 0.608216 3.00574 -0.00995498 0 0 0 0 0 2.384 303 53 1 1 0
./complex_md-fit_707.pdb BC A 9.47186 34.8889 -16.1462 -6.95629 -17.1293 -24.6298 -1.16511 40.2225 -24.6438 4.61262 10.8842 2.5134 0 0 0 0.125541 3.17655 0.0199303 0 0 0 0 0 2.384 303 56 0 0 0
./complex_md-fit_708.pdb BC A 6.74267 27.4472 -9.43099 -5.06047 -13.9203 -24.3344 -1.06858 41.1553 -24.1802 5.53912 10.2956 2.01365 0 0 0 0.129292 1.37373 -5.55112e-17 0 0 0 0 0 2.384 303 50 0 0 0
./complex_md-fit_709.pdb BC A 8.43172 33.0311 -12.7118 -4.19413 -13.1332 -24.2308 -0.997448 40.9518 -24.2962 4.05159 7.51997 1.42061 0 0 0 0.201032 2.85847 -0.00504892 0 0 0 0 0 2.384 303 52 0 0 0
./complex_md-fit_70.pdb BC A 7.87208 28.6896 -16.5956 -8.62763 -10.0436 -23.4767 -0.743211 35.927 -24.5029 5.25689 7.55406 1.53415 0 0 0 0.526392 2.25568 5.55112e-17 0 0 0 0 0 2.384 303 48 0 0 0
./complex_md-fit_710.pdb BC A 8.99929 25.0857 -13.4633 -6.43267 -13.5287 -25.3514 -0.950771 41.2777 -25.4937 5.01456 9.20962 2.34894 0 0 0 0.443215 2.2279 0 0 0 0 0 0 2.384 303 52 0 0 0
./complex_md-fit_711.pdb BC A 10.1094 36.1049 -13.2739 -5.83748 -13.3919 -24.7204 -1.06448 40.2973 -24.9173 4.26763 10.1802 1.57685 0 0 0 0.360713 1.83232 -0.0249873 0 0 0 0 0 2.384 303 53 0 0 0
./complex_md-fit_712.pdb BC A 6.73444 29.086 -9.93292 -4.23534 -12.9298 -24.7589 -0.987963 41.6472 -24.7336 4.89082 8.54213 2.38856 0 0 0 0.244017 2.38458 0 0 0 0 0 0 2.384 303 46 0 0 0
./complex_md-fit_713.pdb BC A 6.31219 33.3624 -4.57886 -4.77952 -9.83097 -22.3015 -0.725681 36.6743 -22.0599 7.27802 7.68902 3.21658 0 0 0 0.260882 1.70121 0 0 0 0 0 0 2.384 303 44 1 1 0
./complex_md-fit_714.pdb BC A 7.63991 36.8505 -12.1693 -6.43155 -15.0428 -22.6143 -1.07178 37.3712 -22.0284 5.35934 9.84917 2.10036 0 0 0 0.339401 1.46861 0 0 0 0 0 0 2.384 303 45 1 1 0
./complex_md-fit_715.pdb BC A 6.15736 36.7668 -13.5647 -5.10602 -12.5003 -23.2437 -0.997507 37.0843 -23.8298 5.58967 7.95055 1.22125 0 0 0 0.266823 1.33936 0 0 0 0 0 0 2.384 303 47 1 1 0
./complex_md-fit_716.pdb BC A 7.21856 25.8533 -10.7274 -5.62483 -12.8525 -23.3374 -0.99793 38.3656 -23.1662 5.12042 9.13991 2.22638 0 0 0 0.399131 1.55638 -1.38778e-17 0 0 0 0 0 2.384 303 48 0 0 0
./complex_md-fit_717.pdb BC A 5.91448 29.6855 -6.85287 -4.1453 -12.8967 -23.6163 -1.15768 39.2014 -23.7538 8.05528 9.08205 1.96358 0 0 0 0.414643 1.69067 0 0 0 0 0 0 2.384 303 46 2 2 0
./complex_md-fit_718.pdb BC A 7.69226 33.1745 -8.08598 -5.70419 -13.659 -23.9054 -0.802006 38.8366 -24.4451 9.14697 9.86179 2.12387 0 0 0 0.460421 1.42379 0 0 0 0 0 0 2.384 303 46 2 2 0
./complex_md-fit_719.pdb BC A 6.84108 39.3184 -2.00167 -3.54948 -10.3095 -23.3632 -1.12089 40.6519 -23.5042 8.5672 8.28518 2.10989 0 0 0 0.237687 1.66273 -0.0137145 0 0 0 0 0.00749574 2.384 303 47 2 2 0
./complex_md-fit_71.pdb BC A 8.83485 29.6493 -19.1174 -7.4235 -13.4792 -22.7081 -0.851608 35.4588 -23.4529 3.44257 8.43629 1.31348 0 0 0 0.165888 1.97637 -0.0189682 0 0 0 0 0 2.384 303 51 0 0 0
./complex_md-fit_720.pdb BC A 9.48454 32.5162 -12.3109 -4.61681 -14.4353 -23.8804 -0.851983 38.1789 -24.0344 5.58073 9.24317 2.29599 0 0 0 0.209155 2.65203 0 0 0 0 0 0 2.384 303 47 0 0 0
./complex_md-fit_721.pdb BC A 9.26448 31.5817 -9.51408 -4.67632 -14.5064 -22.8438 -0.991862 39.2645 -22.7528 4.90378 9.94166 2.003 0 0 0 0.144153 2.58005 0 0 0 0 0 0 2.384 303 48 1 1 0
./complex_md-fit_722.pdb BC A 9.32293 30.5598 -13.6063 -5.21674 -15.2749 -23.9493 -1.06783 38.6589 -23.6986 5.0893 8.69732 2.97773 0 0 0 0.177817 2.60663 0 0 0 0 0 0 2.384 303 48 0 0 0
./complex_md-fit_723.pdb BC A 6.6657 29.9418 -7.9565 -5.60678 -12.8485 -23.4635 -1.00982 37.9783 -23.6117 8.02135 9.75604 2.42445 0 0 0 0.403597 2.9748 0 0 0 0 0 0 2.384 303 46 2 2 0
./complex_md-fit_724.pdb BC A 6.35178 32.5771 -7.47503 -5.13199 -10.7094 -22.1111 -1.0542 37.6658 -22.1344 5.36305 7.59446 2.95366 0 0 0 0.0890643 1.42705 -5.55112e-17 0 0 0 0 0 2.384 303 48 1 1 0
./complex_md-fit_725.pdb BC A 9.25782 34.8998 -12.4584 -6.86863 -13.3483 -21.01 -0.96201 33.6981 -21.3395 5.11831 9.71538 2.46019 0 0 0 0.078079 1.25467 0 0 0 0 0 0 2.384 303 47 1 1 0
./complex_md-fit_726.pdb BC A 7.10737 29.3217 -4.00388 -4.33983 -6.50088 -21.707 -0.853786 35.4156 -22.4469 8.20304 5.36434 2.4393 0 0 0 0.422292 1.61856 0 0 0 0 0 0 2.384 303 51 2 2 0
./complex_md-fit_727.pdb BC A 5.9559 34.749 -10.2462 -6.06406 -8.48076 -21.0148 -0.891196 34.1149 -22.0595 5.04175 6.43712 2.51878 0 0 0 0.162788 1.45956 -0.0111598 0 0 0 0 0 2.384 303 45 1 1 0
./complex_md-fit_728.pdb BC A 6.67427 25.6875 -12.5219 -3.98972 -11.5283 -20.5199 -0.931833 32.7807 -21.6079 2.41902 7.64099 3.06352 0 0 0 0.151489 1.12431 0 0 0 0 0 0 2.384 303 47 0 0 0
./complex_md-fit_729.pdb BC A 9.57592 34.0929 -15.0234 -5.76187 -12.7917 -21.0699 -1.01358 33.9867 -21.5822 2.6689 8.66401 1.62864 0 0 0 0.247612 1.47178 0 0 0 0 0 0 2.384 303 47 0 0 0
./complex_md-fit_72.pdb BC A 8.42915 33.8829 -13.4247 -5.65833 -11.6559 -22.515 -0.94617 37.3806 -22.8406 4.00793 7.11399 1.52962 0 0 0 0.15922 3.04271 0 0 0 0 0 0 2.384 303 49 0 0 0
./complex_md-fit_730.pdb BC A 7.86638 33.2767 -6.42112 -5.31983 -11.7329 -23.0477 -1.13308 38.7516 -23.0988 8.24996 8.56239 2.24813 0 0 0 0.0991369 1.26146 0 0 0 0 0 0 2.384 303 46 3 3 0
./complex_md-fit_731.pdb BC A 6.58931 29.4891 -15.6649 -5.02539 -14.0301 -22.4301 -0.92035 35.7224 -23.1781 3.41638 8.55097 2.09795 0 0 0 0.131492 2.12772 0 0 0 0 0 0 2.384 303 47 0 0 0
./complex_md-fit_732.pdb BC A 5.48261 32.1201 -8.58122 -4.48485 -14.1994 -22.4666 -1.09258 36.6589 -22.6205 7.85477 8.99759 2.6211 0 0 0 0.150354 1.46408 0 0 0 0 0 0 2.384 303 47 0 0 0
./complex_md-fit_733.pdb BC A 6.53981 27.428 -10.6762 -5.28428 -14.4098 -21.9016 -0.86106 35.4646 -22.2537 7.13218 8.01203 3.38573 0 0 0 0.0396164 1.64989 0 0 0 0 0 0 2.384 303 46 2 2 0
./complex_md-fit_734.pdb BC A 9.27929 34.9222 -0.349656 -4.2188 -9.17242 -20.8254 -0.883076 36.2895 -20.3741 8.42145 6.9637 3.38579 0 0 0 0.0637719 1.50108 0 0 0 0 0 0 2.384 303 45 2 2 0
./complex_md-fit_735.pdb BC A 6.76681 22.7951 -3.76892 -6.24429 -11.2592 -23.6707 -0.739099 41.5114 -23.4613 8.98308 9.11633 1.82402 0 0 0 0.170847 1.92358 -5.55112e-17 0 0 0 0 0 2.384 303 51 3 3 0
./complex_md-fit_736.pdb BC A 6.02338 37.9734 -12.9069 -7.24112 -12.5231 -22.761 -1.01669 36.7611 -23.3077 4.49387 9.7694 2.66555 0 0 0 0.252731 1.32466 0 0 0 0 0 0 2.384 303 49 1 1 0
./complex_md-fit_737.pdb BC A 8.80092 31.9682 -14.6087 -7.50116 -13.4816 -22.8347 -0.888061 38.0237 -22.7108 3.80348 8.56535 2.18489 0 0 0 0.230179 1.50281 0 0 0 0 0 0 2.384 303 44 0 0 0
./complex_md-fit_738.pdb BC A 6.9394 32.076 -7.96772 -5.6784 -12.6318 -22.515 -1.01844 38.3743 -21.9802 7.3366 8.98461 1.03169 0 0 0 0.129027 1.29164 -1.11022e-16 0 0 0 0 0 2.384 303 45 2 2 0
./complex_md-fit_739.pdb BC A 8.80273 29.5711 -8.98913 -6.12331 -11.2715 -22.9349 -0.871578 38.9771 -23.0742 6.4163 8.48769 1.31871 0 0 0 0.11181 2.50598 -0.0251922 0 0 0 0 0 2.384 303 47 0 0 0
./complex_md-fit_73.pdb BC A 8.9676 27.3243 -15.186 -6.74536 -9.46793 -22.5761 -0.717245 35.678 -22.5879 1.97114 5.93648 2.76368 0 0 0 0.559204 2.35635 0 0 0 0 0 0 2.384 303 51 0 0 0
./complex_md-fit_740.pdb BC A 7.69564 33.3717 -10.7751 -3.64175 -14.2931 -22.0784 -0.87365 38.319 -21.1134 3.30543 8.32242 1.00796 0 0 0 0.270486 2.72487 0 0 0 0 0 0 2.384 303 45 0 0 0
./complex_md-fit_741.pdb BC A 7.3448 30.5841 -8.6645 -5.15574 -10.4874 -21.3706 -0.783248 35.5545 -21.5633 5.59862 7.12936 2.12194 0 0 0 0.266817 2.61064 0.0245294 0 0 0 0 0 2.384 303 45 0 0 0
./complex_md-fit_742.pdb BC A 6.59765 27.5173 -12.4575 -4.95545 -14.1443 -21.7229 -0.919656 36.1236 -21.6302 4.72505 7.72537 2.08026 0 0 0 0.260722 1.41842 0 0 0 0 0 0 2.384 303 44 0 0 0
./complex_md-fit_743.pdb BC A 7.93825 29.2858 -3.58262 -5.2627 -9.86227 -23.5688 -0.900474 40.3445 -23.4606 9.11181 7.01883 2.66308 0 0 0 0.333995 2.60916 0 0 0 0 0 0 2.384 303 49 3 3 0
./complex_md-fit_744.pdb BC A 6.97264 33.1913 -13.8348 -6.11457 -11.2037 -22.2184 -1.01436 37.705 -22.0383 2.02997 6.44039 2.53064 0 0 0 0.0485926 1.67109 0 0 0 0 0 0 2.384 303 45 0 0 0
./complex_md-fit_745.pdb BC A 6.8035 33.7072 -13.5981 -7.14749 -14.4405 -24.3839 -0.942062 42.2227 -24.5345 3.91409 9.27713 1.74368 0 0 0 0.723997 1.69382 -0.0312522 0 0 0 0 0 2.384 303 52 1 1 0
./complex_md-fit_746.pdb BC A 9.42867 28.9968 -6.37424 -2.95972 -11.2031 -22.1392 -1.0281 37.4055 -22.8728 6.48896 7.94312 1.73785 0 0 0 0.253312 2.71163 0 0 0 0 0 0 2.384 303 44 1 1 0
./complex_md-fit_747.pdb BC A 8.635 32.1031 -10.8935 -6.27458 -12.1734 -20.8181 -1.06528 35.235 -21.1104 3.51269 8.55264 2.84141 0 0 0 0.406453 1.39475 0 0 0 0 0 0 2.384 303 46 0 0 0
./complex_md-fit_748.pdb BC A 8.31749 33.5404 -6.49494 -5.91319 -8.31898 -21.8934 -0.712304 36.5151 -21.9906 6.06094 6.46636 3.04979 0 0 0 0.24127 1.53973 0 0 0 0 0 0 2.384 303 46 1 1 0
./complex_md-fit_749.pdb BC A 9.33985 25.8807 -13.6184 -6.34681 -11.1433 -22.5891 -0.850845 36.4732 -22.7296 4.60815 6.08791 2.66364 0 0 0 0.222673 1.54878 -0.0143264 0 0 0 0 0 2.384 303 48 1 1 0
./complex_md-fit_74.pdb BC A 8.256 34.791 -4.8572 -5.0808 -9.2499 -21.6803 -0.824264 37.4921 -21.8027 7.72285 6.66368 1.62705 0 0 0 0.284357 2.01589 -0.00919493 0 0 0 0 0 2.384 303 50 2 2 0
./complex_md-fit_750.pdb BC A 8.48531 33.1994 0.0332279 -4.34609 -9.89978 -22.8627 -1.05591 40.7551 -22.8064 7.98067 9.12767 2.62902 0 0 0 0.511678 2.58041 0 0 0 0 0 0 2.384 303 48 2 2 0
./complex_md-fit_751.pdb BC A 7.49153 37.0263 -10.03 -4.68918 -9.06019 -21.6702 -0.839682 35.7298 -21.7995 4.3189 5.98279 1.95237 0 0 0 0.0603905 1.82537 -0.0155665 0 0 0 0 0 2.384 303 46 0 0 0
./complex_md-fit_752.pdb BC A 7.6098 32.7208 -14.5703 -5.7809 -11.3178 -22.7391 -0.837462 36.1895 -23.3286 3.16394 6.92091 3.06416 0 0 0 0.11142 1.57201 -0.0164666 0 0 0 0 0 2.384 303 50 0 0 0
./complex_md-fit_753.pdb BC A 9.87216 27.9689 -8.62101 -5.68657 -8.43533 -22.6922 -0.993808 37.5035 -23.5314 6.96923 6.73407 1.40836 0 0 0 0.10309 2.76852 0 0 0 0 0 0 2.384 303 48 3 3 0
./complex_md-fit_754.pdb BC A 7.61451 26.1876 -12.7463 -4.98635 -9.92759 -19.3134 -0.877312 30.2161 -19.2431 3.70372 6.17998 1.41803 0 0 0 0.0836432 1.25337 0 0 0 0 0 0 2.384 303 42 0 0 0
./complex_md-fit_755.pdb BC A 9.67103 32.681 -11.9533 -5.51459 -11.1425 -21.7738 -1.0461 35.8193 -22.4512 3.94258 8.06801 2.02916 0 0 0 0.131703 1.46328 -0.0160085 0 0 0 0 0 2.384 303 49 0 0 0
./complex_md-fit_756.pdb BC A 10.3203 32.8414 -9.49606 -6.17711 -11.3875 -22.6577 -0.838445 37.138 -23.3484 6.8333 8.61526 2.01482 0 0 0 0.311749 1.51088 -5.55112e-17 0 0 0 0 0 2.384 303 51 2 2 0
./complex_md-fit_757.pdb BC A 6.18098 43.1473 -4.31522 -4.66422 -8.50153 -21.0632 -0.983996 36.3192 -21.2163 6.95106 7.25226 1.49231 0 0 0 0.099173 1.53576 0 0 0 0 0 0 2.384 303 44 2 2 0
./complex_md-fit_758.pdb BC A 8.07727 32.3126 -11.4307 -5.30293 -9.62717 -22.589 -0.938109 37.163 -23.1128 3.91595 6.98693 1.72643 0 0 0 0.347058 2.07349 0 0 0 0 0 0 2.384 303 46 1 1 0
./complex_md-fit_759.pdb BC A 8.21583 32.1735 -15.4927 -7.88608 -13.1763 -22.5581 -1.08947 35.9573 -23.0527 5.39724 8.84206 1.9225 0 0 0 0.150794 1.55415 0 0 0 0 0 0 2.384 303 50 2 2 0
./complex_md-fit_75.pdb BC A 7.4626 25.9547 -13.8848 -8.6337 -9.87192 -22.603 -0.89066 36.0374 -22.9209 4.63112 7.35939 2.54019 0 0 0 0.467299 2.03177 6.93889e-18 0 0 0 0 0 2.384 303 47 0 0 0
./complex_md-fit_760.pdb BC A 6.9654 26.7524 -12.5252 -7.45685 -10.209 -23.9889 -0.949289 39.4462 -24.3969 6.06719 6.81587 1.96531 0 0 0 0.181182 1.92206 0 0 0 0 0 0 2.384 303 53 1 1 0
./complex_md-fit_761.pdb BC A 7.58287 34.3837 -10.9768 -8.88694 -10.7506 -24.3611 -0.926142 40.2421 -24.54 6.8214 7.4102 3.30718 0 0 0 0.707111 1.84952 0 0 0 0 0 0 2.384 303 51 2 2 0
./complex_md-fit_762.pdb BC A 8.25134 31.4833 -11.1405 -6.18382 -9.30744 -23.5146 -0.980347 38.8021 -24.4027 4.74108 7.04932 2.02856 0 0 0 0.607999 1.87916 0 0 0 0 0 0.0193682 2.384 303 51 1 1 0
./complex_md-fit_763.pdb BC A 7.39915 28.4006 -18.6478 -8.25387 -10.7575 -22.0915 -1.04299 35.4418 -22.4469 2.13097 7.19709 1.04601 0 0 0 0.129231 1.4654 2.77556e-17 0 0 0 0 0 2.384 303 51 0 0 0
./complex_md-fit_764.pdb BC A 7.0824 35.3881 -11.6918 -5.65103 -9.5594 -21.0966 -0.850865 34.2792 -21.4518 5.26551 5.67141 1.16828 0 0 0 0.533477 1.52634 0 0 0 0 0 0 2.384 303 49 2 2 0
./complex_md-fit_765.pdb BC A 6.71328 33.741 -14.3964 -7.45261 -11.1021 -23.838 -0.80504 37.9731 -23.7203 5.12554 8.06184 0.677577 0 0 0 0.683695 1.84335 0 0 0 0 0 0 2.384 303 52 1 1 0
./complex_md-fit_766.pdb BC A 8.67953 24.8051 -15.551 -6.02803 -11.9571 -23.2509 -0.848087 36.8686 -23.3826 4.80896 7.13101 0.953454 0 0 0 0.153723 3.07749 0 0 0 0 0 0 2.384 303 46 0 0 0
./complex_md-fit_767.pdb BC A 7.54686 28.0277 -11.197 -4.72892 -11.0614 -21.3724 -0.988474 34.923 -21.8209 5.01836 7.07474 1.59468 0 0 0 0.164352 2.78166 0 0 0 0 0 0 2.384 303 46 1 1 0
./complex_md-fit_768.pdb BC A 7.75453 32.8769 -15.1926 -6.94118 -11.2858 -22.2443 -0.873008 35.4438 -22.251 3.19039 8.00278 1.57358 0 0 0 0.192158 2.50541 -5.55112e-17 0 0 0 0 0 2.384 303 48 0 0 0
./complex_md-fit_769.pdb BC A 10.6392 27.0066 -14.8998 -6.22297 -11.0262 -23.1331 -0.975528 38.2464 -23.1568 3.42842 6.4313 1.30786 0 0 0 0.200881 2.36908 5.55112e-17 0 0 0 0 0 2.384 303 50 0 0 0
./complex_md-fit_76.pdb BC A 7.20421 30.703 -8.62995 -5.08669 -9.81252 -22.8095 -0.89609 38.8597 -22.8956 6.32279 6.13141 1.25216 0 0 0 0.304418 2.37967 0 0 0 0 0 0 2.384 303 51 2 2 0
./complex_md-fit_770.pdb BC A 7.79548 30.6505 -11.491 -6.59311 -10.2921 -23.2939 -1.01124 37.0296 -23.7793 5.30628 7.67304 3.34073 0 0 0 0.10191 1.97288 0.027058 0 0 0 0 0 2.384 303 49 0 0 0
./complex_md-fit_771.pdb BC A 9.14229 38.5918 -13.8687 -6.54812 -10.3895 -22.7491 -1.07482 37.077 -23.2125 4.4566 7.05475 0.858749 0 0 0 0.668545 1.81809 -0.0103912 0 0 0 0 0 2.384 303 51 1 1 0
./complex_md-fit_772.pdb BC A 8.25775 35.9063 -10.6154 -6.49489 -11.8978 -21.7792 -0.955998 37.5187 -20.9538 5.26808 6.87764 1.68106 0 0 0 0.120774 1.93241 0 0 0 0 0 0 2.384 303 51 1 1 0
./complex_md-fit_773.pdb BC A 7.57274 36.2487 -14.4761 -7.18799 -15.0091 -23.4947 -1.08388 38.7045 -23.5167 5.7524 8.58935 2.12895 0 0 0 0.641053 2.83218 0 0 0 0 0 0 2.384 303 52 1 1 0
./complex_md-fit_774.pdb BC A 8.75819 32.9686 -10.6985 -6.20371 -13.907 -22.5613 -1.07595 39.1035 -22.5486 6.01694 8.72306 1.35515 0 0 0 0.39943 1.57012 0 0 0 0 0 0 2.384 303 51 1 1 0
./complex_md-fit_775.pdb BC A 9.02873 33.3385 -13.5788 -6.82735 -15.2467 -25.1255 -1.16045 41.5743 -25.4304 6.96133 8.67249 2.12464 0 0 0 0.897547 2.82366 -0.0187457 0 0 0 0 0 2.384 303 52 1 1 0
./complex_md-fit_776.pdb BC A 7.93658 40.0118 -17.2927 -7.62177 -16.4091 -24.6892 -1.11763 41.3355 -24.7365 4.5091 8.5655 2.36793 0 0 0 0.522482 2.43855 -0.0190469 0 0 0 0 0 2.384 303 52 0 0 0
./complex_md-fit_777.pdb BC A 7.00151 35.3505 -15.2016 -6.41919 -15.4833 -23.9103 -1.10804 40.1485 -23.5162 3.55461 8.42663 2.81562 0 0 0 0.300056 1.92957 -0.00996684 0 0 0 0 0 2.384 303 48 0 0 0
./complex_md-fit_778.pdb BC A 8.49869 33.3939 -13.6294 -7.53949 -14.5624 -23.6926 -1.03472 39.6805 -23.3572 5.61234 8.12633 2.84039 0 0 0 0.297486 3.09349 0 0 0 0 0 0 2.384 303 47 1 1 0
./complex_md-fit_779.pdb BC A 6.44725 30.505 -14.9809 -6.74231 -15.3346 -24.6174 -1.12796 40.1716 -24.3095 5.08616 9.03671 2.56434 0 0 0 0.292112 2.32734 -5.55112e-17 0 0 0 0 0 2.384 303 50 1 1 0
./complex_md-fit_77.pdb BC A 9.31048 26.4218 -13.7928 -7.28213 -12.626 -21.8108 -0.997 36.1306 -21.7166 4.54643 7.89045 1.67753 0 0 0 0.394703 2.15352 1.11022e-16 0 0 0 0 0 2.384 303 48 1 1 0
./complex_md-fit_780.pdb BC A 9.82001 29.7121 -10.8595 -5.55876 -14.5615 -23.1126 -1.04567 38.859 -23.1385 5.92337 9.75638 1.8723 0 0 0 0.159347 2.10399 -0.0128562 0 0 0 0 0 2.384 303 49 1 1 0
./complex_md-fit_781.pdb BC A 6.66711 34.1339 -10.3732 -7.50773 -13.8564 -24.5015 -1.09845 40.8774 -23.9847 8.48412 9.36101 1.52702 0 0 0 0.326024 1.78952 0 0 0 0 0 0 2.384 303 52 1 1 0
./complex_md-fit_782.pdb BC A 8.11585 28.3375 -9.24422 -5.85786 -11.4929 -21.9183 -1.06236 36.6591 -22.1699 6.4371 7.36223 2.35011 0 0 0 0.448544 1.65242 0 0 0 0 0 0 2.384 303 48 0 0 0
./complex_md-fit_783.pdb BC A 6.99777 26.7801 -11.04 -7.29631 -15.6392 -24.8331 -1.11261 40.9826 -24.8516 8.97953 9.56617 2.74582 0 0 0 0.420274 2.28296 -0.00162713 0 0 0 0 0 2.384 303 50 4 4 0
./complex_md-fit_784.pdb BC A 8.5738 27.3855 -16.2441 -6.96984 -15.2606 -22.9638 -1.11093 37.487 -23.0026 3.9527 8.74102 2.7338 0 0 0 0.14919 1.94503 0 0 0 0 0 0 2.384 303 49 0 0 0
./complex_md-fit_785.pdb BC A 8.46356 33.2843 -8.53156 -4.72916 -14.4375 -23.7494 -1.0852 39.8135 -23.8494 7.94775 8.71824 2.41307 0 0 0 0.426575 2.98041 0 0 0 0 0 0 2.384 303 50 1 1 0
./complex_md-fit_786.pdb BC A 7.52111 34.5885 -7.88278 -4.58966 -13.505 -23.3109 -1.01599 38.1996 -23.1086 6.5422 9.06804 3.66003 0 0 0 0.177405 1.83312 0 0 0 0 0 0 2.384 303 45 0 0 0
./complex_md-fit_787.pdb BC A 6.94615 26.6031 -12.0204 -6.67482 -15.1299 -23.2579 -1.12355 40.6275 -22.628 3.74399 9.15714 3.1511 0 0 0 0.114018 2.42461 -1.38778e-17 0 0 0 0 0 2.384 303 48 0 0 0
./complex_md-fit_788.pdb BC A 9.3255 33.0307 -12.5114 -6.26872 -16.5352 -24.5502 -1.03801 41.4015 -24.1224 7.15488 8.50183 2.72345 0 0 0 0.232802 2.9318 -0.01141 0 0 0 0 0 2.384 303 52 1 1 0
./complex_md-fit_789.pdb BC A 4.64796 31.337 -10.2444 -4.37564 -11.4727 -23.2245 -0.932277 39.1138 -22.625 3.70056 7.64458 1.85127 0 0 0 0.100618 1.77245 -0.025225 0 0 0 0 0 2.384 303 48 0 0 0
./complex_md-fit_78.pdb BC A 8.79173 32.6834 -16.3452 -6.74301 -11.9449 -20.774 -0.761359 34.6952 -20.3858 1.29296 5.96088 2.08134 0 0 0 0.233508 2.09923 0 0 0 0 0 0 2.384 303 49 0 0 0
./complex_md-fit_790.pdb BC A 8.65384 25.3769 -11.9742 -4.8002 -12.7951 -23.1286 -0.880384 39.876 -22.4405 3.4157 6.93358 1.49071 0 0 0 0.332699 1.79683 0.0218388 0 0 0 0 0 2.384 303 47 0 0 0
./complex_md-fit_791.pdb BC A 7.43469 38.5531 -17.617 -7.72224 -13.8459 -23.0995 -1.04887 38.6319 -22.9614 2.8038 7.77854 1.58192 0 0 0 0.278276 1.71369 -0.0135457 0 0 0 0 1.11022e-16 2.384 303 47 0 0 0
./complex_md-fit_792.pdb BC A 10.5353 34.8917 -15.1908 -7.4823 -14.4768 -23.5218 -1.01482 39.9658 -22.9177 3.05006 8.44003 2.67713 0 0 0 0.109738 2.37845 -0.0201579 0 0 0 0 0 2.384 303 49 0 0 0
./complex_md-fit_793.pdb BC A 7.47172 29.02 -10.4541 -7.17452 -17.4417 -25.704 -1.10489 45.0681 -25.4751 6.82655 11.7808 2.63995 0 0 0 0.130668 2.7311 0 0 0 0 0 0 2.384 303 54 1 1 0
./complex_md-fit_794.pdb BC A 7.66308 28.042 -13.3082 -5.93279 -15.7764 -23.4898 -1.21273 40.2335 -23.4644 4.57387 9.52062 1.81362 0 0 0 0.426334 2.47578 0 0 0 0 0 0 2.384 303 50 0 0 0
./complex_md-fit_795.pdb BC A 8.94006 34.2781 -12.4243 -7.78289 -15.5709 -24.5003 -1.29938 42.0778 -24.5729 6.38452 9.6939 2.66948 0 0 0 0.472371 1.72905 0.00400409 0 0 0 0 0 2.384 303 52 0 0 0
./complex_md-fit_796.pdb BC A 7.7619 31.8647 -10.8192 -5.2354 -17.3745 -23.449 -1.06268 41.2475 -22.8316 6.29368 9.62043 1.81976 0 0 0 0.152672 1.80851 0 0 0 0 0 0 2.384 303 49 2 2 0
./complex_md-fit_797.pdb BC A 7.31885 36.4608 -15.7262 -8.08629 -17.7679 -23.9896 -1.06259 40.9111 -23.6674 5.94607 9.77183 2.02631 0 0 0 0.192319 1.83178 0 0 0 0 0 0 2.384 303 47 1 1 0
./complex_md-fit_798.pdb BC A 7.22734 34.7181 -13.6343 -4.81312 -14.4972 -24.3481 -1.01369 42.1821 -24.2032 3.23138 8.8548 0.833058 0 0 0 0.155858 2.09391 -0.0160362 0 0 0 0 0 2.384 303 52 0 0 0
./complex_md-fit_799.pdb BC A 8.77777 40.1201 -8.90772 -5.43019 -12.7469 -22.6266 -1.13535 40.5122 -21.7123 4.35182 7.10875 2.40212 0 0 0 0.368851 1.79173 1.11022e-16 0 0 0 0 0 2.384 303 46 0 0 0
./complex_md-fit_79.pdb BC A 10.7274 36.6975 -13.5222 -5.35726 -10.1474 -22.46 -0.861079 36.4556 -23.1867 2.91211 5.95977 2.99932 0 0 0 0.141134 1.87654 0.022369 0 0 0 0 0 2.384 303 52 0 0 0
./complex_md-fit_7.pdb BC A 6.54487 35.169 -12.5934 -4.3393 -10.2007 -22.7407 -0.875125 36.5847 -23.4565 3.65515 6.99222 1.65494 0 0 0 0.131905 2.55888 0 0 0 0 0 0 2.384 303 52 0 0 0
./complex_md-fit_800.pdb BC A 8.79048 36.5237 -5.60675 -5.75232 -10.9992 -24.4757 -1.03896 42.4519 -24.3341 8.38871 8.26921 1.63219 0 0 0 0.27786 3.30435 -0.0263924 0 0 0 0 -1.11022e-16 2.384 303 51 2 2 0
./complex_md-fit_801.pdb BC A 7.25811 42.4357 -15.7563 -8.02207 -15.9001 -25.7736 -1.147 42.3841 -25.7543 4.73006 10.0437 3.14378 0 0 0 0.539062 2.07912 5.55112e-17 0 0 0 0 1.11022e-16 2.384 303 48 0 0 0
./complex_md-fit_802.pdb BC A 11.6025 35.4512 -10.8312 -5.7589 -14.7426 -25.1054 -1.02502 42.3984 -24.718 6.04626 9.58554 2.33855 0 0 0 0.149949 2.70458 0 0 0 0 0 0 2.384 303 48 1 1 0
./complex_md-fit_803.pdb BC A 8.7344 37.1113 -11.8942 -5.4486 -13.265 -23.0637 -1.06034 39.0631 -22.5326 4.75506 8.09094 1.34206 0 0 0 0.230833 2.11755 -0.0113837 0 0 0 0 0.0055572 2.384 303 50 0 0 0
./complex_md-fit_804.pdb BC A 10.2519 32.7526 -9.81605 -5.39231 -15.6233 -25.3743 -1.08929 44.2279 -24.9369 6.67602 8.97676 2.12253 0 0 0 0.621182 2.70792 -0.0282529 0 0 0 0 0.0039247 2.384 303 52 0 0 0
./complex_md-fit_805.pdb BC A 7.99429 30.5076 -6.34176 -5.85947 -10.4211 -23.995 -0.898024 41.9501 -23.9007 6.01206 7.32718 2.68813 0 0 0 0.75507 1.35959 0 0 0 0 0 0 2.384 303 50 1 1 0
./complex_md-fit_806.pdb BC A 7.70111 26.3176 -11.8963 -8.96308 -14.3553 -25.2015 -1.11377 42.1566 -25.0217 6.72348 10.8341 2.66022 0 0 0 0.38467 1.63001 0 0 0 0 0 0 2.384 303 54 2 2 0
./complex_md-fit_807.pdb BC A 6.65636 26.0179 -11.9134 -6.85025 -15.4858 -24.1333 -1.17161 41.2191 -23.4359 5.91808 9.06678 2.6437 0 0 0 0.316312 1.71614 -0.00605518 0 0 0 0 0.00552996 2.384 303 50 1 1 0
./complex_md-fit_808.pdb BC A 8.46093 34.9833 -9.5364 -6.0162 -12.6529 -23.7043 -0.892651 41.846 -23.6011 4.33215 8.70852 1.91877 0 0 0 0.538536 2.55552 -0.0131515 0 0 0 0 0 2.384 303 52 1 1 0
./complex_md-fit_809.pdb BC A 7.94353 28.9601 -10.2882 -7.64112 -15.1558 -24.0942 -1.05881 40.3752 -23.7645 7.49752 11.3661 2.11881 0 0 0 0.0962181 1.61931 -0.027593 0 0 0 0 0 2.384 303 49 2 2 0
./complex_md-fit_80.pdb BC A 8.7886 38.506 -9.82159 -5.63572 -10.5246 -22.3143 -0.814294 37.5761 -22.4334 5.38098 6.14688 2.70221 0 0 0 0.0946441 1.86517 0 0 0 0 0 0 2.384 303 48 1 1 0
./complex_md-fit_810.pdb BC A 6.56365 30.5296 -12.7599 -7.89432 -14.8007 -22.6734 -1.2 39.0693 -22.3339 4.50561 9.3468 2.75268 0 0 0 0.467958 1.70066 0 0 0 0 0 0 2.384 303 50 1 1 0
./complex_md-fit_811.pdb BC A 8.52551 32.3818 -11.2469 -7.07119 -12.9493 -24.5618 -1.14445 43.3674 -24.7459 3.49856 9.00047 2.95609 0 0 0 0.403276 2.09705 0 0 0 0 0 0 2.384 303 53 0 0 0
./complex_md-fit_812.pdb BC A 6.8107 36.0902 -11.8278 -7.06641 -15.5529 -25.7337 -1.00119 44.5513 -25.3807 5.87371 9.27703 2.87413 0 0 0 0.344197 2.22665 -0.0132583 0 0 0 0 0 2.384 303 54 1 1 0
./complex_md-fit_813.pdb BC A 6.32015 34.8871 -11.4462 -5.68953 -16.3795 -26.3294 -1.24243 45.4464 -26.0786 6.28192 9.94352 2.52771 0 0 0 0.0994783 3.27148 -0.0257995 0 0 0 0 0 2.384 303 52 1 1 0
./complex_md-fit_814.pdb BC A 7.79424 28.8751 -13.4186 -9.92442 -13.8977 -25.6656 -0.879704 44.0831 -25.5712 7.14602 8.57259 2.5138 0 0 0 0.22788 3.31003 -0.0234176 0 0 0 0 0 2.384 303 52 2 2 0
./complex_md-fit_815.pdb BC A 9.40077 35.1374 -8.89497 -7.46242 -13.8131 -26.293 -0.968508 46.7436 -25.9 6.64949 9.43154 2.50839 0 0 0 0.209018 3.84937 1.38778e-17 0 0 0 0 0 2.384 303 53 2 2 0
./complex_md-fit_816.pdb BC A 8.01548 31.6946 -11.5548 -7.26089 -12.232 -24.0186 -1.05002 40.3706 -24.1644 5.11085 8.36604 3.20017 0 0 0 0.123372 1.78254 -2.77556e-17 0 0 0 0 -2.22045e-16 2.384 303 52 0 0 0
./complex_md-fit_817.pdb BC A 6.77271 25.7794 -13.7355 -7.86098 -15.9024 -25.309 -1.05046 43.6002 -25.3532 4.74525 10.0799 3.14062 0 0 0 0.174465 1.88611 0 0 0 0 0 0 2.384 303 51 0 0 0
./complex_md-fit_818.pdb BC A 5.97858 23.6265 -4.22904 -6.30753 -12.8719 -24.5461 -1.15721 42.79 -23.9204 8.60242 10.2851 2.50391 0 0 0 0.426154 1.99834 -0.0335115 0 0 0 0 0 2.384 303 51 2 2 0
./complex_md-fit_819.pdb BC A 6.28824 29.4638 -8.62073 -6.09852 -14.4511 -24.6288 -1.16542 42.5798 -24.0143 6.83419 10.0171 2.09492 0 0 0 0.251086 2.05097 -0.0396951 0 0 0 0 0 2.384 303 52 1 1 0
./complex_md-fit_81.pdb BC A 9.17468 35.7013 -12.1647 -5.11121 -12.9615 -22.681 -0.832652 37.491 -22.6845 5.11855 7.53842 1.79595 0 0 0 0.162282 2.20237 -2.77556e-17 0 0 0 0 0 2.384 303 52 0 0 0
./complex_md-fit_820.pdb BC A 6.52461 31.9209 -7.54783 -5.2748 -13.9462 -24.8147 -1.03781 43.6964 -24.2664 5.83542 8.90939 2.91618 0 0 0 0.43468 2.22352 2.77556e-17 0 0 0 0 0 2.384 303 53 1 1 0
./complex_md-fit_821.pdb BC A 9.86312 35.5786 -5.84683 -6.36465 -13.2972 -24.273 -1.00339 43.0682 -23.8808 7.04671 9.90945 2.64084 0 0 0 0.300876 1.82496 0.00612406 0 0 0 0 0 2.384 303 50 1 1 0
./complex_md-fit_822.pdb BC A 7.91148 27.8409 -14.6462 -7.58861 -15.864 -24.9844 -1.21038 43.0285 -24.809 5.70102 9.45876 1.49842 0 0 0 0.123565 3.14102 1.11022e-16 0 0 0 0 0 2.384 303 50 1 1 0
./complex_md-fit_823.pdb BC A 6.96465 35.2079 -14.6256 -9.3161 -16.7437 -26.2469 -1.20707 44.4055 -25.8503 7.04707 10.204 2.75874 0 0 0 0.360356 2.62189 -0.0371009 0 0 0 0 0 2.384 303 52 1 1 0
./complex_md-fit_824.pdb BC A 6.8234 28.9021 -11.7267 -7.2531 -12.5749 -22.749 -0.923936 38.5456 -22.3035 4.10834 8.64824 2.31828 0 0 0 0.489153 1.61223 -0.0319388 0 0 0 0 0 2.384 303 50 0 0 0
./complex_md-fit_825.pdb BC A 7.92083 28.2189 -10.4438 -7.35941 -15.0578 -24.6297 -1.13952 41.7401 -24.8461 8.72953 8.50409 3.40271 0 0 0 0.223113 1.97555 -0.0107634 0 0 0 0 0 2.384 303 49 3 3 0
./complex_md-fit_826.pdb BC A 7.82736 27.9943 -11.9494 -6.04339 -15.1044 -24.2319 -1.0054 41.7767 -23.7347 4.53651 8.6435 3.08278 0 0 0 0.130994 3.27511 -1.11022e-16 0 0 0 0 0 2.384 303 50 0 0 0
./complex_md-fit_827.pdb BC A 8.90308 33.1149 -14.4355 -6.1962 -14.2046 -22.8511 -0.861865 37.051 -22.3288 4.53361 9.09098 1.14281 0 0 0 0.188653 2.25461 0 0 0 0 0 0 2.384 303 49 1 1 0
./complex_md-fit_828.pdb BC A 8.45459 30.1246 -11.0987 -6.885 -12.5981 -23.2731 -1.06488 38.8883 -23.3219 7.89964 7.81739 1.10313 0 0 0 0.335751 2.18168 -1.11022e-16 0 0 0 0 0 2.384 303 52 3 3 0
./complex_md-fit_829.pdb BC A 7.21839 30.654 -13.1416 -6.44349 -15.047 -23.8968 -0.877461 38.8941 -23.5869 6.73473 8.71862 2.23756 0 0 0 0.124927 2.1403 0 0 0 0 0 0 2.384 303 50 2 2 0
./complex_md-fit_82.pdb BC A 8.71881 31.5247 -15.6765 -7.5296 -11.1779 -22.9197 -0.689231 36.8332 -23.3242 3.77306 6.37748 2.87592 0 0 0 0.104592 2.73038 0 0 0 0 0 0 2.384 303 54 0 0 0
./complex_md-fit_830.pdb BC A 8.1514 23.3976 -10.5331 -6.05804 -14.661 -24.3508 -1.02559 42.0975 -24.0272 6.55886 8.45046 2.24236 0 0 0 0.240403 2.09505 0 0 0 0 0 0 2.384 303 51 1 1 0
./complex_md-fit_831.pdb BC A 7.88872 32.2695 -15.7898 -7.83876 -17.1002 -24.7925 -1.08123 41.8979 -24.3501 5.59536 9.32096 2.4011 0 0 0 0.157696 2.06977 0 0 0 0 0 0 2.384 303 50 1 1 0
./complex_md-fit_832.pdb BC A 8.67074 32.1724 -7.72191 -6.36547 -12.6137 -23.9458 -0.949059 42.6755 -23.676 5.32398 8.33846 3.03405 0 0 0 0.456187 1.92857 0 0 0 0 0 0 2.384 303 50 0 0 0
./complex_md-fit_833.pdb BC A 8.27687 33.4663 -8.16815 -5.82113 -14.8191 -25.4101 -1.25781 45.2223 -25.4522 6.81012 10.1656 2.18126 0 0 0 0.242725 2.20086 -0.0298935 0 0 0 0 0 2.384 303 55 1 1 0
./complex_md-fit_834.pdb BC A 6.33368 29.6547 -11.3444 -6.37724 -15.6407 -24.3839 -1.0421 42.1393 -23.5219 6.25933 8.62113 1.84663 0 0 0 0.755067 1.91408 -5.55112e-17 0 0 0 0 0 2.384 303 51 2 2 0
./complex_md-fit_835.pdb BC A 8.05244 33.2064 -10.3079 -7.5386 -13.2072 -24.2822 -1.0112 41.5717 -24.0004 7.43134 8.70031 1.95267 0 0 0 0.0756693 1.89897 0 0 0 0 0 0 2.384 303 53 2 2 0
./complex_md-fit_836.pdb BC A 9.13168 29.9178 -11.8668 -5.32676 -17.0537 -23.8152 -1.23406 42.0321 -23.1443 5.02188 9.18927 1.89152 0 0 0 0.581836 1.59689 -0.00940798 0 0 0 0 0 2.384 303 49 0 0 0
./complex_md-fit_837.pdb BC A 10.8407 31.8042 -11.2285 -5.12681 -14.0674 -23.8139 -1.19591 41.9331 -23.5905 3.79794 8.65333 1.96803 0 0 0 0.228519 2.89975 -0.0149023 0 0 0 0 0 2.384 303 53 0 0 0
./complex_md-fit_838.pdb BC A 9.62955 34.1181 -14.4374 -6.13747 -16.5766 -25.4693 -1.14489 43.5549 -25.3389 4.94589 9.10392 2.56012 0 0 0 0.0922482 2.58439 -0.0273276 0 0 0 0 0 2.384 303 51 0 0 0
./complex_md-fit_839.pdb BC A 9.27808 28.9245 -12.8749 -9.43647 -15.674 -25.4676 -1.25244 44.1848 -25.1684 7.49537 9.36931 2.66582 0 0 0 0.442481 1.88825 -0.0337628 0 0 0 0 0 2.384 303 54 3 3 0
./complex_md-fit_83.pdb BC A 8.98959 32.9058 -7.44447 -6.43802 -9.3228 -23.3296 -0.777794 38.9662 -23.8246 6.83079 7.2699 2.63938 0 0 0 0.542083 1.7959 0 0 0 0 0 0 2.384 303 53 1 1 0
./complex_md-fit_840.pdb BC A 7.95321 29.9034 -14.1812 -9.08113 -13.8343 -25.1329 -1.00944 42.426 -25.3791 6.4301 8.11422 3.12086 0 0 0 0.189298 2.09479 -0.0248591 0 0 0 0 0 2.384 303 54 2 2 0
./complex_md-fit_841.pdb BC A 7.73122 23.397 -6.81639 -5.93661 -12.2918 -23.9637 -1.1416 43.0736 -23.9414 7.21101 7.06839 2.95082 0 0 0 0.19333 1.79399 -0.0385169 0 0 0 0 0 2.384 303 54 2 2 0
./complex_md-fit_842.pdb BC A 6.97284 25.5236 -10.1308 -6.22177 -13.446 -24.0268 -1.07816 41.7481 -23.6651 5.54819 7.52283 3.35344 0 0 0 0.14885 1.84726 -0.0144184 0 0 0 0 0 2.384 303 50 0 0 0
./complex_md-fit_843.pdb BC A 7.53134 30.3354 -10.3282 -6.7552 -12.5913 -25.1969 -1.18903 43.3269 -24.7794 6.03686 8.2976 2.17455 0 0 0 0.360561 2.9787 -0.0128428 0 0 0 0 0 2.384 303 52 0 0 0
./complex_md-fit_844.pdb BC A 7.77281 26.4506 -14.8076 -5.70493 -16.8519 -24.7037 -1.4241 43.058 -24.3354 2.84492 9.89314 1.96163 0 0 0 0.449419 2.27646 0 0 0 0 0 0.00528885 2.384 303 50 0 0 0
./complex_md-fit_845.pdb BC A 6.63306 21.596 -6.54291 -4.91849 -13.0169 -25.021 -1.34573 43.4629 -24.8801 8.24189 8.53787 2.30953 0 0 0 0.0767355 2.29835 0 0 0 0 0 0.0104163 2.384 303 52 1 1 0
./complex_md-fit_846.pdb BC A 10.2806 34.3649 -2.89937 -4.53624 -9.91122 -23.0677 -0.998246 40.9045 -22.9013 7.60619 7.75541 1.60104 0 0 0 0.648217 2.05495 0 0 0 0 0 0 2.384 303 51 2 2 0
./complex_md-fit_847.pdb BC A 7.41913 29.3587 -10.5403 -6.92467 -14.4971 -24.0586 -1.004 41.3353 -23.7527 5.55235 9.6689 2.65771 0 0 0 0.495171 1.75807 -0.0125578 0 0 0 0 0 2.384 303 53 1 1 0
./complex_md-fit_848.pdb BC A 8.85223 24.9333 -9.36214 -6.42965 -15.2498 -25.1682 -1.15866 45.339 -24.4898 5.53699 10.2276 1.63941 0 0 0 0.398841 2.2893 -0.00791497 0 0 0 0 0 2.384 303 51 2 2 0
./complex_md-fit_849.pdb BC A 8.50076 31.6065 -4.62396 -7.97839 -11.7992 -24.1234 -1.01842 41.9604 -23.9255 9.87262 10.0868 2.19087 0 0 0 0.121175 1.90179 -0.0109021 0 0 0 0 0 2.384 303 54 2 2 0
./complex_md-fit_84.pdb BC A 6.72165 23.712 -18.0348 -7.71799 -13.993 -22.5962 -0.812106 37.3235 -22.6126 2.85914 7.11099 2.28879 0 0 0 0.114659 1.86821 6.93889e-18 0 0 0 0 0 2.384 303 51 0 0 0
./complex_md-fit_850.pdb BC A 7.91947 34.2561 -15.283 -8.58761 -15.5315 -24.0807 -1.16849 40.3221 -23.7496 5.60093 8.80009 2.91429 0 0 0 0.197586 1.66373 -5.55112e-17 0 0 0 0 0 2.384 303 50 1 1 0
./complex_md-fit_851.pdb BC A 7.81664 24.362 -13.5184 -7.08371 -16.6526 -24.0254 -1.23252 42.0681 -23.4434 5.60398 9.43292 1.66945 0 0 0 0.159115 1.7572 -0.0143451 0 0 0 0 0 2.384 303 53 1 1 0
./complex_md-fit_852.pdb BC A 10.3485 31.8 -17.9448 -8.81878 -16.0361 -24.0371 -1.03895 41.2524 -23.6084 2.89025 8.1678 3.07428 0 0 0 0.241499 2.32083 -0.0316958 0 0 0 0 0 2.384 303 51 0 0 0
./complex_md-fit_853.pdb BC A 9.20375 31.1809 -8.75364 -7.02235 -10.5997 -23.3675 -0.958009 40.035 -23.0344 6.79895 6.71887 2.40834 0 0 0 0.26716 1.90575 0 0 0 0 0 0 2.384 303 51 1 1 0
./complex_md-fit_854.pdb BC A 6.95046 41.1345 -16.27 -7.51815 -12.3951 -22.9497 -1.00129 38.5627 -22.779 2.73907 7.95377 0.979343 0 0 0 0.169272 1.68713 -0.0309239 0 0 0 0 0 2.384 303 50 0 0 0
./complex_md-fit_855.pdb BC A 10.1899 29.0991 -17.2067 -8.32685 -14.9615 -24.0477 -1.00163 40.2102 -24.0925 4.21148 8.71714 1.78533 0 0 0 0.318694 1.50385 -0.019385 0 0 0 0 0 2.384 303 53 1 1 0
./complex_md-fit_856.pdb BC A 7.85159 22.8772 -10.4305 -7.13557 -12.574 -25.3017 -1.24121 44.1112 -25.0598 4.99314 9.12079 2.54806 0 0 0 0.0869179 2.94584 0.0216118 0 0 0 0 0 2.384 303 55 0 0 0
./complex_md-fit_857.pdb BC A 10.0361 27.1228 -7.81974 -5.37043 -10.5128 -24.325 -1.0742 41.8336 -24.6684 7.95523 6.66935 1.47619 0 0 0 0.205852 2.05898 -0.00914778 0 0 0 0 0 2.384 303 54 2 2 0
./complex_md-fit_858.pdb BC A 8.06401 26.6135 -16.9854 -6.61285 -17.1697 -25.0121 -1.23887 41.4855 -25.1115 4.81098 9.64007 1.83844 0 0 0 0.384612 2.41902 0 0 0 0 0 0 2.384 303 56 1 1 0
./complex_md-fit_859.pdb BC A 11.3372 26.1659 -11.8898 -6.91725 -15.1916 -24.1811 -1.08727 43.2 -23.8376 5.48001 8.15113 2.44221 0 0 0 0.0516221 2.06782 -2.77556e-17 0 0 0 0 0 2.384 303 54 1 1 0
./complex_md-fit_85.pdb BC A 7.90435 25.4284 -13.4094 -7.00081 -11.8225 -21.9645 -0.799178 36.3157 -22.0822 2.52306 7.66622 3.44185 0 0 0 0.313021 2.16566 0 0 0 0 0 0 2.384 303 53 0 0 0
./complex_md-fit_860.pdb BC A 6.89729 31.016 -18.5656 -8.28458 -17.9601 -24.147 -1.19294 39.995 -23.6468 3.42738 10.1858 2.91235 0 0 0 0.145319 1.6608 0 0 0 0 0 0 2.384 303 53 1 1 0
./complex_md-fit_861.pdb BC A 8.68753 24.5055 -14.4544 -7.26897 -17.8257 -24.482 -1.26306 42.4641 -23.8037 6.05455 9.8915 1.65029 0 0 0 0.107904 1.50702 0.0208108 0 0 0 0 0 2.384 303 51 1 1 0
./complex_md-fit_862.pdb BC A 8.4685 28.5563 -15.0854 -6.70046 -15.6976 -26.2618 -1.19929 45.0622 -26.3021 5.5066 8.80142 1.39205 0 0 0 0.28609 2.22732 0.0274947 0 0 0 0 0 2.384 303 52 0 0 0
./complex_md-fit_863.pdb BC A 6.94731 25.4319 -16.0505 -7.6797 -16.6984 -24.5278 -1.05916 40.8369 -24.3828 5.58798 10.4136 1.36803 0 0 0 0.0842736 1.6792 0.00650081 0 0 0 0 0 2.384 303 53 1 1 0
./complex_md-fit_864.pdb BC A 8.84145 35.7372 0.835133 -5.3332 -12.7063 -24.7819 -1.10762 44.5732 -24.3855 12.2489 9.9537 1.84859 0 0 0 0.542009 1.93586 -0.0166493 0 0 0 0 0 2.384 303 54 3 3 0
./complex_md-fit_865.pdb BC A 7.85686 28.9152 -9.34491 -5.26235 -14.7487 -23.9642 -1.28646 41.4369 -23.1155 5.1693 9.83303 2.3038 0 0 0 0.303017 1.97794 -0.0137298 0 0 0 0 0 2.384 303 53 1 1 0
./complex_md-fit_866.pdb BC A 6.1881 25.8293 -9.98971 -7.18098 -12.8361 -24.7981 -1.00553 42.7369 -24.2277 5.90216 8.24477 2.90135 0 0 0 0.280007 1.94709 -0.00643382 0 0 0 0 0 2.384 303 53 1 1 0
./complex_md-fit_867.pdb BC A 7.73864 27.7831 -9.14333 -6.79567 -12.1471 -23.9301 -0.950573 41.1868 -23.7284 6.95118 8.44171 1.64861 0 0 0 0.18029 1.69464 2.77556e-17 0 0 0 0 0 2.384 303 53 1 1 0
./complex_md-fit_868.pdb BC A 9.08664 23.7664 -13.9666 -6.72525 -13.5686 -23.9354 -1.14989 39.9364 -23.6668 4.72689 8.20424 1.74226 0 0 0 0.469538 1.954 0 0 0 0 0 0 2.384 303 55 1 1 0
./complex_md-fit_869.pdb BC A 7.36037 28.268 -9.71955 -6.8426 -13.4285 -25.1149 -1.11721 41.8393 -25.2697 9.68218 7.74399 2.38936 0 0 0 0.392824 1.87012 0.00571921 0 0 0 0 0 2.384 303 56 2 2 0
./complex_md-fit_86.pdb BC A 7.80563 31.5071 -6.01992 -5.67434 -14.1877 -23.2657 -1.0004 41.7386 -22.7491 8.35762 8.60379 1.73151 0 0 0 0.390845 1.90104 0.034982 0 0 0 0 0 2.384 303 49 1 1 0
./complex_md-fit_870.pdb BC A 6.82196 32.7294 -16.5071 -8.25375 -13.8434 -25.498 -1.04795 42.6308 -25.5067 5.39268 7.93343 1.47662 0 0 0 0.23601 2.09869 -0.0268192 0 0 0 0 0 2.384 303 57 0 0 0
./complex_md-fit_871.pdb BC A 7.51803 34.8844 -11.3093 -8.17512 -14.9785 -24.3864 -1.18546 42.1811 -24.373 7.82271 9.47751 1.83549 0 0 0 0.450982 2.29844 0.0213241 0 0 0 0 0 2.384 303 54 1 1 0
./complex_md-fit_872.pdb BC A 7.42452 31.5929 -15.014 -7.69789 -15.6967 -23.6762 -1.01669 39.3986 -23.1819 5.74978 9.11079 1.25603 0 0 0 0.76312 2.09866 -0.0229182 0 0 0 0 0 2.384 303 52 1 1 0
./complex_md-fit_873.pdb BC A 10.2502 31.1314 -15.205 -7.99637 -16.0363 -23.6869 -1.05605 40.7257 -23.49 4.7044 10.1217 1.02903 0 0 0 0.500287 1.92988 -0.0204747 0 0 0 0 0 2.384 303 57 1 1 0
./complex_md-fit_874.pdb BC A 11.7001 34.8522 -10.1484 -7.60977 -12.9089 -25.0831 -1.32288 42.8176 -25.377 8.92535 8.69343 1.48634 0 0 0 0.255983 2.27712 -0.0254651 0 0 0 0 0 2.384 303 56 2 2 0
./complex_md-fit_875.pdb BC A 8.11247 26.1587 -15.8473 -8.57849 -13.2604 -23.9601 -1.14484 39.4292 -24.3326 6.06618 8.16398 1.50569 0 0 0 0.293493 1.8027 -0.0294492 0 0 0 0 0 2.384 303 57 1 1 0
./complex_md-fit_876.pdb BC A 8.11746 28.8993 -13.1336 -8.0385 -13.4432 -25.4551 -1.17993 43.5904 -25.167 5.43233 8.43608 1.96698 0 0 0 0.768962 2.12703 -0.0446621 0 0 0 0 0 2.384 303 54 0 0 0
./complex_md-fit_877.pdb BC A 8.74798 28.5667 -16.3318 -7.60158 -15.3542 -25.6778 -1.19337 43.5476 -25.6488 6.16371 7.68441 1.51695 0 0 0 0.251599 2.56725 -0.0203484 0 0 0 0 0 2.384 303 54 0 0 0
./complex_md-fit_878.pdb BC A 8.03517 27.4758 -18.848 -9.86377 -14.6065 -25.2425 -1.23026 43.2406 -24.8751 3.45111 7.50815 2.18875 0 0 0 0.554288 2.13946 0.0273012 0 0 0 0 0 2.384 303 56 0 0 0
./complex_md-fit_879.pdb BC A 7.12856 32.8573 -1.41639 -4.93563 -9.72238 -26.2117 -1.056 46.1037 -25.7975 11.7808 6.65037 1.51774 0 0 0 0.309579 3.10252 -0.0553308 0 0 0 0 0 2.384 303 55 2 2 0
./complex_md-fit_87.pdb BC A 10.0701 24.4774 -19.6622 -8.72416 -16.2771 -23.2682 -0.890381 37.1717 -23.431 3.6919 8.82691 3.02087 0 0 0 0.217122 1.79346 0 0 0 0 0 0 2.384 303 51 1 1 0
./complex_md-fit_880.pdb BC A 7.13411 36.0119 -14.45 -8.1587 -14.9536 -25.7324 -1.17583 43.4225 -25.7998 4.62086 9.34447 2.92448 0 0 0 1.08404 3.20027 -0.0260107 0 0 0 0 0 2.384 303 53 0 0 0
./complex_md-fit_881.pdb BC A 7.10137 36.3598 -16.9234 -10.0212 -13.7595 -25.9764 -0.994644 43.1003 -26.0239 6.73941 8.04292 1.83474 0 0 0 0.128142 2.01336 0.00657738 0 0 0 0 0 2.384 303 55 1 1 0
./complex_md-fit_882.pdb BC A 8.01156 31.4649 -7.50862 -5.63026 -15.6978 -25.9294 -1.29666 45.6843 -25.9447 8.88569 10.3192 1.64587 0 0 0 0.455053 2.31966 0 0 0 0 0 0 2.384 303 54 2 2 0
./complex_md-fit_883.pdb BC A 9.02015 25.8967 -15.2174 -7.12793 -11.5787 -24.2856 -1.00647 41.1485 -24.5643 3.53164 7.07839 1.33442 0 0 0 0.27516 2.85675 -0.0224867 0 0 0 0 0 2.384 303 52 0 0 0
./complex_md-fit_884.pdb BC A 7.33617 29.4837 -15.5747 -8.89126 -13.0415 -23.9124 -1.1209 40.3473 -24.099 5.40107 7.64812 1.69911 0 0 0 0.394838 2.04714 -1.38778e-17 0 0 0 0 0 2.384 303 55 1 1 0
./complex_md-fit_885.pdb BC A 10.0171 25.4534 -10.2791 -8.45141 -12.8321 -24.9075 -1.15943 42.1021 -24.4236 7.4009 8.63681 3.04814 0 0 0 0.306921 2.27857 -6.93889e-18 0 0 0 0 0 2.384 303 51 1 1 0
./complex_md-fit_886.pdb BC A 7.67036 26.6256 -5.8208 -6.36997 -11.5411 -23.7572 -1.01353 42.3368 -23.2345 7.00826 8.4931 2.09542 0 0 0 0.183735 2.41005 -0.02189 0 0 0 0 0 2.384 303 53 3 3 0
./complex_md-fit_887.pdb BC A 5.97524 35.3644 -1.79927 -5.48099 -10.5038 -24.4215 -1.04019 43.5057 -24.2626 9.41256 8.17909 2.41186 0 0 0 0.409661 2.30556 -0.00914662 0 0 0 0 0 2.384 303 53 1 1 0
./complex_md-fit_888.pdb BC A 6.63299 34.4765 -13.4501 -6.57945 -14.3481 -22.5174 -1.06183 37.2208 -22.0418 5.41615 8.09794 2.03206 0 0 0 0.331458 2.05248 0 0 0 0 0 0 2.384 303 48 0 0 0
./complex_md-fit_889.pdb BC A 9.59865 31.651 -15.5584 -7.35361 -13.6573 -23.6702 -1.10686 39.4231 -24.1911 5.62395 7.4369 1.73252 0 0 0 0.221337 1.56267 -0.0170612 0 0 0 0 1.11022e-16 2.384 303 53 1 1 0
./complex_md-fit_88.pdb BC A 9.72916 28.3426 -9.62957 -6.18159 -14.545 -23.4258 -1.00326 40.9704 -22.6422 5.56096 8.58003 2.90731 0 0 0 0.138399 1.7934 0.0111979 0 0 0 0 0 2.384 303 51 0 0 0
./complex_md-fit_890.pdb BC A 8.91379 33.0517 -14.7784 -8.22079 -12.3641 -26.3665 -1.15943 45.0487 -26.5487 5.81549 7.20893 1.52656 0 0 0 0.311991 3.61447 -0.0304138 0 0 0 0 0 2.384 303 55 1 1 0
./complex_md-fit_891.pdb BC A 8.81888 29.831 -13.8232 -7.90111 -13.3088 -23.2739 -0.938177 39.1314 -23.4268 6.10152 7.70942 1.6948 0 0 0 0.388457 1.82822 0 0 0 0 0 0 2.384 303 52 1 1 0
./complex_md-fit_892.pdb BC A 9.02497 23.208 -13.2565 -6.29169 -13.3136 -23.7748 -1.11043 39.8886 -23.6685 4.53045 8.51034 1.88399 0 0 0 0.0891639 1.91572 0 0 0 0 0 1.11022e-16 2.384 303 54 0 0 0
./complex_md-fit_893.pdb BC A 7.97153 32.2636 -5.0229 -5.78757 -12.4564 -24.4474 -1.15021 41.7554 -24.3895 10.0988 8.07512 2.73057 0 0 0 0.548235 1.97845 0 0 0 0 0 0 2.384 303 51 3 3 0
./complex_md-fit_894.pdb BC A 8.96115 28.7634 -16.5803 -8.53505 -12.2987 -23.0713 -1.06969 37.6957 -23.3836 5.46405 6.99342 1.38671 0 0 0 0.238008 1.79284 0 0 0 0 0 0 2.384 303 53 1 1 0
./complex_md-fit_895.pdb BC A 8.19098 33.522 -10.1408 -6.9992 -13.1166 -24.2317 -1.0996 40.3942 -24.1114 6.52968 9.93969 2.37658 0 0 0 0.177488 2.99281 -1.11022e-16 0 0 0 0 0 2.384 303 50 2 2 0
./complex_md-fit_896.pdb BC A 6.73342 30.5074 -14.3795 -8.84556 -11.6795 -23.3247 -0.952542 38.6506 -23.4369 4.93148 7.52202 2.30545 0 0 0 0.450135 1.87242 0 0 0 0 0 0 2.384 303 52 0 0 0
./complex_md-fit_897.pdb BC A 7.79914 23.5938 -7.40404 -5.38984 -10.7388 -25.3781 -1.04904 43.8616 -25.3663 6.5012 7.98351 1.74584 0 0 0 0.425874 3.3259 0 0 0 0 0 0 2.384 303 53 1 1 0
./complex_md-fit_898.pdb BC A 7.35398 31.1003 -10.0594 -7.61283 -13.2337 -25.684 -0.947323 43.8363 -25.566 7.24572 9.53058 2.11156 0 0 0 0.260318 2.07807 0 0 0 0 0 0 2.384 303 51 2 2 0
./complex_md-fit_899.pdb BC A 9.31549 26.652 -11.9075 -6.41275 -16.4094 -23.8436 -1.16949 40.6305 -23.3446 6.62852 10.4507 1.43701 0 0 0 0.125454 1.81405 2.77556e-17 0 0 0 0 0 2.384 303 50 1 1 0
./complex_md-fit_89.pdb BC A 7.52825 32.2533 -13.1876 -6.79265 -13.7639 -22.9224 -0.919885 38.6286 -22.7395 5.19204 7.39638 2.63385 0 0 0 0.0998922 1.48988 0 0 0 0 0 0 2.384 303 52 0 0 0
./complex_md-fit_8.pdb BC A 8.53143 31.8708 -14.9363 -5.65294 -12.738 -24.5192 -0.888244 39.2648 -25.2842 4.11349 7.37009 3.22498 0 0 0 0.210946 2.02367 -0.0380122 0 0 0 0 0 2.384 303 51 0 0 0
./complex_md-fit_900.pdb BC A 10.3763 30.7865 -9.97581 -7.83011 -12.9175 -23.487 -0.995739 40.1621 -22.8957 6.34952 9.11985 2.26251 0 0 0 0.256229 1.80557 0 0 0 0 0 0 2.384 303 52 1 1 0
./complex_md-fit_901.pdb BC A 6.68288 32.3639 -15.5565 -6.33177 -13.2585 -23.1361 -1.0497 37.8912 -22.7498 4.22724 7.58716 0.892248 0 0 0 0.402676 1.64767 -0.0311624 0 0 0 0 0 2.384 303 52 1 1 0
./complex_md-fit_902.pdb BC A 6.64695 30.1569 -16.7627 -11.4827 -13.2663 -23.4066 -1.18699 39.4128 -23.084 5.2938 8.76155 1.85946 0 0 0 0.352912 1.91494 -0.0166634 0 0 0 0 0 2.384 303 52 1 1 0
./complex_md-fit_903.pdb BC A 6.23933 23.8789 -9.89256 -7.7263 -9.65136 -22.4703 -1.07714 37.5546 -22.6926 6.54971 8.422 1.06208 0 0 0 0.170859 1.63325 -0.0341238 0 0 0 0 0 2.384 303 53 2 2 0
./complex_md-fit_904.pdb BC A 7.57646 34.3739 -13.1264 -7.1532 -12.8353 -23.2199 -1.17794 40.2283 -22.1274 4.09928 7.38736 1.44324 0 0 0 0.200461 2.03555 0.0286772 0 0 0 0 0 2.384 303 50 0 0 0
./complex_md-fit_905.pdb BC A 7.87001 37.2555 -9.52556 -6.75018 -10.0057 -22.802 -1.04026 38.5623 -22.5491 6.36603 6.4801 1.89019 0 0 0 0.335172 1.66107 -0.0120372 0 0 0 0 0 2.384 303 51 1 1 0
./complex_md-fit_906.pdb BC A 5.85164 30.4353 -16.8209 -9.27954 -11.5001 -21.8926 -0.91638 35.9795 -21.467 3.0732 7.32128 1.62131 0 0 0 0.263811 2.14015 -0.024346 0 0 0 0 0 2.384 303 50 1 1 0
./complex_md-fit_907.pdb BC A 8.58752 30.9078 -15.1002 -8.34996 -15.8183 -25.06 -1.17799 42.3201 -25.0427 6.27021 8.65578 2.74188 0 0 0 0.360811 1.92629 -5.55112e-17 0 0 0 0 0 2.384 303 53 1 1 0
./complex_md-fit_908.pdb BC A 8.47655 37.6516 -2.69458 -5.43428 -8.66332 -22.9952 -0.955542 39.7624 -22.724 9.14786 6.14224 2.78917 0 0 0 0.236068 1.80565 0 0 0 0 0 0 2.384 303 51 2 2 0
./complex_md-fit_909.pdb BC A 6.69329 34.1132 -7.45553 -5.13728 -9.518 -22.8861 -0.9592 38.5261 -22.7849 6.31335 7.1514 1.50889 0 0 0 0.33018 2.30749 0 0 0 0 0 0 2.384 303 49 1 1 0
./complex_md-fit_90.pdb BC A 8.99108 28.1326 -9.44351 -7.82182 -14.3419 -22.9888 -0.955946 39.294 -22.8962 8.52409 8.8169 2.47095 0 0 0 0.455178 1.79534 0 0 0 0 0 0 2.384 303 49 2 2 0
./complex_md-fit_910.pdb BC A 7.30719 23.5733 -4.15971 -4.24123 -9.58553 -23.7754 -1.11793 40.1635 -23.7594 8.77169 7.77732 1.36701 0 0 0 0.272807 2.24589 -0.0324799 0 0 0 0 0 2.384 303 53 1 1 0
./complex_md-fit_911.pdb BC A 12.2819 34.3878 -10.3164 -5.64786 -13.0719 -23.3089 -1.06149 38.4432 -23.2747 7.4783 7.53173 2.31796 0 0 0 0.277201 1.84165 -1.11022e-16 0 0 0 0 0 2.384 303 51 2 2 0
./complex_md-fit_912.pdb BC A 7.36454 32.3733 -17.2088 -7.83649 -14.0259 -22.4422 -1.21612 36.2195 -22.7384 4.03942 7.82892 2.75601 0 0 0 0.206551 1.48101 0 0 0 0 0 0 2.384 303 51 0 0 0
./complex_md-fit_913.pdb BC A 6.48451 40.9014 -16.9359 -7.27014 -13.194 -22.4343 -0.987583 35.2265 -22.8484 4.21143 8.09617 2.14004 0 0 0 0.124386 1.49912 0 0 0 0 0 0 2.384 303 48 0 0 0
./complex_md-fit_914.pdb BC A 7.2272 28.9505 -14.9776 -6.66544 -12.9348 -20.9197 -0.969143 35.0246 -20.7767 2.92444 7.97854 0.9407 0 0 0 0.419995 1.22379 0 0 0 0 0 0 2.384 303 51 0 0 0
./complex_md-fit_915.pdb BC A 8.01118 25.833 -2.66254 -5.69175 -11.2399 -23.2154 -1.12912 41.6833 -22.6578 7.98882 8.97287 2.2362 0 0 0 0.390233 1.52239 0 0 0 0 0 0 2.384 303 51 2 2 0
./complex_md-fit_916.pdb BC A 6.60456 34.2332 -7.14941 -6.67932 -12.3933 -25.2731 -1.20803 43.4516 -25.1026 7.13068 9.6121 2.65699 0 0 0 0.634229 2.01855 0.0213098 0 0 0 0 0 2.384 303 55 1 1 0
./complex_md-fit_917.pdb BC A 7.27991 31.3317 -9.01443 -4.89896 -10.2882 -22.6768 -1.09826 36.9953 -22.6511 7.86004 6.25929 1.22872 0 0 0 0.266557 1.64183 -0.0109222 0 0 0 0 0 2.384 303 49 1 1 0
./complex_md-fit_918.pdb BC A 9.9888 31.6204 -6.03475 -5.48153 -11.226 -21.7662 -0.95902 38.5817 -21.0866 5.39798 7.60748 2.60022 0 0 0 0.297134 1.67144 0 0 0 0 0 0 2.384 303 48 0 0 0
./complex_md-fit_919.pdb BC A 7.08988 30.5966 -9.93368 -6.01516 -11.5587 -23.3716 -1.00806 38.7017 -23.0176 7.32126 7.64079 1.17407 0 0 0 0.171376 1.74714 0.0282075 0 0 0 0 0 2.384 303 50 1 1 0
./complex_md-fit_91.pdb BC A 9.02336 32.6385 -6.08578 -5.7328 -13.2925 -24.1815 -0.962447 43.7154 -24.0381 7.25228 8.31796 2.48348 0 0 0 0.352455 2.76162 -5.55112e-17 0 0 0 0 0 2.384 303 54 1 1 0
./complex_md-fit_920.pdb BC A 11.4233 30.624 -13.4836 -4.61973 -14.4925 -20.6696 -1.0027 33.4017 -20.9611 3.18463 8.72799 2.76078 0 0 0 0.210126 2.23584 -0.02318 0 0 0 0 0 2.384 303 45 0 0 0
./complex_md-fit_921.pdb BC A 9.27589 24.8923 -8.59413 -5.39782 -11.7836 -21.2713 -0.881253 36.0901 -21.155 6.54849 7.16352 1.96423 0 0 0 0.0996329 2.04065 0.0288862 0 0 0 0 0 2.384 303 48 2 2 0
./complex_md-fit_922.pdb BC A 8.92004 31.2519 -12.7408 -6.47273 -12.0818 -24.1056 -1.04727 39.9162 -24.1356 3.95672 8.61554 2.48779 0 0 0 0.155824 2.73874 -0.0299516 0 0 0 0 0 2.384 303 54 0 0 0
./complex_md-fit_923.pdb BC A 8.12637 34.4231 -10.2295 -6.04819 -11.0707 -24.0133 -1.03021 40.0772 -23.9263 6.78182 6.37849 2.19541 0 0 0 0.411286 3.3151 0.0149194 0 0 0 0 0 2.384 303 53 2 2 0
./complex_md-fit_924.pdb BC A 6.41815 32.4774 -7.12356 -6.57302 -11.7812 -23.2785 -1.21073 41.1397 -22.2396 5.94884 8.43396 1.97304 0 0 0 0.463921 2.265 1.11022e-16 0 0 0 0 0 2.384 303 48 0 0 0
./complex_md-fit_925.pdb BC A 10.797 25.28 -13.7945 -6.00419 -16.768 -23.0042 -1.14719 39.2727 -22.4779 4.99268 9.25369 1.84238 0 0 0 0.245468 2.22881 0 0 0 0 0 0 2.384 303 50 1 1 0
./complex_md-fit_926.pdb BC A 8.99209 36.8691 -14.5772 -5.93744 -16.0186 -23.9211 -1.22665 40.316 -23.3296 3.76132 9.25389 2.35899 0 0 0 0.137763 2.43178 0.0281509 0 0 0 0 0 2.384 303 51 1 1 0
./complex_md-fit_927.pdb BC A 6.40617 28.493 -8.21149 -5.6763 -13.8253 -24.6954 -1.07913 43.2091 -24.3935 6.29767 9.39953 2.26076 0 0 0 0.29107 3.025 0 0 0 0 0 0 2.384 303 49 1 1 0
./complex_md-fit_928.pdb BC A 8.44941 28.3063 -6.7418 -5.72465 -15.1025 -23.986 -1.14922 43.1968 -23.1809 6.56016 9.15415 3.33541 0 0 0 0.154917 2.96491 0 0 0 0 0 0 2.384 303 50 2 2 0
./complex_md-fit_929.pdb BC A 7.6391 36.7239 -21.8931 -8.83404 -19.0869 -26.3363 -1.34601 44.1398 -25.8678 3.4427 9.63698 1.53453 0 0 0 0.851916 1.95555 -0.0279414 0 0 0 0 0 2.384 303 53 0 0 0
./complex_md-fit_92.pdb BC A 10.1121 25.4345 -12.0223 -5.51017 -13.7915 -22.582 -0.78285 38.2162 -22.5495 5.66922 7.06935 1.90987 0 0 0 0.24218 1.80145 0.0869419 0 0 0 0 0 2.384 303 48 0 0 0
./complex_md-fit_930.pdb BC A 7.20187 32.6553 -12.5228 -6.66176 -16.3963 -23.8261 -1.24389 40.945 -23.6475 5.64414 10.3468 1.72614 0 0 0 0.602387 2.6909 -0.0116397 0 0 0 0 0 2.384 303 50 2 2 0
./complex_md-fit_931.pdb BC A 6.88508 37.2505 -14.0523 -6.35985 -14.0405 -24.1461 -1.17562 39.913 -23.6255 5.3879 8.64163 0.997801 0 0 0 0.328776 3.00813 0.026141 0 0 0 0 0 2.384 303 53 1 1 0
./complex_md-fit_932.pdb BC A 7.47189 31.7991 -15.2899 -8.75763 -16.0266 -25.6639 -1.27991 44.4812 -25.4396 5.1705 9.10924 2.53042 0 0 0 0.586455 1.9028 5.20417e-18 0 0 0 0 0 2.384 303 54 1 1 0
./complex_md-fit_933.pdb BC A 6.67334 26.3715 -14.254 -6.53083 -15.2121 -24.8368 -1.04356 42.2303 -24.9839 5.66665 8.38851 1.77323 0 0 0 0.312527 1.70645 -0.0181041 0 0 0 0 0 2.384 303 55 1 1 0
./complex_md-fit_934.pdb BC A 8.05057 33.8693 -16.6068 -7.63022 -17.6804 -23.7674 -1.19531 40.814 -23.7254 4.2336 9.62382 2.57868 0 0 0 0.174074 2.17079 -0.0322369 0 0 0 0 0 2.384 303 54 0 0 0
./complex_md-fit_935.pdb BC A 7.22603 32.2185 -12.2131 -6.33477 -15.6198 -23.8655 -1.34671 41.4611 -23.0794 4.75148 8.96844 2.70887 0 0 0 0.143065 1.75391 -2.77556e-17 0 0 0 0 0 2.384 303 54 1 1 0
./complex_md-fit_936.pdb BC A 9.25914 31.9737 -13.4643 -7.19165 -13.9234 -23.5632 -1.13854 40.1016 -23.2123 3.83313 9.3013 2.13115 0 0 0 0.197601 2.04905 -5.55112e-17 0 0 0 0 0 2.384 303 54 0 0 0
./complex_md-fit_937.pdb BC A 7.31152 25.3415 -8.41146 -5.25872 -14.76 -24.6126 -1.00913 43.3371 -24.1604 5.50828 8.78133 3.33082 0 0 0 0.431844 2.13624 -2.77556e-17 0 0 0 0 0 2.384 303 51 1 1 0
./complex_md-fit_938.pdb BC A 8.5264 29.164 -7.23611 -6.0902 -13.6188 -23.9042 -1.17974 41.4471 -23.2453 8.06689 9.10704 1.79178 0 0 0 0.400713 2.87612 -0.0113572 0 0 0 0 0 2.384 303 50 2 2 0
./complex_md-fit_939.pdb BC A 8.19773 38.0326 -14.2271 -4.83296 -15.5009 -22.5766 -1.2684 36.812 -22.696 4.54626 8.61933 2.16613 0 0 0 0.504028 2.76585 0 0 0 0 0 0 2.384 303 47 1 1 0
./complex_md-fit_93.pdb BC A 9.55618 37.9896 -12.3701 -7.87852 -11.6098 -23.4335 -0.883878 39.1401 -23.2723 4.95192 7.55896 2.74478 0 0 0 0.312098 1.9151 5.55112e-17 0 0 0 0 0 2.384 303 56 0 0 0
./complex_md-fit_940.pdb BC A 9.54352 38.1076 -9.85044 -4.72502 -13.6194 -21.5674 -1.00751 36.0787 -21.3768 6.10004 8.35347 1.5022 0 0 0 0.411289 2.46055 0 0 0 0 0 0 2.384 303 47 1 1 0
./complex_md-fit_941.pdb BC A 7.07355 33.0859 -12.7693 -7.82107 -15.0632 -23.5265 -1.37201 41.143 -22.8182 6.10001 8.95174 1.44702 0 0 0 0.2011 1.75569 -0.0112574 0 0 0 0 0 2.384 303 53 1 1 0
./complex_md-fit_942.pdb BC A 9.69205 29.5776 -15.0302 -6.14034 -14.338 -23.9033 -1.15703 39.9911 -23.8981 3.77988 8.27237 2.16879 0 0 0 0.194389 1.4686 0 0 0 0 0 0 2.384 303 54 0 0 0
./complex_md-fit_943.pdb BC A 7.12827 30.5857 -13.5396 -6.95367 -16.2135 -23.9517 -1.22452 40.5913 -23.1798 4.97628 9.86974 2.26652 0 0 0 0.279682 2.65926 0 0 0 0 0 0 2.384 303 53 1 1 0
./complex_md-fit_944.pdb BC A 8.47407 30.3954 -11.8048 -7.20547 -17.1008 -23.7586 -1.09892 39.1678 -23.7237 7.20028 11.4641 2.90711 0 0 0 0.34345 1.46416 -5.55112e-17 0 0 0 0 0 2.384 303 52 1 1 0
./complex_md-fit_945.pdb BC A 7.0067 34.2102 -15.2138 -7.73686 -15.4404 -23.0648 -1.10121 38.3067 -22.4303 4.35187 9.83157 1.88488 0 0 0 0.184708 1.74547 1.11022e-16 0 0 0 0 0 2.384 303 48 0 0 0
./complex_md-fit_946.pdb BC A 7.20748 30.5082 -12.5414 -7.19056 -15.2836 -24.7206 -0.87649 41.026 -24.1865 8.03092 8.8231 1.48687 0 0 0 0.349493 2.96927 2.77556e-17 0 0 0 0 0 2.384 303 50 2 2 0
./complex_md-fit_947.pdb BC A 8.10135 34.3125 -18.6935 -6.84776 -15.8091 -24.3187 -1.09967 40.9797 -24.0364 1.94038 8.7775 1.36898 0 0 0 0.351565 2.09793 1.11022e-16 0 0 0 0 0 2.384 303 52 0 0 0
./complex_md-fit_948.pdb BC A 7.04026 33.109 -9.07407 -7.11216 -14.0377 -25.7031 -1.01853 43.9667 -25.1185 8.18011 9.28222 2.16657 0 0 0 0.32035 2.99809 0 0 0 0 0 0 2.384 303 50 3 3 0
./complex_md-fit_949.pdb BC A 7.81616 35.9879 -17.4918 -6.6465 -15.7515 -24.9049 -1.01121 42.8152 -24.3804 1.83143 9.17007 1.05978 0 0 0 0.34035 3.2094 -0.0142283 0 0 0 0 0 2.384 303 50 0 0 0
./complex_md-fit_94.pdb BC A 8.84523 28.0504 -16.1664 -7.05971 -14.0285 -23.0445 -0.73582 37.7167 -23.2256 4.986 6.36607 2.53327 0 0 0 0.325661 1.44686 1.11022e-16 0 0 0 0 0 2.384 303 50 0 0 0
./complex_md-fit_950.pdb BC A 8.60502 30.3352 -4.88412 -5.32481 -13.4454 -25.0178 -1.14429 43.4789 -24.287 10.004 8.77044 1.80873 0 0 0 0.273171 3.24231 -5.55112e-17 0 0 0 0 0 2.384 303 50 3 3 0
./complex_md-fit_951.pdb BC A 7.24674 29.7245 -11.4035 -6.42426 -13.6724 -26.1085 -0.90312 44.8826 -25.7232 4.52023 9.64796 2.11696 0 0 0 0.275786 3.49623 -0.0155589 0 0 0 0 0 2.384 303 51 2 2 0
./complex_md-fit_952.pdb BC A 8.03696 30.616 -10.4409 -6.04239 -13.6619 -23.9853 -0.871794 41.3467 -23.5252 5.66911 8.64922 1.6391 0 0 0 0.312099 3.18297 0.0295728 0 0 0 0 0 2.384 303 53 1 1 0
./complex_md-fit_953.pdb BC A 6.77491 34.8255 -16.3405 -6.78933 -15.4115 -24.3974 -0.926312 40.8713 -24.0577 2.884 9.27383 1.85197 0 0 0 0.360692 2.0673 0 0 0 0 0 0 2.384 303 49 0 0 0
./complex_md-fit_954.pdb BC A 8.13561 28.5784 -5.00525 -5.75492 -12.8053 -24.8767 -0.919852 43.4459 -24.7584 7.71651 9.8814 2.24143 0 0 0 0.824652 3.46998 0 0 0 0 0 0 2.384 303 51 2 2 0
./complex_md-fit_955.pdb BC A 9.45147 25.8423 -9.05995 -7.28025 -14.3321 -25.2463 -1.04825 44.061 -24.4283 6.66921 9.97733 2.31216 0 0 0 0.255483 1.73351 -5.55112e-17 0 0 0 0 0 2.384 303 52 1 1 0
./complex_md-fit_956.pdb BC A 6.5968 31.5201 -12.8118 -6.37262 -13.7383 -25.007 -0.897635 40.8337 -24.8435 5.60878 8.94158 1.97996 0 0 0 0.665397 1.84174 0.0179411 0 0 0 0 0 2.384 303 51 1 1 0
./complex_md-fit_957.pdb BC A 11.0923 34.0468 -3.44212 -5.27486 -11.3744 -25.8058 -0.920131 45.6526 -25.4615 8.20547 8.90803 2.55187 0 0 0 0.0767108 3.19025 0 0 0 0 0 0 2.384 303 51 3 3 0
./complex_md-fit_958.pdb BC A 7.10324 31.5229 -3.89963 -3.97519 -12.1062 -24.9209 -0.837218 43.1354 -24.6426 8.63422 8.19512 1.77846 0 0 0 0.814469 3.20387 0.0248746 0 0 0 0 0 2.384 303 51 2 2 0
./complex_md-fit_959.pdb BC A 8.99082 30.5568 -6.06067 -6.33492 -11.6503 -24.5437 -0.882065 42.826 -23.9912 7.78749 8.72533 1.83319 0 0 0 0.169501 3.10158 0 0 0 0 0 0 2.384 303 51 2 2 0
./complex_md-fit_95.pdb BC A 6.42766 34.2902 -11.4458 -5.05075 -12.3302 -21.9994 -0.946182 36.3947 -22.0911 7.01337 5.24225 2.2225 0 0 0 0.0990076 1.96307 0 0 0 0 0 0 2.384 303 50 1 1 0
./complex_md-fit_960.pdb BC A 7.86846 31.8927 -17.2339 -7.3955 -12.7673 -22.9351 -0.861929 36.0037 -22.8221 4.43244 6.33347 2.44979 0 0 0 0.328643 1.99042 1.11022e-16 0 0 0 0 0 2.384 303 46 1 1 0
./complex_md-fit_961.pdb BC A 6.58911 32.2246 -13.2257 -6.95633 -14.8482 -23.9304 -0.934961 41.5244 -23.1097 4.37643 8.09262 2.49031 0 0 0 0.0701024 2.99284 0 0 0 0 0 0 2.384 303 52 0 0 0
./complex_md-fit_962.pdb BC A 7.84485 34.2725 -13.5854 -6.05459 -11.854 -24.3871 -0.966181 39.5623 -24.2879 5.24634 6.51155 1.9756 0 0 0 0.668503 3.09096 1.38778e-17 0 0 0 0 0 2.384 303 53 0 0 0
./complex_md-fit_963.pdb BC A 6.60024 32.3461 -6.63661 -5.18252 -13.0652 -25.7197 -0.82402 45.116 -24.6338 8.42938 7.91301 1.13417 0 0 0 0.185711 3.47533 0.0103571 0 0 0 0 0 2.384 303 53 2 2 0
./complex_md-fit_964.pdb BC A 8.16863 26.5542 -14.092 -6.0345 -13.668 -23.9178 -0.825598 40.0493 -23.5628 4.48724 7.64833 1.30601 0 0 0 0.425755 3.02321 0 0 0 0 0 0 2.384 303 50 0 0 0
./complex_md-fit_965.pdb BC A 8.64216 27.7215 -11.731 -5.50541 -10.2319 -24.0723 -0.916093 39.6558 -23.8155 5.37026 5.78982 1.86695 0 0 0 0.127421 2.95165 -1.38778e-17 0 0 0 0 0 2.384 303 50 1 1 0
./complex_md-fit_966.pdb BC A 9.01708 28.4699 -14.2853 -8.87827 -11.1049 -24.2732 -0.900976 39.3356 -23.9951 6.34338 7.14065 1.79005 0 0 0 0.257539 2.42527 0 0 0 0 0 0 2.384 303 55 2 2 0
./complex_md-fit_967.pdb BC A 12.4424 30.6855 -9.26705 -5.75267 -8.71041 -23.6633 -0.824607 39.6829 -23.5468 4.58859 6.92622 1.84348 0 0 0 0.189445 2.58862 0 0 0 0 0 0 2.384 303 52 1 1 0
./complex_md-fit_968.pdb BC A 6.98037 30.6659 -7.90232 -7.30438 -10.8281 -25.018 -0.866612 42.3808 -25.1314 7.79923 8.24249 2.0262 0 0 0 0.797432 1.79428 0 0 0 0 0 0 2.384 303 53 1 1 0
./complex_md-fit_969.pdb BC A 6.75354 27.7174 -12.4947 -4.81046 -12.8741 -23.0105 -0.920558 38.0884 -22.9043 5.63898 6.387 1.69301 0 0 0 0.217897 1.93518 0 0 0 0 0 0 2.384 303 51 1 1 0
./complex_md-fit_96.pdb BC A 6.88087 37.6734 -11.5389 -6.73652 -10.9523 -22.3729 -0.957082 35.8714 -22.7781 6.53185 6.93624 2.7619 0 0 0 0.156585 1.72926 0 0 0 0 0 0 2.384 303 53 0 0 0
./complex_md-fit_970.pdb BC A 8.66342 31.2396 -13.2126 -6.30911 -15.0498 -23.6821 -1.00349 38.3125 -23.6198 7.36951 8.92535 1.56412 0 0 0 0.275075 1.78819 0 0 0 0 0 0.00522531 2.384 303 51 2 2 0
./complex_md-fit_971.pdb BC A 9.39994 29.2918 -14.3242 -5.73203 -11.7487 -23.4996 -1.01646 38.5021 -23.2484 3.90528 7.56236 0.907731 0 0 0 0.0434521 2.80811 0 0 0 0 0 0 2.384 303 49 0 0 0
./complex_md-fit_972.pdb BC A 6.69488 30.5792 -7.2758 -5.65606 -10.5445 -25.2785 -0.87974 43.2466 -25.0639 5.95695 9.36579 1.3221 0 0 0 0.22451 3.157 0.0309168 0 0 0 0 0 2.384 303 50 2 2 0
./complex_md-fit_973.pdb BC A 7.13661 24.5812 -14.0567 -5.7607 -13.3554 -23.9805 -0.880463 38.066 -23.7418 5.45891 7.74313 2.01533 0 0 0 0.378771 2.32971 0 0 0 0 0 0 2.384 303 44 0 0 0
./complex_md-fit_974.pdb BC A 10.0052 36.531 -14.5835 -8.66696 -13.4209 -24.2088 -1.04284 40.3339 -24.0568 6.28522 8.66978 1.31373 0 0 0 0.21018 3.2911 1.11022e-16 0 0 0 0 0 2.384 303 49 1 1 0
./complex_md-fit_975.pdb BC A 7.78332 35.4131 -17.5699 -9.03376 -11.8496 -24.4043 -0.878889 38.4338 -24.7935 4.91475 8.09608 1.40985 0 0 0 0.535732 2.07763 0 0 0 0 0 0 2.384 303 50 1 1 0
./complex_md-fit_976.pdb BC A 7.28772 27.5961 -21.2243 -6.24134 -12.6273 -23.3396 -0.707352 35.9381 -23.9496 3.24517 4.65798 1.34152 0 0 0 0.458091 2.64833 0 0 0 0 0 0 2.384 303 47 0 0 0
./complex_md-fit_977.pdb BC A 8.68442 32.7398 -17.883 -7.85619 -12.6159 -22.8618 -0.790587 36.7229 -22.897 2.48732 7.84837 1.84077 0 0 0 0.206896 3.24155 0.0321852 0 0 0 0 2.22045e-16 2.384 303 48 0 0 0
./complex_md-fit_978.pdb BC A 7.49267 32.4373 -21.1233 -6.97802 -16.2027 -24.1176 -0.945479 39.5883 -23.5706 1.54483 7.53092 1.6559 0 0 0 0.371177 1.9067 0 0 0 0 0 0 2.384 303 48 0 0 0
./complex_md-fit_979.pdb BC A 7.78734 36.8463 -10.6327 -5.66765 -14.077 -23.7165 -1.00522 40.0637 -22.8585 6.05703 8.7377 1.61279 0 0 0 0.220946 2.33802 0 0 0 0 0 0 2.384 303 48 1 1 0
./complex_md-fit_97.pdb BC A 7.27319 28.723 -4.91122 -5.09234 -12.7858 -23.1561 -1.084 40.9133 -23.0535 7.8476 7.94969 3.19217 0 0 0 0.357711 1.80794 0 0 0 0 0 0 2.384 303 53 1 1 0
./complex_md-fit_980.pdb BC A 7.63008 31.7341 -13.4081 -5.95583 -13.2619 -23.1023 -0.867695 39.3184 -22.3555 3.5948 7.1221 1.93714 0 0 0 0.162687 1.81802 0 0 0 0 0 0 2.384 303 49 0 0 0
./complex_md-fit_981.pdb BC A 6.4737 35.4906 -17.0381 -5.98766 -15.138 -24.3131 -0.908365 39.7506 -24.4555 3.92639 7.80562 2.19526 0 0 0 0.0866166 3.25917 5.55112e-17 0 0 0 0 0 2.384 303 52 0 0 0
./complex_md-fit_982.pdb BC A 7.4445 31.6757 -8.75941 -6.13158 -11.2746 -23.776 -1.04186 40.0906 -23.4959 5.47792 8.34871 2.28046 0 0 0 0.762887 3.05514 1.11022e-16 0 0 0 0 0 2.384 303 49 0 0 0
./complex_md-fit_983.pdb BC A 6.63827 32.5241 -13.8909 -5.9322 -14.4617 -24.6414 -1.04102 41.1229 -24.7052 4.889 8.48464 2.14263 0 0 0 0.251329 2.04454 0 0 0 0 0 0 2.384 303 50 0 0 0
./complex_md-fit_984.pdb BC A 6.87932 26.3558 -12.9991 -5.38812 -15.1083 -23.2437 -1.14142 39.0355 -23.0318 6.52516 7.71127 1.58148 0 0 0 0.0704133 2.16944 -0.00949166 0 0 0 0 0 2.384 303 45 1 1 0
./complex_md-fit_985.pdb BC A 6.34024 30.8039 -11.8043 -7.9063 -8.79714 -23.5177 -0.887866 38.1622 -24.0399 6.08374 7.11033 1.81385 0 0 0 0.174471 1.72746 -1.11022e-16 0 0 0 0 0 2.384 303 51 1 1 0
./complex_md-fit_986.pdb BC A 8.05473 31.2009 -15.5043 -9.60752 -12.9198 -24.1992 -0.959214 39.1857 -24.884 5.36283 9.86899 2.35987 0 0 0 0.261993 1.96987 0.0259765 0 0 0 0 0 2.384 303 48 1 1 0
./complex_md-fit_987.pdb BC A 6.98797 30.9417 -17.348 -8.2521 -11.4988 -24.0756 -0.972083 37.716 -24.55 4.00466 8.17549 1.92753 0 0 0 0.176925 1.62171 0 0 0 0 0 0 2.384 303 53 1 1 0
./complex_md-fit_988.pdb BC A 8.06029 39.8407 -15.0381 -7.29854 -11.7209 -23.4788 -0.983553 36.9821 -23.4824 6.32552 7.29497 1.20683 0 0 0 0.116616 3.19653 0 0 0 0 0 0 2.384 303 50 0 0 0
./complex_md-fit_989.pdb BC A 7.85142 28.0238 -0.491294 -5.13084 -8.48012 -24.7075 -1.01987 44.0699 -24.5774 9.7907 6.72928 2.70232 0 0 0 0.132213 3.28353 0 0 0 0 0 0 2.384 303 51 2 2 0
./complex_md-fit_98.pdb BC A 10.5383 35.6869 -12.3996 -6.57944 -12.75 -22.6912 -0.804933 38.6863 -22.5854 3.56275 8.33213 2.21377 0 0 0 0.216459 1.93241 0 0 0 0 0 0 2.384 303 48 0 0 0
./complex_md-fit_990.pdb BC A 6.76398 32.7898 -6.94063 -4.16298 -12.5705 -24.3501 -0.878963 40.7346 -24.1991 8.0388 7.92853 1.8835 0 0 0 0.647543 2.90528 -0.0120115 0 0 0 0 0 2.384 303 50 1 1 0
./complex_md-fit_991.pdb BC A 9.39201 35.4521 -12.6241 -6.47853 -12.2221 -24.4821 -0.822766 39.9379 -24.2122 6.24315 7.50833 1.23357 0 0 0 0.645558 3.38288 0.0250083 0 0 0 0 0 2.384 303 53 1 1 0
./complex_md-fit_992.pdb BC A 8.8613 28.0529 -9.6336 -4.94909 -9.82153 -23.4757 -0.937841 38.7402 -23.5943 4.73821 7.21179 2.00374 0 0 0 0.45089 2.09093 0 0 0 0 0 0 2.384 303 49 1 1 0
./complex_md-fit_993.pdb BC A 9.69595 34.9707 -0.289089 -4.77209 -8.10936 -24.6331 -0.877685 42.7586 -24.9032 10.558 6.58429 2.69991 0 0 0 0.405555 1.81994 0 0 0 0 0 0 2.384 303 50 3 3 0
./complex_md-fit_994.pdb BC A 8.36674 37.4313 -17.4734 -6.36972 -12.9392 -23.4055 -0.901458 36.9682 -23.6785 4.02201 7.4394 1.18731 0 0 0 0.204092 2.22957 0 0 0 0 0 0 2.384 303 49 0 0 0
./complex_md-fit_995.pdb BC A 10.4326 41.4635 -13.3409 -6.43277 -11.4306 -24.3463 -0.824312 37.4754 -25.0365 7.52337 7.53559 1.93122 0 0 0 0.264054 1.95051 0 0 0 0 0 0 2.384 303 51 1 1 0
./complex_md-fit_996.pdb BC A 6.47927 29.443 -14.8229 -6.32929 -10.6552 -25.1371 -0.924368 39.8327 -25.5839 5.1016 6.79292 1.93386 0 0 0 0.145898 2.02389 0 0 0 0 0 0 2.384 303 49 2 2 0
./complex_md-fit_997.pdb BC A 10 30.5547 -15.0065 -7.24599 -12.3093 -23.1878 -0.996581 36.969 -23.4064 3.98553 8.00937 2.72 0 0 0 0.455663 3.09313 0 0 0 0 0 0 2.384 303 48 0 0 0
./complex_md-fit_998.pdb BC A 8.71855 27.748 -11.8649 -6.52848 -10.668 -22.9676 -0.871306 36.7812 -23.1319 6.6142 6.81053 1.63507 0 0 0 0.461449 1.96763 0 0 0 0 0 0 2.384 303 50 2 2 0
./complex_md-fit_999.pdb BC A 7.99891 24.6594 -14.5591 -6.52681 -12.9489 -23.6712 -0.893206 37.1629 -23.7412 6.12325 7.23858 2.34431 0 0 0 0.353231 2.24493 5.55112e-17 0 0 0 0 0 2.384 303 51 2 2 0
./complex_md-fit_99.pdb BC A 9.11986 34.9622 -5.47628 -5.032 -12.575 -23.3433 -0.835454 39.8735 -23.1552 8.53813 8.70901 2.29384 0 0 0 0.040155 1.6928 0.0099628 0 0 0 0 0 2.384 303 49 2 2 0
./complex_md-fit_9.pdb BC A 8.8773 31.2119 -13.5179 -4.7912 -13.5711 -22.659 -0.981736 37.347 -23.3403 4.09707 5.99318 4.00599 0 0 0 0.38222 1.75488 0 0 0 0 0 0 2.384 303 50 0 0 0
