./complex_md-fit-dt500_1000.pdb_reres.pdb BC A 7.55744 30.6813 -10.6787 -4.90324 -10.4205 -20.8082 -0.940866 35.4492 -20.7803 2.70744 6.07551 2.79857 0 0 0 0.193983 2.31994 -0.0501824 0 0 0 0 0 2.384 303 50 0 0 0
./complex_md-fit-dt500_1001.pdb_reres.pdb BC A 5.92051 32.443 -9.60702 -4.11235 -9.60656 -21.7681 -0.90537 36.5952 -21.422 3.81376 6.32105 0.733193 0 0 0 0.744196 2.14481 -2.77556e-17 0 0 0 0 0 2.384 303 51 0 0 0
./complex_md-fit-dt500_100.pdb_reres.pdb BC A 8.92949 31.8948 -12.0663 -5.83487 -10.2622 -23.1064 -1.45234 39.6856 -23.1977 2.00103 7.6404 2.03562 0 0 0 0.461695 2.54175 -0.0370249 0 0 0 0 0 2.384 303 47 0 0 0
./complex_md-fit-dt500_101.pdb_reres.pdb BC A 8.57493 24.4698 -6.12554 -5.73236 -7.69955 -25.0004 -1.40276 43.8038 -24.9186 6.71826 7.21839 0.50016 0 0 0 0.403209 2.35409 -0.0218741 0 0 0 0 0.00622661 2.384 303 55 1 1 0
./complex_md-fit-dt500_102.pdb_reres.pdb BC A 7.8798 31.7328 -8.13815 -6.32163 -7.29901 -23.6279 -1.44263 40.8648 -23.6929 3.17845 8.0201 1.41275 0 0 0 0.76988 2.35497 1.11022e-16 0 0 0 0 0 2.384 303 50 0 0 0
./complex_md-fit-dt500_103.pdb_reres.pdb BC A 7.63504 33.4003 -5.15756 -6.01424 -7.15374 -22.8096 -1.38785 40.4457 -23.0185 5.52314 6.60188 2.05795 0 0 0 0.597688 2.15776 0 0 0 0 0 0 2.384 303 52 0 0 0
./complex_md-fit-dt500_104.pdb_reres.pdb BC A 7.63551 33.6293 -12.7887 -8.18103 -11.766 -23.2584 -1.62804 39.6603 -22.5914 4.94046 8.43818 1.43509 0 0 0 0.171509 2.2627 -0.00936263 0 0 0 0 0 2.384 303 51 0 0 0
./complex_md-fit-dt500_105.pdb_reres.pdb BC A 6.56119 31.2205 -5.86707 -8.3133 -9.96444 -23.7289 -1.50723 41.3468 -23.7563 8.73716 7.18881 3.63733 0 0 0 0.493049 2.21349 0 0 0 0 0 0 2.384 303 51 3 3 0
./complex_md-fit-dt500_106.pdb_reres.pdb BC A 8.47789 23.575 -7.27452 -6.5725 -10.9948 -23.3156 -1.41496 40.8995 -23.3332 7.40749 8.33963 1.36058 0 0 0 0.389739 2.57187 -0.0403922 0 0 0 0 0 2.384 303 53 1 1 0
./complex_md-fit-dt500_107.pdb_reres.pdb BC A 7.37349 26.1766 -7.64999 -5.31271 -11.3722 -24.4455 -1.40745 43.2079 -24.3377 5.27976 8.3381 2.19166 0 0 0 0.208032 2.54083 0 0 0 0 0 0 2.384 303 54 0 0 0
./complex_md-fit-dt500_108.pdb_reres.pdb BC A 6.17854 30.1083 -6.94278 -7.90924 -7.56051 -21.2432 -1.23298 36.9313 -21.2841 4.25538 8.43175 1.89289 0 0 0 0.775962 1.61412 0 0 0 0 0 0 2.384 303 46 1 1 0
./complex_md-fit-dt500_109.pdb_reres.pdb BC A 7.08844 26.2312 -8.93096 -6.65626 -10.7851 -23.5279 -1.32969 41.3205 -23.3182 3.56813 8.01561 3.46738 0 0 0 0.314572 2.57854 0 0 0 0 0 0 2.384 303 51 0 0 0
./complex_md-fit-dt500_10.pdb_reres.pdb BC A 8.16642 29.4451 -8.81202 -11.4023 -8.84662 -26.4202 -1.03817 46.3796 -25.1751 4.85444 8.90816 2.92621 0 0 0 0.983546 3.55815 0.0184247 0 0 0 0 0 2.384 303 57 1 1 0
./complex_md-fit-dt500_110.pdb_reres.pdb BC A 7.39002 27.1153 -15.5053 -9.5438 -13.7835 -24.0503 -1.52326 39.8443 -24.0661 4.08268 10.0356 3.27565 0 0 0 0.223445 2.83448 0 0 0 0 0 0 2.384 303 53 1 1 0
./complex_md-fit-dt500_111.pdb_reres.pdb BC A 6.33995 27.6207 -6.69913 -6.6283 -9.08852 -22.611 -1.54995 39.4366 -22.2398 5.54223 8.07164 2.16737 0 0 0 0.216056 2.50927 -0.0153806 0 0 0 0 0 2.384 303 48 0 0 0
./complex_md-fit-dt500_112.pdb_reres.pdb BC A 7.53784 28.644 -10.7599 -6.27313 -11.1393 -22.4462 -1.48805 37.6904 -22.2367 4.86458 8.26656 1.80974 0 0 0 0.209362 2.03829 -0.0170597 0 0 0 0 0 2.384 303 48 0 0 0
./complex_md-fit-dt500_113.pdb_reres.pdb BC A 6.32195 30.2743 -11.7167 -6.66186 -9.09977 -23.356 -1.22216 39.2162 -23.718 1.25195 9.02812 2.60219 0 0 0 0.256418 3.13316 -0.0138935 0 0 0 0 0 2.384 303 50 0 0 0
./complex_md-fit-dt500_114.pdb_reres.pdb BC A 7.20248 33.8219 -13.3049 -6.99133 -9.69968 -23.3144 -1.30209 39.9162 -23.1791 1.44694 7.79803 1.68472 0 0 0 0.346019 1.75072 -0.0102931 0 0 0 0 0 2.384 303 45 0 0 0
./complex_md-fit-dt500_115.pdb_reres.pdb BC A 8.47101 31.8248 -11.4626 -8.26993 -9.05354 -23.4546 -1.47081 39.9528 -23.4131 4.50615 7.50114 1.85377 0 0 0 0.428078 2.646 -0.0425645 0 0 0 0 0 2.384 303 50 0 0 0
./complex_md-fit-dt500_116.pdb_reres.pdb BC A 7.57447 25.0715 -9.37694 -5.93551 -10.6555 -23.8056 -1.16601 41.5022 -24.0732 5.17969 7.35262 1.90334 0 0 0 0.320922 2.88684 0 0 0 0 0 0 2.384 303 48 0 0 0
./complex_md-fit-dt500_117.pdb_reres.pdb BC A 9.24739 30.9418 -13.2846 -10.2268 -10.8111 -24.5193 -1.1814 42.6177 -24.658 4.4231 8.32787 2.37955 0 0 0 0.343652 2.43192 0.0199508 0 0 0 0 0 2.384 303 48 1 1 0
./complex_md-fit-dt500_118.pdb_reres.pdb BC A 6.92741 26.1955 -8.01363 -7.91008 -9.64295 -24.1823 -1.19037 42.1356 -24.4711 6.43594 7.24216 3.33354 0 0 0 0.248464 2.64385 -0.0124838 0 0 0 0 0 2.384 303 51 0 0 0
./complex_md-fit-dt500_119.pdb_reres.pdb BC A 5.7066 31.4088 -12.7703 -6.36418 -10.0241 -24.0017 -1.24298 40.2338 -24.3501 4.44389 7.21045 1.02377 0 0 0 0.333306 2.20931 -0.0324716 0 0 0 0 0 2.384 303 47 0 0 0
./complex_md-fit-dt500_11.pdb_reres.pdb BC A 9.44948 25.7582 -1.84811 -7.90483 -3.82784 -25.912 -0.936191 45.6385 -25.403 6.02233 6.97361 3.35069 0 0 0 0.17075 2.58275 -0.0223004 0 0 0 0 0.00221665 2.384 303 55 1 1 0
./complex_md-fit-dt500_120.pdb_reres.pdb BC A 10.8283 27.9273 -12.2463 -7.89878 -9.6542 -24.0165 -1.02977 40.5781 -24.3444 4.05405 9.00309 0.698653 0 0 0 0.413312 2.70507 -0.049778 0 0 0 0 0 2.384 303 49 0 0 0
./complex_md-fit-dt500_121.pdb_reres.pdb BC A 8.70457 27.3969 -10.8585 -4.94679 -10.0611 -25.0514 -1.38634 42.0502 -25.7635 4.15591 8.15377 1.84345 0 0 0 0.180327 3.0086 -0.0329543 0 0 0 0 0 2.384 303 46 1 1 0
./complex_md-fit-dt500_122.pdb_reres.pdb BC A 6.53843 29.2598 -13.4501 -4.81221 -10.7694 -23.1915 -1.31436 38.4842 -23.6018 1.68078 7.59692 2.07634 0 0 0 0.421795 2.31235 -0.0208564 0 0 0 0 0 2.384 303 47 0 0 0
./complex_md-fit-dt500_123.pdb_reres.pdb BC A 10.0997 33.0913 -4.78977 -4.43334 -6.64191 -23.759 -1.413 40.1923 -24.1246 4.95344 8.48827 1.85495 0 0 0 0.117616 2.22329 -0.0244823 0 0 0 0 0 2.384 303 50 0 0 0
./complex_md-fit-dt500_124.pdb_reres.pdb BC A 8.18303 38.1351 -8.15132 -4.87517 -8.97916 -23.3544 -1.1747 38.7536 -23.582 7.05704 5.67168 2.11102 0 0 0 0.239919 2.35577 -0.0192172 0 0 0 0 0 2.384 303 50 1 1 0
./complex_md-fit-dt500_125.pdb_reres.pdb BC A 7.84417 29.5472 -5.52298 -5.33312 -10.2862 -24.7883 -1.4736 43.3163 -24.885 6.21743 8.30834 2.85394 0 0 0 0.573313 2.96344 -0.0260949 0 0 0 0 0 2.384 303 54 2 2 0
./complex_md-fit-dt500_126.pdb_reres.pdb BC A 7.06301 32.737 -13.0426 -6.81478 -11.1718 -22.647 -1.12193 37.9312 -22.7154 4.03838 7.21234 2.04162 0 0 0 0.257283 2.47012 -0.0526445 0 0 0 0 0 2.384 303 48 1 1 0
./complex_md-fit-dt500_127.pdb_reres.pdb BC A 6.55881 34.0948 -14.7681 -7.54941 -11.9628 -22.3156 -1.34937 37.3339 -22.5151 3.50546 8.36173 1.68815 0 0 0 0.0895172 2.4231 -0.0545299 0 0 0 0 0 2.384 303 48 0 0 0
./complex_md-fit-dt500_128.pdb_reres.pdb BC A 5.86836 28.7841 -1.69978 -4.81207 -7.83523 -23.3628 -1.3427 41.0545 -23.299 8.11879 7.91019 1.7869 0 0 0 0.109427 2.62523 -0.0277829 0 0 0 0 0 2.384 303 52 0 0 0
./complex_md-fit-dt500_129.pdb_reres.pdb BC A 6.89306 22.1458 -5.88537 -6.32905 -9.16399 -23.5525 -1.14771 41.2429 -23.6494 5.45975 8.37162 2.82694 0 0 0 0.0961534 2.6984 -0.0400602 0 0 0 0 0 2.384 303 54 2 2 0
./complex_md-fit-dt500_12.pdb_reres.pdb BC A 9.66374 32.7562 -8.99929 -10.7241 -8.72353 -26.6801 -1.04346 46.5411 -26.1161 5.16232 8.12541 4.33929 0 0 0 0.102505 3.0526 0.0175407 0 0 0 0 0 2.384 303 57 0 0 0
./complex_md-fit-dt500_130.pdb_reres.pdb BC A 6.29102 31.5898 -4.91819 -5.68322 -8.51354 -22.0661 -1.01049 38.7332 -22.3601 5.25075 8.56755 1.95415 0 0 0 0.227101 2.34117 -0.0174823 0 0 0 0 0 2.384 303 49 1 1 0
./complex_md-fit-dt500_131.pdb_reres.pdb BC A 8.56612 36.3727 -9.7741 -6.44605 -10.7674 -22.7934 -1.38862 37.3082 -22.959 5.39151 8.8068 2.68888 0 0 0 0.402262 2.0577 -0.0172654 0 0 0 0 0 2.384 303 48 1 1 0
./complex_md-fit-dt500_132.pdb_reres.pdb BC A 6.20194 29.8301 -13.0672 -5.36227 -11.1236 -22.8495 -1.0137 38.3259 -23.5533 2.56219 7.56343 1.9934 0 0 0 0.40568 2.21287 -0.0154322 0 0 0 0 0 2.384 303 50 0 0 0
./complex_md-fit-dt500_133.pdb_reres.pdb BC A 6.45784 38.8288 -4.8912 -5.80317 -9.37147 -22.8188 -0.959998 39.8454 -22.5203 3.84008 9.21594 3.02808 0 0 0 0.67455 1.78103 -0.0214531 0 0 0 0 0 2.384 303 49 0 0 0
./complex_md-fit-dt500_134.pdb_reres.pdb BC A 8.34257 29.4446 -8.49967 -4.24997 -7.22098 -20.9004 -1.10873 35.4105 -20.983 2.01476 6.37355 1.89279 0 0 0 0.271859 1.78661 -1.11022e-16 0 0 0 0 0 2.384 303 48 0 0 0
./complex_md-fit-dt500_135.pdb_reres.pdb BC A 7.59587 24.4967 -9.16669 -6.04078 -9.07685 -21.3789 -1.24343 35.8446 -21.2211 4.67615 7.22071 1.88496 0 0 0 0.150552 2.01927 0.0173733 0 0 0 0 0 2.384 303 49 1 1 0
./complex_md-fit-dt500_136.pdb_reres.pdb BC A 7.6907 27.9375 -5.37815 -5.54606 -9.41922 -23.4897 -1.36994 40.208 -23.1204 6.99168 7.22113 2.48568 0 0 0 0.688349 2.23048 -0.0276614 0 0 0 0 0 2.384 303 48 1 1 0
./complex_md-fit-dt500_137.pdb_reres.pdb BC A 8.43921 31.6237 -13.8285 -7.30153 -10.2146 -21.972 -1.40214 37.8717 -21.2055 1.99163 6.72888 1.32922 0 0 0 0.356391 2.12035 -0.0105377 0 0 0 0 0 2.384 303 48 0 0 0
./complex_md-fit-dt500_138.pdb_reres.pdb BC A 9.14572 27.7253 -9.42677 -5.20709 -9.79417 -21.3173 -1.2049 35.9693 -20.8266 2.98223 6.87329 2.77775 0 0 0 0.278659 1.78618 0.042003 0 0 0 0 0 2.384 303 48 0 0 0
./complex_md-fit-dt500_139.pdb_reres.pdb BC A 5.46288 24.9405 -6.77239 -6.23405 -11.6163 -23.1729 -1.24493 41.7142 -22.0275 3.56467 8.30645 3.66216 0 0 0 0.233067 2.27416 0.0427425 0 0 0 0 0 2.384 303 49 0 0 0
./complex_md-fit-dt500_13.pdb_reres.pdb BC A 7.21448 28.5315 -5.83255 -10.685 -7.99049 -24.6956 -1.26329 44.5273 -23.2465 6.02702 7.53903 3.57493 0 0 0 0.336974 2.78897 0.031748 0 0 0 0 0.0112677 2.384 303 49 2 2 0
./complex_md-fit-dt500_140.pdb_reres.pdb BC A 6.90011 30.7742 -9.18877 -4.78284 -8.75396 -21.3669 -0.950323 35.8078 -21.2079 4.56784 6.30536 1.17571 0 0 0 0.0384957 1.86646 -0.0220953 0 0 0 0 0 2.384 303 47 0 0 0
./complex_md-fit-dt500_141.pdb_reres.pdb BC A 8.33496 33.8215 -6.8921 -5.03282 -12.5184 -22.1879 -1.08193 39.3668 -21.8137 3.68031 9.2336 3.08965 0 0 0 0.38402 2.40725 -0.0116837 0 0 0 0 0 2.384 303 49 0 0 0
./complex_md-fit-dt500_142.pdb_reres.pdb BC A 7.94504 27.6266 -2.61831 -3.49913 -11.8513 -20.5461 -1.04444 37.3666 -19.5336 6.64885 7.04247 2.37361 0 0 0 0.404099 2.69931 0.0207023 0 0 0 0 0 2.384 303 51 1 1 0
./complex_md-fit-dt500_143.pdb_reres.pdb BC A 11.435 26.397 -10.2372 -6.35063 -12.9003 -22.0093 -1.41881 38.3911 -21.3546 3.7635 8.48857 2.7882 0 0 0 0.415536 2.13105 -0.0505014 0 0 0 0 0 2.384 303 50 0 0 0
./complex_md-fit-dt500_144.pdb_reres.pdb BC A 8.24617 35.5617 -12.6125 -5.98235 -13.9223 -22.2915 -1.29208 37.6858 -21.6343 3.62874 8.02219 2.30579 0 0 0 0.894112 2.38813 -0.0265794 0 0 0 0 0 2.384 303 50 0 0 0
./complex_md-fit-dt500_145.pdb_reres.pdb BC A 8.65194 32.7811 -4.8063 -4.49103 -9.91602 -23.3349 -1.31252 41.4839 -22.9661 4.99442 7.58316 2.58343 0 0 0 0.592338 2.1314 -0.0229292 0 0 0 0 0 2.384 303 49 0 0 0
./complex_md-fit-dt500_146.pdb_reres.pdb BC A 8.1666 36.0551 -8.89726 -6.01256 -12.9681 -23.3346 -1.37657 41.2918 -22.529 3.79778 9.49521 2.61655 0 0 0 0.144981 2.28079 -0.0226637 0 0 0 0 0 2.384 303 49 0 0 0
./complex_md-fit-dt500_147.pdb_reres.pdb BC A 10.1458 28.271 -12.8879 -6.32495 -10.1362 -23.6282 -1.266 38.3661 -23.6398 2.82881 7.84445 2.95412 0 0 0 0.113672 2.65797 5.55112e-17 0 0 0 0 0 2.384 303 52 0 0 0
./complex_md-fit-dt500_148.pdb_reres.pdb BC A 7.21954 25.0567 -12.8374 -6.58232 -11.8549 -21.9891 -1.31458 36.4184 -21.6985 3.6858 7.80575 2.56389 0 0 0 0.163961 2.41357 -0.035884 0 0 0 0 0 2.384 303 47 1 1 0
./complex_md-fit-dt500_149.pdb_reres.pdb BC A 8.30852 27.0012 -9.69935 -5.43299 -8.47436 -23.4716 -1.2215 39.8534 -23.3053 3.22905 7.07138 1.64017 0 0 0 0.43176 3.08368 -0.0193112 0 0 0 0 0 2.384 303 49 0 0 0
./complex_md-fit-dt500_14.pdb_reres.pdb BC A 8.83048 24.6249 -10.0954 -11.092 -8.89477 -26.5286 -1.28114 46.4818 -25.5423 3.44297 9.56109 3.03883 0 0 0 0.733657 3.76729 -0.0203253 0 0 0 0 0.00544979 2.384 303 53 0 0 0
./complex_md-fit-dt500_150.pdb_reres.pdb BC A 7.36629 28.2721 -13.2166 -7.62356 -10.9021 -22.8298 -1.14988 38.551 -22.7897 3.80282 6.89532 2.56184 0 0 0 0.288171 2.39694 -0.0207679 0 0 0 0 0 2.384 303 51 0 0 0
./complex_md-fit-dt500_151.pdb_reres.pdb BC A 8.27039 35.9037 -9.07526 -6.27957 -10.4808 -23.4316 -1.18494 40.3759 -23.3659 4.42858 8.21789 2.34703 0 0 0 0.320698 2.79776 -0.0225042 0 0 0 0 0 2.384 303 49 0 0 0
./complex_md-fit-dt500_152.pdb_reres.pdb BC A 8.68339 33.7583 -5.92052 -5.24255 -8.99094 -20.6974 -1.10868 34.3462 -20.3964 5.52626 7.06455 3.47686 0 0 0 0.10156 1.98877 1.11022e-16 0 0 0 0 0 2.384 303 50 1 1 0
./complex_md-fit-dt500_153.pdb_reres.pdb BC A 7.11985 32.4521 -10.9168 -5.69928 -10.6822 -20.5423 -1.06429 34.4793 -20.1011 3.48538 6.50409 2.64491 0 0 0 0.0680087 2.02006 -0.00932882 0 0 0 0 0 2.384 303 48 0 0 0
./complex_md-fit-dt500_154.pdb_reres.pdb BC A 8.09791 30.0374 -9.92968 -7.32624 -9.48479 -23.6797 -1.14177 39.1928 -23.6873 5.21764 8.05304 2.63907 0 0 0 0.339567 2.26048 -0.051923 0 0 0 0 0 2.384 303 49 1 1 0
./complex_md-fit-dt500_155.pdb_reres.pdb BC A 6.46702 27.9842 -4.74794 -4.29998 -9.60216 -22.6584 -1.09008 39.101 -22.503 5.02623 7.6315 3.14008 0 0 0 0.506743 2.2963 0 0 0 0 0 0 2.384 303 50 1 1 0
./complex_md-fit-dt500_156.pdb_reres.pdb BC A 9.3212 31.183 -13.2404 -6.41416 -10.7095 -23.1123 -1.26789 38.2114 -22.9348 1.95709 8.26289 2.22189 0 0 0 0.544985 2.58043 0 0 0 0 0 0 2.384 303 50 0 0 0
./complex_md-fit-dt500_157.pdb_reres.pdb BC A 6.25622 31.2001 -19.6865 -6.74939 -12.5323 -22.2172 -1.34395 35.2162 -22.3403 2.0473 7.09261 0.735511 0 0 0 0.4241 2.19304 -0.019106 0 0 0 0 0 2.384 303 48 0 0 0
./complex_md-fit-dt500_158.pdb_reres.pdb BC A 6.13298 29.0242 -9.16249 -5.95158 -8.86036 -22.8952 -1.35811 37.673 -22.9664 4.8242 7.50373 2.32786 0 0 0 0.564135 2.50595 -0.02377 0 0 0 0 0 2.384 303 47 0 0 0
./complex_md-fit-dt500_159.pdb_reres.pdb BC A 7.83578 34.2692 -7.33223 -6.51925 -10.0944 -25.0263 -1.5522 42.9985 -24.7232 6.46054 8.63233 1.9859 0 0 0 0.515585 2.93065 -0.00967645 0 0 0 0 0 2.384 303 50 0 0 0
./complex_md-fit-dt500_15.pdb_reres.pdb BC A 7.63668 33.2277 -10.998 -7.59538 -7.155 -24.5864 -0.645005 40.4196 -24.5439 2.39343 7.34686 2.64158 0 0 0 0.719042 2.39064 -0.0228551 0 0 0 0 0.0299461 2.384 303 50 0 0 0
./complex_md-fit-dt500_160.pdb_reres.pdb BC A 7.3055 32.1489 -11.1529 -5.13979 -9.70343 -22.6035 -1.32634 37.2823 -22.5994 3.46528 6.37966 2.84503 0 0 0 0.247362 2.52654 0 0 0 0 0 0 2.384 303 47 0 0 0
./complex_md-fit-dt500_161.pdb_reres.pdb BC A 9.48191 32.8619 -7.54939 -4.87256 -10.0307 -22.6642 -1.29011 39.4723 -22.6608 4.3127 7.18478 2.76182 0 0 0 0.258673 2.1081 -0.0212949 0 0 0 0 0 2.384 303 50 0 0 0
./complex_md-fit-dt500_162.pdb_reres.pdb BC A 5.82178 25.6728 -6.66749 -6.13383 -10.8836 -21.8879 -1.4405 38.4551 -21.6538 5.67064 8.39222 2.54627 0 0 0 0.267981 2.52386 0 0 0 0 0 0 2.384 303 49 0 0 0
./complex_md-fit-dt500_163.pdb_reres.pdb BC A 8.12032 26.3767 -9.79136 -5.04503 -9.71782 -23.0284 -1.41625 38.3607 -22.9841 3.43198 7.91374 2.45852 0 0 0 0.257263 2.69583 -0.0220098 0 0 0 0 0 2.384 303 50 0 0 0
./complex_md-fit-dt500_164.pdb_reres.pdb BC A 7.31446 35.894 -15.4886 -7.38871 -12.8019 -23.3063 -1.3178 37.7831 -23.1791 2.68031 9.05298 2.35738 0 0 0 0.610908 2.85512 0.0205812 0 0 0 0 0 2.384 303 50 0 0 0
./complex_md-fit-dt500_165.pdb_reres.pdb BC A 6.82223 31.6645 -9.7021 -7.25965 -11.2806 -21.7046 -1.4731 37.6712 -20.867 3.62068 9.10847 2.20561 0 0 0 0.276801 2.34847 0 0 0 0 0 0 2.384 303 50 0 0 0
./complex_md-fit-dt500_166.pdb_reres.pdb BC A 6.84174 35.5981 -12.7229 -6.68879 -11.7919 -23.0674 -1.38056 38.3168 -23.0496 3.81887 8.96385 1.56924 0 0 0 0.60447 2.12293 -0.0179603 0 0 0 0 0 2.384 303 50 0 0 0
./complex_md-fit-dt500_167.pdb_reres.pdb BC A 7.70846 29.5205 -5.20749 -4.81202 -8.23405 -22.4929 -1.26997 37.9508 -22.5983 4.95319 8.6526 2.48757 0 0 0 0.179505 2.46615 -0.0239421 0 0 0 0 0 2.384 303 48 0 0 0
./complex_md-fit-dt500_168.pdb_reres.pdb BC A 7.8938 27.4677 -8.99669 -7.10344 -9.31301 -22.8562 -1.44444 37.4178 -23.1103 6.14277 8.79356 2.17839 0 0 0 0.345859 2.2097 -0.0476938 0 0 0 0 0 2.384 303 50 1 1 0
./complex_md-fit-dt500_169.pdb_reres.pdb BC A 11.0978 26.5378 -6.51787 -6.07894 -8.88074 -23.084 -1.50812 40.0711 -22.896 6.06996 7.8586 1.90865 0 0 0 0.0476553 2.60157 -0.0260208 0 0 0 0 0 2.384 303 55 1 1 0
./complex_md-fit-dt500_16.pdb_reres.pdb BC A 10.2881 28.7561 -9.57491 -9.17761 -8.16194 -28.3787 -1.32621 49.056 -28.0555 5.51937 7.53174 2.54122 0 0 0 0.847624 2.93331 0.0118233 0 0 0 0 0.017255 2.384 303 53 0 0 0
./complex_md-fit-dt500_170.pdb_reres.pdb BC A 7.89661 28.5787 -7.74635 -5.03683 -7.77056 -23.6997 -1.284 41.3724 -24.0224 2.36632 7.08969 3.00311 0 0 0 0.259503 2.83662 -0.0239802 0 0 0 0 0 2.384 303 51 0 0 0
./complex_md-fit-dt500_171.pdb_reres.pdb BC A 8.39647 27.3695 -5.53296 -6.29068 -8.36153 -21.2987 -1.2297 36.1598 -21.0597 6.37648 8.48426 1.57468 0 0 0 0.112174 2.07277 0 0 0 0 0 0 2.384 303 49 0 0 0
./complex_md-fit-dt500_172.pdb_reres.pdb BC A 7.93746 32.0268 -8.8247 -3.3714 -10.1014 -22.1519 -1.30967 36.6735 -22.1996 4.40709 7.50016 1.6881 0 0 0 0.0739316 2.88609 -0.0335374 0 0 0 0 0 2.384 303 50 0 0 0
./complex_md-fit-dt500_173.pdb_reres.pdb BC A 7.40214 26.4229 -9.52991 -7.1181 -10.5476 -22.4651 -1.62488 38.0079 -21.9123 4.15573 8.80747 2.86034 0 0 0 0.354453 2.53637 -0.0478498 0 0 0 0 0 2.384 303 48 0 0 0
./complex_md-fit-dt500_174.pdb_reres.pdb BC A 8.65135 29.801 -5.7907 -6.53793 -10.2081 -23.7329 -1.22522 41.5021 -23.3608 6.17801 9.02171 2.26536 0 0 0 0.356121 2.67518 -0.048939 0 0 0 0 0 2.384 303 54 0 0 0
./complex_md-fit-dt500_175.pdb_reres.pdb BC A 7.68383 30.9781 -7.16649 -4.16455 -9.43869 -24.1234 -1.40405 42.6645 -23.627 3.77914 6.68979 2.24302 0 0 0 0.239257 2.51 -0.0245429 0 0 0 0 0 2.384 303 53 0 0 0
./complex_md-fit-dt500_176.pdb_reres.pdb BC A 7.2441 37.2834 -7.51855 -5.60461 -8.81713 -22.0851 -1.22534 37.6606 -21.4106 4.13194 7.70245 1.96373 0 0 0 0.176258 2.40696 -0.0107675 0 0 0 0 -2.22045e-16 2.384 303 51 0 0 0
./complex_md-fit-dt500_177.pdb_reres.pdb BC A 9.66378 33.8741 -10.3217 -5.76708 -9.03721 -23.6244 -1.02746 39.6982 -23.2288 2.86617 7.05798 2.45956 0 0 0 0.306358 2.4608 -0.0250318 0 0 0 0 0 2.384 303 47 0 0 0
./complex_md-fit-dt500_178.pdb_reres.pdb BC A 6.82069 26.4233 -10.9272 -6.27188 -10.5353 -23.6563 -1.0905 38.9874 -23.4708 3.94893 8.80545 2.16967 0 0 0 0.210059 2.19465 -0.023939 0 0 0 0 0 2.384 303 51 1 1 0
./complex_md-fit-dt500_179.pdb_reres.pdb BC A 7.55437 25.1901 -13.482 -6.90757 -11.1128 -22.0297 -1.1977 35.8621 -21.9255 4.66688 8.02787 0.806924 0 0 0 0.348507 2.49629 -0.0210267 0 0 0 0 0 2.384 303 45 1 1 0
./complex_md-fit-dt500_17.pdb_reres.pdb BC A 8.63598 36.659 -8.22907 -12.5139 -6.29211 -26.7644 -1.2788 46.5998 -25.9204 5.49788 9.11756 3.05924 0 0 0 0.202101 2.46048 0.0388415 0 0 0 0 0.0250649 2.384 303 57 0 0 0
./complex_md-fit-dt500_180.pdb_reres.pdb BC A 8.70947 26.4281 -7.37211 -4.81212 -9.72177 -22.9381 -1.02823 39.5759 -23.0462 3.29808 8.72767 2.25011 0 0 0 0.338015 2.44988 -0.0154289 0 0 0 0 0 2.384 303 48 0 0 0
./complex_md-fit-dt500_181.pdb_reres.pdb BC A 5.71326 28.0337 2.7201 -2.67157 -6.20691 -23.3332 -1.1188 40.4507 -22.7817 6.72954 7.05146 4.52928 0 0 0 0.0813264 2.3994 -0.0100184 0 0 0 0 0 2.384 303 50 0 0 0
./complex_md-fit-dt500_182.pdb_reres.pdb BC A 9.82219 32.6775 -11.5713 -5.35451 -9.92761 -23.4804 -1.08414 39.4469 -23.6268 2.84463 6.72145 2.53807 0 0 0 0.372487 2.6359 -0.0213341 0 0 0 0 0 2.384 303 48 0 0 0
./complex_md-fit-dt500_183.pdb_reres.pdb BC A 7.40435 30.3763 -11.607 -6.44993 -10.7903 -23.0087 -1.26711 39.294 -22.5494 2.30383 7.72669 2.87671 0 0 0 0.257203 2.50119 0 0 0 0 0 0 2.384 303 50 0 0 0
./complex_md-fit-dt500_184.pdb_reres.pdb BC A 7.61743 30.1942 -12.233 -5.17191 -9.62259 -22.1432 -1.00652 37.1704 -22.4792 1.77947 7.29881 1.82327 0 0 0 0.118534 2.11071 0 0 0 0 0 0 2.384 303 50 0 0 0
./complex_md-fit-dt500_185.pdb_reres.pdb BC A 8.75263 29.0809 -7.47435 -6.36822 -9.81551 -22.8257 -1.20784 38.9925 -22.5741 5.65753 8.33562 1.99683 0 0 0 0.33451 2.58344 0 0 0 0 0 0 2.384 303 50 1 1 0
./complex_md-fit-dt500_186.pdb_reres.pdb BC A 11.5936 31.7649 -11.5556 -7.22211 -10.0675 -22.9616 -1.12491 38.4846 -23.1457 3.88409 8.10952 2.3714 0 0 0 0.170114 2.67233 -0.0535519 0 0 0 0 0 2.384 303 52 0 0 0
./complex_md-fit-dt500_187.pdb_reres.pdb BC A 6.78842 28.7605 -8.79341 -6.01979 -8.94003 -22.6368 -1.05155 39.1705 -21.9744 3.1743 6.58099 2.61374 0 0 0 0.311679 2.30586 -0.0220693 0 0 0 0 0 2.384 303 50 0 0 0
./complex_md-fit-dt500_188.pdb_reres.pdb BC A 8.49465 26.352 -7.9952 -5.57671 -9.93986 -22.4373 -1.1293 38.6538 -21.9661 4.58447 7.22263 2.36058 0 0 0 0.218971 2.54307 0.0136287 0 0 0 0 0 2.384 303 48 0 0 0
./complex_md-fit-dt500_189.pdb_reres.pdb BC A 6.78075 28.2612 -9.05084 -5.14762 -10.4425 -23.6168 -0.979648 38.1793 -23.5829 5.51711 8.53842 2.37131 0 0 0 0.13484 2.80729 -0.0223094 0 0 0 0 0 2.384 303 49 0 0 0
./complex_md-fit-dt500_18.pdb_reres.pdb BC A 8.31907 29.9587 -8.72902 -10.6449 -9.36685 -26.9146 -0.993734 46.5574 -25.9417 6.82426 8.22006 3.06912 0 0 0 0.423375 2.92741 0.0294737 0 0 0 0 0.00906891 2.384 303 54 2 2 0
./complex_md-fit-dt500_190.pdb_reres.pdb BC A 6.10461 30.0763 -11.7809 -5.52686 -10.6167 -22.5977 -1.03941 37.2236 -22.6684 2.79305 7.61175 2.98313 0 0 0 0.0567048 2.3649 2.77556e-17 0 0 0 0 0 2.384 303 51 0 0 0
./complex_md-fit-dt500_191.pdb_reres.pdb BC A 6.9697 31.8197 -3.73259 -3.52307 -8.08429 -22.6475 -1.23962 39.1412 -22.4219 5.15643 7.1349 2.61115 0 0 0 0.14011 2.92172 -1.11022e-16 0 0 0 0 0 2.384 303 48 0 0 0
./complex_md-fit-dt500_192.pdb_reres.pdb BC A 9.57052 33.9761 -3.83728 -5.60593 -8.25509 -23.8289 -1.05626 41.0305 -23.2996 6.81974 7.75113 2.46032 0 0 0 0.169381 2.54476 -0.0225518 0 0 0 0 0 2.384 303 49 0 0 0
./complex_md-fit-dt500_193.pdb_reres.pdb BC A 8.8848 33.1397 -4.35151 -5.30804 -11.0473 -22.3629 -1.0926 39.6441 -21.678 6.60036 7.76325 2.69278 0 0 0 0.460432 3.68228 -0.023526 0 0 0 0 0 2.384 303 50 1 1 0
./complex_md-fit-dt500_194.pdb_reres.pdb BC A 9.25438 29.8797 -10.4778 -5.77369 -11.4475 -22.6928 -1.06496 36.846 -22.2437 4.98729 8.09261 2.66558 0 0 0 0.153352 2.24432 0 0 0 0 0 0 2.384 303 49 0 0 0
./complex_md-fit-dt500_195.pdb_reres.pdb BC A 7.58836 30.3386 -7.51133 -4.00417 -10.3433 -22.2827 -1.04286 38.2285 -21.8207 3.94056 7.22129 2.57771 0 0 0 0.0456307 2.62964 -0.0312905 0 0 0 0 0 2.384 303 50 0 0 0
./complex_md-fit-dt500_196.pdb_reres.pdb BC A 8.00811 36.4532 -5.96777 -6.42784 -8.61332 -22.9042 -1.10416 38.6938 -22.8906 4.73477 7.90869 4.0239 0 0 0 0.634065 2.31554 -0.0228474 0 0 0 0 0 2.384 303 48 0 0 0
./complex_md-fit-dt500_197.pdb_reres.pdb BC A 6.33255 27.0121 -13.3315 -6.86543 -11.2409 -23.0863 -1.04902 39.432 -22.5417 1.25364 7.25493 2.95152 0 0 0 0.586844 2.18649 -0.0270677 0 0 0 0 0 2.384 303 49 0 0 0
./complex_md-fit-dt500_198.pdb_reres.pdb BC A 7.85973 34.3886 -3.66534 -3.37968 -9.25685 -23.2049 -0.91026 41.3661 -22.3414 2.92603 7.76028 2.96671 0 0 0 0.42641 2.59686 -0.0178109 0 0 0 0 0 2.384 303 49 0 0 0
./complex_md-fit-dt500_199.pdb_reres.pdb BC A 8.84445 35.4946 -5.7699 -5.11003 -10.3187 -22.6567 -1.19713 40.7525 -21.8655 4.47128 7.7247 2.2497 0 0 0 0.226911 2.56397 -0.0469169 0 0 0 0 0 2.384 303 49 0 0 0
./complex_md-fit-dt500_19.pdb_reres.pdb BC A 9.73336 28.0729 -9.0564 -12.5025 -8.04037 -27.2652 -0.878998 48.4303 -26.1087 3.58856 8.36375 4.80512 0 0 0 0.562451 2.48473 -0.0427213 0 0 0 0 0.0319638 2.384 303 59 0 0 0
./complex_md-fit-dt500_1.pdb_reres.pdb BC A 8.95051 33.0448 -6.8543 -13.2454 -7.80172 -28.731 -0.77628 48.9062 -28.1279 8.43765 9.90566 4.16323 0 0 0 0.38318 3.01831 0.0321284 0 0 0 0 0 2.384 303 54 1 1 0
./complex_md-fit-dt500_200.pdb_reres.pdb BC A 6.58614 34.6955 -10.0045 -7.53938 -12.2278 -22.2641 -1.04664 38.1217 -21.3497 4.77358 8.66647 2.59906 0 0 0 0.283678 2.60246 -0.0213217 0 0 0 0 0 2.384 303 47 1 1 0
./complex_md-fit-dt500_201.pdb_reres.pdb BC A 7.21724 36.3048 -4.72139 -4.94282 -11.5478 -22.5266 -1.30682 39.5656 -22.0197 6.21255 8.98182 2.28182 0 0 0 0.597966 2.22727 -0.0175103 0 0 0 0 0 2.384 303 48 1 1 0
./complex_md-fit-dt500_202.pdb_reres.pdb BC A 5.85751 31.4298 -8.81731 -6.39894 -11.3632 -24.0053 -1.23101 41.6722 -22.8833 5.3496 7.85964 1.83361 0 0 0 0.349298 2.19408 0 0 0 0 0 0 2.384 303 48 1 1 0
./complex_md-fit-dt500_203.pdb_reres.pdb BC A 7.24959 35.9035 -6.49475 -6.15053 -8.94232 -23.0698 -0.895598 39.2932 -22.6848 5.80931 7.47946 2.28186 0 0 0 0.404207 2.55476 -0.0198498 0 0 0 0 0 2.384 303 49 0 0 0
./complex_md-fit-dt500_204.pdb_reres.pdb BC A 7.68943 26.1425 -8.0917 -4.85838 -12.1768 -22.5728 -1.05123 39.277 -22.0476 4.80795 8.07042 2.27572 0 0 0 0.197791 2.17932 -0.0137795 0 0 0 0 0 2.384 303 47 0 0 0
./complex_md-fit-dt500_205.pdb_reres.pdb BC A 7.03004 35.3042 -8.65481 -7.73831 -9.81808 -23.6666 -1.08816 39.1276 -23.0491 7.24372 8.08027 2.08033 0 0 0 0.1978 2.49204 -0.0242584 0 0 0 0 0 2.384 303 48 3 3 0
./complex_md-fit-dt500_206.pdb_reres.pdb BC A 6.20783 29.7629 -3.72785 -3.63045 -9.96964 -21.4708 -1.12836 37.8296 -20.8558 4.39012 7.60382 3.21448 0 0 0 0.289141 2.2422 0 0 0 0 0 0 2.384 303 50 0 0 0
./complex_md-fit-dt500_207.pdb_reres.pdb BC A 7.42736 30.2855 -8.99811 -5.65514 -8.4622 -23.2206 -1.03735 39.2043 -22.7773 3.22508 7.27282 2.02341 0 0 0 0.428935 2.5646 0 0 0 0 0 0 2.384 303 50 0 0 0
./complex_md-fit-dt500_208.pdb_reres.pdb BC A 7.17112 33.8442 -9.10944 -5.293 -10.3053 -22.2332 -1.14319 37.4087 -21.2147 3.39748 8.27495 1.94759 0 0 0 0.0767049 2.18482 -0.0255255 0 0 0 0 0 2.384 303 47 0 0 0
./complex_md-fit-dt500_209.pdb_reres.pdb BC A 5.91898 31.2521 -6.98207 -6.15259 -9.90255 -22.1106 -1.1989 37.0073 -21.716 5.90033 7.74986 3.16063 0 0 0 0.289461 2.2154 -0.00897953 0 0 0 0 0 2.384 303 51 1 1 0
./complex_md-fit-dt500_20.pdb_reres.pdb BC A 8.00461 29.8118 -5.16647 -11.519 -7.88073 -26.8217 -1.04286 48.2178 -25.9227 7.79965 7.59412 3.87312 0 0 0 0.540351 3.89725 -0.0202965 0 0 0 0 0.0157974 2.384 303 57 1 1 0
./complex_md-fit-dt500_210.pdb_reres.pdb BC A 8.43361 24.907 -6.11344 -4.39294 -9.8942 -22.8493 -1.0965 39.6549 -22.0852 4.29811 7.94604 2.19605 0 0 0 0.133105 3.19866 -0.0234897 0 0 0 0 1.11022e-16 2.384 303 48 0 0 0
./complex_md-fit-dt500_211.pdb_reres.pdb BC A 6.16959 31.2549 -9.39233 -5.94932 -9.5357 -22.2245 -1.10227 37.1132 -21.7373 3.0041 8.21833 2.43708 0 0 0 0.405912 2.662 -0.0219119 0 0 0 0 0 2.384 303 50 0 0 0
./complex_md-fit-dt500_212.pdb_reres.pdb BC A 8.62271 28.8479 -11.8655 -6.8525 -11.1388 -23.4277 -1.2693 38.8122 -22.9157 5.77902 7.55195 1.50883 0 0 0 0.0935629 2.6748 -0.00696989 0 0 0 0 0 2.384 303 50 2 2 0
./complex_md-fit-dt500_213.pdb_reres.pdb BC A 8.70052 24.2424 -10.1013 -6.22408 -9.78953 -21.7249 -1.07737 36.6671 -21.6017 4.08059 7.74326 1.71571 0 0 0 0.109711 2.34932 0 0 0 0 0 0 2.384 303 48 0 0 0
./complex_md-fit-dt500_214.pdb_reres.pdb BC A 10.338 36.3765 -13.1138 -8.64836 -11.3732 -23.428 -1.04355 39.8161 -23.5485 4.27848 7.85995 2.43689 0 0 0 0.536404 2.51117 0 0 0 0 0 0 2.384 303 50 1 1 0
./complex_md-fit-dt500_215.pdb_reres.pdb BC A 6.97202 26.2314 -7.61448 -6.52591 -9.27953 -23.5326 -1.17162 41.1315 -23.6112 4.1561 8.848 2.23752 0 0 0 0.13326 2.75944 -5.55112e-17 0 0 0 0 0 2.384 303 52 0 0 0
./complex_md-fit-dt500_216.pdb_reres.pdb BC A 7.17705 29.7001 -4.00918 -4.79947 -7.46246 -22.3659 -1.19171 37.6131 -21.9089 5.90758 6.66921 3.46149 0 0 0 0.0678644 2.56336 0 0 0 0 0 0 2.384 303 47 1 1 0
./complex_md-fit-dt500_217.pdb_reres.pdb BC A 6.03976 33.0823 -6.66962 -4.24935 -10.5647 -21.5297 -1.08898 37.4273 -21.1104 5.12257 6.25259 2.66555 0 0 0 0.428609 2.67839 -0.0231643 0 0 0 0 0 2.384 303 47 1 1 0
./complex_md-fit-dt500_218.pdb_reres.pdb BC A 6.65244 33.0041 -5.89766 -4.95651 -9.71772 -22.8094 -1.10817 38.7687 -22.2281 4.23868 8.41466 2.97268 0 0 0 0.569331 2.59979 -0.0417983 0 0 0 0 0 2.384 303 48 1 1 0
./complex_md-fit-dt500_219.pdb_reres.pdb BC A 6.41524 32.6281 -6.79245 -4.57997 -8.08488 -21.9782 -1.02957 36.5629 -22.0591 3.04793 8.03757 3.24693 0 0 0 0.0693984 2.2839 -0.025448 0 0 0 0 0 2.384 303 50 0 0 0
./complex_md-fit-dt500_21.pdb_reres.pdb BC A 8.2475 22.9593 -2.40493 -10.9622 -7.96164 -26.9053 -1.17925 48.2071 -26.1949 8.15458 10.1985 3.95557 0 0 0 0.299867 3.07944 -0.0172877 0 0 0 0 0 2.384 303 54 1 1 0
./complex_md-fit-dt500_220.pdb_reres.pdb BC A 6.47473 35.6045 -11.0462 -8.69239 -9.62094 -21.264 -1.14841 36.4869 -20.937 3.37333 7.55004 3.04279 0 0 0 0.184114 2.38511 -0.0206652 0 0 0 0 0 2.384 303 49 2 2 0
./complex_md-fit-dt500_221.pdb_reres.pdb BC A 6.00636 24.7559 -5.64762 -5.58673 -10.2755 -22.5425 -1.22865 39.1333 -21.8013 5.64195 8.54138 2.13147 0 0 0 0.35598 2.54495 -0.017009 0 0 0 0 0 2.384 303 48 0 0 0
./complex_md-fit-dt500_222.pdb_reres.pdb BC A 8.52723 26.7172 -3.31944 -4.35372 -9.55979 -22.3267 -1.00483 37.8503 -22.2803 8.06164 8.18088 1.99112 0 0 0 0.143973 2.45377 -0.0220528 0 0 0 0 0 2.384 303 46 2 2 0
./complex_md-fit-dt500_223.pdb_reres.pdb BC A 9.12878 24.9155 -8.26924 -7.26718 -10.2813 -22.6556 -1.16106 39.4136 -22.1733 5.39145 7.76425 2.62385 0 0 0 0.113981 2.49935 -0.0379844 0 0 0 0 0 2.384 303 48 1 1 0
./complex_md-fit-dt500_224.pdb_reres.pdb BC A 7.91763 33.475 -11.3666 -6.06054 -11.0454 -21.222 -1.29379 35.6686 -20.3397 2.90071 7.35319 2.332 0 0 0 0.357908 2.38952 -0.01759 0 0 0 0 0 2.384 303 42 0 0 0
./complex_md-fit-dt500_225.pdb_reres.pdb BC A 8.17298 35.1129 -14.6828 -7.26867 -12.7741 -21.1765 -1.14935 35.3603 -20.5051 2.08164 8.08159 2.30602 0 0 0 0.361352 2.87803 0 0 0 0 0 0 2.384 303 49 0 0 0
./complex_md-fit-dt500_226.pdb_reres.pdb BC A 6.7994 32.9687 -8.36012 -7.24893 -9.84519 -22.4643 -1.44236 37.721 -21.8383 4.64881 9.1242 2.37549 0 0 0 0.632118 2.60971 -0.022655 0 0 0 0 0 2.384 303 46 0 0 0
./complex_md-fit-dt500_227.pdb_reres.pdb BC A 6.55854 31.1945 -14.0149 -7.78287 -12.3848 -22.5529 -1.20695 37.2887 -21.9692 3.60272 8.86389 1.90058 0 0 0 0.245785 2.62545 -0.0198206 0 0 0 0 0 2.384 303 48 0 0 0
./complex_md-fit-dt500_228.pdb_reres.pdb BC A 7.20301 28.7797 -7.93938 -6.08967 -10.3181 -23.0562 -1.29509 39.249 -22.6549 4.663 8.5788 2.58175 0 0 0 0.421553 2.27301 -0.0196258 0 0 0 0 0 2.384 303 49 1 1 0
./complex_md-fit-dt500_229.pdb_reres.pdb BC A 6.37195 29.3871 -15.1375 -10.1574 -13.209 -23.8852 -1.36512 39.2063 -23.5883 6.20382 9.60663 1.82698 0 0 0 0.245675 2.56294 -0.0220525 0 0 0 0 0 2.384 303 48 1 1 0
./complex_md-fit-dt500_22.pdb_reres.pdb BC A 8.73563 25.1042 -8.17063 -9.71585 -5.31281 -26.8912 -0.950368 44.9817 -27.6044 5.55276 7.59375 3.70143 0 0 0 0.496379 2.17533 -0.0266107 0 0 0 0 0.00458036 2.384 303 56 0 0 0
./complex_md-fit-dt500_230.pdb_reres.pdb BC A 7.42604 39.6319 -4.42579 -7.2018 -7.94031 -23.2667 -1.18285 39.7717 -22.9026 6.54435 8.59348 2.93954 0 0 0 0.249911 3.21991 -0.0304605 0 0 0 0 0 2.384 303 48 0 0 0
./complex_md-fit-dt500_231.pdb_reres.pdb BC A 5.69694 26.3114 -15.249 -8.50629 -12.6468 -23.1235 -1.20388 38.4689 -22.7451 2.91176 9.4729 2.08712 0 0 0 0.0624796 2.78199 -0.0266995 0 0 0 0 0 2.384 303 48 0 0 0
./complex_md-fit-dt500_232.pdb_reres.pdb BC A 8.86114 33.6504 -14.1672 -6.39857 -12.0617 -23.5694 -1.21047 38.9789 -23.281 5.01112 6.17129 1.6808 0 0 0 0.531901 3.03719 -0.0201244 0 0 0 0 0 2.384 303 49 1 1 0
./complex_md-fit-dt500_233.pdb_reres.pdb BC A 7.79816 32.4895 -7.36872 -5.5395 -7.69564 -24.5961 -1.48239 41.8751 -24.3502 5.45715 7.52305 1.20486 0 0 0 0.254353 2.88384 -0.0193734 0 0 0 0 0 2.384 303 52 1 1 0
./complex_md-fit-dt500_234.pdb_reres.pdb BC A 6.54257 36.6169 -6.46411 -5.42429 -9.56186 -24.1737 -1.22519 42.0517 -23.8879 5.75525 7.67274 2.06932 0 0 0 0.310406 3.02221 -0.0505557 0 0 0 0 0 2.384 303 45 1 1 0
./complex_md-fit-dt500_235.pdb_reres.pdb BC A 6.14306 23.3362 -10.2311 -5.75974 -11.1583 -24.7287 -1.18122 41.2875 -24.6015 4.59598 8.02818 2.88346 0 0 0 0.403315 3.06156 0 0 0 0 0 0 2.384 303 53 0 0 0
./complex_md-fit-dt500_236.pdb_reres.pdb BC A 10.2712 27.3685 -15.1268 -8.33994 -12.3524 -22.8133 -1.31464 37.5793 -22.1681 3.24167 8.29973 2.24963 0 0 0 0.517626 2.58074 -0.0263766 0 0 0 0 0 2.384 303 49 0 0 0
./complex_md-fit-dt500_237.pdb_reres.pdb BC A 7.80303 35.2406 -5.05053 -7.4914 -7.82302 -23.4072 -1.17598 40.7088 -23.1303 7.00529 7.62896 2.26719 0 0 0 0.390104 2.62703 -0.0229862 0 0 0 0 0 2.384 303 49 1 1 0
./complex_md-fit-dt500_238.pdb_reres.pdb BC A 8.11884 34.7919 -6.42117 -6.26907 -12.0208 -22.8359 -1.17946 39.4471 -22.4557 6.49571 8.30063 3.37832 0 0 0 0.748411 2.6512 -0.0303062 0 0 0 0 0 2.384 303 46 2 2 0
./complex_md-fit-dt500_239.pdb_reres.pdb BC A 7.84515 32.7248 -11.3118 -7.3369 -12.0291 -22.671 -1.03442 37.4484 -22.5571 5.76177 8.65213 2.30599 0 0 0 0.170005 3.14308 -0.0215533 0 0 0 0 0 2.384 303 49 0 0 0
./complex_md-fit-dt500_23.pdb_reres.pdb BC A 10.8399 31.608 -9.97854 -11.2201 -8.72241 -26.2908 -0.95485 44.0674 -25.5753 5.49872 8.98898 3.42345 0 0 0 0.798606 2.13149 0.00216862 0 0 0 0 0.00557515 2.384 303 52 2 2 0
./complex_md-fit-dt500_240.pdb_reres.pdb BC A 6.6153 29.0499 -10.4439 -6.78402 -12.1069 -22.4072 -1.09948 38.6837 -21.3321 4.19268 6.76277 3.26906 0 0 0 0.377575 2.92025 0 0 0 0 0 0 2.384 303 49 0 0 0
./complex_md-fit-dt500_241.pdb_reres.pdb BC A 8.76964 29.224 -5.21383 -7.17869 -9.10539 -23.539 -1.25315 41.8719 -22.2933 4.66957 9.34011 2.07369 0 0 0 0.200383 2.73712 0 0 0 0 0 0 2.384 303 50 0 0 0
./complex_md-fit-dt500_242.pdb_reres.pdb BC A 6.74432 31.0393 -10.0263 -6.03021 -10.0317 -23.4814 -1.20546 40.6447 -22.8147 2.78507 7.65834 2.16396 0 0 0 0.307415 3.01541 -0.0222652 0 0 0 0 0 2.384 303 52 0 0 0
./complex_md-fit-dt500_243.pdb_reres.pdb BC A 6.43842 32.0432 -17.833 -8.24943 -13.6585 -22.3558 -1.04736 36.5124 -22.431 3.22341 8.60403 1.48087 0 0 0 0.137305 2.70977 -0.0489314 0 0 0 0 0 2.384 303 51 0 0 0
./complex_md-fit-dt500_244.pdb_reres.pdb BC A 7.81838 26.7167 -10.3154 -7.32198 -9.53207 -23.9996 -1.06995 40.8628 -23.7328 4.46544 7.6679 2.09053 0 0 0 0.287343 2.51394 -0.0330929 0 0 0 0 0 2.384 303 48 0 0 0
./complex_md-fit-dt500_245.pdb_reres.pdb BC A 7.40102 25.8134 -9.84061 -8.03097 -10.3589 -22.4599 -1.18648 38.4658 -22.2234 4.07906 9.3255 1.92287 0 0 0 0.64994 2.40914 -0.024031 0 0 0 0 0 2.384 303 47 0 0 0
./complex_md-fit-dt500_246.pdb_reres.pdb BC A 7.23379 27.917 -7.7238 -7.89891 -10.4921 -23.4445 -1.02397 40.4563 -22.6008 5.1242 8.39499 3.45593 0 0 0 0.305076 2.55211 0 0 0 0 0 0 2.384 303 48 0 0 0
./complex_md-fit-dt500_247.pdb_reres.pdb BC A 8.24953 29.8826 -10.5757 -6.7166 -12.0246 -22.2115 -1.09174 37.6558 -22.0246 4.21441 9.20812 2.21271 0 0 0 0.249895 2.65429 -0.0474988 0 0 0 0 0 2.384 303 47 1 1 0
./complex_md-fit-dt500_248.pdb_reres.pdb BC A 10.4784 31.6572 -7.32018 -5.35868 -9.83271 -21.5363 -1.0247 37.0778 -21.1566 3.99365 7.76319 2.3585 0 0 0 0.418195 2.30559 -0.0224669 0 0 0 0 0 2.384 303 48 0 0 0
./complex_md-fit-dt500_249.pdb_reres.pdb BC A 9.1415 33.5592 -12.8899 -7.98117 -12.8946 -23.1239 -1.28659 39.5563 -22.6401 2.47958 9.70778 2.64992 0 0 0 0.642869 2.95857 -2.22045e-16 0 0 0 0 0 2.384 303 52 0 0 0
./complex_md-fit-dt500_24.pdb_reres.pdb BC A 9.64601 27.1859 -13.3215 -12.3159 -8.0882 -25.6169 -0.938431 42.6641 -25.1472 3.85533 8.1174 3.45175 0 0 0 0.710849 2.48935 -0.0220558 0 0 0 0 0.00781952 2.384 303 55 0 0 0
./complex_md-fit-dt500_250.pdb_reres.pdb BC A 8.7118 36.2144 -5.55667 -6.95535 -9.81423 -24.1878 -1.33734 42.1124 -23.7537 6.22981 9.43836 2.26908 0 0 0 0.501276 2.73501 -0.0591326 0 0 0 0 0 2.384 303 52 0 0 0
./complex_md-fit-dt500_251.pdb_reres.pdb BC A 8.68833 31.8264 -5.66807 -4.65162 -10.0339 -23.2448 -1.14483 41.6745 -23.0169 5.01035 8.06688 1.32723 0 0 0 0.394006 2.5333 -0.049115 0 0 0 0 0 2.384 303 51 0 0 0
./complex_md-fit-dt500_252.pdb_reres.pdb BC A 7.56962 33.4787 -5.8725 -6.64779 -8.08763 -23.8005 -1.26901 40.9202 -23.4314 4.64961 8.65602 2.74076 0 0 0 0.42064 2.70029 -0.0232861 0 0 0 0 0 2.384 303 49 0 0 0
./complex_md-fit-dt500_253.pdb_reres.pdb BC A 7.68587 31.337 -4.33732 -4.77723 -8.76919 -22.5923 -1.23011 40.4816 -22.02 3.25084 7.68573 3.15238 0 0 0 0.480983 2.57568 0 0 0 0 0 0 2.384 303 52 0 0 0
./complex_md-fit-dt500_254.pdb_reres.pdb BC A 6.954 30.1971 -7.1657 -5.86819 -12.7951 -23.6978 -1.0649 42.0116 -22.9335 4.98759 9.07325 2.54499 0 0 0 0.626373 2.7826 -0.0501023 0 0 0 0 0 2.384 303 52 0 0 0
./complex_md-fit-dt500_255.pdb_reres.pdb BC A 7.06732 34.8164 -10.7775 -7.4335 -11.0236 -21.8561 -1.25366 36.9977 -21.1891 3.04687 8.8725 2.86341 0 0 0 0.242512 2.89839 -0.0445013 0 0 0 0 0 2.384 303 48 0 0 0
./complex_md-fit-dt500_256.pdb_reres.pdb BC A 9.65457 29.3965 -4.48613 -6.33562 -8.11796 -22.8663 -1.17293 40.8985 -22.3447 4.80738 7.42714 2.58078 0 0 0 0.646778 2.91847 -0.00922116 0 0 0 0 0 2.384 303 47 1 1 0
./complex_md-fit-dt500_257.pdb_reres.pdb BC A 6.17092 28.3529 -8.91629 -6.55856 -12.6868 -22.4721 -1.2431 38.3998 -21.8118 3.83006 9.84921 3.40192 0 0 0 0.375062 2.40929 5.55112e-17 0 0 0 0 0 2.384 303 45 0 0 0
./complex_md-fit-dt500_258.pdb_reres.pdb BC A 8.39986 26.8973 -7.19529 -6.01808 -10.5793 -22.9142 -1.10647 39.9507 -22.2328 4.34481 8.40781 2.62256 0 0 0 0.329656 2.43163 0 0 0 0 0 0 2.384 303 48 0 0 0
./complex_md-fit-dt500_259.pdb_reres.pdb BC A 8.12321 24.9127 -8.51739 -7.30096 -10.4165 -21.8955 -1.16676 37.5634 -21.1197 3.97829 9.31221 2.48306 0 0 0 0.0450108 2.27224 0 0 0 0 0 0 2.384 303 46 0 0 0
./complex_md-fit-dt500_25.pdb_reres.pdb BC A 7.24701 27.918 -12.8285 -10.0347 -10.0465 -24.4429 -0.993244 39.433 -24.3442 5.53425 9.20674 2.60562 0 0 0 0.275387 2.28431 -0.0219902 0 0 0 0 0 2.384 303 51 2 2 0
./complex_md-fit-dt500_260.pdb_reres.pdb BC A 8.87998 28.8171 -8.90989 -6.7062 -11.2368 -22.761 -1.1784 39.245 -21.9323 5.5305 8.73233 1.2491 0 0 0 0.147893 2.45437 0 0 0 0 0 0 2.384 303 49 1 1 0
./complex_md-fit-dt500_261.pdb_reres.pdb BC A 8.37316 25.7498 -7.89419 -5.9415 -8.62486 -22.9316 -1.04302 39.273 -22.2067 5.22837 7.4268 0.839177 0 0 0 0.106757 2.69915 -0.0206757 0 0 0 0 0 2.384 303 46 1 1 0
./complex_md-fit-dt500_262.pdb_reres.pdb BC A 6.13367 25.514 -14.5183 -7.1829 -13.9131 -22.4274 -1.10167 36.6753 -21.9966 0.863918 10.7831 3.71076 0 0 0 0.0881104 2.31233 -0.0178022 0 0 0 0 0 2.384 303 47 0 0 0
./complex_md-fit-dt500_263.pdb_reres.pdb BC A 5.44375 22.1163 -7.08138 -4.65384 -12.6373 -21.6637 -1.10512 36.7309 -20.8425 3.90348 10.2932 2.66861 0 0 0 0.192336 2.00694 0.0324704 0 0 0 0 0 2.384 303 47 0 0 0
./complex_md-fit-dt500_264.pdb_reres.pdb BC A 8.23338 31.7115 -6.21606 -6.32142 -10.1266 -23.5322 -1.23448 40.6213 -23.0772 7.14224 7.90795 2.20871 0 0 0 0.216331 2.39542 -0.0206474 0 0 0 0 0 2.384 303 49 2 2 0
./complex_md-fit-dt500_265.pdb_reres.pdb BC A 8.15103 34.6229 -11.3123 -5.87165 -11.561 -23.2416 -1.11285 37.7842 -22.8722 4.23543 8.35716 2.80524 0 0 0 0.165022 2.49134 0 0 0 0 0 0 2.384 303 50 0 0 0
./complex_md-fit-dt500_266.pdb_reres.pdb BC A 8.92032 24.6885 -10.0002 -7.63471 -10.4229 -23.0934 -1.22213 38.2185 -22.685 4.87186 9.73621 2.18392 0 0 0 0.071017 2.45104 -0.0234642 0 0 0 0 0 2.384 303 48 1 1 0
./complex_md-fit-dt500_267.pdb_reres.pdb BC A 6.77598 32.5973 -9.76372 -6.14594 -9.60448 -22.0931 -1.21673 36.8099 -21.6975 4.33371 7.71526 2.11577 0 0 0 0.043588 2.2845 -0.0242031 0 0 0 0 0 2.384 303 47 1 1 0
./complex_md-fit-dt500_268.pdb_reres.pdb BC A 8.40717 28.3072 -11.2979 -7.32123 -11.3331 -22.7819 -1.2802 38.9543 -22.4101 3.2896 8.5666 2.62885 0 0 0 0.408814 2.39017 -0.0196788 0 0 0 0 0 2.384 303 50 0 0 0
./complex_md-fit-dt500_269.pdb_reres.pdb BC A 7.82416 28.9502 -6.51655 -5.95557 -11.1046 -23.1057 -1.01055 39.9316 -22.2121 4.58547 8.76223 3.28373 0 0 0 0.326948 2.53502 -0.0180237 0 0 0 0 0 2.384 303 46 0 0 0
./complex_md-fit-dt500_26.pdb_reres.pdb BC A 8.03282 32.8653 -11.5381 -8.90377 -8.2041 -25.1121 -1.01359 41.5003 -25.408 3.47656 8.05516 3.91825 0 0 0 0.147789 2.67423 0 0 0 0 0 0.00533655 2.384 303 51 0 0 0
./complex_md-fit-dt500_270.pdb_reres.pdb BC A 10.4411 34.8868 -7.54941 -6.86204 -7.94573 -22.7444 -1.07127 38.2792 -22.655 4.91034 7.91786 2.41651 0 0 0 0.230705 2.18601 -0.0256039 0 0 0 0 0 2.384 303 50 0 0 0
./complex_md-fit-dt500_271.pdb_reres.pdb BC A 7.4036 29.5131 -9.50178 -6.93708 -11.3882 -23.4949 -1.12713 40.3585 -22.727 3.81529 9.87075 2.02961 0 0 0 0.120027 2.27385 -0.0216806 0 0 0 0 0 2.384 303 51 0 0 0
./complex_md-fit-dt500_272.pdb_reres.pdb BC A 7.68295 29.3612 -8.93003 -7.17083 -12.6567 -21.9906 -1.17166 37.0442 -21.0889 5.89516 9.38244 2.70917 0 0 0 0.117811 2.38566 -5.55112e-17 0 0 0 0 0 2.384 303 46 1 1 0
./complex_md-fit-dt500_273.pdb_reres.pdb BC A 6.63551 27.2142 -13.0162 -7.60045 -12.6255 -22.6951 -0.960824 37.8503 -22.1599 5.24818 8.29777 1.50693 0 0 0 0.143521 2.54655 -0.0211901 0 0 0 0 0 2.384 303 49 1 1 0
./complex_md-fit-dt500_274.pdb_reres.pdb BC A 7.01494 28.6559 -9.73893 -7.0195 -10.4626 -23.7013 -1.14223 40.3063 -23.1204 4.52322 8.2199 2.55941 0 0 0 0.0981789 2.62229 0 0 0 0 0 0 2.384 303 50 1 1 0
./complex_md-fit-dt500_275.pdb_reres.pdb BC A 6.6664 28.916 -14.8477 -7.85152 -12.9766 -23.5431 -1.30492 39.0556 -22.8631 4.47408 8.6055 1.49172 0 0 0 0.0879277 2.77173 -0.0232757 0 0 0 0 0 2.384 303 50 0 0 0
./complex_md-fit-dt500_276.pdb_reres.pdb BC A 10.7682 30.6123 -10.1926 -7.55051 -10.2117 -23.9771 -1.20399 41.412 -23.4541 4.27878 8.48695 1.85673 0 0 0 0.170353 2.53834 0 0 0 0 0 0 2.384 303 51 0 0 0
./complex_md-fit-dt500_277.pdb_reres.pdb BC A 7.82458 25.752 -4.5699 -5.31031 -8.06577 -22.7029 -1.04733 40.1879 -22.0353 4.11209 7.23913 2.6242 0 0 0 0.453365 3.03761 -0.0249408 0 0 0 0 0 2.384 303 50 0 0 0
./complex_md-fit-dt500_278.pdb_reres.pdb BC A 7.19259 28.395 -4.16943 -4.0143 -6.34068 -22.2845 -1.00606 38.1282 -21.7507 3.97598 6.91186 2.06067 0 0 0 0.171938 2.78406 -0.0218874 0 0 0 0 2.22045e-16 2.384 303 48 0 0 0
./complex_md-fit-dt500_279.pdb_reres.pdb BC A 6.42987 31.7778 -11.0042 -5.88748 -8.94099 -23.8888 -1.26191 39.4376 -23.9612 3.09308 7.8374 2.56082 0 0 0 0.0451813 2.80967 -0.037863 0 0 0 0 0 2.384 303 47 0 0 0
./complex_md-fit-dt500_27.pdb_reres.pdb BC A 7.39185 29.7702 -9.41048 -10.3123 -7.76739 -26.1159 -1.15401 45.0027 -25.7903 5.07507 7.88019 3.45335 0 0 0 0.338867 2.74281 -0.0222082 0 0 0 0 0.00142657 2.384 303 57 1 1 0
./complex_md-fit-dt500_280.pdb_reres.pdb BC A 6.8324 31.2914 -9.54221 -6.8311 -10.0247 -23.1169 -1.10415 38.5953 -22.589 3.88575 8.04 3.26471 0 0 0 0.337819 2.51386 0 0 0 0 0 0 2.384 303 49 0 0 0
./complex_md-fit-dt500_281.pdb_reres.pdb BC A 8.54879 29.2501 -10.884 -5.88539 -9.85764 -24.0162 -1.09206 39.6539 -24.1682 4.74363 6.80083 2.86316 0 0 0 0.0949406 2.66815 -0.0210934 0 0 0 0 0 2.384 303 49 1 1 0
./complex_md-fit-dt500_282.pdb_reres.pdb BC A 9.03571 31.09 -3.84589 -3.81322 -7.45588 -22.8826 -1.06625 40.488 -22.1131 4.18879 6.57997 2.02141 0 0 0 0.223389 2.54178 -0.016454 0 0 0 0 0 2.384 303 51 0 0 0
./complex_md-fit-dt500_283.pdb_reres.pdb BC A 6.77848 28.9555 -3.91151 -5.4162 -9.66718 -24.2474 -1.04866 43.6941 -23.412 5.81541 7.94157 2.29138 0 0 0 0.16065 2.47019 -0.0231356 0 0 0 0 0 2.384 303 47 1 1 0
./complex_md-fit-dt500_284.pdb_reres.pdb BC A 7.94122 35.7236 -3.59214 -3.25591 -7.02934 -22.7025 -1.18551 39.7767 -22.2716 3.49538 7.27398 1.74513 0 0 0 0.59651 2.45883 -0.0350961 0 0 0 0 0 2.384 303 46 0 0 0
./complex_md-fit-dt500_285.pdb_reres.pdb BC A 11.5339 35.9521 -6.43845 -5.37672 -12.8258 -23.7298 -1.40591 41.4714 -23.1888 7.04938 8.35934 2.53579 0 0 0 0.672695 2.6415 0 0 0 0 0 0 2.384 303 46 1 1 0
./complex_md-fit-dt500_286.pdb_reres.pdb BC A 7.76768 30.8647 -8.9086 -4.80185 -9.5025 -22.9067 -1.34764 39.551 -22.903 3.18388 7.59993 1.60832 0 0 0 0.587778 2.72611 0.0222401 0 0 0 0 0 2.384 303 45 0 0 0
./complex_md-fit-dt500_287.pdb_reres.pdb BC A 7.21047 28.8824 -10.8964 -5.35677 -15.4753 -23.5281 -1.41513 41.4088 -23.0938 5.66873 8.83832 1.8297 0 0 0 0.244914 2.90382 -0.0176534 0 0 0 0 0 2.384 303 51 0 0 0
./complex_md-fit-dt500_288.pdb_reres.pdb BC A 7.43897 29.8446 -4.44021 -4.82046 -11.5215 -22.741 -1.16616 40.3495 -21.9204 6.15253 7.956 2.99393 0 0 0 0.298953 2.66797 -0.0215929 0 0 0 0 0 2.384 303 47 0 0 0
./complex_md-fit-dt500_289.pdb_reres.pdb BC A 8.59997 32.412 -13.6214 -6.04812 -13.8475 -23.649 -1.20855 40.3897 -22.8451 3.16102 8.20415 2.01586 0 0 0 0.206241 3.01889 0 0 0 0 0 0 2.384 303 47 0 0 0
./complex_md-fit-dt500_28.pdb_reres.pdb BC A 5.93215 34.3232 -9.56497 -10.8417 -6.72137 -24.9861 -0.875743 41.7326 -24.3256 2.42617 9.25206 4.46111 0 0 0 0.309697 4.11099 -0.0225054 0 0 0 0 0.0264127 2.384 303 57 0 0 0
./complex_md-fit-dt500_290.pdb_reres.pdb BC A 8.92866 31.3189 -8.3971 -4.78611 -11.37 -23.5354 -1.11225 40.9294 -22.6929 3.97557 8.07251 1.40611 0 0 0 0.740997 2.59208 -0.0250808 0 0 0 0 0 2.384 303 47 0 0 0
./complex_md-fit-dt500_291.pdb_reres.pdb BC A 7.41645 27.3966 -9.725 -6.14342 -9.12884 -22.8631 -1.19533 38.3792 -22.1368 4.64678 6.48709 1.95967 0 0 0 0.279772 2.59018 -0.0100748 0 0 0 0 0 2.384 303 48 1 1 0
./complex_md-fit-dt500_292.pdb_reres.pdb BC A 7.8019 30.9754 -13.9929 -7.61498 -13.2071 -22.6407 -1.18369 36.8456 -22.1168 4.51232 8.92446 2.39034 0 0 0 0.0976089 2.54223 0 0 0 0 0 0 2.384 303 47 0 0 0
./complex_md-fit-dt500_293.pdb_reres.pdb BC A 7.55254 30.0482 -4.82957 -5.6158 -7.22261 -22.9102 -1.05103 39.8313 -22.2815 3.86773 8.38107 1.82108 0 0 0 0.350397 2.67185 5.55112e-17 0 0 0 0 0 2.384 303 48 1 1 0
./complex_md-fit-dt500_294.pdb_reres.pdb BC A 8.51598 26.7067 -6.63679 -4.48565 -10.8715 -22.0937 -1.12209 38.4658 -21.2997 4.12401 7.32312 2.82072 0 0 0 0.517709 2.70673 -0.0155947 0 0 0 0 0 2.384 303 47 1 1 0
./complex_md-fit-dt500_295.pdb_reres.pdb BC A 6.34228 29.088 -7.83829 -4.80857 -10.5563 -24.3365 -1.22855 42.58 -23.8517 5.12094 7.08192 2.01771 0 0 0 0.163301 2.79906 -0.0204772 0 0 0 0 0 2.384 303 49 0 0 0
./complex_md-fit-dt500_296.pdb_reres.pdb BC A 8.79176 35.0742 -6.52135 -4.90124 -9.63329 -22.1775 -1.02555 38.0031 -21.7571 4.73055 8.10468 1.83722 0 0 0 0.307304 3.36637 -0.00956899 0 0 0 0 0 2.384 303 47 1 1 0
./complex_md-fit-dt500_297.pdb_reres.pdb BC A 6.9148 25.6905 -9.83804 -7.45015 -11.4477 -22.9012 -1.20983 38.9817 -22.3156 5.49597 8.36536 2.51576 0 0 0 0.0835735 2.47327 0.0440861 0 0 0 0 0 2.384 303 48 0 0 0
./complex_md-fit-dt500_298.pdb_reres.pdb BC A 9.74801 33.233 -8.83726 -5.80744 -9.53407 -23.2087 -0.935346 39.111 -22.9471 3.51248 7.91934 2.53595 0 0 0 0.538758 2.62419 -0.0222209 0 0 0 0 0 2.384 303 47 0 0 0
./complex_md-fit-dt500_299.pdb_reres.pdb BC A 7.86147 24.4041 -13.0845 -6.13749 -10.0278 -22.499 -1.05096 37.2413 -22.3282 4.27112 6.7124 0.580513 0 0 0 0.171614 2.57564 -0.0180265 0 0 0 0 0 2.384 303 48 1 1 0
./complex_md-fit-dt500_29.pdb_reres.pdb BC A 7.5269 20.9609 -9.01976 -12.0878 -8.26678 -25.5047 -0.918327 44.1031 -24.7199 4.23777 10.2506 3.44543 0 0 0 0.459354 2.80831 -0.0238879 0 0 0 0 0.00539273 2.384 303 54 0 0 0
./complex_md-fit-dt500_2.pdb_reres.pdb BC A 7.9844 37.7043 -5.48105 -10.3257 -8.29807 -26.5106 -0.985916 47.3437 -25.509 6.55121 8.73329 3.23866 0 0 0 0.292018 3.80445 -0.0234429 0 0 0 0 0.0128294 2.384 303 53 2 2 0
./complex_md-fit-dt500_300.pdb_reres.pdb BC A 12.6115 36.0717 -7.58891 -5.15556 -9.92011 -21.6682 -1.06138 35.6577 -21.6054 6.88598 7.73163 1.41352 0 0 0 0.154059 2.47015 -0.0212227 0 0 0 0 0 2.384 303 50 2 2 0
./complex_md-fit-dt500_301.pdb_reres.pdb BC A 6.24605 38.0875 -9.75664 -6.04997 -7.56482 -21.9001 -1.09933 34.9231 -21.6449 2.44108 7.82602 3.13734 0 0 0 0.200121 2.64595 -0.0251579 0 0 0 0 0 2.384 303 47 0 0 0
./complex_md-fit-dt500_302.pdb_reres.pdb BC A 6.74238 35.2123 -10.743 -6.25076 -9.85427 -22.4778 -1.13448 37.8051 -22.0699 3.76881 7.15008 2.16503 0 0 0 0.176585 2.50172 -0.0213645 0 0 0 0 0 2.384 303 49 0 0 0
./complex_md-fit-dt500_303.pdb_reres.pdb BC A 6.94061 25.404 -10.6589 -5.62052 -10.8727 -22.1784 -1.06215 37.1534 -21.6213 2.48056 7.28979 3.52584 0 0 0 0.22242 1.90197 0.0240291 0 0 0 0 0 2.384 303 47 0 0 0
./complex_md-fit-dt500_304.pdb_reres.pdb BC A 6.67139 38.9015 -12.936 -6.59941 -10.3292 -21.6192 -1.19406 35.1036 -21.0083 1.68351 7.23411 3.51788 0 0 0 0.296441 2.25523 -0.0213741 0 0 0 0 0 2.384 303 49 0 0 0
./complex_md-fit-dt500_305.pdb_reres.pdb BC A 6.18851 25.8373 -6.14256 -5.68972 -8.24455 -22.5413 -1.09683 37.5034 -22.0587 5.7348 7.63485 2.53167 0 0 0 0.107174 2.28392 -0.0233704 0 0 0 0 0 2.384 303 50 1 1 0
./complex_md-fit-dt500_306.pdb_reres.pdb BC A 8.93925 26.0192 -14.3651 -7.27607 -10.1704 -20.4417 -0.98695 32.9119 -20.1174 3.20313 6.93728 1.44101 0 0 0 0.151671 1.88251 -0.0175057 0 0 0 0 0 2.384 303 45 0 0 0
./complex_md-fit-dt500_307.pdb_reres.pdb BC A 6.77551 32.1955 -12.519 -5.41313 -10.4911 -21.4463 -1.12122 34.9178 -21.1257 1.33602 7.94803 2.67571 0 0 0 0.200893 2.76968 0 0 0 0 0 0 2.384 303 45 0 0 0
./complex_md-fit-dt500_308.pdb_reres.pdb BC A 5.03253 23.658 -6.68971 -5.90918 -9.71725 -23.4396 -1.17597 40.1797 -23.5546 5.79017 8.01131 2.85361 0 0 0 0.272109 2.79247 0 0 0 0 0 0 2.384 303 49 1 1 0
./complex_md-fit-dt500_309.pdb_reres.pdb BC A 7.99295 30.3576 -3.10401 -4.66663 -6.97489 -22.6738 -1.20244 38.6773 -22.5015 6.9133 6.94214 2.31543 0 0 0 0.091094 2.40536 -0.0240676 0 0 0 0 0 2.384 303 51 0 0 0
./complex_md-fit-dt500_30.pdb_reres.pdb BC A 8.33333 31.2713 -12.3304 -9.88632 -8.51774 -26.0984 -0.719554 44.1143 -26.2398 3.16783 9.35173 2.12153 0 0 0 0.368049 3.76843 -0.0286806 0 0 0 0 0.0368152 2.384 303 55 0 0 0
./complex_md-fit-dt500_310.pdb_reres.pdb BC A 5.86741 28.8428 -8.78252 -5.57547 -8.52543 -22.0232 -1.06661 37.1296 -21.5134 3.21302 7.32083 2.1622 0 0 0 0.116414 2.28857 -0.0204456 0 0 0 0 0 2.384 303 48 0 0 0
./complex_md-fit-dt500_311.pdb_reres.pdb BC A 6.82729 29.9334 -9.187 -4.83498 -11.1012 -22.0737 -1.11244 36.5195 -21.8925 4.9811 7.05625 3.10172 0 0 0 0.195462 2.28991 -0.0262923 0 0 0 0 0 2.384 303 50 0 0 0
./complex_md-fit-dt500_312.pdb_reres.pdb BC A 8.86859 27.2243 -5.45911 -4.45097 -12.9735 -23.2058 -1.11858 42.6159 -22.4109 5.11091 9.05184 1.81009 0 0 0 0.133264 2.68489 -0.0212918 0 0 0 0 0 2.384 303 51 0 0 0
./complex_md-fit-dt500_313.pdb_reres.pdb BC A 8.46421 32.9593 -6.58526 -5.226 -13.918 -23.5594 -1.09214 40.3522 -23.1257 7.00872 8.90983 3.82447 0 0 0 0.240792 2.60517 5.55112e-17 0 0 0 0 0 2.384 303 50 1 1 0
./complex_md-fit-dt500_314.pdb_reres.pdb BC A 10.0135 34.2921 -9.50741 -5.66663 -14.7755 -22.6748 -0.974588 40.5861 -22.0101 4.51308 8.49786 2.7542 0 0 0 0.242961 4.19064 0 0 0 0 0 0 2.384 303 52 0 0 0
./complex_md-fit-dt500_315.pdb_reres.pdb BC A 9.95419 26.5 -0.951032 -4.10981 -9.04388 -22.7852 -1.19302 41.124 -21.7721 5.45476 8.33549 2.88778 0 0 0 0.150935 2.30458 -5.55112e-17 0 0 0 0 0 2.384 303 50 0 0 0
./complex_md-fit-dt500_316.pdb_reres.pdb BC A 7.62027 28.4227 -7.59024 -5.57839 -13.8879 -23.3549 -1.2685 41.4231 -22.5435 3.87523 10.7167 2.814 0 0 0 0.21395 2.63691 0 0 0 0 0 0 2.384 303 49 0 0 0
./complex_md-fit-dt500_317.pdb_reres.pdb BC A 6.62363 33.1975 -2.74845 -6.29167 -7.94183 -22.0281 -1.2232 38.8699 -21.6707 6.35713 8.24855 2.39294 0 0 0 0.538577 2.33251 -5.55112e-17 0 0 0 0 0 2.384 303 50 1 1 0
./complex_md-fit-dt500_318.pdb_reres.pdb BC A 6.27144 20.9712 -9.40574 -4.41251 -11.2758 -22.7912 -1.10511 39.4003 -22.4424 4.2453 7.33979 1.4769 0 0 0 0.186327 3.37889 -0.0273288 0 0 0 0 0 2.384 303 50 0 0 0
./complex_md-fit-dt500_319.pdb_reres.pdb BC A 5.78452 28.8803 -7.77888 -5.75157 -10.5277 -22.7148 -1.21165 39.7756 -21.8778 3.53493 8.13618 2.19957 0 0 0 0.678235 2.48768 -0.0198537 0 0 0 0 0 2.384 303 49 0 0 0
./complex_md-fit-dt500_31.pdb_reres.pdb BC A 10.2104 26.349 -4.63955 -9.9899 -5.93874 -26.5561 -0.731672 46.2125 -25.507 4.79434 9.43741 2.93339 0 0 0 0.658974 3.03158 0 0 0 0 0 0.0472117 2.384 303 56 1 1 0
./complex_md-fit-dt500_320.pdb_reres.pdb BC A 8.66841 34.9384 -8.76643 -5.92723 -11.0299 -22.6417 -1.18582 38.8142 -22.0308 4.37267 7.92502 2.54332 0 0 0 0.414624 2.41575 -0.0208321 0 0 0 0 0 2.384 303 51 0 0 0
./complex_md-fit-dt500_321.pdb_reres.pdb BC A 6.6374 31.8779 -6.47492 -5.91992 -10.7814 -22.6613 -0.996276 37.4606 -21.7892 6.31308 8.91967 2.83624 0 0 0 0.152967 2.64235 -0.00936935 0 0 0 0 0 2.384 303 46 2 2 0
./complex_md-fit-dt500_322.pdb_reres.pdb BC A 9.11113 28.0233 -11.553 -5.46055 -12.5485 -23.0268 -1.01437 39.9505 -22.1017 2.02318 8.5074 1.91081 0 0 0 0.216405 3.45275 -0.00934239 0 0 0 0 0 2.384 303 48 0 0 0
./complex_md-fit-dt500_323.pdb_reres.pdb BC A 7.92526 25.1712 -7.76454 -6.09931 -11.2628 -21.7881 -1.20979 35.8972 -21.0783 6.7901 9.28483 1.60593 0 0 0 0.0957204 2.79668 2.77556e-17 0 0 0 0 0 2.384 303 48 1 1 0
./complex_md-fit-dt500_324.pdb_reres.pdb BC A 8.01506 28.844 -6.15567 -6.43764 -8.92616 -22.1075 -1.23183 38.3232 -21.3449 4.91788 9.40857 1.19596 0 0 0 0.0677861 2.58018 -0.0211187 0 0 0 0 0 2.384 303 48 0 0 0
./complex_md-fit-dt500_325.pdb_reres.pdb BC A 6.72103 30.5438 -13.5677 -7.64175 -12.3711 -21.7709 -1.16218 36.2951 -21.5401 4.2958 8.45695 1.33113 0 0 0 0.539295 2.80805 0 0 0 0 0 0 2.384 303 46 1 1 0
./complex_md-fit-dt500_326.pdb_reres.pdb BC A 9.20098 30.2929 -3.97645 -4.79293 -10.0929 -22.2407 -0.922482 39.3032 -21.8325 6.88799 6.84477 2.67276 0 0 0 0.196411 2.3468 -2.22045e-16 0 0 0 0 0 2.384 303 47 1 1 0
./complex_md-fit-dt500_327.pdb_reres.pdb BC A 9.98331 28.2865 -10.0234 -7.33542 -10.9463 -21.6316 -1.16384 38.5033 -20.8959 4.33743 7.65713 1.17706 0 0 0 0.298363 2.50894 -0.0236555 0 0 0 0 0 2.384 303 50 0 0 0
./complex_md-fit-dt500_328.pdb_reres.pdb BC A 8.47071 33.7574 -10.9339 -6.02181 -11.5582 -21.7537 -1.02625 36.8462 -21.584 2.74308 8.69498 2.47726 0 0 0 0.248509 2.54446 0 0 0 0 0 0 2.384 303 47 0 0 0
./complex_md-fit-dt500_329.pdb_reres.pdb BC A 5.82931 35.1054 -7.25394 -6.9327 -12.542 -21.9539 -1.23384 36.6033 -21.2666 6.36666 11.1775 2.09947 0 0 0 0.449532 2.50646 -0.0214403 0 0 0 0 0 2.384 303 50 1 1 0
./complex_md-fit-dt500_32.pdb_reres.pdb BC A 7.61294 23.1912 -4.23145 -8.3326 -5.14722 -26.8684 -1.47959 46.8255 -26.9486 3.77211 9.18933 3.9983 0 0 0 0.681315 4.67143 0.0373245 0 0 0 0 0.0410381 2.384 303 55 0 0 0
./complex_md-fit-dt500_330.pdb_reres.pdb BC A 6.82755 32.0274 -4.16655 -5.04062 -6.86453 -22.0846 -0.872343 38.0339 -21.5692 4.73814 7.637 1.77794 0 0 0 0.0998444 2.49075 -0.0220206 0 0 0 0 0 2.384 303 47 1 1 0
./complex_md-fit-dt500_331.pdb_reres.pdb BC A 7.29642 28.9682 -5.08281 -5.28663 -9.81708 -22.1084 -0.848627 37.7307 -21.3012 4.95034 8.35651 2.47816 0 0 0 0.790561 2.33814 -0.0271491 0 0 0 0 0 2.384 303 50 0 0 0
./complex_md-fit-dt500_332.pdb_reres.pdb BC A 8.18786 30.2849 -8.46119 -5.5443 -8.68173 -21.6133 -1.10762 37.1529 -20.8031 3.32061 6.75095 1.82636 0 0 0 0.25876 2.73503 -0.0207078 0 0 0 0 0 2.384 303 49 0 0 0
./complex_md-fit-dt500_333.pdb_reres.pdb BC A 6.60348 33.2618 -9.95217 -6.33471 -10.6196 -22.4092 -1.03949 37.069 -21.6901 4.93802 7.35473 2.74496 0 0 0 0.0606288 2.38977 -0.0264223 0 0 0 0 0 2.384 303 48 0 0 0
./complex_md-fit-dt500_334.pdb_reres.pdb BC A 7.94363 33.2797 -2.70351 -4.47083 -8.67039 -21.4096 -0.928778 35.3652 -21.0903 8.03566 7.75744 2.14557 0 0 0 0.581653 2.29785 -0.0190972 0 0 0 0 0 2.384 303 45 2 2 0
./complex_md-fit-dt500_335.pdb_reres.pdb BC A 7.01875 30.5364 -11.598 -8.06649 -12.0602 -22.2294 -1.01185 36.7169 -21.1598 5.56668 8.74319 1.7655 0 0 0 0.15905 2.25861 -0.0215639 0 0 0 0 0 2.384 303 50 0 0 0
./complex_md-fit-dt500_336.pdb_reres.pdb BC A 8.20389 29.7413 -5.29477 -6.07879 -7.4341 -22.3466 -1.0397 38.021 -21.4289 3.75177 8.37222 2.58742 0 0 0 0.324683 2.8981 -0.023698 0 0 0 0 0 2.384 303 48 0 0 0
./complex_md-fit-dt500_337.pdb_reres.pdb BC A 6.53067 31.8321 -4.67927 -3.28786 -8.55988 -20.6446 -1.01123 34.4189 -20.2768 4.34266 7.93596 1.9451 0 0 0 0.480583 1.94216 -0.0220824 0 0 0 0 0 2.384 303 45 0 0 0
./complex_md-fit-dt500_338.pdb_reres.pdb BC A 5.18817 36.5433 -10.5712 -5.94181 -9.86809 -21.6789 -0.961661 34.8556 -21.6287 2.68339 9.14381 2.42399 0 0 0 0.416135 2.24249 -0.0149394 0 0 0 0 0 2.384 303 47 0 0 0
./complex_md-fit-dt500_339.pdb_reres.pdb BC A 7.33701 39.0106 -9.46742 -6.94219 -10.2957 -21.7966 -0.991374 36.4989 -20.641 3.66456 8.42239 2.39385 0 0 0 0.242812 2.2879 -0.0231445 0 0 0 0 0 2.384 303 47 0 0 0
./complex_md-fit-dt500_33.pdb_reres.pdb BC A 8.82266 24.2923 -12.2757 -10.7418 -5.9126 -25.4159 -1.04074 40.846 -25.3137 4.63712 7.57741 2.30107 0 0 0 0.7272 3.04241 0.0239077 0 0 0 0 0.0363409 2.384 303 50 1 1 0
./complex_md-fit-dt500_340.pdb_reres.pdb BC A 9.13579 26.1956 -11.4903 -4.87419 -10.1826 -20.7882 -1.01684 33.379 -20.0374 2.86219 7.24121 1.74925 0 0 0 0.202031 1.95089 -0.0247404 0 0 0 0 0 2.384 303 46 0 0 0
./complex_md-fit-dt500_341.pdb_reres.pdb BC A 7.2209 29.9489 -5.13149 -3.72278 -8.6199 -20.9331 -1.00148 34.0988 -20.4042 5.93228 7.38481 1.87394 0 0 0 0.281175 1.79636 -0.0210054 0 0 0 0 0 2.384 303 43 1 1 0
./complex_md-fit-dt500_342.pdb_reres.pdb BC A 6.36844 32.3644 -7.1484 -5.82629 -9.93573 -22.7839 -0.939121 38.6607 -22.1051 5.06463 8.65842 1.53184 0 0 0 0.526191 2.5424 0 0 0 0 0 0 2.384 303 49 1 1 0
./complex_md-fit-dt500_343.pdb_reres.pdb BC A 6.66361 25.4047 -12.2148 -7.64067 -11.0999 -22.612 -0.924519 37.6893 -22.2069 4.01257 9.03869 1.24858 0 0 0 0.30116 2.06703 -0.0210937 0 0 0 0 0 2.384 303 48 1 1 0
./complex_md-fit-dt500_344.pdb_reres.pdb BC A 7.67024 35.3891 -10.2301 -5.14643 -10.2124 -21.9368 -1.11104 36.9834 -21.4234 3.73717 7.99532 0.779866 0 0 0 0.129411 2.29143 -0.0251284 0 0 0 0 0 2.384 303 46 1 1 0
./complex_md-fit-dt500_345.pdb_reres.pdb BC A 8.5175 31.5701 -1.33861 -2.45376 -9.1557 -20.7755 -0.933415 36.0356 -20.337 7.15314 7.02236 1.83867 0 0 0 0.29117 1.91568 -0.0241529 0 0 0 0 0 2.384 303 47 2 2 0
./complex_md-fit-dt500_346.pdb_reres.pdb BC A 9.30155 30.7472 -10.1661 -5.44761 -10.1481 -20.4364 -0.732311 34.4297 -20.0272 3.17511 6.98906 1.85991 0 0 0 0.19943 2.12185 -0.0277159 0 0 0 0 0 2.384 303 52 0 0 0
./complex_md-fit-dt500_347.pdb_reres.pdb BC A 7.96007 43.992 -4.44409 -4.40236 -10.0489 -20.7388 -1.0288 35.2578 -19.6132 5.43918 8.25792 2.10152 0 0 0 0.357277 2.36288 -0.0258264 0 0 0 0 0 2.384 303 46 2 2 0
./complex_md-fit-dt500_348.pdb_reres.pdb BC A 6.8597 37.6798 -6.21406 -4.94153 -10.9075 -20.4606 -0.9508 35.7248 -19.0359 2.02137 9.85893 2.1148 0 0 0 0.371778 2.15474 -0.00929306 0 0 0 0 0 2.384 303 45 0 0 0
./complex_md-fit-dt500_349.pdb_reres.pdb BC A 8.16577 27.9144 -11.1768 -7.82088 -11.8854 -21.686 -0.957204 36.6167 -20.8542 3.49369 9.54938 2.14541 0 0 0 0.246182 2.52437 -0.024505 0 0 0 0 0 2.384 303 48 0 0 0
./complex_md-fit-dt500_34.pdb_reres.pdb BC A 7.83746 30.6031 -9.37209 -9.78759 -6.49771 -26.7981 -1.35308 45.7208 -26.5111 4.14934 8.79282 2.47226 0 0 0 0.409556 2.93255 -0.0208453 0 0 0 0 0.0515851 2.384 303 54 0 0 0
./complex_md-fit-dt500_350.pdb_reres.pdb BC A 10.84 34.7615 -5.62436 -4.25646 -10.9421 -22.741 -0.962002 39.2799 -22.0353 6.31548 7.52678 1.82885 0 0 0 0.382153 2.49192 -0.0206871 0 0 0 0 0 2.384 303 49 0 0 0
./complex_md-fit-dt500_351.pdb_reres.pdb BC A 7.76634 30.0522 -11.0964 -6.39798 -11.4629 -22.045 -0.993366 35.8005 -21.6004 4.64315 8.84497 1.71124 0 0 0 0.428862 2.32601 -0.0254775 0 0 0 0 0 2.384 303 48 0 0 0
./complex_md-fit-dt500_352.pdb_reres.pdb BC A 7.68175 23.9744 -12.5859 -6.15447 -11.9487 -21.4385 -0.965144 36.4731 -20.6912 1.37006 8.57808 1.88987 0 0 0 0.32037 1.82417 -0.0193842 0 0 0 0 0 2.384 303 50 0 0 0
./complex_md-fit-dt500_353.pdb_reres.pdb BC A 7.02014 31.2709 -8.21112 -5.49369 -10.5904 -21.753 -0.82132 37.3577 -21.5085 4.01391 8.49636 1.55994 0 0 0 0.575535 2.29304 -0.0476633 0 0 0 0 0 2.384 303 48 0 0 0
./complex_md-fit-dt500_354.pdb_reres.pdb BC A 5.94199 24.9734 -5.86274 -5.92624 -10.8475 -20.6498 -1.07649 35.0174 -19.6608 6.14094 8.52606 1.97988 0 0 0 0.633881 2.15776 0 0 0 0 0 0 2.384 303 47 3 3 0
./complex_md-fit-dt500_355.pdb_reres.pdb BC A 9.16521 27.0671 -12.5934 -5.96745 -11.6989 -21.1309 -0.797442 35.4993 -20.3527 2.11295 6.3902 3.07423 0 0 0 0.277349 2.17117 0 0 0 0 0 0 2.384 303 48 0 0 0
./complex_md-fit-dt500_356.pdb_reres.pdb BC A 7.62501 26.8909 -10.1725 -5.50461 -8.84314 -21.2734 -0.90159 34.5008 -20.8605 2.95917 7.20131 2.46546 0 0 0 0.119446 2.41286 -0.0354141 0 0 0 0 0 2.384 303 47 0 0 0
./complex_md-fit-dt500_357.pdb_reres.pdb BC A 7.54492 32.8615 -8.55792 -4.84764 -7.90036 -21.1228 -0.966613 34.8156 -21.035 3.37741 7.03841 1.80452 0 0 0 0.242719 2.49755 0.0358712 0 0 0 0 0 2.384 303 51 0 0 0
./complex_md-fit-dt500_358.pdb_reres.pdb BC A 8.93973 26.0244 -0.888304 -5.00348 -7.25692 -20.2108 -0.802472 34.1117 -19.7148 8.39615 6.89585 2.34251 0 0 0 0.336197 1.86802 0.0177516 0 0 0 0 0 2.384 303 46 2 2 0
./complex_md-fit-dt500_359.pdb_reres.pdb BC A 7.73486 29.6375 -7.4683 -5.86546 -8.44496 -20.8468 -0.934413 34.1791 -20.2562 5.03546 7.7954 1.4193 0 0 0 0.473513 2.18744 -0.0232273 0 0 0 0 0 2.384 303 44 0 0 0
./complex_md-fit-dt500_35.pdb_reres.pdb BC A 7.69291 30.8007 -12.7044 -8.10347 -6.91768 -24.77 -1.13907 41.1433 -24.9914 2.26934 6.57305 2.93674 0 0 0 0.286834 4.07484 -0.0208047 0 0 0 0 0.0288081 2.384 303 52 0 0 0
./complex_md-fit-dt500_360.pdb_reres.pdb BC A 6.63182 28.6785 -8.53227 -4.11294 -8.86943 -20.8141 -1.04595 34.1225 -20.8531 2.73157 7.27184 2.92175 0 0 0 0.140561 2.43453 -0.0249525 0 0 0 0 0 2.384 303 48 0 0 0
./complex_md-fit-dt500_361.pdb_reres.pdb BC A 6.13535 37.9911 -8.21455 -4.71629 -10.4721 -20.3546 -1.14241 33.5355 -20.201 5.30162 7.84218 1.74477 0 0 0 0.247657 2.08662 0 0 0 0 0 0 2.384 303 45 0 0 0
./complex_md-fit-dt500_362.pdb_reres.pdb BC A 6.95969 29.2451 -8.24949 -4.82338 -7.14971 -19.3378 -1.05178 30.5651 -19.1502 3.20834 6.55135 2.56368 0 0 0 0.352994 1.87802 0.021932 0 0 0 0 0 2.384 303 43 0 0 0
./complex_md-fit-dt500_363.pdb_reres.pdb BC A 6.8213 26.5268 -10.0668 -5.39941 -8.92198 -20.5141 -1.15048 33.5428 -20.5047 1.84066 7.84474 2.7644 0 0 0 0.431262 1.85721 0 0 0 0 0 0 2.384 303 45 0 0 0
./complex_md-fit-dt500_364.pdb_reres.pdb BC A 7.58307 33.6306 -6.66035 -5.1682 -8.41697 -21.0712 -1.01699 35.3991 -20.3322 3.46449 7.80395 2.14922 0 0 0 0.538598 1.79615 -0.0101779 0 0 0 0 0 2.384 303 49 0 0 0
./complex_md-fit-dt500_365.pdb_reres.pdb BC A 7.68696 30.974 -7.63169 -5.74135 -10.008 -20.3274 -1.02542 35.0197 -19.3278 2.64052 7.43722 3.46471 0 0 0 0.23616 2.29812 2.77556e-17 0 0 0 0 0 2.384 303 51 0 0 0
./complex_md-fit-dt500_366.pdb_reres.pdb BC A 7.13742 32.886 -3.18556 -5.36802 -10.4932 -22.1061 -0.997857 40.0321 -21.4386 5.20713 8.89674 2.95677 0 0 0 0.125445 2.53319 -1.11022e-16 0 0 0 0 0 2.384 303 49 0 0 0
./complex_md-fit-dt500_367.pdb_reres.pdb BC A 6.19467 33.3423 -0.993487 -4.34791 -7.7599 -21.9461 -1.29088 39.3849 -21.1807 6.43989 6.9056 2.3405 0 0 0 0.487602 2.57936 -0.0265319 0 0 0 0 0 2.384 303 50 2 2 0
./complex_md-fit-dt500_368.pdb_reres.pdb BC A 9.56293 30.3137 -9.81788 -6.42492 -9.95458 -21.4219 -1.27262 35.6494 -21.0016 3.76125 8.96385 1.57016 0 0 0 0.308089 2.39584 0.00495105 0 0 0 0 0 2.384 303 49 0 0 0
./complex_md-fit-dt500_369.pdb_reres.pdb BC A 9.9527 30.8262 -5.70389 -4.58039 -8.07154 -21.5343 -1.16324 36.2694 -21.4739 5.05434 7.69189 1.58844 0 0 0 0.515406 2.76508 0 0 0 0 0 0 2.384 303 47 1 1 0
./complex_md-fit-dt500_36.pdb_reres.pdb BC A 6.7213 28.4485 -5.78734 -7.82074 -2.80036 -24.7153 -1.29774 41.1582 -24.356 5.65118 6.16593 1.62694 0 0 0 0.585133 2.61199 -0.0223405 0 0 0 0 0.0376785 2.384 303 52 0 0 0
./complex_md-fit-dt500_370.pdb_reres.pdb BC A 7.23561 26.2752 -5.89131 -4.56528 -8.41719 -20.0851 -1.02134 33.3316 -20.1315 4.83793 7.21473 2.69052 0 0 0 0.25432 2.53361 -1.11022e-16 0 0 0 0 0 2.384 303 47 1 1 0
./complex_md-fit-dt500_371.pdb_reres.pdb BC A 6.97135 35.7747 -8.39698 -4.55238 -10.4131 -21.5619 -1.11635 37.9822 -20.5555 1.93482 8.12068 1.19329 0 0 0 0.588581 2.17405 -0.0175406 0 0 0 0 0.000239181 2.384 303 48 0 0 0
./complex_md-fit-dt500_372.pdb_reres.pdb BC A 5.36492 34.6264 -8.56809 -4.93457 -9.95832 -19.5645 -1.06711 33.6039 -18.3774 3.18312 7.20778 1.11383 0 0 0 0.203427 2.01537 0 0 0 0 0 0.0217053 2.384 303 46 0 0 0
./complex_md-fit-dt500_373.pdb_reres.pdb BC A 5.75231 38.4291 -4.63053 -4.34897 -9.9096 -21.2251 -1.06729 39.4375 -20.5942 4.75676 6.64977 1.25217 0 0 0 0.413382 2.37343 -0.0147526 0 0 0 0 0.0198178 2.384 303 50 0 0 0
./complex_md-fit-dt500_374.pdb_reres.pdb BC A 7.48786 28.3805 -3.71042 -5.3452 -6.63471 -20.3394 -1.2284 35.1125 -19.6848 5.69766 7.14477 0.864381 0 0 0 0.72627 2.6775 -0.0234659 0 0 0 0 0 2.384 303 49 1 1 0
./complex_md-fit-dt500_375.pdb_reres.pdb BC A 7.75947 37.4372 -7.91938 -6.9773 -9.57394 -19.9493 -1.0863 33.2469 -19.6505 5.75865 7.94128 2.16465 0 0 0 0.208391 2.07831 -0.021052 0 0 0 0 0.0191438 2.384 303 46 1 1 0
./complex_md-fit-dt500_376.pdb_reres.pdb BC A 12.275 31.2283 -3.48185 -5.09291 -7.75908 -19.9798 -1.16465 34.74 -19.4949 6.31448 7.20216 1.43385 0 0 0 0.334272 1.94578 -0.0219876 0 0 0 0 0.00667401 2.384 303 44 1 1 0
./complex_md-fit-dt500_377.pdb_reres.pdb BC A 7.1572 30.1603 -7.24089 -4.55194 -9.72698 -20.7189 -1.16033 36.1486 -20.0882 3.83659 6.966 1.76158 0 0 0 0.350107 2.71443 -0.057424 0 0 0 0 0 2.384 303 46 0 0 0
./complex_md-fit-dt500_378.pdb_reres.pdb BC A 6.21785 32.1425 -7.64824 -5.22185 -11.2361 -22.3945 -1.30411 39.2954 -21.5143 4.64637 7.8927 1.87269 0 0 0 0.349644 2.57594 -0.0342445 0 0 0 0 0 2.384 303 50 0 0 0
./complex_md-fit-dt500_379.pdb_reres.pdb BC A 6.44304 28.9221 -13.5477 -6.76721 -12.3346 -21.3343 -1.32789 35.4685 -20.8866 3.13618 8.14083 2.05162 0 0 0 0.31738 2.5229 -0.0115738 0 0 0 0 0 2.384 303 47 1 1 0
./complex_md-fit-dt500_37.pdb_reres.pdb BC A 8.79279 29.876 -7.31246 -5.26911 -5.03585 -24.3989 -1.11081 41.4102 -24.2882 2.45966 5.7385 2.48379 0 0 0 0.649956 2.49388 0.0243161 0 0 0 0 0.0239023 2.384 303 51 0 0 0
./complex_md-fit-dt500_380.pdb_reres.pdb BC A 7.79043 42.1972 -7.4343 -4.63729 -10.9971 -21.1055 -1.47894 35.5703 -20.567 5.26158 7.25076 2.89826 0 0 0 0.416839 2.42466 -0.046165 0 0 0 0 0 2.384 303 47 2 2 0
./complex_md-fit-dt500_381.pdb_reres.pdb BC A 5.52405 30.946 -5.38581 -5.61428 -10.5859 -22.0497 -1.13052 39.0816 -21.4304 7.06738 7.43531 1.68391 0 0 0 0.164096 2.44489 -0.0254175 0 0 0 0 0.0180278 2.384 303 49 1 1 0
./complex_md-fit-dt500_382.pdb_reres.pdb BC A 9.50097 35.3439 -7.8452 -6.12582 -9.03814 -22.2239 -1.33374 38.7547 -21.4247 4.87848 6.58777 1.34035 0 0 0 0.768435 2.67354 -0.0335551 0 0 0 0 0.00491931 2.384 303 49 0 0 0
./complex_md-fit-dt500_383.pdb_reres.pdb BC A 10.284 29.7845 -7.77258 -4.7162 -12.5235 -22.4916 -1.38718 39.3548 -21.6116 6.85522 6.84854 1.42144 0 0 0 0.507439 2.77157 -0.0300125 0 0 0 0 0 2.384 303 48 0 0 0
./complex_md-fit-dt500_384.pdb_reres.pdb BC A 7.73723 30.9006 -8.10691 -6.46849 -10.549 -21.8118 -1.26012 38.1542 -21.0236 4.90896 8.20119 1.69231 0 0 0 0.107308 2.52808 -0.0577646 0 0 0 0 0 2.384 303 51 0 0 0
./complex_md-fit-dt500_385.pdb_reres.pdb BC A 6.59586 32.1736 -8.43011 -4.44128 -11.2866 -21.857 -1.1547 36.4581 -21.1249 5.16554 6.84492 2.48209 0 0 0 0.483735 2.83138 0 0 0 0 0 0 2.384 303 44 1 1 0
./complex_md-fit-dt500_386.pdb_reres.pdb BC A 8.09258 34.3512 -7.31868 -4.81262 -11.4355 -22.9814 -1.37041 40.1628 -22.1375 7.59855 5.84363 1.33305 0 0 0 0.501496 2.6797 -0.0208039 0 0 0 0 0 2.384 303 50 1 1 0
./complex_md-fit-dt500_387.pdb_reres.pdb BC A 8.58967 29.198 -11.5459 -6.24007 -11.6849 -22.2252 -1.25653 38.0718 -20.9254 3.92612 6.8477 1.18515 0 0 0 0.786528 2.70197 -0.0309797 0 0 0 0 0 2.384 303 48 0 0 0
./complex_md-fit-dt500_388.pdb_reres.pdb BC A 6.86612 28.0491 -11.3466 -4.83939 -10.5055 -20.7617 -1.22215 34.2228 -20.4767 3.87014 6.45631 1.74843 0 0 0 0.117245 2.44198 0.0439466 0 0 0 0 0 2.384 303 49 0 0 0
./complex_md-fit-dt500_389.pdb_reres.pdb BC A 5.93611 32.2074 -11.4906 -4.17015 -9.91307 -20.8717 -1.18212 35.3572 -20.4379 2.32414 5.01138 1.8124 0 0 0 0.622188 2.97645 -0.0428736 0 0 0 0 0 2.384 303 50 0 0 0
./complex_md-fit-dt500_38.pdb_reres.pdb BC A 9.50587 25.1378 -9.82713 -9.02632 -6.63066 -26.0116 -1.23058 44.7436 -25.2196 2.99858 6.67415 3.41921 0 0 0 0.432931 2.30402 -0.0229173 0 0 0 0 0.0461458 2.384 303 55 0 0 0
./complex_md-fit-dt500_390.pdb_reres.pdb BC A 7.50276 28.0878 -7.74673 -2.62447 -10.0443 -20.3134 -1.22837 35.2271 -20.0883 5.02048 4.1451 1.8145 0 0 0 0.348174 2.49417 -0.00331375 0 0 0 0 0 2.384 303 45 0 0 0
./complex_md-fit-dt500_391.pdb_reres.pdb BC A 7.36997 31.4459 -12.6994 -4.99819 -11.2232 -21.1103 -1.397 34.7341 -20.5155 2.49148 5.85441 2.87804 0 0 0 0.586767 2.64162 0 0 0 0 0 0 2.384 303 47 0 0 0
./complex_md-fit-dt500_392.pdb_reres.pdb BC A 6.99185 37.2161 -9.17672 -5.06685 -11.5528 -21.7796 -1.26641 38.8842 -20.9782 4.30128 5.76024 2.46778 0 0 0 0.131295 3.03287 -0.0777142 0 0 0 0 0 2.384 303 50 1 1 0
./complex_md-fit-dt500_393.pdb_reres.pdb BC A 9.15689 30.9563 -7.49406 -4.37918 -9.18118 -21.681 -1.28781 37.3754 -20.9958 5.67085 4.57099 2.04396 0 0 0 0.369755 2.33939 0 0 0 0 0 0 2.384 303 49 0 0 0
./complex_md-fit-dt500_394.pdb_reres.pdb BC A 6.43488 29.1839 -8.96479 -5.45809 -8.35794 -21.2502 -1.15854 36.0083 -20.5626 4.11609 6.59808 1.00262 0 0 0 0.153022 2.51636 -0.0555962 0 0 0 0 0 2.384 303 44 0 0 0
./complex_md-fit-dt500_395.pdb_reres.pdb BC A 8.33814 34.4136 -7.24147 -4.27611 -9.4666 -21.2063 -1.25089 36.4841 -20.6344 6.18328 5.1367 1.69771 0 0 0 0.132142 2.70308 -0.0411254 0 0 0 0 0 2.384 303 49 1 1 0
./complex_md-fit-dt500_396.pdb_reres.pdb BC A 7.03782 33.5192 -6.7413 -4.35636 -10.938 -22.3588 -1.19122 38.9008 -21.7845 5.72003 6.1835 2.71814 0 0 0 0.355543 2.62495 0.00957491 0 0 0 0 0 2.384 303 51 1 1 0
./complex_md-fit-dt500_397.pdb_reres.pdb BC A 7.71187 37.3906 -7.52799 -3.77888 -7.80109 -21.4488 -1.08738 36.147 -20.8173 4.17034 5.12139 1.52885 0 0 0 0.463387 2.63318 -0.0254846 0 0 0 0 0 2.384 303 47 0 0 0
./complex_md-fit-dt500_398.pdb_reres.pdb BC A 8.83212 33.7632 -11.8531 -3.6007 -10.9818 -19.4758 -1.31062 32.3172 -19.3599 3.45378 5.33823 1.16888 0 0 0 0.597619 2.1666 0 0 0 0 0 0 2.384 303 50 0 0 0
./complex_md-fit-dt500_399.pdb_reres.pdb BC A 7.64886 27.6194 -0.131866 -3.89319 -7.55748 -21.1255 -1.38076 36.1901 -20.686 8.52883 7.72888 1.89053 0 0 0 0.224053 2.16953 -0.0513752 0 0 0 0 0 2.384 303 48 2 2 0
./complex_md-fit-dt500_39.pdb_reres.pdb BC A 9.83593 22.7105 -10.1063 -9.60606 -7.34867 -26.6434 -1.20929 43.9497 -27.325 7.15809 8.23173 2.48113 0 0 0 0.20117 3.74525 -0.0250006 0 0 0 0 0.0293366 2.384 303 59 1 1 0
./complex_md-fit-dt500_3.pdb_reres.pdb BC A 8.61693 28.1888 -11.9115 -11.3676 -9.09675 -24.4188 -0.762353 43.0071 -24.0062 3.05238 8.54723 2.58979 0 0 0 0.51971 2.09994 2.77556e-17 0 0 0 0 0.0240285 2.384 303 54 0 0 0
./complex_md-fit-dt500_400.pdb_reres.pdb BC A 9.74885 35.9455 -1.53199 -4.42872 -9.64859 -22.2992 -1.23262 39.2961 -21.7355 8.49742 7.43248 2.12481 0 0 0 0.501112 2.30723 -0.0392647 0 0 0 0 0 2.384 303 51 2 2 0
./complex_md-fit-dt500_401.pdb_reres.pdb BC A 7.37993 33.971 -5.15767 -5.78964 -10.0333 -21.0506 -1.34519 35.1595 -20.2561 7.55138 6.99081 3.13517 0 0 0 0.516723 2.51127 -0.0363865 0 0 0 0 0 2.384 303 49 2 2 0
./complex_md-fit-dt500_402.pdb_reres.pdb BC A 6.40716 28.2694 -4.49849 -5.43575 -8.37134 -21.2817 -1.48177 36.8036 -20.4441 7.37572 6.15371 1.96672 0 0 0 0.253406 2.92352 -0.0369244 0 0 0 0 0 2.384 303 48 1 1 0
./complex_md-fit-dt500_403.pdb_reres.pdb BC A 9.96655 37.6632 -14.682 -5.84778 -12.8348 -21.1561 -1.2272 34.7232 -20.919 4.73121 6.19184 1.15087 0 0 0 0.532602 2.58793 -0.0267491 0 0 0 0 0 2.384 303 50 1 1 0
./complex_md-fit-dt500_404.pdb_reres.pdb BC A 9.9606 32.7678 -14.8519 -5.51585 -12.3212 -22.1861 -1.15516 36.3237 -21.5438 3.65171 5.90108 1.46298 0 0 0 0.507556 3.06316 0.0232006 0 0 0 0 0 2.384 303 50 1 1 0
./complex_md-fit-dt500_405.pdb_reres.pdb BC A 9.40103 31.8164 -3.92027 -4.46246 -10.4034 -21.4427 -1.23062 37.3681 -20.8607 8.0994 7.1223 1.4981 0 0 0 0.418508 2.96553 -0.0268865 0 0 0 0 0 2.384 303 48 1 1 0
./complex_md-fit-dt500_406.pdb_reres.pdb BC A 7.87716 31.7821 -8.51789 -4.14971 -8.95555 -22.6181 -1.14231 38.6159 -22.1804 4.58488 5.6599 1.15003 0 0 0 0.520479 2.99749 -0.00303083 0 0 0 0 0 2.384 303 49 0 0 0
./complex_md-fit-dt500_407.pdb_reres.pdb BC A 7.98252 30.7621 -4.86121 -5.86287 -9.53345 -21.4108 -1.43976 35.9671 -20.7284 7.897 8.5185 1.32519 0 0 0 0.460308 2.71938 -0.0540576 0 0 0 0 0 2.384 303 50 2 2 0
./complex_md-fit-dt500_408.pdb_reres.pdb BC A 7.33425 29.7133 -11.2106 -5.38374 -10.4221 -21.3914 -1.25453 34.2851 -20.6849 4.32386 8.07046 0.831412 0 0 0 0.376643 2.73514 0.0386223 0 0 0 0 2.22045e-16 2.384 303 44 1 1 0
./complex_md-fit-dt500_409.pdb_reres.pdb BC A 8.36136 36.6105 -1.53068 -3.83599 -7.93704 -21.6807 -1.03226 38.7214 -21.3652 7.49859 6.13982 1.57879 0 0 0 0.426185 2.64612 -0.0443772 0 0 0 0 0 2.384 303 50 1 1 0
./complex_md-fit-dt500_40.pdb_reres.pdb BC A 7.28819 26.4596 -6.05871 -8.08438 -7.45026 -25.9224 -1.22301 44.5924 -26.4011 6.24428 8.16788 3.75862 0 0 0 0.280453 2.537 -0.021256 0 0 0 0 0 2.384 303 54 1 1 0
./complex_md-fit-dt500_410.pdb_reres.pdb BC A 9.14228 32.3329 -10.6097 -6.42563 -11.624 -22.3289 -1.21985 38.7533 -21.5168 3.62751 6.90803 2.77789 0 0 0 0.438776 2.28231 0 0 0 0 0 0 2.384 303 51 0 0 0
./complex_md-fit-dt500_411.pdb_reres.pdb BC A 7.9781 26.9685 -12.848 -4.65964 -12.0682 -21.3057 -1.16179 35.5749 -21.136 4.50102 5.6772 1.37198 0 0 0 0.387917 2.63939 -0.0296568 0 0 0 0 2.22045e-16 2.384 303 51 0 0 0
./complex_md-fit-dt500_412.pdb_reres.pdb BC A 7.5868 28.2203 -8.77299 -6.17269 -10.772 -22.2367 -1.29181 38.0655 -21.6537 4.66099 8.30691 2.02359 0 0 0 0.334872 2.52965 -0.0379367 0 0 0 0 0 2.384 303 51 0 0 0
./complex_md-fit-dt500_413.pdb_reres.pdb BC A 6.9641 30.5346 -3.22597 -3.40721 -7.80385 -20.454 -1.03509 34.8474 -20.0374 6.6646 5.57584 1.85724 0 0 0 0.575816 2.39758 -0.00933896 0 0 0 0 0 2.384 303 51 1 1 0
./complex_md-fit-dt500_414.pdb_reres.pdb BC A 7.14508 29.7442 -11.1085 -4.88336 -10.6261 -20.7079 -1.16917 34.3361 -20.5155 3.51739 6.78981 1.84313 0 0 0 0.301286 2.29966 0.00584127 0 0 0 0 0 2.384 303 46 0 0 0
./complex_md-fit-dt500_415.pdb_reres.pdb BC A 9.3502 25.0074 -10.7836 -5.3674 -10.0699 -19.8569 -1.17115 33.4686 -19.0149 3.91548 6.21524 0.54032 0 0 0 0.552624 2.53515 0.00437363 0 0 0 0 0 2.384 303 46 0 0 0
./complex_md-fit-dt500_416.pdb_reres.pdb BC A 6.23033 26.682 -6.90448 -4.42339 -8.512 -20.7817 -1.13244 36.1086 -20.3409 5.94761 4.8836 0.954487 0 0 0 0.413286 2.63047 -0.021622 0 0 0 0 0 2.384 303 52 0 0 0
./complex_md-fit-dt500_417.pdb_reres.pdb BC A 7.37261 31.383 -7.7193 -5.05205 -10.9239 -21.4569 -1.36798 37.7977 -20.9117 5.47003 6.52 2.02072 0 0 0 0.184268 2.24769 0.000524262 0 0 0 0 0 2.384 303 50 1 1 0
./complex_md-fit-dt500_418.pdb_reres.pdb BC A 6.79883 36.51 -3.08477 -2.8798 -8.39258 -22.0469 -1.10947 38.1526 -21.5511 7.14953 5.48707 2.01912 0 0 0 0.107415 2.60488 -0.020587 0 0 0 0 0 2.384 303 50 0 0 0
./complex_md-fit-dt500_419.pdb_reres.pdb BC A 6.66692 29.0355 -0.0905944 -2.07216 -7.51117 -20.7858 -1.11568 37.1085 -20.6745 5.78433 5.75229 2.44442 0 0 0 0.951236 2.36313 0.0280227 0 0 0 0 0 2.384 303 47 0 0 0
./complex_md-fit-dt500_41.pdb_reres.pdb BC A 8.63711 27.8048 -6.45779 -8.20503 -6.2754 -27.2329 -1.40758 48.0936 -27.1418 4.37061 7.92185 3.16009 0 0 0 0.258852 6.08851 0 0 0 0 0 0 2.384 303 57 1 0 1
./complex_md-fit-dt500_420.pdb_reres.pdb BC A 8.06459 29.7097 -4.59647 -5.04944 -6.41731 -21.8215 -1.0974 38.1949 -21.2409 7.15899 4.9344 0.574405 0 0 0 0.192824 2.46017 -0.0253789 0 0 0 0 0 2.384 303 49 1 1 0
./complex_md-fit-dt500_421.pdb_reres.pdb BC A 7.27348 32.2629 -11.3712 -5.3775 -11.8941 -20.4044 -1.07942 35.8958 -19.8798 3.18671 5.99375 1.66207 0 0 0 0.578173 3.22717 -0.0524299 0 0 0 0 0 2.384 303 49 0 0 0
./complex_md-fit-dt500_422.pdb_reres.pdb BC A 8.55396 30.9594 -2.89069 -3.71955 -11.1988 -21.2856 -1.09376 38.2356 -20.3791 7.47508 5.34506 3.26385 0 0 0 0.42711 2.35165 0.0394425 0 0 0 0 0 2.384 303 48 0 0 0
./complex_md-fit-dt500_423.pdb_reres.pdb BC A 8.85546 32.0689 -8.68602 -4.49532 -10.9593 -19.7999 -1.07043 34.0391 -19.7021 5.36306 5.856 1.89904 0 0 0 0.218405 2.08891 -0.0345671 0 0 0 0 0 2.384 303 47 1 1 0
./complex_md-fit-dt500_424.pdb_reres.pdb BC A 8.25693 33.5666 -3.68513 -4.04925 -9.32228 -20.9146 -1.1496 37.713 -20.3684 4.5338 7.43369 2.25172 0 0 0 0.224153 2.58845 -0.0373139 0 0 0 0 0 2.384 303 51 1 1 0
./complex_md-fit-dt500_425.pdb_reres.pdb BC A 8.71805 27.3401 -7.80411 -5.85887 -10.4614 -21.2186 -1.09557 35.7592 -20.5227 5.4916 7.53289 2.01233 0 0 0 0.579265 2.4929 -0.022232 0 0 0 0 0 2.384 303 46 1 1 0
./complex_md-fit-dt500_426.pdb_reres.pdb BC A 7.28934 25.2759 -11.6581 -5.51818 -9.29267 -19.8944 -0.912964 33.646 -19.7319 2.47669 6.53211 0.835224 0 0 0 0.237878 2.44617 -0.0358394 0 0 0 0 0 2.384 303 47 0 0 0
./complex_md-fit-dt500_427.pdb_reres.pdb BC A 7.93548 28.7809 -9.51581 -5.49823 -10.8529 -21.3855 -1.28536 36.5135 -21.107 4.96435 7.84917 1.14901 0 0 0 0.149223 2.35003 -0.0120819 0 0 0 0 0 2.384 303 44 0 0 0
./complex_md-fit-dt500_428.pdb_reres.pdb BC A 8.13112 27.6901 -13.9044 -6.48829 -10.2761 -20.8233 -0.981382 33.5709 -20.2803 2.29343 7.1178 1.8163 0 0 0 0.194752 2.16144 -0.0481545 0 0 0 0 0 2.384 303 46 0 0 0
./complex_md-fit-dt500_429.pdb_reres.pdb BC A 7.0282 33.6573 -10.0162 -6.57237 -10.2204 -20.8393 -1.14507 34.9815 -20.4849 3.6847 7.32943 3.05092 0 0 0 0.199352 2.3704 -1.11022e-16 0 0 0 0 0 2.384 303 44 0 0 0
./complex_md-fit-dt500_42.pdb_reres.pdb BC A 6.68359 30.1479 -14.491 -9.10617 -7.75421 -27.8256 -1.38359 46.2016 -28.2707 2.47379 7.65764 3.08151 0 0 0 0.457273 2.84558 -0.0224854 0 0 0 0 0 2.384 303 58 0 0 0
./complex_md-fit-dt500_430.pdb_reres.pdb BC A 7.3266 25.8819 -0.135865 -2.44649 -6.77258 -21.5575 -1.05513 38.2552 -20.9993 6.04933 6.3815 1.90548 0 0 0 0.12228 2.32798 -0.018635 0 0 0 0 0 2.384 303 48 1 1 0
./complex_md-fit-dt500_431.pdb_reres.pdb BC A 6.90062 29.1025 -3.06793 -5.82714 -6.7205 -21.2608 -1.11791 35.5366 -20.9245 7.50906 6.80009 2.75254 0 0 0 0.205083 2.29274 -0.0204286 0 0 0 0 0 2.384 303 44 1 1 0
./complex_md-fit-dt500_432.pdb_reres.pdb BC A 7.05167 33.6462 -3.86389 -3.45821 -8.33045 -20.7347 -1.21635 36.6101 -20.3769 6.43125 4.36092 2.4305 0 0 0 0.434135 2.70316 -0.0141092 0 0 0 0 2.22045e-16 2.384 303 47 2 2 0
./complex_md-fit-dt500_433.pdb_reres.pdb BC A 9.64319 32.0818 -5.44097 -4.4738 -8.84068 -22.594 -1.11097 40.3319 -22.2669 5.53628 6.0645 1.78687 0 0 0 0.179639 2.64135 -0.053858 0 0 0 0 0 2.384 303 50 0 0 0
./complex_md-fit-dt500_434.pdb_reres.pdb BC A 7.10156 29.8641 0.0165427 -3.58165 -6.30447 -22.5957 -1.16647 40.4171 -22.6104 7.90549 6.3459 1.52993 0 0 0 0.130688 2.44265 -0.053933 0 0 0 0 0 2.384 303 50 1 1 0
./complex_md-fit-dt500_435.pdb_reres.pdb BC A 9.82038 26.1482 -3.68502 -4.25493 -8.91382 -20.4644 -1.15647 36.0586 -19.9001 4.64154 7.24532 2.93526 0 0 0 0.143385 2.35609 -0.0194414 0 0 0 0 0 2.384 303 51 1 1 0
./complex_md-fit-dt500_436.pdb_reres.pdb BC A 7.63533 34.815 -1.67924 -4.87469 -7.86968 -21.9382 -1.15917 39.7065 -21.4985 5.85479 7.09473 2.72519 0 0 0 0.279824 2.6525 0 0 0 0 0 0 2.384 303 51 0 0 0
./complex_md-fit-dt500_437.pdb_reres.pdb BC A 7.80671 27.725 -11.6768 -7.20176 -11.7132 -21.714 -0.9231 36.2531 -21.3571 3.03529 7.98403 3.48955 0 0 0 0.495086 2.36055 -0.0246156 0 0 0 0 0 2.384 303 48 0 0 0
./complex_md-fit-dt500_438.pdb_reres.pdb BC A 6.95633 27.8735 -7.93008 -5.69237 -9.91557 -21.8601 -0.939026 38.0166 -21.2164 4.23473 7.17851 1.98247 0 0 0 0.303241 2.66137 -0.0222328 0 0 0 0 0 2.384 303 49 0 0 0
./complex_md-fit-dt500_439.pdb_reres.pdb BC A 8.0388 27.6239 -5.46548 -4.79947 -6.72729 -21.1624 -1.10804 36.0759 -21.1162 6.62696 5.16456 1.35517 0 0 0 0.225337 1.93459 0 0 0 0 0 0 2.384 303 49 1 1 0
./complex_md-fit-dt500_43.pdb_reres.pdb BC A 10.3379 24.6465 -2.88484 -7.88514 -5.66099 -25.8975 -1.34113 44.8895 -25.8522 8.48837 7.01512 3.20484 0 0 0 0.143448 2.58918 0.0107835 0 0 0 0 0 2.384 303 55 2 2 0
./complex_md-fit-dt500_440.pdb_reres.pdb BC A 9.51974 34.5614 -4.70806 -5.34249 -7.59295 -21.3315 -1.07845 36.6539 -20.3748 6.16797 6.73353 1.07638 0 0 0 0.414054 2.48005 -0.0337943 0 0 0 0 0 2.384 303 47 0 0 0
./complex_md-fit-dt500_441.pdb_reres.pdb BC A 10.6093 29.2642 -11.5435 -7.43676 -12.7161 -21.7797 -1.07009 36.2526 -21.4558 6.17442 8.25481 2.13045 0 0 0 0.102683 2.26939 0 0 0 0 0 0 2.384 303 47 1 1 0
./complex_md-fit-dt500_442.pdb_reres.pdb BC A 7.33016 38.4443 -4.61969 -5.68701 -11.045 -21.7703 -1.04605 37.621 -21.5587 5.74209 9.91693 2.66288 0 0 0 0.574993 2.31255 -0.0305452 0 0 0 0 0 2.384 303 47 1 1 0
./complex_md-fit-dt500_443.pdb_reres.pdb BC A 10.0018 26.6116 -7.62913 -6.14974 -11.9062 -22.3899 -1.03347 39.5083 -21.9959 5.97461 8.21535 2.10307 0 0 0 0.0654619 2.35782 -0.0207231 0 0 0 0 0 2.384 303 52 1 1 0
./complex_md-fit-dt500_444.pdb_reres.pdb BC A 6.42844 35.3636 -10.8156 -6.54234 -11.8377 -22.4257 -0.965872 38.9712 -22.0068 3.49358 7.97685 2.15598 0 0 0 0.380392 2.74875 -0.0151966 0 0 0 0 0 2.384 303 50 0 0 0
./complex_md-fit-dt500_445.pdb_reres.pdb BC A 7.34789 36.72 -10.1424 -5.99981 -9.08618 -22.8408 -0.93906 37.8695 -22.7289 4.23353 6.77706 2.2052 0 0 0 0.417174 2.60947 -0.0500354 0 0 0 0 0 2.384 303 49 1 1 0
./complex_md-fit-dt500_446.pdb_reres.pdb BC A 7.55868 37.1969 -10.9235 -6.85494 -11.7085 -22.5856 -1.12982 38.2247 -22.144 4.38538 8.74284 1.85054 0 0 0 0.329904 2.61264 -0.0338912 0 0 0 0 0 2.384 303 48 0 0 0
./complex_md-fit-dt500_447.pdb_reres.pdb BC A 5.87817 38.5488 -9.31618 -5.85527 -12.9409 -21.6138 -0.94701 37.6645 -21.0385 4.16425 8.75602 2.2221 0 0 0 0.31586 1.76008 -0.0434149 0 0 0 0 0 2.384 303 50 0 0 0
./complex_md-fit-dt500_448.pdb_reres.pdb BC A 7.20007 27.3329 -4.71013 -3.73674 -8.90845 -21.6385 -1.01693 38.0519 -21.3443 4.83835 5.73175 2.82785 0 0 0 0.512714 2.95681 -0.0277131 0 0 0 0 0 2.384 303 53 0 0 0
./complex_md-fit-dt500_449.pdb_reres.pdb BC A 8.51067 31.255 -7.68534 -7.4333 -9.0812 -23.0055 -0.962201 39.1598 -22.7172 5.28896 8.42408 2.50153 0 0 0 0.179391 2.4533 -0.0397101 0 0 0 0 0 2.384 303 49 0 0 0
./complex_md-fit-dt500_44.pdb_reres.pdb BC A 9.68966 32.8003 -10.8159 -10.1022 -10.3449 -27.2438 -1.30476 46.7244 -26.7984 4.0886 10.0179 3.90506 0 0 0 0.26297 2.4519 -0.0207741 0 0 0 0 0 2.384 303 53 0 0 0
./complex_md-fit-dt500_450.pdb_reres.pdb BC A 8.48074 32.8944 -8.55077 -5.56403 -10.1046 -22.4074 -1.01866 38.545 -22.4022 4.05305 7.70277 2.13016 0 0 0 0.552211 2.24256 -0.0370867 0 0 0 0 0 2.384 303 48 0 0 0
./complex_md-fit-dt500_451.pdb_reres.pdb BC A 7.25005 29.0391 -8.94571 -5.84078 -10.4577 -22.6341 -1.00262 39.6642 -22.1572 4.69625 6.78009 1.82761 0 0 0 0.239658 2.63284 -0.0611196 0 0 0 0 0 2.384 303 50 0 0 0
./complex_md-fit-dt500_452.pdb_reres.pdb BC A 8.29192 25.0896 -10.371 -5.50699 -10.3121 -21.6436 -0.94408 35.9243 -21.1946 3.30804 7.96372 1.78607 0 0 0 0.280152 2.39819 -0.0319492 0 0 0 0 0 2.384 303 48 0 0 0
./complex_md-fit-dt500_453.pdb_reres.pdb BC A 7.26806 34.9827 -10.4146 -6.48751 -10.3885 -21.5842 -1.00218 36.4066 -21.3002 5.73355 6.11056 1.88252 0 0 0 0.241377 2.63296 -0.0266794 0 0 0 0 0 2.384 303 49 1 1 0
./complex_md-fit-dt500_454.pdb_reres.pdb BC A 6.11904 28.327 -6.88306 -3.09774 -7.71211 -20.861 -0.901111 34.7462 -21.3528 3.89604 5.55042 2.51887 0 0 0 0.351737 2.03412 -0.0215124 0 0 0 0 0 2.384 303 45 0 0 0
./complex_md-fit-dt500_455.pdb_reres.pdb BC A 5.12026 32.5692 -10.9689 -5.40375 -10.9274 -22.7732 -0.878017 37.2815 -22.7373 5.76152 7.35126 0.826836 0 0 0 0.576114 2.35143 -0.0465494 0 0 0 0 0 2.384 303 49 1 1 0
./complex_md-fit-dt500_456.pdb_reres.pdb BC A 7.82362 30.1624 -3.4508 -6.00995 -10.2191 -23.5847 -1.00137 40.7739 -23.2995 7.16541 8.56945 3.89212 0 0 0 0.282327 2.62138 -0.0193206 0 0 0 0 0 2.384 303 51 1 1 0
./complex_md-fit-dt500_457.pdb_reres.pdb BC A 9.29576 35.1326 -8.08798 -3.95257 -7.57328 -22.4516 -1.02567 38.165 -22.1604 2.78447 6.74248 1.27532 0 0 0 0.145342 2.95662 -0.0371786 0 0 0 0 0 2.384 303 46 0 0 0
./complex_md-fit-dt500_458.pdb_reres.pdb BC A 9.92674 33.1709 -8.79858 -5.07794 -10.7504 -21.6362 -0.916218 35.847 -21.7766 4.58534 8.21595 2.38142 0 0 0 0.342544 2.63888 -0.0133704 0 0 0 0 0 2.384 303 50 0 0 0
./complex_md-fit-dt500_459.pdb_reres.pdb BC A 8.62495 34.225 -3.325 -2.38244 -6.7898 -21.5207 -0.832714 36.6212 -21.215 4.38995 6.62182 1.44573 0 0 0 0.357932 2.66393 -0.0210143 0 0 0 0 0 2.384 303 48 0 0 0
./complex_md-fit-dt500_45.pdb_reres.pdb BC A 6.58425 33.0835 -12.5354 -11.2232 -10.6838 -26.8543 -1.42066 44.1409 -26.7359 4.30412 9.81278 4.68235 0 0 0 1.4136 2.64127 0.0286491 0 0 0 0 0 2.384 303 56 0 0 0
./complex_md-fit-dt500_460.pdb_reres.pdb BC A 6.79644 33.1491 -6.98972 -5.10734 -9.75653 -21.991 -1.00912 38.2446 -21.4718 2.91932 8.13538 2.79532 0 0 0 0.27511 2.54666 -0.0236875 0 0 0 0 0 2.384 303 49 0 0 0
./complex_md-fit-dt500_461.pdb_reres.pdb BC A 6.01779 34.1767 -11.1912 -6.18258 -10.8002 -21.141 -1.1372 36.0479 -21.0279 3.748 7.3088 1.90888 0 0 0 0.0841857 2.21438 0 0 0 0 0 0 2.384 303 48 1 1 0
./complex_md-fit-dt500_462.pdb_reres.pdb BC A 7.75418 26.6099 -6.02283 -3.93464 -8.17479 -20.5368 -1.12924 35.1993 -20.5972 3.6604 6.55904 2.78773 0 0 0 0.166153 2.24193 -0.0228031 0 0 0 0 0 2.384 303 46 0 0 0
./complex_md-fit-dt500_463.pdb_reres.pdb BC A 7.52856 30.768 -5.29512 -4.95834 -8.04616 -22.5361 -0.944016 39.3575 -22.5498 3.60306 8.3817 2.08867 0 0 0 0.329507 2.68195 -0.0211236 0 0 0 0 0 2.384 303 51 0 0 0
./complex_md-fit-dt500_464.pdb_reres.pdb BC A 8.85658 25.9898 -12.439 -5.81821 -11.6726 -21.5915 -0.937044 36.1892 -21.468 4.82496 6.99261 0.887694 0 0 0 0.151291 2.47944 0.0026141 0 0 0 0 0 2.384 303 49 0 0 0
./complex_md-fit-dt500_465.pdb_reres.pdb BC A 7.91392 33.7173 -10.1434 -3.77678 -9.22801 -21.2198 -0.947559 35.6896 -21.4496 2.73268 6.90488 1.09189 0 0 0 0.113729 2.37473 -0.0544189 0 0 0 0 0 2.384 303 50 0 0 0
./complex_md-fit-dt500_466.pdb_reres.pdb BC A 9.32373 19.1113 -7.48331 -5.92441 -9.56309 -22.03 -0.815728 37.513 -21.8642 5.68524 7.07824 2.29562 0 0 0 0.200154 2.61771 -0.0580737 0 0 0 0 0 2.384 303 49 0 0 0
./complex_md-fit-dt500_467.pdb_reres.pdb BC A 11.5015 31.2576 -4.24015 -4.30135 -8.34973 -23.4902 -0.877434 40.8478 -23.6908 5.57156 6.62009 2.82861 0 0 0 0.627312 2.86032 -0.0259576 0 0 0 0 0 2.384 303 53 1 1 0
./complex_md-fit-dt500_468.pdb_reres.pdb BC A 8.05063 30.987 -9.96624 -5.49363 -11.8818 -23.4884 -0.795568 39.4128 -23.691 4.59811 7.74117 3.06302 0 0 0 0.593407 2.33408 -0.0243267 0 0 0 0 0 2.384 303 47 1 1 0
./complex_md-fit-dt500_469.pdb_reres.pdb BC A 8.01408 30.6769 -11.4918 -6.88609 -9.84177 -21.5125 -0.859229 36.5159 -21.3118 3.01871 7.04223 2.21254 0 0 0 0.153546 2.56294 -0.0232293 0 0 0 0 0 2.384 303 49 0 0 0
./complex_md-fit-dt500_46.pdb_reres.pdb BC A 7.08591 37.1267 -17.2868 -12.4074 -12.1836 -27.1638 -1.0279 44.8712 -27.1813 2.26425 11.1377 3.86575 0 0 0 0.547574 2.42956 -0.0200737 0 0 0 0 0.0108585 2.384 303 53 0 0 0
./complex_md-fit-dt500_470.pdb_reres.pdb BC A 8.26531 28.5646 -8.42678 -5.45717 -9.20396 -22.5979 -0.8115 38.0602 -22.7465 3.80261 6.4773 3.70411 0 0 0 0.345984 2.67051 0 0 0 0 0 0 2.384 303 52 0 0 0
./complex_md-fit-dt500_471.pdb_reres.pdb BC A 6.75336 37.0571 -3.77856 -4.25798 -7.01289 -21.2323 -0.902624 36.9758 -20.5044 3.99604 7.07796 1.89557 0 0 0 0.235579 2.37209 -0.0492517 0 0 0 0 0 2.384 303 49 0 0 0
./complex_md-fit-dt500_472.pdb_reres.pdb BC A 6.14751 31.2124 -8.44889 -6.29352 -9.51817 -21.3024 -0.922133 35.8455 -21.4321 5.62328 6.23507 2.67399 0 0 0 0.696074 2.65773 -0.054473 0 0 0 0 0 2.384 303 53 1 1 0
./complex_md-fit-dt500_473.pdb_reres.pdb BC A 6.28513 36.1555 -9.49276 -3.65222 -9.92531 -21.1994 -0.902472 34.691 -21.459 3.46903 6.48555 2.45842 0 0 0 0.558123 2.72258 -0.016439 0 0 0 0 0 2.384 303 49 0 0 0
./complex_md-fit-dt500_474.pdb_reres.pdb BC A 8.1947 29.6213 -13.3051 -5.69149 -10.2397 -20.2405 -0.998549 32.8462 -19.2922 2.02509 6.4405 1.58466 0 0 0 0.270986 2.58317 -0.0101489 0 0 0 0 0 2.384 303 49 0 0 0
./complex_md-fit-dt500_475.pdb_reres.pdb BC A 7.65972 24.9095 -8.82874 -5.32189 -8.56011 -20.2133 -0.919378 33.9224 -19.8204 4.36879 5.97035 1.58256 0 0 0 0.128686 2.13388 0.0336053 0 0 0 0 0 2.384 303 47 1 1 0
./complex_md-fit-dt500_476.pdb_reres.pdb BC A 6.02379 31.0677 -10.338 -5.78393 -9.72727 -23.1834 -0.868221 38.9148 -22.6048 4.2604 7.69985 0.770045 0 0 0 0.18957 3.03902 -0.00508615 0 0 0 0 0 2.384 303 51 0 0 0
./complex_md-fit-dt500_477.pdb_reres.pdb BC A 7.07639 32.3549 -10.8605 -6.01171 -10.925 -21.9541 -1.08115 36.5065 -21.266 4.22092 7.51182 2.02401 0 0 0 0.114171 2.42152 0.000100872 0 0 0 0 0 2.384 303 48 1 1 0
./complex_md-fit-dt500_478.pdb_reres.pdb BC A 5.5766 29.0979 -8.58665 -6.58977 -9.55941 -21.6658 -1.10536 37.487 -21.1625 4.48167 7.83697 1.55729 0 0 0 0.120536 2.28946 0.0127479 0 0 0 0 0 2.384 303 50 1 1 0
./complex_md-fit-dt500_479.pdb_reres.pdb BC A 7.3575 28.9802 -14.2516 -5.69878 -10.7252 -20.7247 -1.2387 33.7327 -20.2675 3.31248 5.95258 1.20026 0 0 0 0.22508 2.49707 -0.0197639 0 0 0 0 0 2.384 303 48 0 0 0
./complex_md-fit-dt500_47.pdb_reres.pdb BC A 7.28011 28.4829 -8.87789 -10.255 -9.40641 -26.8196 -1.4249 44.8882 -26.2561 6.64764 9.43508 3.89912 0 0 0 0.396675 4.22889 -0.0154506 0 0 0 0 0.0328882 2.384 303 54 2 2 0
./complex_md-fit-dt500_480.pdb_reres.pdb BC A 8.16032 29.2885 -9.22822 -5.33574 -10.692 -20.7095 -0.905897 34.795 -20.3093 3.56319 7.48064 2.57739 0 0 0 0.317749 2.28658 -0.00974759 0 0 0 0 0 2.384 303 49 0 0 0
./complex_md-fit-dt500_481.pdb_reres.pdb BC A 8.62364 33.0516 -3.67349 -5.14364 -9.42335 -21.5909 -0.978567 37.4395 -21.059 5.68597 7.09549 4.00966 0 0 0 0.29125 2.21138 0 0 0 0 0 0 2.384 303 49 0 0 0
./complex_md-fit-dt500_482.pdb_reres.pdb BC A 8.89226 34.5292 -5.33053 -6.07191 -8.33695 -21.7841 -1.08114 36.1533 -21.5605 6.80017 7.64856 2.72747 0 0 0 0.198989 2.45676 -0.0245395 0 0 0 0 0 2.384 303 50 0 0 0
./complex_md-fit-dt500_483.pdb_reres.pdb BC A 7.58373 31.0129 -14.4841 -8.53757 -12.4884 -21.3156 -1.10203 34.9764 -21.3192 2.86001 9.50494 2.47912 0 0 0 0.486025 1.95891 -0.027813 0 0 0 0 0 2.384 303 48 0 0 0
./complex_md-fit-dt500_484.pdb_reres.pdb BC A 6.53133 34.9602 -10.35 -5.66295 -10.9563 -20.4093 -1.04171 34.9499 -19.8778 3.18841 8.01826 1.22079 0 0 0 0.220767 2.28224 0 0 0 0 0 0 2.384 303 44 0 0 0
./complex_md-fit-dt500_485.pdb_reres.pdb BC A 6.59861 28.6229 -5.89601 -3.67476 -9.94259 -22.7382 -0.949259 38.6758 -22.4729 4.42589 8.12778 2.54605 0 0 0 0.159097 2.65731 -0.053033 0 0 0 0 0 2.384 303 47 0 0 0
./complex_md-fit-dt500_486.pdb_reres.pdb BC A 7.46501 32.0687 -8.46893 -7.24816 -10.8346 -22.4847 -0.92703 38.8081 -21.997 6.2696 9.23002 0.579399 0 0 0 0.190082 2.88027 -0.0546862 0 0 0 0 0 2.384 303 51 0 0 0
./complex_md-fit-dt500_487.pdb_reres.pdb BC A 7.02276 29.6603 -8.65256 -4.92944 -9.97603 -22.2347 -1.06538 37.8272 -21.9507 4.26833 8.3119 0.936105 0 0 0 0.207332 2.8903 -0.0471378 0 0 0 0 0 2.384 303 49 0 0 0
./complex_md-fit-dt500_488.pdb_reres.pdb BC A 7.04284 26.4874 -4.57838 -5.63022 -7.16819 -22.9463 -1.17865 40.1337 -22.5834 4.68679 8.00376 1.91407 0 0 0 0.211929 2.6242 -0.0218517 0 0 0 0 0 2.384 303 50 0 0 0
./complex_md-fit-dt500_489.pdb_reres.pdb BC A 6.71529 26.7585 -12.8939 -5.92372 -11.0019 -23.0934 -0.982016 38.5623 -22.8893 3.35789 7.58758 1.33759 0 0 0 0.198908 2.36886 -0.0478435 0 0 0 0 0 2.384 303 51 0 0 0
./complex_md-fit-dt500_48.pdb_reres.pdb BC A 6.81053 24.7493 -14.0888 -7.99904 -11.8573 -24.3509 -1.30489 41.2469 -23.787 2.02304 7.48049 3.87566 0 0 0 0.545355 2.20376 0 0 0 0 0 0.0388094 2.384 303 55 0 0 0
./complex_md-fit-dt500_490.pdb_reres.pdb BC A 7.74046 36.2646 -8.65742 -5.40715 -9.0948 -21.1633 -1.19468 35.6345 -20.8558 3.96519 8.02322 1.19155 0 0 0 0.263608 2.20949 -0.0197661 0 0 0 0 0 2.384 303 48 0 0 0
./complex_md-fit-dt500_491.pdb_reres.pdb BC A 7.70223 28.2465 -5.31873 -4.17541 -6.37018 -21.7753 -0.855384 36.844 -21.7842 3.81735 7.23766 1.20441 0 0 0 0.561535 2.48872 -0.0232416 0 0 0 0 0 2.384 303 51 0 0 0
./complex_md-fit-dt500_492.pdb_reres.pdb BC A 8.25939 26.6182 -4.30012 -5.55462 -9.38002 -22.5653 -1.1432 39.7611 -22.332 6.27603 7.89245 2.23066 0 0 0 0.541256 2.41886 -0.0264279 0 0 0 0 0 2.384 303 50 0 0 0
./complex_md-fit-dt500_493.pdb_reres.pdb BC A 7.12423 32.5582 -2.6193 -4.80341 -7.65309 -22.2564 -0.968626 37.1401 -22.2812 8.34351 7.82588 1.87057 0 0 0 0.203925 2.61359 -0.0406228 0 0 0 0 0 2.384 303 50 2 2 0
./complex_md-fit-dt500_494.pdb_reres.pdb BC A 7.34735 33.5765 -1.4451 -2.97744 -5.69189 -21.0402 -0.990856 34.4344 -21.0242 5.63741 8.11689 2.01427 0 0 0 0.0905055 2.1491 -0.0139221 0 0 0 0 0 2.384 303 45 1 1 0
./complex_md-fit-dt500_495.pdb_reres.pdb BC A 8.71035 22.3145 -12.5734 -5.46463 -12.5857 -22.3319 -1.03546 37.1194 -21.8176 3.02946 8.54716 1.65154 0 0 0 0.330701 2.16727 -0.016373 0 0 0 0 0 2.384 303 46 0 0 0
./complex_md-fit-dt500_496.pdb_reres.pdb BC A 8.30483 28.9831 -6.56405 -4.12777 -7.69788 -22.1512 -0.845332 36.8104 -21.9137 4.39806 7.23087 1.54884 0 0 0 0.216479 2.32392 -0.0328919 0 0 0 0 0 2.384 303 50 0 0 0
./complex_md-fit-dt500_497.pdb_reres.pdb BC A 6.999 23.6868 -3.87002 -2.95461 -7.57112 -22.4082 -0.949372 37.4666 -22.021 4.27415 6.43511 2.90757 0 0 0 0.950867 2.7826 0 0 0 0 0 0 2.384 303 49 0 0 0
./complex_md-fit-dt500_498.pdb_reres.pdb BC A 8.21871 27.7697 -5.22284 -5.84702 -11.2165 -23.3062 -1.23904 40.7548 -22.7963 8.42011 7.9013 1.99073 0 0 0 0.13085 2.77033 -0.0155537 0 0 0 0 0 2.384 303 49 1 1 0
./complex_md-fit-dt500_499.pdb_reres.pdb BC A 5.68914 27.1754 -7.36063 -4.85421 -9.28424 -22.4724 -1.13325 38.7217 -22.0516 3.89164 7.8727 1.51318 0 0 0 0.458393 2.45466 -0.0224547 0 0 0 0 0 2.384 303 49 0 0 0
./complex_md-fit-dt500_49.pdb_reres.pdb BC A 7.76539 30.4037 -1.2163 -8.67907 -4.58424 -25.633 -1.19503 44.4961 -25.3542 7.07162 8.00967 4.32511 0 0 0 0.314453 2.79198 -0.0221402 0 0 0 0 0.0343649 2.384 303 54 1 1 0
./complex_md-fit-dt500_4.pdb_reres.pdb BC A 11.0946 32.374 -1.54164 -9.85001 -5.79374 -24.0338 -0.76627 44.3323 -22.8153 6.18771 7.80928 2.42255 0 0 0 0.960053 2.25583 1.11022e-16 0 0 0 0 0.00559254 2.384 303 54 0 0 0
./complex_md-fit-dt500_500.pdb_reres.pdb BC A 6.44901 30.2684 -11.8903 -6.9683 -10.5576 -21.9969 -1.14373 35.7212 -21.6062 5.29283 8.0336 1.10547 0 0 0 0.245791 2.06415 -0.0164959 0 0 0 0 0 2.384 303 48 0 0 0
./complex_md-fit-dt500_501.pdb_reres.pdb BC A 7.59513 28.2106 -7.96293 -5.03624 -7.17878 -21.1247 -0.99406 35.9305 -20.9823 3.37806 6.74249 0.690822 0 0 0 0.611277 2.04655 0 0 0 0 0 0 2.384 303 49 0 0 0
./complex_md-fit-dt500_502.pdb_reres.pdb BC A 5.89942 47.3074 -10.7818 -5.78315 -10.8028 -20.9689 -1.03077 35.2701 -20.7443 4.81318 7.48495 0.552169 0 0 0 0.427663 1.62536 -5.55112e-17 0 0 0 0 0 2.384 303 46 1 1 0
./complex_md-fit-dt500_503.pdb_reres.pdb BC A 8.26344 28.9173 -5.40541 -4.87932 -7.63628 -21.6426 -0.94679 36.9505 -21.3068 3.81884 8.26127 1.35254 0 0 0 0.623199 2.27603 -2.22045e-16 0 0 0 0 0 2.384 303 45 0 0 0
./complex_md-fit-dt500_504.pdb_reres.pdb BC A 7.29598 29.5675 -5.92503 -4.66271 -8.20744 -21.9434 -0.899654 37.2042 -21.4863 5.98836 5.92481 2.00795 0 0 0 0.169429 2.77401 -0.0203295 0 0 0 0 0 2.384 303 48 1 1 0
./complex_md-fit-dt500_505.pdb_reres.pdb BC A 8.90872 28.6485 -9.92579 -5.64368 -8.52765 -22.1385 -0.859434 37.1959 -21.9593 3.03064 6.38734 2.49818 0 0 0 0.109989 2.27078 -0.0193062 0 0 0 0 0 2.384 303 48 0 0 0
./complex_md-fit-dt500_506.pdb_reres.pdb BC A 7.47811 27.6415 -5.89575 -5.8762 -10.4547 -22.673 -1.13912 39.9055 -22.0062 5.08039 8.66169 2.01836 0 0 0 0.587554 2.77259 -1.11022e-16 0 0 0 0 0 2.384 303 46 1 1 0
./complex_md-fit-dt500_507.pdb_reres.pdb BC A 9.24232 35.0008 -9.49435 -5.55202 -9.59358 -23.4565 -0.911323 39.7805 -23.1695 3.68176 7.42151 1.58889 0 0 0 0.715867 2.40873 -2.77556e-17 0 0 0 0 0 2.384 303 47 0 0 0
./complex_md-fit-dt500_508.pdb_reres.pdb BC A 7.5494 33.8426 -1.38022 -5.17969 -9.04346 -23.7465 -1.08621 41.7677 -23.5301 8.70113 7.46647 2.71207 0 0 0 0.582106 2.42437 -0.0236931 0 0 0 0 0 2.384 303 49 3 3 0
./complex_md-fit-dt500_509.pdb_reres.pdb BC A 7.04327 34.8309 -13.5413 -6.97765 -11.2444 -21.9099 -1.02353 35.9169 -22.1721 3.18901 7.27041 3.13747 0 0 0 0.272528 2.30787 0 0 0 0 0 0 2.384 303 47 0 0 0
./complex_md-fit-dt500_50.pdb_reres.pdb BC A 7.53122 29.3355 -10.3425 -8.1688 -8.91457 -24.506 -1.4132 42.905 -24.2434 2.87969 7.88526 2.99758 0 0 0 0.215768 3.96656 -0.0220869 0 0 0 0 0.0423536 2.384 303 50 0 0 0
./complex_md-fit-dt500_510.pdb_reres.pdb BC A 7.81687 29.3222 -7.14869 -3.72151 -8.52144 -20.4797 -1.03133 34.7678 -19.9131 4.04017 6.54837 0.831986 0 0 0 0.330135 2.01597 0 0 0 0 0 0 2.384 303 47 0 0 0
./complex_md-fit-dt500_511.pdb_reres.pdb BC A 6.51248 32.4714 -10.76 -5.99371 -10.3607 -22.1763 -1.05451 38.235 -21.7177 2.02137 9.38298 0.399581 0 0 0 0.547735 4.00785 -0.0436083 0 0 0 0 0 2.384 303 51 0 0 0
./complex_md-fit-dt500_512.pdb_reres.pdb BC A 11.1352 28.1064 -10.0772 -5.50633 -11.6158 -22.2441 -0.895873 38.3916 -21.5173 4.31906 7.57312 1.08632 0 0 0 0.332036 2.52001 -5.55112e-17 0 0 0 0 0 2.384 303 51 0 0 0
./complex_md-fit-dt500_513.pdb_reres.pdb BC A 5.76006 34.1446 -9.26141 -7.63178 -9.02542 -23.3666 -1.07387 40.553 -23.0102 4.75941 7.9212 1.097 0 0 0 0.566121 2.32186 -0.0503581 0 0 0 0 0 2.384 303 49 0 0 0
./complex_md-fit-dt500_514.pdb_reres.pdb BC A 7.56233 24.4921 -14.5721 -6.9901 -12.5228 -22.7212 -1.09988 37.1575 -22.6573 2.61888 9.38705 1.8895 0 0 0 0.407974 2.20708 -0.0416604 0 0 0 0 0 2.384 303 47 0 0 0
./complex_md-fit-dt500_515.pdb_reres.pdb BC A 6.51684 29.6288 -14.9301 -7.76892 -12.1847 -21.3961 -1.02788 35.6463 -20.9828 2.49378 8.9502 1.0999 0 0 0 0.263749 2.33739 -0.0236158 0 0 0 0 0 2.384 303 47 0 0 0
./complex_md-fit-dt500_516.pdb_reres.pdb BC A 5.79383 30.8016 -11.0278 -5.16043 -8.97139 -21.0071 -0.943129 34.1887 -20.6122 2.87683 7.55699 0.517196 0 0 0 0.549897 2.2666 -0.023163 0 0 0 0 0 2.384 303 48 0 0 0
./complex_md-fit-dt500_517.pdb_reres.pdb BC A 8.05718 28.8212 -11.7517 -7.40874 -10.7544 -22.0102 -0.872533 36.9173 -21.4111 3.02958 8.47548 2.1182 0 0 0 0.189104 2.27528 -0.0245229 0 0 0 0 0 2.384 303 49 0 0 0
./complex_md-fit-dt500_518.pdb_reres.pdb BC A 7.54327 34.51 -8.014 -6.00428 -8.06839 -22.3132 -0.826999 37.7815 -22.0071 3.67635 7.10158 2.26258 0 0 0 0.408563 2.51015 -0.024552 0 0 0 0 0 2.384 303 46 0 0 0
./complex_md-fit-dt500_519.pdb_reres.pdb BC A 7.71305 26.5563 -5.77678 -4.56874 -9.3469 -22.0114 -0.939877 38.004 -21.8209 4.80299 7.61718 2.22402 0 0 0 0.262836 2.61302 0 0 0 0 0 0 2.384 303 53 0 0 0
./complex_md-fit-dt500_51.pdb_reres.pdb BC A 6.86318 29.5297 -5.24179 -8.59342 -7.44345 -24.8481 -1.32907 43.3631 -24.1409 7.85422 6.48913 2.98906 0 0 0 0.405196 2.845 -0.0209257 0 0 0 0 0.0332852 2.384 303 50 2 2 0
./complex_md-fit-dt500_520.pdb_reres.pdb BC A 6.32173 31.2101 -4.69111 -5.51255 -7.1439 -21.6915 -1.11159 37.2399 -21.4443 4.3062 8.61573 1.41675 0 0 0 0.663084 2.6596 -0.0288656 0 0 0 0 0 2.384 303 50 0 0 0
./complex_md-fit-dt500_521.pdb_reres.pdb BC A 8.62055 26.5839 -13.3838 -7.93652 -12.3298 -22.0927 -0.970367 37.936 -21.3454 1.68893 8.54737 2.55953 0 0 0 0.572208 2.83505 -0.012994 0 0 0 0 0 2.384 303 49 0 0 0
./complex_md-fit-dt500_522.pdb_reres.pdb BC A 9.60951 35.4472 -4.79308 -5.93971 -8.48719 -22.8932 -0.970128 40.0571 -22.3233 4.65231 8.1692 2.54806 0 0 0 0.420333 2.7449 -0.026454 0 0 0 0 0 2.384 303 51 0 0 0
./complex_md-fit-dt500_523.pdb_reres.pdb BC A 5.44276 30.1816 -11.4739 -5.16045 -10.0363 -21.5761 -0.885502 36.2494 -21.6292 3.03418 7.00251 1.23341 0 0 0 0.343584 2.59057 -0.0495449 0 0 0 0 0 2.384 303 50 0 0 0
./complex_md-fit-dt500_524.pdb_reres.pdb BC A 7.57018 32.2547 -14.2404 -6.82714 -12.4922 -22.5179 -0.915543 38.0101 -22.4495 3.65794 7.01372 1.76013 0 0 0 0.545785 2.89686 -0.0258226 0 0 0 0 0 2.384 303 52 0 0 0
./complex_md-fit-dt500_525.pdb_reres.pdb BC A 5.10505 26.8466 -15.46 -6.34931 -11.0442 -21.7364 -1.07293 36.2699 -21.3554 1.37219 7.36468 0.944422 0 0 0 0.199629 2.69917 -0.0525325 0 0 0 0 0 2.384 303 48 0 0 0
./complex_md-fit-dt500_526.pdb_reres.pdb BC A 5.71317 27.9075 -7.31472 -8.00827 -9.60174 -22.9533 -1.14675 39.9686 -22.3047 5.985 9.18198 1.48583 0 0 0 0.0787024 2.65857 0 0 0 0 0 0 2.384 303 50 1 1 0
./complex_md-fit-dt500_527.pdb_reres.pdb BC A 7.36319 26.712 -5.03944 -5.86145 -10.6517 -22.7429 -1.12249 40.3325 -22.3509 7.22697 8.89534 0.986633 0 0 0 0.297404 2.5846 -0.0487464 0 0 0 0 0 2.384 303 51 1 1 0
./complex_md-fit-dt500_528.pdb_reres.pdb BC A 8.1226 24.3441 -5.46569 -5.86562 -8.43787 -21.8207 -1.02112 38.3204 -21.4496 5.03929 7.82463 1.70549 0 0 0 0.255398 2.5886 -0.0159571 0 0 0 0 0 2.384 303 51 0 0 0
./complex_md-fit-dt500_529.pdb_reres.pdb BC A 8.59108 31.1916 -12.966 -5.13957 -9.54448 -21.5436 -0.937431 35.9514 -21.2687 2.56251 6.20296 0.479363 0 0 0 0.271526 2.86229 0 0 0 0 0 0 2.384 303 51 0 0 0
./complex_md-fit-dt500_52.pdb_reres.pdb BC A 8.67756 31.3554 -9.58081 -10.2418 -11.2351 -23.6907 -1.42166 42.1663 -22.8852 4.51332 9.04897 3.42786 0 0 0 0.690868 2.67261 0.000975682 0 0 0 0 0.045301 2.384 303 51 1 1 0
./complex_md-fit-dt500_530.pdb_reres.pdb BC A 7.5838 28.5026 -10.3096 -5.25669 -10.9452 -23.2722 -0.970909 40.3797 -22.939 4.00729 6.3365 1.87459 0 0 0 0.516247 2.93115 -0.0399947 0 0 0 0 0 2.384 303 52 0 0 0
./complex_md-fit-dt500_531.pdb_reres.pdb BC A 9.04349 26.5192 -5.29078 -6.67013 -7.97423 -23.2203 -1.08992 41.3742 -21.8879 5.5782 7.50965 0.786122 0 0 0 0.31252 3.10108 -0.0137932 0 0 0 0 0.00472313 2.384 303 50 1 1 0
./complex_md-fit-dt500_532.pdb_reres.pdb BC A 7.76426 28.0514 -4.51315 -3.6859 -8.18022 -22.1662 -1.00234 37.2608 -21.7303 6.84956 6.9428 0.909871 0 0 0 0.339918 2.70201 -0.0510955 0 0 0 0 2.22045e-16 2.384 303 45 0 0 0
./complex_md-fit-dt500_533.pdb_reres.pdb BC A 5.91938 28.445 0.00406767 -5.6655 -5.87863 -22.7546 -1.08324 40.324 -22.0829 8.573 7.65952 0.870887 0 0 0 0.0923986 2.5525 -0.0509791 0 0 0 0 0 2.384 303 50 1 1 0
./complex_md-fit-dt500_534.pdb_reres.pdb BC A 6.01561 33.0315 -9.8205 -6.91612 -11.394 -22.1017 -1.04093 37.6391 -21.0795 5.68804 8.13462 1.18771 0 0 0 0.0825208 2.89557 -0.0202552 0 0 0 0 0 2.384 303 48 0 0 0
./complex_md-fit-dt500_535.pdb_reres.pdb BC A 8.6863 26.465 -8.2568 -4.65314 -10.785 -22.1755 -0.92506 39.208 -21.3903 5.2697 5.14874 1.88614 0 0 0 0.212722 2.81976 -0.0532023 0 0 0 0 0 2.384 303 49 0 0 0
./complex_md-fit-dt500_536.pdb_reres.pdb BC A 7.28392 26.4342 -16.91 -6.55832 -11.9507 -22.7359 -0.901601 37.4322 -22.1505 0.989957 7.12014 1.37448 0 0 0 0.508578 2.6877 -0.0382933 0 0 0 0 0 2.384 303 47 0 0 0
./complex_md-fit-dt500_537.pdb_reres.pdb BC A 11.415 29.637 -13.6158 -6.74969 -11.936 -23.2499 -1.02085 39.3595 -23.0539 2.99666 7.46174 2.4518 0 0 0 0.128041 2.96203 -0.00311535 0 0 0 0 0 2.384 303 50 0 0 0
./complex_md-fit-dt500_538.pdb_reres.pdb BC A 5.91941 26.8487 -9.92848 -6.7897 -11.3261 -22.2086 -1.07866 39.4423 -21.611 3.37465 7.68012 2.3863 0 0 0 0.237861 2.67203 -0.0355947 0 0 0 0 0 2.384 303 50 0 0 0
./complex_md-fit-dt500_539.pdb_reres.pdb BC A 8.96077 32.7005 -14.2026 -7.03077 -12.5508 -21.8905 -0.961585 36.7995 -21.4856 4.30396 7.26797 1.04902 0 0 0 0.349791 2.59166 -0.0535966 0 0 0 0 0 2.384 303 49 1 1 0
./complex_md-fit-dt500_53.pdb_reres.pdb BC A 7.59746 33.895 -11.8023 -8.87859 -9.02338 -24.6775 -1.23993 42.4289 -24.3528 3.45464 7.14465 2.29097 0 0 0 1.00746 2.47119 -0.0210837 0 0 0 0 0.0644046 2.384 303 52 1 1 0
./complex_md-fit-dt500_540.pdb_reres.pdb BC A 7.29415 23.5537 -12.8079 -6.04001 -11.5493 -22.4473 -1.08839 37.8065 -22.0944 3.87346 7.17687 1.12558 0 0 0 0.487189 2.73677 -0.0579622 0 0 0 0 0 2.384 303 49 0 0 0
./complex_md-fit-dt500_541.pdb_reres.pdb BC A 6.84484 36.6182 -9.15561 -4.70337 -8.63777 -22.5547 -0.915401 38.8126 -22.2048 3.01907 6.98684 0.829716 0 0 0 0.224136 2.92008 -0.0120176 0 0 0 0 0 2.384 303 50 0 0 0
./complex_md-fit-dt500_542.pdb_reres.pdb BC A 8.60981 28.154 -8.98159 -5.47832 -9.55381 -22.3673 -0.914219 38.4018 -21.7625 5.38499 6.5507 0.530066 0 0 0 0.279489 2.59259 -0.0524723 0 0 0 0 2.22045e-16 2.384 303 46 1 1 0
./complex_md-fit-dt500_543.pdb_reres.pdb BC A 8.2278 24.839 -2.69046 -4.89698 -7.32098 -21.4104 -0.999168 37.5183 -20.8985 6.77576 7.10437 1.15907 0 0 0 0.287443 3.03273 -0.00942351 0 0 0 0 0 2.384 303 49 0 0 0
./complex_md-fit-dt500_544.pdb_reres.pdb BC A 8.48252 26.0637 -4.5917 -5.16577 -7.69921 -23.0144 -0.935718 39.6185 -22.7408 6.94165 6.34677 1.5789 0 0 0 0.433289 2.89218 0.0449855 0 0 0 0 0 2.384 303 49 1 1 0
./complex_md-fit-dt500_545.pdb_reres.pdb BC A 6.20183 31.4791 -9.90155 -6.21792 -10.4045 -21.0403 -0.978757 36.7924 -19.9198 4.06594 6.88617 0.80949 0 0 0 0.129605 2.6951 -0.0238759 0 0 0 0 0 2.384 303 48 0 0 0
./complex_md-fit-dt500_546.pdb_reres.pdb BC A 6.61854 29.8037 -14.8205 -7.55243 -9.89227 -23.087 -0.983232 38.462 -22.5525 1.79056 7.50296 1.22643 0 0 0 0.290375 2.43626 -0.0255146 0 0 0 0 0 2.384 303 48 0 0 0
./complex_md-fit-dt500_547.pdb_reres.pdb BC A 7.9084 24.0964 -12.5347 -6.227 -12.6269 -23.3063 -0.944254 40.3651 -22.9073 5.11198 5.82276 2.10654 0 0 0 0.124647 2.8834 -0.0540085 0 0 0 0 0 2.384 303 50 0 0 0
./complex_md-fit-dt500_548.pdb_reres.pdb BC A 7.10361 26.772 -17.3314 -7.30039 -12.5112 -22.1483 -0.940517 37.9312 -21.3782 1.31142 6.69943 0.73245 0 0 0 0.267247 2.70401 0.00538146 0 0 0 0 0 2.384 303 47 0 0 0
./complex_md-fit-dt500_549.pdb_reres.pdb BC A 8.23684 29.7759 -5.11294 -6.47359 -7.06806 -22.3256 -1.03089 38.9422 -21.6531 6.01642 6.97048 1.12888 0 0 0 0.427723 2.51709 -0.0475064 0 0 0 0 0 2.384 303 49 0 0 0
./complex_md-fit-dt500_54.pdb_reres.pdb BC A 7.22896 30.9101 -12.93 -11.7159 -12.7692 -24.7638 -1.26239 43.7339 -23.9123 5.21059 8.0118 4.18841 0 0 0 0.347603 3.27308 -0.0281893 0 0 0 0 0.0294174 2.384 303 51 0 0 0
./complex_md-fit-dt500_550.pdb_reres.pdb BC A 8.03325 28.8204 -6.39782 -4.43758 -9.10728 -22.913 -1.07436 40.4335 -22.4865 5.66838 6.23152 1.03121 0 0 0 0.280745 3.09522 -0.0244577 0 0 0 0 0 2.384 303 50 0 0 0
./complex_md-fit-dt500_551.pdb_reres.pdb BC A 7.368 25.3455 -8.77537 -6.70407 -8.04839 -21.8202 -1.13137 37.2211 -20.6517 3.97626 6.42502 1.86086 0 0 0 0.0934449 2.65762 0.00368399 0 0 0 0 0 2.384 303 51 1 1 0
./complex_md-fit-dt500_552.pdb_reres.pdb BC A 7.72139 33.7188 -10.6184 -6.22637 -8.9413 -21.2988 -1.071 36.1689 -20.6079 3.51246 6.25967 1.35708 0 0 0 0.228837 2.67067 -5.55112e-17 0 0 0 0 0 2.384 303 48 0 0 0
./complex_md-fit-dt500_553.pdb_reres.pdb BC A 8.29943 35.607 -10.3412 -6.13771 -12.2751 -22.1874 -1.12793 39.0036 -21.2388 5.5826 6.94064 0.90958 0 0 0 0.243988 2.91746 -0.0547689 0 0 0 0 0 2.384 303 52 1 1 0
./complex_md-fit-dt500_554.pdb_reres.pdb BC A 7.20697 29.3961 -11.9127 -5.74052 -11.2979 -21.3892 -0.951158 37.607 -20.7988 3.58967 6.4449 0.576351 0 0 0 0.0944328 2.30006 -0.0474987 0 0 0 0 0 2.384 303 50 0 0 0
./complex_md-fit-dt500_555.pdb_reres.pdb BC A 6.20004 40.1769 -11.0914 -6.98855 -9.85778 -21.2457 -0.802562 35.0967 -20.8911 3.96831 8.16644 1.36968 0 0 0 0.150727 2.53426 -0.0575505 0 0 0 0 0 2.384 303 50 0 0 0
./complex_md-fit-dt500_556.pdb_reres.pdb BC A 8.93268 29.0391 -14.9054 -7.25707 -10.9511 -21.4298 -1.03631 36.2082 -20.628 1.29352 7.87435 0.696038 0 0 0 0.362467 2.39109 -0.0377618 0 0 0 0 0 2.384 303 50 0 0 0
./complex_md-fit-dt500_557.pdb_reres.pdb BC A 7.41057 28.763 -5.81901 -4.44573 -9.95023 -22.347 -0.920387 39.2979 -21.8913 5.94235 6.67023 1.74272 0 0 0 0.118909 2.95349 -0.0365065 0 0 0 0 0 2.384 303 49 1 1 0
./complex_md-fit-dt500_558.pdb_reres.pdb BC A 7.04925 32.6003 -8.10243 -5.49877 -9.74137 -22.363 -0.940497 39.2655 -21.6595 4.3072 7.15145 1.04257 0 0 0 0.350901 3.19311 -0.0168476 0 0 0 0 0 2.384 303 50 0 0 0
./complex_md-fit-dt500_559.pdb_reres.pdb BC A 8.1731 35.5642 -5.63148 -4.76599 -9.44315 -22.068 -0.91611 38.0449 -21.4661 4.54584 7.97597 2.32761 0 0 0 0.160159 2.46957 -0.0265295 0 0 0 0 0 2.384 303 47 0 0 0
./complex_md-fit-dt500_55.pdb_reres.pdb BC A 7.52986 27.9612 -6.03047 -8.87698 -8.61587 -25.1022 -1.40988 44.1371 -24.6526 5.57666 7.77491 4.82832 0 0 0 0.278393 4.25331 -0.0119791 0 0 0 0 0.0437655 2.384 303 50 1 1 0
./complex_md-fit-dt500_560.pdb_reres.pdb BC A 11.3148 29.9389 -12.6885 -6.51944 -12.175 -21.254 -1.01881 36.6117 -19.9355 3.45396 6.79375 1.0602 0 0 0 0.313441 2.53146 -0.0187805 0 0 0 0 0 2.384 303 47 0 0 0
./complex_md-fit-dt500_561.pdb_reres.pdb BC A 9.02839 35.5886 -8.82711 -7.19874 -11.5481 -20.9134 -1.13193 36.5143 -20.0052 4.39412 8.43678 2.43672 0 0 0 0.18838 2.51555 0 0 0 0 0 0 2.384 303 48 0 0 0
./complex_md-fit-dt500_562.pdb_reres.pdb BC A 8.55091 30.8103 -13.5496 -6.12951 -12.3532 -19.5541 -0.945903 32.2859 -19.127 4.14457 7.40252 0.596559 0 0 0 0.165214 2.47137 -0.0347359 0 0 0 0 0 2.384 303 47 1 1 0
./complex_md-fit-dt500_563.pdb_reres.pdb BC A 8.84776 30.1482 -11.2458 -6.93231 -11.0779 -22.5609 -0.988841 38.8167 -21.5089 3.04333 8.44878 1.06044 0 0 0 0.464983 3.50022 -0.0110844 0 0 0 0 0 2.384 303 51 0 0 0
./complex_md-fit-dt500_564.pdb_reres.pdb BC A 7.5711 37.0594 -13.8861 -7.3174 -10.103 -21.5165 -0.893487 35.483 -21.0584 2.62806 7.15455 1.54433 0 0 0 0.207454 2.44241 -0.0146344 0 0 0 0 0 2.384 303 50 0 0 0
./complex_md-fit-dt500_565.pdb_reres.pdb BC A 7.10642 28.0286 -10.7768 -7.57543 -12.0583 -23.6844 -0.973447 40.2628 -23.2673 5.21411 8.02248 3.07891 0 0 0 0.203712 2.99075 -1.11022e-16 0 0 0 0 0 2.384 303 49 1 1 0
./complex_md-fit-dt500_566.pdb_reres.pdb BC A 7.06036 31.2583 -9.01868 -7.5182 -11.1525 -22.6794 -0.868679 38.8225 -21.6961 6.21445 6.84296 2.82356 0 0 0 0.212895 2.71826 -0.0202056 0 0 0 0 0 2.384 303 49 0 0 0
./complex_md-fit-dt500_567.pdb_reres.pdb BC A 7.31911 22.9962 -11.2153 -5.42893 -11.3651 -22.968 -1.08263 40.5119 -22.2319 3.99042 6.20006 1.01211 0 0 0 0.178459 2.8139 -0.0316272 0 0 0 0 0 2.384 303 48 0 0 0
./complex_md-fit-dt500_568.pdb_reres.pdb BC A 8.48678 28.6151 -10.3735 -5.33872 -10.4768 -23.832 -1.21225 40.1787 -23.3184 5.34518 7.40247 0.761559 0 0 0 0.15938 2.99716 -0.0426314 0 0 0 0 0 2.384 303 49 0 0 0
./complex_md-fit-dt500_569.pdb_reres.pdb BC A 6.88479 28.5853 -12.7056 -6.01193 -11.8226 -22.2023 -0.965521 38.2545 -21.395 2.98107 6.54881 1.59561 0 0 0 0.328725 2.61609 -0.016994 0 0 0 0 -2.22045e-16 2.384 303 47 1 1 0
./complex_md-fit-dt500_56.pdb_reres.pdb BC A 8.15766 34.1345 -1.78828 -8.7731 -6.1297 -25.3286 -1.41989 45.5968 -25.0949 7.89599 7.05432 4.00401 0 0 0 0.323642 2.7145 0.0324023 0 0 0 0 0.0507934 2.384 303 54 1 1 0
./complex_md-fit-dt500_570.pdb_reres.pdb BC A 9.66671 28.8243 -5.43475 -6.42872 -8.50435 -22.4955 -1.15141 39.4 -21.8722 5.34676 8.56499 1.52076 0 0 0 0.198724 2.48758 -0.0138577 0 0 0 0 0 2.384 303 49 0 0 0
./complex_md-fit-dt500_571.pdb_reres.pdb BC A 7.46085 27.7395 -5.39052 -6.1063 -8.6837 -22.2279 -1.03444 39.4642 -21.6125 6.17849 6.79556 1.29757 0 0 0 0.572711 2.58294 -0.034236 0 0 0 0 0 2.384 303 49 1 1 0
./complex_md-fit-dt500_572.pdb_reres.pdb BC A 7.69093 33.6377 -10.4783 -7.79379 -12.9665 -23.1804 -0.858036 39.785 -22.7067 6.06221 8.75515 2.21592 0 0 0 0.261642 2.51857 -0.052828 0 0 0 0 0 2.384 303 50 1 1 0
./complex_md-fit-dt500_573.pdb_reres.pdb BC A 8.14867 35.1538 -7.48976 -7.37804 -9.91716 -22.2115 -0.99752 38.3658 -21.4298 5.76621 8.94004 0.774446 0 0 0 0.575344 2.36417 0.0225115 0 0 0 0 0 2.384 303 46 1 1 0
./complex_md-fit-dt500_574.pdb_reres.pdb BC A 8.41407 28.9453 -10.0573 -7.20215 -12.2632 -23.445 -0.961263 40.3951 -22.8319 5.90614 8.75542 0.982668 0 0 0 0.632824 2.6926 -0.0259075 0 0 0 0 0 2.384 303 49 0 0 0
./complex_md-fit-dt500_575.pdb_reres.pdb BC A 8.45277 31.3291 -11.324 -5.46731 -12.1252 -22.8202 -0.953591 38.4882 -22.0485 3.55046 7.81252 2.07347 0 0 0 0.209855 2.67882 -0.0437913 0 0 0 0 0 2.384 303 49 0 0 0
./complex_md-fit-dt500_576.pdb_reres.pdb BC A 8.58505 30.1639 -9.1468 -7.16931 -12.2274 -23.738 -1.00992 41.9583 -22.9096 4.41686 9.32848 1.9977 0 0 0 0.226551 3.15024 -0.0204912 0 0 0 0 0 2.384 303 52 0 0 0
./complex_md-fit-dt500_577.pdb_reres.pdb BC A 7.07213 30.8065 -9.09499 -6.11632 -10.1281 -22.7037 -0.928663 38.9654 -21.8734 4.43474 7.89655 1.19683 0 0 0 0.161588 2.31019 5.55112e-17 0 0 0 0 0 2.384 303 49 1 1 0
./complex_md-fit-dt500_578.pdb_reres.pdb BC A 7.97303 32.0205 -6.43701 -6.28576 -9.38215 -23.5597 -0.860839 40.749 -23.2116 8.31955 6.87549 0.808545 0 0 0 0.160557 2.78387 -0.0501018 0 0 0 0 0 2.384 303 49 2 2 0
./complex_md-fit-dt500_579.pdb_reres.pdb BC A 6.56586 36.2345 -14.1545 -7.77834 -11.8075 -21.5192 -0.799961 35.5376 -20.9468 3.75383 7.7348 1.58253 0 0 0 0.108962 2.6273 -0.020392 0 0 0 0 0 2.384 303 48 0 0 0
./complex_md-fit-dt500_57.pdb_reres.pdb BC A 9.00163 29.7392 -11.5757 -9.21017 -10.2434 -23.4078 -1.5949 39.9416 -23.034 3.83196 8.02679 3.89062 0 0 0 0.207359 2.47044 0 0 0 0 0 0.0162251 2.384 303 50 0 0 0
./complex_md-fit-dt500_580.pdb_reres.pdb BC A 8.97652 26.5319 -14.7301 -8.12767 -12.9204 -23.6628 -1.02585 40.7769 -23.4018 2.48374 9.37442 1.37598 0 0 0 0.418408 2.53667 -0.0209427 0 0 0 0 0 2.384 303 51 0 0 0
./complex_md-fit-dt500_581.pdb_reres.pdb BC A 10.2551 31.3545 -10.1119 -8.0377 -10.7349 -22.9331 -1.17432 39.652 -22.5721 5.75368 8.36608 1.30447 0 0 0 0.29589 2.23205 -0.031929 0 0 0 0 0 2.384 303 49 0 0 0
./complex_md-fit-dt500_582.pdb_reres.pdb BC A 9.03807 26.0518 -13.3729 -6.38656 -12.2334 -22.1027 -1.05917 38.3375 -21.9898 3.18518 7.70756 0.674781 0 0 0 0.507862 2.32271 -0.0142842 0 0 0 0 0 2.384 303 50 0 0 0
./complex_md-fit-dt500_583.pdb_reres.pdb BC A 8.65423 32.8384 -10.3661 -6.16863 -10.7948 -21.657 -0.975 35.1988 -21.5779 4.04796 8.86127 2.40019 0 0 0 0.299066 2.34479 1.11022e-16 0 0 0 0 0 2.384 303 46 0 0 0
./complex_md-fit-dt500_584.pdb_reres.pdb BC A 8.33412 23.1801 -7.65932 -5.32453 -9.80269 -22.5891 -0.943417 39.7406 -21.9392 3.92872 7.82641 1.28789 0 0 0 0.189759 2.74665 -0.0337849 0 0 0 0 0 2.384 303 49 0 0 0
./complex_md-fit-dt500_585.pdb_reres.pdb BC A 8.01076 30.8325 -13.2015 -7.76043 -11.4302 -22.1392 -1.01112 36.8032 -21.5936 4.32879 8.30287 1.22974 0 0 0 0.114874 2.9907 -0.0463371 0 0 0 0 0 2.384 303 49 0 0 0
./complex_md-fit-dt500_586.pdb_reres.pdb BC A 7.86333 28.0707 -14.2535 -6.0901 -10.2723 -23.4738 -0.947762 38.0698 -23.4474 3.42908 7.09499 1.27298 0 0 0 0.134713 2.7014 -0.0237405 0 0 0 0 0 2.384 303 52 1 1 0
./complex_md-fit-dt500_587.pdb_reres.pdb BC A 7.55264 30.4052 -11.8009 -7.23704 -11.1838 -23.6218 -1.04605 41.0942 -22.8438 3.58517 7.90304 1.38031 0 0 0 0.181699 2.55289 -0.0128773 0 0 0 0 0 2.384 303 51 0 0 0
./complex_md-fit-dt500_588.pdb_reres.pdb BC A 8.99481 27.5558 -8.24763 -6.88087 -10.3816 -23.831 -0.896123 41.4155 -23.4697 5.3422 7.71493 2.54154 0 0 0 0.217709 2.68445 -0.0202298 0 0 0 0 0 2.384 303 50 1 1 0
./complex_md-fit-dt500_589.pdb_reres.pdb BC A 7.36835 27.8069 -10.6605 -6.87481 -10.6096 -23.6161 -1.01273 40.7249 -23.0198 3.74492 7.32119 2.14089 0 0 0 0.559148 2.49246 -0.0186019 0 0 0 0 0 2.384 303 51 0 0 0
./complex_md-fit-dt500_58.pdb_reres.pdb BC A 7.42423 29.9112 -10.2402 -7.30076 -8.93143 -24.7259 -1.50167 42.285 -24.1185 3.39291 7.23957 3.16037 0 0 0 0.193966 2.70449 0.0157868 0 0 0 0 0.0503688 2.384 303 50 0 0 0
./complex_md-fit-dt500_590.pdb_reres.pdb BC A 6.11298 28.8782 -10.8969 -7.10658 -11.1859 -23.9765 -0.920953 41.5738 -23.6118 4.65889 7.69179 1.86185 0 0 0 0.129001 2.71 -0.0105652 0 0 0 0 0 2.384 303 50 1 1 0
./complex_md-fit-dt500_591.pdb_reres.pdb BC A 6.61577 31.6836 -8.89638 -6.60451 -12.1548 -22.9431 -0.973317 38.2379 -22.5876 6.59969 9.37952 1.62513 0 0 0 0.57592 2.26636 -0.0512453 0 0 0 0 0 2.384 303 49 1 1 0
./complex_md-fit-dt500_592.pdb_reres.pdb BC A 7.47882 37.3266 -7.40919 -5.33612 -11.5898 -24.1143 -1.08809 42.6881 -23.697 5.32119 8.5414 1.64297 0 0 0 0.235127 2.38281 -0.0126658 0 0 0 0 0 2.384 303 49 0 0 0
./complex_md-fit-dt500_593.pdb_reres.pdb BC A 9.05708 31.6083 -6.13701 -5.13126 -9.24108 -22.712 -1.13016 39.5154 -21.9944 4.21918 8.17631 1.86277 0 0 0 0.35316 2.56122 -0.0548773 0 0 0 0 0 2.384 303 49 0 0 0
./complex_md-fit-dt500_594.pdb_reres.pdb BC A 7.33643 25.0319 -10.8884 -6.38887 -10.3612 -22.6148 -0.995186 38.8743 -22.1103 3.06814 7.36218 2.03254 0 0 0 0.293175 2.48198 -0.0536964 0 0 0 0 0.00534287 2.384 303 48 0 0 0
./complex_md-fit-dt500_595.pdb_reres.pdb BC A 8.52272 32.2703 -9.77079 -6.62379 -9.85759 -23.4506 -0.862333 40.2725 -22.9228 1.67327 8.40819 2.85089 0 0 0 0.741472 3.00996 0 0 0 0 0 2.22045e-16 2.384 303 49 0 0 0
./complex_md-fit-dt500_596.pdb_reres.pdb BC A 7.83587 28.7983 -10.3452 -6.84791 -9.19108 -22.2865 -0.918539 38.1234 -22.1066 4.67682 6.79853 1.34378 0 0 0 0.0864208 2.60327 -0.0236005 0 0 0 0 0 2.384 303 54 0 0 0
./complex_md-fit-dt500_597.pdb_reres.pdb BC A 7.55096 28.7796 -8.28954 -5.05754 -7.94143 -22.0378 -0.97205 39.1286 -21.5847 2.96936 5.30711 1.70747 0 0 0 0.267153 2.45592 -0.0758162 0 0 0 0 0 2.384 303 49 0 0 0
./complex_md-fit-dt500_598.pdb_reres.pdb BC A 7.5052 30.9258 -10.781 -6.01721 -9.77419 -22.1399 -0.886692 37.6622 -21.6393 3.55057 6.20939 2.0939 0 0 0 0.191716 2.30619 -0.0314786 0 0 0 0 0 2.384 303 46 0 0 0
./complex_md-fit-dt500_599.pdb_reres.pdb BC A 8.18147 40.4647 -5.85709 -6.80856 -9.93583 -22.1377 -1.03634 38.9886 -21.5858 6.07733 8.09805 2.0733 0 0 0 0.40986 2.46432 0 0 0 0 0 0 2.384 303 49 1 1 0
./complex_md-fit-dt500_59.pdb_reres.pdb BC A 10.1349 28.3124 -7.27267 -8.0002 -9.1226 -23.7614 -1.19141 42.8347 -23.481 5.43378 6.03501 3.37228 0 0 0 0.612323 2.68683 -0.028395 0 0 0 0 0.0242468 2.384 303 49 0 0 0
./complex_md-fit-dt500_5.pdb_reres.pdb BC A 7.47462 30.0967 -12.5768 -11.439 -8.47807 -23.0899 -0.508879 39.7155 -22.4051 2.45306 6.9622 3.88732 0 0 0 0.349257 2.25489 -0.0232477 0 0 0 0 0 2.384 303 52 0 0 0
./complex_md-fit-dt500_600.pdb_reres.pdb BC A 8.05682 34.3253 -9.61755 -5.01987 -9.49252 -22.0629 -1.0231 37.0417 -21.3429 3.92298 6.63525 1.6632 0 0 0 0.0942001 2.49417 -0.0335569 0 0 0 0 0 2.384 303 47 1 1 0
./complex_md-fit-dt500_601.pdb_reres.pdb BC A 11.2075 28.671 -4.59721 -6.332 -5.32212 -21.7787 -0.979769 37.4962 -21.4916 6.45812 6.14916 1.11712 0 0 0 0.124957 2.72373 -0.0385589 0 0 0 0 0 2.384 303 47 2 2 0
./complex_md-fit-dt500_602.pdb_reres.pdb BC A 8.17977 30.6681 -9.28104 -5.71985 -11.1944 -21.9673 -0.923079 38.0461 -21.6943 4.83903 7.61916 1.60342 0 0 0 0.143127 2.86248 -0.0329232 0 0 0 0 0 2.384 303 48 0 0 0
./complex_md-fit-dt500_603.pdb_reres.pdb BC A 8.95251 30.9744 -6.1528 -5.58254 -7.86203 -22.6751 -1.03661 39.3761 -22.1177 5.47515 6.00871 2.0754 0 0 0 0.185803 2.64249 -1.11022e-16 0 0 0 0 0 2.384 303 48 0 0 0
./complex_md-fit-dt500_604.pdb_reres.pdb BC A 6.90614 40.7712 -12.0918 -4.95772 -11.0936 -22.7 -0.908619 38.6961 -22.2009 2.54041 6.94632 1.36786 0 0 0 0.23731 2.63163 -0.01908 0 0 0 0 0 2.384 303 46 0 0 0
./complex_md-fit-dt500_605.pdb_reres.pdb BC A 8.25988 32.5396 -4.46168 -6.65017 -9.4835 -23.3771 -1.05829 41.4628 -22.2704 7.12602 7.30821 1.9746 0 0 0 0.487798 3.0801 0.0184298 0 0 0 0 0 2.384 303 49 2 2 0
./complex_md-fit-dt500_606.pdb_reres.pdb BC A 5.71009 26.6473 -8.01249 -6.29261 -10.4807 -24.1377 -0.966339 42.3212 -23.5116 6.11139 6.72216 1.72637 0 0 0 0.518957 2.95885 -0.0236398 0 0 0 0 0 2.384 303 50 1 1 0
./complex_md-fit-dt500_607.pdb_reres.pdb BC A 6.50785 30.6876 -14.0843 -4.98123 -11.1621 -23.5027 -0.99252 39.284 -22.9779 2.35331 6.52232 1.19242 0 0 0 0.217766 2.75637 -0.0377916 0 0 0 0 0 2.384 303 47 0 0 0
./complex_md-fit-dt500_608.pdb_reres.pdb BC A 7.502 33.9512 -9.7893 -4.55627 -8.78093 -22.8262 -1.05779 38.807 -22.1343 2.60844 6.63378 1.28321 0 0 0 0.29534 2.67815 -0.0616565 0 0 0 0 0 2.384 303 47 0 0 0
./complex_md-fit-dt500_609.pdb_reres.pdb BC A 7.63571 29.2006 -14.2155 -6.83972 -11.1009 -23.1116 -1.08164 38.7309 -22.4461 2.75144 7.23296 1.38516 0 0 0 0.286022 2.88493 -0.0220492 0 0 0 0 0 2.384 303 49 0 0 0
./complex_md-fit-dt500_60.pdb_reres.pdb BC A 7.2215 25.4725 -10.9795 -9.66177 -9.65021 -25.0428 -0.99706 42.1732 -24.8917 5.67371 8.62698 2.23932 0 0 0 0.506786 2.34115 0.0173886 0 0 0 0 0.0266971 2.384 303 52 2 2 0
./complex_md-fit-dt500_610.pdb_reres.pdb BC A 8.46885 28.5602 -7.16867 -5.03253 -8.21801 -22.432 -0.853933 38.0587 -21.8088 3.9526 7.58104 1.42891 0 0 0 0.176481 2.67898 -0.0210399 0 0 0 0 0 2.384 303 49 0 0 0
./complex_md-fit-dt500_611.pdb_reres.pdb BC A 11.1265 30.3036 -10.4667 -5.51828 -8.50251 -21.3036 -1.01744 36.2675 -20.6124 2.31933 6.38624 1.10864 0 0 0 0.458561 2.41349 -0.0527471 0 0 0 0 0 2.384 303 47 0 0 0
./complex_md-fit-dt500_612.pdb_reres.pdb BC A 7.06922 29.3218 -12.3191 -6.64668 -10.7482 -22.678 -0.980461 38.9387 -22.2224 3.24012 7.5405 1.01483 0 0 0 0.222445 2.89703 5.55112e-17 0 0 0 0 0 2.384 303 47 0 0 0
./complex_md-fit-dt500_613.pdb_reres.pdb BC A 6.55586 34.1176 -10.3993 -7.81842 -10.9716 -24.3709 -1.05609 42.1176 -23.8582 5.12611 8.42375 1.76525 0 0 0 0.263161 3.09137 -0.0200048 0 0 0 0 0 2.384 303 51 1 1 0
./complex_md-fit-dt500_614.pdb_reres.pdb BC A 11.7087 30.1173 -11.6588 -6.97805 -11.1995 -23.8402 -1.0807 40.0025 -22.9637 4.86848 8.5324 0.903664 0 0 0 0.152047 2.71923 -0.0557242 0 0 0 0 0 2.384 303 50 0 0 0
./complex_md-fit-dt500_615.pdb_reres.pdb BC A 7.01009 27.0764 -11.1711 -8.57575 -10.3888 -22.5946 -0.828846 38.4272 -21.8879 3.54978 9.88659 1.15205 0 0 0 0.141521 2.65948 -0.0523949 0 0 0 0 0 2.384 303 51 0 0 0
./complex_md-fit-dt500_616.pdb_reres.pdb BC A 9.40221 27.0301 -6.33018 -4.93806 -9.45106 -23.0826 -1.12623 39.1212 -22.6691 4.69322 7.42828 3.49958 0 0 0 0.153376 2.77521 0.0411894 0 0 0 0 0 2.384 303 51 0 0 0
./complex_md-fit-dt500_617.pdb_reres.pdb BC A 8.95357 31.245 -12.706 -7.2346 -11.1341 -22.8018 -1.08652 37.1947 -22.5824 5.61259 7.42198 1.46085 0 0 0 0.465481 2.71187 -0.0221867 0 0 0 0 0 2.384 303 50 0 0 0
./complex_md-fit-dt500_618.pdb_reres.pdb BC A 9.80682 30.9467 -10.6212 -5.84783 -10.8168 -22.5321 -0.981855 38.6832 -21.9884 3.98011 6.57347 2.03505 0 0 0 0.309219 2.74953 -0.0352526 0 0 0 0 0 2.384 303 52 0 0 0
./complex_md-fit-dt500_619.pdb_reres.pdb BC A 5.84467 31.7218 -9.67031 -6.23329 -11.0652 -22.3638 -1.09099 39.1397 -21.4577 4.73681 7.32138 1.20579 0 0 0 0.191549 2.52688 -0.0546607 0 0 0 0 2.22045e-16 2.384 303 50 0 0 0
./complex_md-fit-dt500_61.pdb_reres.pdb BC A 7.06837 35.6793 -13.7855 -10.9271 -9.37391 -24.6012 -1.0769 41.6824 -24.5285 3.09428 9.54193 2.28368 0 0 0 0.125303 2.25427 -0.0265669 0 0 0 0 0.0210167 2.384 303 51 0 0 0
./complex_md-fit-dt500_620.pdb_reres.pdb BC A 6.37383 31.7088 -6.53483 -5.91012 -10.7631 -22.5116 -1.09161 40.3442 -21.6894 5.13405 8.1773 1.65633 0 0 0 0.16522 2.40268 -0.0461674 0 0 0 0 0 2.384 303 51 1 1 0
./complex_md-fit-dt500_621.pdb_reres.pdb BC A 9.45608 30.6076 -8.84195 -5.56454 -9.97605 -21.6067 -1.10208 37.7053 -20.7352 2.19518 7.5239 2.65152 0 0 0 0.0914486 2.65515 -0.0247348 0 0 0 0 0 2.384 303 45 0 0 0
./complex_md-fit-dt500_622.pdb_reres.pdb BC A 8.50689 30.5147 -15.392 -6.38051 -11.5815 -22.2566 -0.924827 36.6397 -22.3047 1.99495 7.03136 2.04617 0 0 0 0.344046 2.53147 -5.55112e-17 0 0 0 0 0 2.384 303 44 0 0 0
./complex_md-fit-dt500_623.pdb_reres.pdb BC A 6.19709 32.7154 -10.849 -5.84612 -10.9879 -21.8869 -1.05146 36.9348 -21.2173 3.34363 7.57373 2.08651 0 0 0 0.202089 2.11286 0 0 0 0 0 0 2.384 303 52 0 0 0
./complex_md-fit-dt500_624.pdb_reres.pdb BC A 8.29227 33.4443 -14.2115 -5.96293 -10.394 -22.133 -0.884177 36.6803 -21.904 2.93021 6.03147 1.25115 0 0 0 0.225959 2.39645 -0.0524828 0 0 0 0 0 2.384 303 49 0 0 0
./complex_md-fit-dt500_625.pdb_reres.pdb BC A 7.9949 24.509 -8.11958 -4.41237 -7.72993 -22.6953 -0.927924 39.2394 -22.1631 2.45843 6.59771 1.39004 0 0 0 0.150964 2.75512 -0.0274221 0 0 0 0 0 2.384 303 49 0 0 0
./complex_md-fit-dt500_626.pdb_reres.pdb BC A 6.53781 32.491 -6.81676 -5.1397 -7.79222 -23.0228 -0.869596 39.9041 -22.4147 5.16647 5.79477 1.37296 0 0 0 0.239979 2.67667 -0.0560605 0 0 0 0 0 2.384 303 48 0 0 0
./complex_md-fit-dt500_627.pdb_reres.pdb BC A 8.66848 33.8768 -7.1423 -4.83665 -9.58636 -21.7377 -0.798465 38.0562 -20.9949 4.44301 6.14207 2.08214 0 0 0 0.107584 2.4434 -0.0192141 0 0 0 0 0 2.384 303 48 0 0 0
./complex_md-fit-dt500_628.pdb_reres.pdb BC A 7.05013 30.7879 -5.16389 -4.47924 -7.1156 -22.0315 -0.851044 37.1335 -21.7443 6.64579 5.57569 1.3451 0 0 0 0.37575 2.77107 -0.0180369 0 0 0 0 0 2.384 303 48 0 0 0
./complex_md-fit-dt500_629.pdb_reres.pdb BC A 11.7255 31.7875 -7.49699 -5.89819 -10.2113 -21.4821 -0.923935 38.5995 -20.1977 4.91204 5.3891 1.8756 0 0 0 0.440127 2.62633 0 0 0 0 0 0 2.384 303 46 0 0 0
./complex_md-fit-dt500_62.pdb_reres.pdb BC A 7.74458 25.1128 -6.60953 -7.47383 -8.20824 -24.2712 -1.32545 42.5795 -24.2356 5.23909 7.4747 3.42633 0 0 0 0.226454 2.6057 -0.0413895 0 0 0 0 0 2.384 303 55 0 0 0
./complex_md-fit-dt500_630.pdb_reres.pdb BC A 6.91766 24.9874 -14.9551 -7.56085 -11.8008 -22.1309 -0.867316 36.4531 -21.6682 2.67885 8.47394 1.42008 0 0 0 0.0810373 2.52458 -0.0341174 0 0 0 0 0 2.384 303 49 0 0 0
./complex_md-fit-dt500_631.pdb_reres.pdb BC A 7.20323 29.8346 -7.8252 -6.80012 -8.21359 -22.2935 -0.899412 37.7744 -21.758 5.79115 7.10496 1.29095 0 0 0 0.203415 2.37806 -0.0254506 0 0 0 0 0 2.384 303 50 1 1 0
./complex_md-fit-dt500_632.pdb_reres.pdb BC A 8.20304 29.5869 -6.33491 -5.56492 -9.40846 -23.4364 -1.03702 40.6207 -22.7887 7.00837 6.84712 0.730573 0 0 0 0.7482 3.01812 -0.0543352 0 0 0 0 0 2.384 303 51 1 1 0
./complex_md-fit-dt500_633.pdb_reres.pdb BC A 7.69019 32.8207 -12.7932 -6.11067 -10.9531 -22.1145 -0.985131 37.6417 -21.6647 5.2025 5.90944 0.108671 0 0 0 0.192815 2.69542 -0.0369071 0 0 0 0 0.0167162 2.384 303 49 1 1 0
./complex_md-fit-dt500_634.pdb_reres.pdb BC A 6.00814 23.3838 -12.243 -7.57819 -10.9338 -23.9533 -1.09186 41.383 -23.4492 3.70167 7.42908 2.07944 0 0 0 0.225244 2.94311 -0.055 0 0 0 0 0 2.384 303 52 0 0 0
./complex_md-fit-dt500_635.pdb_reres.pdb BC A 7.63581 27.043 -16.3564 -8.12782 -12.4295 -22.8125 -1.13429 38.6181 -22.0765 2.26082 7.30455 1.58139 0 0 0 0.436836 2.56891 0.0214136 0 0 0 0 0.00118929 2.384 303 50 0 0 0
./complex_md-fit-dt500_636.pdb_reres.pdb BC A 8.45125 29.0284 -14.7409 -7.6194 -9.0545 -23.1502 -0.840582 39.1752 -22.6538 1.3042 7.04565 0.895364 0 0 0 0.176194 2.56937 -0.0189964 0 0 0 0 0 2.384 303 48 0 0 0
./complex_md-fit-dt500_637.pdb_reres.pdb BC A 8.32594 33.9202 -9.71282 -6.39194 -8.97167 -23.0189 -1.00532 40.0178 -22.2926 4.53605 5.47152 1.7077 0 0 0 0.234548 2.58786 0 0 0 0 0 0 2.384 303 49 0 0 0
./complex_md-fit-dt500_638.pdb_reres.pdb BC A 11.0925 24.9604 -14.2696 -6.20599 -10.9944 -23.4489 -0.971604 40.0446 -22.9415 3.35728 5.98295 0.774887 0 0 0 0.156929 3.29537 -0.0238948 0 0 0 0 0 2.384 303 49 0 0 0
./complex_md-fit-dt500_639.pdb_reres.pdb BC A 8.03656 36.3481 -7.77771 -5.6818 -10.3141 -23.0282 -0.99446 39.2034 -22.7818 5.82262 8.00238 1.73785 0 0 0 0.256395 2.64356 0 0 0 0 0 0 2.384 303 48 0 0 0
./complex_md-fit-dt500_63.pdb_reres.pdb BC A 8.61044 35.7025 -13.8547 -10.1707 -12.1169 -25.6368 -1.16816 42.2562 -26.013 4.34317 9.72925 4.56552 0 0 0 0.353962 2.28072 0 0 0 0 0 0.002709 2.384 303 50 0 0 0
./complex_md-fit-dt500_640.pdb_reres.pdb BC A 7.30677 35.5084 -11.1239 -5.72891 -12.2508 -22.5274 -1.1215 39.578 -21.6772 3.18138 7.72452 1.47478 0 0 0 0.24047 2.63862 -0.0172424 0 0 0 0 0 2.384 303 45 0 0 0
./complex_md-fit-dt500_641.pdb_reres.pdb BC A 8.79249 26.792 -13.6505 -6.40345 -11.0388 -22.1976 -0.966503 37.7871 -21.5598 1.99358 7.47787 1.18826 0 0 0 0.0830353 2.78721 -0.0142671 0 0 0 0 0 2.384 303 49 0 0 0
./complex_md-fit-dt500_642.pdb_reres.pdb BC A 8.04574 24.5165 -7.78929 -6.09815 -10.0904 -22.0034 -0.981421 38.2715 -21.206 5.47568 7.13189 1.56675 0 0 0 0.167939 2.50483 -0.0236826 0 0 0 0 0 2.384 303 48 0 0 0
./complex_md-fit-dt500_643.pdb_reres.pdb BC A 7.18826 26.9921 -11.0283 -7.04999 -11.0147 -24.043 -0.874797 42.2988 -23.0331 2.29619 8.65604 1.48142 0 0 0 0.311043 2.88509 -0.0561331 0 0 0 0 0 2.384 303 53 0 0 0
./complex_md-fit-dt500_644.pdb_reres.pdb BC A 7.61378 27.3672 -5.69339 -5.44486 -9.75024 -22.8273 -1.05002 41.6292 -21.8477 5.10232 6.3001 2.02501 0 0 0 0.228736 2.91785 -0.0586601 0 0 0 0 0 2.384 303 49 0 0 0
./complex_md-fit-dt500_645.pdb_reres.pdb BC A 9.09864 29.9756 -4.96732 -6.50409 -9.54456 -22.6589 -0.898304 40.1534 -21.7219 7.09594 7.00897 1.82868 0 0 0 0.273509 2.93581 0 0 0 0 0 0 2.384 303 49 1 1 0
./complex_md-fit-dt500_646.pdb_reres.pdb BC A 9.2695 34.9197 -6.07977 -4.75179 -11.5878 -22.6681 -1.07635 40.1644 -21.5991 6.68902 7.21472 1.10572 0 0 0 0.446414 3.23605 -0.0168562 0 0 0 0 0 2.384 303 48 1 1 0
./complex_md-fit-dt500_647.pdb_reres.pdb BC A 7.35288 23.3726 -6.41123 -5.72126 -10.0161 -23.2491 -0.992069 41.4477 -22.3221 4.93001 7.32502 2.06035 0 0 0 0.143964 2.42032 -0.0176224 0 0 0 0 0 2.384 303 49 0 0 0
./complex_md-fit-dt500_648.pdb_reres.pdb BC A 9.26385 34.0444 -9.45517 -6.40802 -9.89911 -22.4356 -1.03542 38.9103 -21.7739 4.4887 7.77893 0.836489 0 0 0 0.108623 2.58931 -0.0261614 0 0 0 0 -2.22045e-16 2.384 303 49 0 0 0
./complex_md-fit-dt500_649.pdb_reres.pdb BC A 8.27127 25.8762 -10.8775 -7.00163 -10.9304 -23.6699 -0.967237 40.93 -22.509 3.88189 7.73681 1.33488 0 0 0 0.350762 2.86338 -0.033711 0 0 0 0 2.22045e-16 2.384 303 49 1 1 0
./complex_md-fit-dt500_64.pdb_reres.pdb BC A 6.56212 27.328 -8.50168 -10.0256 -10.5048 -24.5647 -1.3149 43.0714 -23.5104 5.56345 8.2316 3.88343 0 0 0 0.619984 2.25685 0.0171757 0 0 0 0 0.0316833 2.384 303 52 0 0 0
./complex_md-fit-dt500_650.pdb_reres.pdb BC A 7.53696 34.6147 -9.78742 -6.76026 -12.0679 -22.3266 -1.02467 39.0167 -21.2724 6.44434 7.57292 0.49758 0 0 0 0.185624 2.8781 -0.0526732 0 0 0 0 -2.22045e-16 2.384 303 49 1 1 0
./complex_md-fit-dt500_651.pdb_reres.pdb BC A 6.88937 26.4914 -14.8621 -7.31788 -12.3401 -23.5266 -0.915232 39.543 -23.1128 4.17512 7.45706 1.05207 0 0 0 0.170629 2.67776 -0.0473807 0 0 0 0 0 2.384 303 51 0 0 0
./complex_md-fit-dt500_652.pdb_reres.pdb BC A 7.93917 30.4604 -11.0168 -6.72547 -12.8161 -23.0154 -1.06747 38.8915 -22.8633 5.13058 9.42763 1.90829 0 0 0 0.112858 2.86569 0 0 0 0 0 0 2.384 303 49 1 1 0
./complex_md-fit-dt500_653.pdb_reres.pdb BC A 6.64054 30.3632 -4.22098 -4.20591 -9.28123 -22.8025 -1.03036 40.0596 -22.2224 6.7684 6.53914 1.56248 0 0 0 0.391695 2.52949 0 0 0 0 0 0 2.384 303 49 0 0 0
./complex_md-fit-dt500_654.pdb_reres.pdb BC A 8.95335 23.6116 -3.59827 -5.65137 -7.79836 -22.0236 -0.89182 37.7484 -21.2615 7.18467 6.47554 2.54292 0 0 0 0.0983866 2.31191 -0.0215804 0 0 0 0 0 2.384 303 47 1 1 0
./complex_md-fit-dt500_655.pdb_reres.pdb BC A 9.6752 32.9791 -13.3831 -6.97625 -12.5179 -23.4996 -0.949013 39.9947 -22.7997 4.00056 7.39679 1.81639 0 0 0 0.150984 2.8705 0 0 0 0 0 0 2.384 303 50 0 0 0
./complex_md-fit-dt500_656.pdb_reres.pdb BC A 9.23124 31.9169 -11.0766 -7.32557 -10.8686 -21.2967 -1.06814 37.8404 -20.5865 3.84582 7.25186 0.958129 0 0 0 0.175995 2.45001 -0.00329956 0 0 0 0 0 2.384 303 50 0 0 0
./complex_md-fit-dt500_657.pdb_reres.pdb BC A 6.59986 29.8466 -8.71966 -4.75763 -8.45931 -21.6307 -0.752511 37.8066 -20.6965 3.26102 5.18768 1.11119 0 0 0 0.23083 2.92911 -0.0203989 0 0 0 0 0 2.384 303 48 0 0 0
./complex_md-fit-dt500_658.pdb_reres.pdb BC A 6.54329 29.8222 -16.1097 -7.66834 -12.4128 -22.7374 -1.27302 37.8791 -22.3791 2.37551 7.65684 2.18347 0 0 0 0.263317 2.64497 0.00263331 0 0 0 0 0 2.384 303 50 0 0 0
./complex_md-fit-dt500_659.pdb_reres.pdb BC A 8.03346 38.0879 -6.11756 -5.51764 -8.85471 -22.6413 -1.02091 39.5991 -21.6766 5.64623 6.44855 1.83049 0 0 0 0.125578 2.87487 -0.0563796 0 0 0 0 0 2.384 303 52 2 2 0
./complex_md-fit-dt500_65.pdb_reres.pdb BC A 6.30977 28.6519 -10.1513 -9.58392 -8.05625 -26.1255 -1.44863 43.1544 -26.9524 5.66548 7.61868 4.94259 0 0 0 0.652949 2.63477 -0.0242715 0 0 0 0 0.00568054 2.384 303 52 2 2 0
./complex_md-fit-dt500_660.pdb_reres.pdb BC A 6.98525 23.994 -9.44312 -7.13378 -10.8081 -23.1724 -0.939702 40.8067 -22.4182 4.90485 7.2624 1.80698 0 0 0 0.272817 3.12452 -0.0248226 0 0 0 0 0 2.384 303 45 1 1 0
./complex_md-fit-dt500_661.pdb_reres.pdb BC A 6.78818 25.7125 -10.3848 -6.32737 -11.7542 -21.9464 -0.894366 38.3659 -20.8689 3.29259 8.36416 1.25943 0 0 0 0.0994868 3.74603 0.0248237 0 0 0 0 0 2.384 303 49 0 0 0
./complex_md-fit-dt500_662.pdb_reres.pdb BC A 6.2668 36.4629 -5.20586 -6.28811 -9.09708 -22.6732 -1.03715 40.4408 -22.1531 6.25486 7.21334 1.97362 0 0 0 0.216514 2.87918 -0.0562563 0 0 0 0 0 2.384 303 48 0 0 0
./complex_md-fit-dt500_663.pdb_reres.pdb BC A 11.2155 28.9395 -7.89593 -5.87173 -6.93709 -22.1091 -0.920918 38.5394 -21.3331 4.08754 5.7464 0.882779 0 0 0 0.0805711 2.37454 -0.060735 0 0 0 0 0 2.384 303 50 0 0 0
./complex_md-fit-dt500_664.pdb_reres.pdb BC A 8.74467 35.8891 -9.73649 -6.38171 -9.58085 -23.6317 -0.960371 39.2484 -23.1873 5.35852 7.35972 1.49272 0 0 0 0.580683 2.89505 -0.0346141 0 0 0 0 0 2.384 303 49 0 0 0
./complex_md-fit-dt500_665.pdb_reres.pdb BC A 9.9673 31.9463 -7.94718 -5.95143 -9.0387 -22.4118 -1.01452 38.4253 -21.8619 5.02985 7.15649 1.52671 0 0 0 0.192812 2.38942 0 0 0 0 0 0 2.384 303 50 1 1 0
./complex_md-fit-dt500_666.pdb_reres.pdb BC A 11.4957 23.6986 -2.1552 -5.66082 -8.61279 -24.6453 -0.981164 44.394 -24.0519 8.22695 7.76041 1.1135 0 0 0 0.316563 2.43567 -0.0146912 0 0 0 0 0 2.384 303 49 1 1 0
./complex_md-fit-dt500_667.pdb_reres.pdb BC A 6.57206 27.5934 -6.69415 -4.73673 -9.15175 -21.5358 -0.982266 36.7961 -21.0554 5.98183 6.72032 1.22503 0 0 0 0.0444993 2.1804 0 0 0 0 0 0 2.384 303 49 2 2 0
./complex_md-fit-dt500_668.pdb_reres.pdb BC A 7.04564 34.7427 -7.28586 -5.39269 -9.11908 -22.5835 -1.10001 40.3062 -21.6584 3.52041 7.11757 1.49298 0 0 0 0.15185 2.49047 -0.02119 0 0 0 0 0 2.384 303 52 0 0 0
./complex_md-fit-dt500_669.pdb_reres.pdb BC A 6.8627 28.4985 -11.5408 -6.34999 -10.3572 -22.3621 -0.843849 37.7976 -21.8428 3.68541 7.51181 1.00271 0 0 0 0.223442 3.54806 -0.00585264 0 0 0 0 0 2.384 303 48 0 0 0
./complex_md-fit-dt500_66.pdb_reres.pdb BC A 7.13848 27.2603 -10.6604 -3.65289 -9.09085 -23.4911 -1.37391 39.2361 -23.5272 2.54225 7.09535 1.38329 0 0 0 0.194062 2.47157 0 0 0 0 0 0.0243997 2.384 303 47 0 0 0
./complex_md-fit-dt500_670.pdb_reres.pdb BC A 7.38361 34.9736 -9.27689 -6.53563 -10.6162 -20.5704 -1.05304 35.7576 -19.6804 3.76135 7.94862 1.48487 0 0 0 0.183822 2.65012 0.0425261 0 0 0 0 0 2.384 303 45 0 0 0
./complex_md-fit-dt500_671.pdb_reres.pdb BC A 11.2382 32.0361 -13.6946 -6.41494 -10.0289 -21.8135 -0.913825 35.9164 -21.5211 2.35957 7.15071 0.992451 0 0 0 0.598747 2.21674 -0.0202812 0 0 0 0 0 2.384 303 47 0 0 0
./complex_md-fit-dt500_672.pdb_reres.pdb BC A 10.4752 22.5794 -10.9033 -6.55822 -10.5176 -23.9904 -0.938717 42.0671 -23.2839 3.36136 7.08837 1.61136 0 0 0 0.28153 3.00665 -0.0242514 0 0 0 0 0 2.384 303 50 0 0 0
./complex_md-fit-dt500_673.pdb_reres.pdb BC A 8.97669 36.6656 -8.07738 -6.09582 -10.5416 -22.7375 -0.936197 39.2387 -22.1494 5.67827 7.80111 1.24889 0 0 0 0.375999 2.45996 0.0401955 0 0 0 0 0 2.384 303 48 1 1 0
./complex_md-fit-dt500_674.pdb_reres.pdb BC A 6.20936 29.4344 -8.6913 -5.51857 -10.1084 -23.2094 -1.0436 40.3967 -22.8753 3.70145 8.02487 1.6283 0 0 0 0.333336 2.70582 -0.020773 0 0 0 0 0 2.384 303 49 0 0 0
./complex_md-fit-dt500_675.pdb_reres.pdb BC A 7.9289 36.9385 -17.402 -6.74111 -12.2637 -23.5663 -0.953652 39.1566 -23.5116 2.43796 6.64554 1.29001 0 0 0 0.129247 2.83581 -0.0251416 0 0 0 0 0 2.384 303 51 0 0 0
./complex_md-fit-dt500_676.pdb_reres.pdb BC A 6.9464 30.5011 -8.54823 -5.8334 -10.3238 -22.7768 -1.04851 39.1405 -22.0925 5.41528 7.21446 1.57488 0 0 0 0.201734 2.78226 -0.0199871 0 0 0 0 0 2.384 303 50 1 1 0
./complex_md-fit-dt500_677.pdb_reres.pdb BC A 8.63772 35.2978 -11.6981 -7.16247 -11.27 -23.0473 -1.06882 38.9054 -22.4807 4.62788 7.99809 1.36403 0 0 0 0.462122 2.68856 -0.0264112 0 0 0 0 0 2.384 303 48 0 0 0
./complex_md-fit-dt500_678.pdb_reres.pdb BC A 9.19157 34.6557 -9.82371 -6.21891 -12.1057 -22.9863 -0.946179 39.8043 -22.5114 4.52804 7.98608 2.42914 0 0 0 0.162223 2.46085 0.0350329 0 0 0 0 0 2.384 303 50 0 0 0
./complex_md-fit-dt500_679.pdb_reres.pdb BC A 6.98359 22.7857 -13.0206 -7.41717 -11.0692 -22.4429 -1.10895 38.2739 -21.6825 3.36789 7.82988 1.05636 0 0 0 0.206048 2.32402 -0.0339443 0 0 0 0 0 2.384 303 47 0 0 0
./complex_md-fit-dt500_67.pdb_reres.pdb BC A 9.28625 36.0112 -15.2505 -8.1735 -13.2977 -25.633 -1.37677 42.1741 -26.2264 6.31951 7.91096 2.0771 0 0 0 0.964533 3.14967 0 0 0 0 0 0.0106167 2.384 303 52 0 0 0
./complex_md-fit-dt500_680.pdb_reres.pdb BC A 9.85143 37.0804 -10.2802 -6.18846 -9.38565 -22.6211 -0.937694 38.0834 -21.9318 4.10066 7.01177 1.17486 0 0 0 0.413784 2.84242 5.55112e-17 0 0 0 0 0 2.384 303 46 0 0 0
./complex_md-fit-dt500_681.pdb_reres.pdb BC A 8.62031 25.6879 -10.7087 -7.51651 -11.9329 -22.5931 -0.986578 39.3964 -21.5817 4.03626 8.92213 1.41715 0 0 0 0.185849 2.91597 -0.0557351 0 0 0 0 0 2.384 303 49 0 0 0
./complex_md-fit-dt500_682.pdb_reres.pdb BC A 7.14895 29.6938 -9.15943 -5.33255 -10.413 -23.1406 -0.840188 39.6699 -22.5125 4.26101 8.00002 0.772377 0 0 0 0.377555 3.36953 -0.00137152 0 0 0 0 0 2.384 303 48 1 1 0
./complex_md-fit-dt500_683.pdb_reres.pdb BC A 9.14393 35.8663 -5.5908 -6.53263 -9.10722 -22.3359 -1.04384 38.4302 -21.6409 5.90478 7.74513 2.86975 0 0 0 0.144751 2.75506 -0.0248825 0 0 0 0 0 2.384 303 50 0 0 0
./complex_md-fit-dt500_684.pdb_reres.pdb BC A 7.47832 42.0892 -13.1725 -7.27364 -12.0729 -22.4149 -1.0217 38.865 -21.6823 3.82505 7.24497 1.03389 0 0 0 0.32407 2.93052 0 0 0 0 0 0 2.384 303 49 0 0 0
./complex_md-fit-dt500_685.pdb_reres.pdb BC A 9.40307 28.994 -9.63653 -5.54873 -10.1446 -22.0661 -1.18077 38.3945 -21.2919 4.24268 7.0238 0.67975 0 0 0 0.265731 2.36493 -0.010876 0 0 0 0 0 2.384 303 50 0 0 0
./complex_md-fit-dt500_686.pdb_reres.pdb BC A 9.29046 29.7918 -6.34752 -5.84599 -8.08987 -22.022 -0.964522 38.3118 -21.3582 3.72585 8.02303 1.70731 0 0 0 0.172203 2.67738 -0.00708294 0 0 0 0 0 2.384 303 51 0 0 0
./complex_md-fit-dt500_687.pdb_reres.pdb BC A 7.19217 31.4036 -11.45 -7.85936 -11.9942 -23.4519 -0.86907 39.8618 -22.4587 3.10865 10.0407 1.70596 0 0 0 0.488851 2.8993 -0.0227393 0 0 0 0 0 2.384 303 48 0 0 0
./complex_md-fit-dt500_688.pdb_reres.pdb BC A 7.09147 38.2502 -6.64136 -5.08884 -9.71541 -21.9962 -0.890552 38.9857 -21.3157 6.63582 5.60928 0.879825 0 0 0 0.272354 2.57074 -0.017583 0 0 0 0 0 2.384 303 49 0 0 0
./complex_md-fit-dt500_689.pdb_reres.pdb BC A 9.76873 34.34 -3.58137 -5.23158 -8.62081 -23.1916 -0.917091 41.4427 -22.3608 6.37153 7.45407 1.21593 0 0 0 0.28726 2.89798 -0.0309091 0 0 0 0 0 2.384 303 50 0 0 0
./complex_md-fit-dt500_68.pdb_reres.pdb BC A 5.98666 27.4267 -17.164 -6.98326 -12.3971 -24.7658 -1.45671 40.9375 -24.9391 2.22477 7.72997 2.00923 0 0 0 0.515836 2.49698 -0.0441731 0 0 0 0 0.00482429 2.384 303 50 0 0 0
./complex_md-fit-dt500_690.pdb_reres.pdb BC A 9.02711 27.9044 -8.27291 -6.42812 -11.3096 -23.2504 -1.05561 41.7982 -22.3112 4.57092 8.09565 1.40541 0 0 0 0.266417 3.06561 -0.0545169 0 0 0 0 0 2.384 303 50 1 1 0
./complex_md-fit-dt500_691.pdb_reres.pdb BC A 9.31749 31.0582 -8.37568 -7.11779 -11.6789 -23.3256 -1.00394 40.2963 -22.6261 6.66181 9.18803 0.952683 0 0 0 0.31165 2.748 -0.0338005 0 0 0 0 0 2.384 303 52 1 1 0
./complex_md-fit-dt500_692.pdb_reres.pdb BC A 7.25321 30.1102 -8.51984 -6.85746 -11.6383 -23.3364 -1.0258 40.6813 -22.6993 5.86886 8.25247 1.71128 0 0 0 0.54409 2.79629 -0.020626 0 0 0 0 0 2.384 303 51 1 1 0
./complex_md-fit-dt500_693.pdb_reres.pdb BC A 9.51216 24.4445 -13.6912 -5.01491 -10.5623 -21.6353 -0.793626 36.5343 -20.8533 1.68175 5.45645 1.38179 0 0 0 0.137872 2.88607 -0.0239355 0 0 0 0 0 2.384 303 52 0 0 0
./complex_md-fit-dt500_694.pdb_reres.pdb BC A 7.85411 23.2491 -10.0408 -6.05608 -9.96551 -22.6887 -0.994645 38.4218 -22.3915 4.82993 7.43148 0.994095 0 0 0 0.417135 2.57682 -0.0388198 0 0 0 0 0 2.384 303 50 0 0 0
./complex_md-fit-dt500_695.pdb_reres.pdb BC A 6.59735 29.3231 -13.2752 -7.58599 -12.6899 -22.1229 -1.04169 38.1218 -21.456 3.28685 8.4674 1.52277 0 0 0 0.272039 2.64918 -0.0494856 0 0 0 0 0 2.384 303 52 1 1 0
./complex_md-fit-dt500_696.pdb_reres.pdb BC A 8.00996 30.9016 -12.3407 -7.77036 -12.9808 -23.4976 -0.897732 41.0126 -22.6726 4.63939 7.92341 1.39416 0 0 0 0.530816 2.91177 -0.0220311 0 0 0 0 0 2.384 303 52 0 0 0
./complex_md-fit-dt500_697.pdb_reres.pdb BC A 6.56323 26.8329 -14.4397 -8.34392 -12.6476 -23.9366 -0.952537 41.7162 -23.2482 2.18699 8.77188 1.87029 0 0 0 0.176959 2.95663 -0.0332477 0 0 0 0 0 2.384 303 51 0 0 0
./complex_md-fit-dt500_698.pdb_reres.pdb BC A 7.65365 32.4354 -14.5625 -8.61838 -12.7361 -25.1799 -1.02601 43.8149 -24.9069 3.04027 7.61547 3.2314 0 0 0 0.202706 3.10892 -1.11022e-16 0 0 0 0 0 2.384 303 55 0 0 0
./complex_md-fit-dt500_699.pdb_reres.pdb BC A 6.24633 26.7415 -7.02165 -5.77421 -9.63905 -23.0095 -0.997602 41.0133 -22.5343 2.00468 9.0364 2.79366 0 0 0 0.123874 2.85807 -0.0389081 0 0 0 0 0 2.384 303 50 0 0 0
./complex_md-fit-dt500_69.pdb_reres.pdb BC A 7.78817 28.6383 -13.1651 -5.47124 -9.82848 -25.407 -1.31844 42.2127 -25.1982 4.01087 6.61031 0.920563 0 0 0 0.332938 2.60606 -0.0291555 0 0 0 0 0 2.384 303 49 0 0 0
./complex_md-fit-dt500_6.pdb_reres.pdb BC A 7.03811 28.3922 -7.61371 -10.5117 -8.72986 -23.7657 -0.930566 41.4893 -22.4035 4.47144 8.30983 3.79829 0 0 0 0.688506 1.95955 -0.0296221 0 0 0 0 0 2.384 303 50 0 0 0
./complex_md-fit-dt500_700.pdb_reres.pdb BC A 10.8525 36.5672 -9.33425 -6.23884 -11.5504 -23.3292 -1.00417 41.5683 -22.5672 3.8929 8.7559 0.851065 0 0 0 0.281203 2.75471 0.00623929 0 0 0 0 0 2.384 303 51 0 0 0
./complex_md-fit-dt500_701.pdb_reres.pdb BC A 7.35747 32.2862 -7.37418 -6.26924 -9.72882 -23.5306 -1.04689 41.2139 -23.1555 4.30527 8.54946 1.98195 0 0 0 0.356635 2.75491 -0.0504148 0 0 0 0 0 2.384 303 52 0 0 0
./complex_md-fit-dt500_702.pdb_reres.pdb BC A 7.23934 33.4964 -8.68993 -5.20839 -10.4747 -22.4038 -0.970488 37.9053 -21.8009 4.19395 7.92217 2.07431 0 0 0 0.116912 2.49714 -0.0442986 0 0 0 0 0 2.384 303 49 0 0 0
./complex_md-fit-dt500_703.pdb_reres.pdb BC A 7.97832 26.6158 -3.57207 -5.29304 -8.90296 -23.5696 -1.14829 42.4896 -22.9701 6.73079 7.77885 1.14825 0 0 0 0.189811 2.87332 -0.0253643 0 0 0 0 0 2.384 303 50 0 0 0
./complex_md-fit-dt500_704.pdb_reres.pdb BC A 7.64966 25.5589 -5.31605 -4.79719 -7.29509 -21.9729 -1.04954 39.3042 -21.5877 3.45495 6.9344 1.57867 0 0 0 0.133878 2.19864 -0.019778 0 0 0 0 0 2.384 303 49 0 0 0
./complex_md-fit-dt500_705.pdb_reres.pdb BC A 12.1842 28.442 -10.2788 -5.95363 -10.7725 -22.7344 -0.946371 39.1125 -21.9389 4.65338 6.74979 1.4876 0 0 0 0.0636461 2.65724 0 0 0 0 0 0 2.384 303 48 1 1 0
./complex_md-fit-dt500_706.pdb_reres.pdb BC A 7.91233 27.8802 -12.5033 -6.8798 -12.669 -22.1644 -1.13201 38.7622 -21.405 3.94608 7.51456 1.29995 0 0 0 0.274993 2.8508 -0.0508758 0 0 0 0 0 2.384 303 49 1 1 0
./complex_md-fit-dt500_707.pdb_reres.pdb BC A 7.41284 24.0152 -7.81899 -6.87945 -9.94758 -23.7501 -1.17205 41.0358 -23.6136 4.92637 8.4844 2.66894 0 0 0 0.457317 2.54559 -0.0290683 0 0 0 0 0 2.384 303 49 2 2 0
./complex_md-fit-dt500_708.pdb_reres.pdb BC A 10.2914 26.6533 -3.68992 -6.04091 -7.82029 -23.0597 -1.17315 42.5045 -22.2385 5.57687 7.12777 1.28987 0 0 0 0.164782 2.66852 -0.0211515 0 0 0 0 0 2.384 303 50 0 0 0
./complex_md-fit-dt500_709.pdb_reres.pdb BC A 7.80457 23.2731 -3.30647 -4.69374 -7.37248 -21.8394 -1.0441 39.0491 -21.157 3.75518 7.54326 2.386 0 0 0 0.0666169 2.45999 0 0 0 0 0 0 2.384 303 49 0 0 0
./complex_md-fit-dt500_70.pdb_reres.pdb BC A 7.58078 36.3811 -11.8105 -6.82738 -10.9456 -25.3803 -1.27086 43.3852 -25.0814 4.29676 7.27373 2.07216 0 0 0 0.667287 2.31827 0 0 0 0 0 -2.22045e-16 2.384 303 49 0 0 0
./complex_md-fit-dt500_710.pdb_reres.pdb BC A 9.4278 33.712 -7.02646 -6.8804 -10.1223 -22.6836 -0.974425 39.4646 -22.238 4.34442 7.96086 4.02896 0 0 0 0.135402 2.91055 -0.0620345 0 0 0 0 0 2.384 303 51 0 0 0
./complex_md-fit-dt500_711.pdb_reres.pdb BC A 7.53873 25.3035 -3.50611 -5.76642 -8.24335 -22.9086 -1.07327 40.4952 -22.3081 6.1176 8.24119 1.77262 0 0 0 0.190392 3.66175 -0.0233264 0 0 0 0 0 2.384 303 49 1 1 0
./complex_md-fit-dt500_712.pdb_reres.pdb BC A 7.58628 24.6975 -8.28289 -5.2781 -9.56429 -21.5235 -0.947417 37.5896 -20.3552 3.21397 6.62239 1.8076 0 0 0 0.16829 2.8096 -0.016257 0 0 0 0 0 2.384 303 52 0 0 0
./complex_md-fit-dt500_713.pdb_reres.pdb BC A 6.20157 27.623 -6.71752 -5.04869 -9.50915 -21.0951 -1.08932 34.9689 -21.0789 5.37232 8.97324 1.64807 0 0 0 0.161062 2.71403 -0.0199248 0 0 0 0 0 2.384 303 45 1 1 0
./complex_md-fit-dt500_714.pdb_reres.pdb BC A 8.54724 24.4284 -4.26914 -4.35731 -8.43021 -22.1275 -1.00626 39.5797 -21.2643 3.59887 7.16933 2.5439 0 0 0 0.0479811 2.81181 -0.023248 0 0 0 0 0 2.384 303 52 0 0 0
./complex_md-fit-dt500_715.pdb_reres.pdb BC A 4.86541 26.3643 0.353839 -2.68287 -6.1704 -20.5638 -1.02821 35.7336 -20.2307 6.3488 6.2785 2.43299 0 0 0 0.256461 2.53812 -0.0204643 0 0 0 0 0 2.384 303 51 2 2 0
./complex_md-fit-dt500_716.pdb_reres.pdb BC A 9.47585 33.9922 -9.95022 -5.10083 -8.88788 -19.4099 -1.0115 32.5277 -18.8259 1.29549 7.25775 2.09637 0 0 0 0.122588 2.37154 -0.0140574 0 0 0 0 0 2.384 303 46 0 0 0
./complex_md-fit-dt500_717.pdb_reres.pdb BC A 8.78449 20.3209 -6.49476 -5.49722 -7.27071 -22.0809 -1.0883 37.8914 -21.479 5.89859 6.14125 0.857627 0 0 0 0.150469 2.36714 -0.0180129 0 0 0 0 0 2.384 303 49 1 1 0
./complex_md-fit-dt500_718.pdb_reres.pdb BC A 8.67645 27.9908 -6.56837 -5.42847 -9.52422 -22.4875 -0.957359 39.1735 -21.6077 4.26284 8.12111 1.83021 0 0 0 0.108978 2.80687 -0.0598147 0 0 0 0 0 2.384 303 47 0 0 0
./complex_md-fit-dt500_719.pdb_reres.pdb BC A 7.36208 28.1377 -1.23488 -3.36875 -7.14771 -22.4202 -0.937591 39.9662 -21.9441 3.73721 8.35619 2.37134 0 0 0 0.152658 2.27262 0 0 0 0 0 0 2.384 303 50 0 0 0
./complex_md-fit-dt500_71.pdb_reres.pdb BC A 7.0936 32.5366 -6.30443 -5.60199 -9.58318 -25.964 -1.11067 46.1044 -25.6278 6.26003 7.26818 1.52899 0 0 0 0.439659 2.81377 -0.0228674 0 0 0 0 0.00488285 2.384 303 52 0 0 0
./complex_md-fit-dt500_720.pdb_reres.pdb BC A 8.63601 29.4621 -4.29739 -3.96687 -9.22533 -21.2536 -0.990806 36.8186 -21.0013 5.53876 7.84443 1.31006 0 0 0 0.630936 2.19439 -0.00228874 0 0 0 0 0 2.384 303 50 0 0 0
./complex_md-fit-dt500_721.pdb_reres.pdb BC A 7.4025 27.3865 -8.4534 -6.45325 -10.1375 -22.1572 -1.02841 38.3492 -21.151 4.26988 7.82971 1.85463 0 0 0 0.166191 2.37801 0.00431817 0 0 0 0 0 2.384 303 48 0 0 0
./complex_md-fit-dt500_722.pdb_reres.pdb BC A 6.8435 30.9162 -5.25918 -6.52042 -9.47752 -23.1751 -0.966217 40.2325 -22.3395 5.77938 8.2069 2.41392 0 0 0 0.556384 2.3131 0.0305166 0 0 0 0 0 2.384 303 49 2 2 0
./complex_md-fit-dt500_723.pdb_reres.pdb BC A 9.20409 30.8569 -8.38527 -7.40392 -10.1043 -22.9287 -1.01343 40.4379 -22.1349 4.48103 8.15691 2.00321 0 0 0 0.120934 2.68444 1.11022e-16 0 0 0 0 0 2.384 303 49 0 0 0
./complex_md-fit-dt500_724.pdb_reres.pdb BC A 7.00167 37.2266 -9.22393 -6.42078 -9.76699 -22.1039 -1.00305 38.2623 -21.5846 3.33095 7.30685 2.6712 0 0 0 0.0840558 2.40619 0 0 0 0 0 0 2.384 303 49 0 0 0
./complex_md-fit-dt500_725.pdb_reres.pdb BC A 6.57036 31.2621 -2.93994 -3.53088 -5.28464 -21.9944 -0.992806 39.7601 -21.2155 3.42344 4.91204 1.7177 0 0 0 0.288624 2.74944 -0.0236368 0 0 0 0 0 2.384 303 49 0 0 0
./complex_md-fit-dt500_726.pdb_reres.pdb BC A 8.92506 28.7366 -2.94344 -4.94686 -7.31924 -22.3085 -1.04138 39.0539 -21.7745 5.67095 6.92923 2.53128 0 0 0 0.261701 2.49758 0 0 0 0 0 0 2.384 303 47 0 0 0
./complex_md-fit-dt500_727.pdb_reres.pdb BC A 7.64632 28.5071 -6.73893 -4.93379 -9.42517 -22.5241 -1.08116 40.3489 -21.9703 2.93492 8.1678 1.57593 0 0 0 0.184655 2.31867 -0.0165665 0 0 0 0 2.22045e-16 2.384 303 51 0 0 0
./complex_md-fit-dt500_728.pdb_reres.pdb BC A 8.2388 33.4139 -6.45643 -4.36337 -8.66342 -21.3803 -0.925481 36.408 -20.563 4.53996 7.43746 0.741166 0 0 0 0.312551 2.37772 0 0 0 0 0 0 2.384 303 49 0 0 0
./complex_md-fit-dt500_729.pdb_reres.pdb BC A 8.19143 33.1923 -2.06064 -4.18475 -8.27938 -21.4254 -0.969544 37.4577 -20.1631 6.47632 7.07965 0.889669 0 0 0 1.01924 2.47654 0.0389464 0 0 0 0 0 2.384 303 48 1 1 0
./complex_md-fit-dt500_72.pdb_reres.pdb BC A 8.42822 32.8017 -10.9299 -7.51597 -12.0727 -24.2868 -1.20128 42.088 -24.0816 4.96518 8.08947 2.65345 0 0 0 0.426118 2.73804 -0.019496 0 0 0 0 0.0257336 2.384 303 50 0 0 0
./complex_md-fit-dt500_730.pdb_reres.pdb BC A 8.95868 37.7359 -11.8132 -7.27805 -10.6745 -21.3556 -1.01217 36.1364 -20.3137 2.66094 8.2603 1.64554 0 0 0 0.091254 2.44927 0.0263944 0 0 0 0 0 2.384 303 49 0 0 0
./complex_md-fit-dt500_731.pdb_reres.pdb BC A 8.09704 36.6601 -5.31873 -6.73738 -9.0288 -22.4517 -1.00237 39.4635 -21.5503 3.45196 8.00263 3.94838 0 0 0 0.603562 2.4427 -0.0181776 0 0 0 0 0 2.384 303 49 0 0 0
./complex_md-fit-dt500_732.pdb_reres.pdb BC A 7.70525 32.3806 -7.46451 -4.39275 -9.60055 -22.024 -0.969186 37.7066 -21.1458 3.17795 7.33905 1.6684 0 0 0 0.753133 2.54427 0.0225902 0 0 0 0 0 2.384 303 50 1 1 0
./complex_md-fit-dt500_733.pdb_reres.pdb BC A 7.13111 25.63 -9.72947 -4.61038 -10.49 -22.0324 -0.944743 37.3521 -21.2797 3.895 6.63839 1.36813 0 0 0 0.389418 2.47492 -0.0152933 0 0 0 0 0 2.384 303 47 1 1 0
./complex_md-fit-dt500_734.pdb_reres.pdb BC A 7.69671 27.4765 -2.6749 -3.58883 -7.97715 -20.7902 -1.02655 36.1506 -19.8875 5.20881 6.95217 2.14311 0 0 0 0.140587 2.36915 5.14082e-05 0 0 0 0 0 2.384 303 48 0 0 0
./complex_md-fit-dt500_735.pdb_reres.pdb BC A 7.12422 24.428 -5.90622 -5.63251 -8.53306 -20.1558 -0.980308 34.2884 -19.2419 4.64975 7.3067 1.74921 0 0 0 0.628655 2.11454 0.0145519 0 0 0 0 0 2.384 303 47 1 1 0
./complex_md-fit-dt500_736.pdb_reres.pdb BC A 6.52528 28.8628 -0.134349 -3.61418 -5.66719 -21.352 -0.915914 38.3814 -21.0479 5.62302 6.63006 1.56577 0 0 0 0.240871 2.66088 0.0216487 0 0 0 0 0 2.384 303 46 1 1 0
./complex_md-fit-dt500_737.pdb_reres.pdb BC A 8.55421 31.0855 -6.35122 -6.48664 -9.31352 -22.9169 -0.781757 39.3587 -22.6185 5.11682 7.85758 2.68814 0 0 0 0.744869 2.52743 0 0 0 0 0 0 2.384 303 47 1 1 0
./complex_md-fit-dt500_738.pdb_reres.pdb BC A 7.10775 36.9243 -8.76232 -4.57644 -9.5974 -22.0151 -1.07057 37.755 -21.2205 2.81347 7.48011 1.49634 0 0 0 0.189407 2.41024 -0.0167132 0 0 0 0 0 2.384 303 46 0 0 0
./complex_md-fit-dt500_739.pdb_reres.pdb BC A 10.0451 29.0007 -6.10881 -4.71181 -8.45052 -21.1944 -0.962831 35.9746 -20.8212 4.01942 8.08093 0.943615 0 0 0 1.01346 2.0515 0 0 0 0 0 0 2.384 303 46 0 0 0
./complex_md-fit-dt500_73.pdb_reres.pdb BC A 6.88863 26.7377 -3.46592 -4.80746 -6.87368 -23.2322 -1.43913 39.9285 -22.8492 6.81474 6.4396 2.07522 0 0 0 0.454524 2.18774 -0.0198594 0 0 0 0 0.0430242 2.384 303 52 1 1 0
./complex_md-fit-dt500_740.pdb_reres.pdb BC A 6.96911 27.3174 -1.37331 -6.15616 -6.5319 -22.3969 -0.829841 39.3827 -21.7296 7.77811 7.77927 1.15809 0 0 0 0.199056 2.44528 -0.0260596 0 0 0 0 0 2.384 303 51 2 2 0
./complex_md-fit-dt500_741.pdb_reres.pdb BC A 6.7209 27.1577 -12.3907 -6.80406 -10.0738 -22.4289 -0.990011 36.9052 -22.1092 3.24367 8.12078 0.764881 0 0 0 0.937258 2.30601 0.0435021 0 0 0 0 0 2.384 303 47 0 0 0
./complex_md-fit-dt500_742.pdb_reres.pdb BC A 8.24432 26.6119 -6.84698 -4.6572 -9.42803 -20.7705 -0.970567 36.6368 -20.0265 2.8134 7.64996 1.27494 0 0 0 0.630685 2.2276 -1.38778e-17 0 0 0 0 0 2.384 303 47 0 0 0
./complex_md-fit-dt500_743.pdb_reres.pdb BC A 7.79489 29.2699 -8.85308 -5.92971 -11.1778 -21.6482 -1.11347 37.8788 -20.7271 2.95419 8.43627 2.28508 0 0 0 0.159924 2.45415 0.0288207 0 0 0 0 0 2.384 303 46 0 0 0
./complex_md-fit-dt500_744.pdb_reres.pdb BC A 8.05955 38.6471 -6.6563 -5.3338 -10.6166 -20.8959 -0.976107 35.5293 -20.3131 5.28643 8.09113 1.8356 0 0 0 0.751567 2.37224 -0.0148811 0 0 0 0 0 2.384 303 48 1 1 0
./complex_md-fit-dt500_745.pdb_reres.pdb BC A 9.01434 37.2036 -7.88932 -5.63411 -8.40125 -22.4813 -0.948768 39.0458 -22.1875 2.26866 7.903 2.24972 0 0 0 0.323057 2.64081 -0.0266223 0 0 0 0 0 2.384 303 50 0 0 0
./complex_md-fit-dt500_746.pdb_reres.pdb BC A 6.97168 34.0408 -7.06365 -5.71793 -12.3364 -21.7985 -0.939079 39.3934 -20.3576 3.47526 8.72368 1.81523 0 0 0 0.634504 2.43577 0.0437381 0 0 0 0 0 2.384 303 48 0 0 0
./complex_md-fit-dt500_747.pdb_reres.pdb BC A 8.69243 21.1955 -9.26203 -5.27197 -10.8143 -19.7819 -0.880251 34.0215 -18.7311 0.988592 8.82728 2.21437 0 0 0 0.165673 2.51613 0 0 0 0 0 0 2.384 303 48 0 0 0
./complex_md-fit-dt500_748.pdb_reres.pdb BC A 10.6588 31.0036 -11.4082 -5.2963 -10.1554 -19.2314 -0.85747 32.1402 -18.6024 2.21471 6.81945 0.831256 0 0 0 0.729145 2.20944 0 0 0 0 0 0 2.384 303 46 0 0 0
./complex_md-fit-dt500_749.pdb_reres.pdb BC A 7.5883 32.4975 -6.5802 -3.43162 -9.17037 -18.8046 -0.848477 32.346 -17.937 2.70342 7.38584 0.716641 0 0 0 0.468575 2.23408 -0.0142104 0 0 0 0 0.00553721 2.384 303 45 0 0 0
./complex_md-fit-dt500_74.pdb_reres.pdb BC A 8.5591 31.9033 -8.36298 -5.5823 -11.1896 -23.9271 -1.3098 41.1814 -23.8786 6.98137 6.17435 2.55196 0 0 0 0.599209 2.59211 0.00968013 0 0 0 0 0.0264072 2.384 303 51 2 2 0
./complex_md-fit-dt500_750.pdb_reres.pdb BC A 6.93993 33.6905 -10.7787 -5.03305 -8.53968 -19.684 -0.835649 33.1665 -18.9791 1.36417 6.77443 0.681312 0 0 0 0.306448 2.24069 0 0 0 0 0 0 2.384 303 44 0 0 0
./complex_md-fit-dt500_751.pdb_reres.pdb BC A 7.11669 32.8765 -8.58567 -4.9117 -8.9322 -20.7774 -1.06837 36.297 -19.9754 2.27618 7.16319 1.088 0 0 0 0.249105 2.53298 0.00588524 0 0 0 0 -1.11022e-16 2.384 303 47 0 0 0
./complex_md-fit-dt500_752.pdb_reres.pdb BC A 5.98822 33.4329 -8.30019 -4.59926 -11.1061 -18.575 -0.858004 31.2268 -18.111 3.59907 7.53088 1.85432 0 0 0 0.691486 1.96881 0.0466729 0 0 0 0 0 2.384 303 48 1 1 0
./complex_md-fit-dt500_753.pdb_reres.pdb BC A 9.14121 33.5223 -9.26714 -4.71903 -10.3753 -18.8193 -0.851771 31.6452 -18.0566 3.79971 7.25521 0.593319 0 0 0 0.261407 2.08294 -1.11022e-16 0 0 0 0 0 2.384 303 48 0 0 0
./complex_md-fit-dt500_754.pdb_reres.pdb BC A 8.36752 29.0819 -7.70429 -4.6462 -8.85949 -19.3111 -0.954944 33.0595 -18.1587 2.42545 6.45729 1.65233 0 0 0 0.631505 1.86499 0 0 0 0 0 0 2.384 303 48 0 0 0
./complex_md-fit-dt500_755.pdb_reres.pdb BC A 8.80162 30.7949 -7.31935 -4.87642 -9.68444 -21.3837 -0.968098 36.5004 -21.1843 3.27045 7.93732 2.28394 0 0 0 0.813978 2.22534 -0.0284336 0 0 0 0 0 2.384 303 49 0 0 0
./complex_md-fit-dt500_756.pdb_reres.pdb BC A 8.69204 25.524 -3.69464 -6.34637 -8.36315 -22.3321 -0.960358 40.0797 -21.403 5.46173 7.34728 1.98018 0 0 0 0.865694 2.75075 -0.0241639 0 0 0 0 0 2.384 303 51 0 0 0
./complex_md-fit-dt500_757.pdb_reres.pdb BC A 8.29626 26.2341 -2.3835 -5.00462 -8.04086 -21.9314 -0.998939 37.9332 -21.4463 6.34181 8.21755 2.2957 0 0 0 0.250338 2.44895 0 0 0 0 0 0 2.384 303 46 2 2 0
./complex_md-fit-dt500_758.pdb_reres.pdb BC A 7.74838 24.4543 -5.52004 -5.46969 -11.3281 -22.3193 -1.21692 40.2103 -21.3138 4.59582 9.06962 1.96877 0 0 0 0.283208 2.61841 0 0 0 0 0 0 2.384 303 47 1 1 0
./complex_md-fit-dt500_759.pdb_reres.pdb BC A 6.85839 25.5778 -8.20889 -3.81821 -8.55331 -21.8937 -0.955908 36.9405 -21.3147 2.84733 7.5028 0.806528 0 0 0 0.229915 2.41128 -1.11022e-16 0 0 0 0 0 2.384 303 48 0 0 0
./complex_md-fit-dt500_75.pdb_reres.pdb BC A 7.88512 33.4715 -7.51853 -4.48611 -8.36595 -23.2938 -1.39409 40.0931 -22.9842 4.37176 5.98889 1.71999 0 0 0 0.81851 2.09727 -0.0184908 0 0 0 0 0.0317872 2.384 303 52 1 1 0
./complex_md-fit-dt500_760.pdb_reres.pdb BC A 8.85823 30.4272 -4.70958 -5.20735 -9.58158 -21.9851 -1.06651 38.7257 -21.0625 5.74729 7.75729 1.66143 0 0 0 0.294701 2.53018 0.00705406 0 0 0 0 0 2.384 303 48 1 1 0
./complex_md-fit-dt500_761.pdb_reres.pdb BC A 6.14266 39.44 -7.54332 -5.73641 -8.67018 -22.484 -1.04216 39.1129 -22.0371 3.78624 7.2398 2.1464 0 0 0 0.15509 2.63524 -0.0139149 0 0 0 0 0 2.384 303 47 0 0 0
./complex_md-fit-dt500_762.pdb_reres.pdb BC A 9.90063 24.2046 -4.36237 -5.60946 -7.38761 -21.0853 -0.990805 35.9604 -20.4102 5.38814 7.06334 1.99468 0 0 0 0.666983 2.19087 0.0474886 0 0 0 0 0 2.384 303 46 0 0 0
./complex_md-fit-dt500_763.pdb_reres.pdb BC A 6.96897 28.2424 -4.16037 -6.21782 -6.54184 -22.6423 -1.01338 39.6098 -22.0396 5.27413 7.496 1.76748 0 0 0 0.169705 2.8094 -0.0225798 0 0 0 0 0 2.384 303 47 1 1 0
./complex_md-fit-dt500_764.pdb_reres.pdb BC A 10.2748 29.2902 -10.0916 -6.1118 -10.4013 -21.7971 -1.03844 37.4594 -21.1147 3.61674 7.70795 1.22524 0 0 0 0.362491 2.78736 0 0 0 0 0 0 2.384 303 48 0 0 0
./complex_md-fit-dt500_765.pdb_reres.pdb BC A 6.88542 28.6331 -9.74681 -5.80773 -9.84915 -21.8739 -0.978529 38.4424 -21.4671 1.67136 7.19689 2.23226 0 0 0 0.700327 2.36876 -0.0136444 0 0 0 0 0 2.384 303 49 0 0 0
./complex_md-fit-dt500_766.pdb_reres.pdb BC A 7.94341 30.6728 -9.55981 -6.27519 -9.56498 -22.2984 -1.1618 38.1488 -21.6123 2.78158 7.80508 2.42675 0 0 0 0.190606 2.51843 -1.11022e-16 0 0 0 0 0 2.384 303 49 0 0 0
./complex_md-fit-dt500_767.pdb_reres.pdb BC A 8.63052 24.8593 -1.86162 -4.8903 -7.82963 -22.4161 -1.16842 39.4533 -21.7417 6.33172 8.18298 1.75363 0 0 0 0.445579 2.91681 0.0173858 0 0 0 0 0 2.384 303 47 0 0 0
./complex_md-fit-dt500_768.pdb_reres.pdb BC A 8.69021 30.4579 -5.19167 -4.94945 -9.43184 -22.794 -1.18715 40.4264 -21.8139 4.25944 8.01355 1.9399 0 0 0 0.333671 2.46075 0.0116663 0 0 0 0 0 2.384 303 49 0 0 0
./complex_md-fit-dt500_769.pdb_reres.pdb BC A 7.81191 25.9134 -6.61547 -5.01641 -9.39398 -21.4785 -1.03916 38.1532 -20.3656 3.33228 7.97872 0.978292 0 0 0 0.235675 2.42246 0 0 0 0 0 0 2.384 303 47 0 0 0
./complex_md-fit-dt500_76.pdb_reres.pdb BC A 6.89211 37.7808 -8.52063 -5.57138 -9.6833 -22.4078 -1.43616 38.0967 -22.7475 6.63384 6.27734 1.89713 0 0 0 0.373139 2.34024 0.0388621 0 0 0 0 0.00850629 2.384 303 52 1 1 0
./complex_md-fit-dt500_770.pdb_reres.pdb BC A 6.73402 30.4366 -4.18595 -6.21956 -7.18394 -22.6254 -1.14546 40.0844 -21.6078 7.03936 7.00223 0.207603 0 0 0 0.279841 2.40954 -0.0171919 0 0 0 0 0 2.384 303 47 1 1 0
./complex_md-fit-dt500_771.pdb_reres.pdb BC A 6.93744 27.7113 -10.4255 -4.28803 -10.2077 -20.3387 -1.122 34.4997 -19.9597 1.46452 7.61678 1.472 0 0 0 0.40231 2.0589 0.035276 0 0 0 0 0 2.384 303 50 0 0 0
./complex_md-fit-dt500_772.pdb_reres.pdb BC A 7.91324 30.9097 -5.61108 -4.63904 -8.37587 -21.0176 -0.824213 35.2579 -20.4638 4.96577 8.08123 1.37105 0 0 0 0.0552347 2.47208 -0.0217415 0 0 0 0 0 2.384 303 47 0 0 0
./complex_md-fit-dt500_773.pdb_reres.pdb BC A 7.32614 27.5336 -11.6942 -6.98439 -9.8936 -21.6216 -1.11202 36.4279 -20.9823 2.09717 7.90375 2.26647 0 0 0 0.219084 2.6616 -0.0146435 0 0 0 0 0 2.384 303 50 0 0 0
./complex_md-fit-dt500_774.pdb_reres.pdb BC A 8.46767 29.0884 -3.0344 -4.62098 -8.03855 -21.4963 -0.854256 36.7215 -20.6642 5.82174 7.56342 2.36678 0 0 0 0.166443 2.52702 0 0 0 0 0 0 2.384 303 45 1 1 0
./complex_md-fit-dt500_775.pdb_reres.pdb BC A 6.56675 29.2996 -7.09742 -6.15575 -10.7417 -23.1099 -1.1316 40.4405 -22.3958 5.05688 8.52033 2.2006 0 0 0 0.243941 2.61117 -0.024959 0 0 0 0 0 2.384 303 51 1 1 0
./complex_md-fit-dt500_776.pdb_reres.pdb BC A 7.42495 31.2487 -9.02375 -7.04167 -10.9145 -24.0487 -1.0871 41.1125 -23.2931 4.80894 9.37823 1.73401 0 0 0 0.338242 2.6491 -0.0106201 0 0 0 0 0 2.384 303 50 0 0 0
./complex_md-fit-dt500_777.pdb_reres.pdb BC A 6.0861 28.532 -12.6184 -5.90282 -10.4212 -21.9646 -1.08294 36.1932 -21.6997 2.98366 7.60662 1.5037 0 0 0 0.165777 2.13923 -5.55112e-17 0 0 0 0 0 2.384 303 47 1 1 0
./complex_md-fit-dt500_778.pdb_reres.pdb BC A 8.10284 30.0046 -11.1302 -5.55897 -9.25709 -22.7972 -0.990437 38.257 -22.3791 3.65414 6.70217 0.846824 0 0 0 0.412788 2.43749 -0.0203248 0 0 0 0 0 2.384 303 51 1 1 0
./complex_md-fit-dt500_779.pdb_reres.pdb BC A 8.38367 30.648 -5.86168 -6.48042 -10.0184 -23.7117 -1.0099 41.7968 -22.8065 6.99214 8.07947 1.14827 0 0 0 0.149682 2.39976 -0.00114156 0 0 0 0 0 2.384 303 51 0 0 0
./complex_md-fit-dt500_77.pdb_reres.pdb BC A 7.1555 30.7714 -11.174 -6.36397 -8.61715 -22.8408 -1.31507 38.2513 -23.7838 4.2906 6.46697 2.34987 0 0 0 0.36372 1.83211 1.11022e-16 0 0 0 0 0.0242343 2.384 303 52 0 0 0
./complex_md-fit-dt500_780.pdb_reres.pdb BC A 7.62641 28.9303 -11.4826 -6.05412 -10.5039 -22.4813 -0.950511 38.2371 -21.7619 4.23639 6.7896 0.874369 0 0 0 0.155214 2.25694 -0.0235036 0 0 0 0 0 2.384 303 53 0 0 0
./complex_md-fit-dt500_781.pdb_reres.pdb BC A 8.40035 36.8981 -5.45818 -5.66253 -8.67824 -21.895 -0.993834 37.9626 -21.4939 6.03672 7.27004 1.65616 0 0 0 0.360096 2.30927 -0.0202856 0 0 0 0 0 2.384 303 51 1 1 0
./complex_md-fit-dt500_782.pdb_reres.pdb BC A 5.84821 27.6904 -9.72279 -6.77964 -8.88646 -22.7711 -1.22453 38.7873 -22.7419 5.11919 7.6111 1.06744 0 0 0 0.122959 2.75896 -0.0270874 0 0 0 0 0 2.384 303 47 0 0 0
./complex_md-fit-dt500_783.pdb_reres.pdb BC A 8.76628 28.3139 -9.01924 -5.46408 -10.3765 -22.0646 -0.919108 37.9663 -21.3615 4.21322 7.49618 1.02991 0 0 0 0.480594 2.40881 -0.0196287 0 0 0 0 0 2.384 303 49 0 0 0
./complex_md-fit-dt500_784.pdb_reres.pdb BC A 6.21758 27.0308 -3.54699 -4.88905 -6.85281 -22.8794 -0.9136 41.1598 -22.1595 3.94809 6.8589 1.82587 0 0 0 0.381161 2.78422 -0.0265038 0 0 0 0 0 2.384 303 49 0 0 0
./complex_md-fit-dt500_785.pdb_reres.pdb BC A 10.3898 24.6881 -8.61115 -6.24415 -8.2086 -22.7388 -0.784167 40.1554 -21.7786 1.30962 7.08197 1.57952 0 0 0 1.04108 2.87841 -0.0244157 0 0 0 0 0 2.384 303 50 0 0 0
./complex_md-fit-dt500_786.pdb_reres.pdb BC A 7.43918 24.4451 -8.7595 -5.56296 -11.2891 -20.842 -0.981549 35.3623 -20.2675 4.12158 8.76585 1.24217 0 0 0 0.691633 2.57132 0 0 0 0 0 0 2.384 303 48 1 1 0
./complex_md-fit-dt500_787.pdb_reres.pdb BC A 6.50819 28.2643 -9.90008 -5.13067 -10.1561 -21.7706 -0.912554 36.1201 -21.3965 2.70684 8.84954 1.70781 0 0 0 0.0820133 2.4965 0 0 0 0 0 0 2.384 303 50 0 0 0
./complex_md-fit-dt500_788.pdb_reres.pdb BC A 9.05193 37.9025 -9.98818 -6.07 -9.11624 -22.0034 -0.897283 36.5528 -21.9853 2.77847 9.00764 1.2399 0 0 0 0.505248 1.47199 0 0 0 0 0 0 2.384 303 52 0 0 0
./complex_md-fit-dt500_789.pdb_reres.pdb BC A 8.2228 26.4608 -3.99431 -5.03598 -8.33221 -21.6062 -1.10295 38.0521 -21.1376 6.77831 7.02129 1.22419 0 0 0 0.105847 2.03025 0.0389922 0 0 0 0 0 2.384 303 48 1 1 0
./complex_md-fit-dt500_78.pdb_reres.pdb BC A 7.00874 32.0347 -4.38324 -5.86408 -5.47121 -24.0901 -1.40867 42.1276 -24.438 5.94535 7.70922 0.942529 0 0 0 0.184774 2.36727 -0.0207143 0 0 0 0 0 2.384 303 51 0 0 0
./complex_md-fit-dt500_790.pdb_reres.pdb BC A 8.56564 33.3366 -10.9621 -5.11872 -8.96733 -22.7857 -0.811291 38.4612 -22.5807 1.83909 6.95493 1.54472 0 0 0 0.499586 2.69204 0.00211404 0 0 0 0 0 2.384 303 48 0 0 0
./complex_md-fit-dt500_791.pdb_reres.pdb BC A 6.31426 24.8969 -8.97198 -5.80515 -10.0639 -21.6154 -0.869125 37.0909 -20.9758 3.56306 7.77822 1.47278 0 0 0 0.489811 2.41284 -0.0374846 0 0 0 0 0 2.384 303 46 0 0 0
./complex_md-fit-dt500_792.pdb_reres.pdb BC A 8.45315 35.4325 -10.888 -6.12945 -10.4371 -21.6348 -1.16311 36.3072 -21.2289 2.24674 8.37638 2.58944 0 0 0 0.185649 2.29749 0 0 0 0 0 0 2.384 303 49 0 0 0
./complex_md-fit-dt500_793.pdb_reres.pdb BC A 8.64616 28.262 -8.0568 -5.67014 -7.80853 -21.2722 -1.173 36.2119 -20.9326 3.4783 8.32237 0.471749 0 0 0 0.34582 2.2497 -0.030465 0 0 0 0 0 2.384 303 47 0 0 0
./complex_md-fit-dt500_794.pdb_reres.pdb BC A 7.44313 34.2635 -7.58505 -3.14625 -8.68226 -20.5561 -0.986262 35.6131 -20.0862 1.90955 6.59621 1.55849 0 0 0 0.194716 1.99895 0 0 0 0 0 0 2.384 303 47 0 0 0
./complex_md-fit-dt500_795.pdb_reres.pdb BC A 6.49773 30.0705 -8.51563 -5.17586 -10.9804 -20.9755 -0.954886 36.7785 -20.5071 3.72759 7.02077 1.72477 0 0 0 0.847175 1.99746 -0.0206413 0 0 0 0 0 2.384 303 46 1 1 0
./complex_md-fit-dt500_796.pdb_reres.pdb BC A 6.80677 28.79 -6.89289 -5.30092 -9.28118 -21.6522 -1.03117 37.192 -21.6328 5.12596 7.5354 1.38823 0 0 0 0.763716 1.97932 5.55112e-17 0 0 0 0 0 2.384 303 49 0 0 0
./complex_md-fit-dt500_797.pdb_reres.pdb BC A 9.20107 29.834 -6.17052 -4.64409 -9.51427 -21.2538 -0.999049 35.0487 -20.8745 5.29291 8.10534 2.15186 0 0 0 0.516465 2.21698 0 0 0 0 0 0 2.384 303 47 0 0 0
./complex_md-fit-dt500_798.pdb_reres.pdb BC A 8.04975 35.0439 -7.75653 -6.38976 -8.66906 -22.1126 -0.918906 38.3679 -21.6128 2.96834 8.73725 1.25915 0 0 0 0.656385 2.24587 -0.0424136 0 0 0 0 0 2.384 303 48 0 0 0
./complex_md-fit-dt500_799.pdb_reres.pdb BC A 8.03736 29.3087 -9.65063 -4.45572 -8.81492 -20.4269 -0.954892 35.3344 -19.6401 0.873063 7.23274 1.01624 0 0 0 0.185343 2.2231 0 0 0 0 0 0 2.384 303 49 0 0 0
./complex_md-fit-dt500_79.pdb_reres.pdb BC A 6.89793 29.1978 -11.888 -6.55239 -10.5611 -24.1685 -1.27919 40.8145 -24.342 3.87878 6.42859 3.5495 0 0 0 0.346947 2.35139 -0.0201599 0 0 0 0 0.0171333 2.384 303 49 0 0 0
./complex_md-fit-dt500_7.pdb_reres.pdb BC A 9.98551 27.9326 -8.9487 -11.0867 -9.30113 -23.0933 -0.97826 41.2556 -21.4647 3.63364 8.79224 2.54899 0 0 0 0.697928 2.32055 0.0470319 0 0 0 0 0 2.384 303 53 1 1 0
./complex_md-fit-dt500_800.pdb_reres.pdb BC A 6.43585 32.1688 -6.52925 -4.70982 -8.93007 -21.3783 -1.02175 36.1482 -20.4666 2.24271 9.33694 1.94916 0 0 0 0.300249 2.94776 0 0 0 0 0 0 2.384 303 47 0 0 0
./complex_md-fit-dt500_801.pdb_reres.pdb BC A 5.89341 40.8715 -6.42407 -6.02911 -9.42777 -21.307 -0.803319 38.6678 -19.6908 2.18383 8.27394 1.05262 0 0 0 0.62799 2.92531 0 0 0 0 0 0.0277978 2.384 303 49 0 0 0
./complex_md-fit-dt500_802.pdb_reres.pdb BC A 6.42477 31.7517 -7.54228 -5.36601 -8.78389 -19.5392 -0.689099 34.2352 -18.5318 2.61938 7.26903 1.20143 0 0 0 0.0601455 2.21874 -0.0192738 0 0 0 0 0.00177217 2.384 303 48 0 0 0
./complex_md-fit-dt500_803.pdb_reres.pdb BC A 8.50235 27.9807 -4.47344 -5.39109 -6.44112 -20.8308 -1.08772 37.1482 -20.103 4.98423 5.44199 1.70763 0 0 0 0.0926529 2.48749 0 0 0 0 0 0.00561674 2.384 303 49 1 1 0
./complex_md-fit-dt500_804.pdb_reres.pdb BC A 8.19225 24.7546 -5.48753 -5.78204 -10.3185 -19.7063 -1.03459 34.3242 -18.4551 5.77605 7.74011 1.6804 0 0 0 0.288241 2.37122 0 0 0 0 0 0 2.384 303 44 1 1 0
./complex_md-fit-dt500_805.pdb_reres.pdb BC A 9.16713 29.3402 -3.08024 -4.27219 -7.04346 -19.2884 -0.93761 33.7394 -18.5983 3.6849 7.18487 1.74064 0 0 0 0.723728 2.39393 -0.013894 0 0 0 0 0 2.384 303 46 0 0 0
./complex_md-fit-dt500_806.pdb_reres.pdb BC A 8.85072 30.98 -9.84897 -6.17711 -11.5314 -21.1499 -0.947764 36.1872 -20.4971 3.3342 8.45152 2.12422 0 0 0 0.377178 2.45292 -0.0200143 0 0 0 0 0 2.384 303 48 0 0 0
./complex_md-fit-dt500_807.pdb_reres.pdb BC A 8.47037 24.5337 -9.62302 -6.35239 -10.6861 -22.1111 -0.985202 36.6019 -22.0902 5.47338 8.19827 2.15663 0 0 0 0.171832 2.65791 0 0 0 0 0 0 2.384 303 47 1 1 0
./complex_md-fit-dt500_808.pdb_reres.pdb BC A 8.00641 30.0605 -6.35192 -4.8021 -9.74564 -22.004 -0.923721 38.4046 -21.7315 3.99745 7.80893 2.04603 0 0 0 0.598006 2.17693 0 0 0 0 0 0 2.384 303 47 1 1 0
./complex_md-fit-dt500_809.pdb_reres.pdb BC A 7.46539 28.9096 -7.28252 -4.72221 -9.28546 -21.6627 -0.912059 36.9619 -20.8924 5.23581 6.93232 0.301325 0 0 0 0.780745 2.36329 -0.0196924 0 0 0 0 0 2.384 303 51 1 1 0
./complex_md-fit-dt500_80.pdb_reres.pdb BC A 8.58626 30.5693 -12.6051 -5.54812 -10.5759 -22.3808 -1.22351 38.2167 -22.1113 2.81683 5.62972 1.88088 0 0 0 0.71635 2.29777 -0.0259898 0 0 0 0 0 2.384 303 50 0 0 0
./complex_md-fit-dt500_810.pdb_reres.pdb BC A 6.50361 36.6513 -2.15511 -3.40607 -5.79932 -20.3675 -0.990164 35.5587 -19.2713 4.5424 5.73934 0.939114 0 0 0 0.914066 2.19097 -0.0143854 0 0 0 0 0 2.384 303 49 0 0 0
./complex_md-fit-dt500_811.pdb_reres.pdb BC A 8.49186 29.7889 -1.05134 -3.75232 -6.81165 -21.5856 -0.948929 37.896 -21.0768 5.46112 7.89217 1.18801 0 0 0 0.686648 2.4928 1.11022e-16 0 0 0 0 0 2.384 303 49 0 0 0
./complex_md-fit-dt500_812.pdb_reres.pdb BC A 7.04968 25.3377 -8.85738 -4.62064 -8.35984 -20.0057 -0.924618 33.8399 -19.2245 1.21444 8.15948 1.00422 0 0 0 0.0599307 2.35194 -5.55112e-17 0 0 0 0 0 2.384 303 49 0 0 0
./complex_md-fit-dt500_813.pdb_reres.pdb BC A 7.3936 33.0464 -10.7771 -4.65734 -9.77515 -21.0048 -0.887302 35.6746 -20.321 2.1841 5.84518 1.50475 0 0 0 0.669175 2.61639 -0.00939312 0 0 0 0 0 2.384 303 48 0 0 0
./complex_md-fit-dt500_814.pdb_reres.pdb BC A 8.88033 30.6701 -3.07483 -4.53784 -6.79168 -20.928 -0.966409 34.5124 -20.4497 5.96455 8.38209 1.48765 0 0 0 0.252148 2.14686 0 0 0 0 0 0 2.384 303 47 0 0 0
./complex_md-fit-dt500_815.pdb_reres.pdb BC A 8.47391 34.5277 -0.0394512 -3.52551 -7.08035 -20.7837 -0.96451 35.4675 -20.2238 6.1978 8.15873 2.52459 0 0 0 0.189815 2.40499 0 0 0 0 0 0 2.384 303 44 1 1 0
./complex_md-fit-dt500_816.pdb_reres.pdb BC A 8.76098 31.562 -7.75057 -4.09622 -8.49457 -20.67 -0.982138 33.6894 -20.4116 5.14001 5.73598 1.52586 0 0 0 0.812641 2.51345 1.11022e-16 0 0 0 0 0 2.384 303 46 1 1 0
./complex_md-fit-dt500_817.pdb_reres.pdb BC A 7.4703 39.5583 -6.96672 -5.30257 -8.62403 -21.4849 -0.961711 34.2952 -21.7763 5.1022 9.24983 1.62317 0 0 0 0.912386 2.26212 0 0 0 0 0 0 2.384 303 44 0 0 0
./complex_md-fit-dt500_818.pdb_reres.pdb BC A 9.82629 26.4047 -4.13192 -3.64263 -8.38142 -19.9657 -0.816659 33.1088 -19.2909 6.84177 6.95831 0.64694 0 0 0 0.40963 2.06301 0 0 0 0 0 0 2.384 303 45 0 0 0
./complex_md-fit-dt500_819.pdb_reres.pdb BC A 7.25863 30.805 -8.15082 -3.78892 -9.98366 -19.5358 -1.03976 31.9385 -18.5254 3.75766 7.71493 0.821029 0 0 0 0.490569 2.4646 0 0 0 0 0 0 2.384 303 42 0 0 0
./complex_md-fit-dt500_81.pdb_reres.pdb BC A 7.69088 28.34 -6.44892 -3.75078 -8.27418 -18.6849 -1.18158 31.7609 -18.823 3.28184 6.98547 1.98635 0 0 0 0.246258 2.13484 5.55112e-17 0 0 0 0 0.00467943 2.384 303 51 0 0 0
./complex_md-fit-dt500_820.pdb_reres.pdb BC A 6.60097 39.0862 -12.6944 -5.86595 -9.81285 -21.8562 -1.0535 35.0587 -21.9712 2.60412 8.43686 1.34784 0 0 0 0.417753 2.35145 -1.38778e-17 0 0 0 0 0 2.384 303 44 0 0 0
./complex_md-fit-dt500_821.pdb_reres.pdb BC A 7.12647 32.913 -1.21836 -5.67553 -6.58606 -21.0582 -0.92386 35.7642 -20.4582 7.04425 7.16503 2.6434 0 0 0 0.822856 2.12488 0.0438 0 0 0 0 0 2.384 303 45 1 1 0
./complex_md-fit-dt500_822.pdb_reres.pdb BC A 8.24117 28.9571 -8.25866 -5.51399 -7.89025 -20.3667 -0.991938 34.2737 -20.2839 1.81615 8.03076 2.27769 0 0 0 0.38975 2.17906 0 0 0 0 0 0 2.384 303 46 0 0 0
./complex_md-fit-dt500_823.pdb_reres.pdb BC A 6.52771 38.3692 -8.74112 -4.22555 -8.94747 -23.1891 -0.95668 38.2195 -22.7612 4.0199 6.43818 2.29153 0 0 0 0.369748 2.2605 5.55112e-17 0 0 0 0 0 2.384 303 44 0 0 0
./complex_md-fit-dt500_824.pdb_reres.pdb BC A 6.21176 33.8899 -11.9149 -6.82856 -10.7342 -20.5322 -1.08101 32.7019 -20.335 4.81751 7.14814 2.69011 0 0 0 0.206123 1.74192 0.0322586 0 0 0 0 0 2.384 303 45 1 1 0
./complex_md-fit-dt500_825.pdb_reres.pdb BC A 8.35257 28.9534 -3.45761 -4.36628 -8.64307 -20.4066 -0.777633 34.7421 -20.2636 5.90097 8.0005 2.02205 0 0 0 0.328806 2.30146 0.00510385 0 0 0 0 0 2.384 303 44 0 0 0
./complex_md-fit-dt500_826.pdb_reres.pdb BC A 10.091 30.6791 -5.96233 -3.55004 -5.94668 -21.286 -0.933685 35.2106 -21.2209 2.513 6.06114 2.68185 0 0 0 0.508352 2.20878 0 0 0 0 0 0 2.384 303 50 0 0 0
./complex_md-fit-dt500_827.pdb_reres.pdb BC A 7.55746 31.3226 -6.79902 -6.45801 -7.56678 -21.0834 -0.969535 34.4609 -21.3998 3.9908 9.1692 2.89964 0 0 0 0.157987 1.72887 0 0 0 0 0 0 2.384 303 45 0 0 0
./complex_md-fit-dt500_828.pdb_reres.pdb BC A 10.7508 31.5438 -3.07061 -4.29283 -6.08532 -23.804 -0.900889 40.906 -23.6769 5.1077 7.27173 1.94824 0 0 0 0.450983 2.62883 0.00470209 0 0 0 0 0 2.384 303 48 2 2 0
./complex_md-fit-dt500_829.pdb_reres.pdb BC A 7.55523 22.2336 -10.1571 -4.8573 -8.24312 -20.6581 -0.837118 33.279 -20.4419 2.88796 6.87632 1.71664 0 0 0 0.139398 2.10653 -0.0188355 0 0 0 0 0 2.384 303 47 0 0 0
./complex_md-fit-dt500_82.pdb_reres.pdb BC A 6.15533 30.9022 -3.18067 -4.16961 -6.39006 -18.7683 -1.12814 32.5122 -18.3784 4.28395 6.43874 1.92359 0 0 0 0.486213 2.09741 1.38778e-17 0 0 0 0 0.0092281 2.384 303 48 0 0 0
./complex_md-fit-dt500_830.pdb_reres.pdb BC A 6.27081 22.4387 -1.18537 -3.80169 -6.36826 -22.6991 -1.01806 39.6121 -22.0161 6.59416 6.85423 1.26113 0 0 0 0.423789 2.47683 -0.0275674 0 0 0 0 0 2.384 303 49 1 1 0
./complex_md-fit-dt500_831.pdb_reres.pdb BC A 6.38681 33.0219 -9.17787 -4.83535 -10.0461 -22.0958 -0.924854 37.2097 -21.412 3.51468 7.52113 1.36101 0 0 0 0.550691 1.92287 -0.0209447 0 0 0 0 0 2.384 303 46 0 0 0
./complex_md-fit-dt500_832.pdb_reres.pdb BC A 8.44909 30.3043 -3.49578 -4.39532 -6.43843 -22.5442 -0.940476 39.4799 -22.2073 3.49899 7.45658 2.19 0 0 0 0.425278 2.91392 -0.0208433 0 0 0 0 0 2.384 303 49 0 0 0
./complex_md-fit-dt500_833.pdb_reres.pdb BC A 8.42743 39.0738 -5.64152 -3.63074 -10.651 -21.3423 -0.954419 36.3389 -21.1058 6.67591 7.46006 1.43018 0 0 0 0.155368 2.19255 -0.0176961 0 0 0 0 0 2.384 303 49 2 2 0
./complex_md-fit-dt500_834.pdb_reres.pdb BC A 7.74576 30.8336 -5.91625 -2.62453 -8.91501 -20.923 -0.997219 34.5672 -20.689 5.16484 6.18716 2.0574 0 0 0 0.25136 2.31616 0.00455775 0 0 0 0 0 2.384 303 44 1 1 0
./complex_md-fit-dt500_835.pdb_reres.pdb BC A 7.52971 29.2911 -9.03134 -4.78794 -9.41629 -21.8363 -0.762257 34.6601 -21.4534 5.90702 6.25357 1.98821 0 0 0 0.408477 2.40416 0.0073747 0 0 0 0 0 2.384 303 46 1 1 0
./complex_md-fit-dt500_836.pdb_reres.pdb BC A 7.99961 26.1974 -12.4223 -5.15383 -8.39248 -19.6411 -0.842211 30.2427 -19.6675 1.94125 6.95164 1.75024 0 0 0 0.375087 1.99124 0.0139916 0 0 0 0 0 2.384 303 43 0 0 0
./complex_md-fit-dt500_837.pdb_reres.pdb BC A 6.92326 28.7296 0.23555 -3.80474 -4.7626 -20.9431 -0.978633 35.7789 -20.6461 8.1915 5.76642 0.914588 0 0 0 0.664737 1.95606 0.0545953 0 0 0 0 0 2.384 303 46 2 2 0
./complex_md-fit-dt500_838.pdb_reres.pdb BC A 6.83213 32.7372 -8.6682 -4.7788 -7.86807 -21.5711 -0.912226 34.7042 -21.2747 4.84173 6.24105 1.13603 0 0 0 0.833635 2.04767 -0.0199737 0 0 0 0 0 2.384 303 46 1 1 0
./complex_md-fit-dt500_839.pdb_reres.pdb BC A 8.55053 31.2645 -4.71564 -4.16658 -6.80711 -21.0529 -0.961573 35.0231 -20.7689 5.14719 6.63815 1.4865 0 0 0 0.770663 2.01803 -0.0241419 0 0 0 0 0 2.384 303 47 0 0 0
./complex_md-fit-dt500_83.pdb_reres.pdb BC A 9.79643 27.6912 -6.30139 -5.32825 -7.04213 -18.5693 -1.42881 33.5195 -17.9158 1.50325 6.7161 2.0016 0 0 0 0.242482 1.92733 0 0 0 0 0 0 2.384 303 46 0 0 0
./complex_md-fit-dt500_840.pdb_reres.pdb BC A 10.0233 28.4054 -11.0902 -5.28744 -8.30863 -21.4417 -0.956695 34.8035 -21.6551 2.79218 7.49618 0.79077 0 0 0 0.697243 2.40186 -0.0205461 0 0 0 0 0 2.384 303 44 0 0 0
./complex_md-fit-dt500_841.pdb_reres.pdb BC A 10.098 32.9532 -1.19959 -3.4325 -6.40134 -19.7684 -1.00919 32.8256 -19.318 7.26955 6.23892 1.70307 0 0 0 0.679898 2.02761 0.0127725 0 0 0 0 0 2.384 303 46 0 0 0
./complex_md-fit-dt500_842.pdb_reres.pdb BC A 7.77143 25.7818 -6.40592 -5.00407 -6.85176 -22.3993 -0.853441 37.9736 -22.2057 3.42896 7.70891 1.67416 0 0 0 0.141107 2.54432 -0.0184308 0 0 0 0 0 2.384 303 48 0 0 0
./complex_md-fit-dt500_843.pdb_reres.pdb BC A 5.44324 25.6508 -10.8908 -5.158 -10.2186 -20.2953 -0.948398 33.2175 -19.7662 2.94357 6.66547 2.36231 0 0 0 0.306882 1.93581 0 0 0 0 0 0 2.384 303 49 0 0 0
./complex_md-fit-dt500_844.pdb_reres.pdb BC A 8.55794 25.7695 -10.3979 -5.75486 -10.2656 -21.5721 -0.893932 34.942 -21.2195 4.38694 7.60643 2.02236 0 0 0 0.350515 2.23003 2.77556e-17 0 0 0 0 0 2.384 303 46 1 1 0
./complex_md-fit-dt500_845.pdb_reres.pdb BC A 7.59214 23.5917 -7.84865 -5.58145 -7.78534 -22.5117 -0.968488 37.5626 -21.9071 4.34132 6.8914 1.66414 0 0 0 0.443617 2.03439 0.00227911 0 0 0 0 0 2.384 303 45 0 0 0
./complex_md-fit-dt500_846.pdb_reres.pdb BC A 8.99798 32.0154 -4.59251 -4.08907 -9.02905 -20.9595 -0.842142 36.088 -20.6639 5.42344 6.99749 2.34521 0 0 0 0.136934 2.27208 0 0 0 0 0 0 2.384 303 45 0 0 0
./complex_md-fit-dt500_847.pdb_reres.pdb BC A 6.74949 26.8908 -3.91479 -5.05752 -7.86016 -22.1106 -1.09305 37.3726 -21.651 6.74138 8.19233 1.37021 0 0 0 0.204308 2.19055 -0.0232219 0 0 0 0 0 2.384 303 43 2 2 0
./complex_md-fit-dt500_848.pdb_reres.pdb BC A 7.73423 35.7266 -9.99421 -6.08802 -10.7564 -22.4166 -0.896826 37.5422 -21.5915 4.7195 6.86545 1.99842 0 0 0 0.645883 2.35432 -0.0162905 0 0 0 0 0 2.384 303 45 0 0 0
./complex_md-fit-dt500_849.pdb_reres.pdb BC A 7.35088 31.8796 -11.4813 -7.50876 -10.1885 -22.8762 -0.911715 37.887 -22.2783 3.81797 7.93578 1.68577 0 0 0 0.933359 2.57452 0.0222575 0 0 0 0 0 2.384 303 48 1 1 0
./complex_md-fit-dt500_84.pdb_reres.pdb BC A 8.20438 28.4147 -8.69457 -5.32737 -10.722 -20.3303 -1.41613 36.0069 -19.6726 3.77482 6.72156 2.15382 0 0 0 0.116765 1.98457 0 0 0 0 0 0 2.384 303 48 0 0 0
./complex_md-fit-dt500_850.pdb_reres.pdb BC A 7.25654 25.2304 -9.27421 -5.19129 -9.04283 -22.7503 -0.845676 37.8558 -22.304 3.69146 7.73739 1.21049 0 0 0 0.39264 2.75678 -0.0279121 0 0 0 0 0 2.384 303 46 0 0 0
./complex_md-fit-dt500_851.pdb_reres.pdb BC A 5.66137 30.2595 -8.03393 -4.90081 -10.3063 -22.78 -0.83338 39.0773 -21.7136 4.13704 6.59534 1.91916 0 0 0 0.789038 1.96927 -0.0177691 0 0 0 0 0 2.384 303 46 0 0 0
./complex_md-fit-dt500_852.pdb_reres.pdb BC A 9.09398 24.3717 -13.8204 -7.17519 -12.4918 -21.3633 -1.09043 35.8445 -20.2794 2.21721 7.92511 1.88026 0 0 0 0.712629 2.17454 0 0 0 0 0 0 2.384 303 45 0 0 0
./complex_md-fit-dt500_853.pdb_reres.pdb BC A 6.53357 30.7226 -7.02151 -5.1435 -7.64917 -21.2615 -0.918699 34.3427 -20.8815 4.00707 8.20517 1.737 0 0 0 0.513426 2.27477 0.0274806 0 0 0 0 0 2.384 303 44 0 0 0
./complex_md-fit-dt500_854.pdb_reres.pdb BC A 6.52047 32.4876 -11.0758 -5.04773 -8.97762 -19.8391 -0.910249 30.5547 -19.9153 3.92641 6.39124 2.39308 0 0 0 0.325124 1.62144 0.0236785 0 0 0 0 0 2.384 303 43 0 0 0
./complex_md-fit-dt500_855.pdb_reres.pdb BC A 8.78604 34.131 -11.0065 -5.01278 -11.1029 -19.8522 -0.983135 32.3738 -19.5662 2.5955 7.2953 3.09995 0 0 0 0.123355 1.91967 0.0229291 0 0 0 0 0 2.384 303 45 0 0 0
./complex_md-fit-dt500_856.pdb_reres.pdb BC A 5.83752 33.2217 -4.08448 -3.58986 -6.68844 -18.461 -1.10943 29.8794 -18.2768 4.38514 7.56073 2.15584 0 0 0 0.059995 1.72189 0 0 0 0 0 0 2.384 303 43 0 0 0
./complex_md-fit-dt500_857.pdb_reres.pdb BC A 6.78421 26.8151 -11.8304 -5.38199 -9.04806 -20.1357 -1.03346 31.4497 -20.4152 2.96748 7.53829 1.96644 0 0 0 0.262158 1.83784 5.55112e-17 0 0 0 0 0 2.384 303 42 0 0 0
./complex_md-fit-dt500_858.pdb_reres.pdb BC A 7.42116 36.0463 -7.99386 -3.84072 -8.43944 -19.3287 -0.993237 30.0858 -19.691 6.30045 6.87756 0.784041 0 0 0 0.251366 1.68013 0 0 0 0 0 0 2.384 303 41 1 1 0
./complex_md-fit-dt500_859.pdb_reres.pdb BC A 8.21947 29.2326 -8.48769 -4.35001 -9.24085 -19.6615 -1.03228 31.6568 -19.6969 5.05891 7.35069 1.2303 0 0 0 0.161853 2.20753 0.0352732 0 0 0 0 0 2.384 303 41 1 1 0
./complex_md-fit-dt500_85.pdb_reres.pdb BC A 7.87989 30.4076 -11.4256 -5.59447 -12.5795 -21.0172 -1.33518 37.8115 -20.5613 2.82938 7.444 1.27752 0 0 0 0.299705 1.73056 0 0 0 0 0 0 2.384 303 51 0 0 0
./complex_md-fit-dt500_860.pdb_reres.pdb BC A 7.58045 25.041 -5.9833 -3.32847 -8.15936 -19.9449 -0.954817 33.2762 -19.504 3.38812 7.45768 1.6191 0 0 0 0.167059 2.18137 -5.55112e-17 0 0 0 0 0 2.384 303 43 0 0 0
./complex_md-fit-dt500_861.pdb_reres.pdb BC A 7.97742 34.4248 -7.56301 -3.57898 -6.60576 -20.0239 -0.842988 32.5314 -20.3613 3.33509 6.9281 0.914595 0 0 0 0.140745 2.2851 0 0 0 0 0 0 2.384 303 42 0 0 0
./complex_md-fit-dt500_862.pdb_reres.pdb BC A 9.09822 34.5692 -8.60236 -3.23686 -7.5383 -18.9662 -0.94089 29.6195 -19.2324 3.56016 6.54605 1.36351 0 0 0 0.223066 1.84666 -5.55112e-17 0 0 0 0 0 2.384 303 41 0 0 0
./complex_md-fit-dt500_863.pdb_reres.pdb BC A 8.83215 24.7592 -9.80547 -4.1393 -7.85174 -19.1632 -0.926982 31.5125 -18.9755 1.7117 6.8364 1.11277 0 0 0 0.0779284 2.0442 0 0 0 0 0 0 2.384 303 42 0 0 0
./complex_md-fit-dt500_864.pdb_reres.pdb BC A 7.67982 30.4038 -7.12797 -4.63739 -9.15595 -20.3924 -0.97538 33.4212 -20.3329 3.92452 8.72663 1.9776 0 0 0 0.330402 2.0628 -0.0142496 0 0 0 0 0 2.384 303 45 0 0 0
./complex_md-fit-dt500_865.pdb_reres.pdb BC A 10.2733 33.0429 -13.9507 -4.85929 -10.3946 -17.9889 -0.96531 27.8255 -18.4659 1.02718 7.29186 2.49038 0 0 0 0.0882429 1.90026 0 0 0 0 0 0 2.384 303 43 0 0 0
./complex_md-fit-dt500_866.pdb_reres.pdb BC A 7.28696 33.37 -4.68823 -3.34402 -7.69286 -19.2711 -1.01084 31.9457 -18.8776 4.26221 7.31113 1.82285 0 0 0 0.181569 1.9607 -0.015325 0 0 0 0 0 2.384 303 42 0 0 0
./complex_md-fit-dt500_867.pdb_reres.pdb BC A 6.83612 32.6285 -11.8041 -4.8353 -10.6347 -19.5972 -1.00322 32.1226 -19.5689 1.97451 9.28708 0.398427 0 0 0 0.0668371 2.12188 -0.0142379 0 0 0 0 0 2.384 303 41 0 0 0
./complex_md-fit-dt500_868.pdb_reres.pdb BC A 6.7443 26.5447 -16.127 -5.83969 -11.9278 -18.4056 -0.903925 29.2938 -18.4896 0.668018 8.63577 0.636848 0 0 0 0.205168 1.69651 0 0 0 0 0 0 2.384 303 45 0 0 0
./complex_md-fit-dt500_869.pdb_reres.pdb BC A 7.34395 41.3725 -9.59598 -6.6175 -10.1795 -21.9906 -1.01551 36.6167 -22.2227 5.67584 7.84072 1.44193 0 0 0 0.85464 2.20188 0 0 0 0 0 0 2.384 303 49 0 0 0
./complex_md-fit-dt500_86.pdb_reres.pdb BC A 7.98725 27.366 -5.21005 -4.0587 -10.2667 -21.0096 -1.4779 38.2225 -20.6068 4.99692 6.18601 2.33555 0 0 0 0.44963 1.96597 -2.77556e-17 0 0 0 0 0.019135 2.384 303 50 1 1 0
./complex_md-fit-dt500_870.pdb_reres.pdb BC A 6.95714 28.6082 -10.158 -6.98385 -8.90897 -22.084 -1.00326 36.5167 -22.145 3.91945 8.25698 2.18966 0 0 0 0.104417 2.30053 -0.0200635 0 0 0 0 0 2.384 303 46 1 1 0
./complex_md-fit-dt500_871.pdb_reres.pdb BC A 10.4863 24.9574 -6.86692 -5.02162 -8.97088 -21.0212 -0.938322 33.7564 -21.0714 5.99568 8.32212 1.98569 0 0 0 0.105513 2.03382 -0.00888273 0 0 0 0 0 2.384 303 48 1 1 0
./complex_md-fit-dt500_872.pdb_reres.pdb BC A 8.57068 35.9864 -4.14194 -4.08295 -6.58993 -19.1324 -0.865254 32.4654 -19.188 3.03007 8.14975 1.97286 0 0 0 0.123104 1.86678 -0.0245918 0 0 0 0 0 2.384 303 44 0 0 0
./complex_md-fit-dt500_873.pdb_reres.pdb BC A 7.16996 28.6271 -10.6147 -3.84002 -8.9602 -19.9734 -0.812952 32.2654 -20.2465 0.812468 7.47623 2.2353 0 0 0 0.428908 2.13763 0 0 0 0 0 0 2.384 303 44 0 0 0
./complex_md-fit-dt500_874.pdb_reres.pdb BC A 7.46257 32.4259 -4.81998 -3.605 -6.71364 -18.1263 -0.892951 29.7095 -17.9561 4.33053 6.19672 2.15343 0 0 0 0.0838136 1.91851 0 0 0 0 0 0 2.384 303 46 0 0 0
./complex_md-fit-dt500_875.pdb_reres.pdb BC A 6.78188 36.6645 -0.433285 -4.28785 -4.73912 -21.82 -0.882744 37.3658 -21.6524 6.16985 7.03912 1.48481 0 0 0 0.883004 2.24561 0.0061799 0 0 0 0 0 2.384 303 45 0 0 0
./complex_md-fit-dt500_876.pdb_reres.pdb BC A 6.66233 32.5294 -4.54829 -3.23507 -6.1992 -20.3446 -1.0737 34.8204 -20.0012 2.36856 7.02308 1.87371 0 0 0 0.234493 2.04651 -0.0147779 0 0 0 0 0 2.384 303 40 0 0 0
./complex_md-fit-dt500_877.pdb_reres.pdb BC A 10.3841 29.4794 -4.79755 -3.57867 -6.57038 -20.3241 -0.99727 33.3812 -20.0929 5.14201 6.78407 1.23158 0 0 0 0.22223 2.44408 0.00459682 0 0 0 0 0 2.384 303 42 0 0 0
./complex_md-fit-dt500_878.pdb_reres.pdb BC A 7.59323 34.142 -9.1006 -5.01006 -9.68158 -21.0141 -1.0561 33.7617 -21.0739 2.75483 9.2063 2.7072 0 0 0 0.3034 2.93277 0.00178928 0 0 0 0 0 2.384 303 42 0 0 0
./complex_md-fit-dt500_879.pdb_reres.pdb BC A 6.39325 25.6657 -6.86387 -3.30775 -8.01067 -21.0688 -0.897496 33.7199 -21.2938 4.16237 7.75476 1.94018 0 0 0 0.132741 2.32035 0.0047952 0 0 0 0 0 2.384 303 45 0 0 0
./complex_md-fit-dt500_87.pdb_reres.pdb BC A 8.08095 24.1388 -4.11563 -3.52506 -6.53937 -19.449 -1.20283 33.6341 -19.4013 4.44476 5.41713 1.96122 0 0 0 0.544666 2.27713 0 0 0 0 0 0 2.384 303 48 0 0 0
./complex_md-fit-dt500_880.pdb_reres.pdb BC A 8.36847 30.9094 -5.27494 -4.13902 -8.38664 -21.2718 -1.05747 35.2117 -21.2637 5.01486 7.88577 2.61292 0 0 0 0.113967 2.12313 0.00456476 0 0 0 0 0 2.384 303 47 0 0 0
./complex_md-fit-dt500_881.pdb_reres.pdb BC A 8.38706 32.8192 -4.78397 -4.04514 -8.68961 -21.7704 -0.985655 36.1742 -21.401 5.57159 8.13935 2.08407 0 0 0 0.138627 2.51382 0 0 0 0 0 0 2.384 303 47 1 1 0
./complex_md-fit-dt500_882.pdb_reres.pdb BC A 7.61345 29.9813 -3.65744 -4.18444 -7.04908 -21.7435 -0.90496 36.7597 -21.789 7.12055 6.22402 1.64707 0 0 0 0.262268 2.33844 0 0 0 0 0 0 2.384 303 49 1 1 0
./complex_md-fit-dt500_883.pdb_reres.pdb BC A 7.15714 29.0276 3.77485 -5.26835 -5.5249 -20.4924 -1.08408 37.6397 -19.7273 9.34775 6.46207 2.22347 0 0 0 0.217668 2.06434 -0.0187792 0 0 0 0 0 2.384 303 48 3 3 0
./complex_md-fit-dt500_884.pdb_reres.pdb BC A 7.72981 30.865 -7.56091 -3.32697 -7.97349 -21.0959 -0.863883 35.3024 -21.3176 2.35222 7.39343 1.85245 0 0 0 0.134807 1.70767 -0.0183899 0 0 0 0 0 2.384 303 49 0 0 0
./complex_md-fit-dt500_885.pdb_reres.pdb BC A 11.5511 37.6371 -5.5935 -3.46122 -9.14548 -21.1493 -0.931934 35.0494 -21.1941 4.69395 7.39416 2.92777 0 0 0 0.235849 2.49508 -0.0125223 0 0 0 0 0 2.384 303 47 0 0 0
./complex_md-fit-dt500_886.pdb_reres.pdb BC A 7.07044 28.1491 -9.38761 -6.49763 -9.83076 -22.0363 -1.13631 37.9506 -22.2198 2.66919 9.26568 2.05861 0 0 0 0.409988 2.10913 -0.0208994 0 0 0 0 0 2.384 303 50 0 0 0
./complex_md-fit-dt500_887.pdb_reres.pdb BC A 8.19816 32.8563 -6.28812 -5.42662 -8.38597 -20.9348 -0.966743 34.6776 -20.7814 5.06827 8.2074 1.95697 0 0 0 0.297115 2.12845 0 0 0 0 0 0 2.384 303 49 0 0 0
./complex_md-fit-dt500_888.pdb_reres.pdb BC A 9.60095 34.675 -0.802773 -4.61041 -7.48768 -22.47 -0.997284 39.4682 -22.3362 6.67411 8.7528 1.95006 0 0 0 0.275696 2.24227 -0.0220428 0 0 0 0 0 2.384 303 50 1 1 0
./complex_md-fit-dt500_889.pdb_reres.pdb BC A 6.18715 29.6709 -7.1648 -5.59741 -9.72152 -21.1047 -0.936932 35.5696 -20.8917 3.15979 9.28921 2.41148 0 0 0 0.657396 2.19197 5.55112e-17 0 0 0 0 0 2.384 303 49 0 0 0
./complex_md-fit-dt500_88.pdb_reres.pdb BC A 9.90388 33.6041 -7.37513 -5.28649 -8.15559 -19.6273 -0.977154 34.2176 -19.335 2.96074 5.56441 3.09096 0 0 0 0.172687 2.11331 -5.55112e-17 0 0 0 0 0 2.384 303 50 0 0 0
./complex_md-fit-dt500_890.pdb_reres.pdb BC A 8.44373 37.3158 -9.205 -5.30843 -10.2143 -20.6928 -0.836739 33.6403 -20.5208 4.82045 7.34395 2.35202 0 0 0 0.226946 2.24713 -0.0155685 0 0 0 0 0 2.384 303 48 0 0 0
./complex_md-fit-dt500_891.pdb_reres.pdb BC A 7.24952 37.5886 -6.99702 -6.48053 -9.0843 -20.7815 -1.08171 35.306 -20.0948 6.4957 7.06493 1.57418 0 0 0 0.104684 1.76847 -0.0196706 0 0 0 0 0 2.384 303 46 0 0 0
./complex_md-fit-dt500_892.pdb_reres.pdb BC A 7.0726 28.8272 -12.1387 -6.61128 -10.2102 -21.2847 -1.12319 35.8996 -21.0679 2.83479 7.79803 1.41455 0 0 0 0.211733 2.07123 0 0 0 0 0 0 2.384 303 47 0 0 0
./complex_md-fit-dt500_893.pdb_reres.pdb BC A 8.68431 30.4536 -6.24119 -5.77956 -7.67843 -21.5043 -0.952021 37.2148 -21.321 4.37103 7.79333 1.50389 0 0 0 0.135209 2.22623 -0.0240843 0 0 0 0 0 2.384 303 49 1 1 0
./complex_md-fit-dt500_894.pdb_reres.pdb BC A 10.9634 35.7459 -5.03395 -4.35792 -9.2886 -22.4603 -0.854129 38.5983 -22.4035 4.84174 7.89307 2.80759 0 0 0 0.207345 2.62765 -0.0175974 0 0 0 0 0 2.384 303 50 0 0 0
./complex_md-fit-dt500_895.pdb_reres.pdb BC A 5.8585 36.6618 -5.05579 -5.14749 -9.34792 -21.4098 -1.0048 36.6232 -21.4257 5.49547 7.75703 3.34193 0 0 0 0.062257 2.56702 0 0 0 0 0 0 2.384 303 50 1 1 0
./complex_md-fit-dt500_896.pdb_reres.pdb BC A 8.63603 27.9686 -6.88121 -5.24798 -10.1758 -21.375 -0.908211 37.3797 -20.8714 4.70135 7.50734 1.98788 0 0 0 0.12099 2.2228 1.38778e-17 0 0 0 0 0 2.384 303 50 0 0 0
./complex_md-fit-dt500_897.pdb_reres.pdb BC A 7.10236 26.2603 -10.2981 -5.10958 -11.3693 -21.9829 -1.02063 38.1472 -21.8653 2.28012 7.63029 2.67263 0 0 0 0.319426 2.33578 0 0 0 0 0 0 2.384 303 50 0 0 0
./complex_md-fit-dt500_898.pdb_reres.pdb BC A 7.5206 31.15 -8.2026 -5.75508 -9.19816 -21.4544 -0.977773 37.1279 -21.2587 4.18135 7.53093 1.44372 0 0 0 0.178333 2.47303 -0.0206869 0 0 0 0 0 2.384 303 47 0 0 0
./complex_md-fit-dt500_899.pdb_reres.pdb BC A 8.47977 36.3737 -4.45676 -5.21228 -7.47671 -21.4854 -0.957554 36.4614 -21.5601 6.58018 6.20112 2.74925 0 0 0 0.243366 2.11058 0 0 0 0 0 0 2.384 303 46 0 0 0
./complex_md-fit-dt500_89.pdb_reres.pdb BC A 7.80857 34.8161 -7.73838 -5.19975 -8.33207 -21.1828 -1.27165 37.3021 -20.4969 2.85447 6.28368 2.07956 0 0 0 0.224941 2.4144 0 0 0 0 0 0 2.384 303 48 0 0 0
./complex_md-fit-dt500_8.pdb_reres.pdb BC A 7.92774 30.1225 -12.8702 -11.3178 -9.17893 -26.4046 -0.910418 44.9314 -25.9764 3.08288 8.85241 3.51904 0 0 0 0.553471 2.35151 -0.0212049 0 0 0 0 0 2.384 303 55 0 0 0
./complex_md-fit-dt500_900.pdb_reres.pdb BC A 6.07234 31.7655 -8.17485 -4.64989 -6.58474 -21.1785 -0.947101 34.8599 -21.6226 3.94419 5.54058 2.32461 0 0 0 0.160829 1.79723 -0.0221504 0 0 0 0 0 2.384 303 45 0 0 0
./complex_md-fit-dt500_901.pdb_reres.pdb BC A 7.29522 27.966 -9.98531 -4.97632 -9.88844 -20.9465 -1.11164 34.3167 -20.7432 2.77444 7.44919 2.73341 0 0 0 0.424216 2.1879 -0.0172116 0 0 0 0 0 2.384 303 50 1 1 0
./complex_md-fit-dt500_902.pdb_reres.pdb BC A 8.81169 35.9546 -10.0519 -5.46327 -10.6311 -22.3262 -1.0321 38.9175 -21.9776 2.97955 6.99935 2.3543 0 0 0 0.147358 2.55145 -0.0196597 0 0 0 0 0 2.384 303 50 0 0 0
./complex_md-fit-dt500_903.pdb_reres.pdb BC A 7.0412 36.6447 -9.76081 -5.20966 -10.2807 -21.6867 -0.92763 35.6537 -21.4182 3.83441 7.59428 2.62198 0 0 0 0.0670851 2.47696 -0.00938382 0 0 0 0 0 2.384 303 49 0 0 0
./complex_md-fit-dt500_904.pdb_reres.pdb BC A 9.39732 25.9835 -6.20981 -4.18023 -5.92548 -21.2896 -0.886293 36.7334 -20.9915 2.8391 5.79551 1.50083 0 0 0 0.215075 2.36695 -0.0206653 0 0 0 0 0 2.384 303 50 0 0 0
./complex_md-fit-dt500_905.pdb_reres.pdb BC A 9.64139 26.701 2.65409 -3.68769 -6.49399 -21.2142 -0.912167 36.986 -21.2359 8.75176 7.28805 2.95878 0 0 0 0.24057 2.3788 -0.0271193 0 0 0 0 0 2.384 303 52 2 2 0
./complex_md-fit-dt500_906.pdb_reres.pdb BC A 6.85548 35.4448 -6.17395 -5.27445 -9.09341 -21.7895 -0.938143 36.8595 -21.749 5.37539 6.86612 3.22433 0 0 0 0.345205 2.25967 0 0 0 0 0 0 2.384 303 48 1 1 0
./complex_md-fit-dt500_907.pdb_reres.pdb BC A 7.33883 31.5567 -13.2236 -5.01013 -9.53953 -22.6173 -0.961553 36.9946 -22.3924 2.39242 5.77309 1.92002 0 0 0 0.217196 2.01268 0 0 0 0 0 0 2.384 303 49 0 0 0
./complex_md-fit-dt500_908.pdb_reres.pdb BC A 6.41578 26.2519 -10.1878 -5.55353 -10.4591 -21.8644 -0.985977 37.1539 -21.8601 2.44103 7.99369 2.8319 0 0 0 0.129205 2.13737 -0.0145017 0 0 0 0 0 2.384 303 51 0 0 0
./complex_md-fit-dt500_909.pdb_reres.pdb BC A 5.95482 20.7004 -4.78916 -4.91624 -8.16983 -21.3602 -0.993765 36.38 -20.7667 5.59778 8.39687 0.955344 0 0 0 0.118965 2.19268 -0.0313534 0 0 0 0 0 2.384 303 47 1 1 0
./complex_md-fit-dt500_90.pdb_reres.pdb BC A 6.7852 33.14 -13.1967 -6.07635 -11.96 -20.7388 -1.39324 35.7483 -20.4098 2.94859 5.95023 2.2178 0 0 0 0.525802 2.40276 -0.00920064 0 0 0 0 0 2.384 303 50 0 0 0
./complex_md-fit-dt500_910.pdb_reres.pdb BC A 7.91239 26.7666 -5.76795 -5.6967 -7.38284 -21.091 -0.821046 35.8933 -20.5329 4.05733 7.52224 2.18861 0 0 0 0.0950078 2.13363 5.55112e-17 0 0 0 0 0 2.384 303 50 1 1 0
./complex_md-fit-dt500_911.pdb_reres.pdb BC A 8.60696 32.1435 -10.392 -6.24236 -9.55473 -22.2709 -0.937955 36.7219 -21.914 3.63006 8.72751 1.41246 0 0 0 0.0616894 2.08084 -0.0256799 0 0 0 0 0 2.384 303 50 0 0 0
./complex_md-fit-dt500_912.pdb_reres.pdb BC A 6.5709 28.8217 -9.13634 -5.4647 -9.01653 -21.5476 -0.892313 35.9473 -21.7059 3.77045 7.19226 2.38162 0 0 0 0.21848 2.19865 -0.0194164 0 0 0 0 0 2.384 303 50 0 0 0
./complex_md-fit-dt500_913.pdb_reres.pdb BC A 7.43447 25.9566 -7.43473 -4.56624 -9.92434 -22.9986 -1.02262 40.1145 -22.9718 2.851 7.56925 3.37908 0 0 0 0.135064 2.48842 0 0 0 0 0 0 2.384 303 50 0 0 0
./complex_md-fit-dt500_914.pdb_reres.pdb BC A 7.58203 28.697 -9.34433 -5.64723 -7.50919 -21.091 -0.973962 35.1061 -21.1427 3.41872 6.99181 1.30721 0 0 0 0.216773 2.03488 -0.0209246 0 0 0 0 0 2.384 303 48 1 1 0
./complex_md-fit-dt500_915.pdb_reres.pdb BC A 8.97342 33.6918 -7.82736 -5.88531 -9.56158 -22.1162 -0.910257 37.5437 -22.3762 3.97597 8.64801 2.531 0 0 0 0.343675 2.2979 -0.0202494 0 0 0 0 0 2.384 303 48 0 0 0
./complex_md-fit-dt500_916.pdb_reres.pdb BC A 8.06428 30.5672 -5.68568 -5.72067 -10.4759 -21.7933 -1.0688 39.0851 -21.2565 4.48055 8.06104 2.86967 0 0 0 0.15067 2.38262 -0.0175389 0 0 0 0 0 2.384 303 49 1 1 0
./complex_md-fit-dt500_917.pdb_reres.pdb BC A 8.79294 30.75 1.40475 -2.50088 -4.50673 -21.7199 -0.650219 39.7935 -22.0101 4.80154 4.99426 3.1256 0 0 0 0.0974282 2.17191 -0.0196522 0 0 0 0 0 2.384 303 53 0 0 0
./complex_md-fit-dt500_918.pdb_reres.pdb BC A 7.19433 38.4201 -8.59996 -6.56264 -8.50059 -20.9902 -0.914965 35.3546 -20.7787 2.91371 8.18545 2.52091 0 0 0 0.189007 2.40735 -0.016574 0 0 0 0 0 2.384 303 46 0 0 0
./complex_md-fit-dt500_919.pdb_reres.pdb BC A 7.5754 34.3293 -9.53195 -5.33233 -9.55648 -20.4427 -0.82861 33.6914 -20.4021 4.27254 6.38815 2.10007 0 0 0 0.59791 2.7804 -0.019779 0 0 0 0 0 2.384 303 49 0 0 0
./complex_md-fit-dt500_91.pdb_reres.pdb BC A 6.41155 32.3205 -7.78406 -2.9858 -6.5094 -19.917 -1.32181 33.6268 -20.0386 1.91644 4.9035 2.39257 0 0 0 0.14924 2.29771 -1.11022e-16 0 0 0 0 0 2.384 303 49 0 0 0
./complex_md-fit-dt500_920.pdb_reres.pdb BC A 7.18862 36.6993 -2.99532 -3.56253 -5.55597 -22.2396 -0.824905 37.2818 -22.2181 3.9656 6.83553 3.26416 0 0 0 0.0587011 2.35135 2.77556e-17 0 0 0 0 0 2.384 303 47 0 0 0
./complex_md-fit-dt500_921.pdb_reres.pdb BC A 7.76584 33.6857 -6.76814 -6.79962 -9.92037 -22.1441 -0.885583 37.3264 -21.7957 4.80033 9.51564 3.05613 0 0 0 0.0974878 2.31999 -0.0187708 0 0 0 0 0 2.384 303 49 1 1 0
./complex_md-fit-dt500_922.pdb_reres.pdb BC A 8.53457 33.507 -9.48541 -6.07456 -9.72906 -22.0057 -0.891656 38.194 -21.7465 3.68004 7.36193 1.66808 0 0 0 0.0853422 2.64047 -0.027337 0 0 0 0 0 2.384 303 51 0 0 0
./complex_md-fit-dt500_923.pdb_reres.pdb BC A 9.16325 27.4005 -10.4054 -7.16437 -11.9367 -23.3147 -0.940281 40.4702 -22.8283 3.25196 9.08379 2.84748 0 0 0 0.14797 2.45809 -0.02236 0 0 0 0 0 2.384 303 48 1 1 0
./complex_md-fit-dt500_924.pdb_reres.pdb BC A 6.85264 27.2081 -7.58612 -6.44971 -8.03221 -21.1642 -0.957677 34.6652 -20.9799 5.71045 6.74867 2.66518 0 0 0 0.207982 2.05156 0 0 0 0 0 0 2.384 303 48 1 1 0
./complex_md-fit-dt500_925.pdb_reres.pdb BC A 7.28471 33.4407 -1.47652 -5.37879 -7.08948 -22.2054 -1.01872 39.7687 -21.8279 6.01362 8.18227 1.8443 0 0 0 0.256695 2.29887 -0.0218258 0 0 0 0 0 2.384 303 51 0 0 0
./complex_md-fit-dt500_926.pdb_reres.pdb BC A 7.05767 29.6561 -5.34665 -5.4681 -8.9497 -21.5676 -0.882536 37.1998 -21.0113 4.53423 7.54064 2.85975 0 0 0 0.424682 2.20196 -0.0265425 0 0 0 0 0 2.384 303 53 0 0 0
./complex_md-fit-dt500_927.pdb_reres.pdb BC A 7.13203 26.7992 -10.3844 -6.2709 -12.7739 -22.0957 -0.884058 38.4744 -21.826 2.97323 9.22076 2.60632 0 0 0 0.205908 1.9839 -0.0145291 0 0 0 0 0 2.384 303 52 0 0 0
./complex_md-fit-dt500_928.pdb_reres.pdb BC A 6.39827 34.9721 -8.03437 -5.51811 -7.99932 -21.6033 -0.92115 37.1611 -21.6245 3.73644 6.24732 2.25898 0 0 0 0.249425 1.91802 -0.0212449 0 0 0 0 0 2.384 303 49 0 0 0
./complex_md-fit-dt500_929.pdb_reres.pdb BC A 7.66667 27.7991 -11.4905 -6.06371 -11.7725 -23.2957 -0.904594 38.9843 -23.3978 4.02448 8.6829 1.99622 0 0 0 0.255963 2.78088 -1.38778e-17 0 0 0 0 0 2.384 303 53 1 1 0
./complex_md-fit-dt500_92.pdb_reres.pdb BC A 7.97406 28.1592 -8.14426 -4.23836 -9.25067 -19.6676 -1.31127 34.7935 -19.4241 1.71417 6.58902 2.30544 0 0 0 0.343284 2.00535 0.00224841 0 0 0 0 0 2.384 303 49 0 0 0
./complex_md-fit-dt500_930.pdb_reres.pdb BC A 9.41443 26.7183 -4.50489 -5.14803 -6.79622 -20.3793 -1.07364 34.3474 -20.2211 5.40201 6.7287 2.50537 0 0 0 0.129808 1.77033 0 0 0 0 0 0 2.384 303 48 1 1 0
./complex_md-fit-dt500_931.pdb_reres.pdb BC A 6.25643 30.7438 -5.6081 -3.82872 -9.071 -20.2265 -0.904328 34.5861 -20.013 4.23555 6.52638 2.91318 0 0 0 0.174196 1.97948 -1.11022e-16 0 0 0 0 0 2.384 303 45 1 1 0
./complex_md-fit-dt500_932.pdb_reres.pdb BC A 11.6244 35.2228 -6.95338 -5.29212 -11.54 -21.9007 -1.05301 37.2912 -21.4968 5.09617 9.29001 2.38394 0 0 0 0.267922 2.36266 5.55112e-17 0 0 0 0 0 2.384 303 48 1 1 0
./complex_md-fit-dt500_933.pdb_reres.pdb BC A 6.99949 38.3898 -6.63047 -4.99273 -10.4181 -20.2416 -1.05901 35.1443 -20.1034 5.00495 8.05567 1.7937 0 0 0 0.199462 2.26085 -0.0136419 0 0 0 0 0 2.384 303 49 0 0 0
./complex_md-fit-dt500_934.pdb_reres.pdb BC A 6.2173 27.1827 -5.09792 -6.52454 -10.9557 -23.1226 -1.57737 40.4445 -22.0823 8.77589 7.90041 1.76178 0 0 0 0.316576 3.09084 -0.0345738 0 0 0 0 0 2.384 303 50 1 1 0
./complex_md-fit-dt500_935.pdb_reres.pdb BC A 7.68104 29.6119 -8.78811 -6.05589 -9.38217 -21.7365 -1.26374 36.5767 -21.1 4.99621 8.03932 1.0287 0 0 0 0.10252 2.18505 0.00673962 0 0 0 0 0 2.384 303 45 0 0 0
./complex_md-fit-dt500_936.pdb_reres.pdb BC A 8.962 30.2273 -7.47559 -6.46052 -10.3537 -22.0187 -1.26483 38.4645 -21.2938 5.82401 8.28248 1.074 0 0 0 0.231537 2.52806 0.0394201 0 0 0 0 0 2.384 303 51 0 0 0
./complex_md-fit-dt500_937.pdb_reres.pdb BC A 7.57008 33.0912 -9.99465 -6.34096 -10.6146 -22.2799 -1.26652 38.4226 -21.9622 3.80638 7.46536 2.59688 0 0 0 0.172738 2.52412 0.00548819 0 0 0 0 0 2.384 303 49 0 0 0
./complex_md-fit-dt500_938.pdb_reres.pdb BC A 7.63487 39.0854 -7.60824 -5.08504 -11.1949 -22.0126 -1.18423 37.3524 -22.1962 7.05024 6.50747 2.70761 0 0 0 0.49657 2.75945 -0.0496703 0 0 0 0 0 2.384 303 48 1 1 0
./complex_md-fit-dt500_939.pdb_reres.pdb BC A 9.12162 30.7489 -8.09805 -6.36674 -9.32109 -22.1413 -1.11866 38.8858 -21.2523 3.40091 8.01216 1.72229 0 0 0 0.0810699 2.36833 -0.000189723 0 0 0 0 0 2.384 303 48 0 0 0
./complex_md-fit-dt500_93.pdb_reres.pdb BC A 5.39039 29.4981 -9.97211 -4.6169 -9.54201 -22.6968 -1.24825 38.5697 -22.7419 2.77015 7.14927 2.16165 0 0 0 0.222995 2.29121 0 0 0 0 0 0 2.384 303 46 0 0 0
./complex_md-fit-dt500_940.pdb_reres.pdb BC A 8.70779 41.8172 -7.11559 -5.71335 -11.0275 -22.2782 -0.987723 38.6466 -21.4838 4.4556 8.67697 2.36707 0 0 0 0.245085 2.53381 -0.016319 0 0 0 0 0 2.384 303 51 0 0 0
./complex_md-fit-dt500_941.pdb_reres.pdb BC A 8.22184 37.5606 -7.14909 -6.60613 -10.7692 -22.0437 -0.969987 37.9844 -21.3924 5.56408 8.56221 2.38986 0 0 0 0.143797 2.72654 -0.0120537 0 0 0 0 0 2.384 303 48 1 1 0
./complex_md-fit-dt500_942.pdb_reres.pdb BC A 8.06022 31.424 -6.39556 -4.88591 -7.52509 -21.9723 -0.95574 38.3544 -21.5413 3.97589 6.78967 1.22379 0 0 0 0.162191 2.71146 -0.0211475 0 0 0 0 0 2.384 303 50 0 0 0
./complex_md-fit-dt500_943.pdb_reres.pdb BC A 6.5143 29.4072 -7.89733 -6.22041 -10.2267 -21.5874 -0.920858 37.476 -21.3427 4.62267 7.6916 2.3546 0 0 0 0.271321 2.35838 -0.0153953 0 0 0 0 0 2.384 303 49 0 0 0
./complex_md-fit-dt500_944.pdb_reres.pdb BC A 6.91048 34.3686 -5.74763 -7.07207 -9.49505 -22.6723 -1.06769 40.8587 -21.507 4.861 8.34 1.75881 0 0 0 0.265463 2.56974 -0.0175107 0 0 0 0 0 2.384 303 50 0 0 0
./complex_md-fit-dt500_945.pdb_reres.pdb BC A 8.55439 33.7057 -8.15845 -4.46411 -9.95408 -21.832 -0.890125 38.2005 -21.5792 2.78479 7.30475 2.11806 0 0 0 0.152902 2.53898 0 0 0 0 0 0 2.384 303 47 0 0 0
./complex_md-fit-dt500_946.pdb_reres.pdb BC A 7.89748 32.2524 -6.94663 -5.91834 -10.731 -22.1925 -1.01692 38.3829 -21.9583 5.83676 7.45655 3.04094 0 0 0 0.146522 2.86336 0.00685962 0 0 0 0 0 2.384 303 49 0 0 0
./complex_md-fit-dt500_947.pdb_reres.pdb BC A 6.45744 34.7168 -11.0547 -7.71373 -10.9687 -22.1223 -0.98743 37.9246 -21.5737 2.9555 8.51573 2.66607 0 0 0 0.300529 2.68742 -0.0513406 0 0 0 0 0 2.384 303 47 0 0 0
./complex_md-fit-dt500_948.pdb_reres.pdb BC A 5.37982 33.9097 -12.2566 -6.66704 -10.5237 -22.6432 -0.972069 40.0112 -21.9613 1.4585 7.43849 1.54348 0 0 0 0.110743 2.58247 -0.0517247 0 0 0 0 0 2.384 303 49 0 0 0
./complex_md-fit-dt500_949.pdb_reres.pdb BC A 6.05973 29.1593 -4.13379 -5.63231 -9.39572 -21.811 -1.10939 37.9659 -21.3626 6.66472 7.84775 2.09676 0 0 0 0.622543 2.69276 -0.0205029 0 0 0 0 0 2.384 303 49 1 1 0
./complex_md-fit-dt500_94.pdb_reres.pdb BC A 6.50217 28.4924 -8.38521 -6.03388 -9.09043 -20.9719 -1.40182 35.9546 -20.2091 4.64672 6.28743 2.12216 0 0 0 0.311102 2.25114 -1.11022e-16 0 0 0 0 0 2.384 303 47 0 0 0
./complex_md-fit-dt500_950.pdb_reres.pdb BC A 7.74267 30.603 -11.7534 -6.54051 -11.8599 -21.9183 -1.06524 36.5153 -21.5363 4.25851 7.90539 2.01105 0 0 0 0.531561 2.47062 -0.0548661 0 0 0 0 0 2.384 303 49 1 1 0
./complex_md-fit-dt500_951.pdb_reres.pdb BC A 7.66586 39.2139 -12.1235 -6.78 -13.356 -21.8264 -0.990976 37.1744 -21.6048 5.0712 7.61343 1.97182 0 0 0 0.623321 2.62857 -0.0219586 0 0 0 0 0.00246496 2.384 303 49 1 1 0
./complex_md-fit-dt500_952.pdb_reres.pdb BC A 8.08868 41.125 -6.91229 -6.39309 -8.21077 -22.5857 -1.03719 39.276 -21.8458 4.7313 7.52023 1.229 0 0 0 0.432133 2.94265 -0.028333 0 0 0 0 0 2.384 303 48 1 1 0
./complex_md-fit-dt500_953.pdb_reres.pdb BC A 8.34362 37.4153 -8.0177 -6.44619 -10.8935 -21.2291 -0.960149 36.8198 -20.9097 4.71886 8.18806 2.49832 0 0 0 0.1986 2.60744 -0.0261957 0 0 0 0 0.023403 2.384 303 49 0 0 0
./complex_md-fit-dt500_954.pdb_reres.pdb BC A 8.17366 30.2172 -2.94752 -2.52623 -9.66909 -21.8703 -0.98641 38.7364 -21.8454 4.99852 7.07954 2.59388 0 0 0 0.541524 2.45914 0 0 0 0 0 0 2.384 303 49 0 0 0
./complex_md-fit-dt500_955.pdb_reres.pdb BC A 6.7378 28.3875 -9.02136 -4.85533 -9.72178 -21.2874 -0.974992 35.3932 -20.6243 4.48698 6.23398 1.93428 0 0 0 0.393915 2.6396 0 0 0 0 0 0 2.384 303 46 0 0 0
./complex_md-fit-dt500_956.pdb_reres.pdb BC A 6.96829 27.2161 -4.89522 -3.74437 -7.66788 -20.7638 -0.869272 34.9276 -20.5075 5.07244 6.67446 1.62446 0 0 0 0.381584 2.21946 -0.0229502 0 0 0 0 0 2.384 303 47 1 1 0
./complex_md-fit-dt500_957.pdb_reres.pdb BC A 8.14479 33.4569 -9.53778 -5.65407 -8.99878 -21.0192 -0.969604 35.9173 -20.3054 2.5625 6.65331 2.16239 0 0 0 0.133733 2.31439 -0.0199775 0 0 0 0 0 2.384 303 48 0 0 0
./complex_md-fit-dt500_958.pdb_reres.pdb BC A 7.87933 30.621 -6.12336 -4.84406 -10.108 -20.8789 -1.18339 35.5385 -20.4008 3.1765 9.18941 2.75446 0 0 0 0.651062 2.27348 -0.0181725 0 0 0 0 0 2.384 303 48 0 0 0
./complex_md-fit-dt500_959.pdb_reres.pdb BC A 6.55087 29.7857 -11.6298 -7.98565 -10.9908 -21.3156 -1.10879 37.3015 -20.1544 1.82497 8.47457 1.71155 0 0 0 0.565748 2.80649 0.0255758 0 0 0 0 0.0215134 2.384 303 50 0 0 0
./complex_md-fit-dt500_95.pdb_reres.pdb BC A 7.70966 26.6941 -6.79383 -5.52002 -7.9827 -21.662 -1.15048 36.3212 -21.6388 4.82838 6.91181 2.57129 0 0 0 0.52747 2.13169 0 0 0 0 0 0 2.384 303 48 1 1 0
./complex_md-fit-dt500_960.pdb_reres.pdb BC A 6.70606 26.8055 -9.78734 -5.76977 -7.91334 -20.4443 -0.823621 33.169 -20.467 3.72421 6.68571 1.80446 0 0 0 0.26739 2.03048 -0.0200681 0 0 0 0 0 2.384 303 49 0 0 0
./complex_md-fit-dt500_961.pdb_reres.pdb BC A 7.80849 32.5191 -10.798 -4.765 -10.4821 -19.0792 -0.916719 32.5221 -18.3582 2.89381 5.86371 0.451027 0 0 0 1.01979 2.33591 0 0 0 0 0 0.0527668 2.384 303 48 0 0 0
./complex_md-fit-dt500_962.pdb_reres.pdb BC A 7.9726 32.914 -16.0141 -7.38031 -13.0508 -21.2638 -0.973741 36.6716 -20.6442 2.77383 6.52924 0.958361 0 0 0 0.401265 2.56161 -0.0355387 0 0 0 0 0 2.384 303 50 0 0 0
./complex_md-fit-dt500_963.pdb_reres.pdb BC A 9.89758 31.1835 -3.97623 -5.85823 -10.8608 -22.1076 -1.14581 38.3415 -21.3705 7.54631 8.30872 2.28381 0 0 0 0.877758 2.38848 -0.0112807 0 0 0 0 0.0198702 2.384 303 52 1 1 0
./complex_md-fit-dt500_964.pdb_reres.pdb BC A 7.96413 34.2209 -7.15362 -5.17554 -9.98812 -22.4913 -0.931134 38.9715 -21.9819 5.48069 7.08035 1.52025 0 0 0 0.37789 2.78486 -0.0230256 0 0 0 0 0.0067011 2.384 303 51 1 1 0
./complex_md-fit-dt500_965.pdb_reres.pdb BC A 8.27854 35.4619 -8.54626 -5.79179 -10.5658 -22.9905 -1.01848 39.7638 -22.3651 3.84087 8.00609 2.25473 0 0 0 0.333733 2.86496 -0.043759 0 0 0 0 0.0299884 2.384 303 50 0 0 0
./complex_md-fit-dt500_966.pdb_reres.pdb BC A 7.6803 36.9834 -6.53812 -5.25145 -12.1862 -22.8286 -0.866207 39.76 -22.4078 6.11099 8.66643 1.98818 0 0 0 0.493404 2.94126 -0.0293 0 0 0 0 0.0124033 2.384 303 50 3 3 0
./complex_md-fit-dt500_967.pdb_reres.pdb BC A 6.85616 31.4416 -12.2541 -7.94922 -12.9931 -23.5014 -1.08881 40.0181 -23.4704 4.92472 9.61 2.07076 0 0 0 0.169358 2.42579 -0.0531556 0 0 0 0 0.00903804 2.384 303 51 0 0 0
./complex_md-fit-dt500_968.pdb_reres.pdb BC A 6.45138 29.5374 -8.45649 -8.13821 -10.6898 -22.3528 -1.07059 40.1702 -21.4929 6.41866 8.15335 0.36059 0 0 0 0.224975 2.45349 -0.050643 0 0 0 0 0.0107203 2.384 303 49 0 0 0
./complex_md-fit-dt500_969.pdb_reres.pdb BC A 7.27336 36.0028 -9.51754 -7.4498 -11.0958 -23.0032 -1.10279 40.0713 -22.6406 4.13856 8.64337 2.45988 0 0 0 0.476738 2.36267 -0.0223705 0 0 0 0 0.00715381 2.384 303 48 0 0 0
./complex_md-fit-dt500_96.pdb_reres.pdb BC A 8.34228 34.4678 -11.9611 -3.77516 -10.3402 -21.7475 -1.29232 37.2935 -21.162 1.42055 5.74653 1.77384 0 0 0 0.132757 3.26317 -0.0110786 0 0 0 0 0 2.384 303 49 0 0 0
./complex_md-fit-dt500_970.pdb_reres.pdb BC A 6.86367 25.8744 -4.49564 -6.13313 -9.943 -22.4246 -0.823526 40.8153 -21.2019 6.27557 8.19129 0.710557 0 0 0 0.0922213 2.43489 -0.0545389 0 0 0 0 0.000155286 2.384 303 50 1 1 0
./complex_md-fit-dt500_971.pdb_reres.pdb BC A 5.3192 29.488 -6.07285 -4.12296 -8.91315 -22.2037 -0.795182 39.8664 -21.1227 3.44841 5.46989 2.23966 0 0 0 0.0795779 2.64771 -0.0305246 0 0 0 0 0.0114096 2.384 303 51 0 0 0
./complex_md-fit-dt500_972.pdb_reres.pdb BC A 7.13649 37.0923 -4.88554 -4.22444 -8.20589 -20.3111 -0.828974 35.6573 -19.8101 4.96864 6.11788 1.49488 0 0 0 0.250953 2.28931 -0.0157666 0 0 0 0 0.0211474 2.384 303 46 1 1 0
./complex_md-fit-dt500_973.pdb_reres.pdb BC A 7.76348 33.0544 -4.33646 -7.00145 -10.7906 -21.6404 -0.913315 38.177 -20.9287 7.84143 8.69558 1.42873 0 0 0 0.820261 2.31377 -0.0451962 0 0 0 0 0.020138 2.384 303 48 2 2 0
./complex_md-fit-dt500_974.pdb_reres.pdb BC A 8.64046 34.3416 -5.05934 -5.01632 -9.57365 -23.0109 -0.988691 40.4305 -22.6847 5.93256 7.40768 1.84979 0 0 0 0.629625 2.63724 -0.0352208 0 0 0 0 0 2.384 303 52 0 0 0
./complex_md-fit-dt500_975.pdb_reres.pdb BC A 6.96071 24.2463 -12.1042 -6.45652 -11.5192 -22.4527 -1.03517 37.8138 -21.6253 3.73261 7.67277 1.60307 0 0 0 0.162556 2.50197 0 0 0 0 0 0 2.384 303 52 0 0 0
./complex_md-fit-dt500_976.pdb_reres.pdb BC A 7.84061 30.8688 -3.74608 -4.77639 -8.53239 -22.4672 -1.06122 39.0102 -21.4824 6.29006 7.2102 1.77988 0 0 0 0.296564 2.59568 -0.0168481 0 0 0 0 0.00350961 2.384 303 49 0 0 0
./complex_md-fit-dt500_977.pdb_reres.pdb BC A 8.02968 34.5519 -9.94158 -6.39254 -10.7205 -21.7879 -1.03352 37.201 -20.9932 4.71362 6.7582 2.17458 0 0 0 0.104073 2.5694 -0.0258464 0 0 0 0 0.0605545 2.384 303 50 1 1 0
./complex_md-fit-dt500_978.pdb_reres.pdb BC A 7.17342 26.5281 -11.0852 -5.87126 -10.4408 -21.6895 -1.05139 36.6904 -21.3663 3.65673 6.1722 2.68129 0 0 0 0.147454 2.43933 -0.014153 0 0 0 0 0 2.384 303 43 0 0 0
./complex_md-fit-dt500_979.pdb_reres.pdb BC A 6.93365 32.5806 -14.0346 -4.64466 -10.7838 -22.0062 -0.891753 36.073 -22.0008 1.35732 6.53577 2.17836 0 0 0 0.148215 2.53098 0 0 0 0 0 0 2.384 303 46 0 0 0
./complex_md-fit-dt500_97.pdb_reres.pdb BC A 10.6564 28.9593 -9.63828 -5.31599 -10.8739 -22.5856 -1.45545 39.4443 -22.7909 4.37807 7.149 2.07945 0 0 0 0.332766 2.58131 0 0 0 0 0 0 2.384 303 50 0 0 0
./complex_md-fit-dt500_980.pdb_reres.pdb BC A 6.93029 33.0907 -4.72526 -4.24824 -8.78467 -21.6228 -0.855043 37.1555 -20.7716 3.90198 7.03053 3.11306 0 0 0 0.357319 2.28914 -0.0203432 0 0 0 0 0.0190175 2.384 303 46 0 0 0
./complex_md-fit-dt500_981.pdb_reres.pdb BC A 8.01556 32.5557 -13.3946 -5.44413 -11.0037 -22.6111 -0.96183 37.6842 -22.3966 1.93547 7.09861 2.01704 0 0 0 0.338013 3.4261 -0.0506135 0 0 0 0 0 2.384 303 51 0 0 0
./complex_md-fit-dt500_982.pdb_reres.pdb BC A 6.22854 30.9757 -10.8884 -4.89457 -12.465 -21.4776 -0.991987 37.5447 -20.808 2.23108 7.39962 2.44555 0 0 0 0.127778 2.32851 0 0 0 0 0 0 2.384 303 49 0 0 0
./complex_md-fit-dt500_983.pdb_reres.pdb BC A 7.31885 28.9886 -4.80196 -5.61511 -8.44941 -21.8279 -0.98503 38.0231 -21.1967 5.59775 6.84351 2.68178 0 0 0 0.156699 2.45304 -0.0306207 0 0 0 0 0 2.384 303 47 0 0 0
./complex_md-fit-dt500_984.pdb_reres.pdb BC A 7.51174 30.6455 -2.40454 -4.38715 -9.58475 -22.018 -1.0157 39.3452 -21.5803 8.93806 6.18284 1.52787 0 0 0 0.174081 2.56086 0.0132765 0 0 0 0 0 2.384 303 52 1 1 0
./complex_md-fit-dt500_985.pdb_reres.pdb BC A 9.69608 34.0739 -8.29018 -5.77098 -10.1772 -21.9515 -1.08497 38.1688 -21.2393 3.60777 7.4158 2.60086 0 0 0 0.165527 2.99014 -0.0249057 0 0 0 0 0 2.384 303 48 0 0 0
./complex_md-fit-dt500_986.pdb_reres.pdb BC A 10.7029 30.2744 -9.24107 -6.00336 -10.2464 -22.5217 -1.26732 38.4373 -21.9538 4.71212 7.53277 1.93475 0 0 0 0.161468 2.73092 -0.0268948 0 0 0 0 0 2.384 303 48 1 1 0
./complex_md-fit-dt500_987.pdb_reres.pdb BC A 7.27074 24.3407 -10.0071 -6.15042 -11.4107 -21.8338 -1.19651 38.0629 -20.8513 3.67627 8.04561 1.53496 0 0 0 0.166977 2.8666 -0.0511692 0 0 0 0 0 2.384 303 47 1 1 0
./complex_md-fit-dt500_988.pdb_reres.pdb BC A 7.31463 33.352 -12.4797 -7.30931 -11.7601 -21.9458 -0.984911 35.8195 -21.7634 5.48897 7.17725 2.56193 0 0 0 0.256624 2.81596 -0.0204717 0 0 0 0 2.22045e-16 2.384 303 48 1 1 0
./complex_md-fit-dt500_989.pdb_reres.pdb BC A 10.5613 28.9827 -10.3766 -3.73167 -11.1222 -20.1844 -1.18342 33.5811 -19.7748 4.43327 6.01415 0.841805 0 0 0 0.713256 2.5636 0.0361748 0 0 0 0 0 2.384 303 49 0 0 0
./complex_md-fit-dt500_98.pdb_reres.pdb BC A 8.66205 30.3631 -12.9635 -7.75892 -9.97711 -22.9481 -1.39065 37.9809 -23.3701 4.43623 7.49852 2.3037 0 0 0 0.271825 2.15529 -0.00989612 0 0 0 0 0 2.384 303 49 0 0 0
./complex_md-fit-dt500_990.pdb_reres.pdb BC A 8.59321 31.2165 -14.7991 -6.40001 -12.5067 -19.9382 -1.03179 32.0501 -19.6256 3.17026 7.57265 1.20704 0 0 0 0.703142 2.23591 0 0 0 0 0 0 2.384 303 47 0 0 0
./complex_md-fit-dt500_991.pdb_reres.pdb BC A 8.75991 25.5128 -3.75281 -2.95436 -7.89813 -19.7297 -0.806232 32.7771 -19.1737 6.18399 5.77492 1.94617 0 0 0 0.127141 2.39972 1.38778e-17 0 0 0 0 0 2.384 303 43 1 1 0
./complex_md-fit-dt500_992.pdb_reres.pdb BC A 7.31728 37.9849 -8.33996 -4.2239 -10.6241 -19.3814 -1.04426 32.2399 -18.5296 3.94028 7.14241 1.54844 0 0 0 0.556438 2.07933 0.0358127 0 0 0 0 0 2.384 303 44 0 0 0
./complex_md-fit-dt500_993.pdb_reres.pdb BC A 7.88426 26.1719 -12.4453 -3.33929 -9.90076 -18.8038 -0.863166 30.481 -18.4376 1.22919 5.30912 1.23524 0 0 0 0.608004 2.04732 0.036746 0 0 0 0 0 2.384 303 44 0 0 0
./complex_md-fit-dt500_994.pdb_reres.pdb BC A 9.05103 35.116 -9.77807 -4.41515 -11.8223 -19.3567 -0.869526 32.434 -19.014 3.23389 7.01329 2.06872 0 0 0 0.949714 1.82418 1.38778e-17 0 0 0 0 0 2.384 303 45 1 1 0
./complex_md-fit-dt500_995.pdb_reres.pdb BC A 8.27254 29.2368 -3.33545 -3.82246 -7.2636 -20.5876 -0.854251 35.2934 -20.0871 5.59791 5.65164 2.00837 0 0 0 0.728226 2.73108 0 0 0 0 0 0 2.384 303 45 1 1 0
./complex_md-fit-dt500_996.pdb_reres.pdb BC A 9.01495 30.3591 -3.16319 -4.2631 -9.36231 -21.2878 -0.845237 37.119 -21.0578 7.39649 6.67805 2.42597 0 0 0 0.0655293 2.1423 -0.031964 0 0 0 0 0 2.384 303 49 1 1 0
./complex_md-fit-dt500_997.pdb_reres.pdb BC A 6.50153 27.3602 -8.25241 -5.8451 -9.47932 -21.8233 -1.09493 37.6664 -21.2054 3.71169 6.99764 2.18664 0 0 0 0.65459 2.77814 -0.0212648 0 0 0 0 0 2.384 303 46 1 1 0
./complex_md-fit-dt500_998.pdb_reres.pdb BC A 6.96042 32.972 -12.7502 -5.28961 -9.85263 -20.4231 -0.887911 33.1517 -20.0429 3.88279 5.25511 1.06482 0 0 0 0.41337 2.49207 -0.0218748 0 0 0 0 0 2.384 303 47 0 0 0
./complex_md-fit-dt500_999.pdb_reres.pdb BC A 7.9938 34.6481 -7.35358 -3.6867 -10.921 -22.3727 -0.979072 38.7237 -22.1111 4.972 6.06223 2.9031 0 0 0 0.0704963 1.86776 -0.0145741 0 0 0 0 0 2.384 303 52 1 1 0
./complex_md-fit-dt500_99.pdb_reres.pdb BC A 6.95579 28.0959 -14.4373 -5.04725 -9.68389 -22.8659 -1.51729 37.6456 -23.0695 1.90319 6.56519 1.34878 0 0 0 0.295732 2.22097 -0.0120036 0 0 0 0 0 2.384 303 46 0 0 0
./complex_md-fit-dt500_9.pdb_reres.pdb BC A 10.5238 30.2236 -6.05178 -10.6358 -9.4332 -26.4844 -1.16187 46.9407 -24.9069 6.62308 8.96174 2.87815 0 0 0 1.14868 3.27796 0.0179751 0 0 0 0 0 2.384 303 57 0 0 0
