./complex_md-fit_1000.pdb BC A 7.62778 28.9832 -6.31901 -7.73375 -8.56775 -24.3241 -0.901368 43.6361 -23.3074 2.33817 8.45575 3.85621 0 0 0 0.229058 2.75929 0 0 0 0 0 0 2.384 303 55 0 0 0
./complex_md-fit_1001.pdb BC A 8.1609 40.299 -2.85746 -8.28104 -7.51879 -24.0395 -1.05497 43.2197 -22.681 5.39374 8.26227 3.57364 0 0 0 0.244111 2.88773 0.0243997 0 0 0 0 2.22045e-16 2.384 303 54 1 1 0
./complex_md-fit_100.pdb BC A 8.54773 33.4981 -6.15789 -7.21304 -5.75857 -20.2763 -1.009 33.6701 -20.0749 2.97955 7.37166 3.59618 0 0 0 0.532395 3.42712 0.0241256 0 0 0 0 0 2.384 303 40 0 0 0
./complex_md-fit_101.pdb BC A 7.63976 33.3967 -8.20268 -7.05659 -6.62062 -20.9338 -0.788795 34.6692 -20.9677 2.97389 7.06832 3.22592 0 0 0 0.216851 2.84728 0.0106516 0 0 0 0 0 2.384 303 46 0 0 0
./complex_md-fit_102.pdb BC A 9.44986 31.584 -9.17646 -7.24615 -7.60369 -21.4309 -0.971136 35.9928 -21.3439 4.17507 6.29434 2.81058 0 0 0 0.146585 1.85655 0 0 0 0 0 0 2.384 303 43 1 1 0
./complex_md-fit_103.pdb BC A 8.84802 37.411 -9.84128 -6.86414 -7.84648 -21.3543 -0.949051 34.502 -21.2451 4.26532 6.53279 2.95389 0 0 0 0.163807 2.58213 0 0 0 0 0 0 2.384 303 43 0 0 0
./complex_md-fit_104.pdb BC A 8.81723 29.7792 -9.53919 -7.51442 -9.94748 -21.3562 -0.95274 35.0603 -21.6208 5.14112 7.87338 3.06281 0 0 0 0.671275 3.32137 0.0436156 0 0 0 0 0 2.384 303 46 1 1 0
./complex_md-fit_105.pdb BC A 8.45634 35.4843 -8.92914 -7.46891 -7.20368 -20.4323 -0.913261 33.0337 -20.842 4.39152 6.534 3.68051 0 0 0 0.26221 1.82237 0.0291807 0 0 0 0 0 2.384 303 44 0 0 0
./complex_md-fit_106.pdb BC A 8.3362 34.9795 -4.79356 -4.56193 -6.15196 -20.3385 -1.04964 34.1432 -20.7474 5.55597 6.19595 1.95434 0 0 0 0.14468 1.87197 0.0617823 0 0 0 0 0 2.384 303 44 0 0 0
./complex_md-fit_107.pdb BC A 9.39721 26.6917 -5.61696 -5.75068 -8.43918 -20.6752 -0.928099 35.9403 -20.2898 5.46899 5.96365 2.58316 0 0 0 0.520987 3.17588 -0.0110709 0 0 0 0 0 2.384 303 46 0 0 0
./complex_md-fit_108.pdb BC A 9.87215 27.526 -11.8495 -9.3586 -7.33718 -21.0497 -0.916733 34.0142 -21.7468 3.40391 7.50737 3.08359 0 0 0 0.550522 1.93272 0 0 0 0 0 0 2.384 303 47 0 0 0
./complex_md-fit_109.pdb BC A 8.18231 26.2439 -5.849 -5.45272 -7.02474 -21.4281 -0.953793 36.7063 -21.4686 4.08697 5.526 3.40697 0 0 0 0.732996 3.26039 0.0197916 0 0 0 0 0 2.384 303 45 1 1 0
./complex_md-fit_10.pdb BC A 7.52533 24.3922 -9.43328 -8.39945 -10.2331 -26.9328 -1.03667 46.2449 -26.7358 3.01602 10.5874 3.70877 0 0 0 0.32013 3.98961 -0.0176645 0 0 0 0 0.0449127 2.384 303 55 1 1 0
./complex_md-fit_110.pdb BC A 8.09294 29.0218 -6.21786 -5.89692 -6.83477 -20.9187 -0.8979 35.123 -20.6063 4.49961 6.35665 2.81387 0 0 0 0.143585 1.89343 0 0 0 0 0 0 2.384 303 50 0 0 0
./complex_md-fit_111.pdb BC A 7.7885 30.0866 -10.5684 -8.48665 -8.64014 -20.6004 -1.14869 34.4737 -20.268 2.56111 7.49038 3.47884 0 0 0 0.545275 2.04997 0.0262246 0 0 0 0 0 2.384 303 48 0 0 0
./complex_md-fit_112.pdb BC A 6.52931 34.6889 -11.0399 -7.11522 -7.62117 -21.8313 -0.959958 36.564 -21.8947 2.07938 6.48858 2.9737 0 0 0 0.27684 3.78206 1.38778e-17 0 0 0 0 0 2.384 303 48 0 0 0
./complex_md-fit_113.pdb BC A 9.36297 27.1033 -8.06592 -8.2971 -8.36817 -21.9057 -1.21846 37.2876 -21.4089 3.84385 8.35252 3.49996 0 0 0 0.148523 2.31447 0 0 0 0 0 0 2.384 303 45 1 1 0
./complex_md-fit_114.pdb BC A 6.77915 28.1706 -9.26872 -6.78979 -8.30922 -21.4891 -1.24181 35.4561 -21.297 4.45786 7.78034 1.88627 0 0 0 0.277686 1.85845 0 0 0 0 0 0 2.384 303 48 0 0 0
./complex_md-fit_115.pdb BC A 7.74706 34.8506 -6.85624 -7.56325 -9.82903 -22.9837 -1.25812 38.7491 -22.75 6.92525 8.45011 2.7308 0 0 0 0.686787 2.36387 -0.0142975 0 0 0 0 0 2.384 303 47 2 2 0
./complex_md-fit_116.pdb BC A 7.04251 29.4386 -4.6268 -6.14316 -7.32256 -21.5811 -1.11854 36.3065 -21.1769 5.37697 7.55869 3.22443 0 0 0 0.248952 2.00311 0 0 0 0 0 0 2.384 303 44 1 1 0
./complex_md-fit_117.pdb BC A 8.8987 32.1092 -12.4752 -10.0869 -9.93946 -22.7234 -0.970338 37.5382 -22.1356 3.8561 8.23618 3.60942 0 0 0 0.140583 2.46398 0 0 0 0 0 0 2.384 303 45 0 0 0
./complex_md-fit_118.pdb BC A 7.24568 30.2407 -4.49814 -5.73895 -5.88913 -23.5445 -0.882244 39.8939 -23.3649 5.17664 6.2103 3.59415 0 0 0 0.0466216 2.21887 0 0 0 0 0 0 2.384 303 44 1 1 0
./complex_md-fit_119.pdb BC A 8.53621 25.1983 -3.32563 -6.49001 -6.17102 -24.7367 -0.89356 42.4692 -24.7526 5.61427 7.6196 3.97992 0 0 0 0.0495983 2.43187 -0.0142574 0 0 0 0 0 2.384 303 46 0 0 0
./complex_md-fit_11.pdb BC A 7.25414 45.6837 -8.46122 -8.42757 -9.52313 -23.2627 -0.872166 39.5683 -22.8836 4.1417 8.40127 3.8126 0 0 0 0.551555 2.14242 1.38778e-17 0 0 0 0 0.0324495 2.384 303 51 0 0 0
./complex_md-fit_120.pdb BC A 6.83557 32.3381 -7.24984 -6.40869 -8.77624 -24.2252 -1.03438 42.1112 -23.772 3.36434 7.71981 3.59555 0 0 0 0.175758 2.58498 0 0 0 0 0 0 2.384 303 45 0 0 0
./complex_md-fit_121.pdb BC A 7.60291 32.2876 -10.4048 -7.59755 -8.46238 -24.55 -1.22838 42.1617 -23.6858 3.42143 6.5861 2.74425 0 0 0 0.205856 2.59144 0 0 0 0 0 0 2.384 303 46 1 1 0
./complex_md-fit_122.pdb BC A 5.40015 34.0685 -1.33139 -5.51822 -6.80122 -23.5295 -0.839306 41.5124 -22.9988 7.69161 4.98055 4.11291 0 0 0 0.0581082 2.49382 0 0 0 0 0 0 2.384 303 46 2 2 0
./complex_md-fit_123.pdb BC A 7.42797 29.9083 0.43179 -4.17524 -6.0928 -23.7647 -0.869095 41.9618 -23.1169 6.4148 6.43317 3.35715 0 0 0 0.283687 2.58529 0 0 0 0 0 0 2.384 303 45 1 1 0
./complex_md-fit_124.pdb BC A 9.06795 32.3519 -10.0194 -6.71359 -7.14918 -23.1716 -0.986919 39.5346 -22.8195 1.92261 6.25493 2.85917 0 0 0 0.250024 1.96092 -5.55112e-17 0 0 0 0 0 2.384 303 44 0 0 0
./complex_md-fit_125.pdb BC A 8.32121 31.9918 -12.2502 -7.06467 -9.09876 -23.9212 -0.909837 40.5478 -23.3992 2.65904 6.39766 2.37837 0 0 0 0.16054 2.43878 0 0 0 0 0 0 2.384 303 47 0 0 0
./complex_md-fit_126.pdb BC A 8.12568 23.9144 -2.7859 -5.51299 -8.32564 -24.7834 -1.1404 41.7142 -24.129 8.16884 6.91236 3.84373 0 0 0 0.443861 2.70102 0.0225014 0 0 0 0 0 2.384 303 44 2 2 0
./complex_md-fit_127.pdb BC A 7.71074 26.2358 -4.23148 -4.83015 -8.42838 -24.6086 -1.00297 43.1234 -23.8928 4.0804 6.99725 4.02775 0 0 0 0.30261 3.19228 0 0 0 0 0 0 2.384 303 46 1 1 0
./complex_md-fit_128.pdb BC A 7.09118 25.9054 -0.69197 -6.84278 -7.29093 -23.6509 -0.98622 40.5246 -22.7404 9.27051 7.11828 3.59924 0 0 0 0.306677 2.86091 0 0 0 0 0 0 2.384 303 46 3 3 0
./complex_md-fit_129.pdb BC A 8.7704 27.8778 -5.31767 -6.07766 -7.33253 -22.749 -0.889204 38.8125 -21.7463 3.97447 6.78528 3.72061 0 0 0 0.178482 2.52555 0 0 0 0 0 0.00574303 2.384 303 47 0 0 0
./complex_md-fit_12.pdb BC A 6.92641 29.1084 -6.90298 -6.94389 -9.68909 -24.0246 -0.906098 41.6079 -23.456 3.35081 9.98087 2.83805 0 0 0 0.320144 2.80783 0 0 0 0 0 0.018925 2.384 303 53 0 0 0
./complex_md-fit_130.pdb BC A 9.39211 34.3566 -11.2457 -7.21415 -9.97525 -22.2411 -0.838443 36.838 -21.8197 5.03544 6.57854 2.18644 0 0 0 0.204595 2.62205 0 0 0 0 0 0 2.384 303 46 0 0 0
./complex_md-fit_131.pdb BC A 8.74497 21.2917 -7.75466 -4.91559 -9.48619 -24.4676 -0.900169 39.7454 -24.6204 5.72425 7.02042 3.92335 0 0 0 0.22185 2.7323 0 0 0 0 0 0 2.384 303 46 0 0 0
./complex_md-fit_132.pdb BC A 8.59725 32.3642 -10.7351 -7.65297 -10.6105 -24.1027 -1.02812 41.2134 -23.1928 3.67963 6.9124 3.7043 0 0 0 0.342348 2.36904 -5.55112e-17 0 0 0 0 0 2.384 303 47 0 0 0
./complex_md-fit_133.pdb BC A 8.54601 31.512 -4.58503 -5.96077 -8.63666 -24.5455 -0.853902 42.1083 -23.9475 6.72893 6.40273 4.04088 0 0 0 0.0784235 2.629 0 0 0 0 0 0 2.384 303 47 0 0 0
./complex_md-fit_134.pdb BC A 6.65494 34.1947 -7.12665 -6.47499 -9.38239 -24.2773 -0.726446 41.0073 -23.9613 7.155 6.87489 2.14369 0 0 0 0.514836 2.50781 0 0 0 0 0 0 2.384 303 45 1 1 0
./complex_md-fit_135.pdb BC A 6.52929 26.3384 -5.85021 -7.04671 -6.73583 -23.588 -1.01119 41.3786 -22.8833 3.50857 7.16732 2.91876 0 0 0 0.441636 2.69038 0 0 0 0 0 -2.22045e-16 2.384 303 48 0 0 0
./complex_md-fit_136.pdb BC A 6.53409 24.5367 -9.00956 -6.43749 -10.2174 -24.1527 -1.03199 41.8923 -23.7651 3.58123 8.00474 2.92981 0 0 0 0.157026 2.57035 0.0301247 0 0 0 0 0 2.384 303 46 0 0 0
./complex_md-fit_137.pdb BC A 7.31897 38.0286 -8.81439 -5.15566 -9.23516 -23.4801 -0.914524 38.8948 -22.9597 5.0229 6.3342 2.54395 0 0 0 0.134904 2.52039 -5.55112e-17 0 0 0 0 0 2.384 303 48 0 0 0
./complex_md-fit_138.pdb BC A 8.33127 27.4519 -2.04317 -7.67197 -5.41865 -23.2805 -1.09195 41.0256 -23.0108 7.41921 6.98992 2.65753 0 0 0 0.338445 2.45505 0 0 0 0 0 0 2.384 303 47 1 1 0
./complex_md-fit_139.pdb BC A 10.8958 35.7013 -5.05364 -6.90876 -7.94547 -24.9052 -1.0062 42.4391 -24.4898 6.23209 6.88403 4.38903 0 0 0 0.25755 2.60318 0 0 0 0 0 0 2.384 303 48 2 2 0
./complex_md-fit_13.pdb BC A 7.39969 30.8855 -2.01075 -5.88358 -5.77613 -23.5249 -0.549962 40.9265 -22.7771 5.77247 6.56637 3.04882 0 0 0 0.186753 2.6335 0 0 0 0 0 0 2.384 303 51 1 1 0
./complex_md-fit_140.pdb BC A 7.99095 31.2365 -4.06411 -6.10247 -6.71655 -23.6547 -0.988426 41.6656 -22.8398 5.53425 6.07921 2.86549 0 0 0 0.0933205 2.652 0 0 0 0 0 0 2.384 303 50 1 1 0
./complex_md-fit_141.pdb BC A 6.72822 32.0615 -4.49795 -5.3857 -7.67452 -23.8908 -0.962513 41.2067 -24.2252 5.39249 7.07889 3.79218 0 0 0 0.170534 3.93205 0 0 0 0 0 0 2.384 303 48 1 1 0
./complex_md-fit_142.pdb BC A 6.88864 35.413 -4.5513 -5.91792 -10.3609 -24.6865 -0.903484 43.2746 -24.0908 6.25896 7.22684 4.23681 0 0 0 0.411145 3.07285 -2.77556e-17 0 0 0 0 0 2.384 303 47 1 1 0
./complex_md-fit_143.pdb BC A 8.01087 39.0663 -3.99144 -6.05331 -10.1422 -24.8315 -1.0454 42.8421 -24.7855 7.87904 8.14166 3.78812 0 0 0 0.215501 2.59605 0 0 0 0 0 0 2.384 303 47 0 0 0
./complex_md-fit_144.pdb BC A 6.38874 33.8237 -6.84919 -7.6449 -9.30701 -23.7918 -0.991175 42.6443 -23.1432 4.73296 6.56815 3.86022 0 0 0 0.223316 2.85304 0 0 0 0 0 0 2.384 303 50 0 0 0
./complex_md-fit_145.pdb BC A 10.0703 29.9398 -0.804067 -5.01083 -10.6501 -23.4267 -1.08456 43.562 -22.7607 5.71521 8.3438 4.08797 0 0 0 0.419868 2.57224 -5.55112e-17 0 0 0 0 0 2.384 303 46 1 1 0
./complex_md-fit_146.pdb BC A 9.87713 33.4166 -8.32643 -5.65233 -10.7433 -24.2832 -1.05388 40.5512 -24.233 6.28081 6.71753 3.61525 0 0 0 0.474518 2.39897 0 0 0 0 0 0 2.384 303 45 0 0 0
./complex_md-fit_147.pdb BC A 8.35039 27.7247 2.1994 -4.20905 -7.13855 -25.3729 -1.08308 44.7288 -24.5055 8.66463 6.60882 4.26428 0 0 0 0.241864 3.21992 1.11022e-16 0 0 0 0 0 2.384 303 46 4 4 0
./complex_md-fit_148.pdb BC A 7.43772 30.8015 -7.65767 -5.66878 -6.20945 -23.8549 -0.931933 40.4204 -23.9203 3.94757 5.7649 2.69478 0 0 0 0.100077 2.97653 0 0 0 0 0 0 2.384 303 47 0 0 0
./complex_md-fit_149.pdb BC A 8.94451 36.2733 -5.18738 -5.08518 -9.12092 -23.6018 -0.8755 41.3479 -22.9111 6.05977 6.75309 1.73774 0 0 0 0.5086 3.26716 5.55112e-17 0 0 0 0 0 2.384 303 46 1 1 0
./complex_md-fit_14.pdb BC A 7.76878 27.624 -4.05745 -7.98098 -7.45871 -23.7325 -0.799332 40.8347 -22.6558 5.04238 8.64695 3.88839 0 0 0 0.152204 2.32036 0 0 0 0 0 0.00523398 2.384 303 49 1 1 0
./complex_md-fit_150.pdb BC A 6.77232 30.08 -6.34939 -7.14722 -9.20694 -24.9009 -1.12842 43.6839 -23.9619 5.48592 7.12878 3.33117 0 0 0 0.318094 4.00848 0.0482127 0 0 0 0 0 2.384 303 48 1 1 0
./complex_md-fit_151.pdb BC A 5.67649 34.7008 -7.60737 -5.64628 -9.81938 -24.4761 -0.930133 42.3601 -23.8261 5.91828 6.2252 2.4437 0 0 0 0.143322 3.08524 0 0 0 0 0 0 2.384 303 46 0 0 0
./complex_md-fit_152.pdb BC A 6.74676 28.7875 -3.78622 -5.58196 -7.44989 -24.5075 -1.02237 40.206 -24.3381 9.43072 6.42409 2.73192 0 0 0 0.320986 2.79265 0 0 0 0 0 0 2.384 303 47 4 4 0
./complex_md-fit_153.pdb BC A 6.7599 34.8184 -5.92338 -6.97003 -10.3137 -23.7533 -0.952239 40.1155 -23.4164 7.94894 7.6468 3.44318 0 0 0 0.327822 2.67189 0 0 0 0 0 0 2.384 303 50 1 1 0
./complex_md-fit_154.pdb BC A 9.24894 33.5277 -9.24531 -6.84439 -10.9327 -23.4061 -0.989337 39.0777 -23.2625 6.78201 7.19149 2.8401 0 0 0 0.298434 2.76648 0 0 0 0 0 0 2.384 303 49 3 3 0
./complex_md-fit_155.pdb BC A 9.51219 26.3631 -11.0657 -7.74546 -10.3084 -26.022 -1.02206 44.873 -25.623 5.62092 6.10102 2.51531 0 0 0 0.545018 2.65877 1.11022e-16 0 0 0 0 0 2.384 303 49 0 0 0
./complex_md-fit_156.pdb BC A 8.02882 31.7124 -11.5195 -8.13102 -8.57252 -24.6583 -0.955691 41.6189 -24.9534 3.8929 6.35067 3.69444 0 0 0 0.194618 3.13509 0 0 0 0 0 0 2.384 303 48 0 0 0
./complex_md-fit_157.pdb BC A 6.99551 45.3359 -5.07308 -5.23892 -8.43107 -25.559 -0.813014 44.2364 -24.7822 4.75142 6.4843 3.92286 0 0 0 0.356192 3.47533 -5.55112e-17 0 0 0 0 0 2.384 303 49 1 1 0
./complex_md-fit_158.pdb BC A 8.42846 31.2635 -9.04262 -7.59959 -9.59825 -24.9157 -1.0701 43.4301 -24.3027 5.27459 6.31014 2.64448 0 0 0 0.784484 3.22827 -5.55112e-17 0 0 0 0 0 2.384 303 47 1 1 0
./complex_md-fit_159.pdb BC A 7.19364 31.2317 -9.55653 -7.31807 -9.81915 -23.3185 -0.947801 39.0204 -22.5216 4.5971 7.07196 3.31698 0 0 0 0.362206 2.63911 0 0 0 0 0 0 2.384 303 45 0 0 0
./complex_md-fit_15.pdb BC A 7.63829 38.5899 -5.01645 -6.61257 -9.5492 -23.5854 -0.776343 40.4111 -23.062 3.40133 9.41963 5.06655 0 0 0 0.262404 2.17738 0 0 0 0 0 0.00804112 2.384 303 48 0 0 0
./complex_md-fit_160.pdb BC A 6.56881 27.7975 -3.51956 -6.21947 -6.16937 -23.1956 -0.902852 39.7827 -22.5489 4.59878 6.98832 4.01071 0 0 0 0.136151 2.42827 -1.11022e-16 0 0 0 0 0 2.384 303 44 2 2 0
./complex_md-fit_161.pdb BC A 8.96041 29.7242 -3.0456 -6.97346 -6.36125 -24.6523 -0.828628 42.9645 -24.5438 6.70636 6.39521 4.10885 0 0 0 0.139027 2.89759 0 0 0 0 0 0 2.384 303 47 1 1 0
./complex_md-fit_162.pdb BC A 8.59458 31.3083 -5.416 -6.54724 -6.5483 -24.4378 -0.841072 42.5189 -24.6568 5.57584 5.89886 3.39777 0 0 0 0.223827 2.57833 0 0 0 0 0 0 2.384 303 49 0 0 0
./complex_md-fit_163.pdb BC A 6.14459 26.2355 -14.0188 -7.66572 -15.3847 -25.5081 -1.10704 43.1056 -24.8316 6.65144 7.28625 3.22493 0 0 0 0.192195 2.81018 0.0179452 0 0 0 0 0 2.384 303 46 2 2 0
./complex_md-fit_164.pdb BC A 5.88131 36.2124 -11.5224 -7.62401 -9.18345 -25.6772 -1.08849 45.4556 -24.838 1.42498 6.87114 2.92262 0 0 0 0.214307 2.83139 0 0 0 0 0 0 2.384 303 49 0 0 0
./complex_md-fit_165.pdb BC A 6.87913 30.376 -6.95677 -6.21697 -9.60449 -25.0338 -1.086 41.641 -25.259 7.86628 6.84733 3.47648 0 0 0 0.41243 2.95963 0 0 0 0 0 0 2.384 303 46 1 1 0
./complex_md-fit_166.pdb BC A 5.9655 37.0845 -9.49912 -8.49092 -10.0365 -25.5244 -0.937543 42.8838 -25.5274 6.91294 7.74173 3.26249 0 0 0 0.216695 2.7952 1.11022e-16 0 0 0 0 0 2.384 303 51 2 2 0
./complex_md-fit_167.pdb BC A 6.60228 39.7584 -7.54501 -7.82428 -9.62841 -26.4503 -1.00279 45.0173 -26.1995 7.48016 7.05113 3.80137 0 0 0 0.210262 3.24889 0 0 0 0 0 0 2.384 303 48 1 1 0
./complex_md-fit_168.pdb BC A 9.06773 32.2189 -3.10878 -6.82212 -5.77324 -26.2915 -0.871078 45.038 -26.066 8.46727 5.80518 2.55756 0 0 0 0.847132 2.78435 0 0 0 0 0 0 2.384 303 48 1 1 0
./complex_md-fit_169.pdb BC A 6.70008 32.5606 -11.88 -7.66565 -10.6977 -25.4492 -1.00972 44.4828 -24.5709 4.18802 6.93928 1.73123 0 0 0 0.171771 2.85379 -1.11022e-16 0 0 0 0 0 2.384 303 51 0 0 0
./complex_md-fit_16.pdb BC A 7.25056 32.4801 -2.93935 -6.11048 -7.54668 -24.5345 -0.801887 44.2084 -23.9689 3.86944 8.72054 2.70086 0 0 0 0.503321 3.20798 0 0 0 0 0 0.0205124 2.384 303 49 0 0 0
./complex_md-fit_170.pdb BC A 6.77999 32.3328 -11.4518 -9.24752 -10.4335 -25.5169 -0.961455 44.3978 -25.0003 3.86432 7.08196 4.11307 0 0 0 0.250798 3.04288 0 0 0 0 0 0 2.384 303 48 1 1 0
./complex_md-fit_171.pdb BC A 6.50155 32.7997 -13.2862 -8.35036 -10.174 -25.4741 -0.939742 42.4395 -25.5562 5.29247 6.82561 2.48178 0 0 0 0.168804 2.69857 0 0 0 0 0 0 2.384 303 51 1 1 0
./complex_md-fit_172.pdb BC A 9.08462 24.0032 -8.38564 -6.24623 -10.1834 -25.5881 -0.892795 43.617 -25.1337 6.82292 6.03369 3.00233 0 0 0 0.182697 3.5027 0 0 0 0 0 2.22045e-16 2.384 303 47 0 0 0
./complex_md-fit_173.pdb BC A 6.85614 33.8471 -3.20614 -5.40432 -9.46544 -23.5636 -1.09573 42.1654 -22.711 6.1711 6.87975 3.64753 0 0 0 0.146717 2.78084 0.0234169 0 0 0 0 0 2.384 303 48 0 0 0
./complex_md-fit_174.pdb BC A 7.76467 30.4093 -9.24657 -7.94632 -9.94727 -26.0735 -0.958041 44.261 -25.7659 6.66981 6.61741 3.75763 0 0 0 0.138653 3.94145 0 0 0 0 0 0 2.384 303 50 1 1 0
./complex_md-fit_175.pdb BC A 6.29313 23.7283 -6.56139 -6.43014 -9.6195 -24.9527 -0.894833 42.5227 -24.5057 5.47547 8.51538 3.10897 0 0 0 0.218987 3.11028 0 0 0 0 0 0 2.384 303 48 0 0 0
./complex_md-fit_176.pdb BC A 9.09292 40.2257 -18.9117 -8.57453 -12.3086 -24.949 -1.17485 40.6124 -24.8506 1.87297 6.95037 3.36738 0 0 0 0.142678 3.54916 0 0 0 0 0 0 2.384 303 49 0 0 0
./complex_md-fit_177.pdb BC A 7.01584 28.3331 -8.1799 -7.3693 -8.47143 -25.4619 -1.07652 44.1925 -25.0425 5.47667 5.83387 3.60862 0 0 0 0.130079 4.1293 0 0 0 0 0 0 2.384 303 48 0 0 0
./complex_md-fit_178.pdb BC A 6.72983 33.8448 -9.56755 -7.16101 -8.8809 -25.2231 -1.14606 42.9596 -24.957 4.2993 6.02471 3.60583 0 0 0 0.911071 2.75641 0 0 0 0 0 0 2.384 303 46 0 0 0
./complex_md-fit_179.pdb BC A 7.33542 37.8308 -8.95634 -7.83403 -9.36288 -25.3348 -1.02564 42.7207 -25.0189 5.2597 6.78753 4.58912 0 0 0 0.262829 2.43841 0 0 0 0 0 0 2.384 303 47 0 0 0
./complex_md-fit_17.pdb BC A 10.811 30.8313 -5.42604 -7.24724 -11.1704 -23.782 -0.925018 41.0514 -22.7468 5.8918 9.14331 3.91409 0 0 0 0.438058 2.54458 0 0 0 0 0 0.00673218 2.384 303 49 1 1 0
./complex_md-fit_180.pdb BC A 6.73746 32.2177 -7.93965 -7.05443 -8.32956 -23.6148 -0.926266 38.8798 -22.7812 5.89265 6.73631 2.85271 0 0 0 0.405226 2.64888 0 0 0 0 0 0 2.384 303 44 1 1 0
./complex_md-fit_181.pdb BC A 8.62806 39.0583 -5.05195 -6.5664 -9.96728 -24.6476 -1.01727 40.8118 -24.1861 8.36203 7.67526 4.05531 0 0 0 0.428306 2.66317 0 0 0 0 0 0 2.384 303 47 2 2 0
./complex_md-fit_182.pdb BC A 6.41691 25.8 -7.84337 -6.62231 -8.5319 -24.4573 -0.886999 41.3387 -24.0586 6.56132 6.26663 2.04552 0 0 0 0.501562 3.69835 0 0 0 0 0 0 2.384 303 47 1 1 0
./complex_md-fit_183.pdb BC A 9.13187 34.0233 -6.51532 -7.35799 -9.15134 -25.5071 -0.883218 44.7222 -25.3344 5.97811 7.75953 2.836 0 0 0 0.422946 2.99075 0 0 0 0 0 0 2.384 303 45 1 1 0
./complex_md-fit_184.pdb BC A 7.69504 32.765 -3.46005 -2.45925 -10.9376 -25.8206 -1.03737 45.9498 -25.4871 6.77808 5.85359 3.19193 0 0 0 0.508478 3.1116 0 0 0 0 0 0 2.384 303 46 0 0 0
./complex_md-fit_185.pdb BC A 7.21325 24.4464 -8.71115 -7.89319 -8.23362 -23.5319 -0.803104 39.7888 -22.9017 3.84436 6.38205 4.51699 0 0 0 0.120147 2.52532 1.11022e-16 0 0 0 0 0 2.384 303 45 0 0 0
./complex_md-fit_186.pdb BC A 8.60539 31.5578 -10.8557 -6.82272 -7.65549 -23.9015 -0.957804 39.401 -23.3538 3.02641 5.88267 3.33346 0 0 0 0.19216 2.81816 0 0 0 0 0 0 2.384 303 46 0 0 0
./complex_md-fit_187.pdb BC A 6.94708 34.2623 -6.96947 -5.53705 -8.83908 -24.5092 -0.988377 40.8601 -23.706 6.1036 7.23514 2.16604 0 0 0 0.24532 2.89367 0 0 0 0 0 0 2.384 303 44 1 1 0
./complex_md-fit_188.pdb BC A 8.15602 32.8062 -9.46655 -7.97079 -11.9082 -24.2343 -1.13963 41.8927 -23.8106 5.2423 8.80397 3.38388 0 0 0 0.274227 2.7949 0 0 0 0 0 0 2.384 303 46 2 2 0
./complex_md-fit_189.pdb BC A 9.16382 37.5709 -9.72512 -5.46425 -13.326 -24.5233 -1.15088 43.1636 -23.444 4.0544 7.91868 2.56653 0 0 0 0.480145 2.63059 -2.77556e-17 0 0 0 0 0 2.384 303 42 0 0 0
./complex_md-fit_18.pdb BC A 6.12869 32.6193 -4.2725 -7.79886 -9.68954 -23.0718 -0.893828 41.3772 -21.9873 6.31583 8.6213 2.56068 0 0 0 0.293883 2.7292 0 0 0 0 0 0 2.384 303 52 1 1 0
./complex_md-fit_190.pdb BC A 7.27135 31.2728 -6.98461 -6.20064 -12.632 -25.6577 -1.16644 43.8243 -24.8615 8.95422 6.76905 3.52447 0 0 0 0.461619 2.60745 -2.77556e-17 0 0 0 0 0 2.384 303 48 1 1 0
./complex_md-fit_191.pdb BC A 7.00841 32.9993 -7.93135 -6.58172 -9.24037 -23.937 -0.979971 39.7037 -23.1806 6.10035 6.83769 2.7627 0 0 0 0.583822 2.97158 0 0 0 0 0 0 2.384 303 48 3 3 0
./complex_md-fit_192.pdb BC A 6.93275 34.4992 -12.8537 -7.26561 -9.55408 -24.4507 -0.957915 40.4161 -24.1237 2.30458 7.22314 3.28728 0 0 0 0.267199 2.23936 0 0 0 0 0 0 2.384 303 49 0 0 0
./complex_md-fit_193.pdb BC A 8.25954 22.0144 -8.89669 -7.7574 -12.0109 -24.3694 -1.06602 41.6465 -23.6805 6.63861 7.73574 3.80415 0 0 0 0.162578 2.72162 2.77556e-17 0 0 0 0 0 2.384 303 46 0 0 0
./complex_md-fit_194.pdb BC A 9.96386 31.051 -3.20835 -6.32085 -8.43926 -24.4281 -1.0582 40.9968 -24.1437 9.05562 6.27931 4.61597 0 0 0 0.234021 2.93433 0 0 0 0 0 0 2.384 303 47 2 2 0
./complex_md-fit_195.pdb BC A 6.96119 31.4834 -1.57037 -6.33601 -7.89285 -25.43 -1.10493 43.0437 -24.7376 11.8563 6.36548 2.53569 0 0 0 0.0811134 2.89041 0.0486802 0 0 0 0 0 2.384 303 47 5 5 0
./complex_md-fit_196.pdb BC A 6.16919 30.3544 -7.71621 -5.39362 -9.02517 -24.1501 -1.05413 40.0741 -23.914 3.94674 7.60981 3.69314 0 0 0 0.474832 3.7066 0.022175 0 0 0 0 0 2.384 303 47 0 0 0
./complex_md-fit_197.pdb BC A 8.08516 30.757 -11.5523 -7.69202 -9.35281 -24.9433 -1.10945 39.6675 -25.7659 7.60446 7.72845 2.25575 0 0 0 0.0549343 2.41833 1.11022e-16 0 0 0 0 0 2.384 303 48 0 0 0
./complex_md-fit_198.pdb BC A 8.24175 34.2306 -9.3451 -8.18885 -8.40852 -24.9246 -1.1805 43.0368 -24.8637 4.30611 7.48491 3.16741 0 0 0 0.225794 2.73854 0 0 0 0 0 0 2.384 303 52 0 0 0
./complex_md-fit_199.pdb BC A 10.4777 24.1775 -5.87079 -5.64407 -7.65192 -25.9356 -1.23178 44.1598 -26.0622 6.55182 7.29092 2.24832 0 0 0 0.403924 3.30095 -2.77556e-17 0 0 0 0 0 2.384 303 48 1 1 0
./complex_md-fit_19.pdb BC A 6.9613 26.4449 -8.27586 -8.53016 -10.6557 -22.5457 -0.775796 38.6229 -21.8685 5.27263 6.81219 4.95307 0 0 0 0.424056 2.1371 0 0 0 0 0 0.0150833 2.384 303 48 1 1 0
./complex_md-fit_1.pdb BC A 6.79174 37.3067 -11.3242 -11.0664 -9.13175 -26.3558 -0.776305 45.0016 -25.8959 4.30317 7.37027 4.60005 0 0 0 0.589399 3.54933 0 0 0 0 0 0.0374789 2.384 303 52 1 1 0
./complex_md-fit_200.pdb BC A 9.76944 35.4365 -2.4416 -6.89398 -8.00479 -24.7633 -1.16068 42.8032 -24.025 8.94219 7.40213 2.88589 0 0 0 0.37283 3.03429 0 0 0 0 0 0 2.384 303 45 1 1 0
./complex_md-fit_201.pdb BC A 8.11906 30.672 -8.72135 -7.62002 -10.3258 -24.8009 -1.07649 42.2973 -24.6452 5.75482 8.45799 2.97716 0 0 0 0.259845 2.92076 0 0 0 0 0 0 2.384 303 47 1 1 0
./complex_md-fit_202.pdb BC A 8.38325 39.7019 -0.749803 -6.60654 -7.21789 -25.741 -1.25404 44.3577 -25.4178 9.00301 8.07259 3.26246 0 0 0 0.791663 3.32839 0 0 0 0 0 0 2.384 303 49 2 2 0
./complex_md-fit_203.pdb BC A 10.4085 33.1768 -7.19414 -6.94047 -7.75586 -24.7347 -1.06089 41.96 -24.9709 6.80718 6.60231 2.25613 0 0 0 0.596 2.73267 0.047093 0 0 0 0 0 2.384 303 47 1 1 0
./complex_md-fit_204.pdb BC A 6.62144 30.054 -12.8625 -5.32507 -10.3047 -23.2544 -1.0082 38.9188 -22.5647 2.69075 6.16438 1.64114 0 0 0 0.1795 2.25785 0 0 0 0 0 0 2.384 303 46 0 0 0
./complex_md-fit_205.pdb BC A 6.57121 35.4758 -11.2687 -6.6234 -8.15935 -23.7486 -0.978286 39.5815 -23.5445 2.20927 4.75114 4.87613 0 0 0 0.367381 2.52668 0 0 0 0 0 0 2.384 303 46 0 0 0
./complex_md-fit_206.pdb BC A 6.55957 30.6206 -13.5743 -6.6106 -10.1289 -23.6183 -1.05924 39.9974 -22.8881 2.84991 5.35746 2.34294 0 0 0 0.183173 2.73901 0 0 0 0 0 0 2.384 303 48 0 0 0
./complex_md-fit_207.pdb BC A 8.25067 20.9839 -11.8164 -5.82855 -9.27166 -22.8065 -0.931518 38.0383 -22.5448 2.89643 4.97905 3.37134 0 0 0 0.281517 2.72541 0 0 0 0 0 0 2.384 303 44 0 0 0
./complex_md-fit_208.pdb BC A 9.74422 28.65 -12.6304 -6.93975 -10.5653 -22.9142 -1.10502 38.6225 -22.7439 2.25972 6.52884 4.07404 0 0 0 0.152711 2.87894 -5.55112e-17 0 0 0 0 0 2.384 303 46 0 0 0
./complex_md-fit_209.pdb BC A 7.11435 21.9789 -9.76288 -5.36945 -11.692 -22.8188 -0.742638 38.1274 -22.505 5.07955 6.12495 3.64665 0 0 0 0.386382 4.35321 5.55112e-17 0 0 0 0 0 2.384 303 49 0 0 0
./complex_md-fit_20.pdb BC A 9.99974 28.4118 -6.61861 -7.41863 -11.3464 -23.6658 -0.98468 42.8885 -22.2701 6.11728 7.8216 2.09473 0 0 0 0.144823 2.47493 0 0 0 0 0 0 2.384 303 49 0 0 0
./complex_md-fit_210.pdb BC A 7.13329 33.7864 -9.47848 -6.26318 -9.41957 -23.5647 -0.70096 39.0309 -23.4318 4.89574 5.73606 4.00693 0 0 0 0.232017 2.64626 -5.55112e-17 0 0 0 0 0 2.384 303 49 0 0 0
./complex_md-fit_211.pdb BC A 7.62227 28.918 -9.89052 -6.30927 -10.3612 -24.0543 -0.950418 41.1706 -23.9224 5.1999 6.05017 2.73326 0 0 0 0.553172 2.3526 0 0 0 0 0 0 2.384 303 48 1 1 0
./complex_md-fit_212.pdb BC A 9.85558 28.8867 -8.10631 -6.48323 -9.68418 -24.4942 -1.25937 41.5684 -23.883 6.57569 6.62239 2.40751 0 0 0 0.484137 2.72115 0.039577 0 0 0 0 2.22045e-16 2.384 303 49 2 2 0
./complex_md-fit_213.pdb BC A 11.2134 29.9787 -6.69324 -4.51143 -9.62002 -24.0605 -1.16947 40.7859 -23.6597 5.57134 5.98604 3.60865 0 0 0 0.375971 3.00535 0 0 0 0 0 0 2.384 303 50 0 0 0
./complex_md-fit_214.pdb BC A 7.28677 32.9402 -8.78645 -6.16738 -9.2412 -24.1588 -1.19126 40.6425 -24.0231 5.99899 7.49469 1.35725 0 0 0 0.501781 2.52213 -1.11022e-16 0 0 0 0 0 2.384 303 49 1 1 0
./complex_md-fit_215.pdb BC A 8.02113 29.285 -6.47122 -6.28755 -10.4529 -23.9803 -1.12658 42.3014 -23.1796 4.79496 7.64983 3.57806 0 0 0 0.231515 2.89832 0 0 0 0 0 0 2.384 303 51 1 1 0
./complex_md-fit_216.pdb BC A 11.3361 31.7984 -10.4996 -7.48548 -9.02896 -23.8166 -1.02277 40.669 -23.592 3.59553 6.77614 3.22502 0 0 0 0.180658 2.72691 0 0 0 0 0 0 2.384 303 50 0 0 0
./complex_md-fit_217.pdb BC A 7.7291 30.9658 -11.6304 -7.24092 -9.50105 -24.0853 -1.12721 40.9228 -23.2416 3.13161 7.29676 1.85444 0 0 0 0.360043 3.1283 0 0 0 0 0 0 2.384 303 47 0 0 0
./complex_md-fit_218.pdb BC A 7.9746 38.5473 -6.76307 -6.40712 -9.71908 -22.8315 -1.14812 39.9789 -21.6222 4.76299 7.96015 2.16925 0 0 0 0.0936094 2.83004 0 0 0 0 0 0 2.384 303 47 0 0 0
./complex_md-fit_219.pdb BC A 9.7239 35.5515 -4.46887 -3.82972 -7.8733 -23.7102 -0.997088 39.8993 -23.2751 6.88655 5.97439 1.82819 0 0 0 0.628086 2.73256 0 0 0 0 0 0 2.384 303 45 1 1 0
./complex_md-fit_21.pdb BC A 6.34807 33.0426 -8.98004 -9.25858 -8.28275 -23.0541 -0.714221 40.1325 -22.2102 2.15325 7.4626 4.64572 0 0 0 0.107788 2.24945 0 0 0 0 0 0.0379353 2.384 303 46 0 0 0
./complex_md-fit_220.pdb BC A 7.70785 24.1603 -2.34383 -5.24089 -7.98406 -24.3301 -1.16058 42.1752 -23.9024 7.39886 6.67898 3.89796 0 0 0 0.1231 2.86068 0 0 0 0 0 0 2.384 303 47 2 2 0
./complex_md-fit_221.pdb BC A 7.48044 34.3305 2.50302 -4.54063 -7.39694 -23.4034 -1.05826 41.8025 -22.4744 9.79117 6.53272 3.02036 0 0 0 0.229963 2.709 0 0 0 0 0 0 2.384 303 45 3 3 0
./complex_md-fit_222.pdb BC A 6.78304 28.8099 -7.57118 -5.77034 -7.7585 -24.0309 -0.948291 40.5769 -24.2316 5.95746 6.72534 1.59365 0 0 0 0.315162 2.94293 0 0 0 0 0 0 2.384 303 48 0 0 0
./complex_md-fit_223.pdb BC A 6.94146 34.5184 -7.65391 -5.62235 -9.28004 -24.0912 -1.16525 40.7833 -23.8943 4.95138 6.89878 3.5312 0 0 0 0.234517 3.17131 0 0 0 0 0 0 2.384 303 49 1 1 0
./complex_md-fit_224.pdb BC A 7.76552 36.1494 -8.33193 -6.63096 -10.3999 -24.3045 -1.10119 40.7792 -23.8309 4.6503 7.51238 4.66942 0 0 0 0.32422 2.31624 -4.16334e-17 0 0 0 0 0 2.384 303 49 0 0 0
./complex_md-fit_225.pdb BC A 8.26689 33.5224 -6.19897 -7.12042 -9.58466 -24.3719 -0.790912 42.2514 -23.8426 6.65567 6.98783 3.39493 0 0 0 0.216028 2.81361 0.00567525 0 0 0 0 0 2.384 303 51 2 2 0
./complex_md-fit_226.pdb BC A 10.5829 30.5187 -5.56328 -4.51228 -6.97378 -23.4992 -0.817474 38.7799 -23.4684 6.65556 6.21802 1.797 0 0 0 0.257354 2.684 0 0 0 0 0 0 2.384 303 45 1 1 0
./complex_md-fit_227.pdb BC A 9.23739 32.9072 -5.39899 -5.44248 -8.18025 -24.1436 -1.12601 41.8749 -23.6576 5.79163 7.55267 1.56661 0 0 0 0.365181 2.81859 -5.55112e-17 0 0 0 0 0 2.384 303 50 0 0 0
./complex_md-fit_228.pdb BC A 9.04658 26.7022 -6.20001 -6.82995 -7.81719 -23.169 -1.19812 39.403 -22.2713 4.36752 6.64193 4.44615 0 0 0 0.226868 2.60609 0 0 0 0 0 0 2.384 303 47 0 0 0
./complex_md-fit_229.pdb BC A 6.87764 31.0993 0.446062 -4.94407 -7.99859 -24.5596 -1.08724 41.9865 -24.0373 9.2747 7.10004 4.32378 0 0 0 0.387948 3.05812 0 0 0 0 0 0 2.384 303 49 1 1 0
./complex_md-fit_22.pdb BC A 8.04037 28.645 -1.13126 -7.19748 -6.16747 -24.2449 -0.686137 42.9446 -23.5167 6.221 7.66245 3.53818 0 0 0 0.296973 2.65822 0 0 0 0 0 0.0182085 2.384 303 45 1 1 0
./complex_md-fit_230.pdb BC A 8.05381 30.9971 -10.1121 -6.64007 -8.75275 -24.3343 -0.986119 41.4268 -23.8583 4.03862 6.68126 2.08655 0 0 0 0.226136 2.52481 0 0 0 0 0 0 2.384 303 47 1 1 0
./complex_md-fit_231.pdb BC A 9.2203 30.6575 -6.41054 -6.21005 -9.69071 -24.4063 -1.18942 40.9076 -24.2769 6.09766 8.0772 3.98419 0 0 0 0.296202 2.61289 0 0 0 0 0 2.22045e-16 2.384 303 50 1 1 0
./complex_md-fit_232.pdb BC A 8.3291 29.057 -3.9747 -4.18916 -10.2853 -24.0293 -1.07023 40.4671 -23.3923 8.21527 6.89003 2.98784 0 0 0 0.431254 2.81184 0 0 0 0 0 0 2.384 303 44 1 1 0
./complex_md-fit_233.pdb BC A 6.8295 30.6958 -5.7497 -4.81747 -9.17623 -22.5253 -1.07324 39.4047 -21.5952 5.7959 5.47872 2.61065 0 0 0 0.147665 1.97904 -1.11022e-16 0 0 0 0 0 2.384 303 48 0 0 0
./complex_md-fit_234.pdb BC A 9.25446 27.0035 -3.16807 -5.46033 -6.19414 -22.1349 -0.995057 37.334 -21.6695 6.04999 6.15094 3.29912 0 0 0 0.408454 2.2786 0.0434089 0 0 0 0 0 2.384 303 43 1 1 0
./complex_md-fit_235.pdb BC A 6.78009 27.9368 -7.13081 -5.49546 -10.3533 -23.6088 -1.10466 41.6972 -22.4269 4.46917 7.07424 2.37364 0 0 0 0.244057 2.75397 0 0 0 0 0 0 2.384 303 47 0 0 0
./complex_md-fit_236.pdb BC A 9.38281 28.4417 -7.58617 -6.33737 -10.7184 -23.3868 -1.18706 39.9039 -22.8075 5.00309 8.11123 3.64331 0 0 0 0.189468 2.48031 0 0 0 0 0 0 2.384 303 47 2 2 0
./complex_md-fit_237.pdb BC A 8.50449 30.2052 -11.4302 -7.68537 -11.3771 -23.9347 -1.18896 41.1079 -23.6124 4.50405 7.75869 2.90485 0 0 0 0.0929158 2.84374 -5.55112e-17 0 0 0 0 0 2.384 303 47 1 1 0
./complex_md-fit_238.pdb BC A 10.6305 35.6618 -4.47674 -7.03234 -7.7852 -21.7232 -1.15636 37.7481 -20.9749 5.49163 7.35865 3.52504 0 0 0 0.0718716 2.40607 0 0 0 0 0 0 2.384 303 47 1 1 0
./complex_md-fit_239.pdb BC A 6.28133 30.0955 -13.0696 -6.37644 -13.775 -24.3422 -1.19537 41.0899 -23.2303 2.73986 7.95047 3.72202 0 0 0 0.347332 2.50445 -2.77556e-17 0 0 0 0 0 2.384 303 48 0 0 0
./complex_md-fit_23.pdb BC A 8.49093 32.1045 -2.53945 -6.8035 -8.65702 -24.7621 -1.04317 45.0003 -23.4625 5.98013 7.29908 3.64622 0 0 0 0.263118 2.9311 0 0 0 0 0 2.22045e-16 2.384 303 47 0 0 0
./complex_md-fit_240.pdb BC A 7.56913 30.7617 -12.3227 -6.91732 -10.5702 -23.3235 -1.1556 38.2165 -23.058 4.5468 6.95616 2.8429 0 0 0 0.139578 2.59044 -5.55112e-17 0 0 0 0 0 2.384 303 46 0 0 0
./complex_md-fit_241.pdb BC A 7.93512 25.3463 -10.8695 -6.02342 -11.0446 -24.7034 -1.25085 40.7613 -24.6002 3.6987 7.27417 4.73721 0 0 0 0.281644 2.42065 -2.77556e-17 0 0 0 0 0 2.384 303 46 0 0 0
./complex_md-fit_242.pdb BC A 7.91409 33.447 -3.32784 -4.89773 -8.18765 -23.4083 -0.897876 40.4764 -22.8369 4.69043 6.40934 4.8479 0 0 0 0.476515 2.88252 0 0 0 0 0 0 2.384 303 52 0 0 0
./complex_md-fit_243.pdb BC A 6.02503 36.5349 -1.17788 -4.36441 -8.59508 -23.9454 -1.04622 43.4875 -23.0976 4.67085 7.53169 3.83623 0 0 0 0.34444 3.62764 -5.55112e-17 0 0 0 0 0 2.384 303 47 0 0 0
./complex_md-fit_244.pdb BC A 6.43422 33.863 -10.2604 -8.8365 -9.74655 -24.7496 -1.09877 42.4034 -24.1399 4.37937 7.25322 4.04199 0 0 0 0.200047 2.58014 0.0328843 0 0 0 0 0 2.384 303 47 0 0 0
./complex_md-fit_245.pdb BC A 6.70242 25.0151 -1.59022 -4.81002 -6.85859 -23.1718 -1.14212 40.7043 -22.599 4.60644 7.68874 3.92471 0 0 0 0.0671282 2.65293 5.55112e-17 0 0 0 0 0 2.384 303 45 0 0 0
./complex_md-fit_246.pdb BC A 8.44696 33.0819 -3.40175 -5.22891 -8.35142 -24.1422 -0.88488 41.1083 -23.8719 7.40457 6.58388 3.6109 0 0 0 0.369808 2.88049 0 0 0 0 0 0 2.384 303 45 1 1 0
./complex_md-fit_247.pdb BC A 7.76276 27.9857 -1.00827 -5.35629 -6.6342 -23.753 -0.94855 41.6291 -23.1382 6.62604 6.66178 3.42719 0 0 0 0.477791 2.09192 5.55112e-17 0 0 0 0 0 2.384 303 46 0 0 0
./complex_md-fit_248.pdb BC A 9.14426 33.4846 -4.98629 -6.41002 -8.85259 -23.1116 -0.948531 39.9532 -22.6406 6.62029 6.58521 3.71388 0 0 0 0.0719094 2.27603 0.032593 0 0 0 0 0 2.384 303 47 2 2 0
./complex_md-fit_249.pdb BC A 7.73592 33.6702 -6.56845 -7.30096 -9.5724 -24.3584 -1.15589 42.1692 -23.6412 4.83739 8.7509 3.54638 0 0 0 0.116225 2.42222 0.0403131 0 0 0 0 0 2.384 303 45 1 1 0
./complex_md-fit_24.pdb BC A 7.87862 24.7531 -7.05823 -7.89055 -7.23236 -23.0084 -0.815169 41.3061 -22.1119 3.11994 6.7302 2.66252 0 0 0 0.162784 2.53086 0 0 0 0 0 0.0186985 2.384 303 47 0 0 0
./complex_md-fit_250.pdb BC A 10.6933 33.9084 -4.02232 -5.35614 -7.09493 -23.486 -0.908088 40.4512 -23.3575 5.02257 7.14907 3.26858 0 0 0 0.288873 2.61622 -5.55112e-17 0 0 0 0 0 2.384 303 46 0 0 0
./complex_md-fit_251.pdb BC A 6.51255 39.2722 -8.84212 -7.23237 -8.18011 -23.4508 -0.970109 39.9765 -22.9872 3.29484 6.49258 3.72958 0 0 0 0.485072 2.25482 0 0 0 0 0 0 2.384 303 49 1 1 0
./complex_md-fit_252.pdb BC A 7.06381 31.4193 -9.49108 -6.15803 -12.4291 -24.3426 -0.938194 41.8662 -23.5779 4.2636 8.25481 3.0529 0 0 0 0.517309 2.47069 2.77556e-17 0 0 0 0 0 2.384 303 46 0 0 0
./complex_md-fit_253.pdb BC A 7.62402 30.386 -8.80426 -5.5931 -10.0142 -23.7366 -1.15358 40.3402 -23.0488 3.06139 6.86031 4.40278 0 0 0 0.0774092 2.09184 0 0 0 0 0 0 2.384 303 44 0 0 0
./complex_md-fit_254.pdb BC A 6.4356 32.0785 -7.83492 -6.17408 -10.0128 -22.9505 -1.08299 38.5219 -22.0287 4.53747 7.15174 3.93085 0 0 0 0.272155 3.70248 -2.77556e-17 0 0 0 0 -2.22045e-16 2.384 303 43 0 0 0
./complex_md-fit_255.pdb BC A 6.38563 23.2058 -5.07758 -4.39053 -9.23117 -23.8657 -1.00401 41.749 -23.0082 3.93244 6.75338 3.7909 0 0 0 0.207926 2.9509 -0.0116583 0 0 0 0 0 2.384 303 46 1 1 0
./complex_md-fit_256.pdb BC A 6.27145 28.418 -10.9014 -6.43226 -9.28362 -23.781 -1.10397 40.4132 -23.1255 3.73843 5.45097 3.00672 0 0 0 0.210973 2.72545 -5.55112e-17 0 0 0 0 0.00464171 2.384 303 44 0 0 0
./complex_md-fit_257.pdb BC A 6.65573 35.6091 -2.40171 -6.13971 -10.0456 -25.2716 -1.35663 44.599 -24.0108 6.58229 8.38405 4.62813 0 0 0 0.238481 2.57063 -0.00930312 0 0 0 0 0 2.384 303 48 1 1 0
./complex_md-fit_258.pdb BC A 7.81264 35.3918 -9.35128 -6.35213 -12.4663 -23.4159 -1.1961 40.6249 -22.2231 3.04389 7.77727 4.45286 0 0 0 0.403312 2.33298 2.77556e-17 0 0 0 0 0 2.384 303 48 0 0 0
./complex_md-fit_259.pdb BC A 9.2529 33.3532 -12.3935 -7.81757 -13.8951 -25.0723 -1.14677 42.6637 -24.467 3.78438 9.45059 4.00212 0 0 0 0.10443 2.90201 0 0 0 0 0 0 2.384 303 48 0 0 0
./complex_md-fit_25.pdb BC A 7.25153 30.1468 -7.18391 -9.30559 -8.30769 -24.1644 -0.781884 42.5261 -23.0336 3.91351 8.1302 3.51324 0 0 0 0.29291 2.52965 0 0 0 0 0 0.033202 2.384 303 48 0 0 0
./complex_md-fit_260.pdb BC A 8.03992 28.9117 -2.94809 -5.19898 -9.40068 -24.7315 -0.93285 42.3185 -23.9679 7.31354 7.60262 3.96704 0 0 0 0.0820748 3.13714 0 0 0 0 0 0 2.384 303 45 3 3 0
./complex_md-fit_261.pdb BC A 7.58823 27.8249 -10.8322 -5.37599 -9.57939 -23.4649 -1.08716 39.2533 -23.3082 3.82849 6.36833 2.33332 0 0 0 0.199958 2.86339 0 0 0 0 0 0 2.384 303 46 0 0 0
./complex_md-fit_262.pdb BC A 9.36433 36.2145 -7.00924 -7.72587 -10.5139 -23.7688 -1.18788 40.7433 -22.9578 4.95459 9.01698 4.137 0 0 0 0.305753 2.68633 -0.0126726 0 0 0 0 0 2.384 303 46 0 0 0
./complex_md-fit_263.pdb BC A 6.70218 28.8438 -8.34192 -5.46449 -9.91305 -23.6333 -1.04684 41.2231 -23.2241 5.37486 6.25446 2.02065 0 0 0 0.0668804 2.59932 0 0 0 0 0 0 2.384 303 47 0 0 0
./complex_md-fit_264.pdb BC A 9.47578 30.2396 -5.68806 -6.37087 -9.98971 -24.3774 -1.11718 42.2766 -24.4265 7.2391 6.93841 3.16947 0 0 0 0.935976 2.58639 0.0340091 0 0 0 0 0 2.384 303 46 2 2 0
./complex_md-fit_265.pdb BC A 10.0544 33.712 -12.588 -6.44174 -11.2607 -22.9231 -0.958003 39.4159 -22.1762 2.1814 7.60284 1.63766 0 0 0 0.333981 2.90452 0 0 0 0 0 0 2.384 303 46 0 0 0
./complex_md-fit_266.pdb BC A 8.42887 27.7637 -5.84091 -6.05202 -7.91292 -23.7877 -0.972033 41.2425 -23.554 5.45143 6.59288 2.86111 0 0 0 0.266871 3.0724 0.0229791 0 0 0 0 0 2.384 303 48 0 0 0
./complex_md-fit_267.pdb BC A 8.44882 28.8565 -10.1913 -7.34989 -13.151 -24.3644 -1.11594 41.4761 -23.5016 5.93958 9.07312 2.39746 0 0 0 0.40529 2.80108 0 0 0 0 0 0 2.384 303 47 1 1 0
./complex_md-fit_268.pdb BC A 10.1048 28.8279 -7.51618 -6.02245 -9.58806 -24.3125 -1.10593 41.0137 -24.0529 5.74725 7.53494 2.89333 0 0 0 0.360236 2.20909 0.016276 0 0 0 0 0 2.384 303 44 1 1 0
./complex_md-fit_269.pdb BC A 6.70042 37.6564 -9.55099 -6.15006 -10.1467 -23.5569 -1.27499 40.7974 -22.7606 3.27981 6.65397 2.98124 0 0 0 0.62585 3.13794 -5.55112e-17 0 0 0 0 0 2.384 303 47 1 1 0
./complex_md-fit_26.pdb BC A 10.3251 26.4221 -4.68569 -7.37841 -8.51203 -23.4414 -0.89222 41.9767 -22.0213 4.38577 8.13742 2.88454 0 0 0 0.143668 2.85202 5.55112e-17 0 0 0 0 0.0316216 2.384 303 45 0 0 0
./complex_md-fit_270.pdb BC A 10.6495 27.897 -7.51354 -6.87914 -11.402 -24.1541 -1.14069 41.0576 -23.8174 7.40727 7.59576 3.61186 0 0 0 0.207344 2.74019 5.55112e-17 0 0 0 0 0 2.384 303 46 1 1 0
./complex_md-fit_271.pdb BC A 8.68122 32.0809 -8.34105 -7.76736 -8.86553 -25.602 -1.21349 43.492 -25.5417 6.91535 7.24756 2.68749 0 0 0 0.291879 3.19399 0.0147517 0 0 0 0 0 2.384 303 50 3 3 0
./complex_md-fit_272.pdb BC A 9.18353 38.2187 -10.3165 -7.19292 -11.6099 -24.3683 -1.07523 40.9698 -24.039 6.46229 7.76471 2.38268 0 0 0 0.356844 2.57695 0.0325051 0 0 0 0 0 2.384 303 47 1 1 0
./complex_md-fit_273.pdb BC A 10.5396 42.7217 -9.65661 -7.87279 -10.4986 -24.1781 -0.976101 41.7024 -23.8588 6.97948 6.3143 2.3735 0 0 0 0.358148 2.5217 6.93889e-18 0 0 0 0 0 2.384 303 46 0 0 0
./complex_md-fit_274.pdb BC A 8.14997 37.1254 -5.64455 -6.36765 -9.065 -24.3492 -1.18879 43.9778 -23.6948 5.6198 6.06602 3.18801 0 0 0 0.146801 2.24166 0.0224444 0 0 0 0 0 2.384 303 45 0 0 0
./complex_md-fit_275.pdb BC A 9.23003 32.9626 -7.11027 -5.13693 -9.83821 -23.255 -1.06565 39.7226 -22.8997 6.4718 6.77115 1.98768 0 0 0 0.131885 3.07739 0 0 0 0 0 0 2.384 303 44 2 2 0
./complex_md-fit_276.pdb BC A 8.914 27.1049 -16.7228 -7.85511 -13.8962 -24.5449 -1.05319 40.2012 -23.9846 3.98872 7.4273 2.79192 0 0 0 0.202131 2.72922 -5.55112e-17 0 0 0 0 0 2.384 303 47 0 0 0
./complex_md-fit_277.pdb BC A 7.29862 32.3006 -2.14244 -4.72486 -11.7012 -22.9304 -1.05518 40.9855 -21.8566 8.4976 7.24483 3.00973 0 0 0 0.388058 2.00527 0 0 0 0 0 0 2.384 303 44 2 2 0
./complex_md-fit_278.pdb BC A 11.2172 32.8884 -11.4314 -5.50598 -10.3543 -21.8677 -0.968007 37.2878 -21.454 3.53458 6.15229 1.55671 0 0 0 0.187288 2.53055 0 0 0 0 0 0 2.384 303 46 1 1 0
./complex_md-fit_279.pdb BC A 9.32308 39.8401 -5.79294 -5.01002 -9.69522 -23.5823 -0.815857 41.6205 -22.8765 3.77899 7.26584 3.26167 0 0 0 0.259964 2.76171 0 0 0 0 0 0 2.384 303 47 0 0 0
./complex_md-fit_27.pdb BC A 7.39801 26.044 -0.587839 -6.57267 -7.84075 -24.0747 -1.05658 44.0544 -22.6268 5.81182 9.33971 2.18025 0 0 0 0.171852 2.44068 0 0 0 0 0 0.02558 2.384 303 45 1 1 0
./complex_md-fit_280.pdb BC A 5.82025 31.6923 -3.3046 -5.10655 -9.56318 -23.2846 -1.04259 40.024 -22.2712 9.64117 5.92582 2.33309 0 0 0 0.0394568 2.27541 0 0 0 0 0 0 2.384 303 45 3 3 0
./complex_md-fit_281.pdb BC A 7.09569 29.9346 -8.50588 -5.9689 -11.3136 -24.2831 -1.05351 40.556 -23.8931 6.90901 8.44192 1.97672 0 0 0 0.122571 2.50005 0 0 0 0 0 0 2.384 303 44 0 0 0
./complex_md-fit_282.pdb BC A 7.64827 30.6539 -7.99588 -4.544 -9.69403 -23.6362 -0.885855 42.2962 -22.9636 2.60566 4.76472 3.74668 0 0 0 0.314445 2.07914 0 0 0 0 0 0 2.384 303 49 0 0 0
./complex_md-fit_283.pdb BC A 7.53592 36.8596 -10.7008 -6.6399 -9.65416 -23.259 -1.06802 38.4276 -22.827 4.00452 7.08969 3.10855 0 0 0 0.116884 2.57212 0 0 0 0 0 0 2.384 303 49 0 0 0
./complex_md-fit_284.pdb BC A 8.94923 26.3459 -6.9524 -4.04262 -9.30969 -23.2242 -0.988739 38.1804 -22.8964 5.22435 5.27375 3.11484 0 0 0 1.72801 2.22107 -0.0120529 0 0 0 0 1.11022e-16 2.384 303 47 1 1 0
./complex_md-fit_285.pdb BC A 7.89531 30.9856 -14.3864 -7.5282 -11.743 -24.2607 -1.05945 40.9058 -23.4066 4.2963 5.83469 2.23441 0 0 0 0.340291 2.57715 0 0 0 0 0 0 2.384 303 47 0 0 0
./complex_md-fit_286.pdb BC A 8.77217 24.7401 -8.7579 -6.62559 -11.6965 -22.6651 -1.04525 38.391 -22.2757 7.16724 6.43227 3.21147 0 0 0 0.348246 2.62384 0 0 0 0 0 0 2.384 303 50 1 1 0
./complex_md-fit_287.pdb BC A 7.20928 35.2465 1.38597 -3.7573 -8.88343 -22.8096 -0.78429 38.8299 -21.957 11.9465 6.00308 2.14348 0 0 0 0.654609 2.29806 0 0 0 0 0 0 2.384 303 49 4 4 0
./complex_md-fit_288.pdb BC A 5.82157 34.0087 -8.39374 -6.09358 -13.0654 -23.0978 -1.12659 38.6246 -22.38 8.53067 7.75964 1.90438 0 0 0 0.550311 3.11726 -5.55112e-17 0 0 0 0 0 2.384 303 48 1 1 0
./complex_md-fit_289.pdb BC A 6.14132 38.1497 -8.44958 -5.01003 -10.8398 -22.9741 -0.883426 38.7466 -22.0055 4.91294 6.91855 2.35922 0 0 0 0.325961 2.10232 0 0 0 0 0 0 2.384 303 48 0 0 0
./complex_md-fit_28.pdb BC A 7.44514 34.9512 -4.10715 -6.35344 -9.66624 -22.7565 -0.826178 40.5471 -21.7115 5.00116 8.34632 3.07123 0 0 0 0.221946 3.11822 0 0 0 0 0 0.0189489 2.384 303 43 1 1 0
./complex_md-fit_290.pdb BC A 10.7017 37.7671 -6.04297 -3.67417 -10.3023 -22.063 -1.08882 37.2998 -21.3577 5.20146 5.93933 3.89486 0 0 0 0.107584 2.10098 -1.38778e-17 0 0 0 0 0 2.384 303 44 0 0 0
./complex_md-fit_291.pdb BC A 7.44535 31.6352 -8.99442 -7.15759 -9.90723 -23.5206 -1.23725 39.9994 -22.6112 6.24356 6.66452 2.36982 0 0 0 0.162141 2.26791 0 0 0 0 0 0 2.384 303 48 2 2 0
./complex_md-fit_292.pdb BC A 7.05208 27.394 -5.93524 -5.31028 -7.38181 -22.9234 -1.08066 39.6059 -22.4731 5.41605 5.60625 2.50706 0 0 0 0.0584705 2.08737 0.0402525 0 0 0 0 0 2.384 303 48 0 0 0
./complex_md-fit_293.pdb BC A 6.63755 33.6721 -5.97868 -4.36686 -9.05811 -23.4939 -1.01771 39.8204 -22.9994 6.47861 5.99783 2.36008 0 0 0 0.272077 2.86584 0.0282669 0 0 0 0 1.11022e-16 2.384 303 47 2 2 0
./complex_md-fit_294.pdb BC A 5.88712 31.4991 -7.08996 -6.24235 -8.78461 -24.471 -0.68481 42.5483 -23.9021 4.94707 5.88377 3.29849 0 0 0 0.317201 2.79934 0 0 0 0 0 0 2.384 303 51 0 0 0
./complex_md-fit_295.pdb BC A 6.94773 26.1996 -8.16742 -6.79556 -9.76614 -25.9337 -0.860964 44.0083 -25.5821 5.56989 7.54098 3.48842 0 0 0 0.16345 2.83546 0 0 0 0 0 0 2.384 303 50 1 1 0
./complex_md-fit_296.pdb BC A 8.9593 35.3046 -15.8333 -8.59691 -11.7617 -24.219 -0.916989 40.6451 -23.5189 2.98559 6.95632 2.15411 0 0 0 0.439036 2.52263 0 0 0 0 0 0 2.384 303 50 0 0 0
./complex_md-fit_297.pdb BC A 9.49741 30.3383 -10.6194 -5.49654 -10.8083 -24.5837 -0.959452 40.4078 -24.3664 6.2203 5.54121 3.28724 0 0 0 0.138578 2.83627 0 0 0 0 0 0 2.384 303 49 0 0 0
./complex_md-fit_298.pdb BC A 8.54315 30.8978 -6.27281 -6.00533 -8.99607 -24.9906 -0.867796 43.6398 -24.0181 5.09361 6.26771 3.35594 0 0 0 0.248015 3.72323 0 0 0 0 0 0 2.384 303 47 1 1 0
./complex_md-fit_299.pdb BC A 8.88454 29.9994 -7.52892 -6.45824 -8.4661 -24.8893 -0.824627 41.0913 -24.4956 7.44211 6.19576 2.62507 0 0 0 0.250666 2.44676 0 0 0 0 0 0 2.384 303 49 1 1 0
./complex_md-fit_29.pdb BC A 7.72961 31.5927 0.0285302 -6.05799 -8.94962 -22.9729 -1.07072 40.8462 -21.7806 7.02647 8.49565 4.20575 0 0 0 0.197546 2.93203 0.0337223 0 0 0 0 0.0550788 2.384 303 47 0 0 0
./complex_md-fit_2.pdb BC A 6.61229 30.1088 -4.97858 -7.94297 -6.41675 -26.8344 -0.738453 46.1955 -26.6823 4.68358 9.11653 3.04251 0 0 0 0.613347 3.19782 -0.0225095 0 0 0 0 0.00733138 2.384 303 51 1 1 0
./complex_md-fit_300.pdb BC A 7.04827 33.8237 -5.3189 -3.96139 -10.3645 -23.0732 -0.682112 38.858 -23.1322 6.14708 7.12603 3.51741 0 0 0 0.246023 2.27093 0 0 0 0 0 0 2.384 303 48 0 0 0
./complex_md-fit_301.pdb BC A 8.13679 26.6475 -9.5222 -7.0367 -9.98129 -24.2979 -0.834925 40.9758 -23.7602 5.54644 7.84489 1.92609 0 0 0 0.095567 2.72904 -1.11022e-16 0 0 0 0 0 2.384 303 49 0 0 0
./complex_md-fit_302.pdb BC A 7.43087 28.0688 -10.7362 -7.57725 -10.1516 -24.4701 -0.904379 39.8401 -24.2808 6.34077 6.79759 3.29923 0 0 0 0.370179 2.98402 0 0 0 0 0 0 2.384 303 48 2 2 0
./complex_md-fit_303.pdb BC A 7.70673 25.9808 -10.4459 -7.90881 -11.2911 -24.1365 -0.972787 41.7875 -23.5818 5.15159 6.86623 3.46411 0 0 0 0.130921 2.79166 0.0447599 0 0 0 0 0 2.384 303 46 0 0 0
./complex_md-fit_304.pdb BC A 8.16784 29.0505 -13.0858 -8.62166 -13.4955 -25.3993 -0.997228 42.9248 -25.188 4.6109 9.13205 3.64473 0 0 0 0.303536 2.22357 0 0 0 0 0 0 2.384 303 51 0 0 0
./complex_md-fit_305.pdb BC A 7.43182 36.3321 -10.8888 -6.94319 -12.8247 -23.7969 -1.00715 39.2435 -23.3206 5.81886 7.42501 3.905 0 0 0 0.61146 2.48414 0 0 0 0 0 0 2.384 303 47 0 0 0
./complex_md-fit_306.pdb BC A 8.02272 28.9051 -9.91819 -7.68223 -8.25005 -24.0191 -0.799099 39.5754 -24.4685 4.51429 8.37936 2.47722 0 0 0 0.354545 2.47122 0 0 0 0 0 0 2.384 303 47 0 0 0
./complex_md-fit_307.pdb BC A 8.39964 27.1379 -9.88271 -5.68733 -8.36571 -22.9801 -0.791448 38.2974 -23.2393 4.13212 5.79017 2.69538 0 0 0 0.238896 2.48898 0.0271889 0 0 0 0 0 2.384 303 47 1 1 0
./complex_md-fit_308.pdb BC A 8.30722 27.0014 -13.8234 -7.32701 -11.7202 -25.2158 -0.907344 41.1073 -24.8416 3.81892 8.49557 2.60841 0 0 0 0.158314 2.46827 0 0 0 0 0 0 2.384 303 47 0 0 0
./complex_md-fit_309.pdb BC A 8.86813 28.1952 -5.77146 -6.58969 -8.36001 -23.9156 -0.793158 40.5322 -23.6198 7.25056 6.51789 2.91259 0 0 0 0.293633 2.85336 0 0 0 0 0 0 2.384 303 47 1 1 0
./complex_md-fit_30.pdb BC A 7.84258 30.4938 2.44067 -5.7935 -5.33785 -22.5507 -0.967264 40.8012 -21.5536 7.3983 6.72014 3.50294 0 0 0 0.186307 2.31542 0 0 0 0 0 0.03468 2.384 303 47 1 1 0
./complex_md-fit_310.pdb BC A 7.54384 29.6592 -13.9974 -5.60625 -11.8566 -23.6203 -1.0346 38.3514 -23.3991 3.94086 7.28665 1.8206 0 0 0 0.119938 2.42663 0 0 0 0 0 0 2.384 303 46 0 0 0
./complex_md-fit_311.pdb BC A 8.27716 29.0949 -4.0029 -6.06216 -10.6539 -24.604 -0.923914 42.5851 -23.8159 7.88207 6.94645 4.09962 0 0 0 0.543824 2.92131 0 0 0 0 0 0 2.384 303 47 1 1 0
./complex_md-fit_312.pdb BC A 6.96621 32.4913 -4.20549 -6.00385 -10.2405 -24.7628 -0.846424 42.5069 -24.1953 7.86109 8.00386 3.16981 0 0 0 0.301842 2.8967 0 0 0 0 0 0 2.384 303 49 1 1 0
./complex_md-fit_313.pdb BC A 7.70637 28.9677 -7.7363 -8.37567 -7.37602 -25.699 -0.735373 43.9383 -25.4477 6.12224 7.0288 2.61921 0 0 0 0.188908 2.97445 -1.11022e-16 0 0 0 0 0 2.384 303 48 1 1 0
./complex_md-fit_314.pdb BC A 7.49417 29.6763 -9.18285 -7.73672 -8.80645 -25.8087 -0.850995 42.347 -26.1973 6.28423 8.23192 2.78667 0 0 0 0.567507 2.79335 0 0 0 0 0 0 2.384 303 50 0 0 0
./complex_md-fit_315.pdb BC A 9.65984 31.2254 -7.56973 -6.08407 -9.94717 -24.3086 -0.856756 42.0569 -24.3552 6.11599 6.30434 3.20361 0 0 0 0.301193 2.58491 0 0 0 0 0 0 2.384 303 49 0 0 0
./complex_md-fit_316.pdb BC A 7.09249 28.4078 -1.80524 -3.1968 -9.0871 -24.7652 -0.693066 44.1642 -24.0932 6.10059 7.01666 2.53862 0 0 0 0.210096 2.68068 0 0 0 0 0 0 2.384 303 49 1 1 0
./complex_md-fit_317.pdb BC A 7.01681 31.5918 -7.34461 -4.28753 -9.20222 -25.7792 -0.797329 44.1895 -25.6054 4.61484 6.22455 3.12656 0 0 0 0.171571 4.18022 0 0 0 0 0 0 2.384 303 50 0 0 0
./complex_md-fit_318.pdb BC A 7.95748 32.9139 -7.33096 -6.27825 -11.6092 -25.8238 -0.951884 44.5479 -24.944 7.78431 7.40108 2.26731 0 0 0 0.270142 2.41737 -2.77556e-17 0 0 0 0 0.00532133 2.384 303 47 0 0 0
./complex_md-fit_319.pdb BC A 8.40383 31.0014 -8.17627 -5.33762 -9.91302 -25.0671 -0.956832 42.9844 -24.3851 4.0893 6.50281 3.64526 0 0 0 0.261576 2.65775 0 0 0 0 0 0 2.384 303 50 0 0 0
./complex_md-fit_31.pdb BC A 7.3763 25.8059 2.06689 -6.44847 -3.72443 -23.172 -0.91826 41.7609 -22.4484 6.5177 6.06967 4.2424 0 0 0 0.144994 2.26942 0 0 0 0 0 0.0427526 2.384 303 46 1 1 0
./complex_md-fit_320.pdb BC A 9.62265 32.4247 -6.23618 -5.56304 -10.4112 -24.4428 -0.974643 41.8327 -23.3363 5.55259 7.51817 3.31415 0 0 0 0.274262 2.57788 -5.55112e-17 0 0 0 0 0 2.384 303 47 0 0 0
./complex_md-fit_321.pdb BC A 8.4891 31.1455 -5.96619 -5.87265 -9.16249 -24.4826 -0.860321 42.3729 -23.644 5.89259 6.6733 2.79217 0 0 0 0.324875 2.50242 -5.55112e-17 0 0 0 0 0 2.384 303 49 0 0 0
./complex_md-fit_322.pdb BC A 7.99188 25.6564 -5.80851 -7.01136 -11.2632 -24.5838 -0.934095 42.3357 -23.7929 7.5413 9.67241 1.99537 0 0 0 0.232179 2.3619 0 0 0 0 0 0 2.384 303 49 1 1 0
./complex_md-fit_323.pdb BC A 7.77983 29.6317 -11.8053 -5.10438 -12.3384 -22.9649 -1.0987 39.2967 -21.8693 2.89221 6.2274 3.041 0 0 0 0.113148 2.18485 0 0 0 0 0 0 2.384 303 48 0 0 0
./complex_md-fit_324.pdb BC A 6.19744 30.9066 -18.381 -9.07895 -12.0897 -24.3728 -0.881176 39.9271 -23.8566 3.67067 6.53953 1.54196 0 0 0 0.218968 2.61492 0 0 0 0 0 0 2.384 303 48 0 0 0
./complex_md-fit_325.pdb BC A 6.47755 35.1228 -14.0624 -7.69242 -13.2893 -24.6956 -0.988385 41.8782 -24.3009 3.08449 7.65961 3.60443 0 0 0 0.687416 3.14599 -0.00984291 0 0 0 0 0 2.384 303 50 0 0 0
./complex_md-fit_326.pdb BC A 6.00317 28.0558 -4.71006 -5.28213 -10.8339 -24.989 -0.923831 41.7739 -24.5478 9.38719 6.48367 3.61745 0 0 0 0.613746 2.84803 -0.00936544 0 0 0 0 0 2.384 303 47 3 3 0
./complex_md-fit_327.pdb BC A 7.51813 29.4385 -6.90597 -6.43814 -10.9238 -25.6075 -0.872586 42.6377 -25.5497 8.82119 7.73052 2.92353 0 0 0 0.372885 2.38759 -1.38778e-17 0 0 0 0 0 2.384 303 50 2 2 0
./complex_md-fit_328.pdb BC A 6.96039 25.2529 -8.07994 -6.4746 -11.9806 -25.7542 -0.738687 43.8464 -25.0097 8.41972 6.9277 2.43694 0 0 0 0.247162 3.04941 0 0 0 0 0 0 2.384 303 48 2 2 0
./complex_md-fit_329.pdb BC A 6.69351 33.9318 -9.34483 -5.52838 -12.4717 -25.8596 -0.865077 43.5949 -25.564 6.41459 7.34679 3.23304 0 0 0 0.354681 2.81749 0 0 0 0 0 0 2.384 303 53 1 1 0
./complex_md-fit_32.pdb BC A 7.28954 32.2158 -11.8841 -9.59197 -8.34551 -22.2853 -0.955776 38.3031 -21.4453 1.66019 7.17436 3.36023 0 0 0 0.237207 2.55518 5.55112e-17 0 0 0 0 0.00474976 2.384 303 46 0 0 0
./complex_md-fit_330.pdb BC A 9.03386 27.1375 -12.0713 -7.40372 -11.8253 -26.3731 -0.746602 44.3046 -25.741 4.60313 7.82421 3.13277 0 0 0 0.153662 3.17199 0 0 0 0 0 0 2.384 303 49 0 0 0
./complex_md-fit_331.pdb BC A 7.13022 33.4571 -14.0855 -6.16758 -12.4168 -24.1601 -0.784817 40.5157 -23.4023 2.45826 7.40299 2.27067 0 0 0 0.210168 2.41652 -0.0116617 0 0 0 0 0 2.384 303 45 0 0 0
./complex_md-fit_332.pdb BC A 9.9544 31.5716 -8.37074 -8.61144 -8.97707 -25.9064 -1.08184 44.811 -25.9954 6.03918 7.72489 3.22743 0 0 0 0.398969 2.97938 0 0 0 0 0 0 2.384 303 50 1 1 0
./complex_md-fit_333.pdb BC A 6.69463 33.1678 -6.98792 -5.97755 -8.18853 -24.4196 -0.922629 42.0741 -24.0279 2.61401 7.20769 4.33166 0 0 0 0.320899 2.79489 0 0 0 0 0 0 2.384 303 50 0 0 0
./complex_md-fit_334.pdb BC A 6.94099 31.6996 -9.97279 -5.15362 -10.9922 -24.8644 -1.14267 42.7267 -24.3294 3.43964 6.69983 3.2429 0 0 0 0.363682 2.84451 0.036834 0 0 0 0 0 2.384 303 48 0 0 0
./complex_md-fit_335.pdb BC A 7.37614 39.5327 -2.32856 -6.7091 -9.38506 -23.8501 -0.809189 42.2875 -23.2881 8.34586 6.75961 3.78618 0 0 0 0.533733 3.6745 2.77556e-17 0 0 0 0 0 2.384 303 50 1 1 0
./complex_md-fit_336.pdb BC A 10.6612 37.5021 -7.90531 -6.77549 -12.2737 -22.9552 -1.10305 40.1694 -22.1194 5.46641 8.34549 2.75528 0 0 0 0.584976 2.11933 0 0 0 0 0 0 2.384 303 48 1 1 0
./complex_md-fit_337.pdb BC A 7.5099 32.4341 -11.2495 -5.89848 -10.1046 -23.1658 -0.984551 40.016 -22.5488 1.35926 6.71388 3.06057 0 0 0 0.312151 3.12557 -0.00913171 0 0 0 0 0 2.384 303 49 0 0 0
./complex_md-fit_338.pdb BC A 8.50408 25.1154 -10.3948 -5.09113 -9.17962 -22.1576 -0.953629 36.7461 -21.4016 1.4883 6.62722 3.0201 0 0 0 0.512599 2.5031 -0.0103209 0 0 0 0 0.00473848 2.384 303 49 0 0 0
./complex_md-fit_339.pdb BC A 6.86595 26.0558 -12.3473 -6.77105 -10.1506 -23.6804 -1.04996 40.1512 -22.7612 1.78295 6.44343 3.48742 0 0 0 0.200926 3.06034 0 0 0 0 0 0 2.384 303 49 0 0 0
./complex_md-fit_33.pdb BC A 8.19937 39.3955 -9.68618 -8.75846 -9.75515 -24.3187 -1.20328 42.1691 -23.8398 2.40186 9.28692 4.03455 0 0 0 0.296817 3.49888 0 0 0 0 0 0 2.384 303 49 0 0 0
./complex_md-fit_340.pdb BC A 7.45291 29.8009 -7.47888 -5.09946 -7.5077 -22.7486 -0.953417 38.9538 -22.3484 2.72842 5.80655 3.49595 0 0 0 0.194035 3.68984 0 0 0 0 0 0 2.384 303 47 0 0 0
./complex_md-fit_341.pdb BC A 8.26758 23.6873 -1.67629 -5.33874 -7.19731 -22.7706 -0.924727 40.4116 -22.4132 6.4819 6.16572 3.77682 0 0 0 0.132268 2.35331 0 0 0 0 0 0 2.384 303 47 1 1 0
./complex_md-fit_342.pdb BC A 9.15022 34.4447 -11.1544 -5.77833 -11.8002 -22.4812 -0.505587 38.0358 -22.3768 3.67061 6.28199 3.25743 0 0 0 0.541882 2.60829 0 0 0 0 0 0 2.384 303 47 0 0 0
./complex_md-fit_343.pdb BC A 7.11949 30.8496 -13.732 -7.70899 -11.023 -22.8965 -0.732136 37.9586 -22.548 2.26374 6.75153 3.87869 0 0 0 0.324146 2.53101 0 0 0 0 0 0 2.384 303 49 0 0 0
./complex_md-fit_344.pdb BC A 7.70638 30.5183 -10.3875 -5.86646 -11.8042 -24.0317 -0.83657 39.9975 -23.7719 4.92895 6.94833 3.44589 0 0 0 0.602682 2.7483 0 0 0 0 0 0 2.384 303 46 1 1 0
./complex_md-fit_345.pdb BC A 9.14005 29.2905 -10.9412 -5.8448 -12.9782 -24.0189 -0.868699 41.6278 -23.0085 2.53676 7.60678 3.85911 0 0 0 0.147479 2.73717 0 0 0 0 0 0 2.384 303 48 0 0 0
./complex_md-fit_346.pdb BC A 7.27801 28.9886 -3.496 -5.45791 -7.3452 -24.3023 -0.671965 41.2204 -24.0761 7.58134 5.9773 3.06643 0 0 0 0.512054 2.42782 0 0 0 0 0 0 2.384 303 47 1 1 0
./complex_md-fit_347.pdb BC A 8.67206 30.2531 -6.93812 -4.59037 -8.37367 -23.676 -0.799448 38.7737 -23.6131 4.89343 6.87968 3.36648 0 0 0 0.201225 2.75155 5.55112e-17 0 0 0 0 0 2.384 303 47 1 1 0
./complex_md-fit_348.pdb BC A 6.83081 26.4618 -8.96139 -5.59921 -10.369 -24.3323 -0.69577 41.7713 -24.0266 4.14706 6.51529 3.11055 0 0 0 0.527095 2.69083 -0.00974678 0 0 0 0 0 2.384 303 48 1 1 0
./complex_md-fit_349.pdb BC A 9.09452 28.2009 -3.58496 -7.1597 -10.3808 -23.8888 -0.691327 42.1237 -23.2159 6.85871 10.0396 2.59555 0 0 0 0.133985 2.73482 0 0 0 0 0 0 2.384 303 49 1 1 0
./complex_md-fit_34.pdb BC A 10.1287 29.628 -6.35955 -7.82704 -7.76524 -24.2691 -0.929065 40.9021 -23.7744 3.00236 8.90795 4.7046 0 0 0 0.671639 2.36703 0 0 0 0 0 0.0166848 2.384 303 48 0 0 0
./complex_md-fit_350.pdb BC A 6.45309 30.3531 -10.9245 -6.77477 -11.3356 -24.067 -0.928762 41.7371 -23.129 4.28234 6.99131 2.17009 0 0 0 0.129748 2.75838 -2.77556e-17 0 0 0 0 0 2.384 303 49 1 1 0
./complex_md-fit_351.pdb BC A 8.229 31.5284 -4.92078 -5.52364 -7.36462 -22.8998 -0.959197 38.627 -22.5592 5.64419 5.84847 4.0106 0 0 0 0.255437 2.65663 0 0 0 0 0 0 2.384 303 46 2 2 0
./complex_md-fit_352.pdb BC A 7.72297 32.1251 -7.95964 -5.80884 -11.5638 -24.7581 -0.716677 42.4945 -23.9441 4.53213 7.63512 4.02811 0 0 0 0.142036 2.70395 0 0 0 0 0 0 2.384 303 49 1 1 0
./complex_md-fit_353.pdb BC A 6.56369 37.7407 -6.99068 -6.0585 -6.22381 -24.4957 -0.519996 40.2394 -24.448 4.39059 6.73174 3.04595 0 0 0 0.347686 3.68422 5.55112e-17 0 0 0 0 0 2.384 303 47 1 1 0
./complex_md-fit_354.pdb BC A 10.8866 33.1406 -7.73908 -5.56614 -8.57314 -24.136 -0.872321 39.1247 -24.339 5.1966 7.57864 3.00792 0 0 0 0.810721 2.73406 0.0289807 0 0 0 0 0 2.384 303 48 0 0 0
./complex_md-fit_355.pdb BC A 6.26747 28.3824 -11.2673 -5.61064 -10.3801 -23.4755 -1.04865 37.7449 -23.1739 5.79581 6.3399 2.30729 0 0 0 0.200277 2.44933 0.0333477 0 0 0 0 0 2.384 303 47 1 1 0
./complex_md-fit_356.pdb BC A 9.19599 26.2529 -8.24256 -7.04062 -8.5712 -23.3906 -0.62724 39.8133 -22.6173 4.76857 6.04481 2.86957 0 0 0 0.508203 2.29959 0 0 0 0 0 0 2.384 303 45 0 0 0
./complex_md-fit_357.pdb BC A 6.89035 29.4968 -6.69467 -4.38277 -6.2916 -23.7492 -0.669915 38.7021 -23.7881 3.42598 6.18879 3.01122 0 0 0 0.87196 2.90279 -0.0132018 0 0 0 0 0 2.384 303 50 0 0 0
./complex_md-fit_358.pdb BC A 8.76616 36.7325 -4.56014 -6.59729 -6.62663 -24.8464 -0.642385 43.2106 -24.2789 5.40543 7.01935 2.54481 0 0 0 0.263652 3.15187 -0.0124051 0 0 0 0 0 2.384 303 48 1 1 0
./complex_md-fit_359.pdb BC A 8.97357 36.2354 -7.7062 -10.5625 -10.2405 -26.3324 -0.704519 45.802 -25.8474 6.75602 9.12829 3.80199 0 0 0 0.465137 2.67052 -0.0117061 0 0 0 0 0.0394449 2.384 303 54 0 0 0
./complex_md-fit_35.pdb BC A 7.78386 29.5719 -6.70882 -7.09369 -6.99333 -25.6805 -1.09491 43.6899 -25.3027 3.68267 7.95158 4.02106 0 0 0 0.0738383 2.3547 5.55112e-17 0 0 0 0 0.0372436 2.384 303 51 0 0 0
./complex_md-fit_360.pdb BC A 7.46749 33.7507 -5.5157 -8.31225 -5.32497 -23.3328 -0.624813 39.4688 -22.952 4.85847 5.55513 4.84639 0 0 0 0.268036 3.09043 0 0 0 0 0 0.0343466 2.384 303 49 1 1 0
./complex_md-fit_361.pdb BC A 8.18359 29.6167 -10.1453 -6.60034 -7.20158 -23.3908 -0.740792 37.7493 -24.1405 4.35243 7.11251 2.52586 0 0 0 0.188575 2.46172 -0.0130505 0 0 0 0 0.013174 2.384 303 51 2 2 0
./complex_md-fit_362.pdb BC A 8.54691 26.3714 -12.6053 -8.65121 -8.97013 -24.7033 -0.823622 40.6448 -24.8116 3.68225 7.89045 2.92626 0 0 0 0.193679 2.74863 0 0 0 0 0 0.0170933 2.384 303 55 0 0 0
./complex_md-fit_363.pdb BC A 7.72929 29.3259 -6.18927 -7.01432 -6.53795 -24.6878 -0.684989 40.0218 -24.9395 4.5972 8.53049 4.04585 0 0 0 0.485176 2.52295 -0.0145497 0 0 0 0 0.00923272 2.384 303 50 0 0 0
./complex_md-fit_364.pdb BC A 8.50427 35.3 -5.13084 -8.66961 -8.87352 -25.8672 -0.922268 45.7044 -25.4749 6.91626 7.75038 3.62099 0 0 0 0.596165 3.15155 0.0422677 0 0 0 0 0.0462286 2.384 303 50 2 2 0
./complex_md-fit_365.pdb BC A 7.23044 32.0687 -8.03895 -9.07424 -7.21957 -25.2832 -0.877232 43.1035 -25.227 6.45157 6.65648 3.34314 0 0 0 0.0838965 2.99917 -5.55112e-17 0 0 0 0 0.00365325 2.384 303 51 3 3 0
./complex_md-fit_366.pdb BC A 9.04291 29.0368 -9.69184 -10.5152 -8.57728 -26.1199 -0.757361 43.6264 -25.9768 6.49506 7.56364 3.85422 0 0 0 0.678859 3.33658 0 0 0 0 0 0.0364989 2.384 303 53 1 1 0
./complex_md-fit_367.pdb BC A 9.27625 35.2991 -4.41204 -5.67731 -5.0212 -24.3209 -0.598737 40.3653 -24.6631 6.66803 5.7544 2.93539 0 0 0 0.15654 2.90714 -0.0103767 0 0 0 0 0 2.384 303 48 2 2 0
./complex_md-fit_368.pdb BC A 6.73809 28.6626 -8.2142 -6.23362 -7.64629 -23.5462 -0.652161 39.3632 -23.7881 4.08031 6.55336 3.43181 0 0 0 0.234419 2.53532 -0.0108991 0 0 0 0 0 2.384 303 51 1 1 0
./complex_md-fit_369.pdb BC A 8.23989 35.1754 -3.56488 -6.24382 -8.23004 -24.6446 -0.808177 41.8884 -24.3142 6.68131 7.43297 4.41595 0 0 0 0.222688 2.48944 0.0346483 0 0 0 0 0 2.384 303 49 2 2 0
./complex_md-fit_36.pdb BC A 8.51145 28.3616 -5.1375 -5.37442 -4.9369 -21.7625 -0.886721 36.7499 -21.8804 2.38317 7.06577 3.34767 0 0 0 0.126103 2.28753 0.00731792 0 0 0 0 0.0235393 2.384 303 47 0 0 0
./complex_md-fit_370.pdb BC A 7.87421 33.0861 -11.7171 -7.64326 -9.39419 -24.5811 -0.802444 40.1884 -24.4436 4.62502 7.44031 2.69834 0 0 0 0.189838 2.5477 0 0 0 0 0 0.00560877 2.384 303 50 1 1 0
./complex_md-fit_371.pdb BC A 7.61721 31.086 -7.25555 -5.93799 -9.87746 -23.6478 -0.911594 40.3603 -23.4411 5.20172 7.32358 3.09345 0 0 0 0.581286 2.66182 0 0 0 0 0 0 2.384 303 48 1 1 0
./complex_md-fit_372.pdb BC A 7.72388 36.1616 -6.31884 -4.37572 -8.88364 -23.0139 -0.755541 39.6601 -22.4889 4.35665 6.52745 2.41541 0 0 0 0.201699 2.2245 0.0375302 0 0 0 0 0 2.384 303 49 0 0 0
./complex_md-fit_373.pdb BC A 7.11612 36.4194 -8.82779 -5.90543 -7.74175 -23.468 -0.748134 37.8467 -23.2467 3.76882 6.76005 3.37317 0 0 0 0.477259 2.76902 0.0562547 0 0 0 0 0 2.384 303 47 0 0 0
./complex_md-fit_374.pdb BC A 6.96788 36.6099 -7.93179 -6.33812 -9.23131 -23.9148 -0.734844 38.9119 -23.8129 5.57452 7.78514 3.58753 0 0 0 0.23586 2.26171 5.55112e-17 0 0 0 0 0.00529618 2.384 303 53 1 1 0
./complex_md-fit_375.pdb BC A 9.06471 26.7175 -7.93355 -7.43309 -10.0898 -24.8359 -0.87411 42.4513 -24.0115 4.65063 8.6402 2.76021 0 0 0 0.808513 2.91131 0 0 0 0 0 0 2.384 303 52 0 0 0
./complex_md-fit_376.pdb BC A 8.76026 34.1747 -2.49838 -6.57271 -7.15586 -23.6435 -0.845604 41.0992 -22.6682 5.45237 7.40574 4.28216 0 0 0 0.148109 2.58562 0 0 0 0 0 0 2.384 303 48 1 1 0
./complex_md-fit_377.pdb BC A 9.86027 28.0988 -2.28608 -5.13326 -6.42574 -24.3978 -0.831989 41.6119 -24.142 7.61429 5.7128 3.43836 0 0 0 0.267415 3.27911 0 0 0 0 0 0 2.384 303 50 2 2 0
./complex_md-fit_378.pdb BC A 9.75619 24.7374 -11.1097 -7.17522 -10.5728 -25.4549 -0.785342 42.8598 -25.5956 4.60231 7.6675 3.18176 0 0 0 0.162665 3.04127 0 0 0 0 0 0 2.384 303 55 0 0 0
./complex_md-fit_379.pdb BC A 9.37233 34.2371 -11.303 -9.73386 -11.0382 -25.4817 -0.863686 43.1589 -25.625 5.76633 8.03705 4.29017 0 0 0 0.137489 3.37443 -5.55112e-17 0 0 0 0 0.0495588 2.384 303 52 1 1 0
./complex_md-fit_37.pdb BC A 7.61431 25.5365 -2.33566 -5.61087 -5.9771 -21.7454 -0.861882 36.8019 -21.7082 5.32854 7.19514 3.76609 0 0 0 0.438579 3.60233 5.55112e-17 0 0 0 0 0.0375212 2.384 303 47 2 2 0
./complex_md-fit_380.pdb BC A 7.48885 35.0052 -3.96592 -9.86801 -8.47256 -25.882 -0.868205 42.9434 -25.8011 10.0513 8.97175 4.6699 0 0 0 0.205489 2.85452 0.0411839 0 0 0 0 0.0429225 2.384 303 52 4 4 0
./complex_md-fit_381.pdb BC A 6.92241 37.1464 -0.299663 -7.7159 -10.1329 -26.3166 -1.06386 47.2182 -25.3343 7.56859 9.09591 5.83885 0 0 0 0.498213 2.35723 0 0 0 0 0 0.0441067 2.384 303 50 0 0 0
./complex_md-fit_382.pdb BC A 9.06891 37.1163 -19.52 -10.6649 -13.1254 -25.4184 -0.89555 40.827 -25.1126 2.09413 9.13683 3.45008 0 0 0 0.188863 2.40141 0 0 0 0 0 0 2.384 303 48 0 0 0
./complex_md-fit_383.pdb BC A 8.04131 32.7906 -12.83 -9.75898 -11.6327 -26.4883 -0.846903 44.5304 -26.0716 5.00135 8.02935 4.13793 0 0 0 0.22282 2.81401 0 0 0 0 0 0.0465562 2.384 303 53 1 1 0
./complex_md-fit_384.pdb BC A 7.93776 33.3794 -14.3604 -11.1895 -12.1919 -26.3992 -0.786585 44.8507 -25.8915 4.11235 7.53875 5.28359 0 0 0 0.273865 3.51812 0 0 0 0 0 0.0390666 2.384 303 53 0 0 0
./complex_md-fit_385.pdb BC A 7.12873 26.9429 -13.7693 -10.8203 -13.2855 -26.9698 -0.920081 47.0171 -25.9127 4.23425 8.18732 4.40115 0 0 0 0.250962 2.92558 0 0 0 0 0 0.0482663 2.384 303 51 1 1 0
./complex_md-fit_386.pdb BC A 8.5375 29.9544 -14.9984 -8.99686 -15.1208 -25.4252 -0.882309 43.8255 -24.6436 2.98476 9.21835 3.54511 0 0 0 0.458395 2.78353 0 0 0 0 0 0.0382771 2.384 303 51 0 0 0
./complex_md-fit_387.pdb BC A 7.94834 32.6682 -10.5738 -11.0931 -10.4422 -26.7232 -0.657665 45.8424 -26.2155 5.77726 8.25337 4.52549 0 0 0 0.120556 3.19298 0 0 0 0 0 0.0387183 2.384 303 51 1 1 0
./complex_md-fit_388.pdb BC A 8.64814 25.4718 -11.7284 -9.67958 -12.0989 -25.7671 -0.822749 43.2503 -25.4223 6.50385 8.66506 3.20297 0 0 0 0.398088 3.05989 -2.77556e-17 0 0 0 0 0.0420347 2.384 303 53 1 1 0
./complex_md-fit_389.pdb BC A 6.38046 32.4134 -11.5946 -10.6503 -11.9587 -26.9601 -0.872297 45.0452 -26.4546 4.90709 9.70214 5.10205 0 0 0 0.528241 3.0086 0 0 0 0 0 0.0166608 2.384 303 52 0 0 0
./complex_md-fit_38.pdb BC A 8.6312 30.7805 -3.44258 -4.79935 -5.3634 -18.9333 -0.848609 32.677 -18.2086 1.66934 6.48711 3.62752 0 0 0 0.182626 2.85221 0.035654 0 0 0 0 0.0314346 2.384 303 47 0 0 0
./complex_md-fit_390.pdb BC A 9.68084 28.1837 -12.0878 -9.40768 -13.2652 -26.7556 -0.955252 47.0209 -25.7585 4.65647 7.86761 4.08119 0 0 0 0.381546 2.95688 -5.55112e-17 0 0 0 0 0.046586 2.384 303 52 0 0 0
./complex_md-fit_391.pdb BC A 7.06216 34.4142 -9.12712 -7.86271 -9.80456 -26.4762 -0.976803 45.4778 -26.1752 5.60161 7.72475 3.11454 0 0 0 0.201693 3.38034 0 0 0 0 0 0.0478563 2.384 303 51 1 1 0
./complex_md-fit_392.pdb BC A 7.18691 28.6043 -2.05089 -8.54297 -9.75983 -26.1501 -0.729017 46.4961 -25.3237 9.3761 7.93755 4.46454 0 0 0 0.180447 3.96088 0 0 0 0 0 0 2.384 303 51 3 3 0
./complex_md-fit_393.pdb BC A 9.39006 28.6458 -11.3058 -9.16141 -13.4134 -26.912 -0.930458 46.0953 -26.2722 5.43173 9.12104 4.19757 0 0 0 0.490795 3.11707 0 0 0 0 0 0.0471937 2.384 303 49 0 0 0
./complex_md-fit_394.pdb BC A 10.8805 23.9631 -12.4678 -10.7134 -11.1919 -25.8087 -1.00808 44.1482 -25.023 5.23665 7.66653 3.99679 0 0 0 0.163853 2.61824 0.0146636 0 0 0 0 0.0505882 2.384 303 51 1 1 0
./complex_md-fit_395.pdb BC A 6.96288 24.2304 -10.4996 -8.44341 -12.5274 -25.9628 -0.767115 44.3846 -25.6099 6.85467 7.20959 4.06594 0 0 0 0.259182 2.85847 0 0 0 0 0 0.0370453 2.384 303 52 2 2 0
./complex_md-fit_396.pdb BC A 6.79361 26.8675 -8.09987 -8.90613 -12.1452 -26.4222 -0.681078 46.268 -25.7304 6.97878 8.94744 3.1145 0 0 0 0.396019 3.02991 0.0447181 0 0 0 0 0.0356981 2.384 303 53 1 1 0
./complex_md-fit_397.pdb BC A 7.14978 31.7045 -6.03306 -7.74276 -8.61283 -26.1054 -0.734452 44.1162 -25.7612 8.46007 6.40266 3.63032 0 0 0 0.238807 3.94463 0.030181 0 0 0 0 0.0452616 2.384 303 50 1 1 0
./complex_md-fit_398.pdb BC A 8.58625 26.3194 -6.43551 -8.05748 -8.4193 -25.6285 -0.90244 44.9801 -25.1456 6.3627 7.05777 3.04961 0 0 0 0.220582 3.08787 0 0 0 0 0 0.0470157 2.384 303 48 0 0 0
./complex_md-fit_399.pdb BC A 7.27032 27.3276 -9.42719 -8.02215 -10.4201 -26.1892 -0.740564 45.181 -25.8416 5.13775 8.74643 2.50633 0 0 0 0.202338 3.26889 0 0 0 0 0 0.0125371 2.384 303 51 1 1 0
./complex_md-fit_39.pdb BC A 7.35451 31.0907 -8.45563 -7.76922 -7.52318 -22.7578 -0.556898 36.8149 -23.1294 3.09904 8.82599 4.33145 0 0 0 0.209511 2.23883 0 0 0 0 0 0 2.384 303 45 0 0 0
./complex_md-fit_3.pdb BC A 7.88874 37.2342 -3.70902 -7.5666 -6.76801 -26.3215 -0.898142 45.5742 -25.7328 4.75411 8.07024 4.17378 0 0 0 0.979948 3.02328 -0.0167906 0 0 0 0 0.0424907 2.384 303 52 1 1 0
./complex_md-fit_400.pdb BC A 10.2122 32.7129 -5.97587 -7.26123 -9.41499 -26.578 -0.955083 45.8186 -26.4698 5.80887 8.93551 3.55171 0 0 0 0.522914 3.82923 0.0165235 0 0 0 0 0.0491708 2.384 303 51 2 2 0
./complex_md-fit_401.pdb BC A 8.74057 33.9413 -13.4814 -7.72126 -10.3959 -26.8801 -0.798958 44.5272 -27.2271 4.27708 6.48276 3.59513 0 0 0 0.606921 3.11139 5.55112e-17 0 0 0 0 0.0528884 2.384 303 55 0 0 0
./complex_md-fit_402.pdb BC A 7.64116 42.8039 -3.3707 -9.79225 -7.01156 -26.5439 -0.897158 45.4579 -26.2718 9.22453 6.42185 5.80079 0 0 0 0.189204 2.61385 0 0 0 0 0 0.0516757 2.384 303 53 2 2 0
./complex_md-fit_403.pdb BC A 9.12595 28.3816 -7.89855 -10.2867 -9.23359 -26.4795 -0.777057 45.5292 -26.2774 6.71593 8.07901 4.6103 0 0 0 0.185401 2.92305 0 0 0 0 0 0.0359674 2.384 303 53 0 0 0
./complex_md-fit_404.pdb BC A 8.86554 29.5506 -5.63829 -8.53509 -9.29545 -26.8291 -0.963549 45.4954 -26.4573 9.45217 7.78233 3.51698 0 0 0 0.195274 4.14974 2.77556e-17 0 0 0 0 0 2.384 303 53 3 3 0
./complex_md-fit_405.pdb BC A 7.92956 31.5742 -8.95312 -9.37006 -11.2401 -25.2394 -0.824942 42.7443 -24.3965 4.41547 9.021 5.48905 0 0 0 0.431917 3.06246 0 0 0 0 0 0.0161312 2.384 303 51 0 0 0
./complex_md-fit_406.pdb BC A 6.86701 27.5364 -2.79389 -9.51177 -7.77859 -27.6063 -0.681454 48.2655 -26.807 8.71633 7.84498 4.52361 0 0 0 0.188214 3.1559 -5.55112e-17 0 0 0 0 0.0525702 2.384 303 55 1 1 0
./complex_md-fit_407.pdb BC A 12.0876 30.4201 -3.25453 -9.18869 -10.7451 -26.8146 -0.988775 46.4199 -26.5706 8.61113 10.1761 5.41975 0 0 0 0.341245 3.50831 0.0430481 0 0 0 0 0.0420753 2.384 303 53 2 2 0
./complex_md-fit_408.pdb BC A 9.08116 30.9059 -12.8688 -10.4413 -12.5715 -24.3917 -1.00519 42.4852 -23.3936 5.12015 8.36624 2.56309 0 0 0 0.340164 3.0998 0.0340383 0 0 0 0 0.0256156 2.384 303 50 1 1 0
./complex_md-fit_409.pdb BC A 7.6993 34.0209 -8.38488 -9.50631 -14.6429 -25.3469 -0.831888 43.6208 -24.1988 6.12181 10.6152 5.41357 0 0 0 0.322706 2.95533 0 0 0 0 0 0.0478591 2.384 303 50 3 3 0
./complex_md-fit_40.pdb BC A 7.21845 30.7691 -13.1568 -7.37632 -8.10084 -21.1962 -0.642058 33.0459 -21.4529 0.539157 8.29019 3.40352 0 0 0 0.332704 1.76026 0 0 0 0 0 0 2.384 303 44 0 0 0
./complex_md-fit_410.pdb BC A 6.82888 36.3092 -11.9354 -8.49832 -10.7472 -25.4751 -0.901846 43.4858 -24.865 4.95279 6.69227 3.05888 0 0 0 0.308986 3.39309 0 0 0 0 0 0.053315 2.384 303 50 0 0 0
./complex_md-fit_411.pdb BC A 9.88574 36.3078 -13.7159 -9.83412 -15.3264 -26.4157 -0.927303 45.6948 -25.5246 2.99056 10.1954 5.23408 0 0 0 0.163935 3.1115 0 0 0 0 0 0.0334602 2.384 303 53 0 0 0
./complex_md-fit_412.pdb BC A 6.99549 28.6856 -9.89141 -9.98493 -9.91072 -26.9746 -0.882688 45.276 -26.4046 5.98998 8.17257 4.57778 0 0 0 0.224951 3.23701 0 0 0 0 0 0.0248884 2.384 303 52 1 1 0
./complex_md-fit_413.pdb BC A 9.13001 33.9177 -8.136 -8.44025 -11.4066 -26.773 -0.910175 47.627 -26.1552 6.34025 7.44472 3.88353 0 0 0 0.21582 3.49885 0 0 0 0 0 0.0379412 2.384 303 53 1 1 0
./complex_md-fit_414.pdb BC A 10.0708 28.8946 -11.7655 -9.61482 -9.8563 -26.7478 -0.897932 45.49 -26.9888 4.59019 8.36908 3.40333 0 0 0 0.471101 4.20986 0 0 0 0 0 0.0164724 2.384 303 51 0 0 0
./complex_md-fit_415.pdb BC A 8.2581 34.2038 -13.4136 -11.1059 -11.3051 -26.5503 -0.863387 44.817 -26.2611 5.97926 7.69916 3.61716 0 0 0 0.519707 3.80424 2.77556e-17 0 0 0 0 0.0398374 2.384 303 52 1 1 0
./complex_md-fit_416.pdb BC A 10.1239 29.648 -6.47952 -7.89012 -6.90845 -25.6548 -0.906466 44.2345 -25.675 5.28603 7.42756 3.22533 0 0 0 0.353885 3.14512 0 0 0 0 0 0.0280095 2.384 303 51 0 0 0
./complex_md-fit_417.pdb BC A 8.7843 29.7814 -5.7923 -8.84992 -8.13419 -26.346 -0.869888 44.4038 -26.2587 6.44191 8.70449 4.73982 0 0 0 0.368294 3.33961 0 0 0 0 0 0.0081081 2.384 303 52 1 1 0
./complex_md-fit_418.pdb BC A 9.07162 32.1231 -3.88044 -5.80662 -9.67309 -26.5828 -0.877733 45.7801 -25.2963 4.35686 8.09235 5.68419 0 0 0 0.436555 3.98521 0 0 0 0 0 0.00601842 2.384 303 52 0 0 0
./complex_md-fit_419.pdb BC A 8.74686 30.1068 -2.77239 -7.96584 -7.47872 -24.6782 -0.772951 43.09 -24.3172 7.48146 7.72629 3.96108 0 0 0 0.132777 2.28732 0 0 0 0 0 0.0489563 2.384 303 51 2 2 0
./complex_md-fit_41.pdb BC A 7.92775 38.0462 -3.35846 -5.25836 -6.37911 -21.6845 -0.793861 36.7144 -21.3657 3.50209 8.51563 3.24624 0 0 0 0.144681 2.17377 0 0 0 0 0 0 2.384 303 47 0 0 0
./complex_md-fit_420.pdb BC A 5.92129 41.3313 -5.93194 -8.12248 -7.46253 -24.3598 -0.771067 41.3533 -24.4819 4.01219 8.17322 5.11406 0 0 0 0.57654 2.51506 0 0 0 0 0 0.0366064 2.384 303 50 0 0 0
./complex_md-fit_421.pdb BC A 11.177 25.5202 -9.10607 -9.302 -7.52051 -25.061 -0.722844 43.6325 -24.8686 3.80161 6.81738 3.68461 0 0 0 0.356678 3.05947 0.0247046 0 0 0 0 0.0512816 2.384 303 52 0 0 0
./complex_md-fit_422.pdb BC A 9.26653 28.2063 -5.53561 -9.26042 -7.26423 -25.0048 -0.773848 42.6088 -25.2621 6.74921 7.84438 4.41656 0 0 0 0.367517 3.58921 0 0 0 0 0 0.0433033 2.384 303 52 3 3 0
./complex_md-fit_423.pdb BC A 9.24734 30.9555 -7.03334 -9.68552 -5.31896 -24.2812 -0.808182 42.0649 -24.1935 4.17624 6.76409 3.99874 0 0 0 0.233401 2.61501 0.0166795 0 0 0 0 0 2.384 303 51 1 1 0
./complex_md-fit_424.pdb BC A 8.65073 31.0195 -3.21753 -7.58411 -6.50621 -24.071 -0.869864 40.9334 -23.5718 7.41639 6.71058 4.07319 0 0 0 0.205723 2.43761 5.55112e-17 0 0 0 0 0.0460954 2.384 303 49 3 3 0
./complex_md-fit_425.pdb BC A 7.9134 32.1375 -4.18558 -6.86409 -7.56594 -24.6868 -0.848688 42.9382 -24.5386 7.19369 7.37205 2.48665 0 0 0 0.245856 2.55747 0.0392276 0 0 0 0 0.0429074 2.384 303 52 1 1 0
./complex_md-fit_426.pdb BC A 10.4814 27.9167 -6.73074 -7.96985 -10.9559 -24.247 -0.83316 43.1206 -23.1274 4.34419 9.0083 3.76283 0 0 0 0.138942 2.61109 0 0 0 0 0 0.0276964 2.384 303 52 1 1 0
./complex_md-fit_427.pdb BC A 6.97282 32.7375 -10.9721 -7.19558 -10.042 -24.128 -0.906673 41.9246 -23.9447 2.04639 6.92917 4.01424 0 0 0 0.302163 3.52448 -0.0124663 0 0 0 0 0.0407044 2.384 303 50 0 0 0
./complex_md-fit_428.pdb BC A 8.53454 23.6938 -6.97978 -8.32492 -9.61414 -23.7509 -0.855985 40.6268 -23.4661 5.32206 8.09785 4.84527 0 0 0 0.0687692 2.94074 0.0466151 0 0 0 0 0.0250142 2.384 303 50 0 0 0
./complex_md-fit_429.pdb BC A 6.44724 31.1664 -9.14554 -9.15951 -9.12623 -24.6431 -0.738757 41.8113 -24.5106 3.65498 8.16245 5.25198 0 0 0 0.131963 2.61582 5.55112e-17 0 0 0 0 0.0200263 2.384 303 52 1 1 0
./complex_md-fit_42.pdb BC A 7.88355 29.7565 -4.08662 -5.94758 -6.90349 -21.3704 -0.796935 35.7574 -21.1875 3.83957 8.64881 3.62657 0 0 0 0.233357 2.16547 0 0 0 0 0 0.01358 2.384 303 48 0 0 0
./complex_md-fit_430.pdb BC A 12.0455 35.4118 -7.79974 -6.66389 -11.2497 -25.0117 -0.823405 44.5528 -24.5462 4.19507 7.67228 3.45935 0 0 0 0.58422 3.93098 0.0155949 0 0 0 0 0.0158119 2.384 303 53 0 0 0
./complex_md-fit_431.pdb BC A 7.93064 30.9122 -3.22234 -6.46942 -4.89556 -23.69 -0.576276 41.9136 -23.4989 4.16869 5.86123 3.57412 0 0 0 0.347235 3.66209 5.55112e-17 0 0 0 0 0.0429553 2.384 303 50 0 0 0
./complex_md-fit_432.pdb BC A 7.90528 29.3691 -0.3407 -7.05992 -5.41427 -22.8559 -0.638599 38.8671 -22.4682 7.71298 7.82218 3.12407 0 0 0 0.474973 2.6818 0.0497278 0 0 0 0 0.0451983 2.384 303 50 1 1 0
./complex_md-fit_433.pdb BC A 6.50188 28.5764 -7.60571 -7.62483 -8.00571 -24.0414 -0.74038 40.8613 -24.0318 4.48534 7.11291 4.09515 0 0 0 0.239296 2.60556 0 0 0 0 0 0.0443737 2.384 303 52 0 0 0
./complex_md-fit_434.pdb BC A 8.37447 31.0445 -5.91836 -7.58194 -6.17846 -24.0959 -0.812524 40.412 -24.5889 4.4631 7.4252 4.82362 0 0 0 0.165173 2.76907 0 0 0 0 0 0.0502159 2.384 303 49 1 1 0
./complex_md-fit_435.pdb BC A 8.43546 28.3309 -7.33464 -7.80079 -7.63281 -22.4169 -0.702115 38.765 -21.9066 2.76681 6.96649 4.38386 0 0 0 0.197234 2.91513 0 0 0 0 0 0.0451804 2.384 303 48 0 0 0
./complex_md-fit_436.pdb BC A 9.09955 28.2353 -5.39306 -6.87825 -7.11707 -24.0273 -0.703201 40.4746 -23.9492 4.19271 7.21376 5.19193 0 0 0 0.185482 2.72775 0 0 0 0 0 0.0235639 2.384 303 52 1 1 0
./complex_md-fit_437.pdb BC A 7.75823 32.2033 -7.21426 -7.1394 -8.69846 -24.3093 -0.806033 41.3247 -24.2749 3.59467 8.23442 4.55969 0 0 0 0.271893 2.41778 2.77556e-17 0 0 0 0 0.0284306 2.384 303 47 1 1 0
./complex_md-fit_438.pdb BC A 9.15128 28.5044 -9.91639 -9.99461 -8.44105 -24.5362 -0.856393 42.7071 -24.3069 3.22524 8.15433 3.65447 0 0 0 0.453333 2.48879 0 0 0 0 0 0.0242486 2.384 303 49 0 0 0
./complex_md-fit_439.pdb BC A 9.95395 33.3596 -5.45177 -7.41982 -7.58792 -23.7896 -0.670602 41.6943 -23.1356 2.64532 7.85348 4.56008 0 0 0 0.344929 2.62528 5.55112e-17 0 0 0 0 0.053627 2.384 303 48 0 0 0
./complex_md-fit_43.pdb BC A 8.57914 32.1661 -7.45175 -7.22463 -7.90541 -21.5957 -0.870719 36.3546 -20.5716 3.60731 7.20227 3.39938 0 0 0 0.152715 2.28442 0 0 0 0 0 0 2.384 303 48 0 0 0
./complex_md-fit_440.pdb BC A 10.0594 32.2688 -9.24824 -12.3463 -10.9626 -25.2851 -0.886302 45.9707 -24.4078 3.77733 9.72281 4.94351 0 0 0 0.196811 2.9446 0 0 0 0 0 0.02872 2.384 303 51 0 0 0
./complex_md-fit_441.pdb BC A 10.4008 24.5319 -11.3849 -9.44051 -10.2956 -26.0558 -0.797699 45.4053 -25.7786 3.15313 8.23325 3.87641 0 0 0 0.285525 2.76115 -1.11022e-16 0 0 0 0 0.0295437 2.384 303 52 0 0 0
./complex_md-fit_442.pdb BC A 7.11658 27.9116 -9.66223 -9.09053 -9.26167 -26.1312 -0.74261 46.1146 -25.8143 3.12504 7.27182 4.63625 0 0 0 0.19175 3.91938 0 0 0 0 0 0.0385501 2.384 303 49 0 0 0
./complex_md-fit_443.pdb BC A 8.12326 32.5393 -9.56414 -8.89912 -8.55493 -25.5399 -0.921897 43.8569 -24.9476 4.14367 6.80321 4.29593 0 0 0 0.199608 2.7413 0 0 0 0 0 0 2.384 303 47 1 1 0
./complex_md-fit_444.pdb BC A 8.08669 24.1977 -10.0628 -9.81509 -7.88582 -25.5067 -0.749865 42.8392 -24.9444 4.76734 7.35185 3.6527 0 0 0 0.180431 3.06691 0 0 0 0 0 0.0475024 2.384 303 50 0 0 0
./complex_md-fit_445.pdb BC A 8.78438 26.5947 -9.9609 -9.6334 -8.82728 -24.5249 -0.808815 41.9488 -24.1909 4.11669 6.86504 4.90808 0 0 0 0.162624 2.47701 0 0 0 0 0 0.0232392 2.384 303 49 0 0 0
./complex_md-fit_446.pdb BC A 8.11533 30.0873 -10.1233 -9.38382 -10.2002 -25.9594 -0.983271 44.6326 -25.2688 4.57011 7.74187 4.43787 0 0 0 0.241425 2.67738 0 0 0 0 0 0.0481963 2.384 303 49 0 0 0
./complex_md-fit_447.pdb BC A 8.94992 30.0988 -7.31603 -8.15461 -10.4335 -25.5221 -0.812497 45.0253 -24.8517 4.15017 8.81905 4.20707 0 0 0 0.256829 2.72745 5.55112e-17 0 0 0 0 0 2.384 303 48 0 0 0
./complex_md-fit_448.pdb BC A 5.79842 31.2913 -7.21443 -8.93897 -10.3587 -26.2239 -0.978873 45.6875 -25.6128 6.36875 7.01341 5.52525 0 0 0 0.303422 2.8424 0 0 0 0 0 0.000406085 2.384 303 50 0 0 0
./complex_md-fit_449.pdb BC A 9.63288 27.9958 -13.0849 -11.003 -12.0905 -25.7337 -0.937345 44.8405 -24.9755 4.27373 8.54799 3.72966 0 0 0 0.232063 3.35942 0 0 0 0 0 0.0312159 2.384 303 51 1 1 0
./complex_md-fit_44.pdb BC A 6.09925 35.3564 -4.90356 -5.39414 -7.75087 -21.2386 -0.821432 35.8386 -20.5939 3.93791 8.2072 2.75731 0 0 0 0.154436 2.48968 0 0 0 0 0 0 2.384 303 45 0 0 0
./complex_md-fit_450.pdb BC A 7.62787 36.0321 -9.61653 -9.96948 -11.9061 -26.5573 -1.08841 45.7467 -25.561 5.17579 10.7506 3.46144 0 0 0 0.282428 3.32978 -2.77556e-17 0 0 0 0 0.048747 2.384 303 52 0 0 0
./complex_md-fit_451.pdb BC A 7.46139 36.2638 -10.5513 -9.42112 -9.337 -25.4907 -0.620046 44.1973 -24.8147 2.35747 7.78022 4.31929 0 0 0 0.429322 3.07548 0 0 0 0 0 0.0486448 2.384 303 50 0 0 0
./complex_md-fit_452.pdb BC A 9.08271 28.0351 -5.50675 -9.41169 -8.41396 -25.9457 -0.94695 45.0757 -25.2305 8.19362 7.88047 2.94393 0 0 0 0.313802 2.68625 0 0 0 0 0 0.0345375 2.384 303 52 2 2 0
./complex_md-fit_453.pdb BC A 7.66129 27.6738 -9.05995 -10.1466 -9.13797 -24.6222 -1.00986 42.1259 -23.7481 5.93648 7.51747 3.80978 0 0 0 0.198398 2.90998 -5.55112e-17 0 0 0 0 0.016781 2.384 303 53 1 1 0
./complex_md-fit_454.pdb BC A 10.837 37.9411 -5.53156 -9.98942 -7.90927 -26.1585 -0.78201 44.9394 -25.5378 8.47699 8.53786 2.71663 0 0 0 0.174535 2.89604 0 0 0 0 0 0 2.384 303 50 1 1 0
./complex_md-fit_455.pdb BC A 6.9605 33.2546 -13.4331 -10.6119 -9.989 -25.3645 -0.938286 42.537 -25.362 3.33052 8.59594 4.1767 0 0 0 0.143359 2.97078 0 0 0 0 0 0.0491213 2.384 303 51 0 0 0
./complex_md-fit_456.pdb BC A 9.90819 28.3488 -13.3005 -10.0921 -10.0069 -26.202 -0.76808 44.1879 -25.9276 2.94473 8.76693 3.63762 0 0 0 0.108944 3.39944 0 0 0 0 0 0.0501688 2.384 303 50 0 0 0
./complex_md-fit_457.pdb BC A 10.1031 32.3014 -11.4519 -10.0428 -8.97528 -24.6705 -0.73484 40.6646 -24.4366 4.6293 7.47131 4.42762 0 0 0 0.164905 2.67903 0 0 0 0 0 0.0503984 2.384 303 47 1 1 0
./complex_md-fit_458.pdb BC A 7.45161 35.4506 -6.35966 -6.38654 -10.2328 -25.7273 -0.922149 45.3344 -24.7316 6.28956 7.60955 1.80712 0 0 0 0.569534 3.43719 0 0 0 0 0 0.0305535 2.384 303 48 2 2 0
./complex_md-fit_459.pdb BC A 10.7601 34.1264 -8.27185 -8.82451 -12.4628 -26.3013 -1.44609 47.1945 -25.0147 5.93142 9.0049 3.26282 0 0 0 0.380431 2.91476 -0.0115671 0 0 0 0 0.015112 2.384 303 49 0 0 0
./complex_md-fit_45.pdb BC A 9.10406 43.8144 -9.13009 -7.31602 -9.72967 -21.8937 -0.866932 35.7015 -22.0831 5.59366 8.70866 2.61431 0 0 0 0.150655 2.04248 -0.00944217 0 0 0 0 0 2.384 303 43 1 1 0
./complex_md-fit_460.pdb BC A 10.1994 24.7099 -11.1857 -7.89534 -12.1587 -24.1465 -1.16329 42.0504 -23.5575 3.59469 7.602 3.74425 0 0 0 0.695485 2.64771 -1.38778e-17 0 0 0 0 0.0488497 2.384 303 52 0 0 0
./complex_md-fit_461.pdb BC A 8.57334 29.81 -13.4788 -8.11209 -10.4289 -24.0347 -1.11571 41.4402 -23.1755 1.68415 6.5991 3.52004 0 0 0 0.122608 2.43492 0 0 0 0 0 0.0219259 2.384 303 51 0 0 0
./complex_md-fit_462.pdb BC A 7.94541 32.5919 -10.977 -8.14413 -8.5974 -23.8644 -0.650578 40.0843 -23.4048 3.55688 7.36714 2.57694 0 0 0 0.0740367 2.48279 -6.93889e-18 0 0 0 0 0.0249588 2.384 303 49 0 0 0
./complex_md-fit_463.pdb BC A 6.55902 28.0881 -14.0401 -8.87324 -9.95942 -23.087 -0.693801 38.1079 -22.3135 1.80841 7.37032 3.47036 0 0 0 0.0849727 2.20663 0 0 0 0 0 0.044991 2.384 303 47 0 0 0
./complex_md-fit_464.pdb BC A 8.35642 26.783 -10.3775 -9.44527 -11.1622 -24.1279 -0.74473 41.1587 -23.3626 4.97762 7.56456 4.19459 0 0 0 0.533514 2.8126 -5.55112e-17 0 0 0 0 0.0362524 2.384 303 50 1 1 0
./complex_md-fit_465.pdb BC A 7.89062 24.1192 -9.49895 -7.96936 -10.0195 -24.18 -0.684372 41.8851 -23.6389 4.31843 6.40301 4.20549 0 0 0 0.165387 2.65561 0 0 0 0 0 0.015785 2.384 303 49 0 0 0
./complex_md-fit_466.pdb BC A 8.30495 31.6891 -8.73187 -8.56263 -9.05336 -25.6348 -0.835096 44.9848 -24.8568 3.91689 6.35342 4.50308 0 0 0 0.403537 2.97964 2.77556e-17 0 0 0 0 0.0491488 2.384 303 51 0 0 0
./complex_md-fit_467.pdb BC A 5.90043 35.5533 -10.4428 -10.5875 -9.30148 -24.812 -0.945854 42.2727 -23.9161 6.33691 6.88746 3.27628 0 0 0 0.300538 2.75465 0 0 0 0 0 0.0461425 2.384 303 52 1 1 0
./complex_md-fit_468.pdb BC A 9.85256 30.6569 -1.63795 -10.6599 -6.4379 -26.0081 -0.783358 46.7934 -25.4727 8.13747 7.71781 4.66169 0 0 0 0.367733 2.86274 -5.55112e-17 0 0 0 0 0.0459432 2.384 303 52 1 1 0
./complex_md-fit_469.pdb BC A 8.79448 26.7572 -7.16464 -9.54042 -10.2649 -25.7989 -0.917266 46.4784 -24.9323 5.64788 8.38453 3.64228 0 0 0 0.1159 3.16213 0 0 0 0 0 0.0200528 2.384 303 52 1 1 0
./complex_md-fit_46.pdb BC A 6.69205 30.7596 -7.08487 -5.95937 -4.2702 -20.7592 -1.05234 35.3912 -19.9934 1.61396 5.39872 2.45791 0 0 0 0.0879012 2.05131 0 0 0 0 0 0 2.384 303 47 0 0 0
./complex_md-fit_470.pdb BC A 6.77414 26.9184 -11.1763 -9.22304 -12.1548 -25.6903 -0.706943 46.2453 -24.6074 2.50421 8.23321 3.81927 0 0 0 0.364158 3.23746 0 0 0 0 0 0.0401492 2.384 303 51 0 0 0
./complex_md-fit_471.pdb BC A 7.40618 29.0822 -7.54844 -10.4283 -11.6537 -25.9404 -1.1479 46.6049 -24.8664 7.21842 8.44287 3.91862 0 0 0 0.25433 3.25231 2.77556e-17 0 0 0 0 0.0492693 2.384 303 53 1 1 0
./complex_md-fit_472.pdb BC A 7.59341 37.951 -10.5368 -7.98781 -9.25643 -24.6452 -0.984038 42.0681 -23.919 3.65145 6.25802 3.79615 0 0 0 0.442311 2.677 0 0 0 0 0 0.0396457 2.384 303 51 0 0 0
./complex_md-fit_473.pdb BC A 6.39535 28.8363 -4.8906 -7.7314 -9.43504 -23.9501 -0.951409 43.2842 -22.8401 3.57931 8.05069 4.52096 0 0 0 0.545503 3.01873 -0.0104351 0 0 0 0 0.0471866 2.384 303 52 0 0 0
./complex_md-fit_474.pdb BC A 7.92958 27.6399 -4.05567 -7.1521 -9.82217 -25.6105 -1.04648 45.3764 -24.6243 6.0164 9.23665 3.41275 0 0 0 0.157686 2.76581 0 0 0 0 0 0 2.384 303 53 1 1 0
./complex_md-fit_475.pdb BC A 7.18093 25.5771 -5.78326 -8.5487 -8.30691 -24.8458 -0.961283 44.462 -24.2505 5.31626 7.17637 4.00315 0 0 0 0.153375 3.13486 -0.0122753 0 0 0 0 0.031084 2.384 303 50 1 1 0
./complex_md-fit_476.pdb BC A 6.9296 20.694 -2.07768 -7.16203 -9.50656 -26.2017 -0.869446 47.9842 -25.3922 7.10188 7.52646 3.93643 0 0 0 0.490163 3.42192 -0.0120016 0 0 0 0 0.0271488 2.384 303 53 2 2 0
./complex_md-fit_477.pdb BC A 8.26546 30.544 -1.07029 -5.50579 -8.13493 -26.7468 -0.612724 49.3366 -25.9376 6.54511 6.62013 3.2458 0 0 0 0.132438 3.23354 -0.0125319 0 0 0 0 0 2.384 303 53 0 0 0
./complex_md-fit_478.pdb BC A 7.21685 32.2874 -4.26795 -8.9837 -5.86197 -25.0736 -0.648762 43.707 -24.4385 5.04719 6.40306 5.32505 0 0 0 0.226697 2.88322 -5.55112e-17 0 0 0 0 0.0296255 2.384 303 55 1 1 0
./complex_md-fit_479.pdb BC A 7.504 31.1074 -8.34333 -8.29424 -7.72686 -24.2834 -0.689514 42.2385 -23.7576 2.22465 7.15544 4.60987 0 0 0 0.138798 2.7622 0 0 0 0 0 0.0409563 2.384 303 53 0 0 0
./complex_md-fit_47.pdb BC A 7.19446 39.2557 -4.99334 -5.1124 -3.82971 -19.9122 -0.839687 32.4998 -20.3791 2.43965 7.22426 2.74927 0 0 0 0.166787 1.77138 -1.11022e-16 0 0 0 0 0 2.384 303 44 0 0 0
./complex_md-fit_480.pdb BC A 7.33347 35.4944 -13.8269 -8.82081 -11.0571 -21.8557 -0.8907 37.8324 -20.9171 2.21323 6.69664 2.49226 0 0 0 0.44532 3.51187 0 0 0 0 0 0.034655 2.384 303 54 0 0 0
./complex_md-fit_481.pdb BC A 7.95578 26.1319 -9.57766 -8.46814 -10.6285 -24.6634 -0.780699 42.2813 -24.0008 3.34248 7.77548 5.30247 0 0 0 0.246082 2.82755 0 0 0 0 0 0.0162189 2.384 303 51 0 0 0
./complex_md-fit_482.pdb BC A 6.68646 32.2437 -6.75894 -7.02019 -8.61368 -24.9699 -0.870294 43.6442 -24.4179 5.11231 6.57034 3.56581 0 0 0 0.205445 4.14127 0 0 0 0 0 0.0348523 2.384 303 52 1 1 0
./complex_md-fit_483.pdb BC A 6.85558 30.7738 -10.465 -9.89768 -10.0088 -24.1266 -0.907788 43.2127 -23.231 1.69769 7.24706 5.1294 0 0 0 0.383071 2.82454 0 0 0 0 0 0.0370135 2.384 303 54 0 0 0
./complex_md-fit_484.pdb BC A 8.33494 22.8948 -6.55648 -6.09842 -8.74475 -25.2391 -0.876749 45.2903 -24.598 2.04248 6.9802 4.65059 0 0 0 0.0369485 3.74652 0 0 0 0 0 0 2.384 303 55 0 0 0
./complex_md-fit_485.pdb BC A 7.60466 32.7324 -8.60124 -9.15886 -9.85086 -23.9447 -0.787672 42.335 -22.8643 3.34027 7.80537 4.3605 0 0 0 0.138435 2.59054 0 0 0 0 0 0.0256021 2.384 303 52 0 0 0
./complex_md-fit_486.pdb BC A 8.08402 27.1024 -3.15336 -6.85658 -10.0379 -26.2515 -0.972188 49.2076 -25.1333 4.48901 8.12438 4.17422 0 0 0 0.102868 2.87669 0 0 0 0 0 0 2.384 303 53 1 1 0
./complex_md-fit_487.pdb BC A 8.04776 32.1554 -5.33076 -7.99366 -8.48856 -24.9251 -0.935963 44.5926 -24.4951 4.91145 6.94652 4.9334 0 0 0 0.0797986 2.82398 -1.38778e-17 0 0 0 0 0.0438988 2.384 303 56 1 1 0
./complex_md-fit_488.pdb BC A 8.9935 25.9484 -3.4121 -7.83258 -6.74264 -24.5502 -0.976128 42.9728 -23.7958 4.66578 8.62177 4.06397 0 0 0 0.140101 2.81859 0 0 0 0 0 0.0208314 2.384 303 51 0 0 0
./complex_md-fit_489.pdb BC A 8.2185 32.7253 -8.8954 -8.84283 -10.1884 -24.9629 -1.01212 43.5363 -24.7406 5.15972 7.89036 4.14435 0 0 0 0.0830224 3.0027 0 0 0 0 0 0.0377112 2.384 303 47 1 1 0
./complex_md-fit_48.pdb BC A 9.70995 35.6657 1.65993 -4.16195 -3.46515 -21.34 -1.04015 36.785 -21.3128 5.08243 7.1145 3.8086 0 0 0 0.184666 2.1163 -5.55112e-17 0 0 0 0 0.00475609 2.384 303 42 0 0 0
./complex_md-fit_490.pdb BC A 10.6454 30.9098 -2.32793 -9.37438 -9.18932 -24.5977 -1.12074 44.2294 -23.6926 7.82877 8.30856 5.21479 0 0 0 0.0531103 2.94556 0 0 0 0 0 0.0121577 2.384 303 50 1 1 0
./complex_md-fit_491.pdb BC A 6.92013 32.2077 -5.93568 -7.20347 -8.76933 -24.2778 -0.676027 40.825 -23.9312 6.38593 7.01829 4.50353 0 0 0 0.138958 2.73221 0 0 0 0 0 0.050416 2.384 303 49 2 2 0
./complex_md-fit_492.pdb BC A 6.67803 31.4972 -3.23804 -6.3538 -7.71726 -25.0656 -0.859269 44.1661 -24.2679 6.50352 6.77792 3.3133 0 0 0 0.23608 2.83219 0 0 0 0 0 0.0288759 2.384 303 49 1 1 0
./complex_md-fit_493.pdb BC A 7.42098 27.6881 -10.3816 -8.73966 -11.2244 -24.713 -0.921753 42.9743 -24.1447 4.34872 7.07891 4.51034 0 0 0 0.401107 3.94265 5.55112e-17 0 0 0 0 0.0484788 2.384 303 50 1 1 0
./complex_md-fit_494.pdb BC A 8.66864 29.0779 -6.0091 -8.51394 -7.85435 -24.0138 -1.12326 41.2694 -23.4288 6.65701 6.27809 4.08513 0 0 0 0.616573 2.73794 0 0 0 0 0 0.0189194 2.384 303 50 1 1 0
./complex_md-fit_495.pdb BC A 7.24679 31.2085 -10.79 -10.2351 -10.4045 -26.1282 -0.933374 45.2834 -25.5437 2.48588 9.74429 4.73549 0 0 0 0.175327 4.04874 0 0 0 0 0 0.0304727 2.384 303 51 0 0 0
./complex_md-fit_496.pdb BC A 9.61472 34.0815 -7.10498 -10.0944 -8.27027 -24.8807 -0.86992 43.4525 -23.9314 5.28606 7.62052 4.17103 0 0 0 0.411529 2.7728 0 0 0 0 0 0 2.384 303 52 1 1 0
./complex_md-fit_497.pdb BC A 9.42839 30.0615 -6.57846 -8.3057 -10.4035 -23.5674 -0.977541 42.0725 -22.6822 5.39681 7.55235 4.21148 0 0 0 0.124772 2.79865 0 0 0 0 0 2.22045e-16 2.384 303 49 1 1 0
./complex_md-fit_498.pdb BC A 8.95078 29.3408 -8.12319 -8.68345 -10.3034 -24.3979 -0.914818 43.1399 -23.7185 4.12289 8.22836 4.20467 0 0 0 0.16105 2.79508 2.77556e-17 0 0 0 0 0.0379154 2.384 303 47 1 1 0
./complex_md-fit_499.pdb BC A 11.7432 28.7841 -3.61427 -7.62345 -9.84145 -25.0509 -0.799128 45.568 -24.1608 4.80938 8.59643 4.62499 0 0 0 0.217797 2.76544 -2.77556e-17 0 0 0 0 0.0449135 2.384 303 51 0 0 0
./complex_md-fit_49.pdb BC A 10.3694 30.2885 -7.10175 -7.77028 -7.74771 -22.3416 -1.0116 37.4389 -22.3555 4.01605 7.64814 4.52037 0 0 0 0.501483 3.08724 5.55112e-17 0 0 0 0 0 2.384 303 45 1 1 0
./complex_md-fit_4.pdb BC A 7.80006 34.5896 -7.76329 -10.1169 -9.24564 -26.0571 -0.945538 45.7478 -25.4526 3.88205 10.426 3.62349 0 0 0 0.3669 3.30288 -0.0266367 0 0 0 0 0.0348547 2.384 303 51 1 1 0
./complex_md-fit_500.pdb BC A 10.6735 37.9168 -4.33885 -8.3898 -6.08953 -23.9771 -0.882165 43.4334 -23.1304 3.78472 6.4707 4.17457 0 0 0 0.255781 2.6928 0 0 0 0 0 0.0109008 2.384 303 51 0 0 0
./complex_md-fit_501.pdb BC A 8.58576 36.7981 -8.19936 -6.93247 -11.166 -25.1246 -1.01387 44.5548 -23.9842 2.30388 8.34841 4.48862 0 0 0 0.276255 3.41375 0 0 0 0 0 0.049917 2.384 303 50 0 0 0
./complex_md-fit_502.pdb BC A 7.27437 27.5533 -4.8829 -6.57088 -9.01059 -22.9364 -0.818049 40.6936 -22.0832 3.74438 7.60034 4.17279 0 0 0 0.308256 2.48325 0 0 0 0 0 0.0167907 2.384 303 50 1 1 0
./complex_md-fit_503.pdb BC A 10.4731 23.5284 -4.66436 -8.6712 -9.43664 -24.174 -0.935888 43.4928 -22.6884 4.7728 8.14284 4.31794 0 0 0 0.477653 2.6415 -5.55112e-17 0 0 0 0 0.0378528 2.384 303 51 2 2 0
./complex_md-fit_504.pdb BC A 6.90155 32.81 -10.4627 -8.31285 -9.80683 -24.6694 -0.874006 44.5362 -23.5915 1.79605 7.40171 2.84717 0 0 0 0.13279 2.60748 0.0412716 0 0 0 0 0.0366812 2.384 303 48 0 0 0
./complex_md-fit_505.pdb BC A 9.25293 33.0464 -5.23642 -8.26048 -9.41148 -24.04 -1.07268 42.866 -23.34 3.26694 9.22187 5.04066 0 0 0 0.454336 2.98579 0 0 0 0 0 0.0383507 2.384 303 53 0 0 0
./complex_md-fit_506.pdb BC A 7.15829 28.2254 -4.95233 -6.62949 -7.94288 -23.1789 -0.801481 40.8345 -22.9762 3.30497 7.97051 4.283 0 0 0 0.141522 3.24887 -5.55112e-17 0 0 0 0 0.0421911 2.384 303 50 0 0 0
./complex_md-fit_507.pdb BC A 7.69693 25.7697 -11.0037 -9.58052 -10.9053 -24.4396 -1.00077 42.0685 -23.8949 3.75927 8.45041 4.30798 0 0 0 0.178421 2.95315 0.0426972 0 0 0 0 0.0101567 2.384 303 52 0 0 0
./complex_md-fit_508.pdb BC A 11.5052 42.0646 -7.30159 -7.62208 -11.1005 -26.0156 -0.844321 46.5461 -25.1857 4.08192 7.6827 4.50755 0 0 0 0.6285 3.60125 5.55112e-17 0 0 0 0 0.0198782 2.384 303 55 0 0 0
./complex_md-fit_509.pdb BC A 8.66103 41.2127 -8.79272 -6.58886 -12.651 -25.491 -0.973587 45.1443 -24.9553 3.08915 10.0041 3.38165 0 0 0 0.234875 2.88426 0 0 0 0 0 0.0129745 2.384 303 52 0 0 0
./complex_md-fit_50.pdb BC A 9.74784 29.6623 0.173062 -6.36547 -5.75758 -23.079 -0.992638 40.2027 -22.6768 6.65852 7.80806 3.76872 0 0 0 0.56698 2.44408 0.0322669 0 0 0 0 0.0072593 2.384 303 47 0 0 0
./complex_md-fit_510.pdb BC A 7.69329 36.7431 -6.13991 -6.40846 -11.7246 -22.6485 -0.996764 39.5439 -22.1807 3.96324 9.2853 4.88272 0 0 0 0.0995514 2.85957 0 0 0 0 0 0.0445201 2.384 303 50 0 0 0
./complex_md-fit_511.pdb BC A 6.98625 33.3507 -10.7267 -8.49025 -8.57326 -23.9183 -1.095 41.3648 -23.1842 2.27038 7.11077 3.43554 0 0 0 0.267583 2.97259 0.0391243 0 0 0 0 0.0461213 2.384 303 50 0 0 0
./complex_md-fit_512.pdb BC A 7.97431 34.3868 -5.54408 -10.1952 -9.86499 -23.2258 -0.870366 41.0202 -22.2327 7.09802 8.67806 3.74624 0 0 0 0.251036 2.67356 0 0 0 0 0 0.051488 2.384 303 49 2 2 0
./complex_md-fit_513.pdb BC A 7.51446 33.0735 -10.8918 -10.2576 -11.3877 -25.227 -1.0875 44.5618 -24.4473 3.50115 9.33416 3.75623 0 0 0 0.298951 3.33841 0 0 0 0 0 0.0630258 2.384 303 53 1 1 0
./complex_md-fit_514.pdb BC A 7.8272 29.6832 -1.54678 -7.84582 -5.63594 -24.0277 -0.828149 43.6086 -23.4917 5.17961 7.73778 3.50048 0 0 0 0.206695 4.04364 1.11022e-16 0 0 0 0 0.0493767 2.384 303 50 0 0 0
./complex_md-fit_515.pdb BC A 8.99356 32.2879 -2.56839 -8.03141 -6.95537 -25.3911 -0.945113 44.249 -25.3037 6.36877 8.40723 4.61015 0 0 0 0.423124 2.71701 1.11022e-16 0 0 0 0 0 2.384 303 49 1 1 0
./complex_md-fit_516.pdb BC A 8.11574 29.5762 -8.29108 -8.99157 -9.00762 -23.0543 -0.952324 39.5102 -22.9232 5.50734 7.32549 4.09674 0 0 0 0.179745 2.34064 0 0 0 0 0 0.0183985 2.384 303 49 0 0 0
./complex_md-fit_517.pdb BC A 9.31738 41.4292 -1.80944 -7.88602 -6.88086 -22.0267 -0.818805 41.2653 -21.1564 4.54321 8.30834 2.72927 0 0 0 0.0643139 3.83177 0 0 0 0 0 0.0488946 2.384 303 48 1 1 0
./complex_md-fit_518.pdb BC A 8.16124 28.0868 -6.33175 -8.83123 -6.85585 -22.7064 -0.8584 41.8057 -22.1877 2.38885 6.72307 3.72531 0 0 0 0.411477 2.92398 0 0 0 0 0 0.0533795 2.384 303 54 0 0 0
./complex_md-fit_519.pdb BC A 11.0107 24.3429 -7.42583 -7.98519 -5.69721 -21.916 -0.730006 38.3454 -21.5801 1.8064 7.0936 3.0453 0 0 0 0.142709 2.53554 0 0 0 0 0 0.0492685 2.384 303 50 0 0 0
./complex_md-fit_51.pdb BC A 5.59142 29.4937 -3.46064 -6.077 -7.37084 -21.9778 -1.14714 37.5077 -21.5701 4.10461 8.97979 3.78581 0 0 0 0.304402 2.3432 0 0 0 0 0 0 2.384 303 42 1 1 0
./complex_md-fit_520.pdb BC A 7.91256 32.8796 -2.32996 -8.96682 -6.21384 -22.4317 -0.851543 40.6031 -21.669 4.70998 6.95829 4.75245 0 0 0 0.739482 2.36361 0 0 0 0 0 0.0395737 2.384 303 48 0 0 0
./complex_md-fit_521.pdb BC A 7.17362 24.974 -2.58778 -7.81972 -6.7823 -22.9473 -0.877632 40.6374 -22.5563 5.0885 8.07602 4.42208 0 0 0 0.13518 3.52747 0 0 0 0 0 0.0363546 2.384 303 52 1 1 0
./complex_md-fit_522.pdb BC A 6.77141 41.8308 -5.89933 -8.42116 -5.87922 -23.4757 -0.806294 40.8634 -23.5206 2.57529 7.86043 4.40789 0 0 0 0.445352 2.82495 2.77556e-17 0 0 0 0 0.0512712 2.384 303 52 0 0 0
./complex_md-fit_523.pdb BC A 10.6363 36.5388 -5.94166 -8.34753 -8.31559 -22.5443 -0.786144 39.4502 -21.8774 4.63275 7.60724 3.54369 0 0 0 0.639149 2.78596 0 0 0 0 0 0.0562785 2.384 303 50 1 1 0
./complex_md-fit_524.pdb BC A 8.95095 34.5296 -10.6775 -8.08642 -8.02384 -23.3344 -0.765319 40.2625 -23.3409 2.5922 6.64954 2.8314 0 0 0 0.494647 2.74702 0 0 0 0 0 0.0431643 2.384 303 50 0 0 0
./complex_md-fit_525.pdb BC A 8.88825 28.9727 -7.38388 -8.08 -8.7401 -23.3429 -1.01599 40.8503 -22.9431 4.67236 7.00229 3.92043 0 0 0 0.287421 2.96287 -5.55112e-17 0 0 0 0 0.0053794 2.384 303 50 0 0 0
./complex_md-fit_526.pdb BC A 6.58547 37.3152 -5.75717 -5.31486 -8.02082 -22.7891 -0.896529 39.0993 -22.4641 4.46242 6.70801 3.25035 0 0 0 0.208189 3.42089 0 0 0 0 0 0 2.384 303 50 0 0 0
./complex_md-fit_527.pdb BC A 8.48103 39.778 -6.37709 -6.07863 -5.91323 -22.7593 -0.898709 39.3183 -22.2886 2.99895 5.10527 3.5363 0 0 0 0.602613 2.33525 3.46945e-18 0 0 0 0 0 2.384 303 47 0 0 0
./complex_md-fit_528.pdb BC A 6.66895 30.3659 -6.05281 -5.54999 -7.43338 -21.965 -0.925303 37.238 -21.7655 3.05913 6.79833 4.22185 0 0 0 0.269092 2.32885 -2.77556e-17 0 0 0 0 0 2.384 303 49 1 1 0
./complex_md-fit_529.pdb BC A 7.80288 38.4905 -2.46982 -4.46339 -6.23352 -22.2678 -0.804188 39.4323 -21.8735 4.82517 5.79101 2.93759 0 0 0 0.18652 2.18611 0 0 0 0 0 0 2.384 303 49 0 0 0
./complex_md-fit_52.pdb BC A 8.09541 35.9712 -5.30214 -6.20652 -9.14548 -21.9077 -1.0301 38.386 -21.1972 3.81016 8.72615 3.10075 0 0 0 0.14961 2.14136 0 0 0 0 0 0.0121444 2.384 303 48 0 0 0
./complex_md-fit_530.pdb BC A 7.75378 33.1004 -8.10717 -5.28018 -8.08162 -21.3463 -0.805622 35.7577 -21.1095 2.86056 6.23414 3.0027 0 0 0 0.655659 2.12331 1.11022e-16 0 0 0 0 0.00524949 2.384 303 50 0 0 0
./complex_md-fit_531.pdb BC A 6.92421 29.8439 -5.51618 -7.99869 -9.06416 -23.9348 -1.17023 40.7976 -23.3019 8.00824 8.04165 2.97349 0 0 0 0.126875 2.66118 -5.55112e-17 0 0 0 0 0.00565545 2.384 303 52 2 2 0
./complex_md-fit_532.pdb BC A 10.5711 39.7325 -5.05621 -5.69251 -8.79887 -23.3886 -1.03389 40.8746 -23.2772 3.86795 8.76042 3.1619 0 0 0 0.450156 2.14945 0 0 0 0 0 0.0197966 2.384 303 48 0 0 0
./complex_md-fit_533.pdb BC A 7.34272 28.6358 -5.61914 -6.41682 -8.21404 -22.7882 -1.02839 38.6168 -22.5368 5.973 7.57176 3.08493 0 0 0 0.118578 3.37149 5.55112e-17 0 0 0 0 0 2.384 303 46 1 1 0
./complex_md-fit_534.pdb BC A 6.45026 37.7278 -4.69425 -6.47645 -9.3913 -22.9624 -0.974263 40.7211 -22.0194 4.25315 9.10517 2.73164 0 0 0 0.318532 2.40954 0 0 0 0 0 0 2.384 303 48 1 1 0
./complex_md-fit_535.pdb BC A 5.82658 38.3577 -4.7656 -5.61958 -7.13225 -22.6675 -0.926535 39.2439 -22.7546 4.57874 7.40672 2.97684 0 0 0 0.128757 2.50982 0 0 0 0 0 0 2.384 303 48 0 0 0
./complex_md-fit_536.pdb BC A 7.76695 35.2708 -2.2987 -6.64518 -6.70322 -24.2936 -0.910276 43.8759 -23.6513 5.34043 6.54204 3.95619 0 0 0 0.165544 2.54351 0 0 0 0 0 0.0248136 2.384 303 53 1 1 0
./complex_md-fit_537.pdb BC A 9.69908 40.0624 -5.61208 -5.49868 -7.20087 -22.7729 -0.981147 39.4146 -22.8504 4.03728 7.19942 2.88895 0 0 0 0.131924 3.67849 -2.77556e-17 0 0 0 0 0.0197736 2.384 303 47 0 0 0
./complex_md-fit_538.pdb BC A 6.91676 33.0562 -2.43746 -4.76773 -8.12621 -22.7201 -0.896951 39.7128 -22.1029 6.1157 6.54136 3.5387 0 0 0 0.267908 2.89495 -2.08167e-17 0 0 0 0 0 2.384 303 48 0 0 0
./complex_md-fit_539.pdb BC A 7.30938 30.6505 -6.26238 -6.72119 -7.96025 -21.7237 -0.79747 37.2319 -21.2758 4.406 7.1137 3.13936 0 0 0 0.325076 2.35392 0 0 0 0 0 0 2.384 303 46 0 0 0
./complex_md-fit_53.pdb BC A 8.47118 37.5394 -8.68348 -6.64748 -5.88175 -23.3656 -1.02816 39.5386 -23.7277 2.68744 6.34758 3.13849 0 0 0 0.250489 2.62212 0 0 0 0 0 0.00457978 2.384 303 46 0 0 0
./complex_md-fit_540.pdb BC A 8.65799 35.2947 -4.89566 -6.04386 -9.08473 -22.8354 -0.803289 39.6882 -22.4903 5.08532 8.05068 3.15186 0 0 0 0.379703 2.30036 2.77556e-17 0 0 0 0 0.00619054 2.384 303 46 1 1 0
./complex_md-fit_541.pdb BC A 8.82463 32.2645 -9.69638 -5.6176 -9.12469 -22.1312 -0.875748 37.1111 -22.0294 1.93645 8.21809 2.65955 0 0 0 0.157116 3.22289 0 0 0 0 0 0 2.384 303 46 0 0 0
./complex_md-fit_542.pdb BC A 8.22041 35.3238 -7.29865 -6.93018 -7.27504 -22.9295 -1.04018 39.28 -22.7968 5.27432 6.42935 2.32441 0 0 0 0.364884 2.68003 0 0 0 0 0 0 2.384 303 46 0 0 0
./complex_md-fit_543.pdb BC A 6.09836 34.365 -2.43463 -5.03319 -6.45868 -22.1623 -0.92017 38.7821 -21.4973 4.28841 7.26639 3.03339 0 0 0 0.266672 2.52014 1.38778e-17 0 0 0 0 0 2.384 303 45 0 0 0
./complex_md-fit_544.pdb BC A 6.84605 30.7676 -4.7361 -5.99415 -10.9228 -23.3114 -1.02098 40.7092 -23.0673 7.71248 7.51291 3.49802 0 0 0 0.14796 3.26124 0 0 0 0 0 2.22045e-16 2.384 303 48 1 1 0
./complex_md-fit_545.pdb BC A 6.92799 32.0629 -5.06716 -7.43477 -6.1037 -23.4677 -1.00456 39.6451 -23.7313 6.82992 6.47394 3.37568 0 0 0 0.344775 2.79195 0 0 0 0 0 0.00546363 2.384 303 47 2 2 0
./complex_md-fit_546.pdb BC A 7.44763 38.2583 -6.11439 -5.92171 -8.68326 -24.3777 -1.05546 42.9397 -23.9753 4.10445 7.2883 3.38147 0 0 0 0.178555 2.90182 0 0 0 0 0 0.00656006 2.384 303 50 0 0 0
./complex_md-fit_547.pdb BC A 9.15093 29.4289 -5.89762 -7.97819 -8.71491 -22.1988 -0.979798 38.7638 -21.714 5.85049 7.51871 3.49011 0 0 0 0.0648928 2.60173 1.38778e-17 0 0 0 0 0 2.384 303 47 2 2 0
./complex_md-fit_548.pdb BC A 5.98643 34.9723 -3.30688 -6.12188 -6.19905 -23.0034 -1.01845 40.137 -22.6446 4.67955 6.67756 3.50739 0 0 0 0.679 2.76776 5.55112e-17 0 0 0 0 0 2.384 303 49 1 1 0
./complex_md-fit_549.pdb BC A 7.37653 27.876 -7.84091 -8.0219 -8.54277 -22.7424 -0.97151 38.3733 -22.0175 6.14381 7.12822 2.5195 0 0 0 0.290348 3.73109 0 0 0 0 0 0 2.384 303 47 1 1 0
./complex_md-fit_54.pdb BC A 5.6656 36.0546 -7.51944 -7.06311 -6.99291 -23.6144 -0.990366 41.0862 -22.9885 1.36007 8.23626 3.06872 0 0 0 0.378708 2.67405 -1.11022e-16 0 0 0 0 0 2.384 303 49 0 0 0
./complex_md-fit_550.pdb BC A 7.87075 29.5277 -7.07308 -7.56926 -6.29426 -21.632 -0.93458 36.3729 -21.3459 3.51782 7.16044 3.06984 0 0 0 0.581945 2.45041 0 0 0 0 0 0 2.384 303 45 0 0 0
./complex_md-fit_551.pdb BC A 8.76583 28.0683 -4.60381 -6.30077 -7.14999 -23.6899 -1.06587 41.7893 -23.1278 4.14015 6.92663 2.96718 0 0 0 0.907223 2.61236 0 0 0 0 0 0 2.384 303 50 1 1 0
./complex_md-fit_552.pdb BC A 6.91244 29.18 -10.355 -7.46287 -8.28701 -23.5473 -0.874987 39.9928 -23.4742 2.64633 7.78313 2.64688 0 0 0 0.227033 2.30967 -0.0113776 0 0 0 0 0.00652908 2.384 303 48 0 0 0
./complex_md-fit_553.pdb BC A 8.20684 30.6058 -14.0124 -8.18998 -11.9707 -23.2328 -0.795535 38.9176 -23.5369 3.59249 8.29121 2.52735 0 0 0 0.384885 2.3058 -1.38778e-17 0 0 0 0 0 2.384 303 47 0 0 0
./complex_md-fit_554.pdb BC A 8.71159 32.2993 -4.37483 -4.37561 -8.17304 -23.6363 -0.594272 41.4397 -23.5992 5.93107 6.48586 1.77122 0 0 0 0.375763 2.95032 0 0 0 0 0 0 2.384 303 51 1 1 0
./complex_md-fit_555.pdb BC A 9.00564 28.9922 -1.61258 -7.43592 -8.60553 -25.2943 -0.992204 43.1179 -25.1814 10.0422 8.82347 3.67885 0 0 0 0.234383 2.6642 0 0 0 0 0 0 2.384 303 54 4 4 0
./complex_md-fit_556.pdb BC A 7.03237 37.3998 -10.9336 -9.02239 -10.0052 -24.2405 -0.928141 40.6837 -24.0611 2.68387 9.4559 4.28211 0 0 0 0.192589 2.82938 0 0 0 0 0 0.0255454 2.384 303 50 0 0 0
./complex_md-fit_557.pdb BC A 6.44108 31.4133 -5.67969 -7.96202 -10.1994 -25.8995 -0.871997 45.8082 -25.5285 6.56962 8.79464 3.11151 0 0 0 0.462025 2.71648 2.77556e-17 0 0 0 0 0.0357278 2.384 303 54 1 1 0
./complex_md-fit_558.pdb BC A 7.30999 35.9674 -13.4244 -9.98837 -9.16149 -24.7733 -0.680976 41.575 -24.6976 2.22822 7.71427 3.88259 0 0 0 0.441724 3.23321 -5.55112e-17 0 0 0 0 0.0354512 2.384 303 54 0 0 0
./complex_md-fit_559.pdb BC A 7.79482 35.7806 -8.31258 -8.97323 -10.5074 -25.8009 -0.831021 43.4453 -25.7492 6.22951 8.59225 4.95444 0 0 0 0.290331 3.08467 0.037224 0 0 0 0 2.22045e-16 2.384 303 53 1 1 0
./complex_md-fit_55.pdb BC A 8.91519 37.2114 -5.49323 -7.64726 -7.67938 -23.3786 -1.03729 42.1205 -22.7078 3.87635 8.33755 2.4864 0 0 0 0.136321 2.9328 0 0 0 0 0 0 2.384 303 49 0 0 0
./complex_md-fit_560.pdb BC A 11.9828 33.1645 -4.38422 -7.05761 -9.08915 -25.069 -0.868815 45.3815 -24.4831 5.76165 6.18607 4.65258 0 0 0 0.201687 3.04968 0 0 0 0 0 0 2.384 303 54 1 1 0
./complex_md-fit_561.pdb BC A 9.43057 26.9052 -13.0912 -8.50329 -8.63557 -23.9572 -0.935794 39.8671 -23.7977 2.37815 6.20082 4.08264 0 0 0 0.162933 2.32098 -1.38778e-17 0 0 0 0 0.0466932 2.384 303 51 0 0 0
./complex_md-fit_562.pdb BC A 7.3646 32.5349 -11.5844 -8.69124 -13.4275 -24.134 -1.02702 42.7017 -23.2691 2.38744 9.5684 4.07039 0 0 0 0.206541 2.91835 0 0 0 0 0 0.0299419 2.384 303 51 0 0 0
./complex_md-fit_563.pdb BC A 9.15713 36.0232 -6.90427 -7.07406 -9.35157 -24.5531 -0.941745 43.648 -24.1929 4.28635 6.43976 4.48281 0 0 0 0.311289 3.24148 0 0 0 0 0 0.0409294 2.384 303 52 0 0 0
./complex_md-fit_564.pdb BC A 13.7121 31.2 -5.66962 -8.15956 -8.43435 -24.569 -1.03128 43.0776 -24.357 4.14432 8.16339 4.62037 0 0 0 0.832194 2.82969 0 0 0 0 0 0.0437932 2.384 303 51 0 0 0
./complex_md-fit_565.pdb BC A 6.79319 30.6154 -11.5322 -10.2147 -9.52586 -23.599 -0.767735 39.8232 -23.1496 3.28103 7.90635 4.08492 0 0 0 0.588192 2.56851 0 0 0 0 0 0.0409744 2.384 303 52 0 0 0
./complex_md-fit_566.pdb BC A 7.62021 34.9304 -9.56169 -7.91363 -11.1296 -25.3048 -0.761512 43.2378 -24.6481 3.10041 8.78193 4.64235 0 0 0 0.385195 3.28876 0 0 0 0 0 0.0482108 2.384 303 51 0 0 0
./complex_md-fit_567.pdb BC A 8.20218 29.6185 -6.92086 -7.92677 -9.07544 -24.7796 -0.684628 43.0402 -23.7709 3.77747 7.52672 4.81006 0 0 0 0.159992 2.77214 5.55112e-17 0 0 0 0 0.00198513 2.384 303 50 0 0 0
./complex_md-fit_568.pdb BC A 6.55033 32.5893 -4.55576 -9.06591 -10.2978 -26.8999 -0.869563 48.2787 -25.3351 4.81047 10.133 4.12373 0 0 0 0.524843 3.22939 0 0 0 0 0 0.0418766 2.384 303 50 0 0 0
./complex_md-fit_569.pdb BC A 8.4788 27.9451 -4.75928 -9.14897 -9.42047 -25.4491 -0.744683 44.8894 -24.2233 4.6482 9.54545 4.40443 0 0 0 0.700604 2.93242 0 0 0 0 0 0.0391592 2.384 303 50 1 1 0
./complex_md-fit_56.pdb BC A 8.36136 31.8376 2.58324 -3.68777 -5.52705 -23.1396 -1.03481 42.8598 -21.9006 4.03735 8.18272 2.63429 0 0 0 0.158798 2.81028 2.77556e-17 0 0 0 0 -2.22045e-16 2.384 303 49 0 0 0
./complex_md-fit_570.pdb BC A 8.35344 37.8137 -4.63654 -8.65369 -10.7542 -25.2964 -0.986205 44.8022 -24.7228 5.09808 9.77084 6.00394 0 0 0 0.0724183 3.23907 -0.00930386 0 0 0 0 0.0385283 2.384 303 48 0 0 0
./complex_md-fit_571.pdb BC A 8.88876 29.8697 -5.30755 -6.35845 -7.6982 -24.4898 -0.468969 42.241 -24.1595 3.89833 6.30345 4.94181 0 0 0 0.465151 2.77237 0 0 0 0 0 0.0175957 2.384 303 48 0 0 0
./complex_md-fit_572.pdb BC A 9.48626 30.2622 -6.8524 -9.80656 -10.8128 -25.3095 -0.951535 45.8285 -24.2819 5.12397 8.05546 4.91485 0 0 0 0.336457 2.73331 0 0 0 0 0 0.050598 2.384 303 54 0 0 0
./complex_md-fit_573.pdb BC A 7.6316 26.131 -3.89862 -6.90073 -7.16027 -24.8267 -0.761901 44.9486 -23.8091 3.51676 6.92622 3.66451 0 0 0 0.480907 5.39703 0 0 0 0 0 0.0231045 2.384 303 51 0 0 0
./complex_md-fit_574.pdb BC A 8.41988 35.0666 -6.71816 -5.1719 -11.2229 -22.4356 -1.00139 40.7627 -21.4016 2.75595 8.24018 2.56023 0 0 0 0.196235 2.58712 0 0 0 0 0 0 2.384 303 46 0 0 0
./complex_md-fit_575.pdb BC A 7.4523 31.2619 -6.97784 -6.2919 -9.31751 -23.3898 -0.857406 41.235 -22.4231 3.0696 6.9313 3.77345 0 0 0 0.278619 2.3115 0.0139871 0 0 0 0 0 2.384 303 48 0 0 0
./complex_md-fit_576.pdb BC A 9.40657 29.306 -4.4472 -5.93523 -9.85082 -24.9341 -0.875364 44.4575 -23.933 5.17399 7.055 4.03787 0 0 0 0.356853 2.35623 0 0 0 0 0 0 2.384 303 52 0 0 0
./complex_md-fit_577.pdb BC A 8.295 26.7659 -4.90251 -6.34796 -9.40565 -22.9065 -0.866252 39.7942 -22.1018 5.62892 7.68908 3.30396 0 0 0 0.328749 2.44565 -0.0192195 0 0 0 0 0 2.384 303 50 0 0 0
./complex_md-fit_578.pdb BC A 8.92826 31.6537 -2.66197 -6.95505 -11.5773 -24.3349 -0.970415 43.1766 -23.394 6.29653 10.6169 4.03214 0 0 0 0.408246 2.4132 0.039209 0 0 0 0 0 2.384 303 49 1 1 0
./complex_md-fit_579.pdb BC A 7.51685 33.4001 -3.30109 -5.22363 -7.28461 -22.4489 -0.752196 39.3469 -21.8474 4.06928 7.79201 2.75297 0 0 0 0.29451 2.2595 3.46945e-18 0 0 0 0 0 2.384 303 47 0 0 0
./complex_md-fit_57.pdb BC A 7.86037 27.8994 -11.1817 -8.15663 -8.39513 -20.5327 -1.0365 35.0086 -19.6233 0.788531 8.56272 1.87292 0 0 0 0.310398 2.09297 0 0 0 0 0 0.0194091 2.384 303 47 0 0 0
./complex_md-fit_580.pdb BC A 8.07422 36.3312 -3.36369 -6.77504 -6.94282 -22.2348 -0.715098 37.9708 -21.6856 6.83838 6.66521 3.17321 0 0 0 0.34203 2.34019 0 0 0 0 0 0 2.384 303 46 1 1 0
./complex_md-fit_581.pdb BC A 6.92148 28.5334 -5.45117 -5.78172 -9.36258 -21.4536 -0.774099 37.8008 -21.3207 5.0591 7.6807 2.55137 0 0 0 0.149572 1.93111 -5.55112e-17 0 0 0 0 0 2.384 303 51 0 0 0
./complex_md-fit_582.pdb BC A 7.0299 32.4822 -8.31151 -6.29637 -9.05453 -23.2722 -1.03557 38.885 -23.3899 4.46905 7.55454 3.66132 0 0 0 0.167082 2.27652 0 0 0 0 0 0 2.384 303 51 1 1 0
./complex_md-fit_583.pdb BC A 6.50155 24.1917 -6.2674 -5.89602 -7.87003 -23.8372 -0.888541 39.8817 -23.6945 6.63168 6.42178 2.57204 0 0 0 0.411817 2.71478 0 0 0 0 0 0 2.384 303 50 2 2 0
./complex_md-fit_584.pdb BC A 8.74523 30.3705 -8.23094 -5.69355 -5.97633 -22.2853 -0.665897 37.9848 -22.6026 2.83219 5.78225 2.27797 0 0 0 0.1155 2.25547 0 0 0 0 0 0 2.384 303 48 0 0 0
./complex_md-fit_585.pdb BC A 7.11137 35.7119 -14.1348 -5.98788 -11.9964 -23.3572 -0.879717 38.374 -23.3521 1.60172 8.18821 3.01405 0 0 0 0.2606 2.0489 -5.55112e-17 0 0 0 0 0 2.384 303 49 0 0 0
./complex_md-fit_586.pdb BC A 9.75468 38.0496 -9.43741 -4.98755 -9.00505 -23.9816 -0.875554 40.4649 -24.0176 2.58944 6.81263 2.52108 0 0 0 1.04181 2.0567 0 0 0 0 0 0 2.384 303 50 0 0 0
./complex_md-fit_587.pdb BC A 9.28702 31.5944 -6.93135 -8.132 -11.1197 -23.9559 -1.00801 42.854 -23.0178 6.92993 8.1625 1.92785 0 0 0 0.451209 2.36755 -0.0234149 0 0 0 0 0 2.384 303 45 1 1 0
./complex_md-fit_588.pdb BC A 8.61942 34.5689 -4.01455 -6.0109 -11.0829 -24.9341 -1.07343 44.929 -23.8367 6.31611 8.14534 2.92967 0 0 0 0.6034 2.60992 0 0 0 0 0 0 2.384 303 52 2 2 0
./complex_md-fit_589.pdb BC A 7.6062 28.8797 -8.59197 -7.41615 -10.8429 -24.2923 -0.963756 42.4681 -23.5435 4.85189 7.85483 2.91914 0 0 0 0.372635 2.57073 1.11022e-16 0 0 0 0 0 2.384 303 46 1 1 0
./complex_md-fit_58.pdb BC A 10.0776 37.3677 -8.49954 -5.55061 -8.07629 -22.4224 -1.15979 36.8808 -22.469 1.11382 9.14568 3.91779 0 0 0 0.12047 2.56623 0 0 0 0 0 0 2.384 303 42 0 0 0
./complex_md-fit_590.pdb BC A 9.39329 37.1258 -5.43881 -7.55063 -10.0886 -25.3621 -1.01284 44.5431 -24.5267 5.4831 9.16168 3.53983 0 0 0 0.386243 2.60131 -0.0118404 0 0 0 0 0 2.384 303 50 0 0 0
./complex_md-fit_591.pdb BC A 5.27309 27.846 -3.23316 -5.91169 -7.78006 -23.3836 -0.890115 41.3193 -23.0036 4.84909 7.02237 3.95302 0 0 0 0.59213 2.21032 0 0 0 0 0 0 2.384 303 50 1 1 0
./complex_md-fit_592.pdb BC A 8.13073 29.1451 -3.68761 -6.0581 -8.3748 -23.3163 -0.973412 41.0805 -22.7979 5.40105 8.76596 2.39673 0 0 0 0.188673 3.20675 0 0 0 0 0 0 2.384 303 50 1 1 0
./complex_md-fit_593.pdb BC A 8.07616 33.3671 -7.48948 -6.70526 -9.74976 -22.6615 -0.890689 39.9073 -21.9918 3.59293 7.1287 3.52879 0 0 0 0.351853 2.66138 0 0 0 0 0 0 2.384 303 47 0 0 0
./complex_md-fit_594.pdb BC A 6.47951 26.5429 -9.55115 -5.567 -10.0981 -23.1228 -0.999861 40.3202 -22.2653 1.56485 7.57262 2.8607 0 0 0 0.196057 2.83687 -0.0125862 0 0 0 0 0 2.384 303 50 0 0 0
./complex_md-fit_595.pdb BC A 7.58758 29.9013 -5.17101 -6.65725 -8.1966 -23.156 -0.83231 40.3333 -22.4154 4.71378 7.70402 3.18416 0 0 0 0.151207 2.62018 -1.11022e-16 0 0 0 0 0 2.384 303 47 0 0 0
./complex_md-fit_596.pdb BC A 6.58504 26.2881 -13.073 -8.88402 -8.48634 -24.6077 -1.00131 41.2825 -23.5472 2.9388 6.0033 2.83971 0 0 0 0.389228 2.58621 0 0 0 0 0 0 2.384 303 47 0 0 0
./complex_md-fit_597.pdb BC A 8.51549 33.7971 -3.49969 -7.83832 -7.53563 -24.5797 -0.798509 42.4519 -24.1437 8.12061 6.76291 3.77993 0 0 0 0.280879 3.10438 0 0 0 0 0 0 2.384 303 48 1 1 0
./complex_md-fit_598.pdb BC A 8.9852 24.277 -3.9006 -5.95333 -6.01408 -23.9525 -0.70313 42.1823 -23.6153 5.30868 5.3897 3.18746 0 0 0 0.279175 2.79897 -0.00961998 0 0 0 0 0 2.384 303 46 0 0 0
./complex_md-fit_599.pdb BC A 6.81852 32.7507 -7.73123 -6.57375 -8.3293 -24.2499 -0.927055 42.0031 -23.366 2.97963 6.69948 3.85165 0 0 0 0.180989 3.17043 0 0 0 0 0 0 2.384 303 51 0 0 0
./complex_md-fit_59.pdb BC A 6.94658 25.8163 -4.08536 -6.9457 -5.68693 -23.0678 -0.939405 40.6024 -22.2802 2.95264 8.11465 3.03664 0 0 0 0.116109 2.37743 0 0 0 0 0 0.0122799 2.384 303 46 0 0 0
./complex_md-fit_5.pdb BC A 6.53589 34.2941 -5.91866 -8.4177 -8.93827 -26.6599 -0.867113 47.7049 -25.8415 4.14886 9.88401 2.66609 0 0 0 0.386737 3.69519 -0.0214798 0 0 0 0 0.0366755 2.384 303 52 0 0 0
./complex_md-fit_600.pdb BC A 7.12827 30.3849 3.08596 -3.72551 -6.62721 -23.6087 -0.915543 41.7529 -23.23 10.2476 5.97214 2.77766 0 0 0 0.442621 2.5311 0 0 0 0 0 0 2.384 303 50 2 2 0
./complex_md-fit_601.pdb BC A 9.09791 30.0254 -8.30744 -6.76926 -8.08112 -22.7919 -0.858473 38.1254 -22.4291 4.50037 6.39243 3.13032 0 0 0 0.473849 2.46555 0 0 0 0 0 0 2.384 303 45 0 0 0
./complex_md-fit_602.pdb BC A 8.4244 29.0507 -3.69501 -5.60153 -8.7773 -23.424 -0.937241 41.2487 -22.7133 7.66573 5.59575 3.0949 0 0 0 0.153292 3.3706 0 0 0 0 0 0 2.384 303 48 1 1 0
./complex_md-fit_603.pdb BC A 8.43241 34.3222 -9.52686 -6.95458 -11.7105 -23.9778 -1.05898 42.7891 -23.1567 3.96987 7.5829 2.80381 0 0 0 0.217924 2.92782 -0.0319863 0 0 0 0 0 2.384 303 50 0 0 0
./complex_md-fit_604.pdb BC A 7.66002 27.2016 -12.0499 -7.3084 -9.18856 -24.3506 -0.95299 41.0584 -24.0279 1.64623 7.41616 3.53508 0 0 0 0.122627 2.3706 0 0 0 0 0 0 2.384 303 47 0 0 0
./complex_md-fit_605.pdb BC A 6.73656 28.4611 -8.29029 -6.61108 -13.1406 -24.0834 -1.11421 41.308 -23.5346 6.72568 8.95249 2.98697 0 0 0 0.233548 2.40071 -0.0130282 0 0 0 0 0 2.384 303 53 1 1 0
./complex_md-fit_606.pdb BC A 8.97664 27.1169 -9.69268 -8.1969 -8.53794 -23.1663 -0.894791 40.0626 -22.3502 3.75295 6.5768 2.9921 0 0 0 0.105487 2.71516 -0.0364413 0 0 0 0 0 2.384 303 48 0 0 0
./complex_md-fit_607.pdb BC A 8.04173 33.5943 -3.19304 -3.89034 -8.11591 -24.5272 -1.10559 43.2655 -23.9281 5.37362 7.1577 2.45692 0 0 0 0.129508 2.85596 -0.00920512 0 0 0 0 0 2.384 303 46 0 0 0
./complex_md-fit_608.pdb BC A 10.1063 40.9779 -14.6431 -7.93123 -12.1528 -22.5839 -0.990052 37.407 -22.3784 3.77032 6.68407 3.00321 0 0 0 0.528719 2.24988 0 0 0 0 0 0 2.384 303 49 0 0 0
./complex_md-fit_609.pdb BC A 7.61219 34.4886 -0.559915 -6.08637 -6.33642 -23.5679 -0.858767 42.0358 -23.2459 6.21134 8.13675 2.96247 0 0 0 0.199628 2.55362 -0.0105581 0 0 0 0 0 2.384 303 52 1 1 0
./complex_md-fit_60.pdb BC A 9.05867 34.2471 -4.87463 -7.17453 -6.16907 -23.2372 -0.788736 41.2134 -22.4287 1.34166 8.56932 3.44056 0 0 0 0.356956 2.74062 -0.0140976 0 0 0 0 0.0157723 2.384 303 46 0 0 0
./complex_md-fit_610.pdb BC A 9.21684 36.2054 4.98309 -4.09199 -4.42265 -24.2396 -0.79521 43.8208 -23.7706 8.7235 6.89106 2.59695 0 0 0 0.28069 4.02713 -0.00995481 0 0 0 0 0 2.384 303 49 1 1 0
./complex_md-fit_611.pdb BC A 7.63717 41.5595 -0.650731 -6.79356 -8.08374 -23.4005 -0.770097 42.2671 -23.0969 7.84253 8.24748 2.95896 0 0 0 0.177956 2.49286 5.55112e-17 0 0 0 0 0 2.384 303 50 1 1 0
./complex_md-fit_612.pdb BC A 7.32438 26.1819 -12.1149 -7.71148 -9.54911 -22.8633 -0.987798 39.0113 -22.8739 2.56025 7.6241 2.49156 0 0 0 0.183511 2.10368 0 0 0 0 0 0 2.384 303 48 0 0 0
./complex_md-fit_613.pdb BC A 6.05966 31.1801 -3.35302 -5.75814 -7.61957 -22.8039 -1.0655 40.5335 -21.951 4.55061 7.93644 2.71064 0 0 0 0.113878 2.47188 0 0 0 0 0 0 2.384 303 49 1 1 0
./complex_md-fit_614.pdb BC A 10.3667 30.7054 -4.18176 -6.69045 -8.88172 -24.4389 -1.13868 43.5663 -23.6825 5.94554 7.95241 2.94815 0 0 0 0.248179 2.74532 -0.0101179 0 0 0 0 0 2.384 303 54 1 1 0
./complex_md-fit_615.pdb BC A 10.9219 38.5722 -12.6497 -9.14619 -12.4234 -23.5499 -1.07098 41.1673 -22.9223 2.82452 8.28293 3.63343 0 0 0 0.538441 2.80289 0.0165128 0 0 0 0 0 2.384 303 47 0 0 0
./complex_md-fit_616.pdb BC A 7.59901 35.2452 -10.764 -7.82905 -9.82534 -23.0911 -1.13974 38.6577 -22.3293 2.58173 8.50374 3.48014 0 0 0 0.227168 2.04841 0 0 0 0 0 0 2.384 303 46 0 0 0
./complex_md-fit_617.pdb BC A 7.1872 33.3059 -12.1597 -9.33386 -13.6762 -24.0834 -1.1407 42.4494 -23.005 3.64484 8.38732 4.26473 0 0 0 0.333129 2.39759 0 0 0 0 0 0 2.384 303 50 0 0 0
./complex_md-fit_618.pdb BC A 9.96262 39.3759 -9.79899 -8.98956 -11.6908 -25.2066 -1.01686 44.611 -24.5766 3.64208 8.71048 4.36386 0 0 0 0.331564 3.38319 -0.0248905 0 0 0 0 0.0473466 2.384 303 49 0 0 0
./complex_md-fit_619.pdb BC A 8.12961 24.8561 -2.05747 -5.13532 -10.5272 -25.3868 -1.16716 46.3588 -23.9887 7.33148 7.34779 2.89952 0 0 0 0.204422 2.52094 0 0 0 0 0 0.00563054 2.384 303 47 2 2 0
./complex_md-fit_61.pdb BC A 9.46737 35.7245 3.59379 -5.83806 -6.8319 -24.5203 -1.14844 44.8337 -23.5703 6.81303 9.38306 4.05499 0 0 0 0.413279 3.52789 0 0 0 0 0 0.00477264 2.384 303 49 1 1 0
./complex_md-fit_620.pdb BC A 9.40252 38.4015 -4.20996 -6.91734 -6.88985 -25.462 -0.906376 44.917 -25.0274 4.69994 7.8358 3.20583 0 0 0 0.334396 2.14546 1.11022e-16 0 0 0 0 0 2.384 303 53 0 0 0
./complex_md-fit_621.pdb BC A 8.16299 35.0245 -5.16231 -6.40651 -5.9195 -23.9319 -0.957148 42.4323 -23.0528 2.76412 7.34526 2.42486 0 0 0 0.139147 2.90441 0 0 0 0 0 0 2.384 303 49 0 0 0
./complex_md-fit_622.pdb BC A 7.21947 32.6941 -7.48964 -6.80095 -10.5869 -24.122 -0.917311 41.3751 -23.7713 6.11356 8.62181 2.48635 0 0 0 0.111916 2.34955 0 0 0 0 0 0 2.384 303 51 1 1 0
./complex_md-fit_623.pdb BC A 9.24208 34.7772 -2.56153 -4.09979 -6.25645 -25.3919 -0.904675 46.1747 -24.7687 3.14269 5.87731 3.2267 0 0 0 0.438482 2.7024 0 0 0 0 0 0 2.384 303 53 0 0 0
./complex_md-fit_624.pdb BC A 6.28828 28.5724 -6.39129 -7.32962 -8.33856 -25.0385 -1.08541 43.6637 -24.6671 4.96888 7.62586 3.56037 0 0 0 0.249086 2.47672 0 0 0 0 0 0 2.384 303 53 1 1 0
./complex_md-fit_625.pdb BC A 7.24818 32.0321 -8.18994 -6.26727 -8.01273 -23.403 -0.931889 40.8301 -23.0978 1.64927 7.14372 3.71161 0 0 0 0.202145 2.49172 -0.0141541 0 0 0 0 0 2.384 303 55 0 0 0
./complex_md-fit_626.pdb BC A 8.31388 31.522 -5.92749 -7.12143 -6.14251 -23.7558 -0.781782 40.5432 -23.8367 2.61643 7.6361 4.61599 0 0 0 0.294789 2.60748 0 0 0 0 0 0.00417449 2.384 303 58 0 0 0
./complex_md-fit_627.pdb BC A 9.41591 28.6323 -8.65929 -8.2864 -9.12463 -24.7663 -0.757996 43.3098 -24.2723 4.24498 7.39173 2.97323 0 0 0 0.590483 2.82657 -0.0092242 0 0 0 0 0.0472868 2.384 303 54 0 0 0
./complex_md-fit_628.pdb BC A 7.69196 27.6737 0.652856 -8.24514 -7.35385 -24.2427 -0.939027 44.5951 -23.5966 6.17059 8.79224 5.13947 0 0 0 0.332732 2.61735 5.55112e-17 0 0 0 0 0 2.384 303 51 2 2 0
./complex_md-fit_629.pdb BC A 6.06037 37.2322 -6.7769 -8.45242 -7.59122 -23.267 -0.720605 40.8891 -22.7585 2.94306 6.96766 4.88578 0 0 0 0.29823 2.70133 0 0 0 0 0 0.0290837 2.384 303 53 0 0 0
./complex_md-fit_62.pdb BC A 8.22652 28.5274 -3.80956 -8.00031 -5.75388 -23.4318 -0.964108 41.5158 -23.2579 4.43351 8.54075 3.05032 0 0 0 0.0581166 2.37376 0 0 0 0 0 0 2.384 303 50 0 0 0
./complex_md-fit_630.pdb BC A 12.2723 34.3776 -6.94237 -9.44054 -9.70007 -23.9254 -0.90723 42.1266 -23.5878 3.78616 8.5369 5.84178 0 0 0 0.281119 2.41441 0 0 0 0 0 0.0460981 2.384 303 52 0 0 0
./complex_md-fit_631.pdb BC A 10.9444 36.0453 -3.25375 -7.38781 -7.11261 -22.9417 -0.781485 42.0188 -22.2753 1.34443 8.07145 5.62759 0 0 0 0.180771 3.42646 0 0 0 0 0 0.00210742 2.384 303 53 0 0 0
./complex_md-fit_632.pdb BC A 8.15031 32.3645 -4.8997 -10.5775 -6.23242 -24.1774 -0.760836 43.2062 -23.5046 4.28628 7.8101 4.6531 0 0 0 0.351745 3.17937 0 0 0 0 0 0.0457444 2.384 303 55 1 1 0
./complex_md-fit_633.pdb BC A 8.32029 30.0577 -7.06646 -10.9711 -9.55413 -23.8259 -0.849611 42.381 -22.533 4.01267 10.3387 3.71616 0 0 0 0.160244 2.65592 0 0 0 0 0 0.0584886 2.384 303 53 1 1 0
./complex_md-fit_634.pdb BC A 7.73688 30.506 -6.46162 -8.76815 -5.9954 -24.9096 -0.829965 43.7009 -24.3049 3.04479 8.04952 3.39558 0 0 0 0.127916 2.91403 0 0 0 0 0 0.0277224 2.384 303 53 0 0 0
./complex_md-fit_635.pdb BC A 8.65747 30.185 -7.67171 -10.131 -6.30276 -21.6212 -0.501437 37.9616 -21.1465 1.23372 8.03943 4.6179 0 0 0 0.127851 3.18758 5.55112e-17 0 0 0 0 0.0506311 2.384 303 51 0 0 0
./complex_md-fit_636.pdb BC A 8.49571 31.6951 -3.73379 -8.39779 -7.40525 -25.0085 -0.883378 45.2888 -24.1358 3.23711 8.71626 4.47723 0 0 0 0.329709 3.37861 0 0 0 0 0 0.0477591 2.384 303 57 1 1 0
./complex_md-fit_637.pdb BC A 9.01516 36.2994 -8.26897 -10.8563 -8.62821 -23.09 -0.954091 41.6842 -21.4939 2.55248 8.16128 4.05604 0 0 0 0.235648 3.57054 0.0305453 0 0 0 0 0.0333924 2.384 303 51 1 1 0
./complex_md-fit_638.pdb BC A 8.56554 33.39 -5.61261 -9.44397 -6.1839 -23.9462 -0.831797 43.2803 -23.2806 3.54363 6.74872 4.08901 0 0 0 0.367693 3.22905 -0.00318914 0 0 0 0 0.0476796 2.384 303 53 0 0 0
./complex_md-fit_639.pdb BC A 10.8467 32.2104 -0.83391 -8.25803 -4.80491 -24.9089 -0.831429 44.1024 -24.1563 5.69311 7.40109 4.53152 0 0 0 0.357406 3.88937 0 0 0 0 0 0.0400588 2.384 303 56 1 1 0
./complex_md-fit_63.pdb BC A 8.87626 31.647 0.317109 -6.98963 -5.9666 -22.1484 -1.21591 38.7212 -21.6032 6.75582 8.84108 3.7548 0 0 0 0.162309 2.42899 0 0 0 0 0 0.00560262 2.384 303 46 1 1 0
./complex_md-fit_640.pdb BC A 7.38344 33.1902 -0.284649 -6.35356 -6.53399 -23.6585 -0.90791 43.8391 -22.4109 3.01594 8.48365 3.24804 0 0 0 0.971077 2.87808 0 0 0 0 0 0.0223966 2.384 303 50 0 0 0
./complex_md-fit_641.pdb BC A 8.96907 27.8165 1.28168 -7.16709 -5.56838 -24.3659 -0.910857 42.1341 -23.8306 7.00344 7.92956 5.70354 0 0 0 0.317346 2.63934 0 0 0 0 0 0.0364453 2.384 303 52 1 1 0
./complex_md-fit_642.pdb BC A 7.9956 31.8608 -1.97406 -7.92581 -7.46859 -23.8062 -0.550361 43.8803 -23.1414 4.39792 7.23776 4.88018 0 0 0 0.491959 2.85194 0 0 0 0 0 0.0301741 2.384 303 55 1 1 0
./complex_md-fit_643.pdb BC A 9.25677 29.4614 -1.51055 -7.43261 -5.98932 -24.0071 -0.725208 41.7979 -24.3178 6.06374 8.52461 4.09666 0 0 0 0.489474 2.85181 -0.0108915 0 0 0 0 0 2.384 303 54 0 0 0
./complex_md-fit_644.pdb BC A 9.88599 32.3185 -6.25844 -6.61328 -7.55319 -22.7589 -0.874627 41.3507 -22.6003 1.42922 6.09745 5.14073 0 0 0 0.125746 3.00579 -0.00995722 0 0 0 0 0.00796252 2.384 303 50 0 0 0
./complex_md-fit_645.pdb BC A 7.24747 29.8178 -2.4389 -6.79745 -7.96379 -21.2961 -0.854478 39.4029 -21.0305 4.89649 6.76166 4.30174 0 0 0 0.153089 2.83984 -0.0125325 0 0 0 0 0 2.384 303 53 0 0 0
./complex_md-fit_646.pdb BC A 8.82306 36.6574 -8.26053 -8.86119 -7.00865 -20.4568 -0.736136 35.5599 -19.9345 1.89616 7.01839 4.03799 0 0 0 0.211936 2.46201 0 0 0 0 0 0.0124157 2.384 303 46 0 0 0
./complex_md-fit_647.pdb BC A 10.368 35.5473 -1.04438 -7.6557 -7.76835 -23.5461 -0.827052 43.3542 -22.2992 6.04039 7.30928 4.21088 0 0 0 0.137238 3.18756 0 0 0 0 0 0 2.384 303 55 1 1 0
./complex_md-fit_648.pdb BC A 9.67122 39.7961 -2.53532 -7.43813 -8.0585 -23.998 -0.660253 44.3331 -23.3876 5.42591 6.50602 4.40596 0 0 0 0.321486 2.75073 0 0 0 0 0 0.0146297 2.384 303 55 1 1 0
./complex_md-fit_649.pdb BC A 6.96632 40.2165 -9.67606 -8.41208 -8.50244 -22.7128 -0.744235 39.6152 -22.2818 1.13565 8.35548 3.5479 0 0 0 0.300422 2.71306 0 0 0 0 0 0.0227362 2.384 303 51 0 0 0
./complex_md-fit_64.pdb BC A 6.12699 34.4908 -6.64567 -6.34527 -5.91607 -22.7682 -1.05021 39.4751 -21.9264 1.58861 6.9412 3.11597 0 0 0 0.239581 2.74971 1.11022e-16 0 0 0 0 0 2.384 303 48 0 0 0
./complex_md-fit_650.pdb BC A 7.43887 27.6566 -8.15939 -9.57782 -10.7096 -25.5906 -0.88009 45.7731 -25.0176 4.63638 8.88173 4.12461 0 0 0 0.169477 3.89516 5.55112e-17 0 0 0 0 0.0310537 2.384 303 49 1 1 0
./complex_md-fit_651.pdb BC A 7.75098 39.002 -7.62731 -10.0828 -7.82276 -22.9261 -0.780402 40.3806 -22.548 4.0686 7.00199 4.73952 0 0 0 0.299157 2.50408 0 0 0 0 0 0.0428691 2.384 303 50 1 1 0
./complex_md-fit_652.pdb BC A 8.62243 30.2298 -3.53114 -6.82232 -6.87538 -23.6178 -0.926711 41.9667 -22.7918 5.65159 5.71603 3.85503 0 0 0 0.265695 2.87132 0 0 0 0 0 0.0478629 2.384 303 53 1 1 0
./complex_md-fit_653.pdb BC A 8.93375 25.8494 -5.89471 -7.91872 -6.75323 -22.4134 -0.757269 39.6101 -22.2217 3.1487 6.44437 4.81327 0 0 0 0.115796 2.53375 -5.55112e-17 0 0 0 0 0.0374148 2.384 303 52 0 0 0
./complex_md-fit_654.pdb BC A 7.74431 38.0305 -3.34964 -7.12709 -7.51261 -23.323 -0.791313 42.2506 -23.1234 4.29669 7.36572 4.23034 0 0 0 0.33626 2.46398 0 0 0 0 0 0.0482573 2.384 303 56 0 0 0
./complex_md-fit_655.pdb BC A 7.85383 25.8892 -3.6551 -6.12912 -9.21474 -22.903 -0.923332 42.1016 -21.962 4.32074 6.96204 3.90405 0 0 0 0.188638 3.88595 0 0 0 0 0 0 2.384 303 51 0 0 0
./complex_md-fit_656.pdb BC A 8.5427 28.3721 -5.24902 -5.84974 -9.4486 -22.6576 -0.932606 41.6227 -21.6326 1.4593 8.11898 3.55841 0 0 0 0.512737 3.74257 0 0 0 0 0 0 2.384 303 55 0 0 0
./complex_md-fit_657.pdb BC A 8.61634 32.6551 -9.85789 -11.1414 -8.94904 -22.8617 -0.783515 40.3297 -22.0213 5.19305 6.41948 3.49035 0 0 0 0.437457 2.95091 -5.55112e-17 0 0 0 0 0.0289739 2.384 303 56 0 0 0
./complex_md-fit_658.pdb BC A 8.88978 36.2331 -7.62918 -8.54142 -7.63741 -23.99 -0.807442 42.5271 -23.9258 3.66438 6.82091 3.7727 0 0 0 0.455444 2.6408 0 0 0 0 0 0.0323533 2.384 303 56 0 0 0
./complex_md-fit_659.pdb BC A 5.89606 35.4695 -8.07432 -9.2605 -8.88515 -25.1758 -1.03577 44.3879 -24.9577 3.6812 7.8549 4.96307 0 0 0 0.332994 3.12551 0 0 0 0 0 0.0204795 2.384 303 57 0 0 0
./complex_md-fit_65.pdb BC A 5.686 30.4908 -6.92504 -6.49369 -7.92668 -23.0864 -0.825554 39.1546 -22.786 3.18985 8.49501 3.20823 0 0 0 0.0908744 2.71427 0.0470682 0 0 0 0 0.00759994 2.384 303 48 0 0 0
./complex_md-fit_660.pdb BC A 8.44195 29.6661 -11.1906 -10.027 -9.45592 -23.5633 -0.875392 41.7395 -22.8141 1.22513 7.6766 4.69255 0 0 0 0.18307 2.55082 0 0 0 0 0 0.0282289 2.384 303 49 0 0 0
./complex_md-fit_661.pdb BC A 7.06566 29.1076 -5.24931 -7.86112 -7.9738 -24.4652 -0.943834 43.7175 -24.4332 2.79866 8.62065 4.97234 0 0 0 0.266572 2.84653 0.0190649 0 0 0 0 0.0331258 2.384 303 51 0 0 0
./complex_md-fit_662.pdb BC A 9.09434 34.6401 -3.14047 -8.56116 -6.87699 -23.2474 -0.95207 41.2655 -22.7079 5.29193 6.96001 4.79018 0 0 0 0.857383 3.04738 0 0 0 0 0 0.0400592 2.384 303 54 1 1 0
./complex_md-fit_663.pdb BC A 6.31595 38.3457 -5.0975 -7.97272 -6.53268 -24.5978 -0.978928 43.422 -24.1714 4.12498 5.97909 5.41743 0 0 0 0.168012 2.7651 -1.11022e-16 0 0 0 0 0.0445883 2.384 303 56 0 0 0
./complex_md-fit_664.pdb BC A 7.6729 32.3845 -7.55094 -6.80264 -8.74967 -22.3092 -0.76866 38.0935 -22.3111 3.52405 6.95408 4.65577 0 0 0 0.162886 2.42384 -1.11022e-16 0 0 0 0 0 2.384 303 53 0 0 0
./complex_md-fit_665.pdb BC A 8.87484 35.1736 -8.38714 -9.29525 -8.41725 -24.8865 -0.928267 43.4394 -24.6025 5.17611 7.0959 3.94922 0 0 0 0.0403111 2.67869 5.55112e-17 0 0 0 0 0.0415868 2.384 303 52 1 1 0
./complex_md-fit_666.pdb BC A 8.54101 38.3744 -5.52429 -7.88302 -9.07697 -24.476 -0.884444 42.9629 -23.7084 6.06525 6.79756 4.49237 0 0 0 0.186522 2.56565 0 0 0 0 0 0 2.384 303 54 0 0 0
./complex_md-fit_667.pdb BC A 7.99498 35.6381 -2.58065 -6.38429 -9.80387 -24.9192 -0.946835 45.7706 -23.8414 6.72167 7.02232 3.48349 0 0 0 0.285192 4.1034 0 0 0 0 0 0.0318011 2.384 303 54 1 1 0
./complex_md-fit_668.pdb BC A 7.89699 32.431 -0.374462 -7.63818 -5.21816 -25.0815 -0.928067 45.5555 -23.8317 5.98222 6.89245 3.76527 0 0 0 0.0939431 3.89978 0 0 0 0 0 0.0338006 2.384 303 55 1 1 0
./complex_md-fit_669.pdb BC A 9.74756 32.8733 -2.25524 -8.63608 -8.5945 -25.383 -1.14857 47.1669 -23.8841 4.87932 8.3434 4.41235 0 0 0 0.540728 2.79069 0 0 0 0 0 0.0482535 2.384 303 55 1 1 0
./complex_md-fit_66.pdb BC A 7.5127 32.0833 -6.05882 -6.99621 -6.54151 -22.1065 -0.718694 36.5636 -21.6918 3.18344 8.037 4.10541 0 0 0 0.106354 3.04535 5.55112e-17 0 0 0 0 0 2.384 303 48 0 0 0
./complex_md-fit_670.pdb BC A 8.57715 28.1839 -6.82582 -7.56854 -8.95806 -24.3966 -0.924656 44.0758 -23.8899 3.37872 7.0583 4.27065 0 0 0 0.104808 3.38502 0 0 0 0 0 0.0237189 2.384 303 53 0 0 0
./complex_md-fit_671.pdb BC A 8.77026 35.1864 -3.80784 -6.33107 -8.73678 -22.9012 -0.82214 41.946 -21.7217 3.79385 7.37577 3.45239 0 0 0 0.100194 2.69509 5.55112e-17 0 0 0 0 0.0368635 2.384 303 52 0 0 0
./complex_md-fit_672.pdb BC A 8.50691 28.1624 -4.07422 -7.61871 -6.64711 -23.8692 -1.00908 42.4199 -22.6376 3.96915 6.84176 4.22293 0 0 0 0.253725 2.75921 0 0 0 0 0 0 2.384 303 53 0 0 0
./complex_md-fit_673.pdb BC A 5.94614 33.0927 -5.65358 -7.93534 -8.59364 -22.5549 -0.836807 39.7752 -21.5267 4.51904 7.23647 4.02063 0 0 0 0.242508 2.94557 0 0 0 0 0 0 2.384 303 53 1 1 0
./complex_md-fit_674.pdb BC A 6.14645 37.2824 -6.41433 -7.46016 -7.73279 -24.4388 -1.0416 42.4773 -23.6941 3.25597 7.85817 3.94173 0 0 0 0.370176 2.7537 0 0 0 0 0 0.0497508 2.384 303 51 1 1 0
./complex_md-fit_675.pdb BC A 6.11173 32.4567 -1.50043 -7.84828 -7.17097 -24.2318 -0.861316 44.0405 -22.7669 6.48179 7.33849 3.4638 0 0 0 0.0528063 2.49534 0 0 0 0 0 0.00134024 2.384 303 51 3 3 0
./complex_md-fit_676.pdb BC A 8.16244 33.0657 -9.59256 -6.70468 -12.4882 -22.076 -1.04388 39.3956 -21.4123 3.22264 7.43304 3.65053 0 0 0 0.404249 2.69747 6.93889e-18 0 0 0 0 0.0265167 2.384 303 50 0 0 0
./complex_md-fit_677.pdb BC A 6.19555 35.1636 -1.4916 -7.32402 -6.77779 -23.9754 -0.97409 43.1686 -22.6356 5.48439 7.43241 3.95563 0 0 0 0.114445 2.58588 0 0 0 0 0 0.039802 2.384 303 55 1 1 0
./complex_md-fit_678.pdb BC A 10.1544 33.8433 -6.16824 -8.38484 -8.09856 -24.7382 -1.11026 44.7234 -23.5126 3.28483 8.4384 3.01564 0 0 0 0.173685 3.11705 1.11022e-16 0 0 0 0 0.0403069 2.384 303 54 0 0 0
./complex_md-fit_679.pdb BC A 9.91137 29.655 -6.4235 -8.50287 -11.1703 -24.6298 -1.08867 45.0147 -23.2465 5.53959 7.4294 4.13324 0 0 0 0.0519293 2.76889 -1.38778e-17 0 0 0 0 0.0457129 2.384 303 53 0 0 0
./complex_md-fit_67.pdb BC A 6.88542 32.1129 -6.85847 -7.3647 -5.1162 -22.3773 -0.937075 38.3507 -22.3252 4.04396 6.64442 1.82682 0 0 0 0.38934 2.48761 -5.55112e-17 0 0 0 0 0.00674285 2.384 303 47 1 1 0
./complex_md-fit_680.pdb BC A 9.0968 28.3822 -6.23142 -8.10682 -9.53299 -24.6871 -1.02489 43.7736 -24.0705 5.68608 8.95332 2.5661 0 0 0 0.21165 2.92324 0 0 0 0 0 0 2.384 303 52 1 1 0
./complex_md-fit_681.pdb BC A 7.90492 30.4952 -1.97251 -6.58341 -8.87823 -23.4454 -0.939466 42.403 -22.4439 5.65075 7.74404 4.33958 0 0 0 0.167087 2.38203 0 0 0 0 0 0.013422 2.384 303 51 1 1 0
./complex_md-fit_682.pdb BC A 6.19302 31.4572 -7.95952 -8.21913 -11.0536 -24.9833 -1.02592 44.9447 -24.0017 3.25033 8.82714 3.93069 0 0 0 0.332915 2.69998 5.55112e-17 0 0 0 0 0.0382317 2.384 303 52 0 0 0
./complex_md-fit_683.pdb BC A 7.39578 33.9116 -2.15287 -9.05878 -7.75545 -24.4478 -0.975389 45.8472 -23.0675 5.77205 7.77933 3.2558 0 0 0 0.457359 3.02542 0 0 0 0 0 0.0403451 2.384 303 53 0 0 0
./complex_md-fit_684.pdb BC A 8.75907 30.4193 -7.2517 -9.18078 -8.26986 -23.3755 -0.893259 41.0078 -22.3027 2.87355 8.21127 4.54273 0 0 0 0.0985235 3.03182 0 0 0 0 0 0.0364934 2.384 303 50 0 0 0
./complex_md-fit_685.pdb BC A 8.09331 38.3351 -9.05255 -7.32371 -9.21011 -24.1593 -0.871191 42.3023 -23.6584 1.91653 6.92715 4.8282 0 0 0 0.145955 5.03656 0 0 0 0 0 0.0500225 2.384 303 56 0 0 0
./complex_md-fit_686.pdb BC A 9.60567 26.9633 -4.75819 -8.81222 -10.9099 -25.1422 -1.05087 46.2818 -23.8802 5.88494 8.27579 4.38008 0 0 0 0.165982 2.83182 0 0 0 0 0 0.0486387 2.384 303 56 1 1 0
./complex_md-fit_687.pdb BC A 8.78044 29.6916 -6.44474 -7.79452 -8.62477 -24.9114 -0.961081 44.1467 -24.6218 4.59825 6.61687 4.76538 0 0 0 0.301087 2.88172 0 0 0 0 0 0.0406202 2.384 303 51 1 1 0
./complex_md-fit_688.pdb BC A 6.63315 26.7553 -8.81297 -9.15872 -10.3958 -24.1241 -1.11655 42.3059 -23.6671 4.29993 8.13682 4.50246 0 0 0 0.369466 4.11078 -5.55112e-17 0 0 0 0 0.0346385 2.384 303 51 0 0 0
./complex_md-fit_689.pdb BC A 9.31981 29.2984 -1.75201 -6.2016 -7.91126 -25.2497 -1.24297 46.7377 -24.4313 5.74212 6.18558 4.0949 0 0 0 0.524502 2.92196 0 0 0 0 0 0 2.384 303 52 1 1 0
./complex_md-fit_68.pdb BC A 6.65492 32.7586 -9.95414 -6.43278 -8.93909 -20.9423 -0.996649 36.2769 -20.3885 1.77314 7.68131 1.60836 0 0 0 0.405438 2.48466 0 0 0 0 0 0 2.384 303 40 0 0 0
./complex_md-fit_690.pdb BC A 7.21501 26.755 -14.0395 -9.66332 -9.30334 -25.5159 -0.928626 43.8843 -24.8272 1.06022 6.78053 4.06481 0 0 0 0.40909 3.06302 0 0 0 0 0 2.22045e-16 2.384 303 51 0 0 0
./complex_md-fit_691.pdb BC A 7.10366 29.9778 -8.02924 -9.04 -8.08104 -25.4046 -0.873059 43.1752 -24.6607 4.83319 7.22141 4.66498 0 0 0 0.111433 3.19399 2.77556e-17 0 0 0 0 0.0238492 2.384 303 51 1 1 0
./complex_md-fit_692.pdb BC A 9.03195 25.6041 -4.06428 -6.65892 -7.42002 -24.2145 -0.781862 42.6006 -23.8386 5.25586 7.12007 3.62368 0 0 0 0.249421 3.27414 -5.55112e-17 0 0 0 0 0 2.384 303 51 0 0 0
./complex_md-fit_693.pdb BC A 12.6584 38.5086 -13.661 -10.1425 -11.0499 -23.5665 -1.04066 39.3862 -23.2869 1.85155 9.41067 4.34717 0 0 0 0.394828 2.93374 0 0 0 0 0 0.0350991 2.384 303 50 0 0 0
./complex_md-fit_694.pdb BC A 6.81343 33.2856 -8.25166 -7.32048 -9.28643 -24.0271 -1.01426 39.9089 -23.8484 6.21332 6.91389 4.07256 0 0 0 0.134881 2.77149 0 0 0 0 0 0.00146554 2.384 303 52 1 1 0
./complex_md-fit_695.pdb BC A 6.59595 36.6877 -9.54735 -9.61717 -11.2433 -24.7162 -1.00181 43.7627 -23.4488 2.08214 9.67888 4.88897 0 0 0 0.0672858 3.36051 0 0 0 0 0 0 2.384 303 52 0 0 0
./complex_md-fit_696.pdb BC A 8.41193 37.135 -9.31586 -8.71106 -9.7446 -24.2424 -0.951171 41.1294 -23.7487 4.33056 8.45206 4.00792 0 0 0 0.113007 2.78777 0 0 0 0 0 0.0491451 2.384 303 53 1 1 0
./complex_md-fit_697.pdb BC A 9.21221 35.289 -3.4351 -7.17829 -11.2199 -25.5358 -1.03346 45.8457 -24.9599 7.67056 9.18091 3.69365 0 0 0 0.0638853 3.03572 -2.77556e-17 0 0 0 0 0.0375727 2.384 303 54 1 1 0
./complex_md-fit_698.pdb BC A 7.98217 30.8922 -13.8958 -8.36283 -8.97282 -24.1805 -0.938794 41.5166 -23.5953 1.24348 6.3267 2.80702 0 0 0 0.251266 2.73089 1.11022e-16 0 0 0 0 0.00939048 2.384 303 53 0 0 0
./complex_md-fit_699.pdb BC A 8.88049 26.9416 -12.088 -9.59457 -10.8202 -24.5144 -0.8323 43.2638 -23.8552 2.20819 8.31193 3.53623 0 0 0 0.16943 4.00661 2.77556e-17 0 0 0 0 0.0390226 2.384 303 52 0 0 0
./complex_md-fit_69.pdb BC A 7.30313 40.0752 -7.04367 -6.53781 -8.29948 -21.2472 -0.983902 36.7442 -20.8702 3.15619 7.0745 3.69722 0 0 0 0.215727 2.85665 -5.55112e-17 0 0 0 0 0.00702262 2.384 303 45 0 0 0
./complex_md-fit_6.pdb BC A 8.64496 25.6963 -7.02353 -8.80701 -7.66167 -27.0135 -1.0794 48.1086 -26.6457 4.12609 8.70917 2.93501 0 0 0 0.29831 4.2955 -0.0199868 0 0 0 0 0.0265509 2.384 303 49 0 0 0
./complex_md-fit_700.pdb BC A 6.96577 32.7247 -7.10708 -9.01656 -8.38617 -23.919 -0.91698 41.8968 -23.5441 3.93171 7.99989 4.65297 0 0 0 0.159432 2.75268 0 0 0 0 0 0.0348607 2.384 303 51 0 0 0
./complex_md-fit_701.pdb BC A 9.56064 36.8824 -4.47621 -9.06637 -8.32446 -25.0474 -0.859961 44.8884 -24.3983 4.36032 8.5985 5.21203 0 0 0 0.133849 3.07618 -0.0136695 0 0 0 0 0.0409098 2.384 303 49 1 1 0
./complex_md-fit_702.pdb BC A 6.63015 29.357 -9.22873 -8.89984 -12.2519 -24.8316 -0.907796 44.2793 -23.7904 2.34897 9.78644 4.73093 0 0 0 0.276799 2.80498 0.0303218 0 0 0 0 0 2.384 303 51 0 0 0
./complex_md-fit_703.pdb BC A 9.76403 28.249 -13.2176 -10.6251 -10.6599 -25.0836 -0.970005 43.3606 -24.5631 3.28329 8.55506 3.14083 0 0 0 0.292951 2.90388 0 0 0 0 0 0.0512137 2.384 303 51 0 0 0
./complex_md-fit_704.pdb BC A 7.20126 29.4627 -1.83294 -6.29318 -8.10438 -23.7043 -0.901066 41.7357 -23.3135 5.63503 7.71998 4.95942 0 0 0 0.406998 3.48559 0 0 0 0 0 0.0263784 2.384 303 47 0 0 0
./complex_md-fit_705.pdb BC A 6.3033 34.2883 -7.98329 -4.5152 -8.52484 -23.0586 -1.01541 40.2022 -22.6896 2.64657 6.2922 2.55175 0 0 0 0.127625 2.94694 0 0 0 0 0 0 2.384 303 47 0 0 0
./complex_md-fit_706.pdb BC A 8.64371 33.7624 -7.70487 -6.72488 -9.21657 -24.4036 -0.793379 42.9313 -23.7921 2.30165 6.98315 4.69525 0 0 0 0.269265 2.35304 0 0 0 0 0 0.0449892 2.384 303 51 0 0 0
./complex_md-fit_707.pdb BC A 8.34134 30.7276 -12.1447 -8.76788 -10.3848 -24.4701 -1.03277 42.1447 -24.0737 2.19828 7.92782 4.16899 0 0 0 0.123111 3.14405 0 0 0 0 0 0.0216688 2.384 303 52 0 0 0
./complex_md-fit_708.pdb BC A 8.03796 32.1176 -8.07676 -8.06819 -8.9328 -25.0788 -1.17186 44.2441 -24.6054 3.52442 7.76832 3.95929 0 0 0 0.236043 3.19753 0 0 0 0 0 0.0480503 2.384 303 53 0 0 0
./complex_md-fit_709.pdb BC A 6.98448 31.6958 -9.71046 -8.40568 -7.34271 -22.5695 -0.651872 39.0282 -21.8902 2.77782 6.15509 2.82692 0 0 0 0.345418 2.75402 0 0 0 0 0 0.0161246 2.384 303 50 1 1 0
./complex_md-fit_70.pdb BC A 9.38512 33.1792 -6.91638 -6.6119 -6.23355 -22.4526 -0.743543 37.9661 -23.1386 4.90878 6.36627 2.86511 0 0 0 0.143546 2.65035 0 0 0 0 0 0.0139923 2.384 303 47 1 1 0
./complex_md-fit_710.pdb BC A 9.73189 37.4972 -7.79471 -7.15271 -8.59613 -24.0389 -0.890083 42.1667 -23.4971 2.97908 6.80515 4.18602 0 0 0 0.228136 4.22081 0 0 0 0 0 0.015117 2.384 303 49 0 0 0
./complex_md-fit_711.pdb BC A 7.92704 27.546 -6.75794 -8.06971 -8.13021 -24.5364 -0.940055 42.9941 -23.9328 4.13962 6.70031 4.51479 0 0 0 0.458758 2.57838 -1.11022e-16 0 0 0 0 0.0436217 2.384 303 49 0 0 0
./complex_md-fit_712.pdb BC A 7.52445 27.808 -4.75538 -5.25317 -7.45293 -23.2281 -0.822871 40.983 -22.9897 3.43812 6.47518 3.85384 0 0 0 0.200514 2.78683 -0.0100425 0 0 0 0 0.050783 2.384 303 49 0 0 0
./complex_md-fit_713.pdb BC A 6.60874 28.6305 -4.29684 -7.67643 -10.7817 -24.7458 -0.931262 44.6549 -23.6051 5.4282 8.75391 4.53383 0 0 0 0.0403017 3.51948 0 0 0 0 0 0.032316 2.384 303 52 1 1 0
./complex_md-fit_714.pdb BC A 7.97394 25.1124 -3.3569 -8.25938 -11.3275 -24.575 -0.952355 43.408 -23.9818 7.4608 9.08108 5.26499 0 0 0 0.518059 3.05463 -5.55112e-17 0 0 0 0 0.00621393 2.384 303 50 0 0 0
./complex_md-fit_715.pdb BC A 9.37766 29.1932 -5.09712 -7.56092 -6.26962 -24.189 -0.719976 42.4508 -23.6956 3.99921 5.513 4.91209 0 0 0 0.42878 2.41976 0 0 0 0 0 0.0341724 2.384 303 51 0 0 0
./complex_md-fit_716.pdb BC A 8.21188 30.9419 -6.67506 -7.38013 -8.62612 -22.981 -0.921748 40.8983 -22.2849 2.31657 8.03194 3.99193 0 0 0 0.247767 3.34478 0 0 0 0 0 0.0323275 2.384 303 45 0 0 0
./complex_md-fit_717.pdb BC A 9.23149 31.1357 -4.80248 -7.42724 -7.59363 -22.7884 -0.882739 40.511 -22.0463 3.54306 8.11892 3.5581 0 0 0 0.190143 2.71453 0 0 0 0 0 0.0145531 2.384 303 46 0 0 0
./complex_md-fit_718.pdb BC A 8.08286 36.5312 -5.04932 -7.23166 -6.78618 -23.4673 -1.04325 41.4643 -22.7245 3.69962 7.32465 3.44613 0 0 0 0.264907 2.4786 0 0 0 0 0 0.00403759 2.384 303 50 1 1 0
./complex_md-fit_719.pdb BC A 7.3597 36.1039 -2.76179 -7.12884 -8.57597 -25.6584 -1.11883 46.6319 -24.745 5.54327 7.29825 4.56526 0 0 0 0.354175 2.85343 0.0381297 0 0 0 0 0.034282 2.384 303 54 0 0 0
./complex_md-fit_71.pdb BC A 6.13112 27.4891 -6.56856 -7.0593 -5.14985 -23.0872 -1.07292 39.9594 -22.9579 4.22708 5.66979 2.81796 0 0 0 0.0646996 3.13609 0 0 0 0 0 0.0196958 2.384 303 48 0 0 0
./complex_md-fit_720.pdb BC A 8.03698 32.7305 -9.3681 -8.81278 -7.65656 -23.4622 -0.881817 41.7594 -22.8999 1.58605 7.24898 3.57803 0 0 0 0.12839 4.11329 0 0 0 0 0 0.0443528 2.384 303 50 0 0 0
./complex_md-fit_721.pdb BC A 7.01891 30.3991 -8.62306 -9.86049 -10.062 -23.5203 -0.933946 40.0557 -22.6567 5.72262 8.23348 4.09969 0 0 0 0.266242 2.40188 0 0 0 0 0 0.0326652 2.384 303 52 1 1 0
./complex_md-fit_722.pdb BC A 7.02626 31.9827 -12.336 -9.30496 -10.0463 -23.5304 -0.968761 38.7314 -23.3761 4.98876 6.72797 4.17191 0 0 0 0.218731 2.60542 0 0 0 0 0 0.051635 2.384 303 46 0 0 0
./complex_md-fit_723.pdb BC A 9.62288 28.7116 -10.0606 -7.89696 -9.47332 -23.4484 -0.851382 40.6668 -22.8349 2.30041 7.31901 3.84006 0 0 0 0.274198 2.89022 0 0 0 0 0 0.0438257 2.384 303 50 0 0 0
./complex_md-fit_724.pdb BC A 8.80651 34.1289 -5.26377 -9.35785 -8.29577 -22.1 -0.792475 38.6274 -21.2892 5.81896 7.45232 4.45137 0 0 0 0.138364 1.98296 0.0471741 0 0 0 0 0.0358325 2.384 303 45 1 1 0
./complex_md-fit_725.pdb BC A 7.51205 33.2507 -6.98788 -9.72719 -9.52562 -23.7716 -0.806404 40.9664 -23.519 7.03434 7.46405 4.71298 0 0 0 0.147297 2.602 0 0 0 0 0 0.0369046 2.384 303 50 2 2 0
./complex_md-fit_726.pdb BC A 6.40851 31.8184 -2.0527 -7.05851 -7.92881 -24.2409 -1.1548 43.9299 -23.1964 6.26043 6.8023 4.20045 0 0 0 0.305796 3.09601 2.77556e-17 0 0 0 0 0.0278261 2.384 303 50 0 0 0
./complex_md-fit_727.pdb BC A 10.0484 30.783 -6.55876 -6.83909 -11.2127 -24.0309 -1.03407 42.3157 -23.1514 5.1797 7.90298 3.52249 0 0 0 0.764709 3.126 0 0 0 0 0 0.0239131 2.384 303 50 1 1 0
./complex_md-fit_728.pdb BC A 7.69974 37.5366 -6.29554 -5.89252 -9.71483 -22.826 -0.866306 39.4618 -22.4753 4.21348 6.63147 4.47225 0 0 0 0.659639 2.56719 -2.77556e-17 0 0 0 0 0.0408438 2.384 303 52 0 0 0
./complex_md-fit_729.pdb BC A 8.17781 32.2881 -6.63397 -8.61819 -9.53564 -25.2311 -1.01362 45.4809 -24.0095 5.13274 6.76075 4.0393 0 0 0 0.312975 4.0151 5.55112e-17 0 0 0 0 0.0473733 2.384 303 57 0 0 0
./complex_md-fit_72.pdb BC A 6.58994 33.6289 -9.44191 -7.30705 -7.1155 -22.9335 -0.819355 38.3575 -23.3258 3.59737 5.35707 4.45054 0 0 0 0.293311 2.65371 0 0 0 0 0 0.00350144 2.384 303 46 0 0 0
./complex_md-fit_730.pdb BC A 8.61963 34.9813 -5.39789 -7.84716 -10.675 -24.9558 -0.7807 43.1002 -24.1602 6.36089 10.1909 2.68558 0 0 0 0.630405 2.53663 0.0460828 0 0 0 0 0.00690671 2.384 303 55 1 1 0
./complex_md-fit_731.pdb BC A 9.51902 30.6626 -9.35878 -8.49248 -12.2881 -24.2471 -0.918949 43.1215 -23.1892 3.57013 9.15622 3.46278 0 0 0 0.466423 2.5588 0 0 0 0 0 0 2.384 303 55 0 0 0
./complex_md-fit_732.pdb BC A 6.49727 30.1964 -7.7243 -9.91226 -13.0342 -24.9805 -1.02242 43.5454 -24.4569 8.31377 9.10908 4.58237 0 0 0 0.110512 2.91381 0 0 0 0 0 0.0208172 2.384 303 54 3 3 0
./complex_md-fit_733.pdb BC A 8.49582 36.9271 -7.98022 -9.64712 -12.8716 -25.2484 -1.05546 45.3064 -24.1083 4.69737 10.0119 4.44843 0 0 0 0.445418 3.31338 -5.55112e-17 0 0 0 0 0.0411392 2.384 303 53 0 0 0
./complex_md-fit_734.pdb BC A 9.95471 29.7838 -6.26814 -7.9735 -11.5655 -24.2262 -0.894339 43.1243 -23.4908 6.28567 9.04419 3.26119 0 0 0 0.158834 2.49309 0 0 0 0 0 0.00803386 2.384 303 53 2 2 0
./complex_md-fit_735.pdb BC A 8.94871 30.6675 -7.62509 -8.99256 -12.3818 -26.1649 -1.06942 46.8639 -24.9865 7.13094 8.0316 3.82677 0 0 0 0.116954 3.07979 0 0 0 0 0 0 2.384 303 54 1 1 0
./complex_md-fit_736.pdb BC A 6.64139 30.1878 -9.85804 -9.00342 -12.9359 -24.5954 -0.952154 42.0283 -23.9401 5.92239 9.29125 3.92561 0 0 0 0.337915 3.83255 0.0326181 0 0 0 0 0.0308677 2.384 303 53 1 1 0
./complex_md-fit_737.pdb BC A 9.19036 18.9347 -10.1046 -9.43465 -10.2382 -24.5373 -0.961573 43.0281 -23.8241 4.2076 7.62946 3.65682 0 0 0 0.323395 2.67185 -1.11022e-16 0 0 0 0 0.0457252 2.384 303 53 1 1 0
./complex_md-fit_738.pdb BC A 10.4541 40.1497 -7.81598 -6.83874 -11.2603 -26.1011 -0.931736 46.0448 -25.1533 4.10181 8.57176 2.85781 0 0 0 0.893004 2.8867 0 0 0 0 0 0 2.384 303 55 0 0 0
./complex_md-fit_739.pdb BC A 6.99934 26.1331 -1.10003 -5.99544 -10.5437 -25.8486 -0.830088 45.2276 -25.6053 9.60716 9.29477 3.17207 0 0 0 0.388958 3.36716 -0.00984608 0 0 0 0 0.0424185 2.384 303 56 0 0 0
./complex_md-fit_73.pdb BC A 7.54658 29.5019 -8.74788 -6.8693 -7.50645 -23.3549 -0.980855 39.8617 -23.7393 4.87498 6.00958 2.72179 0 0 0 0.216775 3.04895 0 0 0 0 0 0.0180752 2.384 303 45 0 0 0
./complex_md-fit_740.pdb BC A 7.95571 31.2137 -5.32323 -7.48861 -11.0154 -27.3355 -0.711878 48.543 -26.9568 6.66467 8.31724 4.39434 0 0 0 0.208917 3.82609 0.0299691 0 0 0 0 0.026816 2.384 303 52 1 1 0
./complex_md-fit_741.pdb BC A 7.11861 32.3573 -9.79307 -7.5311 -8.44429 -25.8336 -0.777837 43.1941 -25.4793 2.86045 6.91293 5.12975 0 0 0 0.145925 2.57488 5.55112e-17 0 0 0 0 0.0300046 2.384 303 52 0 0 0
./complex_md-fit_742.pdb BC A 6.98314 35.9616 -10.8333 -10.0478 -10.2507 -26.077 -0.864724 46.4399 -25.7956 4.19854 8.21371 2.92106 0 0 0 0.377629 3.2153 8.32667e-17 0 0 0 0 0.0515649 2.384 303 54 0 0 0
./complex_md-fit_743.pdb BC A 9.6372 29.3662 -6.93389 -9.02764 -8.5418 -25.4035 -0.80942 42.4194 -25.6767 6.83141 8.47351 4.48041 0 0 0 0.300443 2.93157 0 0 0 0 0 0.0199991 2.384 303 52 1 1 0
./complex_md-fit_744.pdb BC A 6.4564 30.9766 -8.32911 -10.0836 -8.64172 -25.1295 -0.907163 42.688 -24.7655 7.13008 7.04116 4.11965 0 0 0 0.175838 3.72729 6.93889e-18 0 0 0 0 0.0436318 2.384 303 53 1 1 0
./complex_md-fit_745.pdb BC A 8.00212 30.2618 -7.18743 -9.3755 -7.3888 -25.629 -0.792454 43.2002 -25.7123 6.4054 6.21724 5.35647 0 0 0 0.479777 2.90017 0 0 0 0 0 0.0514616 2.384 303 53 2 2 0
./complex_md-fit_746.pdb BC A 8.1393 40.2689 -14.0743 -10.2592 -7.73806 -24.8409 -0.928267 40.548 -24.8016 2.79086 6.66987 4.1193 0 0 0 0.335473 2.92148 0 0 0 0 0 0.0303097 2.384 303 51 0 0 0
./complex_md-fit_747.pdb BC A 7.3094 30.0205 -12.6055 -8.54002 -8.14689 -24.2972 -0.932574 40.4452 -24.3381 1.84221 6.44081 4.73325 0 0 0 0.157775 2.58849 -5.55112e-17 0 0 0 0 0.0300851 2.384 303 50 0 0 0
./complex_md-fit_748.pdb BC A 6.44551 30.5231 -6.22718 -8.32098 -12.1431 -26.3485 -1.08281 46.4495 -25.5785 5.1012 10.0277 5.25536 0 0 0 0.389717 2.99304 0 0 0 0 0 0.023178 2.384 303 51 0 0 0
./complex_md-fit_749.pdb BC A 8.07457 32.5385 -11.207 -9.13261 -11.4251 -23.8609 -0.854143 41.9317 -23.2066 2.11181 7.52551 5.26011 0 0 0 0.443249 3.54332 -5.55112e-17 0 0 0 0 0 2.384 303 51 0 0 0
./complex_md-fit_74.pdb BC A 9.89764 32.2567 -13.3246 -8.77211 -8.07097 -22.556 -0.866168 39.2544 -22.5278 1.77964 5.89238 2.22722 0 0 0 0.309185 2.73154 0 0 0 0 0 0.00560902 2.384 303 45 0 0 0
./complex_md-fit_750.pdb BC A 7.22894 28.4074 -5.24347 -6.99486 -10.5474 -25.1231 -0.830179 45.0656 -23.8789 4.90175 7.94797 3.72473 0 0 0 0.443864 3.04728 0 0 0 0 0 0.0471432 2.384 303 53 0 0 0
./complex_md-fit_751.pdb BC A 10.7519 31.9444 -6.25327 -8.52608 -10.4452 -26.3783 -0.963444 46.2009 -25.291 5.14115 8.72661 4.88267 0 0 0 0.399544 4.19744 0 0 0 0 0 0 2.384 303 53 0 0 0
./complex_md-fit_752.pdb BC A 7.90393 39.8168 -5.63372 -8.15942 -8.60645 -24.9988 -0.827513 43.1024 -24.69 5.72513 8.1939 3.99199 0 0 0 0.612565 2.7226 0 0 0 0 0 0.0224086 2.384 303 53 1 1 0
./complex_md-fit_753.pdb BC A 12.8584 24.621 -5.12959 -6.85302 -9.95631 -25.6231 -0.882619 45.9806 -25.3998 4.99532 8.65904 3.72431 0 0 0 0.176205 2.91699 0 0 0 0 0 0.049758 2.384 303 52 0 0 0
./complex_md-fit_754.pdb BC A 8.25719 30.13 -9.9407 -8.6052 -8.81774 -24.4405 -0.861294 41.783 -24.4342 4.75975 7.63121 2.695 0 0 0 0.295072 2.88965 0 0 0 0 0 0.0541864 2.384 303 49 1 1 0
./complex_md-fit_755.pdb BC A 7.31105 37.6605 -9.05122 -9.34986 -9.96729 -24.5979 -0.887247 42.5068 -24.7284 4.32481 9.45189 3.3894 0 0 0 0.806576 2.62883 0 0 0 0 0 -1.11022e-16 2.384 303 52 0 0 0
./complex_md-fit_756.pdb BC A 7.82907 36.4537 -9.7642 -7.52242 -9.21557 -24.4565 -0.761737 41.4405 -24.079 2.95212 7.69025 3.70277 0 0 0 0.485338 2.53168 0 0 0 0 0 0 2.384 303 53 0 0 0
./complex_md-fit_757.pdb BC A 8.3166 31.3823 -12.5621 -8.88229 -9.18046 -24.0888 -0.706679 41.205 -23.8513 2.26361 7.08216 3.40422 0 0 0 0.156703 2.98872 -0.0141262 0 0 0 0 0.0498374 2.384 303 52 0 0 0
./complex_md-fit_758.pdb BC A 8.68337 28.8563 -8.86665 -8.11702 -10.4404 -25.212 -1.11945 44.3062 -24.3687 4.03286 8.21998 3.51772 0 0 0 0.261594 2.92278 0 0 0 0 0 0.0525498 2.384 303 49 0 0 0
./complex_md-fit_759.pdb BC A 8.40475 28.6162 -9.85537 -9.83511 -8.98578 -24.4956 -0.817696 41.7683 -24.1572 5.76033 6.84448 3.42406 0 0 0 0.591299 2.81327 0 0 0 0 0 0.0474422 2.384 303 53 1 1 0
./complex_md-fit_75.pdb BC A 7.88668 31.0632 -11.1497 -6.10561 -7.45287 -22.8514 -0.76109 38.6732 -22.6861 1.33696 5.72198 2.81723 0 0 0 0.157906 2.47565 0 0 0 0 0 0 2.384 303 46 0 0 0
./complex_md-fit_760.pdb BC A 6.75644 35.1404 -8.26342 -9.31091 -11.2911 -24.9444 -0.901716 44.9342 -23.9859 3.26742 9.08125 4.70069 0 0 0 0.141718 2.54724 -5.55112e-17 0 0 0 0 0.0453044 2.384 303 52 0 0 0
./complex_md-fit_761.pdb BC A 7.7435 34.1872 -1.81779 -6.83229 -6.61226 -24.9529 -0.869583 45.3029 -24.9699 6.09504 8.1738 2.67983 0 0 0 0.133026 2.82937 0 0 0 0 0 0.0344466 2.384 303 51 2 2 0
./complex_md-fit_762.pdb BC A 9.19518 31.7 -11.1075 -7.86295 -9.54501 -23.361 -0.865554 38.5527 -23.1578 3.45204 7.24689 4.30145 0 0 0 0.110155 3.26869 0 0 0 0 0 0.0215729 2.384 303 49 0 0 0
./complex_md-fit_763.pdb BC A 7.91777 33.1805 -10.8077 -10.2177 -10.1872 -26.3991 -1.1731 44.7657 -26.3289 5.79774 7.78709 4.22131 0 0 0 0.839051 2.82396 0.0457507 0 0 0 0 0.0415821 2.384 303 51 0 0 0
./complex_md-fit_764.pdb BC A 7.52808 30.3966 -14.3701 -11.4698 -10.1894 -24.3301 -0.957194 39.9591 -24.8635 4.79715 8.39444 4.05691 0 0 0 0.186587 3.07353 0 0 0 0 0 0.04566 2.384 303 49 1 1 0
./complex_md-fit_765.pdb BC A 10.4581 23.2338 -5.24833 -7.162 -9.19767 -25.3856 -1.0214 43.4131 -25.4893 5.97497 9.36977 4.00496 0 0 0 0.219825 3.56772 -1.11022e-16 0 0 0 0 0.0249984 2.384 303 52 1 1 0
./complex_md-fit_766.pdb BC A 9.18021 32.5264 -11.6581 -9.60578 -9.61042 -24.7357 -0.859856 42.9173 -24.084 2.66032 7.50934 4.0009 0 0 0 0.0958282 2.76466 2.77556e-17 0 0 0 0 0.0538861 2.384 303 51 0 0 0
./complex_md-fit_767.pdb BC A 7.35996 31.253 -9.6338 -8.99567 -11.0356 -25.0432 -0.808168 43.5433 -24.8099 4.82192 8.99667 3.41303 0 0 0 0.230796 3.09194 0 0 0 0 0 0.0531155 2.384 303 54 0 0 0
./complex_md-fit_768.pdb BC A 7.28586 32.737 -15.822 -9.3757 -11.0364 -25.5392 -1.08833 42.1941 -25.2145 2.68945 7.41243 3.66281 0 0 0 0.467847 2.90397 0 0 0 0 0 0.00553023 2.384 303 52 0 0 0
./complex_md-fit_769.pdb BC A 7.59141 24.6343 -13.8698 -11.1312 -11.8196 -26.1745 -1.14058 44.4941 -25.4261 5.31382 8.31651 3.52072 0 0 0 0.149325 3.34331 0 0 0 0 0 0.0276374 2.384 303 54 0 0 0
./complex_md-fit_76.pdb BC A 9.6399 36.2507 -1.87964 -5.70058 -3.30137 -22.6378 -0.683653 38.0762 -23.1852 5.84281 6.80739 2.85672 0 0 0 0.0392745 2.4463 0 0 0 0 0 0.00662778 2.384 303 48 1 1 0
./complex_md-fit_770.pdb BC A 7.2903 30.3779 -13.6161 -10.3878 -14.594 -26.3923 -0.865226 45.2945 -26.1174 4.58952 10.3954 3.92324 0 0 0 0.515755 3.64995 0 0 0 0 0 0.0221335 2.384 303 53 0 0 0
./complex_md-fit_771.pdb BC A 11.7545 29.5705 -4.03835 -6.00235 -11.7086 -24.8697 -1.16938 46.2645 -23.8741 6.7591 7.53635 2.56853 0 0 0 0.414568 3.84141 0 0 0 0 0 0.0426854 2.384 303 54 1 1 0
./complex_md-fit_772.pdb BC A 7.69414 32.7567 -10.4881 -9.66718 -8.52483 -24.8238 -1.09435 43.6004 -24.3262 3.02903 7.8941 2.8755 0 0 0 0.502575 3.02088 0 0 0 0 0 0.0465302 2.384 303 52 0 0 0
./complex_md-fit_773.pdb BC A 5.58893 29.2979 -10.4172 -8.97013 -12.4943 -24.3758 -0.949357 43.0986 -23.7792 4.31464 9.90649 2.47886 0 0 0 0.331437 2.90914 0 0 0 0 0 0.0216354 2.384 303 52 0 0 0
./complex_md-fit_774.pdb BC A 8.70936 30.9702 -8.91659 -6.04895 -12.5854 -25.901 -0.995971 45.3722 -25.1843 4.12991 8.91783 3.19936 0 0 0 0.161293 3.98133 0 0 0 0 0 0.018525 2.384 303 50 0 0 0
./complex_md-fit_775.pdb BC A 11.2988 32.8333 -12.6316 -9.89564 -10.7379 -26.659 -0.977409 46.4676 -26.3813 4.38602 7.49953 3.47832 0 0 0 0.160639 3.6339 0 0 0 0 0 0.02741 2.384 303 53 1 1 0
./complex_md-fit_776.pdb BC A 8.46788 36.7775 -7.93791 -10.0178 -11.2643 -26.386 -1.2036 46.3542 -25.265 6.8867 8.27284 3.96257 0 0 0 0.694771 3.52472 1.11022e-16 0 0 0 0 0.0275788 2.384 303 54 1 1 0
./complex_md-fit_777.pdb BC A 7.14819 32.4247 -10.7052 -10.335 -11.8957 -24.7225 -1.04395 43.1603 -24.1678 4.4694 9.73313 3.61009 0 0 0 0.440328 2.66182 0 0 0 0 0 0.0465275 2.384 303 52 1 1 0
./complex_md-fit_778.pdb BC A 11.1782 26.3717 -10.7338 -8.94985 -11.6278 -24.3315 -0.955787 42.7433 -23.9663 3.92009 8.99791 2.85934 0 0 0 0.537465 2.68275 0.0393678 0 0 0 0 0 2.384 303 52 0 0 0
./complex_md-fit_779.pdb BC A 7.46087 30.8247 -9.48383 -7.9279 -9.49846 -24.5799 -0.935539 42.6234 -24.4399 3.59677 7.80606 3.67475 0 0 0 0.148618 2.7263 0 0 0 0 0 0.0482589 2.384 303 53 0 0 0
./complex_md-fit_77.pdb BC A 7.63769 30.0345 -11.2363 -7.41043 -5.17079 -21.3075 -0.656939 36.094 -21.1058 1.07829 5.4888 1.64613 0 0 0 0.0995789 2.23656 0 0 0 0 0 0.00837948 2.384 303 45 0 0 0
./complex_md-fit_780.pdb BC A 8.3787 31.7218 0.381882 -8.20328 -7.4944 -25.7109 -1.01241 45.5316 -25.2352 10.3345 7.50825 4.51182 0 0 0 0.117275 3.07719 0 0 0 0 0 0.0346747 2.384 303 52 3 3 0
./complex_md-fit_781.pdb BC A 6.93755 29.4519 -12.0301 -8.44302 -10.5264 -25.1534 -0.958548 42.4215 -25.1055 4.22761 6.99271 4.02361 0 0 0 0.476711 3.42475 0 0 0 0 0 0.0146768 2.384 303 52 0 0 0
./complex_md-fit_782.pdb BC A 9.53159 31.9748 -11.0174 -7.66322 -10.4345 -23.7273 -0.873312 40.5475 -23.3601 2.58883 7.65016 3.80639 0 0 0 0.425746 3.37725 0 0 0 0 0 0.0224445 2.384 303 49 0 0 0
./complex_md-fit_783.pdb BC A 6.92889 31.8345 -13.7262 -9.56231 -11.0479 -24.8449 -0.936717 40.7016 -25.3203 3.3273 9.61155 3.89055 0 0 0 0.409493 3.18257 0 0 0 0 0 0.0453904 2.384 303 51 0 0 0
./complex_md-fit_784.pdb BC A 6.32262 32.3265 -12.2662 -8.13136 -9.93067 -24.6747 -0.831853 41.744 -24.2819 1.9552 8.17626 3.40433 0 0 0 0.266698 2.88592 0 0 0 0 0 0.0378065 2.384 303 53 0 0 0
./complex_md-fit_785.pdb BC A 8.81216 30.1731 -9.33074 -7.56389 -9.18337 -24.4985 -0.906262 41.5324 -24.7728 3.02568 8.54418 4.20666 0 0 0 0.265567 2.80569 0 0 0 0 0 0.0195918 2.384 303 51 0 0 0
./complex_md-fit_786.pdb BC A 7.79914 30.6168 -10.7108 -8.87187 -10.1326 -25.378 -0.9609 43.798 -24.9591 2.59235 8.57326 4.40887 0 0 0 0.162825 3.27399 0.0186315 0 0 0 0 0.0377445 2.384 303 54 0 0 0
./complex_md-fit_787.pdb BC A 9.4073 32.6699 -12.0048 -8.75046 -9.766 -25.4384 -0.978867 43.0085 -25.0854 4.595 6.47463 3.66854 0 0 0 0.240001 3.27482 0 0 0 0 0 0.0276476 2.384 303 50 0 0 0
./complex_md-fit_788.pdb BC A 8.54436 24.3089 -12.7662 -10.2842 -9.82346 -24.4244 -1.04346 43.0266 -24.0883 2.35194 7.42915 3.99917 0 0 0 0.0746259 2.76555 0 0 0 0 0 0.0161206 2.384 303 52 0 0 0
./complex_md-fit_789.pdb BC A 10.7109 29.2317 -10.5321 -7.93391 -9.46966 -23.7272 -0.969042 40.5354 -23.099 3.29138 6.7294 3.95654 0 0 0 0.0790502 2.89663 0.0458363 0 0 0 0 0.0290912 2.384 303 48 0 0 0
./complex_md-fit_78.pdb BC A 6.62598 28.145 -5.1148 -5.66757 -4.89743 -22.9286 -0.93712 38.9043 -23.3388 3.08773 6.97834 3.32497 0 0 0 0.32134 2.36655 0.0352124 0 0 0 0 0.00283497 2.384 303 48 0 0 0
./complex_md-fit_790.pdb BC A 6.50694 37.5545 -12.8119 -8.59304 -11.211 -24.7367 -1.11448 43.243 -23.9335 3.87503 5.98474 3.07142 0 0 0 0.535608 3.06714 0 0 0 0 0 0.067049 2.384 303 52 1 1 0
./complex_md-fit_791.pdb BC A 9.14873 26.842 -10.7909 -8.29468 -10.3486 -24.1403 -1.08149 42.2043 -23.6145 2.81435 7.38544 3.99292 0 0 0 0.259631 2.61742 0 0 0 0 0 0.0320163 2.384 303 50 0 0 0
./complex_md-fit_792.pdb BC A 8.85654 36.1439 -12.0476 -10.2598 -11.5301 -24.9189 -0.918157 41.4133 -24.6398 4.59487 9.48639 4.46118 0 0 0 0.2156 2.97807 -5.55112e-17 0 0 0 0 0.0478165 2.384 303 52 0 0 0
./complex_md-fit_793.pdb BC A 8.29698 38.0096 -2.11938 -6.98862 -8.97658 -24.4623 -1.0348 42.8688 -24.0623 7.98433 8.31501 3.82929 0 0 0 0.407832 2.7787 0 0 0 0 0 0 2.384 303 50 2 2 0
./complex_md-fit_794.pdb BC A 8.67317 31.575 -11.3474 -8.09597 -9.15264 -24.2528 -0.861575 41.3594 -23.9542 2.30765 7.27678 3.79519 0 0 0 0.193145 2.87968 0 0 0 0 0 0.0376053 2.384 303 53 0 0 0
./complex_md-fit_795.pdb BC A 10.3767 27.2832 -7.56689 -7.80357 -10.424 -22.9081 -1.1558 41.2828 -22.0284 3.49917 8.14461 3.68848 0 0 0 0.115626 3.00499 0 0 0 0 0 0.0222597 2.384 303 49 0 0 0
./complex_md-fit_796.pdb BC A 9.40676 33.3533 -13.4975 -9.62201 -10.083 -24.2291 -0.898161 41.0067 -24.1859 4.3816 7.04968 2.89687 0 0 0 0.143661 2.96149 0 0 0 0 0 0.0421617 2.384 303 48 0 0 0
./complex_md-fit_797.pdb BC A 9.13629 37.1604 -17.1834 -9.97637 -9.74116 -23.8419 -1.12945 38.9302 -23.7217 2.14052 6.82952 3.11654 0 0 0 0.176437 2.68532 0 0 0 0 0 0.0340625 2.384 303 49 0 0 0
./complex_md-fit_798.pdb BC A 10.0506 36.8264 -6.47633 -9.31315 -11.8992 -25.7405 -0.985358 45.2706 -25.4674 8.92316 7.97319 4.39282 0 0 0 0.344753 3.33984 0 0 0 0 0 0.0246776 2.384 303 52 1 1 0
./complex_md-fit_799.pdb BC A 9.4831 30.4414 -3.44398 -8.07115 -9.04669 -25.2529 -0.869261 43.0962 -25.0515 7.67316 8.6737 4.98121 0 0 0 0.37223 3.16039 0 0 0 0 0 0.0510682 2.384 303 52 1 1 0
./complex_md-fit_79.pdb BC A 7.81009 30.7649 -4.85119 -7.27929 -6.05283 -22.6265 -0.861227 39.2189 -22.5783 4.11887 7.72762 3.24359 0 0 0 0.23352 2.4335 -6.93889e-18 0 0 0 0 0.00444618 2.384 303 49 1 1 0
./complex_md-fit_7.pdb BC A 7.36934 26.9441 -10.6886 -8.52457 -6.92196 -25.6732 -0.799051 43.6868 -25.9373 1.44797 8.17726 3.51838 0 0 0 0.354203 2.79503 -0.0244553 0 0 0 0 0.00739447 2.384 303 53 0 0 0
./complex_md-fit_800.pdb BC A 7.01419 30.6489 -10.067 -8.59814 -7.8486 -24.8971 -1.01448 42.2546 -25.0752 3.97411 7.56636 3.24509 0 0 0 0.32629 3.11057 5.55112e-17 0 0 0 0 0 2.384 303 54 1 1 0
./complex_md-fit_801.pdb BC A 6.50654 36.5778 -6.53724 -8.96847 -9.12622 -25.4637 -0.953661 45.9754 -24.9075 2.73904 8.66078 5.38937 0 0 0 0.0923814 3.08676 0 0 0 0 0 0.0253249 2.384 303 51 0 0 0
./complex_md-fit_802.pdb BC A 9.2021 29.2211 -15.2403 -10.246 -10.9881 -25.4152 -0.79848 43.581 -25.5031 2.96495 7.82738 2.99986 0 0 0 0.301735 3.20993 5.55112e-17 0 0 0 0 0.0355771 2.384 303 51 0 0 0
./complex_md-fit_803.pdb BC A 7.48027 40.1502 -13.8108 -9.4669 -10.6657 -25.1499 -0.754035 43.1496 -24.6636 2.77502 8.05252 2.58807 0 0 0 0.307479 2.8956 -0.0102133 0 0 0 0 0.02675 2.384 303 53 0 0 0
./complex_md-fit_804.pdb BC A 7.46428 33.5862 -12.1769 -7.95967 -10.4586 -25.4703 -0.971959 42.8554 -25.3274 1.53496 8.40838 4.91602 0 0 0 0.246317 3.02771 -5.55112e-17 0 0 0 0 0.0498727 2.384 303 54 0 0 0
./complex_md-fit_805.pdb BC A 9.22738 35.7418 -6.27601 -7.96227 -9.18444 -25.3823 -0.986598 43.5818 -25.2604 6.32784 7.88314 4.46711 0 0 0 0.197119 3.01042 0.0429435 0 0 0 0 0 2.384 303 54 1 1 0
./complex_md-fit_806.pdb BC A 6.74946 31.1219 -9.77655 -8.17538 -8.52645 -24.8039 -0.850868 41.5877 -24.5904 3.24072 6.8774 5.06333 0 0 0 0.354145 2.76662 0 0 0 0 0 0.0472612 2.384 303 52 0 0 0
./complex_md-fit_807.pdb BC A 7.80624 26.5584 -5.18154 -7.0009 -9.89112 -23.7522 -0.883206 41.6718 -23.3064 5.8584 7.25696 4.20777 0 0 0 0.571822 2.91422 0.0463379 0 0 0 0 0.0391092 2.384 303 52 1 1 0
./complex_md-fit_808.pdb BC A 8.25137 32.449 -5.96529 -7.76668 -9.6199 -25.2082 -0.981584 44.6712 -24.5103 5.582 7.09682 4.51176 0 0 0 0.259589 2.91464 0 0 0 0 0 0 2.384 303 51 1 1 0
./complex_md-fit_809.pdb BC A 9.0669 29.4768 -16.2675 -10.8658 -10.9576 -25.0515 -0.942233 41.7316 -25.04 2.00133 8.3445 4.02485 0 0 0 0.435337 3.00559 -2.77556e-17 0 0 0 0 0.0521451 2.384 303 56 0 0 0
./complex_md-fit_80.pdb BC A 7.3247 41.797 -9.19397 -7.1629 -5.77507 -23.9431 -0.718642 40.671 -23.9442 2.06357 7.22572 2.24623 0 0 0 0.090911 2.87527 0 0 0 0 0 0.0525327 2.384 303 50 0 0 0
./complex_md-fit_810.pdb BC A 7.6381 33.5657 -11.5057 -9.20654 -9.49492 -24.0865 -0.74915 40.8523 -23.7355 2.82806 7.17792 4.72522 0 0 0 0.135533 3.12425 5.55112e-17 0 0 0 0 0.0478561 2.384 303 53 0 0 0
./complex_md-fit_811.pdb BC A 6.82907 32.6613 -8.15925 -7.58668 -8.39121 -23.8735 -0.951802 40.52 -23.9798 4.94407 7.81561 3.05464 0 0 0 0.260447 2.9429 0 0 0 0 0 0.0289712 2.384 303 52 0 0 0
./complex_md-fit_812.pdb BC A 7.50076 36.9811 -12.7135 -9.46204 -10.1318 -24.7138 -0.899731 42.5108 -24.5326 2.14603 8.12585 3.84566 0 0 0 0.323706 2.52869 0.0491502 0 0 0 0 0.0253879 2.384 303 51 0 0 0
./complex_md-fit_813.pdb BC A 7.55554 29.4923 -9.5879 -8.79803 -9.6566 -24.7999 -1.05315 42.8475 -23.8387 3.92022 7.15373 4.40916 0 0 0 0.178178 3.18116 0 0 0 0 0 0.0497886 2.384 303 56 0 0 0
./complex_md-fit_814.pdb BC A 9.17692 30.3845 -7.10011 -9.97078 -9.656 -25.6118 -0.975063 43.2504 -25.6395 8.03469 8.89092 4.36084 0 0 0 0.169764 3.11363 0 0 0 0 0 0.0465066 2.384 303 55 2 2 0
./complex_md-fit_815.pdb BC A 6.28433 37.9076 -8.04093 -8.19133 -6.85852 -25.6811 -1.0746 44.4062 -25.3773 4.95581 6.48678 2.98811 0 0 0 0.255782 2.46798 0 0 0 0 0 0.0491999 2.384 303 54 1 1 0
./complex_md-fit_816.pdb BC A 9.15424 34.1862 -13.0087 -10.8876 -10.4556 -25.3847 -0.953343 43.0919 -25.1902 3.58927 9.11971 3.68737 0 0 0 0.327744 2.85907 0 0 0 0 0 0.0466775 2.384 303 52 0 0 0
./complex_md-fit_817.pdb BC A 7.72605 33.4053 -11.6693 -10.0679 -10.4249 -24.495 -0.875203 41.9054 -24.3493 3.77991 8.81114 3.76861 0 0 0 0.237763 2.97472 -1.11022e-16 0 0 0 0 0.0402508 2.384 303 51 1 1 0
./complex_md-fit_818.pdb BC A 7.80167 32.7211 -8.01943 -8.94049 -10.0431 -24.3353 -0.904196 42.4898 -23.5296 5.79429 7.29482 3.81374 0 0 0 0.340615 2.93504 0 0 0 0 0 0 2.384 303 50 1 1 0
./complex_md-fit_819.pdb BC A 7.88651 36.1589 -6.82424 -8.91885 -10.9232 -25.9853 -0.919188 44.6393 -25.6864 6.35709 9.56916 4.37194 0 0 0 0.60243 4.36014 0.0362953 0 0 0 0 0.0324957 2.384 303 54 1 1 0
./complex_md-fit_81.pdb BC A 6.90182 30.5284 -6.0899 -8.34793 -6.46574 -21.6507 -1.01393 37.728 -21.0012 5.53846 5.93692 3.07613 0 0 0 0.109998 2.28206 0 0 0 0 0 0 2.384 303 42 0 0 0
./complex_md-fit_820.pdb BC A 9.90054 30.1854 -11.2515 -9.52536 -10.7132 -26.2061 -0.902607 44.9228 -25.7209 5.07809 7.9163 3.6015 0 0 0 0.276301 2.98139 0 0 0 0 0 0.0217707 2.384 303 53 1 1 0
./complex_md-fit_821.pdb BC A 7.93094 36.8098 -7.13515 -9.11785 -9.5811 -25.8825 -1.12077 44.9885 -25.5911 6.17665 8.9497 3.72554 0 0 0 0.286389 3.0658 -5.55112e-17 0 0 0 0 0.0314453 2.384 303 54 2 2 0
./complex_md-fit_822.pdb BC A 9.70298 33.8883 -4.97218 -6.74628 -8.74209 -26.2115 -0.963032 45.0077 -26.4075 6.65929 7.87019 4.06867 0 0 0 0.455918 2.61894 0 0 0 0 0 0.036485 2.384 303 53 1 1 0
./complex_md-fit_823.pdb BC A 8.39951 36.5585 -7.30402 -7.71738 -10.3421 -25.2509 -0.999975 43.2852 -25.0676 3.9947 9.11409 5.03933 0 0 0 0.600099 2.85537 0 0 0 0 0 0.0405675 2.384 303 55 0 0 0
./complex_md-fit_824.pdb BC A 6.5452 35.7129 -2.33836 -8.35978 -6.56895 -25.9119 -0.90627 45.1239 -25.7165 7.72 6.70553 4.97728 0 0 0 0.557186 2.75376 0 0 0 0 0 0.0411332 2.384 303 52 2 2 0
./complex_md-fit_825.pdb BC A 7.87185 35.7493 -3.79905 -8.6067 -8.56915 -25.0345 -0.928133 42.7131 -24.6884 6.9301 8.5632 5.43425 0 0 0 0.337234 2.77909 0.0453391 0 0 0 0 0.00454083 2.384 303 52 1 1 0
./complex_md-fit_826.pdb BC A 9.3636 35.6792 -14.062 -8.96884 -10.5008 -25.115 -0.999459 42.8594 -24.5669 1.27434 7.51273 3.94037 0 0 0 0.502035 2.72968 -2.77556e-17 0 0 0 0 0 2.384 303 54 0 0 0
./complex_md-fit_827.pdb BC A 7.28967 33.5389 -12.7686 -9.32744 -11.2426 -25.5595 -0.926122 43.0519 -24.9757 2.50692 8.92092 4.52023 0 0 0 0.222555 3.21761 0 0 0 0 0 0.0402123 2.384 303 56 0 0 0
./complex_md-fit_828.pdb BC A 8.12998 32.0041 -10.8742 -9.11116 -9.67123 -25.851 -0.906749 45.1412 -25.5299 3.49412 7.82174 3.43592 0 0 0 0.235322 3.24853 0.0458187 0 0 0 0 0.0217079 2.384 303 53 0 0 0
./complex_md-fit_829.pdb BC A 9.29626 35.8419 -7.22046 -9.26282 -11.5343 -25.0433 -0.894309 44.2737 -24.5161 7.41761 8.27222 3.76498 0 0 0 0.29953 2.90908 0 0 0 0 0 0.00247262 2.384 303 54 0 0 0
./complex_md-fit_82.pdb BC A 8.6531 32.6394 -6.73966 -6.1324 -5.57969 -20.9586 -0.936867 34.9985 -21.206 3.4114 6.37139 3.25221 0 0 0 0.040464 2.78704 0 0 0 0 0 0 2.384 303 40 0 0 0
./complex_md-fit_830.pdb BC A 9.26259 35.4691 -11.1125 -9.93088 -12.739 -26.4364 -1.02227 46.4972 -25.7853 4.92305 9.46589 3.62047 0 0 0 0.265261 3.26326 0 0 0 0 0 0.02951 2.384 303 55 1 1 0
./complex_md-fit_831.pdb BC A 7.31679 29.5164 -6.08059 -7.31384 -10.9206 -25.6558 -0.974047 45.4605 -25.4578 5.73362 7.77755 4.80916 0 0 0 0.434472 4.20849 0 0 0 0 0 0.0262324 2.384 303 53 1 1 0
./complex_md-fit_832.pdb BC A 9.54817 32.5428 -6.15081 -8.47381 -9.17832 -25.1408 -1.02242 45.4791 -24.6104 4.70097 8.61211 3.09557 0 0 0 0.338857 3.12465 0 0 0 0 0 0.048381 2.384 303 53 0 0 0
./complex_md-fit_833.pdb BC A 9.08354 33.8507 -9.60056 -9.44129 -11.7363 -25.351 -0.943318 44.8816 -24.8452 3.08636 9.09734 4.74444 0 0 0 0.888565 3.19388 0 0 0 0 0 0.0182703 2.384 303 54 0 0 0
./complex_md-fit_834.pdb BC A 7.93121 29.5017 -8.134 -8.50558 -12.1283 -25.9708 -0.964613 47.0696 -25.0268 5.70286 9.27316 2.18435 0 0 0 0.210195 3.01043 0 0 0 0 0 0.0219178 2.384 303 56 0 0 0
./complex_md-fit_835.pdb BC A 9.18622 36.4739 -5.57646 -7.61208 -10.7774 -25.792 -0.961395 46.714 -25.2723 5.22728 7.9564 4.51485 0 0 0 0.426289 3.1815 0 0 0 0 0 0 2.384 303 55 0 0 0
./complex_md-fit_836.pdb BC A 6.69991 30.4449 -8.21617 -10.0039 -11.8936 -27.3435 -1.08853 48.0814 -26.7653 7.93881 9.83875 2.84217 0 0 0 0.142917 2.9755 0 0 0 0 0 0.0346512 2.384 303 55 3 3 0
./complex_md-fit_837.pdb BC A 8.74889 32.3153 -9.96718 -9.61383 -12.3924 -25.764 -1.21173 45.298 -24.8692 4.35658 10.0359 3.78052 0 0 0 0.377221 3.58421 1.11022e-16 0 0 0 0 0.0359213 2.384 303 54 1 1 0
./complex_md-fit_838.pdb BC A 7.554 34.1646 -6.41495 -8.54254 -9.87153 -25.9229 -0.985891 44.9711 -26.1406 6.39635 8.68311 4.82038 0 0 0 0.145758 4.83477 5.55112e-17 0 0 0 0 0.031784 2.384 303 55 1 1 0
./complex_md-fit_839.pdb BC A 6.72824 31.5906 -7.58386 -7.76274 -10.3484 -24.8273 -0.736729 42.7908 -24.0447 2.76179 9.40636 4.60383 0 0 0 0.520719 2.60493 0 0 0 0 0 0.0524197 2.384 303 53 0 0 0
./complex_md-fit_83.pdb BC A 8.69683 25.9188 0.292839 -6.65127 -6.03487 -22.0977 -0.786798 37.881 -22.2852 9.04672 8.22138 2.92153 0 0 0 0.0946149 2.18672 -0.016571 0 0 0 0 0 2.384 303 44 4 4 0
./complex_md-fit_840.pdb BC A 9.12306 30.1214 -6.10369 -8.33107 -9.7971 -26.5386 -0.906099 48.1284 -25.8036 3.86477 7.98477 4.97408 0 0 0 0.270457 2.84972 0 0 0 0 0 0.0502465 2.384 303 54 0 0 0
./complex_md-fit_841.pdb BC A 9.54395 29.0749 -7.0624 -7.19941 -11.427 -24.6614 -1.09993 43.2621 -23.8457 4.89824 8.72053 3.97348 0 0 0 0.285207 3.24161 0 0 0 0 0 0.0315407 2.384 303 55 0 0 0
./complex_md-fit_842.pdb BC A 9.53227 28.6054 -5.75864 -7.88658 -7.9336 -23.9407 -0.958518 41.6863 -23.2908 3.98155 8.60593 3.56905 0 0 0 0.370874 3.21639 0 0 0 0 0 0.0378472 2.384 303 53 0 0 0
./complex_md-fit_843.pdb BC A 6.86901 40.1963 -6.6817 -7.93539 -12.4263 -25.9939 -0.864846 46.1892 -25.4608 4.94103 10.2398 4.46468 0 0 0 0.138439 3.29599 0 0 0 0 0 0.0264643 2.384 303 55 2 2 0
./complex_md-fit_844.pdb BC A 7.78437 30.9982 -8.91771 -8.77121 -12.3405 -26.2219 -1.07516 46.5509 -25.4004 6.08729 9.14232 2.7853 0 0 0 0.286248 3.39408 0 0 0 0 0 0.0394025 2.384 303 54 1 1 0
./complex_md-fit_845.pdb BC A 10.5605 28.1601 -5.70343 -7.55405 -5.72361 -25.1574 -0.993126 43.3915 -24.6815 3.86439 6.65098 4.05082 0 0 0 0.388645 2.79593 -1.66533e-16 0 0 0 0 0.0598808 2.384 303 49 1 1 0
./complex_md-fit_846.pdb BC A 9.25758 37.8042 -1.34382 -6.22953 -7.87138 -25.51 -0.983467 44.8296 -25.2024 8.19747 7.65718 3.64797 0 0 0 0.120654 2.85509 0 0 0 0 0 0 2.384 303 55 0 0 0
./complex_md-fit_847.pdb BC A 10.0978 25.7902 -12.3431 -10.8088 -10.7313 -25.7085 -0.837695 43.8065 -25.3484 4.13882 8.9399 3.59715 0 0 0 0.598077 2.53822 5.55112e-17 0 0 0 0 0.0110872 2.384 303 51 0 0 0
./complex_md-fit_848.pdb BC A 10.9878 31.6826 -13.008 -9.6489 -9.69822 -25.4282 -1.01314 43.1582 -25.3616 3.77757 7.37155 3.59188 0 0 0 0.214055 2.89736 0 0 0 0 0 0.0288262 2.384 303 51 1 1 0
./complex_md-fit_849.pdb BC A 6.90283 31.0631 -7.35221 -8.2741 -9.86175 -24.6052 -1.08185 42.726 -24.4718 7.1093 7.34817 3.62726 0 0 0 0.107569 2.85642 0 0 0 0 0 0.0242248 2.384 303 51 2 2 0
./complex_md-fit_84.pdb BC A 7.81058 33.7021 -11.6025 -6.34496 -7.88528 -23.2731 -1.09998 38.3715 -23.4787 3.18241 6.68351 2.0627 0 0 0 0.179431 2.57325 0 0 0 0 0 0 2.384 303 45 0 0 0
./complex_md-fit_850.pdb BC A 8.17748 33.2589 -6.4422 -8.11448 -9.5231 -24.4653 -0.945839 43.6196 -23.8167 4.5683 7.72606 4.24986 0 0 0 0.210487 2.77691 -1.11022e-16 0 0 0 0 0.0488688 2.384 303 53 0 0 0
./complex_md-fit_851.pdb BC A 6.97085 32.6125 -10.8107 -8.36264 -9.62051 -24.5914 -0.931909 41.0848 -24.3152 5.73 6.09156 4.00761 0 0 0 0.0554616 3.50472 0 0 0 0 0 0.0415 2.384 303 50 2 2 0
./complex_md-fit_852.pdb BC A 8.65113 41.2065 -10.4699 -8.32319 -11.0528 -25.3534 -0.913963 44.462 -25.0915 2.66503 9.56939 3.30388 0 0 0 0.24192 3.75153 -0.0109409 0 0 0 0 0.0336784 2.384 303 53 0 0 0
./complex_md-fit_853.pdb BC A 9.88681 34.2412 -8.83258 -9.93612 -10.3135 -25.8181 -1.0088 45.8142 -25.1578 3.766 9.07601 4.31213 0 0 0 0.431886 3.9351 -0.010301 0 0 0 0 0.0118985 2.384 303 51 0 0 0
./complex_md-fit_854.pdb BC A 7.09878 30.7305 -8.72201 -9.44553 -11.0901 -24.0234 -0.865053 42.12 -23.5179 5.74843 8.05837 4.10589 0 0 0 0.151327 2.67634 0 0 0 0 0 0.0359218 2.384 303 52 0 0 0
./complex_md-fit_855.pdb BC A 8.3404 31.4398 -7.93299 -9.93673 -11.3685 -26.1332 -0.933787 46.9487 -24.7769 5.24016 8.78237 3.94163 0 0 0 0.263347 3.44718 0 0 0 0 0 0.0399147 2.384 303 50 1 1 0
./complex_md-fit_856.pdb BC A 6.25289 27.4157 -10.0654 -9.54118 -9.53788 -25.0085 -0.903553 43.6785 -24.9269 3.95938 7.46573 4.5391 0 0 0 0.209828 2.71624 -1.11022e-16 0 0 0 0 2.22045e-16 2.384 303 53 1 1 0
./complex_md-fit_857.pdb BC A 6.16604 32.7997 -6.79466 -9.56022 -9.16509 -23.7269 -0.851203 41.9283 -23.5078 5.56299 7.95161 4.24348 0 0 0 0.330222 2.50935 0 0 0 0 0 0 2.384 303 50 0 0 0
./complex_md-fit_858.pdb BC A 5.79351 33.7316 -10.5823 -9.30197 -9.59366 -27.0988 -1.08694 46.9582 -26.7777 4.26134 7.4939 4.16131 0 0 0 0.40201 3.16262 -5.55112e-17 0 0 0 0 0 2.384 303 50 1 1 0
./complex_md-fit_859.pdb BC A 6.17032 25.9255 -10.2207 -10.5666 -8.19301 -25.9986 -1.01841 45.8776 -25.5458 3.74716 6.73828 4.4443 0 0 0 0.266082 2.8504 0 0 0 0 0 0.0282343 2.384 303 55 0 0 0
./complex_md-fit_85.pdb BC A 7.44198 30.8932 -3.94183 -4.44167 -4.63117 -21.4393 -0.760283 36.2002 -22.0702 4.19217 6.59685 2.13124 0 0 0 0.290961 2.25952 -0.0105276 0 0 0 0 0 2.384 303 44 0 0 0
./complex_md-fit_860.pdb BC A 6.89303 35.7532 -13.5563 -10.2523 -11.6843 -24.9241 -0.896306 42.2666 -24.4876 4.42694 7.56555 3.92276 0 0 0 0.460567 3.18113 0 0 0 0 0 0.0460024 2.384 303 54 0 0 0
./complex_md-fit_861.pdb BC A 9.56297 31.4396 -9.57571 -10.805 -13.5636 -25.6051 -1.15787 45.2371 -24.7488 5.22515 9.78984 5.88525 0 0 0 0.163024 2.85995 0 0 0 0 0 0.00427396 2.384 303 50 1 1 0
./complex_md-fit_862.pdb BC A 9.75447 29.658 -8.97619 -8.93219 -9.64502 -25.9306 -0.911821 44.7777 -25.7816 5.18371 8.85487 3.18117 0 0 0 0.227647 4.68171 0 0 0 0 0 0 2.384 303 51 1 1 0
./complex_md-fit_863.pdb BC A 9.85123 32.8247 -10.4837 -7.32665 -10.3721 -25.5169 -1.0852 44.4526 -25.6099 2.38528 7.20681 5.18556 0 0 0 0.170574 2.96372 0 0 0 0 0 0.0261961 2.384 303 53 0 0 0
./complex_md-fit_864.pdb BC A 7.70876 33.7524 -10.2106 -9.26211 -13.0056 -25.9727 -1.12719 45.3239 -25.2349 7.0831 8.14484 3.39933 0 0 0 0.423547 3.11803 1.11022e-16 0 0 0 0 0.0171182 2.384 303 53 1 1 0
./complex_md-fit_865.pdb BC A 10.8907 37.1112 -8.01778 -7.33019 -8.85676 -24.4281 -0.881285 40.7589 -23.772 4.62495 7.07455 4.54518 0 0 0 0.213832 2.76998 0 0 0 0 0 0.0332152 2.384 303 50 0 0 0
./complex_md-fit_866.pdb BC A 9.61245 32.4451 -7.33685 -6.95719 -9.68713 -24.0186 -0.850789 42.9787 -23.5855 3.16133 7.2916 4.06697 0 0 0 0.240758 2.72621 0 0 0 0 0 0.0230699 2.384 303 51 0 0 0
./complex_md-fit_867.pdb BC A 8.85866 29.5744 -10.3169 -8.68969 -10.6546 -25.336 -1.04429 43.0294 -25.3819 4.89613 7.85493 4.76229 0 0 0 0.170001 3.38171 0.0377446 0 0 0 0 0.0390915 2.384 303 50 1 1 0
./complex_md-fit_868.pdb BC A 8.41142 28.589 -6.17235 -6.34809 -8.87501 -24.2243 -0.86312 41.4035 -23.685 6.1285 6.57129 3.4725 0 0 0 0.247402 2.67316 0 0 0 0 0 2.22045e-16 2.384 303 52 2 2 0
./complex_md-fit_869.pdb BC A 7.84891 31.4871 -6.29721 -8.18129 -9.67204 -25.5979 -0.829705 43.7999 -25.7384 8.20003 7.77013 3.67164 0 0 0 0.280407 2.86425 -5.55112e-17 0 0 0 0 0 2.384 303 53 3 3 0
./complex_md-fit_86.pdb BC A 7.63498 28.2405 -3.75207 -4.18549 -4.77617 -22.0644 -0.805875 36.3775 -22.226 4.76992 6.33313 2.51877 0 0 0 0.320626 2.82191 -0.0140779 0 0 0 0 0 2.384 303 46 0 0 0
./complex_md-fit_870.pdb BC A 8.02639 28.2709 -7.86785 -8.59706 -8.76015 -24.2052 -0.922885 41.1581 -23.9839 6.43648 7.03561 3.79944 0 0 0 0.149409 3.73326 -1.11022e-16 0 0 0 0 0.0222257 2.384 303 53 3 3 0
./complex_md-fit_871.pdb BC A 10.5234 32.0492 -9.91691 -8.58452 -11.0161 -25.9428 -0.772126 46.3224 -24.8961 5.26186 7.83107 1.6749 0 0 0 0.16968 3.00038 -5.55112e-17 0 0 0 0 0.0347556 2.384 303 56 0 0 0
./complex_md-fit_872.pdb BC A 10.0581 28.6766 -11.0758 -10.1567 -9.08993 -25.2575 -0.946167 42.4809 -25.0461 4.31747 7.4443 4.90651 0 0 0 0.256541 3.02437 0 0 0 0 0 0.0148759 2.384 303 51 1 1 0
./complex_md-fit_873.pdb BC A 12.6232 37.6839 -7.7373 -9.13937 -11.1733 -26.3662 -1.08447 45.5329 -26.4333 6.98758 8.88373 4.33158 0 0 0 0.707833 2.91459 0 0 0 0 0 0.0157791 2.384 303 50 2 2 0
./complex_md-fit_874.pdb BC A 8.51041 25.6961 -8.06314 -8.70855 -8.47244 -25.059 -0.748255 44.0206 -25.0281 4.25265 7.30838 4.21335 0 0 0 0.127874 3.38353 0 0 0 0 0 0.0303367 2.384 303 54 1 1 0
./complex_md-fit_875.pdb BC A 7.15147 37.8334 -4.23153 -8.24447 -7.27328 -25.1983 -0.846302 44.1174 -24.9355 6.45384 6.87249 4.57816 0 0 0 0.175058 2.9589 0.0452382 0 0 0 0 0.0241565 2.384 303 53 2 2 0
./complex_md-fit_876.pdb BC A 9.80064 29.2858 -8.47811 -9.57124 -8.87717 -24.6896 -1.03002 42.3393 -24.3728 6.72041 6.99177 3.62024 0 0 0 0.345326 3.15523 0 0 0 0 0 0.0457136 2.384 303 53 1 1 0
./complex_md-fit_877.pdb BC A 10.0826 29.3148 -5.8247 -6.6653 -7.93626 -25.0659 -0.882645 43.3958 -24.8898 5.1258 7.95586 2.88054 0 0 0 0.245122 2.74388 0 0 0 0 0 0.0120984 2.384 303 52 2 2 0
./complex_md-fit_878.pdb BC A 6.34713 33.6726 -8.42797 -8.3344 -9.83845 -25.7877 -1.01742 45.8939 -24.6325 3.07985 8.46085 3.38588 0 0 0 0.313034 3.13888 0 0 0 0 0 0.0490446 2.384 303 49 0 0 0
./complex_md-fit_879.pdb BC A 10.701 29.9451 -8.67438 -8.54264 -9.75142 -25.4283 -0.905549 45.2428 -24.8696 3.61524 7.85869 3.86004 0 0 0 0.208357 3.42525 0 0 0 0 0 0.0380496 2.384 303 54 0 0 0
./complex_md-fit_87.pdb BC A 7.92929 33.9148 -8.63518 -6.58079 -7.55195 -21.2961 -0.925368 35.6714 -21.2632 4.34764 6.88241 1.94807 0 0 0 0.132728 2.20027 0 0 0 0 0 0 2.384 303 47 0 0 0
./complex_md-fit_880.pdb BC A 6.8533 36.1059 2.43056 -7.34113 -6.07667 -26.0807 -1.11461 47.4532 -25.414 9.22779 7.22924 4.21625 0 0 0 0.283653 3.419 0 0 0 0 0 0.0476228 2.384 303 55 3 3 0
./complex_md-fit_881.pdb BC A 7.12282 24.7707 -4.15697 -9.49092 -7.19357 -25.4329 -1.07431 44.5408 -25.0847 7.68308 8.04172 3.54975 0 0 0 0.269997 3.39773 0 0 0 0 0 0.0339913 2.384 303 49 2 2 0
./complex_md-fit_882.pdb BC A 7.87172 30.3731 -4.40451 -8.54594 -9.7168 -25.5628 -0.915705 44.0963 -25.0527 6.47931 9.12046 5.14259 0 0 0 0.530927 3.48075 -5.55112e-17 0 0 0 0 0.0198328 2.384 303 55 1 1 0
./complex_md-fit_883.pdb BC A 7.32192 30.4446 -5.91669 -10.0363 -7.6131 -25.0259 -1.17681 44.6349 -24.5041 4.95194 8.43452 4.22986 0 0 0 0.14112 3.33003 0 0 0 0 0 0.047229 2.384 303 54 1 1 0
./complex_md-fit_884.pdb BC A 7.96926 30.4061 -2.1495 -7.81114 -7.12193 -24.9609 -0.860429 45.6602 -23.9964 4.77524 8.6694 3.33996 0 0 0 0.107378 3.10299 0 0 0 0 0 0.0492233 2.384 303 53 0 0 0
./complex_md-fit_885.pdb BC A 10.1612 30.9957 -7.21683 -8.13129 -8.9936 -25.2285 -0.981035 43.2438 -24.9165 5.96978 7.89091 3.30952 0 0 0 0.620064 3.10782 -5.55112e-17 0 0 0 0 0 2.384 303 52 1 1 0
./complex_md-fit_886.pdb BC A 10.8699 31.2284 -7.04414 -7.34724 -9.30155 -24.532 -0.958553 42.8043 -23.9614 6.65623 7.20748 2.19262 0 0 0 0.145501 3.28378 2.22045e-16 0 0 0 0 0.0505228 2.384 303 49 1 1 0
./complex_md-fit_887.pdb BC A 7.59294 30.5586 -7.41193 -8.63319 -10.0376 -24.3136 -0.891201 41.9855 -24.083 4.8342 8.65212 4.88373 0 0 0 0.153192 2.82058 0.0379848 0 0 0 0 0 2.384 303 50 1 1 0
./complex_md-fit_888.pdb BC A 6.20786 29.7704 -10.8865 -9.38947 -9.65047 -24.5701 -0.872109 43.128 -24.1657 2.45168 9.06445 2.88222 0 0 0 0.208082 3.11889 0 0 0 0 0 0.0270036 2.384 303 51 0 0 0
./complex_md-fit_889.pdb BC A 9.44417 28.6401 -1.10087 -7.33552 -9.88805 -26.0357 -1.08116 47.7718 -25.1248 8.98012 8.57794 2.90279 0 0 0 0.0982189 3.63023 0 0 0 0 0 0.0335276 2.384 303 51 2 2 0
./complex_md-fit_88.pdb BC A 9.42273 27.6581 -4.83697 -6.84422 -4.21239 -22.1834 -0.831631 37.7646 -22.1915 2.84767 6.45587 3.92647 0 0 0 0.431615 2.50547 0 0 0 0 0 0 2.384 303 47 0 0 0
./complex_md-fit_890.pdb BC A 7.31134 30.7051 -2.20453 -9.27828 -8.68283 -25.1588 -1.01995 43.5476 -24.5778 8.97158 9.65228 3.82177 0 0 0 0.501447 2.97388 0 0 0 0 0 0.0184391 2.384 303 52 1 1 0
./complex_md-fit_891.pdb BC A 12.8241 31.483 -5.89145 -8.29533 -9.48488 -25.9968 -0.953503 46.423 -25.4374 5.83221 8.41922 3.48971 0 0 0 0.078745 3.68937 -2.77556e-17 0 0 0 0 0.033561 2.384 303 54 2 2 0
./complex_md-fit_892.pdb BC A 10.1907 26.9429 -6.42427 -8.58406 -10.2252 -25.2609 -1.15792 45.9503 -23.9479 5.58558 7.86292 3.10362 0 0 0 0.235541 3.1344 0 0 0 0 0 0.0137261 2.384 303 54 1 1 0
./complex_md-fit_893.pdb BC A 7.87615 31.4197 -5.78952 -7.81214 -8.20367 -24.5418 -0.959075 42.8327 -24.3734 4.97008 6.65257 5.36768 0 0 0 0.24505 2.77522 0 0 0 0 0 0.0324827 2.384 303 52 0 0 0
./complex_md-fit_894.pdb BC A 7.13108 30.5482 -6.40166 -8.96638 -10.1213 -26.9119 -1.02953 47.6597 -26.2205 6.62612 8.24252 4.19684 0 0 0 0.12274 2.9832 0 0 0 0 0 0 2.384 303 58 2 2 0
./complex_md-fit_895.pdb BC A 7.66188 26.6086 -6.75511 -8.67488 -10.0141 -24.8191 -1.14153 44.925 -24.4011 5.15349 7.78969 4.23312 0 0 0 0.194294 3.29513 -5.55112e-17 0 0 0 0 0 2.384 303 53 1 1 0
./complex_md-fit_896.pdb BC A 8.69495 32.3167 -5.17042 -8.27595 -9.76376 -25.4131 -1.13435 46.1078 -24.4978 5.74055 8.57476 3.22685 0 0 0 0.264643 2.99557 0 0 0 0 0 0 2.384 303 53 1 1 0
./complex_md-fit_897.pdb BC A 8.11256 37.4839 -6.69668 -9.03491 -10.1914 -25.3687 -0.960156 44.5668 -24.675 6.67227 8.45822 3.41118 0 0 0 0.406826 3.22441 1.11022e-16 0 0 0 0 0.0181072 2.384 303 53 1 1 0
./complex_md-fit_898.pdb BC A 10.6459 30.8514 -5.92608 -8.83933 -10.042 -25.5921 -1.08512 45.9294 -24.8497 6.11682 7.94015 4.19609 0 0 0 0.257769 2.88069 0 0 0 0 0 0.0418786 2.384 303 56 1 1 0
./complex_md-fit_899.pdb BC A 8.34268 30.7568 -12.8808 -11.794 -11.4326 -26.3104 -0.785163 46.1417 -25.9049 4.31548 9.58129 2.89014 0 0 0 0.377288 3.05972 -6.93889e-18 0 0 0 0 0.040423 2.384 303 54 0 0 0
./complex_md-fit_89.pdb BC A 11.9318 33.8032 -2.36366 -5.55752 -2.7958 -21.8027 -0.786848 36.2948 -22.3663 4.54022 5.59195 4.1233 0 0 0 0.395147 2.31072 1.38778e-17 0 0 0 0 0 2.384 303 46 0 0 0
./complex_md-fit_8.pdb BC A 9.82858 30.819 -13.2067 -11.0628 -9.40679 -25.9885 -0.760114 43.4244 -26.1452 2.28149 11.149 2.70832 0 0 0 0.593397 2.6195 0 0 0 0 0 0 2.384 303 51 0 0 0
./complex_md-fit_900.pdb BC A 9.39262 33.5712 -6.85543 -9.03634 -9.22487 -25.359 -0.918695 45.098 -24.576 5.26904 7.99496 3.65934 0 0 0 0.187148 2.72033 0 0 0 0 0 0.0510173 2.384 303 51 1 1 0
./complex_md-fit_901.pdb BC A 8.1515 30.7805 -10.2957 -9.25911 -10.6871 -25.5883 -0.92329 44.8295 -25.1589 3.71063 8.65259 3.4385 0 0 0 0.645319 3.57217 0 0 0 0 0 0.0443376 2.384 303 53 1 1 0
./complex_md-fit_902.pdb BC A 8.79174 32.6399 -8.8912 -8.70916 -8.7622 -26.1616 -0.862071 45.8636 -25.2763 2.36728 8.48351 4.03269 0 0 0 0.127867 2.9556 0 0 0 0 0 0.00523921 2.384 303 51 0 0 0
./complex_md-fit_903.pdb BC A 9.37361 25.1863 -6.56984 -9.57632 -10.4638 -25.6454 -1.0684 47.2829 -24.8124 5.50373 9.30882 2.75386 0 0 0 0.108044 3.07104 -5.55112e-17 0 0 0 0 0.0391278 2.384 303 55 1 1 0
./complex_md-fit_904.pdb BC A 9.67101 23.8226 -8.65847 -8.93307 -10.7388 -25.5799 -0.990263 46.5824 -25.0048 4.68221 6.67153 4.32241 0 0 0 0.281854 2.95915 -1.11022e-16 0 0 0 0 0.0478907 2.384 303 54 1 1 0
./complex_md-fit_905.pdb BC A 7.82127 35.2921 -7.11922 -9.49529 -9.89765 -26.5415 -1.09324 47.0677 -25.8783 6.56478 7.96172 3.66915 0 0 0 0.477238 4.60377 0 0 0 0 0 0.0460979 2.384 303 52 1 1 0
./complex_md-fit_906.pdb BC A 6.35825 31.1704 -5.8245 -9.47079 -8.73501 -25.3975 -0.781859 44.6337 -24.6496 6.93924 8.44421 3.02327 0 0 0 0.152049 2.68066 -0.00943828 0 0 0 0 0.0272312 2.384 303 53 2 2 0
./complex_md-fit_907.pdb BC A 7.01394 38.9115 -9.40785 -9.35995 -9.14776 -25.0644 -1.03143 42.9969 -24.6819 5.05398 8.29142 3.16022 0 0 0 0.327632 4.07834 0 0 0 0 0 0.0473537 2.384 303 53 1 1 0
./complex_md-fit_908.pdb BC A 7.87691 25.8999 -8.40794 -9.77269 -8.37385 -25.1639 -1.05599 43.4178 -24.281 4.13479 8.50307 4.08206 0 0 0 0.0554051 2.81463 0 0 0 0 0 0.0463379 2.384 303 56 0 0 0
./complex_md-fit_909.pdb BC A 7.50357 41.1491 -12.8042 -9.52704 -9.69601 -24.2644 -0.989593 41.5354 -23.7889 3.08162 6.99013 3.50728 0 0 0 0.306332 2.85028 0 0 0 0 0 0.040924 2.384 303 53 0 0 0
./complex_md-fit_90.pdb BC A 8.03835 33.6832 -9.28388 -7.18007 -7.61328 -22.5997 -0.864305 36.8547 -22.8756 3.97521 7.75895 3.06548 0 0 0 0.194772 2.11575 -2.77556e-17 0 0 0 0 0 2.384 303 46 1 1 0
./complex_md-fit_910.pdb BC A 8.80698 38.707 -14.6218 -8.2597 -8.52348 -24.965 -0.915371 40.1297 -24.8511 2.14393 6.88288 3.12949 0 0 0 0.555553 2.47345 0 0 0 0 0 0.0513698 2.384 303 48 0 0 0
./complex_md-fit_911.pdb BC A 8.76859 29.0282 -7.25577 -5.9659 -7.96255 -23.7667 -0.78934 41.5964 -23.0261 4.13821 5.9829 2.07792 0 0 0 0.428607 2.76548 -1.11022e-16 0 0 0 0 0.0307744 2.384 303 49 0 0 0
./complex_md-fit_912.pdb BC A 5.44592 35.4222 -6.1754 -7.97829 -5.09724 -24.2308 -0.789668 41.5802 -23.9468 4.3417 6.71123 2.94241 0 0 0 0.262927 2.91328 0 0 0 0 0 0.0288519 2.384 303 50 1 1 0
./complex_md-fit_913.pdb BC A 6.89035 31.9635 -10.6402 -8.61241 -8.20219 -24.7618 -0.964105 43.4512 -24.1672 2.22154 6.68456 3.38143 0 0 0 0.290163 3.06446 0 0 0 0 0 0.0385842 2.384 303 55 0 0 0
./complex_md-fit_914.pdb BC A 6.81526 33.9006 -3.7088 -6.75375 -6.13415 -24.2242 -0.921915 43.793 -23.2363 4.97237 6.50801 2.11966 0 0 0 0.135756 3.12063 0 0 0 0 0 0.032707 2.384 303 53 1 1 0
./complex_md-fit_915.pdb BC A 7.39264 32.2864 -6.05142 -7.72411 -8.22642 -25.1623 -0.90044 44.1794 -24.5821 5.24972 6.842 4.02956 0 0 0 0.192464 2.46145 -2.77556e-17 0 0 0 0 0.0508528 2.384 303 55 0 0 0
./complex_md-fit_916.pdb BC A 7.44859 33.316 -5.29094 -8.80419 -5.76144 -23.5948 -0.855506 40.9812 -23.3357 4.77976 7.09357 3.96948 0 0 0 0.211603 3.62976 0 0 0 0 0 0.0250755 2.384 303 50 0 0 0
./complex_md-fit_917.pdb BC A 7.49739 33.3436 -7.78936 -9.56536 -7.74702 -25.4148 -0.95554 43.9859 -24.7974 5.06679 6.88541 4.19395 0 0 0 0.513308 2.78629 0 0 0 0 0 0.0453377 2.384 303 52 1 1 0
./complex_md-fit_918.pdb BC A 8.65541 24.2551 -10.3374 -8.34597 -8.25623 -24.1199 -0.729721 42.0688 -23.4231 2.69739 6.27909 3.1242 0 0 0 0.348544 3.31568 0 0 0 0 0 0.0193927 2.384 303 50 0 0 0
./complex_md-fit_919.pdb BC A 6.76771 25.2815 -6.48409 -6.94361 -7.64046 -24.4706 -0.89017 42.695 -23.6708 4.76056 5.88934 3.67599 0 0 0 0.0947777 2.86446 0 0 0 0 0 0.0159609 2.384 303 49 1 1 0
./complex_md-fit_91.pdb BC A 7.13839 33.9284 1.18683 -4.63109 -5.46171 -22.5156 -0.926623 39.2826 -22.3816 7.92643 6.57631 3.00433 0 0 0 0.270696 2.18712 0.0307003 0 0 0 0 0.0123336 2.384 303 47 1 1 0
./complex_md-fit_920.pdb BC A 8.7833 35.6656 -11.4393 -7.41733 -8.68514 -24.9482 -0.934097 43.4695 -24.1082 1.79947 6.47934 2.33577 0 0 0 0.529041 2.73206 0 0 0 0 0 0.0405341 2.384 303 54 0 0 0
./complex_md-fit_921.pdb BC A 7.84626 32.9586 -7.82457 -6.77778 -8.92919 -23.9213 -0.992286 41.292 -22.677 3.42398 7.22766 3.17301 0 0 0 0.356337 3.10306 0 0 0 0 0 0 2.384 303 51 0 0 0
./complex_md-fit_922.pdb BC A 7.9176 32.5762 -7.54706 -9.73163 -6.3598 -23.4741 -0.928225 41.4463 -22.3623 3.40111 6.3251 3.98498 0 0 0 0.10264 2.59883 1.38778e-17 0 0 0 0 0.0488322 2.384 303 50 0 0 0
./complex_md-fit_923.pdb BC A 11.7403 26.8353 -6.7478 -7.83473 -7.33255 -24.4746 -1.13693 43.2348 -23.5116 5.40404 6.22231 2.44371 0 0 0 0.226181 3.61901 0 0 0 0 0 0.0116649 2.384 303 51 1 1 0
./complex_md-fit_924.pdb BC A 8.34497 32.3041 -4.27295 -6.2736 -6.6073 -23.9899 -0.861848 41.5105 -23.4355 3.36623 7.49292 4.12679 0 0 0 0.32534 2.61767 0.039998 0 0 0 0 0.0334699 2.384 303 51 1 1 0
./complex_md-fit_925.pdb BC A 6.1924 32.9915 -10.0977 -7.59546 -9.4206 -24.0386 -0.861174 42.1691 -23.6567 3.21883 6.80436 2.79387 0 0 0 0.438625 2.72367 0 0 0 0 0 0.0499242 2.384 303 52 0 0 0
./complex_md-fit_926.pdb BC A 9.18406 27.7581 -4.52447 -5.4612 -8.12862 -22.6653 -1.06217 39.8807 -21.808 5.33514 6.91152 2.40541 0 0 0 0.0680964 2.48315 0 0 0 0 0 0 2.384 303 50 1 1 0
./complex_md-fit_927.pdb BC A 9.31 35.7128 -9.82864 -8.76333 -8.1128 -23.6948 -1.07689 41.2823 -22.8272 2.50878 6.88963 3.68037 0 0 0 0.265287 2.7894 -5.55112e-17 0 0 0 0 0.0199891 2.384 303 51 0 0 0
./complex_md-fit_928.pdb BC A 7.51746 36.3933 -8.3377 -7.0767 -6.41597 -23.8457 -0.990598 40.6151 -23.4062 3.49082 6.68837 1.79019 0 0 0 0.813042 2.57525 -1.11022e-16 0 0 0 0 0 2.384 303 51 0 0 0
./complex_md-fit_929.pdb BC A 9.80473 27.7499 -7.96402 -5.70515 -8.66853 -23.0971 -0.865933 40.2954 -22.4321 2.25073 7.38809 2.72739 0 0 0 0.107245 2.69859 0 0 0 0 0 0.0359172 2.384 303 52 0 0 0
./complex_md-fit_92.pdb BC A 6.83293 36.0713 -9.20842 -8.83796 -6.02226 -22.8225 -0.877038 37.988 -23.2009 4.05806 6.7214 3.45164 0 0 0 0.343859 2.63871 -0.010747 0 0 0 0 0 2.384 303 42 0 0 0
./complex_md-fit_930.pdb BC A 7.91932 28.2898 -11.8027 -7.8402 -8.06477 -22.514 -0.90198 37.9688 -22.1173 1.866 6.5716 2.99354 0 0 0 0.190111 2.74188 -5.55112e-17 0 0 0 0 0.045425 2.384 303 53 0 0 0
./complex_md-fit_931.pdb BC A 7.41273 31.3507 -7.2616 -9.89508 -7.15115 -24.9237 -1.00316 43.8719 -24.3032 4.38376 7.52112 3.79382 0 0 0 0.396752 2.92376 0 0 0 0 0 0.0473201 2.384 303 57 1 1 0
./complex_md-fit_932.pdb BC A 10.6793 28.1329 -11.1096 -10.9263 -9.38276 -25.2624 -1.05558 42.5533 -25.2608 3.44142 8.99754 5.50751 0 0 0 0.249348 3.19592 0 0 0 0 0 0.0291093 2.384 303 54 0 0 0
./complex_md-fit_933.pdb BC A 7.64157 24.9649 -5.1119 -9.39136 -7.13484 -24.9761 -1.08539 44.0433 -23.8975 5.56774 8.27677 3.23922 0 0 0 0.223905 2.50929 0 0 0 0 0 0.0223115 2.384 303 53 1 1 0
./complex_md-fit_934.pdb BC A 7.72884 25.6119 -4.59647 -8.86022 -8.30713 -25.1933 -1.01817 44.9042 -23.7798 5.04793 8.25766 4.09752 0 0 0 0.225327 2.73904 0 0 0 0 0 0.0294984 2.384 303 55 0 0 0
./complex_md-fit_935.pdb BC A 9.90746 33.8351 -6.47259 -9.66117 -10.1736 -25.2092 -1.10174 44.6335 -24.1877 5.17407 9.37364 4.58602 0 0 0 0.0599391 2.97497 0 0 0 0 0 0.0336809 2.384 303 54 1 1 0
./complex_md-fit_936.pdb BC A 9.25696 30.0856 -4.35985 -9.75033 -10.2628 -24.8644 -1.03593 43.1247 -23.7334 7.95791 9.31174 4.36617 0 0 0 0.486766 2.74175 0 0 0 0 0 0.0397261 2.384 303 53 0 0 0
./complex_md-fit_937.pdb BC A 9.08592 25.3217 -6.45209 -7.20493 -14.7064 -23.9557 -1.0889 44.449 -22.6656 6.14966 9.80912 2.53487 0 0 0 0.171829 2.71313 0.0101451 0 0 0 0 0.0447893 2.384 303 56 0 0 0
./complex_md-fit_938.pdb BC A 6.58634 39.961 -3.43256 -7.6287 -10.4859 -24.422 -0.97467 44.3085 -23.506 4.99394 10.1517 3.96825 0 0 0 0.116719 3.33821 0 0 0 0 0 0.0455732 2.384 303 55 1 1 0
./complex_md-fit_939.pdb BC A 8.19679 30.7386 -5.75116 -8.6853 -10.6222 -24.3512 -1.0474 42.7017 -23.4215 7.3352 8.82739 3.20431 0 0 0 0.256713 2.56154 -1.66533e-16 0 0 0 0 0.0511982 2.384 303 53 1 1 0
./complex_md-fit_93.pdb BC A 7.4074 32.6143 -2.88821 -5.72188 -8.06916 -22.1907 -1.0601 38.8278 -22.1486 6.55461 6.89751 3.73119 0 0 0 0.1938 3.5553 0.0973047 0 0 0 0 0 2.384 303 48 1 1 0
./complex_md-fit_940.pdb BC A 12.7888 32.7538 -2.20011 -10.2222 -12.8917 -26.5748 -1.05663 48.3247 -24.7045 8.527 11.334 4.69114 0 0 0 0.364455 3.428 -0.00108003 0 0 0 0 0.00948714 2.384 303 56 2 2 0
./complex_md-fit_941.pdb BC A 7.04751 32.0249 -4.51413 -8.54869 -9.77255 -25.5806 -0.88291 45.2011 -24.4635 6.59837 8.68432 3.98981 0 0 0 0.260574 3.25716 -1.38778e-17 0 0 0 0 0 2.384 303 55 0 0 0
./complex_md-fit_942.pdb BC A 10.1062 25.4848 -6.51441 -7.07215 -10.541 -25.074 -0.891478 42.5197 -24.3972 5.59089 10.1491 3.0439 0 0 0 0.119235 3.70293 0 0 0 0 0 0.0385041 2.384 303 55 1 1 0
./complex_md-fit_943.pdb BC A 6.40209 37.4998 -13.2444 -10.7157 -14.9363 -26.47 -0.950995 46.9231 -24.7515 4.57518 9.69467 2.94116 0 0 0 0.405719 2.90551 0 0 0 0 0 0.040226 2.384 303 56 0 0 0
./complex_md-fit_944.pdb BC A 8.98587 40.0862 -7.95718 -8.54682 -13.9666 -24.8406 -0.990334 43.9341 -23.5951 4.85444 11.0296 3.96204 0 0 0 0.194681 2.71819 0.00736956 0 0 0 0 0 2.384 303 55 0 0 0
./complex_md-fit_945.pdb BC A 9.87387 35.4372 -5.88074 -9.81164 -10.7438 -24.8196 -1.06948 43.9358 -23.2256 7.42144 8.73232 3.34269 0 0 0 0.319457 3.06202 -1.11022e-16 0 0 0 0 0.0376589 2.384 303 52 1 1 0
./complex_md-fit_946.pdb BC A 7.16798 38.0438 0.871536 -9.53 -8.46757 -26.9318 -1.21107 48.6532 -25.1764 9.71552 9.49341 4.01625 0 0 0 0.289135 2.88082 0 0 0 0 0 0.0209133 2.384 303 55 2 2 0
./complex_md-fit_947.pdb BC A 6.51739 31.026 -1.75703 -7.47238 -11.7757 -25.5831 -1.15219 46.4739 -23.9495 8.3783 8.78994 4.39036 0 0 0 0.0976204 3.54544 0 0 0 0 0 0.0456901 2.384 303 54 1 1 0
./complex_md-fit_948.pdb BC A 6.90181 32.506 -6.41077 -8.73683 -13.4228 -26.5722 -1.14217 47.2805 -25.0567 7.02528 9.48896 4.45484 0 0 0 0.22116 3.04729 0 0 0 0 0 0.0491053 2.384 303 56 0 0 0
./complex_md-fit_949.pdb BC A 7.47218 35.6393 1.05407 -8.59406 -10.9643 -25.8137 -0.995426 47.8738 -24.0867 8.88132 10.3354 3.97698 0 0 0 0.440774 2.56808 0 0 0 0 0 0 2.384 303 53 2 2 0
./complex_md-fit_94.pdb BC A 8.66413 31.9722 -6.7749 -6.44614 -6.3224 -20.5605 -1.00193 33.881 -20.7979 4.84449 6.71695 2.83456 0 0 0 0.0769288 2.61547 0 0 0 0 0 0 2.384 303 45 0 0 0
./complex_md-fit_950.pdb BC A 7.9721 29.8726 -4.71684 -9.08424 -12.2486 -25.984 -1.20095 45.5178 -25.2249 8.07189 11.0192 4.28574 0 0 0 0.103791 3.28056 0 0 0 0 0 0.0274433 2.384 303 53 1 1 0
./complex_md-fit_951.pdb BC A 8.24306 32.879 -8.80061 -8.84257 -10.8434 -24.7549 -1.10725 42.6815 -23.882 4.88704 8.84743 4.08968 0 0 0 0.0756429 3.81428 0 0 0 0 0 0.0482874 2.384 303 57 0 0 0
./complex_md-fit_952.pdb BC A 8.0654 26.3241 -8.27881 -7.53429 -12.9161 -26.0557 -0.93111 45.7217 -25.0566 4.35766 9.31692 4.28104 0 0 0 0.531799 2.80281 0 0 0 0 0 0.00599 2.384 303 53 0 0 0
./complex_md-fit_953.pdb BC A 9.92731 28.1285 -3.65852 -9.04904 -8.70794 -25.5902 -0.923433 45.5226 -24.7029 7.06586 9.16939 3.45388 0 0 0 0.0648324 2.87853 0 0 0 0 0 0.0385139 2.384 303 57 1 1 0
./complex_md-fit_954.pdb BC A 11.9165 35.4898 -9.18699 -9.99632 -14.1496 -26.3005 -1.1045 47.8233 -24.485 6.20865 9.22582 3.09233 0 0 0 0.471656 3.34361 0 0 0 0 0 0.0271804 2.384 303 54 0 0 0
./complex_md-fit_955.pdb BC A 6.56623 26.9881 -3.72405 -9.51345 -11.1493 -25.6962 -1.01835 46.223 -23.9697 7.49275 9.45838 4.03155 0 0 0 0.389056 3.33235 -0.0102247 0 0 0 0 0.0384755 2.384 303 53 0 0 0
./complex_md-fit_956.pdb BC A 7.60242 35.0409 0.874185 -10.0072 -10.3734 -26.363 -1.06868 48.8532 -25.0364 9.53761 11.338 3.73942 0 0 0 0.222171 2.61851 -0.0133084 0 0 0 0 0.0457085 2.384 303 54 1 1 0
./complex_md-fit_957.pdb BC A 10.5825 30.0025 -11.2756 -9.10138 -15.5214 -26.2232 -1.01084 47.9488 -25.0917 2.72872 10.4873 3.94658 0 0 0 0.561591 2.69406 0 0 0 0 0 0 2.384 303 56 0 0 0
./complex_md-fit_958.pdb BC A 8.33878 30.9233 -5.91359 -9.53288 -12.3059 -26.4559 -1.03399 48.8419 -25.0366 5.06231 10.2498 3.94566 0 0 0 0.312846 2.79398 -5.55112e-17 0 0 0 0 0.0391368 2.384 303 54 0 0 0
./complex_md-fit_959.pdb BC A 5.83172 29.1461 -4.59567 -9.05322 -13.277 -25.9953 -1.12556 48.1808 -24.3306 8.49587 8.79325 3.5157 0 0 0 0.176158 2.89529 0 0 0 0 0 0.0242917 2.384 303 53 0 0 0
./complex_md-fit_95.pdb BC A 6.90716 27.7795 -8.40698 -7.24803 -6.82855 -21.0573 -0.857994 35.2174 -20.8662 3.56011 6.77747 2.58312 0 0 0 0.23224 2.57464 0.0807392 0 0 0 0 0 2.384 303 49 0 0 0
./complex_md-fit_960.pdb BC A 8.15341 33.5183 -12.6325 -10.841 -11.0466 -24.9824 -1.01622 43.5528 -24.2687 3.59926 8.41972 3.79343 0 0 0 0.136307 2.83961 0 0 0 0 0 0.0208227 2.384 303 51 0 0 0
./complex_md-fit_961.pdb BC A 7.20136 32.0114 -5.98859 -8.59532 -9.55313 -25.4875 -0.847073 44.7277 -24.726 4.74734 9.05341 3.93987 0 0 0 0.709148 2.67561 0 0 0 0 0 0.0429334 2.384 303 49 1 1 0
./complex_md-fit_962.pdb BC A 8.01569 32.5107 -11.4958 -9.3673 -13.0168 -25.0482 -1.14957 43.5872 -23.9664 4.48024 8.9142 3.7898 0 0 0 0.244372 2.87726 0 0 0 0 0 0.0366587 2.384 303 52 0 0 0
./complex_md-fit_963.pdb BC A 8.86531 33.26 -2.72586 -9.23824 -9.59671 -25.4415 -1.03729 45.0436 -23.9687 7.84042 8.98093 4.43822 0 0 0 0.205094 2.77986 -2.77556e-17 0 0 0 0 0.0483194 2.384 303 53 1 1 0
./complex_md-fit_964.pdb BC A 9.76686 39.1779 -14.103 -11.642 -15.3854 -26.6297 -1.19959 47.6986 -25.0983 3.48856 11.4582 2.92924 0 0 0 0.252734 2.94805 2.77556e-17 0 0 0 0 0.0247326 2.384 303 57 0 0 0
./complex_md-fit_965.pdb BC A 7.92086 35.0674 -3.97961 -8.17887 -8.95709 -24.9236 -0.913932 46.004 -23.781 4.57752 8.17847 3.82688 0 0 0 0.0854005 3.24823 0.0523103 0 0 0 0 0.0502381 2.384 303 54 1 1 0
./complex_md-fit_966.pdb BC A 10.1886 40.6354 -10.4869 -9.99857 -12.9188 -24.9542 -1.05397 43.9822 -23.0915 4.9679 8.25866 4.07564 0 0 0 0.210242 2.71204 5.55112e-17 0 0 0 0 0.0355205 2.384 303 53 1 1 0
./complex_md-fit_967.pdb BC A 5.33274 32.3902 -9.26648 -8.40735 -13.1617 -24.5811 -1.07162 43.3922 -23.2663 5.72734 8.69477 2.83005 0 0 0 0.540314 3.01744 0 0 0 0 0 0.036936 2.384 303 57 0 0 0
./complex_md-fit_968.pdb BC A 7.33941 33.0916 -4.16296 -7.97979 -9.80918 -23.5822 -0.961076 42.9344 -22.0784 4.84502 8.19956 3.64719 0 0 0 0.571054 2.69939 0 0 0 0 0 0.0505228 2.384 303 52 0 0 0
./complex_md-fit_969.pdb BC A 7.03867 29.0717 -2.28816 -8.58955 -10.6933 -24.7346 -0.982468 44.1967 -23.1577 7.09016 10.1586 4.16591 0 0 0 0.234289 3.01685 0 0 0 0 0 0.0239234 2.384 303 52 0 0 0
./complex_md-fit_96.pdb BC A 7.67385 36.6165 -5.98872 -6.91139 -4.04375 -20.7321 -0.927202 34.1591 -21.1348 3.72031 6.10945 3.38237 0 0 0 0.340354 2.3024 0.0489908 0 0 0 0 0 2.384 303 43 1 1 0
./complex_md-fit_970.pdb BC A 8.34434 29.0521 -0.663456 -10.3894 -8.26468 -24.6306 -1.00638 44.1363 -23.2296 9.25257 9.69669 3.23635 0 0 0 0.486293 2.71879 -2.77556e-17 0 0 0 0 0.0489384 2.384 303 52 2 2 0
./complex_md-fit_971.pdb BC A 7.8778 36.0427 -4.86964 -10.755 -12.3539 -24.0282 -1.14094 42.9652 -22.3628 7.65055 10.2408 4.47433 0 0 0 0.407803 3.13193 0 0 0 0 0 0.0324902 2.384 303 52 1 1 0
./complex_md-fit_972.pdb BC A 6.55278 33.953 -10.0195 -9.33608 -13.7385 -26.1666 -1.19861 46.7551 -24.7772 3.92421 11.3372 2.99317 0 0 0 0.177374 3.2433 2.77556e-17 0 0 0 0 0.0103847 2.384 303 55 0 0 0
./complex_md-fit_973.pdb BC A 8.3307 36.5279 -8.7509 -8.80507 -14.6076 -25.9763 -1.24383 46.9865 -24.4246 4.28523 10.8182 4.0102 0 0 0 0.181235 2.80113 0 0 0 0 0 0.0252168 2.384 303 56 0 0 0
./complex_md-fit_974.pdb BC A 6.86816 32.2781 -13.3588 -11.4597 -12.02 -25.1425 -0.953442 44.1925 -23.9251 2.89355 8.89819 3.82516 0 0 0 0.293601 3.00595 0 0 0 0 0 0.0390972 2.384 303 58 0 0 0
./complex_md-fit_975.pdb BC A 7.11522 39.7578 -11.0309 -9.82087 -11.2492 -24.6018 -1.11845 43.5055 -23.3938 2.93168 8.67515 3.79168 0 0 0 0.201164 2.75422 0 0 0 0 0 0.0481262 2.384 303 58 0 0 0
./complex_md-fit_976.pdb BC A 8.86634 39.224 -5.38059 -8.72611 -11.9873 -24.9105 -1.23423 45.2926 -22.8279 4.79913 9.93312 4.09098 0 0 0 0.189599 2.96294 0 0 0 0 0 0 2.384 303 53 0 0 0
./complex_md-fit_977.pdb BC A 10.3336 26.4377 -2.47402 -6.56906 -7.79858 -23.0675 -0.886966 40.7591 -22.6703 5.55726 8.23008 3.81212 0 0 0 0.15987 2.68741 0 0 0 0 0 0 2.384 303 53 2 2 0
./complex_md-fit_978.pdb BC A 8.36973 35.9805 -3.82569 -9.95213 -9.51875 -25.1155 -0.915484 46.5759 -23.6189 6.81281 9.47169 1.97629 0 0 0 0.458328 3.79314 5.55112e-17 0 0 0 0 0 2.384 303 53 2 2 0
./complex_md-fit_979.pdb BC A 9.58636 27.2551 -9.18395 -7.92788 -8.75374 -24.3364 -1.07319 41.8189 -23.1003 1.2864 8.53012 3.95363 0 0 0 0.371243 2.83038 0 0 0 0 0 0.0472587 2.384 303 51 0 0 0
./complex_md-fit_97.pdb BC A 7.84786 33.2812 -11.6092 -8.22795 -6.79536 -22.1205 -0.926701 36.5734 -22.6526 1.48237 8.22458 2.75038 0 0 0 0.0929251 1.95645 -0.00968981 0 0 0 0 0 2.384 303 49 0 0 0
./complex_md-fit_980.pdb BC A 10.6833 31.5381 -5.81688 -7.25416 -8.10217 -24.1542 -0.956103 42.5103 -23.3932 3.85812 8.27639 3.12075 0 0 0 0.24322 3.1051 0 0 0 0 0 0.034158 2.384 303 52 0 0 0
./complex_md-fit_981.pdb BC A 8.52945 27.7614 -7.23981 -9.80714 -12.2948 -24.6393 -1.24502 43.7373 -23.0567 5.95475 9.07172 4.67585 0 0 0 0.326032 3.27772 1.11022e-16 0 0 0 0 0.0375717 2.384 303 52 1 1 0
./complex_md-fit_982.pdb BC A 9.04437 29.9887 -3.72394 -8.63385 -13.1223 -24.9425 -1.08977 45.3003 -23.3528 7.04478 10.7361 3.49077 0 0 0 0.79952 2.97041 5.55112e-17 0 0 0 0 0.0456894 2.384 303 60 2 2 0
./complex_md-fit_983.pdb BC A 9.05454 30.21 -4.19186 -8.27781 -11.5008 -25.1018 -0.94636 45.6813 -23.2477 5.92245 10.0074 2.9931 0 0 0 0.261177 3.18495 -0.0154055 0 0 0 0 0.0326695 2.384 303 59 0 0 0
./complex_md-fit_984.pdb BC A 6.91611 28.264 -7.8407 -8.79702 -9.73567 -25.3301 -0.94949 43.3065 -24.0861 4.2016 8.8807 4.45644 0 0 0 0.162362 3.02271 0 0 0 0 0 0.0500533 2.384 303 56 0 0 0
./complex_md-fit_985.pdb BC A 8.40004 32.0647 -5.52351 -9.75764 -11.9653 -25.0943 -1.04591 44.4706 -23.441 6.58815 10.463 4.049 0 0 0 0.184409 3.31431 0 0 0 0 0 0.0253632 2.384 303 54 1 1 0
./complex_md-fit_986.pdb BC A 11.9484 26.1925 -5.56417 -9.92697 -9.46265 -23.8979 -0.969133 42.0915 -22.196 4.014 9.55505 4.95756 0 0 0 0.237881 3.01219 0 0 0 0 0 0.0324819 2.384 303 53 1 1 0
./complex_md-fit_987.pdb BC A 7.03814 33.1568 -7.72473 -10.414 -12.8083 -24.3499 -1.02429 43.1177 -22.9458 5.3313 10.5512 4.14212 0 0 0 0.657232 2.92122 -2.77556e-17 0 0 0 0 0.0180443 2.384 303 53 0 0 0
./complex_md-fit_988.pdb BC A 9.02848 28.9251 -7.34629 -9.12223 -10.6849 -25.4197 -1.06076 44.9272 -23.8422 2.90841 9.73051 4.76585 0 0 0 0.416026 2.97873 -1.11022e-16 0 0 0 0 0.0355619 2.384 303 58 0 0 0
./complex_md-fit_989.pdb BC A 8.16766 28.3787 -3.33213 -9.414 -10.9623 -25.0817 -1.23615 46.2634 -23.4306 6.53696 10.5863 3.27271 0 0 0 0.112249 3.16337 0 0 0 0 0 0.0210342 2.384 303 56 1 1 0
./complex_md-fit_98.pdb BC A 7.24955 29.3664 -5.24757 -7.1062 -6.55808 -21.8483 -0.982007 36.3052 -22.1416 6.62698 7.92663 2.18286 0 0 0 0.346933 2.4865 0 0 0 0 0 0 2.384 303 47 1 1 0
./complex_md-fit_990.pdb BC A 6.93269 34.5096 -7.50688 -9.58267 -11.086 -25.3264 -1.16488 44.6614 -23.9056 5.56056 9.74594 3.364 0 0 0 0.220987 2.65712 0 0 0 0 0 0.00580152 2.384 303 59 1 1 0
./complex_md-fit_991.pdb BC A 8.58457 30.8928 -13.0413 -10.3353 -15.5348 -25.627 -1.03855 44.975 -23.9574 3.41493 10.0422 4.60505 0 0 0 0.367821 3.55322 0 0 0 0 0 0.0468137 2.384 303 59 0 0 0
./complex_md-fit_992.pdb BC A 8.71721 33.1495 -4.72631 -8.88875 -11.4669 -25.3617 -1.12776 45.1446 -24.1112 6.37022 9.68389 4.92154 0 0 0 0.109764 2.90545 1.11022e-16 0 0 0 0 0 2.384 303 56 1 1 0
./complex_md-fit_993.pdb BC A 9.16416 35.2039 -3.56088 -8.4733 -11.163 -24.6697 -0.740684 44.46 -22.5785 7.11815 7.91243 3.88398 0 0 0 0.6474 3.51577 2.08167e-17 0 0 0 0 0.0423333 2.384 303 52 1 1 0
./complex_md-fit_994.pdb BC A 7.33332 33.5289 -5.90111 -10.4213 -10.0666 -24.0711 -1.1606 43.7744 -22.3862 3.34742 9.41822 5.54769 0 0 0 0.0802 2.8189 0.00780109 0 0 0 0 0.0290704 2.384 303 55 0 0 0
./complex_md-fit_995.pdb BC A 8.98069 37.1836 -6.6817 -9.90855 -9.3443 -25.0357 -1.16054 44.7831 -23.4658 4.46399 9.36708 3.38216 0 0 0 0.197783 2.87873 0 0 0 0 0 0.0391251 2.384 303 55 1 1 0
./complex_md-fit_996.pdb BC A 7.22769 33.2009 -12.7415 -11.238 -16.088 -25.6139 -1.13098 45.2422 -24.0141 3.45505 11.1959 5.03156 0 0 0 0.414826 3.02489 0 0 0 0 0 0.00404852 2.384 303 58 0 0 0
./complex_md-fit_997.pdb BC A 8.80212 29.5722 -10.4517 -9.59523 -12.5613 -24.0541 -1.13363 43.0099 -22.4718 3.1006 9.27067 3.63609 0 0 0 0.291647 2.94352 0 0 0 0 0 0.055492 2.384 303 56 0 0 0
./complex_md-fit_998.pdb BC A 7.93517 34.1205 -3.90156 -7.4924 -13.1813 -25.4717 -1.1674 46.2748 -24.1362 7.98945 10.1865 2.63054 0 0 0 0.427558 4.14009 0 0 0 0 0 0.0386121 2.384 303 56 1 1 0
./complex_md-fit_999.pdb BC A 11.1561 29.3598 -0.0171802 -6.92986 -7.00898 -24.731 -0.995865 44.1223 -23.6737 5.35935 9.11191 4.53792 0 0 0 0.190796 2.99506 0 0 0 0 0 0 2.384 303 54 1 1 0
./complex_md-fit_99.pdb BC A 6.17566 28.5739 -13.9001 -8.30724 -8.58183 -20.5337 -0.958675 33.044 -20.7246 1.97967 6.20479 3.767 0 0 0 0.210394 1.97106 0 0 0 0 0 0 2.384 303 41 0 0 0
./complex_md-fit_9.pdb BC A 9.21007 30.2714 -2.21073 -6.45835 -6.47372 -24.9909 -0.779548 42.9745 -25.1365 4.68848 8.83271 4.87755 0 0 0 0.243356 4.01709 -0.0198021 0 0 0 0 0.031528 2.384 303 52 0 0 0
